season,match_round,match_home_team,match_away_team,player_id,player_first_name,player_last_name,guernsey_number,brownlow_votes_prediction
2026,0,Sydney,Carlton,12847,Joel,Amartey,36,
2026,0,Sydney,Carlton,13182,Riley,Bice,26,
2026,0,Sydney,Carlton,12699,Nick,Blakey,22,
2026,0,Sydney,Carlton,13117,Charlie,Curnow,35,
2026,0,Sydney,Carlton,12223,Brodie,Grundy,4,
2026,0,Sydney,Carlton,12864,Errol,Gulden,21,
2026,0,Sydney,Carlton,12331,Isaac,Heeney,5,
2026,0,Sydney,Carlton,12853,James,Jordon,17,
2026,0,Sydney,Carlton,12275,Jake,Lloyd,44,
2026,0,Sydney,Carlton,12634,Tom,McCartin,30,
2026,0,Sydney,Carlton,12864,Logan,McDonald,6,
2026,0,Sydney,Carlton,12711,Justin,McInerney,27,
2026,0,Sydney,Carlton,12533,Lewis,Melican,43,
2026,0,Sydney,Carlton,12418,Callum,Mills,14,
2026,0,Sydney,Carlton,12419,Tom,Papley,11,
2026,0,Sydney,Carlton,12148,Dane,Rampe,24,
2026,0,Sydney,Carlton,12993,Matt,Roberts,34,
2026,0,Sydney,Carlton,12475,Malcolm,Rosas,10,
2026,0,Sydney,Carlton,12715,James,Rowbottom,8,
2026,0,Sydney,Carlton,12501,Jai,Serong,13,
2026,0,Sydney,Carlton,12951,Angus,Sheldrick,12,
2026,0,Sydney,Carlton,12799,Chad,Warner,1,
2026,0,Sydney,Carlton,12820,Sam,Wicks,15,
2026,0,Sydney,Carlton,12681,Ben,Ainsworth,12,
2026,0,Sydney,Carlton,13042,Campbell,Chesser,31,
2026,0,Sydney,Carlton,12269,Patrick,Cripps,9,
2026,0,Sydney,Carlton,13245,Harry,Dean,35,
2026,0,Sydney,Carlton,12308,Oliver,Florent,14,
2026,0,Sydney,Carlton,12604,Lachie,Fogarty,8,
2026,0,Sydney,Carlton,12937,Will,Hayward,19,
2026,0,Sydney,Carlton,12417,George,Hewett,29,
2026,0,Sydney,Carlton,13017,Elijah,Hollands,20,
2026,0,Sydney,Carlton,13029,Oliver,Hollands,4,
2026,0,Sydney,Carlton,12938,Brodie,Kemp,17,
2026,0,Sydney,Carlton,13173,Cooper,Lord,36,
2026,0,Sydney,Carlton,12415,Mitch,McGovern,11,
2026,0,Sydney,Carlton,12575,Harry,McKay,10,
2026,0,Sydney,Carlton,13172,Ashton,Moir,43,
2026,0,Sydney,Carlton,12424,Marc,Pittonet,27,
2026,0,Sydney,Carlton,13130,Liam,Reidy,25,
2026,0,Sydney,Carlton,12330,Adam,Saad,42,
2026,0,Sydney,Carlton,13277,Jagga,Smith,7,
2026,0,Sydney,Carlton,12685,Sam,Walsh,18,
2026,0,Sydney,Carlton,12410,Jacob,Weitering,23,
2026,0,Sydney,Carlton,12181,Zac,Williams,6,
2026,0,Sydney,Carlton,12567,Lewis,Young,33,
2026,0,Gold Coast,Geelong,13251,Oscar,Adams,48,
2026,0,Gold Coast,Geelong,12767,Noah,Anderson,15,
2026,0,Gold Coast,Geelong,13019,Mac,Andrew,1,
2026,0,Gold Coast,Geelong,13119,Sam,Clohesy,33,
2026,0,Gold Coast,Geelong,12453,Sam,Collins,25,
2026,0,Gold Coast,Geelong,12941,Alex,Davies,5,
2026,0,Gold Coast,Geelong,12849,Jy,Farrar,50,
2026,0,Gold Coast,Geelong,13120,Will,Graham,26,
2026,0,Gold Coast,Geelong,13050,Bailey,Humphrey,19,
2026,0,Gold Coast,Geelong,12936,Joel,Jeffrey,16,
2026,0,Gold Coast,Geelong,12728,Ben,King,34,
2026,0,Gold Coast,Geelong,12489,Leo,Lombard,8,
2026,0,Gold Coast,Geelong,12529,Ben,Long,22,
2026,0,Gold Coast,Geelong,12329,Touk,Miller,11,
2026,0,Gold Coast,Geelong,12743,John,Noble,2,
2026,0,Gold Coast,Geelong,12825,Christian,Petracca,3,
2026,0,Gold Coast,Geelong,12658,Wil,Powell,27,
2026,0,Gold Coast,Geelong,13121,Ethan,Read,20,
2026,0,Gold Coast,Geelong,12409,Daniel,Rioli,17,
2026,0,Gold Coast,Geelong,12086,Bodhi,Uwland,6,
2026,0,Gold Coast,Geelong,13037,Zeke,Uwland,32,
2026,0,Gold Coast,Geelong,12393,Lachie,Weller,14,
2026,0,Gold Coast,Geelong,12184,Jarrod,Witts,28,
2026,0,Gold Coast,Geelong,12687,Tom,Atkins,30,
2026,0,Gold Coast,Geelong,12160,Mark,Blicavs,46,
2026,0,Gold Coast,Geelong,12874,Tanner,Bruhn,4,
2026,0,Gold Coast,Geelong,13062,Jhye,Clark,13,
2026,0,Gold Coast,Geelong,12808,Brad,Close,45,
2026,0,Gold Coast,Geelong,12892,Sam,De Koning,16,
2026,0,Gold Coast,Geelong,12976,Oliver,Dempsey,28,
2026,0,Gold Coast,Geelong,12559,Zach,Guthrie,39,
2026,0,Gold Coast,Geelong,12614,Jack,Henry,38,
2026,0,Gold Coast,Geelong,12850,Oliver,Henry,36,
2026,0,Gold Coast,Geelong,12882,Max,Holmes,9,
2026,0,Gold Coast,Geelong,13162,Lawson,Humphries,17,
2026,0,Gold Coast,Geelong,12985,Mitch,Knevitt,10,
2026,0,Gold Coast,Geelong,13107,Shaun,Mannagh,7,
2026,0,Gold Coast,Geelong,12243,Jack,Martin,19,
2026,0,Gold Coast,Geelong,12690,Gryan,Miers,32,
2026,0,Gold Coast,Geelong,13067,Oisin,Mullin,34,
2026,0,Gold Coast,Geelong,12995,Shannon,Neale,33,
2026,0,Gold Coast,Geelong,12540,Mark,OConnor,42,
2026,0,Gold Coast,Geelong,13125,Connor,OSullivan,14,
2026,0,Gold Coast,Geelong,12698,Bailey,Smith,3,
2026,0,Gold Coast,Geelong,12514,Tom,Stewart,44,
2026,0,Gold Coast,Geelong,12622,James,Worpel,29,
2026,0,Greater Western Sydney,Hawthorn,13002,Ryan,Angwin,9,
2026,0,Greater Western Sydney,Hawthorn,12782,Lachie,Ash,7,
2026,0,Greater Western Sydney,Hawthorn,12905,Kieren,Briggs,32,
2026,0,Greater Western Sydney,Hawthorn,12910,Callum,Brown,46,
2026,0,Greater Western Sydney,Hawthorn,12845,Jack,Buckley,44,
2026,0,Greater Western Sydney,Hawthorn,12970,Finn,Callaghan,17,
2026,0,Greater Western Sydney,Hawthorn,12023,Stephen,Coniglio,3,
2026,0,Greater Western Sydney,Hawthorn,13223,Josaia,Delana,38,
2026,0,Greater Western Sydney,Hawthorn,13165,Joe,Fonti,37,
2026,0,Greater Western Sydney,Hawthorn,13282,Phoenix,Gothard,11,
2026,0,Greater Western Sydney,Hawthorn,12026,Toby,Greene,4,
2026,0,Greater Western Sydney,Hawthorn,13156,Max,Gruzewski,35,
2026,0,Greater Western Sydney,Hawthorn,12470,Harry,Himmelberg,27,
2026,0,Greater Western Sydney,Hawthorn,12326,Jesse,Hogan,23,
2026,0,Greater Western Sydney,Hawthorn,12749,Connor,Idun,39,
2026,0,Greater Western Sydney,Hawthorn,11998,Jayden,Laverde,25,
2026,0,Greater Western Sydney,Hawthorn,12822,Xavier,OHalloran,33,
2026,0,Greater Western Sydney,Hawthorn,12992,Clayton,Oliver,10,
2026,0,Greater Western Sydney,Hawthorn,12835,Jake,Riccardi,26,
2026,0,Greater Western Sydney,Hawthorn,13046,Harry,Rowston,24,
2026,0,Greater Western Sydney,Hawthorn,12173,Jake,Stringer,20,
2026,0,Greater Western Sydney,Hawthorn,13101,Harvey,Thomas,1,
2026,0,Greater Western Sydney,Hawthorn,12147,Lachie,Whitfield,6,
2026,0,Greater Western Sydney,Hawthorn,12365,Karl,Amon,10,
2026,0,Greater Western Sydney,Hawthorn,12391,Tom,Barrass,37,
2026,0,Greater Western Sydney,Hawthorn,12565,Josh,Battle,24,
2026,0,Greater Western Sydney,Hawthorn,12989,Sam,Butler,30,
2026,0,Greater Western Sydney,Hawthorn,12491,Mabior,Chol,18,
2026,0,Greater Western Sydney,Hawthorn,12999,Massimo,DAmbrosio,16,
2026,0,Greater Western Sydney,Hawthorn,12928,Jack,Ginnivan,33,
2026,0,Greater Western Sydney,Hawthorn,11854,Jack,Gunston,19,
2026,0,Greater Western Sydney,Hawthorn,12477,Blake,Hardwick,15,
2026,0,Greater Western Sydney,Hawthorn,12245,Jarman,Impey,4,
2026,0,Greater Western Sydney,Hawthorn,12643,Mitch,Lewis,2,
2026,0,Greater Western Sydney,Hawthorn,12753,Connor,Macdonald,9,
2026,0,Greater Western Sydney,Hawthorn,12846,Finn,Maginness,20,
2026,0,Greater Western Sydney,Hawthorn,12854,Lloyd,Meek,17,
2026,0,Greater Western Sydney,Hawthorn,12124,Dylan,Moore,8,
2026,0,Greater Western Sydney,Hawthorn,12585,Harry,Morrison,1,
2026,0,Greater Western Sydney,Hawthorn,12678,Conor,Nash,11,
2026,0,Greater Western Sydney,Hawthorn,12913,Jai,Newcombe,3,
2026,0,Greater Western Sydney,Hawthorn,12571,Jack,Scrimshaw,14,
2026,0,Greater Western Sydney,Hawthorn,12342,James,Sicily,6,
2026,0,Greater Western Sydney,Hawthorn,12954,Josh,Ward,25,
2026,0,Greater Western Sydney,Hawthorn,12626,Nick,Watson,5,
2026,0,Greater Western Sydney,Hawthorn,13059,Josh,Weddle,23,
2026,0,Brisbane Lions,Western Bulldogs,12412,Oscar,Allen,4,
2026,0,Brisbane Lions,Western Bulldogs,12347,Harris,Andrews,31,
2026,0,Brisbane Lions,Western Bulldogs,13183,Levi,Ashcroft,10,
2026,0,Brisbane Lions,Western Bulldogs,13034,Will,Ashcroft,8,
2026,0,Brisbane Lions,Western Bulldogs,12617,Zac,Bailey,33,
2026,0,Brisbane Lions,Western Bulldogs,12525,Jarrod,Berry,7,
2026,0,Brisbane Lions,Western Bulldogs,12284,Charlie,Cameron,23,
2026,0,Brisbane Lions,Western Bulldogs,12838,Keidean,Coleman,18,
2026,0,Brisbane Lions,Western Bulldogs,12421,Josh,Dunkley,5,
2026,0,Brisbane Lions,Western Bulldogs,13072,Jaspa,Fletcher,3,
2026,0,Brisbane Lions,Western Bulldogs,12726,Darcy,Fort,32,
2026,0,Brisbane Lions,Western Bulldogs,13234,Ty,Gallop,22,
2026,0,Brisbane Lions,Western Bulldogs,12274,Darcy,Gardiner,27,
2026,0,Brisbane Lions,Western Bulldogs,11901,Ryan,Lester,35,
2026,0,Brisbane Lions,Western Bulldogs,12969,Kai,Lohmann,1,
2026,0,Brisbane Lions,Western Bulldogs,12526,Hugh,McCluggage,6,
2026,0,Brisbane Lions,Western Bulldogs,13138,Logan,Morris,13,
2026,0,Brisbane Lions,Western Bulldogs,12061,Lachie,Neale,9,
2026,0,Brisbane Lions,Western Bulldogs,12594,Cam,Rayner,16,
2026,0,Brisbane Lions,Western Bulldogs,13139,Bruce,Reville,38,
2026,0,Brisbane Lions,Western Bulldogs,13027,Darcy,Wilmot,44,
2026,0,Brisbane Lions,Western Bulldogs,13280,Zane,Zakostelsky,21,
2026,0,Brisbane Lions,Western Bulldogs,12082,Dayne,Zorko,15,
2026,0,Brisbane Lions,Western Bulldogs,12723,Oskar,Baker,13,
2026,0,Brisbane Lions,Western Bulldogs,12277,Marcus,Bontempelli,4,
2026,0,Brisbane Lions,Western Bulldogs,12917,Lachlan,Bramble,29,
2026,0,Brisbane Lions,Western Bulldogs,11874,Connor,Budarick,19,
2026,0,Brisbane Lions,Western Bulldogs,13269,Jordan,Croft,16,
2026,0,Brisbane Lions,Western Bulldogs,12362,Bailey,Dale,31,
2026,0,Brisbane Lions,Western Bulldogs,13023,Sam,Darcy,10,
2026,0,Brisbane Lions,Western Bulldogs,13184,Sam,Davidson,42,
2026,0,Brisbane Lions,Western Bulldogs,12548,Tim,English,44,
2026,0,Brisbane Lions,Western Bulldogs,13140,Joel,Freijah,27,
2026,0,Brisbane Lions,Western Bulldogs,13215,Cooper,Hynes,6,
2026,0,Brisbane Lions,Western Bulldogs,13278,Lachie,Jaques,11,
2026,0,Brisbane Lions,Western Bulldogs,13047,Arthur,Jones,32,
2026,0,Brisbane Lions,Western Bulldogs,12463,Matthew,Kennedy,8,
2026,0,Brisbane Lions,Western Bulldogs,12901,Buku,Khamis,24,
2026,0,Brisbane Lions,Western Bulldogs,11904,Tom,Liberatore,21,
2026,0,Brisbane Lions,Western Bulldogs,12289,Rory,Lobb,7,
2026,0,Brisbane Lions,Western Bulldogs,12602,Aaron,Naughton,33,
2026,0,Brisbane Lions,Western Bulldogs,13063,James,ODonnell,18,
2026,0,Brisbane Lions,Western Bulldogs,12612,Ed,Richards,20,
2026,0,Brisbane Lions,Western Bulldogs,13279,Michael,Sellwood,37,
2026,0,Brisbane Lions,Western Bulldogs,12748,Rhylee,West,14,
2026,0,Brisbane Lions,Western Bulldogs,12449,Bailey,Williams,34,
2026,0,St Kilda,Collingwood,13221,Hugh,Boxshall,38,
2026,0,St Kilda,Collingwood,13041,Anthony,Caminiti,47,
2026,0,St Kilda,Collingwood,12980,Jack,Carroll,18,
2026,0,St Kilda,Collingwood,12399,Tom,De Koning,21,
2026,0,St Kilda,Collingwood,12377,Sam,Flanders,9,
2026,0,St Kilda,Collingwood,13124,Hugo,Garcia,34,
2026,0,St Kilda,Collingwood,13191,Max,Hall,40,
2026,0,St Kilda,Collingwood,12616,Jack,Higgins,1,
2026,0,St Kilda,Collingwood,12066,Bradley,Hill,8,
2026,0,St Kilda,Collingwood,12172,Jack,Macrae,6,
2026,0,St Kilda,Collingwood,12572,Rowan,Marshall,19,
2026,0,St Kilda,Collingwood,12945,Mitch,Owens,10,
2026,0,St Kilda,Collingwood,13042,Mattaes,Phillipou,25,
2026,0,St Kilda,Collingwood,13190,Liam,Ryan,31,
2026,0,St Kilda,Collingwood,12930,Cooper,Sharman,43,
2026,0,St Kilda,Collingwood,12294,Jack,Silvagni,3,
2026,0,St Kilda,Collingwood,12337,Jack,Sinclair,35,
2026,0,St Kilda,Collingwood,13243,Alix,Tauru,26,
2026,0,St Kilda,Collingwood,12947,Nasiah,Wanganeen-Milera,7,
2026,0,St Kilda,Collingwood,12701,Callum,Wilkie,44,
2026,0,St Kilda,Collingwood,13109,Darcy,Wilson,22,
2026,0,St Kilda,Collingwood,12968,Marcus,Windhager,2,
2026,0,St Kilda,Collingwood,12321,Mason,Wood,32,
2026,0,St Kilda,Collingwood,13147,Edward,Allan,16,
2026,0,St Kilda,Collingwood,13074,Jack,Buller,34,
2026,0,St Kilda,Collingwood,12666,Darcy,Cameron,14,
2026,0,St Kilda,Collingwood,12067,Jack,Crisp,25,
2026,0,St Kilda,Collingwood,12582,Josh,Daicos,7,
2026,0,St Kilda,Collingwood,12948,Nick,Daicos,35,
2026,0,St Kilda,Collingwood,12333,Jordan,de Goey,2,
2026,0,St Kilda,Collingwood,12091,Jamie,Elliott,5,
2026,0,St Kilda,Collingwood,12682,Billy,Frampton,17,
2026,0,St Kilda,Collingwood,12503,Dan,Houston,9,
2026,0,St Kilda,Collingwood,12586,Patrick,Lipinski,1,
2026,0,St Kilda,Collingwood,13025,Ned,Long,44,
2026,0,St Kilda,Collingwood,12380,Brayden,Maynard,4,
2026,0,St Kilda,Collingwood,12877,Beau,McCreery,31,
2026,0,St Kilda,Collingwood,12297,Daniel,McStay,11,
2026,0,St Kilda,Collingwood,12307,Tim,Membrey,28,
2026,0,St Kilda,Collingwood,13148,Wil,Parker,15,
2026,0,St Kilda,Collingwood,11506,Scott,Pendlebury,10,
2026,0,St Kilda,Collingwood,12541,Harry,Perryman,12,
2026,0,St Kilda,Collingwood,12740,Isaac,Quaynor,3,
2026,0,St Kilda,Collingwood,12704,Lachie,Schultz,8,
2026,0,St Kilda,Collingwood,11759,Steele,Sidebottom,22,
2026,0,St Kilda,Collingwood,13249,Roan,Steele,45,
2026,1,Carlton,Richmond,12681,Ben,Ainsworth,12,
2026,1,Carlton,Richmond,13214,Matt,Carroll,32,
2026,1,Carlton,Richmond,13042,Campbell,Chesser,31,
2026,1,Carlton,Richmond,13028,Lachlan,Cowan,2,
2026,1,Carlton,Richmond,12269,Patrick,Cripps,9,
2026,1,Carlton,Richmond,13245,Harry,Dean,35,
2026,1,Carlton,Richmond,12308,Oliver,Florent,14,
2026,1,Carlton,Richmond,12604,Lachie,Fogarty,8,
2026,1,Carlton,Richmond,12937,Will,Hayward,19,
2026,1,Carlton,Richmond,12417,George,Hewett,29,
2026,1,Carlton,Richmond,13017,Elijah,Hollands,20,
2026,1,Carlton,Richmond,13029,Oliver,Hollands,4,
2026,1,Carlton,Richmond,12938,Brodie,Kemp,17,
2026,1,Carlton,Richmond,13173,Cooper,Lord,36,
2026,1,Carlton,Richmond,12415,Mitch,McGovern,11,
2026,1,Carlton,Richmond,12575,Harry,McKay,10,
2026,1,Carlton,Richmond,13236,Hudson,OKeeffe,40,
2026,1,Carlton,Richmond,12424,Marc,Pittonet,27,
2026,1,Carlton,Richmond,13277,Jagga,Smith,7,
2026,1,Carlton,Richmond,12685,Sam,Walsh,18,
2026,1,Carlton,Richmond,12410,Jacob,Weitering,23,
2026,1,Carlton,Richmond,12181,Zac,Williams,6,
2026,1,Carlton,Richmond,12567,Lewis,Young,33,
2026,1,Carlton,Richmond,13176,Harry,Armstrong,34,
2026,1,Carlton,Richmond,12686,Noah,Balta,21,
2026,1,Carlton,Richmond,13081,Sam,Banks,6,
2026,1,Carlton,Richmond,12464,Nathan,Broad,35,
2026,1,Carlton,Richmond,13100,Seth,Campbell,44,
2026,1,Carlton,Richmond,13217,Jonty,Faull,8,
2026,1,Carlton,Richmond,12944,Josh,Gibcus,18,
2026,1,Carlton,Richmond,13217,Campbell,Gray,50,
2026,1,Carlton,Richmond,13144,Steely,Green,48,
2026,1,Carlton,Richmond,13253,Sam,Grlj,24,
2026,1,Carlton,Richmond,12447,Jacob,Hopper,2,
2026,1,Carlton,Richmond,13193,Sam,Lalor,4,
2026,1,Carlton,Richmond,11953,Tom,Lynch,19,
2026,1,Carlton,Richmond,12884,Rhyan,Mansell,7,
2026,1,Carlton,Richmond,13122,Kane,McAuliffe,28,
2026,1,Carlton,Richmond,12940,Ben,Miller,12,
2026,1,Carlton,Richmond,12379,Toby,Nankervis,25,
2026,1,Carlton,Richmond,12904,Hugo,Ralphsmith,13,
2026,1,Carlton,Richmond,12935,Maurice,Rioli,17,
2026,1,Carlton,Richmond,12712,Jack,Ross,5,
2026,1,Carlton,Richmond,12425,Jayden,Short,15,
2026,1,Carlton,Richmond,12512,Tim,Taranto,14,
2026,1,Carlton,Richmond,13096,James,Trezise,36,
2026,1,Essendon,Hawthorn,13238,Lachlan,Blakiston,46,
2026,1,Essendon,Hawthorn,13149,Nate,Caddy,30,
2026,1,Essendon,Hawthorn,12752,Jye,Caldwell,6,
2026,1,Essendon,Hawthorn,12926,Sam,Durham,22,
2026,1,Essendon,Hawthorn,12695,Xavier,Duursma,28,
2026,1,Essendon,Hawthorn,13284,Hussien,El Achkar,33,
2026,1,Essendon,Hawthorn,12972,Brayden,Fiorini,8,
2026,1,Essendon,Hawthorn,13232,Zak,Johnson,40,
2026,1,Essendon,Hawthorn,13020,Max,Kondogiannis,29,
2026,1,Essendon,Hawthorn,12358,Kyle,Langford,4,
2026,1,Essendon,Hawthorn,13239,Archie,May,26,
2026,1,Essendon,Hawthorn,12505,Andrew,McGrath,1,
2026,1,Essendon,Hawthorn,12588,Ben,McKay,32,
2026,1,Essendon,Hawthorn,12249,Zach,Merrett,7,
2026,1,Essendon,Hawthorn,13260,Jayden,Nguyen,42,
2026,1,Essendon,Hawthorn,12414,Darcy,Parish,3,
2026,1,Essendon,Hawthorn,12880,Archie,Perkins,16,
2026,1,Essendon,Hawthorn,12874,Jaxon,Prior,25,
2026,1,Essendon,Hawthorn,12445,Mason,Redman,27,
2026,1,Essendon,Hawthorn,12891,Zach,Reid,31,
2026,1,Essendon,Hawthorn,13169,Archie,Roberts,21,
2026,1,Essendon,Hawthorn,12384,Dyson,Sharp,15,
2026,1,Essendon,Hawthorn,12371,Peter,Wright,20,
2026,1,Essendon,Hawthorn,12365,Karl,Amon,10,
2026,1,Essendon,Hawthorn,12391,Tom,Barrass,37,
2026,1,Essendon,Hawthorn,12565,Josh,Battle,24,
2026,1,Essendon,Hawthorn,12989,Sam,Butler,30,
2026,1,Essendon,Hawthorn,12491,Mabior,Chol,18,
2026,1,Essendon,Hawthorn,12999,Massimo,DAmbrosio,16,
2026,1,Essendon,Hawthorn,12928,Jack,Ginnivan,33,
2026,1,Essendon,Hawthorn,11854,Jack,Gunston,19,
2026,1,Essendon,Hawthorn,12477,Blake,Hardwick,15,
2026,1,Essendon,Hawthorn,12245,Jarman,Impey,4,
2026,1,Essendon,Hawthorn,12643,Mitch,Lewis,2,
2026,1,Essendon,Hawthorn,12753,Connor,Macdonald,9,
2026,1,Essendon,Hawthorn,13039,Cam,Mackenzie,28,
2026,1,Essendon,Hawthorn,12854,Lloyd,Meek,17,
2026,1,Essendon,Hawthorn,12124,Dylan,Moore,8,
2026,1,Essendon,Hawthorn,12678,Conor,Nash,11,
2026,1,Essendon,Hawthorn,12913,Jai,Newcombe,3,
2026,1,Essendon,Hawthorn,12907,Ned,Reeves,7,
2026,1,Essendon,Hawthorn,12571,Jack,Scrimshaw,14,
2026,1,Essendon,Hawthorn,12342,James,Sicily,6,
2026,1,Essendon,Hawthorn,12954,Josh,Ward,25,
2026,1,Essendon,Hawthorn,12626,Nick,Watson,5,
2026,1,Essendon,Hawthorn,13059,Josh,Weddle,23,
2026,1,Western Bulldogs,Greater Western Sydney,12723,Oskar,Baker,13,
2026,1,Western Bulldogs,Greater Western Sydney,12277,Marcus,Bontempelli,4,
2026,1,Western Bulldogs,Greater Western Sydney,12917,Lachlan,Bramble,29,
2026,1,Western Bulldogs,Greater Western Sydney,11874,Connor,Budarick,19,
2026,1,Western Bulldogs,Greater Western Sydney,12362,Bailey,Dale,31,
2026,1,Western Bulldogs,Greater Western Sydney,13023,Sam,Darcy,10,
2026,1,Western Bulldogs,Greater Western Sydney,13184,Sam,Davidson,42,
2026,1,Western Bulldogs,Greater Western Sydney,12548,Tim,English,44,
2026,1,Western Bulldogs,Greater Western Sydney,13140,Joel,Freijah,27,
2026,1,Western Bulldogs,Greater Western Sydney,13215,Cooper,Hynes,6,
2026,1,Western Bulldogs,Greater Western Sydney,13278,Lachie,Jaques,11,
2026,1,Western Bulldogs,Greater Western Sydney,12463,Matthew,Kennedy,8,
2026,1,Western Bulldogs,Greater Western Sydney,12901,Buku,Khamis,24,
2026,1,Western Bulldogs,Greater Western Sydney,13287,Will,Lewis,28,
2026,1,Western Bulldogs,Greater Western Sydney,11904,Tom,Liberatore,21,
2026,1,Western Bulldogs,Greater Western Sydney,12289,Rory,Lobb,7,
2026,1,Western Bulldogs,Greater Western Sydney,12602,Aaron,Naughton,33,
2026,1,Western Bulldogs,Greater Western Sydney,13063,James,ODonnell,18,
2026,1,Western Bulldogs,Greater Western Sydney,12612,Ed,Richards,20,
2026,1,Western Bulldogs,Greater Western Sydney,13111,Ryley,Sanders,9,
2026,1,Western Bulldogs,Greater Western Sydney,13279,Michael,Sellwood,37,
2026,1,Western Bulldogs,Greater Western Sydney,12748,Rhylee,West,14,
2026,1,Western Bulldogs,Greater Western Sydney,12449,Bailey,Williams,34,
2026,1,Western Bulldogs,Greater Western Sydney,13002,Ryan,Angwin,9,
2026,1,Western Bulldogs,Greater Western Sydney,12782,Lachie,Ash,7,
2026,1,Western Bulldogs,Greater Western Sydney,12905,Kieren,Briggs,32,
2026,1,Western Bulldogs,Greater Western Sydney,12910,Callum,Brown,46,
2026,1,Western Bulldogs,Greater Western Sydney,12845,Jack,Buckley,44,
2026,1,Western Bulldogs,Greater Western Sydney,12970,Finn,Callaghan,17,
2026,1,Western Bulldogs,Greater Western Sydney,12023,Stephen,Coniglio,3,
2026,1,Western Bulldogs,Greater Western Sydney,13223,Josaia,Delana,38,
2026,1,Western Bulldogs,Greater Western Sydney,13165,Joe,Fonti,37,
2026,1,Western Bulldogs,Greater Western Sydney,13282,Phoenix,Gothard,11,
2026,1,Western Bulldogs,Greater Western Sydney,12026,Toby,Greene,4,
2026,1,Western Bulldogs,Greater Western Sydney,13156,Max,Gruzewski,35,
2026,1,Western Bulldogs,Greater Western Sydney,12470,Harry,Himmelberg,27,
2026,1,Western Bulldogs,Greater Western Sydney,12326,Jesse,Hogan,23,
2026,1,Western Bulldogs,Greater Western Sydney,12749,Connor,Idun,39,
2026,1,Western Bulldogs,Greater Western Sydney,11998,Jayden,Laverde,25,
2026,1,Western Bulldogs,Greater Western Sydney,12822,Xavier,OHalloran,33,
2026,1,Western Bulldogs,Greater Western Sydney,12992,Clayton,Oliver,10,
2026,1,Western Bulldogs,Greater Western Sydney,12835,Jake,Riccardi,26,
2026,1,Western Bulldogs,Greater Western Sydney,13046,Harry,Rowston,24,
2026,1,Western Bulldogs,Greater Western Sydney,12173,Jake,Stringer,20,
2026,1,Western Bulldogs,Greater Western Sydney,13101,Harvey,Thomas,1,
2026,1,Western Bulldogs,Greater Western Sydney,12147,Lachie,Whitfield,6,
2026,1,Geelong,Fremantle,12687,Tom,Atkins,30,
2026,1,Geelong,Fremantle,12160,Mark,Blicavs,46,
2026,1,Geelong,Fremantle,12874,Tanner,Bruhn,4,
2026,1,Geelong,Fremantle,12022,Jeremy,Cameron,5,
2026,1,Geelong,Fremantle,13062,Jhye,Clark,13,
2026,1,Geelong,Fremantle,12808,Brad,Close,45,
2026,1,Geelong,Fremantle,11706,Patrick,Dangerfield,35,
2026,1,Geelong,Fremantle,12892,Sam,De Koning,16,
2026,1,Geelong,Fremantle,12976,Oliver,Dempsey,28,
2026,1,Geelong,Fremantle,13288,Mitchell,Edwards,11,
2026,1,Geelong,Fremantle,12559,Zach,Guthrie,39,
2026,1,Geelong,Fremantle,12614,Jack,Henry,38,
2026,1,Geelong,Fremantle,12882,Max,Holmes,9,
2026,1,Geelong,Fremantle,13162,Lawson,Humphries,17,
2026,1,Geelong,Fremantle,13107,Shaun,Mannagh,7,
2026,1,Geelong,Fremantle,12243,Jack,Martin,19,
2026,1,Geelong,Fremantle,12690,Gryan,Miers,32,
2026,1,Geelong,Fremantle,13067,Oisin,Mullin,34,
2026,1,Geelong,Fremantle,12995,Shannon,Neale,33,
2026,1,Geelong,Fremantle,12540,Mark,OConnor,42,
2026,1,Geelong,Fremantle,13125,Connor,OSullivan,14,
2026,1,Geelong,Fremantle,12698,Bailey,Smith,3,
2026,1,Geelong,Fremantle,12514,Tom,Stewart,44,
2026,1,Geelong,Fremantle,12983,Jye,Amiss,24,
2026,1,Geelong,Fremantle,12538,Shai,Bolton,10,
2026,1,Geelong,Fremantle,12596,Andrew,Brayshaw,8,
2026,1,Geelong,Fremantle,12876,Heath,Chapman,5,
2026,1,Geelong,Fremantle,12688,Jordan,Clark,6,
2026,1,Geelong,Fremantle,12555,Sean,Darcy,4,
2026,1,Geelong,Fremantle,13207,Isaiah,Dudley,43,
2026,1,Geelong,Fremantle,12967,Neil,Erasmus,28,
2026,1,Geelong,Fremantle,12779,Luke,Jackson,9,
2026,1,Geelong,Fremantle,13049,Matthew,Johnson,44,
2026,1,Geelong,Fremantle,12402,Oscar,McDonald,21,
2026,1,Geelong,Fremantle,13036,Judd,McVee,17,
2026,1,Geelong,Fremantle,12964,Nathan,ODriscoll,30,
2026,1,Geelong,Fremantle,12361,Alex,Pearce,25,
2026,1,Geelong,Fremantle,13181,Murphy,Reid,16,
2026,1,Geelong,Fremantle,12786,Caleb,Serong,3,
2026,1,Geelong,Fremantle,12679,Sam,Switkowski,39,
2026,1,Geelong,Fremantle,12888,Josh,Treacy,35,
2026,1,Geelong,Fremantle,13132,Patrick,Voss,20,
2026,1,Geelong,Fremantle,12461,Corey,Wagner,34,
2026,1,Geelong,Fremantle,12915,Brandon,Walker,31,
2026,1,Geelong,Fremantle,13080,Karl,Worner,23,
2026,1,Geelong,Fremantle,12777,Hayden,Young,26,
2026,1,Sydney,Brisbane Lions,12847,Joel,Amartey,36,
2026,1,Sydney,Brisbane Lions,13182,Riley,Bice,26,
2026,1,Sydney,Brisbane Lions,12699,Nick,Blakey,22,
2026,1,Sydney,Brisbane Lions,13117,Charlie,Curnow,35,
2026,1,Sydney,Brisbane Lions,12223,Brodie,Grundy,4,
2026,1,Sydney,Brisbane Lions,12864,Errol,Gulden,21,
2026,1,Sydney,Brisbane Lions,12331,Isaac,Heeney,5,
2026,1,Sydney,Brisbane Lions,12853,James,Jordon,17,
2026,1,Sydney,Brisbane Lions,12275,Jake,Lloyd,44,
2026,1,Sydney,Brisbane Lions,12634,Tom,McCartin,30,
2026,1,Sydney,Brisbane Lions,12864,Logan,McDonald,6,
2026,1,Sydney,Brisbane Lions,12711,Justin,McInerney,27,
2026,1,Sydney,Brisbane Lions,12533,Lewis,Melican,43,
2026,1,Sydney,Brisbane Lions,12418,Callum,Mills,14,
2026,1,Sydney,Brisbane Lions,12419,Tom,Papley,11,
2026,1,Sydney,Brisbane Lions,12148,Dane,Rampe,24,
2026,1,Sydney,Brisbane Lions,12993,Matt,Roberts,34,
2026,1,Sydney,Brisbane Lions,12475,Malcolm,Rosas,10,
2026,1,Sydney,Brisbane Lions,12715,James,Rowbottom,8,
2026,1,Sydney,Brisbane Lions,12501,Jai,Serong,13,
2026,1,Sydney,Brisbane Lions,12951,Angus,Sheldrick,12,
2026,1,Sydney,Brisbane Lions,12799,Chad,Warner,1,
2026,1,Sydney,Brisbane Lions,12820,Sam,Wicks,15,
2026,1,Sydney,Brisbane Lions,12412,Oscar,Allen,4,
2026,1,Sydney,Brisbane Lions,11952,Daniel,Annable,14,
2026,1,Sydney,Brisbane Lions,12719,Noah,Answerth,43,
2026,1,Sydney,Brisbane Lions,13183,Levi,Ashcroft,10,
2026,1,Sydney,Brisbane Lions,13034,Will,Ashcroft,8,
2026,1,Sydney,Brisbane Lions,12525,Jarrod,Berry,7,
2026,1,Sydney,Brisbane Lions,12284,Charlie,Cameron,23,
2026,1,Sydney,Brisbane Lions,12838,Keidean,Coleman,18,
2026,1,Sydney,Brisbane Lions,12772,Sam,Draper,2,
2026,1,Sydney,Brisbane Lions,12421,Josh,Dunkley,5,
2026,1,Sydney,Brisbane Lions,13072,Jaspa,Fletcher,3,
2026,1,Sydney,Brisbane Lions,12726,Darcy,Fort,32,
2026,1,Sydney,Brisbane Lions,13234,Ty,Gallop,22,
2026,1,Sydney,Brisbane Lions,11901,Ryan,Lester,35,
2026,1,Sydney,Brisbane Lions,12969,Kai,Lohmann,1,
2026,1,Sydney,Brisbane Lions,12093,Lincoln,McCarthy,11,
2026,1,Sydney,Brisbane Lions,12061,Lachie,Neale,9,
2026,1,Sydney,Brisbane Lions,12594,Cam,Rayner,16,
2026,1,Sydney,Brisbane Lions,13139,Bruce,Reville,38,
2026,1,Sydney,Brisbane Lions,13003,James,Tunstill,29,
2026,1,Sydney,Brisbane Lions,13027,Darcy,Wilmot,44,
2026,1,Sydney,Brisbane Lions,13280,Zane,Zakostelsky,21,
2026,1,Sydney,Brisbane Lions,12082,Dayne,Zorko,15,
2026,1,Collingwood,Adelaide,13147,Edward,Allan,16,
2026,1,Collingwood,Adelaide,13074,Jack,Buller,34,
2026,1,Collingwood,Adelaide,12666,Darcy,Cameron,14,
2026,1,Collingwood,Adelaide,12067,Jack,Crisp,25,
2026,1,Collingwood,Adelaide,12582,Josh,Daicos,7,
2026,1,Collingwood,Adelaide,12948,Nick,Daicos,35,
2026,1,Collingwood,Adelaide,12333,Jordan,de Goey,2,
2026,1,Collingwood,Adelaide,12091,Jamie,Elliott,5,
2026,1,Collingwood,Adelaide,12682,Billy,Frampton,17,
2026,1,Collingwood,Adelaide,12503,Dan,Houston,9,
2026,1,Collingwood,Adelaide,12586,Patrick,Lipinski,1,
2026,1,Collingwood,Adelaide,13025,Ned,Long,44,
2026,1,Collingwood,Adelaide,12380,Brayden,Maynard,4,
2026,1,Collingwood,Adelaide,12877,Beau,McCreery,31,
2026,1,Collingwood,Adelaide,12297,Daniel,McStay,11,
2026,1,Collingwood,Adelaide,12307,Tim,Membrey,28,
2026,1,Collingwood,Adelaide,13148,Wil,Parker,15,
2026,1,Collingwood,Adelaide,11506,Scott,Pendlebury,10,
2026,1,Collingwood,Adelaide,12541,Harry,Perryman,12,
2026,1,Collingwood,Adelaide,12740,Isaac,Quaynor,3,
2026,1,Collingwood,Adelaide,12704,Lachie,Schultz,8,
2026,1,Collingwood,Adelaide,11759,Steele,Sidebottom,22,
2026,1,Collingwood,Adelaide,13249,Roan,Steele,45,
2026,1,Collingwood,Adelaide,12592,Callum,Ah Chee,4,
2026,1,Collingwood,Adelaide,12855,Sam,Berry,3,
2026,1,Collingwood,Adelaide,12702,Hugh,Bond,21,
2026,1,Collingwood,Adelaide,12832,Jordon,Butts,41,
2026,1,Collingwood,Adelaide,12936,Brayden,Cook,15,
2026,1,Collingwood,Adelaide,12635,Isaac,Cumming,44,
2026,1,Collingwood,Adelaide,12519,Jordan,Dawson,12,
2026,1,Collingwood,Adelaide,12591,Darcy,Fogarty,32,
2026,1,Collingwood,Adelaide,12441,Ben,Keays,2,
2026,1,Collingwood,Adelaide,12171,Rory,Laird,29,
2026,1,Collingwood,Adelaide,13068,Lachlan,McAndrew,42,
2026,1,Collingwood,Adelaide,13038,Max,Michalanney,16,
2026,1,Collingwood,Adelaide,12416,Wayne,Milera,30,
2026,1,Collingwood,Adelaide,12875,Nick,Murray,9,
2026,1,Collingwood,Adelaide,13283,Toby,Murray,39,
2026,1,Collingwood,Adelaide,12375,Alex,Neal-Bullen,28,
2026,1,Collingwood,Adelaide,12934,James,Peatling,25,
2026,1,Collingwood,Adelaide,12922,Luke,Pedlar,10,
2026,1,Collingwood,Adelaide,12957,Josh,Rachele,8,
2026,1,Collingwood,Adelaide,12956,Jake,Soligo,14,
2026,1,Collingwood,Adelaide,12893,Riley,Thilthorpe,7,
2026,1,Collingwood,Adelaide,11724,Taylor,Walker,13,
2026,1,Collingwood,Adelaide,12916,Josh,Worrell,24,
2026,1,North Melbourne,Port Adelaide,13220,Tom,Blamires,39,
2026,1,North Melbourne,Port Adelaide,12939,Charlie,Comben,30,
2026,1,North Melbourne,Port Adelaide,12975,Paul,Curtis,25,
2026,1,North Melbourne,Port Adelaide,12382,Caleb,Daniel,5,
2026,1,North Melbourne,Port Adelaide,11908,Jack,Darling,27,
2026,1,North Melbourne,Port Adelaide,12599,Luke,Davies-Uniacke,9,
2026,1,North Melbourne,Port Adelaide,13291,Lachy,Dovaston,1,
2026,1,North Melbourne,Port Adelaide,13104,Zane,Duursma,7,
2026,1,North Melbourne,Port Adelaide,13186,Jacob,Konstanty,41,
2026,1,North Melbourne,Port Adelaide,12569,Nick,Larkey,20,
2026,1,North Melbourne,Port Adelaide,12524,Griffin,Logue,19,
2026,1,North Melbourne,Port Adelaide,12246,Luke,McDonald,11,
2026,1,North Melbourne,Port Adelaide,13105,Colby,McKercher,10,
2026,1,North Melbourne,Port Adelaide,13187,Finn,OSullivan,2,
2026,1,North Melbourne,Port Adelaide,11958,Luke,Parker,26,
2026,1,North Melbourne,Port Adelaide,13106,Toby,Pink,32,
2026,1,North Melbourne,Port Adelaide,12867,Tom,Powell,24,
2026,1,North Melbourne,Port Adelaide,13030,Harry,Sheezel,3,
2026,1,North Melbourne,Port Adelaide,12511,Jy,Simpkin,12,
2026,1,North Melbourne,Port Adelaide,12798,Dylan,Stephens,15,
2026,1,North Melbourne,Port Adelaide,13263,Cooper,Trembath,47,
2026,1,North Melbourne,Port Adelaide,12789,Tristan,Xerri,38,
2026,1,North Melbourne,Port Adelaide,12566,Cameron,Zurhaar,44,
2026,1,North Melbourne,Port Adelaide,12442,Aliir,Aliir,21,
2026,1,North Melbourne,Port Adelaide,12868,Miles,Bergman,14,
2026,1,North Melbourne,Port Adelaide,13188,Joe,Berry,5,
2026,1,North Melbourne,Port Adelaide,13011,Jase,Burgoyne,7,
2026,1,North Melbourne,Port Adelaide,12693,Zak,Butters,9,
2026,1,North Melbourne,Port Adelaide,12429,Darcy,Byrne-Jones,33,
2026,1,North Melbourne,Port Adelaide,12694,Willem,Drew,28,
2026,1,North Melbourne,Port Adelaide,12952,Corey,Durdin,44,
2026,1,North Melbourne,Port Adelaide,13155,Logan,Evans,22,
2026,1,North Melbourne,Port Adelaide,12671,Kane,Farrell,6,
2026,1,North Melbourne,Port Adelaide,12770,Mitch,Georgiades,19,
2026,1,North Melbourne,Port Adelaide,12955,Jason,Horne-Francis,18,
2026,1,North Melbourne,Port Adelaide,12883,Lachie,Jones,34,
2026,1,North Melbourne,Port Adelaide,13056,Ollie,Lord,30,
2026,1,North Melbourne,Port Adelaide,13200,Ewan,Mackinlay,31,
2026,1,North Melbourne,Port Adelaide,12578,Todd,Marshall,4,
2026,1,North Melbourne,Port Adelaide,12606,Esava,Ratugolea,27,
2026,1,North Melbourne,Port Adelaide,13141,Joe,Richards,35,
2026,1,North Melbourne,Port Adelaide,12696,Connor,Rozee,1,
2026,1,North Melbourne,Port Adelaide,13074,Dante,Visentini,38,
2026,1,North Melbourne,Port Adelaide,13205,Jack,Watkins,37,
2026,1,North Melbourne,Port Adelaide,12613,Jacob,Wehr,15,
2026,1,North Melbourne,Port Adelaide,13261,Jack,Whitlock,17,
2026,1,Melbourne,St Kilda,12756,Kade,Chandler,37,
2026,1,Melbourne,St Kilda,12411,Jai,Culley,13,
2026,1,Melbourne,St Kilda,12603,Bayley,Fritsch,31,
2026,1,Melbourne,St Kilda,11972,Max,Gawn,11,
2026,1,Melbourne,St Kilda,13098,Blake,Howes,22,
2026,1,Melbourne,St Kilda,12255,Changkuoth,Jiath,14,
2026,1,Melbourne,St Kilda,12401,Ed,Langdon,15,
2026,1,Melbourne,St Kilda,13036,Harvey,Langford,4,
2026,1,Melbourne,St Kilda,12359,Jake,Lever,8,
2026,1,Melbourne,St Kilda,12437,Xavier,Lindsay,5,
2026,1,Melbourne,St Kilda,12642,Brody,Mihocek,28,
2026,1,Melbourne,St Kilda,12660,Harry,Petty,35,
2026,1,Melbourne,St Kilda,12774,Kysaiah,Pickett,36,
2026,1,Melbourne,St Kilda,12833,Latrelle,Pickett,33,
2026,1,Melbourne,St Kilda,12778,Trent,Rivers,24,
2026,1,Melbourne,St Kilda,12280,Christian,Salem,3,
2026,1,Melbourne,St Kilda,12862,Harry,Sharp,30,
2026,1,Melbourne,St Kilda,12692,Tom,Sparrow,32,
2026,1,Melbourne,St Kilda,12628,Jack,Steele,9,
2026,1,Melbourne,St Kilda,13123,Koltyn,Tholstrup,12,
2026,1,Melbourne,St Kilda,12998,Daniel,Turner,10,
2026,1,Melbourne,St Kilda,13048,Jacob,van Rooyen,2,
2026,1,Melbourne,St Kilda,13099,Caleb,Windsor,6,
2026,1,Melbourne,St Kilda,13221,Hugh,Boxshall,38,
2026,1,Melbourne,St Kilda,13041,Anthony,Caminiti,47,
2026,1,Melbourne,St Kilda,12980,Jack,Carroll,18,
2026,1,Melbourne,St Kilda,12399,Tom,De Koning,21,
2026,1,Melbourne,St Kilda,12377,Sam,Flanders,9,
2026,1,Melbourne,St Kilda,13124,Hugo,Garcia,34,
2026,1,Melbourne,St Kilda,13191,Max,Hall,40,
2026,1,Melbourne,St Kilda,12616,Jack,Higgins,1,
2026,1,Melbourne,St Kilda,12066,Bradley,Hill,8,
2026,1,Melbourne,St Kilda,13202,Isaac,Keeler,17,
2026,1,Melbourne,St Kilda,12172,Jack,Macrae,6,
2026,1,Melbourne,St Kilda,12945,Mitch,Owens,10,
2026,1,Melbourne,St Kilda,13042,Mattaes,Phillipou,25,
2026,1,Melbourne,St Kilda,13190,Liam,Ryan,31,
2026,1,Melbourne,St Kilda,12930,Cooper,Sharman,43,
2026,1,Melbourne,St Kilda,12294,Jack,Silvagni,3,
2026,1,Melbourne,St Kilda,12337,Jack,Sinclair,35,
2026,1,Melbourne,St Kilda,13243,Alix,Tauru,26,
2026,1,Melbourne,St Kilda,12947,Nasiah,Wanganeen-Milera,7,
2026,1,Melbourne,St Kilda,12701,Callum,Wilkie,44,
2026,1,Melbourne,St Kilda,13109,Darcy,Wilson,22,
2026,1,Melbourne,St Kilda,12968,Marcus,Windhager,2,
2026,1,Melbourne,St Kilda,12321,Mason,Wood,32,
2026,1,Gold Coast,West Coast,13251,Oscar,Adams,48,
2026,1,Gold Coast,West Coast,12767,Noah,Anderson,15,
2026,1,Gold Coast,West Coast,13019,Mac,Andrew,1,
2026,1,Gold Coast,West Coast,13119,Sam,Clohesy,33,
2026,1,Gold Coast,West Coast,12453,Sam,Collins,25,
2026,1,Gold Coast,West Coast,12941,Alex,Davies,5,
2026,1,Gold Coast,West Coast,12849,Jy,Farrar,50,
2026,1,Gold Coast,West Coast,13120,Will,Graham,26,
2026,1,Gold Coast,West Coast,12936,Joel,Jeffrey,16,
2026,1,Gold Coast,West Coast,12728,Ben,King,34,
2026,1,Gold Coast,West Coast,12489,Leo,Lombard,8,
2026,1,Gold Coast,West Coast,12529,Ben,Long,22,
2026,1,Gold Coast,West Coast,12329,Touk,Miller,11,
2026,1,Gold Coast,West Coast,12743,John,Noble,2,
2026,1,Gold Coast,West Coast,12825,Christian,Petracca,3,
2026,1,Gold Coast,West Coast,12658,Wil,Powell,27,
2026,1,Gold Coast,West Coast,13121,Ethan,Read,20,
2026,1,Gold Coast,West Coast,12409,Daniel,Rioli,17,
2026,1,Gold Coast,West Coast,13127,Jake,Rogers,29,
2026,1,Gold Coast,West Coast,12086,Bodhi,Uwland,6,
2026,1,Gold Coast,West Coast,13037,Zeke,Uwland,32,
2026,1,Gold Coast,West Coast,12393,Lachie,Weller,14,
2026,1,Gold Coast,West Coast,12184,Jarrod,Witts,28,
2026,1,Gold Coast,West Coast,13222,Bo,Allan,26,
2026,1,Gold Coast,West Coast,12454,Tom,Cole,28,
2026,1,Gold Coast,West Coast,11942,Jamie,Cripps,15,
2026,1,Gold Coast,West Coast,13211,Hamish,Davis,38,
2026,1,Gold Coast,West Coast,12630,Cooper,Duff-Tytler,21,
2026,1,Gold Coast,West Coast,12340,Liam,Duggan,14,
2026,1,Gold Coast,West Coast,12607,Willem,Duursma,1,
2026,1,Gold Coast,West Coast,12869,Matt,Flynn,25,
2026,1,Gold Coast,West Coast,13032,Reuben,Ginbey,7,
2026,1,Gold Coast,West Coast,12584,Jack,Graham,17,
2026,1,Gold Coast,West Coast,12958,Brady,Hough,19,
2026,1,Gold Coast,West Coast,12433,Josh,Lindsay,5,
2026,1,Gold Coast,West Coast,13071,Ryan,Maric,23,
2026,1,Gold Coast,West Coast,13033,Tom,McCarthy,18,
2026,1,Gold Coast,West Coast,13297,Milan,Murdock,47,
2026,1,Gold Coast,West Coast,13270,Jacob,Newton,46,
2026,1,Gold Coast,West Coast,13198,Archer,Reid,22,
2026,1,Gold Coast,West Coast,13112,Harley,Reid,9,
2026,1,Gold Coast,West Coast,12777,Deven,Robertson,40,
2026,1,Gold Coast,West Coast,13248,Jobe,Shanahan,35,
2026,1,Gold Coast,West Coast,12609,Jake,Waterman,2,
2026,1,Gold Coast,West Coast,12090,Elliot,Yeo,6,
2026,1,Gold Coast,West Coast,12279,Tylar,Young,20,
2026,2,Hawthorn,Sydney,12365,Karl,Amon,10,
2026,2,Hawthorn,Sydney,12391,Tom,Barrass,37,
2026,2,Hawthorn,Sydney,12565,Josh,Battle,24,
2026,2,Hawthorn,Sydney,12989,Sam,Butler,30,
2026,2,Hawthorn,Sydney,12491,Mabior,Chol,18,
2026,2,Hawthorn,Sydney,12999,Massimo,DAmbrosio,16,
2026,2,Hawthorn,Sydney,12928,Jack,Ginnivan,33,
2026,2,Hawthorn,Sydney,11854,Jack,Gunston,19,
2026,2,Hawthorn,Sydney,12477,Blake,Hardwick,15,
2026,2,Hawthorn,Sydney,12245,Jarman,Impey,4,
2026,2,Hawthorn,Sydney,12643,Mitch,Lewis,2,
2026,2,Hawthorn,Sydney,12753,Connor,Macdonald,9,
2026,2,Hawthorn,Sydney,13039,Cam,Mackenzie,28,
2026,2,Hawthorn,Sydney,12854,Lloyd,Meek,17,
2026,2,Hawthorn,Sydney,12124,Dylan,Moore,8,
2026,2,Hawthorn,Sydney,12678,Conor,Nash,11,
2026,2,Hawthorn,Sydney,12913,Jai,Newcombe,3,
2026,2,Hawthorn,Sydney,12907,Ned,Reeves,7,
2026,2,Hawthorn,Sydney,12571,Jack,Scrimshaw,14,
2026,2,Hawthorn,Sydney,12342,James,Sicily,6,
2026,2,Hawthorn,Sydney,12954,Josh,Ward,25,
2026,2,Hawthorn,Sydney,12626,Nick,Watson,5,
2026,2,Hawthorn,Sydney,13059,Josh,Weddle,23,
2026,2,Hawthorn,Sydney,12847,Joel,Amartey,36,
2026,2,Hawthorn,Sydney,13182,Riley,Bice,26,
2026,2,Hawthorn,Sydney,12699,Nick,Blakey,22,
2026,2,Hawthorn,Sydney,13157,Caiden,Cleary,33,
2026,2,Hawthorn,Sydney,13117,Charlie,Curnow,35,
2026,2,Hawthorn,Sydney,12223,Brodie,Grundy,4,
2026,2,Hawthorn,Sydney,12853,James,Jordon,17,
2026,2,Hawthorn,Sydney,12275,Jake,Lloyd,44,
2026,2,Hawthorn,Sydney,12634,Tom,McCartin,30,
2026,2,Hawthorn,Sydney,12864,Logan,McDonald,6,
2026,2,Hawthorn,Sydney,12711,Justin,McInerney,27,
2026,2,Hawthorn,Sydney,12533,Lewis,Melican,43,
2026,2,Hawthorn,Sydney,12418,Callum,Mills,14,
2026,2,Hawthorn,Sydney,12419,Tom,Papley,11,
2026,2,Hawthorn,Sydney,12148,Dane,Rampe,24,
2026,2,Hawthorn,Sydney,12993,Matt,Roberts,34,
2026,2,Hawthorn,Sydney,12475,Malcolm,Rosas,10,
2026,2,Hawthorn,Sydney,12715,James,Rowbottom,8,
2026,2,Hawthorn,Sydney,12501,Jai,Serong,13,
2026,2,Hawthorn,Sydney,12951,Angus,Sheldrick,12,
2026,2,Hawthorn,Sydney,12799,Chad,Warner,1,
2026,2,Hawthorn,Sydney,13053,Corey,Warner,37,
2026,2,Hawthorn,Sydney,12820,Sam,Wicks,15,
2026,2,Adelaide,Western Bulldogs,12592,Callum,Ah Chee,4,
2026,2,Adelaide,Western Bulldogs,12855,Sam,Berry,3,
2026,2,Adelaide,Western Bulldogs,12832,Jordon,Butts,41,
2026,2,Adelaide,Western Bulldogs,12936,Brayden,Cook,15,
2026,2,Adelaide,Western Bulldogs,12635,Isaac,Cumming,44,
2026,2,Adelaide,Western Bulldogs,12519,Jordan,Dawson,12,
2026,2,Adelaide,Western Bulldogs,12591,Darcy,Fogarty,32,
2026,2,Adelaide,Western Bulldogs,12697,Chayce,Jones,1,
2026,2,Adelaide,Western Bulldogs,12441,Ben,Keays,2,
2026,2,Adelaide,Western Bulldogs,12171,Rory,Laird,29,
2026,2,Adelaide,Western Bulldogs,13068,Lachlan,McAndrew,42,
2026,2,Adelaide,Western Bulldogs,13038,Max,Michalanney,16,
2026,2,Adelaide,Western Bulldogs,12416,Wayne,Milera,30,
2026,2,Adelaide,Western Bulldogs,12875,Nick,Murray,9,
2026,2,Adelaide,Western Bulldogs,12375,Alex,Neal-Bullen,28,
2026,2,Adelaide,Western Bulldogs,12934,James,Peatling,25,
2026,2,Adelaide,Western Bulldogs,12922,Luke,Pedlar,10,
2026,2,Adelaide,Western Bulldogs,12957,Josh,Rachele,8,
2026,2,Adelaide,Western Bulldogs,12797,Izak,Rankine,23,
2026,2,Adelaide,Western Bulldogs,12956,Jake,Soligo,14,
2026,2,Adelaide,Western Bulldogs,12893,Riley,Thilthorpe,7,
2026,2,Adelaide,Western Bulldogs,11724,Taylor,Walker,13,
2026,2,Adelaide,Western Bulldogs,12916,Josh,Worrell,24,
2026,2,Adelaide,Western Bulldogs,12723,Oskar,Baker,13,
2026,2,Adelaide,Western Bulldogs,12277,Marcus,Bontempelli,4,
2026,2,Adelaide,Western Bulldogs,12917,Lachlan,Bramble,29,
2026,2,Adelaide,Western Bulldogs,11874,Connor,Budarick,19,
2026,2,Adelaide,Western Bulldogs,13269,Jordan,Croft,16,
2026,2,Adelaide,Western Bulldogs,12362,Bailey,Dale,31,
2026,2,Adelaide,Western Bulldogs,13023,Sam,Darcy,10,
2026,2,Adelaide,Western Bulldogs,13184,Sam,Davidson,42,
2026,2,Adelaide,Western Bulldogs,12548,Tim,English,44,
2026,2,Adelaide,Western Bulldogs,13140,Joel,Freijah,27,
2026,2,Adelaide,Western Bulldogs,13215,Cooper,Hynes,6,
2026,2,Adelaide,Western Bulldogs,13278,Lachie,Jaques,11,
2026,2,Adelaide,Western Bulldogs,12463,Matthew,Kennedy,8,
2026,2,Adelaide,Western Bulldogs,12901,Buku,Khamis,24,
2026,2,Adelaide,Western Bulldogs,11904,Tom,Liberatore,21,
2026,2,Adelaide,Western Bulldogs,12289,Rory,Lobb,7,
2026,2,Adelaide,Western Bulldogs,12602,Aaron,Naughton,33,
2026,2,Adelaide,Western Bulldogs,13063,James,ODonnell,18,
2026,2,Adelaide,Western Bulldogs,12612,Ed,Richards,20,
2026,2,Adelaide,Western Bulldogs,13111,Ryley,Sanders,9,
2026,2,Adelaide,Western Bulldogs,13279,Michael,Sellwood,37,
2026,2,Adelaide,Western Bulldogs,12748,Rhylee,West,14,
2026,2,Adelaide,Western Bulldogs,12449,Bailey,Williams,34,
2026,2,Richmond,Gold Coast,13176,Harry,Armstrong,34,
2026,2,Richmond,Gold Coast,12686,Noah,Balta,21,
2026,2,Richmond,Gold Coast,13081,Sam,Banks,6,
2026,2,Richmond,Gold Coast,12464,Nathan,Broad,35,
2026,2,Richmond,Gold Coast,13097,Tom,Brown,30,
2026,2,Richmond,Gold Coast,13100,Seth,Campbell,44,
2026,2,Richmond,Gold Coast,13144,Steely,Green,48,
2026,2,Richmond,Gold Coast,13253,Sam,Grlj,24,
2026,2,Richmond,Gold Coast,12447,Jacob,Hopper,2,
2026,2,Richmond,Gold Coast,13193,Sam,Lalor,4,
2026,2,Richmond,Gold Coast,13115,Mykelti,Lefau,42,
2026,2,Richmond,Gold Coast,11953,Tom,Lynch,19,
2026,2,Richmond,Gold Coast,12940,Ben,Miller,12,
2026,2,Richmond,Gold Coast,12379,Toby,Nankervis,25,
2026,2,Richmond,Gold Coast,11921,Dion,Prestia,3,
2026,2,Richmond,Gold Coast,12904,Hugo,Ralphsmith,13,
2026,2,Richmond,Gold Coast,12935,Maurice,Rioli,17,
2026,2,Richmond,Gold Coast,12712,Jack,Ross,5,
2026,2,Richmond,Gold Coast,12425,Jayden,Short,15,
2026,2,Richmond,Gold Coast,13015,Tyler,Sonsie,40,
2026,2,Richmond,Gold Coast,12512,Tim,Taranto,14,
2026,2,Richmond,Gold Coast,13096,James,Trezise,36,
2026,2,Richmond,Gold Coast,12180,Nick,Vlastuin,1,
2026,2,Richmond,Gold Coast,12767,Noah,Anderson,15,
2026,2,Richmond,Gold Coast,13019,Mac,Andrew,1,
2026,2,Richmond,Gold Coast,12631,Charlie,Ballard,10,
2026,2,Richmond,Gold Coast,13119,Sam,Clohesy,33,
2026,2,Richmond,Gold Coast,12453,Sam,Collins,25,
2026,2,Richmond,Gold Coast,12941,Alex,Davies,5,
2026,2,Richmond,Gold Coast,13120,Will,Graham,26,
2026,2,Richmond,Gold Coast,13050,Bailey,Humphrey,19,
2026,2,Richmond,Gold Coast,12936,Joel,Jeffrey,16,
2026,2,Richmond,Gold Coast,12728,Ben,King,34,
2026,2,Richmond,Gold Coast,12489,Leo,Lombard,8,
2026,2,Richmond,Gold Coast,12529,Ben,Long,22,
2026,2,Richmond,Gold Coast,12329,Touk,Miller,11,
2026,2,Richmond,Gold Coast,12743,John,Noble,2,
2026,2,Richmond,Gold Coast,12825,Christian,Petracca,3,
2026,2,Richmond,Gold Coast,12658,Wil,Powell,27,
2026,2,Richmond,Gold Coast,13121,Ethan,Read,20,
2026,2,Richmond,Gold Coast,12409,Daniel,Rioli,17,
2026,2,Richmond,Gold Coast,13127,Jake,Rogers,29,
2026,2,Richmond,Gold Coast,12086,Bodhi,Uwland,6,
2026,2,Richmond,Gold Coast,13037,Zeke,Uwland,32,
2026,2,Richmond,Gold Coast,12393,Lachie,Weller,14,
2026,2,Richmond,Gold Coast,12184,Jarrod,Witts,28,
2026,2,Greater Western Sydney,St Kilda,13002,Ryan,Angwin,9,
2026,2,Greater Western Sydney,St Kilda,12782,Lachie,Ash,7,
2026,2,Greater Western Sydney,St Kilda,12905,Kieren,Briggs,32,
2026,2,Greater Western Sydney,St Kilda,12910,Callum,Brown,46,
2026,2,Greater Western Sydney,St Kilda,12845,Jack,Buckley,44,
2026,2,Greater Western Sydney,St Kilda,12970,Finn,Callaghan,17,
2026,2,Greater Western Sydney,St Kilda,12023,Stephen,Coniglio,3,
2026,2,Greater Western Sydney,St Kilda,13223,Josaia,Delana,38,
2026,2,Greater Western Sydney,St Kilda,13165,Joe,Fonti,37,
2026,2,Greater Western Sydney,St Kilda,13282,Phoenix,Gothard,11,
2026,2,Greater Western Sydney,St Kilda,12026,Toby,Greene,4,
2026,2,Greater Western Sydney,St Kilda,13156,Max,Gruzewski,35,
2026,2,Greater Western Sydney,St Kilda,12470,Harry,Himmelberg,27,
2026,2,Greater Western Sydney,St Kilda,12326,Jesse,Hogan,23,
2026,2,Greater Western Sydney,St Kilda,12749,Connor,Idun,39,
2026,2,Greater Western Sydney,St Kilda,11998,Jayden,Laverde,25,
2026,2,Greater Western Sydney,St Kilda,12822,Xavier,OHalloran,33,
2026,2,Greater Western Sydney,St Kilda,12992,Clayton,Oliver,10,
2026,2,Greater Western Sydney,St Kilda,12835,Jake,Riccardi,26,
2026,2,Greater Western Sydney,St Kilda,13046,Harry,Rowston,24,
2026,2,Greater Western Sydney,St Kilda,12173,Jake,Stringer,20,
2026,2,Greater Western Sydney,St Kilda,13101,Harvey,Thomas,1,
2026,2,Greater Western Sydney,St Kilda,12147,Lachie,Whitfield,6,
2026,2,Greater Western Sydney,St Kilda,13221,Hugh,Boxshall,38,
2026,2,Greater Western Sydney,St Kilda,13041,Anthony,Caminiti,47,
2026,2,Greater Western Sydney,St Kilda,12980,Jack,Carroll,18,
2026,2,Greater Western Sydney,St Kilda,12399,Tom,De Koning,21,
2026,2,Greater Western Sydney,St Kilda,12377,Sam,Flanders,9,
2026,2,Greater Western Sydney,St Kilda,13124,Hugo,Garcia,34,
2026,2,Greater Western Sydney,St Kilda,13191,Max,Hall,40,
2026,2,Greater Western Sydney,St Kilda,12616,Jack,Higgins,1,
2026,2,Greater Western Sydney,St Kilda,12066,Bradley,Hill,8,
2026,2,Greater Western Sydney,St Kilda,12572,Rowan,Marshall,19,
2026,2,Greater Western Sydney,St Kilda,12945,Mitch,Owens,10,
2026,2,Greater Western Sydney,St Kilda,13042,Mattaes,Phillipou,25,
2026,2,Greater Western Sydney,St Kilda,13190,Liam,Ryan,31,
2026,2,Greater Western Sydney,St Kilda,12930,Cooper,Sharman,43,
2026,2,Greater Western Sydney,St Kilda,12294,Jack,Silvagni,3,
2026,2,Greater Western Sydney,St Kilda,12337,Jack,Sinclair,35,
2026,2,Greater Western Sydney,St Kilda,12721,Liam,Stocker,14,
2026,2,Greater Western Sydney,St Kilda,13243,Alix,Tauru,26,
2026,2,Greater Western Sydney,St Kilda,12947,Nasiah,Wanganeen-Milera,7,
2026,2,Greater Western Sydney,St Kilda,12701,Callum,Wilkie,44,
2026,2,Greater Western Sydney,St Kilda,13109,Darcy,Wilson,22,
2026,2,Greater Western Sydney,St Kilda,12968,Marcus,Windhager,2,
2026,2,Greater Western Sydney,St Kilda,12321,Mason,Wood,32,
2026,2,Fremantle,Melbourne,12983,Jye,Amiss,24,
2026,2,Fremantle,Melbourne,12538,Shai,Bolton,10,
2026,2,Fremantle,Melbourne,12596,Andrew,Brayshaw,8,
2026,2,Fremantle,Melbourne,12876,Heath,Chapman,5,
2026,2,Fremantle,Melbourne,12688,Jordan,Clark,6,
2026,2,Fremantle,Melbourne,12555,Sean,Darcy,4,
2026,2,Fremantle,Melbourne,13207,Isaiah,Dudley,43,
2026,2,Fremantle,Melbourne,12967,Neil,Erasmus,28,
2026,2,Fremantle,Melbourne,12779,Luke,Jackson,9,
2026,2,Fremantle,Melbourne,13049,Matthew,Johnson,44,
2026,2,Fremantle,Melbourne,12402,Oscar,McDonald,21,
2026,2,Fremantle,Melbourne,13036,Judd,McVee,17,
2026,2,Fremantle,Melbourne,12964,Nathan,ODriscoll,30,
2026,2,Fremantle,Melbourne,12361,Alex,Pearce,25,
2026,2,Fremantle,Melbourne,13181,Murphy,Reid,16,
2026,2,Fremantle,Melbourne,12550,Luke,Ryan,13,
2026,2,Fremantle,Melbourne,13299,Chris,Scerri,45,
2026,2,Fremantle,Melbourne,12786,Caleb,Serong,3,
2026,2,Fremantle,Melbourne,12679,Sam,Switkowski,39,
2026,2,Fremantle,Melbourne,12888,Josh,Treacy,35,
2026,2,Fremantle,Melbourne,13132,Patrick,Voss,20,
2026,2,Fremantle,Melbourne,12461,Corey,Wagner,34,
2026,2,Fremantle,Melbourne,13080,Karl,Worner,23,
2026,2,Fremantle,Melbourne,12756,Kade,Chandler,37,
2026,2,Fremantle,Melbourne,12411,Jai,Culley,13,
2026,2,Fremantle,Melbourne,12603,Bayley,Fritsch,31,
2026,2,Fremantle,Melbourne,11972,Max,Gawn,11,
2026,2,Fremantle,Melbourne,13098,Blake,Howes,22,
2026,2,Fremantle,Melbourne,12255,Changkuoth,Jiath,14,
2026,2,Fremantle,Melbourne,12401,Ed,Langdon,15,
2026,2,Fremantle,Melbourne,13036,Harvey,Langford,4,
2026,2,Fremantle,Melbourne,12359,Jake,Lever,8,
2026,2,Fremantle,Melbourne,12437,Xavier,Lindsay,5,
2026,2,Fremantle,Melbourne,12642,Brody,Mihocek,28,
2026,2,Fremantle,Melbourne,12660,Harry,Petty,35,
2026,2,Fremantle,Melbourne,12774,Kysaiah,Pickett,36,
2026,2,Fremantle,Melbourne,12833,Latrelle,Pickett,33,
2026,2,Fremantle,Melbourne,12778,Trent,Rivers,24,
2026,2,Fremantle,Melbourne,12280,Christian,Salem,3,
2026,2,Fremantle,Melbourne,12862,Harry,Sharp,30,
2026,2,Fremantle,Melbourne,12692,Tom,Sparrow,32,
2026,2,Fremantle,Melbourne,12628,Jack,Steele,9,
2026,2,Fremantle,Melbourne,13123,Koltyn,Tholstrup,12,
2026,2,Fremantle,Melbourne,12998,Daniel,Turner,10,
2026,2,Fremantle,Melbourne,13048,Jacob,van Rooyen,2,
2026,2,Fremantle,Melbourne,13099,Caleb,Windsor,6,
2026,2,Port Adelaide,Essendon,12442,Aliir,Aliir,21,
2026,2,Port Adelaide,Essendon,12868,Miles,Bergman,14,
2026,2,Port Adelaide,Essendon,13188,Joe,Berry,5,
2026,2,Port Adelaide,Essendon,13011,Jase,Burgoyne,7,
2026,2,Port Adelaide,Essendon,12693,Zak,Butters,9,
2026,2,Port Adelaide,Essendon,12429,Darcy,Byrne-Jones,33,
2026,2,Port Adelaide,Essendon,12694,Willem,Drew,28,
2026,2,Port Adelaide,Essendon,12952,Corey,Durdin,44,
2026,2,Port Adelaide,Essendon,13155,Logan,Evans,22,
2026,2,Port Adelaide,Essendon,12671,Kane,Farrell,6,
2026,2,Port Adelaide,Essendon,12770,Mitch,Georgiades,19,
2026,2,Port Adelaide,Essendon,12955,Jason,Horne-Francis,18,
2026,2,Port Adelaide,Essendon,12703,Jack,Lukosius,12,
2026,2,Port Adelaide,Essendon,13200,Ewan,Mackinlay,31,
2026,2,Port Adelaide,Essendon,12578,Todd,Marshall,4,
2026,2,Port Adelaide,Essendon,12485,Jackson,Mead,3,
2026,2,Port Adelaide,Essendon,12606,Esava,Ratugolea,27,
2026,2,Port Adelaide,Essendon,13141,Joe,Richards,35,
2026,2,Port Adelaide,Essendon,12696,Connor,Rozee,1,
2026,2,Port Adelaide,Essendon,12890,Jordon,Sweet,24,
2026,2,Port Adelaide,Essendon,13205,Jack,Watkins,37,
2026,2,Port Adelaide,Essendon,12613,Jacob,Wehr,15,
2026,2,Port Adelaide,Essendon,13261,Jack,Whitlock,17,
2026,2,Port Adelaide,Essendon,13238,Lachlan,Blakiston,46,
2026,2,Port Adelaide,Essendon,13149,Nate,Caddy,30,
2026,2,Port Adelaide,Essendon,12752,Jye,Caldwell,6,
2026,2,Port Adelaide,Essendon,12926,Sam,Durham,22,
2026,2,Port Adelaide,Essendon,12695,Xavier,Duursma,28,
2026,2,Port Adelaide,Essendon,13284,Hussien,El Achkar,33,
2026,2,Port Adelaide,Essendon,12972,Brayden,Fiorini,8,
2026,2,Port Adelaide,Essendon,13232,Zak,Johnson,40,
2026,2,Port Adelaide,Essendon,13180,Isaac,Kako,10,
2026,2,Port Adelaide,Essendon,13020,Max,Kondogiannis,29,
2026,2,Port Adelaide,Essendon,12358,Kyle,Langford,4,
2026,2,Port Adelaide,Essendon,12505,Andrew,McGrath,1,
2026,2,Port Adelaide,Essendon,12588,Ben,McKay,32,
2026,2,Port Adelaide,Essendon,12249,Zach,Merrett,7,
2026,2,Port Adelaide,Essendon,13260,Jayden,Nguyen,42,
2026,2,Port Adelaide,Essendon,12414,Darcy,Parish,3,
2026,2,Port Adelaide,Essendon,12880,Archie,Perkins,16,
2026,2,Port Adelaide,Essendon,12874,Jaxon,Prior,25,
2026,2,Port Adelaide,Essendon,12445,Mason,Redman,27,
2026,2,Port Adelaide,Essendon,12891,Zach,Reid,31,
2026,2,Port Adelaide,Essendon,13169,Archie,Roberts,21,
2026,2,Port Adelaide,Essendon,12384,Dyson,Sharp,15,
2026,2,Port Adelaide,Essendon,12371,Peter,Wright,20,
2026,2,West Coast,North Melbourne,13222,Bo,Allan,26,
2026,2,West Coast,North Melbourne,12668,Liam,Baker,3,
2026,2,West Coast,North Melbourne,11942,Jamie,Cripps,15,
2026,2,West Coast,North Melbourne,13211,Hamish,Davis,38,
2026,2,West Coast,North Melbourne,12630,Cooper,Duff-Tytler,21,
2026,2,West Coast,North Melbourne,12340,Liam,Duggan,14,
2026,2,West Coast,North Melbourne,12607,Willem,Duursma,1,
2026,2,West Coast,North Melbourne,12812,Harry,Edwards,42,
2026,2,West Coast,North Melbourne,12869,Matt,Flynn,25,
2026,2,West Coast,North Melbourne,13032,Reuben,Ginbey,7,
2026,2,West Coast,North Melbourne,12584,Jack,Graham,17,
2026,2,West Coast,North Melbourne,12958,Brady,Hough,19,
2026,2,West Coast,North Melbourne,12605,Tim,Kelly,11,
2026,2,West Coast,North Melbourne,13033,Tom,McCarthy,18,
2026,2,West Coast,North Melbourne,13297,Milan,Murdock,47,
2026,2,West Coast,North Melbourne,13270,Jacob,Newton,46,
2026,2,West Coast,North Melbourne,13198,Archer,Reid,22,
2026,2,West Coast,North Melbourne,13112,Harley,Reid,9,
2026,2,West Coast,North Melbourne,12777,Deven,Robertson,40,
2026,2,West Coast,North Melbourne,13248,Jobe,Shanahan,35,
2026,2,West Coast,North Melbourne,12609,Jake,Waterman,2,
2026,2,West Coast,North Melbourne,12090,Elliot,Yeo,6,
2026,2,West Coast,North Melbourne,12279,Tylar,Young,20,
2026,2,West Coast,North Melbourne,13220,Tom,Blamires,39,
2026,2,West Coast,North Melbourne,12939,Charlie,Comben,30,
2026,2,West Coast,North Melbourne,12975,Paul,Curtis,25,
2026,2,West Coast,North Melbourne,12382,Caleb,Daniel,5,
2026,2,West Coast,North Melbourne,11908,Jack,Darling,27,
2026,2,West Coast,North Melbourne,12599,Luke,Davies-Uniacke,9,
2026,2,West Coast,North Melbourne,13291,Lachy,Dovaston,1,
2026,2,West Coast,North Melbourne,13104,Zane,Duursma,7,
2026,2,West Coast,North Melbourne,13186,Jacob,Konstanty,41,
2026,2,West Coast,North Melbourne,12569,Nick,Larkey,20,
2026,2,West Coast,North Melbourne,12524,Griffin,Logue,19,
2026,2,West Coast,North Melbourne,12246,Luke,McDonald,11,
2026,2,West Coast,North Melbourne,13105,Colby,McKercher,10,
2026,2,West Coast,North Melbourne,13187,Finn,OSullivan,2,
2026,2,West Coast,North Melbourne,11958,Luke,Parker,26,
2026,2,West Coast,North Melbourne,13106,Toby,Pink,32,
2026,2,West Coast,North Melbourne,12867,Tom,Powell,24,
2026,2,West Coast,North Melbourne,13030,Harry,Sheezel,3,
2026,2,West Coast,North Melbourne,12511,Jy,Simpkin,12,
2026,2,West Coast,North Melbourne,12798,Dylan,Stephens,15,
2026,2,West Coast,North Melbourne,13263,Cooper,Trembath,47,
2026,2,West Coast,North Melbourne,12789,Tristan,Xerri,38,
2026,2,West Coast,North Melbourne,12566,Cameron,Zurhaar,44,
2026,3,Geelong,Adelaide,12687,Tom,Atkins,30,
2026,3,Geelong,Adelaide,12160,Mark,Blicavs,46,
2026,3,Geelong,Adelaide,12874,Tanner,Bruhn,4,
2026,3,Geelong,Adelaide,12022,Jeremy,Cameron,5,
2026,3,Geelong,Adelaide,13062,Jhye,Clark,13,
2026,3,Geelong,Adelaide,12892,Sam,De Koning,16,
2026,3,Geelong,Adelaide,12976,Oliver,Dempsey,28,
2026,3,Geelong,Adelaide,13288,Mitchell,Edwards,11,
2026,3,Geelong,Adelaide,12559,Zach,Guthrie,39,
2026,3,Geelong,Adelaide,12614,Jack,Henry,38,
2026,3,Geelong,Adelaide,12850,Oliver,Henry,36,
2026,3,Geelong,Adelaide,12882,Max,Holmes,9,
2026,3,Geelong,Adelaide,13162,Lawson,Humphries,17,
2026,3,Geelong,Adelaide,13107,Shaun,Mannagh,7,
2026,3,Geelong,Adelaide,12243,Jack,Martin,19,
2026,3,Geelong,Adelaide,12690,Gryan,Miers,32,
2026,3,Geelong,Adelaide,13067,Oisin,Mullin,34,
2026,3,Geelong,Adelaide,12995,Shannon,Neale,33,
2026,3,Geelong,Adelaide,12540,Mark,OConnor,42,
2026,3,Geelong,Adelaide,13125,Connor,OSullivan,14,
2026,3,Geelong,Adelaide,12698,Bailey,Smith,3,
2026,3,Geelong,Adelaide,12514,Tom,Stewart,44,
2026,3,Geelong,Adelaide,13219,Oliver,Wiltshire,21,
2026,3,Geelong,Adelaide,12855,Sam,Berry,3,
2026,3,Geelong,Adelaide,12702,Hugh,Bond,21,
2026,3,Geelong,Adelaide,12832,Jordon,Butts,41,
2026,3,Geelong,Adelaide,12936,Brayden,Cook,15,
2026,3,Geelong,Adelaide,12635,Isaac,Cumming,44,
2026,3,Geelong,Adelaide,12591,Darcy,Fogarty,32,
2026,3,Geelong,Adelaide,12697,Chayce,Jones,1,
2026,3,Geelong,Adelaide,12441,Ben,Keays,2,
2026,3,Geelong,Adelaide,13222,Finnbar,Maley,36,
2026,3,Geelong,Adelaide,13068,Lachlan,McAndrew,42,
2026,3,Geelong,Adelaide,13038,Max,Michalanney,16,
2026,3,Geelong,Adelaide,12416,Wayne,Milera,30,
2026,3,Geelong,Adelaide,12875,Nick,Murray,9,
2026,3,Geelong,Adelaide,13084,Luke,Nankervis,27,
2026,3,Geelong,Adelaide,12375,Alex,Neal-Bullen,28,
2026,3,Geelong,Adelaide,12934,James,Peatling,25,
2026,3,Geelong,Adelaide,12922,Luke,Pedlar,10,
2026,3,Geelong,Adelaide,12957,Josh,Rachele,8,
2026,3,Geelong,Adelaide,12797,Izak,Rankine,23,
2026,3,Geelong,Adelaide,12956,Jake,Soligo,14,
2026,3,Geelong,Adelaide,13161,Zac,Taylor,19,
2026,3,Geelong,Adelaide,12893,Riley,Thilthorpe,7,
2026,3,Geelong,Adelaide,12916,Josh,Worrell,24,
2026,3,Collingwood,Greater Western Sydney,12666,Darcy,Cameron,14,
2026,3,Collingwood,Greater Western Sydney,12067,Jack,Crisp,25,
2026,3,Collingwood,Greater Western Sydney,12582,Josh,Daicos,7,
2026,3,Collingwood,Greater Western Sydney,12948,Nick,Daicos,35,
2026,3,Collingwood,Greater Western Sydney,12333,Jordan,de Goey,2,
2026,3,Collingwood,Greater Western Sydney,12091,Jamie,Elliott,5,
2026,3,Collingwood,Greater Western Sydney,12682,Billy,Frampton,17,
2026,3,Collingwood,Greater Western Sydney,12503,Dan,Houston,9,
2026,3,Collingwood,Greater Western Sydney,11973,Jeremy,Howe,38,
2026,3,Collingwood,Greater Western Sydney,12586,Patrick,Lipinski,1,
2026,3,Collingwood,Greater Western Sydney,13025,Ned,Long,44,
2026,3,Collingwood,Greater Western Sydney,12380,Brayden,Maynard,4,
2026,3,Collingwood,Greater Western Sydney,12877,Beau,McCreery,31,
2026,3,Collingwood,Greater Western Sydney,12297,Daniel,McStay,11,
2026,3,Collingwood,Greater Western Sydney,12307,Tim,Membrey,28,
2026,3,Collingwood,Greater Western Sydney,12381,Darcy,Moore,30,
2026,3,Collingwood,Greater Western Sydney,11506,Scott,Pendlebury,10,
2026,3,Collingwood,Greater Western Sydney,12541,Harry,Perryman,12,
2026,3,Collingwood,Greater Western Sydney,12740,Isaac,Quaynor,3,
2026,3,Collingwood,Greater Western Sydney,12704,Lachie,Schultz,8,
2026,3,Collingwood,Greater Western Sydney,11759,Steele,Sidebottom,22,
2026,3,Collingwood,Greater Western Sydney,13249,Roan,Steele,45,
2026,3,Collingwood,Greater Western Sydney,13301,Oscar,Steene,21,
2026,3,Collingwood,Greater Western Sydney,13002,Ryan,Angwin,9,
2026,3,Collingwood,Greater Western Sydney,12782,Lachie,Ash,7,
2026,3,Collingwood,Greater Western Sydney,12905,Kieren,Briggs,32,
2026,3,Collingwood,Greater Western Sydney,12910,Callum,Brown,46,
2026,3,Collingwood,Greater Western Sydney,12970,Finn,Callaghan,17,
2026,3,Collingwood,Greater Western Sydney,12023,Stephen,Coniglio,3,
2026,3,Collingwood,Greater Western Sydney,13223,Josaia,Delana,38,
2026,3,Collingwood,Greater Western Sydney,13165,Joe,Fonti,37,
2026,3,Collingwood,Greater Western Sydney,13282,Phoenix,Gothard,11,
2026,3,Collingwood,Greater Western Sydney,12026,Toby,Greene,4,
2026,3,Collingwood,Greater Western Sydney,13156,Max,Gruzewski,35,
2026,3,Collingwood,Greater Western Sydney,13305,Oliver,Hannaford,13,
2026,3,Collingwood,Greater Western Sydney,12470,Harry,Himmelberg,27,
2026,3,Collingwood,Greater Western Sydney,12326,Jesse,Hogan,23,
2026,3,Collingwood,Greater Western Sydney,12749,Connor,Idun,39,
2026,3,Collingwood,Greater Western Sydney,11998,Jayden,Laverde,25,
2026,3,Collingwood,Greater Western Sydney,13175,James,Leake,30,
2026,3,Collingwood,Greater Western Sydney,12822,Xavier,OHalloran,33,
2026,3,Collingwood,Greater Western Sydney,12992,Clayton,Oliver,10,
2026,3,Collingwood,Greater Western Sydney,12835,Jake,Riccardi,26,
2026,3,Collingwood,Greater Western Sydney,12173,Jake,Stringer,20,
2026,3,Collingwood,Greater Western Sydney,13101,Harvey,Thomas,1,
2026,3,Collingwood,Greater Western Sydney,12147,Lachie,Whitfield,6,
2026,3,St Kilda,Brisbane Lions,12498,Dan,Butler,16,
2026,3,St Kilda,Brisbane Lions,12980,Jack,Carroll,18,
2026,3,St Kilda,Brisbane Lions,12399,Tom,De Koning,21,
2026,3,St Kilda,Brisbane Lions,12377,Sam,Flanders,9,
2026,3,St Kilda,Brisbane Lions,13124,Hugo,Garcia,34,
2026,3,St Kilda,Brisbane Lions,13191,Max,Hall,40,
2026,3,St Kilda,Brisbane Lions,12616,Jack,Higgins,1,
2026,3,St Kilda,Brisbane Lions,12066,Bradley,Hill,8,
2026,3,St Kilda,Brisbane Lions,12426,Dougal,Howard,20,
2026,3,St Kilda,Brisbane Lions,12572,Rowan,Marshall,19,
2026,3,St Kilda,Brisbane Lions,12945,Mitch,Owens,10,
2026,3,St Kilda,Brisbane Lions,13042,Mattaes,Phillipou,25,
2026,3,St Kilda,Brisbane Lions,13190,Liam,Ryan,31,
2026,3,St Kilda,Brisbane Lions,12930,Cooper,Sharman,43,
2026,3,St Kilda,Brisbane Lions,12294,Jack,Silvagni,3,
2026,3,St Kilda,Brisbane Lions,12337,Jack,Sinclair,35,
2026,3,St Kilda,Brisbane Lions,12721,Liam,Stocker,14,
2026,3,St Kilda,Brisbane Lions,13243,Alix,Tauru,26,
2026,3,St Kilda,Brisbane Lions,12947,Nasiah,Wanganeen-Milera,7,
2026,3,St Kilda,Brisbane Lions,12701,Callum,Wilkie,44,
2026,3,St Kilda,Brisbane Lions,13109,Darcy,Wilson,22,
2026,3,St Kilda,Brisbane Lions,12968,Marcus,Windhager,2,
2026,3,St Kilda,Brisbane Lions,12321,Mason,Wood,32,
2026,3,St Kilda,Brisbane Lions,12412,Oscar,Allen,4,
2026,3,St Kilda,Brisbane Lions,12719,Noah,Answerth,43,
2026,3,St Kilda,Brisbane Lions,13183,Levi,Ashcroft,10,
2026,3,St Kilda,Brisbane Lions,13034,Will,Ashcroft,8,
2026,3,St Kilda,Brisbane Lions,12617,Zac,Bailey,33,
2026,3,St Kilda,Brisbane Lions,12525,Jarrod,Berry,7,
2026,3,St Kilda,Brisbane Lions,12284,Charlie,Cameron,23,
2026,3,St Kilda,Brisbane Lions,12838,Keidean,Coleman,18,
2026,3,St Kilda,Brisbane Lions,12772,Sam,Draper,2,
2026,3,St Kilda,Brisbane Lions,12421,Josh,Dunkley,5,
2026,3,St Kilda,Brisbane Lions,13072,Jaspa,Fletcher,3,
2026,3,St Kilda,Brisbane Lions,12726,Darcy,Fort,32,
2026,3,St Kilda,Brisbane Lions,13234,Ty,Gallop,22,
2026,3,St Kilda,Brisbane Lions,12274,Darcy,Gardiner,27,
2026,3,St Kilda,Brisbane Lions,11901,Ryan,Lester,35,
2026,3,St Kilda,Brisbane Lions,12969,Kai,Lohmann,1,
2026,3,St Kilda,Brisbane Lions,12093,Lincoln,McCarthy,11,
2026,3,St Kilda,Brisbane Lions,13138,Logan,Morris,13,
2026,3,St Kilda,Brisbane Lions,12061,Lachie,Neale,9,
2026,3,St Kilda,Brisbane Lions,12594,Cam,Rayner,16,
2026,3,St Kilda,Brisbane Lions,13139,Bruce,Reville,38,
2026,3,St Kilda,Brisbane Lions,13027,Darcy,Wilmot,44,
2026,3,St Kilda,Brisbane Lions,12082,Dayne,Zorko,15,
2026,3,Fremantle,Richmond,12983,Jye,Amiss,24,
2026,3,Fremantle,Richmond,12538,Shai,Bolton,10,
2026,3,Fremantle,Richmond,12596,Andrew,Brayshaw,8,
2026,3,Fremantle,Richmond,12876,Heath,Chapman,5,
2026,3,Fremantle,Richmond,12688,Jordan,Clark,6,
2026,3,Fremantle,Richmond,12552,Brennan,Cox,36,
2026,3,Fremantle,Richmond,12555,Sean,Darcy,4,
2026,3,Fremantle,Richmond,13207,Isaiah,Dudley,43,
2026,3,Fremantle,Richmond,12967,Neil,Erasmus,28,
2026,3,Fremantle,Richmond,12779,Luke,Jackson,9,
2026,3,Fremantle,Richmond,13049,Matthew,Johnson,44,
2026,3,Fremantle,Richmond,13036,Judd,McVee,17,
2026,3,Fremantle,Richmond,12149,Jaeger,OMeara,2,
2026,3,Fremantle,Richmond,12361,Alex,Pearce,25,
2026,3,Fremantle,Richmond,13181,Murphy,Reid,16,
2026,3,Fremantle,Richmond,12550,Luke,Ryan,13,
2026,3,Fremantle,Richmond,13299,Chris,Scerri,45,
2026,3,Fremantle,Richmond,12786,Caleb,Serong,3,
2026,3,Fremantle,Richmond,12679,Sam,Switkowski,39,
2026,3,Fremantle,Richmond,12888,Josh,Treacy,35,
2026,3,Fremantle,Richmond,13132,Patrick,Voss,20,
2026,3,Fremantle,Richmond,12461,Corey,Wagner,34,
2026,3,Fremantle,Richmond,13080,Karl,Worner,23,
2026,3,Fremantle,Richmond,13244,Jasper,Alger,29,
2026,3,Fremantle,Richmond,13176,Harry,Armstrong,34,
2026,3,Fremantle,Richmond,12686,Noah,Balta,21,
2026,3,Fremantle,Richmond,13081,Sam,Banks,6,
2026,3,Fremantle,Richmond,13097,Tom,Brown,30,
2026,3,Fremantle,Richmond,13100,Seth,Campbell,44,
2026,3,Fremantle,Richmond,13217,Jonty,Faull,8,
2026,3,Fremantle,Richmond,13217,Campbell,Gray,50,
2026,3,Fremantle,Richmond,13144,Steely,Green,48,
2026,3,Fremantle,Richmond,13253,Sam,Grlj,24,
2026,3,Fremantle,Richmond,12447,Jacob,Hopper,2,
2026,3,Fremantle,Richmond,13193,Sam,Lalor,4,
2026,3,Fremantle,Richmond,13115,Mykelti,Lefau,42,
2026,3,Fremantle,Richmond,12940,Ben,Miller,12,
2026,3,Fremantle,Richmond,11921,Dion,Prestia,3,
2026,3,Fremantle,Richmond,12904,Hugo,Ralphsmith,13,
2026,3,Fremantle,Richmond,12935,Maurice,Rioli,17,
2026,3,Fremantle,Richmond,12712,Jack,Ross,5,
2026,3,Fremantle,Richmond,12425,Jayden,Short,15,
2026,3,Fremantle,Richmond,13015,Tyler,Sonsie,40,
2026,3,Fremantle,Richmond,12512,Tim,Taranto,14,
2026,3,Fremantle,Richmond,13194,Luke,Trainor,11,
2026,3,Fremantle,Richmond,12180,Nick,Vlastuin,1,
2026,3,Essendon,North Melbourne,13238,Lachlan,Blakiston,46,
2026,3,Essendon,North Melbourne,13149,Nate,Caddy,30,
2026,3,Essendon,North Melbourne,12752,Jye,Caldwell,6,
2026,3,Essendon,North Melbourne,13224,Archer,Day-Wicks,44,
2026,3,Essendon,North Melbourne,12926,Sam,Durham,22,
2026,3,Essendon,North Melbourne,12695,Xavier,Duursma,28,
2026,3,Essendon,North Melbourne,13204,Saad,El-Hawli,41,
2026,3,Essendon,North Melbourne,12809,Jacob,Farrow,2,
2026,3,Essendon,North Melbourne,12422,Jade,Gresham,11,
2026,3,Essendon,North Melbourne,12619,Matt,Guelfi,35,
2026,3,Essendon,North Melbourne,13232,Zak,Johnson,40,
2026,3,Essendon,North Melbourne,13180,Isaac,Kako,10,
2026,3,Essendon,North Melbourne,12358,Kyle,Langford,4,
2026,3,Essendon,North Melbourne,13239,Archie,May,26,
2026,3,Essendon,North Melbourne,12505,Andrew,McGrath,1,
2026,3,Essendon,North Melbourne,12588,Ben,McKay,32,
2026,3,Essendon,North Melbourne,12249,Zach,Merrett,7,
2026,3,Essendon,North Melbourne,12414,Darcy,Parish,3,
2026,3,Essendon,North Melbourne,12880,Archie,Perkins,16,
2026,3,Essendon,North Melbourne,12874,Jaxon,Prior,25,
2026,3,Essendon,North Melbourne,12891,Zach,Reid,31,
2026,3,Essendon,North Melbourne,13169,Archie,Roberts,21,
2026,3,Essendon,North Melbourne,12371,Peter,Wright,20,
2026,3,Essendon,North Melbourne,13220,Tom,Blamires,39,
2026,3,Essendon,North Melbourne,12730,Callum,Coleman-Jones,21,
2026,3,Essendon,North Melbourne,12939,Charlie,Comben,30,
2026,3,Essendon,North Melbourne,12185,Aidan,Corr,4,
2026,3,Essendon,North Melbourne,12975,Paul,Curtis,25,
2026,3,Essendon,North Melbourne,12382,Caleb,Daniel,5,
2026,3,Essendon,North Melbourne,12599,Luke,Davies-Uniacke,9,
2026,3,Essendon,North Melbourne,13291,Lachy,Dovaston,1,
2026,3,Essendon,North Melbourne,13104,Zane,Duursma,7,
2026,3,Essendon,North Melbourne,12569,Nick,Larkey,20,
2026,3,Essendon,North Melbourne,12246,Luke,McDonald,11,
2026,3,Essendon,North Melbourne,13105,Colby,McKercher,10,
2026,3,Essendon,North Melbourne,13187,Finn,OSullivan,2,
2026,3,Essendon,North Melbourne,11958,Luke,Parker,26,
2026,3,Essendon,North Melbourne,13106,Toby,Pink,32,
2026,3,Essendon,North Melbourne,12867,Tom,Powell,24,
2026,3,Essendon,North Melbourne,13030,Harry,Sheezel,3,
2026,3,Essendon,North Melbourne,12511,Jy,Simpkin,12,
2026,3,Essendon,North Melbourne,12798,Dylan,Stephens,15,
2026,3,Essendon,North Melbourne,13263,Cooper,Trembath,47,
2026,3,Essendon,North Melbourne,13065,George,Wardlaw,6,
2026,3,Essendon,North Melbourne,12789,Tristan,Xerri,38,
2026,3,Essendon,North Melbourne,12566,Cameron,Zurhaar,44,
2026,3,Port Adelaide,West Coast,12442,Aliir,Aliir,21,
2026,3,Port Adelaide,West Coast,13188,Joe,Berry,5,
2026,3,Port Adelaide,West Coast,12920,Will,Brodie,23,
2026,3,Port Adelaide,West Coast,13011,Jase,Burgoyne,7,
2026,3,Port Adelaide,West Coast,12693,Zak,Butters,9,
2026,3,Port Adelaide,West Coast,12429,Darcy,Byrne-Jones,33,
2026,3,Port Adelaide,West Coast,12694,Willem,Drew,28,
2026,3,Port Adelaide,West Coast,12952,Corey,Durdin,44,
2026,3,Port Adelaide,West Coast,13155,Logan,Evans,22,
2026,3,Port Adelaide,West Coast,12671,Kane,Farrell,6,
2026,3,Port Adelaide,West Coast,12770,Mitch,Georgiades,19,
2026,3,Port Adelaide,West Coast,12955,Jason,Horne-Francis,18,
2026,3,Port Adelaide,West Coast,12883,Lachie,Jones,34,
2026,3,Port Adelaide,West Coast,13304,Josh,Lai,43,
2026,3,Port Adelaide,West Coast,12703,Jack,Lukosius,12,
2026,3,Port Adelaide,West Coast,13200,Ewan,Mackinlay,31,
2026,3,Port Adelaide,West Coast,12485,Jackson,Mead,3,
2026,3,Port Adelaide,West Coast,12606,Esava,Ratugolea,27,
2026,3,Port Adelaide,West Coast,13141,Joe,Richards,35,
2026,3,Port Adelaide,West Coast,12890,Jordon,Sweet,24,
2026,3,Port Adelaide,West Coast,13205,Jack,Watkins,37,
2026,3,Port Adelaide,West Coast,12613,Jacob,Wehr,15,
2026,3,Port Adelaide,West Coast,13261,Jack,Whitlock,17,
2026,3,Port Adelaide,West Coast,13222,Bo,Allan,26,
2026,3,Port Adelaide,West Coast,12668,Liam,Baker,3,
2026,3,Port Adelaide,West Coast,11942,Jamie,Cripps,15,
2026,3,Port Adelaide,West Coast,13211,Hamish,Davis,38,
2026,3,Port Adelaide,West Coast,12630,Cooper,Duff-Tytler,21,
2026,3,Port Adelaide,West Coast,12340,Liam,Duggan,14,
2026,3,Port Adelaide,West Coast,12607,Willem,Duursma,1,
2026,3,Port Adelaide,West Coast,12869,Matt,Flynn,25,
2026,3,Port Adelaide,West Coast,13032,Reuben,Ginbey,7,
2026,3,Port Adelaide,West Coast,12584,Jack,Graham,17,
2026,3,Port Adelaide,West Coast,12958,Brady,Hough,19,
2026,3,Port Adelaide,West Coast,12605,Tim,Kelly,11,
2026,3,Port Adelaide,West Coast,12433,Josh,Lindsay,5,
2026,3,Port Adelaide,West Coast,13033,Tom,McCarthy,18,
2026,3,Port Adelaide,West Coast,13270,Jacob,Newton,46,
2026,3,Port Adelaide,West Coast,13198,Archer,Reid,22,
2026,3,Port Adelaide,West Coast,13112,Harley,Reid,9,
2026,3,Port Adelaide,West Coast,12777,Deven,Robertson,40,
2026,3,Port Adelaide,West Coast,12816,Harry,Schoenberg,48,
2026,3,Port Adelaide,West Coast,13248,Jobe,Shanahan,35,
2026,3,Port Adelaide,West Coast,12609,Jake,Waterman,2,
2026,3,Port Adelaide,West Coast,12090,Elliot,Yeo,6,
2026,3,Port Adelaide,West Coast,12279,Tylar,Young,20,
2026,3,Carlton,Melbourne,12681,Ben,Ainsworth,12,
2026,3,Carlton,Melbourne,13057,Talor,Byrne,39,
2026,3,Carlton,Melbourne,13214,Matt,Carroll,32,
2026,3,Carlton,Melbourne,13042,Campbell,Chesser,31,
2026,3,Carlton,Melbourne,13028,Lachlan,Cowan,2,
2026,3,Carlton,Melbourne,12269,Patrick,Cripps,9,
2026,3,Carlton,Melbourne,13245,Harry,Dean,35,
2026,3,Carlton,Melbourne,12873,Francis,Evans,44,
2026,3,Carlton,Melbourne,12308,Oliver,Florent,14,
2026,3,Carlton,Melbourne,12937,Will,Hayward,19,
2026,3,Carlton,Melbourne,12417,George,Hewett,29,
2026,3,Carlton,Melbourne,13017,Elijah,Hollands,20,
2026,3,Carlton,Melbourne,13029,Oliver,Hollands,4,
2026,3,Carlton,Melbourne,12938,Brodie,Kemp,17,
2026,3,Carlton,Melbourne,12415,Mitch,McGovern,11,
2026,3,Carlton,Melbourne,12575,Harry,McKay,10,
2026,3,Carlton,Melbourne,13236,Hudson,OKeeffe,40,
2026,3,Carlton,Melbourne,12424,Marc,Pittonet,27,
2026,3,Carlton,Melbourne,13277,Jagga,Smith,7,
2026,3,Carlton,Melbourne,12685,Sam,Walsh,18,
2026,3,Carlton,Melbourne,12410,Jacob,Weitering,23,
2026,3,Carlton,Melbourne,12181,Zac,Williams,6,
2026,3,Carlton,Melbourne,12567,Lewis,Young,33,
2026,3,Carlton,Melbourne,12756,Kade,Chandler,37,
2026,3,Carlton,Melbourne,13303,Paddy,Cross,41,
2026,3,Carlton,Melbourne,12411,Jai,Culley,13,
2026,3,Carlton,Melbourne,12603,Bayley,Fritsch,31,
2026,3,Carlton,Melbourne,11972,Max,Gawn,11,
2026,3,Carlton,Melbourne,13098,Blake,Howes,22,
2026,3,Carlton,Melbourne,12255,Changkuoth,Jiath,14,
2026,3,Carlton,Melbourne,12401,Ed,Langdon,15,
2026,3,Carlton,Melbourne,13036,Harvey,Langford,4,
2026,3,Carlton,Melbourne,12359,Jake,Lever,8,
2026,3,Carlton,Melbourne,12437,Xavier,Lindsay,5,
2026,3,Carlton,Melbourne,12015,Tom,McDonald,25,
2026,3,Carlton,Melbourne,12642,Brody,Mihocek,28,
2026,3,Carlton,Melbourne,12660,Harry,Petty,35,
2026,3,Carlton,Melbourne,12774,Kysaiah,Pickett,36,
2026,3,Carlton,Melbourne,12833,Latrelle,Pickett,33,
2026,3,Carlton,Melbourne,12280,Christian,Salem,3,
2026,3,Carlton,Melbourne,12862,Harry,Sharp,30,
2026,3,Carlton,Melbourne,12692,Tom,Sparrow,32,
2026,3,Carlton,Melbourne,12628,Jack,Steele,9,
2026,3,Carlton,Melbourne,13123,Koltyn,Tholstrup,12,
2026,3,Carlton,Melbourne,13048,Jacob,van Rooyen,2,
2026,3,Carlton,Melbourne,13099,Caleb,Windsor,6,
2026,4,Brisbane Lions,Collingwood,12412,Oscar,Allen,4,
2026,4,Brisbane Lions,Collingwood,13183,Levi,Ashcroft,10,
2026,4,Brisbane Lions,Collingwood,13034,Will,Ashcroft,8,
2026,4,Brisbane Lions,Collingwood,12617,Zac,Bailey,33,
2026,4,Brisbane Lions,Collingwood,12525,Jarrod,Berry,7,
2026,4,Brisbane Lions,Collingwood,12284,Charlie,Cameron,23,
2026,4,Brisbane Lions,Collingwood,12838,Keidean,Coleman,18,
2026,4,Brisbane Lions,Collingwood,12772,Sam,Draper,2,
2026,4,Brisbane Lions,Collingwood,12421,Josh,Dunkley,5,
2026,4,Brisbane Lions,Collingwood,13072,Jaspa,Fletcher,3,
2026,4,Brisbane Lions,Collingwood,12726,Darcy,Fort,32,
2026,4,Brisbane Lions,Collingwood,13234,Ty,Gallop,22,
2026,4,Brisbane Lions,Collingwood,12657,Darragh,Joyce,41,
2026,4,Brisbane Lions,Collingwood,11901,Ryan,Lester,35,
2026,4,Brisbane Lions,Collingwood,12969,Kai,Lohmann,1,
2026,4,Brisbane Lions,Collingwood,12093,Lincoln,McCarthy,11,
2026,4,Brisbane Lions,Collingwood,13138,Logan,Morris,13,
2026,4,Brisbane Lions,Collingwood,12061,Lachie,Neale,9,
2026,4,Brisbane Lions,Collingwood,12594,Cam,Rayner,16,
2026,4,Brisbane Lions,Collingwood,13139,Bruce,Reville,38,
2026,4,Brisbane Lions,Collingwood,13003,James,Tunstill,29,
2026,4,Brisbane Lions,Collingwood,13027,Darcy,Wilmot,44,
2026,4,Brisbane Lions,Collingwood,12082,Dayne,Zorko,15,
2026,4,Brisbane Lions,Collingwood,13147,Edward,Allan,16,
2026,4,Brisbane Lions,Collingwood,12666,Darcy,Cameron,14,
2026,4,Brisbane Lions,Collingwood,12067,Jack,Crisp,25,
2026,4,Brisbane Lions,Collingwood,12582,Josh,Daicos,7,
2026,4,Brisbane Lions,Collingwood,12333,Jordan,de Goey,2,
2026,4,Brisbane Lions,Collingwood,12091,Jamie,Elliott,5,
2026,4,Brisbane Lions,Collingwood,12682,Billy,Frampton,17,
2026,4,Brisbane Lions,Collingwood,13230,Will,Hayes,39,
2026,4,Brisbane Lions,Collingwood,12503,Dan,Houston,9,
2026,4,Brisbane Lions,Collingwood,11973,Jeremy,Howe,38,
2026,4,Brisbane Lions,Collingwood,12586,Patrick,Lipinski,1,
2026,4,Brisbane Lions,Collingwood,13025,Ned,Long,44,
2026,4,Brisbane Lions,Collingwood,12380,Brayden,Maynard,4,
2026,4,Brisbane Lions,Collingwood,12877,Beau,McCreery,31,
2026,4,Brisbane Lions,Collingwood,12297,Daniel,McStay,11,
2026,4,Brisbane Lions,Collingwood,12307,Tim,Membrey,28,
2026,4,Brisbane Lions,Collingwood,12541,Harry,Perryman,12,
2026,4,Brisbane Lions,Collingwood,12740,Isaac,Quaynor,3,
2026,4,Brisbane Lions,Collingwood,12704,Lachie,Schultz,8,
2026,4,Brisbane Lions,Collingwood,11759,Steele,Sidebottom,22,
2026,4,Brisbane Lions,Collingwood,13249,Roan,Steele,45,
2026,4,Brisbane Lions,Collingwood,13301,Oscar,Steene,21,
2026,4,Brisbane Lions,Collingwood,13134,Lachlan,Sullivan,33,
2026,4,North Melbourne,Carlton,13257,Zac,Banch,45,
2026,4,North Melbourne,Carlton,13220,Tom,Blamires,39,
2026,4,North Melbourne,Carlton,12730,Callum,Coleman-Jones,21,
2026,4,North Melbourne,Carlton,12939,Charlie,Comben,30,
2026,4,North Melbourne,Carlton,12185,Aidan,Corr,4,
2026,4,North Melbourne,Carlton,12975,Paul,Curtis,25,
2026,4,North Melbourne,Carlton,12382,Caleb,Daniel,5,
2026,4,North Melbourne,Carlton,11908,Jack,Darling,27,
2026,4,North Melbourne,Carlton,12599,Luke,Davies-Uniacke,9,
2026,4,North Melbourne,Carlton,13104,Zane,Duursma,7,
2026,4,North Melbourne,Carlton,12569,Nick,Larkey,20,
2026,4,North Melbourne,Carlton,12246,Luke,McDonald,11,
2026,4,North Melbourne,Carlton,13105,Colby,McKercher,10,
2026,4,North Melbourne,Carlton,13187,Finn,OSullivan,2,
2026,4,North Melbourne,Carlton,11958,Luke,Parker,26,
2026,4,North Melbourne,Carlton,13106,Toby,Pink,32,
2026,4,North Melbourne,Carlton,12867,Tom,Powell,24,
2026,4,North Melbourne,Carlton,13030,Harry,Sheezel,3,
2026,4,North Melbourne,Carlton,12511,Jy,Simpkin,12,
2026,4,North Melbourne,Carlton,12798,Dylan,Stephens,15,
2026,4,North Melbourne,Carlton,13263,Cooper,Trembath,47,
2026,4,North Melbourne,Carlton,13065,George,Wardlaw,6,
2026,4,North Melbourne,Carlton,12566,Cameron,Zurhaar,44,
2026,4,North Melbourne,Carlton,12681,Ben,Ainsworth,12,
2026,4,North Melbourne,Carlton,12965,Jordan,Boyd,37,
2026,4,North Melbourne,Carlton,13057,Talor,Byrne,39,
2026,4,North Melbourne,Carlton,13214,Matt,Carroll,32,
2026,4,North Melbourne,Carlton,12610,Adam,Cerra,5,
2026,4,North Melbourne,Carlton,13028,Lachlan,Cowan,2,
2026,4,North Melbourne,Carlton,12269,Patrick,Cripps,9,
2026,4,North Melbourne,Carlton,13306,Wade,Derksen,47,
2026,4,North Melbourne,Carlton,12873,Francis,Evans,44,
2026,4,North Melbourne,Carlton,12308,Oliver,Florent,14,
2026,4,North Melbourne,Carlton,12937,Will,Hayward,19,
2026,4,North Melbourne,Carlton,12417,George,Hewett,29,
2026,4,North Melbourne,Carlton,13017,Elijah,Hollands,20,
2026,4,North Melbourne,Carlton,13029,Oliver,Hollands,4,
2026,4,North Melbourne,Carlton,12938,Brodie,Kemp,17,
2026,4,North Melbourne,Carlton,12415,Mitch,McGovern,11,
2026,4,North Melbourne,Carlton,12575,Harry,McKay,10,
2026,4,North Melbourne,Carlton,12511,Nic,Newman,24,
2026,4,North Melbourne,Carlton,12424,Marc,Pittonet,27,
2026,4,North Melbourne,Carlton,13277,Jagga,Smith,7,
2026,4,North Melbourne,Carlton,12685,Sam,Walsh,18,
2026,4,North Melbourne,Carlton,12410,Jacob,Weitering,23,
2026,4,North Melbourne,Carlton,12567,Lewis,Young,33,
2026,4,Adelaide,Fremantle,12855,Sam,Berry,3,
2026,4,Adelaide,Fremantle,12702,Hugh,Bond,21,
2026,4,Adelaide,Fremantle,13088,James,Borlase,35,
2026,4,Adelaide,Fremantle,12936,Brayden,Cook,15,
2026,4,Adelaide,Fremantle,12519,Jordan,Dawson,12,
2026,4,Adelaide,Fremantle,12697,Chayce,Jones,1,
2026,4,Adelaide,Fremantle,12441,Ben,Keays,2,
2026,4,Adelaide,Fremantle,13222,Finnbar,Maley,36,
2026,4,Adelaide,Fremantle,13068,Lachlan,McAndrew,42,
2026,4,Adelaide,Fremantle,13038,Max,Michalanney,16,
2026,4,Adelaide,Fremantle,12416,Wayne,Milera,30,
2026,4,Adelaide,Fremantle,12875,Nick,Murray,9,
2026,4,Adelaide,Fremantle,12375,Alex,Neal-Bullen,28,
2026,4,Adelaide,Fremantle,12483,Reilly,OBrien,43,
2026,4,Adelaide,Fremantle,12934,James,Peatling,25,
2026,4,Adelaide,Fremantle,12922,Luke,Pedlar,10,
2026,4,Adelaide,Fremantle,12957,Josh,Rachele,8,
2026,4,Adelaide,Fremantle,12797,Izak,Rankine,23,
2026,4,Adelaide,Fremantle,12956,Jake,Soligo,14,
2026,4,Adelaide,Fremantle,13161,Zac,Taylor,19,
2026,4,Adelaide,Fremantle,12893,Riley,Thilthorpe,7,
2026,4,Adelaide,Fremantle,11724,Taylor,Walker,13,
2026,4,Adelaide,Fremantle,12916,Josh,Worrell,24,
2026,4,Adelaide,Fremantle,12983,Jye,Amiss,24,
2026,4,Adelaide,Fremantle,12538,Shai,Bolton,10,
2026,4,Adelaide,Fremantle,12596,Andrew,Brayshaw,8,
2026,4,Adelaide,Fremantle,12876,Heath,Chapman,5,
2026,4,Adelaide,Fremantle,12688,Jordan,Clark,6,
2026,4,Adelaide,Fremantle,12552,Brennan,Cox,36,
2026,4,Adelaide,Fremantle,12555,Sean,Darcy,4,
2026,4,Adelaide,Fremantle,13207,Isaiah,Dudley,43,
2026,4,Adelaide,Fremantle,12967,Neil,Erasmus,28,
2026,4,Adelaide,Fremantle,12779,Luke,Jackson,9,
2026,4,Adelaide,Fremantle,13049,Matthew,Johnson,44,
2026,4,Adelaide,Fremantle,13036,Judd,McVee,17,
2026,4,Adelaide,Fremantle,12149,Jaeger,OMeara,2,
2026,4,Adelaide,Fremantle,12361,Alex,Pearce,25,
2026,4,Adelaide,Fremantle,13181,Murphy,Reid,16,
2026,4,Adelaide,Fremantle,12550,Luke,Ryan,13,
2026,4,Adelaide,Fremantle,13299,Chris,Scerri,45,
2026,4,Adelaide,Fremantle,12786,Caleb,Serong,3,
2026,4,Adelaide,Fremantle,12679,Sam,Switkowski,39,
2026,4,Adelaide,Fremantle,12888,Josh,Treacy,35,
2026,4,Adelaide,Fremantle,13132,Patrick,Voss,20,
2026,4,Adelaide,Fremantle,12461,Corey,Wagner,34,
2026,4,Adelaide,Fremantle,13080,Karl,Worner,23,
2026,4,Richmond,Port Adelaide,13081,Sam,Banks,6,
2026,4,Richmond,Port Adelaide,12464,Nathan,Broad,35,
2026,4,Richmond,Port Adelaide,13097,Tom,Brown,30,
2026,4,Richmond,Port Adelaide,13100,Seth,Campbell,44,
2026,4,Richmond,Port Adelaide,13217,Jonty,Faull,8,
2026,4,Richmond,Port Adelaide,13077,Liam,Fawcett,43,
2026,4,Richmond,Port Adelaide,13217,Campbell,Gray,50,
2026,4,Richmond,Port Adelaide,13144,Steely,Green,48,
2026,4,Richmond,Port Adelaide,13253,Sam,Grlj,24,
2026,4,Richmond,Port Adelaide,12447,Jacob,Hopper,2,
2026,4,Richmond,Port Adelaide,13193,Sam,Lalor,4,
2026,4,Richmond,Port Adelaide,13115,Mykelti,Lefau,42,
2026,4,Richmond,Port Adelaide,13122,Kane,McAuliffe,28,
2026,4,Richmond,Port Adelaide,12940,Ben,Miller,12,
2026,4,Richmond,Port Adelaide,11921,Dion,Prestia,3,
2026,4,Richmond,Port Adelaide,12935,Maurice,Rioli,17,
2026,4,Richmond,Port Adelaide,12712,Jack,Ross,5,
2026,4,Richmond,Port Adelaide,12918,Samson,Ryan,32,
2026,4,Richmond,Port Adelaide,12425,Jayden,Short,15,
2026,4,Richmond,Port Adelaide,13015,Tyler,Sonsie,40,
2026,4,Richmond,Port Adelaide,12512,Tim,Taranto,14,
2026,4,Richmond,Port Adelaide,13194,Luke,Trainor,11,
2026,4,Richmond,Port Adelaide,12180,Nick,Vlastuin,1,
2026,4,Richmond,Port Adelaide,12442,Aliir,Aliir,21,
2026,4,Richmond,Port Adelaide,12868,Miles,Bergman,14,
2026,4,Richmond,Port Adelaide,13188,Joe,Berry,5,
2026,4,Richmond,Port Adelaide,13011,Jase,Burgoyne,7,
2026,4,Richmond,Port Adelaide,12693,Zak,Butters,9,
2026,4,Richmond,Port Adelaide,12429,Darcy,Byrne-Jones,33,
2026,4,Richmond,Port Adelaide,12694,Willem,Drew,28,
2026,4,Richmond,Port Adelaide,12952,Corey,Durdin,44,
2026,4,Richmond,Port Adelaide,13155,Logan,Evans,22,
2026,4,Richmond,Port Adelaide,12671,Kane,Farrell,6,
2026,4,Richmond,Port Adelaide,12770,Mitch,Georgiades,19,
2026,4,Richmond,Port Adelaide,12955,Jason,Horne-Francis,18,
2026,4,Richmond,Port Adelaide,12883,Lachie,Jones,34,
2026,4,Richmond,Port Adelaide,13304,Josh,Lai,43,
2026,4,Richmond,Port Adelaide,12703,Jack,Lukosius,12,
2026,4,Richmond,Port Adelaide,13200,Ewan,Mackinlay,31,
2026,4,Richmond,Port Adelaide,13141,Joe,Richards,35,
2026,4,Richmond,Port Adelaide,12890,Jordon,Sweet,24,
2026,4,Richmond,Port Adelaide,13205,Jack,Watkins,37,
2026,4,Richmond,Port Adelaide,12613,Jacob,Wehr,15,
2026,4,Richmond,Port Adelaide,13261,Jack,Whitlock,17,
2026,4,Richmond,Port Adelaide,12155,Ollie,Wines,16,
2026,4,Richmond,Port Adelaide,13231,Mitch,Zadow,39,
2026,4,West Coast,Sydney,13222,Bo,Allan,26,
2026,4,West Coast,Sydney,12668,Liam,Baker,3,
2026,4,West Coast,Sydney,13210,Sandy,Brock,41,
2026,4,West Coast,Sydney,13250,Malakai,Champion,37,
2026,4,West Coast,Sydney,11942,Jamie,Cripps,15,
2026,4,West Coast,Sydney,13211,Hamish,Davis,38,
2026,4,West Coast,Sydney,12630,Cooper,Duff-Tytler,21,
2026,4,West Coast,Sydney,12340,Liam,Duggan,14,
2026,4,West Coast,Sydney,12607,Willem,Duursma,1,
2026,4,West Coast,Sydney,12869,Matt,Flynn,25,
2026,4,West Coast,Sydney,13032,Reuben,Ginbey,7,
2026,4,West Coast,Sydney,12584,Jack,Graham,17,
2026,4,West Coast,Sydney,12958,Brady,Hough,19,
2026,4,West Coast,Sydney,12605,Tim,Kelly,11,
2026,4,West Coast,Sydney,12433,Josh,Lindsay,5,
2026,4,West Coast,Sydney,13033,Tom,McCarthy,18,
2026,4,West Coast,Sydney,12842,Matthew,Owies,16,
2026,4,West Coast,Sydney,13198,Archer,Reid,22,
2026,4,West Coast,Sydney,13112,Harley,Reid,9,
2026,4,West Coast,Sydney,12816,Harry,Schoenberg,48,
2026,4,West Coast,Sydney,13248,Jobe,Shanahan,35,
2026,4,West Coast,Sydney,12609,Jake,Waterman,2,
2026,4,West Coast,Sydney,12279,Tylar,Young,20,
2026,4,West Coast,Sydney,12847,Joel,Amartey,36,
2026,4,West Coast,Sydney,13182,Riley,Bice,26,
2026,4,West Coast,Sydney,12699,Nick,Blakey,22,
2026,4,West Coast,Sydney,12038,Harry,Cunningham,7,
2026,4,West Coast,Sydney,13117,Charlie,Curnow,35,
2026,4,West Coast,Sydney,12223,Brodie,Grundy,4,
2026,4,West Coast,Sydney,12331,Isaac,Heeney,5,
2026,4,West Coast,Sydney,12853,James,Jordon,17,
2026,4,West Coast,Sydney,12275,Jake,Lloyd,44,
2026,4,West Coast,Sydney,12634,Tom,McCartin,30,
2026,4,West Coast,Sydney,12864,Logan,McDonald,6,
2026,4,West Coast,Sydney,12711,Justin,McInerney,27,
2026,4,West Coast,Sydney,12533,Lewis,Melican,43,
2026,4,West Coast,Sydney,12418,Callum,Mills,14,
2026,4,West Coast,Sydney,12419,Tom,Papley,11,
2026,4,West Coast,Sydney,12148,Dane,Rampe,24,
2026,4,West Coast,Sydney,12993,Matt,Roberts,34,
2026,4,West Coast,Sydney,12715,James,Rowbottom,8,
2026,4,West Coast,Sydney,12501,Jai,Serong,13,
2026,4,West Coast,Sydney,12951,Angus,Sheldrick,12,
2026,4,West Coast,Sydney,12799,Chad,Warner,1,
2026,4,West Coast,Sydney,13053,Corey,Warner,37,
2026,4,West Coast,Sydney,12820,Sam,Wicks,15,
2026,4,Melbourne,Gold Coast,12756,Kade,Chandler,37,
2026,4,Melbourne,Gold Coast,12411,Jai,Culley,13,
2026,4,Melbourne,Gold Coast,11972,Max,Gawn,11,
2026,4,Melbourne,Gold Coast,13098,Blake,Howes,22,
2026,4,Melbourne,Gold Coast,12401,Ed,Langdon,15,
2026,4,Melbourne,Gold Coast,13036,Harvey,Langford,4,
2026,4,Melbourne,Gold Coast,13035,Bailey,Laurie,16,
2026,4,Melbourne,Gold Coast,12359,Jake,Lever,8,
2026,4,Melbourne,Gold Coast,12437,Xavier,Lindsay,5,
2026,4,Melbourne,Gold Coast,12015,Tom,McDonald,25,
2026,4,Melbourne,Gold Coast,11828,Jake,Melksham,18,
2026,4,Melbourne,Gold Coast,12642,Brody,Mihocek,28,
2026,4,Melbourne,Gold Coast,12660,Harry,Petty,35,
2026,4,Melbourne,Gold Coast,12774,Kysaiah,Pickett,36,
2026,4,Melbourne,Gold Coast,12833,Latrelle,Pickett,33,
2026,4,Melbourne,Gold Coast,12280,Christian,Salem,3,
2026,4,Melbourne,Gold Coast,12862,Harry,Sharp,30,
2026,4,Melbourne,Gold Coast,12692,Tom,Sparrow,32,
2026,4,Melbourne,Gold Coast,12628,Jack,Steele,9,
2026,4,Melbourne,Gold Coast,13123,Koltyn,Tholstrup,12,
2026,4,Melbourne,Gold Coast,12998,Daniel,Turner,10,
2026,4,Melbourne,Gold Coast,13048,Jacob,van Rooyen,2,
2026,4,Melbourne,Gold Coast,13099,Caleb,Windsor,6,
2026,4,Melbourne,Gold Coast,12767,Noah,Anderson,15,
2026,4,Melbourne,Gold Coast,13019,Mac,Andrew,1,
2026,4,Melbourne,Gold Coast,12631,Charlie,Ballard,10,
2026,4,Melbourne,Gold Coast,13119,Sam,Clohesy,33,
2026,4,Melbourne,Gold Coast,12453,Sam,Collins,25,
2026,4,Melbourne,Gold Coast,13120,Will,Graham,26,
2026,4,Melbourne,Gold Coast,13272,Lachlan,Gulbin,39,
2026,4,Melbourne,Gold Coast,12936,Joel,Jeffrey,16,
2026,4,Melbourne,Gold Coast,12728,Ben,King,34,
2026,4,Melbourne,Gold Coast,12489,Leo,Lombard,8,
2026,4,Melbourne,Gold Coast,12529,Ben,Long,22,
2026,4,Melbourne,Gold Coast,12329,Touk,Miller,11,
2026,4,Melbourne,Gold Coast,12743,John,Noble,2,
2026,4,Melbourne,Gold Coast,12658,Wil,Powell,27,
2026,4,Melbourne,Gold Coast,13121,Ethan,Read,20,
2026,4,Melbourne,Gold Coast,12409,Daniel,Rioli,17,
2026,4,Melbourne,Gold Coast,13127,Jake,Rogers,29,
2026,4,Melbourne,Gold Coast,12769,Matt,Rowell,18,
2026,4,Melbourne,Gold Coast,12086,Bodhi,Uwland,6,
2026,4,Melbourne,Gold Coast,13037,Zeke,Uwland,32,
2026,4,Melbourne,Gold Coast,13114,Jed,Walter,4,
2026,4,Melbourne,Gold Coast,12393,Lachie,Weller,14,
2026,4,Melbourne,Gold Coast,12184,Jarrod,Witts,28,
2026,4,Western Bulldogs,Essendon,12723,Oskar,Baker,13,
2026,4,Western Bulldogs,Essendon,12277,Marcus,Bontempelli,4,
2026,4,Western Bulldogs,Essendon,12917,Lachlan,Bramble,29,
2026,4,Western Bulldogs,Essendon,11874,Connor,Budarick,19,
2026,4,Western Bulldogs,Essendon,13269,Jordan,Croft,16,
2026,4,Western Bulldogs,Essendon,12362,Bailey,Dale,31,
2026,4,Western Bulldogs,Essendon,13023,Sam,Darcy,10,
2026,4,Western Bulldogs,Essendon,13184,Sam,Davidson,42,
2026,4,Western Bulldogs,Essendon,13185,Josh,Dolan,26,
2026,4,Western Bulldogs,Essendon,12548,Tim,English,44,
2026,4,Western Bulldogs,Essendon,13140,Joel,Freijah,27,
2026,4,Western Bulldogs,Essendon,13278,Lachie,Jaques,11,
2026,4,Western Bulldogs,Essendon,13047,Arthur,Jones,32,
2026,4,Western Bulldogs,Essendon,12463,Matthew,Kennedy,8,
2026,4,Western Bulldogs,Essendon,12901,Buku,Khamis,24,
2026,4,Western Bulldogs,Essendon,12289,Rory,Lobb,7,
2026,4,Western Bulldogs,Essendon,12851,Lachlan,McNeil,30,
2026,4,Western Bulldogs,Essendon,12602,Aaron,Naughton,33,
2026,4,Western Bulldogs,Essendon,13063,James,ODonnell,18,
2026,4,Western Bulldogs,Essendon,13111,Ryley,Sanders,9,
2026,4,Western Bulldogs,Essendon,13279,Michael,Sellwood,37,
2026,4,Western Bulldogs,Essendon,12748,Rhylee,West,14,
2026,4,Western Bulldogs,Essendon,12449,Bailey,Williams,34,
2026,4,Western Bulldogs,Essendon,13238,Lachlan,Blakiston,46,
2026,4,Western Bulldogs,Essendon,12752,Jye,Caldwell,6,
2026,4,Western Bulldogs,Essendon,13224,Archer,Day-Wicks,44,
2026,4,Western Bulldogs,Essendon,12926,Sam,Durham,22,
2026,4,Western Bulldogs,Essendon,12695,Xavier,Duursma,28,
2026,4,Western Bulldogs,Essendon,13199,Tom,Edwards,45,
2026,4,Western Bulldogs,Essendon,13204,Saad,El-Hawli,41,
2026,4,Western Bulldogs,Essendon,12809,Jacob,Farrow,2,
2026,4,Western Bulldogs,Essendon,12422,Jade,Gresham,11,
2026,4,Western Bulldogs,Essendon,12619,Matt,Guelfi,35,
2026,4,Western Bulldogs,Essendon,13232,Zak,Johnson,40,
2026,4,Western Bulldogs,Essendon,13180,Isaac,Kako,10,
2026,4,Western Bulldogs,Essendon,12358,Kyle,Langford,4,
2026,4,Western Bulldogs,Essendon,13239,Archie,May,26,
2026,4,Western Bulldogs,Essendon,12505,Andrew,McGrath,1,
2026,4,Western Bulldogs,Essendon,12588,Ben,McKay,32,
2026,4,Western Bulldogs,Essendon,12249,Zach,Merrett,7,
2026,4,Western Bulldogs,Essendon,12414,Darcy,Parish,3,
2026,4,Western Bulldogs,Essendon,12880,Archie,Perkins,16,
2026,4,Western Bulldogs,Essendon,12874,Jaxon,Prior,25,
2026,4,Western Bulldogs,Essendon,12891,Zach,Reid,31,
2026,4,Western Bulldogs,Essendon,13169,Archie,Roberts,21,
2026,4,Western Bulldogs,Essendon,12371,Peter,Wright,20,
2026,4,Hawthorn,Geelong,12391,Tom,Barrass,37,
2026,4,Hawthorn,Geelong,12565,Josh,Battle,24,
2026,4,Hawthorn,Geelong,12989,Sam,Butler,30,
2026,4,Hawthorn,Geelong,12491,Mabior,Chol,18,
2026,4,Hawthorn,Geelong,13103,Jack,Dalton,34,
2026,4,Hawthorn,Geelong,12999,Massimo,DAmbrosio,16,
2026,4,Hawthorn,Geelong,12928,Jack,Ginnivan,33,
2026,4,Hawthorn,Geelong,11854,Jack,Gunston,19,
2026,4,Hawthorn,Geelong,12477,Blake,Hardwick,15,
2026,4,Hawthorn,Geelong,12245,Jarman,Impey,4,
2026,4,Hawthorn,Geelong,12643,Mitch,Lewis,2,
2026,4,Hawthorn,Geelong,12753,Connor,Macdonald,9,
2026,4,Hawthorn,Geelong,12854,Lloyd,Meek,17,
2026,4,Hawthorn,Geelong,12124,Dylan,Moore,8,
2026,4,Hawthorn,Geelong,12678,Conor,Nash,11,
2026,4,Hawthorn,Geelong,12913,Jai,Newcombe,3,
2026,4,Hawthorn,Geelong,12844,Flynn,Perez,39,
2026,4,Hawthorn,Geelong,12907,Ned,Reeves,7,
2026,4,Hawthorn,Geelong,12571,Jack,Scrimshaw,14,
2026,4,Hawthorn,Geelong,12342,James,Sicily,6,
2026,4,Hawthorn,Geelong,12954,Josh,Ward,25,
2026,4,Hawthorn,Geelong,12626,Nick,Watson,5,
2026,4,Hawthorn,Geelong,13059,Josh,Weddle,23,
2026,4,Hawthorn,Geelong,12687,Tom,Atkins,30,
2026,4,Hawthorn,Geelong,12160,Mark,Blicavs,46,
2026,4,Hawthorn,Geelong,12507,Jack,Bowes,12,
2026,4,Hawthorn,Geelong,12874,Tanner,Bruhn,4,
2026,4,Hawthorn,Geelong,12022,Jeremy,Cameron,5,
2026,4,Hawthorn,Geelong,12808,Brad,Close,45,
2026,4,Hawthorn,Geelong,12892,Sam,De Koning,16,
2026,4,Hawthorn,Geelong,12976,Oliver,Dempsey,28,
2026,4,Hawthorn,Geelong,13288,Mitchell,Edwards,11,
2026,4,Hawthorn,Geelong,12559,Zach,Guthrie,39,
2026,4,Hawthorn,Geelong,12614,Jack,Henry,38,
2026,4,Hawthorn,Geelong,12850,Oliver,Henry,36,
2026,4,Hawthorn,Geelong,12882,Max,Holmes,9,
2026,4,Hawthorn,Geelong,13162,Lawson,Humphries,17,
2026,4,Hawthorn,Geelong,13107,Shaun,Mannagh,7,
2026,4,Hawthorn,Geelong,12243,Jack,Martin,19,
2026,4,Hawthorn,Geelong,12690,Gryan,Miers,32,
2026,4,Hawthorn,Geelong,13067,Oisin,Mullin,34,
2026,4,Hawthorn,Geelong,12995,Shannon,Neale,33,
2026,4,Hawthorn,Geelong,13125,Connor,OSullivan,14,
2026,4,Hawthorn,Geelong,12698,Bailey,Smith,3,
2026,4,Hawthorn,Geelong,12514,Tom,Stewart,44,
2026,4,Hawthorn,Geelong,13219,Oliver,Wiltshire,21,
2026,5,Adelaide,Carlton,12855,Sam,Berry,3,
2026,5,Adelaide,Carlton,13088,James,Borlase,35,
2026,5,Adelaide,Carlton,12936,Brayden,Cook,15,
2026,5,Adelaide,Carlton,12635,Isaac,Cumming,44,
2026,5,Adelaide,Carlton,12519,Jordan,Dawson,12,
2026,5,Adelaide,Carlton,12725,Mitch,Hinge,20,
2026,5,Adelaide,Carlton,12441,Ben,Keays,2,
2026,5,Adelaide,Carlton,12171,Rory,Laird,29,
2026,5,Adelaide,Carlton,13222,Finnbar,Maley,36,
2026,5,Adelaide,Carlton,13068,Lachlan,McAndrew,42,
2026,5,Adelaide,Carlton,13038,Max,Michalanney,16,
2026,5,Adelaide,Carlton,12416,Wayne,Milera,30,
2026,5,Adelaide,Carlton,12875,Nick,Murray,9,
2026,5,Adelaide,Carlton,13084,Luke,Nankervis,27,
2026,5,Adelaide,Carlton,12375,Alex,Neal-Bullen,28,
2026,5,Adelaide,Carlton,12934,James,Peatling,25,
2026,5,Adelaide,Carlton,12957,Josh,Rachele,8,
2026,5,Adelaide,Carlton,12797,Izak,Rankine,23,
2026,5,Adelaide,Carlton,12956,Jake,Soligo,14,
2026,5,Adelaide,Carlton,13161,Zac,Taylor,19,
2026,5,Adelaide,Carlton,12893,Riley,Thilthorpe,7,
2026,5,Adelaide,Carlton,11724,Taylor,Walker,13,
2026,5,Adelaide,Carlton,12916,Josh,Worrell,24,
2026,5,Adelaide,Carlton,12681,Ben,Ainsworth,12,
2026,5,Adelaide,Carlton,12965,Jordan,Boyd,37,
2026,5,Adelaide,Carlton,13057,Talor,Byrne,39,
2026,5,Adelaide,Carlton,13214,Matt,Carroll,32,
2026,5,Adelaide,Carlton,12610,Adam,Cerra,5,
2026,5,Adelaide,Carlton,13028,Lachlan,Cowan,2,
2026,5,Adelaide,Carlton,12269,Patrick,Cripps,9,
2026,5,Adelaide,Carlton,13306,Wade,Derksen,47,
2026,5,Adelaide,Carlton,12873,Francis,Evans,44,
2026,5,Adelaide,Carlton,12308,Oliver,Florent,14,
2026,5,Adelaide,Carlton,12096,Nick,Haynes,26,
2026,5,Adelaide,Carlton,13017,Elijah,Hollands,20,
2026,5,Adelaide,Carlton,13029,Oliver,Hollands,4,
2026,5,Adelaide,Carlton,12938,Brodie,Kemp,17,
2026,5,Adelaide,Carlton,12415,Mitch,McGovern,11,
2026,5,Adelaide,Carlton,12575,Harry,McKay,10,
2026,5,Adelaide,Carlton,12511,Nic,Newman,24,
2026,5,Adelaide,Carlton,13236,Hudson,OKeeffe,40,
2026,5,Adelaide,Carlton,12424,Marc,Pittonet,27,
2026,5,Adelaide,Carlton,13277,Jagga,Smith,7,
2026,5,Adelaide,Carlton,12685,Sam,Walsh,18,
2026,5,Adelaide,Carlton,12181,Zac,Williams,6,
2026,5,Adelaide,Carlton,12567,Lewis,Young,33,
2026,5,Collingwood,Fremantle,12648,Angus,Anderson,41,
2026,5,Collingwood,Fremantle,12666,Darcy,Cameron,14,
2026,5,Collingwood,Fremantle,12067,Jack,Crisp,25,
2026,5,Collingwood,Fremantle,12582,Josh,Daicos,7,
2026,5,Collingwood,Fremantle,12948,Nick,Daicos,35,
2026,5,Collingwood,Fremantle,12333,Jordan,de Goey,2,
2026,5,Collingwood,Fremantle,12091,Jamie,Elliott,5,
2026,5,Collingwood,Fremantle,12682,Billy,Frampton,17,
2026,5,Collingwood,Fremantle,12503,Dan,Houston,9,
2026,5,Collingwood,Fremantle,11973,Jeremy,Howe,38,
2026,5,Collingwood,Fremantle,12586,Patrick,Lipinski,1,
2026,5,Collingwood,Fremantle,13025,Ned,Long,44,
2026,5,Collingwood,Fremantle,12380,Brayden,Maynard,4,
2026,5,Collingwood,Fremantle,12877,Beau,McCreery,31,
2026,5,Collingwood,Fremantle,12297,Daniel,McStay,11,
2026,5,Collingwood,Fremantle,12307,Tim,Membrey,28,
2026,5,Collingwood,Fremantle,11506,Scott,Pendlebury,10,
2026,5,Collingwood,Fremantle,12541,Harry,Perryman,12,
2026,5,Collingwood,Fremantle,12740,Isaac,Quaynor,3,
2026,5,Collingwood,Fremantle,12704,Lachie,Schultz,8,
2026,5,Collingwood,Fremantle,11759,Steele,Sidebottom,22,
2026,5,Collingwood,Fremantle,13249,Roan,Steele,45,
2026,5,Collingwood,Fremantle,13301,Oscar,Steene,21,
2026,5,Collingwood,Fremantle,12983,Jye,Amiss,24,
2026,5,Collingwood,Fremantle,12538,Shai,Bolton,10,
2026,5,Collingwood,Fremantle,12596,Andrew,Brayshaw,8,
2026,5,Collingwood,Fremantle,12876,Heath,Chapman,5,
2026,5,Collingwood,Fremantle,12688,Jordan,Clark,6,
2026,5,Collingwood,Fremantle,12552,Brennan,Cox,36,
2026,5,Collingwood,Fremantle,12555,Sean,Darcy,4,
2026,5,Collingwood,Fremantle,13207,Isaiah,Dudley,43,
2026,5,Collingwood,Fremantle,12967,Neil,Erasmus,28,
2026,5,Collingwood,Fremantle,12779,Luke,Jackson,9,
2026,5,Collingwood,Fremantle,13049,Matthew,Johnson,44,
2026,5,Collingwood,Fremantle,13036,Judd,McVee,17,
2026,5,Collingwood,Fremantle,12149,Jaeger,OMeara,2,
2026,5,Collingwood,Fremantle,12361,Alex,Pearce,25,
2026,5,Collingwood,Fremantle,13181,Murphy,Reid,16,
2026,5,Collingwood,Fremantle,12550,Luke,Ryan,13,
2026,5,Collingwood,Fremantle,13299,Chris,Scerri,45,
2026,5,Collingwood,Fremantle,12786,Caleb,Serong,3,
2026,5,Collingwood,Fremantle,12679,Sam,Switkowski,39,
2026,5,Collingwood,Fremantle,12888,Josh,Treacy,35,
2026,5,Collingwood,Fremantle,13132,Patrick,Voss,20,
2026,5,Collingwood,Fremantle,12461,Corey,Wagner,34,
2026,5,Collingwood,Fremantle,13080,Karl,Worner,23,
2026,5,North Melbourne,Brisbane Lions,13257,Zac,Banch,45,
2026,5,North Melbourne,Brisbane Lions,13220,Tom,Blamires,39,
2026,5,North Melbourne,Brisbane Lions,12730,Callum,Coleman-Jones,21,
2026,5,North Melbourne,Brisbane Lions,12939,Charlie,Comben,30,
2026,5,North Melbourne,Brisbane Lions,12185,Aidan,Corr,4,
2026,5,North Melbourne,Brisbane Lions,12975,Paul,Curtis,25,
2026,5,North Melbourne,Brisbane Lions,12382,Caleb,Daniel,5,
2026,5,North Melbourne,Brisbane Lions,11908,Jack,Darling,27,
2026,5,North Melbourne,Brisbane Lions,12599,Luke,Davies-Uniacke,9,
2026,5,North Melbourne,Brisbane Lions,13104,Zane,Duursma,7,
2026,5,North Melbourne,Brisbane Lions,12569,Nick,Larkey,20,
2026,5,North Melbourne,Brisbane Lions,12524,Griffin,Logue,19,
2026,5,North Melbourne,Brisbane Lions,12246,Luke,McDonald,11,
2026,5,North Melbourne,Brisbane Lions,13105,Colby,McKercher,10,
2026,5,North Melbourne,Brisbane Lions,11958,Luke,Parker,26,
2026,5,North Melbourne,Brisbane Lions,12867,Tom,Powell,24,
2026,5,North Melbourne,Brisbane Lions,13030,Harry,Sheezel,3,
2026,5,North Melbourne,Brisbane Lions,12511,Jy,Simpkin,12,
2026,5,North Melbourne,Brisbane Lions,12434,Charlie,Spargo,13,
2026,5,North Melbourne,Brisbane Lions,12798,Dylan,Stephens,15,
2026,5,North Melbourne,Brisbane Lions,13263,Cooper,Trembath,47,
2026,5,North Melbourne,Brisbane Lions,13065,George,Wardlaw,6,
2026,5,North Melbourne,Brisbane Lions,12566,Cameron,Zurhaar,44,
2026,5,North Melbourne,Brisbane Lions,12412,Oscar,Allen,4,
2026,5,North Melbourne,Brisbane Lions,12347,Harris,Andrews,31,
2026,5,North Melbourne,Brisbane Lions,13183,Levi,Ashcroft,10,
2026,5,North Melbourne,Brisbane Lions,13034,Will,Ashcroft,8,
2026,5,North Melbourne,Brisbane Lions,12617,Zac,Bailey,33,
2026,5,North Melbourne,Brisbane Lions,12525,Jarrod,Berry,7,
2026,5,North Melbourne,Brisbane Lions,12284,Charlie,Cameron,23,
2026,5,North Melbourne,Brisbane Lions,12838,Keidean,Coleman,18,
2026,5,North Melbourne,Brisbane Lions,12772,Sam,Draper,2,
2026,5,North Melbourne,Brisbane Lions,12421,Josh,Dunkley,5,
2026,5,North Melbourne,Brisbane Lions,13072,Jaspa,Fletcher,3,
2026,5,North Melbourne,Brisbane Lions,12726,Darcy,Fort,32,
2026,5,North Melbourne,Brisbane Lions,13234,Ty,Gallop,22,
2026,5,North Melbourne,Brisbane Lions,11901,Ryan,Lester,35,
2026,5,North Melbourne,Brisbane Lions,12969,Kai,Lohmann,1,
2026,5,North Melbourne,Brisbane Lions,12093,Lincoln,McCarthy,11,
2026,5,North Melbourne,Brisbane Lions,12526,Hugh,McCluggage,6,
2026,5,North Melbourne,Brisbane Lions,13138,Logan,Morris,13,
2026,5,North Melbourne,Brisbane Lions,12061,Lachie,Neale,9,
2026,5,North Melbourne,Brisbane Lions,12594,Cam,Rayner,16,
2026,5,North Melbourne,Brisbane Lions,13139,Bruce,Reville,38,
2026,5,North Melbourne,Brisbane Lions,13027,Darcy,Wilmot,44,
2026,5,North Melbourne,Brisbane Lions,12082,Dayne,Zorko,15,
2026,5,Essendon,Melbourne,13238,Lachlan,Blakiston,46,
2026,5,Essendon,Melbourne,13149,Nate,Caddy,30,
2026,5,Essendon,Melbourne,12752,Jye,Caldwell,6,
2026,5,Essendon,Melbourne,13224,Archer,Day-Wicks,44,
2026,5,Essendon,Melbourne,12926,Sam,Durham,22,
2026,5,Essendon,Melbourne,12695,Xavier,Duursma,28,
2026,5,Essendon,Melbourne,13199,Tom,Edwards,45,
2026,5,Essendon,Melbourne,12809,Jacob,Farrow,2,
2026,5,Essendon,Melbourne,12422,Jade,Gresham,11,
2026,5,Essendon,Melbourne,13180,Isaac,Kako,10,
2026,5,Essendon,Melbourne,12358,Kyle,Langford,4,
2026,5,Essendon,Melbourne,13239,Archie,May,26,
2026,5,Essendon,Melbourne,12505,Andrew,McGrath,1,
2026,5,Essendon,Melbourne,12588,Ben,McKay,32,
2026,5,Essendon,Melbourne,12249,Zach,Merrett,7,
2026,5,Essendon,Melbourne,12414,Darcy,Parish,3,
2026,5,Essendon,Melbourne,12874,Jaxon,Prior,25,
2026,5,Essendon,Melbourne,12891,Zach,Reid,31,
2026,5,Essendon,Melbourne,12640,Jordan,Ridley,14,
2026,5,Essendon,Melbourne,13169,Archie,Roberts,21,
2026,5,Essendon,Melbourne,12032,Sullivan,Robey,9,
2026,5,Essendon,Melbourne,13087,Elijah,Tsatas,5,
2026,5,Essendon,Melbourne,12371,Peter,Wright,20,
2026,5,Essendon,Melbourne,12756,Kade,Chandler,37,
2026,5,Essendon,Melbourne,12411,Jai,Culley,13,
2026,5,Essendon,Melbourne,12603,Bayley,Fritsch,31,
2026,5,Essendon,Melbourne,11972,Max,Gawn,11,
2026,5,Essendon,Melbourne,13098,Blake,Howes,22,
2026,5,Essendon,Melbourne,12401,Ed,Langdon,15,
2026,5,Essendon,Melbourne,13036,Harvey,Langford,4,
2026,5,Essendon,Melbourne,12359,Jake,Lever,8,
2026,5,Essendon,Melbourne,12437,Xavier,Lindsay,5,
2026,5,Essendon,Melbourne,12015,Tom,McDonald,25,
2026,5,Essendon,Melbourne,11828,Jake,Melksham,18,
2026,5,Essendon,Melbourne,12642,Brody,Mihocek,28,
2026,5,Essendon,Melbourne,12660,Harry,Petty,35,
2026,5,Essendon,Melbourne,12774,Kysaiah,Pickett,36,
2026,5,Essendon,Melbourne,12833,Latrelle,Pickett,33,
2026,5,Essendon,Melbourne,12280,Christian,Salem,3,
2026,5,Essendon,Melbourne,12862,Harry,Sharp,30,
2026,5,Essendon,Melbourne,12692,Tom,Sparrow,32,
2026,5,Essendon,Melbourne,12628,Jack,Steele,9,
2026,5,Essendon,Melbourne,13123,Koltyn,Tholstrup,12,
2026,5,Essendon,Melbourne,12998,Daniel,Turner,10,
2026,5,Essendon,Melbourne,13048,Jacob,van Rooyen,2,
2026,5,Essendon,Melbourne,13099,Caleb,Windsor,6,
2026,5,Sydney,Gold Coast,12847,Joel,Amartey,36,
2026,5,Sydney,Gold Coast,13182,Riley,Bice,26,
2026,5,Sydney,Gold Coast,12699,Nick,Blakey,22,
2026,5,Sydney,Gold Coast,12038,Harry,Cunningham,7,
2026,5,Sydney,Gold Coast,13117,Charlie,Curnow,35,
2026,5,Sydney,Gold Coast,12223,Brodie,Grundy,4,
2026,5,Sydney,Gold Coast,12370,Joel,Hamling,29,
2026,5,Sydney,Gold Coast,12331,Isaac,Heeney,5,
2026,5,Sydney,Gold Coast,12853,James,Jordon,17,
2026,5,Sydney,Gold Coast,12275,Jake,Lloyd,44,
2026,5,Sydney,Gold Coast,12634,Tom,McCartin,30,
2026,5,Sydney,Gold Coast,12864,Logan,McDonald,6,
2026,5,Sydney,Gold Coast,12711,Justin,McInerney,27,
2026,5,Sydney,Gold Coast,12418,Callum,Mills,14,
2026,5,Sydney,Gold Coast,12419,Tom,Papley,11,
2026,5,Sydney,Gold Coast,12148,Dane,Rampe,24,
2026,5,Sydney,Gold Coast,12993,Matt,Roberts,34,
2026,5,Sydney,Gold Coast,12475,Malcolm,Rosas,10,
2026,5,Sydney,Gold Coast,12715,James,Rowbottom,8,
2026,5,Sydney,Gold Coast,12501,Jai,Serong,13,
2026,5,Sydney,Gold Coast,12799,Chad,Warner,1,
2026,5,Sydney,Gold Coast,13053,Corey,Warner,37,
2026,5,Sydney,Gold Coast,12820,Sam,Wicks,15,
2026,5,Sydney,Gold Coast,12767,Noah,Anderson,15,
2026,5,Sydney,Gold Coast,13019,Mac,Andrew,1,
2026,5,Sydney,Gold Coast,12631,Charlie,Ballard,10,
2026,5,Sydney,Gold Coast,13119,Sam,Clohesy,33,
2026,5,Sydney,Gold Coast,12453,Sam,Collins,25,
2026,5,Sydney,Gold Coast,12941,Alex,Davies,5,
2026,5,Sydney,Gold Coast,13120,Will,Graham,26,
2026,5,Sydney,Gold Coast,13272,Lachlan,Gulbin,39,
2026,5,Sydney,Gold Coast,12936,Joel,Jeffrey,16,
2026,5,Sydney,Gold Coast,12728,Ben,King,34,
2026,5,Sydney,Gold Coast,12489,Leo,Lombard,8,
2026,5,Sydney,Gold Coast,12529,Ben,Long,22,
2026,5,Sydney,Gold Coast,12329,Touk,Miller,11,
2026,5,Sydney,Gold Coast,12743,John,Noble,2,
2026,5,Sydney,Gold Coast,12658,Wil,Powell,27,
2026,5,Sydney,Gold Coast,13121,Ethan,Read,20,
2026,5,Sydney,Gold Coast,12409,Daniel,Rioli,17,
2026,5,Sydney,Gold Coast,12769,Matt,Rowell,18,
2026,5,Sydney,Gold Coast,12086,Bodhi,Uwland,6,
2026,5,Sydney,Gold Coast,13037,Zeke,Uwland,32,
2026,5,Sydney,Gold Coast,13114,Jed,Walter,4,
2026,5,Sydney,Gold Coast,12393,Lachie,Weller,14,
2026,5,Sydney,Gold Coast,12184,Jarrod,Witts,28,
2026,5,Hawthorn,Western Bulldogs,12365,Karl,Amon,10,
2026,5,Hawthorn,Western Bulldogs,12391,Tom,Barrass,37,
2026,5,Hawthorn,Western Bulldogs,12565,Josh,Battle,24,
2026,5,Hawthorn,Western Bulldogs,12989,Sam,Butler,30,
2026,5,Hawthorn,Western Bulldogs,12491,Mabior,Chol,18,
2026,5,Hawthorn,Western Bulldogs,12999,Massimo,DAmbrosio,16,
2026,5,Hawthorn,Western Bulldogs,12928,Jack,Ginnivan,33,
2026,5,Hawthorn,Western Bulldogs,11854,Jack,Gunston,19,
2026,5,Hawthorn,Western Bulldogs,12477,Blake,Hardwick,15,
2026,5,Hawthorn,Western Bulldogs,12245,Jarman,Impey,4,
2026,5,Hawthorn,Western Bulldogs,12643,Mitch,Lewis,2,
2026,5,Hawthorn,Western Bulldogs,12753,Connor,Macdonald,9,
2026,5,Hawthorn,Western Bulldogs,13039,Cam,Mackenzie,28,
2026,5,Hawthorn,Western Bulldogs,12854,Lloyd,Meek,17,
2026,5,Hawthorn,Western Bulldogs,12124,Dylan,Moore,8,
2026,5,Hawthorn,Western Bulldogs,12678,Conor,Nash,11,
2026,5,Hawthorn,Western Bulldogs,12913,Jai,Newcombe,3,
2026,5,Hawthorn,Western Bulldogs,12844,Flynn,Perez,39,
2026,5,Hawthorn,Western Bulldogs,12907,Ned,Reeves,7,
2026,5,Hawthorn,Western Bulldogs,12342,James,Sicily,6,
2026,5,Hawthorn,Western Bulldogs,12954,Josh,Ward,25,
2026,5,Hawthorn,Western Bulldogs,12626,Nick,Watson,5,
2026,5,Hawthorn,Western Bulldogs,13059,Josh,Weddle,23,
2026,5,Hawthorn,Western Bulldogs,12723,Oskar,Baker,13,
2026,5,Hawthorn,Western Bulldogs,12277,Marcus,Bontempelli,4,
2026,5,Hawthorn,Western Bulldogs,12917,Lachlan,Bramble,29,
2026,5,Hawthorn,Western Bulldogs,11874,Connor,Budarick,19,
2026,5,Hawthorn,Western Bulldogs,13269,Jordan,Croft,16,
2026,5,Hawthorn,Western Bulldogs,12362,Bailey,Dale,31,
2026,5,Hawthorn,Western Bulldogs,13023,Sam,Darcy,10,
2026,5,Hawthorn,Western Bulldogs,13184,Sam,Davidson,42,
2026,5,Hawthorn,Western Bulldogs,13185,Josh,Dolan,26,
2026,5,Hawthorn,Western Bulldogs,12897,Louis,Emmett,25,
2026,5,Hawthorn,Western Bulldogs,13140,Joel,Freijah,27,
2026,5,Hawthorn,Western Bulldogs,13110,Harvey,Gallagher,12,
2026,5,Hawthorn,Western Bulldogs,13215,Cooper,Hynes,6,
2026,5,Hawthorn,Western Bulldogs,12463,Matthew,Kennedy,8,
2026,5,Hawthorn,Western Bulldogs,12901,Buku,Khamis,24,
2026,5,Hawthorn,Western Bulldogs,12289,Rory,Lobb,7,
2026,5,Hawthorn,Western Bulldogs,12602,Aaron,Naughton,33,
2026,5,Hawthorn,Western Bulldogs,13063,James,ODonnell,18,
2026,5,Hawthorn,Western Bulldogs,12612,Ed,Richards,20,
2026,5,Hawthorn,Western Bulldogs,13111,Ryley,Sanders,9,
2026,5,Hawthorn,Western Bulldogs,13279,Michael,Sellwood,37,
2026,5,Hawthorn,Western Bulldogs,12748,Rhylee,West,14,
2026,5,Hawthorn,Western Bulldogs,12449,Bailey,Williams,34,
2026,5,Geelong,West Coast,12687,Tom,Atkins,30,
2026,5,Geelong,West Coast,12507,Jack,Bowes,12,
2026,5,Geelong,West Coast,12874,Tanner,Bruhn,4,
2026,5,Geelong,West Coast,12022,Jeremy,Cameron,5,
2026,5,Geelong,West Coast,12808,Brad,Close,45,
2026,5,Geelong,West Coast,12892,Sam,De Koning,16,
2026,5,Geelong,West Coast,12976,Oliver,Dempsey,28,
2026,5,Geelong,West Coast,13288,Mitchell,Edwards,11,
2026,5,Geelong,West Coast,12559,Zach,Guthrie,39,
2026,5,Geelong,West Coast,12850,Oliver,Henry,36,
2026,5,Geelong,West Coast,12882,Max,Holmes,9,
2026,5,Geelong,West Coast,13162,Lawson,Humphries,17,
2026,5,Geelong,West Coast,12373,Jake,Kolodjashnij,8,
2026,5,Geelong,West Coast,13107,Shaun,Mannagh,7,
2026,5,Geelong,West Coast,12690,Gryan,Miers,32,
2026,5,Geelong,West Coast,13067,Oisin,Mullin,34,
2026,5,Geelong,West Coast,12995,Shannon,Neale,33,
2026,5,Geelong,West Coast,12540,Mark,OConnor,42,
2026,5,Geelong,West Coast,13125,Connor,OSullivan,14,
2026,5,Geelong,West Coast,12698,Bailey,Smith,3,
2026,5,Geelong,West Coast,12514,Tom,Stewart,44,
2026,5,Geelong,West Coast,13219,Oliver,Wiltshire,21,
2026,5,Geelong,West Coast,12622,James,Worpel,29,
2026,5,Geelong,West Coast,13222,Bo,Allan,26,
2026,5,Geelong,West Coast,12668,Liam,Baker,3,
2026,5,Geelong,West Coast,13210,Sandy,Brock,41,
2026,5,Geelong,West Coast,13211,Hamish,Davis,38,
2026,5,Geelong,West Coast,12630,Cooper,Duff-Tytler,21,
2026,5,Geelong,West Coast,12340,Liam,Duggan,14,
2026,5,Geelong,West Coast,12607,Willem,Duursma,1,
2026,5,Geelong,West Coast,13032,Reuben,Ginbey,7,
2026,5,Geelong,West Coast,12584,Jack,Graham,17,
2026,5,Geelong,West Coast,13045,Elijah,Hewett,8,
2026,5,Geelong,West Coast,12958,Brady,Hough,19,
2026,5,Geelong,West Coast,12605,Tim,Kelly,11,
2026,5,Geelong,West Coast,12433,Josh,Lindsay,5,
2026,5,Geelong,West Coast,13033,Tom,McCarthy,18,
2026,5,Geelong,West Coast,12842,Matthew,Owies,16,
2026,5,Geelong,West Coast,13198,Archer,Reid,22,
2026,5,Geelong,West Coast,13112,Harley,Reid,9,
2026,5,Geelong,West Coast,12777,Deven,Robertson,40,
2026,5,Geelong,West Coast,12816,Harry,Schoenberg,48,
2026,5,Geelong,West Coast,13248,Jobe,Shanahan,35,
2026,5,Geelong,West Coast,12609,Jake,Waterman,2,
2026,5,Geelong,West Coast,12837,Bailey,Williams,32,
2026,5,Geelong,West Coast,12279,Tylar,Young,20,
2026,5,Greater Western Sydney,Richmond,13002,Ryan,Angwin,9,
2026,5,Greater Western Sydney,Richmond,12782,Lachie,Ash,7,
2026,5,Greater Western Sydney,Richmond,12773,Toby,Bedford,14,
2026,5,Greater Western Sydney,Richmond,12845,Jack,Buckley,44,
2026,5,Greater Western Sydney,Richmond,13054,Aaron,Cadman,5,
2026,5,Greater Western Sydney,Richmond,12970,Finn,Callaghan,17,
2026,5,Greater Western Sydney,Richmond,12023,Stephen,Coniglio,3,
2026,5,Greater Western Sydney,Richmond,12663,Brent,Daniels,16,
2026,5,Greater Western Sydney,Richmond,13165,Joe,Fonti,37,
2026,5,Greater Western Sydney,Richmond,13282,Phoenix,Gothard,11,
2026,5,Greater Western Sydney,Richmond,12026,Toby,Greene,4,
2026,5,Greater Western Sydney,Richmond,13305,Oliver,Hannaford,13,
2026,5,Greater Western Sydney,Richmond,12470,Harry,Himmelberg,27,
2026,5,Greater Western Sydney,Richmond,12326,Jesse,Hogan,23,
2026,5,Greater Western Sydney,Richmond,12749,Connor,Idun,39,
2026,5,Greater Western Sydney,Richmond,11998,Jayden,Laverde,25,
2026,5,Greater Western Sydney,Richmond,13235,Nick,Madden,41,
2026,5,Greater Western Sydney,Richmond,12822,Xavier,OHalloran,33,
2026,5,Greater Western Sydney,Richmond,12992,Clayton,Oliver,10,
2026,5,Greater Western Sydney,Richmond,12835,Jake,Riccardi,26,
2026,5,Greater Western Sydney,Richmond,12173,Jake,Stringer,20,
2026,5,Greater Western Sydney,Richmond,13101,Harvey,Thomas,1,
2026,5,Greater Western Sydney,Richmond,12147,Lachie,Whitfield,6,
2026,5,Greater Western Sydney,Richmond,12686,Noah,Balta,21,
2026,5,Greater Western Sydney,Richmond,13081,Sam,Banks,6,
2026,5,Greater Western Sydney,Richmond,12464,Nathan,Broad,35,
2026,5,Greater Western Sydney,Richmond,13097,Tom,Brown,30,
2026,5,Greater Western Sydney,Richmond,13100,Seth,Campbell,44,
2026,5,Greater Western Sydney,Richmond,13217,Jonty,Faull,8,
2026,5,Greater Western Sydney,Richmond,13077,Liam,Fawcett,43,
2026,5,Greater Western Sydney,Richmond,13217,Campbell,Gray,50,
2026,5,Greater Western Sydney,Richmond,13144,Steely,Green,48,
2026,5,Greater Western Sydney,Richmond,13253,Sam,Grlj,24,
2026,5,Greater Western Sydney,Richmond,13312,Oliver,Hayes-Brown,47,
2026,5,Greater Western Sydney,Richmond,12447,Jacob,Hopper,2,
2026,5,Greater Western Sydney,Richmond,13193,Sam,Lalor,4,
2026,5,Greater Western Sydney,Richmond,13115,Mykelti,Lefau,42,
2026,5,Greater Western Sydney,Richmond,12940,Ben,Miller,12,
2026,5,Greater Western Sydney,Richmond,11921,Dion,Prestia,3,
2026,5,Greater Western Sydney,Richmond,12935,Maurice,Rioli,17,
2026,5,Greater Western Sydney,Richmond,12712,Jack,Ross,5,
2026,5,Greater Western Sydney,Richmond,12425,Jayden,Short,15,
2026,5,Greater Western Sydney,Richmond,13015,Tyler,Sonsie,40,
2026,5,Greater Western Sydney,Richmond,12512,Tim,Taranto,14,
2026,5,Greater Western Sydney,Richmond,13194,Luke,Trainor,11,
2026,5,Greater Western Sydney,Richmond,12180,Nick,Vlastuin,1,
2026,5,Port Adelaide,St Kilda,12442,Aliir,Aliir,21,
2026,5,Port Adelaide,St Kilda,12868,Miles,Bergman,14,
2026,5,Port Adelaide,St Kilda,13188,Joe,Berry,5,
2026,5,Port Adelaide,St Kilda,13011,Jase,Burgoyne,7,
2026,5,Port Adelaide,St Kilda,12693,Zak,Butters,9,
2026,5,Port Adelaide,St Kilda,12429,Darcy,Byrne-Jones,33,
2026,5,Port Adelaide,St Kilda,12694,Willem,Drew,28,
2026,5,Port Adelaide,St Kilda,12952,Corey,Durdin,44,
2026,5,Port Adelaide,St Kilda,13155,Logan,Evans,22,
2026,5,Port Adelaide,St Kilda,12671,Kane,Farrell,6,
2026,5,Port Adelaide,St Kilda,12770,Mitch,Georgiades,19,
2026,5,Port Adelaide,St Kilda,12955,Jason,Horne-Francis,18,
2026,5,Port Adelaide,St Kilda,12883,Lachie,Jones,34,
2026,5,Port Adelaide,St Kilda,13304,Josh,Lai,43,
2026,5,Port Adelaide,St Kilda,12703,Jack,Lukosius,12,
2026,5,Port Adelaide,St Kilda,13200,Ewan,Mackinlay,31,
2026,5,Port Adelaide,St Kilda,12578,Todd,Marshall,4,
2026,5,Port Adelaide,St Kilda,13141,Joe,Richards,35,
2026,5,Port Adelaide,St Kilda,12890,Jordon,Sweet,24,
2026,5,Port Adelaide,St Kilda,13205,Jack,Watkins,37,
2026,5,Port Adelaide,St Kilda,12613,Jacob,Wehr,15,
2026,5,Port Adelaide,St Kilda,13261,Jack,Whitlock,17,
2026,5,Port Adelaide,St Kilda,12155,Ollie,Wines,16,
2026,5,Port Adelaide,St Kilda,13221,Hugh,Boxshall,38,
2026,5,Port Adelaide,St Kilda,12498,Dan,Butler,16,
2026,5,Port Adelaide,St Kilda,12980,Jack,Carroll,18,
2026,5,Port Adelaide,St Kilda,12593,Hunter,Clark,11,
2026,5,Port Adelaide,St Kilda,12399,Tom,De Koning,21,
2026,5,Port Adelaide,St Kilda,12377,Sam,Flanders,9,
2026,5,Port Adelaide,St Kilda,13124,Hugo,Garcia,34,
2026,5,Port Adelaide,St Kilda,13191,Max,Hall,40,
2026,5,Port Adelaide,St Kilda,12616,Jack,Higgins,1,
2026,5,Port Adelaide,St Kilda,12066,Bradley,Hill,8,
2026,5,Port Adelaide,St Kilda,12572,Rowan,Marshall,19,
2026,5,Port Adelaide,St Kilda,12945,Mitch,Owens,10,
2026,5,Port Adelaide,St Kilda,13042,Mattaes,Phillipou,25,
2026,5,Port Adelaide,St Kilda,13190,Liam,Ryan,31,
2026,5,Port Adelaide,St Kilda,12930,Cooper,Sharman,43,
2026,5,Port Adelaide,St Kilda,12294,Jack,Silvagni,3,
2026,5,Port Adelaide,St Kilda,12337,Jack,Sinclair,35,
2026,5,Port Adelaide,St Kilda,13243,Alix,Tauru,26,
2026,5,Port Adelaide,St Kilda,12947,Nasiah,Wanganeen-Milera,7,
2026,5,Port Adelaide,St Kilda,12701,Callum,Wilkie,44,
2026,5,Port Adelaide,St Kilda,13109,Darcy,Wilson,22,
2026,5,Port Adelaide,St Kilda,12968,Marcus,Windhager,2,
2026,5,Port Adelaide,St Kilda,12321,Mason,Wood,32,
2026,6,Carlton,Collingwood,12681,Ben,Ainsworth,12,
2026,6,Carlton,Collingwood,13057,Talor,Byrne,39,
2026,6,Carlton,Collingwood,13214,Matt,Carroll,32,
2026,6,Carlton,Collingwood,12610,Adam,Cerra,5,
2026,6,Carlton,Collingwood,13028,Lachlan,Cowan,2,
2026,6,Carlton,Collingwood,12269,Patrick,Cripps,9,
2026,6,Carlton,Collingwood,13245,Harry,Dean,35,
2026,6,Carlton,Collingwood,12873,Francis,Evans,44,
2026,6,Carlton,Collingwood,12308,Oliver,Florent,14,
2026,6,Carlton,Collingwood,12096,Nick,Haynes,26,
2026,6,Carlton,Collingwood,12937,Will,Hayward,19,
2026,6,Carlton,Collingwood,13017,Elijah,Hollands,20,
2026,6,Carlton,Collingwood,13029,Oliver,Hollands,4,
2026,6,Carlton,Collingwood,12938,Brodie,Kemp,17,
2026,6,Carlton,Collingwood,12415,Mitch,McGovern,11,
2026,6,Carlton,Collingwood,12575,Harry,McKay,10,
2026,6,Carlton,Collingwood,12511,Nic,Newman,24,
2026,6,Carlton,Collingwood,12424,Marc,Pittonet,27,
2026,6,Carlton,Collingwood,13277,Jagga,Smith,7,
2026,6,Carlton,Collingwood,12685,Sam,Walsh,18,
2026,6,Carlton,Collingwood,12410,Jacob,Weitering,23,
2026,6,Carlton,Collingwood,12181,Zac,Williams,6,
2026,6,Carlton,Collingwood,12567,Lewis,Young,33,
2026,6,Carlton,Collingwood,13147,Edward,Allan,16,
2026,6,Carlton,Collingwood,12648,Angus,Anderson,41,
2026,6,Carlton,Collingwood,12666,Darcy,Cameron,14,
2026,6,Carlton,Collingwood,12067,Jack,Crisp,25,
2026,6,Carlton,Collingwood,12582,Josh,Daicos,7,
2026,6,Carlton,Collingwood,12948,Nick,Daicos,35,
2026,6,Carlton,Collingwood,12091,Jamie,Elliott,5,
2026,6,Carlton,Collingwood,12682,Billy,Frampton,17,
2026,6,Carlton,Collingwood,13230,Will,Hayes,39,
2026,6,Carlton,Collingwood,12503,Dan,Houston,9,
2026,6,Carlton,Collingwood,11973,Jeremy,Howe,38,
2026,6,Carlton,Collingwood,12586,Patrick,Lipinski,1,
2026,6,Carlton,Collingwood,13025,Ned,Long,44,
2026,6,Carlton,Collingwood,12380,Brayden,Maynard,4,
2026,6,Carlton,Collingwood,12877,Beau,McCreery,31,
2026,6,Carlton,Collingwood,12297,Daniel,McStay,11,
2026,6,Carlton,Collingwood,12307,Tim,Membrey,28,
2026,6,Carlton,Collingwood,11506,Scott,Pendlebury,10,
2026,6,Carlton,Collingwood,12541,Harry,Perryman,12,
2026,6,Carlton,Collingwood,12740,Isaac,Quaynor,3,
2026,6,Carlton,Collingwood,12704,Lachie,Schultz,8,
2026,6,Carlton,Collingwood,13249,Roan,Steele,45,
2026,6,Carlton,Collingwood,13301,Oscar,Steene,21,
2026,6,Geelong,Western Bulldogs,12687,Tom,Atkins,30,
2026,6,Geelong,Western Bulldogs,12160,Mark,Blicavs,46,
2026,6,Geelong,Western Bulldogs,12507,Jack,Bowes,12,
2026,6,Geelong,Western Bulldogs,12874,Tanner,Bruhn,4,
2026,6,Geelong,Western Bulldogs,12022,Jeremy,Cameron,5,
2026,6,Geelong,Western Bulldogs,11706,Patrick,Dangerfield,35,
2026,6,Geelong,Western Bulldogs,12892,Sam,De Koning,16,
2026,6,Geelong,Western Bulldogs,12976,Oliver,Dempsey,28,
2026,6,Geelong,Western Bulldogs,13288,Mitchell,Edwards,11,
2026,6,Geelong,Western Bulldogs,12559,Zach,Guthrie,39,
2026,6,Geelong,Western Bulldogs,12850,Oliver,Henry,36,
2026,6,Geelong,Western Bulldogs,12882,Max,Holmes,9,
2026,6,Geelong,Western Bulldogs,13162,Lawson,Humphries,17,
2026,6,Geelong,Western Bulldogs,12373,Jake,Kolodjashnij,8,
2026,6,Geelong,Western Bulldogs,13107,Shaun,Mannagh,7,
2026,6,Geelong,Western Bulldogs,12243,Jack,Martin,19,
2026,6,Geelong,Western Bulldogs,13067,Oisin,Mullin,34,
2026,6,Geelong,Western Bulldogs,12995,Shannon,Neale,33,
2026,6,Geelong,Western Bulldogs,13125,Connor,OSullivan,14,
2026,6,Geelong,Western Bulldogs,12698,Bailey,Smith,3,
2026,6,Geelong,Western Bulldogs,12514,Tom,Stewart,44,
2026,6,Geelong,Western Bulldogs,13219,Oliver,Wiltshire,21,
2026,6,Geelong,Western Bulldogs,12622,James,Worpel,29,
2026,6,Geelong,Western Bulldogs,12723,Oskar,Baker,13,
2026,6,Geelong,Western Bulldogs,12277,Marcus,Bontempelli,4,
2026,6,Geelong,Western Bulldogs,12917,Lachlan,Bramble,29,
2026,6,Geelong,Western Bulldogs,13269,Jordan,Croft,16,
2026,6,Geelong,Western Bulldogs,12362,Bailey,Dale,31,
2026,6,Geelong,Western Bulldogs,13023,Sam,Darcy,10,
2026,6,Geelong,Western Bulldogs,13184,Sam,Davidson,42,
2026,6,Geelong,Western Bulldogs,12897,Louis,Emmett,25,
2026,6,Geelong,Western Bulldogs,13140,Joel,Freijah,27,
2026,6,Geelong,Western Bulldogs,13215,Cooper,Hynes,6,
2026,6,Geelong,Western Bulldogs,13278,Lachie,Jaques,11,
2026,6,Geelong,Western Bulldogs,12463,Matthew,Kennedy,8,
2026,6,Geelong,Western Bulldogs,12901,Buku,Khamis,24,
2026,6,Geelong,Western Bulldogs,13287,Will,Lewis,28,
2026,6,Geelong,Western Bulldogs,11904,Tom,Liberatore,21,
2026,6,Geelong,Western Bulldogs,12289,Rory,Lobb,7,
2026,6,Geelong,Western Bulldogs,12602,Aaron,Naughton,33,
2026,6,Geelong,Western Bulldogs,13063,James,ODonnell,18,
2026,6,Geelong,Western Bulldogs,12612,Ed,Richards,20,
2026,6,Geelong,Western Bulldogs,13111,Ryley,Sanders,9,
2026,6,Geelong,Western Bulldogs,13279,Michael,Sellwood,37,
2026,6,Geelong,Western Bulldogs,12748,Rhylee,West,14,
2026,6,Geelong,Western Bulldogs,12449,Bailey,Williams,34,
2026,6,Sydney,Greater Western Sydney,12847,Joel,Amartey,36,
2026,6,Sydney,Greater Western Sydney,13182,Riley,Bice,26,
2026,6,Sydney,Greater Western Sydney,12699,Nick,Blakey,22,
2026,6,Sydney,Greater Western Sydney,12038,Harry,Cunningham,7,
2026,6,Sydney,Greater Western Sydney,13117,Charlie,Curnow,35,
2026,6,Sydney,Greater Western Sydney,12223,Brodie,Grundy,4,
2026,6,Sydney,Greater Western Sydney,12370,Joel,Hamling,29,
2026,6,Sydney,Greater Western Sydney,12331,Isaac,Heeney,5,
2026,6,Sydney,Greater Western Sydney,12853,James,Jordon,17,
2026,6,Sydney,Greater Western Sydney,12275,Jake,Lloyd,44,
2026,6,Sydney,Greater Western Sydney,12634,Tom,McCartin,30,
2026,6,Sydney,Greater Western Sydney,12864,Logan,McDonald,6,
2026,6,Sydney,Greater Western Sydney,12711,Justin,McInerney,27,
2026,6,Sydney,Greater Western Sydney,12418,Callum,Mills,14,
2026,6,Sydney,Greater Western Sydney,12419,Tom,Papley,11,
2026,6,Sydney,Greater Western Sydney,12993,Matt,Roberts,34,
2026,6,Sydney,Greater Western Sydney,12475,Malcolm,Rosas,10,
2026,6,Sydney,Greater Western Sydney,12715,James,Rowbottom,8,
2026,6,Sydney,Greater Western Sydney,12501,Jai,Serong,13,
2026,6,Sydney,Greater Western Sydney,12951,Angus,Sheldrick,12,
2026,6,Sydney,Greater Western Sydney,12799,Chad,Warner,1,
2026,6,Sydney,Greater Western Sydney,13053,Corey,Warner,37,
2026,6,Sydney,Greater Western Sydney,12820,Sam,Wicks,15,
2026,6,Sydney,Greater Western Sydney,13018,Leek,Aleer,21,
2026,6,Sydney,Greater Western Sydney,13002,Ryan,Angwin,9,
2026,6,Sydney,Greater Western Sydney,12782,Lachie,Ash,7,
2026,6,Sydney,Greater Western Sydney,12773,Toby,Bedford,14,
2026,6,Sydney,Greater Western Sydney,12910,Callum,Brown,46,
2026,6,Sydney,Greater Western Sydney,12845,Jack,Buckley,44,
2026,6,Sydney,Greater Western Sydney,12970,Finn,Callaghan,17,
2026,6,Sydney,Greater Western Sydney,13165,Joe,Fonti,37,
2026,6,Sydney,Greater Western Sydney,13282,Phoenix,Gothard,11,
2026,6,Sydney,Greater Western Sydney,12026,Toby,Greene,4,
2026,6,Sydney,Greater Western Sydney,13305,Oliver,Hannaford,13,
2026,6,Sydney,Greater Western Sydney,12470,Harry,Himmelberg,27,
2026,6,Sydney,Greater Western Sydney,12749,Connor,Idun,39,
2026,6,Sydney,Greater Western Sydney,11998,Jayden,Laverde,25,
2026,6,Sydney,Greater Western Sydney,13235,Nick,Madden,41,
2026,6,Sydney,Greater Western Sydney,13089,Toby,McMullin,31,
2026,6,Sydney,Greater Western Sydney,12822,Xavier,OHalloran,33,
2026,6,Sydney,Greater Western Sydney,12992,Clayton,Oliver,10,
2026,6,Sydney,Greater Western Sydney,12835,Jake,Riccardi,26,
2026,6,Sydney,Greater Western Sydney,13046,Harry,Rowston,24,
2026,6,Sydney,Greater Western Sydney,12173,Jake,Stringer,20,
2026,6,Sydney,Greater Western Sydney,13101,Harvey,Thomas,1,
2026,6,Sydney,Greater Western Sydney,12147,Lachie,Whitfield,6,
2026,6,Gold Coast,Essendon,13251,Oscar,Adams,48,
2026,6,Gold Coast,Essendon,13019,Mac,Andrew,1,
2026,6,Gold Coast,Essendon,12631,Charlie,Ballard,10,
2026,6,Gold Coast,Essendon,12453,Sam,Collins,25,
2026,6,Gold Coast,Essendon,13120,Will,Graham,26,
2026,6,Gold Coast,Essendon,13050,Bailey,Humphrey,19,
2026,6,Gold Coast,Essendon,12936,Joel,Jeffrey,16,
2026,6,Gold Coast,Essendon,12728,Ben,King,34,
2026,6,Gold Coast,Essendon,12489,Leo,Lombard,8,
2026,6,Gold Coast,Essendon,12529,Ben,Long,22,
2026,6,Gold Coast,Essendon,12329,Touk,Miller,11,
2026,6,Gold Coast,Essendon,12743,John,Noble,2,
2026,6,Gold Coast,Essendon,12825,Christian,Petracca,3,
2026,6,Gold Coast,Essendon,12658,Wil,Powell,27,
2026,6,Gold Coast,Essendon,13121,Ethan,Read,20,
2026,6,Gold Coast,Essendon,12409,Daniel,Rioli,17,
2026,6,Gold Coast,Essendon,13127,Jake,Rogers,29,
2026,6,Gold Coast,Essendon,12769,Matt,Rowell,18,
2026,6,Gold Coast,Essendon,12086,Bodhi,Uwland,6,
2026,6,Gold Coast,Essendon,13037,Zeke,Uwland,32,
2026,6,Gold Coast,Essendon,13114,Jed,Walter,4,
2026,6,Gold Coast,Essendon,12393,Lachie,Weller,14,
2026,6,Gold Coast,Essendon,12184,Jarrod,Witts,28,
2026,6,Gold Coast,Essendon,13238,Lachlan,Blakiston,46,
2026,6,Gold Coast,Essendon,13149,Nate,Caddy,30,
2026,6,Gold Coast,Essendon,12752,Jye,Caldwell,6,
2026,6,Gold Coast,Essendon,13224,Archer,Day-Wicks,44,
2026,6,Gold Coast,Essendon,12926,Sam,Durham,22,
2026,6,Gold Coast,Essendon,12695,Xavier,Duursma,28,
2026,6,Gold Coast,Essendon,13199,Tom,Edwards,45,
2026,6,Gold Coast,Essendon,13204,Saad,El-Hawli,41,
2026,6,Gold Coast,Essendon,12809,Jacob,Farrow,2,
2026,6,Gold Coast,Essendon,12422,Jade,Gresham,11,
2026,6,Gold Coast,Essendon,13180,Isaac,Kako,10,
2026,6,Gold Coast,Essendon,12358,Kyle,Langford,4,
2026,6,Gold Coast,Essendon,13239,Archie,May,26,
2026,6,Gold Coast,Essendon,12505,Andrew,McGrath,1,
2026,6,Gold Coast,Essendon,12588,Ben,McKay,32,
2026,6,Gold Coast,Essendon,12249,Zach,Merrett,7,
2026,6,Gold Coast,Essendon,12414,Darcy,Parish,3,
2026,6,Gold Coast,Essendon,12891,Zach,Reid,31,
2026,6,Gold Coast,Essendon,12640,Jordan,Ridley,14,
2026,6,Gold Coast,Essendon,13169,Archie,Roberts,21,
2026,6,Gold Coast,Essendon,12032,Sullivan,Robey,9,
2026,6,Gold Coast,Essendon,13087,Elijah,Tsatas,5,
2026,6,Gold Coast,Essendon,12371,Peter,Wright,20,
2026,6,Hawthorn,Port Adelaide,12365,Karl,Amon,10,
2026,6,Hawthorn,Port Adelaide,12391,Tom,Barrass,37,
2026,6,Hawthorn,Port Adelaide,12565,Josh,Battle,24,
2026,6,Hawthorn,Port Adelaide,12989,Sam,Butler,30,
2026,6,Hawthorn,Port Adelaide,12999,Massimo,DAmbrosio,16,
2026,6,Hawthorn,Port Adelaide,12710,Calsher,Dear,13,
2026,6,Hawthorn,Port Adelaide,12928,Jack,Ginnivan,33,
2026,6,Hawthorn,Port Adelaide,12477,Blake,Hardwick,15,
2026,6,Hawthorn,Port Adelaide,12245,Jarman,Impey,4,
2026,6,Hawthorn,Port Adelaide,12643,Mitch,Lewis,2,
2026,6,Hawthorn,Port Adelaide,12753,Connor,Macdonald,9,
2026,6,Hawthorn,Port Adelaide,13039,Cam,Mackenzie,28,
2026,6,Hawthorn,Port Adelaide,13314,Will,McCabe,27,
2026,6,Hawthorn,Port Adelaide,12854,Lloyd,Meek,17,
2026,6,Hawthorn,Port Adelaide,12124,Dylan,Moore,8,
2026,6,Hawthorn,Port Adelaide,12678,Conor,Nash,11,
2026,6,Hawthorn,Port Adelaide,12913,Jai,Newcombe,3,
2026,6,Hawthorn,Port Adelaide,12844,Flynn,Perez,39,
2026,6,Hawthorn,Port Adelaide,12907,Ned,Reeves,7,
2026,6,Hawthorn,Port Adelaide,12342,James,Sicily,6,
2026,6,Hawthorn,Port Adelaide,12954,Josh,Ward,25,
2026,6,Hawthorn,Port Adelaide,12626,Nick,Watson,5,
2026,6,Hawthorn,Port Adelaide,13059,Josh,Weddle,23,
2026,6,Hawthorn,Port Adelaide,12442,Aliir,Aliir,21,
2026,6,Hawthorn,Port Adelaide,12868,Miles,Bergman,14,
2026,6,Hawthorn,Port Adelaide,13188,Joe,Berry,5,
2026,6,Hawthorn,Port Adelaide,13011,Jase,Burgoyne,7,
2026,6,Hawthorn,Port Adelaide,12693,Zak,Butters,9,
2026,6,Hawthorn,Port Adelaide,12429,Darcy,Byrne-Jones,33,
2026,6,Hawthorn,Port Adelaide,12694,Willem,Drew,28,
2026,6,Hawthorn,Port Adelaide,12952,Corey,Durdin,44,
2026,6,Hawthorn,Port Adelaide,13155,Logan,Evans,22,
2026,6,Hawthorn,Port Adelaide,12671,Kane,Farrell,6,
2026,6,Hawthorn,Port Adelaide,12770,Mitch,Georgiades,19,
2026,6,Hawthorn,Port Adelaide,12955,Jason,Horne-Francis,18,
2026,6,Hawthorn,Port Adelaide,12883,Lachie,Jones,34,
2026,6,Hawthorn,Port Adelaide,13304,Josh,Lai,43,
2026,6,Hawthorn,Port Adelaide,13200,Ewan,Mackinlay,31,
2026,6,Hawthorn,Port Adelaide,12578,Todd,Marshall,4,
2026,6,Hawthorn,Port Adelaide,12557,Christian,Moraes,11,
2026,6,Hawthorn,Port Adelaide,13141,Joe,Richards,35,
2026,6,Hawthorn,Port Adelaide,12890,Jordon,Sweet,24,
2026,6,Hawthorn,Port Adelaide,13074,Dante,Visentini,38,
2026,6,Hawthorn,Port Adelaide,12613,Jacob,Wehr,15,
2026,6,Hawthorn,Port Adelaide,13261,Jack,Whitlock,17,
2026,6,Hawthorn,Port Adelaide,12155,Ollie,Wines,16,
2026,6,Adelaide,St Kilda,12855,Sam,Berry,3,
2026,6,Adelaide,St Kilda,12702,Hugh,Bond,21,
2026,6,Adelaide,St Kilda,12832,Jordon,Butts,41,
2026,6,Adelaide,St Kilda,12936,Brayden,Cook,15,
2026,6,Adelaide,St Kilda,12635,Isaac,Cumming,44,
2026,6,Adelaide,St Kilda,13313,Charlie,Edwards,11,
2026,6,Adelaide,St Kilda,12441,Ben,Keays,2,
2026,6,Adelaide,St Kilda,12171,Rory,Laird,29,
2026,6,Adelaide,St Kilda,13222,Finnbar,Maley,36,
2026,6,Adelaide,St Kilda,13068,Lachlan,McAndrew,42,
2026,6,Adelaide,St Kilda,13038,Max,Michalanney,16,
2026,6,Adelaide,St Kilda,12416,Wayne,Milera,30,
2026,6,Adelaide,St Kilda,12875,Nick,Murray,9,
2026,6,Adelaide,St Kilda,13084,Luke,Nankervis,27,
2026,6,Adelaide,St Kilda,12375,Alex,Neal-Bullen,28,
2026,6,Adelaide,St Kilda,12934,James,Peatling,25,
2026,6,Adelaide,St Kilda,12922,Luke,Pedlar,10,
2026,6,Adelaide,St Kilda,12957,Josh,Rachele,8,
2026,6,Adelaide,St Kilda,12797,Izak,Rankine,23,
2026,6,Adelaide,St Kilda,13161,Zac,Taylor,19,
2026,6,Adelaide,St Kilda,12893,Riley,Thilthorpe,7,
2026,6,Adelaide,St Kilda,11724,Taylor,Walker,13,
2026,6,Adelaide,St Kilda,12916,Josh,Worrell,24,
2026,6,Adelaide,St Kilda,13221,Hugh,Boxshall,38,
2026,6,Adelaide,St Kilda,12498,Dan,Butler,16,
2026,6,Adelaide,St Kilda,12980,Jack,Carroll,18,
2026,6,Adelaide,St Kilda,12593,Hunter,Clark,11,
2026,6,Adelaide,St Kilda,12399,Tom,De Koning,21,
2026,6,Adelaide,St Kilda,12377,Sam,Flanders,9,
2026,6,Adelaide,St Kilda,13124,Hugo,Garcia,34,
2026,6,Adelaide,St Kilda,13191,Max,Hall,40,
2026,6,Adelaide,St Kilda,12616,Jack,Higgins,1,
2026,6,Adelaide,St Kilda,12066,Bradley,Hill,8,
2026,6,Adelaide,St Kilda,12572,Rowan,Marshall,19,
2026,6,Adelaide,St Kilda,12945,Mitch,Owens,10,
2026,6,Adelaide,St Kilda,13042,Mattaes,Phillipou,25,
2026,6,Adelaide,St Kilda,13190,Liam,Ryan,31,
2026,6,Adelaide,St Kilda,12930,Cooper,Sharman,43,
2026,6,Adelaide,St Kilda,12294,Jack,Silvagni,3,
2026,6,Adelaide,St Kilda,12337,Jack,Sinclair,35,
2026,6,Adelaide,St Kilda,12721,Liam,Stocker,14,
2026,6,Adelaide,St Kilda,12947,Nasiah,Wanganeen-Milera,7,
2026,6,Adelaide,St Kilda,12701,Callum,Wilkie,44,
2026,6,Adelaide,St Kilda,13109,Darcy,Wilson,22,
2026,6,Adelaide,St Kilda,12968,Marcus,Windhager,2,
2026,6,Adelaide,St Kilda,12321,Mason,Wood,32,
2026,6,North Melbourne,Richmond,13220,Tom,Blamires,39,
2026,6,North Melbourne,Richmond,12730,Callum,Coleman-Jones,21,
2026,6,North Melbourne,Richmond,12939,Charlie,Comben,30,
2026,6,North Melbourne,Richmond,12185,Aidan,Corr,4,
2026,6,North Melbourne,Richmond,12975,Paul,Curtis,25,
2026,6,North Melbourne,Richmond,12382,Caleb,Daniel,5,
2026,6,North Melbourne,Richmond,11908,Jack,Darling,27,
2026,6,North Melbourne,Richmond,12599,Luke,Davies-Uniacke,9,
2026,6,North Melbourne,Richmond,13291,Lachy,Dovaston,1,
2026,6,North Melbourne,Richmond,13104,Zane,Duursma,7,
2026,6,North Melbourne,Richmond,12569,Nick,Larkey,20,
2026,6,North Melbourne,Richmond,12524,Griffin,Logue,19,
2026,6,North Melbourne,Richmond,12246,Luke,McDonald,11,
2026,6,North Melbourne,Richmond,13105,Colby,McKercher,10,
2026,6,North Melbourne,Richmond,11958,Luke,Parker,26,
2026,6,North Melbourne,Richmond,12867,Tom,Powell,24,
2026,6,North Melbourne,Richmond,13030,Harry,Sheezel,3,
2026,6,North Melbourne,Richmond,12511,Jy,Simpkin,12,
2026,6,North Melbourne,Richmond,12434,Charlie,Spargo,13,
2026,6,North Melbourne,Richmond,12798,Dylan,Stephens,15,
2026,6,North Melbourne,Richmond,13263,Cooper,Trembath,47,
2026,6,North Melbourne,Richmond,13065,George,Wardlaw,6,
2026,6,North Melbourne,Richmond,12566,Cameron,Zurhaar,44,
2026,6,North Melbourne,Richmond,12686,Noah,Balta,21,
2026,6,North Melbourne,Richmond,13081,Sam,Banks,6,
2026,6,North Melbourne,Richmond,12464,Nathan,Broad,35,
2026,6,North Melbourne,Richmond,13100,Seth,Campbell,44,
2026,6,North Melbourne,Richmond,13217,Jonty,Faull,8,
2026,6,North Melbourne,Richmond,13077,Liam,Fawcett,43,
2026,6,North Melbourne,Richmond,13217,Campbell,Gray,50,
2026,6,North Melbourne,Richmond,13144,Steely,Green,48,
2026,6,North Melbourne,Richmond,13253,Sam,Grlj,24,
2026,6,North Melbourne,Richmond,13193,Sam,Lalor,4,
2026,6,North Melbourne,Richmond,13115,Mykelti,Lefau,42,
2026,6,North Melbourne,Richmond,13122,Kane,McAuliffe,28,
2026,6,North Melbourne,Richmond,12940,Ben,Miller,12,
2026,6,North Melbourne,Richmond,11921,Dion,Prestia,3,
2026,6,North Melbourne,Richmond,12904,Hugo,Ralphsmith,13,
2026,6,North Melbourne,Richmond,12324,Patrick,Retschko,33,
2026,6,North Melbourne,Richmond,12935,Maurice,Rioli,17,
2026,6,North Melbourne,Richmond,12712,Jack,Ross,5,
2026,6,North Melbourne,Richmond,12918,Samson,Ryan,32,
2026,6,North Melbourne,Richmond,12425,Jayden,Short,15,
2026,6,North Melbourne,Richmond,13015,Tyler,Sonsie,40,
2026,6,North Melbourne,Richmond,12512,Tim,Taranto,14,
2026,6,North Melbourne,Richmond,12180,Nick,Vlastuin,1,
2026,6,Melbourne,Brisbane Lions,12756,Kade,Chandler,37,
2026,6,Melbourne,Brisbane Lions,12411,Jai,Culley,13,
2026,6,Melbourne,Brisbane Lions,12603,Bayley,Fritsch,31,
2026,6,Melbourne,Brisbane Lions,11972,Max,Gawn,11,
2026,6,Melbourne,Brisbane Lions,13257,Max,Heath,27,
2026,6,Melbourne,Brisbane Lions,13098,Blake,Howes,22,
2026,6,Melbourne,Brisbane Lions,13194,Matthew,Jefferson,21,
2026,6,Melbourne,Brisbane Lions,12401,Ed,Langdon,15,
2026,6,Melbourne,Brisbane Lions,13036,Harvey,Langford,4,
2026,6,Melbourne,Brisbane Lions,13035,Bailey,Laurie,16,
2026,6,Melbourne,Brisbane Lions,12359,Jake,Lever,8,
2026,6,Melbourne,Brisbane Lions,12642,Brody,Mihocek,28,
2026,6,Melbourne,Brisbane Lions,12660,Harry,Petty,35,
2026,6,Melbourne,Brisbane Lions,12774,Kysaiah,Pickett,36,
2026,6,Melbourne,Brisbane Lions,12833,Latrelle,Pickett,33,
2026,6,Melbourne,Brisbane Lions,12862,Harry,Sharp,30,
2026,6,Melbourne,Brisbane Lions,12692,Tom,Sparrow,32,
2026,6,Melbourne,Brisbane Lions,12628,Jack,Steele,9,
2026,6,Melbourne,Brisbane Lions,13196,Xavier,Taylor,19,
2026,6,Melbourne,Brisbane Lions,13123,Koltyn,Tholstrup,12,
2026,6,Melbourne,Brisbane Lions,12998,Daniel,Turner,10,
2026,6,Melbourne,Brisbane Lions,13048,Jacob,van Rooyen,2,
2026,6,Melbourne,Brisbane Lions,13099,Caleb,Windsor,6,
2026,6,Melbourne,Brisbane Lions,12412,Oscar,Allen,4,
2026,6,Melbourne,Brisbane Lions,12347,Harris,Andrews,31,
2026,6,Melbourne,Brisbane Lions,12719,Noah,Answerth,43,
2026,6,Melbourne,Brisbane Lions,13183,Levi,Ashcroft,10,
2026,6,Melbourne,Brisbane Lions,13034,Will,Ashcroft,8,
2026,6,Melbourne,Brisbane Lions,12617,Zac,Bailey,33,
2026,6,Melbourne,Brisbane Lions,12525,Jarrod,Berry,7,
2026,6,Melbourne,Brisbane Lions,12284,Charlie,Cameron,23,
2026,6,Melbourne,Brisbane Lions,12838,Keidean,Coleman,18,
2026,6,Melbourne,Brisbane Lions,12772,Sam,Draper,2,
2026,6,Melbourne,Brisbane Lions,12421,Josh,Dunkley,5,
2026,6,Melbourne,Brisbane Lions,13072,Jaspa,Fletcher,3,
2026,6,Melbourne,Brisbane Lions,13234,Ty,Gallop,22,
2026,6,Melbourne,Brisbane Lions,11901,Ryan,Lester,35,
2026,6,Melbourne,Brisbane Lions,12969,Kai,Lohmann,1,
2026,6,Melbourne,Brisbane Lions,12093,Lincoln,McCarthy,11,
2026,6,Melbourne,Brisbane Lions,12526,Hugh,McCluggage,6,
2026,6,Melbourne,Brisbane Lions,13138,Logan,Morris,13,
2026,6,Melbourne,Brisbane Lions,12061,Lachie,Neale,9,
2026,6,Melbourne,Brisbane Lions,12594,Cam,Rayner,16,
2026,6,Melbourne,Brisbane Lions,13139,Bruce,Reville,38,
2026,6,Melbourne,Brisbane Lions,13027,Darcy,Wilmot,44,
2026,6,Melbourne,Brisbane Lions,13280,Zane,Zakostelsky,21,
2026,6,West Coast,Fremantle,13222,Bo,Allan,26,
2026,6,West Coast,Fremantle,12668,Liam,Baker,3,
2026,6,West Coast,Fremantle,13210,Sandy,Brock,41,
2026,6,West Coast,Fremantle,11942,Jamie,Cripps,15,
2026,6,West Coast,Fremantle,13211,Hamish,Davis,38,
2026,6,West Coast,Fremantle,12630,Cooper,Duff-Tytler,21,
2026,6,West Coast,Fremantle,12340,Liam,Duggan,14,
2026,6,West Coast,Fremantle,12607,Willem,Duursma,1,
2026,6,West Coast,Fremantle,13032,Reuben,Ginbey,7,
2026,6,West Coast,Fremantle,13045,Elijah,Hewett,8,
2026,6,West Coast,Fremantle,12958,Brady,Hough,19,
2026,6,West Coast,Fremantle,12605,Tim,Kelly,11,
2026,6,West Coast,Fremantle,12433,Josh,Lindsay,5,
2026,6,West Coast,Fremantle,13033,Tom,McCarthy,18,
2026,6,West Coast,Fremantle,13297,Milan,Murdock,47,
2026,6,West Coast,Fremantle,13198,Archer,Reid,22,
2026,6,West Coast,Fremantle,13112,Harley,Reid,9,
2026,6,West Coast,Fremantle,12816,Harry,Schoenberg,48,
2026,6,West Coast,Fremantle,13248,Jobe,Shanahan,35,
2026,6,West Coast,Fremantle,12609,Jake,Waterman,2,
2026,6,West Coast,Fremantle,12837,Bailey,Williams,32,
2026,6,West Coast,Fremantle,12090,Elliot,Yeo,6,
2026,6,West Coast,Fremantle,12279,Tylar,Young,20,
2026,6,West Coast,Fremantle,12983,Jye,Amiss,24,
2026,6,West Coast,Fremantle,12538,Shai,Bolton,10,
2026,6,West Coast,Fremantle,12596,Andrew,Brayshaw,8,
2026,6,West Coast,Fremantle,12876,Heath,Chapman,5,
2026,6,West Coast,Fremantle,12688,Jordan,Clark,6,
2026,6,West Coast,Fremantle,12552,Brennan,Cox,36,
2026,6,West Coast,Fremantle,13171,Mason,Cox,18,
2026,6,West Coast,Fremantle,13207,Isaiah,Dudley,43,
2026,6,West Coast,Fremantle,12967,Neil,Erasmus,28,
2026,6,West Coast,Fremantle,12803,Michael,Frederick,32,
2026,6,West Coast,Fremantle,12779,Luke,Jackson,9,
2026,6,West Coast,Fremantle,13049,Matthew,Johnson,44,
2026,6,West Coast,Fremantle,13036,Judd,McVee,17,
2026,6,West Coast,Fremantle,12361,Alex,Pearce,25,
2026,6,West Coast,Fremantle,13181,Murphy,Reid,16,
2026,6,West Coast,Fremantle,12550,Luke,Ryan,13,
2026,6,West Coast,Fremantle,12786,Caleb,Serong,3,
2026,6,West Coast,Fremantle,12679,Sam,Switkowski,39,
2026,6,West Coast,Fremantle,12888,Josh,Treacy,35,
2026,6,West Coast,Fremantle,13132,Patrick,Voss,20,
2026,6,West Coast,Fremantle,12461,Corey,Wagner,34,
2026,6,West Coast,Fremantle,13080,Karl,Worner,23,
2026,6,West Coast,Fremantle,12777,Hayden,Young,26,
2026,7,Western Bulldogs,Sydney,12723,Oskar,Baker,13,
2026,7,Western Bulldogs,Sydney,12277,Marcus,Bontempelli,4,
2026,7,Western Bulldogs,Sydney,12917,Lachlan,Bramble,29,
2026,7,Western Bulldogs,Sydney,13218,Jedd,Busslinger,5,
2026,7,Western Bulldogs,Sydney,12362,Bailey,Dale,31,
2026,7,Western Bulldogs,Sydney,13184,Sam,Davidson,42,
2026,7,Western Bulldogs,Sydney,13185,Josh,Dolan,26,
2026,7,Western Bulldogs,Sydney,12897,Louis,Emmett,25,
2026,7,Western Bulldogs,Sydney,13140,Joel,Freijah,27,
2026,7,Western Bulldogs,Sydney,12732,Ryan,Gardner,43,
2026,7,Western Bulldogs,Sydney,13215,Cooper,Hynes,6,
2026,7,Western Bulldogs,Sydney,13278,Lachie,Jaques,11,
2026,7,Western Bulldogs,Sydney,12463,Matthew,Kennedy,8,
2026,7,Western Bulldogs,Sydney,12901,Buku,Khamis,24,
2026,7,Western Bulldogs,Sydney,13287,Will,Lewis,28,
2026,7,Western Bulldogs,Sydney,12602,Aaron,Naughton,33,
2026,7,Western Bulldogs,Sydney,12612,Ed,Richards,20,
2026,7,Western Bulldogs,Sydney,13111,Ryley,Sanders,9,
2026,7,Western Bulldogs,Sydney,13279,Michael,Sellwood,37,
2026,7,Western Bulldogs,Sydney,13317,Lachlan,Smith,40,
2026,7,Western Bulldogs,Sydney,12058,Adam,Treloar,1,
2026,7,Western Bulldogs,Sydney,12748,Rhylee,West,14,
2026,7,Western Bulldogs,Sydney,12449,Bailey,Williams,34,
2026,7,Western Bulldogs,Sydney,12847,Joel,Amartey,36,
2026,7,Western Bulldogs,Sydney,13182,Riley,Bice,26,
2026,7,Western Bulldogs,Sydney,12699,Nick,Blakey,22,
2026,7,Western Bulldogs,Sydney,12677,Billy,Cootee,25,
2026,7,Western Bulldogs,Sydney,12038,Harry,Cunningham,7,
2026,7,Western Bulldogs,Sydney,13117,Charlie,Curnow,35,
2026,7,Western Bulldogs,Sydney,13321,Will,Edwards,28,
2026,7,Western Bulldogs,Sydney,12223,Brodie,Grundy,4,
2026,7,Western Bulldogs,Sydney,12853,James,Jordon,17,
2026,7,Western Bulldogs,Sydney,12275,Jake,Lloyd,44,
2026,7,Western Bulldogs,Sydney,12634,Tom,McCartin,30,
2026,7,Western Bulldogs,Sydney,12864,Logan,McDonald,6,
2026,7,Western Bulldogs,Sydney,12711,Justin,McInerney,27,
2026,7,Western Bulldogs,Sydney,12418,Callum,Mills,14,
2026,7,Western Bulldogs,Sydney,12419,Tom,Papley,11,
2026,7,Western Bulldogs,Sydney,12148,Dane,Rampe,24,
2026,7,Western Bulldogs,Sydney,12993,Matt,Roberts,34,
2026,7,Western Bulldogs,Sydney,12475,Malcolm,Rosas,10,
2026,7,Western Bulldogs,Sydney,12715,James,Rowbottom,8,
2026,7,Western Bulldogs,Sydney,12501,Jai,Serong,13,
2026,7,Western Bulldogs,Sydney,12951,Angus,Sheldrick,12,
2026,7,Western Bulldogs,Sydney,12799,Chad,Warner,1,
2026,7,Western Bulldogs,Sydney,12820,Sam,Wicks,15,
2026,7,Richmond,Melbourne,12686,Noah,Balta,21,
2026,7,Richmond,Melbourne,12464,Nathan,Broad,35,
2026,7,Richmond,Melbourne,13097,Tom,Brown,30,
2026,7,Richmond,Melbourne,13044,Tom,Burton,45,
2026,7,Richmond,Melbourne,13100,Seth,Campbell,44,
2026,7,Richmond,Melbourne,13177,Sam,Cumming,22,
2026,7,Richmond,Melbourne,13217,Jonty,Faull,8,
2026,7,Richmond,Melbourne,13217,Campbell,Gray,50,
2026,7,Richmond,Melbourne,13144,Steely,Green,48,
2026,7,Richmond,Melbourne,13253,Sam,Grlj,24,
2026,7,Richmond,Melbourne,12447,Jacob,Hopper,2,
2026,7,Richmond,Melbourne,13193,Sam,Lalor,4,
2026,7,Richmond,Melbourne,13115,Mykelti,Lefau,42,
2026,7,Richmond,Melbourne,11953,Tom,Lynch,19,
2026,7,Richmond,Melbourne,13122,Kane,McAuliffe,28,
2026,7,Richmond,Melbourne,12940,Ben,Miller,12,
2026,7,Richmond,Melbourne,11921,Dion,Prestia,3,
2026,7,Richmond,Melbourne,12904,Hugo,Ralphsmith,13,
2026,7,Richmond,Melbourne,12324,Patrick,Retschko,33,
2026,7,Richmond,Melbourne,12712,Jack,Ross,5,
2026,7,Richmond,Melbourne,12918,Samson,Ryan,32,
2026,7,Richmond,Melbourne,13096,James,Trezise,36,
2026,7,Richmond,Melbourne,12180,Nick,Vlastuin,1,
2026,7,Richmond,Melbourne,12756,Kade,Chandler,37,
2026,7,Richmond,Melbourne,12411,Jai,Culley,13,
2026,7,Richmond,Melbourne,12603,Bayley,Fritsch,31,
2026,7,Richmond,Melbourne,11972,Max,Gawn,11,
2026,7,Richmond,Melbourne,13257,Max,Heath,27,
2026,7,Richmond,Melbourne,13098,Blake,Howes,22,
2026,7,Richmond,Melbourne,13194,Matthew,Jefferson,21,
2026,7,Richmond,Melbourne,12255,Changkuoth,Jiath,14,
2026,7,Richmond,Melbourne,12401,Ed,Langdon,15,
2026,7,Richmond,Melbourne,13036,Harvey,Langford,4,
2026,7,Richmond,Melbourne,13035,Bailey,Laurie,16,
2026,7,Richmond,Melbourne,12359,Jake,Lever,8,
2026,7,Richmond,Melbourne,12642,Brody,Mihocek,28,
2026,7,Richmond,Melbourne,12774,Kysaiah,Pickett,36,
2026,7,Richmond,Melbourne,12833,Latrelle,Pickett,33,
2026,7,Richmond,Melbourne,12862,Harry,Sharp,30,
2026,7,Richmond,Melbourne,12692,Tom,Sparrow,32,
2026,7,Richmond,Melbourne,12628,Jack,Steele,9,
2026,7,Richmond,Melbourne,13196,Xavier,Taylor,19,
2026,7,Richmond,Melbourne,13123,Koltyn,Tholstrup,12,
2026,7,Richmond,Melbourne,12998,Daniel,Turner,10,
2026,7,Richmond,Melbourne,13048,Jacob,van Rooyen,2,
2026,7,Richmond,Melbourne,13099,Caleb,Windsor,6,
2026,7,Hawthorn,Gold Coast,12365,Karl,Amon,10,
2026,7,Hawthorn,Gold Coast,12391,Tom,Barrass,37,
2026,7,Hawthorn,Gold Coast,12565,Josh,Battle,24,
2026,7,Hawthorn,Gold Coast,13103,Jack,Dalton,34,
2026,7,Hawthorn,Gold Coast,12999,Massimo,DAmbrosio,16,
2026,7,Hawthorn,Gold Coast,12710,Calsher,Dear,13,
2026,7,Hawthorn,Gold Coast,12928,Jack,Ginnivan,33,
2026,7,Hawthorn,Gold Coast,11854,Jack,Gunston,19,
2026,7,Hawthorn,Gold Coast,12477,Blake,Hardwick,15,
2026,7,Hawthorn,Gold Coast,12245,Jarman,Impey,4,
2026,7,Hawthorn,Gold Coast,12643,Mitch,Lewis,2,
2026,7,Hawthorn,Gold Coast,12753,Connor,Macdonald,9,
2026,7,Hawthorn,Gold Coast,13039,Cam,Mackenzie,28,
2026,7,Hawthorn,Gold Coast,12846,Finn,Maginness,20,
2026,7,Hawthorn,Gold Coast,12854,Lloyd,Meek,17,
2026,7,Hawthorn,Gold Coast,12585,Harry,Morrison,1,
2026,7,Hawthorn,Gold Coast,12678,Conor,Nash,11,
2026,7,Hawthorn,Gold Coast,12913,Jai,Newcombe,3,
2026,7,Hawthorn,Gold Coast,12907,Ned,Reeves,7,
2026,7,Hawthorn,Gold Coast,12571,Jack,Scrimshaw,14,
2026,7,Hawthorn,Gold Coast,12954,Josh,Ward,25,
2026,7,Hawthorn,Gold Coast,12626,Nick,Watson,5,
2026,7,Hawthorn,Gold Coast,13059,Josh,Weddle,23,
2026,7,Hawthorn,Gold Coast,13251,Oscar,Adams,48,
2026,7,Hawthorn,Gold Coast,12767,Noah,Anderson,15,
2026,7,Hawthorn,Gold Coast,13019,Mac,Andrew,1,
2026,7,Hawthorn,Gold Coast,12453,Sam,Collins,25,
2026,7,Hawthorn,Gold Coast,13120,Will,Graham,26,
2026,7,Hawthorn,Gold Coast,13050,Bailey,Humphrey,19,
2026,7,Hawthorn,Gold Coast,12728,Ben,King,34,
2026,7,Hawthorn,Gold Coast,12489,Leo,Lombard,8,
2026,7,Hawthorn,Gold Coast,12529,Ben,Long,22,
2026,7,Hawthorn,Gold Coast,12329,Touk,Miller,11,
2026,7,Hawthorn,Gold Coast,12743,John,Noble,2,
2026,7,Hawthorn,Gold Coast,12825,Christian,Petracca,3,
2026,7,Hawthorn,Gold Coast,12658,Wil,Powell,27,
2026,7,Hawthorn,Gold Coast,13121,Ethan,Read,20,
2026,7,Hawthorn,Gold Coast,12409,Daniel,Rioli,17,
2026,7,Hawthorn,Gold Coast,13127,Jake,Rogers,29,
2026,7,Hawthorn,Gold Coast,12769,Matt,Rowell,18,
2026,7,Hawthorn,Gold Coast,12506,Jamarra,Ugle-Hagan,9,
2026,7,Hawthorn,Gold Coast,12086,Bodhi,Uwland,6,
2026,7,Hawthorn,Gold Coast,13037,Zeke,Uwland,32,
2026,7,Hawthorn,Gold Coast,13114,Jed,Walter,4,
2026,7,Hawthorn,Gold Coast,12393,Lachie,Weller,14,
2026,7,Hawthorn,Gold Coast,12184,Jarrod,Witts,28,
2026,7,Essendon,Collingwood,13238,Lachlan,Blakiston,46,
2026,7,Essendon,Collingwood,13149,Nate,Caddy,30,
2026,7,Essendon,Collingwood,12752,Jye,Caldwell,6,
2026,7,Essendon,Collingwood,13224,Archer,Day-Wicks,44,
2026,7,Essendon,Collingwood,12926,Sam,Durham,22,
2026,7,Essendon,Collingwood,12695,Xavier,Duursma,28,
2026,7,Essendon,Collingwood,13199,Tom,Edwards,45,
2026,7,Essendon,Collingwood,13204,Saad,El-Hawli,41,
2026,7,Essendon,Collingwood,12809,Jacob,Farrow,2,
2026,7,Essendon,Collingwood,13180,Isaac,Kako,10,
2026,7,Essendon,Collingwood,12358,Kyle,Langford,4,
2026,7,Essendon,Collingwood,13239,Archie,May,26,
2026,7,Essendon,Collingwood,12505,Andrew,McGrath,1,
2026,7,Essendon,Collingwood,12588,Ben,McKay,32,
2026,7,Essendon,Collingwood,12249,Zach,Merrett,7,
2026,7,Essendon,Collingwood,12414,Darcy,Parish,3,
2026,7,Essendon,Collingwood,12874,Jaxon,Prior,25,
2026,7,Essendon,Collingwood,12891,Zach,Reid,31,
2026,7,Essendon,Collingwood,13169,Archie,Roberts,21,
2026,7,Essendon,Collingwood,12032,Sullivan,Robey,9,
2026,7,Essendon,Collingwood,12384,Dyson,Sharp,15,
2026,7,Essendon,Collingwood,13087,Elijah,Tsatas,5,
2026,7,Essendon,Collingwood,12371,Peter,Wright,20,
2026,7,Essendon,Collingwood,12648,Angus,Anderson,41,
2026,7,Essendon,Collingwood,12666,Darcy,Cameron,14,
2026,7,Essendon,Collingwood,12067,Jack,Crisp,25,
2026,7,Essendon,Collingwood,12582,Josh,Daicos,7,
2026,7,Essendon,Collingwood,12948,Nick,Daicos,35,
2026,7,Essendon,Collingwood,12333,Jordan,de Goey,2,
2026,7,Essendon,Collingwood,12091,Jamie,Elliott,5,
2026,7,Essendon,Collingwood,12682,Billy,Frampton,17,
2026,7,Essendon,Collingwood,13230,Will,Hayes,39,
2026,7,Essendon,Collingwood,12503,Dan,Houston,9,
2026,7,Essendon,Collingwood,11973,Jeremy,Howe,38,
2026,7,Essendon,Collingwood,12586,Patrick,Lipinski,1,
2026,7,Essendon,Collingwood,12380,Brayden,Maynard,4,
2026,7,Essendon,Collingwood,12877,Beau,McCreery,31,
2026,7,Essendon,Collingwood,12297,Daniel,McStay,11,
2026,7,Essendon,Collingwood,12307,Tim,Membrey,28,
2026,7,Essendon,Collingwood,11506,Scott,Pendlebury,10,
2026,7,Essendon,Collingwood,12541,Harry,Perryman,12,
2026,7,Essendon,Collingwood,12740,Isaac,Quaynor,3,
2026,7,Essendon,Collingwood,12704,Lachie,Schultz,8,
2026,7,Essendon,Collingwood,11759,Steele,Sidebottom,22,
2026,7,Essendon,Collingwood,13249,Roan,Steele,45,
2026,7,Essendon,Collingwood,13301,Oscar,Steene,21,
2026,7,Port Adelaide,Geelong,12442,Aliir,Aliir,21,
2026,7,Port Adelaide,Geelong,12868,Miles,Bergman,14,
2026,7,Port Adelaide,Geelong,13188,Joe,Berry,5,
2026,7,Port Adelaide,Geelong,13011,Jase,Burgoyne,7,
2026,7,Port Adelaide,Geelong,12693,Zak,Butters,9,
2026,7,Port Adelaide,Geelong,12429,Darcy,Byrne-Jones,33,
2026,7,Port Adelaide,Geelong,12694,Willem,Drew,28,
2026,7,Port Adelaide,Geelong,12952,Corey,Durdin,44,
2026,7,Port Adelaide,Geelong,13155,Logan,Evans,22,
2026,7,Port Adelaide,Geelong,12671,Kane,Farrell,6,
2026,7,Port Adelaide,Geelong,12770,Mitch,Georgiades,19,
2026,7,Port Adelaide,Geelong,12955,Jason,Horne-Francis,18,
2026,7,Port Adelaide,Geelong,12883,Lachie,Jones,34,
2026,7,Port Adelaide,Geelong,13304,Josh,Lai,43,
2026,7,Port Adelaide,Geelong,13200,Ewan,Mackinlay,31,
2026,7,Port Adelaide,Geelong,12557,Christian,Moraes,11,
2026,7,Port Adelaide,Geelong,13141,Joe,Richards,35,
2026,7,Port Adelaide,Geelong,12890,Jordon,Sweet,24,
2026,7,Port Adelaide,Geelong,13074,Dante,Visentini,38,
2026,7,Port Adelaide,Geelong,13205,Jack,Watkins,37,
2026,7,Port Adelaide,Geelong,12613,Jacob,Wehr,15,
2026,7,Port Adelaide,Geelong,13261,Jack,Whitlock,17,
2026,7,Port Adelaide,Geelong,12155,Ollie,Wines,16,
2026,7,Port Adelaide,Geelong,12687,Tom,Atkins,30,
2026,7,Port Adelaide,Geelong,12160,Mark,Blicavs,46,
2026,7,Port Adelaide,Geelong,12507,Jack,Bowes,12,
2026,7,Port Adelaide,Geelong,12874,Tanner,Bruhn,4,
2026,7,Port Adelaide,Geelong,12022,Jeremy,Cameron,5,
2026,7,Port Adelaide,Geelong,12808,Brad,Close,45,
2026,7,Port Adelaide,Geelong,11706,Patrick,Dangerfield,35,
2026,7,Port Adelaide,Geelong,12976,Oliver,Dempsey,28,
2026,7,Port Adelaide,Geelong,13288,Mitchell,Edwards,11,
2026,7,Port Adelaide,Geelong,12559,Zach,Guthrie,39,
2026,7,Port Adelaide,Geelong,12614,Jack,Henry,38,
2026,7,Port Adelaide,Geelong,12850,Oliver,Henry,36,
2026,7,Port Adelaide,Geelong,12882,Max,Holmes,9,
2026,7,Port Adelaide,Geelong,13162,Lawson,Humphries,17,
2026,7,Port Adelaide,Geelong,13107,Shaun,Mannagh,7,
2026,7,Port Adelaide,Geelong,12243,Jack,Martin,19,
2026,7,Port Adelaide,Geelong,13067,Oisin,Mullin,34,
2026,7,Port Adelaide,Geelong,12995,Shannon,Neale,33,
2026,7,Port Adelaide,Geelong,12540,Mark,OConnor,42,
2026,7,Port Adelaide,Geelong,13125,Connor,OSullivan,14,
2026,7,Port Adelaide,Geelong,12698,Bailey,Smith,3,
2026,7,Port Adelaide,Geelong,12514,Tom,Stewart,44,
2026,7,Port Adelaide,Geelong,12622,James,Worpel,29,
2026,7,Fremantle,Carlton,12983,Jye,Amiss,24,
2026,7,Fremantle,Carlton,12538,Shai,Bolton,10,
2026,7,Fremantle,Carlton,12596,Andrew,Brayshaw,8,
2026,7,Fremantle,Carlton,12876,Heath,Chapman,5,
2026,7,Fremantle,Carlton,12688,Jordan,Clark,6,
2026,7,Fremantle,Carlton,12552,Brennan,Cox,36,
2026,7,Fremantle,Carlton,13171,Mason,Cox,18,
2026,7,Fremantle,Carlton,13207,Isaiah,Dudley,43,
2026,7,Fremantle,Carlton,12967,Neil,Erasmus,28,
2026,7,Fremantle,Carlton,12803,Michael,Frederick,32,
2026,7,Fremantle,Carlton,12779,Luke,Jackson,9,
2026,7,Fremantle,Carlton,13049,Matthew,Johnson,44,
2026,7,Fremantle,Carlton,13036,Judd,McVee,17,
2026,7,Fremantle,Carlton,12361,Alex,Pearce,25,
2026,7,Fremantle,Carlton,13181,Murphy,Reid,16,
2026,7,Fremantle,Carlton,12550,Luke,Ryan,13,
2026,7,Fremantle,Carlton,12786,Caleb,Serong,3,
2026,7,Fremantle,Carlton,12821,Jeremy,Sharp,14,
2026,7,Fremantle,Carlton,12679,Sam,Switkowski,39,
2026,7,Fremantle,Carlton,12888,Josh,Treacy,35,
2026,7,Fremantle,Carlton,12461,Corey,Wagner,34,
2026,7,Fremantle,Carlton,13080,Karl,Worner,23,
2026,7,Fremantle,Carlton,12777,Hayden,Young,26,
2026,7,Fremantle,Carlton,12681,Ben,Ainsworth,12,
2026,7,Fremantle,Carlton,13057,Talor,Byrne,39,
2026,7,Fremantle,Carlton,13214,Matt,Carroll,32,
2026,7,Fremantle,Carlton,12610,Adam,Cerra,5,
2026,7,Fremantle,Carlton,12823,Matthew,Cottrell,46,
2026,7,Fremantle,Carlton,13028,Lachlan,Cowan,2,
2026,7,Fremantle,Carlton,12269,Patrick,Cripps,9,
2026,7,Fremantle,Carlton,13245,Harry,Dean,35,
2026,7,Fremantle,Carlton,12873,Francis,Evans,44,
2026,7,Fremantle,Carlton,12308,Oliver,Florent,14,
2026,7,Fremantle,Carlton,12096,Nick,Haynes,26,
2026,7,Fremantle,Carlton,12937,Will,Hayward,19,
2026,7,Fremantle,Carlton,12938,Brodie,Kemp,17,
2026,7,Fremantle,Carlton,13173,Cooper,Lord,36,
2026,7,Fremantle,Carlton,12415,Mitch,McGovern,11,
2026,7,Fremantle,Carlton,13172,Ashton,Moir,43,
2026,7,Fremantle,Carlton,12511,Nic,Newman,24,
2026,7,Fremantle,Carlton,13130,Liam,Reidy,25,
2026,7,Fremantle,Carlton,13277,Jagga,Smith,7,
2026,7,Fremantle,Carlton,12685,Sam,Walsh,18,
2026,7,Fremantle,Carlton,12410,Jacob,Weitering,23,
2026,7,Fremantle,Carlton,12181,Zac,Williams,6,
2026,7,Fremantle,Carlton,12567,Lewis,Young,33,
2026,7,St Kilda,West Coast,12498,Dan,Butler,16,
2026,7,St Kilda,West Coast,13041,Anthony,Caminiti,47,
2026,7,St Kilda,West Coast,12980,Jack,Carroll,18,
2026,7,St Kilda,West Coast,12593,Hunter,Clark,11,
2026,7,St Kilda,West Coast,12399,Tom,De Koning,21,
2026,7,St Kilda,West Coast,12377,Sam,Flanders,9,
2026,7,St Kilda,West Coast,13124,Hugo,Garcia,34,
2026,7,St Kilda,West Coast,13191,Max,Hall,40,
2026,7,St Kilda,West Coast,12616,Jack,Higgins,1,
2026,7,St Kilda,West Coast,12066,Bradley,Hill,8,
2026,7,St Kilda,West Coast,12426,Dougal,Howard,20,
2026,7,St Kilda,West Coast,12572,Rowan,Marshall,19,
2026,7,St Kilda,West Coast,12945,Mitch,Owens,10,
2026,7,St Kilda,West Coast,13042,Mattaes,Phillipou,25,
2026,7,St Kilda,West Coast,13190,Liam,Ryan,31,
2026,7,St Kilda,West Coast,12930,Cooper,Sharman,43,
2026,7,St Kilda,West Coast,12294,Jack,Silvagni,3,
2026,7,St Kilda,West Coast,12337,Jack,Sinclair,35,
2026,7,St Kilda,West Coast,12947,Nasiah,Wanganeen-Milera,7,
2026,7,St Kilda,West Coast,12701,Callum,Wilkie,44,
2026,7,St Kilda,West Coast,13109,Darcy,Wilson,22,
2026,7,St Kilda,West Coast,12968,Marcus,Windhager,2,
2026,7,St Kilda,West Coast,12321,Mason,Wood,32,
2026,7,St Kilda,West Coast,13222,Bo,Allan,26,
2026,7,St Kilda,West Coast,12668,Liam,Baker,3,
2026,7,St Kilda,West Coast,13210,Sandy,Brock,41,
2026,7,St Kilda,West Coast,13250,Malakai,Champion,37,
2026,7,St Kilda,West Coast,13211,Hamish,Davis,38,
2026,7,St Kilda,West Coast,12630,Cooper,Duff-Tytler,21,
2026,7,St Kilda,West Coast,12340,Liam,Duggan,14,
2026,7,St Kilda,West Coast,12607,Willem,Duursma,1,
2026,7,St Kilda,West Coast,13032,Reuben,Ginbey,7,
2026,7,St Kilda,West Coast,13045,Elijah,Hewett,8,
2026,7,St Kilda,West Coast,12958,Brady,Hough,19,
2026,7,St Kilda,West Coast,12605,Tim,Kelly,11,
2026,7,St Kilda,West Coast,12433,Josh,Lindsay,5,
2026,7,St Kilda,West Coast,13071,Ryan,Maric,23,
2026,7,St Kilda,West Coast,13033,Tom,McCarthy,18,
2026,7,St Kilda,West Coast,13297,Milan,Murdock,47,
2026,7,St Kilda,West Coast,13112,Harley,Reid,9,
2026,7,St Kilda,West Coast,13248,Jobe,Shanahan,35,
2026,7,St Kilda,West Coast,12609,Jake,Waterman,2,
2026,7,St Kilda,West Coast,12837,Bailey,Williams,32,
2026,7,St Kilda,West Coast,12960,Jack,Williams,34,
2026,7,St Kilda,West Coast,12090,Elliot,Yeo,6,
2026,7,St Kilda,West Coast,12279,Tylar,Young,20,
2026,7,Brisbane Lions,Adelaide,12412,Oscar,Allen,4,
2026,7,Brisbane Lions,Adelaide,12347,Harris,Andrews,31,
2026,7,Brisbane Lions,Adelaide,13183,Levi,Ashcroft,10,
2026,7,Brisbane Lions,Adelaide,13034,Will,Ashcroft,8,
2026,7,Brisbane Lions,Adelaide,12617,Zac,Bailey,33,
2026,7,Brisbane Lions,Adelaide,12284,Charlie,Cameron,23,
2026,7,Brisbane Lions,Adelaide,12838,Keidean,Coleman,18,
2026,7,Brisbane Lions,Adelaide,12772,Sam,Draper,2,
2026,7,Brisbane Lions,Adelaide,12421,Josh,Dunkley,5,
2026,7,Brisbane Lions,Adelaide,13072,Jaspa,Fletcher,3,
2026,7,Brisbane Lions,Adelaide,12726,Darcy,Fort,32,
2026,7,Brisbane Lions,Adelaide,13234,Ty,Gallop,22,
2026,7,Brisbane Lions,Adelaide,11901,Ryan,Lester,35,
2026,7,Brisbane Lions,Adelaide,12969,Kai,Lohmann,1,
2026,7,Brisbane Lions,Adelaide,12093,Lincoln,McCarthy,11,
2026,7,Brisbane Lions,Adelaide,12526,Hugh,McCluggage,6,
2026,7,Brisbane Lions,Adelaide,12400,Conor,McKenna,26,
2026,7,Brisbane Lions,Adelaide,13138,Logan,Morris,13,
2026,7,Brisbane Lions,Adelaide,12061,Lachie,Neale,9,
2026,7,Brisbane Lions,Adelaide,12594,Cam,Rayner,16,
2026,7,Brisbane Lions,Adelaide,13139,Bruce,Reville,38,
2026,7,Brisbane Lions,Adelaide,13003,James,Tunstill,29,
2026,7,Brisbane Lions,Adelaide,13027,Darcy,Wilmot,44,
2026,7,Brisbane Lions,Adelaide,12855,Sam,Berry,3,
2026,7,Brisbane Lions,Adelaide,12702,Hugh,Bond,21,
2026,7,Brisbane Lions,Adelaide,12832,Jordon,Butts,41,
2026,7,Brisbane Lions,Adelaide,12936,Brayden,Cook,15,
2026,7,Brisbane Lions,Adelaide,12635,Isaac,Cumming,44,
2026,7,Brisbane Lions,Adelaide,12519,Jordan,Dawson,12,
2026,7,Brisbane Lions,Adelaide,13313,Charlie,Edwards,11,
2026,7,Brisbane Lions,Adelaide,12441,Ben,Keays,2,
2026,7,Brisbane Lions,Adelaide,12171,Rory,Laird,29,
2026,7,Brisbane Lions,Adelaide,13222,Finnbar,Maley,36,
2026,7,Brisbane Lions,Adelaide,13068,Lachlan,McAndrew,42,
2026,7,Brisbane Lions,Adelaide,13038,Max,Michalanney,16,
2026,7,Brisbane Lions,Adelaide,12416,Wayne,Milera,30,
2026,7,Brisbane Lions,Adelaide,12875,Nick,Murray,9,
2026,7,Brisbane Lions,Adelaide,13283,Toby,Murray,39,
2026,7,Brisbane Lions,Adelaide,12934,James,Peatling,25,
2026,7,Brisbane Lions,Adelaide,12922,Luke,Pedlar,10,
2026,7,Brisbane Lions,Adelaide,12957,Josh,Rachele,8,
2026,7,Brisbane Lions,Adelaide,12797,Izak,Rankine,23,
2026,7,Brisbane Lions,Adelaide,13161,Zac,Taylor,19,
2026,7,Brisbane Lions,Adelaide,12893,Riley,Thilthorpe,7,
2026,7,Brisbane Lions,Adelaide,11724,Taylor,Walker,13,
2026,7,Brisbane Lions,Adelaide,12916,Josh,Worrell,24,
2026,7,Greater Western Sydney,North Melbourne,13018,Leek,Aleer,21,
2026,7,Greater Western Sydney,North Melbourne,13002,Ryan,Angwin,9,
2026,7,Greater Western Sydney,North Melbourne,12782,Lachie,Ash,7,
2026,7,Greater Western Sydney,North Melbourne,12773,Toby,Bedford,14,
2026,7,Greater Western Sydney,North Melbourne,12845,Jack,Buckley,44,
2026,7,Greater Western Sydney,North Melbourne,13054,Aaron,Cadman,5,
2026,7,Greater Western Sydney,North Melbourne,12970,Finn,Callaghan,17,
2026,7,Greater Western Sydney,North Melbourne,12023,Stephen,Coniglio,3,
2026,7,Greater Western Sydney,North Melbourne,12663,Brent,Daniels,16,
2026,7,Greater Western Sydney,North Melbourne,13282,Phoenix,Gothard,11,
2026,7,Greater Western Sydney,North Melbourne,12026,Toby,Greene,4,
2026,7,Greater Western Sydney,North Melbourne,13305,Oliver,Hannaford,13,
2026,7,Greater Western Sydney,North Melbourne,12470,Harry,Himmelberg,27,
2026,7,Greater Western Sydney,North Melbourne,12326,Jesse,Hogan,23,
2026,7,Greater Western Sydney,North Melbourne,12749,Connor,Idun,39,
2026,7,Greater Western Sydney,North Melbourne,11998,Jayden,Laverde,25,
2026,7,Greater Western Sydney,North Melbourne,13175,James,Leake,30,
2026,7,Greater Western Sydney,North Melbourne,13235,Nick,Madden,41,
2026,7,Greater Western Sydney,North Melbourne,12822,Xavier,OHalloran,33,
2026,7,Greater Western Sydney,North Melbourne,12992,Clayton,Oliver,10,
2026,7,Greater Western Sydney,North Melbourne,12173,Jake,Stringer,20,
2026,7,Greater Western Sydney,North Melbourne,13101,Harvey,Thomas,1,
2026,7,Greater Western Sydney,North Melbourne,12147,Lachie,Whitfield,6,
2026,7,Greater Western Sydney,North Melbourne,12185,Aidan,Corr,4,
2026,7,Greater Western Sydney,North Melbourne,12975,Paul,Curtis,25,
2026,7,Greater Western Sydney,North Melbourne,12382,Caleb,Daniel,5,
2026,7,Greater Western Sydney,North Melbourne,11908,Jack,Darling,27,
2026,7,Greater Western Sydney,North Melbourne,12599,Luke,Davies-Uniacke,9,
2026,7,Greater Western Sydney,North Melbourne,13291,Lachy,Dovaston,1,
2026,7,Greater Western Sydney,North Melbourne,13104,Zane,Duursma,7,
2026,7,Greater Western Sydney,North Melbourne,12569,Nick,Larkey,20,
2026,7,Greater Western Sydney,North Melbourne,12524,Griffin,Logue,19,
2026,7,Greater Western Sydney,North Melbourne,12246,Luke,McDonald,11,
2026,7,Greater Western Sydney,North Melbourne,13105,Colby,McKercher,10,
2026,7,Greater Western Sydney,North Melbourne,13187,Finn,OSullivan,2,
2026,7,Greater Western Sydney,North Melbourne,11958,Luke,Parker,26,
2026,7,Greater Western Sydney,North Melbourne,13106,Toby,Pink,32,
2026,7,Greater Western Sydney,North Melbourne,12867,Tom,Powell,24,
2026,7,Greater Western Sydney,North Melbourne,13030,Harry,Sheezel,3,
2026,7,Greater Western Sydney,North Melbourne,12511,Jy,Simpkin,12,
2026,7,Greater Western Sydney,North Melbourne,12434,Charlie,Spargo,13,
2026,7,Greater Western Sydney,North Melbourne,12798,Dylan,Stephens,15,
2026,7,Greater Western Sydney,North Melbourne,13263,Cooper,Trembath,47,
2026,7,Greater Western Sydney,North Melbourne,13065,George,Wardlaw,6,
2026,7,Greater Western Sydney,North Melbourne,12789,Tristan,Xerri,38,
2026,7,Greater Western Sydney,North Melbourne,12566,Cameron,Zurhaar,44,
2026,8,Collingwood,Hawthorn,12648,Angus,Anderson,41,
2026,8,Collingwood,Hawthorn,13074,Jack,Buller,34,
2026,8,Collingwood,Hawthorn,12666,Darcy,Cameron,14,
2026,8,Collingwood,Hawthorn,12067,Jack,Crisp,25,
2026,8,Collingwood,Hawthorn,12582,Josh,Daicos,7,
2026,8,Collingwood,Hawthorn,12948,Nick,Daicos,35,
2026,8,Collingwood,Hawthorn,12333,Jordan,de Goey,2,
2026,8,Collingwood,Hawthorn,12091,Jamie,Elliott,5,
2026,8,Collingwood,Hawthorn,12682,Billy,Frampton,17,
2026,8,Collingwood,Hawthorn,13230,Will,Hayes,39,
2026,8,Collingwood,Hawthorn,12503,Dan,Houston,9,
2026,8,Collingwood,Hawthorn,12586,Patrick,Lipinski,1,
2026,8,Collingwood,Hawthorn,13025,Ned,Long,44,
2026,8,Collingwood,Hawthorn,12380,Brayden,Maynard,4,
2026,8,Collingwood,Hawthorn,12297,Daniel,McStay,11,
2026,8,Collingwood,Hawthorn,12381,Darcy,Moore,30,
2026,8,Collingwood,Hawthorn,13148,Wil,Parker,15,
2026,8,Collingwood,Hawthorn,12541,Harry,Perryman,12,
2026,8,Collingwood,Hawthorn,12740,Isaac,Quaynor,3,
2026,8,Collingwood,Hawthorn,12704,Lachie,Schultz,8,
2026,8,Collingwood,Hawthorn,11759,Steele,Sidebottom,22,
2026,8,Collingwood,Hawthorn,13249,Roan,Steele,45,
2026,8,Collingwood,Hawthorn,13301,Oscar,Steene,21,
2026,8,Collingwood,Hawthorn,12365,Karl,Amon,10,
2026,8,Collingwood,Hawthorn,12391,Tom,Barrass,37,
2026,8,Collingwood,Hawthorn,12565,Josh,Battle,24,
2026,8,Collingwood,Hawthorn,12999,Massimo,DAmbrosio,16,
2026,8,Collingwood,Hawthorn,12710,Calsher,Dear,13,
2026,8,Collingwood,Hawthorn,12928,Jack,Ginnivan,33,
2026,8,Collingwood,Hawthorn,11854,Jack,Gunston,19,
2026,8,Collingwood,Hawthorn,12477,Blake,Hardwick,15,
2026,8,Collingwood,Hawthorn,12245,Jarman,Impey,4,
2026,8,Collingwood,Hawthorn,12643,Mitch,Lewis,2,
2026,8,Collingwood,Hawthorn,12753,Connor,Macdonald,9,
2026,8,Collingwood,Hawthorn,13039,Cam,Mackenzie,28,
2026,8,Collingwood,Hawthorn,12846,Finn,Maginness,20,
2026,8,Collingwood,Hawthorn,12854,Lloyd,Meek,17,
2026,8,Collingwood,Hawthorn,12124,Dylan,Moore,8,
2026,8,Collingwood,Hawthorn,12678,Conor,Nash,11,
2026,8,Collingwood,Hawthorn,12913,Jai,Newcombe,3,
2026,8,Collingwood,Hawthorn,12907,Ned,Reeves,7,
2026,8,Collingwood,Hawthorn,12571,Jack,Scrimshaw,14,
2026,8,Collingwood,Hawthorn,12342,James,Sicily,6,
2026,8,Collingwood,Hawthorn,12954,Josh,Ward,25,
2026,8,Collingwood,Hawthorn,12626,Nick,Watson,5,
2026,8,Collingwood,Hawthorn,13059,Josh,Weddle,23,
2026,8,Western Bulldogs,Fremantle,12277,Marcus,Bontempelli,4,
2026,8,Western Bulldogs,Fremantle,12917,Lachlan,Bramble,29,
2026,8,Western Bulldogs,Fremantle,13218,Jedd,Busslinger,5,
2026,8,Western Bulldogs,Fremantle,12615,Nick,Coffield,17,
2026,8,Western Bulldogs,Fremantle,12362,Bailey,Dale,31,
2026,8,Western Bulldogs,Fremantle,13184,Sam,Davidson,42,
2026,8,Western Bulldogs,Fremantle,13185,Josh,Dolan,26,
2026,8,Western Bulldogs,Fremantle,12897,Louis,Emmett,25,
2026,8,Western Bulldogs,Fremantle,12548,Tim,English,44,
2026,8,Western Bulldogs,Fremantle,13140,Joel,Freijah,27,
2026,8,Western Bulldogs,Fremantle,13110,Harvey,Gallagher,12,
2026,8,Western Bulldogs,Fremantle,13047,Arthur,Jones,32,
2026,8,Western Bulldogs,Fremantle,12463,Matthew,Kennedy,8,
2026,8,Western Bulldogs,Fremantle,12901,Buku,Khamis,24,
2026,8,Western Bulldogs,Fremantle,13287,Will,Lewis,28,
2026,8,Western Bulldogs,Fremantle,12851,Lachlan,McNeil,30,
2026,8,Western Bulldogs,Fremantle,12602,Aaron,Naughton,33,
2026,8,Western Bulldogs,Fremantle,12612,Ed,Richards,20,
2026,8,Western Bulldogs,Fremantle,13111,Ryley,Sanders,9,
2026,8,Western Bulldogs,Fremantle,13279,Michael,Sellwood,37,
2026,8,Western Bulldogs,Fremantle,12781,Laitham,Vandermeer,23,
2026,8,Western Bulldogs,Fremantle,12748,Rhylee,West,14,
2026,8,Western Bulldogs,Fremantle,12449,Bailey,Williams,34,
2026,8,Western Bulldogs,Fremantle,12983,Jye,Amiss,24,
2026,8,Western Bulldogs,Fremantle,12538,Shai,Bolton,10,
2026,8,Western Bulldogs,Fremantle,12596,Andrew,Brayshaw,8,
2026,8,Western Bulldogs,Fremantle,12876,Heath,Chapman,5,
2026,8,Western Bulldogs,Fremantle,12688,Jordan,Clark,6,
2026,8,Western Bulldogs,Fremantle,12552,Brennan,Cox,36,
2026,8,Western Bulldogs,Fremantle,13171,Mason,Cox,18,
2026,8,Western Bulldogs,Fremantle,13207,Isaiah,Dudley,43,
2026,8,Western Bulldogs,Fremantle,12967,Neil,Erasmus,28,
2026,8,Western Bulldogs,Fremantle,12803,Michael,Frederick,32,
2026,8,Western Bulldogs,Fremantle,12779,Luke,Jackson,9,
2026,8,Western Bulldogs,Fremantle,13049,Matthew,Johnson,44,
2026,8,Western Bulldogs,Fremantle,12361,Alex,Pearce,25,
2026,8,Western Bulldogs,Fremantle,13181,Murphy,Reid,16,
2026,8,Western Bulldogs,Fremantle,12550,Luke,Ryan,13,
2026,8,Western Bulldogs,Fremantle,12786,Caleb,Serong,3,
2026,8,Western Bulldogs,Fremantle,12821,Jeremy,Sharp,14,
2026,8,Western Bulldogs,Fremantle,12679,Sam,Switkowski,39,
2026,8,Western Bulldogs,Fremantle,12888,Josh,Treacy,35,
2026,8,Western Bulldogs,Fremantle,13132,Patrick,Voss,20,
2026,8,Western Bulldogs,Fremantle,12461,Corey,Wagner,34,
2026,8,Western Bulldogs,Fremantle,13080,Karl,Worner,23,
2026,8,Western Bulldogs,Fremantle,12777,Hayden,Young,26,
2026,8,Adelaide,Port Adelaide,12855,Sam,Berry,3,
2026,8,Adelaide,Port Adelaide,12702,Hugh,Bond,21,
2026,8,Adelaide,Port Adelaide,13088,James,Borlase,35,
2026,8,Adelaide,Port Adelaide,12832,Jordon,Butts,41,
2026,8,Adelaide,Port Adelaide,12936,Brayden,Cook,15,
2026,8,Adelaide,Port Adelaide,12635,Isaac,Cumming,44,
2026,8,Adelaide,Port Adelaide,13133,Daniel,Curtin,6,
2026,8,Adelaide,Port Adelaide,12441,Ben,Keays,2,
2026,8,Adelaide,Port Adelaide,12171,Rory,Laird,29,
2026,8,Adelaide,Port Adelaide,13068,Lachlan,McAndrew,42,
2026,8,Adelaide,Port Adelaide,13038,Max,Michalanney,16,
2026,8,Adelaide,Port Adelaide,12416,Wayne,Milera,30,
2026,8,Adelaide,Port Adelaide,13283,Toby,Murray,39,
2026,8,Adelaide,Port Adelaide,12375,Alex,Neal-Bullen,28,
2026,8,Adelaide,Port Adelaide,12934,James,Peatling,25,
2026,8,Adelaide,Port Adelaide,12922,Luke,Pedlar,10,
2026,8,Adelaide,Port Adelaide,12957,Josh,Rachele,8,
2026,8,Adelaide,Port Adelaide,12797,Izak,Rankine,23,
2026,8,Adelaide,Port Adelaide,12956,Jake,Soligo,14,
2026,8,Adelaide,Port Adelaide,13161,Zac,Taylor,19,
2026,8,Adelaide,Port Adelaide,12893,Riley,Thilthorpe,7,
2026,8,Adelaide,Port Adelaide,11724,Taylor,Walker,13,
2026,8,Adelaide,Port Adelaide,12916,Josh,Worrell,24,
2026,8,Adelaide,Port Adelaide,12442,Aliir,Aliir,21,
2026,8,Adelaide,Port Adelaide,12868,Miles,Bergman,14,
2026,8,Adelaide,Port Adelaide,13188,Joe,Berry,5,
2026,8,Adelaide,Port Adelaide,13011,Jase,Burgoyne,7,
2026,8,Adelaide,Port Adelaide,12693,Zak,Butters,9,
2026,8,Adelaide,Port Adelaide,12429,Darcy,Byrne-Jones,33,
2026,8,Adelaide,Port Adelaide,12694,Willem,Drew,28,
2026,8,Adelaide,Port Adelaide,12952,Corey,Durdin,44,
2026,8,Adelaide,Port Adelaide,13155,Logan,Evans,22,
2026,8,Adelaide,Port Adelaide,12671,Kane,Farrell,6,
2026,8,Adelaide,Port Adelaide,12770,Mitch,Georgiades,19,
2026,8,Adelaide,Port Adelaide,12955,Jason,Horne-Francis,18,
2026,8,Adelaide,Port Adelaide,12883,Lachie,Jones,34,
2026,8,Adelaide,Port Adelaide,13304,Josh,Lai,43,
2026,8,Adelaide,Port Adelaide,13200,Ewan,Mackinlay,31,
2026,8,Adelaide,Port Adelaide,12578,Todd,Marshall,4,
2026,8,Adelaide,Port Adelaide,12557,Christian,Moraes,11,
2026,8,Adelaide,Port Adelaide,13141,Joe,Richards,35,
2026,8,Adelaide,Port Adelaide,12890,Jordon,Sweet,24,
2026,8,Adelaide,Port Adelaide,13074,Dante,Visentini,38,
2026,8,Adelaide,Port Adelaide,12613,Jacob,Wehr,15,
2026,8,Adelaide,Port Adelaide,13261,Jack,Whitlock,17,
2026,8,Adelaide,Port Adelaide,12155,Ollie,Wines,16,
2026,8,Essendon,Brisbane Lions,13238,Lachlan,Blakiston,46,
2026,8,Essendon,Brisbane Lions,13149,Nate,Caddy,30,
2026,8,Essendon,Brisbane Lions,12752,Jye,Caldwell,6,
2026,8,Essendon,Brisbane Lions,12855,Nik,Cox,13,
2026,8,Essendon,Brisbane Lions,13224,Archer,Day-Wicks,44,
2026,8,Essendon,Brisbane Lions,12926,Sam,Durham,22,
2026,8,Essendon,Brisbane Lions,12695,Xavier,Duursma,28,
2026,8,Essendon,Brisbane Lions,13199,Tom,Edwards,45,
2026,8,Essendon,Brisbane Lions,13204,Saad,El-Hawli,41,
2026,8,Essendon,Brisbane Lions,12809,Jacob,Farrow,2,
2026,8,Essendon,Brisbane Lions,12422,Jade,Gresham,11,
2026,8,Essendon,Brisbane Lions,13020,Max,Kondogiannis,29,
2026,8,Essendon,Brisbane Lions,12358,Kyle,Langford,4,
2026,8,Essendon,Brisbane Lions,12505,Andrew,McGrath,1,
2026,8,Essendon,Brisbane Lions,12588,Ben,McKay,32,
2026,8,Essendon,Brisbane Lions,12249,Zach,Merrett,7,
2026,8,Essendon,Brisbane Lions,13260,Jayden,Nguyen,42,
2026,8,Essendon,Brisbane Lions,12874,Jaxon,Prior,25,
2026,8,Essendon,Brisbane Lions,12891,Zach,Reid,31,
2026,8,Essendon,Brisbane Lions,13169,Archie,Roberts,21,
2026,8,Essendon,Brisbane Lions,12032,Sullivan,Robey,9,
2026,8,Essendon,Brisbane Lions,12384,Dyson,Sharp,15,
2026,8,Essendon,Brisbane Lions,12371,Peter,Wright,20,
2026,8,Essendon,Brisbane Lions,12347,Harris,Andrews,31,
2026,8,Essendon,Brisbane Lions,13183,Levi,Ashcroft,10,
2026,8,Essendon,Brisbane Lions,13034,Will,Ashcroft,8,
2026,8,Essendon,Brisbane Lions,12617,Zac,Bailey,33,
2026,8,Essendon,Brisbane Lions,12284,Charlie,Cameron,23,
2026,8,Essendon,Brisbane Lions,12838,Keidean,Coleman,18,
2026,8,Essendon,Brisbane Lions,12673,Cody,Curtin,37,
2026,8,Essendon,Brisbane Lions,12772,Sam,Draper,2,
2026,8,Essendon,Brisbane Lions,12421,Josh,Dunkley,5,
2026,8,Essendon,Brisbane Lions,13072,Jaspa,Fletcher,3,
2026,8,Essendon,Brisbane Lions,12726,Darcy,Fort,32,
2026,8,Essendon,Brisbane Lions,13234,Ty,Gallop,22,
2026,8,Essendon,Brisbane Lions,11901,Ryan,Lester,35,
2026,8,Essendon,Brisbane Lions,12969,Kai,Lohmann,1,
2026,8,Essendon,Brisbane Lions,12093,Lincoln,McCarthy,11,
2026,8,Essendon,Brisbane Lions,12526,Hugh,McCluggage,6,
2026,8,Essendon,Brisbane Lions,12400,Conor,McKenna,26,
2026,8,Essendon,Brisbane Lions,13138,Logan,Morris,13,
2026,8,Essendon,Brisbane Lions,12061,Lachie,Neale,9,
2026,8,Essendon,Brisbane Lions,12594,Cam,Rayner,16,
2026,8,Essendon,Brisbane Lions,13139,Bruce,Reville,38,
2026,8,Essendon,Brisbane Lions,13027,Darcy,Wilmot,44,
2026,8,Essendon,Brisbane Lions,12082,Dayne,Zorko,15,
2026,8,West Coast,Richmond,12668,Liam,Baker,3,
2026,8,West Coast,Richmond,13250,Malakai,Champion,37,
2026,8,West Coast,Richmond,12454,Tom,Cole,28,
2026,8,West Coast,Richmond,13211,Hamish,Davis,38,
2026,8,West Coast,Richmond,12630,Cooper,Duff-Tytler,21,
2026,8,West Coast,Richmond,12340,Liam,Duggan,14,
2026,8,West Coast,Richmond,12607,Willem,Duursma,1,
2026,8,West Coast,Richmond,13032,Reuben,Ginbey,7,
2026,8,West Coast,Richmond,13045,Elijah,Hewett,8,
2026,8,West Coast,Richmond,12958,Brady,Hough,19,
2026,8,West Coast,Richmond,12605,Tim,Kelly,11,
2026,8,West Coast,Richmond,12433,Josh,Lindsay,5,
2026,8,West Coast,Richmond,13071,Ryan,Maric,23,
2026,8,West Coast,Richmond,13033,Tom,McCarthy,18,
2026,8,West Coast,Richmond,13297,Milan,Murdock,47,
2026,8,West Coast,Richmond,12842,Matthew,Owies,16,
2026,8,West Coast,Richmond,13112,Harley,Reid,9,
2026,8,West Coast,Richmond,12816,Harry,Schoenberg,48,
2026,8,West Coast,Richmond,13248,Jobe,Shanahan,35,
2026,8,West Coast,Richmond,12609,Jake,Waterman,2,
2026,8,West Coast,Richmond,12837,Bailey,Williams,32,
2026,8,West Coast,Richmond,12090,Elliot,Yeo,6,
2026,8,West Coast,Richmond,12279,Tylar,Young,20,
2026,8,West Coast,Richmond,12686,Noah,Balta,21,
2026,8,West Coast,Richmond,12464,Nathan,Broad,35,
2026,8,West Coast,Richmond,13097,Tom,Brown,30,
2026,8,West Coast,Richmond,13044,Tom,Burton,45,
2026,8,West Coast,Richmond,13100,Seth,Campbell,44,
2026,8,West Coast,Richmond,13177,Sam,Cumming,22,
2026,8,West Coast,Richmond,13217,Jonty,Faull,8,
2026,8,West Coast,Richmond,13217,Campbell,Gray,50,
2026,8,West Coast,Richmond,13144,Steely,Green,48,
2026,8,West Coast,Richmond,13253,Sam,Grlj,24,
2026,8,West Coast,Richmond,13312,Oliver,Hayes-Brown,47,
2026,8,West Coast,Richmond,12447,Jacob,Hopper,2,
2026,8,West Coast,Richmond,13115,Mykelti,Lefau,42,
2026,8,West Coast,Richmond,11953,Tom,Lynch,19,
2026,8,West Coast,Richmond,13122,Kane,McAuliffe,28,
2026,8,West Coast,Richmond,12940,Ben,Miller,12,
2026,8,West Coast,Richmond,11921,Dion,Prestia,3,
2026,8,West Coast,Richmond,12324,Patrick,Retschko,33,
2026,8,West Coast,Richmond,12712,Jack,Ross,5,
2026,8,West Coast,Richmond,12425,Jayden,Short,15,
2026,8,West Coast,Richmond,13015,Tyler,Sonsie,40,
2026,8,West Coast,Richmond,13096,James,Trezise,36,
2026,8,West Coast,Richmond,12180,Nick,Vlastuin,1,
2026,8,Geelong,North Melbourne,12687,Tom,Atkins,30,
2026,8,Geelong,North Melbourne,12507,Jack,Bowes,12,
2026,8,Geelong,North Melbourne,12874,Tanner,Bruhn,4,
2026,8,Geelong,North Melbourne,12022,Jeremy,Cameron,5,
2026,8,Geelong,North Melbourne,12808,Brad,Close,45,
2026,8,Geelong,North Melbourne,11706,Patrick,Dangerfield,35,
2026,8,Geelong,North Melbourne,12892,Sam,De Koning,16,
2026,8,Geelong,North Melbourne,12976,Oliver,Dempsey,28,
2026,8,Geelong,North Melbourne,13288,Mitchell,Edwards,11,
2026,8,Geelong,North Melbourne,12559,Zach,Guthrie,39,
2026,8,Geelong,North Melbourne,12850,Oliver,Henry,36,
2026,8,Geelong,North Melbourne,12882,Max,Holmes,9,
2026,8,Geelong,North Melbourne,13162,Lawson,Humphries,17,
2026,8,Geelong,North Melbourne,12373,Jake,Kolodjashnij,8,
2026,8,Geelong,North Melbourne,13107,Shaun,Mannagh,7,
2026,8,Geelong,North Melbourne,12243,Jack,Martin,19,
2026,8,Geelong,North Melbourne,13067,Oisin,Mullin,34,
2026,8,Geelong,North Melbourne,12995,Shannon,Neale,33,
2026,8,Geelong,North Melbourne,12540,Mark,OConnor,42,
2026,8,Geelong,North Melbourne,13125,Connor,OSullivan,14,
2026,8,Geelong,North Melbourne,12698,Bailey,Smith,3,
2026,8,Geelong,North Melbourne,12514,Tom,Stewart,44,
2026,8,Geelong,North Melbourne,12622,James,Worpel,29,
2026,8,Geelong,North Melbourne,13220,Tom,Blamires,39,
2026,8,Geelong,North Melbourne,12939,Charlie,Comben,30,
2026,8,Geelong,North Melbourne,12185,Aidan,Corr,4,
2026,8,Geelong,North Melbourne,12975,Paul,Curtis,25,
2026,8,Geelong,North Melbourne,12382,Caleb,Daniel,5,
2026,8,Geelong,North Melbourne,11908,Jack,Darling,27,
2026,8,Geelong,North Melbourne,12599,Luke,Davies-Uniacke,9,
2026,8,Geelong,North Melbourne,13291,Lachy,Dovaston,1,
2026,8,Geelong,North Melbourne,13104,Zane,Duursma,7,
2026,8,Geelong,North Melbourne,12569,Nick,Larkey,20,
2026,8,Geelong,North Melbourne,12524,Griffin,Logue,19,
2026,8,Geelong,North Melbourne,12246,Luke,McDonald,11,
2026,8,Geelong,North Melbourne,13105,Colby,McKercher,10,
2026,8,Geelong,North Melbourne,13187,Finn,OSullivan,2,
2026,8,Geelong,North Melbourne,11958,Luke,Parker,26,
2026,8,Geelong,North Melbourne,12867,Tom,Powell,24,
2026,8,Geelong,North Melbourne,13030,Harry,Sheezel,3,
2026,8,Geelong,North Melbourne,12511,Jy,Simpkin,12,
2026,8,Geelong,North Melbourne,12434,Charlie,Spargo,13,
2026,8,Geelong,North Melbourne,12798,Dylan,Stephens,15,
2026,8,Geelong,North Melbourne,13263,Cooper,Trembath,47,
2026,8,Geelong,North Melbourne,12789,Tristan,Xerri,38,
2026,8,Geelong,North Melbourne,12566,Cameron,Zurhaar,44,
2026,8,Carlton,St Kilda,12681,Ben,Ainsworth,12,
2026,8,Carlton,St Kilda,13214,Matt,Carroll,32,
2026,8,Carlton,St Kilda,12610,Adam,Cerra,5,
2026,8,Carlton,St Kilda,12823,Matthew,Cottrell,46,
2026,8,Carlton,St Kilda,13028,Lachlan,Cowan,2,
2026,8,Carlton,St Kilda,12269,Patrick,Cripps,9,
2026,8,Carlton,St Kilda,13245,Harry,Dean,35,
2026,8,Carlton,St Kilda,12873,Francis,Evans,44,
2026,8,Carlton,St Kilda,12308,Oliver,Florent,14,
2026,8,Carlton,St Kilda,12096,Nick,Haynes,26,
2026,8,Carlton,St Kilda,12937,Will,Hayward,19,
2026,8,Carlton,St Kilda,13029,Oliver,Hollands,4,
2026,8,Carlton,St Kilda,12938,Brodie,Kemp,17,
2026,8,Carlton,St Kilda,12415,Mitch,McGovern,11,
2026,8,Carlton,St Kilda,12575,Harry,McKay,10,
2026,8,Carlton,St Kilda,12511,Nic,Newman,24,
2026,8,Carlton,St Kilda,12424,Marc,Pittonet,27,
2026,8,Carlton,St Kilda,13130,Liam,Reidy,25,
2026,8,Carlton,St Kilda,12330,Adam,Saad,42,
2026,8,Carlton,St Kilda,13277,Jagga,Smith,7,
2026,8,Carlton,St Kilda,12685,Sam,Walsh,18,
2026,8,Carlton,St Kilda,12410,Jacob,Weitering,23,
2026,8,Carlton,St Kilda,12181,Zac,Williams,6,
2026,8,Carlton,St Kilda,12498,Dan,Butler,16,
2026,8,Carlton,St Kilda,13041,Anthony,Caminiti,47,
2026,8,Carlton,St Kilda,12980,Jack,Carroll,18,
2026,8,Carlton,St Kilda,12399,Tom,De Koning,21,
2026,8,Carlton,St Kilda,12377,Sam,Flanders,9,
2026,8,Carlton,St Kilda,13124,Hugo,Garcia,34,
2026,8,Carlton,St Kilda,13191,Max,Hall,40,
2026,8,Carlton,St Kilda,12831,Liam,Henry,23,
2026,8,Carlton,St Kilda,12066,Bradley,Hill,8,
2026,8,Carlton,St Kilda,12426,Dougal,Howard,20,
2026,8,Carlton,St Kilda,12172,Jack,Macrae,6,
2026,8,Carlton,St Kilda,12572,Rowan,Marshall,19,
2026,8,Carlton,St Kilda,13192,Liam,OConnell,45,
2026,8,Carlton,St Kilda,12945,Mitch,Owens,10,
2026,8,Carlton,St Kilda,13042,Mattaes,Phillipou,25,
2026,8,Carlton,St Kilda,12930,Cooper,Sharman,43,
2026,8,Carlton,St Kilda,12294,Jack,Silvagni,3,
2026,8,Carlton,St Kilda,12337,Jack,Sinclair,35,
2026,8,Carlton,St Kilda,12721,Liam,Stocker,14,
2026,8,Carlton,St Kilda,12947,Nasiah,Wanganeen-Milera,7,
2026,8,Carlton,St Kilda,12701,Callum,Wilkie,44,
2026,8,Carlton,St Kilda,12968,Marcus,Windhager,2,
2026,8,Carlton,St Kilda,12321,Mason,Wood,32,
2026,8,Sydney,Melbourne,12847,Joel,Amartey,36,
2026,8,Sydney,Melbourne,13182,Riley,Bice,26,
2026,8,Sydney,Melbourne,12699,Nick,Blakey,22,
2026,8,Sydney,Melbourne,12677,Billy,Cootee,25,
2026,8,Sydney,Melbourne,13117,Charlie,Curnow,35,
2026,8,Sydney,Melbourne,13321,Will,Edwards,28,
2026,8,Sydney,Melbourne,12223,Brodie,Grundy,4,
2026,8,Sydney,Melbourne,12331,Isaac,Heeney,5,
2026,8,Sydney,Melbourne,12853,James,Jordon,17,
2026,8,Sydney,Melbourne,12275,Jake,Lloyd,44,
2026,8,Sydney,Melbourne,12864,Logan,McDonald,6,
2026,8,Sydney,Melbourne,12711,Justin,McInerney,27,
2026,8,Sydney,Melbourne,12533,Lewis,Melican,43,
2026,8,Sydney,Melbourne,12418,Callum,Mills,14,
2026,8,Sydney,Melbourne,12419,Tom,Papley,11,
2026,8,Sydney,Melbourne,12148,Dane,Rampe,24,
2026,8,Sydney,Melbourne,12993,Matt,Roberts,34,
2026,8,Sydney,Melbourne,12475,Malcolm,Rosas,10,
2026,8,Sydney,Melbourne,12715,James,Rowbottom,8,
2026,8,Sydney,Melbourne,12501,Jai,Serong,13,
2026,8,Sydney,Melbourne,12951,Angus,Sheldrick,12,
2026,8,Sydney,Melbourne,12799,Chad,Warner,1,
2026,8,Sydney,Melbourne,12820,Sam,Wicks,15,
2026,8,Sydney,Melbourne,12756,Kade,Chandler,37,
2026,8,Sydney,Melbourne,13303,Paddy,Cross,41,
2026,8,Sydney,Melbourne,12603,Bayley,Fritsch,31,
2026,8,Sydney,Melbourne,11972,Max,Gawn,11,
2026,8,Sydney,Melbourne,13257,Max,Heath,27,
2026,8,Sydney,Melbourne,13098,Blake,Howes,22,
2026,8,Sydney,Melbourne,13194,Matthew,Jefferson,21,
2026,8,Sydney,Melbourne,12255,Changkuoth,Jiath,14,
2026,8,Sydney,Melbourne,12401,Ed,Langdon,15,
2026,8,Sydney,Melbourne,13036,Harvey,Langford,4,
2026,8,Sydney,Melbourne,13035,Bailey,Laurie,16,
2026,8,Sydney,Melbourne,12359,Jake,Lever,8,
2026,8,Sydney,Melbourne,12642,Brody,Mihocek,28,
2026,8,Sydney,Melbourne,12660,Harry,Petty,35,
2026,8,Sydney,Melbourne,12774,Kysaiah,Pickett,36,
2026,8,Sydney,Melbourne,12833,Latrelle,Pickett,33,
2026,8,Sydney,Melbourne,12862,Harry,Sharp,30,
2026,8,Sydney,Melbourne,12692,Tom,Sparrow,32,
2026,8,Sydney,Melbourne,12628,Jack,Steele,9,
2026,8,Sydney,Melbourne,13123,Koltyn,Tholstrup,12,
2026,8,Sydney,Melbourne,12998,Daniel,Turner,10,
2026,8,Sydney,Melbourne,13048,Jacob,van Rooyen,2,
2026,8,Sydney,Melbourne,13099,Caleb,Windsor,6,
2026,8,Gold Coast,Greater Western Sydney,13251,Oscar,Adams,48,
2026,8,Gold Coast,Greater Western Sydney,12767,Noah,Anderson,15,
2026,8,Gold Coast,Greater Western Sydney,13019,Mac,Andrew,1,
2026,8,Gold Coast,Greater Western Sydney,13119,Sam,Clohesy,33,
2026,8,Gold Coast,Greater Western Sydney,12453,Sam,Collins,25,
2026,8,Gold Coast,Greater Western Sydney,12941,Alex,Davies,5,
2026,8,Gold Coast,Greater Western Sydney,13120,Will,Graham,26,
2026,8,Gold Coast,Greater Western Sydney,13272,Lachlan,Gulbin,39,
2026,8,Gold Coast,Greater Western Sydney,13050,Bailey,Humphrey,19,
2026,8,Gold Coast,Greater Western Sydney,12936,Joel,Jeffrey,16,
2026,8,Gold Coast,Greater Western Sydney,12728,Ben,King,34,
2026,8,Gold Coast,Greater Western Sydney,12489,Leo,Lombard,8,
2026,8,Gold Coast,Greater Western Sydney,12529,Ben,Long,22,
2026,8,Gold Coast,Greater Western Sydney,12329,Touk,Miller,11,
2026,8,Gold Coast,Greater Western Sydney,12242,Ned,Moyle,23,
2026,8,Gold Coast,Greater Western Sydney,12743,John,Noble,2,
2026,8,Gold Coast,Greater Western Sydney,12825,Christian,Petracca,3,
2026,8,Gold Coast,Greater Western Sydney,12658,Wil,Powell,27,
2026,8,Gold Coast,Greater Western Sydney,13121,Ethan,Read,20,
2026,8,Gold Coast,Greater Western Sydney,12409,Daniel,Rioli,17,
2026,8,Gold Coast,Greater Western Sydney,12506,Jamarra,Ugle-Hagan,9,
2026,8,Gold Coast,Greater Western Sydney,12086,Bodhi,Uwland,6,
2026,8,Gold Coast,Greater Western Sydney,12393,Lachie,Weller,14,
2026,8,Gold Coast,Greater Western Sydney,13018,Leek,Aleer,21,
2026,8,Gold Coast,Greater Western Sydney,13002,Ryan,Angwin,9,
2026,8,Gold Coast,Greater Western Sydney,12782,Lachie,Ash,7,
2026,8,Gold Coast,Greater Western Sydney,12773,Toby,Bedford,14,
2026,8,Gold Coast,Greater Western Sydney,12905,Kieren,Briggs,32,
2026,8,Gold Coast,Greater Western Sydney,12845,Jack,Buckley,44,
2026,8,Gold Coast,Greater Western Sydney,13054,Aaron,Cadman,5,
2026,8,Gold Coast,Greater Western Sydney,12970,Finn,Callaghan,17,
2026,8,Gold Coast,Greater Western Sydney,12023,Stephen,Coniglio,3,
2026,8,Gold Coast,Greater Western Sydney,12663,Brent,Daniels,16,
2026,8,Gold Coast,Greater Western Sydney,13165,Joe,Fonti,37,
2026,8,Gold Coast,Greater Western Sydney,13282,Phoenix,Gothard,11,
2026,8,Gold Coast,Greater Western Sydney,12026,Toby,Greene,4,
2026,8,Gold Coast,Greater Western Sydney,12470,Harry,Himmelberg,27,
2026,8,Gold Coast,Greater Western Sydney,12326,Jesse,Hogan,23,
2026,8,Gold Coast,Greater Western Sydney,12749,Connor,Idun,39,
2026,8,Gold Coast,Greater Western Sydney,11998,Jayden,Laverde,25,
2026,8,Gold Coast,Greater Western Sydney,13175,James,Leake,30,
2026,8,Gold Coast,Greater Western Sydney,12822,Xavier,OHalloran,33,
2026,8,Gold Coast,Greater Western Sydney,12992,Clayton,Oliver,10,
2026,8,Gold Coast,Greater Western Sydney,12173,Jake,Stringer,20,
2026,8,Gold Coast,Greater Western Sydney,13101,Harvey,Thomas,1,
2026,8,Gold Coast,Greater Western Sydney,12147,Lachie,Whitfield,6,
2026,9,Fremantle,Hawthorn,12983,Jye,Amiss,24,
2026,9,Fremantle,Hawthorn,12538,Shai,Bolton,10,
2026,9,Fremantle,Hawthorn,12596,Andrew,Brayshaw,8,
2026,9,Fremantle,Hawthorn,12876,Heath,Chapman,5,
2026,9,Fremantle,Hawthorn,12688,Jordan,Clark,6,
2026,9,Fremantle,Hawthorn,12552,Brennan,Cox,36,
2026,9,Fremantle,Hawthorn,13171,Mason,Cox,18,
2026,9,Fremantle,Hawthorn,13207,Isaiah,Dudley,43,
2026,9,Fremantle,Hawthorn,12967,Neil,Erasmus,28,
2026,9,Fremantle,Hawthorn,12803,Michael,Frederick,32,
2026,9,Fremantle,Hawthorn,12779,Luke,Jackson,9,
2026,9,Fremantle,Hawthorn,13049,Matthew,Johnson,44,
2026,9,Fremantle,Hawthorn,13036,Judd,McVee,17,
2026,9,Fremantle,Hawthorn,12361,Alex,Pearce,25,
2026,9,Fremantle,Hawthorn,13181,Murphy,Reid,16,
2026,9,Fremantle,Hawthorn,12550,Luke,Ryan,13,
2026,9,Fremantle,Hawthorn,12786,Caleb,Serong,3,
2026,9,Fremantle,Hawthorn,12679,Sam,Switkowski,39,
2026,9,Fremantle,Hawthorn,12888,Josh,Treacy,35,
2026,9,Fremantle,Hawthorn,13132,Patrick,Voss,20,
2026,9,Fremantle,Hawthorn,12461,Corey,Wagner,34,
2026,9,Fremantle,Hawthorn,13080,Karl,Worner,23,
2026,9,Fremantle,Hawthorn,12777,Hayden,Young,26,
2026,9,Fremantle,Hawthorn,12365,Karl,Amon,10,
2026,9,Fremantle,Hawthorn,12391,Tom,Barrass,37,
2026,9,Fremantle,Hawthorn,12565,Josh,Battle,24,
2026,9,Fremantle,Hawthorn,12989,Sam,Butler,30,
2026,9,Fremantle,Hawthorn,12999,Massimo,DAmbrosio,16,
2026,9,Fremantle,Hawthorn,12928,Jack,Ginnivan,33,
2026,9,Fremantle,Hawthorn,11854,Jack,Gunston,19,
2026,9,Fremantle,Hawthorn,12477,Blake,Hardwick,15,
2026,9,Fremantle,Hawthorn,12245,Jarman,Impey,4,
2026,9,Fremantle,Hawthorn,12643,Mitch,Lewis,2,
2026,9,Fremantle,Hawthorn,12753,Connor,Macdonald,9,
2026,9,Fremantle,Hawthorn,13039,Cam,Mackenzie,28,
2026,9,Fremantle,Hawthorn,12854,Lloyd,Meek,17,
2026,9,Fremantle,Hawthorn,12124,Dylan,Moore,8,
2026,9,Fremantle,Hawthorn,12678,Conor,Nash,11,
2026,9,Fremantle,Hawthorn,12913,Jai,Newcombe,3,
2026,9,Fremantle,Hawthorn,13060,Max,Ramsden,38,
2026,9,Fremantle,Hawthorn,12907,Ned,Reeves,7,
2026,9,Fremantle,Hawthorn,13323,Bodie,Ryan,26,
2026,9,Fremantle,Hawthorn,12342,James,Sicily,6,
2026,9,Fremantle,Hawthorn,12954,Josh,Ward,25,
2026,9,Fremantle,Hawthorn,12626,Nick,Watson,5,
2026,9,Fremantle,Hawthorn,13059,Josh,Weddle,23,
2026,9,Brisbane Lions,Carlton,12347,Harris,Andrews,31,
2026,9,Brisbane Lions,Carlton,13183,Levi,Ashcroft,10,
2026,9,Brisbane Lions,Carlton,13034,Will,Ashcroft,8,
2026,9,Brisbane Lions,Carlton,12617,Zac,Bailey,33,
2026,9,Brisbane Lions,Carlton,12284,Charlie,Cameron,23,
2026,9,Brisbane Lions,Carlton,12838,Keidean,Coleman,18,
2026,9,Brisbane Lions,Carlton,12673,Cody,Curtin,37,
2026,9,Brisbane Lions,Carlton,12772,Sam,Draper,2,
2026,9,Brisbane Lions,Carlton,12421,Josh,Dunkley,5,
2026,9,Brisbane Lions,Carlton,13072,Jaspa,Fletcher,3,
2026,9,Brisbane Lions,Carlton,12726,Darcy,Fort,32,
2026,9,Brisbane Lions,Carlton,12657,Darragh,Joyce,41,
2026,9,Brisbane Lions,Carlton,11901,Ryan,Lester,35,
2026,9,Brisbane Lions,Carlton,12969,Kai,Lohmann,1,
2026,9,Brisbane Lions,Carlton,12093,Lincoln,McCarthy,11,
2026,9,Brisbane Lions,Carlton,12526,Hugh,McCluggage,6,
2026,9,Brisbane Lions,Carlton,12400,Conor,McKenna,26,
2026,9,Brisbane Lions,Carlton,13138,Logan,Morris,13,
2026,9,Brisbane Lions,Carlton,12061,Lachie,Neale,9,
2026,9,Brisbane Lions,Carlton,12594,Cam,Rayner,16,
2026,9,Brisbane Lions,Carlton,13139,Bruce,Reville,38,
2026,9,Brisbane Lions,Carlton,13027,Darcy,Wilmot,44,
2026,9,Brisbane Lions,Carlton,12082,Dayne,Zorko,15,
2026,9,Brisbane Lions,Carlton,12681,Ben,Ainsworth,12,
2026,9,Brisbane Lions,Carlton,13214,Matt,Carroll,32,
2026,9,Brisbane Lions,Carlton,12610,Adam,Cerra,5,
2026,9,Brisbane Lions,Carlton,13028,Lachlan,Cowan,2,
2026,9,Brisbane Lions,Carlton,12269,Patrick,Cripps,9,
2026,9,Brisbane Lions,Carlton,13245,Harry,Dean,35,
2026,9,Brisbane Lions,Carlton,12873,Francis,Evans,44,
2026,9,Brisbane Lions,Carlton,12308,Oliver,Florent,14,
2026,9,Brisbane Lions,Carlton,12096,Nick,Haynes,26,
2026,9,Brisbane Lions,Carlton,12937,Will,Hayward,19,
2026,9,Brisbane Lions,Carlton,12417,George,Hewett,29,
2026,9,Brisbane Lions,Carlton,13029,Oliver,Hollands,4,
2026,9,Brisbane Lions,Carlton,12938,Brodie,Kemp,17,
2026,9,Brisbane Lions,Carlton,12415,Mitch,McGovern,11,
2026,9,Brisbane Lions,Carlton,12575,Harry,McKay,10,
2026,9,Brisbane Lions,Carlton,12511,Nic,Newman,24,
2026,9,Brisbane Lions,Carlton,12424,Marc,Pittonet,27,
2026,9,Brisbane Lions,Carlton,12330,Adam,Saad,42,
2026,9,Brisbane Lions,Carlton,13277,Jagga,Smith,7,
2026,9,Brisbane Lions,Carlton,12685,Sam,Walsh,18,
2026,9,Brisbane Lions,Carlton,12410,Jacob,Weitering,23,
2026,9,Brisbane Lions,Carlton,12181,Zac,Williams,6,
2026,9,Brisbane Lions,Carlton,12175,Billy,Wilson,15,
2026,9,Port Adelaide,Western Bulldogs,12442,Aliir,Aliir,21,
2026,9,Port Adelaide,Western Bulldogs,12868,Miles,Bergman,14,
2026,9,Port Adelaide,Western Bulldogs,13188,Joe,Berry,5,
2026,9,Port Adelaide,Western Bulldogs,13011,Jase,Burgoyne,7,
2026,9,Port Adelaide,Western Bulldogs,12693,Zak,Butters,9,
2026,9,Port Adelaide,Western Bulldogs,12429,Darcy,Byrne-Jones,33,
2026,9,Port Adelaide,Western Bulldogs,12694,Willem,Drew,28,
2026,9,Port Adelaide,Western Bulldogs,12952,Corey,Durdin,44,
2026,9,Port Adelaide,Western Bulldogs,13155,Logan,Evans,22,
2026,9,Port Adelaide,Western Bulldogs,12671,Kane,Farrell,6,
2026,9,Port Adelaide,Western Bulldogs,12770,Mitch,Georgiades,19,
2026,9,Port Adelaide,Western Bulldogs,12955,Jason,Horne-Francis,18,
2026,9,Port Adelaide,Western Bulldogs,12883,Lachie,Jones,34,
2026,9,Port Adelaide,Western Bulldogs,13304,Josh,Lai,43,
2026,9,Port Adelaide,Western Bulldogs,13200,Ewan,Mackinlay,31,
2026,9,Port Adelaide,Western Bulldogs,12557,Christian,Moraes,11,
2026,9,Port Adelaide,Western Bulldogs,13141,Joe,Richards,35,
2026,9,Port Adelaide,Western Bulldogs,12890,Jordon,Sweet,24,
2026,9,Port Adelaide,Western Bulldogs,13074,Dante,Visentini,38,
2026,9,Port Adelaide,Western Bulldogs,13205,Jack,Watkins,37,
2026,9,Port Adelaide,Western Bulldogs,12613,Jacob,Wehr,15,
2026,9,Port Adelaide,Western Bulldogs,13261,Jack,Whitlock,17,
2026,9,Port Adelaide,Western Bulldogs,12155,Ollie,Wines,16,
2026,9,Port Adelaide,Western Bulldogs,12723,Oskar,Baker,13,
2026,9,Port Adelaide,Western Bulldogs,12277,Marcus,Bontempelli,4,
2026,9,Port Adelaide,Western Bulldogs,12917,Lachlan,Bramble,29,
2026,9,Port Adelaide,Western Bulldogs,11874,Connor,Budarick,19,
2026,9,Port Adelaide,Western Bulldogs,13218,Jedd,Busslinger,5,
2026,9,Port Adelaide,Western Bulldogs,12615,Nick,Coffield,17,
2026,9,Port Adelaide,Western Bulldogs,12362,Bailey,Dale,31,
2026,9,Port Adelaide,Western Bulldogs,12548,Tim,English,44,
2026,9,Port Adelaide,Western Bulldogs,13140,Joel,Freijah,27,
2026,9,Port Adelaide,Western Bulldogs,13110,Harvey,Gallagher,12,
2026,9,Port Adelaide,Western Bulldogs,13215,Cooper,Hynes,6,
2026,9,Port Adelaide,Western Bulldogs,13047,Arthur,Jones,32,
2026,9,Port Adelaide,Western Bulldogs,12463,Matthew,Kennedy,8,
2026,9,Port Adelaide,Western Bulldogs,12901,Buku,Khamis,24,
2026,9,Port Adelaide,Western Bulldogs,13287,Will,Lewis,28,
2026,9,Port Adelaide,Western Bulldogs,12851,Lachlan,McNeil,30,
2026,9,Port Adelaide,Western Bulldogs,12602,Aaron,Naughton,33,
2026,9,Port Adelaide,Western Bulldogs,12612,Ed,Richards,20,
2026,9,Port Adelaide,Western Bulldogs,13111,Ryley,Sanders,9,
2026,9,Port Adelaide,Western Bulldogs,13279,Michael,Sellwood,37,
2026,9,Port Adelaide,Western Bulldogs,13317,Lachlan,Smith,40,
2026,9,Port Adelaide,Western Bulldogs,12748,Rhylee,West,14,
2026,9,Port Adelaide,Western Bulldogs,12449,Bailey,Williams,34,
2026,9,North Melbourne,Sydney,13220,Tom,Blamires,39,
2026,9,North Melbourne,Sydney,12939,Charlie,Comben,30,
2026,9,North Melbourne,Sydney,12975,Paul,Curtis,25,
2026,9,North Melbourne,Sydney,12382,Caleb,Daniel,5,
2026,9,North Melbourne,Sydney,11908,Jack,Darling,27,
2026,9,North Melbourne,Sydney,12599,Luke,Davies-Uniacke,9,
2026,9,North Melbourne,Sydney,13145,Wil,Dawson,18,
2026,9,North Melbourne,Sydney,13104,Zane,Duursma,7,
2026,9,North Melbourne,Sydney,13186,Jacob,Konstanty,41,
2026,9,North Melbourne,Sydney,12569,Nick,Larkey,20,
2026,9,North Melbourne,Sydney,12524,Griffin,Logue,19,
2026,9,North Melbourne,Sydney,12246,Luke,McDonald,11,
2026,9,North Melbourne,Sydney,13105,Colby,McKercher,10,
2026,9,North Melbourne,Sydney,13187,Finn,OSullivan,2,
2026,9,North Melbourne,Sydney,11958,Luke,Parker,26,
2026,9,North Melbourne,Sydney,13030,Harry,Sheezel,3,
2026,9,North Melbourne,Sydney,12511,Jy,Simpkin,12,
2026,9,North Melbourne,Sydney,12434,Charlie,Spargo,13,
2026,9,North Melbourne,Sydney,12798,Dylan,Stephens,15,
2026,9,North Melbourne,Sydney,13263,Cooper,Trembath,47,
2026,9,North Melbourne,Sydney,13065,George,Wardlaw,6,
2026,9,North Melbourne,Sydney,12789,Tristan,Xerri,38,
2026,9,North Melbourne,Sydney,12566,Cameron,Zurhaar,44,
2026,9,North Melbourne,Sydney,12847,Joel,Amartey,36,
2026,9,North Melbourne,Sydney,13182,Riley,Bice,26,
2026,9,North Melbourne,Sydney,12699,Nick,Blakey,22,
2026,9,North Melbourne,Sydney,12677,Billy,Cootee,25,
2026,9,North Melbourne,Sydney,12038,Harry,Cunningham,7,
2026,9,North Melbourne,Sydney,13321,Will,Edwards,28,
2026,9,North Melbourne,Sydney,12223,Brodie,Grundy,4,
2026,9,North Melbourne,Sydney,12331,Isaac,Heeney,5,
2026,9,North Melbourne,Sydney,12853,James,Jordon,17,
2026,9,North Melbourne,Sydney,12275,Jake,Lloyd,44,
2026,9,North Melbourne,Sydney,12864,Logan,McDonald,6,
2026,9,North Melbourne,Sydney,12711,Justin,McInerney,27,
2026,9,North Melbourne,Sydney,12745,Hayden,McLean,2,
2026,9,North Melbourne,Sydney,12533,Lewis,Melican,43,
2026,9,North Melbourne,Sydney,12418,Callum,Mills,14,
2026,9,North Melbourne,Sydney,12419,Tom,Papley,11,
2026,9,North Melbourne,Sydney,12148,Dane,Rampe,24,
2026,9,North Melbourne,Sydney,12993,Matt,Roberts,34,
2026,9,North Melbourne,Sydney,12475,Malcolm,Rosas,10,
2026,9,North Melbourne,Sydney,12715,James,Rowbottom,8,
2026,9,North Melbourne,Sydney,12951,Angus,Sheldrick,12,
2026,9,North Melbourne,Sydney,12799,Chad,Warner,1,
2026,9,North Melbourne,Sydney,12820,Sam,Wicks,15,
2026,9,Greater Western Sydney,Essendon,12782,Lachie,Ash,7,
2026,9,Greater Western Sydney,Essendon,12773,Toby,Bedford,14,
2026,9,Greater Western Sydney,Essendon,12905,Kieren,Briggs,32,
2026,9,Greater Western Sydney,Essendon,12845,Jack,Buckley,44,
2026,9,Greater Western Sydney,Essendon,13054,Aaron,Cadman,5,
2026,9,Greater Western Sydney,Essendon,12970,Finn,Callaghan,17,
2026,9,Greater Western Sydney,Essendon,12023,Stephen,Coniglio,3,
2026,9,Greater Western Sydney,Essendon,12663,Brent,Daniels,16,
2026,9,Greater Western Sydney,Essendon,13165,Joe,Fonti,37,
2026,9,Greater Western Sydney,Essendon,13282,Phoenix,Gothard,11,
2026,9,Greater Western Sydney,Essendon,12026,Toby,Greene,4,
2026,9,Greater Western Sydney,Essendon,13156,Max,Gruzewski,35,
2026,9,Greater Western Sydney,Essendon,13305,Oliver,Hannaford,13,
2026,9,Greater Western Sydney,Essendon,12470,Harry,Himmelberg,27,
2026,9,Greater Western Sydney,Essendon,12749,Connor,Idun,39,
2026,9,Greater Western Sydney,Essendon,11998,Jayden,Laverde,25,
2026,9,Greater Western Sydney,Essendon,13175,James,Leake,30,
2026,9,Greater Western Sydney,Essendon,13089,Toby,McMullin,31,
2026,9,Greater Western Sydney,Essendon,12992,Clayton,Oliver,10,
2026,9,Greater Western Sydney,Essendon,12835,Jake,Riccardi,26,
2026,9,Greater Western Sydney,Essendon,12173,Jake,Stringer,20,
2026,9,Greater Western Sydney,Essendon,13101,Harvey,Thomas,1,
2026,9,Greater Western Sydney,Essendon,12147,Lachie,Whitfield,6,
2026,9,Greater Western Sydney,Essendon,13238,Lachlan,Blakiston,46,
2026,9,Greater Western Sydney,Essendon,12900,Nick,Bryan,24,
2026,9,Greater Western Sydney,Essendon,13149,Nate,Caddy,30,
2026,9,Greater Western Sydney,Essendon,12855,Nik,Cox,13,
2026,9,Greater Western Sydney,Essendon,13224,Archer,Day-Wicks,44,
2026,9,Greater Western Sydney,Essendon,12926,Sam,Durham,22,
2026,9,Greater Western Sydney,Essendon,12695,Xavier,Duursma,28,
2026,9,Greater Western Sydney,Essendon,12809,Jacob,Farrow,2,
2026,9,Greater Western Sydney,Essendon,13232,Zak,Johnson,40,
2026,9,Greater Western Sydney,Essendon,12358,Kyle,Langford,4,
2026,9,Greater Western Sydney,Essendon,13239,Archie,May,26,
2026,9,Greater Western Sydney,Essendon,12505,Andrew,McGrath,1,
2026,9,Greater Western Sydney,Essendon,12249,Zach,Merrett,7,
2026,9,Greater Western Sydney,Essendon,13260,Jayden,Nguyen,42,
2026,9,Greater Western Sydney,Essendon,12414,Darcy,Parish,3,
2026,9,Greater Western Sydney,Essendon,12880,Archie,Perkins,16,
2026,9,Greater Western Sydney,Essendon,12874,Jaxon,Prior,25,
2026,9,Greater Western Sydney,Essendon,12445,Mason,Redman,27,
2026,9,Greater Western Sydney,Essendon,12891,Zach,Reid,31,
2026,9,Greater Western Sydney,Essendon,13169,Archie,Roberts,21,
2026,9,Greater Western Sydney,Essendon,12032,Sullivan,Robey,9,
2026,9,Greater Western Sydney,Essendon,12384,Dyson,Sharp,15,
2026,9,Greater Western Sydney,Essendon,12371,Peter,Wright,20,
2026,9,Gold Coast,St Kilda,13251,Oscar,Adams,48,
2026,9,Gold Coast,St Kilda,12767,Noah,Anderson,15,
2026,9,Gold Coast,St Kilda,13019,Mac,Andrew,1,
2026,9,Gold Coast,St Kilda,12453,Sam,Collins,25,
2026,9,Gold Coast,St Kilda,12941,Alex,Davies,5,
2026,9,Gold Coast,St Kilda,13120,Will,Graham,26,
2026,9,Gold Coast,St Kilda,13272,Lachlan,Gulbin,39,
2026,9,Gold Coast,St Kilda,13050,Bailey,Humphrey,19,
2026,9,Gold Coast,St Kilda,12936,Joel,Jeffrey,16,
2026,9,Gold Coast,St Kilda,13258,Ben,Jepson,44,
2026,9,Gold Coast,St Kilda,12728,Ben,King,34,
2026,9,Gold Coast,St Kilda,12489,Leo,Lombard,8,
2026,9,Gold Coast,St Kilda,12529,Ben,Long,22,
2026,9,Gold Coast,St Kilda,12329,Touk,Miller,11,
2026,9,Gold Coast,St Kilda,12242,Ned,Moyle,23,
2026,9,Gold Coast,St Kilda,12743,John,Noble,2,
2026,9,Gold Coast,St Kilda,12825,Christian,Petracca,3,
2026,9,Gold Coast,St Kilda,12658,Wil,Powell,27,
2026,9,Gold Coast,St Kilda,13121,Ethan,Read,20,
2026,9,Gold Coast,St Kilda,12409,Daniel,Rioli,17,
2026,9,Gold Coast,St Kilda,12506,Jamarra,Ugle-Hagan,9,
2026,9,Gold Coast,St Kilda,12086,Bodhi,Uwland,6,
2026,9,Gold Coast,St Kilda,12393,Lachie,Weller,14,
2026,9,Gold Coast,St Kilda,12804,Ryan,Byrnes,13,
2026,9,Gold Coast,St Kilda,13041,Anthony,Caminiti,47,
2026,9,Gold Coast,St Kilda,12980,Jack,Carroll,18,
2026,9,Gold Coast,St Kilda,12399,Tom,De Koning,21,
2026,9,Gold Coast,St Kilda,12377,Sam,Flanders,9,
2026,9,Gold Coast,St Kilda,13124,Hugo,Garcia,34,
2026,9,Gold Coast,St Kilda,13191,Max,Hall,40,
2026,9,Gold Coast,St Kilda,12831,Liam,Henry,23,
2026,9,Gold Coast,St Kilda,12066,Bradley,Hill,8,
2026,9,Gold Coast,St Kilda,12426,Dougal,Howard,20,
2026,9,Gold Coast,St Kilda,12172,Jack,Macrae,6,
2026,9,Gold Coast,St Kilda,12572,Rowan,Marshall,19,
2026,9,Gold Coast,St Kilda,13192,Liam,OConnell,45,
2026,9,Gold Coast,St Kilda,12945,Mitch,Owens,10,
2026,9,Gold Coast,St Kilda,13042,Mattaes,Phillipou,25,
2026,9,Gold Coast,St Kilda,12930,Cooper,Sharman,43,
2026,9,Gold Coast,St Kilda,12294,Jack,Silvagni,3,
2026,9,Gold Coast,St Kilda,12337,Jack,Sinclair,35,
2026,9,Gold Coast,St Kilda,12721,Liam,Stocker,14,
2026,9,Gold Coast,St Kilda,12701,Callum,Wilkie,44,
2026,9,Gold Coast,St Kilda,13109,Darcy,Wilson,22,
2026,9,Gold Coast,St Kilda,12968,Marcus,Windhager,2,
2026,9,Gold Coast,St Kilda,12321,Mason,Wood,32,
2026,9,Geelong,Collingwood,12687,Tom,Atkins,30,
2026,9,Geelong,Collingwood,12507,Jack,Bowes,12,
2026,9,Geelong,Collingwood,12874,Tanner,Bruhn,4,
2026,9,Geelong,Collingwood,12022,Jeremy,Cameron,5,
2026,9,Geelong,Collingwood,12808,Brad,Close,45,
2026,9,Geelong,Collingwood,11706,Patrick,Dangerfield,35,
2026,9,Geelong,Collingwood,12892,Sam,De Koning,16,
2026,9,Geelong,Collingwood,12976,Oliver,Dempsey,28,
2026,9,Geelong,Collingwood,12559,Zach,Guthrie,39,
2026,9,Geelong,Collingwood,12850,Oliver,Henry,36,
2026,9,Geelong,Collingwood,12882,Max,Holmes,9,
2026,9,Geelong,Collingwood,13162,Lawson,Humphries,17,
2026,9,Geelong,Collingwood,12373,Jake,Kolodjashnij,8,
2026,9,Geelong,Collingwood,13107,Shaun,Mannagh,7,
2026,9,Geelong,Collingwood,12243,Jack,Martin,19,
2026,9,Geelong,Collingwood,13067,Oisin,Mullin,34,
2026,9,Geelong,Collingwood,12995,Shannon,Neale,33,
2026,9,Geelong,Collingwood,12540,Mark,OConnor,42,
2026,9,Geelong,Collingwood,13125,Connor,OSullivan,14,
2026,9,Geelong,Collingwood,12698,Bailey,Smith,3,
2026,9,Geelong,Collingwood,11855,Rhys,Stanley,1,
2026,9,Geelong,Collingwood,12514,Tom,Stewart,44,
2026,9,Geelong,Collingwood,12622,James,Worpel,29,
2026,9,Geelong,Collingwood,12648,Angus,Anderson,41,
2026,9,Geelong,Collingwood,13074,Jack,Buller,34,
2026,9,Geelong,Collingwood,12666,Darcy,Cameron,14,
2026,9,Geelong,Collingwood,12067,Jack,Crisp,25,
2026,9,Geelong,Collingwood,12582,Josh,Daicos,7,
2026,9,Geelong,Collingwood,12948,Nick,Daicos,35,
2026,9,Geelong,Collingwood,12333,Jordan,de Goey,2,
2026,9,Geelong,Collingwood,12091,Jamie,Elliott,5,
2026,9,Geelong,Collingwood,12682,Billy,Frampton,17,
2026,9,Geelong,Collingwood,12503,Dan,Houston,9,
2026,9,Geelong,Collingwood,11973,Jeremy,Howe,38,
2026,9,Geelong,Collingwood,12586,Patrick,Lipinski,1,
2026,9,Geelong,Collingwood,13025,Ned,Long,44,
2026,9,Geelong,Collingwood,12380,Brayden,Maynard,4,
2026,9,Geelong,Collingwood,12877,Beau,McCreery,31,
2026,9,Geelong,Collingwood,12297,Daniel,McStay,11,
2026,9,Geelong,Collingwood,12381,Darcy,Moore,30,
2026,9,Geelong,Collingwood,11506,Scott,Pendlebury,10,
2026,9,Geelong,Collingwood,12740,Isaac,Quaynor,3,
2026,9,Geelong,Collingwood,12704,Lachie,Schultz,8,
2026,9,Geelong,Collingwood,11759,Steele,Sidebottom,22,
2026,9,Geelong,Collingwood,13249,Roan,Steele,45,
2026,9,Geelong,Collingwood,13301,Oscar,Steene,21,
2026,9,Melbourne,West Coast,12933,Jake,Bowey,17,
2026,9,Melbourne,West Coast,12756,Kade,Chandler,37,
2026,9,Melbourne,West Coast,13303,Paddy,Cross,41,
2026,9,Melbourne,West Coast,12603,Bayley,Fritsch,31,
2026,9,Melbourne,West Coast,11972,Max,Gawn,11,
2026,9,Melbourne,West Coast,13257,Max,Heath,27,
2026,9,Melbourne,West Coast,13098,Blake,Howes,22,
2026,9,Melbourne,West Coast,13194,Matthew,Jefferson,21,
2026,9,Melbourne,West Coast,12255,Changkuoth,Jiath,14,
2026,9,Melbourne,West Coast,12401,Ed,Langdon,15,
2026,9,Melbourne,West Coast,13036,Harvey,Langford,4,
2026,9,Melbourne,West Coast,13035,Bailey,Laurie,16,
2026,9,Melbourne,West Coast,12359,Jake,Lever,8,
2026,9,Melbourne,West Coast,13164,Andy,Moniz-Wakefield,45,
2026,9,Melbourne,West Coast,12660,Harry,Petty,35,
2026,9,Melbourne,West Coast,12774,Kysaiah,Pickett,36,
2026,9,Melbourne,West Coast,12833,Latrelle,Pickett,33,
2026,9,Melbourne,West Coast,12862,Harry,Sharp,30,
2026,9,Melbourne,West Coast,12692,Tom,Sparrow,32,
2026,9,Melbourne,West Coast,12628,Jack,Steele,9,
2026,9,Melbourne,West Coast,13123,Koltyn,Tholstrup,12,
2026,9,Melbourne,West Coast,13048,Jacob,van Rooyen,2,
2026,9,Melbourne,West Coast,13099,Caleb,Windsor,6,
2026,9,Melbourne,West Coast,12668,Liam,Baker,3,
2026,9,Melbourne,West Coast,13250,Malakai,Champion,37,
2026,9,Melbourne,West Coast,12454,Tom,Cole,28,
2026,9,Melbourne,West Coast,13211,Hamish,Davis,38,
2026,9,Melbourne,West Coast,12630,Cooper,Duff-Tytler,21,
2026,9,Melbourne,West Coast,12340,Liam,Duggan,14,
2026,9,Melbourne,West Coast,12607,Willem,Duursma,1,
2026,9,Melbourne,West Coast,12812,Harry,Edwards,42,
2026,9,Melbourne,West Coast,13032,Reuben,Ginbey,7,
2026,9,Melbourne,West Coast,12958,Brady,Hough,19,
2026,9,Melbourne,West Coast,13152,Jack,Hutchinson,44,
2026,9,Melbourne,West Coast,13139,Harvey,Johnston,24,
2026,9,Melbourne,West Coast,12605,Tim,Kelly,11,
2026,9,Melbourne,West Coast,12433,Josh,Lindsay,5,
2026,9,Melbourne,West Coast,13071,Ryan,Maric,23,
2026,9,Melbourne,West Coast,13033,Tom,McCarthy,18,
2026,9,Melbourne,West Coast,13297,Milan,Murdock,47,
2026,9,Melbourne,West Coast,13112,Harley,Reid,9,
2026,9,Melbourne,West Coast,13248,Jobe,Shanahan,35,
2026,9,Melbourne,West Coast,12609,Jake,Waterman,2,
2026,9,Melbourne,West Coast,12837,Bailey,Williams,32,
2026,9,Melbourne,West Coast,12090,Elliot,Yeo,6,
2026,9,Melbourne,West Coast,12279,Tylar,Young,20,
2026,9,Richmond,Adelaide,12686,Noah,Balta,21,
2026,9,Richmond,Adelaide,12464,Nathan,Broad,35,
2026,9,Richmond,Adelaide,13097,Tom,Brown,30,
2026,9,Richmond,Adelaide,13044,Tom,Burton,45,
2026,9,Richmond,Adelaide,13100,Seth,Campbell,44,
2026,9,Richmond,Adelaide,13177,Sam,Cumming,22,
2026,9,Richmond,Adelaide,13217,Jonty,Faull,8,
2026,9,Richmond,Adelaide,13217,Campbell,Gray,50,
2026,9,Richmond,Adelaide,13144,Steely,Green,48,
2026,9,Richmond,Adelaide,13312,Oliver,Hayes-Brown,47,
2026,9,Richmond,Adelaide,12447,Jacob,Hopper,2,
2026,9,Richmond,Adelaide,13115,Mykelti,Lefau,42,
2026,9,Richmond,Adelaide,11953,Tom,Lynch,19,
2026,9,Richmond,Adelaide,13122,Kane,McAuliffe,28,
2026,9,Richmond,Adelaide,12940,Ben,Miller,12,
2026,9,Richmond,Adelaide,12324,Patrick,Retschko,33,
2026,9,Richmond,Adelaide,12712,Jack,Ross,5,
2026,9,Richmond,Adelaide,12425,Jayden,Short,15,
2026,9,Richmond,Adelaide,13015,Tyler,Sonsie,40,
2026,9,Richmond,Adelaide,12512,Tim,Taranto,14,
2026,9,Richmond,Adelaide,13194,Luke,Trainor,11,
2026,9,Richmond,Adelaide,13096,James,Trezise,36,
2026,9,Richmond,Adelaide,12180,Nick,Vlastuin,1,
2026,9,Richmond,Adelaide,12855,Sam,Berry,3,
2026,9,Richmond,Adelaide,12702,Hugh,Bond,21,
2026,9,Richmond,Adelaide,13088,James,Borlase,35,
2026,9,Richmond,Adelaide,12936,Brayden,Cook,15,
2026,9,Richmond,Adelaide,12635,Isaac,Cumming,44,
2026,9,Richmond,Adelaide,13133,Daniel,Curtin,6,
2026,9,Richmond,Adelaide,12519,Jordan,Dawson,12,
2026,9,Richmond,Adelaide,12441,Ben,Keays,2,
2026,9,Richmond,Adelaide,12171,Rory,Laird,29,
2026,9,Richmond,Adelaide,13068,Lachlan,McAndrew,42,
2026,9,Richmond,Adelaide,13038,Max,Michalanney,16,
2026,9,Richmond,Adelaide,12416,Wayne,Milera,30,
2026,9,Richmond,Adelaide,12875,Nick,Murray,9,
2026,9,Richmond,Adelaide,13283,Toby,Murray,39,
2026,9,Richmond,Adelaide,12375,Alex,Neal-Bullen,28,
2026,9,Richmond,Adelaide,12934,James,Peatling,25,
2026,9,Richmond,Adelaide,12922,Luke,Pedlar,10,
2026,9,Richmond,Adelaide,12957,Josh,Rachele,8,
2026,9,Richmond,Adelaide,12797,Izak,Rankine,23,
2026,9,Richmond,Adelaide,12956,Jake,Soligo,14,
2026,9,Richmond,Adelaide,13161,Zac,Taylor,19,
2026,9,Richmond,Adelaide,12893,Riley,Thilthorpe,7,
2026,9,Richmond,Adelaide,12916,Josh,Worrell,24,
2026,10,Brisbane Lions,Geelong,12347,Harris,Andrews,31,
2026,10,Brisbane Lions,Geelong,13183,Levi,Ashcroft,10,
2026,10,Brisbane Lions,Geelong,13034,Will,Ashcroft,8,
2026,10,Brisbane Lions,Geelong,12617,Zac,Bailey,33,
2026,10,Brisbane Lions,Geelong,12284,Charlie,Cameron,23,
2026,10,Brisbane Lions,Geelong,12838,Keidean,Coleman,18,
2026,10,Brisbane Lions,Geelong,12673,Cody,Curtin,37,
2026,10,Brisbane Lions,Geelong,12772,Sam,Draper,2,
2026,10,Brisbane Lions,Geelong,12421,Josh,Dunkley,5,
2026,10,Brisbane Lions,Geelong,13072,Jaspa,Fletcher,3,
2026,10,Brisbane Lions,Geelong,12726,Darcy,Fort,32,
2026,10,Brisbane Lions,Geelong,12274,Darcy,Gardiner,27,
2026,10,Brisbane Lions,Geelong,11901,Ryan,Lester,35,
2026,10,Brisbane Lions,Geelong,12969,Kai,Lohmann,1,
2026,10,Brisbane Lions,Geelong,13216,Sam,Marshall,20,
2026,10,Brisbane Lions,Geelong,12526,Hugh,McCluggage,6,
2026,10,Brisbane Lions,Geelong,12400,Conor,McKenna,26,
2026,10,Brisbane Lions,Geelong,13138,Logan,Morris,13,
2026,10,Brisbane Lions,Geelong,12061,Lachie,Neale,9,
2026,10,Brisbane Lions,Geelong,12594,Cam,Rayner,16,
2026,10,Brisbane Lions,Geelong,13139,Bruce,Reville,38,
2026,10,Brisbane Lions,Geelong,13003,James,Tunstill,29,
2026,10,Brisbane Lions,Geelong,13027,Darcy,Wilmot,44,
2026,10,Brisbane Lions,Geelong,12687,Tom,Atkins,30,
2026,10,Brisbane Lions,Geelong,12160,Mark,Blicavs,46,
2026,10,Brisbane Lions,Geelong,12874,Tanner,Bruhn,4,
2026,10,Brisbane Lions,Geelong,12022,Jeremy,Cameron,5,
2026,10,Brisbane Lions,Geelong,12808,Brad,Close,45,
2026,10,Brisbane Lions,Geelong,11706,Patrick,Dangerfield,35,
2026,10,Brisbane Lions,Geelong,12892,Sam,De Koning,16,
2026,10,Brisbane Lions,Geelong,12976,Oliver,Dempsey,28,
2026,10,Brisbane Lions,Geelong,13288,Mitchell,Edwards,11,
2026,10,Brisbane Lions,Geelong,12559,Zach,Guthrie,39,
2026,10,Brisbane Lions,Geelong,12614,Jack,Henry,38,
2026,10,Brisbane Lions,Geelong,12850,Oliver,Henry,36,
2026,10,Brisbane Lions,Geelong,12882,Max,Holmes,9,
2026,10,Brisbane Lions,Geelong,13162,Lawson,Humphries,17,
2026,10,Brisbane Lions,Geelong,13107,Shaun,Mannagh,7,
2026,10,Brisbane Lions,Geelong,12243,Jack,Martin,19,
2026,10,Brisbane Lions,Geelong,12690,Gryan,Miers,32,
2026,10,Brisbane Lions,Geelong,13067,Oisin,Mullin,34,
2026,10,Brisbane Lions,Geelong,12995,Shannon,Neale,33,
2026,10,Brisbane Lions,Geelong,12540,Mark,OConnor,42,
2026,10,Brisbane Lions,Geelong,13125,Connor,OSullivan,14,
2026,10,Brisbane Lions,Geelong,12698,Bailey,Smith,3,
2026,10,Brisbane Lions,Geelong,12514,Tom,Stewart,44,
2026,10,Sydney,Collingwood,12847,Joel,Amartey,36,
2026,10,Sydney,Collingwood,13182,Riley,Bice,26,
2026,10,Sydney,Collingwood,12699,Nick,Blakey,22,
2026,10,Sydney,Collingwood,12677,Billy,Cootee,25,
2026,10,Sydney,Collingwood,12038,Harry,Cunningham,7,
2026,10,Sydney,Collingwood,13117,Charlie,Curnow,35,
2026,10,Sydney,Collingwood,13321,Will,Edwards,28,
2026,10,Sydney,Collingwood,12223,Brodie,Grundy,4,
2026,10,Sydney,Collingwood,12331,Isaac,Heeney,5,
2026,10,Sydney,Collingwood,12853,James,Jordon,17,
2026,10,Sydney,Collingwood,12275,Jake,Lloyd,44,
2026,10,Sydney,Collingwood,12634,Tom,McCartin,30,
2026,10,Sydney,Collingwood,12864,Logan,McDonald,6,
2026,10,Sydney,Collingwood,12711,Justin,McInerney,27,
2026,10,Sydney,Collingwood,12533,Lewis,Melican,43,
2026,10,Sydney,Collingwood,12418,Callum,Mills,14,
2026,10,Sydney,Collingwood,12419,Tom,Papley,11,
2026,10,Sydney,Collingwood,12475,Malcolm,Rosas,10,
2026,10,Sydney,Collingwood,12715,James,Rowbottom,8,
2026,10,Sydney,Collingwood,12501,Jai,Serong,13,
2026,10,Sydney,Collingwood,12951,Angus,Sheldrick,12,
2026,10,Sydney,Collingwood,12799,Chad,Warner,1,
2026,10,Sydney,Collingwood,12820,Sam,Wicks,15,
2026,10,Sydney,Collingwood,13147,Edward,Allan,16,
2026,10,Sydney,Collingwood,12648,Angus,Anderson,41,
2026,10,Sydney,Collingwood,13074,Jack,Buller,34,
2026,10,Sydney,Collingwood,12067,Jack,Crisp,25,
2026,10,Sydney,Collingwood,12582,Josh,Daicos,7,
2026,10,Sydney,Collingwood,12948,Nick,Daicos,35,
2026,10,Sydney,Collingwood,12333,Jordan,de Goey,2,
2026,10,Sydney,Collingwood,12091,Jamie,Elliott,5,
2026,10,Sydney,Collingwood,12682,Billy,Frampton,17,
2026,10,Sydney,Collingwood,13230,Will,Hayes,39,
2026,10,Sydney,Collingwood,12503,Dan,Houston,9,
2026,10,Sydney,Collingwood,11973,Jeremy,Howe,38,
2026,10,Sydney,Collingwood,13025,Ned,Long,44,
2026,10,Sydney,Collingwood,12380,Brayden,Maynard,4,
2026,10,Sydney,Collingwood,12877,Beau,McCreery,31,
2026,10,Sydney,Collingwood,12297,Daniel,McStay,11,
2026,10,Sydney,Collingwood,13148,Wil,Parker,15,
2026,10,Sydney,Collingwood,12740,Isaac,Quaynor,3,
2026,10,Sydney,Collingwood,12704,Lachie,Schultz,8,
2026,10,Sydney,Collingwood,11759,Steele,Sidebottom,22,
2026,10,Sydney,Collingwood,13249,Roan,Steele,45,
2026,10,Sydney,Collingwood,13301,Oscar,Steene,21,
2026,10,Sydney,Collingwood,13247,Charlie,West,29,
2026,10,Gold Coast,Port Adelaide,13251,Oscar,Adams,48,
2026,10,Gold Coast,Port Adelaide,12767,Noah,Anderson,15,
2026,10,Gold Coast,Port Adelaide,13019,Mac,Andrew,1,
2026,10,Gold Coast,Port Adelaide,12453,Sam,Collins,25,
2026,10,Gold Coast,Port Adelaide,13120,Will,Graham,26,
2026,10,Gold Coast,Port Adelaide,13272,Lachlan,Gulbin,39,
2026,10,Gold Coast,Port Adelaide,12314,Nick,Holman,7,
2026,10,Gold Coast,Port Adelaide,13050,Bailey,Humphrey,19,
2026,10,Gold Coast,Port Adelaide,12936,Joel,Jeffrey,16,
2026,10,Gold Coast,Port Adelaide,12728,Ben,King,34,
2026,10,Gold Coast,Port Adelaide,12489,Leo,Lombard,8,
2026,10,Gold Coast,Port Adelaide,12329,Touk,Miller,11,
2026,10,Gold Coast,Port Adelaide,12242,Ned,Moyle,23,
2026,10,Gold Coast,Port Adelaide,12743,John,Noble,2,
2026,10,Gold Coast,Port Adelaide,12825,Christian,Petracca,3,
2026,10,Gold Coast,Port Adelaide,12658,Wil,Powell,27,
2026,10,Gold Coast,Port Adelaide,12409,Daniel,Rioli,17,
2026,10,Gold Coast,Port Adelaide,12769,Matt,Rowell,18,
2026,10,Gold Coast,Port Adelaide,12086,Bodhi,Uwland,6,
2026,10,Gold Coast,Port Adelaide,13037,Zeke,Uwland,32,
2026,10,Gold Coast,Port Adelaide,13114,Jed,Walter,4,
2026,10,Gold Coast,Port Adelaide,12393,Lachie,Weller,14,
2026,10,Gold Coast,Port Adelaide,12184,Jarrod,Witts,28,
2026,10,Gold Coast,Port Adelaide,12442,Aliir,Aliir,21,
2026,10,Gold Coast,Port Adelaide,13325,Tom,Anastasopoulos,29,
2026,10,Gold Coast,Port Adelaide,13188,Joe,Berry,5,
2026,10,Gold Coast,Port Adelaide,13011,Jase,Burgoyne,7,
2026,10,Gold Coast,Port Adelaide,12693,Zak,Butters,9,
2026,10,Gold Coast,Port Adelaide,12429,Darcy,Byrne-Jones,33,
2026,10,Gold Coast,Port Adelaide,12694,Willem,Drew,28,
2026,10,Gold Coast,Port Adelaide,12952,Corey,Durdin,44,
2026,10,Gold Coast,Port Adelaide,13155,Logan,Evans,22,
2026,10,Gold Coast,Port Adelaide,12671,Kane,Farrell,6,
2026,10,Gold Coast,Port Adelaide,12770,Mitch,Georgiades,19,
2026,10,Gold Coast,Port Adelaide,12955,Jason,Horne-Francis,18,
2026,10,Gold Coast,Port Adelaide,12883,Lachie,Jones,34,
2026,10,Gold Coast,Port Adelaide,13163,Will,Lorenz,36,
2026,10,Gold Coast,Port Adelaide,13200,Ewan,Mackinlay,31,
2026,10,Gold Coast,Port Adelaide,12557,Christian,Moraes,11,
2026,10,Gold Coast,Port Adelaide,12606,Esava,Ratugolea,27,
2026,10,Gold Coast,Port Adelaide,13141,Joe,Richards,35,
2026,10,Gold Coast,Port Adelaide,12890,Jordon,Sweet,24,
2026,10,Gold Coast,Port Adelaide,13074,Dante,Visentini,38,
2026,10,Gold Coast,Port Adelaide,13205,Jack,Watkins,37,
2026,10,Gold Coast,Port Adelaide,13261,Jack,Whitlock,17,
2026,10,Gold Coast,Port Adelaide,12155,Ollie,Wines,16,
2026,10,Adelaide,North Melbourne,12855,Sam,Berry,3,
2026,10,Adelaide,North Melbourne,13088,James,Borlase,35,
2026,10,Adelaide,North Melbourne,12832,Jordon,Butts,41,
2026,10,Adelaide,North Melbourne,12936,Brayden,Cook,15,
2026,10,Adelaide,North Melbourne,12635,Isaac,Cumming,44,
2026,10,Adelaide,North Melbourne,13133,Daniel,Curtin,6,
2026,10,Adelaide,North Melbourne,12519,Jordan,Dawson,12,
2026,10,Adelaide,North Melbourne,12591,Darcy,Fogarty,32,
2026,10,Adelaide,North Melbourne,12441,Ben,Keays,2,
2026,10,Adelaide,North Melbourne,12171,Rory,Laird,29,
2026,10,Adelaide,North Melbourne,13068,Lachlan,McAndrew,42,
2026,10,Adelaide,North Melbourne,13038,Max,Michalanney,16,
2026,10,Adelaide,North Melbourne,12416,Wayne,Milera,30,
2026,10,Adelaide,North Melbourne,13283,Toby,Murray,39,
2026,10,Adelaide,North Melbourne,13084,Luke,Nankervis,27,
2026,10,Adelaide,North Melbourne,12375,Alex,Neal-Bullen,28,
2026,10,Adelaide,North Melbourne,12934,James,Peatling,25,
2026,10,Adelaide,North Melbourne,12922,Luke,Pedlar,10,
2026,10,Adelaide,North Melbourne,12957,Josh,Rachele,8,
2026,10,Adelaide,North Melbourne,12797,Izak,Rankine,23,
2026,10,Adelaide,North Melbourne,12956,Jake,Soligo,14,
2026,10,Adelaide,North Melbourne,13161,Zac,Taylor,19,
2026,10,Adelaide,North Melbourne,12916,Josh,Worrell,24,
2026,10,Adelaide,North Melbourne,13220,Tom,Blamires,39,
2026,10,Adelaide,North Melbourne,12939,Charlie,Comben,30,
2026,10,Adelaide,North Melbourne,12975,Paul,Curtis,25,
2026,10,Adelaide,North Melbourne,12382,Caleb,Daniel,5,
2026,10,Adelaide,North Melbourne,11908,Jack,Darling,27,
2026,10,Adelaide,North Melbourne,12599,Luke,Davies-Uniacke,9,
2026,10,Adelaide,North Melbourne,13145,Wil,Dawson,18,
2026,10,Adelaide,North Melbourne,13104,Zane,Duursma,7,
2026,10,Adelaide,North Melbourne,13186,Jacob,Konstanty,41,
2026,10,Adelaide,North Melbourne,12569,Nick,Larkey,20,
2026,10,Adelaide,North Melbourne,12524,Griffin,Logue,19,
2026,10,Adelaide,North Melbourne,12246,Luke,McDonald,11,
2026,10,Adelaide,North Melbourne,13105,Colby,McKercher,10,
2026,10,Adelaide,North Melbourne,13187,Finn,OSullivan,2,
2026,10,Adelaide,North Melbourne,11958,Luke,Parker,26,
2026,10,Adelaide,North Melbourne,13030,Harry,Sheezel,3,
2026,10,Adelaide,North Melbourne,12511,Jy,Simpkin,12,
2026,10,Adelaide,North Melbourne,12434,Charlie,Spargo,13,
2026,10,Adelaide,North Melbourne,12798,Dylan,Stephens,15,
2026,10,Adelaide,North Melbourne,13263,Cooper,Trembath,47,
2026,10,Adelaide,North Melbourne,13065,George,Wardlaw,6,
2026,10,Adelaide,North Melbourne,12789,Tristan,Xerri,38,
2026,10,Adelaide,North Melbourne,12566,Cameron,Zurhaar,44,
2026,10,Melbourne,Hawthorn,12933,Jake,Bowey,17,
2026,10,Melbourne,Hawthorn,12756,Kade,Chandler,37,
2026,10,Melbourne,Hawthorn,13303,Paddy,Cross,41,
2026,10,Melbourne,Hawthorn,12603,Bayley,Fritsch,31,
2026,10,Melbourne,Hawthorn,11972,Max,Gawn,11,
2026,10,Melbourne,Hawthorn,13257,Max,Heath,27,
2026,10,Melbourne,Hawthorn,13098,Blake,Howes,22,
2026,10,Melbourne,Hawthorn,13194,Matthew,Jefferson,21,
2026,10,Melbourne,Hawthorn,12255,Changkuoth,Jiath,14,
2026,10,Melbourne,Hawthorn,12401,Ed,Langdon,15,
2026,10,Melbourne,Hawthorn,13036,Harvey,Langford,4,
2026,10,Melbourne,Hawthorn,13035,Bailey,Laurie,16,
2026,10,Melbourne,Hawthorn,12359,Jake,Lever,8,
2026,10,Melbourne,Hawthorn,12660,Harry,Petty,35,
2026,10,Melbourne,Hawthorn,12774,Kysaiah,Pickett,36,
2026,10,Melbourne,Hawthorn,12833,Latrelle,Pickett,33,
2026,10,Melbourne,Hawthorn,12778,Trent,Rivers,24,
2026,10,Melbourne,Hawthorn,12862,Harry,Sharp,30,
2026,10,Melbourne,Hawthorn,12692,Tom,Sparrow,32,
2026,10,Melbourne,Hawthorn,12628,Jack,Steele,9,
2026,10,Melbourne,Hawthorn,13123,Koltyn,Tholstrup,12,
2026,10,Melbourne,Hawthorn,12998,Daniel,Turner,10,
2026,10,Melbourne,Hawthorn,13048,Jacob,van Rooyen,2,
2026,10,Melbourne,Hawthorn,12365,Karl,Amon,10,
2026,10,Melbourne,Hawthorn,12565,Josh,Battle,24,
2026,10,Melbourne,Hawthorn,12999,Massimo,DAmbrosio,16,
2026,10,Melbourne,Hawthorn,12710,Calsher,Dear,13,
2026,10,Melbourne,Hawthorn,12928,Jack,Ginnivan,33,
2026,10,Melbourne,Hawthorn,12477,Blake,Hardwick,15,
2026,10,Melbourne,Hawthorn,13092,Henry,Hustwaite,44,
2026,10,Melbourne,Hawthorn,12245,Jarman,Impey,4,
2026,10,Melbourne,Hawthorn,12643,Mitch,Lewis,2,
2026,10,Melbourne,Hawthorn,12753,Connor,Macdonald,9,
2026,10,Melbourne,Hawthorn,13039,Cam,Mackenzie,28,
2026,10,Melbourne,Hawthorn,12846,Finn,Maginness,20,
2026,10,Melbourne,Hawthorn,12854,Lloyd,Meek,17,
2026,10,Melbourne,Hawthorn,12124,Dylan,Moore,8,
2026,10,Melbourne,Hawthorn,12585,Harry,Morrison,1,
2026,10,Melbourne,Hawthorn,12913,Jai,Newcombe,3,
2026,10,Melbourne,Hawthorn,13060,Max,Ramsden,38,
2026,10,Melbourne,Hawthorn,12907,Ned,Reeves,7,
2026,10,Melbourne,Hawthorn,13323,Bodie,Ryan,26,
2026,10,Melbourne,Hawthorn,12342,James,Sicily,6,
2026,10,Melbourne,Hawthorn,12954,Josh,Ward,25,
2026,10,Melbourne,Hawthorn,12626,Nick,Watson,5,
2026,10,Melbourne,Hawthorn,13059,Josh,Weddle,23,
2026,10,Carlton,Western Bulldogs,12681,Ben,Ainsworth,12,
2026,10,Carlton,Western Bulldogs,13214,Matt,Carroll,32,
2026,10,Carlton,Western Bulldogs,12610,Adam,Cerra,5,
2026,10,Carlton,Western Bulldogs,13028,Lachlan,Cowan,2,
2026,10,Carlton,Western Bulldogs,12269,Patrick,Cripps,9,
2026,10,Carlton,Western Bulldogs,13245,Harry,Dean,35,
2026,10,Carlton,Western Bulldogs,12873,Francis,Evans,44,
2026,10,Carlton,Western Bulldogs,12308,Oliver,Florent,14,
2026,10,Carlton,Western Bulldogs,12096,Nick,Haynes,26,
2026,10,Carlton,Western Bulldogs,12937,Will,Hayward,19,
2026,10,Carlton,Western Bulldogs,12417,George,Hewett,29,
2026,10,Carlton,Western Bulldogs,13029,Oliver,Hollands,4,
2026,10,Carlton,Western Bulldogs,12428,Jack,Ison,30,
2026,10,Carlton,Western Bulldogs,12938,Brodie,Kemp,17,
2026,10,Carlton,Western Bulldogs,12415,Mitch,McGovern,11,
2026,10,Carlton,Western Bulldogs,12575,Harry,McKay,10,
2026,10,Carlton,Western Bulldogs,12511,Nic,Newman,24,
2026,10,Carlton,Western Bulldogs,12424,Marc,Pittonet,27,
2026,10,Carlton,Western Bulldogs,13277,Jagga,Smith,7,
2026,10,Carlton,Western Bulldogs,12685,Sam,Walsh,18,
2026,10,Carlton,Western Bulldogs,12410,Jacob,Weitering,23,
2026,10,Carlton,Western Bulldogs,12181,Zac,Williams,6,
2026,10,Carlton,Western Bulldogs,12175,Billy,Wilson,15,
2026,10,Carlton,Western Bulldogs,12723,Oskar,Baker,13,
2026,10,Carlton,Western Bulldogs,12277,Marcus,Bontempelli,4,
2026,10,Carlton,Western Bulldogs,12917,Lachlan,Bramble,29,
2026,10,Carlton,Western Bulldogs,11874,Connor,Budarick,19,
2026,10,Carlton,Western Bulldogs,13218,Jedd,Busslinger,5,
2026,10,Carlton,Western Bulldogs,12615,Nick,Coffield,17,
2026,10,Carlton,Western Bulldogs,12362,Bailey,Dale,31,
2026,10,Carlton,Western Bulldogs,13184,Sam,Davidson,42,
2026,10,Carlton,Western Bulldogs,12897,Louis,Emmett,25,
2026,10,Carlton,Western Bulldogs,13140,Joel,Freijah,27,
2026,10,Carlton,Western Bulldogs,13215,Cooper,Hynes,6,
2026,10,Carlton,Western Bulldogs,13047,Arthur,Jones,32,
2026,10,Carlton,Western Bulldogs,12463,Matthew,Kennedy,8,
2026,10,Carlton,Western Bulldogs,12901,Buku,Khamis,24,
2026,10,Carlton,Western Bulldogs,13287,Will,Lewis,28,
2026,10,Carlton,Western Bulldogs,12289,Rory,Lobb,7,
2026,10,Carlton,Western Bulldogs,12851,Lachlan,McNeil,30,
2026,10,Carlton,Western Bulldogs,12602,Aaron,Naughton,33,
2026,10,Carlton,Western Bulldogs,12612,Ed,Richards,20,
2026,10,Carlton,Western Bulldogs,13111,Ryley,Sanders,9,
2026,10,Carlton,Western Bulldogs,13279,Michael,Sellwood,37,
2026,10,Carlton,Western Bulldogs,12748,Rhylee,West,14,
2026,10,Carlton,Western Bulldogs,12449,Bailey,Williams,34,
2026,10,Essendon,Fremantle,13238,Lachlan,Blakiston,46,
2026,10,Essendon,Fremantle,12900,Nick,Bryan,24,
2026,10,Essendon,Fremantle,13149,Nate,Caddy,30,
2026,10,Essendon,Fremantle,12752,Jye,Caldwell,6,
2026,10,Essendon,Fremantle,12855,Nik,Cox,13,
2026,10,Essendon,Fremantle,13224,Archer,Day-Wicks,44,
2026,10,Essendon,Fremantle,12926,Sam,Durham,22,
2026,10,Essendon,Fremantle,12695,Xavier,Duursma,28,
2026,10,Essendon,Fremantle,12809,Jacob,Farrow,2,
2026,10,Essendon,Fremantle,12358,Kyle,Langford,4,
2026,10,Essendon,Fremantle,13239,Archie,May,26,
2026,10,Essendon,Fremantle,12505,Andrew,McGrath,1,
2026,10,Essendon,Fremantle,12249,Zach,Merrett,7,
2026,10,Essendon,Fremantle,13260,Jayden,Nguyen,42,
2026,10,Essendon,Fremantle,12414,Darcy,Parish,3,
2026,10,Essendon,Fremantle,12880,Archie,Perkins,16,
2026,10,Essendon,Fremantle,12874,Jaxon,Prior,25,
2026,10,Essendon,Fremantle,12445,Mason,Redman,27,
2026,10,Essendon,Fremantle,12891,Zach,Reid,31,
2026,10,Essendon,Fremantle,13169,Archie,Roberts,21,
2026,10,Essendon,Fremantle,12032,Sullivan,Robey,9,
2026,10,Essendon,Fremantle,12574,Will,Setterfield,12,
2026,10,Essendon,Fremantle,12371,Peter,Wright,20,
2026,10,Essendon,Fremantle,12983,Jye,Amiss,24,
2026,10,Essendon,Fremantle,12538,Shai,Bolton,10,
2026,10,Essendon,Fremantle,12596,Andrew,Brayshaw,8,
2026,10,Essendon,Fremantle,12876,Heath,Chapman,5,
2026,10,Essendon,Fremantle,12688,Jordan,Clark,6,
2026,10,Essendon,Fremantle,12552,Brennan,Cox,36,
2026,10,Essendon,Fremantle,13171,Mason,Cox,18,
2026,10,Essendon,Fremantle,13207,Isaiah,Dudley,43,
2026,10,Essendon,Fremantle,12967,Neil,Erasmus,28,
2026,10,Essendon,Fremantle,12803,Michael,Frederick,32,
2026,10,Essendon,Fremantle,12779,Luke,Jackson,9,
2026,10,Essendon,Fremantle,13049,Matthew,Johnson,44,
2026,10,Essendon,Fremantle,12402,Oscar,McDonald,21,
2026,10,Essendon,Fremantle,13036,Judd,McVee,17,
2026,10,Essendon,Fremantle,12964,Nathan,ODriscoll,30,
2026,10,Essendon,Fremantle,13181,Murphy,Reid,16,
2026,10,Essendon,Fremantle,12550,Luke,Ryan,13,
2026,10,Essendon,Fremantle,13299,Chris,Scerri,45,
2026,10,Essendon,Fremantle,12786,Caleb,Serong,3,
2026,10,Essendon,Fremantle,12679,Sam,Switkowski,39,
2026,10,Essendon,Fremantle,12888,Josh,Treacy,35,
2026,10,Essendon,Fremantle,13132,Patrick,Voss,20,
2026,10,Essendon,Fremantle,13080,Karl,Worner,23,
2026,10,St Kilda,Richmond,13327,Charlie,Banfield,36,
2026,10,St Kilda,Richmond,12804,Ryan,Byrnes,13,
2026,10,St Kilda,Richmond,13041,Anthony,Caminiti,47,
2026,10,St Kilda,Richmond,12980,Jack,Carroll,18,
2026,10,St Kilda,Richmond,12399,Tom,De Koning,21,
2026,10,St Kilda,Richmond,12377,Sam,Flanders,9,
2026,10,St Kilda,Richmond,13124,Hugo,Garcia,34,
2026,10,St Kilda,Richmond,13191,Max,Hall,40,
2026,10,St Kilda,Richmond,12831,Liam,Henry,23,
2026,10,St Kilda,Richmond,12616,Jack,Higgins,1,
2026,10,St Kilda,Richmond,12066,Bradley,Hill,8,
2026,10,St Kilda,Richmond,12426,Dougal,Howard,20,
2026,10,St Kilda,Richmond,12172,Jack,Macrae,6,
2026,10,St Kilda,Richmond,12572,Rowan,Marshall,19,
2026,10,St Kilda,Richmond,13192,Liam,OConnell,45,
2026,10,St Kilda,Richmond,13042,Mattaes,Phillipou,25,
2026,10,St Kilda,Richmond,12930,Cooper,Sharman,43,
2026,10,St Kilda,Richmond,12294,Jack,Silvagni,3,
2026,10,St Kilda,Richmond,12337,Jack,Sinclair,35,
2026,10,St Kilda,Richmond,12721,Liam,Stocker,14,
2026,10,St Kilda,Richmond,12701,Callum,Wilkie,44,
2026,10,St Kilda,Richmond,13109,Darcy,Wilson,22,
2026,10,St Kilda,Richmond,12968,Marcus,Windhager,2,
2026,10,St Kilda,Richmond,12686,Noah,Balta,21,
2026,10,St Kilda,Richmond,12464,Nathan,Broad,35,
2026,10,St Kilda,Richmond,13044,Tom,Burton,45,
2026,10,St Kilda,Richmond,13100,Seth,Campbell,44,
2026,10,St Kilda,Richmond,13177,Sam,Cumming,22,
2026,10,St Kilda,Richmond,13217,Jonty,Faull,8,
2026,10,St Kilda,Richmond,13077,Liam,Fawcett,43,
2026,10,St Kilda,Richmond,13217,Campbell,Gray,50,
2026,10,St Kilda,Richmond,13144,Steely,Green,48,
2026,10,St Kilda,Richmond,13253,Sam,Grlj,24,
2026,10,St Kilda,Richmond,13312,Oliver,Hayes-Brown,47,
2026,10,St Kilda,Richmond,12447,Jacob,Hopper,2,
2026,10,St Kilda,Richmond,11953,Tom,Lynch,19,
2026,10,St Kilda,Richmond,12940,Ben,Miller,12,
2026,10,St Kilda,Richmond,12324,Patrick,Retschko,33,
2026,10,St Kilda,Richmond,12836,Noah,Roberts-Thomson,27,
2026,10,St Kilda,Richmond,12712,Jack,Ross,5,
2026,10,St Kilda,Richmond,12425,Jayden,Short,15,
2026,10,St Kilda,Richmond,13015,Tyler,Sonsie,40,
2026,10,St Kilda,Richmond,12512,Tim,Taranto,14,
2026,10,St Kilda,Richmond,13194,Luke,Trainor,11,
2026,10,St Kilda,Richmond,13096,James,Trezise,36,
2026,10,St Kilda,Richmond,12180,Nick,Vlastuin,1,
2026,10,West Coast,Greater Western Sydney,12668,Liam,Baker,3,
2026,10,West Coast,Greater Western Sydney,13001,Rhett,Bazzo,33,
2026,10,West Coast,Greater Western Sydney,13250,Malakai,Champion,37,
2026,10,West Coast,Greater Western Sydney,12454,Tom,Cole,28,
2026,10,West Coast,Greater Western Sydney,13211,Hamish,Davis,38,
2026,10,West Coast,Greater Western Sydney,12340,Liam,Duggan,14,
2026,10,West Coast,Greater Western Sydney,12607,Willem,Duursma,1,
2026,10,West Coast,Greater Western Sydney,13032,Reuben,Ginbey,7,
2026,10,West Coast,Greater Western Sydney,12958,Brady,Hough,19,
2026,10,West Coast,Greater Western Sydney,13152,Jack,Hutchinson,44,
2026,10,West Coast,Greater Western Sydney,13139,Harvey,Johnston,24,
2026,10,West Coast,Greater Western Sydney,12605,Tim,Kelly,11,
2026,10,West Coast,Greater Western Sydney,12433,Josh,Lindsay,5,
2026,10,West Coast,Greater Western Sydney,13071,Ryan,Maric,23,
2026,10,West Coast,Greater Western Sydney,13033,Tom,McCarthy,18,
2026,10,West Coast,Greater Western Sydney,13297,Milan,Murdock,47,
2026,10,West Coast,Greater Western Sydney,13112,Harley,Reid,9,
2026,10,West Coast,Greater Western Sydney,13248,Jobe,Shanahan,35,
2026,10,West Coast,Greater Western Sydney,12609,Jake,Waterman,2,
2026,10,West Coast,Greater Western Sydney,12837,Bailey,Williams,32,
2026,10,West Coast,Greater Western Sydney,12960,Jack,Williams,34,
2026,10,West Coast,Greater Western Sydney,12090,Elliot,Yeo,6,
2026,10,West Coast,Greater Western Sydney,12279,Tylar,Young,20,
2026,10,West Coast,Greater Western Sydney,13002,Ryan,Angwin,9,
2026,10,West Coast,Greater Western Sydney,12782,Lachie,Ash,7,
2026,10,West Coast,Greater Western Sydney,12773,Toby,Bedford,14,
2026,10,West Coast,Greater Western Sydney,12905,Kieren,Briggs,32,
2026,10,West Coast,Greater Western Sydney,13054,Aaron,Cadman,5,
2026,10,West Coast,Greater Western Sydney,12970,Finn,Callaghan,17,
2026,10,West Coast,Greater Western Sydney,12023,Stephen,Coniglio,3,
2026,10,West Coast,Greater Western Sydney,12663,Brent,Daniels,16,
2026,10,West Coast,Greater Western Sydney,13165,Joe,Fonti,37,
2026,10,West Coast,Greater Western Sydney,13282,Phoenix,Gothard,11,
2026,10,West Coast,Greater Western Sydney,12026,Toby,Greene,4,
2026,10,West Coast,Greater Western Sydney,13156,Max,Gruzewski,35,
2026,10,West Coast,Greater Western Sydney,12470,Harry,Himmelberg,27,
2026,10,West Coast,Greater Western Sydney,12749,Connor,Idun,39,
2026,10,West Coast,Greater Western Sydney,11998,Jayden,Laverde,25,
2026,10,West Coast,Greater Western Sydney,13175,James,Leake,30,
2026,10,West Coast,Greater Western Sydney,13089,Toby,McMullin,31,
2026,10,West Coast,Greater Western Sydney,12992,Clayton,Oliver,10,
2026,10,West Coast,Greater Western Sydney,13328,Harrison,Oliver,19,
2026,10,West Coast,Greater Western Sydney,12835,Jake,Riccardi,26,
2026,10,West Coast,Greater Western Sydney,12173,Jake,Stringer,20,
2026,10,West Coast,Greater Western Sydney,13101,Harvey,Thomas,1,
2026,10,West Coast,Greater Western Sydney,12147,Lachie,Whitfield,6,
2026,11,Hawthorn,Adelaide,12365,Karl,Amon,10,
2026,11,Hawthorn,Adelaide,12565,Josh,Battle,24,
2026,11,Hawthorn,Adelaide,12491,Mabior,Chol,18,
2026,11,Hawthorn,Adelaide,12999,Massimo,DAmbrosio,16,
2026,11,Hawthorn,Adelaide,12928,Jack,Ginnivan,33,
2026,11,Hawthorn,Adelaide,12477,Blake,Hardwick,15,
2026,11,Hawthorn,Adelaide,12245,Jarman,Impey,4,
2026,11,Hawthorn,Adelaide,12643,Mitch,Lewis,2,
2026,11,Hawthorn,Adelaide,13069,Bailey,Macdonald,42,
2026,11,Hawthorn,Adelaide,12753,Connor,Macdonald,9,
2026,11,Hawthorn,Adelaide,13039,Cam,Mackenzie,28,
2026,11,Hawthorn,Adelaide,12846,Finn,Maginness,20,
2026,11,Hawthorn,Adelaide,12854,Lloyd,Meek,17,
2026,11,Hawthorn,Adelaide,12124,Dylan,Moore,8,
2026,11,Hawthorn,Adelaide,11960,Cameron,Nairn,22,
2026,11,Hawthorn,Adelaide,12678,Conor,Nash,11,
2026,11,Hawthorn,Adelaide,12913,Jai,Newcombe,3,
2026,11,Hawthorn,Adelaide,12907,Ned,Reeves,7,
2026,11,Hawthorn,Adelaide,13323,Bodie,Ryan,26,
2026,11,Hawthorn,Adelaide,12342,James,Sicily,6,
2026,11,Hawthorn,Adelaide,12954,Josh,Ward,25,
2026,11,Hawthorn,Adelaide,12626,Nick,Watson,5,
2026,11,Hawthorn,Adelaide,13059,Josh,Weddle,23,
2026,11,Hawthorn,Adelaide,12592,Callum,Ah Chee,4,
2026,11,Hawthorn,Adelaide,12855,Sam,Berry,3,
2026,11,Hawthorn,Adelaide,13088,James,Borlase,35,
2026,11,Hawthorn,Adelaide,12832,Jordon,Butts,41,
2026,11,Hawthorn,Adelaide,12936,Brayden,Cook,15,
2026,11,Hawthorn,Adelaide,13133,Daniel,Curtin,6,
2026,11,Hawthorn,Adelaide,12519,Jordan,Dawson,12,
2026,11,Hawthorn,Adelaide,12591,Darcy,Fogarty,32,
2026,11,Hawthorn,Adelaide,12441,Ben,Keays,2,
2026,11,Hawthorn,Adelaide,12171,Rory,Laird,29,
2026,11,Hawthorn,Adelaide,13068,Lachlan,McAndrew,42,
2026,11,Hawthorn,Adelaide,13038,Max,Michalanney,16,
2026,11,Hawthorn,Adelaide,12416,Wayne,Milera,30,
2026,11,Hawthorn,Adelaide,13283,Toby,Murray,39,
2026,11,Hawthorn,Adelaide,13084,Luke,Nankervis,27,
2026,11,Hawthorn,Adelaide,12375,Alex,Neal-Bullen,28,
2026,11,Hawthorn,Adelaide,12934,James,Peatling,25,
2026,11,Hawthorn,Adelaide,12957,Josh,Rachele,8,
2026,11,Hawthorn,Adelaide,12797,Izak,Rankine,23,
2026,11,Hawthorn,Adelaide,12956,Jake,Soligo,14,
2026,11,Hawthorn,Adelaide,13161,Zac,Taylor,19,
2026,11,Hawthorn,Adelaide,12893,Riley,Thilthorpe,7,
2026,11,Hawthorn,Adelaide,12916,Josh,Worrell,24,
2026,11,Richmond,Essendon,13244,Jasper,Alger,29,
2026,11,Richmond,Essendon,12686,Noah,Balta,21,
2026,11,Richmond,Essendon,12464,Nathan,Broad,35,
2026,11,Richmond,Essendon,13044,Tom,Burton,45,
2026,11,Richmond,Essendon,13100,Seth,Campbell,44,
2026,11,Richmond,Essendon,13177,Sam,Cumming,22,
2026,11,Richmond,Essendon,13217,Jonty,Faull,8,
2026,11,Richmond,Essendon,13144,Steely,Green,48,
2026,11,Richmond,Essendon,13253,Sam,Grlj,24,
2026,11,Richmond,Essendon,13312,Oliver,Hayes-Brown,47,
2026,11,Richmond,Essendon,12447,Jacob,Hopper,2,
2026,11,Richmond,Essendon,13115,Mykelti,Lefau,42,
2026,11,Richmond,Essendon,11953,Tom,Lynch,19,
2026,11,Richmond,Essendon,12940,Ben,Miller,12,
2026,11,Richmond,Essendon,12324,Patrick,Retschko,33,
2026,11,Richmond,Essendon,12836,Noah,Roberts-Thomson,27,
2026,11,Richmond,Essendon,12712,Jack,Ross,5,
2026,11,Richmond,Essendon,12425,Jayden,Short,15,
2026,11,Richmond,Essendon,13015,Tyler,Sonsie,40,
2026,11,Richmond,Essendon,12512,Tim,Taranto,14,
2026,11,Richmond,Essendon,13194,Luke,Trainor,11,
2026,11,Richmond,Essendon,13096,James,Trezise,36,
2026,11,Richmond,Essendon,12180,Nick,Vlastuin,1,
2026,11,Richmond,Essendon,13238,Lachlan,Blakiston,46,
2026,11,Richmond,Essendon,12900,Nick,Bryan,24,
2026,11,Richmond,Essendon,13149,Nate,Caddy,30,
2026,11,Richmond,Essendon,12752,Jye,Caldwell,6,
2026,11,Richmond,Essendon,13224,Archer,Day-Wicks,44,
2026,11,Richmond,Essendon,12926,Sam,Durham,22,
2026,11,Richmond,Essendon,12695,Xavier,Duursma,28,
2026,11,Richmond,Essendon,13199,Tom,Edwards,45,
2026,11,Richmond,Essendon,12809,Jacob,Farrow,2,
2026,11,Richmond,Essendon,12422,Jade,Gresham,11,
2026,11,Richmond,Essendon,12619,Matt,Guelfi,35,
2026,11,Richmond,Essendon,12358,Kyle,Langford,4,
2026,11,Richmond,Essendon,13239,Archie,May,26,
2026,11,Richmond,Essendon,12505,Andrew,McGrath,1,
2026,11,Richmond,Essendon,12588,Ben,McKay,32,
2026,11,Richmond,Essendon,12249,Zach,Merrett,7,
2026,11,Richmond,Essendon,12414,Darcy,Parish,3,
2026,11,Richmond,Essendon,12880,Archie,Perkins,16,
2026,11,Richmond,Essendon,12874,Jaxon,Prior,25,
2026,11,Richmond,Essendon,12445,Mason,Redman,27,
2026,11,Richmond,Essendon,12891,Zach,Reid,31,
2026,11,Richmond,Essendon,13169,Archie,Roberts,21,
2026,11,Richmond,Essendon,12032,Sullivan,Robey,9,
2026,11,Fremantle,St Kilda,12983,Jye,Amiss,24,
2026,11,Fremantle,St Kilda,12538,Shai,Bolton,10,
2026,11,Fremantle,St Kilda,12596,Andrew,Brayshaw,8,
2026,11,Fremantle,St Kilda,12876,Heath,Chapman,5,
2026,11,Fremantle,St Kilda,12688,Jordan,Clark,6,
2026,11,Fremantle,St Kilda,12552,Brennan,Cox,36,
2026,11,Fremantle,St Kilda,13171,Mason,Cox,18,
2026,11,Fremantle,St Kilda,13207,Isaiah,Dudley,43,
2026,11,Fremantle,St Kilda,12967,Neil,Erasmus,28,
2026,11,Fremantle,St Kilda,12803,Michael,Frederick,32,
2026,11,Fremantle,St Kilda,12779,Luke,Jackson,9,
2026,11,Fremantle,St Kilda,13049,Matthew,Johnson,44,
2026,11,Fremantle,St Kilda,12402,Oscar,McDonald,21,
2026,11,Fremantle,St Kilda,13036,Judd,McVee,17,
2026,11,Fremantle,St Kilda,12964,Nathan,ODriscoll,30,
2026,11,Fremantle,St Kilda,13181,Murphy,Reid,16,
2026,11,Fremantle,St Kilda,12550,Luke,Ryan,13,
2026,11,Fremantle,St Kilda,13299,Chris,Scerri,45,
2026,11,Fremantle,St Kilda,12679,Sam,Switkowski,39,
2026,11,Fremantle,St Kilda,12888,Josh,Treacy,35,
2026,11,Fremantle,St Kilda,13132,Patrick,Voss,20,
2026,11,Fremantle,St Kilda,12461,Corey,Wagner,34,
2026,11,Fremantle,St Kilda,13080,Karl,Worner,23,
2026,11,Fremantle,St Kilda,13327,Charlie,Banfield,36,
2026,11,Fremantle,St Kilda,12804,Ryan,Byrnes,13,
2026,11,Fremantle,St Kilda,13041,Anthony,Caminiti,47,
2026,11,Fremantle,St Kilda,12980,Jack,Carroll,18,
2026,11,Fremantle,St Kilda,12399,Tom,De Koning,21,
2026,11,Fremantle,St Kilda,12377,Sam,Flanders,9,
2026,11,Fremantle,St Kilda,13124,Hugo,Garcia,34,
2026,11,Fremantle,St Kilda,13191,Max,Hall,40,
2026,11,Fremantle,St Kilda,12831,Liam,Henry,23,
2026,11,Fremantle,St Kilda,12066,Bradley,Hill,8,
2026,11,Fremantle,St Kilda,12426,Dougal,Howard,20,
2026,11,Fremantle,St Kilda,12172,Jack,Macrae,6,
2026,11,Fremantle,St Kilda,12572,Rowan,Marshall,19,
2026,11,Fremantle,St Kilda,13192,Liam,OConnell,45,
2026,11,Fremantle,St Kilda,13042,Mattaes,Phillipou,25,
2026,11,Fremantle,St Kilda,12930,Cooper,Sharman,43,
2026,11,Fremantle,St Kilda,12294,Jack,Silvagni,3,
2026,11,Fremantle,St Kilda,12337,Jack,Sinclair,35,
2026,11,Fremantle,St Kilda,12721,Liam,Stocker,14,
2026,11,Fremantle,St Kilda,12701,Callum,Wilkie,44,
2026,11,Fremantle,St Kilda,13109,Darcy,Wilson,22,
2026,11,Fremantle,St Kilda,12968,Marcus,Windhager,2,
2026,11,Fremantle,St Kilda,12321,Mason,Wood,32,
2026,11,North Melbourne,Gold Coast,12939,Charlie,Comben,30,
2026,11,North Melbourne,Gold Coast,12975,Paul,Curtis,25,
2026,11,North Melbourne,Gold Coast,12382,Caleb,Daniel,5,
2026,11,North Melbourne,Gold Coast,11908,Jack,Darling,27,
2026,11,North Melbourne,Gold Coast,12599,Luke,Davies-Uniacke,9,
2026,11,North Melbourne,Gold Coast,13145,Wil,Dawson,18,
2026,11,North Melbourne,Gold Coast,13104,Zane,Duursma,7,
2026,11,North Melbourne,Gold Coast,13129,Riley,Hardeman,17,
2026,11,North Melbourne,Gold Coast,13186,Jacob,Konstanty,41,
2026,11,North Melbourne,Gold Coast,12569,Nick,Larkey,20,
2026,11,North Melbourne,Gold Coast,12524,Griffin,Logue,19,
2026,11,North Melbourne,Gold Coast,12246,Luke,McDonald,11,
2026,11,North Melbourne,Gold Coast,13105,Colby,McKercher,10,
2026,11,North Melbourne,Gold Coast,13187,Finn,OSullivan,2,
2026,11,North Melbourne,Gold Coast,11958,Luke,Parker,26,
2026,11,North Melbourne,Gold Coast,13030,Harry,Sheezel,3,
2026,11,North Melbourne,Gold Coast,12511,Jy,Simpkin,12,
2026,11,North Melbourne,Gold Coast,12434,Charlie,Spargo,13,
2026,11,North Melbourne,Gold Coast,12798,Dylan,Stephens,15,
2026,11,North Melbourne,Gold Coast,13263,Cooper,Trembath,47,
2026,11,North Melbourne,Gold Coast,13065,George,Wardlaw,6,
2026,11,North Melbourne,Gold Coast,12789,Tristan,Xerri,38,
2026,11,North Melbourne,Gold Coast,12566,Cameron,Zurhaar,44,
2026,11,North Melbourne,Gold Coast,13251,Oscar,Adams,48,
2026,11,North Melbourne,Gold Coast,12767,Noah,Anderson,15,
2026,11,North Melbourne,Gold Coast,13019,Mac,Andrew,1,
2026,11,North Melbourne,Gold Coast,13119,Sam,Clohesy,33,
2026,11,North Melbourne,Gold Coast,12453,Sam,Collins,25,
2026,11,North Melbourne,Gold Coast,13272,Lachlan,Gulbin,39,
2026,11,North Melbourne,Gold Coast,12314,Nick,Holman,7,
2026,11,North Melbourne,Gold Coast,13050,Bailey,Humphrey,19,
2026,11,North Melbourne,Gold Coast,12936,Joel,Jeffrey,16,
2026,11,North Melbourne,Gold Coast,12728,Ben,King,34,
2026,11,North Melbourne,Gold Coast,12489,Leo,Lombard,8,
2026,11,North Melbourne,Gold Coast,12529,Ben,Long,22,
2026,11,North Melbourne,Gold Coast,12329,Touk,Miller,11,
2026,11,North Melbourne,Gold Coast,12242,Ned,Moyle,23,
2026,11,North Melbourne,Gold Coast,12743,John,Noble,2,
2026,11,North Melbourne,Gold Coast,12825,Christian,Petracca,3,
2026,11,North Melbourne,Gold Coast,12658,Wil,Powell,27,
2026,11,North Melbourne,Gold Coast,12409,Daniel,Rioli,17,
2026,11,North Melbourne,Gold Coast,12769,Matt,Rowell,18,
2026,11,North Melbourne,Gold Coast,12086,Bodhi,Uwland,6,
2026,11,North Melbourne,Gold Coast,13037,Zeke,Uwland,32,
2026,11,North Melbourne,Gold Coast,13114,Jed,Walter,4,
2026,11,North Melbourne,Gold Coast,12184,Jarrod,Witts,28,
2026,11,Geelong,Sydney,12687,Tom,Atkins,30,
2026,11,Geelong,Sydney,12160,Mark,Blicavs,46,
2026,11,Geelong,Sydney,12022,Jeremy,Cameron,5,
2026,11,Geelong,Sydney,12808,Brad,Close,45,
2026,11,Geelong,Sydney,11706,Patrick,Dangerfield,35,
2026,11,Geelong,Sydney,12892,Sam,De Koning,16,
2026,11,Geelong,Sydney,12976,Oliver,Dempsey,28,
2026,11,Geelong,Sydney,13288,Mitchell,Edwards,11,
2026,11,Geelong,Sydney,12559,Zach,Guthrie,39,
2026,11,Geelong,Sydney,12614,Jack,Henry,38,
2026,11,Geelong,Sydney,12850,Oliver,Henry,36,
2026,11,Geelong,Sydney,12882,Max,Holmes,9,
2026,11,Geelong,Sydney,13162,Lawson,Humphries,17,
2026,11,Geelong,Sydney,12373,Jake,Kolodjashnij,8,
2026,11,Geelong,Sydney,13107,Shaun,Mannagh,7,
2026,11,Geelong,Sydney,12243,Jack,Martin,19,
2026,11,Geelong,Sydney,12690,Gryan,Miers,32,
2026,11,Geelong,Sydney,13067,Oisin,Mullin,34,
2026,11,Geelong,Sydney,12995,Shannon,Neale,33,
2026,11,Geelong,Sydney,12540,Mark,OConnor,42,
2026,11,Geelong,Sydney,13125,Connor,OSullivan,14,
2026,11,Geelong,Sydney,12698,Bailey,Smith,3,
2026,11,Geelong,Sydney,12514,Tom,Stewart,44,
2026,11,Geelong,Sydney,12847,Joel,Amartey,36,
2026,11,Geelong,Sydney,13182,Riley,Bice,26,
2026,11,Geelong,Sydney,12699,Nick,Blakey,22,
2026,11,Geelong,Sydney,13157,Caiden,Cleary,33,
2026,11,Geelong,Sydney,13117,Charlie,Curnow,35,
2026,11,Geelong,Sydney,13321,Will,Edwards,28,
2026,11,Geelong,Sydney,12223,Brodie,Grundy,4,
2026,11,Geelong,Sydney,13174,Tom,Hanily,40,
2026,11,Geelong,Sydney,12331,Isaac,Heeney,5,
2026,11,Geelong,Sydney,12853,James,Jordon,17,
2026,11,Geelong,Sydney,12275,Jake,Lloyd,44,
2026,11,Geelong,Sydney,12634,Tom,McCartin,30,
2026,11,Geelong,Sydney,12864,Logan,McDonald,6,
2026,11,Geelong,Sydney,12711,Justin,McInerney,27,
2026,11,Geelong,Sydney,12533,Lewis,Melican,43,
2026,11,Geelong,Sydney,12418,Callum,Mills,14,
2026,11,Geelong,Sydney,12419,Tom,Papley,11,
2026,11,Geelong,Sydney,12475,Malcolm,Rosas,10,
2026,11,Geelong,Sydney,12715,James,Rowbottom,8,
2026,11,Geelong,Sydney,12501,Jai,Serong,13,
2026,11,Geelong,Sydney,12951,Angus,Sheldrick,12,
2026,11,Geelong,Sydney,12799,Chad,Warner,1,
2026,11,Geelong,Sydney,12820,Sam,Wicks,15,
2026,11,Collingwood,West Coast,13147,Edward,Allan,16,
2026,11,Collingwood,West Coast,12666,Darcy,Cameron,14,
2026,11,Collingwood,West Coast,12067,Jack,Crisp,25,
2026,11,Collingwood,West Coast,12582,Josh,Daicos,7,
2026,11,Collingwood,West Coast,12948,Nick,Daicos,35,
2026,11,Collingwood,West Coast,12333,Jordan,de Goey,2,
2026,11,Collingwood,West Coast,12091,Jamie,Elliott,5,
2026,11,Collingwood,West Coast,12682,Billy,Frampton,17,
2026,11,Collingwood,West Coast,13230,Will,Hayes,39,
2026,11,Collingwood,West Coast,12503,Dan,Houston,9,
2026,11,Collingwood,West Coast,11973,Jeremy,Howe,38,
2026,11,Collingwood,West Coast,12586,Patrick,Lipinski,1,
2026,11,Collingwood,West Coast,13025,Ned,Long,44,
2026,11,Collingwood,West Coast,12380,Brayden,Maynard,4,
2026,11,Collingwood,West Coast,12877,Beau,McCreery,31,
2026,11,Collingwood,West Coast,12297,Daniel,McStay,11,
2026,11,Collingwood,West Coast,12381,Darcy,Moore,30,
2026,11,Collingwood,West Coast,11506,Scott,Pendlebury,10,
2026,11,Collingwood,West Coast,12740,Isaac,Quaynor,3,
2026,11,Collingwood,West Coast,12704,Lachie,Schultz,8,
2026,11,Collingwood,West Coast,11759,Steele,Sidebottom,22,
2026,11,Collingwood,West Coast,13249,Roan,Steele,45,
2026,11,Collingwood,West Coast,13247,Charlie,West,29,
2026,11,Collingwood,West Coast,13222,Bo,Allan,26,
2026,11,Collingwood,West Coast,12668,Liam,Baker,3,
2026,11,Collingwood,West Coast,13001,Rhett,Bazzo,33,
2026,11,Collingwood,West Coast,13250,Malakai,Champion,37,
2026,11,Collingwood,West Coast,12454,Tom,Cole,28,
2026,11,Collingwood,West Coast,13211,Hamish,Davis,38,
2026,11,Collingwood,West Coast,12340,Liam,Duggan,14,
2026,11,Collingwood,West Coast,12607,Willem,Duursma,1,
2026,11,Collingwood,West Coast,13032,Reuben,Ginbey,7,
2026,11,Collingwood,West Coast,12958,Brady,Hough,19,
2026,11,Collingwood,West Coast,13139,Harvey,Johnston,24,
2026,11,Collingwood,West Coast,12605,Tim,Kelly,11,
2026,11,Collingwood,West Coast,12433,Josh,Lindsay,5,
2026,11,Collingwood,West Coast,13071,Ryan,Maric,23,
2026,11,Collingwood,West Coast,13033,Tom,McCarthy,18,
2026,11,Collingwood,West Coast,13297,Milan,Murdock,47,
2026,11,Collingwood,West Coast,13112,Harley,Reid,9,
2026,11,Collingwood,West Coast,13248,Jobe,Shanahan,35,
2026,11,Collingwood,West Coast,12609,Jake,Waterman,2,
2026,11,Collingwood,West Coast,12837,Bailey,Williams,32,
2026,11,Collingwood,West Coast,12960,Jack,Williams,34,
2026,11,Collingwood,West Coast,12090,Elliot,Yeo,6,
2026,11,Collingwood,West Coast,12279,Tylar,Young,20,
2026,11,Port Adelaide,Carlton,12442,Aliir,Aliir,21,
2026,11,Port Adelaide,Carlton,13325,Tom,Anastasopoulos,29,
2026,11,Port Adelaide,Carlton,13188,Joe,Berry,5,
2026,11,Port Adelaide,Carlton,13011,Jase,Burgoyne,7,
2026,11,Port Adelaide,Carlton,12693,Zak,Butters,9,
2026,11,Port Adelaide,Carlton,12429,Darcy,Byrne-Jones,33,
2026,11,Port Adelaide,Carlton,12694,Willem,Drew,28,
2026,11,Port Adelaide,Carlton,12952,Corey,Durdin,44,
2026,11,Port Adelaide,Carlton,13155,Logan,Evans,22,
2026,11,Port Adelaide,Carlton,12671,Kane,Farrell,6,
2026,11,Port Adelaide,Carlton,12770,Mitch,Georgiades,19,
2026,11,Port Adelaide,Carlton,12955,Jason,Horne-Francis,18,
2026,11,Port Adelaide,Carlton,13304,Josh,Lai,43,
2026,11,Port Adelaide,Carlton,13200,Ewan,Mackinlay,31,
2026,11,Port Adelaide,Carlton,12578,Todd,Marshall,4,
2026,11,Port Adelaide,Carlton,12557,Christian,Moraes,11,
2026,11,Port Adelaide,Carlton,12606,Esava,Ratugolea,27,
2026,11,Port Adelaide,Carlton,13141,Joe,Richards,35,
2026,11,Port Adelaide,Carlton,12890,Jordon,Sweet,24,
2026,11,Port Adelaide,Carlton,13205,Jack,Watkins,37,
2026,11,Port Adelaide,Carlton,12613,Jacob,Wehr,15,
2026,11,Port Adelaide,Carlton,13261,Jack,Whitlock,17,
2026,11,Port Adelaide,Carlton,12155,Ollie,Wines,16,
2026,11,Port Adelaide,Carlton,12681,Ben,Ainsworth,12,
2026,11,Port Adelaide,Carlton,13057,Talor,Byrne,39,
2026,11,Port Adelaide,Carlton,13214,Matt,Carroll,32,
2026,11,Port Adelaide,Carlton,12610,Adam,Cerra,5,
2026,11,Port Adelaide,Carlton,13028,Lachlan,Cowan,2,
2026,11,Port Adelaide,Carlton,12269,Patrick,Cripps,9,
2026,11,Port Adelaide,Carlton,13245,Harry,Dean,35,
2026,11,Port Adelaide,Carlton,13306,Wade,Derksen,47,
2026,11,Port Adelaide,Carlton,12873,Francis,Evans,44,
2026,11,Port Adelaide,Carlton,12308,Oliver,Florent,14,
2026,11,Port Adelaide,Carlton,12096,Nick,Haynes,26,
2026,11,Port Adelaide,Carlton,12937,Will,Hayward,19,
2026,11,Port Adelaide,Carlton,12417,George,Hewett,29,
2026,11,Port Adelaide,Carlton,12428,Jack,Ison,30,
2026,11,Port Adelaide,Carlton,12938,Brodie,Kemp,17,
2026,11,Port Adelaide,Carlton,12415,Mitch,McGovern,11,
2026,11,Port Adelaide,Carlton,12575,Harry,McKay,10,
2026,11,Port Adelaide,Carlton,12511,Nic,Newman,24,
2026,11,Port Adelaide,Carlton,12424,Marc,Pittonet,27,
2026,11,Port Adelaide,Carlton,13277,Jagga,Smith,7,
2026,11,Port Adelaide,Carlton,12685,Sam,Walsh,18,
2026,11,Port Adelaide,Carlton,12175,Billy,Wilson,15,
2026,11,Port Adelaide,Carlton,13246,Flynn,Young,45,
2026,11,Greater Western Sydney,Brisbane Lions,12782,Lachie,Ash,7,
2026,11,Greater Western Sydney,Brisbane Lions,12773,Toby,Bedford,14,
2026,11,Greater Western Sydney,Brisbane Lions,12905,Kieren,Briggs,32,
2026,11,Greater Western Sydney,Brisbane Lions,12910,Callum,Brown,46,
2026,11,Greater Western Sydney,Brisbane Lions,12845,Jack,Buckley,44,
2026,11,Greater Western Sydney,Brisbane Lions,13054,Aaron,Cadman,5,
2026,11,Greater Western Sydney,Brisbane Lions,12970,Finn,Callaghan,17,
2026,11,Greater Western Sydney,Brisbane Lions,12023,Stephen,Coniglio,3,
2026,11,Greater Western Sydney,Brisbane Lions,12663,Brent,Daniels,16,
2026,11,Greater Western Sydney,Brisbane Lions,13165,Joe,Fonti,37,
2026,11,Greater Western Sydney,Brisbane Lions,13282,Phoenix,Gothard,11,
2026,11,Greater Western Sydney,Brisbane Lions,12026,Toby,Greene,4,
2026,11,Greater Western Sydney,Brisbane Lions,13156,Max,Gruzewski,35,
2026,11,Greater Western Sydney,Brisbane Lions,12470,Harry,Himmelberg,27,
2026,11,Greater Western Sydney,Brisbane Lions,12749,Connor,Idun,39,
2026,11,Greater Western Sydney,Brisbane Lions,11998,Jayden,Laverde,25,
2026,11,Greater Western Sydney,Brisbane Lions,13089,Toby,McMullin,31,
2026,11,Greater Western Sydney,Brisbane Lions,12992,Clayton,Oliver,10,
2026,11,Greater Western Sydney,Brisbane Lions,13328,Harrison,Oliver,19,
2026,11,Greater Western Sydney,Brisbane Lions,12835,Jake,Riccardi,26,
2026,11,Greater Western Sydney,Brisbane Lions,12887,Conor,Stone,18,
2026,11,Greater Western Sydney,Brisbane Lions,12173,Jake,Stringer,20,
2026,11,Greater Western Sydney,Brisbane Lions,13101,Harvey,Thomas,1,
2026,11,Greater Western Sydney,Brisbane Lions,12347,Harris,Andrews,31,
2026,11,Greater Western Sydney,Brisbane Lions,13183,Levi,Ashcroft,10,
2026,11,Greater Western Sydney,Brisbane Lions,13034,Will,Ashcroft,8,
2026,11,Greater Western Sydney,Brisbane Lions,12617,Zac,Bailey,33,
2026,11,Greater Western Sydney,Brisbane Lions,12284,Charlie,Cameron,23,
2026,11,Greater Western Sydney,Brisbane Lions,12838,Keidean,Coleman,18,
2026,11,Greater Western Sydney,Brisbane Lions,12772,Sam,Draper,2,
2026,11,Greater Western Sydney,Brisbane Lions,12421,Josh,Dunkley,5,
2026,11,Greater Western Sydney,Brisbane Lions,13072,Jaspa,Fletcher,3,
2026,11,Greater Western Sydney,Brisbane Lions,12726,Darcy,Fort,32,
2026,11,Greater Western Sydney,Brisbane Lions,13234,Ty,Gallop,22,
2026,11,Greater Western Sydney,Brisbane Lions,12274,Darcy,Gardiner,27,
2026,11,Greater Western Sydney,Brisbane Lions,12969,Kai,Lohmann,1,
2026,11,Greater Western Sydney,Brisbane Lions,13216,Sam,Marshall,20,
2026,11,Greater Western Sydney,Brisbane Lions,12526,Hugh,McCluggage,6,
2026,11,Greater Western Sydney,Brisbane Lions,12400,Conor,McKenna,26,
2026,11,Greater Western Sydney,Brisbane Lions,13203,Will,McLachlan,28,
2026,11,Greater Western Sydney,Brisbane Lions,13138,Logan,Morris,13,
2026,11,Greater Western Sydney,Brisbane Lions,12061,Lachie,Neale,9,
2026,11,Greater Western Sydney,Brisbane Lions,12594,Cam,Rayner,16,
2026,11,Greater Western Sydney,Brisbane Lions,13139,Bruce,Reville,38,
2026,11,Greater Western Sydney,Brisbane Lions,13003,James,Tunstill,29,
2026,11,Greater Western Sydney,Brisbane Lions,13027,Darcy,Wilmot,44,
2026,11,Western Bulldogs,Melbourne,12277,Marcus,Bontempelli,4,
2026,11,Western Bulldogs,Melbourne,12917,Lachlan,Bramble,29,
2026,11,Western Bulldogs,Melbourne,11874,Connor,Budarick,19,
2026,11,Western Bulldogs,Melbourne,12988,Luke,Cleary,36,
2026,11,Western Bulldogs,Melbourne,12615,Nick,Coffield,17,
2026,11,Western Bulldogs,Melbourne,13269,Jordan,Croft,16,
2026,11,Western Bulldogs,Melbourne,12362,Bailey,Dale,31,
2026,11,Western Bulldogs,Melbourne,13140,Joel,Freijah,27,
2026,11,Western Bulldogs,Melbourne,13215,Cooper,Hynes,6,
2026,11,Western Bulldogs,Melbourne,13278,Lachie,Jaques,11,
2026,11,Western Bulldogs,Melbourne,13047,Arthur,Jones,32,
2026,11,Western Bulldogs,Melbourne,12463,Matthew,Kennedy,8,
2026,11,Western Bulldogs,Melbourne,12901,Buku,Khamis,24,
2026,11,Western Bulldogs,Melbourne,13287,Will,Lewis,28,
2026,11,Western Bulldogs,Melbourne,12289,Rory,Lobb,7,
2026,11,Western Bulldogs,Melbourne,12851,Lachlan,McNeil,30,
2026,11,Western Bulldogs,Melbourne,12602,Aaron,Naughton,33,
2026,11,Western Bulldogs,Melbourne,13063,James,ODonnell,18,
2026,11,Western Bulldogs,Melbourne,12612,Ed,Richards,20,
2026,11,Western Bulldogs,Melbourne,13111,Ryley,Sanders,9,
2026,11,Western Bulldogs,Melbourne,13279,Michael,Sellwood,37,
2026,11,Western Bulldogs,Melbourne,12058,Adam,Treloar,1,
2026,11,Western Bulldogs,Melbourne,12748,Rhylee,West,14,
2026,11,Western Bulldogs,Melbourne,12933,Jake,Bowey,17,
2026,11,Western Bulldogs,Melbourne,12756,Kade,Chandler,37,
2026,11,Western Bulldogs,Melbourne,13303,Paddy,Cross,41,
2026,11,Western Bulldogs,Melbourne,12603,Bayley,Fritsch,31,
2026,11,Western Bulldogs,Melbourne,11972,Max,Gawn,11,
2026,11,Western Bulldogs,Melbourne,13257,Max,Heath,27,
2026,11,Western Bulldogs,Melbourne,13098,Blake,Howes,22,
2026,11,Western Bulldogs,Melbourne,13194,Matthew,Jefferson,21,
2026,11,Western Bulldogs,Melbourne,12255,Changkuoth,Jiath,14,
2026,11,Western Bulldogs,Melbourne,12401,Ed,Langdon,15,
2026,11,Western Bulldogs,Melbourne,13036,Harvey,Langford,4,
2026,11,Western Bulldogs,Melbourne,13035,Bailey,Laurie,16,
2026,11,Western Bulldogs,Melbourne,12359,Jake,Lever,8,
2026,11,Western Bulldogs,Melbourne,12660,Harry,Petty,35,
2026,11,Western Bulldogs,Melbourne,12774,Kysaiah,Pickett,36,
2026,11,Western Bulldogs,Melbourne,12778,Trent,Rivers,24,
2026,11,Western Bulldogs,Melbourne,12862,Harry,Sharp,30,
2026,11,Western Bulldogs,Melbourne,12692,Tom,Sparrow,32,
2026,11,Western Bulldogs,Melbourne,12628,Jack,Steele,9,
2026,11,Western Bulldogs,Melbourne,13123,Koltyn,Tholstrup,12,
2026,11,Western Bulldogs,Melbourne,12998,Daniel,Turner,10,
2026,11,Western Bulldogs,Melbourne,13048,Jacob,van Rooyen,2,
2026,11,Western Bulldogs,Melbourne,13099,Caleb,Windsor,6,
2026,12,St Kilda,Hawthorn,13327,Charlie,Banfield,36,
2026,12,St Kilda,Hawthorn,12804,Ryan,Byrnes,13,
2026,12,St Kilda,Hawthorn,13041,Anthony,Caminiti,47,
2026,12,St Kilda,Hawthorn,12980,Jack,Carroll,18,
2026,12,St Kilda,Hawthorn,12399,Tom,De Koning,21,
2026,12,St Kilda,Hawthorn,12377,Sam,Flanders,9,
2026,12,St Kilda,Hawthorn,13124,Hugo,Garcia,34,
2026,12,St Kilda,Hawthorn,13191,Max,Hall,40,
2026,12,St Kilda,Hawthorn,12831,Liam,Henry,23,
2026,12,St Kilda,Hawthorn,12066,Bradley,Hill,8,
2026,12,St Kilda,Hawthorn,13202,Isaac,Keeler,17,
2026,12,St Kilda,Hawthorn,12172,Jack,Macrae,6,
2026,12,St Kilda,Hawthorn,12572,Rowan,Marshall,19,
2026,12,St Kilda,Hawthorn,13192,Liam,OConnell,45,
2026,12,St Kilda,Hawthorn,13042,Mattaes,Phillipou,25,
2026,12,St Kilda,Hawthorn,12930,Cooper,Sharman,43,
2026,12,St Kilda,Hawthorn,12294,Jack,Silvagni,3,
2026,12,St Kilda,Hawthorn,12337,Jack,Sinclair,35,
2026,12,St Kilda,Hawthorn,13243,Alix,Tauru,26,
2026,12,St Kilda,Hawthorn,12701,Callum,Wilkie,44,
2026,12,St Kilda,Hawthorn,13109,Darcy,Wilson,22,
2026,12,St Kilda,Hawthorn,12968,Marcus,Windhager,2,
2026,12,St Kilda,Hawthorn,12321,Mason,Wood,32,
2026,12,St Kilda,Hawthorn,12365,Karl,Amon,10,
2026,12,St Kilda,Hawthorn,12565,Josh,Battle,24,
2026,12,St Kilda,Hawthorn,12491,Mabior,Chol,18,
2026,12,St Kilda,Hawthorn,12999,Massimo,DAmbrosio,16,
2026,12,St Kilda,Hawthorn,12794,Will,Day,12,
2026,12,St Kilda,Hawthorn,12928,Jack,Ginnivan,33,
2026,12,St Kilda,Hawthorn,11854,Jack,Gunston,19,
2026,12,St Kilda,Hawthorn,12477,Blake,Hardwick,15,
2026,12,St Kilda,Hawthorn,12245,Jarman,Impey,4,
2026,12,St Kilda,Hawthorn,12643,Mitch,Lewis,2,
2026,12,St Kilda,Hawthorn,13069,Bailey,Macdonald,42,
2026,12,St Kilda,Hawthorn,12753,Connor,Macdonald,9,
2026,12,St Kilda,Hawthorn,13039,Cam,Mackenzie,28,
2026,12,St Kilda,Hawthorn,12854,Lloyd,Meek,17,
2026,12,St Kilda,Hawthorn,12124,Dylan,Moore,8,
2026,12,St Kilda,Hawthorn,11960,Cameron,Nairn,22,
2026,12,St Kilda,Hawthorn,12913,Jai,Newcombe,3,
2026,12,St Kilda,Hawthorn,12844,Flynn,Perez,39,
2026,12,St Kilda,Hawthorn,12907,Ned,Reeves,7,
2026,12,St Kilda,Hawthorn,12342,James,Sicily,6,
2026,12,St Kilda,Hawthorn,12954,Josh,Ward,25,
2026,12,St Kilda,Hawthorn,12626,Nick,Watson,5,
2026,12,St Kilda,Hawthorn,13059,Josh,Weddle,23,
2026,12,Carlton,Geelong,12282,Blake,Acres,13,
2026,12,Carlton,Geelong,12681,Ben,Ainsworth,12,
2026,12,Carlton,Geelong,13057,Talor,Byrne,39,
2026,12,Carlton,Geelong,12610,Adam,Cerra,5,
2026,12,Carlton,Geelong,13028,Lachlan,Cowan,2,
2026,12,Carlton,Geelong,12269,Patrick,Cripps,9,
2026,12,Carlton,Geelong,13245,Harry,Dean,35,
2026,12,Carlton,Geelong,12873,Francis,Evans,44,
2026,12,Carlton,Geelong,12308,Oliver,Florent,14,
2026,12,Carlton,Geelong,12096,Nick,Haynes,26,
2026,12,Carlton,Geelong,12937,Will,Hayward,19,
2026,12,Carlton,Geelong,12417,George,Hewett,29,
2026,12,Carlton,Geelong,12428,Jack,Ison,30,
2026,12,Carlton,Geelong,12938,Brodie,Kemp,17,
2026,12,Carlton,Geelong,12415,Mitch,McGovern,11,
2026,12,Carlton,Geelong,12575,Harry,McKay,10,
2026,12,Carlton,Geelong,12511,Nic,Newman,24,
2026,12,Carlton,Geelong,12424,Marc,Pittonet,27,
2026,12,Carlton,Geelong,13277,Jagga,Smith,7,
2026,12,Carlton,Geelong,12685,Sam,Walsh,18,
2026,12,Carlton,Geelong,12410,Jacob,Weitering,23,
2026,12,Carlton,Geelong,12175,Billy,Wilson,15,
2026,12,Carlton,Geelong,13246,Flynn,Young,45,
2026,12,Carlton,Geelong,12687,Tom,Atkins,30,
2026,12,Carlton,Geelong,12160,Mark,Blicavs,46,
2026,12,Carlton,Geelong,12874,Tanner,Bruhn,4,
2026,12,Carlton,Geelong,12022,Jeremy,Cameron,5,
2026,12,Carlton,Geelong,12808,Brad,Close,45,
2026,12,Carlton,Geelong,11706,Patrick,Dangerfield,35,
2026,12,Carlton,Geelong,12892,Sam,De Koning,16,
2026,12,Carlton,Geelong,12976,Oliver,Dempsey,28,
2026,12,Carlton,Geelong,13288,Mitchell,Edwards,11,
2026,12,Carlton,Geelong,12559,Zach,Guthrie,39,
2026,12,Carlton,Geelong,12614,Jack,Henry,38,
2026,12,Carlton,Geelong,12850,Oliver,Henry,36,
2026,12,Carlton,Geelong,12882,Max,Holmes,9,
2026,12,Carlton,Geelong,13162,Lawson,Humphries,17,
2026,12,Carlton,Geelong,12373,Jake,Kolodjashnij,8,
2026,12,Carlton,Geelong,13107,Shaun,Mannagh,7,
2026,12,Carlton,Geelong,12690,Gryan,Miers,32,
2026,12,Carlton,Geelong,13067,Oisin,Mullin,34,
2026,12,Carlton,Geelong,12995,Shannon,Neale,33,
2026,12,Carlton,Geelong,12540,Mark,OConnor,42,
2026,12,Carlton,Geelong,13125,Connor,OSullivan,14,
2026,12,Carlton,Geelong,12698,Bailey,Smith,3,
2026,12,Carlton,Geelong,12514,Tom,Stewart,44,
2026,12,Sydney,Richmond,12847,Joel,Amartey,36,
2026,12,Sydney,Richmond,13182,Riley,Bice,26,
2026,12,Sydney,Richmond,12699,Nick,Blakey,22,
2026,12,Sydney,Richmond,13157,Caiden,Cleary,33,
2026,12,Sydney,Richmond,12038,Harry,Cunningham,7,
2026,12,Sydney,Richmond,13117,Charlie,Curnow,35,
2026,12,Sydney,Richmond,13321,Will,Edwards,28,
2026,12,Sydney,Richmond,13174,Tom,Hanily,40,
2026,12,Sydney,Richmond,12331,Isaac,Heeney,5,
2026,12,Sydney,Richmond,12853,James,Jordon,17,
2026,12,Sydney,Richmond,13330,Harry,Kyle,32,
2026,12,Sydney,Richmond,12729,Peter,Ladhams,19,
2026,12,Sydney,Richmond,12275,Jake,Lloyd,44,
2026,12,Sydney,Richmond,12634,Tom,McCartin,30,
2026,12,Sydney,Richmond,12864,Logan,McDonald,6,
2026,12,Sydney,Richmond,12711,Justin,McInerney,27,
2026,12,Sydney,Richmond,12745,Hayden,McLean,2,
2026,12,Sydney,Richmond,12533,Lewis,Melican,43,
2026,12,Sydney,Richmond,12715,James,Rowbottom,8,
2026,12,Sydney,Richmond,12501,Jai,Serong,13,
2026,12,Sydney,Richmond,12951,Angus,Sheldrick,12,
2026,12,Sydney,Richmond,12799,Chad,Warner,1,
2026,12,Sydney,Richmond,12820,Sam,Wicks,15,
2026,12,Sydney,Richmond,13244,Jasper,Alger,29,
2026,12,Sydney,Richmond,12686,Noah,Balta,21,
2026,12,Sydney,Richmond,13081,Sam,Banks,6,
2026,12,Sydney,Richmond,12464,Nathan,Broad,35,
2026,12,Sydney,Richmond,13100,Seth,Campbell,44,
2026,12,Sydney,Richmond,13177,Sam,Cumming,22,
2026,12,Sydney,Richmond,13077,Liam,Fawcett,43,
2026,12,Sydney,Richmond,13144,Steely,Green,48,
2026,12,Sydney,Richmond,13253,Sam,Grlj,24,
2026,12,Sydney,Richmond,13312,Oliver,Hayes-Brown,47,
2026,12,Sydney,Richmond,12447,Jacob,Hopper,2,
2026,12,Sydney,Richmond,13115,Mykelti,Lefau,42,
2026,12,Sydney,Richmond,12940,Ben,Miller,12,
2026,12,Sydney,Richmond,11921,Dion,Prestia,3,
2026,12,Sydney,Richmond,12324,Patrick,Retschko,33,
2026,12,Sydney,Richmond,12836,Noah,Roberts-Thomson,27,
2026,12,Sydney,Richmond,12712,Jack,Ross,5,
2026,12,Sydney,Richmond,12425,Jayden,Short,15,
2026,12,Sydney,Richmond,13015,Tyler,Sonsie,40,
2026,12,Sydney,Richmond,12512,Tim,Taranto,14,
2026,12,Sydney,Richmond,13194,Luke,Trainor,11,
2026,12,Sydney,Richmond,13096,James,Trezise,36,
2026,12,Sydney,Richmond,12180,Nick,Vlastuin,1,
2026,12,Brisbane Lions,Fremantle,12347,Harris,Andrews,31,
2026,12,Brisbane Lions,Fremantle,12719,Noah,Answerth,43,
2026,12,Brisbane Lions,Fremantle,13183,Levi,Ashcroft,10,
2026,12,Brisbane Lions,Fremantle,13034,Will,Ashcroft,8,
2026,12,Brisbane Lions,Fremantle,12617,Zac,Bailey,33,
2026,12,Brisbane Lions,Fremantle,12525,Jarrod,Berry,7,
2026,12,Brisbane Lions,Fremantle,12284,Charlie,Cameron,23,
2026,12,Brisbane Lions,Fremantle,12838,Keidean,Coleman,18,
2026,12,Brisbane Lions,Fremantle,12673,Cody,Curtin,37,
2026,12,Brisbane Lions,Fremantle,12772,Sam,Draper,2,
2026,12,Brisbane Lions,Fremantle,12421,Josh,Dunkley,5,
2026,12,Brisbane Lions,Fremantle,13072,Jaspa,Fletcher,3,
2026,12,Brisbane Lions,Fremantle,12726,Darcy,Fort,32,
2026,12,Brisbane Lions,Fremantle,13234,Ty,Gallop,22,
2026,12,Brisbane Lions,Fremantle,12274,Darcy,Gardiner,27,
2026,12,Brisbane Lions,Fremantle,12969,Kai,Lohmann,1,
2026,12,Brisbane Lions,Fremantle,12526,Hugh,McCluggage,6,
2026,12,Brisbane Lions,Fremantle,12400,Conor,McKenna,26,
2026,12,Brisbane Lions,Fremantle,13138,Logan,Morris,13,
2026,12,Brisbane Lions,Fremantle,12061,Lachie,Neale,9,
2026,12,Brisbane Lions,Fremantle,12594,Cam,Rayner,16,
2026,12,Brisbane Lions,Fremantle,13139,Bruce,Reville,38,
2026,12,Brisbane Lions,Fremantle,13027,Darcy,Wilmot,44,
2026,12,Brisbane Lions,Fremantle,12983,Jye,Amiss,24,
2026,12,Brisbane Lions,Fremantle,12538,Shai,Bolton,10,
2026,12,Brisbane Lions,Fremantle,12596,Andrew,Brayshaw,8,
2026,12,Brisbane Lions,Fremantle,12876,Heath,Chapman,5,
2026,12,Brisbane Lions,Fremantle,12688,Jordan,Clark,6,
2026,12,Brisbane Lions,Fremantle,12552,Brennan,Cox,36,
2026,12,Brisbane Lions,Fremantle,13171,Mason,Cox,18,
2026,12,Brisbane Lions,Fremantle,13207,Isaiah,Dudley,43,
2026,12,Brisbane Lions,Fremantle,12967,Neil,Erasmus,28,
2026,12,Brisbane Lions,Fremantle,12803,Michael,Frederick,32,
2026,12,Brisbane Lions,Fremantle,12779,Luke,Jackson,9,
2026,12,Brisbane Lions,Fremantle,13049,Matthew,Johnson,44,
2026,12,Brisbane Lions,Fremantle,13036,Judd,McVee,17,
2026,12,Brisbane Lions,Fremantle,12964,Nathan,ODriscoll,30,
2026,12,Brisbane Lions,Fremantle,12361,Alex,Pearce,25,
2026,12,Brisbane Lions,Fremantle,13181,Murphy,Reid,16,
2026,12,Brisbane Lions,Fremantle,12550,Luke,Ryan,13,
2026,12,Brisbane Lions,Fremantle,13299,Chris,Scerri,45,
2026,12,Brisbane Lions,Fremantle,12679,Sam,Switkowski,39,
2026,12,Brisbane Lions,Fremantle,12888,Josh,Treacy,35,
2026,12,Brisbane Lions,Fremantle,13132,Patrick,Voss,20,
2026,12,Brisbane Lions,Fremantle,12461,Corey,Wagner,34,
2026,12,Brisbane Lions,Fremantle,13080,Karl,Worner,23,
2026,12,Western Bulldogs,Collingwood,12277,Marcus,Bontempelli,4,
2026,12,Western Bulldogs,Collingwood,12917,Lachlan,Bramble,29,
2026,12,Western Bulldogs,Collingwood,11874,Connor,Budarick,19,
2026,12,Western Bulldogs,Collingwood,12615,Nick,Coffield,17,
2026,12,Western Bulldogs,Collingwood,13269,Jordan,Croft,16,
2026,12,Western Bulldogs,Collingwood,12362,Bailey,Dale,31,
2026,12,Western Bulldogs,Collingwood,12548,Tim,English,44,
2026,12,Western Bulldogs,Collingwood,13140,Joel,Freijah,27,
2026,12,Western Bulldogs,Collingwood,13215,Cooper,Hynes,6,
2026,12,Western Bulldogs,Collingwood,13278,Lachie,Jaques,11,
2026,12,Western Bulldogs,Collingwood,13047,Arthur,Jones,32,
2026,12,Western Bulldogs,Collingwood,12463,Matthew,Kennedy,8,
2026,12,Western Bulldogs,Collingwood,12901,Buku,Khamis,24,
2026,12,Western Bulldogs,Collingwood,13287,Will,Lewis,28,
2026,12,Western Bulldogs,Collingwood,12289,Rory,Lobb,7,
2026,12,Western Bulldogs,Collingwood,12851,Lachlan,McNeil,30,
2026,12,Western Bulldogs,Collingwood,12602,Aaron,Naughton,33,
2026,12,Western Bulldogs,Collingwood,13063,James,ODonnell,18,
2026,12,Western Bulldogs,Collingwood,12612,Ed,Richards,20,
2026,12,Western Bulldogs,Collingwood,13111,Ryley,Sanders,9,
2026,12,Western Bulldogs,Collingwood,13279,Michael,Sellwood,37,
2026,12,Western Bulldogs,Collingwood,12058,Adam,Treloar,1,
2026,12,Western Bulldogs,Collingwood,12748,Rhylee,West,14,
2026,12,Western Bulldogs,Collingwood,13147,Edward,Allan,16,
2026,12,Western Bulldogs,Collingwood,12648,Angus,Anderson,41,
2026,12,Western Bulldogs,Collingwood,12666,Darcy,Cameron,14,
2026,12,Western Bulldogs,Collingwood,12067,Jack,Crisp,25,
2026,12,Western Bulldogs,Collingwood,12582,Josh,Daicos,7,
2026,12,Western Bulldogs,Collingwood,12948,Nick,Daicos,35,
2026,12,Western Bulldogs,Collingwood,12333,Jordan,de Goey,2,
2026,12,Western Bulldogs,Collingwood,12682,Billy,Frampton,17,
2026,12,Western Bulldogs,Collingwood,13071,Harvey,Harrison,36,
2026,12,Western Bulldogs,Collingwood,12503,Dan,Houston,9,
2026,12,Western Bulldogs,Collingwood,11973,Jeremy,Howe,38,
2026,12,Western Bulldogs,Collingwood,12586,Patrick,Lipinski,1,
2026,12,Western Bulldogs,Collingwood,13025,Ned,Long,44,
2026,12,Western Bulldogs,Collingwood,12380,Brayden,Maynard,4,
2026,12,Western Bulldogs,Collingwood,12877,Beau,McCreery,31,
2026,12,Western Bulldogs,Collingwood,12297,Daniel,McStay,11,
2026,12,Western Bulldogs,Collingwood,12307,Tim,Membrey,28,
2026,12,Western Bulldogs,Collingwood,13148,Wil,Parker,15,
2026,12,Western Bulldogs,Collingwood,11506,Scott,Pendlebury,10,
2026,12,Western Bulldogs,Collingwood,12740,Isaac,Quaynor,3,
2026,12,Western Bulldogs,Collingwood,12704,Lachie,Schultz,8,
2026,12,Western Bulldogs,Collingwood,11759,Steele,Sidebottom,22,
2026,12,Western Bulldogs,Collingwood,13249,Roan,Steele,45,
2026,12,Melbourne,Greater Western Sydney,12933,Jake,Bowey,17,
2026,12,Melbourne,Greater Western Sydney,12756,Kade,Chandler,37,
2026,12,Melbourne,Greater Western Sydney,13303,Paddy,Cross,41,
2026,12,Melbourne,Greater Western Sydney,12603,Bayley,Fritsch,31,
2026,12,Melbourne,Greater Western Sydney,11972,Max,Gawn,11,
2026,12,Melbourne,Greater Western Sydney,13098,Blake,Howes,22,
2026,12,Melbourne,Greater Western Sydney,13194,Matthew,Jefferson,21,
2026,12,Melbourne,Greater Western Sydney,12401,Ed,Langdon,15,
2026,12,Melbourne,Greater Western Sydney,13036,Harvey,Langford,4,
2026,12,Melbourne,Greater Western Sydney,13035,Bailey,Laurie,16,
2026,12,Melbourne,Greater Western Sydney,12642,Brody,Mihocek,28,
2026,12,Melbourne,Greater Western Sydney,13164,Andy,Moniz-Wakefield,45,
2026,12,Melbourne,Greater Western Sydney,12660,Harry,Petty,35,
2026,12,Melbourne,Greater Western Sydney,12774,Kysaiah,Pickett,36,
2026,12,Melbourne,Greater Western Sydney,12833,Latrelle,Pickett,33,
2026,12,Melbourne,Greater Western Sydney,12778,Trent,Rivers,24,
2026,12,Melbourne,Greater Western Sydney,12862,Harry,Sharp,30,
2026,12,Melbourne,Greater Western Sydney,12692,Tom,Sparrow,32,
2026,12,Melbourne,Greater Western Sydney,12628,Jack,Steele,9,
2026,12,Melbourne,Greater Western Sydney,13123,Koltyn,Tholstrup,12,
2026,12,Melbourne,Greater Western Sydney,12998,Daniel,Turner,10,
2026,12,Melbourne,Greater Western Sydney,13048,Jacob,van Rooyen,2,
2026,12,Melbourne,Greater Western Sydney,13099,Caleb,Windsor,6,
2026,12,Melbourne,Greater Western Sydney,13018,Leek,Aleer,21,
2026,12,Melbourne,Greater Western Sydney,12782,Lachie,Ash,7,
2026,12,Melbourne,Greater Western Sydney,12773,Toby,Bedford,14,
2026,12,Melbourne,Greater Western Sydney,12905,Kieren,Briggs,32,
2026,12,Melbourne,Greater Western Sydney,12910,Callum,Brown,46,
2026,12,Melbourne,Greater Western Sydney,13054,Aaron,Cadman,5,
2026,12,Melbourne,Greater Western Sydney,12970,Finn,Callaghan,17,
2026,12,Melbourne,Greater Western Sydney,12023,Stephen,Coniglio,3,
2026,12,Melbourne,Greater Western Sydney,12663,Brent,Daniels,16,
2026,12,Melbourne,Greater Western Sydney,13165,Joe,Fonti,37,
2026,12,Melbourne,Greater Western Sydney,13282,Phoenix,Gothard,11,
2026,12,Melbourne,Greater Western Sydney,12026,Toby,Greene,4,
2026,12,Melbourne,Greater Western Sydney,13156,Max,Gruzewski,35,
2026,12,Melbourne,Greater Western Sydney,12470,Harry,Himmelberg,27,
2026,12,Melbourne,Greater Western Sydney,12749,Connor,Idun,39,
2026,12,Melbourne,Greater Western Sydney,11998,Jayden,Laverde,25,
2026,12,Melbourne,Greater Western Sydney,13089,Toby,McMullin,31,
2026,12,Melbourne,Greater Western Sydney,12992,Clayton,Oliver,10,
2026,12,Melbourne,Greater Western Sydney,12887,Conor,Stone,18,
2026,12,Melbourne,Greater Western Sydney,12173,Jake,Stringer,20,
2026,12,Melbourne,Greater Western Sydney,12651,Sam,Taylor,15,
2026,12,Melbourne,Greater Western Sydney,13101,Harvey,Thomas,1,
2026,12,Melbourne,Greater Western Sydney,12147,Lachie,Whitfield,6,
2026,12,West Coast,Essendon,13222,Bo,Allan,26,
2026,12,West Coast,Essendon,12668,Liam,Baker,3,
2026,12,West Coast,Essendon,13001,Rhett,Bazzo,33,
2026,12,West Coast,Essendon,13250,Malakai,Champion,37,
2026,12,West Coast,Essendon,12454,Tom,Cole,28,
2026,12,West Coast,Essendon,13211,Hamish,Davis,38,
2026,12,West Coast,Essendon,12340,Liam,Duggan,14,
2026,12,West Coast,Essendon,12607,Willem,Duursma,1,
2026,12,West Coast,Essendon,13032,Reuben,Ginbey,7,
2026,12,West Coast,Essendon,12958,Brady,Hough,19,
2026,12,West Coast,Essendon,13139,Harvey,Johnston,24,
2026,12,West Coast,Essendon,12605,Tim,Kelly,11,
2026,12,West Coast,Essendon,12433,Josh,Lindsay,5,
2026,12,West Coast,Essendon,13071,Ryan,Maric,23,
2026,12,West Coast,Essendon,13033,Tom,McCarthy,18,
2026,12,West Coast,Essendon,13297,Milan,Murdock,47,
2026,12,West Coast,Essendon,13112,Harley,Reid,9,
2026,12,West Coast,Essendon,13248,Jobe,Shanahan,35,
2026,12,West Coast,Essendon,12609,Jake,Waterman,2,
2026,12,West Coast,Essendon,12837,Bailey,Williams,32,
2026,12,West Coast,Essendon,12960,Jack,Williams,34,
2026,12,West Coast,Essendon,12090,Elliot,Yeo,6,
2026,12,West Coast,Essendon,12279,Tylar,Young,20,
2026,12,West Coast,Essendon,13238,Lachlan,Blakiston,46,
2026,12,West Coast,Essendon,12900,Nick,Bryan,24,
2026,12,West Coast,Essendon,13149,Nate,Caddy,30,
2026,12,West Coast,Essendon,12855,Nik,Cox,13,
2026,12,West Coast,Essendon,13224,Archer,Day-Wicks,44,
2026,12,West Coast,Essendon,12695,Xavier,Duursma,28,
2026,12,West Coast,Essendon,13199,Tom,Edwards,45,
2026,12,West Coast,Essendon,13204,Saad,El-Hawli,41,
2026,12,West Coast,Essendon,12809,Jacob,Farrow,2,
2026,12,West Coast,Essendon,12422,Jade,Gresham,11,
2026,12,West Coast,Essendon,13020,Max,Kondogiannis,29,
2026,12,West Coast,Essendon,12358,Kyle,Langford,4,
2026,12,West Coast,Essendon,13239,Archie,May,26,
2026,12,West Coast,Essendon,12588,Ben,McKay,32,
2026,12,West Coast,Essendon,12249,Zach,Merrett,7,
2026,12,West Coast,Essendon,12414,Darcy,Parish,3,
2026,12,West Coast,Essendon,12880,Archie,Perkins,16,
2026,12,West Coast,Essendon,12874,Jaxon,Prior,25,
2026,12,West Coast,Essendon,12891,Zach,Reid,31,
2026,12,West Coast,Essendon,13169,Archie,Roberts,21,
2026,12,West Coast,Essendon,12032,Sullivan,Robey,9,
2026,12,West Coast,Essendon,12574,Will,Setterfield,12,
2026,12,West Coast,Essendon,13087,Elijah,Tsatas,5,
2026,13,Adelaide,Geelong,12592,Callum,Ah Chee,4,
2026,13,Adelaide,Geelong,12855,Sam,Berry,3,
2026,13,Adelaide,Geelong,13088,James,Borlase,35,
2026,13,Adelaide,Geelong,12832,Jordon,Butts,41,
2026,13,Adelaide,Geelong,12936,Brayden,Cook,15,
2026,13,Adelaide,Geelong,13133,Daniel,Curtin,6,
2026,13,Adelaide,Geelong,12519,Jordan,Dawson,12,
2026,13,Adelaide,Geelong,12591,Darcy,Fogarty,32,
2026,13,Adelaide,Geelong,13166,Hugo,Hall-Kahan,40,
2026,13,Adelaide,Geelong,12441,Ben,Keays,2,
2026,13,Adelaide,Geelong,12171,Rory,Laird,29,
2026,13,Adelaide,Geelong,13068,Lachlan,McAndrew,42,
2026,13,Adelaide,Geelong,13038,Max,Michalanney,16,
2026,13,Adelaide,Geelong,12416,Wayne,Milera,30,
2026,13,Adelaide,Geelong,13283,Toby,Murray,39,
2026,13,Adelaide,Geelong,13084,Luke,Nankervis,27,
2026,13,Adelaide,Geelong,12375,Alex,Neal-Bullen,28,
2026,13,Adelaide,Geelong,12934,James,Peatling,25,
2026,13,Adelaide,Geelong,12957,Josh,Rachele,8,
2026,13,Adelaide,Geelong,12956,Jake,Soligo,14,
2026,13,Adelaide,Geelong,13161,Zac,Taylor,19,
2026,13,Adelaide,Geelong,11724,Taylor,Walker,13,
2026,13,Adelaide,Geelong,12916,Josh,Worrell,24,
2026,13,Adelaide,Geelong,12687,Tom,Atkins,30,
2026,13,Adelaide,Geelong,12160,Mark,Blicavs,46,
2026,13,Adelaide,Geelong,12507,Jack,Bowes,12,
2026,13,Adelaide,Geelong,12874,Tanner,Bruhn,4,
2026,13,Adelaide,Geelong,12022,Jeremy,Cameron,5,
2026,13,Adelaide,Geelong,11706,Patrick,Dangerfield,35,
2026,13,Adelaide,Geelong,12892,Sam,De Koning,16,
2026,13,Adelaide,Geelong,12976,Oliver,Dempsey,28,
2026,13,Adelaide,Geelong,12559,Zach,Guthrie,39,
2026,13,Adelaide,Geelong,12614,Jack,Henry,38,
2026,13,Adelaide,Geelong,12850,Oliver,Henry,36,
2026,13,Adelaide,Geelong,12882,Max,Holmes,9,
2026,13,Adelaide,Geelong,12373,Jake,Kolodjashnij,8,
2026,13,Adelaide,Geelong,13107,Shaun,Mannagh,7,
2026,13,Adelaide,Geelong,12243,Jack,Martin,19,
2026,13,Adelaide,Geelong,12690,Gryan,Miers,32,
2026,13,Adelaide,Geelong,13067,Oisin,Mullin,34,
2026,13,Adelaide,Geelong,12995,Shannon,Neale,33,
2026,13,Adelaide,Geelong,12540,Mark,OConnor,42,
2026,13,Adelaide,Geelong,13125,Connor,OSullivan,14,
2026,13,Adelaide,Geelong,12698,Bailey,Smith,3,
2026,13,Adelaide,Geelong,12514,Tom,Stewart,44,
2026,13,Adelaide,Geelong,13219,Oliver,Wiltshire,21,
2026,13,Hawthorn,Western Bulldogs,12365,Karl,Amon,10,
2026,13,Hawthorn,Western Bulldogs,12565,Josh,Battle,24,
2026,13,Hawthorn,Western Bulldogs,12491,Mabior,Chol,18,
2026,13,Hawthorn,Western Bulldogs,12999,Massimo,DAmbrosio,16,
2026,13,Hawthorn,Western Bulldogs,12794,Will,Day,12,
2026,13,Hawthorn,Western Bulldogs,12928,Jack,Ginnivan,33,
2026,13,Hawthorn,Western Bulldogs,12477,Blake,Hardwick,15,
2026,13,Hawthorn,Western Bulldogs,12245,Jarman,Impey,4,
2026,13,Hawthorn,Western Bulldogs,12643,Mitch,Lewis,2,
2026,13,Hawthorn,Western Bulldogs,13069,Bailey,Macdonald,42,
2026,13,Hawthorn,Western Bulldogs,12753,Connor,Macdonald,9,
2026,13,Hawthorn,Western Bulldogs,13039,Cam,Mackenzie,28,
2026,13,Hawthorn,Western Bulldogs,12854,Lloyd,Meek,17,
2026,13,Hawthorn,Western Bulldogs,12124,Dylan,Moore,8,
2026,13,Hawthorn,Western Bulldogs,11960,Cameron,Nairn,22,
2026,13,Hawthorn,Western Bulldogs,12913,Jai,Newcombe,3,
2026,13,Hawthorn,Western Bulldogs,12844,Flynn,Perez,39,
2026,13,Hawthorn,Western Bulldogs,12907,Ned,Reeves,7,
2026,13,Hawthorn,Western Bulldogs,13323,Bodie,Ryan,26,
2026,13,Hawthorn,Western Bulldogs,12342,James,Sicily,6,
2026,13,Hawthorn,Western Bulldogs,12954,Josh,Ward,25,
2026,13,Hawthorn,Western Bulldogs,12626,Nick,Watson,5,
2026,13,Hawthorn,Western Bulldogs,13059,Josh,Weddle,23,
2026,13,Hawthorn,Western Bulldogs,12277,Marcus,Bontempelli,4,
2026,13,Hawthorn,Western Bulldogs,12917,Lachlan,Bramble,29,
2026,13,Hawthorn,Western Bulldogs,11874,Connor,Budarick,19,
2026,13,Hawthorn,Western Bulldogs,12615,Nick,Coffield,17,
2026,13,Hawthorn,Western Bulldogs,13269,Jordan,Croft,16,
2026,13,Hawthorn,Western Bulldogs,12362,Bailey,Dale,31,
2026,13,Hawthorn,Western Bulldogs,12548,Tim,English,44,
2026,13,Hawthorn,Western Bulldogs,13140,Joel,Freijah,27,
2026,13,Hawthorn,Western Bulldogs,13215,Cooper,Hynes,6,
2026,13,Hawthorn,Western Bulldogs,13047,Arthur,Jones,32,
2026,13,Hawthorn,Western Bulldogs,12463,Matthew,Kennedy,8,
2026,13,Hawthorn,Western Bulldogs,12901,Buku,Khamis,24,
2026,13,Hawthorn,Western Bulldogs,13287,Will,Lewis,28,
2026,13,Hawthorn,Western Bulldogs,12289,Rory,Lobb,7,
2026,13,Hawthorn,Western Bulldogs,12851,Lachlan,McNeil,30,
2026,13,Hawthorn,Western Bulldogs,12602,Aaron,Naughton,33,
2026,13,Hawthorn,Western Bulldogs,13063,James,ODonnell,18,
2026,13,Hawthorn,Western Bulldogs,12612,Ed,Richards,20,
2026,13,Hawthorn,Western Bulldogs,13111,Ryley,Sanders,9,
2026,13,Hawthorn,Western Bulldogs,13279,Michael,Sellwood,37,
2026,13,Hawthorn,Western Bulldogs,12058,Adam,Treloar,1,
2026,13,Hawthorn,Western Bulldogs,12803,Cody,Weightman,3,
2026,13,Hawthorn,Western Bulldogs,12748,Rhylee,West,14,
2026,13,North Melbourne,Fremantle,12939,Charlie,Comben,30,
2026,13,North Melbourne,Fremantle,12975,Paul,Curtis,25,
2026,13,North Melbourne,Fremantle,12382,Caleb,Daniel,5,
2026,13,North Melbourne,Fremantle,11908,Jack,Darling,27,
2026,13,North Melbourne,Fremantle,12599,Luke,Davies-Uniacke,9,
2026,13,North Melbourne,Fremantle,13145,Wil,Dawson,18,
2026,13,North Melbourne,Fremantle,13104,Zane,Duursma,7,
2026,13,North Melbourne,Fremantle,12528,Zac,Fisher,16,
2026,13,North Melbourne,Fremantle,13129,Riley,Hardeman,17,
2026,13,North Melbourne,Fremantle,13186,Jacob,Konstanty,41,
2026,13,North Melbourne,Fremantle,12569,Nick,Larkey,20,
2026,13,North Melbourne,Fremantle,12524,Griffin,Logue,19,
2026,13,North Melbourne,Fremantle,12246,Luke,McDonald,11,
2026,13,North Melbourne,Fremantle,13105,Colby,McKercher,10,
2026,13,North Melbourne,Fremantle,11958,Luke,Parker,26,
2026,13,North Melbourne,Fremantle,13030,Harry,Sheezel,3,
2026,13,North Melbourne,Fremantle,12511,Jy,Simpkin,12,
2026,13,North Melbourne,Fremantle,12434,Charlie,Spargo,13,
2026,13,North Melbourne,Fremantle,12798,Dylan,Stephens,15,
2026,13,North Melbourne,Fremantle,13263,Cooper,Trembath,47,
2026,13,North Melbourne,Fremantle,13065,George,Wardlaw,6,
2026,13,North Melbourne,Fremantle,12789,Tristan,Xerri,38,
2026,13,North Melbourne,Fremantle,12566,Cameron,Zurhaar,44,
2026,13,North Melbourne,Fremantle,12983,Jye,Amiss,24,
2026,13,North Melbourne,Fremantle,12538,Shai,Bolton,10,
2026,13,North Melbourne,Fremantle,12596,Andrew,Brayshaw,8,
2026,13,North Melbourne,Fremantle,12876,Heath,Chapman,5,
2026,13,North Melbourne,Fremantle,12688,Jordan,Clark,6,
2026,13,North Melbourne,Fremantle,13171,Mason,Cox,18,
2026,13,North Melbourne,Fremantle,13207,Isaiah,Dudley,43,
2026,13,North Melbourne,Fremantle,12967,Neil,Erasmus,28,
2026,13,North Melbourne,Fremantle,12803,Michael,Frederick,32,
2026,13,North Melbourne,Fremantle,12779,Luke,Jackson,9,
2026,13,North Melbourne,Fremantle,12402,Oscar,McDonald,21,
2026,13,North Melbourne,Fremantle,13036,Judd,McVee,17,
2026,13,North Melbourne,Fremantle,12964,Nathan,ODriscoll,30,
2026,13,North Melbourne,Fremantle,12149,Jaeger,OMeara,2,
2026,13,North Melbourne,Fremantle,12361,Alex,Pearce,25,
2026,13,North Melbourne,Fremantle,13181,Murphy,Reid,16,
2026,13,North Melbourne,Fremantle,12550,Luke,Ryan,13,
2026,13,North Melbourne,Fremantle,12679,Sam,Switkowski,39,
2026,13,North Melbourne,Fremantle,12888,Josh,Treacy,35,
2026,13,North Melbourne,Fremantle,13132,Patrick,Voss,20,
2026,13,North Melbourne,Fremantle,12461,Corey,Wagner,34,
2026,13,North Melbourne,Fremantle,13080,Karl,Worner,23,
2026,13,North Melbourne,Fremantle,12777,Hayden,Young,26,
2026,13,Gold Coast,Brisbane Lions,13251,Oscar,Adams,48,
2026,13,Gold Coast,Brisbane Lions,12767,Noah,Anderson,15,
2026,13,Gold Coast,Brisbane Lions,13019,Mac,Andrew,1,
2026,13,Gold Coast,Brisbane Lions,12453,Sam,Collins,25,
2026,13,Gold Coast,Brisbane Lions,13120,Will,Graham,26,
2026,13,Gold Coast,Brisbane Lions,13272,Lachlan,Gulbin,39,
2026,13,Gold Coast,Brisbane Lions,13050,Bailey,Humphrey,19,
2026,13,Gold Coast,Brisbane Lions,12936,Joel,Jeffrey,16,
2026,13,Gold Coast,Brisbane Lions,12728,Ben,King,34,
2026,13,Gold Coast,Brisbane Lions,12489,Leo,Lombard,8,
2026,13,Gold Coast,Brisbane Lions,12529,Ben,Long,22,
2026,13,Gold Coast,Brisbane Lions,12329,Touk,Miller,11,
2026,13,Gold Coast,Brisbane Lions,12242,Ned,Moyle,23,
2026,13,Gold Coast,Brisbane Lions,12768,Jai,Murray,35,
2026,13,Gold Coast,Brisbane Lions,12743,John,Noble,2,
2026,13,Gold Coast,Brisbane Lions,12825,Christian,Petracca,3,
2026,13,Gold Coast,Brisbane Lions,12658,Wil,Powell,27,
2026,13,Gold Coast,Brisbane Lions,12409,Daniel,Rioli,17,
2026,13,Gold Coast,Brisbane Lions,12769,Matt,Rowell,18,
2026,13,Gold Coast,Brisbane Lions,12086,Bodhi,Uwland,6,
2026,13,Gold Coast,Brisbane Lions,13114,Jed,Walter,4,
2026,13,Gold Coast,Brisbane Lions,12393,Lachie,Weller,14,
2026,13,Gold Coast,Brisbane Lions,12184,Jarrod,Witts,28,
2026,13,Gold Coast,Brisbane Lions,12347,Harris,Andrews,31,
2026,13,Gold Coast,Brisbane Lions,12719,Noah,Answerth,43,
2026,13,Gold Coast,Brisbane Lions,13183,Levi,Ashcroft,10,
2026,13,Gold Coast,Brisbane Lions,13034,Will,Ashcroft,8,
2026,13,Gold Coast,Brisbane Lions,12617,Zac,Bailey,33,
2026,13,Gold Coast,Brisbane Lions,12525,Jarrod,Berry,7,
2026,13,Gold Coast,Brisbane Lions,13145,Shadeau,Brain,34,
2026,13,Gold Coast,Brisbane Lions,12284,Charlie,Cameron,23,
2026,13,Gold Coast,Brisbane Lions,12772,Sam,Draper,2,
2026,13,Gold Coast,Brisbane Lions,12421,Josh,Dunkley,5,
2026,13,Gold Coast,Brisbane Lions,13072,Jaspa,Fletcher,3,
2026,13,Gold Coast,Brisbane Lions,12726,Darcy,Fort,32,
2026,13,Gold Coast,Brisbane Lions,13234,Ty,Gallop,22,
2026,13,Gold Coast,Brisbane Lions,12274,Darcy,Gardiner,27,
2026,13,Gold Coast,Brisbane Lions,12657,Darragh,Joyce,41,
2026,13,Gold Coast,Brisbane Lions,12969,Kai,Lohmann,1,
2026,13,Gold Coast,Brisbane Lions,12400,Conor,McKenna,26,
2026,13,Gold Coast,Brisbane Lions,13138,Logan,Morris,13,
2026,13,Gold Coast,Brisbane Lions,12061,Lachie,Neale,9,
2026,13,Gold Coast,Brisbane Lions,12594,Cam,Rayner,16,
2026,13,Gold Coast,Brisbane Lions,13139,Bruce,Reville,38,
2026,13,Gold Coast,Brisbane Lions,13003,James,Tunstill,29,
2026,13,Gold Coast,Brisbane Lions,13027,Darcy,Wilmot,44,
2026,13,West Coast,Port Adelaide,13222,Bo,Allan,26,
2026,13,West Coast,Port Adelaide,12668,Liam,Baker,3,
2026,13,West Coast,Port Adelaide,13001,Rhett,Bazzo,33,
2026,13,West Coast,Port Adelaide,13250,Malakai,Champion,37,
2026,13,West Coast,Port Adelaide,12454,Tom,Cole,28,
2026,13,West Coast,Port Adelaide,13211,Hamish,Davis,38,
2026,13,West Coast,Port Adelaide,12630,Cooper,Duff-Tytler,21,
2026,13,West Coast,Port Adelaide,12340,Liam,Duggan,14,
2026,13,West Coast,Port Adelaide,12607,Willem,Duursma,1,
2026,13,West Coast,Port Adelaide,13032,Reuben,Ginbey,7,
2026,13,West Coast,Port Adelaide,12958,Brady,Hough,19,
2026,13,West Coast,Port Adelaide,13139,Harvey,Johnston,24,
2026,13,West Coast,Port Adelaide,12605,Tim,Kelly,11,
2026,13,West Coast,Port Adelaide,13071,Ryan,Maric,23,
2026,13,West Coast,Port Adelaide,13033,Tom,McCarthy,18,
2026,13,West Coast,Port Adelaide,13297,Milan,Murdock,47,
2026,13,West Coast,Port Adelaide,13112,Harley,Reid,9,
2026,13,West Coast,Port Adelaide,13248,Jobe,Shanahan,35,
2026,13,West Coast,Port Adelaide,12671,Brandon,Starcevich,4,
2026,13,West Coast,Port Adelaide,12609,Jake,Waterman,2,
2026,13,West Coast,Port Adelaide,12837,Bailey,Williams,32,
2026,13,West Coast,Port Adelaide,12090,Elliot,Yeo,6,
2026,13,West Coast,Port Adelaide,12279,Tylar,Young,20,
2026,13,West Coast,Port Adelaide,12442,Aliir,Aliir,21,
2026,13,West Coast,Port Adelaide,13188,Joe,Berry,5,
2026,13,West Coast,Port Adelaide,13011,Jase,Burgoyne,7,
2026,13,West Coast,Port Adelaide,12693,Zak,Butters,9,
2026,13,West Coast,Port Adelaide,12429,Darcy,Byrne-Jones,33,
2026,13,West Coast,Port Adelaide,13208,Tom,Cochrane,26,
2026,13,West Coast,Port Adelaide,12694,Willem,Drew,28,
2026,13,West Coast,Port Adelaide,12952,Corey,Durdin,44,
2026,13,West Coast,Port Adelaide,13155,Logan,Evans,22,
2026,13,West Coast,Port Adelaide,12770,Mitch,Georgiades,19,
2026,13,West Coast,Port Adelaide,12955,Jason,Horne-Francis,18,
2026,13,West Coast,Port Adelaide,12883,Lachie,Jones,34,
2026,13,West Coast,Port Adelaide,13304,Josh,Lai,43,
2026,13,West Coast,Port Adelaide,13200,Ewan,Mackinlay,31,
2026,13,West Coast,Port Adelaide,12578,Todd,Marshall,4,
2026,13,West Coast,Port Adelaide,12485,Jackson,Mead,3,
2026,13,West Coast,Port Adelaide,12557,Christian,Moraes,11,
2026,13,West Coast,Port Adelaide,12606,Esava,Ratugolea,27,
2026,13,West Coast,Port Adelaide,13141,Joe,Richards,35,
2026,13,West Coast,Port Adelaide,12890,Jordon,Sweet,24,
2026,13,West Coast,Port Adelaide,12613,Jacob,Wehr,15,
2026,13,West Coast,Port Adelaide,13261,Jack,Whitlock,17,
2026,13,West Coast,Port Adelaide,12155,Ollie,Wines,16,
2026,13,Sydney,St Kilda,12847,Joel,Amartey,36,
2026,13,Sydney,St Kilda,13182,Riley,Bice,26,
2026,13,Sydney,St Kilda,12699,Nick,Blakey,22,
2026,13,Sydney,St Kilda,13157,Caiden,Cleary,33,
2026,13,Sydney,St Kilda,13117,Charlie,Curnow,35,
2026,13,Sydney,St Kilda,13321,Will,Edwards,28,
2026,13,Sydney,St Kilda,12223,Brodie,Grundy,4,
2026,13,Sydney,St Kilda,12331,Isaac,Heeney,5,
2026,13,Sydney,St Kilda,12853,James,Jordon,17,
2026,13,Sydney,St Kilda,13330,Harry,Kyle,32,
2026,13,Sydney,St Kilda,12275,Jake,Lloyd,44,
2026,13,Sydney,St Kilda,12634,Tom,McCartin,30,
2026,13,Sydney,St Kilda,12864,Logan,McDonald,6,
2026,13,Sydney,St Kilda,12711,Justin,McInerney,27,
2026,13,Sydney,St Kilda,12745,Hayden,McLean,2,
2026,13,Sydney,St Kilda,12418,Callum,Mills,14,
2026,13,Sydney,St Kilda,12993,Matt,Roberts,34,
2026,13,Sydney,St Kilda,12475,Malcolm,Rosas,10,
2026,13,Sydney,St Kilda,12715,James,Rowbottom,8,
2026,13,Sydney,St Kilda,12501,Jai,Serong,13,
2026,13,Sydney,St Kilda,12951,Angus,Sheldrick,12,
2026,13,Sydney,St Kilda,12799,Chad,Warner,1,
2026,13,Sydney,St Kilda,12820,Sam,Wicks,15,
2026,13,Sydney,St Kilda,12804,Ryan,Byrnes,13,
2026,13,Sydney,St Kilda,13041,Anthony,Caminiti,47,
2026,13,Sydney,St Kilda,12399,Tom,De Koning,21,
2026,13,Sydney,St Kilda,13124,Hugo,Garcia,34,
2026,13,Sydney,St Kilda,13191,Max,Hall,40,
2026,13,Sydney,St Kilda,13116,Angus,Hastie,24,
2026,13,Sydney,St Kilda,12066,Bradley,Hill,8,
2026,13,Sydney,St Kilda,13334,Campbell,Lake,39,
2026,13,Sydney,St Kilda,12172,Jack,Macrae,6,
2026,13,Sydney,St Kilda,12572,Rowan,Marshall,19,
2026,13,Sydney,St Kilda,12945,Mitch,Owens,10,
2026,13,Sydney,St Kilda,13042,Mattaes,Phillipou,25,
2026,13,Sydney,St Kilda,13190,Liam,Ryan,31,
2026,13,Sydney,St Kilda,12930,Cooper,Sharman,43,
2026,13,Sydney,St Kilda,12294,Jack,Silvagni,3,
2026,13,Sydney,St Kilda,12337,Jack,Sinclair,35,
2026,13,Sydney,St Kilda,12721,Liam,Stocker,14,
2026,13,Sydney,St Kilda,13243,Alix,Tauru,26,
2026,13,Sydney,St Kilda,12947,Nasiah,Wanganeen-Milera,7,
2026,13,Sydney,St Kilda,12701,Callum,Wilkie,44,
2026,13,Sydney,St Kilda,13109,Darcy,Wilson,22,
2026,13,Sydney,St Kilda,12968,Marcus,Windhager,2,
2026,13,Sydney,St Kilda,12321,Mason,Wood,32,
2026,13,Essendon,Carlton,13238,Lachlan,Blakiston,46,
2026,13,Essendon,Carlton,12900,Nick,Bryan,24,
2026,13,Essendon,Carlton,13149,Nate,Caddy,30,
2026,13,Essendon,Carlton,12855,Nik,Cox,13,
2026,13,Essendon,Carlton,13224,Archer,Day-Wicks,44,
2026,13,Essendon,Carlton,12926,Sam,Durham,22,
2026,13,Essendon,Carlton,12695,Xavier,Duursma,28,
2026,13,Essendon,Carlton,13284,Hussien,El Achkar,33,
2026,13,Essendon,Carlton,13204,Saad,El-Hawli,41,
2026,13,Essendon,Carlton,12809,Jacob,Farrow,2,
2026,13,Essendon,Carlton,12857,Harry,Jones,23,
2026,13,Essendon,Carlton,13020,Max,Kondogiannis,29,
2026,13,Essendon,Carlton,12358,Kyle,Langford,4,
2026,13,Essendon,Carlton,12588,Ben,McKay,32,
2026,13,Essendon,Carlton,12249,Zach,Merrett,7,
2026,13,Essendon,Carlton,12880,Archie,Perkins,16,
2026,13,Essendon,Carlton,12874,Jaxon,Prior,25,
2026,13,Essendon,Carlton,12445,Mason,Redman,27,
2026,13,Essendon,Carlton,12891,Zach,Reid,31,
2026,13,Essendon,Carlton,13169,Archie,Roberts,21,
2026,13,Essendon,Carlton,12032,Sullivan,Robey,9,
2026,13,Essendon,Carlton,12574,Will,Setterfield,12,
2026,13,Essendon,Carlton,13087,Elijah,Tsatas,5,
2026,13,Essendon,Carlton,12282,Blake,Acres,13,
2026,13,Essendon,Carlton,12681,Ben,Ainsworth,12,
2026,13,Essendon,Carlton,13057,Talor,Byrne,39,
2026,13,Essendon,Carlton,12610,Adam,Cerra,5,
2026,13,Essendon,Carlton,13028,Lachlan,Cowan,2,
2026,13,Essendon,Carlton,12269,Patrick,Cripps,9,
2026,13,Essendon,Carlton,13245,Harry,Dean,35,
2026,13,Essendon,Carlton,13306,Wade,Derksen,47,
2026,13,Essendon,Carlton,12873,Francis,Evans,44,
2026,13,Essendon,Carlton,12308,Oliver,Florent,14,
2026,13,Essendon,Carlton,12096,Nick,Haynes,26,
2026,13,Essendon,Carlton,12937,Will,Hayward,19,
2026,13,Essendon,Carlton,12417,George,Hewett,29,
2026,13,Essendon,Carlton,12428,Jack,Ison,30,
2026,13,Essendon,Carlton,12938,Brodie,Kemp,17,
2026,13,Essendon,Carlton,12415,Mitch,McGovern,11,
2026,13,Essendon,Carlton,12575,Harry,McKay,10,
2026,13,Essendon,Carlton,12511,Nic,Newman,24,
2026,13,Essendon,Carlton,12424,Marc,Pittonet,27,
2026,13,Essendon,Carlton,13277,Jagga,Smith,7,
2026,13,Essendon,Carlton,12685,Sam,Walsh,18,
2026,13,Essendon,Carlton,12175,Billy,Wilson,15,
2026,13,Essendon,Carlton,13246,Flynn,Young,45,
2026,13,Collingwood,Melbourne,13147,Edward,Allan,16,
2026,13,Collingwood,Melbourne,12648,Angus,Anderson,41,
2026,13,Collingwood,Melbourne,13074,Jack,Buller,34,
2026,13,Collingwood,Melbourne,12666,Darcy,Cameron,14,
2026,13,Collingwood,Melbourne,12067,Jack,Crisp,25,
2026,13,Collingwood,Melbourne,12582,Josh,Daicos,7,
2026,13,Collingwood,Melbourne,12948,Nick,Daicos,35,
2026,13,Collingwood,Melbourne,12333,Jordan,de Goey,2,
2026,13,Collingwood,Melbourne,12682,Billy,Frampton,17,
2026,13,Collingwood,Melbourne,13071,Harvey,Harrison,36,
2026,13,Collingwood,Melbourne,12503,Dan,Houston,9,
2026,13,Collingwood,Melbourne,11973,Jeremy,Howe,38,
2026,13,Collingwood,Melbourne,12586,Patrick,Lipinski,1,
2026,13,Collingwood,Melbourne,12380,Brayden,Maynard,4,
2026,13,Collingwood,Melbourne,12877,Beau,McCreery,31,
2026,13,Collingwood,Melbourne,12297,Daniel,McStay,11,
2026,13,Collingwood,Melbourne,12307,Tim,Membrey,28,
2026,13,Collingwood,Melbourne,11506,Scott,Pendlebury,10,
2026,13,Collingwood,Melbourne,12541,Harry,Perryman,12,
2026,13,Collingwood,Melbourne,12435,Mitch,Podhajski,46,
2026,13,Collingwood,Melbourne,12740,Isaac,Quaynor,3,
2026,13,Collingwood,Melbourne,12704,Lachie,Schultz,8,
2026,13,Collingwood,Melbourne,13249,Roan,Steele,45,
2026,13,Collingwood,Melbourne,12933,Jake,Bowey,17,
2026,13,Collingwood,Melbourne,12756,Kade,Chandler,37,
2026,13,Collingwood,Melbourne,13303,Paddy,Cross,41,
2026,13,Collingwood,Melbourne,12603,Bayley,Fritsch,31,
2026,13,Collingwood,Melbourne,11972,Max,Gawn,11,
2026,13,Collingwood,Melbourne,13098,Blake,Howes,22,
2026,13,Collingwood,Melbourne,13333,Luker,Kentfield,44,
2026,13,Collingwood,Melbourne,12401,Ed,Langdon,15,
2026,13,Collingwood,Melbourne,13036,Harvey,Langford,4,
2026,13,Collingwood,Melbourne,12359,Jake,Lever,8,
2026,13,Collingwood,Melbourne,12015,Tom,McDonald,25,
2026,13,Collingwood,Melbourne,12642,Brody,Mihocek,28,
2026,13,Collingwood,Melbourne,12660,Harry,Petty,35,
2026,13,Collingwood,Melbourne,12774,Kysaiah,Pickett,36,
2026,13,Collingwood,Melbourne,12833,Latrelle,Pickett,33,
2026,13,Collingwood,Melbourne,12778,Trent,Rivers,24,
2026,13,Collingwood,Melbourne,12862,Harry,Sharp,30,
2026,13,Collingwood,Melbourne,12692,Tom,Sparrow,32,
2026,13,Collingwood,Melbourne,12628,Jack,Steele,9,
2026,13,Collingwood,Melbourne,13123,Koltyn,Tholstrup,12,
2026,13,Collingwood,Melbourne,12998,Daniel,Turner,10,
2026,13,Collingwood,Melbourne,13048,Jacob,van Rooyen,2,
2026,13,Collingwood,Melbourne,13099,Caleb,Windsor,6,
2026,14,Western Bulldogs,Adelaide,12277,Marcus,Bontempelli,4,
2026,14,Western Bulldogs,Adelaide,12917,Lachlan,Bramble,29,
2026,14,Western Bulldogs,Adelaide,11874,Connor,Budarick,19,
2026,14,Western Bulldogs,Adelaide,12615,Nick,Coffield,17,
2026,14,Western Bulldogs,Adelaide,13269,Jordan,Croft,16,
2026,14,Western Bulldogs,Adelaide,12362,Bailey,Dale,31,
2026,14,Western Bulldogs,Adelaide,12548,Tim,English,44,
2026,14,Western Bulldogs,Adelaide,13140,Joel,Freijah,27,
2026,14,Western Bulldogs,Adelaide,13215,Cooper,Hynes,6,
2026,14,Western Bulldogs,Adelaide,13047,Arthur,Jones,32,
2026,14,Western Bulldogs,Adelaide,13336,Luke,Kennedy,35,
2026,14,Western Bulldogs,Adelaide,12463,Matthew,Kennedy,8,
2026,14,Western Bulldogs,Adelaide,12901,Buku,Khamis,24,
2026,14,Western Bulldogs,Adelaide,13287,Will,Lewis,28,
2026,14,Western Bulldogs,Adelaide,12289,Rory,Lobb,7,
2026,14,Western Bulldogs,Adelaide,12602,Aaron,Naughton,33,
2026,14,Western Bulldogs,Adelaide,13063,James,ODonnell,18,
2026,14,Western Bulldogs,Adelaide,12612,Ed,Richards,20,
2026,14,Western Bulldogs,Adelaide,13111,Ryley,Sanders,9,
2026,14,Western Bulldogs,Adelaide,13279,Michael,Sellwood,37,
2026,14,Western Bulldogs,Adelaide,12058,Adam,Treloar,1,
2026,14,Western Bulldogs,Adelaide,12803,Cody,Weightman,3,
2026,14,Western Bulldogs,Adelaide,12748,Rhylee,West,14,
2026,14,Western Bulldogs,Adelaide,12855,Sam,Berry,3,
2026,14,Western Bulldogs,Adelaide,13088,James,Borlase,35,
2026,14,Western Bulldogs,Adelaide,12936,Brayden,Cook,15,
2026,14,Western Bulldogs,Adelaide,13133,Daniel,Curtin,6,
2026,14,Western Bulldogs,Adelaide,12519,Jordan,Dawson,12,
2026,14,Western Bulldogs,Adelaide,12591,Darcy,Fogarty,32,
2026,14,Western Bulldogs,Adelaide,13166,Hugo,Hall-Kahan,40,
2026,14,Western Bulldogs,Adelaide,12441,Ben,Keays,2,
2026,14,Western Bulldogs,Adelaide,12171,Rory,Laird,29,
2026,14,Western Bulldogs,Adelaide,13068,Lachlan,McAndrew,42,
2026,14,Western Bulldogs,Adelaide,13038,Max,Michalanney,16,
2026,14,Western Bulldogs,Adelaide,12416,Wayne,Milera,30,
2026,14,Western Bulldogs,Adelaide,12875,Nick,Murray,9,
2026,14,Western Bulldogs,Adelaide,13283,Toby,Murray,39,
2026,14,Western Bulldogs,Adelaide,13084,Luke,Nankervis,27,
2026,14,Western Bulldogs,Adelaide,12375,Alex,Neal-Bullen,28,
2026,14,Western Bulldogs,Adelaide,12934,James,Peatling,25,
2026,14,Western Bulldogs,Adelaide,12922,Luke,Pedlar,10,
2026,14,Western Bulldogs,Adelaide,12957,Josh,Rachele,8,
2026,14,Western Bulldogs,Adelaide,12956,Jake,Soligo,14,
2026,14,Western Bulldogs,Adelaide,13161,Zac,Taylor,19,
2026,14,Western Bulldogs,Adelaide,12893,Riley,Thilthorpe,7,
2026,14,Western Bulldogs,Adelaide,12916,Josh,Worrell,24,
2026,14,Geelong,Gold Coast,12687,Tom,Atkins,30,
2026,14,Geelong,Gold Coast,12160,Mark,Blicavs,46,
2026,14,Geelong,Gold Coast,12874,Tanner,Bruhn,4,
2026,14,Geelong,Gold Coast,12022,Jeremy,Cameron,5,
2026,14,Geelong,Gold Coast,11706,Patrick,Dangerfield,35,
2026,14,Geelong,Gold Coast,12892,Sam,De Koning,16,
2026,14,Geelong,Gold Coast,12976,Oliver,Dempsey,28,
2026,14,Geelong,Gold Coast,13288,Mitchell,Edwards,11,
2026,14,Geelong,Gold Coast,12559,Zach,Guthrie,39,
2026,14,Geelong,Gold Coast,12614,Jack,Henry,38,
2026,14,Geelong,Gold Coast,12850,Oliver,Henry,36,
2026,14,Geelong,Gold Coast,12882,Max,Holmes,9,
2026,14,Geelong,Gold Coast,13162,Lawson,Humphries,17,
2026,14,Geelong,Gold Coast,12373,Jake,Kolodjashnij,8,
2026,14,Geelong,Gold Coast,13107,Shaun,Mannagh,7,
2026,14,Geelong,Gold Coast,12243,Jack,Martin,19,
2026,14,Geelong,Gold Coast,13067,Oisin,Mullin,34,
2026,14,Geelong,Gold Coast,12995,Shannon,Neale,33,
2026,14,Geelong,Gold Coast,12540,Mark,OConnor,42,
2026,14,Geelong,Gold Coast,13125,Connor,OSullivan,14,
2026,14,Geelong,Gold Coast,12698,Bailey,Smith,3,
2026,14,Geelong,Gold Coast,13252,George,Stevens,15,
2026,14,Geelong,Gold Coast,13219,Oliver,Wiltshire,21,
2026,14,Geelong,Gold Coast,13251,Oscar,Adams,48,
2026,14,Geelong,Gold Coast,12767,Noah,Anderson,15,
2026,14,Geelong,Gold Coast,13019,Mac,Andrew,1,
2026,14,Geelong,Gold Coast,12631,Charlie,Ballard,10,
2026,14,Geelong,Gold Coast,13119,Sam,Clohesy,33,
2026,14,Geelong,Gold Coast,12453,Sam,Collins,25,
2026,14,Geelong,Gold Coast,13272,Lachlan,Gulbin,39,
2026,14,Geelong,Gold Coast,13050,Bailey,Humphrey,19,
2026,14,Geelong,Gold Coast,12936,Joel,Jeffrey,16,
2026,14,Geelong,Gold Coast,13258,Ben,Jepson,44,
2026,14,Geelong,Gold Coast,12728,Ben,King,34,
2026,14,Geelong,Gold Coast,12489,Leo,Lombard,8,
2026,14,Geelong,Gold Coast,12529,Ben,Long,22,
2026,14,Geelong,Gold Coast,12329,Touk,Miller,11,
2026,14,Geelong,Gold Coast,12242,Ned,Moyle,23,
2026,14,Geelong,Gold Coast,12768,Jai,Murray,35,
2026,14,Geelong,Gold Coast,12743,John,Noble,2,
2026,14,Geelong,Gold Coast,12825,Christian,Petracca,3,
2026,14,Geelong,Gold Coast,12409,Daniel,Rioli,17,
2026,14,Geelong,Gold Coast,12769,Matt,Rowell,18,
2026,14,Geelong,Gold Coast,12086,Bodhi,Uwland,6,
2026,14,Geelong,Gold Coast,13037,Zeke,Uwland,32,
2026,14,Geelong,Gold Coast,13114,Jed,Walter,4,
2026,14,Melbourne,Essendon,12933,Jake,Bowey,17,
2026,14,Melbourne,Essendon,12756,Kade,Chandler,37,
2026,14,Melbourne,Essendon,13016,Lukas,Cooke,46,
2026,14,Melbourne,Essendon,13303,Paddy,Cross,41,
2026,14,Melbourne,Essendon,13338,Joel,Fitzgerald,47,
2026,14,Melbourne,Essendon,12603,Bayley,Fritsch,31,
2026,14,Melbourne,Essendon,11972,Max,Gawn,11,
2026,14,Melbourne,Essendon,13098,Blake,Howes,22,
2026,14,Melbourne,Essendon,13333,Luker,Kentfield,44,
2026,14,Melbourne,Essendon,12401,Ed,Langdon,15,
2026,14,Melbourne,Essendon,13036,Harvey,Langford,4,
2026,14,Melbourne,Essendon,13035,Bailey,Laurie,16,
2026,14,Melbourne,Essendon,12359,Jake,Lever,8,
2026,14,Melbourne,Essendon,11828,Jake,Melksham,18,
2026,14,Melbourne,Essendon,12660,Harry,Petty,35,
2026,14,Melbourne,Essendon,12774,Kysaiah,Pickett,36,
2026,14,Melbourne,Essendon,12778,Trent,Rivers,24,
2026,14,Melbourne,Essendon,12862,Harry,Sharp,30,
2026,14,Melbourne,Essendon,12692,Tom,Sparrow,32,
2026,14,Melbourne,Essendon,12628,Jack,Steele,9,
2026,14,Melbourne,Essendon,13123,Koltyn,Tholstrup,12,
2026,14,Melbourne,Essendon,12998,Daniel,Turner,10,
2026,14,Melbourne,Essendon,13048,Jacob,van Rooyen,2,
2026,14,Melbourne,Essendon,13238,Lachlan,Blakiston,46,
2026,14,Melbourne,Essendon,12900,Nick,Bryan,24,
2026,14,Melbourne,Essendon,13149,Nate,Caddy,30,
2026,14,Melbourne,Essendon,12855,Nik,Cox,13,
2026,14,Melbourne,Essendon,13224,Archer,Day-Wicks,44,
2026,14,Melbourne,Essendon,12926,Sam,Durham,22,
2026,14,Melbourne,Essendon,12695,Xavier,Duursma,28,
2026,14,Melbourne,Essendon,13284,Hussien,El Achkar,33,
2026,14,Melbourne,Essendon,12809,Jacob,Farrow,2,
2026,14,Melbourne,Essendon,12857,Harry,Jones,23,
2026,14,Melbourne,Essendon,12358,Kyle,Langford,4,
2026,14,Melbourne,Essendon,12588,Ben,McKay,32,
2026,14,Melbourne,Essendon,12249,Zach,Merrett,7,
2026,14,Melbourne,Essendon,12880,Archie,Perkins,16,
2026,14,Melbourne,Essendon,12874,Jaxon,Prior,25,
2026,14,Melbourne,Essendon,12445,Mason,Redman,27,
2026,14,Melbourne,Essendon,12891,Zach,Reid,31,
2026,14,Melbourne,Essendon,12640,Jordan,Ridley,14,
2026,14,Melbourne,Essendon,13169,Archie,Roberts,21,
2026,14,Melbourne,Essendon,12032,Sullivan,Robey,9,
2026,14,Melbourne,Essendon,12574,Will,Setterfield,12,
2026,14,Melbourne,Essendon,12384,Dyson,Sharp,15,
2026,14,Melbourne,Essendon,13087,Elijah,Tsatas,5,
2026,14,North Melbourne,West Coast,13220,Tom,Blamires,39,
2026,14,North Melbourne,West Coast,12939,Charlie,Comben,30,
2026,14,North Melbourne,West Coast,12975,Paul,Curtis,25,
2026,14,North Melbourne,West Coast,12382,Caleb,Daniel,5,
2026,14,North Melbourne,West Coast,11908,Jack,Darling,27,
2026,14,North Melbourne,West Coast,12599,Luke,Davies-Uniacke,9,
2026,14,North Melbourne,West Coast,13104,Zane,Duursma,7,
2026,14,North Melbourne,West Coast,13339,Taylor,Goad,22,
2026,14,North Melbourne,West Coast,13079,Cooper,Harvey,37,
2026,14,North Melbourne,West Coast,13186,Jacob,Konstanty,41,
2026,14,North Melbourne,West Coast,12569,Nick,Larkey,20,
2026,14,North Melbourne,West Coast,12524,Griffin,Logue,19,
2026,14,North Melbourne,West Coast,12246,Luke,McDonald,11,
2026,14,North Melbourne,West Coast,13105,Colby,McKercher,10,
2026,14,North Melbourne,West Coast,11958,Luke,Parker,26,
2026,14,North Melbourne,West Coast,13030,Harry,Sheezel,3,
2026,14,North Melbourne,West Coast,12511,Jy,Simpkin,12,
2026,14,North Melbourne,West Coast,12434,Charlie,Spargo,13,
2026,14,North Melbourne,West Coast,12798,Dylan,Stephens,15,
2026,14,North Melbourne,West Coast,13263,Cooper,Trembath,47,
2026,14,North Melbourne,West Coast,13065,George,Wardlaw,6,
2026,14,North Melbourne,West Coast,12789,Tristan,Xerri,38,
2026,14,North Melbourne,West Coast,12566,Cameron,Zurhaar,44,
2026,14,North Melbourne,West Coast,13222,Bo,Allan,26,
2026,14,North Melbourne,West Coast,12668,Liam,Baker,3,
2026,14,North Melbourne,West Coast,13001,Rhett,Bazzo,33,
2026,14,North Melbourne,West Coast,12454,Tom,Cole,28,
2026,14,North Melbourne,West Coast,13211,Hamish,Davis,38,
2026,14,North Melbourne,West Coast,12630,Cooper,Duff-Tytler,21,
2026,14,North Melbourne,West Coast,12340,Liam,Duggan,14,
2026,14,North Melbourne,West Coast,13212,Tom,Gross,27,
2026,14,North Melbourne,West Coast,13342,Marcus,Herbert,51,
2026,14,North Melbourne,West Coast,13045,Elijah,Hewett,8,
2026,14,North Melbourne,West Coast,12958,Brady,Hough,19,
2026,14,North Melbourne,West Coast,13139,Harvey,Johnston,24,
2026,14,North Melbourne,West Coast,12605,Tim,Kelly,11,
2026,14,North Melbourne,West Coast,12433,Josh,Lindsay,5,
2026,14,North Melbourne,West Coast,13071,Ryan,Maric,23,
2026,14,North Melbourne,West Coast,13297,Milan,Murdock,47,
2026,14,North Melbourne,West Coast,13112,Harley,Reid,9,
2026,14,North Melbourne,West Coast,13248,Jobe,Shanahan,35,
2026,14,North Melbourne,West Coast,12671,Brandon,Starcevich,4,
2026,14,North Melbourne,West Coast,12609,Jake,Waterman,2,
2026,14,North Melbourne,West Coast,12837,Bailey,Williams,32,
2026,14,North Melbourne,West Coast,12090,Elliot,Yeo,6,
2026,14,North Melbourne,West Coast,12279,Tylar,Young,20,
2026,14,Port Adelaide,Sydney,12442,Aliir,Aliir,21,
2026,14,Port Adelaide,Sydney,13340,Xavier,Bamert,46,
2026,14,Port Adelaide,Sydney,13188,Joe,Berry,5,
2026,14,Port Adelaide,Sydney,13011,Jase,Burgoyne,7,
2026,14,Port Adelaide,Sydney,12693,Zak,Butters,9,
2026,14,Port Adelaide,Sydney,12429,Darcy,Byrne-Jones,33,
2026,14,Port Adelaide,Sydney,13208,Tom,Cochrane,26,
2026,14,Port Adelaide,Sydney,12694,Willem,Drew,28,
2026,14,Port Adelaide,Sydney,12952,Corey,Durdin,44,
2026,14,Port Adelaide,Sydney,13155,Logan,Evans,22,
2026,14,Port Adelaide,Sydney,12671,Kane,Farrell,6,
2026,14,Port Adelaide,Sydney,12770,Mitch,Georgiades,19,
2026,14,Port Adelaide,Sydney,12955,Jason,Horne-Francis,18,
2026,14,Port Adelaide,Sydney,12883,Lachie,Jones,34,
2026,14,Port Adelaide,Sydney,13200,Ewan,Mackinlay,31,
2026,14,Port Adelaide,Sydney,12578,Todd,Marshall,4,
2026,14,Port Adelaide,Sydney,12485,Jackson,Mead,3,
2026,14,Port Adelaide,Sydney,12389,Harrison,Ramm,32,
2026,14,Port Adelaide,Sydney,12606,Esava,Ratugolea,27,
2026,14,Port Adelaide,Sydney,13141,Joe,Richards,35,
2026,14,Port Adelaide,Sydney,12890,Jordon,Sweet,24,
2026,14,Port Adelaide,Sydney,13261,Jack,Whitlock,17,
2026,14,Port Adelaide,Sydney,12155,Ollie,Wines,16,
2026,14,Port Adelaide,Sydney,12847,Joel,Amartey,36,
2026,14,Port Adelaide,Sydney,13182,Riley,Bice,26,
2026,14,Port Adelaide,Sydney,12699,Nick,Blakey,22,
2026,14,Port Adelaide,Sydney,13157,Caiden,Cleary,33,
2026,14,Port Adelaide,Sydney,12038,Harry,Cunningham,7,
2026,14,Port Adelaide,Sydney,13117,Charlie,Curnow,35,
2026,14,Port Adelaide,Sydney,13321,Will,Edwards,28,
2026,14,Port Adelaide,Sydney,12223,Brodie,Grundy,4,
2026,14,Port Adelaide,Sydney,12370,Joel,Hamling,29,
2026,14,Port Adelaide,Sydney,12331,Isaac,Heeney,5,
2026,14,Port Adelaide,Sydney,12853,James,Jordon,17,
2026,14,Port Adelaide,Sydney,13330,Harry,Kyle,32,
2026,14,Port Adelaide,Sydney,12275,Jake,Lloyd,44,
2026,14,Port Adelaide,Sydney,12864,Logan,McDonald,6,
2026,14,Port Adelaide,Sydney,12745,Hayden,McLean,2,
2026,14,Port Adelaide,Sydney,12418,Callum,Mills,14,
2026,14,Port Adelaide,Sydney,12993,Matt,Roberts,34,
2026,14,Port Adelaide,Sydney,12475,Malcolm,Rosas,10,
2026,14,Port Adelaide,Sydney,12715,James,Rowbottom,8,
2026,14,Port Adelaide,Sydney,12501,Jai,Serong,13,
2026,14,Port Adelaide,Sydney,12951,Angus,Sheldrick,12,
2026,14,Port Adelaide,Sydney,12799,Chad,Warner,1,
2026,14,Port Adelaide,Sydney,12820,Sam,Wicks,15,
2026,14,Richmond,Brisbane Lions,13244,Jasper,Alger,29,
2026,14,Richmond,Brisbane Lions,13076,Kye,Annand,41,
2026,14,Richmond,Brisbane Lions,12686,Noah,Balta,21,
2026,14,Richmond,Brisbane Lions,13081,Sam,Banks,6,
2026,14,Richmond,Brisbane Lions,12464,Nathan,Broad,35,
2026,14,Richmond,Brisbane Lions,13097,Tom,Brown,30,
2026,14,Richmond,Brisbane Lions,13100,Seth,Campbell,44,
2026,14,Richmond,Brisbane Lions,13177,Sam,Cumming,22,
2026,14,Richmond,Brisbane Lions,13077,Liam,Fawcett,43,
2026,14,Richmond,Brisbane Lions,13144,Steely,Green,48,
2026,14,Richmond,Brisbane Lions,13253,Sam,Grlj,24,
2026,14,Richmond,Brisbane Lions,13312,Oliver,Hayes-Brown,47,
2026,14,Richmond,Brisbane Lions,12447,Jacob,Hopper,2,
2026,14,Richmond,Brisbane Lions,13115,Mykelti,Lefau,42,
2026,14,Richmond,Brisbane Lions,12940,Ben,Miller,12,
2026,14,Richmond,Brisbane Lions,11921,Dion,Prestia,3,
2026,14,Richmond,Brisbane Lions,12324,Patrick,Retschko,33,
2026,14,Richmond,Brisbane Lions,12935,Maurice,Rioli,17,
2026,14,Richmond,Brisbane Lions,12425,Jayden,Short,15,
2026,14,Richmond,Brisbane Lions,13015,Tyler,Sonsie,40,
2026,14,Richmond,Brisbane Lions,12512,Tim,Taranto,14,
2026,14,Richmond,Brisbane Lions,13096,James,Trezise,36,
2026,14,Richmond,Brisbane Lions,12180,Nick,Vlastuin,1,
2026,14,Richmond,Brisbane Lions,12347,Harris,Andrews,31,
2026,14,Richmond,Brisbane Lions,12719,Noah,Answerth,43,
2026,14,Richmond,Brisbane Lions,13183,Levi,Ashcroft,10,
2026,14,Richmond,Brisbane Lions,13034,Will,Ashcroft,8,
2026,14,Richmond,Brisbane Lions,12617,Zac,Bailey,33,
2026,14,Richmond,Brisbane Lions,12525,Jarrod,Berry,7,
2026,14,Richmond,Brisbane Lions,13145,Shadeau,Brain,34,
2026,14,Richmond,Brisbane Lions,12284,Charlie,Cameron,23,
2026,14,Richmond,Brisbane Lions,12772,Sam,Draper,2,
2026,14,Richmond,Brisbane Lions,12421,Josh,Dunkley,5,
2026,14,Richmond,Brisbane Lions,13072,Jaspa,Fletcher,3,
2026,14,Richmond,Brisbane Lions,12726,Darcy,Fort,32,
2026,14,Richmond,Brisbane Lions,13234,Ty,Gallop,22,
2026,14,Richmond,Brisbane Lions,12274,Darcy,Gardiner,27,
2026,14,Richmond,Brisbane Lions,12462,Eric,Hipwood,30,
2026,14,Richmond,Brisbane Lions,12969,Kai,Lohmann,1,
2026,14,Richmond,Brisbane Lions,12400,Conor,McKenna,26,
2026,14,Richmond,Brisbane Lions,13138,Logan,Morris,13,
2026,14,Richmond,Brisbane Lions,12061,Lachie,Neale,9,
2026,14,Richmond,Brisbane Lions,12594,Cam,Rayner,16,
2026,14,Richmond,Brisbane Lions,13139,Bruce,Reville,38,
2026,14,Richmond,Brisbane Lions,13003,James,Tunstill,29,
2026,14,Richmond,Brisbane Lions,13027,Darcy,Wilmot,44,
2026,14,St Kilda,Greater Western Sydney,12498,Dan,Butler,16,
2026,14,St Kilda,Greater Western Sydney,12804,Ryan,Byrnes,13,
2026,14,St Kilda,Greater Western Sydney,13041,Anthony,Caminiti,47,
2026,14,St Kilda,Greater Western Sydney,12399,Tom,De Koning,21,
2026,14,St Kilda,Greater Western Sydney,13124,Hugo,Garcia,34,
2026,14,St Kilda,Greater Western Sydney,13191,Max,Hall,40,
2026,14,St Kilda,Greater Western Sydney,13116,Angus,Hastie,24,
2026,14,St Kilda,Greater Western Sydney,12066,Bradley,Hill,8,
2026,14,St Kilda,Greater Western Sydney,13334,Campbell,Lake,39,
2026,14,St Kilda,Greater Western Sydney,12172,Jack,Macrae,6,
2026,14,St Kilda,Greater Western Sydney,12572,Rowan,Marshall,19,
2026,14,St Kilda,Greater Western Sydney,12945,Mitch,Owens,10,
2026,14,St Kilda,Greater Western Sydney,13190,Liam,Ryan,31,
2026,14,St Kilda,Greater Western Sydney,12930,Cooper,Sharman,43,
2026,14,St Kilda,Greater Western Sydney,12294,Jack,Silvagni,3,
2026,14,St Kilda,Greater Western Sydney,12337,Jack,Sinclair,35,
2026,14,St Kilda,Greater Western Sydney,12721,Liam,Stocker,14,
2026,14,St Kilda,Greater Western Sydney,13243,Alix,Tauru,26,
2026,14,St Kilda,Greater Western Sydney,12947,Nasiah,Wanganeen-Milera,7,
2026,14,St Kilda,Greater Western Sydney,12701,Callum,Wilkie,44,
2026,14,St Kilda,Greater Western Sydney,13109,Darcy,Wilson,22,
2026,14,St Kilda,Greater Western Sydney,12968,Marcus,Windhager,2,
2026,14,St Kilda,Greater Western Sydney,12321,Mason,Wood,32,
2026,14,St Kilda,Greater Western Sydney,13018,Leek,Aleer,21,
2026,14,St Kilda,Greater Western Sydney,13002,Ryan,Angwin,9,
2026,14,St Kilda,Greater Western Sydney,12782,Lachie,Ash,7,
2026,14,St Kilda,Greater Western Sydney,12773,Toby,Bedford,14,
2026,14,St Kilda,Greater Western Sydney,12905,Kieren,Briggs,32,
2026,14,St Kilda,Greater Western Sydney,12910,Callum,Brown,46,
2026,14,St Kilda,Greater Western Sydney,13054,Aaron,Cadman,5,
2026,14,St Kilda,Greater Western Sydney,12970,Finn,Callaghan,17,
2026,14,St Kilda,Greater Western Sydney,12663,Brent,Daniels,16,
2026,14,St Kilda,Greater Western Sydney,13165,Joe,Fonti,37,
2026,14,St Kilda,Greater Western Sydney,13282,Phoenix,Gothard,11,
2026,14,St Kilda,Greater Western Sydney,12026,Toby,Greene,4,
2026,14,St Kilda,Greater Western Sydney,12470,Harry,Himmelberg,27,
2026,14,St Kilda,Greater Western Sydney,12326,Jesse,Hogan,23,
2026,14,St Kilda,Greater Western Sydney,12749,Connor,Idun,39,
2026,14,St Kilda,Greater Western Sydney,11998,Jayden,Laverde,25,
2026,14,St Kilda,Greater Western Sydney,13089,Toby,McMullin,31,
2026,14,St Kilda,Greater Western Sydney,12992,Clayton,Oliver,10,
2026,14,St Kilda,Greater Western Sydney,12887,Conor,Stone,18,
2026,14,St Kilda,Greater Western Sydney,12173,Jake,Stringer,20,
2026,14,St Kilda,Greater Western Sydney,12651,Sam,Taylor,15,
2026,14,St Kilda,Greater Western Sydney,13101,Harvey,Thomas,1,
2026,14,St Kilda,Greater Western Sydney,12147,Lachie,Whitfield,6,
2026,15,Fremantle,Geelong,12983,Jye,Amiss,24,
2026,15,Fremantle,Geelong,12538,Shai,Bolton,10,
2026,15,Fremantle,Geelong,12596,Andrew,Brayshaw,8,
2026,15,Fremantle,Geelong,12876,Heath,Chapman,5,
2026,15,Fremantle,Geelong,12688,Jordan,Clark,6,
2026,15,Fremantle,Geelong,12552,Brennan,Cox,36,
2026,15,Fremantle,Geelong,13171,Mason,Cox,18,
2026,15,Fremantle,Geelong,13207,Isaiah,Dudley,43,
2026,15,Fremantle,Geelong,12967,Neil,Erasmus,28,
2026,15,Fremantle,Geelong,12803,Michael,Frederick,32,
2026,15,Fremantle,Geelong,12779,Luke,Jackson,9,
2026,15,Fremantle,Geelong,13049,Matthew,Johnson,44,
2026,15,Fremantle,Geelong,13036,Judd,McVee,17,
2026,15,Fremantle,Geelong,12964,Nathan,ODriscoll,30,
2026,15,Fremantle,Geelong,12361,Alex,Pearce,25,
2026,15,Fremantle,Geelong,13181,Murphy,Reid,16,
2026,15,Fremantle,Geelong,12550,Luke,Ryan,13,
2026,15,Fremantle,Geelong,12786,Caleb,Serong,3,
2026,15,Fremantle,Geelong,12679,Sam,Switkowski,39,
2026,15,Fremantle,Geelong,12888,Josh,Treacy,35,
2026,15,Fremantle,Geelong,13132,Patrick,Voss,20,
2026,15,Fremantle,Geelong,13080,Karl,Worner,23,
2026,15,Fremantle,Geelong,12777,Hayden,Young,26,
2026,15,Fremantle,Geelong,12687,Tom,Atkins,30,
2026,15,Fremantle,Geelong,12160,Mark,Blicavs,46,
2026,15,Fremantle,Geelong,12507,Jack,Bowes,12,
2026,15,Fremantle,Geelong,12874,Tanner,Bruhn,4,
2026,15,Fremantle,Geelong,12022,Jeremy,Cameron,5,
2026,15,Fremantle,Geelong,11706,Patrick,Dangerfield,35,
2026,15,Fremantle,Geelong,12892,Sam,De Koning,16,
2026,15,Fremantle,Geelong,12976,Oliver,Dempsey,28,
2026,15,Fremantle,Geelong,13288,Mitchell,Edwards,11,
2026,15,Fremantle,Geelong,12559,Zach,Guthrie,39,
2026,15,Fremantle,Geelong,12614,Jack,Henry,38,
2026,15,Fremantle,Geelong,12850,Oliver,Henry,36,
2026,15,Fremantle,Geelong,12882,Max,Holmes,9,
2026,15,Fremantle,Geelong,13162,Lawson,Humphries,17,
2026,15,Fremantle,Geelong,12373,Jake,Kolodjashnij,8,
2026,15,Fremantle,Geelong,13107,Shaun,Mannagh,7,
2026,15,Fremantle,Geelong,12243,Jack,Martin,19,
2026,15,Fremantle,Geelong,13067,Oisin,Mullin,34,
2026,15,Fremantle,Geelong,12995,Shannon,Neale,33,
2026,15,Fremantle,Geelong,12540,Mark,OConnor,42,
2026,15,Fremantle,Geelong,13125,Connor,OSullivan,14,
2026,15,Fremantle,Geelong,13252,George,Stevens,15,
2026,15,Fremantle,Geelong,13219,Oliver,Wiltshire,21,
2026,15,Gold Coast,Hawthorn,13251,Oscar,Adams,48,
2026,15,Gold Coast,Hawthorn,13344,Beau,Addinsall,38,
2026,15,Gold Coast,Hawthorn,12767,Noah,Anderson,15,
2026,15,Gold Coast,Hawthorn,13019,Mac,Andrew,1,
2026,15,Gold Coast,Hawthorn,13119,Sam,Clohesy,33,
2026,15,Gold Coast,Hawthorn,12453,Sam,Collins,25,
2026,15,Gold Coast,Hawthorn,12314,Nick,Holman,7,
2026,15,Gold Coast,Hawthorn,13050,Bailey,Humphrey,19,
2026,15,Gold Coast,Hawthorn,12936,Joel,Jeffrey,16,
2026,15,Gold Coast,Hawthorn,12728,Ben,King,34,
2026,15,Gold Coast,Hawthorn,12489,Leo,Lombard,8,
2026,15,Gold Coast,Hawthorn,12529,Ben,Long,22,
2026,15,Gold Coast,Hawthorn,12329,Touk,Miller,11,
2026,15,Gold Coast,Hawthorn,12242,Ned,Moyle,23,
2026,15,Gold Coast,Hawthorn,12768,Jai,Murray,35,
2026,15,Gold Coast,Hawthorn,12743,John,Noble,2,
2026,15,Gold Coast,Hawthorn,12825,Christian,Petracca,3,
2026,15,Gold Coast,Hawthorn,12409,Daniel,Rioli,17,
2026,15,Gold Coast,Hawthorn,12769,Matt,Rowell,18,
2026,15,Gold Coast,Hawthorn,12086,Bodhi,Uwland,6,
2026,15,Gold Coast,Hawthorn,13037,Zeke,Uwland,32,
2026,15,Gold Coast,Hawthorn,13114,Jed,Walter,4,
2026,15,Gold Coast,Hawthorn,12184,Jarrod,Witts,28,
2026,15,Gold Coast,Hawthorn,12365,Karl,Amon,10,
2026,15,Gold Coast,Hawthorn,12391,Tom,Barrass,37,
2026,15,Gold Coast,Hawthorn,12565,Josh,Battle,24,
2026,15,Gold Coast,Hawthorn,12491,Mabior,Chol,18,
2026,15,Gold Coast,Hawthorn,12999,Massimo,DAmbrosio,16,
2026,15,Gold Coast,Hawthorn,12794,Will,Day,12,
2026,15,Gold Coast,Hawthorn,12928,Jack,Ginnivan,33,
2026,15,Gold Coast,Hawthorn,12477,Blake,Hardwick,15,
2026,15,Gold Coast,Hawthorn,12245,Jarman,Impey,4,
2026,15,Gold Coast,Hawthorn,12643,Mitch,Lewis,2,
2026,15,Gold Coast,Hawthorn,13069,Bailey,Macdonald,42,
2026,15,Gold Coast,Hawthorn,12753,Connor,Macdonald,9,
2026,15,Gold Coast,Hawthorn,13039,Cam,Mackenzie,28,
2026,15,Gold Coast,Hawthorn,12854,Lloyd,Meek,17,
2026,15,Gold Coast,Hawthorn,12124,Dylan,Moore,8,
2026,15,Gold Coast,Hawthorn,12585,Harry,Morrison,1,
2026,15,Gold Coast,Hawthorn,11960,Cameron,Nairn,22,
2026,15,Gold Coast,Hawthorn,12913,Jai,Newcombe,3,
2026,15,Gold Coast,Hawthorn,12907,Ned,Reeves,7,
2026,15,Gold Coast,Hawthorn,12342,James,Sicily,6,
2026,15,Gold Coast,Hawthorn,12954,Josh,Ward,25,
2026,15,Gold Coast,Hawthorn,12626,Nick,Watson,5,
2026,15,Gold Coast,Hawthorn,13059,Josh,Weddle,23,
2026,15,Adelaide,Melbourne,12855,Sam,Berry,3,
2026,15,Adelaide,Melbourne,13088,James,Borlase,35,
2026,15,Adelaide,Melbourne,12936,Brayden,Cook,15,
2026,15,Adelaide,Melbourne,13133,Daniel,Curtin,6,
2026,15,Adelaide,Melbourne,12519,Jordan,Dawson,12,
2026,15,Adelaide,Melbourne,12591,Darcy,Fogarty,32,
2026,15,Adelaide,Melbourne,13166,Hugo,Hall-Kahan,40,
2026,15,Adelaide,Melbourne,12813,Mark,Keane,48,
2026,15,Adelaide,Melbourne,12441,Ben,Keays,2,
2026,15,Adelaide,Melbourne,12171,Rory,Laird,29,
2026,15,Adelaide,Melbourne,13068,Lachlan,McAndrew,42,
2026,15,Adelaide,Melbourne,13038,Max,Michalanney,16,
2026,15,Adelaide,Melbourne,12416,Wayne,Milera,30,
2026,15,Adelaide,Melbourne,12875,Nick,Murray,9,
2026,15,Adelaide,Melbourne,13084,Luke,Nankervis,27,
2026,15,Adelaide,Melbourne,12375,Alex,Neal-Bullen,28,
2026,15,Adelaide,Melbourne,12934,James,Peatling,25,
2026,15,Adelaide,Melbourne,12957,Josh,Rachele,8,
2026,15,Adelaide,Melbourne,12797,Izak,Rankine,23,
2026,15,Adelaide,Melbourne,12956,Jake,Soligo,14,
2026,15,Adelaide,Melbourne,13161,Zac,Taylor,19,
2026,15,Adelaide,Melbourne,12893,Riley,Thilthorpe,7,
2026,15,Adelaide,Melbourne,11724,Taylor,Walker,13,
2026,15,Adelaide,Melbourne,12933,Jake,Bowey,17,
2026,15,Adelaide,Melbourne,12756,Kade,Chandler,37,
2026,15,Adelaide,Melbourne,13303,Paddy,Cross,41,
2026,15,Adelaide,Melbourne,13338,Joel,Fitzgerald,47,
2026,15,Adelaide,Melbourne,12603,Bayley,Fritsch,31,
2026,15,Adelaide,Melbourne,11972,Max,Gawn,11,
2026,15,Adelaide,Melbourne,13098,Blake,Howes,22,
2026,15,Adelaide,Melbourne,13194,Matthew,Jefferson,21,
2026,15,Adelaide,Melbourne,13333,Luker,Kentfield,44,
2026,15,Adelaide,Melbourne,12401,Ed,Langdon,15,
2026,15,Adelaide,Melbourne,13036,Harvey,Langford,4,
2026,15,Adelaide,Melbourne,12359,Jake,Lever,8,
2026,15,Adelaide,Melbourne,12015,Tom,McDonald,25,
2026,15,Adelaide,Melbourne,11828,Jake,Melksham,18,
2026,15,Adelaide,Melbourne,12774,Kysaiah,Pickett,36,
2026,15,Adelaide,Melbourne,12778,Trent,Rivers,24,
2026,15,Adelaide,Melbourne,12862,Harry,Sharp,30,
2026,15,Adelaide,Melbourne,12692,Tom,Sparrow,32,
2026,15,Adelaide,Melbourne,12628,Jack,Steele,9,
2026,15,Adelaide,Melbourne,13123,Koltyn,Tholstrup,12,
2026,15,Adelaide,Melbourne,12998,Daniel,Turner,10,
2026,15,Adelaide,Melbourne,13048,Jacob,van Rooyen,2,
2026,15,Adelaide,Melbourne,13099,Caleb,Windsor,6,
2026,15,Greater Western Sydney,Carlton,13018,Leek,Aleer,21,
2026,15,Greater Western Sydney,Carlton,13002,Ryan,Angwin,9,
2026,15,Greater Western Sydney,Carlton,12782,Lachie,Ash,7,
2026,15,Greater Western Sydney,Carlton,12773,Toby,Bedford,14,
2026,15,Greater Western Sydney,Carlton,12905,Kieren,Briggs,32,
2026,15,Greater Western Sydney,Carlton,12910,Callum,Brown,46,
2026,15,Greater Western Sydney,Carlton,13054,Aaron,Cadman,5,
2026,15,Greater Western Sydney,Carlton,12970,Finn,Callaghan,17,
2026,15,Greater Western Sydney,Carlton,12023,Stephen,Coniglio,3,
2026,15,Greater Western Sydney,Carlton,12663,Brent,Daniels,16,
2026,15,Greater Western Sydney,Carlton,13165,Joe,Fonti,37,
2026,15,Greater Western Sydney,Carlton,13282,Phoenix,Gothard,11,
2026,15,Greater Western Sydney,Carlton,12026,Toby,Greene,4,
2026,15,Greater Western Sydney,Carlton,12470,Harry,Himmelberg,27,
2026,15,Greater Western Sydney,Carlton,12326,Jesse,Hogan,23,
2026,15,Greater Western Sydney,Carlton,12749,Connor,Idun,39,
2026,15,Greater Western Sydney,Carlton,11998,Jayden,Laverde,25,
2026,15,Greater Western Sydney,Carlton,12992,Clayton,Oliver,10,
2026,15,Greater Western Sydney,Carlton,12887,Conor,Stone,18,
2026,15,Greater Western Sydney,Carlton,12173,Jake,Stringer,20,
2026,15,Greater Western Sydney,Carlton,12651,Sam,Taylor,15,
2026,15,Greater Western Sydney,Carlton,13101,Harvey,Thomas,1,
2026,15,Greater Western Sydney,Carlton,12147,Lachie,Whitfield,6,
2026,15,Greater Western Sydney,Carlton,12282,Blake,Acres,13,
2026,15,Greater Western Sydney,Carlton,12681,Ben,Ainsworth,12,
2026,15,Greater Western Sydney,Carlton,13057,Talor,Byrne,39,
2026,15,Greater Western Sydney,Carlton,12610,Adam,Cerra,5,
2026,15,Greater Western Sydney,Carlton,12823,Matthew,Cottrell,46,
2026,15,Greater Western Sydney,Carlton,13028,Lachlan,Cowan,2,
2026,15,Greater Western Sydney,Carlton,12269,Patrick,Cripps,9,
2026,15,Greater Western Sydney,Carlton,13245,Harry,Dean,35,
2026,15,Greater Western Sydney,Carlton,13306,Wade,Derksen,47,
2026,15,Greater Western Sydney,Carlton,12873,Francis,Evans,44,
2026,15,Greater Western Sydney,Carlton,12308,Oliver,Florent,14,
2026,15,Greater Western Sydney,Carlton,12096,Nick,Haynes,26,
2026,15,Greater Western Sydney,Carlton,12937,Will,Hayward,19,
2026,15,Greater Western Sydney,Carlton,12417,George,Hewett,29,
2026,15,Greater Western Sydney,Carlton,12428,Jack,Ison,30,
2026,15,Greater Western Sydney,Carlton,12938,Brodie,Kemp,17,
2026,15,Greater Western Sydney,Carlton,12415,Mitch,McGovern,11,
2026,15,Greater Western Sydney,Carlton,12575,Harry,McKay,10,
2026,15,Greater Western Sydney,Carlton,12511,Nic,Newman,24,
2026,15,Greater Western Sydney,Carlton,12424,Marc,Pittonet,27,
2026,15,Greater Western Sydney,Carlton,13277,Jagga,Smith,7,
2026,15,Greater Western Sydney,Carlton,12685,Sam,Walsh,18,
2026,15,Greater Western Sydney,Carlton,12175,Billy,Wilson,15,
2026,15,Collingwood,Port Adelaide,13147,Edward,Allan,16,
2026,15,Collingwood,Port Adelaide,13074,Jack,Buller,34,
2026,15,Collingwood,Port Adelaide,12666,Darcy,Cameron,14,
2026,15,Collingwood,Port Adelaide,12067,Jack,Crisp,25,
2026,15,Collingwood,Port Adelaide,12582,Josh,Daicos,7,
2026,15,Collingwood,Port Adelaide,12948,Nick,Daicos,35,
2026,15,Collingwood,Port Adelaide,12333,Jordan,de Goey,2,
2026,15,Collingwood,Port Adelaide,12682,Billy,Frampton,17,
2026,15,Collingwood,Port Adelaide,13071,Harvey,Harrison,36,
2026,15,Collingwood,Port Adelaide,12503,Dan,Houston,9,
2026,15,Collingwood,Port Adelaide,11973,Jeremy,Howe,38,
2026,15,Collingwood,Port Adelaide,12586,Patrick,Lipinski,1,
2026,15,Collingwood,Port Adelaide,13025,Ned,Long,44,
2026,15,Collingwood,Port Adelaide,12877,Beau,McCreery,31,
2026,15,Collingwood,Port Adelaide,12297,Daniel,McStay,11,
2026,15,Collingwood,Port Adelaide,12307,Tim,Membrey,28,
2026,15,Collingwood,Port Adelaide,12541,Harry,Perryman,12,
2026,15,Collingwood,Port Adelaide,12435,Mitch,Podhajski,46,
2026,15,Collingwood,Port Adelaide,12740,Isaac,Quaynor,3,
2026,15,Collingwood,Port Adelaide,12704,Lachie,Schultz,8,
2026,15,Collingwood,Port Adelaide,11759,Steele,Sidebottom,22,
2026,15,Collingwood,Port Adelaide,13249,Roan,Steele,45,
2026,15,Collingwood,Port Adelaide,12029,Sam,Swadling,32,
2026,15,Collingwood,Port Adelaide,12442,Aliir,Aliir,21,
2026,15,Collingwood,Port Adelaide,13340,Xavier,Bamert,46,
2026,15,Collingwood,Port Adelaide,13188,Joe,Berry,5,
2026,15,Collingwood,Port Adelaide,13011,Jase,Burgoyne,7,
2026,15,Collingwood,Port Adelaide,12693,Zak,Butters,9,
2026,15,Collingwood,Port Adelaide,12429,Darcy,Byrne-Jones,33,
2026,15,Collingwood,Port Adelaide,13208,Tom,Cochrane,26,
2026,15,Collingwood,Port Adelaide,12694,Willem,Drew,28,
2026,15,Collingwood,Port Adelaide,12952,Corey,Durdin,44,
2026,15,Collingwood,Port Adelaide,13155,Logan,Evans,22,
2026,15,Collingwood,Port Adelaide,12770,Mitch,Georgiades,19,
2026,15,Collingwood,Port Adelaide,12955,Jason,Horne-Francis,18,
2026,15,Collingwood,Port Adelaide,12883,Lachie,Jones,34,
2026,15,Collingwood,Port Adelaide,13304,Josh,Lai,43,
2026,15,Collingwood,Port Adelaide,12703,Jack,Lukosius,12,
2026,15,Collingwood,Port Adelaide,13200,Ewan,Mackinlay,31,
2026,15,Collingwood,Port Adelaide,12578,Todd,Marshall,4,
2026,15,Collingwood,Port Adelaide,12485,Jackson,Mead,3,
2026,15,Collingwood,Port Adelaide,12389,Harrison,Ramm,32,
2026,15,Collingwood,Port Adelaide,12606,Esava,Ratugolea,27,
2026,15,Collingwood,Port Adelaide,13141,Joe,Richards,35,
2026,15,Collingwood,Port Adelaide,12890,Jordon,Sweet,24,
2026,15,Collingwood,Port Adelaide,13261,Jack,Whitlock,17,
2026,15,Richmond,North Melbourne,13244,Jasper,Alger,29,
2026,15,Richmond,North Melbourne,13076,Kye,Annand,41,
2026,15,Richmond,North Melbourne,12686,Noah,Balta,21,
2026,15,Richmond,North Melbourne,13081,Sam,Banks,6,
2026,15,Richmond,North Melbourne,12464,Nathan,Broad,35,
2026,15,Richmond,North Melbourne,13097,Tom,Brown,30,
2026,15,Richmond,North Melbourne,13100,Seth,Campbell,44,
2026,15,Richmond,North Melbourne,13177,Sam,Cumming,22,
2026,15,Richmond,North Melbourne,13077,Liam,Fawcett,43,
2026,15,Richmond,North Melbourne,13144,Steely,Green,48,
2026,15,Richmond,North Melbourne,13253,Sam,Grlj,24,
2026,15,Richmond,North Melbourne,13256,Taj,Hotton,10,
2026,15,Richmond,North Melbourne,13115,Mykelti,Lefau,42,
2026,15,Richmond,North Melbourne,12940,Ben,Miller,12,
2026,15,Richmond,North Melbourne,12379,Toby,Nankervis,25,
2026,15,Richmond,North Melbourne,11921,Dion,Prestia,3,
2026,15,Richmond,North Melbourne,12324,Patrick,Retschko,33,
2026,15,Richmond,North Melbourne,12935,Maurice,Rioli,17,
2026,15,Richmond,North Melbourne,12425,Jayden,Short,15,
2026,15,Richmond,North Melbourne,13015,Tyler,Sonsie,40,
2026,15,Richmond,North Melbourne,12512,Tim,Taranto,14,
2026,15,Richmond,North Melbourne,13096,James,Trezise,36,
2026,15,Richmond,North Melbourne,12180,Nick,Vlastuin,1,
2026,15,Richmond,North Melbourne,13220,Tom,Blamires,39,
2026,15,Richmond,North Melbourne,12939,Charlie,Comben,30,
2026,15,Richmond,North Melbourne,12185,Aidan,Corr,4,
2026,15,Richmond,North Melbourne,12382,Caleb,Daniel,5,
2026,15,Richmond,North Melbourne,11908,Jack,Darling,27,
2026,15,Richmond,North Melbourne,12599,Luke,Davies-Uniacke,9,
2026,15,Richmond,North Melbourne,13104,Zane,Duursma,7,
2026,15,Richmond,North Melbourne,13339,Taylor,Goad,22,
2026,15,Richmond,North Melbourne,13079,Cooper,Harvey,37,
2026,15,Richmond,North Melbourne,13186,Jacob,Konstanty,41,
2026,15,Richmond,North Melbourne,12569,Nick,Larkey,20,
2026,15,Richmond,North Melbourne,12246,Luke,McDonald,11,
2026,15,Richmond,North Melbourne,13105,Colby,McKercher,10,
2026,15,Richmond,North Melbourne,13187,Finn,OSullivan,2,
2026,15,Richmond,North Melbourne,11958,Luke,Parker,26,
2026,15,Richmond,North Melbourne,13030,Harry,Sheezel,3,
2026,15,Richmond,North Melbourne,12511,Jy,Simpkin,12,
2026,15,Richmond,North Melbourne,12434,Charlie,Spargo,13,
2026,15,Richmond,North Melbourne,12798,Dylan,Stephens,15,
2026,15,Richmond,North Melbourne,13263,Cooper,Trembath,47,
2026,15,Richmond,North Melbourne,13065,George,Wardlaw,6,
2026,15,Richmond,North Melbourne,12789,Tristan,Xerri,38,
2026,15,Richmond,North Melbourne,12566,Cameron,Zurhaar,44,
2026,15,St Kilda,Western Bulldogs,12498,Dan,Butler,16,
2026,15,St Kilda,Western Bulldogs,12804,Ryan,Byrnes,13,
2026,15,St Kilda,Western Bulldogs,13041,Anthony,Caminiti,47,
2026,15,St Kilda,Western Bulldogs,12399,Tom,De Koning,21,
2026,15,St Kilda,Western Bulldogs,13124,Hugo,Garcia,34,
2026,15,St Kilda,Western Bulldogs,13191,Max,Hall,40,
2026,15,St Kilda,Western Bulldogs,13116,Angus,Hastie,24,
2026,15,St Kilda,Western Bulldogs,12616,Jack,Higgins,1,
2026,15,St Kilda,Western Bulldogs,12066,Bradley,Hill,8,
2026,15,St Kilda,Western Bulldogs,13334,Campbell,Lake,39,
2026,15,St Kilda,Western Bulldogs,12172,Jack,Macrae,6,
2026,15,St Kilda,Western Bulldogs,12572,Rowan,Marshall,19,
2026,15,St Kilda,Western Bulldogs,12945,Mitch,Owens,10,
2026,15,St Kilda,Western Bulldogs,13190,Liam,Ryan,31,
2026,15,St Kilda,Western Bulldogs,12930,Cooper,Sharman,43,
2026,15,St Kilda,Western Bulldogs,12294,Jack,Silvagni,3,
2026,15,St Kilda,Western Bulldogs,12337,Jack,Sinclair,35,
2026,15,St Kilda,Western Bulldogs,12721,Liam,Stocker,14,
2026,15,St Kilda,Western Bulldogs,12947,Nasiah,Wanganeen-Milera,7,
2026,15,St Kilda,Western Bulldogs,12701,Callum,Wilkie,44,
2026,15,St Kilda,Western Bulldogs,13109,Darcy,Wilson,22,
2026,15,St Kilda,Western Bulldogs,12968,Marcus,Windhager,2,
2026,15,St Kilda,Western Bulldogs,12321,Mason,Wood,32,
2026,15,St Kilda,Western Bulldogs,12277,Marcus,Bontempelli,4,
2026,15,St Kilda,Western Bulldogs,12917,Lachlan,Bramble,29,
2026,15,St Kilda,Western Bulldogs,11874,Connor,Budarick,19,
2026,15,St Kilda,Western Bulldogs,12615,Nick,Coffield,17,
2026,15,St Kilda,Western Bulldogs,13269,Jordan,Croft,16,
2026,15,St Kilda,Western Bulldogs,12362,Bailey,Dale,31,
2026,15,St Kilda,Western Bulldogs,12548,Tim,English,44,
2026,15,St Kilda,Western Bulldogs,13140,Joel,Freijah,27,
2026,15,St Kilda,Western Bulldogs,13215,Cooper,Hynes,6,
2026,15,St Kilda,Western Bulldogs,13047,Arthur,Jones,32,
2026,15,St Kilda,Western Bulldogs,13336,Luke,Kennedy,35,
2026,15,St Kilda,Western Bulldogs,12463,Matthew,Kennedy,8,
2026,15,St Kilda,Western Bulldogs,12901,Buku,Khamis,24,
2026,15,St Kilda,Western Bulldogs,13287,Will,Lewis,28,
2026,15,St Kilda,Western Bulldogs,11904,Tom,Liberatore,21,
2026,15,St Kilda,Western Bulldogs,12289,Rory,Lobb,7,
2026,15,St Kilda,Western Bulldogs,12851,Lachlan,McNeil,30,
2026,15,St Kilda,Western Bulldogs,12602,Aaron,Naughton,33,
2026,15,St Kilda,Western Bulldogs,13063,James,ODonnell,18,
2026,15,St Kilda,Western Bulldogs,12612,Ed,Richards,20,
2026,15,St Kilda,Western Bulldogs,13111,Ryley,Sanders,9,
2026,15,St Kilda,Western Bulldogs,13279,Michael,Sellwood,37,
2026,15,St Kilda,Western Bulldogs,12748,Rhylee,West,14,
2026,16,Brisbane Lions,Sydney,12347,Harris,Andrews,31,
2026,16,Brisbane Lions,Sydney,12719,Noah,Answerth,43,
2026,16,Brisbane Lions,Sydney,13183,Levi,Ashcroft,10,
2026,16,Brisbane Lions,Sydney,13034,Will,Ashcroft,8,
2026,16,Brisbane Lions,Sydney,12617,Zac,Bailey,33,
2026,16,Brisbane Lions,Sydney,12525,Jarrod,Berry,7,
2026,16,Brisbane Lions,Sydney,12284,Charlie,Cameron,23,
2026,16,Brisbane Lions,Sydney,12772,Sam,Draper,2,
2026,16,Brisbane Lions,Sydney,12421,Josh,Dunkley,5,
2026,16,Brisbane Lions,Sydney,13072,Jaspa,Fletcher,3,
2026,16,Brisbane Lions,Sydney,12726,Darcy,Fort,32,
2026,16,Brisbane Lions,Sydney,13234,Ty,Gallop,22,
2026,16,Brisbane Lions,Sydney,12274,Darcy,Gardiner,27,
2026,16,Brisbane Lions,Sydney,12462,Eric,Hipwood,30,
2026,16,Brisbane Lions,Sydney,11901,Ryan,Lester,35,
2026,16,Brisbane Lions,Sydney,12969,Kai,Lohmann,1,
2026,16,Brisbane Lions,Sydney,12400,Conor,McKenna,26,
2026,16,Brisbane Lions,Sydney,13138,Logan,Morris,13,
2026,16,Brisbane Lions,Sydney,12061,Lachie,Neale,9,
2026,16,Brisbane Lions,Sydney,12594,Cam,Rayner,16,
2026,16,Brisbane Lions,Sydney,13139,Bruce,Reville,38,
2026,16,Brisbane Lions,Sydney,13003,James,Tunstill,29,
2026,16,Brisbane Lions,Sydney,13027,Darcy,Wilmot,44,
2026,16,Brisbane Lions,Sydney,12847,Joel,Amartey,36,
2026,16,Brisbane Lions,Sydney,13182,Riley,Bice,26,
2026,16,Brisbane Lions,Sydney,12699,Nick,Blakey,22,
2026,16,Brisbane Lions,Sydney,13157,Caiden,Cleary,33,
2026,16,Brisbane Lions,Sydney,12038,Harry,Cunningham,7,
2026,16,Brisbane Lions,Sydney,13117,Charlie,Curnow,35,
2026,16,Brisbane Lions,Sydney,13321,Will,Edwards,28,
2026,16,Brisbane Lions,Sydney,12223,Brodie,Grundy,4,
2026,16,Brisbane Lions,Sydney,12864,Errol,Gulden,21,
2026,16,Brisbane Lions,Sydney,12370,Joel,Hamling,29,
2026,16,Brisbane Lions,Sydney,12331,Isaac,Heeney,5,
2026,16,Brisbane Lions,Sydney,12853,James,Jordon,17,
2026,16,Brisbane Lions,Sydney,12729,Peter,Ladhams,19,
2026,16,Brisbane Lions,Sydney,12275,Jake,Lloyd,44,
2026,16,Brisbane Lions,Sydney,12634,Tom,McCartin,30,
2026,16,Brisbane Lions,Sydney,12864,Logan,McDonald,6,
2026,16,Brisbane Lions,Sydney,12418,Callum,Mills,14,
2026,16,Brisbane Lions,Sydney,12475,Malcolm,Rosas,10,
2026,16,Brisbane Lions,Sydney,12715,James,Rowbottom,8,
2026,16,Brisbane Lions,Sydney,12501,Jai,Serong,13,
2026,16,Brisbane Lions,Sydney,12951,Angus,Sheldrick,12,
2026,16,Brisbane Lions,Sydney,12799,Chad,Warner,1,
2026,16,Brisbane Lions,Sydney,12820,Sam,Wicks,15,
2026,16,Hawthorn,Greater Western Sydney,12365,Karl,Amon,10,
2026,16,Hawthorn,Greater Western Sydney,12391,Tom,Barrass,37,
2026,16,Hawthorn,Greater Western Sydney,12565,Josh,Battle,24,
2026,16,Hawthorn,Greater Western Sydney,12491,Mabior,Chol,18,
2026,16,Hawthorn,Greater Western Sydney,13103,Jack,Dalton,34,
2026,16,Hawthorn,Greater Western Sydney,12999,Massimo,DAmbrosio,16,
2026,16,Hawthorn,Greater Western Sydney,12794,Will,Day,12,
2026,16,Hawthorn,Greater Western Sydney,12710,Calsher,Dear,13,
2026,16,Hawthorn,Greater Western Sydney,12928,Jack,Ginnivan,33,
2026,16,Hawthorn,Greater Western Sydney,12477,Blake,Hardwick,15,
2026,16,Hawthorn,Greater Western Sydney,12643,Mitch,Lewis,2,
2026,16,Hawthorn,Greater Western Sydney,13069,Bailey,Macdonald,42,
2026,16,Hawthorn,Greater Western Sydney,12753,Connor,Macdonald,9,
2026,16,Hawthorn,Greater Western Sydney,13039,Cam,Mackenzie,28,
2026,16,Hawthorn,Greater Western Sydney,12854,Lloyd,Meek,17,
2026,16,Hawthorn,Greater Western Sydney,12124,Dylan,Moore,8,
2026,16,Hawthorn,Greater Western Sydney,12585,Harry,Morrison,1,
2026,16,Hawthorn,Greater Western Sydney,12913,Jai,Newcombe,3,
2026,16,Hawthorn,Greater Western Sydney,12844,Flynn,Perez,39,
2026,16,Hawthorn,Greater Western Sydney,12907,Ned,Reeves,7,
2026,16,Hawthorn,Greater Western Sydney,12342,James,Sicily,6,
2026,16,Hawthorn,Greater Western Sydney,12954,Josh,Ward,25,
2026,16,Hawthorn,Greater Western Sydney,12626,Nick,Watson,5,
2026,16,Hawthorn,Greater Western Sydney,13018,Leek,Aleer,21,
2026,16,Hawthorn,Greater Western Sydney,13002,Ryan,Angwin,9,
2026,16,Hawthorn,Greater Western Sydney,12782,Lachie,Ash,7,
2026,16,Hawthorn,Greater Western Sydney,12773,Toby,Bedford,14,
2026,16,Hawthorn,Greater Western Sydney,12905,Kieren,Briggs,32,
2026,16,Hawthorn,Greater Western Sydney,12910,Callum,Brown,46,
2026,16,Hawthorn,Greater Western Sydney,13054,Aaron,Cadman,5,
2026,16,Hawthorn,Greater Western Sydney,12970,Finn,Callaghan,17,
2026,16,Hawthorn,Greater Western Sydney,12023,Stephen,Coniglio,3,
2026,16,Hawthorn,Greater Western Sydney,12663,Brent,Daniels,16,
2026,16,Hawthorn,Greater Western Sydney,13165,Joe,Fonti,37,
2026,16,Hawthorn,Greater Western Sydney,13282,Phoenix,Gothard,11,
2026,16,Hawthorn,Greater Western Sydney,12026,Toby,Greene,4,
2026,16,Hawthorn,Greater Western Sydney,13156,Max,Gruzewski,35,
2026,16,Hawthorn,Greater Western Sydney,12470,Harry,Himmelberg,27,
2026,16,Hawthorn,Greater Western Sydney,12749,Connor,Idun,39,
2026,16,Hawthorn,Greater Western Sydney,12992,Clayton,Oliver,10,
2026,16,Hawthorn,Greater Western Sydney,13328,Harrison,Oliver,19,
2026,16,Hawthorn,Greater Western Sydney,12887,Conor,Stone,18,
2026,16,Hawthorn,Greater Western Sydney,12173,Jake,Stringer,20,
2026,16,Hawthorn,Greater Western Sydney,12651,Sam,Taylor,15,
2026,16,Hawthorn,Greater Western Sydney,13101,Harvey,Thomas,1,
2026,16,Hawthorn,Greater Western Sydney,12147,Lachie,Whitfield,6,
2026,16,Carlton,West Coast,12282,Blake,Acres,13,
2026,16,Carlton,West Coast,12681,Ben,Ainsworth,12,
2026,16,Carlton,West Coast,13057,Talor,Byrne,39,
2026,16,Carlton,West Coast,12610,Adam,Cerra,5,
2026,16,Carlton,West Coast,12823,Matthew,Cottrell,46,
2026,16,Carlton,West Coast,13028,Lachlan,Cowan,2,
2026,16,Carlton,West Coast,12269,Patrick,Cripps,9,
2026,16,Carlton,West Coast,13245,Harry,Dean,35,
2026,16,Carlton,West Coast,13306,Wade,Derksen,47,
2026,16,Carlton,West Coast,12873,Francis,Evans,44,
2026,16,Carlton,West Coast,12308,Oliver,Florent,14,
2026,16,Carlton,West Coast,12096,Nick,Haynes,26,
2026,16,Carlton,West Coast,12937,Will,Hayward,19,
2026,16,Carlton,West Coast,12417,George,Hewett,29,
2026,16,Carlton,West Coast,12428,Jack,Ison,30,
2026,16,Carlton,West Coast,12938,Brodie,Kemp,17,
2026,16,Carlton,West Coast,12415,Mitch,McGovern,11,
2026,16,Carlton,West Coast,12575,Harry,McKay,10,
2026,16,Carlton,West Coast,12511,Nic,Newman,24,
2026,16,Carlton,West Coast,12424,Marc,Pittonet,27,
2026,16,Carlton,West Coast,13277,Jagga,Smith,7,
2026,16,Carlton,West Coast,12685,Sam,Walsh,18,
2026,16,Carlton,West Coast,12175,Billy,Wilson,15,
2026,16,Carlton,West Coast,13222,Bo,Allan,26,
2026,16,Carlton,West Coast,12668,Liam,Baker,3,
2026,16,Carlton,West Coast,13001,Rhett,Bazzo,33,
2026,16,Carlton,West Coast,12454,Tom,Cole,28,
2026,16,Carlton,West Coast,13211,Hamish,Davis,38,
2026,16,Carlton,West Coast,12630,Cooper,Duff-Tytler,21,
2026,16,Carlton,West Coast,12340,Liam,Duggan,14,
2026,16,Carlton,West Coast,12607,Willem,Duursma,1,
2026,16,Carlton,West Coast,12584,Jack,Graham,17,
2026,16,Carlton,West Coast,13342,Marcus,Herbert,51,
2026,16,Carlton,West Coast,13045,Elijah,Hewett,8,
2026,16,Carlton,West Coast,12958,Brady,Hough,19,
2026,16,Carlton,West Coast,13152,Jack,Hutchinson,44,
2026,16,Carlton,West Coast,13071,Ryan,Maric,23,
2026,16,Carlton,West Coast,13033,Tom,McCarthy,18,
2026,16,Carlton,West Coast,13297,Milan,Murdock,47,
2026,16,Carlton,West Coast,13112,Harley,Reid,9,
2026,16,Carlton,West Coast,13248,Jobe,Shanahan,35,
2026,16,Carlton,West Coast,12671,Brandon,Starcevich,4,
2026,16,Carlton,West Coast,12609,Jake,Waterman,2,
2026,16,Carlton,West Coast,12837,Bailey,Williams,32,
2026,16,Carlton,West Coast,12090,Elliot,Yeo,6,
2026,16,Carlton,West Coast,12279,Tylar,Young,20,
2026,16,Collingwood,Richmond,13147,Edward,Allan,16,
2026,16,Collingwood,Richmond,13074,Jack,Buller,34,
2026,16,Collingwood,Richmond,12666,Darcy,Cameron,14,
2026,16,Collingwood,Richmond,12067,Jack,Crisp,25,
2026,16,Collingwood,Richmond,12582,Josh,Daicos,7,
2026,16,Collingwood,Richmond,12948,Nick,Daicos,35,
2026,16,Collingwood,Richmond,12333,Jordan,de Goey,2,
2026,16,Collingwood,Richmond,12682,Billy,Frampton,17,
2026,16,Collingwood,Richmond,13071,Harvey,Harrison,36,
2026,16,Collingwood,Richmond,12503,Dan,Houston,9,
2026,16,Collingwood,Richmond,11973,Jeremy,Howe,38,
2026,16,Collingwood,Richmond,12586,Patrick,Lipinski,1,
2026,16,Collingwood,Richmond,13025,Ned,Long,44,
2026,16,Collingwood,Richmond,12877,Beau,McCreery,31,
2026,16,Collingwood,Richmond,12297,Daniel,McStay,11,
2026,16,Collingwood,Richmond,12307,Tim,Membrey,28,
2026,16,Collingwood,Richmond,11506,Scott,Pendlebury,10,
2026,16,Collingwood,Richmond,12541,Harry,Perryman,12,
2026,16,Collingwood,Richmond,12740,Isaac,Quaynor,3,
2026,16,Collingwood,Richmond,12704,Lachie,Schultz,8,
2026,16,Collingwood,Richmond,11759,Steele,Sidebottom,22,
2026,16,Collingwood,Richmond,13249,Roan,Steele,45,
2026,16,Collingwood,Richmond,12029,Sam,Swadling,32,
2026,16,Collingwood,Richmond,13244,Jasper,Alger,29,
2026,16,Collingwood,Richmond,13076,Kye,Annand,41,
2026,16,Collingwood,Richmond,12686,Noah,Balta,21,
2026,16,Collingwood,Richmond,13081,Sam,Banks,6,
2026,16,Collingwood,Richmond,12464,Nathan,Broad,35,
2026,16,Collingwood,Richmond,13097,Tom,Brown,30,
2026,16,Collingwood,Richmond,13100,Seth,Campbell,44,
2026,16,Collingwood,Richmond,13177,Sam,Cumming,22,
2026,16,Collingwood,Richmond,13144,Steely,Green,48,
2026,16,Collingwood,Richmond,13253,Sam,Grlj,24,
2026,16,Collingwood,Richmond,13256,Taj,Hotton,10,
2026,16,Collingwood,Richmond,13115,Mykelti,Lefau,42,
2026,16,Collingwood,Richmond,12884,Rhyan,Mansell,7,
2026,16,Collingwood,Richmond,12940,Ben,Miller,12,
2026,16,Collingwood,Richmond,12379,Toby,Nankervis,25,
2026,16,Collingwood,Richmond,11921,Dion,Prestia,3,
2026,16,Collingwood,Richmond,12324,Patrick,Retschko,33,
2026,16,Collingwood,Richmond,12935,Maurice,Rioli,17,
2026,16,Collingwood,Richmond,12712,Jack,Ross,5,
2026,16,Collingwood,Richmond,12425,Jayden,Short,15,
2026,16,Collingwood,Richmond,12512,Tim,Taranto,14,
2026,16,Collingwood,Richmond,13096,James,Trezise,36,
2026,16,Collingwood,Richmond,12180,Nick,Vlastuin,1,
2026,16,Port Adelaide,Adelaide,12442,Aliir,Aliir,21,
2026,16,Port Adelaide,Adelaide,13340,Xavier,Bamert,46,
2026,16,Port Adelaide,Adelaide,13188,Joe,Berry,5,
2026,16,Port Adelaide,Adelaide,13011,Jase,Burgoyne,7,
2026,16,Port Adelaide,Adelaide,12693,Zak,Butters,9,
2026,16,Port Adelaide,Adelaide,12429,Darcy,Byrne-Jones,33,
2026,16,Port Adelaide,Adelaide,12694,Willem,Drew,28,
2026,16,Port Adelaide,Adelaide,12952,Corey,Durdin,44,
2026,16,Port Adelaide,Adelaide,13155,Logan,Evans,22,
2026,16,Port Adelaide,Adelaide,12770,Mitch,Georgiades,19,
2026,16,Port Adelaide,Adelaide,12955,Jason,Horne-Francis,18,
2026,16,Port Adelaide,Adelaide,12883,Lachie,Jones,34,
2026,16,Port Adelaide,Adelaide,13304,Josh,Lai,43,
2026,16,Port Adelaide,Adelaide,12703,Jack,Lukosius,12,
2026,16,Port Adelaide,Adelaide,12485,Jackson,Mead,3,
2026,16,Port Adelaide,Adelaide,13141,Joe,Richards,35,
2026,16,Port Adelaide,Adelaide,12890,Jordon,Sweet,24,
2026,16,Port Adelaide,Adelaide,13074,Dante,Visentini,38,
2026,16,Port Adelaide,Adelaide,12613,Jacob,Wehr,15,
2026,16,Port Adelaide,Adelaide,13261,Jack,Whitlock,17,
2026,16,Port Adelaide,Adelaide,12155,Ollie,Wines,16,
2026,16,Port Adelaide,Adelaide,13231,Mitch,Zadow,39,
2026,16,Port Adelaide,Adelaide,12757,Brandon,Zerk-Thatcher,25,
2026,16,Port Adelaide,Adelaide,12855,Sam,Berry,3,
2026,16,Port Adelaide,Adelaide,13088,James,Borlase,35,
2026,16,Port Adelaide,Adelaide,12936,Brayden,Cook,15,
2026,16,Port Adelaide,Adelaide,12635,Isaac,Cumming,44,
2026,16,Port Adelaide,Adelaide,13133,Daniel,Curtin,6,
2026,16,Port Adelaide,Adelaide,12519,Jordan,Dawson,12,
2026,16,Port Adelaide,Adelaide,12591,Darcy,Fogarty,32,
2026,16,Port Adelaide,Adelaide,13166,Hugo,Hall-Kahan,40,
2026,16,Port Adelaide,Adelaide,12813,Mark,Keane,48,
2026,16,Port Adelaide,Adelaide,12441,Ben,Keays,2,
2026,16,Port Adelaide,Adelaide,12171,Rory,Laird,29,
2026,16,Port Adelaide,Adelaide,13068,Lachlan,McAndrew,42,
2026,16,Port Adelaide,Adelaide,13038,Max,Michalanney,16,
2026,16,Port Adelaide,Adelaide,13084,Luke,Nankervis,27,
2026,16,Port Adelaide,Adelaide,12375,Alex,Neal-Bullen,28,
2026,16,Port Adelaide,Adelaide,12934,James,Peatling,25,
2026,16,Port Adelaide,Adelaide,12957,Josh,Rachele,8,
2026,16,Port Adelaide,Adelaide,12797,Izak,Rankine,23,
2026,16,Port Adelaide,Adelaide,12956,Jake,Soligo,14,
2026,16,Port Adelaide,Adelaide,13161,Zac,Taylor,19,
2026,16,Port Adelaide,Adelaide,12893,Riley,Thilthorpe,7,
2026,16,Port Adelaide,Adelaide,11724,Taylor,Walker,13,
2026,16,Port Adelaide,Adelaide,12916,Josh,Worrell,24,
2026,16,North Melbourne,Essendon,13220,Tom,Blamires,39,
2026,16,North Melbourne,Essendon,12730,Callum,Coleman-Jones,21,
2026,16,North Melbourne,Essendon,12939,Charlie,Comben,30,
2026,16,North Melbourne,Essendon,12185,Aidan,Corr,4,
2026,16,North Melbourne,Essendon,12382,Caleb,Daniel,5,
2026,16,North Melbourne,Essendon,11908,Jack,Darling,27,
2026,16,North Melbourne,Essendon,12599,Luke,Davies-Uniacke,9,
2026,16,North Melbourne,Essendon,13145,Wil,Dawson,18,
2026,16,North Melbourne,Essendon,13104,Zane,Duursma,7,
2026,16,North Melbourne,Essendon,13028,Josh,Goater,31,
2026,16,North Melbourne,Essendon,13079,Cooper,Harvey,37,
2026,16,North Melbourne,Essendon,13186,Jacob,Konstanty,41,
2026,16,North Melbourne,Essendon,12569,Nick,Larkey,20,
2026,16,North Melbourne,Essendon,13105,Colby,McKercher,10,
2026,16,North Melbourne,Essendon,13187,Finn,OSullivan,2,
2026,16,North Melbourne,Essendon,11958,Luke,Parker,26,
2026,16,North Melbourne,Essendon,13030,Harry,Sheezel,3,
2026,16,North Melbourne,Essendon,12511,Jy,Simpkin,12,
2026,16,North Melbourne,Essendon,12434,Charlie,Spargo,13,
2026,16,North Melbourne,Essendon,12798,Dylan,Stephens,15,
2026,16,North Melbourne,Essendon,13263,Cooper,Trembath,47,
2026,16,North Melbourne,Essendon,13065,George,Wardlaw,6,
2026,16,North Melbourne,Essendon,12566,Cameron,Zurhaar,44,
2026,16,North Melbourne,Essendon,13238,Lachlan,Blakiston,46,
2026,16,North Melbourne,Essendon,12900,Nick,Bryan,24,
2026,16,North Melbourne,Essendon,13149,Nate,Caddy,30,
2026,16,North Melbourne,Essendon,12752,Jye,Caldwell,6,
2026,16,North Melbourne,Essendon,13224,Archer,Day-Wicks,44,
2026,16,North Melbourne,Essendon,12926,Sam,Durham,22,
2026,16,North Melbourne,Essendon,12695,Xavier,Duursma,28,
2026,16,North Melbourne,Essendon,13284,Hussien,El Achkar,33,
2026,16,North Melbourne,Essendon,12809,Jacob,Farrow,2,
2026,16,North Melbourne,Essendon,12857,Harry,Jones,23,
2026,16,North Melbourne,Essendon,13180,Isaac,Kako,10,
2026,16,North Melbourne,Essendon,12505,Andrew,McGrath,1,
2026,16,North Melbourne,Essendon,12588,Ben,McKay,32,
2026,16,North Melbourne,Essendon,12249,Zach,Merrett,7,
2026,16,North Melbourne,Essendon,12414,Darcy,Parish,3,
2026,16,North Melbourne,Essendon,12880,Archie,Perkins,16,
2026,16,North Melbourne,Essendon,12874,Jaxon,Prior,25,
2026,16,North Melbourne,Essendon,12445,Mason,Redman,27,
2026,16,North Melbourne,Essendon,12891,Zach,Reid,31,
2026,16,North Melbourne,Essendon,12640,Jordan,Ridley,14,
2026,16,North Melbourne,Essendon,12032,Sullivan,Robey,9,
2026,16,North Melbourne,Essendon,12574,Will,Setterfield,12,
2026,16,North Melbourne,Essendon,12384,Dyson,Sharp,15,
2026,16,Fremantle,Gold Coast,12983,Jye,Amiss,24,
2026,16,Fremantle,Gold Coast,12538,Shai,Bolton,10,
2026,16,Fremantle,Gold Coast,12596,Andrew,Brayshaw,8,
2026,16,Fremantle,Gold Coast,12876,Heath,Chapman,5,
2026,16,Fremantle,Gold Coast,12688,Jordan,Clark,6,
2026,16,Fremantle,Gold Coast,12552,Brennan,Cox,36,
2026,16,Fremantle,Gold Coast,12555,Sean,Darcy,4,
2026,16,Fremantle,Gold Coast,13207,Isaiah,Dudley,43,
2026,16,Fremantle,Gold Coast,12967,Neil,Erasmus,28,
2026,16,Fremantle,Gold Coast,12803,Michael,Frederick,32,
2026,16,Fremantle,Gold Coast,12779,Luke,Jackson,9,
2026,16,Fremantle,Gold Coast,13049,Matthew,Johnson,44,
2026,16,Fremantle,Gold Coast,13036,Judd,McVee,17,
2026,16,Fremantle,Gold Coast,12964,Nathan,ODriscoll,30,
2026,16,Fremantle,Gold Coast,12361,Alex,Pearce,25,
2026,16,Fremantle,Gold Coast,13181,Murphy,Reid,16,
2026,16,Fremantle,Gold Coast,12550,Luke,Ryan,13,
2026,16,Fremantle,Gold Coast,12786,Caleb,Serong,3,
2026,16,Fremantle,Gold Coast,12679,Sam,Switkowski,39,
2026,16,Fremantle,Gold Coast,12888,Josh,Treacy,35,
2026,16,Fremantle,Gold Coast,13132,Patrick,Voss,20,
2026,16,Fremantle,Gold Coast,13080,Karl,Worner,23,
2026,16,Fremantle,Gold Coast,12777,Hayden,Young,26,
2026,16,Fremantle,Gold Coast,13344,Beau,Addinsall,38,
2026,16,Fremantle,Gold Coast,12767,Noah,Anderson,15,
2026,16,Fremantle,Gold Coast,13019,Mac,Andrew,1,
2026,16,Fremantle,Gold Coast,12631,Charlie,Ballard,10,
2026,16,Fremantle,Gold Coast,12453,Sam,Collins,25,
2026,16,Fremantle,Gold Coast,12314,Nick,Holman,7,
2026,16,Fremantle,Gold Coast,13050,Bailey,Humphrey,19,
2026,16,Fremantle,Gold Coast,12936,Joel,Jeffrey,16,
2026,16,Fremantle,Gold Coast,13258,Ben,Jepson,44,
2026,16,Fremantle,Gold Coast,12728,Ben,King,34,
2026,16,Fremantle,Gold Coast,12489,Leo,Lombard,8,
2026,16,Fremantle,Gold Coast,12529,Ben,Long,22,
2026,16,Fremantle,Gold Coast,12329,Touk,Miller,11,
2026,16,Fremantle,Gold Coast,12242,Ned,Moyle,23,
2026,16,Fremantle,Gold Coast,12768,Jai,Murray,35,
2026,16,Fremantle,Gold Coast,12743,John,Noble,2,
2026,16,Fremantle,Gold Coast,12825,Christian,Petracca,3,
2026,16,Fremantle,Gold Coast,12658,Wil,Powell,27,
2026,16,Fremantle,Gold Coast,12769,Matt,Rowell,18,
2026,16,Fremantle,Gold Coast,12086,Bodhi,Uwland,6,
2026,16,Fremantle,Gold Coast,13037,Zeke,Uwland,32,
2026,16,Fremantle,Gold Coast,13114,Jed,Walter,4,
2026,16,Fremantle,Gold Coast,12184,Jarrod,Witts,28,
2026,17,Geelong,Brisbane Lions,12687,Tom,Atkins,30,
2026,17,Geelong,Brisbane Lions,12160,Mark,Blicavs,46,
2026,17,Geelong,Brisbane Lions,12874,Tanner,Bruhn,4,
2026,17,Geelong,Brisbane Lions,12022,Jeremy,Cameron,5,
2026,17,Geelong,Brisbane Lions,11706,Patrick,Dangerfield,35,
2026,17,Geelong,Brisbane Lions,12892,Sam,De Koning,16,
2026,17,Geelong,Brisbane Lions,12976,Oliver,Dempsey,28,
2026,17,Geelong,Brisbane Lions,13288,Mitchell,Edwards,11,
2026,17,Geelong,Brisbane Lions,12559,Zach,Guthrie,39,
2026,17,Geelong,Brisbane Lions,12614,Jack,Henry,38,
2026,17,Geelong,Brisbane Lions,12850,Oliver,Henry,36,
2026,17,Geelong,Brisbane Lions,12882,Max,Holmes,9,
2026,17,Geelong,Brisbane Lions,13162,Lawson,Humphries,17,
2026,17,Geelong,Brisbane Lions,12373,Jake,Kolodjashnij,8,
2026,17,Geelong,Brisbane Lions,13107,Shaun,Mannagh,7,
2026,17,Geelong,Brisbane Lions,12243,Jack,Martin,19,
2026,17,Geelong,Brisbane Lions,13067,Oisin,Mullin,34,
2026,17,Geelong,Brisbane Lions,12995,Shannon,Neale,33,
2026,17,Geelong,Brisbane Lions,12540,Mark,OConnor,42,
2026,17,Geelong,Brisbane Lions,13125,Connor,OSullivan,14,
2026,17,Geelong,Brisbane Lions,12698,Bailey,Smith,3,
2026,17,Geelong,Brisbane Lions,12514,Tom,Stewart,44,
2026,17,Geelong,Brisbane Lions,13219,Oliver,Wiltshire,21,
2026,17,Geelong,Brisbane Lions,12347,Harris,Andrews,31,
2026,17,Geelong,Brisbane Lions,12719,Noah,Answerth,43,
2026,17,Geelong,Brisbane Lions,13183,Levi,Ashcroft,10,
2026,17,Geelong,Brisbane Lions,13034,Will,Ashcroft,8,
2026,17,Geelong,Brisbane Lions,12617,Zac,Bailey,33,
2026,17,Geelong,Brisbane Lions,12525,Jarrod,Berry,7,
2026,17,Geelong,Brisbane Lions,12284,Charlie,Cameron,23,
2026,17,Geelong,Brisbane Lions,12772,Sam,Draper,2,
2026,17,Geelong,Brisbane Lions,12421,Josh,Dunkley,5,
2026,17,Geelong,Brisbane Lions,13072,Jaspa,Fletcher,3,
2026,17,Geelong,Brisbane Lions,12726,Darcy,Fort,32,
2026,17,Geelong,Brisbane Lions,13234,Ty,Gallop,22,
2026,17,Geelong,Brisbane Lions,12274,Darcy,Gardiner,27,
2026,17,Geelong,Brisbane Lions,12462,Eric,Hipwood,30,
2026,17,Geelong,Brisbane Lions,11901,Ryan,Lester,35,
2026,17,Geelong,Brisbane Lions,12969,Kai,Lohmann,1,
2026,17,Geelong,Brisbane Lions,12400,Conor,McKenna,26,
2026,17,Geelong,Brisbane Lions,13138,Logan,Morris,13,
2026,17,Geelong,Brisbane Lions,12061,Lachie,Neale,9,
2026,17,Geelong,Brisbane Lions,12594,Cam,Rayner,16,
2026,17,Geelong,Brisbane Lions,13139,Bruce,Reville,38,
2026,17,Geelong,Brisbane Lions,13003,James,Tunstill,29,
2026,17,Geelong,Brisbane Lions,13027,Darcy,Wilmot,44,
2026,17,Sydney,Western Bulldogs,12699,Nick,Blakey,22,
2026,17,Sydney,Western Bulldogs,13157,Caiden,Cleary,33,
2026,17,Sydney,Western Bulldogs,12038,Harry,Cunningham,7,
2026,17,Sydney,Western Bulldogs,13117,Charlie,Curnow,35,
2026,17,Sydney,Western Bulldogs,13321,Will,Edwards,28,
2026,17,Sydney,Western Bulldogs,12223,Brodie,Grundy,4,
2026,17,Sydney,Western Bulldogs,12864,Errol,Gulden,21,
2026,17,Sydney,Western Bulldogs,12370,Joel,Hamling,29,
2026,17,Sydney,Western Bulldogs,13174,Tom,Hanily,40,
2026,17,Sydney,Western Bulldogs,12331,Isaac,Heeney,5,
2026,17,Sydney,Western Bulldogs,12853,James,Jordon,17,
2026,17,Sydney,Western Bulldogs,13330,Harry,Kyle,32,
2026,17,Sydney,Western Bulldogs,12275,Jake,Lloyd,44,
2026,17,Sydney,Western Bulldogs,12634,Tom,McCartin,30,
2026,17,Sydney,Western Bulldogs,12745,Hayden,McLean,2,
2026,17,Sydney,Western Bulldogs,12418,Callum,Mills,14,
2026,17,Sydney,Western Bulldogs,12148,Dane,Rampe,24,
2026,17,Sydney,Western Bulldogs,12993,Matt,Roberts,34,
2026,17,Sydney,Western Bulldogs,12715,James,Rowbottom,8,
2026,17,Sydney,Western Bulldogs,12501,Jai,Serong,13,
2026,17,Sydney,Western Bulldogs,12951,Angus,Sheldrick,12,
2026,17,Sydney,Western Bulldogs,12799,Chad,Warner,1,
2026,17,Sydney,Western Bulldogs,13053,Corey,Warner,37,
2026,17,Sydney,Western Bulldogs,12277,Marcus,Bontempelli,4,
2026,17,Sydney,Western Bulldogs,12917,Lachlan,Bramble,29,
2026,17,Sydney,Western Bulldogs,11874,Connor,Budarick,19,
2026,17,Sydney,Western Bulldogs,12615,Nick,Coffield,17,
2026,17,Sydney,Western Bulldogs,13269,Jordan,Croft,16,
2026,17,Sydney,Western Bulldogs,12362,Bailey,Dale,31,
2026,17,Sydney,Western Bulldogs,12548,Tim,English,44,
2026,17,Sydney,Western Bulldogs,13140,Joel,Freijah,27,
2026,17,Sydney,Western Bulldogs,13215,Cooper,Hynes,6,
2026,17,Sydney,Western Bulldogs,13047,Arthur,Jones,32,
2026,17,Sydney,Western Bulldogs,13336,Luke,Kennedy,35,
2026,17,Sydney,Western Bulldogs,12463,Matthew,Kennedy,8,
2026,17,Sydney,Western Bulldogs,12901,Buku,Khamis,24,
2026,17,Sydney,Western Bulldogs,13287,Will,Lewis,28,
2026,17,Sydney,Western Bulldogs,11904,Tom,Liberatore,21,
2026,17,Sydney,Western Bulldogs,12289,Rory,Lobb,7,
2026,17,Sydney,Western Bulldogs,12851,Lachlan,McNeil,30,
2026,17,Sydney,Western Bulldogs,12602,Aaron,Naughton,33,
2026,17,Sydney,Western Bulldogs,13063,James,ODonnell,18,
2026,17,Sydney,Western Bulldogs,12612,Ed,Richards,20,
2026,17,Sydney,Western Bulldogs,13111,Ryley,Sanders,9,
2026,17,Sydney,Western Bulldogs,13279,Michael,Sellwood,37,
2026,17,Sydney,Western Bulldogs,12803,Cody,Weightman,3,
2026,17,West Coast,Adelaide,13222,Bo,Allan,26,
2026,17,West Coast,Adelaide,12668,Liam,Baker,3,
2026,17,West Coast,Adelaide,13001,Rhett,Bazzo,33,
2026,17,West Coast,Adelaide,12454,Tom,Cole,28,
2026,17,West Coast,Adelaide,13211,Hamish,Davis,38,
2026,17,West Coast,Adelaide,12340,Liam,Duggan,14,
2026,17,West Coast,Adelaide,12607,Willem,Duursma,1,
2026,17,West Coast,Adelaide,13348,Oliver,Francou,50,
2026,17,West Coast,Adelaide,12584,Jack,Graham,17,
2026,17,West Coast,Adelaide,13342,Marcus,Herbert,51,
2026,17,West Coast,Adelaide,12958,Brady,Hough,19,
2026,17,West Coast,Adelaide,13152,Jack,Hutchinson,44,
2026,17,West Coast,Adelaide,12605,Tim,Kelly,11,
2026,17,West Coast,Adelaide,13033,Tom,McCarthy,18,
2026,17,West Coast,Adelaide,13297,Milan,Murdock,47,
2026,17,West Coast,Adelaide,13112,Harley,Reid,9,
2026,17,West Coast,Adelaide,13248,Jobe,Shanahan,35,
2026,17,West Coast,Adelaide,12671,Brandon,Starcevich,4,
2026,17,West Coast,Adelaide,12609,Jake,Waterman,2,
2026,17,West Coast,Adelaide,12837,Bailey,Williams,32,
2026,17,West Coast,Adelaide,12960,Jack,Williams,34,
2026,17,West Coast,Adelaide,12090,Elliot,Yeo,6,
2026,17,West Coast,Adelaide,12279,Tylar,Young,20,
2026,17,West Coast,Adelaide,12855,Sam,Berry,3,
2026,17,West Coast,Adelaide,13088,James,Borlase,35,
2026,17,West Coast,Adelaide,12936,Brayden,Cook,15,
2026,17,West Coast,Adelaide,13133,Daniel,Curtin,6,
2026,17,West Coast,Adelaide,12519,Jordan,Dawson,12,
2026,17,West Coast,Adelaide,13151,Billy,Dowling,31,
2026,17,West Coast,Adelaide,12591,Darcy,Fogarty,32,
2026,17,West Coast,Adelaide,13166,Hugo,Hall-Kahan,40,
2026,17,West Coast,Adelaide,12813,Mark,Keane,48,
2026,17,West Coast,Adelaide,12441,Ben,Keays,2,
2026,17,West Coast,Adelaide,12171,Rory,Laird,29,
2026,17,West Coast,Adelaide,13068,Lachlan,McAndrew,42,
2026,17,West Coast,Adelaide,13038,Max,Michalanney,16,
2026,17,West Coast,Adelaide,13283,Toby,Murray,39,
2026,17,West Coast,Adelaide,13084,Luke,Nankervis,27,
2026,17,West Coast,Adelaide,12375,Alex,Neal-Bullen,28,
2026,17,West Coast,Adelaide,12934,James,Peatling,25,
2026,17,West Coast,Adelaide,12957,Josh,Rachele,8,
2026,17,West Coast,Adelaide,12797,Izak,Rankine,23,
2026,17,West Coast,Adelaide,12956,Jake,Soligo,14,
2026,17,West Coast,Adelaide,13161,Zac,Taylor,19,
2026,17,West Coast,Adelaide,11724,Taylor,Walker,13,
2026,17,West Coast,Adelaide,12916,Josh,Worrell,24,
2026,17,Hawthorn,Melbourne,12391,Tom,Barrass,37,
2026,17,Hawthorn,Melbourne,12491,Mabior,Chol,18,
2026,17,Hawthorn,Melbourne,13103,Jack,Dalton,34,
2026,17,Hawthorn,Melbourne,12999,Massimo,DAmbrosio,16,
2026,17,Hawthorn,Melbourne,12794,Will,Day,12,
2026,17,Hawthorn,Melbourne,12928,Jack,Ginnivan,33,
2026,17,Hawthorn,Melbourne,11854,Jack,Gunston,19,
2026,17,Hawthorn,Melbourne,12477,Blake,Hardwick,15,
2026,17,Hawthorn,Melbourne,13346,Matt,Hill,41,
2026,17,Hawthorn,Melbourne,12643,Mitch,Lewis,2,
2026,17,Hawthorn,Melbourne,13069,Bailey,Macdonald,42,
2026,17,Hawthorn,Melbourne,12753,Connor,Macdonald,9,
2026,17,Hawthorn,Melbourne,13039,Cam,Mackenzie,28,
2026,17,Hawthorn,Melbourne,13314,Will,McCabe,27,
2026,17,Hawthorn,Melbourne,12854,Lloyd,Meek,17,
2026,17,Hawthorn,Melbourne,12124,Dylan,Moore,8,
2026,17,Hawthorn,Melbourne,12585,Harry,Morrison,1,
2026,17,Hawthorn,Melbourne,13347,Noah,Mraz,21,
2026,17,Hawthorn,Melbourne,12913,Jai,Newcombe,3,
2026,17,Hawthorn,Melbourne,12844,Flynn,Perez,39,
2026,17,Hawthorn,Melbourne,13323,Bodie,Ryan,26,
2026,17,Hawthorn,Melbourne,12342,James,Sicily,6,
2026,17,Hawthorn,Melbourne,12954,Josh,Ward,25,
2026,17,Hawthorn,Melbourne,12933,Jake,Bowey,17,
2026,17,Hawthorn,Melbourne,12756,Kade,Chandler,37,
2026,17,Hawthorn,Melbourne,13338,Joel,Fitzgerald,47,
2026,17,Hawthorn,Melbourne,12603,Bayley,Fritsch,31,
2026,17,Hawthorn,Melbourne,11972,Max,Gawn,11,
2026,17,Hawthorn,Melbourne,13098,Blake,Howes,22,
2026,17,Hawthorn,Melbourne,13194,Matthew,Jefferson,21,
2026,17,Hawthorn,Melbourne,12255,Changkuoth,Jiath,14,
2026,17,Hawthorn,Melbourne,12401,Ed,Langdon,15,
2026,17,Hawthorn,Melbourne,13036,Harvey,Langford,4,
2026,17,Hawthorn,Melbourne,13035,Bailey,Laurie,16,
2026,17,Hawthorn,Melbourne,12359,Jake,Lever,8,
2026,17,Hawthorn,Melbourne,12660,Harry,Petty,35,
2026,17,Hawthorn,Melbourne,12774,Kysaiah,Pickett,36,
2026,17,Hawthorn,Melbourne,12833,Latrelle,Pickett,33,
2026,17,Hawthorn,Melbourne,12778,Trent,Rivers,24,
2026,17,Hawthorn,Melbourne,12862,Harry,Sharp,30,
2026,17,Hawthorn,Melbourne,12692,Tom,Sparrow,32,
2026,17,Hawthorn,Melbourne,12628,Jack,Steele,9,
2026,17,Hawthorn,Melbourne,13123,Koltyn,Tholstrup,12,
2026,17,Hawthorn,Melbourne,12998,Daniel,Turner,10,
2026,17,Hawthorn,Melbourne,13048,Jacob,van Rooyen,2,
2026,17,Hawthorn,Melbourne,13099,Caleb,Windsor,6,
2026,17,Greater Western Sydney,Fremantle,13002,Ryan,Angwin,9,
2026,17,Greater Western Sydney,Fremantle,12782,Lachie,Ash,7,
2026,17,Greater Western Sydney,Fremantle,12773,Toby,Bedford,14,
2026,17,Greater Western Sydney,Fremantle,12905,Kieren,Briggs,32,
2026,17,Greater Western Sydney,Fremantle,12910,Callum,Brown,46,
2026,17,Greater Western Sydney,Fremantle,13054,Aaron,Cadman,5,
2026,17,Greater Western Sydney,Fremantle,12970,Finn,Callaghan,17,
2026,17,Greater Western Sydney,Fremantle,12023,Stephen,Coniglio,3,
2026,17,Greater Western Sydney,Fremantle,13223,Josaia,Delana,38,
2026,17,Greater Western Sydney,Fremantle,13165,Joe,Fonti,37,
2026,17,Greater Western Sydney,Fremantle,12026,Toby,Greene,4,
2026,17,Greater Western Sydney,Fremantle,13350,Riley,Hamilton,43,
2026,17,Greater Western Sydney,Fremantle,12470,Harry,Himmelberg,27,
2026,17,Greater Western Sydney,Fremantle,12749,Connor,Idun,39,
2026,17,Greater Western Sydney,Fremantle,12992,Clayton,Oliver,10,
2026,17,Greater Western Sydney,Fremantle,13328,Harrison,Oliver,19,
2026,17,Greater Western Sydney,Fremantle,13351,Jack,Ough,28,
2026,17,Greater Western Sydney,Fremantle,13046,Harry,Rowston,24,
2026,17,Greater Western Sydney,Fremantle,12887,Conor,Stone,18,
2026,17,Greater Western Sydney,Fremantle,12173,Jake,Stringer,20,
2026,17,Greater Western Sydney,Fremantle,12651,Sam,Taylor,15,
2026,17,Greater Western Sydney,Fremantle,13101,Harvey,Thomas,1,
2026,17,Greater Western Sydney,Fremantle,12147,Lachie,Whitfield,6,
2026,17,Greater Western Sydney,Fremantle,12983,Jye,Amiss,24,
2026,17,Greater Western Sydney,Fremantle,12538,Shai,Bolton,10,
2026,17,Greater Western Sydney,Fremantle,12596,Andrew,Brayshaw,8,
2026,17,Greater Western Sydney,Fremantle,12876,Heath,Chapman,5,
2026,17,Greater Western Sydney,Fremantle,12688,Jordan,Clark,6,
2026,17,Greater Western Sydney,Fremantle,12552,Brennan,Cox,36,
2026,17,Greater Western Sydney,Fremantle,12555,Sean,Darcy,4,
2026,17,Greater Western Sydney,Fremantle,13207,Isaiah,Dudley,43,
2026,17,Greater Western Sydney,Fremantle,12967,Neil,Erasmus,28,
2026,17,Greater Western Sydney,Fremantle,12803,Michael,Frederick,32,
2026,17,Greater Western Sydney,Fremantle,12779,Luke,Jackson,9,
2026,17,Greater Western Sydney,Fremantle,13049,Matthew,Johnson,44,
2026,17,Greater Western Sydney,Fremantle,13036,Judd,McVee,17,
2026,17,Greater Western Sydney,Fremantle,12964,Nathan,ODriscoll,30,
2026,17,Greater Western Sydney,Fremantle,12361,Alex,Pearce,25,
2026,17,Greater Western Sydney,Fremantle,13181,Murphy,Reid,16,
2026,17,Greater Western Sydney,Fremantle,12550,Luke,Ryan,13,
2026,17,Greater Western Sydney,Fremantle,12786,Caleb,Serong,3,
2026,17,Greater Western Sydney,Fremantle,12679,Sam,Switkowski,39,
2026,17,Greater Western Sydney,Fremantle,12888,Josh,Treacy,35,
2026,17,Greater Western Sydney,Fremantle,13132,Patrick,Voss,20,
2026,17,Greater Western Sydney,Fremantle,13080,Karl,Worner,23,
2026,17,Greater Western Sydney,Fremantle,12777,Hayden,Young,26,
2026,17,Gold Coast,Collingwood,13344,Beau,Addinsall,38,
2026,17,Gold Coast,Collingwood,12767,Noah,Anderson,15,
2026,17,Gold Coast,Collingwood,13019,Mac,Andrew,1,
2026,17,Gold Coast,Collingwood,12453,Sam,Collins,25,
2026,17,Gold Coast,Collingwood,12314,Nick,Holman,7,
2026,17,Gold Coast,Collingwood,13050,Bailey,Humphrey,19,
2026,17,Gold Coast,Collingwood,12936,Joel,Jeffrey,16,
2026,17,Gold Coast,Collingwood,13258,Ben,Jepson,44,
2026,17,Gold Coast,Collingwood,12728,Ben,King,34,
2026,17,Gold Coast,Collingwood,12489,Leo,Lombard,8,
2026,17,Gold Coast,Collingwood,12529,Ben,Long,22,
2026,17,Gold Coast,Collingwood,12329,Touk,Miller,11,
2026,17,Gold Coast,Collingwood,12242,Ned,Moyle,23,
2026,17,Gold Coast,Collingwood,12768,Jai,Murray,35,
2026,17,Gold Coast,Collingwood,12743,John,Noble,2,
2026,17,Gold Coast,Collingwood,13233,Dylan,Patterson,30,
2026,17,Gold Coast,Collingwood,12825,Christian,Petracca,3,
2026,17,Gold Coast,Collingwood,12658,Wil,Powell,27,
2026,17,Gold Coast,Collingwood,13121,Ethan,Read,20,
2026,17,Gold Coast,Collingwood,12769,Matt,Rowell,18,
2026,17,Gold Coast,Collingwood,12086,Bodhi,Uwland,6,
2026,17,Gold Coast,Collingwood,13037,Zeke,Uwland,32,
2026,17,Gold Coast,Collingwood,13114,Jed,Walter,4,
2026,17,Gold Coast,Collingwood,13147,Edward,Allan,16,
2026,17,Gold Coast,Collingwood,12648,Angus,Anderson,41,
2026,17,Gold Coast,Collingwood,13074,Jack,Buller,34,
2026,17,Gold Coast,Collingwood,12666,Darcy,Cameron,14,
2026,17,Gold Coast,Collingwood,12067,Jack,Crisp,25,
2026,17,Gold Coast,Collingwood,12582,Josh,Daicos,7,
2026,17,Gold Coast,Collingwood,12948,Nick,Daicos,35,
2026,17,Gold Coast,Collingwood,12333,Jordan,de Goey,2,
2026,17,Gold Coast,Collingwood,12682,Billy,Frampton,17,
2026,17,Gold Coast,Collingwood,13071,Harvey,Harrison,36,
2026,17,Gold Coast,Collingwood,12503,Dan,Houston,9,
2026,17,Gold Coast,Collingwood,11973,Jeremy,Howe,38,
2026,17,Gold Coast,Collingwood,12586,Patrick,Lipinski,1,
2026,17,Gold Coast,Collingwood,13025,Ned,Long,44,
2026,17,Gold Coast,Collingwood,12380,Brayden,Maynard,4,
2026,17,Gold Coast,Collingwood,12877,Beau,McCreery,31,
2026,17,Gold Coast,Collingwood,12297,Daniel,McStay,11,
2026,17,Gold Coast,Collingwood,12307,Tim,Membrey,28,
2026,17,Gold Coast,Collingwood,12541,Harry,Perryman,12,
2026,17,Gold Coast,Collingwood,13345,Liam,Puncher,47,
2026,17,Gold Coast,Collingwood,12704,Lachie,Schultz,8,
2026,17,Gold Coast,Collingwood,11759,Steele,Sidebottom,22,
2026,17,Gold Coast,Collingwood,12029,Sam,Swadling,32,
2026,17,Richmond,Carlton,13244,Jasper,Alger,29,
2026,17,Richmond,Carlton,13076,Kye,Annand,41,
2026,17,Richmond,Carlton,12686,Noah,Balta,21,
2026,17,Richmond,Carlton,13081,Sam,Banks,6,
2026,17,Richmond,Carlton,12464,Nathan,Broad,35,
2026,17,Richmond,Carlton,13097,Tom,Brown,30,
2026,17,Richmond,Carlton,13100,Seth,Campbell,44,
2026,17,Richmond,Carlton,13177,Sam,Cumming,22,
2026,17,Richmond,Carlton,13144,Steely,Green,48,
2026,17,Richmond,Carlton,13256,Taj,Hotton,10,
2026,17,Richmond,Carlton,13115,Mykelti,Lefau,42,
2026,17,Richmond,Carlton,11953,Tom,Lynch,19,
2026,17,Richmond,Carlton,12884,Rhyan,Mansell,7,
2026,17,Richmond,Carlton,13122,Kane,McAuliffe,28,
2026,17,Richmond,Carlton,12940,Ben,Miller,12,
2026,17,Richmond,Carlton,12379,Toby,Nankervis,25,
2026,17,Richmond,Carlton,12904,Hugo,Ralphsmith,13,
2026,17,Richmond,Carlton,12324,Patrick,Retschko,33,
2026,17,Richmond,Carlton,12712,Jack,Ross,5,
2026,17,Richmond,Carlton,12425,Jayden,Short,15,
2026,17,Richmond,Carlton,12512,Tim,Taranto,14,
2026,17,Richmond,Carlton,13096,James,Trezise,36,
2026,17,Richmond,Carlton,12180,Nick,Vlastuin,1,
2026,17,Richmond,Carlton,12681,Ben,Ainsworth,12,
2026,17,Richmond,Carlton,13057,Talor,Byrne,39,
2026,17,Richmond,Carlton,12610,Adam,Cerra,5,
2026,17,Richmond,Carlton,12823,Matthew,Cottrell,46,
2026,17,Richmond,Carlton,13028,Lachlan,Cowan,2,
2026,17,Richmond,Carlton,12269,Patrick,Cripps,9,
2026,17,Richmond,Carlton,13306,Wade,Derksen,47,
2026,17,Richmond,Carlton,12873,Francis,Evans,44,
2026,17,Richmond,Carlton,12308,Oliver,Florent,14,
2026,17,Richmond,Carlton,12096,Nick,Haynes,26,
2026,17,Richmond,Carlton,12937,Will,Hayward,19,
2026,17,Richmond,Carlton,12417,George,Hewett,29,
2026,17,Richmond,Carlton,13029,Oliver,Hollands,4,
2026,17,Richmond,Carlton,12428,Jack,Ison,30,
2026,17,Richmond,Carlton,12938,Brodie,Kemp,17,
2026,17,Richmond,Carlton,12415,Mitch,McGovern,11,
2026,17,Richmond,Carlton,12575,Harry,McKay,10,
2026,17,Richmond,Carlton,12511,Nic,Newman,24,
2026,17,Richmond,Carlton,12424,Marc,Pittonet,27,
2026,17,Richmond,Carlton,13277,Jagga,Smith,7,
2026,17,Richmond,Carlton,12685,Sam,Walsh,18,
2026,17,Richmond,Carlton,12175,Billy,Wilson,15,
2026,17,Richmond,Carlton,12567,Lewis,Young,33,
2026,17,Essendon,St Kilda,12900,Nick,Bryan,24,
2026,17,Essendon,St Kilda,13149,Nate,Caddy,30,
2026,17,Essendon,St Kilda,12752,Jye,Caldwell,6,
2026,17,Essendon,St Kilda,12855,Nik,Cox,13,
2026,17,Essendon,St Kilda,13224,Archer,Day-Wicks,44,
2026,17,Essendon,St Kilda,12926,Sam,Durham,22,
2026,17,Essendon,St Kilda,12695,Xavier,Duursma,28,
2026,17,Essendon,St Kilda,13204,Saad,El-Hawli,41,
2026,17,Essendon,St Kilda,12809,Jacob,Farrow,2,
2026,17,Essendon,St Kilda,13180,Isaac,Kako,10,
2026,17,Essendon,St Kilda,12505,Andrew,McGrath,1,
2026,17,Essendon,St Kilda,12588,Ben,McKay,32,
2026,17,Essendon,St Kilda,12249,Zach,Merrett,7,
2026,17,Essendon,St Kilda,12414,Darcy,Parish,3,
2026,17,Essendon,St Kilda,12880,Archie,Perkins,16,
2026,17,Essendon,St Kilda,12874,Jaxon,Prior,25,
2026,17,Essendon,St Kilda,12445,Mason,Redman,27,
2026,17,Essendon,St Kilda,12891,Zach,Reid,31,
2026,17,Essendon,St Kilda,12640,Jordan,Ridley,14,
2026,17,Essendon,St Kilda,12032,Sullivan,Robey,9,
2026,17,Essendon,St Kilda,12574,Will,Setterfield,12,
2026,17,Essendon,St Kilda,12384,Dyson,Sharp,15,
2026,17,Essendon,St Kilda,12371,Peter,Wright,20,
2026,17,Essendon,St Kilda,12804,Ryan,Byrnes,13,
2026,17,Essendon,St Kilda,13041,Anthony,Caminiti,47,
2026,17,Essendon,St Kilda,13124,Hugo,Garcia,34,
2026,17,Essendon,St Kilda,13191,Max,Hall,40,
2026,17,Essendon,St Kilda,13116,Angus,Hastie,24,
2026,17,Essendon,St Kilda,12831,Liam,Henry,23,
2026,17,Essendon,St Kilda,12616,Jack,Higgins,1,
2026,17,Essendon,St Kilda,12066,Bradley,Hill,8,
2026,17,Essendon,St Kilda,13334,Campbell,Lake,39,
2026,17,Essendon,St Kilda,12572,Rowan,Marshall,19,
2026,17,Essendon,St Kilda,13192,Liam,OConnell,45,
2026,17,Essendon,St Kilda,12945,Mitch,Owens,10,
2026,17,Essendon,St Kilda,13042,Mattaes,Phillipou,25,
2026,17,Essendon,St Kilda,13190,Liam,Ryan,31,
2026,17,Essendon,St Kilda,12930,Cooper,Sharman,43,
2026,17,Essendon,St Kilda,12294,Jack,Silvagni,3,
2026,17,Essendon,St Kilda,12721,Liam,Stocker,14,
2026,17,Essendon,St Kilda,13206,Tobie,Travaglia,5,
2026,17,Essendon,St Kilda,12947,Nasiah,Wanganeen-Milera,7,
2026,17,Essendon,St Kilda,12701,Callum,Wilkie,44,
2026,17,Essendon,St Kilda,13109,Darcy,Wilson,22,
2026,17,Essendon,St Kilda,12968,Marcus,Windhager,2,
2026,17,Essendon,St Kilda,12321,Mason,Wood,32,
2026,17,Port Adelaide,North Melbourne,12442,Aliir,Aliir,21,
2026,17,Port Adelaide,North Melbourne,13340,Xavier,Bamert,46,
2026,17,Port Adelaide,North Melbourne,12868,Miles,Bergman,14,
2026,17,Port Adelaide,North Melbourne,13188,Joe,Berry,5,
2026,17,Port Adelaide,North Melbourne,13011,Jase,Burgoyne,7,
2026,17,Port Adelaide,North Melbourne,12693,Zak,Butters,9,
2026,17,Port Adelaide,North Melbourne,12429,Darcy,Byrne-Jones,33,
2026,17,Port Adelaide,North Melbourne,12694,Willem,Drew,28,
2026,17,Port Adelaide,North Melbourne,12952,Corey,Durdin,44,
2026,17,Port Adelaide,North Melbourne,13155,Logan,Evans,22,
2026,17,Port Adelaide,North Melbourne,12770,Mitch,Georgiades,19,
2026,17,Port Adelaide,North Melbourne,12955,Jason,Horne-Francis,18,
2026,17,Port Adelaide,North Melbourne,12883,Lachie,Jones,34,
2026,17,Port Adelaide,North Melbourne,13304,Josh,Lai,43,
2026,17,Port Adelaide,North Melbourne,12703,Jack,Lukosius,12,
2026,17,Port Adelaide,North Melbourne,12485,Jackson,Mead,3,
2026,17,Port Adelaide,North Melbourne,13141,Joe,Richards,35,
2026,17,Port Adelaide,North Melbourne,12890,Jordon,Sweet,24,
2026,17,Port Adelaide,North Melbourne,13074,Dante,Visentini,38,
2026,17,Port Adelaide,North Melbourne,13261,Jack,Whitlock,17,
2026,17,Port Adelaide,North Melbourne,12155,Ollie,Wines,16,
2026,17,Port Adelaide,North Melbourne,13231,Mitch,Zadow,39,
2026,17,Port Adelaide,North Melbourne,12757,Brandon,Zerk-Thatcher,25,
2026,17,Port Adelaide,North Melbourne,13220,Tom,Blamires,39,
2026,17,Port Adelaide,North Melbourne,12939,Charlie,Comben,30,
2026,17,Port Adelaide,North Melbourne,12185,Aidan,Corr,4,
2026,17,Port Adelaide,North Melbourne,12382,Caleb,Daniel,5,
2026,17,Port Adelaide,North Melbourne,11908,Jack,Darling,27,
2026,17,Port Adelaide,North Melbourne,12599,Luke,Davies-Uniacke,9,
2026,17,Port Adelaide,North Melbourne,13145,Wil,Dawson,18,
2026,17,Port Adelaide,North Melbourne,13028,Josh,Goater,31,
2026,17,Port Adelaide,North Melbourne,13079,Cooper,Harvey,37,
2026,17,Port Adelaide,North Melbourne,13186,Jacob,Konstanty,41,
2026,17,Port Adelaide,North Melbourne,12569,Nick,Larkey,20,
2026,17,Port Adelaide,North Melbourne,12246,Luke,McDonald,11,
2026,17,Port Adelaide,North Melbourne,13105,Colby,McKercher,10,
2026,17,Port Adelaide,North Melbourne,13187,Finn,OSullivan,2,
2026,17,Port Adelaide,North Melbourne,11958,Luke,Parker,26,
2026,17,Port Adelaide,North Melbourne,13030,Harry,Sheezel,3,
2026,17,Port Adelaide,North Melbourne,12511,Jy,Simpkin,12,
2026,17,Port Adelaide,North Melbourne,12434,Charlie,Spargo,13,
2026,17,Port Adelaide,North Melbourne,12798,Dylan,Stephens,15,
2026,17,Port Adelaide,North Melbourne,13263,Cooper,Trembath,47,
2026,17,Port Adelaide,North Melbourne,13065,George,Wardlaw,6,
2026,17,Port Adelaide,North Melbourne,12789,Tristan,Xerri,38,
2026,17,Port Adelaide,North Melbourne,12566,Cameron,Zurhaar,44,
2026,18,Fremantle,Sydney,12983,Jye,Amiss,24,
2026,18,Fremantle,Sydney,12538,Shai,Bolton,10,
2026,18,Fremantle,Sydney,12596,Andrew,Brayshaw,8,
2026,18,Fremantle,Sydney,12876,Heath,Chapman,5,
2026,18,Fremantle,Sydney,12688,Jordan,Clark,6,
2026,18,Fremantle,Sydney,12552,Brennan,Cox,36,
2026,18,Fremantle,Sydney,13171,Mason,Cox,18,
2026,18,Fremantle,Sydney,13207,Isaiah,Dudley,43,
2026,18,Fremantle,Sydney,12967,Neil,Erasmus,28,
2026,18,Fremantle,Sydney,12803,Michael,Frederick,32,
2026,18,Fremantle,Sydney,12779,Luke,Jackson,9,
2026,18,Fremantle,Sydney,13049,Matthew,Johnson,44,
2026,18,Fremantle,Sydney,13036,Judd,McVee,17,
2026,18,Fremantle,Sydney,12964,Nathan,ODriscoll,30,
2026,18,Fremantle,Sydney,12149,Jaeger,OMeara,2,
2026,18,Fremantle,Sydney,12361,Alex,Pearce,25,
2026,18,Fremantle,Sydney,13181,Murphy,Reid,16,
2026,18,Fremantle,Sydney,12550,Luke,Ryan,13,
2026,18,Fremantle,Sydney,12786,Caleb,Serong,3,
2026,18,Fremantle,Sydney,12679,Sam,Switkowski,39,
2026,18,Fremantle,Sydney,12888,Josh,Treacy,35,
2026,18,Fremantle,Sydney,13132,Patrick,Voss,20,
2026,18,Fremantle,Sydney,13080,Karl,Worner,23,
2026,18,Fremantle,Sydney,12699,Nick,Blakey,22,
2026,18,Fremantle,Sydney,13157,Caiden,Cleary,33,
2026,18,Fremantle,Sydney,12038,Harry,Cunningham,7,
2026,18,Fremantle,Sydney,13117,Charlie,Curnow,35,
2026,18,Fremantle,Sydney,13321,Will,Edwards,28,
2026,18,Fremantle,Sydney,12223,Brodie,Grundy,4,
2026,18,Fremantle,Sydney,12864,Errol,Gulden,21,
2026,18,Fremantle,Sydney,12370,Joel,Hamling,29,
2026,18,Fremantle,Sydney,13174,Tom,Hanily,40,
2026,18,Fremantle,Sydney,12331,Isaac,Heeney,5,
2026,18,Fremantle,Sydney,12853,James,Jordon,17,
2026,18,Fremantle,Sydney,13330,Harry,Kyle,32,
2026,18,Fremantle,Sydney,12275,Jake,Lloyd,44,
2026,18,Fremantle,Sydney,12634,Tom,McCartin,30,
2026,18,Fremantle,Sydney,12745,Hayden,McLean,2,
2026,18,Fremantle,Sydney,12418,Callum,Mills,14,
2026,18,Fremantle,Sydney,12419,Tom,Papley,11,
2026,18,Fremantle,Sydney,12148,Dane,Rampe,24,
2026,18,Fremantle,Sydney,12993,Matt,Roberts,34,
2026,18,Fremantle,Sydney,12715,James,Rowbottom,8,
2026,18,Fremantle,Sydney,12501,Jai,Serong,13,
2026,18,Fremantle,Sydney,12951,Angus,Sheldrick,12,
2026,18,Fremantle,Sydney,12799,Chad,Warner,1,
2026,18,Collingwood,North Melbourne,13147,Edward,Allan,16,
2026,18,Collingwood,North Melbourne,12648,Angus,Anderson,41,
2026,18,Collingwood,North Melbourne,13074,Jack,Buller,34,
2026,18,Collingwood,North Melbourne,12666,Darcy,Cameron,14,
2026,18,Collingwood,North Melbourne,12067,Jack,Crisp,25,
2026,18,Collingwood,North Melbourne,12582,Josh,Daicos,7,
2026,18,Collingwood,North Melbourne,12948,Nick,Daicos,35,
2026,18,Collingwood,North Melbourne,12333,Jordan,de Goey,2,
2026,18,Collingwood,North Melbourne,12682,Billy,Frampton,17,
2026,18,Collingwood,North Melbourne,12503,Dan,Houston,9,
2026,18,Collingwood,North Melbourne,11973,Jeremy,Howe,38,
2026,18,Collingwood,North Melbourne,12586,Patrick,Lipinski,1,
2026,18,Collingwood,North Melbourne,13025,Ned,Long,44,
2026,18,Collingwood,North Melbourne,12380,Brayden,Maynard,4,
2026,18,Collingwood,North Melbourne,12877,Beau,McCreery,31,
2026,18,Collingwood,North Melbourne,12297,Daniel,McStay,11,
2026,18,Collingwood,North Melbourne,12307,Tim,Membrey,28,
2026,18,Collingwood,North Melbourne,11506,Scott,Pendlebury,10,
2026,18,Collingwood,North Melbourne,12541,Harry,Perryman,12,
2026,18,Collingwood,North Melbourne,13345,Liam,Puncher,47,
2026,18,Collingwood,North Melbourne,12704,Lachie,Schultz,8,
2026,18,Collingwood,North Melbourne,11759,Steele,Sidebottom,22,
2026,18,Collingwood,North Melbourne,12029,Sam,Swadling,32,
2026,18,Collingwood,North Melbourne,13257,Zac,Banch,45,
2026,18,Collingwood,North Melbourne,13220,Tom,Blamires,39,
2026,18,Collingwood,North Melbourne,12939,Charlie,Comben,30,
2026,18,Collingwood,North Melbourne,12185,Aidan,Corr,4,
2026,18,Collingwood,North Melbourne,12975,Paul,Curtis,25,
2026,18,Collingwood,North Melbourne,12382,Caleb,Daniel,5,
2026,18,Collingwood,North Melbourne,11908,Jack,Darling,27,
2026,18,Collingwood,North Melbourne,12599,Luke,Davies-Uniacke,9,
2026,18,Collingwood,North Melbourne,13129,Riley,Hardeman,17,
2026,18,Collingwood,North Melbourne,13079,Cooper,Harvey,37,
2026,18,Collingwood,North Melbourne,12569,Nick,Larkey,20,
2026,18,Collingwood,North Melbourne,12246,Luke,McDonald,11,
2026,18,Collingwood,North Melbourne,13105,Colby,McKercher,10,
2026,18,Collingwood,North Melbourne,13187,Finn,OSullivan,2,
2026,18,Collingwood,North Melbourne,11958,Luke,Parker,26,
2026,18,Collingwood,North Melbourne,13030,Harry,Sheezel,3,
2026,18,Collingwood,North Melbourne,12511,Jy,Simpkin,12,
2026,18,Collingwood,North Melbourne,12434,Charlie,Spargo,13,
2026,18,Collingwood,North Melbourne,12798,Dylan,Stephens,15,
2026,18,Collingwood,North Melbourne,13263,Cooper,Trembath,47,
2026,18,Collingwood,North Melbourne,13209,Matt,Whitlock,35,
2026,18,Collingwood,North Melbourne,12789,Tristan,Xerri,38,
2026,18,Collingwood,North Melbourne,12566,Cameron,Zurhaar,44,
2026,18,St Kilda,Port Adelaide,12804,Ryan,Byrnes,13,
2026,18,St Kilda,Port Adelaide,13041,Anthony,Caminiti,47,
2026,18,St Kilda,Port Adelaide,13124,Hugo,Garcia,34,
2026,18,St Kilda,Port Adelaide,13191,Max,Hall,40,
2026,18,St Kilda,Port Adelaide,13116,Angus,Hastie,24,
2026,18,St Kilda,Port Adelaide,12831,Liam,Henry,23,
2026,18,St Kilda,Port Adelaide,12616,Jack,Higgins,1,
2026,18,St Kilda,Port Adelaide,12066,Bradley,Hill,8,
2026,18,St Kilda,Port Adelaide,13334,Campbell,Lake,39,
2026,18,St Kilda,Port Adelaide,12572,Rowan,Marshall,19,
2026,18,St Kilda,Port Adelaide,13192,Liam,OConnell,45,
2026,18,St Kilda,Port Adelaide,12945,Mitch,Owens,10,
2026,18,St Kilda,Port Adelaide,13042,Mattaes,Phillipou,25,
2026,18,St Kilda,Port Adelaide,13190,Liam,Ryan,31,
2026,18,St Kilda,Port Adelaide,12930,Cooper,Sharman,43,
2026,18,St Kilda,Port Adelaide,12294,Jack,Silvagni,3,
2026,18,St Kilda,Port Adelaide,12721,Liam,Stocker,14,
2026,18,St Kilda,Port Adelaide,13206,Tobie,Travaglia,5,
2026,18,St Kilda,Port Adelaide,12947,Nasiah,Wanganeen-Milera,7,
2026,18,St Kilda,Port Adelaide,12701,Callum,Wilkie,44,
2026,18,St Kilda,Port Adelaide,13109,Darcy,Wilson,22,
2026,18,St Kilda,Port Adelaide,12968,Marcus,Windhager,2,
2026,18,St Kilda,Port Adelaide,12321,Mason,Wood,32,
2026,18,St Kilda,Port Adelaide,12442,Aliir,Aliir,21,
2026,18,St Kilda,Port Adelaide,13340,Xavier,Bamert,46,
2026,18,St Kilda,Port Adelaide,12868,Miles,Bergman,14,
2026,18,St Kilda,Port Adelaide,13188,Joe,Berry,5,
2026,18,St Kilda,Port Adelaide,13011,Jase,Burgoyne,7,
2026,18,St Kilda,Port Adelaide,12693,Zak,Butters,9,
2026,18,St Kilda,Port Adelaide,12429,Darcy,Byrne-Jones,33,
2026,18,St Kilda,Port Adelaide,12694,Willem,Drew,28,
2026,18,St Kilda,Port Adelaide,12952,Corey,Durdin,44,
2026,18,St Kilda,Port Adelaide,13155,Logan,Evans,22,
2026,18,St Kilda,Port Adelaide,12671,Kane,Farrell,6,
2026,18,St Kilda,Port Adelaide,12770,Mitch,Georgiades,19,
2026,18,St Kilda,Port Adelaide,12955,Jason,Horne-Francis,18,
2026,18,St Kilda,Port Adelaide,12883,Lachie,Jones,34,
2026,18,St Kilda,Port Adelaide,13304,Josh,Lai,43,
2026,18,St Kilda,Port Adelaide,12703,Jack,Lukosius,12,
2026,18,St Kilda,Port Adelaide,12485,Jackson,Mead,3,
2026,18,St Kilda,Port Adelaide,13141,Joe,Richards,35,
2026,18,St Kilda,Port Adelaide,12890,Jordon,Sweet,24,
2026,18,St Kilda,Port Adelaide,13074,Dante,Visentini,38,
2026,18,St Kilda,Port Adelaide,12613,Jacob,Wehr,15,
2026,18,St Kilda,Port Adelaide,13261,Jack,Whitlock,17,
2026,18,St Kilda,Port Adelaide,12155,Ollie,Wines,16,
2026,18,Greater Western Sydney,Geelong,13002,Ryan,Angwin,9,
2026,18,Greater Western Sydney,Geelong,12782,Lachie,Ash,7,
2026,18,Greater Western Sydney,Geelong,12773,Toby,Bedford,14,
2026,18,Greater Western Sydney,Geelong,12905,Kieren,Briggs,32,
2026,18,Greater Western Sydney,Geelong,12910,Callum,Brown,46,
2026,18,Greater Western Sydney,Geelong,13054,Aaron,Cadman,5,
2026,18,Greater Western Sydney,Geelong,12970,Finn,Callaghan,17,
2026,18,Greater Western Sydney,Geelong,12023,Stephen,Coniglio,3,
2026,18,Greater Western Sydney,Geelong,13165,Joe,Fonti,37,
2026,18,Greater Western Sydney,Geelong,13282,Phoenix,Gothard,11,
2026,18,Greater Western Sydney,Geelong,12026,Toby,Greene,4,
2026,18,Greater Western Sydney,Geelong,13350,Riley,Hamilton,43,
2026,18,Greater Western Sydney,Geelong,12470,Harry,Himmelberg,27,
2026,18,Greater Western Sydney,Geelong,12749,Connor,Idun,39,
2026,18,Greater Western Sydney,Geelong,11998,Jayden,Laverde,25,
2026,18,Greater Western Sydney,Geelong,12822,Xavier,OHalloran,33,
2026,18,Greater Western Sydney,Geelong,12992,Clayton,Oliver,10,
2026,18,Greater Western Sydney,Geelong,13328,Harrison,Oliver,19,
2026,18,Greater Western Sydney,Geelong,13351,Jack,Ough,28,
2026,18,Greater Western Sydney,Geelong,13046,Harry,Rowston,24,
2026,18,Greater Western Sydney,Geelong,12173,Jake,Stringer,20,
2026,18,Greater Western Sydney,Geelong,12651,Sam,Taylor,15,
2026,18,Greater Western Sydney,Geelong,13101,Harvey,Thomas,1,
2026,18,Greater Western Sydney,Geelong,12687,Tom,Atkins,30,
2026,18,Greater Western Sydney,Geelong,12160,Mark,Blicavs,46,
2026,18,Greater Western Sydney,Geelong,12507,Jack,Bowes,12,
2026,18,Greater Western Sydney,Geelong,12874,Tanner,Bruhn,4,
2026,18,Greater Western Sydney,Geelong,12022,Jeremy,Cameron,5,
2026,18,Greater Western Sydney,Geelong,11706,Patrick,Dangerfield,35,
2026,18,Greater Western Sydney,Geelong,12892,Sam,De Koning,16,
2026,18,Greater Western Sydney,Geelong,12976,Oliver,Dempsey,28,
2026,18,Greater Western Sydney,Geelong,12559,Zach,Guthrie,39,
2026,18,Greater Western Sydney,Geelong,12614,Jack,Henry,38,
2026,18,Greater Western Sydney,Geelong,12850,Oliver,Henry,36,
2026,18,Greater Western Sydney,Geelong,12882,Max,Holmes,9,
2026,18,Greater Western Sydney,Geelong,13162,Lawson,Humphries,17,
2026,18,Greater Western Sydney,Geelong,12985,Mitch,Knevitt,10,
2026,18,Greater Western Sydney,Geelong,12373,Jake,Kolodjashnij,8,
2026,18,Greater Western Sydney,Geelong,13107,Shaun,Mannagh,7,
2026,18,Greater Western Sydney,Geelong,12243,Jack,Martin,19,
2026,18,Greater Western Sydney,Geelong,13067,Oisin,Mullin,34,
2026,18,Greater Western Sydney,Geelong,12995,Shannon,Neale,33,
2026,18,Greater Western Sydney,Geelong,13125,Connor,OSullivan,14,
2026,18,Greater Western Sydney,Geelong,12698,Bailey,Smith,3,
2026,18,Greater Western Sydney,Geelong,12514,Tom,Stewart,44,
2026,18,Greater Western Sydney,Geelong,13219,Oliver,Wiltshire,21,
2026,18,Carlton,Hawthorn,12681,Ben,Ainsworth,12,
2026,18,Carlton,Hawthorn,13057,Talor,Byrne,39,
2026,18,Carlton,Hawthorn,12610,Adam,Cerra,5,
2026,18,Carlton,Hawthorn,12823,Matthew,Cottrell,46,
2026,18,Carlton,Hawthorn,13028,Lachlan,Cowan,2,
2026,18,Carlton,Hawthorn,12269,Patrick,Cripps,9,
2026,18,Carlton,Hawthorn,13245,Harry,Dean,35,
2026,18,Carlton,Hawthorn,13306,Wade,Derksen,47,
2026,18,Carlton,Hawthorn,12873,Francis,Evans,44,
2026,18,Carlton,Hawthorn,12308,Oliver,Florent,14,
2026,18,Carlton,Hawthorn,12096,Nick,Haynes,26,
2026,18,Carlton,Hawthorn,12937,Will,Hayward,19,
2026,18,Carlton,Hawthorn,12417,George,Hewett,29,
2026,18,Carlton,Hawthorn,13029,Oliver,Hollands,4,
2026,18,Carlton,Hawthorn,12428,Jack,Ison,30,
2026,18,Carlton,Hawthorn,12938,Brodie,Kemp,17,
2026,18,Carlton,Hawthorn,12415,Mitch,McGovern,11,
2026,18,Carlton,Hawthorn,12575,Harry,McKay,10,
2026,18,Carlton,Hawthorn,12511,Nic,Newman,24,
2026,18,Carlton,Hawthorn,13208,Flynn,Riley,38,
2026,18,Carlton,Hawthorn,13277,Jagga,Smith,7,
2026,18,Carlton,Hawthorn,12685,Sam,Walsh,18,
2026,18,Carlton,Hawthorn,12175,Billy,Wilson,15,
2026,18,Carlton,Hawthorn,12365,Karl,Amon,10,
2026,18,Carlton,Hawthorn,12391,Tom,Barrass,37,
2026,18,Carlton,Hawthorn,12491,Mabior,Chol,18,
2026,18,Carlton,Hawthorn,12999,Massimo,DAmbrosio,16,
2026,18,Carlton,Hawthorn,12794,Will,Day,12,
2026,18,Carlton,Hawthorn,12928,Jack,Ginnivan,33,
2026,18,Carlton,Hawthorn,13137,Ollie,Greeves,35,
2026,18,Carlton,Hawthorn,11854,Jack,Gunston,19,
2026,18,Carlton,Hawthorn,12477,Blake,Hardwick,15,
2026,18,Carlton,Hawthorn,13346,Matt,Hill,41,
2026,18,Carlton,Hawthorn,12245,Jarman,Impey,4,
2026,18,Carlton,Hawthorn,12643,Mitch,Lewis,2,
2026,18,Carlton,Hawthorn,13069,Bailey,Macdonald,42,
2026,18,Carlton,Hawthorn,12753,Connor,Macdonald,9,
2026,18,Carlton,Hawthorn,13039,Cam,Mackenzie,28,
2026,18,Carlton,Hawthorn,13314,Will,McCabe,27,
2026,18,Carlton,Hawthorn,12854,Lloyd,Meek,17,
2026,18,Carlton,Hawthorn,12124,Dylan,Moore,8,
2026,18,Carlton,Hawthorn,12585,Harry,Morrison,1,
2026,18,Carlton,Hawthorn,13347,Noah,Mraz,21,
2026,18,Carlton,Hawthorn,12913,Jai,Newcombe,3,
2026,18,Carlton,Hawthorn,12342,James,Sicily,6,
2026,18,Carlton,Hawthorn,12954,Josh,Ward,25,
2026,18,Adelaide,Gold Coast,12855,Sam,Berry,3,
2026,18,Adelaide,Gold Coast,13088,James,Borlase,35,
2026,18,Adelaide,Gold Coast,12936,Brayden,Cook,15,
2026,18,Adelaide,Gold Coast,13133,Daniel,Curtin,6,
2026,18,Adelaide,Gold Coast,12519,Jordan,Dawson,12,
2026,18,Adelaide,Gold Coast,12591,Darcy,Fogarty,32,
2026,18,Adelaide,Gold Coast,12813,Mark,Keane,48,
2026,18,Adelaide,Gold Coast,12441,Ben,Keays,2,
2026,18,Adelaide,Gold Coast,12171,Rory,Laird,29,
2026,18,Adelaide,Gold Coast,13068,Lachlan,McAndrew,42,
2026,18,Adelaide,Gold Coast,13038,Max,Michalanney,16,
2026,18,Adelaide,Gold Coast,12416,Wayne,Milera,30,
2026,18,Adelaide,Gold Coast,13283,Toby,Murray,39,
2026,18,Adelaide,Gold Coast,13084,Luke,Nankervis,27,
2026,18,Adelaide,Gold Coast,12375,Alex,Neal-Bullen,28,
2026,18,Adelaide,Gold Coast,12934,James,Peatling,25,
2026,18,Adelaide,Gold Coast,12957,Josh,Rachele,8,
2026,18,Adelaide,Gold Coast,12797,Izak,Rankine,23,
2026,18,Adelaide,Gold Coast,12956,Jake,Soligo,14,
2026,18,Adelaide,Gold Coast,13161,Zac,Taylor,19,
2026,18,Adelaide,Gold Coast,12893,Riley,Thilthorpe,7,
2026,18,Adelaide,Gold Coast,11724,Taylor,Walker,13,
2026,18,Adelaide,Gold Coast,12916,Josh,Worrell,24,
2026,18,Adelaide,Gold Coast,13251,Oscar,Adams,48,
2026,18,Adelaide,Gold Coast,13344,Beau,Addinsall,38,
2026,18,Adelaide,Gold Coast,12767,Noah,Anderson,15,
2026,18,Adelaide,Gold Coast,13019,Mac,Andrew,1,
2026,18,Adelaide,Gold Coast,12453,Sam,Collins,25,
2026,18,Adelaide,Gold Coast,13120,Will,Graham,26,
2026,18,Adelaide,Gold Coast,12314,Nick,Holman,7,
2026,18,Adelaide,Gold Coast,13050,Bailey,Humphrey,19,
2026,18,Adelaide,Gold Coast,12936,Joel,Jeffrey,16,
2026,18,Adelaide,Gold Coast,12728,Ben,King,34,
2026,18,Adelaide,Gold Coast,12489,Leo,Lombard,8,
2026,18,Adelaide,Gold Coast,12329,Touk,Miller,11,
2026,18,Adelaide,Gold Coast,12242,Ned,Moyle,23,
2026,18,Adelaide,Gold Coast,12768,Jai,Murray,35,
2026,18,Adelaide,Gold Coast,12743,John,Noble,2,
2026,18,Adelaide,Gold Coast,13233,Dylan,Patterson,30,
2026,18,Adelaide,Gold Coast,12825,Christian,Petracca,3,
2026,18,Adelaide,Gold Coast,12658,Wil,Powell,27,
2026,18,Adelaide,Gold Coast,13121,Ethan,Read,20,
2026,18,Adelaide,Gold Coast,12769,Matt,Rowell,18,
2026,18,Adelaide,Gold Coast,12086,Bodhi,Uwland,6,
2026,18,Adelaide,Gold Coast,13037,Zeke,Uwland,32,
2026,18,Adelaide,Gold Coast,13114,Jed,Walter,4,
2026,18,Western Bulldogs,West Coast,12277,Marcus,Bontempelli,4,
2026,18,Western Bulldogs,West Coast,12917,Lachlan,Bramble,29,
2026,18,Western Bulldogs,West Coast,13218,Jedd,Busslinger,5,
2026,18,Western Bulldogs,West Coast,12988,Luke,Cleary,36,
2026,18,Western Bulldogs,West Coast,13269,Jordan,Croft,16,
2026,18,Western Bulldogs,West Coast,12362,Bailey,Dale,31,
2026,18,Western Bulldogs,West Coast,13184,Sam,Davidson,42,
2026,18,Western Bulldogs,West Coast,13185,Josh,Dolan,26,
2026,18,Western Bulldogs,West Coast,13140,Joel,Freijah,27,
2026,18,Western Bulldogs,West Coast,13215,Cooper,Hynes,6,
2026,18,Western Bulldogs,West Coast,13047,Arthur,Jones,32,
2026,18,Western Bulldogs,West Coast,13336,Luke,Kennedy,35,
2026,18,Western Bulldogs,West Coast,12463,Matthew,Kennedy,8,
2026,18,Western Bulldogs,West Coast,12901,Buku,Khamis,24,
2026,18,Western Bulldogs,West Coast,11904,Tom,Liberatore,21,
2026,18,Western Bulldogs,West Coast,12289,Rory,Lobb,7,
2026,18,Western Bulldogs,West Coast,12602,Aaron,Naughton,33,
2026,18,Western Bulldogs,West Coast,13063,James,ODonnell,18,
2026,18,Western Bulldogs,West Coast,12612,Ed,Richards,20,
2026,18,Western Bulldogs,West Coast,13279,Michael,Sellwood,37,
2026,18,Western Bulldogs,West Coast,12803,Cody,Weightman,3,
2026,18,Western Bulldogs,West Coast,12748,Rhylee,West,14,
2026,18,Western Bulldogs,West Coast,12449,Bailey,Williams,34,
2026,18,Western Bulldogs,West Coast,13222,Bo,Allan,26,
2026,18,Western Bulldogs,West Coast,12668,Liam,Baker,3,
2026,18,Western Bulldogs,West Coast,13001,Rhett,Bazzo,33,
2026,18,Western Bulldogs,West Coast,12454,Tom,Cole,28,
2026,18,Western Bulldogs,West Coast,13211,Hamish,Davis,38,
2026,18,Western Bulldogs,West Coast,12340,Liam,Duggan,14,
2026,18,Western Bulldogs,West Coast,12607,Willem,Duursma,1,
2026,18,Western Bulldogs,West Coast,13348,Oliver,Francou,50,
2026,18,Western Bulldogs,West Coast,12584,Jack,Graham,17,
2026,18,Western Bulldogs,West Coast,13342,Marcus,Herbert,51,
2026,18,Western Bulldogs,West Coast,12958,Brady,Hough,19,
2026,18,Western Bulldogs,West Coast,13152,Jack,Hutchinson,44,
2026,18,Western Bulldogs,West Coast,12605,Tim,Kelly,11,
2026,18,Western Bulldogs,West Coast,13033,Tom,McCarthy,18,
2026,18,Western Bulldogs,West Coast,13297,Milan,Murdock,47,
2026,18,Western Bulldogs,West Coast,13112,Harley,Reid,9,
2026,18,Western Bulldogs,West Coast,13248,Jobe,Shanahan,35,
2026,18,Western Bulldogs,West Coast,12671,Brandon,Starcevich,4,
2026,18,Western Bulldogs,West Coast,12609,Jake,Waterman,2,
2026,18,Western Bulldogs,West Coast,12837,Bailey,Williams,32,
2026,18,Western Bulldogs,West Coast,12960,Jack,Williams,34,
2026,18,Western Bulldogs,West Coast,12090,Elliot,Yeo,6,
2026,18,Western Bulldogs,West Coast,12279,Tylar,Young,20,
2026,18,Melbourne,Richmond,12933,Jake,Bowey,17,
2026,18,Melbourne,Richmond,12756,Kade,Chandler,37,
2026,18,Melbourne,Richmond,13338,Joel,Fitzgerald,47,
2026,18,Melbourne,Richmond,11972,Max,Gawn,11,
2026,18,Melbourne,Richmond,13098,Blake,Howes,22,
2026,18,Melbourne,Richmond,13194,Matthew,Jefferson,21,
2026,18,Melbourne,Richmond,12255,Changkuoth,Jiath,14,
2026,18,Melbourne,Richmond,13195,Aidan,Johnson,42,
2026,18,Melbourne,Richmond,12401,Ed,Langdon,15,
2026,18,Melbourne,Richmond,13036,Harvey,Langford,4,
2026,18,Melbourne,Richmond,13035,Bailey,Laurie,16,
2026,18,Melbourne,Richmond,12359,Jake,Lever,8,
2026,18,Melbourne,Richmond,11828,Jake,Melksham,18,
2026,18,Melbourne,Richmond,12774,Kysaiah,Pickett,36,
2026,18,Melbourne,Richmond,12833,Latrelle,Pickett,33,
2026,18,Melbourne,Richmond,12778,Trent,Rivers,24,
2026,18,Melbourne,Richmond,12862,Harry,Sharp,30,
2026,18,Melbourne,Richmond,12692,Tom,Sparrow,32,
2026,18,Melbourne,Richmond,12628,Jack,Steele,9,
2026,18,Melbourne,Richmond,13123,Koltyn,Tholstrup,12,
2026,18,Melbourne,Richmond,12998,Daniel,Turner,10,
2026,18,Melbourne,Richmond,13048,Jacob,van Rooyen,2,
2026,18,Melbourne,Richmond,13099,Caleb,Windsor,6,
2026,18,Melbourne,Richmond,13244,Jasper,Alger,29,
2026,18,Melbourne,Richmond,13076,Kye,Annand,41,
2026,18,Melbourne,Richmond,12686,Noah,Balta,21,
2026,18,Melbourne,Richmond,13081,Sam,Banks,6,
2026,18,Melbourne,Richmond,12464,Nathan,Broad,35,
2026,18,Melbourne,Richmond,13097,Tom,Brown,30,
2026,18,Melbourne,Richmond,13100,Seth,Campbell,44,
2026,18,Melbourne,Richmond,13177,Sam,Cumming,22,
2026,18,Melbourne,Richmond,13253,Sam,Grlj,24,
2026,18,Melbourne,Richmond,13256,Taj,Hotton,10,
2026,18,Melbourne,Richmond,13115,Mykelti,Lefau,42,
2026,18,Melbourne,Richmond,11953,Tom,Lynch,19,
2026,18,Melbourne,Richmond,12884,Rhyan,Mansell,7,
2026,18,Melbourne,Richmond,13122,Kane,McAuliffe,28,
2026,18,Melbourne,Richmond,12940,Ben,Miller,12,
2026,18,Melbourne,Richmond,12379,Toby,Nankervis,25,
2026,18,Melbourne,Richmond,13213,Zane,Peucker,26,
2026,18,Melbourne,Richmond,11921,Dion,Prestia,3,
2026,18,Melbourne,Richmond,12904,Hugo,Ralphsmith,13,
2026,18,Melbourne,Richmond,12324,Patrick,Retschko,33,
2026,18,Melbourne,Richmond,12512,Tim,Taranto,14,
2026,18,Melbourne,Richmond,13096,James,Trezise,36,
2026,18,Melbourne,Richmond,12180,Nick,Vlastuin,1,
2026,18,Brisbane Lions,Essendon,12347,Harris,Andrews,31,
2026,18,Brisbane Lions,Essendon,12719,Noah,Answerth,43,
2026,18,Brisbane Lions,Essendon,13183,Levi,Ashcroft,10,
2026,18,Brisbane Lions,Essendon,13034,Will,Ashcroft,8,
2026,18,Brisbane Lions,Essendon,12617,Zac,Bailey,33,
2026,18,Brisbane Lions,Essendon,12525,Jarrod,Berry,7,
2026,18,Brisbane Lions,Essendon,12284,Charlie,Cameron,23,
2026,18,Brisbane Lions,Essendon,12772,Sam,Draper,2,
2026,18,Brisbane Lions,Essendon,12421,Josh,Dunkley,5,
2026,18,Brisbane Lions,Essendon,13072,Jaspa,Fletcher,3,
2026,18,Brisbane Lions,Essendon,12726,Darcy,Fort,32,
2026,18,Brisbane Lions,Essendon,13234,Ty,Gallop,22,
2026,18,Brisbane Lions,Essendon,12462,Eric,Hipwood,30,
2026,18,Brisbane Lions,Essendon,11901,Ryan,Lester,35,
2026,18,Brisbane Lions,Essendon,12969,Kai,Lohmann,1,
2026,18,Brisbane Lions,Essendon,12526,Hugh,McCluggage,6,
2026,18,Brisbane Lions,Essendon,12400,Conor,McKenna,26,
2026,18,Brisbane Lions,Essendon,13138,Logan,Morris,13,
2026,18,Brisbane Lions,Essendon,12061,Lachie,Neale,9,
2026,18,Brisbane Lions,Essendon,12594,Cam,Rayner,16,
2026,18,Brisbane Lions,Essendon,13139,Bruce,Reville,38,
2026,18,Brisbane Lions,Essendon,13027,Darcy,Wilmot,44,
2026,18,Brisbane Lions,Essendon,12082,Dayne,Zorko,15,
2026,18,Brisbane Lions,Essendon,13238,Lachlan,Blakiston,46,
2026,18,Brisbane Lions,Essendon,12900,Nick,Bryan,24,
2026,18,Brisbane Lions,Essendon,13149,Nate,Caddy,30,
2026,18,Brisbane Lions,Essendon,12752,Jye,Caldwell,6,
2026,18,Brisbane Lions,Essendon,13228,Angus,Clarke,36,
2026,18,Brisbane Lions,Essendon,13224,Archer,Day-Wicks,44,
2026,18,Brisbane Lions,Essendon,12926,Sam,Durham,22,
2026,18,Brisbane Lions,Essendon,12695,Xavier,Duursma,28,
2026,18,Brisbane Lions,Essendon,12809,Jacob,Farrow,2,
2026,18,Brisbane Lions,Essendon,12857,Harry,Jones,23,
2026,18,Brisbane Lions,Essendon,13180,Isaac,Kako,10,
2026,18,Brisbane Lions,Essendon,13020,Max,Kondogiannis,29,
2026,18,Brisbane Lions,Essendon,12505,Andrew,McGrath,1,
2026,18,Brisbane Lions,Essendon,12249,Zach,Merrett,7,
2026,18,Brisbane Lions,Essendon,12414,Darcy,Parish,3,
2026,18,Brisbane Lions,Essendon,12880,Archie,Perkins,16,
2026,18,Brisbane Lions,Essendon,12874,Jaxon,Prior,25,
2026,18,Brisbane Lions,Essendon,12445,Mason,Redman,27,
2026,18,Brisbane Lions,Essendon,12891,Zach,Reid,31,
2026,18,Brisbane Lions,Essendon,13169,Archie,Roberts,21,
2026,18,Brisbane Lions,Essendon,12032,Sullivan,Robey,9,
2026,18,Brisbane Lions,Essendon,12384,Dyson,Sharp,15,
2026,18,Brisbane Lions,Essendon,12371,Peter,Wright,20,
2026,19,Geelong,St Kilda,12687,Tom,Atkins,30,
2026,19,Geelong,St Kilda,13062,Jhye,Clark,13,
2026,19,Geelong,St Kilda,12808,Brad,Close,45,
2026,19,Geelong,St Kilda,11706,Patrick,Dangerfield,35,
2026,19,Geelong,St Kilda,12892,Sam,De Koning,16,
2026,19,Geelong,St Kilda,12976,Oliver,Dempsey,28,
2026,19,Geelong,St Kilda,13288,Mitchell,Edwards,11,
2026,19,Geelong,St Kilda,12559,Zach,Guthrie,39,
2026,19,Geelong,St Kilda,12614,Jack,Henry,38,
2026,19,Geelong,St Kilda,12850,Oliver,Henry,36,
2026,19,Geelong,St Kilda,12882,Max,Holmes,9,
2026,19,Geelong,St Kilda,13162,Lawson,Humphries,17,
2026,19,Geelong,St Kilda,13107,Shaun,Mannagh,7,
2026,19,Geelong,St Kilda,12690,Gryan,Miers,32,
2026,19,Geelong,St Kilda,13067,Oisin,Mullin,34,
2026,19,Geelong,St Kilda,12995,Shannon,Neale,33,
2026,19,Geelong,St Kilda,12540,Mark,OConnor,42,
2026,19,Geelong,St Kilda,13125,Connor,OSullivan,14,
2026,19,Geelong,St Kilda,13356,Jay,Polkinghorne,2,
2026,19,Geelong,St Kilda,12698,Bailey,Smith,3,
2026,19,Geelong,St Kilda,12514,Tom,Stewart,44,
2026,19,Geelong,St Kilda,13219,Oliver,Wiltshire,21,
2026,19,Geelong,St Kilda,12622,James,Worpel,29,
2026,19,Geelong,St Kilda,12804,Ryan,Byrnes,13,
2026,19,Geelong,St Kilda,13041,Anthony,Caminiti,47,
2026,19,Geelong,St Kilda,12593,Hunter,Clark,11,
2026,19,Geelong,St Kilda,13124,Hugo,Garcia,34,
2026,19,Geelong,St Kilda,13191,Max,Hall,40,
2026,19,Geelong,St Kilda,12831,Liam,Henry,23,
2026,19,Geelong,St Kilda,12616,Jack,Higgins,1,
2026,19,Geelong,St Kilda,12066,Bradley,Hill,8,
2026,19,Geelong,St Kilda,13334,Campbell,Lake,39,
2026,19,Geelong,St Kilda,12572,Rowan,Marshall,19,
2026,19,Geelong,St Kilda,13192,Liam,OConnell,45,
2026,19,Geelong,St Kilda,12945,Mitch,Owens,10,
2026,19,Geelong,St Kilda,13042,Mattaes,Phillipou,25,
2026,19,Geelong,St Kilda,13190,Liam,Ryan,31,
2026,19,Geelong,St Kilda,12930,Cooper,Sharman,43,
2026,19,Geelong,St Kilda,12294,Jack,Silvagni,3,
2026,19,Geelong,St Kilda,12721,Liam,Stocker,14,
2026,19,Geelong,St Kilda,13206,Tobie,Travaglia,5,
2026,19,Geelong,St Kilda,12947,Nasiah,Wanganeen-Milera,7,
2026,19,Geelong,St Kilda,12701,Callum,Wilkie,44,
2026,19,Geelong,St Kilda,13109,Darcy,Wilson,22,
2026,19,Geelong,St Kilda,12968,Marcus,Windhager,2,
2026,19,Geelong,St Kilda,12321,Mason,Wood,32,
2026,19,Sydney,Adelaide,13182,Riley,Bice,26,
2026,19,Sydney,Adelaide,12699,Nick,Blakey,22,
2026,19,Sydney,Adelaide,12865,Braeden,Campbell,16,
2026,19,Sydney,Adelaide,12038,Harry,Cunningham,7,
2026,19,Sydney,Adelaide,13117,Charlie,Curnow,35,
2026,19,Sydney,Adelaide,13321,Will,Edwards,28,
2026,19,Sydney,Adelaide,12223,Brodie,Grundy,4,
2026,19,Sydney,Adelaide,12864,Errol,Gulden,21,
2026,19,Sydney,Adelaide,12331,Isaac,Heeney,5,
2026,19,Sydney,Adelaide,12853,James,Jordon,17,
2026,19,Sydney,Adelaide,12275,Jake,Lloyd,44,
2026,19,Sydney,Adelaide,12634,Tom,McCartin,30,
2026,19,Sydney,Adelaide,12864,Logan,McDonald,6,
2026,19,Sydney,Adelaide,12745,Hayden,McLean,2,
2026,19,Sydney,Adelaide,12418,Callum,Mills,14,
2026,19,Sydney,Adelaide,12419,Tom,Papley,11,
2026,19,Sydney,Adelaide,12148,Dane,Rampe,24,
2026,19,Sydney,Adelaide,12993,Matt,Roberts,34,
2026,19,Sydney,Adelaide,12475,Malcolm,Rosas,10,
2026,19,Sydney,Adelaide,12715,James,Rowbottom,8,
2026,19,Sydney,Adelaide,12501,Jai,Serong,13,
2026,19,Sydney,Adelaide,12951,Angus,Sheldrick,12,
2026,19,Sydney,Adelaide,12799,Chad,Warner,1,
2026,19,Sydney,Adelaide,12855,Sam,Berry,3,
2026,19,Sydney,Adelaide,13088,James,Borlase,35,
2026,19,Sydney,Adelaide,12936,Brayden,Cook,15,
2026,19,Sydney,Adelaide,12635,Isaac,Cumming,44,
2026,19,Sydney,Adelaide,13133,Daniel,Curtin,6,
2026,19,Sydney,Adelaide,12519,Jordan,Dawson,12,
2026,19,Sydney,Adelaide,12591,Darcy,Fogarty,32,
2026,19,Sydney,Adelaide,13166,Hugo,Hall-Kahan,40,
2026,19,Sydney,Adelaide,12813,Mark,Keane,48,
2026,19,Sydney,Adelaide,12441,Ben,Keays,2,
2026,19,Sydney,Adelaide,13068,Lachlan,McAndrew,42,
2026,19,Sydney,Adelaide,13038,Max,Michalanney,16,
2026,19,Sydney,Adelaide,12416,Wayne,Milera,30,
2026,19,Sydney,Adelaide,13283,Toby,Murray,39,
2026,19,Sydney,Adelaide,13084,Luke,Nankervis,27,
2026,19,Sydney,Adelaide,12375,Alex,Neal-Bullen,28,
2026,19,Sydney,Adelaide,12934,James,Peatling,25,
2026,19,Sydney,Adelaide,12957,Josh,Rachele,8,
2026,19,Sydney,Adelaide,12797,Izak,Rankine,23,
2026,19,Sydney,Adelaide,12956,Jake,Soligo,14,
2026,19,Sydney,Adelaide,13161,Zac,Taylor,19,
2026,19,Sydney,Adelaide,12893,Riley,Thilthorpe,7,
2026,19,Sydney,Adelaide,12916,Josh,Worrell,24,
2026,19,Port Adelaide,Fremantle,12442,Aliir,Aliir,21,
2026,19,Port Adelaide,Fremantle,13340,Xavier,Bamert,46,
2026,19,Port Adelaide,Fremantle,12868,Miles,Bergman,14,
2026,19,Port Adelaide,Fremantle,13188,Joe,Berry,5,
2026,19,Port Adelaide,Fremantle,13011,Jase,Burgoyne,7,
2026,19,Port Adelaide,Fremantle,12429,Darcy,Byrne-Jones,33,
2026,19,Port Adelaide,Fremantle,12694,Willem,Drew,28,
2026,19,Port Adelaide,Fremantle,12952,Corey,Durdin,44,
2026,19,Port Adelaide,Fremantle,13155,Logan,Evans,22,
2026,19,Port Adelaide,Fremantle,12883,Lachie,Jones,34,
2026,19,Port Adelaide,Fremantle,13304,Josh,Lai,43,
2026,19,Port Adelaide,Fremantle,12578,Todd,Marshall,4,
2026,19,Port Adelaide,Fremantle,12485,Jackson,Mead,3,
2026,19,Port Adelaide,Fremantle,12557,Christian,Moraes,11,
2026,19,Port Adelaide,Fremantle,12925,Balyn,OBrien,41,
2026,19,Port Adelaide,Fremantle,13141,Joe,Richards,35,
2026,19,Port Adelaide,Fremantle,12890,Jordon,Sweet,24,
2026,19,Port Adelaide,Fremantle,13074,Dante,Visentini,38,
2026,19,Port Adelaide,Fremantle,12613,Jacob,Wehr,15,
2026,19,Port Adelaide,Fremantle,13261,Jack,Whitlock,17,
2026,19,Port Adelaide,Fremantle,12155,Ollie,Wines,16,
2026,19,Port Adelaide,Fremantle,13231,Mitch,Zadow,39,
2026,19,Port Adelaide,Fremantle,12757,Brandon,Zerk-Thatcher,25,
2026,19,Port Adelaide,Fremantle,12983,Jye,Amiss,24,
2026,19,Port Adelaide,Fremantle,12596,Andrew,Brayshaw,8,
2026,19,Port Adelaide,Fremantle,12876,Heath,Chapman,5,
2026,19,Port Adelaide,Fremantle,12688,Jordan,Clark,6,
2026,19,Port Adelaide,Fremantle,12552,Brennan,Cox,36,
2026,19,Port Adelaide,Fremantle,13171,Mason,Cox,18,
2026,19,Port Adelaide,Fremantle,13207,Isaiah,Dudley,43,
2026,19,Port Adelaide,Fremantle,12967,Neil,Erasmus,28,
2026,19,Port Adelaide,Fremantle,12803,Michael,Frederick,32,
2026,19,Port Adelaide,Fremantle,12779,Luke,Jackson,9,
2026,19,Port Adelaide,Fremantle,13049,Matthew,Johnson,44,
2026,19,Port Adelaide,Fremantle,13036,Judd,McVee,17,
2026,19,Port Adelaide,Fremantle,12964,Nathan,ODriscoll,30,
2026,19,Port Adelaide,Fremantle,12149,Jaeger,OMeara,2,
2026,19,Port Adelaide,Fremantle,12361,Alex,Pearce,25,
2026,19,Port Adelaide,Fremantle,13181,Murphy,Reid,16,
2026,19,Port Adelaide,Fremantle,12550,Luke,Ryan,13,
2026,19,Port Adelaide,Fremantle,12786,Caleb,Serong,3,
2026,19,Port Adelaide,Fremantle,12679,Sam,Switkowski,39,
2026,19,Port Adelaide,Fremantle,12888,Josh,Treacy,35,
2026,19,Port Adelaide,Fremantle,13132,Patrick,Voss,20,
2026,19,Port Adelaide,Fremantle,13080,Karl,Worner,23,
2026,19,Port Adelaide,Fremantle,12777,Hayden,Young,26,
2026,19,North Melbourne,Melbourne,12939,Charlie,Comben,30,
2026,19,North Melbourne,Melbourne,12185,Aidan,Corr,4,
2026,19,North Melbourne,Melbourne,12975,Paul,Curtis,25,
2026,19,North Melbourne,Melbourne,12382,Caleb,Daniel,5,
2026,19,North Melbourne,Melbourne,11908,Jack,Darling,27,
2026,19,North Melbourne,Melbourne,12599,Luke,Davies-Uniacke,9,
2026,19,North Melbourne,Melbourne,13028,Josh,Goater,31,
2026,19,North Melbourne,Melbourne,13129,Riley,Hardeman,17,
2026,19,North Melbourne,Melbourne,13079,Cooper,Harvey,37,
2026,19,North Melbourne,Melbourne,12569,Nick,Larkey,20,
2026,19,North Melbourne,Melbourne,12246,Luke,McDonald,11,
2026,19,North Melbourne,Melbourne,13105,Colby,McKercher,10,
2026,19,North Melbourne,Melbourne,13187,Finn,OSullivan,2,
2026,19,North Melbourne,Melbourne,11958,Luke,Parker,26,
2026,19,North Melbourne,Melbourne,12705,Bailey,Scott,8,
2026,19,North Melbourne,Melbourne,13030,Harry,Sheezel,3,
2026,19,North Melbourne,Melbourne,12511,Jy,Simpkin,12,
2026,19,North Melbourne,Melbourne,12434,Charlie,Spargo,13,
2026,19,North Melbourne,Melbourne,12798,Dylan,Stephens,15,
2026,19,North Melbourne,Melbourne,13263,Cooper,Trembath,47,
2026,19,North Melbourne,Melbourne,13209,Matt,Whitlock,35,
2026,19,North Melbourne,Melbourne,12789,Tristan,Xerri,38,
2026,19,North Melbourne,Melbourne,12566,Cameron,Zurhaar,44,
2026,19,North Melbourne,Melbourne,12933,Jake,Bowey,17,
2026,19,North Melbourne,Melbourne,12756,Kade,Chandler,37,
2026,19,North Melbourne,Melbourne,13338,Joel,Fitzgerald,47,
2026,19,North Melbourne,Melbourne,12603,Bayley,Fritsch,31,
2026,19,North Melbourne,Melbourne,11972,Max,Gawn,11,
2026,19,North Melbourne,Melbourne,13257,Max,Heath,27,
2026,19,North Melbourne,Melbourne,13098,Blake,Howes,22,
2026,19,North Melbourne,Melbourne,13194,Matthew,Jefferson,21,
2026,19,North Melbourne,Melbourne,12255,Changkuoth,Jiath,14,
2026,19,North Melbourne,Melbourne,12401,Ed,Langdon,15,
2026,19,North Melbourne,Melbourne,13036,Harvey,Langford,4,
2026,19,North Melbourne,Melbourne,12359,Jake,Lever,8,
2026,19,North Melbourne,Melbourne,11828,Jake,Melksham,18,
2026,19,North Melbourne,Melbourne,12774,Kysaiah,Pickett,36,
2026,19,North Melbourne,Melbourne,12833,Latrelle,Pickett,33,
2026,19,North Melbourne,Melbourne,12778,Trent,Rivers,24,
2026,19,North Melbourne,Melbourne,12862,Harry,Sharp,30,
2026,19,North Melbourne,Melbourne,12692,Tom,Sparrow,32,
2026,19,North Melbourne,Melbourne,12628,Jack,Steele,9,
2026,19,North Melbourne,Melbourne,13123,Koltyn,Tholstrup,12,
2026,19,North Melbourne,Melbourne,12998,Daniel,Turner,10,
2026,19,North Melbourne,Melbourne,13048,Jacob,van Rooyen,2,
2026,19,North Melbourne,Melbourne,13099,Caleb,Windsor,6,
2026,19,Collingwood,Carlton,13147,Edward,Allan,16,
2026,19,Collingwood,Carlton,12648,Angus,Anderson,41,
2026,19,Collingwood,Carlton,12666,Darcy,Cameron,14,
2026,19,Collingwood,Carlton,12067,Jack,Crisp,25,
2026,19,Collingwood,Carlton,12582,Josh,Daicos,7,
2026,19,Collingwood,Carlton,12948,Nick,Daicos,35,
2026,19,Collingwood,Carlton,12333,Jordan,de Goey,2,
2026,19,Collingwood,Carlton,12682,Billy,Frampton,17,
2026,19,Collingwood,Carlton,13071,Harvey,Harrison,36,
2026,19,Collingwood,Carlton,12503,Dan,Houston,9,
2026,19,Collingwood,Carlton,12586,Patrick,Lipinski,1,
2026,19,Collingwood,Carlton,13025,Ned,Long,44,
2026,19,Collingwood,Carlton,12380,Brayden,Maynard,4,
2026,19,Collingwood,Carlton,12877,Beau,McCreery,31,
2026,19,Collingwood,Carlton,12297,Daniel,McStay,11,
2026,19,Collingwood,Carlton,12307,Tim,Membrey,28,
2026,19,Collingwood,Carlton,11506,Scott,Pendlebury,10,
2026,19,Collingwood,Carlton,12541,Harry,Perryman,12,
2026,19,Collingwood,Carlton,13345,Liam,Puncher,47,
2026,19,Collingwood,Carlton,12740,Isaac,Quaynor,3,
2026,19,Collingwood,Carlton,11759,Steele,Sidebottom,22,
2026,19,Collingwood,Carlton,12029,Sam,Swadling,32,
2026,19,Collingwood,Carlton,13247,Charlie,West,29,
2026,19,Collingwood,Carlton,12282,Blake,Acres,13,
2026,19,Collingwood,Carlton,12681,Ben,Ainsworth,12,
2026,19,Collingwood,Carlton,13057,Talor,Byrne,39,
2026,19,Collingwood,Carlton,12610,Adam,Cerra,5,
2026,19,Collingwood,Carlton,12823,Matthew,Cottrell,46,
2026,19,Collingwood,Carlton,13028,Lachlan,Cowan,2,
2026,19,Collingwood,Carlton,12269,Patrick,Cripps,9,
2026,19,Collingwood,Carlton,13245,Harry,Dean,35,
2026,19,Collingwood,Carlton,13306,Wade,Derksen,47,
2026,19,Collingwood,Carlton,12873,Francis,Evans,44,
2026,19,Collingwood,Carlton,12308,Oliver,Florent,14,
2026,19,Collingwood,Carlton,12096,Nick,Haynes,26,
2026,19,Collingwood,Carlton,12937,Will,Hayward,19,
2026,19,Collingwood,Carlton,12417,George,Hewett,29,
2026,19,Collingwood,Carlton,12938,Brodie,Kemp,17,
2026,19,Collingwood,Carlton,13173,Cooper,Lord,36,
2026,19,Collingwood,Carlton,12415,Mitch,McGovern,11,
2026,19,Collingwood,Carlton,12575,Harry,McKay,10,
2026,19,Collingwood,Carlton,12511,Nic,Newman,24,
2026,19,Collingwood,Carlton,13130,Liam,Reidy,25,
2026,19,Collingwood,Carlton,13277,Jagga,Smith,7,
2026,19,Collingwood,Carlton,12685,Sam,Walsh,18,
2026,19,Collingwood,Carlton,12175,Billy,Wilson,15,
2026,19,West Coast,Brisbane Lions,13222,Bo,Allan,26,
2026,19,West Coast,Brisbane Lions,12668,Liam,Baker,3,
2026,19,West Coast,Brisbane Lions,13001,Rhett,Bazzo,33,
2026,19,West Coast,Brisbane Lions,12454,Tom,Cole,28,
2026,19,West Coast,Brisbane Lions,13211,Hamish,Davis,38,
2026,19,West Coast,Brisbane Lions,12340,Liam,Duggan,14,
2026,19,West Coast,Brisbane Lions,12607,Willem,Duursma,1,
2026,19,West Coast,Brisbane Lions,13348,Oliver,Francou,50,
2026,19,West Coast,Brisbane Lions,12584,Jack,Graham,17,
2026,19,West Coast,Brisbane Lions,13342,Marcus,Herbert,51,
2026,19,West Coast,Brisbane Lions,12958,Brady,Hough,19,
2026,19,West Coast,Brisbane Lions,13152,Jack,Hutchinson,44,
2026,19,West Coast,Brisbane Lions,12605,Tim,Kelly,11,
2026,19,West Coast,Brisbane Lions,13033,Tom,McCarthy,18,
2026,19,West Coast,Brisbane Lions,13297,Milan,Murdock,47,
2026,19,West Coast,Brisbane Lions,13112,Harley,Reid,9,
2026,19,West Coast,Brisbane Lions,13248,Jobe,Shanahan,35,
2026,19,West Coast,Brisbane Lions,12671,Brandon,Starcevich,4,
2026,19,West Coast,Brisbane Lions,12609,Jake,Waterman,2,
2026,19,West Coast,Brisbane Lions,12837,Bailey,Williams,32,
2026,19,West Coast,Brisbane Lions,12960,Jack,Williams,34,
2026,19,West Coast,Brisbane Lions,12090,Elliot,Yeo,6,
2026,19,West Coast,Brisbane Lions,12279,Tylar,Young,20,
2026,19,West Coast,Brisbane Lions,12347,Harris,Andrews,31,
2026,19,West Coast,Brisbane Lions,12719,Noah,Answerth,43,
2026,19,West Coast,Brisbane Lions,13183,Levi,Ashcroft,10,
2026,19,West Coast,Brisbane Lions,13034,Will,Ashcroft,8,
2026,19,West Coast,Brisbane Lions,12617,Zac,Bailey,33,
2026,19,West Coast,Brisbane Lions,12525,Jarrod,Berry,7,
2026,19,West Coast,Brisbane Lions,12284,Charlie,Cameron,23,
2026,19,West Coast,Brisbane Lions,12772,Sam,Draper,2,
2026,19,West Coast,Brisbane Lions,12421,Josh,Dunkley,5,
2026,19,West Coast,Brisbane Lions,13072,Jaspa,Fletcher,3,
2026,19,West Coast,Brisbane Lions,12726,Darcy,Fort,32,
2026,19,West Coast,Brisbane Lions,13234,Ty,Gallop,22,
2026,19,West Coast,Brisbane Lions,12462,Eric,Hipwood,30,
2026,19,West Coast,Brisbane Lions,11901,Ryan,Lester,35,
2026,19,West Coast,Brisbane Lions,12969,Kai,Lohmann,1,
2026,19,West Coast,Brisbane Lions,12526,Hugh,McCluggage,6,
2026,19,West Coast,Brisbane Lions,12400,Conor,McKenna,26,
2026,19,West Coast,Brisbane Lions,13138,Logan,Morris,13,
2026,19,West Coast,Brisbane Lions,12061,Lachie,Neale,9,
2026,19,West Coast,Brisbane Lions,12594,Cam,Rayner,16,
2026,19,West Coast,Brisbane Lions,13003,James,Tunstill,29,
2026,19,West Coast,Brisbane Lions,13027,Darcy,Wilmot,44,
2026,19,West Coast,Brisbane Lions,12082,Dayne,Zorko,15,
2026,19,Richmond,Hawthorn,13076,Kye,Annand,41,
2026,19,Richmond,Hawthorn,12686,Noah,Balta,21,
2026,19,Richmond,Hawthorn,13081,Sam,Banks,6,
2026,19,Richmond,Hawthorn,12464,Nathan,Broad,35,
2026,19,Richmond,Hawthorn,13097,Tom,Brown,30,
2026,19,Richmond,Hawthorn,13100,Seth,Campbell,44,
2026,19,Richmond,Hawthorn,13177,Sam,Cumming,22,
2026,19,Richmond,Hawthorn,13144,Steely,Green,48,
2026,19,Richmond,Hawthorn,13253,Sam,Grlj,24,
2026,19,Richmond,Hawthorn,13256,Taj,Hotton,10,
2026,19,Richmond,Hawthorn,13193,Sam,Lalor,4,
2026,19,Richmond,Hawthorn,13115,Mykelti,Lefau,42,
2026,19,Richmond,Hawthorn,11953,Tom,Lynch,19,
2026,19,Richmond,Hawthorn,12884,Rhyan,Mansell,7,
2026,19,Richmond,Hawthorn,13122,Kane,McAuliffe,28,
2026,19,Richmond,Hawthorn,12379,Toby,Nankervis,25,
2026,19,Richmond,Hawthorn,11921,Dion,Prestia,3,
2026,19,Richmond,Hawthorn,12904,Hugo,Ralphsmith,13,
2026,19,Richmond,Hawthorn,12324,Patrick,Retschko,33,
2026,19,Richmond,Hawthorn,12425,Jayden,Short,15,
2026,19,Richmond,Hawthorn,12512,Tim,Taranto,14,
2026,19,Richmond,Hawthorn,13096,James,Trezise,36,
2026,19,Richmond,Hawthorn,12180,Nick,Vlastuin,1,
2026,19,Richmond,Hawthorn,12391,Tom,Barrass,37,
2026,19,Richmond,Hawthorn,12565,Josh,Battle,24,
2026,19,Richmond,Hawthorn,12491,Mabior,Chol,18,
2026,19,Richmond,Hawthorn,12999,Massimo,DAmbrosio,16,
2026,19,Richmond,Hawthorn,12928,Jack,Ginnivan,33,
2026,19,Richmond,Hawthorn,13137,Ollie,Greeves,35,
2026,19,Richmond,Hawthorn,11854,Jack,Gunston,19,
2026,19,Richmond,Hawthorn,12477,Blake,Hardwick,15,
2026,19,Richmond,Hawthorn,12245,Jarman,Impey,4,
2026,19,Richmond,Hawthorn,12643,Mitch,Lewis,2,
2026,19,Richmond,Hawthorn,13069,Bailey,Macdonald,42,
2026,19,Richmond,Hawthorn,12753,Connor,Macdonald,9,
2026,19,Richmond,Hawthorn,13039,Cam,Mackenzie,28,
2026,19,Richmond,Hawthorn,13314,Will,McCabe,27,
2026,19,Richmond,Hawthorn,12854,Lloyd,Meek,17,
2026,19,Richmond,Hawthorn,12124,Dylan,Moore,8,
2026,19,Richmond,Hawthorn,12585,Harry,Morrison,1,
2026,19,Richmond,Hawthorn,13347,Noah,Mraz,21,
2026,19,Richmond,Hawthorn,12913,Jai,Newcombe,3,
2026,19,Richmond,Hawthorn,12342,James,Sicily,6,
2026,19,Richmond,Hawthorn,12954,Josh,Ward,25,
2026,19,Richmond,Hawthorn,12626,Nick,Watson,5,
2026,19,Richmond,Hawthorn,13059,Josh,Weddle,23,
2026,19,Gold Coast,Western Bulldogs,13251,Oscar,Adams,48,
2026,19,Gold Coast,Western Bulldogs,13344,Beau,Addinsall,38,
2026,19,Gold Coast,Western Bulldogs,12767,Noah,Anderson,15,
2026,19,Gold Coast,Western Bulldogs,13019,Mac,Andrew,1,
2026,19,Gold Coast,Western Bulldogs,12453,Sam,Collins,25,
2026,19,Gold Coast,Western Bulldogs,13050,Bailey,Humphrey,19,
2026,19,Gold Coast,Western Bulldogs,12936,Joel,Jeffrey,16,
2026,19,Gold Coast,Western Bulldogs,12728,Ben,King,34,
2026,19,Gold Coast,Western Bulldogs,13358,Caleb,Lewis,45,
2026,19,Gold Coast,Western Bulldogs,12489,Leo,Lombard,8,
2026,19,Gold Coast,Western Bulldogs,12529,Ben,Long,22,
2026,19,Gold Coast,Western Bulldogs,12329,Touk,Miller,11,
2026,19,Gold Coast,Western Bulldogs,12242,Ned,Moyle,23,
2026,19,Gold Coast,Western Bulldogs,12768,Jai,Murray,35,
2026,19,Gold Coast,Western Bulldogs,12743,John,Noble,2,
2026,19,Gold Coast,Western Bulldogs,13233,Dylan,Patterson,30,
2026,19,Gold Coast,Western Bulldogs,12825,Christian,Petracca,3,
2026,19,Gold Coast,Western Bulldogs,12658,Wil,Powell,27,
2026,19,Gold Coast,Western Bulldogs,12409,Daniel,Rioli,17,
2026,19,Gold Coast,Western Bulldogs,12769,Matt,Rowell,18,
2026,19,Gold Coast,Western Bulldogs,12086,Bodhi,Uwland,6,
2026,19,Gold Coast,Western Bulldogs,13037,Zeke,Uwland,32,
2026,19,Gold Coast,Western Bulldogs,13114,Jed,Walter,4,
2026,19,Gold Coast,Western Bulldogs,12277,Marcus,Bontempelli,4,
2026,19,Gold Coast,Western Bulldogs,12917,Lachlan,Bramble,29,
2026,19,Gold Coast,Western Bulldogs,13218,Jedd,Busslinger,5,
2026,19,Gold Coast,Western Bulldogs,12615,Nick,Coffield,17,
2026,19,Gold Coast,Western Bulldogs,13269,Jordan,Croft,16,
2026,19,Gold Coast,Western Bulldogs,13184,Sam,Davidson,42,
2026,19,Gold Coast,Western Bulldogs,13185,Josh,Dolan,26,
2026,19,Gold Coast,Western Bulldogs,12548,Tim,English,44,
2026,19,Gold Coast,Western Bulldogs,13140,Joel,Freijah,27,
2026,19,Gold Coast,Western Bulldogs,13215,Cooper,Hynes,6,
2026,19,Gold Coast,Western Bulldogs,13047,Arthur,Jones,32,
2026,19,Gold Coast,Western Bulldogs,12463,Matthew,Kennedy,8,
2026,19,Gold Coast,Western Bulldogs,12901,Buku,Khamis,24,
2026,19,Gold Coast,Western Bulldogs,12289,Rory,Lobb,7,
2026,19,Gold Coast,Western Bulldogs,12851,Lachlan,McNeil,30,
2026,19,Gold Coast,Western Bulldogs,12602,Aaron,Naughton,33,
2026,19,Gold Coast,Western Bulldogs,13063,James,ODonnell,18,
2026,19,Gold Coast,Western Bulldogs,12612,Ed,Richards,20,
2026,19,Gold Coast,Western Bulldogs,13111,Ryley,Sanders,9,
2026,19,Gold Coast,Western Bulldogs,13279,Michael,Sellwood,37,
2026,19,Gold Coast,Western Bulldogs,12803,Cody,Weightman,3,
2026,19,Gold Coast,Western Bulldogs,12748,Rhylee,West,14,
2026,19,Gold Coast,Western Bulldogs,12449,Bailey,Williams,34,
2026,19,Essendon,Greater Western Sydney,13237,Jaxon,Artemis,34,
2026,19,Essendon,Greater Western Sydney,12900,Nick,Bryan,24,
2026,19,Essendon,Greater Western Sydney,13149,Nate,Caddy,30,
2026,19,Essendon,Greater Western Sydney,12752,Jye,Caldwell,6,
2026,19,Essendon,Greater Western Sydney,13228,Angus,Clarke,36,
2026,19,Essendon,Greater Western Sydney,13224,Archer,Day-Wicks,44,
2026,19,Essendon,Greater Western Sydney,12926,Sam,Durham,22,
2026,19,Essendon,Greater Western Sydney,12695,Xavier,Duursma,28,
2026,19,Essendon,Greater Western Sydney,13284,Hussien,El Achkar,33,
2026,19,Essendon,Greater Western Sydney,12809,Jacob,Farrow,2,
2026,19,Essendon,Greater Western Sydney,13180,Isaac,Kako,10,
2026,19,Essendon,Greater Western Sydney,13020,Max,Kondogiannis,29,
2026,19,Essendon,Greater Western Sydney,12358,Kyle,Langford,4,
2026,19,Essendon,Greater Western Sydney,12505,Andrew,McGrath,1,
2026,19,Essendon,Greater Western Sydney,12249,Zach,Merrett,7,
2026,19,Essendon,Greater Western Sydney,12874,Jaxon,Prior,25,
2026,19,Essendon,Greater Western Sydney,12445,Mason,Redman,27,
2026,19,Essendon,Greater Western Sydney,12891,Zach,Reid,31,
2026,19,Essendon,Greater Western Sydney,12640,Jordan,Ridley,14,
2026,19,Essendon,Greater Western Sydney,13169,Archie,Roberts,21,
2026,19,Essendon,Greater Western Sydney,12032,Sullivan,Robey,9,
2026,19,Essendon,Greater Western Sydney,12384,Dyson,Sharp,15,
2026,19,Essendon,Greater Western Sydney,12371,Peter,Wright,20,
2026,19,Essendon,Greater Western Sydney,13002,Ryan,Angwin,9,
2026,19,Essendon,Greater Western Sydney,12782,Lachie,Ash,7,
2026,19,Essendon,Greater Western Sydney,12773,Toby,Bedford,14,
2026,19,Essendon,Greater Western Sydney,12910,Callum,Brown,46,
2026,19,Essendon,Greater Western Sydney,13054,Aaron,Cadman,5,
2026,19,Essendon,Greater Western Sydney,12970,Finn,Callaghan,17,
2026,19,Essendon,Greater Western Sydney,12023,Stephen,Coniglio,3,
2026,19,Essendon,Greater Western Sydney,13165,Joe,Fonti,37,
2026,19,Essendon,Greater Western Sydney,12026,Toby,Greene,4,
2026,19,Essendon,Greater Western Sydney,13156,Max,Gruzewski,35,
2026,19,Essendon,Greater Western Sydney,13350,Riley,Hamilton,43,
2026,19,Essendon,Greater Western Sydney,12470,Harry,Himmelberg,27,
2026,19,Essendon,Greater Western Sydney,12749,Connor,Idun,39,
2026,19,Essendon,Greater Western Sydney,11998,Jayden,Laverde,25,
2026,19,Essendon,Greater Western Sydney,13235,Nick,Madden,41,
2026,19,Essendon,Greater Western Sydney,12822,Xavier,OHalloran,33,
2026,19,Essendon,Greater Western Sydney,12992,Clayton,Oliver,10,
2026,19,Essendon,Greater Western Sydney,13351,Jack,Ough,28,
2026,19,Essendon,Greater Western Sydney,13046,Harry,Rowston,24,
2026,19,Essendon,Greater Western Sydney,12887,Conor,Stone,18,
2026,19,Essendon,Greater Western Sydney,12173,Jake,Stringer,20,
2026,19,Essendon,Greater Western Sydney,12651,Sam,Taylor,15,
2026,19,Essendon,Greater Western Sydney,12147,Lachie,Whitfield,6,
2026,20,Adelaide,Collingwood,12855,Sam,Berry,3,
2026,20,Adelaide,Collingwood,13088,James,Borlase,35,
2026,20,Adelaide,Collingwood,12635,Isaac,Cumming,44,
2026,20,Adelaide,Collingwood,13133,Daniel,Curtin,6,
2026,20,Adelaide,Collingwood,12519,Jordan,Dawson,12,
2026,20,Adelaide,Collingwood,13166,Hugo,Hall-Kahan,40,
2026,20,Adelaide,Collingwood,12441,Ben,Keays,2,
2026,20,Adelaide,Collingwood,13222,Finnbar,Maley,36,
2026,20,Adelaide,Collingwood,13068,Lachlan,McAndrew,42,
2026,20,Adelaide,Collingwood,13038,Max,Michalanney,16,
2026,20,Adelaide,Collingwood,12416,Wayne,Milera,30,
2026,20,Adelaide,Collingwood,12875,Nick,Murray,9,
2026,20,Adelaide,Collingwood,13283,Toby,Murray,39,
2026,20,Adelaide,Collingwood,13084,Luke,Nankervis,27,
2026,20,Adelaide,Collingwood,12375,Alex,Neal-Bullen,28,
2026,20,Adelaide,Collingwood,12934,James,Peatling,25,
2026,20,Adelaide,Collingwood,12957,Josh,Rachele,8,
2026,20,Adelaide,Collingwood,12797,Izak,Rankine,23,
2026,20,Adelaide,Collingwood,12956,Jake,Soligo,14,
2026,20,Adelaide,Collingwood,13161,Zac,Taylor,19,
2026,20,Adelaide,Collingwood,12893,Riley,Thilthorpe,7,
2026,20,Adelaide,Collingwood,11724,Taylor,Walker,13,
2026,20,Adelaide,Collingwood,12916,Josh,Worrell,24,
2026,20,Adelaide,Collingwood,13147,Edward,Allan,16,
2026,20,Adelaide,Collingwood,12648,Angus,Anderson,41,
2026,20,Adelaide,Collingwood,12666,Darcy,Cameron,14,
2026,20,Adelaide,Collingwood,12067,Jack,Crisp,25,
2026,20,Adelaide,Collingwood,12582,Josh,Daicos,7,
2026,20,Adelaide,Collingwood,12948,Nick,Daicos,35,
2026,20,Adelaide,Collingwood,12333,Jordan,de Goey,2,
2026,20,Adelaide,Collingwood,12682,Billy,Frampton,17,
2026,20,Adelaide,Collingwood,13071,Harvey,Harrison,36,
2026,20,Adelaide,Collingwood,12503,Dan,Houston,9,
2026,20,Adelaide,Collingwood,11973,Jeremy,Howe,38,
2026,20,Adelaide,Collingwood,12586,Patrick,Lipinski,1,
2026,20,Adelaide,Collingwood,13025,Ned,Long,44,
2026,20,Adelaide,Collingwood,12380,Brayden,Maynard,4,
2026,20,Adelaide,Collingwood,12877,Beau,McCreery,31,
2026,20,Adelaide,Collingwood,12297,Daniel,McStay,11,
2026,20,Adelaide,Collingwood,12307,Tim,Membrey,28,
2026,20,Adelaide,Collingwood,11506,Scott,Pendlebury,10,
2026,20,Adelaide,Collingwood,12541,Harry,Perryman,12,
2026,20,Adelaide,Collingwood,13345,Liam,Puncher,47,
2026,20,Adelaide,Collingwood,12740,Isaac,Quaynor,3,
2026,20,Adelaide,Collingwood,11759,Steele,Sidebottom,22,
2026,20,Adelaide,Collingwood,13247,Charlie,West,29,
2026,20,Melbourne,Geelong,12933,Jake,Bowey,17,
2026,20,Melbourne,Geelong,12756,Kade,Chandler,37,
2026,20,Melbourne,Geelong,13016,Lukas,Cooke,46,
2026,20,Melbourne,Geelong,13303,Paddy,Cross,41,
2026,20,Melbourne,Geelong,13338,Joel,Fitzgerald,47,
2026,20,Melbourne,Geelong,12603,Bayley,Fritsch,31,
2026,20,Melbourne,Geelong,11972,Max,Gawn,11,
2026,20,Melbourne,Geelong,13098,Blake,Howes,22,
2026,20,Melbourne,Geelong,13194,Matthew,Jefferson,21,
2026,20,Melbourne,Geelong,12401,Ed,Langdon,15,
2026,20,Melbourne,Geelong,13036,Harvey,Langford,4,
2026,20,Melbourne,Geelong,13035,Bailey,Laurie,16,
2026,20,Melbourne,Geelong,12359,Jake,Lever,8,
2026,20,Melbourne,Geelong,12015,Tom,McDonald,25,
2026,20,Melbourne,Geelong,12660,Harry,Petty,35,
2026,20,Melbourne,Geelong,12774,Kysaiah,Pickett,36,
2026,20,Melbourne,Geelong,12833,Latrelle,Pickett,33,
2026,20,Melbourne,Geelong,12778,Trent,Rivers,24,
2026,20,Melbourne,Geelong,12862,Harry,Sharp,30,
2026,20,Melbourne,Geelong,12692,Tom,Sparrow,32,
2026,20,Melbourne,Geelong,12628,Jack,Steele,9,
2026,20,Melbourne,Geelong,13123,Koltyn,Tholstrup,12,
2026,20,Melbourne,Geelong,13048,Jacob,van Rooyen,2,
2026,20,Melbourne,Geelong,12687,Tom,Atkins,30,
2026,20,Melbourne,Geelong,12160,Mark,Blicavs,46,
2026,20,Melbourne,Geelong,12874,Tanner,Bruhn,4,
2026,20,Melbourne,Geelong,13062,Jhye,Clark,13,
2026,20,Melbourne,Geelong,12808,Brad,Close,45,
2026,20,Melbourne,Geelong,11706,Patrick,Dangerfield,35,
2026,20,Melbourne,Geelong,12976,Oliver,Dempsey,28,
2026,20,Melbourne,Geelong,13288,Mitchell,Edwards,11,
2026,20,Melbourne,Geelong,12559,Zach,Guthrie,39,
2026,20,Melbourne,Geelong,12614,Jack,Henry,38,
2026,20,Melbourne,Geelong,12850,Oliver,Henry,36,
2026,20,Melbourne,Geelong,13162,Lawson,Humphries,17,
2026,20,Melbourne,Geelong,13107,Shaun,Mannagh,7,
2026,20,Melbourne,Geelong,12690,Gryan,Miers,32,
2026,20,Melbourne,Geelong,13067,Oisin,Mullin,34,
2026,20,Melbourne,Geelong,12995,Shannon,Neale,33,
2026,20,Melbourne,Geelong,12540,Mark,OConnor,42,
2026,20,Melbourne,Geelong,13125,Connor,OSullivan,14,
2026,20,Melbourne,Geelong,13356,Jay,Polkinghorne,2,
2026,20,Melbourne,Geelong,12698,Bailey,Smith,3,
2026,20,Melbourne,Geelong,12514,Tom,Stewart,44,
2026,20,Melbourne,Geelong,13219,Oliver,Wiltshire,21,
2026,20,Melbourne,Geelong,12622,James,Worpel,29,
2026,20,Fremantle,West Coast,12983,Jye,Amiss,24,
2026,20,Fremantle,West Coast,12538,Shai,Bolton,10,
2026,20,Fremantle,West Coast,12596,Andrew,Brayshaw,8,
2026,20,Fremantle,West Coast,12876,Heath,Chapman,5,
2026,20,Fremantle,West Coast,12688,Jordan,Clark,6,
2026,20,Fremantle,West Coast,13171,Mason,Cox,18,
2026,20,Fremantle,West Coast,13207,Isaiah,Dudley,43,
2026,20,Fremantle,West Coast,12967,Neil,Erasmus,28,
2026,20,Fremantle,West Coast,12803,Michael,Frederick,32,
2026,20,Fremantle,West Coast,12779,Luke,Jackson,9,
2026,20,Fremantle,West Coast,13049,Matthew,Johnson,44,
2026,20,Fremantle,West Coast,12402,Oscar,McDonald,21,
2026,20,Fremantle,West Coast,13036,Judd,McVee,17,
2026,20,Fremantle,West Coast,12964,Nathan,ODriscoll,30,
2026,20,Fremantle,West Coast,12361,Alex,Pearce,25,
2026,20,Fremantle,West Coast,13181,Murphy,Reid,16,
2026,20,Fremantle,West Coast,12550,Luke,Ryan,13,
2026,20,Fremantle,West Coast,12786,Caleb,Serong,3,
2026,20,Fremantle,West Coast,12679,Sam,Switkowski,39,
2026,20,Fremantle,West Coast,12888,Josh,Treacy,35,
2026,20,Fremantle,West Coast,13132,Patrick,Voss,20,
2026,20,Fremantle,West Coast,12461,Corey,Wagner,34,
2026,20,Fremantle,West Coast,13080,Karl,Worner,23,
2026,20,Fremantle,West Coast,13222,Bo,Allan,26,
2026,20,Fremantle,West Coast,13001,Rhett,Bazzo,33,
2026,20,Fremantle,West Coast,13210,Sandy,Brock,41,
2026,20,Fremantle,West Coast,12454,Tom,Cole,28,
2026,20,Fremantle,West Coast,13211,Hamish,Davis,38,
2026,20,Fremantle,West Coast,12340,Liam,Duggan,14,
2026,20,Fremantle,West Coast,12607,Willem,Duursma,1,
2026,20,Fremantle,West Coast,13348,Oliver,Francou,50,
2026,20,Fremantle,West Coast,13342,Marcus,Herbert,51,
2026,20,Fremantle,West Coast,12958,Brady,Hough,19,
2026,20,Fremantle,West Coast,13139,Harvey,Johnston,24,
2026,20,Fremantle,West Coast,12605,Tim,Kelly,11,
2026,20,Fremantle,West Coast,13071,Ryan,Maric,23,
2026,20,Fremantle,West Coast,13033,Tom,McCarthy,18,
2026,20,Fremantle,West Coast,13297,Milan,Murdock,47,
2026,20,Fremantle,West Coast,13112,Harley,Reid,9,
2026,20,Fremantle,West Coast,13248,Jobe,Shanahan,35,
2026,20,Fremantle,West Coast,12671,Brandon,Starcevich,4,
2026,20,Fremantle,West Coast,12609,Jake,Waterman,2,
2026,20,Fremantle,West Coast,12837,Bailey,Williams,32,
2026,20,Fremantle,West Coast,12960,Jack,Williams,34,
2026,20,Fremantle,West Coast,12090,Elliot,Yeo,6,
2026,20,Fremantle,West Coast,12279,Tylar,Young,20,
2026,20,Carlton,Gold Coast,12282,Blake,Acres,13,
2026,20,Carlton,Gold Coast,12681,Ben,Ainsworth,12,
2026,20,Carlton,Gold Coast,13057,Talor,Byrne,39,
2026,20,Carlton,Gold Coast,12610,Adam,Cerra,5,
2026,20,Carlton,Gold Coast,12823,Matthew,Cottrell,46,
2026,20,Carlton,Gold Coast,13028,Lachlan,Cowan,2,
2026,20,Carlton,Gold Coast,12269,Patrick,Cripps,9,
2026,20,Carlton,Gold Coast,13245,Harry,Dean,35,
2026,20,Carlton,Gold Coast,13306,Wade,Derksen,47,
2026,20,Carlton,Gold Coast,12873,Francis,Evans,44,
2026,20,Carlton,Gold Coast,12308,Oliver,Florent,14,
2026,20,Carlton,Gold Coast,12096,Nick,Haynes,26,
2026,20,Carlton,Gold Coast,12937,Will,Hayward,19,
2026,20,Carlton,Gold Coast,12417,George,Hewett,29,
2026,20,Carlton,Gold Coast,12938,Brodie,Kemp,17,
2026,20,Carlton,Gold Coast,13173,Cooper,Lord,36,
2026,20,Carlton,Gold Coast,12415,Mitch,McGovern,11,
2026,20,Carlton,Gold Coast,12511,Nic,Newman,24,
2026,20,Carlton,Gold Coast,12424,Marc,Pittonet,27,
2026,20,Carlton,Gold Coast,13277,Jagga,Smith,7,
2026,20,Carlton,Gold Coast,12685,Sam,Walsh,18,
2026,20,Carlton,Gold Coast,12175,Billy,Wilson,15,
2026,20,Carlton,Gold Coast,12567,Lewis,Young,33,
2026,20,Carlton,Gold Coast,13344,Beau,Addinsall,38,
2026,20,Carlton,Gold Coast,12767,Noah,Anderson,15,
2026,20,Carlton,Gold Coast,13019,Mac,Andrew,1,
2026,20,Carlton,Gold Coast,12631,Charlie,Ballard,10,
2026,20,Carlton,Gold Coast,12453,Sam,Collins,25,
2026,20,Carlton,Gold Coast,13050,Bailey,Humphrey,19,
2026,20,Carlton,Gold Coast,12936,Joel,Jeffrey,16,
2026,20,Carlton,Gold Coast,12728,Ben,King,34,
2026,20,Carlton,Gold Coast,13358,Caleb,Lewis,45,
2026,20,Carlton,Gold Coast,12489,Leo,Lombard,8,
2026,20,Carlton,Gold Coast,12529,Ben,Long,22,
2026,20,Carlton,Gold Coast,12329,Touk,Miller,11,
2026,20,Carlton,Gold Coast,12242,Ned,Moyle,23,
2026,20,Carlton,Gold Coast,12768,Jai,Murray,35,
2026,20,Carlton,Gold Coast,12743,John,Noble,2,
2026,20,Carlton,Gold Coast,13233,Dylan,Patterson,30,
2026,20,Carlton,Gold Coast,12825,Christian,Petracca,3,
2026,20,Carlton,Gold Coast,12658,Wil,Powell,27,
2026,20,Carlton,Gold Coast,12409,Daniel,Rioli,17,
2026,20,Carlton,Gold Coast,12769,Matt,Rowell,18,
2026,20,Carlton,Gold Coast,12086,Bodhi,Uwland,6,
2026,20,Carlton,Gold Coast,13037,Zeke,Uwland,32,
2026,20,Carlton,Gold Coast,13114,Jed,Walter,4,
2026,20,Hawthorn,Essendon,12391,Tom,Barrass,37,
2026,20,Hawthorn,Essendon,12565,Josh,Battle,24,
2026,20,Hawthorn,Essendon,12491,Mabior,Chol,18,
2026,20,Hawthorn,Essendon,12999,Massimo,DAmbrosio,16,
2026,20,Hawthorn,Essendon,12794,Will,Day,12,
2026,20,Hawthorn,Essendon,12928,Jack,Ginnivan,33,
2026,20,Hawthorn,Essendon,13137,Ollie,Greeves,35,
2026,20,Hawthorn,Essendon,11854,Jack,Gunston,19,
2026,20,Hawthorn,Essendon,12477,Blake,Hardwick,15,
2026,20,Hawthorn,Essendon,12245,Jarman,Impey,4,
2026,20,Hawthorn,Essendon,12643,Mitch,Lewis,2,
2026,20,Hawthorn,Essendon,13069,Bailey,Macdonald,42,
2026,20,Hawthorn,Essendon,12753,Connor,Macdonald,9,
2026,20,Hawthorn,Essendon,13039,Cam,Mackenzie,28,
2026,20,Hawthorn,Essendon,12854,Lloyd,Meek,17,
2026,20,Hawthorn,Essendon,12124,Dylan,Moore,8,
2026,20,Hawthorn,Essendon,12585,Harry,Morrison,1,
2026,20,Hawthorn,Essendon,13347,Noah,Mraz,21,
2026,20,Hawthorn,Essendon,12913,Jai,Newcombe,3,
2026,20,Hawthorn,Essendon,12342,James,Sicily,6,
2026,20,Hawthorn,Essendon,12954,Josh,Ward,25,
2026,20,Hawthorn,Essendon,12626,Nick,Watson,5,
2026,20,Hawthorn,Essendon,13059,Josh,Weddle,23,
2026,20,Hawthorn,Essendon,13237,Jaxon,Artemis,34,
2026,20,Hawthorn,Essendon,13238,Lachlan,Blakiston,46,
2026,20,Hawthorn,Essendon,13149,Nate,Caddy,30,
2026,20,Hawthorn,Essendon,13228,Angus,Clarke,36,
2026,20,Hawthorn,Essendon,12855,Nik,Cox,13,
2026,20,Hawthorn,Essendon,13224,Archer,Day-Wicks,44,
2026,20,Hawthorn,Essendon,12926,Sam,Durham,22,
2026,20,Hawthorn,Essendon,13284,Hussien,El Achkar,33,
2026,20,Hawthorn,Essendon,12809,Jacob,Farrow,2,
2026,20,Hawthorn,Essendon,13180,Isaac,Kako,10,
2026,20,Hawthorn,Essendon,13020,Max,Kondogiannis,29,
2026,20,Hawthorn,Essendon,12505,Andrew,McGrath,1,
2026,20,Hawthorn,Essendon,12588,Ben,McKay,32,
2026,20,Hawthorn,Essendon,12249,Zach,Merrett,7,
2026,20,Hawthorn,Essendon,12874,Jaxon,Prior,25,
2026,20,Hawthorn,Essendon,12445,Mason,Redman,27,
2026,20,Hawthorn,Essendon,12891,Zach,Reid,31,
2026,20,Hawthorn,Essendon,12640,Jordan,Ridley,14,
2026,20,Hawthorn,Essendon,13169,Archie,Roberts,21,
2026,20,Hawthorn,Essendon,12032,Sullivan,Robey,9,
2026,20,Hawthorn,Essendon,12574,Will,Setterfield,12,
2026,20,Hawthorn,Essendon,12384,Dyson,Sharp,15,
2026,20,Hawthorn,Essendon,12371,Peter,Wright,20,
2026,20,Greater Western Sydney,Sydney,13002,Ryan,Angwin,9,
2026,20,Greater Western Sydney,Sydney,12782,Lachie,Ash,7,
2026,20,Greater Western Sydney,Sydney,12773,Toby,Bedford,14,
2026,20,Greater Western Sydney,Sydney,12910,Callum,Brown,46,
2026,20,Greater Western Sydney,Sydney,13054,Aaron,Cadman,5,
2026,20,Greater Western Sydney,Sydney,12970,Finn,Callaghan,17,
2026,20,Greater Western Sydney,Sydney,12023,Stephen,Coniglio,3,
2026,20,Greater Western Sydney,Sydney,13165,Joe,Fonti,37,
2026,20,Greater Western Sydney,Sydney,13156,Max,Gruzewski,35,
2026,20,Greater Western Sydney,Sydney,13350,Riley,Hamilton,43,
2026,20,Greater Western Sydney,Sydney,12470,Harry,Himmelberg,27,
2026,20,Greater Western Sydney,Sydney,12749,Connor,Idun,39,
2026,20,Greater Western Sydney,Sydney,11998,Jayden,Laverde,25,
2026,20,Greater Western Sydney,Sydney,13235,Nick,Madden,41,
2026,20,Greater Western Sydney,Sydney,12822,Xavier,OHalloran,33,
2026,20,Greater Western Sydney,Sydney,12992,Clayton,Oliver,10,
2026,20,Greater Western Sydney,Sydney,13351,Jack,Ough,28,
2026,20,Greater Western Sydney,Sydney,13046,Harry,Rowston,24,
2026,20,Greater Western Sydney,Sydney,12887,Conor,Stone,18,
2026,20,Greater Western Sydney,Sydney,12173,Jake,Stringer,20,
2026,20,Greater Western Sydney,Sydney,12651,Sam,Taylor,15,
2026,20,Greater Western Sydney,Sydney,13101,Harvey,Thomas,1,
2026,20,Greater Western Sydney,Sydney,12147,Lachie,Whitfield,6,
2026,20,Greater Western Sydney,Sydney,13182,Riley,Bice,26,
2026,20,Greater Western Sydney,Sydney,12699,Nick,Blakey,22,
2026,20,Greater Western Sydney,Sydney,12865,Braeden,Campbell,16,
2026,20,Greater Western Sydney,Sydney,12677,Billy,Cootee,25,
2026,20,Greater Western Sydney,Sydney,13117,Charlie,Curnow,35,
2026,20,Greater Western Sydney,Sydney,13321,Will,Edwards,28,
2026,20,Greater Western Sydney,Sydney,12223,Brodie,Grundy,4,
2026,20,Greater Western Sydney,Sydney,12864,Errol,Gulden,21,
2026,20,Greater Western Sydney,Sydney,12331,Isaac,Heeney,5,
2026,20,Greater Western Sydney,Sydney,12853,James,Jordon,17,
2026,20,Greater Western Sydney,Sydney,13330,Harry,Kyle,32,
2026,20,Greater Western Sydney,Sydney,12275,Jake,Lloyd,44,
2026,20,Greater Western Sydney,Sydney,12634,Tom,McCartin,30,
2026,20,Greater Western Sydney,Sydney,12864,Logan,McDonald,6,
2026,20,Greater Western Sydney,Sydney,12745,Hayden,McLean,2,
2026,20,Greater Western Sydney,Sydney,12418,Callum,Mills,14,
2026,20,Greater Western Sydney,Sydney,12419,Tom,Papley,11,
2026,20,Greater Western Sydney,Sydney,12148,Dane,Rampe,24,
2026,20,Greater Western Sydney,Sydney,12993,Matt,Roberts,34,
2026,20,Greater Western Sydney,Sydney,12475,Malcolm,Rosas,10,
2026,20,Greater Western Sydney,Sydney,12715,James,Rowbottom,8,
2026,20,Greater Western Sydney,Sydney,12501,Jai,Serong,13,
2026,20,Greater Western Sydney,Sydney,12799,Chad,Warner,1,
2026,20,Western Bulldogs,Richmond,12277,Marcus,Bontempelli,4,
2026,20,Western Bulldogs,Richmond,12917,Lachlan,Bramble,29,
2026,20,Western Bulldogs,Richmond,13218,Jedd,Busslinger,5,
2026,20,Western Bulldogs,Richmond,12615,Nick,Coffield,17,
2026,20,Western Bulldogs,Richmond,13269,Jordan,Croft,16,
2026,20,Western Bulldogs,Richmond,13184,Sam,Davidson,42,
2026,20,Western Bulldogs,Richmond,13185,Josh,Dolan,26,
2026,20,Western Bulldogs,Richmond,12548,Tim,English,44,
2026,20,Western Bulldogs,Richmond,13140,Joel,Freijah,27,
2026,20,Western Bulldogs,Richmond,13215,Cooper,Hynes,6,
2026,20,Western Bulldogs,Richmond,13047,Arthur,Jones,32,
2026,20,Western Bulldogs,Richmond,12463,Matthew,Kennedy,8,
2026,20,Western Bulldogs,Richmond,12901,Buku,Khamis,24,
2026,20,Western Bulldogs,Richmond,11904,Tom,Liberatore,21,
2026,20,Western Bulldogs,Richmond,12289,Rory,Lobb,7,
2026,20,Western Bulldogs,Richmond,12602,Aaron,Naughton,33,
2026,20,Western Bulldogs,Richmond,13063,James,ODonnell,18,
2026,20,Western Bulldogs,Richmond,12612,Ed,Richards,20,
2026,20,Western Bulldogs,Richmond,13111,Ryley,Sanders,9,
2026,20,Western Bulldogs,Richmond,13279,Michael,Sellwood,37,
2026,20,Western Bulldogs,Richmond,12803,Cody,Weightman,3,
2026,20,Western Bulldogs,Richmond,12748,Rhylee,West,14,
2026,20,Western Bulldogs,Richmond,12449,Bailey,Williams,34,
2026,20,Western Bulldogs,Richmond,13076,Kye,Annand,41,
2026,20,Western Bulldogs,Richmond,13081,Sam,Banks,6,
2026,20,Western Bulldogs,Richmond,12464,Nathan,Broad,35,
2026,20,Western Bulldogs,Richmond,13097,Tom,Brown,30,
2026,20,Western Bulldogs,Richmond,13100,Seth,Campbell,44,
2026,20,Western Bulldogs,Richmond,13177,Sam,Cumming,22,
2026,20,Western Bulldogs,Richmond,13253,Sam,Grlj,24,
2026,20,Western Bulldogs,Richmond,13256,Taj,Hotton,10,
2026,20,Western Bulldogs,Richmond,13193,Sam,Lalor,4,
2026,20,Western Bulldogs,Richmond,13115,Mykelti,Lefau,42,
2026,20,Western Bulldogs,Richmond,11953,Tom,Lynch,19,
2026,20,Western Bulldogs,Richmond,12884,Rhyan,Mansell,7,
2026,20,Western Bulldogs,Richmond,12379,Toby,Nankervis,25,
2026,20,Western Bulldogs,Richmond,13213,Zane,Peucker,26,
2026,20,Western Bulldogs,Richmond,11921,Dion,Prestia,3,
2026,20,Western Bulldogs,Richmond,12904,Hugo,Ralphsmith,13,
2026,20,Western Bulldogs,Richmond,12324,Patrick,Retschko,33,
2026,20,Western Bulldogs,Richmond,12712,Jack,Ross,5,
2026,20,Western Bulldogs,Richmond,12425,Jayden,Short,15,
2026,20,Western Bulldogs,Richmond,13015,Tyler,Sonsie,40,
2026,20,Western Bulldogs,Richmond,12512,Tim,Taranto,14,
2026,20,Western Bulldogs,Richmond,13194,Luke,Trainor,11,
2026,20,Western Bulldogs,Richmond,12180,Nick,Vlastuin,1,
2026,20,Brisbane Lions,Port Adelaide,12347,Harris,Andrews,31,
2026,20,Brisbane Lions,Port Adelaide,12719,Noah,Answerth,43,
2026,20,Brisbane Lions,Port Adelaide,13183,Levi,Ashcroft,10,
2026,20,Brisbane Lions,Port Adelaide,13034,Will,Ashcroft,8,
2026,20,Brisbane Lions,Port Adelaide,12617,Zac,Bailey,33,
2026,20,Brisbane Lions,Port Adelaide,12525,Jarrod,Berry,7,
2026,20,Brisbane Lions,Port Adelaide,12284,Charlie,Cameron,23,
2026,20,Brisbane Lions,Port Adelaide,12772,Sam,Draper,2,
2026,20,Brisbane Lions,Port Adelaide,12421,Josh,Dunkley,5,
2026,20,Brisbane Lions,Port Adelaide,13072,Jaspa,Fletcher,3,
2026,20,Brisbane Lions,Port Adelaide,12726,Darcy,Fort,32,
2026,20,Brisbane Lions,Port Adelaide,13234,Ty,Gallop,22,
2026,20,Brisbane Lions,Port Adelaide,12462,Eric,Hipwood,30,
2026,20,Brisbane Lions,Port Adelaide,11901,Ryan,Lester,35,
2026,20,Brisbane Lions,Port Adelaide,12969,Kai,Lohmann,1,
2026,20,Brisbane Lions,Port Adelaide,12526,Hugh,McCluggage,6,
2026,20,Brisbane Lions,Port Adelaide,12400,Conor,McKenna,26,
2026,20,Brisbane Lions,Port Adelaide,13138,Logan,Morris,13,
2026,20,Brisbane Lions,Port Adelaide,12061,Lachie,Neale,9,
2026,20,Brisbane Lions,Port Adelaide,12594,Cam,Rayner,16,
2026,20,Brisbane Lions,Port Adelaide,13003,James,Tunstill,29,
2026,20,Brisbane Lions,Port Adelaide,13027,Darcy,Wilmot,44,
2026,20,Brisbane Lions,Port Adelaide,12082,Dayne,Zorko,15,
2026,20,Brisbane Lions,Port Adelaide,12442,Aliir,Aliir,21,
2026,20,Brisbane Lions,Port Adelaide,13340,Xavier,Bamert,46,
2026,20,Brisbane Lions,Port Adelaide,12868,Miles,Bergman,14,
2026,20,Brisbane Lions,Port Adelaide,13188,Joe,Berry,5,
2026,20,Brisbane Lions,Port Adelaide,13011,Jase,Burgoyne,7,
2026,20,Brisbane Lions,Port Adelaide,12429,Darcy,Byrne-Jones,33,
2026,20,Brisbane Lions,Port Adelaide,12694,Willem,Drew,28,
2026,20,Brisbane Lions,Port Adelaide,12952,Corey,Durdin,44,
2026,20,Brisbane Lions,Port Adelaide,13155,Logan,Evans,22,
2026,20,Brisbane Lions,Port Adelaide,12770,Mitch,Georgiades,19,
2026,20,Brisbane Lions,Port Adelaide,12955,Jason,Horne-Francis,18,
2026,20,Brisbane Lions,Port Adelaide,12883,Lachie,Jones,34,
2026,20,Brisbane Lions,Port Adelaide,13304,Josh,Lai,43,
2026,20,Brisbane Lions,Port Adelaide,12578,Todd,Marshall,4,
2026,20,Brisbane Lions,Port Adelaide,12557,Christian,Moraes,11,
2026,20,Brisbane Lions,Port Adelaide,12925,Balyn,OBrien,41,
2026,20,Brisbane Lions,Port Adelaide,12890,Jordon,Sweet,24,
2026,20,Brisbane Lions,Port Adelaide,13074,Dante,Visentini,38,
2026,20,Brisbane Lions,Port Adelaide,13205,Jack,Watkins,37,
2026,20,Brisbane Lions,Port Adelaide,13261,Jack,Whitlock,17,
2026,20,Brisbane Lions,Port Adelaide,12155,Ollie,Wines,16,
2026,20,Brisbane Lions,Port Adelaide,13231,Mitch,Zadow,39,
2026,20,Brisbane Lions,Port Adelaide,12757,Brandon,Zerk-Thatcher,25,
2026,20,North Melbourne,St Kilda,13257,Zac,Banch,45,
2026,20,North Melbourne,St Kilda,12939,Charlie,Comben,30,
2026,20,North Melbourne,St Kilda,12185,Aidan,Corr,4,
2026,20,North Melbourne,St Kilda,12975,Paul,Curtis,25,
2026,20,North Melbourne,St Kilda,12382,Caleb,Daniel,5,
2026,20,North Melbourne,St Kilda,11908,Jack,Darling,27,
2026,20,North Melbourne,St Kilda,12599,Luke,Davies-Uniacke,9,
2026,20,North Melbourne,St Kilda,13028,Josh,Goater,31,
2026,20,North Melbourne,St Kilda,13079,Cooper,Harvey,37,
2026,20,North Melbourne,St Kilda,12569,Nick,Larkey,20,
2026,20,North Melbourne,St Kilda,12524,Griffin,Logue,19,
2026,20,North Melbourne,St Kilda,13105,Colby,McKercher,10,
2026,20,North Melbourne,St Kilda,13187,Finn,OSullivan,2,
2026,20,North Melbourne,St Kilda,11958,Luke,Parker,26,
2026,20,North Melbourne,St Kilda,12705,Bailey,Scott,8,
2026,20,North Melbourne,St Kilda,13030,Harry,Sheezel,3,
2026,20,North Melbourne,St Kilda,12511,Jy,Simpkin,12,
2026,20,North Melbourne,St Kilda,12434,Charlie,Spargo,13,
2026,20,North Melbourne,St Kilda,12798,Dylan,Stephens,15,
2026,20,North Melbourne,St Kilda,13263,Cooper,Trembath,47,
2026,20,North Melbourne,St Kilda,13209,Matt,Whitlock,35,
2026,20,North Melbourne,St Kilda,12789,Tristan,Xerri,38,
2026,20,North Melbourne,St Kilda,12566,Cameron,Zurhaar,44,
2026,20,North Melbourne,St Kilda,13221,Hugh,Boxshall,38,
2026,20,North Melbourne,St Kilda,12498,Dan,Butler,16,
2026,20,North Melbourne,St Kilda,12804,Ryan,Byrnes,13,
2026,20,North Melbourne,St Kilda,13041,Anthony,Caminiti,47,
2026,20,North Melbourne,St Kilda,12593,Hunter,Clark,11,
2026,20,North Melbourne,St Kilda,12399,Tom,De Koning,21,
2026,20,North Melbourne,St Kilda,13124,Hugo,Garcia,34,
2026,20,North Melbourne,St Kilda,13191,Max,Hall,40,
2026,20,North Melbourne,St Kilda,12616,Jack,Higgins,1,
2026,20,North Melbourne,St Kilda,12066,Bradley,Hill,8,
2026,20,North Melbourne,St Kilda,12776,Max,King,12,
2026,20,North Melbourne,St Kilda,13192,Liam,OConnell,45,
2026,20,North Melbourne,St Kilda,12945,Mitch,Owens,10,
2026,20,North Melbourne,St Kilda,13042,Mattaes,Phillipou,25,
2026,20,North Melbourne,St Kilda,13190,Liam,Ryan,31,
2026,20,North Melbourne,St Kilda,12294,Jack,Silvagni,3,
2026,20,North Melbourne,St Kilda,12721,Liam,Stocker,14,
2026,20,North Melbourne,St Kilda,13206,Tobie,Travaglia,5,
2026,20,North Melbourne,St Kilda,12947,Nasiah,Wanganeen-Milera,7,
2026,20,North Melbourne,St Kilda,12701,Callum,Wilkie,44,
2026,20,North Melbourne,St Kilda,13109,Darcy,Wilson,22,
2026,20,North Melbourne,St Kilda,12968,Marcus,Windhager,2,
2026,20,North Melbourne,St Kilda,12321,Mason,Wood,32,
2026,21,Collingwood,Geelong,13147,Edward,Allan,16,
2026,21,Collingwood,Geelong,12648,Angus,Anderson,41,
2026,21,Collingwood,Geelong,12666,Darcy,Cameron,14,
2026,21,Collingwood,Geelong,12067,Jack,Crisp,25,
2026,21,Collingwood,Geelong,12582,Josh,Daicos,7,
2026,21,Collingwood,Geelong,12948,Nick,Daicos,35,
2026,21,Collingwood,Geelong,12333,Jordan,de Goey,2,
2026,21,Collingwood,Geelong,12682,Billy,Frampton,17,
2026,21,Collingwood,Geelong,13071,Harvey,Harrison,36,
2026,21,Collingwood,Geelong,12503,Dan,Houston,9,
2026,21,Collingwood,Geelong,11973,Jeremy,Howe,38,
2026,21,Collingwood,Geelong,12586,Patrick,Lipinski,1,
2026,21,Collingwood,Geelong,13025,Ned,Long,44,
2026,21,Collingwood,Geelong,12877,Beau,McCreery,31,
2026,21,Collingwood,Geelong,12297,Daniel,McStay,11,
2026,21,Collingwood,Geelong,12307,Tim,Membrey,28,
2026,21,Collingwood,Geelong,11506,Scott,Pendlebury,10,
2026,21,Collingwood,Geelong,12541,Harry,Perryman,12,
2026,21,Collingwood,Geelong,13345,Liam,Puncher,47,
2026,21,Collingwood,Geelong,12740,Isaac,Quaynor,3,
2026,21,Collingwood,Geelong,12704,Lachie,Schultz,8,
2026,21,Collingwood,Geelong,11759,Steele,Sidebottom,22,
2026,21,Collingwood,Geelong,13247,Charlie,West,29,
2026,21,Collingwood,Geelong,12687,Tom,Atkins,30,
2026,21,Collingwood,Geelong,12160,Mark,Blicavs,46,
2026,21,Collingwood,Geelong,12874,Tanner,Bruhn,4,
2026,21,Collingwood,Geelong,13062,Jhye,Clark,13,
2026,21,Collingwood,Geelong,12808,Brad,Close,45,
2026,21,Collingwood,Geelong,12976,Oliver,Dempsey,28,
2026,21,Collingwood,Geelong,13288,Mitchell,Edwards,11,
2026,21,Collingwood,Geelong,12559,Zach,Guthrie,39,
2026,21,Collingwood,Geelong,12614,Jack,Henry,38,
2026,21,Collingwood,Geelong,12850,Oliver,Henry,36,
2026,21,Collingwood,Geelong,13162,Lawson,Humphries,17,
2026,21,Collingwood,Geelong,13107,Shaun,Mannagh,7,
2026,21,Collingwood,Geelong,12243,Jack,Martin,19,
2026,21,Collingwood,Geelong,12690,Gryan,Miers,32,
2026,21,Collingwood,Geelong,13067,Oisin,Mullin,34,
2026,21,Collingwood,Geelong,12995,Shannon,Neale,33,
2026,21,Collingwood,Geelong,12540,Mark,OConnor,42,
2026,21,Collingwood,Geelong,13125,Connor,OSullivan,14,
2026,21,Collingwood,Geelong,13356,Jay,Polkinghorne,2,
2026,21,Collingwood,Geelong,12698,Bailey,Smith,3,
2026,21,Collingwood,Geelong,12514,Tom,Stewart,44,
2026,21,Collingwood,Geelong,13219,Oliver,Wiltshire,21,
2026,21,Collingwood,Geelong,12622,James,Worpel,29,
2026,21,Fremantle,Western Bulldogs,12983,Jye,Amiss,24,
2026,21,Fremantle,Western Bulldogs,12538,Shai,Bolton,10,
2026,21,Fremantle,Western Bulldogs,12596,Andrew,Brayshaw,8,
2026,21,Fremantle,Western Bulldogs,12876,Heath,Chapman,5,
2026,21,Fremantle,Western Bulldogs,12688,Jordan,Clark,6,
2026,21,Fremantle,Western Bulldogs,13171,Mason,Cox,18,
2026,21,Fremantle,Western Bulldogs,13207,Isaiah,Dudley,43,
2026,21,Fremantle,Western Bulldogs,12967,Neil,Erasmus,28,
2026,21,Fremantle,Western Bulldogs,12803,Michael,Frederick,32,
2026,21,Fremantle,Western Bulldogs,12779,Luke,Jackson,9,
2026,21,Fremantle,Western Bulldogs,13049,Matthew,Johnson,44,
2026,21,Fremantle,Western Bulldogs,12402,Oscar,McDonald,21,
2026,21,Fremantle,Western Bulldogs,13036,Judd,McVee,17,
2026,21,Fremantle,Western Bulldogs,12964,Nathan,ODriscoll,30,
2026,21,Fremantle,Western Bulldogs,12361,Alex,Pearce,25,
2026,21,Fremantle,Western Bulldogs,13181,Murphy,Reid,16,
2026,21,Fremantle,Western Bulldogs,12550,Luke,Ryan,13,
2026,21,Fremantle,Western Bulldogs,12786,Caleb,Serong,3,
2026,21,Fremantle,Western Bulldogs,12679,Sam,Switkowski,39,
2026,21,Fremantle,Western Bulldogs,12888,Josh,Treacy,35,
2026,21,Fremantle,Western Bulldogs,13132,Patrick,Voss,20,
2026,21,Fremantle,Western Bulldogs,13080,Karl,Worner,23,
2026,21,Fremantle,Western Bulldogs,12777,Hayden,Young,26,
2026,21,Fremantle,Western Bulldogs,12277,Marcus,Bontempelli,4,
2026,21,Fremantle,Western Bulldogs,12917,Lachlan,Bramble,29,
2026,21,Fremantle,Western Bulldogs,13218,Jedd,Busslinger,5,
2026,21,Fremantle,Western Bulldogs,12615,Nick,Coffield,17,
2026,21,Fremantle,Western Bulldogs,13269,Jordan,Croft,16,
2026,21,Fremantle,Western Bulldogs,13184,Sam,Davidson,42,
2026,21,Fremantle,Western Bulldogs,13185,Josh,Dolan,26,
2026,21,Fremantle,Western Bulldogs,12897,Louis,Emmett,25,
2026,21,Fremantle,Western Bulldogs,12548,Tim,English,44,
2026,21,Fremantle,Western Bulldogs,13140,Joel,Freijah,27,
2026,21,Fremantle,Western Bulldogs,13215,Cooper,Hynes,6,
2026,21,Fremantle,Western Bulldogs,13047,Arthur,Jones,32,
2026,21,Fremantle,Western Bulldogs,12463,Matthew,Kennedy,8,
2026,21,Fremantle,Western Bulldogs,12901,Buku,Khamis,24,
2026,21,Fremantle,Western Bulldogs,11904,Tom,Liberatore,21,
2026,21,Fremantle,Western Bulldogs,12289,Rory,Lobb,7,
2026,21,Fremantle,Western Bulldogs,13063,James,ODonnell,18,
2026,21,Fremantle,Western Bulldogs,12612,Ed,Richards,20,
2026,21,Fremantle,Western Bulldogs,13111,Ryley,Sanders,9,
2026,21,Fremantle,Western Bulldogs,13279,Michael,Sellwood,37,
2026,21,Fremantle,Western Bulldogs,12781,Laitham,Vandermeer,23,
2026,21,Fremantle,Western Bulldogs,12748,Rhylee,West,14,
2026,21,Fremantle,Western Bulldogs,12449,Bailey,Williams,34,
2026,21,St Kilda,Sydney,13221,Hugh,Boxshall,38,
2026,21,St Kilda,Sydney,12804,Ryan,Byrnes,13,
2026,21,St Kilda,Sydney,13041,Anthony,Caminiti,47,
2026,21,St Kilda,Sydney,12593,Hunter,Clark,11,
2026,21,St Kilda,Sydney,12399,Tom,De Koning,21,
2026,21,St Kilda,Sydney,13124,Hugo,Garcia,34,
2026,21,St Kilda,Sydney,13191,Max,Hall,40,
2026,21,St Kilda,Sydney,12616,Jack,Higgins,1,
2026,21,St Kilda,Sydney,12066,Bradley,Hill,8,
2026,21,St Kilda,Sydney,13334,Campbell,Lake,39,
2026,21,St Kilda,Sydney,12572,Rowan,Marshall,19,
2026,21,St Kilda,Sydney,13192,Liam,OConnell,45,
2026,21,St Kilda,Sydney,12945,Mitch,Owens,10,
2026,21,St Kilda,Sydney,13042,Mattaes,Phillipou,25,
2026,21,St Kilda,Sydney,13190,Liam,Ryan,31,
2026,21,St Kilda,Sydney,12294,Jack,Silvagni,3,
2026,21,St Kilda,Sydney,12721,Liam,Stocker,14,
2026,21,St Kilda,Sydney,13206,Tobie,Travaglia,5,
2026,21,St Kilda,Sydney,12947,Nasiah,Wanganeen-Milera,7,
2026,21,St Kilda,Sydney,12701,Callum,Wilkie,44,
2026,21,St Kilda,Sydney,13109,Darcy,Wilson,22,
2026,21,St Kilda,Sydney,12968,Marcus,Windhager,2,
2026,21,St Kilda,Sydney,12321,Mason,Wood,32,
2026,21,St Kilda,Sydney,13182,Riley,Bice,26,
2026,21,St Kilda,Sydney,12699,Nick,Blakey,22,
2026,21,St Kilda,Sydney,12865,Braeden,Campbell,16,
2026,21,St Kilda,Sydney,12677,Billy,Cootee,25,
2026,21,St Kilda,Sydney,13117,Charlie,Curnow,35,
2026,21,St Kilda,Sydney,13321,Will,Edwards,28,
2026,21,St Kilda,Sydney,12223,Brodie,Grundy,4,
2026,21,St Kilda,Sydney,12864,Errol,Gulden,21,
2026,21,St Kilda,Sydney,12331,Isaac,Heeney,5,
2026,21,St Kilda,Sydney,12853,James,Jordon,17,
2026,21,St Kilda,Sydney,13330,Harry,Kyle,32,
2026,21,St Kilda,Sydney,12275,Jake,Lloyd,44,
2026,21,St Kilda,Sydney,12634,Tom,McCartin,30,
2026,21,St Kilda,Sydney,12864,Logan,McDonald,6,
2026,21,St Kilda,Sydney,12745,Hayden,McLean,2,
2026,21,St Kilda,Sydney,12418,Callum,Mills,14,
2026,21,St Kilda,Sydney,12419,Tom,Papley,11,
2026,21,St Kilda,Sydney,12148,Dane,Rampe,24,
2026,21,St Kilda,Sydney,12993,Matt,Roberts,34,
2026,21,St Kilda,Sydney,12475,Malcolm,Rosas,10,
2026,21,St Kilda,Sydney,12715,James,Rowbottom,8,
2026,21,St Kilda,Sydney,12501,Jai,Serong,13,
2026,21,St Kilda,Sydney,12799,Chad,Warner,1,
2026,21,Hawthorn,North Melbourne,12391,Tom,Barrass,37,
2026,21,Hawthorn,North Melbourne,12565,Josh,Battle,24,
2026,21,Hawthorn,North Melbourne,12491,Mabior,Chol,18,
2026,21,Hawthorn,North Melbourne,12999,Massimo,DAmbrosio,16,
2026,21,Hawthorn,North Melbourne,12794,Will,Day,12,
2026,21,Hawthorn,North Melbourne,12928,Jack,Ginnivan,33,
2026,21,Hawthorn,North Melbourne,13137,Ollie,Greeves,35,
2026,21,Hawthorn,North Melbourne,11854,Jack,Gunston,19,
2026,21,Hawthorn,North Melbourne,12477,Blake,Hardwick,15,
2026,21,Hawthorn,North Melbourne,12245,Jarman,Impey,4,
2026,21,Hawthorn,North Melbourne,13069,Bailey,Macdonald,42,
2026,21,Hawthorn,North Melbourne,12753,Connor,Macdonald,9,
2026,21,Hawthorn,North Melbourne,13039,Cam,Mackenzie,28,
2026,21,Hawthorn,North Melbourne,12846,Finn,Maginness,20,
2026,21,Hawthorn,North Melbourne,12854,Lloyd,Meek,17,
2026,21,Hawthorn,North Melbourne,12124,Dylan,Moore,8,
2026,21,Hawthorn,North Melbourne,12585,Harry,Morrison,1,
2026,21,Hawthorn,North Melbourne,12913,Jai,Newcombe,3,
2026,21,Hawthorn,North Melbourne,13361,Aidan,Schubert,29,
2026,21,Hawthorn,North Melbourne,12342,James,Sicily,6,
2026,21,Hawthorn,North Melbourne,12954,Josh,Ward,25,
2026,21,Hawthorn,North Melbourne,12626,Nick,Watson,5,
2026,21,Hawthorn,North Melbourne,13059,Josh,Weddle,23,
2026,21,Hawthorn,North Melbourne,13257,Zac,Banch,45,
2026,21,Hawthorn,North Melbourne,13220,Tom,Blamires,39,
2026,21,Hawthorn,North Melbourne,12939,Charlie,Comben,30,
2026,21,Hawthorn,North Melbourne,12185,Aidan,Corr,4,
2026,21,Hawthorn,North Melbourne,12975,Paul,Curtis,25,
2026,21,Hawthorn,North Melbourne,12382,Caleb,Daniel,5,
2026,21,Hawthorn,North Melbourne,11908,Jack,Darling,27,
2026,21,Hawthorn,North Melbourne,12599,Luke,Davies-Uniacke,9,
2026,21,Hawthorn,North Melbourne,13145,Wil,Dawson,18,
2026,21,Hawthorn,North Melbourne,13028,Josh,Goater,31,
2026,21,Hawthorn,North Melbourne,12569,Nick,Larkey,20,
2026,21,Hawthorn,North Melbourne,12524,Griffin,Logue,19,
2026,21,Hawthorn,North Melbourne,13105,Colby,McKercher,10,
2026,21,Hawthorn,North Melbourne,13187,Finn,OSullivan,2,
2026,21,Hawthorn,North Melbourne,11958,Luke,Parker,26,
2026,21,Hawthorn,North Melbourne,12705,Bailey,Scott,8,
2026,21,Hawthorn,North Melbourne,13030,Harry,Sheezel,3,
2026,21,Hawthorn,North Melbourne,12511,Jy,Simpkin,12,
2026,21,Hawthorn,North Melbourne,12434,Charlie,Spargo,13,
2026,21,Hawthorn,North Melbourne,12798,Dylan,Stephens,15,
2026,21,Hawthorn,North Melbourne,13263,Cooper,Trembath,47,
2026,21,Hawthorn,North Melbourne,12789,Tristan,Xerri,38,
2026,21,Hawthorn,North Melbourne,12566,Cameron,Zurhaar,44,
2026,21,Port Adelaide,Greater Western Sydney,12442,Aliir,Aliir,21,
2026,21,Port Adelaide,Greater Western Sydney,13340,Xavier,Bamert,46,
2026,21,Port Adelaide,Greater Western Sydney,12868,Miles,Bergman,14,
2026,21,Port Adelaide,Greater Western Sydney,13188,Joe,Berry,5,
2026,21,Port Adelaide,Greater Western Sydney,13011,Jase,Burgoyne,7,
2026,21,Port Adelaide,Greater Western Sydney,12429,Darcy,Byrne-Jones,33,
2026,21,Port Adelaide,Greater Western Sydney,12694,Willem,Drew,28,
2026,21,Port Adelaide,Greater Western Sydney,12952,Corey,Durdin,44,
2026,21,Port Adelaide,Greater Western Sydney,12770,Mitch,Georgiades,19,
2026,21,Port Adelaide,Greater Western Sydney,12955,Jason,Horne-Francis,18,
2026,21,Port Adelaide,Greater Western Sydney,12883,Lachie,Jones,34,
2026,21,Port Adelaide,Greater Western Sydney,13304,Josh,Lai,43,
2026,21,Port Adelaide,Greater Western Sydney,13163,Will,Lorenz,36,
2026,21,Port Adelaide,Greater Western Sydney,12578,Todd,Marshall,4,
2026,21,Port Adelaide,Greater Western Sydney,12557,Christian,Moraes,11,
2026,21,Port Adelaide,Greater Western Sydney,12925,Balyn,OBrien,41,
2026,21,Port Adelaide,Greater Western Sydney,12389,Harrison,Ramm,32,
2026,21,Port Adelaide,Greater Western Sydney,12890,Jordon,Sweet,24,
2026,21,Port Adelaide,Greater Western Sydney,13074,Dante,Visentini,38,
2026,21,Port Adelaide,Greater Western Sydney,13205,Jack,Watkins,37,
2026,21,Port Adelaide,Greater Western Sydney,13261,Jack,Whitlock,17,
2026,21,Port Adelaide,Greater Western Sydney,12155,Ollie,Wines,16,
2026,21,Port Adelaide,Greater Western Sydney,13231,Mitch,Zadow,39,
2026,21,Port Adelaide,Greater Western Sydney,13002,Ryan,Angwin,9,
2026,21,Port Adelaide,Greater Western Sydney,12782,Lachie,Ash,7,
2026,21,Port Adelaide,Greater Western Sydney,12773,Toby,Bedford,14,
2026,21,Port Adelaide,Greater Western Sydney,12905,Kieren,Briggs,32,
2026,21,Port Adelaide,Greater Western Sydney,12910,Callum,Brown,46,
2026,21,Port Adelaide,Greater Western Sydney,13054,Aaron,Cadman,5,
2026,21,Port Adelaide,Greater Western Sydney,12023,Stephen,Coniglio,3,
2026,21,Port Adelaide,Greater Western Sydney,13223,Josaia,Delana,38,
2026,21,Port Adelaide,Greater Western Sydney,13165,Joe,Fonti,37,
2026,21,Port Adelaide,Greater Western Sydney,13156,Max,Gruzewski,35,
2026,21,Port Adelaide,Greater Western Sydney,13350,Riley,Hamilton,43,
2026,21,Port Adelaide,Greater Western Sydney,12470,Harry,Himmelberg,27,
2026,21,Port Adelaide,Greater Western Sydney,12749,Connor,Idun,39,
2026,21,Port Adelaide,Greater Western Sydney,11998,Jayden,Laverde,25,
2026,21,Port Adelaide,Greater Western Sydney,13235,Nick,Madden,41,
2026,21,Port Adelaide,Greater Western Sydney,12822,Xavier,OHalloran,33,
2026,21,Port Adelaide,Greater Western Sydney,12992,Clayton,Oliver,10,
2026,21,Port Adelaide,Greater Western Sydney,13351,Jack,Ough,28,
2026,21,Port Adelaide,Greater Western Sydney,13046,Harry,Rowston,24,
2026,21,Port Adelaide,Greater Western Sydney,12173,Jake,Stringer,20,
2026,21,Port Adelaide,Greater Western Sydney,12651,Sam,Taylor,15,
2026,21,Port Adelaide,Greater Western Sydney,13101,Harvey,Thomas,1,
2026,21,Port Adelaide,Greater Western Sydney,12147,Lachie,Whitfield,6,
2026,21,Carlton,Brisbane Lions,12282,Blake,Acres,13,
2026,21,Carlton,Brisbane Lions,12681,Ben,Ainsworth,12,
2026,21,Carlton,Brisbane Lions,13057,Talor,Byrne,39,
2026,21,Carlton,Brisbane Lions,12610,Adam,Cerra,5,
2026,21,Carlton,Brisbane Lions,12823,Matthew,Cottrell,46,
2026,21,Carlton,Brisbane Lions,13028,Lachlan,Cowan,2,
2026,21,Carlton,Brisbane Lions,12269,Patrick,Cripps,9,
2026,21,Carlton,Brisbane Lions,13245,Harry,Dean,35,
2026,21,Carlton,Brisbane Lions,13306,Wade,Derksen,47,
2026,21,Carlton,Brisbane Lions,12873,Francis,Evans,44,
2026,21,Carlton,Brisbane Lions,12308,Oliver,Florent,14,
2026,21,Carlton,Brisbane Lions,12096,Nick,Haynes,26,
2026,21,Carlton,Brisbane Lions,12937,Will,Hayward,19,
2026,21,Carlton,Brisbane Lions,12417,George,Hewett,29,
2026,21,Carlton,Brisbane Lions,12938,Brodie,Kemp,17,
2026,21,Carlton,Brisbane Lions,13173,Cooper,Lord,36,
2026,21,Carlton,Brisbane Lions,12415,Mitch,McGovern,11,
2026,21,Carlton,Brisbane Lions,12575,Harry,McKay,10,
2026,21,Carlton,Brisbane Lions,12424,Marc,Pittonet,27,
2026,21,Carlton,Brisbane Lions,13277,Jagga,Smith,7,
2026,21,Carlton,Brisbane Lions,12685,Sam,Walsh,18,
2026,21,Carlton,Brisbane Lions,12175,Billy,Wilson,15,
2026,21,Carlton,Brisbane Lions,12567,Lewis,Young,33,
2026,21,Carlton,Brisbane Lions,12412,Oscar,Allen,4,
2026,21,Carlton,Brisbane Lions,12347,Harris,Andrews,31,
2026,21,Carlton,Brisbane Lions,12719,Noah,Answerth,43,
2026,21,Carlton,Brisbane Lions,13183,Levi,Ashcroft,10,
2026,21,Carlton,Brisbane Lions,13034,Will,Ashcroft,8,
2026,21,Carlton,Brisbane Lions,12617,Zac,Bailey,33,
2026,21,Carlton,Brisbane Lions,12525,Jarrod,Berry,7,
2026,21,Carlton,Brisbane Lions,12284,Charlie,Cameron,23,
2026,21,Carlton,Brisbane Lions,12838,Keidean,Coleman,18,
2026,21,Carlton,Brisbane Lions,12772,Sam,Draper,2,
2026,21,Carlton,Brisbane Lions,12421,Josh,Dunkley,5,
2026,21,Carlton,Brisbane Lions,13072,Jaspa,Fletcher,3,
2026,21,Carlton,Brisbane Lions,12726,Darcy,Fort,32,
2026,21,Carlton,Brisbane Lions,12462,Eric,Hipwood,30,
2026,21,Carlton,Brisbane Lions,11901,Ryan,Lester,35,
2026,21,Carlton,Brisbane Lions,12969,Kai,Lohmann,1,
2026,21,Carlton,Brisbane Lions,12526,Hugh,McCluggage,6,
2026,21,Carlton,Brisbane Lions,12400,Conor,McKenna,26,
2026,21,Carlton,Brisbane Lions,13138,Logan,Morris,13,
2026,21,Carlton,Brisbane Lions,12061,Lachie,Neale,9,
2026,21,Carlton,Brisbane Lions,12594,Cam,Rayner,16,
2026,21,Carlton,Brisbane Lions,13139,Bruce,Reville,38,
2026,21,Carlton,Brisbane Lions,13027,Darcy,Wilmot,44,
2026,21,Richmond,West Coast,13076,Kye,Annand,41,
2026,21,Richmond,West Coast,13081,Sam,Banks,6,
2026,21,Richmond,West Coast,12464,Nathan,Broad,35,
2026,21,Richmond,West Coast,13097,Tom,Brown,30,
2026,21,Richmond,West Coast,13100,Seth,Campbell,44,
2026,21,Richmond,West Coast,13177,Sam,Cumming,22,
2026,21,Richmond,West Coast,13253,Sam,Grlj,24,
2026,21,Richmond,West Coast,13256,Taj,Hotton,10,
2026,21,Richmond,West Coast,13193,Sam,Lalor,4,
2026,21,Richmond,West Coast,13115,Mykelti,Lefau,42,
2026,21,Richmond,West Coast,11953,Tom,Lynch,19,
2026,21,Richmond,West Coast,12940,Ben,Miller,12,
2026,21,Richmond,West Coast,12379,Toby,Nankervis,25,
2026,21,Richmond,West Coast,11921,Dion,Prestia,3,
2026,21,Richmond,West Coast,12904,Hugo,Ralphsmith,13,
2026,21,Richmond,West Coast,12324,Patrick,Retschko,33,
2026,21,Richmond,West Coast,12712,Jack,Ross,5,
2026,21,Richmond,West Coast,12918,Samson,Ryan,32,
2026,21,Richmond,West Coast,12425,Jayden,Short,15,
2026,21,Richmond,West Coast,13015,Tyler,Sonsie,40,
2026,21,Richmond,West Coast,12512,Tim,Taranto,14,
2026,21,Richmond,West Coast,13194,Luke,Trainor,11,
2026,21,Richmond,West Coast,12180,Nick,Vlastuin,1,
2026,21,Richmond,West Coast,13222,Bo,Allan,26,
2026,21,Richmond,West Coast,13001,Rhett,Bazzo,33,
2026,21,Richmond,West Coast,13210,Sandy,Brock,41,
2026,21,Richmond,West Coast,12454,Tom,Cole,28,
2026,21,Richmond,West Coast,12630,Cooper,Duff-Tytler,21,
2026,21,Richmond,West Coast,12340,Liam,Duggan,14,
2026,21,Richmond,West Coast,12607,Willem,Duursma,1,
2026,21,Richmond,West Coast,12584,Jack,Graham,17,
2026,21,Richmond,West Coast,13342,Marcus,Herbert,51,
2026,21,Richmond,West Coast,12958,Brady,Hough,19,
2026,21,Richmond,West Coast,13139,Harvey,Johnston,24,
2026,21,Richmond,West Coast,12605,Tim,Kelly,11,
2026,21,Richmond,West Coast,13071,Ryan,Maric,23,
2026,21,Richmond,West Coast,13033,Tom,McCarthy,18,
2026,21,Richmond,West Coast,13297,Milan,Murdock,47,
2026,21,Richmond,West Coast,13112,Harley,Reid,9,
2026,21,Richmond,West Coast,13248,Jobe,Shanahan,35,
2026,21,Richmond,West Coast,12671,Brandon,Starcevich,4,
2026,21,Richmond,West Coast,12609,Jake,Waterman,2,
2026,21,Richmond,West Coast,12837,Bailey,Williams,32,
2026,21,Richmond,West Coast,12960,Jack,Williams,34,
2026,21,Richmond,West Coast,12090,Elliot,Yeo,6,
2026,21,Richmond,West Coast,12279,Tylar,Young,20,
2026,21,Gold Coast,Melbourne,13344,Beau,Addinsall,38,
2026,21,Gold Coast,Melbourne,12767,Noah,Anderson,15,
2026,21,Gold Coast,Melbourne,13019,Mac,Andrew,1,
2026,21,Gold Coast,Melbourne,12631,Charlie,Ballard,10,
2026,21,Gold Coast,Melbourne,12453,Sam,Collins,25,
2026,21,Gold Coast,Melbourne,13050,Bailey,Humphrey,19,
2026,21,Gold Coast,Melbourne,12936,Joel,Jeffrey,16,
2026,21,Gold Coast,Melbourne,12728,Ben,King,34,
2026,21,Gold Coast,Melbourne,12489,Leo,Lombard,8,
2026,21,Gold Coast,Melbourne,12529,Ben,Long,22,
2026,21,Gold Coast,Melbourne,12329,Touk,Miller,11,
2026,21,Gold Coast,Melbourne,12242,Ned,Moyle,23,
2026,21,Gold Coast,Melbourne,12768,Jai,Murray,35,
2026,21,Gold Coast,Melbourne,12743,John,Noble,2,
2026,21,Gold Coast,Melbourne,13233,Dylan,Patterson,30,
2026,21,Gold Coast,Melbourne,12825,Christian,Petracca,3,
2026,21,Gold Coast,Melbourne,12658,Wil,Powell,27,
2026,21,Gold Coast,Melbourne,13121,Ethan,Read,20,
2026,21,Gold Coast,Melbourne,12409,Daniel,Rioli,17,
2026,21,Gold Coast,Melbourne,13127,Jake,Rogers,29,
2026,21,Gold Coast,Melbourne,12769,Matt,Rowell,18,
2026,21,Gold Coast,Melbourne,12086,Bodhi,Uwland,6,
2026,21,Gold Coast,Melbourne,13114,Jed,Walter,4,
2026,21,Gold Coast,Melbourne,12933,Jake,Bowey,17,
2026,21,Gold Coast,Melbourne,13303,Paddy,Cross,41,
2026,21,Gold Coast,Melbourne,13338,Joel,Fitzgerald,47,
2026,21,Gold Coast,Melbourne,12603,Bayley,Fritsch,31,
2026,21,Gold Coast,Melbourne,11972,Max,Gawn,11,
2026,21,Gold Coast,Melbourne,13098,Blake,Howes,22,
2026,21,Gold Coast,Melbourne,13194,Matthew,Jefferson,21,
2026,21,Gold Coast,Melbourne,12255,Changkuoth,Jiath,14,
2026,21,Gold Coast,Melbourne,12401,Ed,Langdon,15,
2026,21,Gold Coast,Melbourne,13036,Harvey,Langford,4,
2026,21,Gold Coast,Melbourne,13035,Bailey,Laurie,16,
2026,21,Gold Coast,Melbourne,12359,Jake,Lever,8,
2026,21,Gold Coast,Melbourne,12015,Tom,McDonald,25,
2026,21,Gold Coast,Melbourne,12660,Harry,Petty,35,
2026,21,Gold Coast,Melbourne,12774,Kysaiah,Pickett,36,
2026,21,Gold Coast,Melbourne,12778,Trent,Rivers,24,
2026,21,Gold Coast,Melbourne,12280,Christian,Salem,3,
2026,21,Gold Coast,Melbourne,12862,Harry,Sharp,30,
2026,21,Gold Coast,Melbourne,12692,Tom,Sparrow,32,
2026,21,Gold Coast,Melbourne,12628,Jack,Steele,9,
2026,21,Gold Coast,Melbourne,13123,Koltyn,Tholstrup,12,
2026,21,Gold Coast,Melbourne,13048,Jacob,van Rooyen,2,
2026,21,Gold Coast,Melbourne,13099,Caleb,Windsor,6,
2026,21,Essendon,Adelaide,13237,Jaxon,Artemis,34,
2026,21,Essendon,Adelaide,12900,Nick,Bryan,24,
2026,21,Essendon,Adelaide,13149,Nate,Caddy,30,
2026,21,Essendon,Adelaide,13228,Angus,Clarke,36,
2026,21,Essendon,Adelaide,13224,Archer,Day-Wicks,44,
2026,21,Essendon,Adelaide,12926,Sam,Durham,22,
2026,21,Essendon,Adelaide,13284,Hussien,El Achkar,33,
2026,21,Essendon,Adelaide,12809,Jacob,Farrow,2,
2026,21,Essendon,Adelaide,13232,Zak,Johnson,40,
2026,21,Essendon,Adelaide,12857,Harry,Jones,23,
2026,21,Essendon,Adelaide,13180,Isaac,Kako,10,
2026,21,Essendon,Adelaide,13020,Max,Kondogiannis,29,
2026,21,Essendon,Adelaide,12358,Kyle,Langford,4,
2026,21,Essendon,Adelaide,12505,Andrew,McGrath,1,
2026,21,Essendon,Adelaide,12249,Zach,Merrett,7,
2026,21,Essendon,Adelaide,12874,Jaxon,Prior,25,
2026,21,Essendon,Adelaide,12445,Mason,Redman,27,
2026,21,Essendon,Adelaide,12891,Zach,Reid,31,
2026,21,Essendon,Adelaide,13169,Archie,Roberts,21,
2026,21,Essendon,Adelaide,12574,Will,Setterfield,12,
2026,21,Essendon,Adelaide,12384,Dyson,Sharp,15,
2026,21,Essendon,Adelaide,13265,Rhys,Unwin,38,
2026,21,Essendon,Adelaide,12371,Peter,Wright,20,
2026,21,Essendon,Adelaide,12592,Callum,Ah Chee,4,
2026,21,Essendon,Adelaide,13088,James,Borlase,35,
2026,21,Essendon,Adelaide,12936,Brayden,Cook,15,
2026,21,Essendon,Adelaide,12635,Isaac,Cumming,44,
2026,21,Essendon,Adelaide,13133,Daniel,Curtin,6,
2026,21,Essendon,Adelaide,12519,Jordan,Dawson,12,
2026,21,Essendon,Adelaide,13151,Billy,Dowling,31,
2026,21,Essendon,Adelaide,13166,Hugo,Hall-Kahan,40,
2026,21,Essendon,Adelaide,12813,Mark,Keane,48,
2026,21,Essendon,Adelaide,12441,Ben,Keays,2,
2026,21,Essendon,Adelaide,13189,Archie,Ludowyke,34,
2026,21,Essendon,Adelaide,13068,Lachlan,McAndrew,42,
2026,21,Essendon,Adelaide,13038,Max,Michalanney,16,
2026,21,Essendon,Adelaide,13084,Luke,Nankervis,27,
2026,21,Essendon,Adelaide,12375,Alex,Neal-Bullen,28,
2026,21,Essendon,Adelaide,12957,Josh,Rachele,8,
2026,21,Essendon,Adelaide,12797,Izak,Rankine,23,
2026,21,Essendon,Adelaide,13360,Oscar,Ryan,22,
2026,21,Essendon,Adelaide,12956,Jake,Soligo,14,
2026,21,Essendon,Adelaide,13161,Zac,Taylor,19,
2026,21,Essendon,Adelaide,12893,Riley,Thilthorpe,7,
2026,21,Essendon,Adelaide,11724,Taylor,Walker,13,
2026,21,Essendon,Adelaide,12916,Josh,Worrell,24,
2026,22,Western Bulldogs,North Melbourne,12277,Marcus,Bontempelli,4,
2026,22,Western Bulldogs,North Melbourne,12917,Lachlan,Bramble,29,
2026,22,Western Bulldogs,North Melbourne,12615,Nick,Coffield,17,
2026,22,Western Bulldogs,North Melbourne,13269,Jordan,Croft,16,
2026,22,Western Bulldogs,North Melbourne,13184,Sam,Davidson,42,
2026,22,Western Bulldogs,North Melbourne,13185,Josh,Dolan,26,
2026,22,Western Bulldogs,North Melbourne,12548,Tim,English,44,
2026,22,Western Bulldogs,North Melbourne,13140,Joel,Freijah,27,
2026,22,Western Bulldogs,North Melbourne,13215,Cooper,Hynes,6,
2026,22,Western Bulldogs,North Melbourne,13278,Lachie,Jaques,11,
2026,22,Western Bulldogs,North Melbourne,13047,Arthur,Jones,32,
2026,22,Western Bulldogs,North Melbourne,12463,Matthew,Kennedy,8,
2026,22,Western Bulldogs,North Melbourne,12901,Buku,Khamis,24,
2026,22,Western Bulldogs,North Melbourne,11904,Tom,Liberatore,21,
2026,22,Western Bulldogs,North Melbourne,12289,Rory,Lobb,7,
2026,22,Western Bulldogs,North Melbourne,12602,Aaron,Naughton,33,
2026,22,Western Bulldogs,North Melbourne,13063,James,ODonnell,18,
2026,22,Western Bulldogs,North Melbourne,12612,Ed,Richards,20,
2026,22,Western Bulldogs,North Melbourne,13111,Ryley,Sanders,9,
2026,22,Western Bulldogs,North Melbourne,13279,Michael,Sellwood,37,
2026,22,Western Bulldogs,North Melbourne,12803,Cody,Weightman,3,
2026,22,Western Bulldogs,North Melbourne,12748,Rhylee,West,14,
2026,22,Western Bulldogs,North Melbourne,12449,Bailey,Williams,34,
2026,22,Western Bulldogs,North Melbourne,13257,Zac,Banch,45,
2026,22,Western Bulldogs,North Melbourne,13220,Tom,Blamires,39,
2026,22,Western Bulldogs,North Melbourne,12939,Charlie,Comben,30,
2026,22,Western Bulldogs,North Melbourne,12185,Aidan,Corr,4,
2026,22,Western Bulldogs,North Melbourne,12975,Paul,Curtis,25,
2026,22,Western Bulldogs,North Melbourne,12382,Caleb,Daniel,5,
2026,22,Western Bulldogs,North Melbourne,11908,Jack,Darling,27,
2026,22,Western Bulldogs,North Melbourne,12599,Luke,Davies-Uniacke,9,
2026,22,Western Bulldogs,North Melbourne,13145,Wil,Dawson,18,
2026,22,Western Bulldogs,North Melbourne,13129,Riley,Hardeman,17,
2026,22,Western Bulldogs,North Melbourne,12569,Nick,Larkey,20,
2026,22,Western Bulldogs,North Melbourne,12524,Griffin,Logue,19,
2026,22,Western Bulldogs,North Melbourne,13105,Colby,McKercher,10,
2026,22,Western Bulldogs,North Melbourne,13187,Finn,OSullivan,2,
2026,22,Western Bulldogs,North Melbourne,11958,Luke,Parker,26,
2026,22,Western Bulldogs,North Melbourne,13030,Harry,Sheezel,3,
2026,22,Western Bulldogs,North Melbourne,12511,Jy,Simpkin,12,
2026,22,Western Bulldogs,North Melbourne,12434,Charlie,Spargo,13,
2026,22,Western Bulldogs,North Melbourne,12798,Dylan,Stephens,15,
2026,22,Western Bulldogs,North Melbourne,13263,Cooper,Trembath,47,
2026,22,Western Bulldogs,North Melbourne,13065,George,Wardlaw,6,
2026,22,Western Bulldogs,North Melbourne,12789,Tristan,Xerri,38,
2026,22,Western Bulldogs,North Melbourne,12566,Cameron,Zurhaar,44,
2026,22,Brisbane Lions,Hawthorn,12412,Oscar,Allen,4,
2026,22,Brisbane Lions,Hawthorn,12347,Harris,Andrews,31,
2026,22,Brisbane Lions,Hawthorn,11952,Daniel,Annable,14,
2026,22,Brisbane Lions,Hawthorn,12719,Noah,Answerth,43,
2026,22,Brisbane Lions,Hawthorn,13183,Levi,Ashcroft,10,
2026,22,Brisbane Lions,Hawthorn,13034,Will,Ashcroft,8,
2026,22,Brisbane Lions,Hawthorn,12617,Zac,Bailey,33,
2026,22,Brisbane Lions,Hawthorn,12525,Jarrod,Berry,7,
2026,22,Brisbane Lions,Hawthorn,12284,Charlie,Cameron,23,
2026,22,Brisbane Lions,Hawthorn,12772,Sam,Draper,2,
2026,22,Brisbane Lions,Hawthorn,12421,Josh,Dunkley,5,
2026,22,Brisbane Lions,Hawthorn,13072,Jaspa,Fletcher,3,
2026,22,Brisbane Lions,Hawthorn,12726,Darcy,Fort,32,
2026,22,Brisbane Lions,Hawthorn,12274,Darcy,Gardiner,27,
2026,22,Brisbane Lions,Hawthorn,12462,Eric,Hipwood,30,
2026,22,Brisbane Lions,Hawthorn,11901,Ryan,Lester,35,
2026,22,Brisbane Lions,Hawthorn,12969,Kai,Lohmann,1,
2026,22,Brisbane Lions,Hawthorn,12400,Conor,McKenna,26,
2026,22,Brisbane Lions,Hawthorn,13138,Logan,Morris,13,
2026,22,Brisbane Lions,Hawthorn,12061,Lachie,Neale,9,
2026,22,Brisbane Lions,Hawthorn,12594,Cam,Rayner,16,
2026,22,Brisbane Lions,Hawthorn,13027,Darcy,Wilmot,44,
2026,22,Brisbane Lions,Hawthorn,12082,Dayne,Zorko,15,
2026,22,Brisbane Lions,Hawthorn,12365,Karl,Amon,10,
2026,22,Brisbane Lions,Hawthorn,12391,Tom,Barrass,37,
2026,22,Brisbane Lions,Hawthorn,12565,Josh,Battle,24,
2026,22,Brisbane Lions,Hawthorn,12989,Sam,Butler,30,
2026,22,Brisbane Lions,Hawthorn,12491,Mabior,Chol,18,
2026,22,Brisbane Lions,Hawthorn,12999,Massimo,DAmbrosio,16,
2026,22,Brisbane Lions,Hawthorn,12794,Will,Day,12,
2026,22,Brisbane Lions,Hawthorn,12928,Jack,Ginnivan,33,
2026,22,Brisbane Lions,Hawthorn,11854,Jack,Gunston,19,
2026,22,Brisbane Lions,Hawthorn,12477,Blake,Hardwick,15,
2026,22,Brisbane Lions,Hawthorn,12245,Jarman,Impey,4,
2026,22,Brisbane Lions,Hawthorn,12643,Mitch,Lewis,2,
2026,22,Brisbane Lions,Hawthorn,12753,Connor,Macdonald,9,
2026,22,Brisbane Lions,Hawthorn,13039,Cam,Mackenzie,28,
2026,22,Brisbane Lions,Hawthorn,12854,Lloyd,Meek,17,
2026,22,Brisbane Lions,Hawthorn,12124,Dylan,Moore,8,
2026,22,Brisbane Lions,Hawthorn,12585,Harry,Morrison,1,
2026,22,Brisbane Lions,Hawthorn,12913,Jai,Newcombe,3,
2026,22,Brisbane Lions,Hawthorn,12907,Ned,Reeves,7,
2026,22,Brisbane Lions,Hawthorn,12342,James,Sicily,6,
2026,22,Brisbane Lions,Hawthorn,12954,Josh,Ward,25,
2026,22,Brisbane Lions,Hawthorn,12626,Nick,Watson,5,
2026,22,Brisbane Lions,Hawthorn,13059,Josh,Weddle,23,
2026,22,Melbourne,Fremantle,12933,Jake,Bowey,17,
2026,22,Melbourne,Fremantle,12756,Kade,Chandler,37,
2026,22,Melbourne,Fremantle,13338,Joel,Fitzgerald,47,
2026,22,Melbourne,Fremantle,12603,Bayley,Fritsch,31,
2026,22,Melbourne,Fremantle,11972,Max,Gawn,11,
2026,22,Melbourne,Fremantle,13194,Matthew,Jefferson,21,
2026,22,Melbourne,Fremantle,12255,Changkuoth,Jiath,14,
2026,22,Melbourne,Fremantle,12401,Ed,Langdon,15,
2026,22,Melbourne,Fremantle,13036,Harvey,Langford,4,
2026,22,Melbourne,Fremantle,13035,Bailey,Laurie,16,
2026,22,Melbourne,Fremantle,12359,Jake,Lever,8,
2026,22,Melbourne,Fremantle,12015,Tom,McDonald,25,
2026,22,Melbourne,Fremantle,12660,Harry,Petty,35,
2026,22,Melbourne,Fremantle,12774,Kysaiah,Pickett,36,
2026,22,Melbourne,Fremantle,12778,Trent,Rivers,24,
2026,22,Melbourne,Fremantle,12280,Christian,Salem,3,
2026,22,Melbourne,Fremantle,12862,Harry,Sharp,30,
2026,22,Melbourne,Fremantle,12692,Tom,Sparrow,32,
2026,22,Melbourne,Fremantle,12628,Jack,Steele,9,
2026,22,Melbourne,Fremantle,13123,Koltyn,Tholstrup,12,
2026,22,Melbourne,Fremantle,12998,Daniel,Turner,10,
2026,22,Melbourne,Fremantle,13048,Jacob,van Rooyen,2,
2026,22,Melbourne,Fremantle,13099,Caleb,Windsor,6,
2026,22,Melbourne,Fremantle,12983,Jye,Amiss,24,
2026,22,Melbourne,Fremantle,12538,Shai,Bolton,10,
2026,22,Melbourne,Fremantle,12596,Andrew,Brayshaw,8,
2026,22,Melbourne,Fremantle,12876,Heath,Chapman,5,
2026,22,Melbourne,Fremantle,12688,Jordan,Clark,6,
2026,22,Melbourne,Fremantle,12552,Brennan,Cox,36,
2026,22,Melbourne,Fremantle,13171,Mason,Cox,18,
2026,22,Melbourne,Fremantle,13207,Isaiah,Dudley,43,
2026,22,Melbourne,Fremantle,12967,Neil,Erasmus,28,
2026,22,Melbourne,Fremantle,12803,Michael,Frederick,32,
2026,22,Melbourne,Fremantle,12779,Luke,Jackson,9,
2026,22,Melbourne,Fremantle,13049,Matthew,Johnson,44,
2026,22,Melbourne,Fremantle,12402,Oscar,McDonald,21,
2026,22,Melbourne,Fremantle,13036,Judd,McVee,17,
2026,22,Melbourne,Fremantle,12964,Nathan,ODriscoll,30,
2026,22,Melbourne,Fremantle,13181,Murphy,Reid,16,
2026,22,Melbourne,Fremantle,12550,Luke,Ryan,13,
2026,22,Melbourne,Fremantle,12786,Caleb,Serong,3,
2026,22,Melbourne,Fremantle,12679,Sam,Switkowski,39,
2026,22,Melbourne,Fremantle,12888,Josh,Treacy,35,
2026,22,Melbourne,Fremantle,13132,Patrick,Voss,20,
2026,22,Melbourne,Fremantle,13080,Karl,Worner,23,
2026,22,Melbourne,Fremantle,12777,Hayden,Young,26,
2026,22,Sydney,Port Adelaide,13182,Riley,Bice,26,
2026,22,Sydney,Port Adelaide,12699,Nick,Blakey,22,
2026,22,Sydney,Port Adelaide,12865,Braeden,Campbell,16,
2026,22,Sydney,Port Adelaide,12677,Billy,Cootee,25,
2026,22,Sydney,Port Adelaide,13117,Charlie,Curnow,35,
2026,22,Sydney,Port Adelaide,12516,Jesse,Dattoli,9,
2026,22,Sydney,Port Adelaide,13364,Will,Green,45,
2026,22,Sydney,Port Adelaide,12864,Errol,Gulden,21,
2026,22,Sydney,Port Adelaide,12370,Joel,Hamling,29,
2026,22,Sydney,Port Adelaide,12331,Isaac,Heeney,5,
2026,22,Sydney,Port Adelaide,12853,James,Jordon,17,
2026,22,Sydney,Port Adelaide,13330,Harry,Kyle,32,
2026,22,Sydney,Port Adelaide,12275,Jake,Lloyd,44,
2026,22,Sydney,Port Adelaide,12634,Tom,McCartin,30,
2026,22,Sydney,Port Adelaide,12864,Logan,McDonald,6,
2026,22,Sydney,Port Adelaide,12745,Hayden,McLean,2,
2026,22,Sydney,Port Adelaide,12533,Lewis,Melican,43,
2026,22,Sydney,Port Adelaide,12418,Callum,Mills,14,
2026,22,Sydney,Port Adelaide,12419,Tom,Papley,11,
2026,22,Sydney,Port Adelaide,12993,Matt,Roberts,34,
2026,22,Sydney,Port Adelaide,12501,Jai,Serong,13,
2026,22,Sydney,Port Adelaide,12799,Chad,Warner,1,
2026,22,Sydney,Port Adelaide,12820,Sam,Wicks,15,
2026,22,Sydney,Port Adelaide,12442,Aliir,Aliir,21,
2026,22,Sydney,Port Adelaide,13325,Tom,Anastasopoulos,29,
2026,22,Sydney,Port Adelaide,12868,Miles,Bergman,14,
2026,22,Sydney,Port Adelaide,13188,Joe,Berry,5,
2026,22,Sydney,Port Adelaide,13011,Jase,Burgoyne,7,
2026,22,Sydney,Port Adelaide,12429,Darcy,Byrne-Jones,33,
2026,22,Sydney,Port Adelaide,12694,Willem,Drew,28,
2026,22,Sydney,Port Adelaide,12952,Corey,Durdin,44,
2026,22,Sydney,Port Adelaide,12955,Jason,Horne-Francis,18,
2026,22,Sydney,Port Adelaide,13304,Josh,Lai,43,
2026,22,Sydney,Port Adelaide,13163,Will,Lorenz,36,
2026,22,Sydney,Port Adelaide,12578,Todd,Marshall,4,
2026,22,Sydney,Port Adelaide,12485,Jackson,Mead,3,
2026,22,Sydney,Port Adelaide,12557,Christian,Moraes,11,
2026,22,Sydney,Port Adelaide,12925,Balyn,OBrien,41,
2026,22,Sydney,Port Adelaide,12389,Harrison,Ramm,32,
2026,22,Sydney,Port Adelaide,12890,Jordon,Sweet,24,
2026,22,Sydney,Port Adelaide,13363,Alex,Van Wyk,47,
2026,22,Sydney,Port Adelaide,13074,Dante,Visentini,38,
2026,22,Sydney,Port Adelaide,12613,Jacob,Wehr,15,
2026,22,Sydney,Port Adelaide,13261,Jack,Whitlock,17,
2026,22,Sydney,Port Adelaide,12155,Ollie,Wines,16,
2026,22,Sydney,Port Adelaide,13231,Mitch,Zadow,39,
2026,22,Geelong,Essendon,12687,Tom,Atkins,30,
2026,22,Geelong,Essendon,12160,Mark,Blicavs,46,
2026,22,Geelong,Essendon,12874,Tanner,Bruhn,4,
2026,22,Geelong,Essendon,13062,Jhye,Clark,13,
2026,22,Geelong,Essendon,12808,Brad,Close,45,
2026,22,Geelong,Essendon,12892,Sam,De Koning,16,
2026,22,Geelong,Essendon,12976,Oliver,Dempsey,28,
2026,22,Geelong,Essendon,12559,Zach,Guthrie,39,
2026,22,Geelong,Essendon,12614,Jack,Henry,38,
2026,22,Geelong,Essendon,12850,Oliver,Henry,36,
2026,22,Geelong,Essendon,13162,Lawson,Humphries,17,
2026,22,Geelong,Essendon,13107,Shaun,Mannagh,7,
2026,22,Geelong,Essendon,12243,Jack,Martin,19,
2026,22,Geelong,Essendon,12690,Gryan,Miers,32,
2026,22,Geelong,Essendon,13067,Oisin,Mullin,34,
2026,22,Geelong,Essendon,12995,Shannon,Neale,33,
2026,22,Geelong,Essendon,12540,Mark,OConnor,42,
2026,22,Geelong,Essendon,13125,Connor,OSullivan,14,
2026,22,Geelong,Essendon,13356,Jay,Polkinghorne,2,
2026,22,Geelong,Essendon,12698,Bailey,Smith,3,
2026,22,Geelong,Essendon,12514,Tom,Stewart,44,
2026,22,Geelong,Essendon,13219,Oliver,Wiltshire,21,
2026,22,Geelong,Essendon,12622,James,Worpel,29,
2026,22,Geelong,Essendon,13237,Jaxon,Artemis,34,
2026,22,Geelong,Essendon,13149,Nate,Caddy,30,
2026,22,Geelong,Essendon,12752,Jye,Caldwell,6,
2026,22,Geelong,Essendon,13224,Archer,Day-Wicks,44,
2026,22,Geelong,Essendon,12926,Sam,Durham,22,
2026,22,Geelong,Essendon,13284,Hussien,El Achkar,33,
2026,22,Geelong,Essendon,12809,Jacob,Farrow,2,
2026,22,Geelong,Essendon,13232,Zak,Johnson,40,
2026,22,Geelong,Essendon,13180,Isaac,Kako,10,
2026,22,Geelong,Essendon,13020,Max,Kondogiannis,29,
2026,22,Geelong,Essendon,12358,Kyle,Langford,4,
2026,22,Geelong,Essendon,12505,Andrew,McGrath,1,
2026,22,Geelong,Essendon,12249,Zach,Merrett,7,
2026,22,Geelong,Essendon,12880,Archie,Perkins,16,
2026,22,Geelong,Essendon,12874,Jaxon,Prior,25,
2026,22,Geelong,Essendon,12445,Mason,Redman,27,
2026,22,Geelong,Essendon,12891,Zach,Reid,31,
2026,22,Geelong,Essendon,13169,Archie,Roberts,21,
2026,22,Geelong,Essendon,12574,Will,Setterfield,12,
2026,22,Geelong,Essendon,12384,Dyson,Sharp,15,
2026,22,Geelong,Essendon,13265,Rhys,Unwin,38,
2026,22,Geelong,Essendon,11692,Vigo,Visentini,17,
2026,22,Geelong,Essendon,12371,Peter,Wright,20,
2026,22,Adelaide,Richmond,12592,Callum,Ah Chee,4,
2026,22,Adelaide,Richmond,12855,Sam,Berry,3,
2026,22,Adelaide,Richmond,12936,Brayden,Cook,15,
2026,22,Adelaide,Richmond,12635,Isaac,Cumming,44,
2026,22,Adelaide,Richmond,13133,Daniel,Curtin,6,
2026,22,Adelaide,Richmond,12519,Jordan,Dawson,12,
2026,22,Adelaide,Richmond,13151,Billy,Dowling,31,
2026,22,Adelaide,Richmond,13166,Hugo,Hall-Kahan,40,
2026,22,Adelaide,Richmond,12813,Mark,Keane,48,
2026,22,Adelaide,Richmond,12441,Ben,Keays,2,
2026,22,Adelaide,Richmond,12171,Rory,Laird,29,
2026,22,Adelaide,Richmond,13189,Archie,Ludowyke,34,
2026,22,Adelaide,Richmond,13038,Max,Michalanney,16,
2026,22,Adelaide,Richmond,12375,Alex,Neal-Bullen,28,
2026,22,Adelaide,Richmond,12483,Reilly,OBrien,43,
2026,22,Adelaide,Richmond,12934,James,Peatling,25,
2026,22,Adelaide,Richmond,12957,Josh,Rachele,8,
2026,22,Adelaide,Richmond,12797,Izak,Rankine,23,
2026,22,Adelaide,Richmond,13360,Oscar,Ryan,22,
2026,22,Adelaide,Richmond,13161,Zac,Taylor,19,
2026,22,Adelaide,Richmond,12893,Riley,Thilthorpe,7,
2026,22,Adelaide,Richmond,11724,Taylor,Walker,13,
2026,22,Adelaide,Richmond,12916,Josh,Worrell,24,
2026,22,Adelaide,Richmond,13076,Kye,Annand,41,
2026,22,Adelaide,Richmond,13081,Sam,Banks,6,
2026,22,Adelaide,Richmond,12464,Nathan,Broad,35,
2026,22,Adelaide,Richmond,13097,Tom,Brown,30,
2026,22,Adelaide,Richmond,13100,Seth,Campbell,44,
2026,22,Adelaide,Richmond,13000,Judson,Clarke,23,
2026,22,Adelaide,Richmond,13144,Steely,Green,48,
2026,22,Adelaide,Richmond,13253,Sam,Grlj,24,
2026,22,Adelaide,Richmond,13256,Taj,Hotton,10,
2026,22,Adelaide,Richmond,13193,Sam,Lalor,4,
2026,22,Adelaide,Richmond,13115,Mykelti,Lefau,42,
2026,22,Adelaide,Richmond,11953,Tom,Lynch,19,
2026,22,Adelaide,Richmond,12940,Ben,Miller,12,
2026,22,Adelaide,Richmond,12379,Toby,Nankervis,25,
2026,22,Adelaide,Richmond,11921,Dion,Prestia,3,
2026,22,Adelaide,Richmond,12904,Hugo,Ralphsmith,13,
2026,22,Adelaide,Richmond,12324,Patrick,Retschko,33,
2026,22,Adelaide,Richmond,12712,Jack,Ross,5,
2026,22,Adelaide,Richmond,12918,Samson,Ryan,32,
2026,22,Adelaide,Richmond,12425,Jayden,Short,15,
2026,22,Adelaide,Richmond,13015,Tyler,Sonsie,40,
2026,22,Adelaide,Richmond,12512,Tim,Taranto,14,
2026,22,Adelaide,Richmond,12180,Nick,Vlastuin,1,
2026,22,Greater Western Sydney,Gold Coast,13002,Ryan,Angwin,9,
2026,22,Greater Western Sydney,Gold Coast,12782,Lachie,Ash,7,
2026,22,Greater Western Sydney,Gold Coast,12773,Toby,Bedford,14,
2026,22,Greater Western Sydney,Gold Coast,12905,Kieren,Briggs,32,
2026,22,Greater Western Sydney,Gold Coast,12910,Callum,Brown,46,
2026,22,Greater Western Sydney,Gold Coast,13054,Aaron,Cadman,5,
2026,22,Greater Western Sydney,Gold Coast,12023,Stephen,Coniglio,3,
2026,22,Greater Western Sydney,Gold Coast,13223,Josaia,Delana,38,
2026,22,Greater Western Sydney,Gold Coast,13165,Joe,Fonti,37,
2026,22,Greater Western Sydney,Gold Coast,12026,Toby,Greene,4,
2026,22,Greater Western Sydney,Gold Coast,13156,Max,Gruzewski,35,
2026,22,Greater Western Sydney,Gold Coast,13350,Riley,Hamilton,43,
2026,22,Greater Western Sydney,Gold Coast,12470,Harry,Himmelberg,27,
2026,22,Greater Western Sydney,Gold Coast,12749,Connor,Idun,39,
2026,22,Greater Western Sydney,Gold Coast,11998,Jayden,Laverde,25,
2026,22,Greater Western Sydney,Gold Coast,13235,Nick,Madden,41,
2026,22,Greater Western Sydney,Gold Coast,12822,Xavier,OHalloran,33,
2026,22,Greater Western Sydney,Gold Coast,12992,Clayton,Oliver,10,
2026,22,Greater Western Sydney,Gold Coast,13046,Harry,Rowston,24,
2026,22,Greater Western Sydney,Gold Coast,12173,Jake,Stringer,20,
2026,22,Greater Western Sydney,Gold Coast,12651,Sam,Taylor,15,
2026,22,Greater Western Sydney,Gold Coast,13101,Harvey,Thomas,1,
2026,22,Greater Western Sydney,Gold Coast,12147,Lachie,Whitfield,6,
2026,22,Greater Western Sydney,Gold Coast,12767,Noah,Anderson,15,
2026,22,Greater Western Sydney,Gold Coast,13019,Mac,Andrew,1,
2026,22,Greater Western Sydney,Gold Coast,12631,Charlie,Ballard,10,
2026,22,Greater Western Sydney,Gold Coast,13119,Sam,Clohesy,33,
2026,22,Greater Western Sydney,Gold Coast,12849,Jy,Farrar,50,
2026,22,Greater Western Sydney,Gold Coast,13272,Lachlan,Gulbin,39,
2026,22,Greater Western Sydney,Gold Coast,13050,Bailey,Humphrey,19,
2026,22,Greater Western Sydney,Gold Coast,12936,Joel,Jeffrey,16,
2026,22,Greater Western Sydney,Gold Coast,12728,Ben,King,34,
2026,22,Greater Western Sydney,Gold Coast,12489,Leo,Lombard,8,
2026,22,Greater Western Sydney,Gold Coast,12529,Ben,Long,22,
2026,22,Greater Western Sydney,Gold Coast,12329,Touk,Miller,11,
2026,22,Greater Western Sydney,Gold Coast,12242,Ned,Moyle,23,
2026,22,Greater Western Sydney,Gold Coast,12743,John,Noble,2,
2026,22,Greater Western Sydney,Gold Coast,12825,Christian,Petracca,3,
2026,22,Greater Western Sydney,Gold Coast,12658,Wil,Powell,27,
2026,22,Greater Western Sydney,Gold Coast,13121,Ethan,Read,20,
2026,22,Greater Western Sydney,Gold Coast,12409,Daniel,Rioli,17,
2026,22,Greater Western Sydney,Gold Coast,13127,Jake,Rogers,29,
2026,22,Greater Western Sydney,Gold Coast,12769,Matt,Rowell,18,
2026,22,Greater Western Sydney,Gold Coast,12086,Bodhi,Uwland,6,
2026,22,Greater Western Sydney,Gold Coast,13037,Zeke,Uwland,32,
2026,22,Greater Western Sydney,Gold Coast,13114,Jed,Walter,4,
2026,22,West Coast,Collingwood,13222,Bo,Allan,26,
2026,22,West Coast,Collingwood,12668,Liam,Baker,3,
2026,22,West Coast,Collingwood,13001,Rhett,Bazzo,33,
2026,22,West Coast,Collingwood,12454,Tom,Cole,28,
2026,22,West Coast,Collingwood,12630,Cooper,Duff-Tytler,21,
2026,22,West Coast,Collingwood,12340,Liam,Duggan,14,
2026,22,West Coast,Collingwood,12607,Willem,Duursma,1,
2026,22,West Coast,Collingwood,12584,Jack,Graham,17,
2026,22,West Coast,Collingwood,13212,Tom,Gross,27,
2026,22,West Coast,Collingwood,13342,Marcus,Herbert,51,
2026,22,West Coast,Collingwood,12958,Brady,Hough,19,
2026,22,West Coast,Collingwood,12605,Tim,Kelly,11,
2026,22,West Coast,Collingwood,12433,Josh,Lindsay,5,
2026,22,West Coast,Collingwood,13033,Tom,McCarthy,18,
2026,22,West Coast,Collingwood,13297,Milan,Murdock,47,
2026,22,West Coast,Collingwood,13112,Harley,Reid,9,
2026,22,West Coast,Collingwood,13248,Jobe,Shanahan,35,
2026,22,West Coast,Collingwood,12671,Brandon,Starcevich,4,
2026,22,West Coast,Collingwood,12609,Jake,Waterman,2,
2026,22,West Coast,Collingwood,12837,Bailey,Williams,32,
2026,22,West Coast,Collingwood,12960,Jack,Williams,34,
2026,22,West Coast,Collingwood,12090,Elliot,Yeo,6,
2026,22,West Coast,Collingwood,12279,Tylar,Young,20,
2026,22,West Coast,Collingwood,13147,Edward,Allan,16,
2026,22,West Coast,Collingwood,12648,Angus,Anderson,41,
2026,22,West Coast,Collingwood,12666,Darcy,Cameron,14,
2026,22,West Coast,Collingwood,12067,Jack,Crisp,25,
2026,22,West Coast,Collingwood,12582,Josh,Daicos,7,
2026,22,West Coast,Collingwood,12948,Nick,Daicos,35,
2026,22,West Coast,Collingwood,12682,Billy,Frampton,17,
2026,22,West Coast,Collingwood,13071,Harvey,Harrison,36,
2026,22,West Coast,Collingwood,13230,Will,Hayes,39,
2026,22,West Coast,Collingwood,12503,Dan,Houston,9,
2026,22,West Coast,Collingwood,13362,Noah,Howes,40,
2026,22,West Coast,Collingwood,13025,Ned,Long,44,
2026,22,West Coast,Collingwood,12877,Beau,McCreery,31,
2026,22,West Coast,Collingwood,12297,Daniel,McStay,11,
2026,22,West Coast,Collingwood,12307,Tim,Membrey,28,
2026,22,West Coast,Collingwood,13345,Liam,Puncher,47,
2026,22,West Coast,Collingwood,12740,Isaac,Quaynor,3,
2026,22,West Coast,Collingwood,12704,Lachie,Schultz,8,
2026,22,West Coast,Collingwood,11759,Steele,Sidebottom,22,
2026,22,West Coast,Collingwood,13249,Roan,Steele,45,
2026,22,West Coast,Collingwood,13134,Lachlan,Sullivan,33,
2026,22,West Coast,Collingwood,12029,Sam,Swadling,32,
2026,22,West Coast,Collingwood,13247,Charlie,West,29,
2026,22,St Kilda,Carlton,13221,Hugh,Boxshall,38,
2026,22,St Kilda,Carlton,12804,Ryan,Byrnes,13,
2026,22,St Kilda,Carlton,13041,Anthony,Caminiti,47,
2026,22,St Kilda,Carlton,12593,Hunter,Clark,11,
2026,22,St Kilda,Carlton,12399,Tom,De Koning,21,
2026,22,St Kilda,Carlton,13124,Hugo,Garcia,34,
2026,22,St Kilda,Carlton,13191,Max,Hall,40,
2026,22,St Kilda,Carlton,12616,Jack,Higgins,1,
2026,22,St Kilda,Carlton,12066,Bradley,Hill,8,
2026,22,St Kilda,Carlton,13334,Campbell,Lake,39,
2026,22,St Kilda,Carlton,12572,Rowan,Marshall,19,
2026,22,St Kilda,Carlton,13192,Liam,OConnell,45,
2026,22,St Kilda,Carlton,12945,Mitch,Owens,10,
2026,22,St Kilda,Carlton,13042,Mattaes,Phillipou,25,
2026,22,St Kilda,Carlton,13190,Liam,Ryan,31,
2026,22,St Kilda,Carlton,12930,Cooper,Sharman,43,
2026,22,St Kilda,Carlton,12294,Jack,Silvagni,3,
2026,22,St Kilda,Carlton,12721,Liam,Stocker,14,
2026,22,St Kilda,Carlton,12947,Nasiah,Wanganeen-Milera,7,
2026,22,St Kilda,Carlton,12701,Callum,Wilkie,44,
2026,22,St Kilda,Carlton,13109,Darcy,Wilson,22,
2026,22,St Kilda,Carlton,12968,Marcus,Windhager,2,
2026,22,St Kilda,Carlton,12321,Mason,Wood,32,
2026,22,St Kilda,Carlton,12282,Blake,Acres,13,
2026,22,St Kilda,Carlton,12681,Ben,Ainsworth,12,
2026,22,St Kilda,Carlton,13057,Talor,Byrne,39,
2026,22,St Kilda,Carlton,12610,Adam,Cerra,5,
2026,22,St Kilda,Carlton,12823,Matthew,Cottrell,46,
2026,22,St Kilda,Carlton,13028,Lachlan,Cowan,2,
2026,22,St Kilda,Carlton,12269,Patrick,Cripps,9,
2026,22,St Kilda,Carlton,13245,Harry,Dean,35,
2026,22,St Kilda,Carlton,13306,Wade,Derksen,47,
2026,22,St Kilda,Carlton,12873,Francis,Evans,44,
2026,22,St Kilda,Carlton,12308,Oliver,Florent,14,
2026,22,St Kilda,Carlton,12096,Nick,Haynes,26,
2026,22,St Kilda,Carlton,12937,Will,Hayward,19,
2026,22,St Kilda,Carlton,12417,George,Hewett,29,
2026,22,St Kilda,Carlton,12938,Brodie,Kemp,17,
2026,22,St Kilda,Carlton,13173,Cooper,Lord,36,
2026,22,St Kilda,Carlton,12415,Mitch,McGovern,11,
2026,22,St Kilda,Carlton,12575,Harry,McKay,10,
2026,22,St Kilda,Carlton,12424,Marc,Pittonet,27,
2026,22,St Kilda,Carlton,13277,Jagga,Smith,7,
2026,22,St Kilda,Carlton,12685,Sam,Walsh,18,
2026,22,St Kilda,Carlton,12175,Billy,Wilson,15,
2026,22,St Kilda,Carlton,12567,Lewis,Young,33,
2026,23,Fremantle,Adelaide,12983,Jye,Amiss,24,
2026,23,Fremantle,Adelaide,12538,Shai,Bolton,10,
2026,23,Fremantle,Adelaide,12596,Andrew,Brayshaw,8,
2026,23,Fremantle,Adelaide,12876,Heath,Chapman,5,
2026,23,Fremantle,Adelaide,12688,Jordan,Clark,6,
2026,23,Fremantle,Adelaide,12552,Brennan,Cox,36,
2026,23,Fremantle,Adelaide,13171,Mason,Cox,18,
2026,23,Fremantle,Adelaide,13207,Isaiah,Dudley,43,
2026,23,Fremantle,Adelaide,12967,Neil,Erasmus,28,
2026,23,Fremantle,Adelaide,12803,Michael,Frederick,32,
2026,23,Fremantle,Adelaide,12779,Luke,Jackson,9,
2026,23,Fremantle,Adelaide,13049,Matthew,Johnson,44,
2026,23,Fremantle,Adelaide,12402,Oscar,McDonald,21,
2026,23,Fremantle,Adelaide,12964,Nathan,ODriscoll,30,
2026,23,Fremantle,Adelaide,12361,Alex,Pearce,25,
2026,23,Fremantle,Adelaide,12550,Luke,Ryan,13,
2026,23,Fremantle,Adelaide,13299,Chris,Scerri,45,
2026,23,Fremantle,Adelaide,12786,Caleb,Serong,3,
2026,23,Fremantle,Adelaide,12679,Sam,Switkowski,39,
2026,23,Fremantle,Adelaide,12888,Josh,Treacy,35,
2026,23,Fremantle,Adelaide,13132,Patrick,Voss,20,
2026,23,Fremantle,Adelaide,13080,Karl,Worner,23,
2026,23,Fremantle,Adelaide,12777,Hayden,Young,26,
2026,23,Fremantle,Adelaide,12592,Callum,Ah Chee,4,
2026,23,Fremantle,Adelaide,12855,Sam,Berry,3,
2026,23,Fremantle,Adelaide,13088,James,Borlase,35,
2026,23,Fremantle,Adelaide,12936,Brayden,Cook,15,
2026,23,Fremantle,Adelaide,12635,Isaac,Cumming,44,
2026,23,Fremantle,Adelaide,13133,Daniel,Curtin,6,
2026,23,Fremantle,Adelaide,12519,Jordan,Dawson,12,
2026,23,Fremantle,Adelaide,12591,Darcy,Fogarty,32,
2026,23,Fremantle,Adelaide,13166,Hugo,Hall-Kahan,40,
2026,23,Fremantle,Adelaide,12813,Mark,Keane,48,
2026,23,Fremantle,Adelaide,12441,Ben,Keays,2,
2026,23,Fremantle,Adelaide,12171,Rory,Laird,29,
2026,23,Fremantle,Adelaide,13068,Lachlan,McAndrew,42,
2026,23,Fremantle,Adelaide,13038,Max,Michalanney,16,
2026,23,Fremantle,Adelaide,13283,Toby,Murray,39,
2026,23,Fremantle,Adelaide,13084,Luke,Nankervis,27,
2026,23,Fremantle,Adelaide,12934,James,Peatling,25,
2026,23,Fremantle,Adelaide,12957,Josh,Rachele,8,
2026,23,Fremantle,Adelaide,12797,Izak,Rankine,23,
2026,23,Fremantle,Adelaide,12956,Jake,Soligo,14,
2026,23,Fremantle,Adelaide,13161,Zac,Taylor,19,
2026,23,Fremantle,Adelaide,12893,Riley,Thilthorpe,7,
2026,23,Fremantle,Adelaide,12916,Josh,Worrell,24,
2026,23,Richmond,St Kilda,13076,Kye,Annand,41,
2026,23,Richmond,St Kilda,13176,Harry,Armstrong,34,
2026,23,Richmond,St Kilda,13081,Sam,Banks,6,
2026,23,Richmond,St Kilda,12464,Nathan,Broad,35,
2026,23,Richmond,St Kilda,13097,Tom,Brown,30,
2026,23,Richmond,St Kilda,13100,Seth,Campbell,44,
2026,23,Richmond,St Kilda,13000,Judson,Clarke,23,
2026,23,Richmond,St Kilda,13144,Steely,Green,48,
2026,23,Richmond,St Kilda,13253,Sam,Grlj,24,
2026,23,Richmond,St Kilda,13256,Taj,Hotton,10,
2026,23,Richmond,St Kilda,13193,Sam,Lalor,4,
2026,23,Richmond,St Kilda,13115,Mykelti,Lefau,42,
2026,23,Richmond,St Kilda,11953,Tom,Lynch,19,
2026,23,Richmond,St Kilda,12940,Ben,Miller,12,
2026,23,Richmond,St Kilda,12379,Toby,Nankervis,25,
2026,23,Richmond,St Kilda,11921,Dion,Prestia,3,
2026,23,Richmond,St Kilda,12904,Hugo,Ralphsmith,13,
2026,23,Richmond,St Kilda,12324,Patrick,Retschko,33,
2026,23,Richmond,St Kilda,12712,Jack,Ross,5,
2026,23,Richmond,St Kilda,12425,Jayden,Short,15,
2026,23,Richmond,St Kilda,12512,Tim,Taranto,14,
2026,23,Richmond,St Kilda,13194,Luke,Trainor,11,
2026,23,Richmond,St Kilda,12180,Nick,Vlastuin,1,
2026,23,Richmond,St Kilda,13221,Hugh,Boxshall,38,
2026,23,Richmond,St Kilda,12498,Dan,Butler,16,
2026,23,Richmond,St Kilda,12804,Ryan,Byrnes,13,
2026,23,Richmond,St Kilda,12399,Tom,De Koning,21,
2026,23,Richmond,St Kilda,13124,Hugo,Garcia,34,
2026,23,Richmond,St Kilda,13191,Max,Hall,40,
2026,23,Richmond,St Kilda,13116,Angus,Hastie,24,
2026,23,Richmond,St Kilda,12616,Jack,Higgins,1,
2026,23,Richmond,St Kilda,12066,Bradley,Hill,8,
2026,23,Richmond,St Kilda,13334,Campbell,Lake,39,
2026,23,Richmond,St Kilda,12172,Jack,Macrae,6,
2026,23,Richmond,St Kilda,12572,Rowan,Marshall,19,
2026,23,Richmond,St Kilda,13192,Liam,OConnell,45,
2026,23,Richmond,St Kilda,12945,Mitch,Owens,10,
2026,23,Richmond,St Kilda,13042,Mattaes,Phillipou,25,
2026,23,Richmond,St Kilda,12930,Cooper,Sharman,43,
2026,23,Richmond,St Kilda,12294,Jack,Silvagni,3,
2026,23,Richmond,St Kilda,12721,Liam,Stocker,14,
2026,23,Richmond,St Kilda,13243,Alix,Tauru,26,
2026,23,Richmond,St Kilda,13206,Tobie,Travaglia,5,
2026,23,Richmond,St Kilda,12701,Callum,Wilkie,44,
2026,23,Richmond,St Kilda,13109,Darcy,Wilson,22,
2026,23,Richmond,St Kilda,12968,Marcus,Windhager,2,
2026,23,North Melbourne,Geelong,13257,Zac,Banch,45,
2026,23,North Melbourne,Geelong,13220,Tom,Blamires,39,
2026,23,North Melbourne,Geelong,12939,Charlie,Comben,30,
2026,23,North Melbourne,Geelong,12185,Aidan,Corr,4,
2026,23,North Melbourne,Geelong,12975,Paul,Curtis,25,
2026,23,North Melbourne,Geelong,12382,Caleb,Daniel,5,
2026,23,North Melbourne,Geelong,11908,Jack,Darling,27,
2026,23,North Melbourne,Geelong,12599,Luke,Davies-Uniacke,9,
2026,23,North Melbourne,Geelong,13145,Wil,Dawson,18,
2026,23,North Melbourne,Geelong,13129,Riley,Hardeman,17,
2026,23,North Melbourne,Geelong,12569,Nick,Larkey,20,
2026,23,North Melbourne,Geelong,12524,Griffin,Logue,19,
2026,23,North Melbourne,Geelong,13105,Colby,McKercher,10,
2026,23,North Melbourne,Geelong,13187,Finn,OSullivan,2,
2026,23,North Melbourne,Geelong,11958,Luke,Parker,26,
2026,23,North Melbourne,Geelong,13030,Harry,Sheezel,3,
2026,23,North Melbourne,Geelong,12511,Jy,Simpkin,12,
2026,23,North Melbourne,Geelong,12434,Charlie,Spargo,13,
2026,23,North Melbourne,Geelong,12798,Dylan,Stephens,15,
2026,23,North Melbourne,Geelong,13263,Cooper,Trembath,47,
2026,23,North Melbourne,Geelong,13065,George,Wardlaw,6,
2026,23,North Melbourne,Geelong,12789,Tristan,Xerri,38,
2026,23,North Melbourne,Geelong,12566,Cameron,Zurhaar,44,
2026,23,North Melbourne,Geelong,12687,Tom,Atkins,30,
2026,23,North Melbourne,Geelong,12160,Mark,Blicavs,46,
2026,23,North Melbourne,Geelong,12874,Tanner,Bruhn,4,
2026,23,North Melbourne,Geelong,13062,Jhye,Clark,13,
2026,23,North Melbourne,Geelong,12808,Brad,Close,45,
2026,23,North Melbourne,Geelong,11706,Patrick,Dangerfield,35,
2026,23,North Melbourne,Geelong,12976,Oliver,Dempsey,28,
2026,23,North Melbourne,Geelong,13288,Mitchell,Edwards,11,
2026,23,North Melbourne,Geelong,12559,Zach,Guthrie,39,
2026,23,North Melbourne,Geelong,12614,Jack,Henry,38,
2026,23,North Melbourne,Geelong,12850,Oliver,Henry,36,
2026,23,North Melbourne,Geelong,13162,Lawson,Humphries,17,
2026,23,North Melbourne,Geelong,13107,Shaun,Mannagh,7,
2026,23,North Melbourne,Geelong,12690,Gryan,Miers,32,
2026,23,North Melbourne,Geelong,13067,Oisin,Mullin,34,
2026,23,North Melbourne,Geelong,12995,Shannon,Neale,33,
2026,23,North Melbourne,Geelong,12540,Mark,OConnor,42,
2026,23,North Melbourne,Geelong,13125,Connor,OSullivan,14,
2026,23,North Melbourne,Geelong,13356,Jay,Polkinghorne,2,
2026,23,North Melbourne,Geelong,12698,Bailey,Smith,3,
2026,23,North Melbourne,Geelong,12514,Tom,Stewart,44,
2026,23,North Melbourne,Geelong,13219,Oliver,Wiltshire,21,
2026,23,North Melbourne,Geelong,12622,James,Worpel,29,
2026,23,Brisbane Lions,Gold Coast,12412,Oscar,Allen,4,
2026,23,Brisbane Lions,Gold Coast,12347,Harris,Andrews,31,
2026,23,Brisbane Lions,Gold Coast,11952,Daniel,Annable,14,
2026,23,Brisbane Lions,Gold Coast,12719,Noah,Answerth,43,
2026,23,Brisbane Lions,Gold Coast,13183,Levi,Ashcroft,10,
2026,23,Brisbane Lions,Gold Coast,13034,Will,Ashcroft,8,
2026,23,Brisbane Lions,Gold Coast,12617,Zac,Bailey,33,
2026,23,Brisbane Lions,Gold Coast,12525,Jarrod,Berry,7,
2026,23,Brisbane Lions,Gold Coast,12284,Charlie,Cameron,23,
2026,23,Brisbane Lions,Gold Coast,12772,Sam,Draper,2,
2026,23,Brisbane Lions,Gold Coast,12421,Josh,Dunkley,5,
2026,23,Brisbane Lions,Gold Coast,13072,Jaspa,Fletcher,3,
2026,23,Brisbane Lions,Gold Coast,12726,Darcy,Fort,32,
2026,23,Brisbane Lions,Gold Coast,12274,Darcy,Gardiner,27,
2026,23,Brisbane Lions,Gold Coast,12462,Eric,Hipwood,30,
2026,23,Brisbane Lions,Gold Coast,11901,Ryan,Lester,35,
2026,23,Brisbane Lions,Gold Coast,12969,Kai,Lohmann,1,
2026,23,Brisbane Lions,Gold Coast,12400,Conor,McKenna,26,
2026,23,Brisbane Lions,Gold Coast,13138,Logan,Morris,13,
2026,23,Brisbane Lions,Gold Coast,12061,Lachie,Neale,9,
2026,23,Brisbane Lions,Gold Coast,12594,Cam,Rayner,16,
2026,23,Brisbane Lions,Gold Coast,13027,Darcy,Wilmot,44,
2026,23,Brisbane Lions,Gold Coast,12082,Dayne,Zorko,15,
2026,23,Brisbane Lions,Gold Coast,13344,Beau,Addinsall,38,
2026,23,Brisbane Lions,Gold Coast,12767,Noah,Anderson,15,
2026,23,Brisbane Lions,Gold Coast,13019,Mac,Andrew,1,
2026,23,Brisbane Lions,Gold Coast,12631,Charlie,Ballard,10,
2026,23,Brisbane Lions,Gold Coast,13119,Sam,Clohesy,33,
2026,23,Brisbane Lions,Gold Coast,12453,Sam,Collins,25,
2026,23,Brisbane Lions,Gold Coast,13272,Lachlan,Gulbin,39,
2026,23,Brisbane Lions,Gold Coast,13050,Bailey,Humphrey,19,
2026,23,Brisbane Lions,Gold Coast,12936,Joel,Jeffrey,16,
2026,23,Brisbane Lions,Gold Coast,12728,Ben,King,34,
2026,23,Brisbane Lions,Gold Coast,12489,Leo,Lombard,8,
2026,23,Brisbane Lions,Gold Coast,12529,Ben,Long,22,
2026,23,Brisbane Lions,Gold Coast,12329,Touk,Miller,11,
2026,23,Brisbane Lions,Gold Coast,12242,Ned,Moyle,23,
2026,23,Brisbane Lions,Gold Coast,12743,John,Noble,2,
2026,23,Brisbane Lions,Gold Coast,12825,Christian,Petracca,3,
2026,23,Brisbane Lions,Gold Coast,12658,Wil,Powell,27,
2026,23,Brisbane Lions,Gold Coast,13121,Ethan,Read,20,
2026,23,Brisbane Lions,Gold Coast,12409,Daniel,Rioli,17,
2026,23,Brisbane Lions,Gold Coast,13127,Jake,Rogers,29,
2026,23,Brisbane Lions,Gold Coast,12769,Matt,Rowell,18,
2026,23,Brisbane Lions,Gold Coast,12086,Bodhi,Uwland,6,
2026,23,Brisbane Lions,Gold Coast,13114,Jed,Walter,4,
2026,23,Hawthorn,Collingwood,12365,Karl,Amon,10,
2026,23,Hawthorn,Collingwood,12391,Tom,Barrass,37,
2026,23,Hawthorn,Collingwood,12565,Josh,Battle,24,
2026,23,Hawthorn,Collingwood,13055,Max,Beattie,40,
2026,23,Hawthorn,Collingwood,12491,Mabior,Chol,18,
2026,23,Hawthorn,Collingwood,12999,Massimo,DAmbrosio,16,
2026,23,Hawthorn,Collingwood,12794,Will,Day,12,
2026,23,Hawthorn,Collingwood,12928,Jack,Ginnivan,33,
2026,23,Hawthorn,Collingwood,11854,Jack,Gunston,19,
2026,23,Hawthorn,Collingwood,12477,Blake,Hardwick,15,
2026,23,Hawthorn,Collingwood,12245,Jarman,Impey,4,
2026,23,Hawthorn,Collingwood,12643,Mitch,Lewis,2,
2026,23,Hawthorn,Collingwood,13069,Bailey,Macdonald,42,
2026,23,Hawthorn,Collingwood,12753,Connor,Macdonald,9,
2026,23,Hawthorn,Collingwood,13039,Cam,Mackenzie,28,
2026,23,Hawthorn,Collingwood,12854,Lloyd,Meek,17,
2026,23,Hawthorn,Collingwood,12124,Dylan,Moore,8,
2026,23,Hawthorn,Collingwood,12585,Harry,Morrison,1,
2026,23,Hawthorn,Collingwood,12913,Jai,Newcombe,3,
2026,23,Hawthorn,Collingwood,12342,James,Sicily,6,
2026,23,Hawthorn,Collingwood,12954,Josh,Ward,25,
2026,23,Hawthorn,Collingwood,12626,Nick,Watson,5,
2026,23,Hawthorn,Collingwood,13059,Josh,Weddle,23,
2026,23,Hawthorn,Collingwood,13147,Edward,Allan,16,
2026,23,Hawthorn,Collingwood,12648,Angus,Anderson,41,
2026,23,Hawthorn,Collingwood,12666,Darcy,Cameron,14,
2026,23,Hawthorn,Collingwood,12067,Jack,Crisp,25,
2026,23,Hawthorn,Collingwood,12582,Josh,Daicos,7,
2026,23,Hawthorn,Collingwood,12948,Nick,Daicos,35,
2026,23,Hawthorn,Collingwood,12333,Jordan,de Goey,2,
2026,23,Hawthorn,Collingwood,12682,Billy,Frampton,17,
2026,23,Hawthorn,Collingwood,13071,Harvey,Harrison,36,
2026,23,Hawthorn,Collingwood,13230,Will,Hayes,39,
2026,23,Hawthorn,Collingwood,12503,Dan,Houston,9,
2026,23,Hawthorn,Collingwood,13362,Noah,Howes,40,
2026,23,Hawthorn,Collingwood,13025,Ned,Long,44,
2026,23,Hawthorn,Collingwood,12877,Beau,McCreery,31,
2026,23,Hawthorn,Collingwood,12297,Daniel,McStay,11,
2026,23,Hawthorn,Collingwood,12307,Tim,Membrey,28,
2026,23,Hawthorn,Collingwood,11506,Scott,Pendlebury,10,
2026,23,Hawthorn,Collingwood,13345,Liam,Puncher,47,
2026,23,Hawthorn,Collingwood,12740,Isaac,Quaynor,3,
2026,23,Hawthorn,Collingwood,12704,Lachie,Schultz,8,
2026,23,Hawthorn,Collingwood,13249,Roan,Steele,45,
2026,23,Hawthorn,Collingwood,12029,Sam,Swadling,32,
2026,23,Hawthorn,Collingwood,13247,Charlie,West,29,
2026,23,Port Adelaide,Melbourne,12442,Aliir,Aliir,21,
2026,23,Port Adelaide,Melbourne,13325,Tom,Anastasopoulos,29,
2026,23,Port Adelaide,Melbourne,13340,Xavier,Bamert,46,
2026,23,Port Adelaide,Melbourne,12868,Miles,Bergman,14,
2026,23,Port Adelaide,Melbourne,13188,Joe,Berry,5,
2026,23,Port Adelaide,Melbourne,13011,Jase,Burgoyne,7,
2026,23,Port Adelaide,Melbourne,12694,Willem,Drew,28,
2026,23,Port Adelaide,Melbourne,12952,Corey,Durdin,44,
2026,23,Port Adelaide,Melbourne,12770,Mitch,Georgiades,19,
2026,23,Port Adelaide,Melbourne,12955,Jason,Horne-Francis,18,
2026,23,Port Adelaide,Melbourne,12883,Lachie,Jones,34,
2026,23,Port Adelaide,Melbourne,13304,Josh,Lai,43,
2026,23,Port Adelaide,Melbourne,12578,Todd,Marshall,4,
2026,23,Port Adelaide,Melbourne,12925,Balyn,OBrien,41,
2026,23,Port Adelaide,Melbourne,12389,Harrison,Ramm,32,
2026,23,Port Adelaide,Melbourne,13141,Joe,Richards,35,
2026,23,Port Adelaide,Melbourne,12890,Jordon,Sweet,24,
2026,23,Port Adelaide,Melbourne,13363,Alex,Van Wyk,47,
2026,23,Port Adelaide,Melbourne,13074,Dante,Visentini,38,
2026,23,Port Adelaide,Melbourne,12613,Jacob,Wehr,15,
2026,23,Port Adelaide,Melbourne,13261,Jack,Whitlock,17,
2026,23,Port Adelaide,Melbourne,12155,Ollie,Wines,16,
2026,23,Port Adelaide,Melbourne,13231,Mitch,Zadow,39,
2026,23,Port Adelaide,Melbourne,12933,Jake,Bowey,17,
2026,23,Port Adelaide,Melbourne,12756,Kade,Chandler,37,
2026,23,Port Adelaide,Melbourne,13338,Joel,Fitzgerald,47,
2026,23,Port Adelaide,Melbourne,12603,Bayley,Fritsch,31,
2026,23,Port Adelaide,Melbourne,11972,Max,Gawn,11,
2026,23,Port Adelaide,Melbourne,13194,Matthew,Jefferson,21,
2026,23,Port Adelaide,Melbourne,12255,Changkuoth,Jiath,14,
2026,23,Port Adelaide,Melbourne,12401,Ed,Langdon,15,
2026,23,Port Adelaide,Melbourne,13036,Harvey,Langford,4,
2026,23,Port Adelaide,Melbourne,13035,Bailey,Laurie,16,
2026,23,Port Adelaide,Melbourne,12359,Jake,Lever,8,
2026,23,Port Adelaide,Melbourne,12015,Tom,McDonald,25,
2026,23,Port Adelaide,Melbourne,12660,Harry,Petty,35,
2026,23,Port Adelaide,Melbourne,12774,Kysaiah,Pickett,36,
2026,23,Port Adelaide,Melbourne,12778,Trent,Rivers,24,
2026,23,Port Adelaide,Melbourne,12280,Christian,Salem,3,
2026,23,Port Adelaide,Melbourne,12862,Harry,Sharp,30,
2026,23,Port Adelaide,Melbourne,12692,Tom,Sparrow,32,
2026,23,Port Adelaide,Melbourne,12628,Jack,Steele,9,
2026,23,Port Adelaide,Melbourne,13123,Koltyn,Tholstrup,12,
2026,23,Port Adelaide,Melbourne,12998,Daniel,Turner,10,
2026,23,Port Adelaide,Melbourne,13048,Jacob,van Rooyen,2,
2026,23,Port Adelaide,Melbourne,13099,Caleb,Windsor,6,
2026,23,Greater Western Sydney,West Coast,13227,Cody,Angove,29,
2026,23,Greater Western Sydney,West Coast,13002,Ryan,Angwin,9,
2026,23,Greater Western Sydney,West Coast,12782,Lachie,Ash,7,
2026,23,Greater Western Sydney,West Coast,12905,Kieren,Briggs,32,
2026,23,Greater Western Sydney,West Coast,12910,Callum,Brown,46,
2026,23,Greater Western Sydney,West Coast,13054,Aaron,Cadman,5,
2026,23,Greater Western Sydney,West Coast,12023,Stephen,Coniglio,3,
2026,23,Greater Western Sydney,West Coast,13223,Josaia,Delana,38,
2026,23,Greater Western Sydney,West Coast,13165,Joe,Fonti,37,
2026,23,Greater Western Sydney,West Coast,12026,Toby,Greene,4,
2026,23,Greater Western Sydney,West Coast,13156,Max,Gruzewski,35,
2026,23,Greater Western Sydney,West Coast,13350,Riley,Hamilton,43,
2026,23,Greater Western Sydney,West Coast,12470,Harry,Himmelberg,27,
2026,23,Greater Western Sydney,West Coast,12749,Connor,Idun,39,
2026,23,Greater Western Sydney,West Coast,13235,Nick,Madden,41,
2026,23,Greater Western Sydney,West Coast,13089,Toby,McMullin,31,
2026,23,Greater Western Sydney,West Coast,12992,Clayton,Oliver,10,
2026,23,Greater Western Sydney,West Coast,13046,Harry,Rowston,24,
2026,23,Greater Western Sydney,West Coast,12887,Conor,Stone,18,
2026,23,Greater Western Sydney,West Coast,12173,Jake,Stringer,20,
2026,23,Greater Western Sydney,West Coast,12651,Sam,Taylor,15,
2026,23,Greater Western Sydney,West Coast,13101,Harvey,Thomas,1,
2026,23,Greater Western Sydney,West Coast,12147,Lachie,Whitfield,6,
2026,23,Greater Western Sydney,West Coast,12668,Liam,Baker,3,
2026,23,Greater Western Sydney,West Coast,13001,Rhett,Bazzo,33,
2026,23,Greater Western Sydney,West Coast,12454,Tom,Cole,28,
2026,23,Greater Western Sydney,West Coast,13211,Hamish,Davis,38,
2026,23,Greater Western Sydney,West Coast,12630,Cooper,Duff-Tytler,21,
2026,23,Greater Western Sydney,West Coast,12340,Liam,Duggan,14,
2026,23,Greater Western Sydney,West Coast,12607,Willem,Duursma,1,
2026,23,Greater Western Sydney,West Coast,12584,Jack,Graham,17,
2026,23,Greater Western Sydney,West Coast,13212,Tom,Gross,27,
2026,23,Greater Western Sydney,West Coast,13342,Marcus,Herbert,51,
2026,23,Greater Western Sydney,West Coast,12958,Brady,Hough,19,
2026,23,Greater Western Sydney,West Coast,12605,Tim,Kelly,11,
2026,23,Greater Western Sydney,West Coast,12433,Josh,Lindsay,5,
2026,23,Greater Western Sydney,West Coast,13033,Tom,McCarthy,18,
2026,23,Greater Western Sydney,West Coast,13297,Milan,Murdock,47,
2026,23,Greater Western Sydney,West Coast,13112,Harley,Reid,9,
2026,23,Greater Western Sydney,West Coast,13248,Jobe,Shanahan,35,
2026,23,Greater Western Sydney,West Coast,12671,Brandon,Starcevich,4,
2026,23,Greater Western Sydney,West Coast,12609,Jake,Waterman,2,
2026,23,Greater Western Sydney,West Coast,12837,Bailey,Williams,32,
2026,23,Greater Western Sydney,West Coast,12960,Jack,Williams,34,
2026,23,Greater Western Sydney,West Coast,12090,Elliot,Yeo,6,
2026,23,Greater Western Sydney,West Coast,12279,Tylar,Young,20,
2026,23,Western Bulldogs,Carlton,12917,Lachlan,Bramble,29,
2026,23,Western Bulldogs,Carlton,13365,Lachlan,Carmichael,2,
2026,23,Western Bulldogs,Carlton,13269,Jordan,Croft,16,
2026,23,Western Bulldogs,Carlton,13184,Sam,Davidson,42,
2026,23,Western Bulldogs,Carlton,13185,Josh,Dolan,26,
2026,23,Western Bulldogs,Carlton,12897,Louis,Emmett,25,
2026,23,Western Bulldogs,Carlton,13140,Joel,Freijah,27,
2026,23,Western Bulldogs,Carlton,13215,Cooper,Hynes,6,
2026,23,Western Bulldogs,Carlton,13278,Lachie,Jaques,11,
2026,23,Western Bulldogs,Carlton,13047,Arthur,Jones,32,
2026,23,Western Bulldogs,Carlton,13336,Luke,Kennedy,35,
2026,23,Western Bulldogs,Carlton,12463,Matthew,Kennedy,8,
2026,23,Western Bulldogs,Carlton,12901,Buku,Khamis,24,
2026,23,Western Bulldogs,Carlton,11904,Tom,Liberatore,21,
2026,23,Western Bulldogs,Carlton,12289,Rory,Lobb,7,
2026,23,Western Bulldogs,Carlton,12602,Aaron,Naughton,33,
2026,23,Western Bulldogs,Carlton,13063,James,ODonnell,18,
2026,23,Western Bulldogs,Carlton,12612,Ed,Richards,20,
2026,23,Western Bulldogs,Carlton,13111,Ryley,Sanders,9,
2026,23,Western Bulldogs,Carlton,13279,Michael,Sellwood,37,
2026,23,Western Bulldogs,Carlton,12803,Cody,Weightman,3,
2026,23,Western Bulldogs,Carlton,12748,Rhylee,West,14,
2026,23,Western Bulldogs,Carlton,12449,Bailey,Williams,34,
2026,23,Western Bulldogs,Carlton,12282,Blake,Acres,13,
2026,23,Western Bulldogs,Carlton,12681,Ben,Ainsworth,12,
2026,23,Western Bulldogs,Carlton,13057,Talor,Byrne,39,
2026,23,Western Bulldogs,Carlton,12610,Adam,Cerra,5,
2026,23,Western Bulldogs,Carlton,12823,Matthew,Cottrell,46,
2026,23,Western Bulldogs,Carlton,13028,Lachlan,Cowan,2,
2026,23,Western Bulldogs,Carlton,12269,Patrick,Cripps,9,
2026,23,Western Bulldogs,Carlton,13245,Harry,Dean,35,
2026,23,Western Bulldogs,Carlton,13306,Wade,Derksen,47,
2026,23,Western Bulldogs,Carlton,12873,Francis,Evans,44,
2026,23,Western Bulldogs,Carlton,12308,Oliver,Florent,14,
2026,23,Western Bulldogs,Carlton,12096,Nick,Haynes,26,
2026,23,Western Bulldogs,Carlton,12937,Will,Hayward,19,
2026,23,Western Bulldogs,Carlton,12417,George,Hewett,29,
2026,23,Western Bulldogs,Carlton,12938,Brodie,Kemp,17,
2026,23,Western Bulldogs,Carlton,13173,Cooper,Lord,36,
2026,23,Western Bulldogs,Carlton,12415,Mitch,McGovern,11,
2026,23,Western Bulldogs,Carlton,12575,Harry,McKay,10,
2026,23,Western Bulldogs,Carlton,12424,Marc,Pittonet,27,
2026,23,Western Bulldogs,Carlton,13277,Jagga,Smith,7,
2026,23,Western Bulldogs,Carlton,12685,Sam,Walsh,18,
2026,23,Western Bulldogs,Carlton,12410,Jacob,Weitering,23,
2026,23,Western Bulldogs,Carlton,12175,Billy,Wilson,15,
2026,23,Essendon,Sydney,13237,Jaxon,Artemis,34,
2026,23,Essendon,Sydney,12900,Nick,Bryan,24,
2026,23,Essendon,Sydney,13149,Nate,Caddy,30,
2026,23,Essendon,Sydney,12752,Jye,Caldwell,6,
2026,23,Essendon,Sydney,13228,Angus,Clarke,36,
2026,23,Essendon,Sydney,13224,Archer,Day-Wicks,44,
2026,23,Essendon,Sydney,12809,Jacob,Farrow,2,
2026,23,Essendon,Sydney,12857,Harry,Jones,23,
2026,23,Essendon,Sydney,13180,Isaac,Kako,10,
2026,23,Essendon,Sydney,13020,Max,Kondogiannis,29,
2026,23,Essendon,Sydney,12358,Kyle,Langford,4,
2026,23,Essendon,Sydney,12505,Andrew,McGrath,1,
2026,23,Essendon,Sydney,12249,Zach,Merrett,7,
2026,23,Essendon,Sydney,12880,Archie,Perkins,16,
2026,23,Essendon,Sydney,12874,Jaxon,Prior,25,
2026,23,Essendon,Sydney,12445,Mason,Redman,27,
2026,23,Essendon,Sydney,12891,Zach,Reid,31,
2026,23,Essendon,Sydney,13169,Archie,Roberts,21,
2026,23,Essendon,Sydney,12574,Will,Setterfield,12,
2026,23,Essendon,Sydney,12384,Dyson,Sharp,15,
2026,23,Essendon,Sydney,13265,Rhys,Unwin,38,
2026,23,Essendon,Sydney,11692,Vigo,Visentini,17,
2026,23,Essendon,Sydney,12371,Peter,Wright,20,
2026,23,Essendon,Sydney,13182,Riley,Bice,26,
2026,23,Essendon,Sydney,12699,Nick,Blakey,22,
2026,23,Essendon,Sydney,12865,Braeden,Campbell,16,
2026,23,Essendon,Sydney,12677,Billy,Cootee,25,
2026,23,Essendon,Sydney,13117,Charlie,Curnow,35,
2026,23,Essendon,Sydney,12516,Jesse,Dattoli,9,
2026,23,Essendon,Sydney,13364,Will,Green,45,
2026,23,Essendon,Sydney,12223,Brodie,Grundy,4,
2026,23,Essendon,Sydney,12864,Errol,Gulden,21,
2026,23,Essendon,Sydney,12370,Joel,Hamling,29,
2026,23,Essendon,Sydney,12331,Isaac,Heeney,5,
2026,23,Essendon,Sydney,12853,James,Jordon,17,
2026,23,Essendon,Sydney,13330,Harry,Kyle,32,
2026,23,Essendon,Sydney,12275,Jake,Lloyd,44,
2026,23,Essendon,Sydney,12634,Tom,McCartin,30,
2026,23,Essendon,Sydney,12864,Logan,McDonald,6,
2026,23,Essendon,Sydney,12418,Callum,Mills,14,
2026,23,Essendon,Sydney,12419,Tom,Papley,11,
2026,23,Essendon,Sydney,12148,Dane,Rampe,24,
2026,23,Essendon,Sydney,12993,Matt,Roberts,34,
2026,23,Essendon,Sydney,12501,Jai,Serong,13,
2026,23,Essendon,Sydney,12799,Chad,Warner,1,
2026,23,Essendon,Sydney,12820,Sam,Wicks,15,
2026,24,St Kilda,Gold Coast,13221,Hugh,Boxshall,38,
2026,24,St Kilda,Gold Coast,12498,Dan,Butler,16,
2026,24,St Kilda,Gold Coast,12804,Ryan,Byrnes,13,
2026,24,St Kilda,Gold Coast,12399,Tom,De Koning,21,
2026,24,St Kilda,Gold Coast,13124,Hugo,Garcia,34,
2026,24,St Kilda,Gold Coast,13191,Max,Hall,40,
2026,24,St Kilda,Gold Coast,13116,Angus,Hastie,24,
2026,24,St Kilda,Gold Coast,12066,Bradley,Hill,8,
2026,24,St Kilda,Gold Coast,12426,Dougal,Howard,20,
2026,24,St Kilda,Gold Coast,13334,Campbell,Lake,39,
2026,24,St Kilda,Gold Coast,12172,Jack,Macrae,6,
2026,24,St Kilda,Gold Coast,12572,Rowan,Marshall,19,
2026,24,St Kilda,Gold Coast,13192,Liam,OConnell,45,
2026,24,St Kilda,Gold Coast,12945,Mitch,Owens,10,
2026,24,St Kilda,Gold Coast,13042,Mattaes,Phillipou,25,
2026,24,St Kilda,Gold Coast,13190,Liam,Ryan,31,
2026,24,St Kilda,Gold Coast,12930,Cooper,Sharman,43,
2026,24,St Kilda,Gold Coast,12294,Jack,Silvagni,3,
2026,24,St Kilda,Gold Coast,12721,Liam,Stocker,14,
2026,24,St Kilda,Gold Coast,13206,Tobie,Travaglia,5,
2026,24,St Kilda,Gold Coast,12701,Callum,Wilkie,44,
2026,24,St Kilda,Gold Coast,13109,Darcy,Wilson,22,
2026,24,St Kilda,Gold Coast,12968,Marcus,Windhager,2,
2026,24,St Kilda,Gold Coast,13344,Beau,Addinsall,38,
2026,24,St Kilda,Gold Coast,12767,Noah,Anderson,15,
2026,24,St Kilda,Gold Coast,13019,Mac,Andrew,1,
2026,24,St Kilda,Gold Coast,12631,Charlie,Ballard,10,
2026,24,St Kilda,Gold Coast,13119,Sam,Clohesy,33,
2026,24,St Kilda,Gold Coast,13272,Lachlan,Gulbin,39,
2026,24,St Kilda,Gold Coast,12314,Nick,Holman,7,
2026,24,St Kilda,Gold Coast,13050,Bailey,Humphrey,19,
2026,24,St Kilda,Gold Coast,12936,Joel,Jeffrey,16,
2026,24,St Kilda,Gold Coast,13258,Ben,Jepson,44,
2026,24,St Kilda,Gold Coast,12728,Ben,King,34,
2026,24,St Kilda,Gold Coast,12489,Leo,Lombard,8,
2026,24,St Kilda,Gold Coast,12529,Ben,Long,22,
2026,24,St Kilda,Gold Coast,12329,Touk,Miller,11,
2026,24,St Kilda,Gold Coast,12242,Ned,Moyle,23,
2026,24,St Kilda,Gold Coast,12743,John,Noble,2,
2026,24,St Kilda,Gold Coast,13121,Ethan,Read,20,
2026,24,St Kilda,Gold Coast,12409,Daniel,Rioli,17,
2026,24,St Kilda,Gold Coast,13127,Jake,Rogers,29,
2026,24,St Kilda,Gold Coast,12769,Matt,Rowell,18,
2026,24,St Kilda,Gold Coast,12086,Bodhi,Uwland,6,
2026,24,St Kilda,Gold Coast,13114,Jed,Walter,4,
2026,24,St Kilda,Gold Coast,12184,Jarrod,Witts,28,
2026,24,Collingwood,Brisbane Lions,13147,Edward,Allan,16,
2026,24,Collingwood,Brisbane Lions,12648,Angus,Anderson,41,
2026,24,Collingwood,Brisbane Lions,12666,Darcy,Cameron,14,
2026,24,Collingwood,Brisbane Lions,12067,Jack,Crisp,25,
2026,24,Collingwood,Brisbane Lions,12582,Josh,Daicos,7,
2026,24,Collingwood,Brisbane Lions,12948,Nick,Daicos,35,
2026,24,Collingwood,Brisbane Lions,12333,Jordan,de Goey,2,
2026,24,Collingwood,Brisbane Lions,12682,Billy,Frampton,17,
2026,24,Collingwood,Brisbane Lions,13071,Harvey,Harrison,36,
2026,24,Collingwood,Brisbane Lions,13230,Will,Hayes,39,
2026,24,Collingwood,Brisbane Lions,12503,Dan,Houston,9,
2026,24,Collingwood,Brisbane Lions,11973,Jeremy,Howe,38,
2026,24,Collingwood,Brisbane Lions,13025,Ned,Long,44,
2026,24,Collingwood,Brisbane Lions,12877,Beau,McCreery,31,
2026,24,Collingwood,Brisbane Lions,12297,Daniel,McStay,11,
2026,24,Collingwood,Brisbane Lions,12307,Tim,Membrey,28,
2026,24,Collingwood,Brisbane Lions,11506,Scott,Pendlebury,10,
2026,24,Collingwood,Brisbane Lions,13345,Liam,Puncher,47,
2026,24,Collingwood,Brisbane Lions,12704,Lachie,Schultz,8,
2026,24,Collingwood,Brisbane Lions,11759,Steele,Sidebottom,22,
2026,24,Collingwood,Brisbane Lions,13249,Roan,Steele,45,
2026,24,Collingwood,Brisbane Lions,12029,Sam,Swadling,32,
2026,24,Collingwood,Brisbane Lions,13247,Charlie,West,29,
2026,24,Collingwood,Brisbane Lions,12412,Oscar,Allen,4,
2026,24,Collingwood,Brisbane Lions,12347,Harris,Andrews,31,
2026,24,Collingwood,Brisbane Lions,12719,Noah,Answerth,43,
2026,24,Collingwood,Brisbane Lions,13183,Levi,Ashcroft,10,
2026,24,Collingwood,Brisbane Lions,13034,Will,Ashcroft,8,
2026,24,Collingwood,Brisbane Lions,12617,Zac,Bailey,33,
2026,24,Collingwood,Brisbane Lions,12525,Jarrod,Berry,7,
2026,24,Collingwood,Brisbane Lions,12284,Charlie,Cameron,23,
2026,24,Collingwood,Brisbane Lions,12772,Sam,Draper,2,
2026,24,Collingwood,Brisbane Lions,12421,Josh,Dunkley,5,
2026,24,Collingwood,Brisbane Lions,13072,Jaspa,Fletcher,3,
2026,24,Collingwood,Brisbane Lions,12726,Darcy,Fort,32,
2026,24,Collingwood,Brisbane Lions,13234,Ty,Gallop,22,
2026,24,Collingwood,Brisbane Lions,12274,Darcy,Gardiner,27,
2026,24,Collingwood,Brisbane Lions,12462,Eric,Hipwood,30,
2026,24,Collingwood,Brisbane Lions,11901,Ryan,Lester,35,
2026,24,Collingwood,Brisbane Lions,12969,Kai,Lohmann,1,
2026,24,Collingwood,Brisbane Lions,12400,Conor,McKenna,26,
2026,24,Collingwood,Brisbane Lions,13138,Logan,Morris,13,
2026,24,Collingwood,Brisbane Lions,12061,Lachie,Neale,9,
2026,24,Collingwood,Brisbane Lions,12594,Cam,Rayner,16,
2026,24,Collingwood,Brisbane Lions,13027,Darcy,Wilmot,44,
2026,24,Collingwood,Brisbane Lions,12082,Dayne,Zorko,15,
2026,24,Carlton,Fremantle,12282,Blake,Acres,13,
2026,24,Carlton,Fremantle,12681,Ben,Ainsworth,12,
2026,24,Carlton,Fremantle,13057,Talor,Byrne,39,
2026,24,Carlton,Fremantle,12610,Adam,Cerra,5,
2026,24,Carlton,Fremantle,12823,Matthew,Cottrell,46,
2026,24,Carlton,Fremantle,13028,Lachlan,Cowan,2,
2026,24,Carlton,Fremantle,12269,Patrick,Cripps,9,
2026,24,Carlton,Fremantle,13245,Harry,Dean,35,
2026,24,Carlton,Fremantle,13306,Wade,Derksen,47,
2026,24,Carlton,Fremantle,12873,Francis,Evans,44,
2026,24,Carlton,Fremantle,12308,Oliver,Florent,14,
2026,24,Carlton,Fremantle,12417,George,Hewett,29,
2026,24,Carlton,Fremantle,13029,Oliver,Hollands,4,
2026,24,Carlton,Fremantle,12938,Brodie,Kemp,17,
2026,24,Carlton,Fremantle,13173,Cooper,Lord,36,
2026,24,Carlton,Fremantle,12415,Mitch,McGovern,11,
2026,24,Carlton,Fremantle,12575,Harry,McKay,10,
2026,24,Carlton,Fremantle,12424,Marc,Pittonet,27,
2026,24,Carlton,Fremantle,13277,Jagga,Smith,7,
2026,24,Carlton,Fremantle,12685,Sam,Walsh,18,
2026,24,Carlton,Fremantle,12410,Jacob,Weitering,23,
2026,24,Carlton,Fremantle,12175,Billy,Wilson,15,
2026,24,Carlton,Fremantle,12567,Lewis,Young,33,
2026,24,Carlton,Fremantle,12595,Bailey,Banfield,41,
2026,24,Carlton,Fremantle,12538,Shai,Bolton,10,
2026,24,Carlton,Fremantle,12596,Andrew,Brayshaw,8,
2026,24,Carlton,Fremantle,12688,Jordan,Clark,6,
2026,24,Carlton,Fremantle,12552,Brennan,Cox,36,
2026,24,Carlton,Fremantle,13171,Mason,Cox,18,
2026,24,Carlton,Fremantle,13207,Isaiah,Dudley,43,
2026,24,Carlton,Fremantle,12967,Neil,Erasmus,28,
2026,24,Carlton,Fremantle,12803,Michael,Frederick,32,
2026,24,Carlton,Fremantle,12779,Luke,Jackson,9,
2026,24,Carlton,Fremantle,13049,Matthew,Johnson,44,
2026,24,Carlton,Fremantle,12402,Oscar,McDonald,21,
2026,24,Carlton,Fremantle,13036,Judd,McVee,17,
2026,24,Carlton,Fremantle,12252,Tobyn,Murray,11,
2026,24,Carlton,Fremantle,12964,Nathan,ODriscoll,30,
2026,24,Carlton,Fremantle,12361,Alex,Pearce,25,
2026,24,Carlton,Fremantle,12550,Luke,Ryan,13,
2026,24,Carlton,Fremantle,13299,Chris,Scerri,45,
2026,24,Carlton,Fremantle,12786,Caleb,Serong,3,
2026,24,Carlton,Fremantle,12888,Josh,Treacy,35,
2026,24,Carlton,Fremantle,13132,Patrick,Voss,20,
2026,24,Carlton,Fremantle,13080,Karl,Worner,23,
2026,24,Carlton,Fremantle,12777,Hayden,Young,26,
2026,24,Melbourne,Western Bulldogs,12933,Jake,Bowey,17,
2026,24,Melbourne,Western Bulldogs,12756,Kade,Chandler,37,
2026,24,Melbourne,Western Bulldogs,13338,Joel,Fitzgerald,47,
2026,24,Melbourne,Western Bulldogs,12603,Bayley,Fritsch,31,
2026,24,Melbourne,Western Bulldogs,11972,Max,Gawn,11,
2026,24,Melbourne,Western Bulldogs,13194,Matthew,Jefferson,21,
2026,24,Melbourne,Western Bulldogs,12255,Changkuoth,Jiath,14,
2026,24,Melbourne,Western Bulldogs,12401,Ed,Langdon,15,
2026,24,Melbourne,Western Bulldogs,13036,Harvey,Langford,4,
2026,24,Melbourne,Western Bulldogs,13035,Bailey,Laurie,16,
2026,24,Melbourne,Western Bulldogs,12359,Jake,Lever,8,
2026,24,Melbourne,Western Bulldogs,12437,Xavier,Lindsay,5,
2026,24,Melbourne,Western Bulldogs,12015,Tom,McDonald,25,
2026,24,Melbourne,Western Bulldogs,12660,Harry,Petty,35,
2026,24,Melbourne,Western Bulldogs,12774,Kysaiah,Pickett,36,
2026,24,Melbourne,Western Bulldogs,12778,Trent,Rivers,24,
2026,24,Melbourne,Western Bulldogs,12280,Christian,Salem,3,
2026,24,Melbourne,Western Bulldogs,12862,Harry,Sharp,30,
2026,24,Melbourne,Western Bulldogs,12692,Tom,Sparrow,32,
2026,24,Melbourne,Western Bulldogs,12628,Jack,Steele,9,
2026,24,Melbourne,Western Bulldogs,13123,Koltyn,Tholstrup,12,
2026,24,Melbourne,Western Bulldogs,12998,Daniel,Turner,10,
2026,24,Melbourne,Western Bulldogs,13099,Caleb,Windsor,6,
2026,24,Melbourne,Western Bulldogs,12277,Marcus,Bontempelli,4,
2026,24,Melbourne,Western Bulldogs,12917,Lachlan,Bramble,29,
2026,24,Melbourne,Western Bulldogs,11874,Connor,Budarick,19,
2026,24,Melbourne,Western Bulldogs,13365,Lachlan,Carmichael,2,
2026,24,Melbourne,Western Bulldogs,12362,Bailey,Dale,31,
2026,24,Melbourne,Western Bulldogs,13184,Sam,Davidson,42,
2026,24,Melbourne,Western Bulldogs,13185,Josh,Dolan,26,
2026,24,Melbourne,Western Bulldogs,13140,Joel,Freijah,27,
2026,24,Melbourne,Western Bulldogs,12732,Ryan,Gardner,43,
2026,24,Melbourne,Western Bulldogs,13215,Cooper,Hynes,6,
2026,24,Melbourne,Western Bulldogs,13047,Arthur,Jones,32,
2026,24,Melbourne,Western Bulldogs,13336,Luke,Kennedy,35,
2026,24,Melbourne,Western Bulldogs,12463,Matthew,Kennedy,8,
2026,24,Melbourne,Western Bulldogs,12901,Buku,Khamis,24,
2026,24,Melbourne,Western Bulldogs,12289,Rory,Lobb,7,
2026,24,Melbourne,Western Bulldogs,12602,Aaron,Naughton,33,
2026,24,Melbourne,Western Bulldogs,13063,James,ODonnell,18,
2026,24,Melbourne,Western Bulldogs,12612,Ed,Richards,20,
2026,24,Melbourne,Western Bulldogs,13111,Ryley,Sanders,9,
2026,24,Melbourne,Western Bulldogs,13279,Michael,Sellwood,37,
2026,24,Melbourne,Western Bulldogs,12803,Cody,Weightman,3,
2026,24,Melbourne,Western Bulldogs,12748,Rhylee,West,14,
2026,24,Melbourne,Western Bulldogs,12449,Bailey,Williams,34,
2026,24,Geelong,Richmond,12687,Tom,Atkins,30,
2026,24,Geelong,Richmond,12874,Tanner,Bruhn,4,
2026,24,Geelong,Richmond,12022,Jeremy,Cameron,5,
2026,24,Geelong,Richmond,13062,Jhye,Clark,13,
2026,24,Geelong,Richmond,12808,Brad,Close,45,
2026,24,Geelong,Richmond,11706,Patrick,Dangerfield,35,
2026,24,Geelong,Richmond,12892,Sam,De Koning,16,
2026,24,Geelong,Richmond,12976,Oliver,Dempsey,28,
2026,24,Geelong,Richmond,13288,Mitchell,Edwards,11,
2026,24,Geelong,Richmond,12559,Zach,Guthrie,39,
2026,24,Geelong,Richmond,12614,Jack,Henry,38,
2026,24,Geelong,Richmond,12850,Oliver,Henry,36,
2026,24,Geelong,Richmond,13162,Lawson,Humphries,17,
2026,24,Geelong,Richmond,13107,Shaun,Mannagh,7,
2026,24,Geelong,Richmond,12243,Jack,Martin,19,
2026,24,Geelong,Richmond,12690,Gryan,Miers,32,
2026,24,Geelong,Richmond,13067,Oisin,Mullin,34,
2026,24,Geelong,Richmond,12995,Shannon,Neale,33,
2026,24,Geelong,Richmond,12540,Mark,OConnor,42,
2026,24,Geelong,Richmond,13125,Connor,OSullivan,14,
2026,24,Geelong,Richmond,13356,Jay,Polkinghorne,2,
2026,24,Geelong,Richmond,12698,Bailey,Smith,3,
2026,24,Geelong,Richmond,12514,Tom,Stewart,44,
2026,24,Geelong,Richmond,13076,Kye,Annand,41,
2026,24,Geelong,Richmond,13081,Sam,Banks,6,
2026,24,Geelong,Richmond,13097,Tom,Brown,30,
2026,24,Geelong,Richmond,13100,Seth,Campbell,44,
2026,24,Geelong,Richmond,13000,Judson,Clarke,23,
2026,24,Geelong,Richmond,13217,Campbell,Gray,50,
2026,24,Geelong,Richmond,13144,Steely,Green,48,
2026,24,Geelong,Richmond,13253,Sam,Grlj,24,
2026,24,Geelong,Richmond,13256,Taj,Hotton,10,
2026,24,Geelong,Richmond,13115,Mykelti,Lefau,42,
2026,24,Geelong,Richmond,11953,Tom,Lynch,19,
2026,24,Geelong,Richmond,13122,Kane,McAuliffe,28,
2026,24,Geelong,Richmond,12940,Ben,Miller,12,
2026,24,Geelong,Richmond,12379,Toby,Nankervis,25,
2026,24,Geelong,Richmond,12904,Hugo,Ralphsmith,13,
2026,24,Geelong,Richmond,12324,Patrick,Retschko,33,
2026,24,Geelong,Richmond,12935,Maurice,Rioli,17,
2026,24,Geelong,Richmond,12712,Jack,Ross,5,
2026,24,Geelong,Richmond,12918,Samson,Ryan,32,
2026,24,Geelong,Richmond,12425,Jayden,Short,15,
2026,24,Geelong,Richmond,12512,Tim,Taranto,14,
2026,24,Geelong,Richmond,13194,Luke,Trainor,11,
2026,24,Geelong,Richmond,12180,Nick,Vlastuin,1,
2026,24,Adelaide,Greater Western Sydney,12855,Sam,Berry,3,
2026,24,Adelaide,Greater Western Sydney,13088,James,Borlase,35,
2026,24,Adelaide,Greater Western Sydney,12936,Brayden,Cook,15,
2026,24,Adelaide,Greater Western Sydney,12635,Isaac,Cumming,44,
2026,24,Adelaide,Greater Western Sydney,13133,Daniel,Curtin,6,
2026,24,Adelaide,Greater Western Sydney,12519,Jordan,Dawson,12,
2026,24,Adelaide,Greater Western Sydney,12591,Darcy,Fogarty,32,
2026,24,Adelaide,Greater Western Sydney,13166,Hugo,Hall-Kahan,40,
2026,24,Adelaide,Greater Western Sydney,12813,Mark,Keane,48,
2026,24,Adelaide,Greater Western Sydney,12441,Ben,Keays,2,
2026,24,Adelaide,Greater Western Sydney,12171,Rory,Laird,29,
2026,24,Adelaide,Greater Western Sydney,13068,Lachlan,McAndrew,42,
2026,24,Adelaide,Greater Western Sydney,13038,Max,Michalanney,16,
2026,24,Adelaide,Greater Western Sydney,12416,Wayne,Milera,30,
2026,24,Adelaide,Greater Western Sydney,13084,Luke,Nankervis,27,
2026,24,Adelaide,Greater Western Sydney,12375,Alex,Neal-Bullen,28,
2026,24,Adelaide,Greater Western Sydney,12957,Josh,Rachele,8,
2026,24,Adelaide,Greater Western Sydney,12797,Izak,Rankine,23,
2026,24,Adelaide,Greater Western Sydney,12956,Jake,Soligo,14,
2026,24,Adelaide,Greater Western Sydney,13161,Zac,Taylor,19,
2026,24,Adelaide,Greater Western Sydney,12893,Riley,Thilthorpe,7,
2026,24,Adelaide,Greater Western Sydney,11724,Taylor,Walker,13,
2026,24,Adelaide,Greater Western Sydney,12916,Josh,Worrell,24,
2026,24,Adelaide,Greater Western Sydney,13002,Ryan,Angwin,9,
2026,24,Adelaide,Greater Western Sydney,12782,Lachie,Ash,7,
2026,24,Adelaide,Greater Western Sydney,12905,Kieren,Briggs,32,
2026,24,Adelaide,Greater Western Sydney,12910,Callum,Brown,46,
2026,24,Adelaide,Greater Western Sydney,13054,Aaron,Cadman,5,
2026,24,Adelaide,Greater Western Sydney,12023,Stephen,Coniglio,3,
2026,24,Adelaide,Greater Western Sydney,13223,Josaia,Delana,38,
2026,24,Adelaide,Greater Western Sydney,13165,Joe,Fonti,37,
2026,24,Adelaide,Greater Western Sydney,12026,Toby,Greene,4,
2026,24,Adelaide,Greater Western Sydney,13156,Max,Gruzewski,35,
2026,24,Adelaide,Greater Western Sydney,13350,Riley,Hamilton,43,
2026,24,Adelaide,Greater Western Sydney,12470,Harry,Himmelberg,27,
2026,24,Adelaide,Greater Western Sydney,12749,Connor,Idun,39,
2026,24,Adelaide,Greater Western Sydney,13235,Nick,Madden,41,
2026,24,Adelaide,Greater Western Sydney,13089,Toby,McMullin,31,
2026,24,Adelaide,Greater Western Sydney,12822,Xavier,OHalloran,33,
2026,24,Adelaide,Greater Western Sydney,12992,Clayton,Oliver,10,
2026,24,Adelaide,Greater Western Sydney,13046,Harry,Rowston,24,
2026,24,Adelaide,Greater Western Sydney,12887,Conor,Stone,18,
2026,24,Adelaide,Greater Western Sydney,12173,Jake,Stringer,20,
2026,24,Adelaide,Greater Western Sydney,12651,Sam,Taylor,15,
2026,24,Adelaide,Greater Western Sydney,13101,Harvey,Thomas,1,
2026,24,Adelaide,Greater Western Sydney,12147,Lachie,Whitfield,6,
2026,24,Essendon,Port Adelaide,13237,Jaxon,Artemis,34,
2026,24,Essendon,Port Adelaide,12900,Nick,Bryan,24,
2026,24,Essendon,Port Adelaide,13149,Nate,Caddy,30,
2026,24,Essendon,Port Adelaide,12752,Jye,Caldwell,6,
2026,24,Essendon,Port Adelaide,13228,Angus,Clarke,36,
2026,24,Essendon,Port Adelaide,13224,Archer,Day-Wicks,44,
2026,24,Essendon,Port Adelaide,12809,Jacob,Farrow,2,
2026,24,Essendon,Port Adelaide,12857,Harry,Jones,23,
2026,24,Essendon,Port Adelaide,13180,Isaac,Kako,10,
2026,24,Essendon,Port Adelaide,13020,Max,Kondogiannis,29,
2026,24,Essendon,Port Adelaide,12358,Kyle,Langford,4,
2026,24,Essendon,Port Adelaide,12505,Andrew,McGrath,1,
2026,24,Essendon,Port Adelaide,12249,Zach,Merrett,7,
2026,24,Essendon,Port Adelaide,12880,Archie,Perkins,16,
2026,24,Essendon,Port Adelaide,12874,Jaxon,Prior,25,
2026,24,Essendon,Port Adelaide,12445,Mason,Redman,27,
2026,24,Essendon,Port Adelaide,12891,Zach,Reid,31,
2026,24,Essendon,Port Adelaide,13169,Archie,Roberts,21,
2026,24,Essendon,Port Adelaide,12574,Will,Setterfield,12,
2026,24,Essendon,Port Adelaide,12384,Dyson,Sharp,15,
2026,24,Essendon,Port Adelaide,13265,Rhys,Unwin,38,
2026,24,Essendon,Port Adelaide,11692,Vigo,Visentini,17,
2026,24,Essendon,Port Adelaide,12371,Peter,Wright,20,
2026,24,Essendon,Port Adelaide,13325,Tom,Anastasopoulos,29,
2026,24,Essendon,Port Adelaide,13340,Xavier,Bamert,46,
2026,24,Essendon,Port Adelaide,12868,Miles,Bergman,14,
2026,24,Essendon,Port Adelaide,13188,Joe,Berry,5,
2026,24,Essendon,Port Adelaide,12920,Will,Brodie,23,
2026,24,Essendon,Port Adelaide,13011,Jase,Burgoyne,7,
2026,24,Essendon,Port Adelaide,12429,Darcy,Byrne-Jones,33,
2026,24,Essendon,Port Adelaide,12952,Corey,Durdin,44,
2026,24,Essendon,Port Adelaide,12770,Mitch,Georgiades,19,
2026,24,Essendon,Port Adelaide,12883,Lachie,Jones,34,
2026,24,Essendon,Port Adelaide,13304,Josh,Lai,43,
2026,24,Essendon,Port Adelaide,12578,Todd,Marshall,4,
2026,24,Essendon,Port Adelaide,12557,Christian,Moraes,11,
2026,24,Essendon,Port Adelaide,12925,Balyn,OBrien,41,
2026,24,Essendon,Port Adelaide,12389,Harrison,Ramm,32,
2026,24,Essendon,Port Adelaide,13141,Joe,Richards,35,
2026,24,Essendon,Port Adelaide,12890,Jordon,Sweet,24,
2026,24,Essendon,Port Adelaide,13363,Alex,Van Wyk,47,
2026,24,Essendon,Port Adelaide,13074,Dante,Visentini,38,
2026,24,Essendon,Port Adelaide,12613,Jacob,Wehr,15,
2026,24,Essendon,Port Adelaide,13261,Jack,Whitlock,17,
2026,24,Essendon,Port Adelaide,12155,Ollie,Wines,16,
2026,24,Essendon,Port Adelaide,13231,Mitch,Zadow,39,
2026,24,Sydney,North Melbourne,12865,Braeden,Campbell,16,
2026,24,Sydney,North Melbourne,13157,Caiden,Cleary,33,
2026,24,Sydney,North Melbourne,12677,Billy,Cootee,25,
2026,24,Sydney,North Melbourne,12038,Harry,Cunningham,7,
2026,24,Sydney,North Melbourne,13117,Charlie,Curnow,35,
2026,24,Sydney,North Melbourne,12516,Jesse,Dattoli,9,
2026,24,Sydney,North Melbourne,13364,Will,Green,45,
2026,24,Sydney,North Melbourne,12223,Brodie,Grundy,4,
2026,24,Sydney,North Melbourne,12864,Errol,Gulden,21,
2026,24,Sydney,North Melbourne,12370,Joel,Hamling,29,
2026,24,Sydney,North Melbourne,13174,Tom,Hanily,40,
2026,24,Sydney,North Melbourne,13330,Harry,Kyle,32,
2026,24,Sydney,North Melbourne,12275,Jake,Lloyd,44,
2026,24,Sydney,North Melbourne,12634,Tom,McCartin,30,
2026,24,Sydney,North Melbourne,12864,Logan,McDonald,6,
2026,24,Sydney,North Melbourne,12418,Callum,Mills,14,
2026,24,Sydney,North Melbourne,12419,Tom,Papley,11,
2026,24,Sydney,North Melbourne,12148,Dane,Rampe,24,
2026,24,Sydney,North Melbourne,12993,Matt,Roberts,34,
2026,24,Sydney,North Melbourne,12715,James,Rowbottom,8,
2026,24,Sydney,North Melbourne,12501,Jai,Serong,13,
2026,24,Sydney,North Melbourne,12951,Angus,Sheldrick,12,
2026,24,Sydney,North Melbourne,12820,Sam,Wicks,15,
2026,24,Sydney,North Melbourne,13257,Zac,Banch,45,
2026,24,Sydney,North Melbourne,12939,Charlie,Comben,30,
2026,24,Sydney,North Melbourne,12185,Aidan,Corr,4,
2026,24,Sydney,North Melbourne,12975,Paul,Curtis,25,
2026,24,Sydney,North Melbourne,12382,Caleb,Daniel,5,
2026,24,Sydney,North Melbourne,11908,Jack,Darling,27,
2026,24,Sydney,North Melbourne,12599,Luke,Davies-Uniacke,9,
2026,24,Sydney,North Melbourne,13145,Wil,Dawson,18,
2026,24,Sydney,North Melbourne,13028,Josh,Goater,31,
2026,24,Sydney,North Melbourne,13129,Riley,Hardeman,17,
2026,24,Sydney,North Melbourne,12569,Nick,Larkey,20,
2026,24,Sydney,North Melbourne,12524,Griffin,Logue,19,
2026,24,Sydney,North Melbourne,12246,Luke,McDonald,11,
2026,24,Sydney,North Melbourne,13105,Colby,McKercher,10,
2026,24,Sydney,North Melbourne,13187,Finn,OSullivan,2,
2026,24,Sydney,North Melbourne,11958,Luke,Parker,26,
2026,24,Sydney,North Melbourne,12511,Jy,Simpkin,12,
2026,24,Sydney,North Melbourne,12434,Charlie,Spargo,13,
2026,24,Sydney,North Melbourne,12798,Dylan,Stephens,15,
2026,24,Sydney,North Melbourne,13263,Cooper,Trembath,47,
2026,24,Sydney,North Melbourne,13065,George,Wardlaw,6,
2026,24,Sydney,North Melbourne,12789,Tristan,Xerri,38,
2026,24,Sydney,North Melbourne,12566,Cameron,Zurhaar,44,
2026,24,West Coast,Hawthorn,13222,Bo,Allan,26,
2026,24,West Coast,Hawthorn,12668,Liam,Baker,3,
2026,24,West Coast,Hawthorn,13001,Rhett,Bazzo,33,
2026,24,West Coast,Hawthorn,12454,Tom,Cole,28,
2026,24,West Coast,Hawthorn,13211,Hamish,Davis,38,
2026,24,West Coast,Hawthorn,12630,Cooper,Duff-Tytler,21,
2026,24,West Coast,Hawthorn,12607,Willem,Duursma,1,
2026,24,West Coast,Hawthorn,12584,Jack,Graham,17,
2026,24,West Coast,Hawthorn,13212,Tom,Gross,27,
2026,24,West Coast,Hawthorn,13342,Marcus,Herbert,51,
2026,24,West Coast,Hawthorn,12958,Brady,Hough,19,
2026,24,West Coast,Hawthorn,12605,Tim,Kelly,11,
2026,24,West Coast,Hawthorn,12433,Josh,Lindsay,5,
2026,24,West Coast,Hawthorn,13033,Tom,McCarthy,18,
2026,24,West Coast,Hawthorn,13297,Milan,Murdock,47,
2026,24,West Coast,Hawthorn,13112,Harley,Reid,9,
2026,24,West Coast,Hawthorn,13248,Jobe,Shanahan,35,
2026,24,West Coast,Hawthorn,12671,Brandon,Starcevich,4,
2026,24,West Coast,Hawthorn,12609,Jake,Waterman,2,
2026,24,West Coast,Hawthorn,12837,Bailey,Williams,32,
2026,24,West Coast,Hawthorn,12960,Jack,Williams,34,
2026,24,West Coast,Hawthorn,12090,Elliot,Yeo,6,
2026,24,West Coast,Hawthorn,12279,Tylar,Young,20,
2026,24,West Coast,Hawthorn,12365,Karl,Amon,10,
2026,24,West Coast,Hawthorn,12391,Tom,Barrass,37,
2026,24,West Coast,Hawthorn,12565,Josh,Battle,24,
2026,24,West Coast,Hawthorn,13055,Max,Beattie,40,
2026,24,West Coast,Hawthorn,12491,Mabior,Chol,18,
2026,24,West Coast,Hawthorn,13103,Jack,Dalton,34,
2026,24,West Coast,Hawthorn,12999,Massimo,DAmbrosio,16,
2026,24,West Coast,Hawthorn,12794,Will,Day,12,
2026,24,West Coast,Hawthorn,11854,Jack,Gunston,19,
2026,24,West Coast,Hawthorn,12477,Blake,Hardwick,15,
2026,24,West Coast,Hawthorn,12245,Jarman,Impey,4,
2026,24,West Coast,Hawthorn,12643,Mitch,Lewis,2,
2026,24,West Coast,Hawthorn,13069,Bailey,Macdonald,42,
2026,24,West Coast,Hawthorn,12753,Connor,Macdonald,9,
2026,24,West Coast,Hawthorn,13039,Cam,Mackenzie,28,
2026,24,West Coast,Hawthorn,12854,Lloyd,Meek,17,
2026,24,West Coast,Hawthorn,12124,Dylan,Moore,8,
2026,24,West Coast,Hawthorn,12585,Harry,Morrison,1,
2026,24,West Coast,Hawthorn,12913,Jai,Newcombe,3,
2026,24,West Coast,Hawthorn,12342,James,Sicily,6,
2026,24,West Coast,Hawthorn,12954,Josh,Ward,25,
2026,24,West Coast,Hawthorn,12626,Nick,Watson,5,
2026,24,West Coast,Hawthorn,13059,Josh,Weddle,23,
