EVENT_DATE,PATH,EVENT_ID,MARKET_TYPE,MARKET_ID,MARKET_NAME,SELECTION_ID,RUNNER_NAME,RUNNER_STATUS,IS_WINNER,TOTAL_POINTS,HOME_TEAM,AWAY_TEAM,HOME_MARGIN,HOME_SCORE,AWAY_SCORE,BEST_BACK_FIRST_BOUNCE,BEST_LAY_FIRST_BOUNCE,MATCHED_VOLUME_FIRST_BOUNCE,BEST_BACK_PRICE_APPROX_QUARTER_TIME,BEST_LAY_PRICE_APPROX_QUARTER_TIME,MATCHED_VOLUME_QUARTER_TIME,BEST_BACK_PRICE_HALF_TIME,BEST_LAY_PRICE_HALF_TIME,MATCHED_VOLUME_HALF_TIME,BEST_BACK_PRICE_APPROX_THREE_QUARTER_TIME,BEST_LAY_PRICE_APPROX_THREE_QUARTER_TIME,MATCHED_VOLUME_APPROX_THREE_QUARTER_TIME,TOTAL_MATCHED_VOLUME
2026-02-14 00:00:00.000 Z,AFL Origin/Western Australia v Victoria,35202155,MATCH_ODDS,253333119,Match Odds,406939,Victoria,WINNER,1,226,Western Australia,Victoria,-24,101,125,1.34,1.35,74473.97,1.15,1.19,102658.05,1.1,1.2,115850.07,1.01,1.09,123932.11,124670.4
2026-02-14 00:00:00.000 Z,AFL Origin/Western Australia v Victoria,35202155,MATCH_ODDS,253333119,Match Odds,406942,Western Australia,LOSER,0,226,Western Australia,Victoria,-24,101,125,3.85,4.4,9011.71,4,6.2,10419.98,2.12,,10650.4,15.5,,10864.28,10898.76
2026-02-25 00:00:00.000 Z,AFL Pre Season/Carlton v Geelong Cats,35303507,MATCH_ODDS,254481234,Match Odds,39980,Carlton,WINNER,1,,Carlton,Geelong,15,,,2.52,2.54,1869.89,1.38,5,2442.4,1.38,5,2488.51,1.23,5,2529.07,2583.78
2026-02-25 00:00:00.000 Z,AFL Pre Season/Carlton v Geelong Cats,35303507,MATCH_ODDS,254481234,Match Odds,39988,Geelong,LOSER,0,,Carlton,Geelong,15,,,1.64,1.65,5605.91,1.58,3,6077.8,1.58,,6083.52,1.5,,6083.52,6083.52
2026-02-26 00:00:00.000 Z,AFL Pre Season/Brisbane v Gold Coast,35303731,MATCH_ODDS,254481624,Match Odds,42153,Brisbane,WINNER,1,227,Brisbane,Gold Coast,25,126,101,2.42,2.48,1396.94,1.16,4.2,1820.21,1.16,1000,3236.42,1.67,1.77,3681.71,3900.09
2026-02-26 00:00:00.000 Z,AFL Pre Season/Brisbane v Gold Coast,35303731,MATCH_ODDS,254481624,Match Odds,4513766,Gold Coast,LOSER,0,227,Brisbane,Gold Coast,25,126,101,1.68,1.7,5551.59,1.14,1.92,5983.87,1.84,1.9,7633.9,1.14,1000,7880.73,7880.73
2026-02-26 00:00:00.000 Z,AFL Pre Season/Sydney v GWS,35303758,MATCH_ODDS,254483928,Match Odds,5304641,GWS,LOSER,0,156,Sydney,GWS,38,97,59,3.2,3.7,734.99,1.21,8,855.05,1.21,4.7,877.46,1.21,,877.46,877.46
2026-02-26 00:00:00.000 Z,AFL Pre Season/Sydney v GWS,35303758,MATCH_ODDS,254483928,Match Odds,39985,Sydney,WINNER,1,156,Sydney,GWS,38,97,59,1.39,1.4,2241.3,1.12,1.3,3664,1.15,1.36,3775.9,1.01,1.14,3949.22,3960.94
2026-02-27 00:00:00.000 Z,AFL Pre Season/Melbourne v Richmond,35303732,MATCH_ODDS,254482008,Match Odds,298609,Melbourne,WINNER,1,,Melbourne,Richmond,,,,1.35,1.36,1536.96,1.17,1.31,2606,1.05,1.31,2632.09,1.01,1.05,2663.38,2672.92
2026-02-27 00:00:00.000 Z,AFL Pre Season/Melbourne v Richmond,35303732,MATCH_ODDS,254482008,Match Odds,39981,Richmond,LOSER,0,,Melbourne,Richmond,,,,3.4,4.2,78.97,1.22,7.4,83.97,1.22,,83.99,1.22,,83.99,83.99
2026-02-27 00:00:00.000 Z,AFL Pre Season/Western Bulldogs v Hawthorn,35303733,MATCH_ODDS,254482392,Match Odds,39979,Hawthorn,LOSER,0,190,Western Bulldogs,Hawthorn,44,117,73,2.06,2.08,1824.82,2.08,4.2,2756.84,2,,2756.89,4.1,,2766.36,2766.36
2026-02-27 00:00:00.000 Z,AFL Pre Season/Western Bulldogs v Hawthorn,35303733,MATCH_ODDS,254482392,Match Odds,39986,Western Bulldogs,WINNER,1,190,Western Bulldogs,Hawthorn,44,117,73,1.9,1.93,4466.07,1.21,3.7,6068.26,1.02,1.5,6468.55,,1.01,6605.6,6605.6
2026-02-28 00:00:00.000 Z,AFL Pre Season/St Kilda v Essendon,35303734,MATCH_ODDS,254482776,Match Odds,39977,Essendon,LOSER,0,187,St Kilda,Essendon,43,115,72,3.05,4.5,861.07,1.24,,1002.57,1.52,,1002.57,3,,1002.57,1002.57
2026-02-28 00:00:00.000 Z,AFL Pre Season/St Kilda v Essendon,35303734,MATCH_ODDS,254482776,Match Odds,39990,St Kilda,WINNER,1,187,St Kilda,Essendon,43,115,72,1.38,1.47,3018.7,1.11,1.23,3212.53,1.11,1.84,3212.53,1.01,1.15,3247.99,3339.33
2026-02-28 00:00:00.000 Z,AFL Pre Season/Fremantle v Adelaide,35303739,MATCH_ODDS,254483160,Match Odds,39982,Adelaide,LOSER,0,152,Fremantle,Adelaide,16,84,68,2.74,2.8,380.71,1.67,2.12,1264.48,1.81,,1693.3,70,,1858.15,1858.15
2026-02-28 00:00:00.000 Z,AFL Pre Season/Fremantle v Adelaide,35303739,MATCH_ODDS,254483160,Match Odds,39992,Fremantle,WINNER,1,152,Fremantle,Adelaide,16,84,68,1.55,1.58,12266.46,1.6,2.18,13120.22,1.8,4.2,15200.09,,1.01,15328.49,15328.49
2026-03-01 00:00:00.000 Z,AFL Pre Season/North Melbourne v Collingwood,35303741,MATCH_ODDS,254483544,Match Odds,217709,Collingwood,LOSER,0,179,North Melbourne,Collingwood,1,90,89,3,3.1,1291.63,1.86,4.4,1755.12,1.26,1.5,2355.37,1.32,1.5,2491.59,2625.94
2026-03-01 00:00:00.000 Z,AFL Pre Season/North Melbourne v Collingwood,35303741,MATCH_ODDS,254483544,Match Odds,3459613,North Melbourne,WINNER,1,179,North Melbourne,Collingwood,1,90,89,1.49,1.5,3636.61,1.71,2.4,4940.58,1.11,,5124.04,2.02,,5377.63,5917.22
2026-03-01 00:00:00.000 Z,AFL Pre Season/West Coast v Port Adelaide,35303759,MATCH_ODDS,254484312,Match Odds,39978,Port Adelaide,WINNER,1,207,West Coast,Port Adelaide,,,,1.59,1.61,2724.46,1.01,1.18,3175.65,1.02,1.16,3612.4,,1.01,3642.71,3642.71
2026-03-01 00:00:00.000 Z,AFL Pre Season/West Coast v Port Adelaide,35303759,MATCH_ODDS,254484312,Match Odds,39991,West Coast,LOSER,0,207,West Coast,Port Adelaide,,,,2.66,2.68,1836.96,1.92,20,1934.23,1.92,,1934.23,1.92,,1934.23,1934.23
2026-03-05 00:00:00.000 Z,AFL/Sydney Swans v Carlton,34951294,MATCH_ODDS,250535836,Match Odds,39980,Carlton,LOSER,0,201,Sydney,Carlton,63,132,69,4.3,4.4,21169.08,2.6,2.74,26705.99,2,2.02,43230.5,110,1000,46824.9,46829.39
2026-03-05 00:00:00.000 Z,AFL/Sydney Swans v Carlton,34951294,MATCH_ODDS,250535836,Match Odds,39985,Sydney,WINNER,1,201,Sydney,Carlton,63,132,69,1.29,1.3,201663.77,1.57,1.64,272373.46,2.08,2.5,304605.81,,1.01,344556.59,344556.59
2026-03-06 00:00:00.000 Z,AFL/Gold Coast SUNS v Geelong Cats,34951299,MATCH_ODDS,250536314,Match Odds,39988,Geelong,LOSER,0,194,Gold Coast,Geelong,56,125,69,2.42,2.44,75047.93,7,11,88436.8,55,1000,89899.3,1000,,89900.3,89904.59
2026-03-06 00:00:00.000 Z,AFL/Gold Coast SUNS v Geelong Cats,34951299,MATCH_ODDS,250536314,Match Odds,4513766,Gold Coast,WINNER,1,194,Gold Coast,Geelong,56,125,69,1.7,1.71,284467.75,1.09,1.18,333813.37,,1.01,376525.78,,1.01,379702.26,379823.51
2026-03-07 00:00:00.000 Z,AFL/GWS GIANTS v Hawthorn,34951302,MATCH_ODDS,250536792,Match Odds,5304641,GWS,WINNER,1,217,GWS,Hawthorn,27,122,95,2.74,2.76,33782.27,1.43,3.3,47431.56,1.15,1.18,56335.53,1.01,1.02,68090.49,74583.73
2026-03-07 00:00:00.000 Z,AFL/GWS GIANTS v Hawthorn,34951302,MATCH_ODDS,250536792,Match Odds,39979,Hawthorn,LOSER,0,217,GWS,Hawthorn,27,122,95,1.57,1.58,76221.85,2.94,4,96778.92,6.6,8,99980.25,95,1000,100322.01,100358.21
2026-03-07 00:00:00.000 Z,AFL/Brisbane Lions v Western Bulldogs,34951303,MATCH_ODDS,250537270,Match Odds,42153,Brisbane,LOSER,0,217,Brisbane,Western Bulldogs,-5,106,111,1.25,1.35,215771.07,1.44,1.54,230242.66,1.44,1.46,239411.93,1.17,1.31,270717.25,289180.22
2026-03-07 00:00:00.000 Z,AFL/Brisbane Lions v Western Bulldogs,34951303,MATCH_ODDS,250537270,Match Odds,39986,Western Bulldogs,WINNER,1,217,Brisbane,Western Bulldogs,-5,106,111,3.4,3.95,48197.81,2.56,3,50299.33,2.56,3.2,53011,4.1,7,56964.81,71407.69
2026-03-08 00:00:00.000 Z,AFL/St Kilda v Collingwood,34951307,MATCH_ODDS,250537748,Match Odds,217709,Collingwood,WINNER,1,144,St Kilda,Collingwood,-12,66,78,2.12,2.16,151965.01,1.63,1.65,167871.23,2.06,2.3,172942.12,1.17,1.2,190722.7,208422.39
2026-03-08 00:00:00.000 Z,AFL/St Kilda v Collingwood,34951307,MATCH_ODDS,250537748,Match Odds,39990,St Kilda,LOSER,0,144,St Kilda,Collingwood,-12,66,78,1.86,1.87,405828.66,2.5,2.58,440646.27,1.73,1.8,449108.48,5.6,6.2,452820.48,454527.87
2026-03-12 00:00:00.000 Z,AFL/carlton v richmond,34954365,MATCH_ODDS,253618795,Match Odds,39980,Carlton,WINNER,1,146,Carlton,Richmond,4,75,71,1.35,1.36,275652.39,1.18,1.25,313917.77,1.06,1.08,348083.02,1.14,1.19,369815.72,389493.93
2026-03-12 00:00:00.000 Z,AFL/carlton v richmond,34954365,MATCH_ODDS,253618795,Match Odds,39981,Richmond,LOSER,0,146,Carlton,Richmond,4,75,71,3.85,3.95,38653.02,5.1,10,44807.91,13,14,52016.53,4.9,1000,54370.72,57647.52
2026-03-13 00:00:00.000 Z,AFL/essendon v hawthorn,34954366,MATCH_ODDS,253619273,Match Odds,39977,Essendon,LOSER,0,228,Essendon,Hawthorn,-62,83,145,7.2,7.4,19184.46,5.8,9.4,20585.82,22,230,22340.4,230,1000,22363.89,22365.43
2026-03-13 00:00:00.000 Z,AFL/essendon v hawthorn,34954366,MATCH_ODDS,253619273,Match Odds,39979,Hawthorn,WINNER,1,228,Essendon,Hawthorn,-62,83,145,1.16,1.17,379884.79,1.15,1.19,393915.53,,1.01,411873.73,,1.01,413324.52,413324.52
2026-03-14 00:00:00.000 Z,AFL/western bulldogs v gws giants,34954367,MATCH_ODDS,253619811,Match Odds,5304641,GWS,LOSER,0,187,Western Bulldogs,GWS,81,134,53,3.75,3.85,13047.62,6.2,8.6,13909.69,16.5,40,14355.2,110,,14430.3,14430.3
2026-03-14 00:00:00.000 Z,AFL/western bulldogs v gws giants,34954367,MATCH_ODDS,253619811,Match Odds,39986,Western Bulldogs,WINNER,1,187,Western Bulldogs,GWS,81,134,53,1.35,1.36,85738.31,1.12,1.26,97566.75,1.02,1.03,106877.75,,1.01,111657.03,111657.03
2026-03-14 00:00:00.000 Z,AFL/geelong cats v fremantle,34954368,MATCH_ODDS,253620505,Match Odds,39992,Fremantle,LOSER,0,210,Geelong,Fremantle,10,110,100,3.25,3.35,28831.54,1.24,1.59,42023.33,1.41,1.48,51423,1.65,6.8,60053.78,63089.57
2026-03-14 00:00:00.000 Z,AFL/geelong cats v fremantle,34954368,MATCH_ODDS,253620505,Match Odds,39988,Geelong,WINNER,1,210,Geelong,Fremantle,10,110,100,1.43,1.44,185901.38,3.75,5,204280.1,2.14,3.8,206363.02,2.3,3.5,210324.75,226569.21
2026-03-14 00:00:00.000 Z,AFL/sydney swans v brisbane lions,34954374,MATCH_ODDS,253620983,Match Odds,42153,Brisbane,LOSER,0,164,Sydney,Brisbane,44,104,60,2.74,2.76,58906.82,7.2,9.6,65120.27,12,1000,65491.05,42,50,65573.93,65634.89
2026-03-14 00:00:00.000 Z,AFL/sydney swans v brisbane lions,34954374,MATCH_ODDS,253620983,Match Odds,39985,Sydney,WINNER,1,164,Sydney,Brisbane,44,104,60,1.57,1.58,129005.66,1.09,1.13,156965.14,1.02,1.03,170182.9,,1.03,179128.75,187421.24
2026-03-14 00:00:00.000 Z,AFL/collingwood v adelaide crows,34954375,MATCH_ODDS,253621461,Match Odds,39982,Adelaide,WINNER,1,172,Collingwood,Adelaide,-14,79,93,2.7,2.82,29288,1.7,1.8,42140.62,2.06,2.46,46982.78,1.07,1.11,63378.52,108137.09
2026-03-14 00:00:00.000 Z,AFL/collingwood v adelaide crows,34954375,MATCH_ODDS,253621461,Match Odds,217709,Collingwood,LOSER,0,172,Collingwood,Adelaide,-14,79,93,1.58,1.59,77611.13,2.16,2.68,90585.9,1.67,1.73,100829.63,11,1000,103341.53,106595.69
2026-03-15 00:00:00.000 Z,AFL/north melbourne v port adelaide,34954378,MATCH_ODDS,253621939,Match Odds,3459613,North Melbourne,WINNER,1,180,North Melbourne,Port Adelaide,46,113,67,2.2,2.22,94075.86,1.77,2.28,101280.12,1.3,1.33,107024.58,1.01,1.02,121262.48,123427.8
2026-03-15 00:00:00.000 Z,AFL/north melbourne v port adelaide,34954378,MATCH_ODDS,253621939,Match Odds,39978,Port Adelaide,LOSER,0,180,North Melbourne,Port Adelaide,46,113,67,1.8,1.82,154735.76,1.75,2.44,160628.1,2.74,4.2,164837.99,2.74,1000,165411.08,165415.08
2026-03-15 00:00:00.000 Z,AFL/melbourne v st kilda,34954379,MATCH_ODDS,253622417,Match Odds,298609,Melbourne,WINNER,1,227,Melbourne,St Kilda,13,120,107,2.46,2.48,64542.52,3.4,1000,67611.34,2.22,2.62,70897.16,1.85,1.96,75601.63,106633.65
2026-03-15 00:00:00.000 Z,AFL/melbourne v st kilda,34954379,MATCH_ODDS,253622417,Match Odds,39990,St Kilda,LOSER,0,227,Melbourne,St Kilda,13,120,107,1.67,1.68,162355.48,1.4,1.65,172590.41,1.64,1.76,176228.16,1.91,2.12,182095.92,184842.9
2026-03-15 00:00:00.000 Z,AFL/gold coast suns v west coast eagles,34954380,MATCH_ODDS,253622895,Match Odds,4513766,Gold Coast,WINNER,1,203,Gold Coast,West Coast,59,131,72,1.05,1.06,360983.73,,1.01,402241.28,,1.01,402241.28,,1.01,404141.28,404141.28
2026-03-15 00:00:00.000 Z,AFL/gold coast suns v west coast eagles,34954380,MATCH_ODDS,253622895,Match Odds,39991,West Coast,LOSER,0,203,Gold Coast,West Coast,59,131,72,19.5,20,9909.39,16.5,1000,10910.27,1000,,10917.36,1000,,10927.96,10927.96
2026-03-19 00:00:00.000 Z,AFL/Hawthorn v Sydney Swans,35355597,MATCH_ODDS,255088608,Match Odds,39979,Hawthorn,WINNER,1,181,Hawthorn,Sydney,17,99,82,1.37,1.38,320166.68,1.49,1.53,380233.61,1.38,1.46,390993.5,2.2,2.28,405800.1,440709.97
2026-03-19 00:00:00.000 Z,AFL/Hawthorn v Sydney Swans,35355597,MATCH_ODDS,255088608,Match Odds,39985,Sydney,LOSER,0,181,Hawthorn,Sydney,17,99,82,3.65,3.75,50726.15,3.05,3.15,61875.35,3.4,3.6,64983.62,1.84,1.9,75722.85,78524.55
2026-03-20 00:00:00.000 Z,AFL/Adelaide Crows v Western Bulldogs,35355598,MATCH_ODDS,255089080,Match Odds,39982,Adelaide,LOSER,0,182,Adelaide,Western Bulldogs,-6,88,94,1.97,1.99,160103.1,2.06,2.2,183883.98,3.55,3.7,191632.73,5.2,6,195681.52,211774.03
2026-03-20 00:00:00.000 Z,AFL/Adelaide Crows v Western Bulldogs,35355598,MATCH_ODDS,255089080,Match Odds,39986,Western Bulldogs,WINNER,1,182,Adelaide,Western Bulldogs,-6,88,94,2,2.02,164697.57,1.8,1.83,196480.73,1.34,1.38,210059.31,1.15,1.24,239496.79,289576.43
2026-03-21 00:00:00.000 Z,AFL/Richmond v Gold Coast SUNS,35355599,MATCH_ODDS,255089552,Match Odds,4513766,Gold Coast,WINNER,1,188,Richmond,Gold Coast,-68,60,128,1.2,1.21,274512.97,1.35,1.4,293824.36,1.04,1.05,302115.51,,1.01,308881.16,308961.06
2026-03-21 00:00:00.000 Z,AFL/Richmond v Gold Coast SUNS,35355599,MATCH_ODDS,255089552,Match Odds,39981,Richmond,LOSER,0,188,Richmond,Gold Coast,-68,60,128,5.7,5.8,16681.61,3.3,1000,17599.13,13.5,25,17998.14,1.22,1000,18111.92,18112.92
2026-03-21 00:00:00.000 Z,AFL/GWS GIANTS v St Kilda,35355601,MATCH_ODDS,255090024,Match Odds,5304641,GWS,LOSER,0,152,GWS,St Kilda,-4,74,78,1.69,1.71,65309.84,3.9,4.2,72753.4,9,9.2,73907.96,12,1000,75118.28,75379.27
2026-03-21 00:00:00.000 Z,AFL/GWS GIANTS v St Kilda,35355601,MATCH_ODDS,255090024,Match Odds,39990,St Kilda,WINNER,1,152,GWS,St Kilda,-4,74,78,2.4,2.42,27392.22,1.28,1.34,37524.79,1.1,1.14,48698.66,1.07,1.14,62849.7,76055.5
2026-03-21 00:00:00.000 Z,AFL/Fremantle v Melbourne,35355602,MATCH_ODDS,255090496,Match Odds,39992,Fremantle,WINNER,1,188,Fremantle,Melbourne,48,118,70,1.35,1.36,278069.08,1.01,1.02,334762.51,1.04,1.05,402368.37,,1.01,408130.29,408130.82
2026-03-21 00:00:00.000 Z,AFL/Fremantle v Melbourne,35355602,MATCH_ODDS,255090496,Match Odds,298609,Melbourne,LOSER,0,188,Fremantle,Melbourne,48,118,70,3.85,3.9,37255.28,40,100,40472.53,16.5,26,40997.87,1000,,41066.78,41066.78
2026-03-22 00:00:00.000 Z,AFL/Port Adelaide v Essendon,35355603,MATCH_ODDS,255091094,Match Odds,39977,Essendon,LOSER,0,203,Port Adelaide,Essendon,63,133,70,3.7,3.75,27427.77,34,50,29054.71,3,200,29267.46,110,200,29274.46,29277.46
2026-03-22 00:00:00.000 Z,AFL/Port Adelaide v Essendon,35355603,MATCH_ODDS,255091094,Match Odds,39978,Port Adelaide,WINNER,1,203,Port Adelaide,Essendon,63,133,70,1.36,1.37,130809.2,1.02,1.03,154564.4,,1.01,171677,,1.01,176749.93,176749.93
2026-03-22 00:00:00.000 Z,AFL/West Coast Eagles v North Melbourne,35355604,MATCH_ODDS,255091566,Match Odds,3459613,North Melbourne,LOSER,0,205,West Coast,North Melbourne,17,111,94,1.57,1.58,200313.47,1.1,1.25,214481.85,1.44,1.64,225654.1,21,25,231495.71,233059.76
2026-03-22 00:00:00.000 Z,AFL/West Coast Eagles v North Melbourne,35355604,MATCH_ODDS,255091566,Match Odds,39991,West Coast,WINNER,1,205,West Coast,North Melbourne,17,111,94,2.74,2.76,47498.54,6.4,19,49139.11,2.78,2.78,50697.86,1.03,1.04,76174.86,111022.53
2026-03-26 00:00:00.000 Z,AFL/Geelong Cats v Adelaide Crows,35382514,MATCH_ODDS,255449255,Match Odds,39982,Adelaide,LOSER,0,128,Geelong,Adelaide,8,68,60,4.2,4.3,32236.43,7.2,8,34580.15,4.5,5.1,38212.62,3.7,3.7,40855.27,43908.72
2026-03-26 00:00:00.000 Z,AFL/Geelong Cats v Adelaide Crows,35382514,MATCH_ODDS,255449255,Match Odds,39988,Geelong,WINNER,1,128,Geelong,Adelaide,8,68,60,1.31,1.32,260230.8,1.14,1.18,282965.82,1.24,1.27,302310.01,1.37,1.41,319975.73,348099.6
2026-03-27 00:00:00.000 Z,AFL/Collingwood v GWS GIANTS,35382515,MATCH_ODDS,255449727,Match Odds,217709,Collingwood,WINNER,1,141,Collingwood,GWS,33,87,54,1.38,1.39,193909.23,1.23,1.26,250273.9,1.3,1.32,279972.38,1.09,1.12,327677.87,348256.98
2026-03-27 00:00:00.000 Z,AFL/Collingwood v GWS GIANTS,35382515,MATCH_ODDS,255449727,Match Odds,5304641,GWS,LOSER,0,141,Collingwood,GWS,33,87,54,3.55,3.85,27942.37,5.2,5.4,39241.13,4.3,4.4,47089.92,9,1000,52639.09,52973.8
2026-03-28 00:00:00.000 Z,AFL/St Kilda v Brisbane Lions,35382516,MATCH_ODDS,255450199,Match Odds,42153,Brisbane,WINNER,1,193,St Kilda,Brisbane,-33,80,113,1.68,1.69,113425.54,1.9,2.1,119714.92,1.66,2.06,129747.92,1.7,1.95,158244.66,185385.14
2026-03-28 00:00:00.000 Z,AFL/St Kilda v Brisbane Lions,35382516,MATCH_ODDS,255450199,Match Odds,39990,St Kilda,LOSER,0,193,St Kilda,Brisbane,-33,80,113,2.44,2.46,29747.7,1.7,1.9,31390.83,2.06,2.98,34682.85,2.2,2.3,46239.69,49104.6
2026-03-28 00:00:00.000 Z,AFL/Fremantle v Richmond,35382518,MATCH_ODDS,255450694,Match Odds,39992,Fremantle,WINNER,1,146,Fremantle,Richmond,60,103,43,1.02,1.03,289195.32,1.02,1.03,290476.49,1.05,1.05,315102.73,,1.01,327921.77,327921.77
2026-03-28 00:00:00.000 Z,AFL/Fremantle v Richmond,35382518,MATCH_ODDS,255450694,Match Odds,39981,Richmond,LOSER,0,146,Fremantle,Richmond,60,103,43,32,36,5606.61,36,50,5724.02,14.5,36,6923.4,4,1000,7073.68,7074.95
2026-03-28 00:00:00.000 Z,AFL/Essendon v North Melbourne,35382523,MATCH_ODDS,255451166,Match Odds,39977,Essendon,LOSER,0,150,Essendon,North Melbourne,-12,69,81,3.45,3.55,28552.32,3.15,3.35,32413.69,3.8,5.3,35451.37,6.2,55,40503.54,40644.7
2026-03-28 00:00:00.000 Z,AFL/Essendon v North Melbourne,35382523,MATCH_ODDS,255451166,Match Odds,3459613,North Melbourne,WINNER,1,150,Essendon,North Melbourne,-12,69,81,1.39,1.4,149534.45,1.4,1.43,174562.33,1.25,1.25,193229.59,1.01,1.02,248334.05,275455.38
2026-03-29 00:00:00.000 Z,AFL/Port Adelaide v West Coast Eagles,35382525,MATCH_ODDS,255451638,Match Odds,39978,Port Adelaide,LOSER,0,182,Port Adelaide,West Coast,-2,90,92,1.28,1.29,85121.66,1.08,1.09,101657.94,1.23,1.3,112757.35,1.58,1.8,135530.1,137306.25
2026-03-29 00:00:00.000 Z,AFL/Port Adelaide v West Coast Eagles,35382525,MATCH_ODDS,255451638,Match Odds,39991,West Coast,WINNER,1,182,Port Adelaide,West Coast,-2,90,92,4.4,4.6,15079.04,11.5,1000,17555.19,4.8,5.8,18339.41,2.26,1000,26569.46,36798.83
2026-03-29 00:00:00.000 Z,AFL/Carlton v Melbourne,35382526,MATCH_ODDS,255452110,Match Odds,39980,Carlton,LOSER,0,177,Carlton,Melbourne,-23,77,100,2.34,2.36,120645,1.2,1.2,150399.56,1.14,1.23,196060.27,1.78,2.3,231665.51,243506.66
2026-03-29 00:00:00.000 Z,AFL/Carlton v Melbourne,35382526,MATCH_ODDS,255452110,Match Odds,298609,Melbourne,WINNER,1,177,Carlton,Melbourne,-23,77,100,1.73,1.74,127225.21,4.9,5.4,146404.09,8.6,20,148454.43,2.02,5,155942.12,182520.42
2026-04-02 00:00:00.000 Z,AFL/Brisbane Lions v Collingwood,35408764,MATCH_ODDS,255830204,Match Odds,42153,Brisbane,WINNER,1,184,Brisbane,Collingwood,54,119,65,1.3,1.31,389047.52,1.1,1.13,446305.5,1.04,1.05,469104.5,1.04,1.05,485208.33,490648.36
2026-04-02 00:00:00.000 Z,AFL/Brisbane Lions v Collingwood,35408764,MATCH_ODDS,255830204,Match Odds,217709,Collingwood,LOSER,0,184,Brisbane,Collingwood,54,119,65,4.2,4.3,44154.15,8.8,10,47133.97,16.5,25,48351.93,21,1000,48590.68,48622.62
2026-04-03 00:00:00.000 Z,AFL/North Melbourne v Carlton,35408768,MATCH_ODDS,255830676,Match Odds,39980,Carlton,LOSER,0,182,North Melbourne,Carlton,10,96,86,1.73,1.75,106115.86,1.73,1.82,140287.82,1.7,1.74,150053.29,1.14,1.25,186405.24,239512.57
2026-04-03 00:00:00.000 Z,AFL/North Melbourne v Carlton,35408768,MATCH_ODDS,255830676,Match Odds,3459613,North Melbourne,WINNER,1,182,North Melbourne,Carlton,10,96,86,2.32,2.4,66832.49,2.3,2.66,72849.17,2.3,2.42,80072.94,7,8,87244.72,109558.08
2026-04-03 00:00:00.000 Z,AFL/Adelaide Crows v Fremantle,35408769,MATCH_ODDS,255831148,Match Odds,39982,Adelaide,LOSER,0,154,Adelaide,Fremantle,-2,76,78,2.2,2.22,102110.98,2.82,3.05,119854.94,7,7.8,125050.26,2.4,2.5,132873.01,169143.9
2026-04-03 00:00:00.000 Z,AFL/Adelaide Crows v Fremantle,35408769,MATCH_ODDS,255831148,Match Odds,39992,Fremantle,WINNER,1,154,Adelaide,Fremantle,-2,76,78,1.81,1.82,199903.52,1.5,1.55,233277.25,1.13,1.15,274877.82,1.66,1.68,316431.57,375413.69
2026-04-04 00:00:00.000 Z,AFL/Richmond v Port Adelaide,35408772,MATCH_ODDS,255831620,Match Odds,39978,Port Adelaide,WINNER,1,138,Richmond,Port Adelaide,-42,48,90,1.42,1.43,154971.01,1.18,1.2,168350.54,1.15,1.2,197335.5,1.02,1.03,306881.53,313568.57
2026-04-04 00:00:00.000 Z,AFL/Richmond v Port Adelaide,35408772,MATCH_ODDS,255831620,Match Odds,39981,Richmond,LOSER,0,138,Richmond,Port Adelaide,-42,48,90,3.3,3.35,36789.46,4.1,7.4,38524.43,6.2,6.8,39771.8,40,1000,47000.55,47334.29
2026-04-04 00:00:00.000 Z,AFL/West Coast Eagles v Sydney Swans,35408773,MATCH_ODDS,255832092,Match Odds,39985,Sydney,WINNER,1,198,West Coast,Sydney,,,,1.19,1.2,183659.47,1.02,1.01,221883.42,,1.01,226803.71,,1.01,226803.71,226805.63
2026-04-04 00:00:00.000 Z,AFL/West Coast Eagles v Sydney Swans,35408773,MATCH_ODDS,255832092,Match Odds,39991,West Coast,LOSER,0,198,West Coast,Sydney,,,,6,6.2,22469.23,36,36,23555.33,160,800,23684.81,1000,,23688.62,23689.62
2026-04-05 00:00:00.000 Z,AFL/Melbourne v Gold Coast SUNS,35408774,MATCH_ODDS,255832564,Match Odds,4513766,Gold Coast,LOSER,0,198,Melbourne,Gold Coast,20,109,89,1.41,1.42,284467.8,1.29,1.3,307163.12,1.69,1.73,333990.89,2.8,2.9,378364.22,382102.19
2026-04-05 00:00:00.000 Z,AFL/Melbourne v Gold Coast SUNS,35408774,MATCH_ODDS,255832564,Match Odds,298609,Melbourne,WINNER,1,198,Melbourne,Gold Coast,20,109,89,3.35,3.5,47459.56,4.3,5.3,48870.3,2.32,3.2,55141.14,1.51,2.6,92319.7,168219.52
2026-04-05 00:00:00.000 Z,AFL/Western Bulldogs v Essendon,35408777,MATCH_ODDS,255833036,Match Odds,39977,Essendon,LOSER,0,164,Western Bulldogs,Essendon,34,99,65,26,27,21015.2,19,1000,21195.8,110,1000,21201.16,19,44,21261.36,21284.5
2026-04-05 00:00:00.000 Z,AFL/Western Bulldogs v Essendon,35408777,MATCH_ODDS,255833036,Match Odds,39986,Western Bulldogs,WINNER,1,164,Western Bulldogs,Essendon,34,99,65,1.03,1.04,855251.58,1.01,1.02,908626.77,,1.01,919166.69,1.01,1.03,929715.18,935550.8
2026-04-06 00:00:00.000 Z,AFL/Hawthorn v Geelong Cats,35408779,MATCH_ODDS,255833508,Match Odds,39988,Geelong,LOSER,0,183,Hawthorn,Geelong,1,92,91,2.06,2.16,145712.63,2.32,2.56,156523.3,1.73,1.74,175176.92,2.3,2.5,182930.23,206407.19
2026-04-06 00:00:00.000 Z,AFL/Hawthorn v Geelong Cats,35408779,MATCH_ODDS,255833508,Match Odds,39979,Hawthorn,WINNER,1,183,Hawthorn,Geelong,1,92,91,1.89,1.91,209336.51,1.58,1.64,236633.15,2.34,2.46,260052.82,1.68,1.76,266724.35,285744.05
2026-04-09 00:00:00.000 Z,AFL/Adelaide Crows v Carlton,35435836,MATCH_ODDS,256085975,Match Odds,39982,Adelaide,WINNER,1,200,Adelaide,Carlton,28,114,86,1.2,1.21,318681.13,1.3,1.32,376233.02,1.02,1.05,431197.04,,1.01,440023.04,449692.07
2026-04-09 00:00:00.000 Z,AFL/Adelaide Crows v Carlton,35435836,MATCH_ODDS,256085975,Match Odds,39980,Carlton,LOSER,0,200,Adelaide,Carlton,28,114,86,5.8,5.9,54121.11,3.55,5.3,62470.88,23,50,65146.36,55,500,65297.05,65486.08
2026-04-10 00:00:00.000 Z,AFL/Collingwood v Fremantle,35435912,MATCH_ODDS,256086449,Match Odds,217709,Collingwood,LOSER,0,84,Collingwood,Fremantle,-6,39,45,2.72,2.74,43889.44,2.56,2.84,49352.84,1.89,1.9,56401.68,1.87,2.2,60726.96,82139.22
2026-04-10 00:00:00.000 Z,AFL/Collingwood v Fremantle,35435912,MATCH_ODDS,256086449,Match Odds,39992,Fremantle,WINNER,1,84,Collingwood,Fremantle,-6,39,45,1.57,1.58,212084.55,1.6,1.64,232549.54,2.08,2.12,248938.81,1.81,1.85,263072.81,292897.96
2026-04-11 00:00:00.000 Z,AFL/North Melbourne v Brisbane Lions,35435926,MATCH_ODDS,256086923,Match Odds,42153,Brisbane,WINNER,1,158,North Melbourne,Brisbane,-26,66,92,1.15,1.16,139118.02,1.34,1.48,154307.05,1.36,1.36,159825.47,1.09,1.1,217146.86,235223.42
2026-04-11 00:00:00.000 Z,AFL/North Melbourne v Brisbane Lions,35435926,MATCH_ODDS,256086923,Match Odds,3459613,North Melbourne,LOSER,0,158,North Melbourne,Brisbane,-26,66,92,7.2,7.4,12590.54,2.44,3.5,14510.33,3.4,5.5,15693.22,11.5,21,20667.71,20787.78
2026-04-11 00:00:00.000 Z,AFL/Essendon v Melbourne,35435940,MATCH_ODDS,256087397,Match Odds,39977,Essendon,WINNER,1,181,Essendon,Melbourne,45,113,68,5.1,5.4,9989.15,3.1,3.55,11846.21,3.55,4.1,12817.7,1.25,1.26,19008.01,39323.14
2026-04-11 00:00:00.000 Z,AFL/Essendon v Melbourne,35435940,MATCH_ODDS,256087397,Match Odds,298609,Melbourne,LOSER,0,181,Essendon,Melbourne,45,113,68,1.23,1.24,116511.58,1.33,1.42,126817.89,1.25,1.33,131623.04,3.8,5,140780.77,142996.15
2026-04-11 00:00:00.000 Z,AFL/Sydney Swans v Gold Coast SUNS,35435943,MATCH_ODDS,256087871,Match Odds,4513766,Gold Coast,LOSER,0,168,Sydney,Gold Coast,32,100,68,2.28,2.32,24422.96,4.8,6,38811.27,4.8,5.5,46278.52,5.1,5.6,51970.8,53126.9
2026-04-11 00:00:00.000 Z,AFL/Sydney Swans v Gold Coast SUNS,35435943,MATCH_ODDS,256087871,Match Odds,39985,Sydney,WINNER,1,168,Sydney,Gold Coast,32,100,68,1.75,1.76,122271.3,1.17,1.23,162005.02,1.19,1.23,211195.87,1.23,1.24,242075.38,261950.26
2026-04-11 00:00:00.000 Z,AFL/Hawthorn v Western Bulldogs,35435945,MATCH_ODDS,256088345,Match Odds,39979,Hawthorn,WINNER,1,168,Hawthorn,Western Bulldogs,40,104,64,1.65,1.67,139432.51,1.43,1.66,148679.47,1.14,1.18,167458.19,1.12,1.12,282339.32,298161.28
2026-04-11 00:00:00.000 Z,AFL/Hawthorn v Western Bulldogs,35435945,MATCH_ODDS,256088345,Match Odds,39986,Western Bulldogs,LOSER,0,168,Hawthorn,Western Bulldogs,40,104,64,2.48,2.5,96200.92,2.94,3,99732.89,5.1,6.8,104942.66,8.6,34,106910.03,107276.02
2026-04-12 00:00:00.000 Z,AFL/Geelong Cats v West Coast Eagles,35435947,MATCH_ODDS,256088819,Match Odds,39988,Geelong,WINNER,1,198,Geelong,West Coast,46,122,76,1.07,1.08,178567.72,1.08,1.2,209428.71,1.01,1.02,222375.95,,1.01,227218.31,227218.31
2026-04-12 00:00:00.000 Z,AFL/Geelong Cats v West Coast Eagles,35435947,MATCH_ODDS,256088819,Match Odds,39991,West Coast,LOSER,0,198,Geelong,West Coast,46,122,76,14.5,16,7619.67,7.2,9.6,8841.98,95,1000,9813.45,170,1000,9823.45,9826.27
2026-04-12 00:00:00.000 Z,AFL/GWS GIANTS v Richmond,35435954,MATCH_ODDS,256089293,Match Odds,5304641,GWS,WINNER,1,206,GWS,Richmond,56,131,75,1.11,1.12,129193.98,,1.01,163587.89,,1.02,214597.63,,1.01,223399.74,223399.74
2026-04-12 00:00:00.000 Z,AFL/GWS GIANTS v Richmond,35435954,MATCH_ODDS,256089293,Match Odds,39981,Richmond,LOSER,0,206,GWS,Richmond,56,131,75,10,10.5,11749.09,110,250,12759.82,46,110,12858.77,1000,,13007.42,13019.42
2026-04-12 00:00:00.000 Z,AFL/Port Adelaide v St Kilda,35435958,MATCH_ODDS,256089767,Match Odds,39978,Port Adelaide,LOSER,0,148,Port Adelaide,St Kilda,-14,67,81,2.3,2.32,99829.22,5.6,6,118745.82,11,1000,120479.78,2.68,4,123824.63,127948.42
2026-04-12 00:00:00.000 Z,AFL/Port Adelaide v St Kilda,35435958,MATCH_ODDS,256089767,Match Odds,39990,St Kilda,WINNER,1,148,Port Adelaide,St Kilda,-14,67,81,1.76,1.77,226609.29,1.19,1.22,290134.88,1.09,1.12,313196.51,1.41,1.45,374567.27,413891.2
2026-04-16 00:00:00.000 Z,AFL/Carlton v Collingwood,35466389,MATCH_ODDS,256472270,Match Odds,39980,Carlton,LOSER,0,171,Carlton,Collingwood,-5,83,88,2.84,2.88,94098.25,2.32,4,101208.78,1.68,1.75,153149.77,1.37,1.54,204232.41,234699.45
2026-04-16 00:00:00.000 Z,AFL/Carlton v Collingwood,35466389,MATCH_ODDS,256472270,Match Odds,217709,Collingwood,WINNER,1,171,Carlton,Collingwood,-5,83,88,1.53,1.54,265494.83,1.54,1.62,309259.25,2.3,2.52,347567.22,3.55,4.3,358449.73,436530.24
2026-04-17 00:00:00.000 Z,AFL/Geelong Cats v Western Bulldogs,35466390,MATCH_ODDS,256472744,Match Odds,39988,Geelong,WINNER,1,187,Geelong,Western Bulldogs,75,131,56,1.59,1.6,236986.69,1.06,1.1,279863.56,,1.01,321090.82,,1.01,329837.1,329837.1
2026-04-17 00:00:00.000 Z,AFL/Geelong Cats v Western Bulldogs,35466390,MATCH_ODDS,256472744,Match Odds,39986,Western Bulldogs,LOSER,0,187,Geelong,Western Bulldogs,75,131,56,2.66,2.68,75663.81,9.8,15.5,80942.52,2.38,480,81955.68,2.38,1000,81977.68,81987.54
2026-04-17 00:00:00.000 Z,AFL/Sydney Swans v GWS GIANTS,35466393,MATCH_ODDS,256473218,Match Odds,5304641,GWS,LOSER,0,173,Sydney,GWS,41,107,66,4.3,4.4,16441.6,5.3,6.6,22669.93,9.6,1000,24840.06,8,9,26628.56,27023.98
2026-04-17 00:00:00.000 Z,AFL/Sydney Swans v GWS GIANTS,35466393,MATCH_ODDS,256473218,Match Odds,39985,Sydney,WINNER,1,173,Sydney,GWS,41,107,66,1.29,1.3,181555.54,1.2,1.3,206719.85,1.09,1.14,226889.02,1.1,1.14,239673,252530.58
2026-04-18 00:00:00.000 Z,AFL/Gold Coast v Essendon,35466394,MATCH_ODDS,256473692,Match Odds,39977,Essendon,LOSER,0,229,Gold Coast,Essendon,9,119,110,9.6,10,12062.31,9.6,14,13303.59,3.9,4.7,15979.48,12,1000,16948.36,17638.72
2026-04-18 00:00:00.000 Z,AFL/Gold Coast v Essendon,35466394,MATCH_ODDS,256473692,Match Odds,4513766,Gold Coast,WINNER,1,229,Gold Coast,Essendon,9,119,110,1.1,1.12,308516.73,1.09,1.13,330646.99,1.25,1.28,354150.13,1.09,1.11,362411.59,372641.63
2026-04-18 00:00:00.000 Z,AFL/Hawthorn v Port Adelaide,35466397,MATCH_ODDS,256474166,Match Odds,39979,Hawthorn,WINNER,1,175,Hawthorn,Port Adelaide,3,89,86,1.11,1.12,175317.44,1.01,1.03,214938.84,1.59,1.61,237493.87,1.25,1.47,251367.5,269856.16
2026-04-18 00:00:00.000 Z,AFL/Hawthorn v Port Adelaide,35466397,MATCH_ODDS,256474166,Match Odds,39978,Port Adelaide,LOSER,0,175,Hawthorn,Port Adelaide,3,89,86,9.2,9.6,9263.85,40,1000,10701.73,2.2,2.68,14189.9,2.8,3.2,17232.01,19676.95
2026-04-18 00:00:00.000 Z,AFL/Adelaide v St Kilda,35466398,MATCH_ODDS,256474640,Match Odds,39982,Adelaide,WINNER,1,205,Adelaide,St Kilda,1,103,102,1.76,1.77,230178.31,2.94,4,265978.99,1.4,1.45,279924.94,1.12,1.13,353091.85,412531.58
2026-04-18 00:00:00.000 Z,AFL/Adelaide v St Kilda,35466398,MATCH_ODDS,256474640,Match Odds,39990,St Kilda,LOSER,0,205,Adelaide,St Kilda,1,103,102,2.3,2.32,66803.8,1.44,1.45,88346.28,3.2,4,104160.47,6.6,9,108892.92,111840.15
2026-04-19 00:00:00.000 Z,AFL/North Melbourne v Richmond,35466399,MATCH_ODDS,256475114,Match Odds,3459613,North Melbourne,WINNER,1,185,North Melbourne,Richmond,75,130,55,1.26,1.28,200700.09,1.06,1.08,224828.56,,1.01,255811.48,,1.01,258501.29,258610.29
2026-04-19 00:00:00.000 Z,AFL/North Melbourne v Richmond,35466399,MATCH_ODDS,256475114,Match Odds,39981,Richmond,LOSER,0,185,North Melbourne,Richmond,75,130,55,4.5,4.8,18062.9,12.5,15,19015.67,4.4,1000,19259.08,1000,,19271.13,19271.13
2026-04-19 00:00:00.000 Z,AFL/Melbourne v Brisbane,35466400,MATCH_ODDS,256475588,Match Odds,42153,Brisbane,LOSER,0,206,Melbourne,Brisbane,2,104,102,1.31,1.32,276298.51,1.33,1.4,291654.28,1.12,1.16,301871.72,1.7,1.96,326268.22,346759.61
2026-04-19 00:00:00.000 Z,AFL/Melbourne v Brisbane,35466400,MATCH_ODDS,256475588,Match Odds,298609,Melbourne,WINNER,1,206,Melbourne,Brisbane,2,104,102,4.1,4.2,22466.51,2.98,3.9,23625.84,11.5,12,24859.33,1.97,4,29258.62,83496.02
2026-04-19 00:00:00.000 Z,AFL/West Coast v Fremantle,35466402,MATCH_ODDS,256476063,Match Odds,39992,Fremantle,WINNER,1,138,West Coast,Fremantle,-56,41,97,1.08,1.09,168084.13,1.08,1.1,177909.4,1.02,1.05,221543.33,,1.01,244781.79,244781.79
2026-04-19 00:00:00.000 Z,AFL/West Coast v Fremantle,35466402,MATCH_ODDS,256476063,Match Odds,39991,West Coast,LOSER,0,138,West Coast,Fremantle,-56,41,97,12.5,13,5492.83,10.5,19,5748.61,23,50,7925.34,120,,8068.34,8068.34
2026-04-23 00:00:00.000 Z,AFL/Western Bulldogs v Sydney Swans,35491085,MATCH_ODDS,256881221,Match Odds,39985,Sydney,WINNER,1,186,Western Bulldogs,Sydney,-66,60,126,1.53,1.54,300738.32,1.48,1.5,356877.22,1.22,1.23,395415.95,,1.01,452985.54,458307.99
2026-04-23 00:00:00.000 Z,AFL/Western Bulldogs v Sydney Swans,35491085,MATCH_ODDS,256881221,Match Odds,39986,Western Bulldogs,LOSER,0,186,Western Bulldogs,Sydney,-66,60,126,2.84,2.88,93564.86,2.94,3.8,112850.37,4,5.5,116316.29,4,990,119080.4,119131.24
2026-04-24 00:00:00.000 Z,AFL/Richmond v Melbourne,35491087,MATCH_ODDS,256881695,Match Odds,298609,Melbourne,WINNER,1,198,Richmond,Melbourne,-54,72,126,1.16,1.17,564093.76,1.11,1.11,605533.05,1.06,1.08,665048.52,1.06,1.07,709439.85,715568.95
2026-04-24 00:00:00.000 Z,AFL/Richmond v Melbourne,35491087,MATCH_ODDS,256881695,Match Odds,39981,Richmond,LOSER,0,198,Richmond,Melbourne,-54,72,126,6.8,7.2,36737.36,7.6,16.5,39950.46,14,36,42495.01,15,21,45695.01,45775.78
2026-04-25 00:00:00.000 Z,AFL/Hawthorn v Gold Coast SUNS,35491089,MATCH_ODDS,256882169,Match Odds,4513766,Gold Coast,LOSER,0,175,Hawthorn,Gold Coast,49,112,63,2.66,2.68,98535.49,3.8,4.4,110211.7,7.6,26,113245.02,7.4,50,115560.21,115582.65
2026-04-25 00:00:00.000 Z,AFL/Hawthorn v Gold Coast SUNS,35491089,MATCH_ODDS,256882169,Match Odds,39979,Hawthorn,WINNER,1,175,Hawthorn,Gold Coast,49,112,63,1.6,1.62,145990.9,1.21,1.34,162302.22,1.13,1.15,185005.27,1.02,1.05,197917.74,199563.39
2026-04-25 00:00:00.000 Z,AFL/Essendon v Collingwood,35491091,MATCH_ODDS,256882643,Match Odds,217709,Collingwood,WINNER,1,197,Essendon,Collingwood,-77,60,137,1.33,1.34,365927.28,1.25,1.32,403618.45,1.24,1.26,416568.53,,1.01,459738.53,460035.56
2026-04-25 00:00:00.000 Z,AFL/Essendon v Collingwood,35491091,MATCH_ODDS,256882643,Match Odds,39977,Essendon,LOSER,0,197,Essendon,Collingwood,-77,60,137,3.9,4,31770.68,3.65,5.3,36356.74,5,5.1,37212.3,110,200,40360.15,40375.16
2026-04-25 00:00:00.000 Z,AFL/Port Adelaide v Geelong Cats,35491092,MATCH_ODDS,256883117,Match Odds,39988,Geelong,LOSER,0,160,Port Adelaide,Geelong,30,95,65,1.25,1.26,119243.7,1.46,1.47,134489.72,1.9,2,146461.59,3,7.2,150836.72,151288.99
2026-04-25 00:00:00.000 Z,AFL/Port Adelaide v Geelong Cats,35491092,MATCH_ODDS,256883117,Match Odds,39978,Port Adelaide,WINNER,1,160,Port Adelaide,Geelong,30,95,65,4.8,4.9,16843.65,2.68,4.4,19132.09,2,2.28,24087.72,1.17,1.18,41303.54,68354.96
2026-04-25 00:00:00.000 Z,AFL/Fremantle v Carlton,35491093,MATCH_ODDS,256883809,Match Odds,39980,Carlton,LOSER,0,192,Fremantle,Carlton,14,103,89,9,9,14828.72,9.6,1000,19374.92,7.2,9.8,20210.64,11.5,15,21911.32,22354.11
2026-04-25 00:00:00.000 Z,AFL/Fremantle v Carlton,35491093,MATCH_ODDS,256883809,Match Odds,39992,Fremantle,WINNER,1,192,Fremantle,Carlton,14,103,89,1.12,1.13,255732.27,1.08,1.15,293037.6,1.11,1.14,301481.45,1.07,1.09,315198.32,325851.95
2026-04-26 00:00:00.000 Z,AFL/St Kilda v West Coast Eagles,35491094,MATCH_ODDS,256884283,Match Odds,39990,St Kilda,WINNER,1,185,St Kilda,West Coast,100,142.5,42.5,1.11,1.12,236409.76,1.04,1.05,248393.97,,1.01,289398.67,,1.01,322882.55,322882.55
2026-04-26 00:00:00.000 Z,AFL/St Kilda v West Coast Eagles,35491094,MATCH_ODDS,256884283,Match Odds,39991,West Coast,LOSER,0,185,St Kilda,West Coast,100,142.5,42.5,10,10.5,5718.61,16.5,25,6045.49,210,320,7271.39,350,,7428.4,7428.4
2026-04-26 00:00:00.000 Z,AFL/Brisbane Lions v Adelaide Crows,35491097,MATCH_ODDS,256884757,Match Odds,39982,Adelaide,LOSER,0,202,Brisbane,Adelaide,52,127,75,4.4,4.5,41788.03,3.65,7,42921.61,10.5,12,44462.7,7,500,45640.47,45650.26
2026-04-26 00:00:00.000 Z,AFL/Brisbane Lions v Adelaide Crows,35491097,MATCH_ODDS,256884757,Match Odds,42153,Brisbane,WINNER,1,202,Brisbane,Adelaide,52,127,75,1.29,1.3,229929.26,1.27,1.27,245706.51,1.08,1.1,263809.68,,1.01,283586.11,283588
2026-04-26 00:00:00.000 Z,AFL/GWS GIANTS v North Melbourne,35491098,MATCH_ODDS,256885231,Match Odds,5304641,GWS,WINNER,1,203,GWS,North Melbourne,7,105,98,1.51,1.52,60546.41,1.96,1.96,87525.85,1.75,1.8,97224.59,1.76,1.95,121142.21,143897.09
2026-04-26 00:00:00.000 Z,AFL/GWS GIANTS v North Melbourne,35491098,MATCH_ODDS,256885231,Match Odds,3459613,North Melbourne,LOSER,0,203,GWS,North Melbourne,7,105,98,2.94,2.96,37056.27,2,2.02,55623.75,2.3,2.3,59219.52,2.16,2.74,67841.91,69980.55
2026-04-30 00:00:00.000 Z,AFL/Collingwood v Hawthorn,35516981,MATCH_ODDS,257141999,Match Odds,217709,Collingwood,WINNER,1,186,Collingwood,Hawthorn,-0,93,93,4.1,4.2,29255.02,2.6,2.94,36770.45,2.8,3.4,46464.35,3.3,3.9,51372.45,74560.3
2026-04-30 00:00:00.000 Z,AFL/Collingwood v Hawthorn,35516981,MATCH_ODDS,257141999,Match Odds,39979,Hawthorn,WINNER,1,186,Collingwood,Hawthorn,-0,93,93,1.32,1.33,353904.43,1.59,1.61,412533.81,1.41,1.43,488891.55,1.34,1.37,528723.9,563562.47
2026-05-01 00:00:00.000 Z,AFL/Western Bulldogs v Fremantle,35516986,MATCH_ODDS,257142473,Match Odds,39992,Fremantle,WINNER,1,216,Western Bulldogs,Fremantle,-12,102,114,1.54,1.55,304484.14,2.9,3,344883.49,1.91,2.06,350235.36,1.34,1.39,378058.85,425547.83
2026-05-01 00:00:00.000 Z,AFL/Western Bulldogs v Fremantle,35516986,MATCH_ODDS,257142473,Match Odds,39986,Western Bulldogs,LOSER,0,216,Western Bulldogs,Fremantle,-12,102,114,2.8,2.84,64291.69,1.45,1.62,76516.48,1.9,2,89372.78,2.88,3.85,109726.77,112287.75
2026-05-01 00:00:00.000 Z,AFL/Adelaide Crows v Port Adelaide,35516987,MATCH_ODDS,257142947,Match Odds,39982,Adelaide,WINNER,1,151,Adelaide,Port Adelaide,1,76,75,1.64,1.65,98499.12,1.6,2.5,112058.86,1.81,2.46,116856.78,1.41,1.43,124387.79,140699.44
2026-05-01 00:00:00.000 Z,AFL/Adelaide Crows v Port Adelaide,35516987,MATCH_ODDS,257142947,Match Odds,39978,Port Adelaide,LOSER,0,151,Adelaide,Port Adelaide,1,76,75,2.52,2.56,30068.45,1.7,1.8,37036.24,1.83,2.02,45026.26,2.8,4,49208.57,53752.65
2026-05-02 00:00:00.000 Z,AFL/Essendon v Brisbane Lions,35516988,MATCH_ODDS,257143421,Match Odds,42153,Brisbane,WINNER,1,222,Essendon,Brisbane,-64,79,143,1.1,1.13,270040.69,1.02,1.04,287185.21,,1.01,296023.39,,1.01,296023.39,296023.39
2026-05-02 00:00:00.000 Z,AFL/Essendon v Brisbane Lions,35516988,MATCH_ODDS,257143421,Match Odds,39977,Essendon,LOSER,0,222,Essendon,Brisbane,-64,79,143,8.6,8.8,22271.84,40,250,22717.21,95,150,22846.22,1000,,22850.87,22855.37
2026-05-02 00:00:00.000 Z,AFL/West Coast Eagles v Richmond,35516990,MATCH_ODDS,257143895,Match Odds,39981,Richmond,WINNER,1,187,West Coast,Richmond,-11,88,99,3.1,3.15,35234.52,2.16,2.62,36685.56,1.97,2.14,39585.12,2,2.3,46162.94,60606.17
2026-05-02 00:00:00.000 Z,AFL/West Coast Eagles v Richmond,35516990,MATCH_ODDS,257143895,Match Odds,39991,West Coast,LOSER,0,187,West Coast,Richmond,-11,88,99,1.46,1.47,133756.33,1.25,1.66,153616.51,1.96,2.04,167065.37,1.86,2.06,170709.81,181414.61
2026-05-02 00:00:00.000 Z,AFL/Geelong Cats v North Melbourne,35516991,MATCH_ODDS,257144369,Match Odds,39988,Geelong,WINNER,1,221,Geelong,North Melbourne,49,135,86,1.23,1.24,152089.03,1.24,1.24,158426.18,1.5,1.56,166150.3,1.1,1.14,180680.31,191147.26
2026-05-02 00:00:00.000 Z,AFL/Geelong Cats v North Melbourne,35516991,MATCH_ODDS,257144369,Match Odds,3459613,North Melbourne,LOSER,0,221,Geelong,North Melbourne,49,135,86,5,5.3,11493.89,4.8,11,12090.3,2.3,2.8,14512.4,8.2,1000,17769.4,17877.3
2026-05-02 00:00:00.000 Z,AFL/Carlton v St Kilda,35516994,MATCH_ODDS,257144843,Match Odds,39980,Carlton,LOSER,0,177,Carlton,St Kilda,-39,69,108,2.58,2.6,42370.97,2.94,2.74,47569.1,1.76,1.78,61369.21,2.4,1000,77171.4,77389.19
2026-05-02 00:00:00.000 Z,AFL/Carlton v St Kilda,35516994,MATCH_ODDS,257144843,Match Odds,39990,St Kilda,WINNER,1,177,Carlton,St Kilda,-39,69,108,1.62,1.63,130561.11,1.52,1.6,138508.25,2.28,2.3,150809.37,1.02,1.05,282211.52,307184.58
2026-05-03 00:00:00.000 Z,AFL/Sydney Swans v Melbourne,35516995,MATCH_ODDS,257145317,Match Odds,298609,Melbourne,LOSER,0,245,Sydney,Melbourne,17,131,114,8,8.2,16364.75,5.3,5.7,18888.84,40,100,19697.39,6.4,1000,19798.14,20186.67
2026-05-03 00:00:00.000 Z,AFL/Sydney Swans v Melbourne,35516995,MATCH_ODDS,257145317,Match Odds,39985,Sydney,WINNER,1,245,Sydney,Melbourne,17,131,114,1.13,1.14,263109.56,1.2,1.39,305023.58,1.02,1.06,323287.99,1.02,1.02,336456.38,346624.33
2026-05-03 00:00:00.000 Z,AFL/Gold Coast SUNS v GWS GIANTS,35516999,MATCH_ODDS,257145791,Match Odds,5304641,GWS,LOSER,0,146,Gold Coast,GWS,20,83,63,2.64,2.68,60923.58,2.94,3.25,61810.83,2.44,2.6,64892.47,8.6,10,69815.51,70160.19
2026-05-03 00:00:00.000 Z,AFL/Gold Coast SUNS v GWS GIANTS,35516999,MATCH_ODDS,257145791,Match Odds,4513766,Gold Coast,WINNER,1,146,Gold Coast,GWS,20,83,63,1.6,1.61,149777.66,1.43,1.5,165925.06,1.65,1.7,180686.84,1.11,1.16,213759.62,232246.87
2026-05-07 00:00:00.000 Z,AFL/Fremantle v Hawthorn,35545339,MATCH_ODDS,257521918,Match Odds,39992,Fremantle,WINNER,1,161,Fremantle,Hawthorn,15,88,73,1.76,1.77,220175.1,1.72,1.75,247826.29,2.64,2.72,259164.58,3.75,3.75,265228.18,317490.22
2026-05-07 00:00:00.000 Z,AFL/Fremantle v Hawthorn,35545339,MATCH_ODDS,257521918,Match Odds,39979,Hawthorn,LOSER,0,161,Fremantle,Hawthorn,15,88,73,2.28,2.3,53261.53,2.26,2.86,72652.14,1.55,1.58,91924.31,1.33,1.35,123720,171634.74
2026-05-08 00:00:00.000 Z,AFL/Brisbane Lions v Carlton,35545341,MATCH_ODDS,257522392,Match Odds,42153,Brisbane,WINNER,1,189,Brisbane,Carlton,11,100,89,1.11,1.12,342904.07,1.06,1.07,377346.89,1.01,1.02,403878.71,1.02,1.05,431035.86,450475.1
2026-05-08 00:00:00.000 Z,AFL/Brisbane Lions v Carlton,35545341,MATCH_ODDS,257522392,Match Odds,39980,Carlton,LOSER,0,189,Brisbane,Carlton,11,100,89,9.8,10,13872.15,15,21,16291.63,55,1000,17062.57,8,50,17493.85,17761.22
2026-05-08 00:00:00.000 Z,AFL/Port Adelaide v Western Bulldogs,35545348,MATCH_ODDS,257522866,Match Odds,39978,Port Adelaide,LOSER,0,146,Port Adelaide,Western Bulldogs,-2,72,74,1.77,1.78,109330.85,2.32,3.25,121760.92,3.55,4,132304.35,2,2.74,133574.01,141899.87
2026-05-08 00:00:00.000 Z,AFL/Port Adelaide v Western Bulldogs,35545348,MATCH_ODDS,257522866,Match Odds,39986,Western Bulldogs,WINNER,1,146,Port Adelaide,Western Bulldogs,-2,72,74,2.28,2.3,52748.81,1.56,1.89,62684.88,1.34,1.42,74837.88,1.84,1.88,78650.21,108104.53
2026-05-09 00:00:00.000 Z,AFL/North Melbourne v Sydney Swans,35545349,MATCH_ODDS,257523374,Match Odds,3459613,North Melbourne,LOSER,0,202,North Melbourne,Sydney,-8,97,105,3.7,3.75,18296.65,2.8,2.98,21088.07,2.82,3.1,22545.12,5.3,10.5,24235.61,25561.13
2026-05-09 00:00:00.000 Z,AFL/North Melbourne v Sydney Swans,35545349,MATCH_ODDS,257523374,Match Odds,39985,Sydney,WINNER,1,202,North Melbourne,Sydney,-8,97,105,1.37,1.38,100443.78,1.47,1.56,119673.85,1.46,1.54,128375.99,1.17,1.44,140378.35,161557.3
2026-05-09 00:00:00.000 Z,AFL/GWS GIANTS v Essendon,35545354,MATCH_ODDS,257523848,Match Odds,39977,Essendon,LOSER,0,192,GWS,Essendon,14,103,89,9.4,9.6,7296.89,9.2,15,8015.92,2.34,2.4,11077.37,3,3.75,21594.46,25783.5
2026-05-09 00:00:00.000 Z,AFL/GWS GIANTS v Essendon,35545354,MATCH_ODDS,257523848,Match Odds,5304641,GWS,WINNER,1,192,GWS,Essendon,14,103,89,1.11,1.12,144947.96,1.11,1.19,159316.46,1.64,1.74,166509,1.39,1.45,181143.01,200818.26
2026-05-09 00:00:00.000 Z,AFL/Gold Coast SUNS v St Kilda,35545355,MATCH_ODDS,257524322,Match Odds,4513766,Gold Coast,WINNER,1,149,Gold Coast,St Kilda,29,89,60,1.37,1.39,146102.99,2.44,2.5,169395.49,1.2,1.37,184742.43,1.05,1.2,196618.04,206093.68
2026-05-09 00:00:00.000 Z,AFL/Gold Coast SUNS v St Kilda,35545355,MATCH_ODDS,257524322,Match Odds,39990,St Kilda,LOSER,0,149,Gold Coast,St Kilda,29,89,60,3.55,3.7,24500.03,1.67,1.73,38010.3,3.65,8,41014.96,11,1000,41621.49,41687.1
2026-05-09 00:00:00.000 Z,AFL/Geelong Cats v Collingwood,35545356,MATCH_ODDS,257524817,Match Odds,217709,Collingwood,LOSER,0,190,Geelong,Collingwood,54,122,68,2.74,2.76,66883.06,3.4,3.75,72300.36,3.05,3.5,77584.64,36,50,78825.61,78897.21
2026-05-09 00:00:00.000 Z,AFL/Geelong Cats v Collingwood,35545356,MATCH_ODDS,257524817,Match Odds,39988,Geelong,WINNER,1,190,Geelong,Collingwood,54,122,68,1.56,1.57,134709.89,1.36,1.41,153379.26,1.38,1.45,162723.4,1.01,1.04,208075.62,217096.83
2026-05-10 00:00:00.000 Z,AFL/Melbourne v West Coast Eagles,35545360,MATCH_ODDS,257525291,Match Odds,298609,Melbourne,WINNER,1,166,Melbourne,West Coast,32,99,67,1.12,1.13,231610.52,1.01,1.02,255270.29,,1.01,269726.9,,1.01,276696.47,277858.04
2026-05-10 00:00:00.000 Z,AFL/Melbourne v West Coast Eagles,35545360,MATCH_ODDS,257525291,Match Odds,39991,West Coast,LOSER,0,166,Melbourne,West Coast,32,99,67,9.2,9.4,7012.34,46,1000,7638.16,5.1,120,7780.53,5.1,1000,7840.55,7848.43
2026-05-10 00:00:00.000 Z,AFL/Richmond v Adelaide Crows,35545362,MATCH_ODDS,257525765,Match Odds,39982,Adelaide,WINNER,1,159,Richmond,Adelaide,-37,61,98,1.2,1.21,285219.98,1.2,1.27,300180.71,1.2,1.37,316171.77,1.01,1.02,340655.92,348508.46
2026-05-10 00:00:00.000 Z,AFL/Richmond v Adelaide Crows,35545362,MATCH_ODDS,257525765,Match Odds,39981,Richmond,LOSER,0,159,Richmond,Adelaide,-37,61,98,5.9,6,19016.91,4.3,6.6,20407.46,4.6,6.6,24852.35,3,160,25229.43,25252.06
2026-05-14 00:00:00.000 Z,AFL/Brisbane Lions v Geelong Cats,35572148,MATCH_ODDS,257793535,Match Odds,42153,Brisbane,LOSER,0,193,Brisbane,Geelong,-41,76,117,1.61,1.62,198329.36,2.6,2.78,239360.68,2.1,2.22,279159.93,2.4,13.5,288975.76,290028.02
2026-05-14 00:00:00.000 Z,AFL/Brisbane Lions v Geelong Cats,35572148,MATCH_ODDS,257793535,Match Odds,39988,Geelong,WINNER,1,193,Brisbane,Geelong,-41,76,117,2.62,2.66,42137.47,1.6,1.65,63065.47,1.75,1.86,78372.41,1.08,1.13,144160.21,168875.1
2026-05-15 00:00:00.000 Z,AFL/Sydney v Collingwood,35572149,MATCH_ODDS,257794009,Match Odds,217709,Collingwood,LOSER,0,156,Sydney,Collingwood,6,81,75,6.4,6.6,18777.25,2.46,3.1,25052.49,1.75,1.82,48851.96,4.5,7.6,77942.96,79050.37
2026-05-15 00:00:00.000 Z,AFL/Sydney v Collingwood,35572149,MATCH_ODDS,257794009,Match Odds,39985,Sydney,WINNER,1,156,Sydney,Collingwood,6,81,75,1.17,1.18,307833.33,1.67,1.69,438633.67,2.26,2.36,452328.87,1.17,1.19,500983.62,551902.27
2026-05-15 00:00:00.000 Z,AFL/Gold Coast v Port Adelaide,35572150,MATCH_ODDS,257794483,Match Odds,4513766,Gold Coast,WINNER,1,171,Gold Coast,Port Adelaide,25,98,73,1.23,1.24,215103.5,1.09,1.1,229849.43,1.04,1.06,235092.39,,1.01,239109.58,242943.95
2026-05-15 00:00:00.000 Z,AFL/Gold Coast v Port Adelaide,35572150,MATCH_ODDS,257794483,Match Odds,39978,Port Adelaide,LOSER,0,171,Gold Coast,Port Adelaide,25,98,73,5.1,5.2,14544.45,4.2,13.5,16303.44,18,1000,16488.44,3,1000,16489.91,16519.81
2026-05-16 00:00:00.000 Z,AFL/Adelaide v North Melbourne,35572151,MATCH_ODDS,257794957,Match Odds,39982,Adelaide,WINNER,1,198,Adelaide,North Melbourne,68,133,65,1.48,1.51,48442.84,1.44,1.5,60457.29,,1.01,70309.74,,1.01,71992.91,71992.91
2026-05-16 00:00:00.000 Z,AFL/Adelaide v North Melbourne,35572151,MATCH_ODDS,257794957,Match Odds,3459613,North Melbourne,LOSER,0,198,Adelaide,North Melbourne,68,133,65,2.94,2.98,15948.66,1.6,3.25,20874.7,10,190,22208,1000,,22261,22261
2026-05-16 00:00:00.000 Z,AFL/Melbourne v Hawthorn,35572152,MATCH_ODDS,257795431,Match Odds,39979,Hawthorn,LOSER,0,201,Melbourne,Hawthorn,39,120,81,1.44,1.46,62600.36,1.52,1.55,91348.95,1.7,1.99,99266.9,3.8,4.3,104800.16,104978.55
2026-05-16 00:00:00.000 Z,AFL/Melbourne v Hawthorn,35572152,MATCH_ODDS,257795431,Match Odds,298609,Melbourne,WINNER,1,201,Melbourne,Hawthorn,39,120,81,3.1,3.25,23281.69,1.6,3.2,39906.75,2,3.2,43990.37,1.29,1.34,63180.53,81062.39
2026-05-16 00:00:00.000 Z,AFL/Carlton v Western Bulldogs,35572153,MATCH_ODDS,257795905,Match Odds,39980,Carlton,WINNER,1,136,Carlton,Western Bulldogs,12,74,62,2.5,2.52,36620.01,2,3.6,39817.37,3.2,3.3,40590.58,3.15,3.2,47572.82,122240.42
2026-05-16 00:00:00.000 Z,AFL/Carlton v Western Bulldogs,35572153,MATCH_ODDS,257795905,Match Odds,39986,Western Bulldogs,LOSER,0,136,Carlton,Western Bulldogs,12,74,62,1.65,1.66,121539.83,1.45,1.5,140457.35,1.44,1.47,148148.45,1.42,1.48,166325.89,178823.7
2026-05-17 00:00:00.000 Z,AFL/Essendon v Fremantle,35572154,MATCH_ODDS,257796379,Match Odds,39977,Essendon,LOSER,0,165,Essendon,Fremantle,-43,61,104,4.7,4.8,19568.92,10,1000,20585.41,230,1000,20605.41,1000,,20614.34,20614.34
2026-05-17 00:00:00.000 Z,AFL/Essendon v Fremantle,35572154,MATCH_ODDS,257796379,Match Odds,39992,Fremantle,WINNER,1,165,Essendon,Fremantle,-43,61,104,1.26,1.27,182887.95,1.02,1.04,203816.57,,1.01,206321.57,,1.01,206321.57,206321.57
2026-05-17 00:00:00.000 Z,AFL/St Kilda v Richmond,35572155,MATCH_ODDS,257796853,Match Odds,39981,Richmond,LOSER,0,182,St Kilda,Richmond,36,109,73,11,11.5,8680.11,11.5,36,8967.96,70,990,9013.08,140,990,9059.79,9092.79
2026-05-17 00:00:00.000 Z,AFL/St Kilda v Richmond,35572155,MATCH_ODDS,257796853,Match Odds,39990,St Kilda,WINNER,1,182,St Kilda,Richmond,36,109,73,1.09,1.1,247022.33,1.03,1.06,259934.32,,1.02,275166.85,,1.01,282343,285620.23
2026-05-17 00:00:00.000 Z,AFL/West Coast v GWS,35572157,MATCH_ODDS,257797327,Match Odds,5304641,GWS,LOSER,0,159,West Coast,GWS,17,88,71,1.31,1.32,163385.2,1.13,1.2,171560.36,1.6,1.79,199418.57,1.3,1.35,214073.62,220379.64
2026-05-17 00:00:00.000 Z,AFL/West Coast v GWS,35572157,MATCH_ODDS,257797327,Match Odds,39991,West Coast,WINNER,1,159,West Coast,GWS,17,88,71,4.1,4.2,41533.62,5.5,6.4,42807.93,1.82,11,59576.09,1.82,5,60732.6,75973.64
2026-05-21 00:00:00.000 Z,AFL/Hawthorn v Adelaide,35599658,MATCH_ODDS,258101636,Match Odds,39982,Adelaide,LOSER,0,141,Hawthorn,Adelaide,9,75,66,2.68,2.74,46967.34,1.74,1.86,55041.56,3.3,4.2,72113.41,2.34,17.5,73689.71,77487.3
2026-05-21 00:00:00.000 Z,AFL/Hawthorn v Adelaide,35599658,MATCH_ODDS,258101636,Match Odds,39979,Hawthorn,WINNER,1,141,Hawthorn,Adelaide,9,75,66,1.58,1.59,136565.3,2,2.2,166165.34,1.3,1.32,199479,1.02,1.05,228947.6,257645.03
2026-05-22 00:00:00.000 Z,AFL/Richmond v Essendon,35599659,MATCH_ODDS,258102110,Match Odds,39977,Essendon,LOSER,0,130,Richmond,Essendon,18,74,56,1.42,1.43,132422.21,2.66,2.74,159780.59,3.55,1000,165548.01,3.05,4.3,169512.17,172697.65
2026-05-22 00:00:00.000 Z,AFL/Richmond v Essendon,35599659,MATCH_ODDS,258102110,Match Odds,39981,Richmond,WINNER,1,130,Richmond,Essendon,18,74,56,3.3,3.35,17712.24,1.6,1.65,25095.94,1.37,1.39,39543.67,1.3,1.3,56310.74,92806.96
2026-05-22 00:00:00.000 Z,AFL/Fremantle v St Kilda,35599662,MATCH_ODDS,258102585,Match Odds,39992,Fremantle,WINNER,1,178,Fremantle,St Kilda,30,104,74,1.27,1.28,148071.84,1.42,1.45,161407.47,1.45,1.46,162767.41,1.36,1.35,189148.97,212704.63
2026-05-22 00:00:00.000 Z,AFL/Fremantle v St Kilda,35599662,MATCH_ODDS,258102585,Match Odds,39990,St Kilda,LOSER,0,178,Fremantle,St Kilda,30,104,74,4.6,4.8,19164.48,2,3.9,20534.35,2,4.2,20661.07,3.85,4,26927.08,28678.44
2026-05-23 00:00:00.000 Z,AFL/North Melbourne v Gold Coast SUNS,35599673,MATCH_ODDS,258103059,Match Odds,4513766,Gold Coast,LOSER,0,216,North Melbourne,Gold Coast,6,111,105,1.73,1.76,126966.13,1.3,1.39,151285.96,1.02,1.04,160035.69,1.09,1.12,166319.8,178891.18
2026-05-23 00:00:00.000 Z,AFL/North Melbourne v Gold Coast SUNS,35599673,MATCH_ODDS,258103059,Match Odds,3459613,North Melbourne,WINNER,1,216,North Melbourne,Gold Coast,6,111,105,2.28,2.32,106172.52,2.6,5,118052.51,2,100,118840.28,2,1000,119348.67,124548.59
2026-05-23 00:00:00.000 Z,AFL/Geelong v Sydney,35599674,MATCH_ODDS,258103533,Match Odds,39988,Geelong,WINNER,1,187,Geelong,Sydney,27,107,80,1.54,1.55,184525.35,1.7,1.76,197957.44,1.03,1.06,234532.95,1.01,1.05,248657.5,262623.29
2026-05-23 00:00:00.000 Z,AFL/Geelong v Sydney,35599674,MATCH_ODDS,258103533,Match Odds,39985,Sydney,LOSER,0,187,Geelong,Sydney,27,107,80,2.78,2.82,24096.1,2.2,3.05,25755.48,5.6,50,28226.46,5.5,1000,28579.06,28655.77
2026-05-23 00:00:00.000 Z,AFL/Collingwood v West Coast,35599676,MATCH_ODDS,258104007,Match Odds,217709,Collingwood,WINNER,1,174,Collingwood,West Coast,,,,1.06,1.07,257153.28,1.04,1.1,290191.97,1.04,1.07,310604.59,1.1,1.15,326737.94,360307.32
2026-05-23 00:00:00.000 Z,AFL/Collingwood v West Coast,35599676,MATCH_ODDS,258104007,Match Odds,39991,West Coast,LOSER,0,174,Collingwood,West Coast,,,,15.5,16.5,11929.27,12.5,13,12721.53,7.4,50,13237.96,7,9,13817.49,16369.73
2026-05-23 00:00:00.000 Z,AFL/Port Adelaide v Carlton,35599677,MATCH_ODDS,258104482,Match Odds,39980,Carlton,WINNER,1,150,Port Adelaide,Carlton,-34,58,92,3.1,3.2,15990.67,1.56,1.6,35670.48,1.16,1.21,77208.23,1.05,1.07,102947.49,112959.47
2026-05-23 00:00:00.000 Z,AFL/Port Adelaide v Carlton,35599677,MATCH_ODDS,258104482,Match Odds,39978,Port Adelaide,LOSER,0,150,Port Adelaide,Carlton,-34,58,92,1.46,1.47,87383.58,2.62,2.98,126918.09,6.6,7.4,132470.66,15.5,20,136156.53,136438.68
2026-05-24 00:00:00.000 Z,AFL/GWS GIANTS v Brisbane Lions,35599678,MATCH_ODDS,258104986,Match Odds,42153,Brisbane,LOSER,0,254,GWS,Brisbane,78,166,88,1.73,1.73,188957.25,1.7,2.02,211798.53,9,1000,222013.87,1000,,222390.23,222390.23
2026-05-24 00:00:00.000 Z,AFL/GWS GIANTS v Brisbane Lions,35599678,MATCH_ODDS,258104986,Match Odds,5304641,GWS,WINNER,1,254,GWS,Brisbane,78,166,88,2.38,2.4,38505.46,1.95,2.22,45653.89,1.11,1.11,57099.48,,1.01,80203.62,80203.62
2026-05-24 00:00:00.000 Z,AFL/Western Bulldogs v Melbourne,35599679,MATCH_ODDS,258105460,Match Odds,298609,Melbourne,LOSER,0,183,Western Bulldogs,Melbourne,3,93,90,1.81,1.98,160130.3,1.88,2.4,170605.58,2.12,2.18,179197.57,1.69,2.1,183103.94,189660.24
2026-05-24 00:00:00.000 Z,AFL/Western Bulldogs v Melbourne,35599679,MATCH_ODDS,258105460,Match Odds,39986,Western Bulldogs,WINNER,1,183,Western Bulldogs,Melbourne,3,93,90,1.85,2.14,54159.95,1.64,1.79,61227.58,1.85,1.88,85965.83,1.87,2,92023.66,105963.45
2026-05-28 00:00:00.000 Z,AFL/St Kilda v Hawthorn,35630728,MATCH_ODDS,258412976,Match Odds,39979,Hawthorn,WINNER,1,186,St Kilda,Hawthorn,-52,67,119,1.37,1.38,285879.57,1.07,1.12,313180.27,,1.02,343055.77,,1.01,375373.2,375868.25
2026-05-28 00:00:00.000 Z,AFL/St Kilda v Hawthorn,35630728,MATCH_ODDS,258412976,Match Odds,39990,St Kilda,LOSER,0,186,St Kilda,Hawthorn,-52,67,119,3.65,3.7,24596.71,5,16.5,30815.38,60,300,31882.36,5,290,31968.04,31979.04
2026-05-29 00:00:00.000 Z,AFL/Carlton v Geelong,35630730,MATCH_ODDS,258413450,Match Odds,39980,Carlton,WINNER,1,172,Carlton,Geelong,4,88,84,5,5.2,22796.41,9,1000,27022.24,4.1,4.3,30183.29,2.96,3.3,33707.12,58437.63
2026-05-29 00:00:00.000 Z,AFL/Carlton v Geelong,35630730,MATCH_ODDS,258413450,Match Odds,39988,Geelong,LOSER,0,172,Carlton,Geelong,4,88,84,1.23,1.25,297739.06,1.08,1.09,356261.41,1.25,1.33,380989.69,1.48,1.51,413609.62,432968.67
2026-05-30 00:00:00.000 Z,AFL/Sydney v Richmond,35630731,MATCH_ODDS,258413924,Match Odds,39981,Richmond,LOSER,0,226,Sydney,Richmond,100,163,63,34,42,8951.52,34,1000,9078.44,34,1000,9078.44,280,,9079.44,9079.44
2026-05-30 00:00:00.000 Z,AFL/Sydney v Richmond,35630731,MATCH_ODDS,258413924,Match Odds,39985,Sydney,WINNER,1,226,Sydney,Richmond,100,163,63,1.03,1.04,633139.88,,1.02,646622.88,,1.01,648244.87,,1.01,648254.22,648254.22
2026-05-30 00:00:00.000 Z,AFL/Brisbane v Fremantle,35630733,MATCH_ODDS,258414398,Match Odds,42153,Brisbane,LOSER,0,181,Brisbane,Fremantle,-25,78,103,1.57,1.58,173238.67,1.8,1.96,193591.26,3.3,3.4,206748.54,36,95,208959.59,209101.09
2026-05-30 00:00:00.000 Z,AFL/Brisbane v Fremantle,35630733,MATCH_ODDS,258414398,Match Odds,39992,Fremantle,WINNER,1,181,Brisbane,Fremantle,-25,78,103,2.7,2.74,62645.79,1.7,2.82,71947.07,1.38,1.43,111841.99,1.02,1.03,166501.64,184339.2
2026-05-30 00:00:00.000 Z,AFL/Western Bulldogs v Collingwood,35630734,MATCH_ODDS,258414872,Match Odds,217709,Collingwood,LOSER,0,190,Western Bulldogs,Collingwood,4,97,93,2.54,2.6,39878.89,2.72,3,40840.66,2.36,4.5,44353.93,5,6.2,48821.12,52275.03
2026-05-30 00:00:00.000 Z,AFL/Western Bulldogs v Collingwood,35630734,MATCH_ODDS,258414872,Match Odds,39986,Western Bulldogs,WINNER,1,190,Western Bulldogs,Collingwood,4,97,93,1.62,1.63,151146.21,1.49,1.55,168860.64,1.3,1.31,194264.81,1.17,1.19,222283.55,253024.98
2026-05-31 00:00:00.000 Z,AFL/Melbourne v GWS,35630735,MATCH_ODDS,258415346,Match Odds,5304641,GWS,WINNER,1,189,Melbourne,GWS,-49,70,119,1.74,1.75,124410.24,1.74,1.81,136345.24,1.37,1.41,147831.58,1.02,1.06,161059.17,172216.97
2026-05-31 00:00:00.000 Z,AFL/Melbourne v GWS,35630735,MATCH_ODDS,258415346,Match Odds,298609,Melbourne,LOSER,0,189,Melbourne,GWS,-49,70,119,2.32,2.36,48919.81,1.89,2.3,55039.99,2.3,3.9,58705.35,15,100,59289.61,59471.01
2026-05-31 00:00:00.000 Z,AFL/West Coast v Essendon,35630739,MATCH_ODDS,258415820,Match Odds,39977,Essendon,LOSER,0,140,West Coast,Essendon,30,85,55,3,3.05,53553.97,5,5,56151.49,8.8,14,60840.85,2.06,990,61155.32,61181.32
2026-05-31 00:00:00.000 Z,AFL/West Coast v Essendon,35630739,MATCH_ODDS,258415820,Match Odds,39991,West Coast,WINNER,1,140,West Coast,Essendon,30,85,55,1.48,1.49,287816.03,1.22,1.35,315717.66,1.07,1.11,335483.02,,1.01,361402.88,363584.95
2026-06-04 00:00:00.000 Z,AFL/Adelaide v Geelong,35652248,MATCH_ODDS,258651358,Match Odds,39982,Adelaide,WINNER,1,149,Adelaide,Geelong,1,75,74,2.96,2.98,63882.02,2.2,2.78,68410.54,2.04,2.22,72272.57,1.61,4.4,92423.77,116197.53
2026-06-04 00:00:00.000 Z,AFL/Adelaide v Geelong,35652248,MATCH_ODDS,258651358,Match Odds,39988,Geelong,LOSER,0,149,Adelaide,Geelong,1,75,74,1.5,1.51,290303.77,1.56,1.58,305886.33,1.93,1.95,323187.21,1.75,2.6,335967.07,340595.64
2026-06-05 00:00:00.000 Z,AFL/Hawthorn v Western Bulldogs,35652249,MATCH_ODDS,258651942,Match Odds,39979,Hawthorn,LOSER,0,148,Hawthorn,Western Bulldogs,-6,71,77,1.55,1.56,216860.19,1.5,1.55,243238.63,1.08,1.08,273042.83,1.28,1.31,298353.04,314051.29
2026-06-05 00:00:00.000 Z,AFL/Hawthorn v Western Bulldogs,35652249,MATCH_ODDS,258651942,Match Odds,39986,Western Bulldogs,WINNER,1,148,Hawthorn,Western Bulldogs,-6,71,77,2.78,2.78,38395.13,2.2,2.98,41397.5,12,20,43073.54,4.2,4.5,45857.12,76810.81
2026-06-06 00:00:00.000 Z,AFL/North Melbourne v Fremantle,35652251,MATCH_ODDS,258652526,Match Odds,39992,Fremantle,WINNER,1,186,North Melbourne,Fremantle,,,,1.23,1.24,333114.3,1.13,1.15,342036.86,,1.01,347978.51,,1.01,347978.51,347978.51
2026-06-06 00:00:00.000 Z,AFL/North Melbourne v Fremantle,35652251,MATCH_ODDS,258652526,Match Odds,3459613,North Melbourne,LOSER,0,186,North Melbourne,Fremantle,,,,5.1,5.2,21999.77,4.2,9,22775.61,9,1000,22911.92,120,1000,22911.92,22913
2026-06-06 00:00:00.000 Z,AFL/Gold Coast v Brisbane,35652253,MATCH_ODDS,258653000,Match Odds,42153,Brisbane,WINNER,1,181,Gold Coast,Brisbane,-31,75,106,2.76,2.8,44830.62,1.71,2.04,57688.91,1.5,1.59,61202.45,1.04,1.07,72240.12,98585.09
2026-06-06 00:00:00.000 Z,AFL/Gold Coast v Brisbane,35652253,MATCH_ODDS,258653000,Match Odds,4513766,Gold Coast,LOSER,0,181,Gold Coast,Brisbane,-31,75,106,1.55,1.56,105413.11,2.1,2.46,129552.99,2.2,2.96,131642.82,1.63,1000,132660.17,132813.75
2026-06-06 00:00:00.000 Z,AFL/West Coast v Port Adelaide,35652254,MATCH_ODDS,258653584,Match Odds,39978,Port Adelaide,WINNER,1,148,West Coast,Port Adelaide,-6,71,77,1.68,1.69,110270.56,1.43,1.51,119858.67,1.4,1.42,130978.25,1.18,1.2,144001.43,157367.43
2026-06-06 00:00:00.000 Z,AFL/West Coast v Port Adelaide,35652254,MATCH_ODDS,258653584,Match Odds,39991,West Coast,LOSER,0,148,West Coast,Port Adelaide,-6,71,77,2.42,2.46,43627.81,2.72,3,48012.49,3.25,3.5,49904.43,6,6,52423.59,54992.65
2026-06-07 00:00:00.000 Z,AFL/Sydney v St Kilda,35652255,MATCH_ODDS,258654058,Match Odds,39990,St Kilda,LOSER,0,206,Sydney,St Kilda,2,104,102,5.8,5.9,22243.62,2.34,3.5,23779.3,1.31,3.15,44933.67,2,2.26,52939.95,62215.79
2026-06-07 00:00:00.000 Z,AFL/Sydney v St Kilda,35652255,MATCH_ODDS,258654058,Match Odds,39985,Sydney,WINNER,1,206,Sydney,St Kilda,2,104,102,1.2,1.21,487038.76,1.56,1.56,512106,1.46,1.46,540617.93,1.75,1.85,546810.02,569327.49
2026-06-07 00:00:00.000 Z,AFL/Essendon v Carlton,35652256,MATCH_ODDS,258654642,Match Odds,39980,Carlton,WINNER,1,139,Essendon,Carlton,-5,67,72,1.25,1.26,399280.59,1.33,1.35,414947.5,1.74,1.85,454248.87,1.48,1.5,477759.49,502188.93
2026-06-07 00:00:00.000 Z,AFL/Essendon v Carlton,35652256,MATCH_ODDS,258654642,Match Odds,39977,Essendon,LOSER,0,139,Essendon,Carlton,-5,67,72,4.8,5,33076.19,3.4,5,37241.81,2.16,2.34,57244.92,2.9,3.7,74695.77,76532.56
2026-06-08 00:00:00.000 Z,AFL/Collingwood v Melbourne,35652257,MATCH_ODDS,258655116,Match Odds,217709,Collingwood,LOSER,0,158,Collingwood,Melbourne,-8,75,83,2,2.02,168084.84,1.74,1.9,180854.44,1.81,1.92,188366.39,1.68,1.73,215790.72,239381.43
2026-06-08 00:00:00.000 Z,AFL/Collingwood v Melbourne,35652257,MATCH_ODDS,258655116,Match Odds,298609,Melbourne,WINNER,1,158,Collingwood,Melbourne,-8,75,83,1.98,1.99,178033.89,2.02,2.26,200571.45,2,2.14,205804.4,2.22,3.1,212778.55,232467.47
2026-06-11 00:00:00.000 Z,AFL/Western Bulldogs v Adelaide,35675978,MATCH_ODDS,258879109,Match Odds,39982,Adelaide,WINNER,1,185,Western Bulldogs,Adelaide,-57,64,121,2.4,2.4,56208.55,1.07,1.13,105794.82,1.08,1.09,129256.2,,1.01,152212.47,152416.64
2026-06-11 00:00:00.000 Z,AFL/Western Bulldogs v Adelaide,35675978,MATCH_ODDS,258879109,Match Odds,39986,Western Bulldogs,LOSER,0,185,Western Bulldogs,Adelaide,-57,64,121,1.71,1.72,195519.24,15.5,15.5,214553.47,10,1000,216328.93,5.4,1000,216502.53,216521.46
2026-06-12 00:00:00.000 Z,AFL/Geelong v Gold Coast,35675979,MATCH_ODDS,258879583,Match Odds,39988,Geelong,WINNER,1,165,Geelong,Gold Coast,45,105,60,1.25,1.26,275633.99,1.22,1.25,315974.12,1.06,1.07,334409.11,1.01,1.02,351980.42,359217.83
2026-06-12 00:00:00.000 Z,AFL/Geelong v Gold Coast,35675979,MATCH_ODDS,258879583,Match Odds,4513766,Gold Coast,LOSER,0,165,Geelong,Gold Coast,45,105,60,4.8,4.9,51279.04,3.7,5.7,59770.9,6.6,17.5,61344.47,42,100,61603.95,61688.14
2026-06-13 00:00:00.000 Z,AFL/Melbourne v Essendon,35675980,MATCH_ODDS,258880057,Match Odds,39977,Essendon,LOSER,0,145,Melbourne,Essendon,45,95,50,6.2,6.4,7796.85,4.7,23,8241.95,7.4,1000,8275.48,7.4,1000,8321.01,8322.03
2026-06-13 00:00:00.000 Z,AFL/Melbourne v Essendon,35675980,MATCH_ODDS,258880057,Match Odds,298609,Melbourne,WINNER,1,145,Melbourne,Essendon,45,95,50,1.18,1.19,115660.75,1.03,1.05,126559.24,,1.01,130477.08,,1.01,134308.25,134320.26
2026-06-13 00:00:00.000 Z,AFL/North Melbourne v West Coast,35675981,MATCH_ODDS,258880531,Match Odds,3459613,North Melbourne,WINNER,1,147,North Melbourne,West Coast,1,74,73,1.45,1.46,80993.97,1.35,1.8,95764.56,1.63,1.7,113636.8,1.18,1.21,132052.81,150325.38
2026-06-13 00:00:00.000 Z,AFL/North Melbourne v West Coast,35675981,MATCH_ODDS,258880531,Match Odds,39991,West Coast,LOSER,0,147,North Melbourne,West Coast,1,74,73,3.2,3.45,24020.83,2.32,2.32,27842.03,2.5,2.58,39456.52,5.1,34,40578.04,43771.31
2026-06-13 00:00:00.000 Z,AFL/Port Adelaide v Sydney,35675982,MATCH_ODDS,258881041,Match Odds,39978,Port Adelaide,LOSER,0,183,Port Adelaide,Sydney,-3,90,93,3.35,3.45,13473.19,2.6,3.15,18147.23,1.63,1.65,50754.19,1.53,1.59,69855.48,78506.74
2026-06-13 00:00:00.000 Z,AFL/Port Adelaide v Sydney,35675982,MATCH_ODDS,258881041,Match Odds,39985,Sydney,WINNER,1,183,Port Adelaide,Sydney,-3,90,93,1.41,1.42,98436.69,1.59,1.61,126274.35,1.8,2.6,153384.17,2.5,3.25,164904.63,188312.24
2026-06-14 00:00:00.000 Z,AFL/Richmond v Brisbane,35675985,MATCH_ODDS,258881515,Match Odds,42153,Brisbane,WINNER,1,195,Richmond,Brisbane,-35,80,115,1.04,1.05,253137.25,1.04,1.06,266274.14,1.08,1.11,282895.03,,1.05,295288.83,296877.82
2026-06-14 00:00:00.000 Z,AFL/Richmond v Brisbane,35675985,MATCH_ODDS,258881515,Match Odds,39981,Richmond,LOSER,0,195,Richmond,Brisbane,-35,80,115,22,26,3987.52,10.5,90,4212.38,7,90,5043.25,26,26,5270.44,5366.17
2026-06-14 00:00:00.000 Z,AFL/St Kilda v GWS,35675988,MATCH_ODDS,258882007,Match Odds,5304641,GWS,LOSER,0,184,St Kilda,GWS,8,96,88,2,2.04,44737.61,1.65,1.92,48921.92,1.84,1.9,58854.1,1.6,2.9,63842.05,65304.7
2026-06-14 00:00:00.000 Z,AFL/St Kilda v GWS,35675988,MATCH_ODDS,258882007,Match Odds,39990,St Kilda,WINNER,1,184,St Kilda,GWS,8,96,88,1.96,1.97,41839.51,1.95,4.5,44841.62,1.86,4.5,58385.26,1.5,2.5,62225.5,71564.55
2026-06-18 00:00:00.000 Z,AFL/Fremantle v Geelong Cats,35700183,MATCH_ODDS,259022567,Match Odds,39992,Fremantle,WINNER,1,189,Fremantle,Geelong,9,99,90,1.4,1.41,297897.32,1.58,1.69,332644.99,1.61,1.62,372789.29,1.06,1.08,401173.11,444438.03
2026-06-18 00:00:00.000 Z,AFL/Fremantle v Geelong Cats,35700183,MATCH_ODDS,259022567,Match Odds,39988,Geelong,LOSER,0,189,Fremantle,Geelong,9,99,90,3.4,3.45,60132.85,2.24,3,62892.99,1.48,2.94,79746.23,11.5,19.5,83125.95,84372.63
2026-06-19 00:00:00.000 Z,AFL/Gold Coast v Hawthorn,35700185,MATCH_ODDS,259023041,Match Odds,4513766,Gold Coast,LOSER,0,210,Gold Coast,Hawthorn,-16,97,113,2.46,2.48,87840.09,4.1,4.4,110132.01,2.3,2.74,116850.97,2.34,2.96,119528.29,120726.87
2026-06-19 00:00:00.000 Z,AFL/Gold Coast v Hawthorn,35700185,MATCH_ODDS,259023041,Match Odds,39979,Hawthorn,WINNER,1,210,Gold Coast,Hawthorn,-16,97,113,1.67,1.68,190589.11,1.27,1.31,218120.24,1.58,1.59,245240.96,1.52,1.57,256280.26,296458.91
2026-06-20 00:00:00.000 Z,AFL/Adelaide v Melbourne,35700189,MATCH_ODDS,259023515,Match Odds,39982,Adelaide,WINNER,1,141,Adelaide,Melbourne,17,79,62,1.35,1.36,120055.92,1.45,1.5,137404.63,1.49,1.6,144652.84,1.65,1.8,147481.98,172156.31
2026-06-20 00:00:00.000 Z,AFL/Adelaide v Melbourne,35700189,MATCH_ODDS,259023515,Match Odds,298609,Melbourne,LOSER,0,141,Adelaide,Melbourne,17,79,62,3.75,3.85,13325.46,2.64,3.2,14743.17,2.6,3,15180.8,2,2.56,16397.25,17609.07
2026-06-20 00:00:00.000 Z,AFL/GWS v Carlton,35700192,MATCH_ODDS,259023989,Match Odds,39980,Carlton,WINNER,1,153,GWS,Carlton,-23,65,88,3.8,3.85,23739.69,2.8,6,25975.43,2,2.42,27380.35,1.8,2,37003.88,48836.73
2026-06-20 00:00:00.000 Z,AFL/GWS v Carlton,35700192,MATCH_ODDS,259023989,Match Odds,5304641,GWS,LOSER,0,153,GWS,Carlton,-23,65,88,1.36,1.36,93588.95,1.3,1.41,104174.25,1.91,2.2,115417.75,1.3,2,121577.78,124567.44
2026-06-20 00:00:00.000 Z,AFL/Collingwood v Port Adelaide,35700194,MATCH_ODDS,259024463,Match Odds,217709,Collingwood,WINNER,1,129,Collingwood,Port Adelaide,27,78,51,1.56,1.57,137197.29,1.66,1.73,148749.87,1.51,1.53,164911.79,1.05,1.14,196001.01,199681.96
2026-06-20 00:00:00.000 Z,AFL/Collingwood v Port Adelaide,35700194,MATCH_ODDS,259024463,Match Odds,39978,Port Adelaide,LOSER,0,129,Collingwood,Port Adelaide,27,78,51,2.76,2.78,42436.77,2.3,4.6,45066.62,1.4,2.9,57507.82,8,1000,58184.5,58195.54
2026-06-21 00:00:00.000 Z,AFL/Richmond v North Melbourne,35700195,MATCH_ODDS,259024937,Match Odds,3459613,North Melbourne,WINNER,1,121,Richmond,North Melbourne,-25,48,73,1.3,1.3,96605.06,1.29,1.43,110697.43,1.19,1.28,111669.83,1.04,1.08,116799.51,135718.91
2026-06-21 00:00:00.000 Z,AFL/Richmond v North Melbourne,35700195,MATCH_ODDS,259024937,Match Odds,39981,Richmond,LOSER,0,121,Richmond,North Melbourne,-25,48,73,4.2,4.3,11268.14,3.05,4.3,15115.72,3.6,9.4,15167.99,3,1000,15333.96,15353.12
2026-06-21 00:00:00.000 Z,AFL/St Kilda v Western Bulldogs,35700197,MATCH_ODDS,259025411,Match Odds,39990,St Kilda,LOSER,0,144,St Kilda,Western Bulldogs,-22,61,83,1.96,1.97,56688.69,1.95,2.9,62403.88,3,4,63376.86,6.6,6.8,64701.45,64959.26
2026-06-21 00:00:00.000 Z,AFL/St Kilda v Western Bulldogs,35700197,MATCH_ODDS,259025411,Match Odds,39986,Western Bulldogs,WINNER,1,144,St Kilda,Western Bulldogs,-22,61,83,2,2.04,35051.89,1.8,2.06,46529.2,1.34,1.36,52595.36,1.11,1.18,63778.24,82999.8
2026-06-25 00:00:00.000 Z,AFL/Brisbane v Sydney,35724688,MATCH_ODDS,259210987,Match Odds,42153,Brisbane,WINNER,1,209,Brisbane,Sydney,43,126,83,1.9,1.91,279974.89,1.55,1.59,307182.08,1.16,1.19,328096.79,,1.01,366990.06,369060.51
2026-06-25 00:00:00.000 Z,AFL/Brisbane v Sydney,35724688,MATCH_ODDS,259210987,Match Odds,39985,Sydney,LOSER,0,209,Brisbane,Sydney,43,126,83,2.08,2.1,116007.18,2.72,3,135458.39,5.3,7.4,140676.09,4,500,142462.76,142541.8
2026-06-26 00:00:00.000 Z,AFL/Hawthorn v GWS,35724689,MATCH_ODDS,259211461,Match Odds,5304641,GWS,LOSER,0,178,Hawthorn,GWS,14,96,82,4.6,4.8,24188.47,4,6.2,25609.53,16,48,27111.04,3.9,990,27401.81,27710.87
2026-06-26 00:00:00.000 Z,AFL/Hawthorn v GWS,35724689,MATCH_ODDS,259211461,Match Odds,39979,Hawthorn,WINNER,1,178,Hawthorn,GWS,14,96,82,1.26,1.27,322694.25,1.26,1.27,341806.64,1.03,1.04,381573.02,1.05,1.08,400240.17,410249.86
2026-06-27 00:00:00.000 Z,AFL/Carlton v West Coast Eagles,35724690,MATCH_ODDS,259211935,Match Odds,39980,Carlton,WINNER,1,181,Carlton,West Coast,53,117,64,1.12,1.13,334688.32,1.03,1.04,349733.65,1.02,1.04,357374.9,,1.01,360437.47,362962.72
2026-06-27 00:00:00.000 Z,AFL/Carlton v West Coast Eagles,35724690,MATCH_ODDS,259211935,Match Odds,39991,West Coast,LOSER,0,181,Carlton,West Coast,53,117,64,9,9.2,13572.75,5.2,30,14761.62,5.2,1000,14824.53,5.2,1000,14865.53,14891.57
2026-06-27 00:00:00.000 Z,AFL/Collingwood v Richmond,35724692,MATCH_ODDS,259212409,Match Odds,217709,Collingwood,WINNER,1,178,Collingwood,Richmond,34,106,72,1.1,1.11,323326.36,1.16,1.27,344521.64,1.01,1.03,358092.63,1.01,1.03,362113.56,362151.87
2026-06-27 00:00:00.000 Z,AFL/Collingwood v Richmond,35724692,MATCH_ODDS,259212409,Match Odds,39981,Richmond,LOSER,0,178,Collingwood,Richmond,34,106,72,10,10.5,15646.8,4.4,5.5,16576.61,17,1000,16668.03,5,1000,16669.03,16669.03
2026-06-27 00:00:00.000 Z,AFL/Port Adelaide v Adelaide Crows,35724693,MATCH_ODDS,259212883,Match Odds,39982,Adelaide,LOSER,0,168,Port Adelaide,Adelaide,26,97,71,1.33,1.34,362358.2,1.3,1.37,401448.06,2.1,2.28,432095.23,17.5,1000,438666.31,438761.35
2026-06-27 00:00:00.000 Z,AFL/Port Adelaide v Adelaide Crows,35724693,MATCH_ODDS,259212883,Match Odds,39978,Port Adelaide,WINNER,1,168,Port Adelaide,Adelaide,26,97,71,3.9,3.95,24282.16,3.75,5.6,26968.98,1.87,1.87,41972.81,1.05,1.07,94620.19,109538.62
2026-06-28 00:00:00.000 Z,AFL/North Melbourne v Essendon,35724694,MATCH_ODDS,259213357,Match Odds,39977,Essendon,LOSER,0,144,North Melbourne,Essendon,14,79,65,3.1,3.2,60310.24,3.15,4,60733.21,4.1,4.4,61577.69,6.2,44,62346.98,62419.54
2026-06-28 00:00:00.000 Z,AFL/North Melbourne v Essendon,35724694,MATCH_ODDS,259213357,Match Odds,3459613,North Melbourne,WINNER,1,144,North Melbourne,Essendon,14,79,65,1.46,1.47,232879.73,1.3,1.4,241863.59,1.26,1.32,251451.88,1.04,1.05,264299.16,278975.98
2026-06-28 00:00:00.000 Z,AFL/Fremantle v Gold Coast SUNS,35724695,MATCH_ODDS,259213831,Match Odds,39992,Fremantle,WINNER,1,109,Fremantle,Gold Coast,51,80,29,1.23,1.25,270129.49,1.05,1.1,281251.52,1.06,1.09,290065.85,,1.01,301144.18,301145.88
2026-06-28 00:00:00.000 Z,AFL/Fremantle v Gold Coast SUNS,35724695,MATCH_ODDS,259213831,Match Odds,4513766,Gold Coast,LOSER,0,109,Fremantle,Gold Coast,51,80,29,4.9,5.1,22705.29,8,1000,22828.76,10.5,1000,22965.13,36,200,23047.13,23058.17
2026-07-02 00:00:00.000 Z,AFL/Geelong v Brisbane,35746694,MATCH_ODDS,259424699,Match Odds,42153,Brisbane,WINNER,1,224,Geelong,Brisbane,-22,101,123,3.05,3.1,52882.65,1.25,1.25,103273.9,2,2.5,127717.59,1.07,1.08,161415.08,184600.1
2026-07-02 00:00:00.000 Z,AFL/Geelong v Brisbane,35746694,MATCH_ODDS,259424699,Match Odds,39988,Geelong,LOSER,0,224,Geelong,Brisbane,-22,101,123,1.47,1.48,252151.59,2.6,5.9,280288.42,1.62,1.69,300412.87,9.6,13.5,308045.92,308856.39
2026-07-03 00:00:00.000 Z,AFL/Sydney Swans v Western Bulldogs,35746695,MATCH_ODDS,259425173,Match Odds,39985,Sydney,WINNER,1,145,Sydney,Western Bulldogs,35,90,55,1.51,1.53,195128.61,1.07,1.08,230386.7,1.07,1.09,257392.38,1.04,1.06,277127.07,283376.65
2026-07-03 00:00:00.000 Z,AFL/Sydney Swans v Western Bulldogs,35746695,MATCH_ODDS,259425173,Match Odds,39986,Western Bulldogs,LOSER,0,145,Sydney,Western Bulldogs,35,90,55,2.9,2.92,43082.94,3.4,18,48242.7,12.5,1000,49512.23,6,1000,50064.23,50085.27
2026-07-03 00:00:00.000 Z,AFL/West Coast Eagles v Adelaide Crows,35746696,MATCH_ODDS,259425647,Match Odds,39982,Adelaide,WINNER,1,173,West Coast,Adelaide,-25,74,99,1.26,1.28,288777.78,1.03,1.06,303728.19,1.04,1.04,316627.45,,1.05,319895.13,331810.59
2026-07-03 00:00:00.000 Z,AFL/West Coast Eagles v Adelaide Crows,35746696,MATCH_ODDS,259425647,Match Odds,39991,West Coast,LOSER,0,173,West Coast,Adelaide,-25,74,99,4.7,4.9,18560.52,21,44,19475.83,3,990,19480.43,3,200,19507.43,19922.15
2026-07-04 00:00:00.000 Z,AFL/Hawthorn v Melbourne,35746697,MATCH_ODDS,259426121,Match Odds,39979,Hawthorn,LOSER,0,215,Hawthorn,Melbourne,-35,90,125,1.48,1.51,93328.06,2.26,5.3,99731.33,110,200,101337.92,1000,,101352.92,101428.55
2026-07-04 00:00:00.000 Z,AFL/Hawthorn v Melbourne,35746697,MATCH_ODDS,259426121,Match Odds,298609,Melbourne,WINNER,1,215,Hawthorn,Melbourne,-35,90,125,3,3.1,24200.56,1.19,1.27,34675.28,,1.01,83260.98,,1.01,83760.98,95135.65
2026-07-04 00:00:00.000 Z,AFL/GWS v Fremantle,35746698,MATCH_ODDS,259426595,Match Odds,39992,Fremantle,LOSER,0,197,GWS,Fremantle,21,109,88,1.32,1.33,81402.69,1.3,1.36,94869.73,1.77,1.86,101689.45,3.55,4,110970.02,111689.49
2026-07-04 00:00:00.000 Z,AFL/GWS v Fremantle,35746698,MATCH_ODDS,259426595,Match Odds,5304641,GWS,WINNER,1,197,GWS,Fremantle,21,109,88,4,4.1,18591.76,2.5,9.4,19363.69,2.1,2.3,21902.22,1.27,1.39,39232.68,50967.65
2026-07-04 00:00:00.000 Z,AFL/Gold Coast v Collingwood,35746699,MATCH_ODDS,259427069,Match Odds,217709,Collingwood,WINNER,1,202,Gold Coast,Collingwood,-6,98,104,2.46,2.48,35569.75,1.6,1.79,42894.55,1.44,1.59,53771.43,1.53,1.57,68007.66,96476.22
2026-07-04 00:00:00.000 Z,AFL/Gold Coast v Collingwood,35746699,MATCH_ODDS,259427069,Match Odds,4513766,Gold Coast,LOSER,0,202,Gold Coast,Collingwood,-6,98,104,1.67,1.68,115449.83,1.8,2.48,134607.07,2.8,3,145685.99,1.51,3.5,154079.52,154855.5
2026-07-04 00:00:00.000 Z,AFL/Richmond v Carlton,35746703,MATCH_ODDS,259427543,Match Odds,39980,Carlton,WINNER,1,146,Richmond,Carlton,-2,72,74,1.17,1.18,229521.99,1.79,1.86,256311.41,1.22,1.24,272791.81,1.12,1.13,284490.79,314331.24
2026-07-04 00:00:00.000 Z,AFL/Richmond v Carlton,35746703,MATCH_ODDS,259427543,Match Odds,39981,Richmond,LOSER,0,146,Richmond,Carlton,-2,72,74,6.2,6.6,16085.98,2,2.16,19706.25,5.1,5.3,20634.81,9,10.5,21957.93,22595.04
2026-07-05 00:00:00.000 Z,AFL/Essendon v St Kilda,35746704,MATCH_ODDS,259428017,Match Odds,39977,Essendon,LOSER,0,167,Essendon,St Kilda,-67,50,117,4.6,4.7,21767.07,4.4,16,22921.91,4.4,890,22967.95,1000,,22980.25,22980.25
2026-07-05 00:00:00.000 Z,AFL/Essendon v St Kilda,35746704,MATCH_ODDS,259428017,Match Odds,39990,St Kilda,WINNER,1,167,Essendon,St Kilda,-67,50,117,1.27,1.28,216164.31,1.05,1.1,239263.4,,1.01,251752.84,,1.01,252323.84,252326.55
2026-07-05 00:00:00.000 Z,AFL/Port Adelaide v North Melbourne,35746705,MATCH_ODDS,259428491,Match Odds,3459613,North Melbourne,LOSER,0,125,Port Adelaide,North Melbourne,21,73,52,3.1,3.15,16409.28,2.44,3.45,18180.92,6.4,990,19492.25,1.91,2.92,24214.79,27175.15
2026-07-05 00:00:00.000 Z,AFL/Port Adelaide v North Melbourne,35746705,MATCH_ODDS,259428491,Match Odds,39978,Port Adelaide,WINNER,1,125,Port Adelaide,North Melbourne,21,73,52,1.46,1.47,87804.65,1.48,1.7,93595.47,1.11,1.13,100293.3,1.7,1.8,117898.87,140120.59
2026-07-09 00:00:00.000 Z,AFL/Fremantle v Sydney,35774201,MATCH_ODDS,259639965,Match Odds,39992,Fremantle,WINNER,1,184,Fremantle,Sydney,38,111,73,1.5,1.51,344402.11,2.52,2.6,379021.15,2.2,3.4,393214.3,1.54,1.78,418904.77,445258.08
2026-07-09 00:00:00.000 Z,AFL/Fremantle v Sydney,35774201,MATCH_ODDS,259639965,Match Odds,39985,Sydney,LOSER,0,184,Fremantle,Sydney,38,111,73,2.98,3,71045,1.63,1.62,97135.36,1.63,1.75,131630.78,1.97,2.6,174693.89,178107.4
2026-07-10 00:00:00.000 Z,AFL/Collingwood v North Melbourne,35774206,MATCH_ODDS,259640452,Match Odds,217709,Collingwood,WINNER,1,174,Collingwood,North Melbourne,4,89,85,1.48,1.49,262931.31,1.38,1.42,275420.44,1.41,1.48,278185.55,1.5,1.54,299559.24,324045.74
2026-07-10 00:00:00.000 Z,AFL/Collingwood v North Melbourne,35774206,MATCH_ODDS,259640452,Match Odds,3459613,North Melbourne,LOSER,0,174,Collingwood,North Melbourne,4,89,85,3,3.05,87848.85,2.38,4,89730.45,2.38,3.4,90008.42,2.76,2.88,92959.94,111601.05
2026-07-11 00:00:00.000 Z,AFL/St Kilda v Port Adelaide,35774208,MATCH_ODDS,259640926,Match Odds,39978,Port Adelaide,LOSER,0,160,St Kilda,Port Adelaide,14,87,73,2.72,2.74,54769.19,6,16,62844.88,2.3,1000,63392.8,3,1000,64233.5,64823.56
2026-07-11 00:00:00.000 Z,AFL/St Kilda v Port Adelaide,35774208,MATCH_ODDS,259640926,Match Odds,39990,St Kilda,WINNER,1,160,St Kilda,Port Adelaide,14,87,73,1.57,1.58,130059.02,1.15,1.25,153408.48,1.01,1.05,162047.17,1.27,1.38,167635.53,173951.17
2026-07-11 00:00:00.000 Z,AFL/GWS v Geelong,35774211,MATCH_ODDS,259641400,Match Odds,5304641,GWS,WINNER,1,159,GWS,Geelong,13,86,73,2.28,2.3,78766.27,2.14,4,84442.91,7,10,85334.47,8.2,13.5,85551.04,107985.12
2026-07-11 00:00:00.000 Z,AFL/GWS v Geelong,35774211,MATCH_ODDS,259641400,Match Odds,39988,Geelong,LOSER,0,159,GWS,Geelong,13,86,73,1.76,1.77,121435.8,1.33,1.38,135355.58,1.15,1.17,142970.2,1.05,1.14,155986.71,162602.28
2026-07-11 00:00:00.000 Z,AFL/Carlton v Hawthorn,35774212,MATCH_ODDS,259641874,Match Odds,39980,Carlton,LOSER,0,142,Carlton,Hawthorn,-64,39,103,2.78,2.8,39469.67,2.2,3.45,42445.67,2.12,20,42754.83,1000,,42906.34,42906.49
2026-07-11 00:00:00.000 Z,AFL/Carlton v Hawthorn,35774212,MATCH_ODDS,259641874,Match Odds,39979,Hawthorn,WINNER,1,142,Carlton,Hawthorn,-64,39,103,1.56,1.57,171731.76,1.41,1.5,182366.71,1.04,1.09,190759.02,,1.01,198230.61,198230.61
2026-07-11 00:00:00.000 Z,AFL/Adelaide v Gold Coast,35774216,MATCH_ODDS,259642348,Match Odds,39982,Adelaide,WINNER,1,177,Adelaide,Gold Coast,79,128,49,1.29,1.3,360684.49,1.27,1.33,386525.24,1.06,1.08,387901.62,,1.01,394985.88,394985.88
2026-07-11 00:00:00.000 Z,AFL/Adelaide v Gold Coast,35774216,MATCH_ODDS,259642348,Match Odds,4513766,Gold Coast,LOSER,0,177,Adelaide,Gold Coast,79,128,49,4.3,4.4,32099.56,2.4,6.4,39946.46,9.2,1000,40189.41,190,1000,40190.41,40191.64
2026-07-12 00:00:00.000 Z,AFL/Western Bulldogs v West Coast,35774217,MATCH_ODDS,259642822,Match Odds,39991,West Coast,LOSER,0,156,Western Bulldogs,West Coast,16,86,70,8.8,10.5,10075.17,11.5,1000,11482.82,3,3.7,13404.83,3.85,4,15060.8,15377.34
2026-07-12 00:00:00.000 Z,AFL/Western Bulldogs v West Coast,35774217,MATCH_ODDS,259642822,Match Odds,39986,Western Bulldogs,WINNER,1,156,Western Bulldogs,West Coast,16,86,70,1.11,1.12,283197.58,1.04,1.09,298869.81,1.24,1.37,307078.14,1.25,1.4,315550.53,322875.3
2026-07-12 00:00:00.000 Z,AFL/Melbourne v Richmond,35774218,MATCH_ODDS,259643296,Match Odds,298609,Melbourne,WINNER,1,176,Melbourne,Richmond,46,111,65,1.12,1.13,244631.95,1.07,1.09,249531.89,,1.01,254134.41,,1.01,257367.08,257367.08
2026-07-12 00:00:00.000 Z,AFL/Melbourne v Richmond,35774218,MATCH_ODDS,259643296,Match Odds,39981,Richmond,LOSER,0,176,Melbourne,Richmond,46,111,65,8.2,8.8,8003.77,11,24,9338.16,80,1000,9369.82,200,1000,9380.82,9380.82
2026-07-12 00:00:00.000 Z,AFL/Brisbane v Essendon,35774219,MATCH_ODDS,259643770,Match Odds,42153,Brisbane,WINNER,1,208,Brisbane,Essendon,90,149,59,1.02,1.03,119810.78,,1.01,127661.38,,1.01,127661.38,,1.01,127661.38,127661.38
2026-07-12 00:00:00.000 Z,AFL/Brisbane v Essendon,35774219,MATCH_ODDS,259643770,Match Odds,39977,Essendon,LOSER,0,208,Brisbane,Essendon,90,149,59,46,48,2985.59,34,1000,2996.59,150,1000,2997.58,1000,,2997.64,2997.64
2026-07-16 00:00:00.000 Z,AFL/Geelong v St Kilda,35805280,MATCH_ODDS,259878314,Match Odds,39988,Geelong,WINNER,1,177,Geelong,St Kilda,,,,1.42,1.43,358854.16,1.26,1.29,395660.02,,,,,,,453171.44
2026-07-16 00:00:00.000 Z,AFL/Geelong v St Kilda,35805280,MATCH_ODDS,259878314,Match Odds,39990,St Kilda,LOSER,0,177,Geelong,St Kilda,,,,3.3,3.4,57932.68,3.6,5,62573.99,,,,,,,64899.84
2026-07-17 00:00:00.000 Z,AFL/Sydney v Adelaide,35805281,MATCH_ODDS,259877835,Match Odds,39982,Adelaide,WINNER,1,158,Sydney,Adelaide,,,,2.96,2.98,54826.87,1.49,1.49,79987.72,1.88,2,98602.19,3,4.1,102959.16,123161.25
2026-07-17 00:00:00.000 Z,AFL/Sydney v Adelaide,35805281,MATCH_ODDS,259877835,Match Odds,39985,Sydney,LOSER,0,158,Sydney,Adelaide,,,,1.51,1.52,279392.59,3,3.05,321853.35,2.02,2.04,332212.1,1.41,1.44,350513.31,351824.28
2026-07-18 00:00:00.000 Z,AFL/Port Adelaide v Fremantle,35805282,MATCH_ODDS,259878347,Match Odds,39992,Fremantle,WINNER,1,178,Port Adelaide,Fremantle,-28,75,103,1.14,1.15,585484.55,1.11,1.2,606551.11,1.17,1.45,622770.54,,1.01,647097.89,648598.46
2026-07-18 00:00:00.000 Z,AFL/Port Adelaide v Fremantle,35805282,MATCH_ODDS,259878347,Match Odds,39978,Port Adelaide,LOSER,0,178,Port Adelaide,Fremantle,-28,75,103,7.6,8,32708.95,6.2,15,34183.91,3.25,15,35161.32,3,1000,36190.36,36197.36
2026-07-18 00:00:00.000 Z,AFL/North Melbourne v Melbourne,35805284,MATCH_ODDS,259879600,Match Odds,298609,Melbourne,WINNER,1,168,North Melbourne,Melbourne,-16,76,92,1.5,1.51,142029.33,1.74,1.83,160750.67,1.57,1.65,168082.96,1.09,1.19,184470.08,199027.07
2026-07-18 00:00:00.000 Z,AFL/North Melbourne v Melbourne,35805284,MATCH_ODDS,259879600,Match Odds,3459613,North Melbourne,LOSER,0,168,North Melbourne,Melbourne,-16,76,92,2.96,3,31976.97,1.8,2.98,40049.24,2.54,5.2,49653.13,1.41,1000,52272.38,53284.56
2026-07-18 00:00:00.000 Z,AFL/Collingwood v Carlton,35805285,MATCH_ODDS,259880074,Match Odds,39980,Carlton,LOSER,0,159,Collingwood,Carlton,21,90,69,2.38,2.4,54817.77,2.06,2.42,58140.89,2,4.8,62177.99,3.75,1000,67304.74,69282.67
2026-07-18 00:00:00.000 Z,AFL/Collingwood v Carlton,35805285,MATCH_ODDS,259880074,Match Odds,217709,Collingwood,WINNER,1,159,Collingwood,Carlton,21,90,69,1.72,1.74,165638.87,1.65,1.75,201515.98,1.47,1.55,210883.83,1.23,1.25,229746.19,252899.3
2026-07-18 00:00:00.000 Z,AFL/West Coast v Brisbane,35805287,MATCH_ODDS,259880548,Match Odds,42153,Brisbane,WINNER,1,162,West Coast,Brisbane,-24,69,93,1.17,1.18,323808.72,1.3,1.6,341296.99,1.33,1.4,350776.86,1.08,1.12,365545.48,373862.36
2026-07-18 00:00:00.000 Z,AFL/West Coast v Brisbane,35805287,MATCH_ODDS,259880548,Match Odds,39991,West Coast,LOSER,0,162,West Coast,Brisbane,-24,69,93,6.8,7,28539.69,2.28,2.96,29153.24,3.2,4.1,29893.05,6.2,17.5,30819.63,30934.97
2026-07-19 00:00:00.000 Z,AFL/Richmond v Hawthorn,35805289,MATCH_ODDS,259881023,Match Odds,39979,Hawthorn,WINNER,1,174,Richmond,Hawthorn,-70,52,122,1.04,1.05,472963.46,,1.02,490539.14,,1.01,492168.68,,1.01,492168.68,492168.68
2026-07-19 00:00:00.000 Z,AFL/Richmond v Hawthorn,35805289,MATCH_ODDS,259881023,Match Odds,39981,Richmond,LOSER,0,174,Richmond,Hawthorn,-70,52,122,20,22,4364.2,10,1000,4702.21,10,1000,4718.21,10,1000,4718.21,4718.21
2026-07-19 00:00:00.000 Z,AFL/Gold Coast v Western Bulldogs,35805290,MATCH_ODDS,259881717,Match Odds,4513766,Gold Coast,LOSER,0,145,Gold Coast,Western Bulldogs,-9,68,77,1.87,1.88,273620.28,1.75,2.38,302340.25,1.65,1.85,306949.75,7.2,8,310529.35,312672.92
2026-07-19 00:00:00.000 Z,AFL/Gold Coast v Western Bulldogs,35805290,MATCH_ODDS,259881717,Match Odds,39986,Western Bulldogs,WINNER,1,145,Gold Coast,Western Bulldogs,-9,68,77,2.12,2.14,63903.73,1.9,2,68410.73,2.2,2.58,74205.49,1.13,1.16,82578,104900.52
2026-07-19 00:00:00.000 Z,AFL/Essendon v GWS,35805291,MATCH_ODDS,259882223,Match Odds,39977,Essendon,WINNER,1,131,Essendon,GWS,3,67,64,7.2,8,10489.05,5.5,7.4,11043.19,3,4.8,11785.73,1.65,2.66,23211.67,28381.97
2026-07-19 00:00:00.000 Z,AFL/Essendon v GWS,35805291,MATCH_ODDS,259882223,Match Odds,5304641,GWS,LOSER,0,131,Essendon,GWS,3,67,64,1.15,1.16,301218.67,1.15,1.33,307195.69,1.3,1.32,312838.58,1.6,1.69,331147.5,336888.34
2026-07-23 00:00:00.000 Z,AFL/Adelaide v Collingwood,35822660,MATCH_ODDS,260037343,Match Odds,39982,Adelaide,LOSER,0,182,Adelaide,Collingwood,-34,74,108,1.46,1.47,637827.13,1.19,1.26,675914.98,1.29,1.3,705963.18,2,2.32,746289.25,753909.64
2026-07-23 00:00:00.000 Z,AFL/Adelaide v Collingwood,35822660,MATCH_ODDS,260037343,Match Odds,217709,Collingwood,WINNER,1,182,Adelaide,Collingwood,-34,74,108,3.1,3.15,60334.27,2.02,5.6,70502.08,4,4.5,72111.66,2,2.2,96648.4,131251.28
2026-07-24 00:00:00.000 Z,AFL/Melbourne v Geelong,35822662,MATCH_ODDS,260037817,Match Odds,39988,Geelong,WINNER,1,214,Melbourne,Geelong,-20,97,117,1.94,1.95,136128.78,2.14,2.88,147276.88,1.26,1.27,177952.62,1.19,1.44,194832.4,216696.33
2026-07-24 00:00:00.000 Z,AFL/Melbourne v Geelong,35822662,MATCH_ODDS,260037817,Match Odds,298609,Melbourne,LOSER,0,214,Melbourne,Geelong,-20,97,117,2.04,2.08,148784.82,1.58,1.58,176047.14,3,4.8,195024.93,4.5,6.2,203834.89,204225.83
2026-07-24 00:00:00.000 Z,AFL/Fremantle v West Coast,35822663,MATCH_ODDS,260038291,Match Odds,39992,Fremantle,WINNER,1,154,Fremantle,West Coast,70,112,42,1.04,1.05,565402.72,1.05,1.07,591931.36,1.05,1.07,605242.37,,1.01,610753.1,610753.1
2026-07-24 00:00:00.000 Z,AFL/Fremantle v West Coast,35822663,MATCH_ODDS,260038291,Match Odds,39991,West Coast,LOSER,0,154,Fremantle,West Coast,70,112,42,22,24,10123.92,11.5,100,10879.27,16,100,11176.91,110,990,11210.81,11213.91
2026-07-25 00:00:00.000 Z,AFL/Carlton v Gold Coast,35822664,MATCH_ODDS,260038765,Match Odds,39980,Carlton,WINNER,1,207,Carlton,Gold Coast,13,110,97,1.73,1.74,111959.03,1.57,1.71,125522.31,1.58,2.1,130879.12,1.4,1.44,138805.18,158931.79
2026-07-25 00:00:00.000 Z,AFL/Carlton v Gold Coast,35822664,MATCH_ODDS,260038765,Match Odds,4513766,Gold Coast,LOSER,0,207,Carlton,Gold Coast,13,110,97,2.32,2.36,42973.08,2.02,3.2,57697.33,1.79,2.34,59684.15,1.8,10,61720.76,63823.9
2026-07-25 00:00:00.000 Z,AFL/Hawthorn v Essendon,35822665,MATCH_ODDS,260039239,Match Odds,39977,Essendon,LOSER,0,171,Hawthorn,Essendon,93,132,39,34,36,3897.36,36,44,4042.9,160,990,4086.4,1000,,4094.45,4094.45
2026-07-25 00:00:00.000 Z,AFL/Hawthorn v Essendon,35822665,MATCH_ODDS,260039239,Match Odds,39979,Hawthorn,WINNER,1,171,Hawthorn,Essendon,93,132,39,1.02,1.03,206394.18,1.02,1.03,225703.04,,1.01,236702.3,,1.01,236702.3,236702.3
2026-07-25 00:00:00.000 Z,AFL/GWS v Sydney,35822666,MATCH_ODDS,260039713,Match Odds,5304641,GWS,LOSER,0,227,GWS,Sydney,-51,88,139,2.7,2.74,73199.82,3.35,1000,75150.17,3.35,200,75480.98,140,990,75506.98,75515.05
2026-07-25 00:00:00.000 Z,AFL/GWS v Sydney,35822666,MATCH_ODDS,260039713,Match Odds,39985,Sydney,WINNER,1,227,GWS,Sydney,-51,88,139,1.57,1.58,222017.63,1.04,1.09,236901.65,,1.01,254823.53,,1.01,257020.68,257022.68
2026-07-25 00:00:00.000 Z,AFL/Western Bulldogs v Richmond,35822667,MATCH_ODDS,260040187,Match Odds,39981,Richmond,LOSER,0,153,Western Bulldogs,Richmond,57,105,48,10.5,11.5,16148.13,5.5,28,16506.88,5.5,,16527.6,1000,,16528.6,16528.6
2026-07-25 00:00:00.000 Z,AFL/Western Bulldogs v Richmond,35822667,MATCH_ODDS,260040187,Match Odds,39986,Western Bulldogs,WINNER,1,153,Western Bulldogs,Richmond,57,105,48,1.09,1.1,331144.78,1.07,1.15,349053.98,,1.01,374512.84,,1.01,374514.75,374536.58
2026-07-26 00:00:00.000 Z,AFL/Brisbane v Port Adelaide,35822671,MATCH_ODDS,260040661,Match Odds,42153,Brisbane,WINNER,1,193,Brisbane,Port Adelaide,59,126,67,1.11,1.12,292690.7,1.03,1.07,307712.07,1.07,1.15,313361.25,1.02,1.03,315388.86,318226.8
2026-07-26 00:00:00.000 Z,AFL/Brisbane v Port Adelaide,35822671,MATCH_ODDS,260040661,Match Odds,39978,Port Adelaide,LOSER,0,193,Brisbane,Port Adelaide,59,126,67,10,10.5,12695.46,6.2,23,13190.35,7,1000,13414.67,7,1000,13415.85,13421.85
2026-07-26 00:00:00.000 Z,AFL/North Melbourne v St Kilda,35822674,MATCH_ODDS,260041135,Match Odds,3459613,North Melbourne,LOSER,0,155,North Melbourne,St Kilda,-31,62,93,2.88,2.9,24030.39,2.88,3.9,27229.74,2.5,2.88,29034.05,4,5.5,36309.34,36521.36
2026-07-26 00:00:00.000 Z,AFL/North Melbourne v St Kilda,35822674,MATCH_ODDS,260041135,Match Odds,39990,St Kilda,WINNER,1,155,North Melbourne,St Kilda,-31,62,93,1.52,1.53,103509.18,1.34,1.46,116547.81,1.53,1.54,123916.95,1.18,1.3,134033.67,153650.19
2026-07-30 00:00:00.000 Z,AFL/Collingwood v Geelong,35848215,MATCH_ODDS,260262892,Match Odds,217709,Collingwood,LOSER,0,169,Collingwood,Geelong,-25,72,97,2.3,2.32,101771.14,4.6,4.8,110337.91,6.8,7.6,118488.68,5.5,12,121165.64,122722.26
2026-07-30 00:00:00.000 Z,AFL/Collingwood v Geelong,35848215,MATCH_ODDS,260262892,Match Odds,39988,Geelong,WINNER,1,169,Collingwood,Geelong,-25,72,97,1.76,1.77,211518.54,1.28,1.28,236123.63,1.13,1.16,284229.71,1.21,1.23,302754.93,330306.96
2026-07-31 00:00:00.000 Z,AFL/Fremantle v Western Bulldogs,35848222,MATCH_ODDS,260263370,Match Odds,39992,Fremantle,WINNER,1,119,Fremantle,Western Bulldogs,37,78,41,1.16,1.17,434059.52,1.18,1.23,441833.32,1.24,1.29,460619.66,1.06,1.06,476162.47,495973.14
2026-07-31 00:00:00.000 Z,AFL/Fremantle v Western Bulldogs,35848222,MATCH_ODDS,260263370,Match Odds,39986,Western Bulldogs,LOSER,0,119,Fremantle,Western Bulldogs,37,78,41,7,7.2,34269.08,6.2,7,34640.95,4.6,5.1,36456,13.5,17.5,37047.87,37391.3
2026-08-01 00:00:00.000 Z,AFL/St Kilda v Sydney,35848224,MATCH_ODDS,260263844,Match Odds,39990,St Kilda,LOSER,0,195,St Kilda,Sydney,-19,88,107,2.56,2.58,25143.24,1.91,3.45,30846.57,1.45,2.42,35748.15,1.6,1.91,40753.25,42708.73
2026-08-01 00:00:00.000 Z,AFL/St Kilda v Sydney,35848224,MATCH_ODDS,260263844,Match Odds,39985,Sydney,WINNER,1,195,St Kilda,Sydney,-19,88,107,1.63,1.64,136757.1,2,2.1,150121.85,1.7,2.24,155761.62,2,2.5,157658.16,190241.81
2026-08-01 00:00:00.000 Z,AFL/Hawthorn v North Melbourne,35848225,MATCH_ODDS,260264365,Match Odds,39979,Hawthorn,WINNER,1,182,Hawthorn,North Melbourne,16,99,83,1.11,1.12,222717.61,1.24,1.34,238375.19,1.24,1.3,249158.91,1.21,1.39,254900.98,273013.13
2026-08-01 00:00:00.000 Z,AFL/Hawthorn v North Melbourne,35848225,MATCH_ODDS,260264365,Match Odds,3459613,North Melbourne,LOSER,0,182,Hawthorn,North Melbourne,16,99,83,9.8,10,8341.52,4.1,4.4,9513.18,4.9,20,12371.85,3.55,3.55,13043.88,13398.07
2026-08-01 00:00:00.000 Z,AFL/Port Adelaide v GWS,35848226,MATCH_ODDS,260264843,Match Odds,5304641,GWS,WINNER,1,138,Port Adelaide,GWS,-12,63,75,1.87,1.89,98259.68,1.7,2.2,100565.11,1.65,1.71,103418.01,1.1,1.24,109866.93,117830.62
2026-08-01 00:00:00.000 Z,AFL/Port Adelaide v GWS,35848226,MATCH_ODDS,260264843,Match Odds,39978,Port Adelaide,LOSER,0,138,Port Adelaide,GWS,-12,63,75,2.12,2.16,104916.68,1.85,2.08,108508.62,1.95,2.94,111404.24,2.24,10,111961.79,112341.88
2026-08-01 00:00:00.000 Z,AFL/Carlton v Brisbane,35848227,MATCH_ODDS,260265320,Match Odds,42153,Brisbane,LOSER,0,232,Carlton,Brisbane,76,154,78,1.38,1.39,139358.96,1.49,1.5,155370.97,2.38,2.8,192120.52,6.8,26,212981.03,213296.16
2026-08-01 00:00:00.000 Z,AFL/Carlton v Brisbane,35848227,MATCH_ODDS,260265320,Match Odds,39980,Carlton,WINNER,1,232,Carlton,Brisbane,76,154,78,3.55,3.6,27308.23,2.9,5,29320.11,1.72,1.72,64729.86,1.02,1.04,104992.34,129210.26
2026-08-02 00:00:00.000 Z,AFL/Richmond v West Coast,35848229,MATCH_ODDS,260265794,Match Odds,39981,Richmond,WINNER,1,157,Richmond,West Coast,11,84,73,2.14,2.16,28266.42,1.77,1.9,32595.79,1.52,1.53,35533.59,1.2,1.25,50330.11,61760.3
2026-08-02 00:00:00.000 Z,AFL/Richmond v West Coast,35848229,MATCH_ODDS,260265794,Match Odds,39991,West Coast,LOSER,0,157,Richmond,West Coast,11,84,73,1.85,1.87,162623.53,2.12,2.3,172624.58,2.88,2.9,177556.12,3.05,5,182237.61,182674.13
2026-08-02 00:00:00.000 Z,AFL/Gold Coast v Melbourne,35848230,MATCH_ODDS,260266314,Match Odds,4513766,Gold Coast,LOSER,0,219,Gold Coast,Melbourne,-9,105,114,2.12,2.14,58337.95,1.8,18,59516.32,1.8,2.06,61332.48,2.14,2.62,74100.17,75403.13
2026-08-02 00:00:00.000 Z,AFL/Gold Coast v Melbourne,35848230,MATCH_ODDS,260266314,Match Odds,298609,Melbourne,WINNER,1,219,Gold Coast,Melbourne,-9,105,114,1.88,1.89,120602.98,1.3,1.81,134368.05,1.95,2.02,138986.97,1.24,1.6,145107.8,158512.29
2026-08-02 00:00:00.000 Z,AFL/Essendon v Adelaide Crows,35848231,MATCH_ODDS,260266788,Match Odds,39982,Adelaide,WINNER,1,218,Essendon,Adelaide,-72,73,145,1.11,1.12,243916.38,1.01,1.08,263302.95,,1.01,267141.63,,1.01,267850.55,267852.46
2026-08-02 00:00:00.000 Z,AFL/Essendon v Adelaide Crows,35848231,MATCH_ODDS,260266788,Match Odds,39977,Essendon,LOSER,0,218,Essendon,Adelaide,-72,73,145,8.8,9.4,12613.46,4.1,55,13107.51,95,,13173.78,230,,13178.16,13178.16
2026-08-06 00:00:00.000 Z,AFL/Western Bulldogs v North Melbourne,35879450,MATCH_ODDS,260563623,Match Odds,3459613,North Melbourne,WINNER,1,177,Western Bulldogs,North Melbourne,-23,77,100,2.74,2.78,59016.88,1.56,1.69,78720.3,1.38,1.47,96933.14,1.83,1.89,108490.08,124383.06
2026-08-06 00:00:00.000 Z,AFL/Western Bulldogs v North Melbourne,35879450,MATCH_ODDS,260563623,Match Odds,39986,Western Bulldogs,LOSER,0,177,Western Bulldogs,North Melbourne,-23,77,100,1.56,1.56,326791.43,2.5,2.6,346667.22,3.1,3.7,370317.51,2.12,2.34,377326.04,383452.67
2026-08-07 00:00:00.000 Z,AFL/Brisbane Lions v Hawthorn,35881915,MATCH_ODDS,260564097,Match Odds,42153,Brisbane,WINNER,1,183,Brisbane,Hawthorn,67,125,58,1.88,1.89,210970.39,1.6,1.72,224518.62,1.15,1.18,265563.36,1.01,1.02,313264.56,318696.31
2026-08-07 00:00:00.000 Z,AFL/Brisbane Lions v Hawthorn,35881915,MATCH_ODDS,260564097,Match Odds,39979,Hawthorn,LOSER,0,183,Brisbane,Hawthorn,67,125,58,2.12,2.16,62024.65,1.85,2.42,68378.32,5.9,6.8,75911.62,60,100,83329.42,83390.8
2026-08-08 00:00:00.000 Z,AFL/Melbourne v Fremantle,35881917,MATCH_ODDS,260564571,Match Odds,39992,Fremantle,LOSER,0,222,Melbourne,Fremantle,4,113,109,1.64,1.65,91403.51,1.42,1.47,101920.56,1.52,1.56,110104.86,1.21,1.37,113392.62,129612.02
2026-08-08 00:00:00.000 Z,AFL/Melbourne v Fremantle,35881917,MATCH_ODDS,260564571,Match Odds,298609,Melbourne,WINNER,1,222,Melbourne,Fremantle,4,113,109,2.52,2.54,30313.05,2,3.1,33591.87,2,3,35981.98,3,4.6,37279.58,50065.88
2026-08-08 00:00:00.000 Z,AFL/Sydney Swans v Port Adelaide,35881918,MATCH_ODDS,260565045,Match Odds,39978,Port Adelaide,LOSER,0,237,Sydney,Port Adelaide,97,167,70,9.8,10,15262.66,6,16.5,16558.12,6,1000,16568.14,1000,,16577.72,16577.72
2026-08-08 00:00:00.000 Z,AFL/Sydney Swans v Port Adelaide,35881918,MATCH_ODDS,260565045,Match Odds,39985,Sydney,WINNER,1,237,Sydney,Port Adelaide,97,167,70,1.11,1.12,396730.86,1.05,1.17,409832.68,,1.01,416427.67,,1.01,416904.42,416904.42
2026-08-08 00:00:00.000 Z,AFL/Geelong Cats v Essendon,35881919,MATCH_ODDS,260565519,Match Odds,39977,Essendon,LOSER,0,167,Geelong,Essendon,67,117,50,50,55,5751.69,55,1000,5840.78,120,1000,5850.78,1000,,5851.78,5851.78
2026-08-08 00:00:00.000 Z,AFL/Geelong Cats v Essendon,35881919,MATCH_ODDS,260565519,Match Odds,39988,Geelong,WINNER,1,167,Geelong,Essendon,67,117,50,1.01,1.02,199848.07,,1.01,202806.45,,1.01,203143.84,,1.01,203143.84,203143.84
2026-08-08 00:00:00.000 Z,AFL/Adelaide Crows v Richmond,35881920,MATCH_ODDS,260565993,Match Odds,39982,Adelaide,WINNER,1,117,Adelaide,Richmond,9,63,54,1.03,1.04,290428.24,1.01,1.07,343449.48,1.12,1.11,360167.36,1.17,1.22,381076.35,408996.53
2026-08-08 00:00:00.000 Z,AFL/Adelaide Crows v Richmond,35881920,MATCH_ODDS,260565993,Match Odds,39981,Richmond,LOSER,0,117,Adelaide,Richmond,9,63,54,30,34,4420.64,12,44,4657.53,6,9.2,6641.53,2.7,6.8,8553.13,10362.49
2026-08-09 00:00:00.000 Z,AFL/GWS GIANTS v Gold Coast SUNS,35881921,MATCH_ODDS,260566467,Match Odds,5304641,GWS,LOSER,0,156,GWS,Gold Coast,-2,77,79,1.42,1.43,174474.11,1.51,1.71,178211.73,1.71,3.1,184907.68,3.1,4,187539.01,188302.59
2026-08-09 00:00:00.000 Z,AFL/GWS GIANTS v Gold Coast SUNS,35881921,MATCH_ODDS,260566467,Match Odds,4513766,Gold Coast,WINNER,1,156,GWS,Gold Coast,-2,77,79,3.35,3.4,59268.14,2.5,2.6,60892.02,1.51,1.81,77018.53,1.46,1.81,83259.2,100920.01
2026-08-09 00:00:00.000 Z,AFL/West Coast Eagles v Collingwood,35881924,MATCH_ODDS,260566959,Match Odds,217709,Collingwood,WINNER,1,215,West Coast,Collingwood,-19,98,117,1.73,1.75,164461.95,1.53,1.76,187960.37,1.48,1.53,203688.88,1.04,1.08,224317.87,255226.88
2026-08-09 00:00:00.000 Z,AFL/West Coast Eagles v Collingwood,35881924,MATCH_ODDS,260566959,Match Odds,39991,West Coast,LOSER,0,215,West Coast,Collingwood,-19,98,117,2.32,2.34,92508.16,2.4,4.2,99817.86,2.1,1000,111678.8,10,1000,112484,114519.87
2026-08-09 00:00:00.000 Z,AFL/St Kilda v Carlton,35881928,MATCH_ODDS,260567436,Match Odds,39980,Carlton,WINNER,1,168,St Kilda,Carlton,-44,62,106,1.99,2,378352.79,1.22,1.22,413026.99,1.08,1.1,437378.73,1.02,1.04,473769.99,481436.95
2026-08-09 00:00:00.000 Z,AFL/St Kilda v Carlton,35881928,MATCH_ODDS,260567436,Match Odds,39990,St Kilda,LOSER,0,168,St Kilda,Carlton,-44,62,106,1.99,2.02,119235.03,4.5,5.5,132631.42,5.6,13,134245.03,27,1000,135681.96,135717.48
2026-08-14 00:00:00.000 Z,AFL/Fremantle v Adelaide Crows,35901065,MATCH_ODDS,260793219,Match Odds,39982,Adelaide,LOSER,0,200,Fremantle,Adelaide,24,112,88,4.5,4.6,32612.93,6.4,15,34697.34,4.3,4.7,35838.14,2.32,6,38064.13,39234.35
2026-08-14 00:00:00.000 Z,AFL/Fremantle v Adelaide Crows,35901065,MATCH_ODDS,260793219,Match Odds,39992,Fremantle,WINNER,1,200,Fremantle,Adelaide,24,112,88,1.28,1.29,360527.17,1.13,1.18,384121.57,1.26,1.31,399563.05,1.19,1.31,416948.45,448363.91
2026-08-15 00:00:00.000 Z,AFL/Richmond v St Kilda,35901069,MATCH_ODDS,260793802,Match Odds,39981,Richmond,LOSER,0,139,Richmond,St Kilda,-49,45,94,4.3,4.4,24588.39,3.15,6.8,25352.25,9.6,1000,25724.27,85,1000,25760.27,25760.27
2026-08-15 00:00:00.000 Z,AFL/Richmond v St Kilda,35901069,MATCH_ODDS,260793802,Match Odds,39990,St Kilda,WINNER,1,139,Richmond,St Kilda,-49,45,94,1.3,1.31,202169.5,1.18,1.25,208638.09,1.03,1.06,217415.13,,1.01,223372.07,223766.06
2026-08-15 00:00:00.000 Z,AFL/North Melbourne v Geelong Cats,35901070,MATCH_ODDS,260794291,Match Odds,39988,Geelong,WINNER,1,235,North Melbourne,Geelong,-15,110,125,1.38,1.4,199525.87,3.6,3.8,206385.93,1.11,1.35,221548.75,1.07,1.35,227811.33,264213.88
2026-08-15 00:00:00.000 Z,AFL/North Melbourne v Geelong Cats,35901070,MATCH_ODDS,260794291,Match Odds,3459613,North Melbourne,LOSER,0,235,North Melbourne,Geelong,-15,110,125,3.5,3.6,23717.65,1.35,1.38,30175.19,5.1,9,43303.39,2.3,5,44403.09,45053.94
2026-08-15 00:00:00.000 Z,AFL/Brisbane Lions v Gold Coast SUNS,35901072,MATCH_ODDS,260794773,Match Odds,42153,Brisbane,WINNER,1,148,Brisbane,Gold Coast,42,95,53,1.23,1.24,198451.52,1.2,1.33,205814.39,1.15,1.15,207450.75,1.01,1.1,212711.51,219032.44
2026-08-15 00:00:00.000 Z,AFL/Brisbane Lions v Gold Coast SUNS,35901072,MATCH_ODDS,260794773,Match Odds,4513766,Gold Coast,LOSER,0,148,Brisbane,Gold Coast,42,95,53,5.1,5.2,16854.8,4.6,5.5,17214.98,4.6,11.5,17479.44,14,1000,17758.64,17784.64
2026-08-15 00:00:00.000 Z,AFL/Hawthorn v Collingwood,35901074,MATCH_ODDS,260795268,Match Odds,217709,Collingwood,WINNER,1,184,Hawthorn,Collingwood,-0,92,92,3.6,3.65,33348.26,2.7,4.3,37007.21,1.7,2,55182.68,1.66,6.4,58619.43,63035.45
2026-08-15 00:00:00.000 Z,AFL/Hawthorn v Collingwood,35901074,MATCH_ODDS,260795268,Match Odds,39979,Hawthorn,WINNER,1,184,Hawthorn,Collingwood,-0,92,92,1.37,1.38,251914.9,1.37,1.47,271719.25,2.46,2.5,299396.73,1.18,1.14,313836.58,332516.62
2026-08-15 00:00:00.000 Z,AFL/Port Adelaide v Melbourne,35901075,MATCH_ODDS,260795742,Match Odds,298609,Melbourne,WINNER,1,188,Port Adelaide,Melbourne,-76,56,132,1.3,1.31,133131.69,1.02,1.05,146544.34,1.01,1.02,149253.36,,1.01,155791.56,155791.56
2026-08-15 00:00:00.000 Z,AFL/Port Adelaide v Melbourne,35901075,MATCH_ODDS,260795742,Match Odds,39978,Port Adelaide,LOSER,0,188,Port Adelaide,Melbourne,-76,56,132,4.3,4.4,17096.19,10.5,1000,18332.24,16,1000,18340.24,230,,18348.92,18354.48
2026-08-16 00:00:00.000 Z,AFL/GWS GIANTS v West Coast Eagles,35901086,MATCH_ODDS,260796216,Match Odds,5304641,GWS,WINNER,1,168,GWS,West Coast,54,111,57,1.22,1.23,301395.29,1.17,1.23,318995.7,1.02,1.03,331029.45,,1.01,338844.11,338844.11
2026-08-16 00:00:00.000 Z,AFL/GWS GIANTS v West Coast Eagles,35901086,MATCH_ODDS,260796216,Match Odds,39991,West Coast,LOSER,0,168,GWS,West Coast,54,111,57,5.4,6.4,20632.01,2.52,7.2,23290.49,14.5,990,23572.95,18.5,990,23614.26,23624.71
2026-08-16 00:00:00.000 Z,AFL/Western Bulldogs v Carlton,35901088,MATCH_ODDS,260796690,Match Odds,39980,Carlton,WINNER,1,164,Western Bulldogs,Carlton,-0,82,82,1.41,1.43,263475.79,1.19,1.43,278496.46,1.73,1.76,285327.1,1.31,1.7,293979.27,302435.42
2026-08-16 00:00:00.000 Z,AFL/Western Bulldogs v Carlton,35901088,MATCH_ODDS,260796690,Match Odds,39986,Western Bulldogs,WINNER,1,164,Western Bulldogs,Carlton,-0,82,82,3.3,3.4,45306.71,4.6,1000,46737.4,2.16,2.36,49160.62,1.75,2.78,57214.6,68853.05
2026-08-16 00:00:00.000 Z,AFL/Essendon v Sydney Swans,35901089,MATCH_ODDS,260797164,Match Odds,39977,Essendon,LOSER,0,188,Essendon,Sydney,-36,76,112,11.5,13,27112.29,10.5,1000,27138.83,10.5,1000,27209.86,14,1000,28582.86,28587.86
2026-08-16 00:00:00.000 Z,AFL/Essendon v Sydney Swans,35901089,MATCH_ODDS,260797164,Match Odds,39985,Sydney,WINNER,1,188,Essendon,Sydney,-36,76,112,1.08,1.09,438028.03,,1.01,446477.56,1.02,1.03,453283.11,,1.07,481690.48,481690.48
2026-08-20 00:00:00.000 Z,AFL/St Kilda v Gold Coast SUNS,35926431,MATCH_ODDS,260995478,Match Odds,4513766,Gold Coast,WINNER,1,183,St Kilda,Gold Coast,-23,80,103,2.8,2.84,35692.08,1.82,1.85,42546.82,1.52,1.59,58288.76,1.06,1.08,83405.82,100749.12
2026-08-20 00:00:00.000 Z,AFL/St Kilda v Gold Coast SUNS,35926431,MATCH_ODDS,260995478,Match Odds,39990,St Kilda,LOSER,0,183,St Kilda,Gold Coast,-23,80,103,1.55,1.56,238311.68,2,2.3,264029.07,2,2.8,272533.62,7,1000,273108.03,273261.12
2026-08-21 00:00:00.000 Z,AFL/Collingwood v Brisbane Lions,35926433,MATCH_ODDS,260995952,Match Odds,42153,Brisbane,WINNER,1,255,Collingwood,Brisbane,-63,96,159,1.44,1.45,795381.43,1.24,1.29,846220.57,1.06,1.07,877060.87,,1.01,889952.37,889952.37
2026-08-21 00:00:00.000 Z,AFL/Collingwood v Brisbane Lions,35926433,MATCH_ODDS,260995952,Match Odds,217709,Collingwood,LOSER,0,255,Collingwood,Brisbane,-63,96,159,3.15,3.25,120320.56,4.5,7.2,125015.44,2.94,1000,127283.47,1000,,127357.59,127367.59
2026-08-22 00:00:00.000 Z,AFL/Carlton v Fremantle,35926434,MATCH_ODDS,260996426,Match Odds,39980,Carlton,WINNER,1,201,Carlton,Fremantle,37,119,82,2.54,2.58,26029.73,2.34,1000,28820.17,1.72,1.8,42222.62,1.08,1.11,65780.4,72209.15
2026-08-22 00:00:00.000 Z,AFL/Carlton v Fremantle,35926434,MATCH_ODDS,260996426,Match Odds,39992,Fremantle,LOSER,0,201,Carlton,Fremantle,37,119,82,1.63,1.64,158011.2,1.52,1.54,175307.95,2.1,2.38,188843.5,1.89,1000,192582.88,192686.6
2026-08-22 00:00:00.000 Z,AFL/Melbourne v Western Bulldogs,35926436,MATCH_ODDS,260996900,Match Odds,298609,Melbourne,LOSER,0,195,Melbourne,Western Bulldogs,-21,87,108,1.42,1.43,153963.43,1.85,2.2,174937.15,1.81,1.9,176762.37,2.8,3.6,180599.65,181735
2026-08-22 00:00:00.000 Z,AFL/Melbourne v Western Bulldogs,35926436,MATCH_ODDS,260996900,Match Odds,39986,Western Bulldogs,WINNER,1,195,Melbourne,Western Bulldogs,-21,87,108,3.3,3.4,18604.77,1.63,1.88,31167.17,1.62,2.4,33664.46,1.46,1.55,92963.84,122644.58
2026-08-22 00:00:00.000 Z,AFL/Geelong Cats v Richmond,35926437,MATCH_ODDS,260997376,Match Odds,39988,Geelong,WINNER,1,209,Geelong,Richmond,57,133,76,1.01,1.02,344361.43,,1.01,358900.16,,1.01,358900.16,,1.01,358900.16,358900.16
2026-08-22 00:00:00.000 Z,AFL/Geelong Cats v Richmond,35926437,MATCH_ODDS,260997376,Match Odds,39981,Richmond,LOSER,0,209,Geelong,Richmond,57,133,76,70,75,4227.45,44,200,4282.77,44,1000,4284.3,1000,,4285.8,4285.8
2026-08-22 00:00:00.000 Z,AFL/Adelaide Crows v GWS GIANTS,35926445,MATCH_ODDS,260997850,Match Odds,39982,Adelaide,WINNER,1,258,Adelaide,GWS,56,157,101,1.34,1.35,369323.86,1.01,1.02,385697.82,1.04,1.15,391757.87,,1.01,401067.96,401142.54
2026-08-22 00:00:00.000 Z,AFL/Adelaide Crows v GWS GIANTS,35926445,MATCH_ODDS,260997850,Match Odds,5304641,GWS,LOSER,0,258,Adelaide,GWS,56,157,101,3.85,3.9,39609.74,13,100,39874.05,15.5,990,39953.02,16,990,40080.19,40087.84
2026-08-23 00:00:00.000 Z,AFL/Sydney Swans v North Melbourne,35926447,MATCH_ODDS,260998324,Match Odds,3459613,North Melbourne,LOSER,0,193,Sydney,North Melbourne,53,123,70,2.46,2.64,113246.54,3,3,114832.16,3.4,990,116132.44,3.4,12,116741.85,116923.02
2026-08-23 00:00:00.000 Z,AFL/Sydney Swans v North Melbourne,35926447,MATCH_ODDS,260998324,Match Odds,39985,Sydney,WINNER,1,193,Sydney,North Melbourne,53,123,70,1.66,1.71,296662.39,1.48,1.49,311127.36,1.1,1.11,341178.81,1.05,1.1,350361.28,357786.38
2026-08-23 00:00:00.000 Z,AFL/Essendon v Port Adelaide,35926448,MATCH_ODDS,260998798,Match Odds,39977,Essendon,LOSER,0,200,Essendon,Port Adelaide,-10,95,105,2.26,2.28,71317.33,2,2.48,82037.4,3.8,4.3,87519.03,1.63,2,97007.09,109645.98
2026-08-23 00:00:00.000 Z,AFL/Essendon v Port Adelaide,35926448,MATCH_ODDS,260998798,Match Odds,39978,Port Adelaide,WINNER,1,200,Essendon,Port Adelaide,-10,95,105,1.78,1.79,95810.36,1.52,2.1,109519.21,1.31,1.32,124451.4,1.34,2.74,133201.22,152445.69
2026-08-23 00:00:00.000 Z,AFL/West Coast Eagles v Hawthorn,35926449,MATCH_ODDS,260999272,Match Odds,39979,Hawthorn,WINNER,1,152,West Coast,Hawthorn,-62,45,107,1.12,1.13,986386.79,1.01,1.04,1044791.89,,1.01,1048780.01,,1.01,1048781.91,1048791.42
2026-08-23 00:00:00.000 Z,AFL/West Coast Eagles v Hawthorn,35926449,MATCH_ODDS,260999272,Match Odds,39991,West Coast,LOSER,0,152,West Coast,Hawthorn,-62,45,107,8.6,8.8,53017.66,27,990,55071.4,170,990,55094.85,170,1000,55102.36,55110.82
2026-08-28 00:00:00.000 Z,AFL/Western Bulldogs v Collingwood,35969195,MATCH_ODDS,261398477,Match Odds,217709,Collingwood,LOSER,0,189,Western Bulldogs,Collingwood,3,96,93,2.16,2.2,158944.59,2.2,2.9,170558.07,3,3.1,174919.03,3.65,4.2,180097.84,195666.98
2026-08-28 00:00:00.000 Z,AFL/Western Bulldogs v Collingwood,35969195,MATCH_ODDS,261398477,Match Odds,39986,Western Bulldogs,WINNER,1,189,Western Bulldogs,Collingwood,3,96,93,1.84,1.85,354489.23,1.74,1.9,379096.07,1.47,1.48,403226.97,1.38,1.39,422721.71,443855.1
2026-08-29 00:00:00.000 Z,AFL/Melbourne v Carlton,35970111,MATCH_ODDS,261398963,Match Odds,39980,Carlton,WINNER,1,129,Melbourne,Carlton,-19,55,74,1.95,1.96,490580.9,3,3.2,535093.05,1.96,1.98,547877.74,1.68,1.71,559104.9,617713.04
2026-08-29 00:00:00.000 Z,AFL/Melbourne v Carlton,35970111,MATCH_ODDS,261398963,Match Odds,298609,Melbourne,LOSER,0,129,Melbourne,Carlton,-19,55,74,2.04,2.06,153033.6,1.42,1.5,204175.55,1.9,2.1,211527.42,1.72,2.52,220415.7,231388.24
