EVENT_DATE,PATH,EVENT_ID,MARKET_TYPE,MARKET_ID,MARKET_NAME,SELECTION_ID,RUNNER_NAME,HANDICAP,RUNNER_STATUS,IS_WINNER,TOTAL_POINTS,HOME_TEAM,AWAY_TEAM,HOME_MARGIN,HOME_SCORE,AWAY_SCORE,BEST_BACK_PRICE_60_MIN_PRIOR,BEST_LAY_PRICE_60_MIN_PRIOR,MATCHED_VOLUME_60_MIN_PRIOR,BEST_BACK_PRICE_30_MIN_PRIOR,BEST_LAY_PRICE_30_MIN_PRIOR,MATCHED_VOLUME_30_MIN_PRIOR,BEST_BACK_PRICE_1_MIN_PRIOR,BEST_LAY_PRICE_1_MIN_PRIOR,MATCHED_VOLUME_1_MIN_PRIOR,TOTAL_MATCHED_VOLUME,LAST_PREPLAY_PRICE
2026-08-09 00:00:00.000 Z,Women's AFL/St Kilda (W) v Carlton (W),35909237,HANDICAP,260833744,Handicap,26814175,St Kilda (W),-59.5,LOSER,0,106,St Kilda (W),v Carlton (W),-26,40,66,1.01,,,1.01,,,1.01,,,,
2026-08-09 00:00:00.000 Z,Women's AFL/St Kilda (W) v Carlton (W),35909237,HANDICAP,260833744,Handicap,12443132,Carlton (W),-59.5,LOSER,0,106,St Kilda (W),v Carlton (W),-26,40,66,1.01,,,1.01,,,1.01,,,,
2026-08-09 00:00:00.000 Z,Women's AFL/St Kilda (W) v Carlton (W),35909237,HANDICAP,260833744,Handicap,26814175,St Kilda (W),-58.5,LOSER,0,106,St Kilda (W),v Carlton (W),-26,40,66,1.01,,,1.01,,,1.01,,,,
2026-08-09 00:00:00.000 Z,Women's AFL/St Kilda (W) v Carlton (W),35909237,HANDICAP,260833744,Handicap,12443132,Carlton (W),-58.5,LOSER,0,106,St Kilda (W),v Carlton (W),-26,40,66,1.01,,,1.01,,,1.01,,,,
2026-08-09 00:00:00.000 Z,Women's AFL/St Kilda (W) v Carlton (W),35909237,HANDICAP,260833744,Handicap,26814175,St Kilda (W),-57.5,LOSER,0,106,St Kilda (W),v Carlton (W),-26,40,66,1.01,,,1.01,,,1.01,,,,
2026-08-09 00:00:00.000 Z,Women's AFL/St Kilda (W) v Carlton (W),35909237,HANDICAP,260833744,Handicap,12443132,Carlton (W),-57.5,LOSER,0,106,St Kilda (W),v Carlton (W),-26,40,66,1.01,,,1.01,,,1.01,,,,
2026-08-09 00:00:00.000 Z,Women's AFL/St Kilda (W) v Carlton (W),35909237,HANDICAP,260833744,Handicap,12443132,Carlton (W),-56.5,LOSER,0,106,St Kilda (W),v Carlton (W),-26,40,66,1.01,,,1.01,,,1.01,,,,
2026-08-09 00:00:00.000 Z,Women's AFL/St Kilda (W) v Carlton (W),35909237,HANDICAP,260833744,Handicap,26814175,St Kilda (W),-56.5,LOSER,0,106,St Kilda (W),v Carlton (W),-26,40,66,1.01,,,1.01,,,1.01,,,,
2026-08-09 00:00:00.000 Z,Women's AFL/St Kilda (W) v Carlton (W),35909237,HANDICAP,260833744,Handicap,26814175,St Kilda (W),-55.5,LOSER,0,106,St Kilda (W),v Carlton (W),-26,40,66,1.01,,,1.01,,,1.01,,,,
2026-08-09 00:00:00.000 Z,Women's AFL/St Kilda (W) v Carlton (W),35909237,HANDICAP,260833744,Handicap,12443132,Carlton (W),-55.5,LOSER,0,106,St Kilda (W),v Carlton (W),-26,40,66,1.01,,,1.01,,,1.01,,,,
2026-08-09 00:00:00.000 Z,Women's AFL/St Kilda (W) v Carlton (W),35909237,HANDICAP,260833744,Handicap,26814175,St Kilda (W),-54.5,LOSER,0,106,St Kilda (W),v Carlton (W),-26,40,66,1.01,,,1.01,,,1.01,,,,
2026-08-09 00:00:00.000 Z,Women's AFL/St Kilda (W) v Carlton (W),35909237,HANDICAP,260833744,Handicap,12443132,Carlton (W),-54.5,LOSER,0,106,St Kilda (W),v Carlton (W),-26,40,66,1.01,,,1.01,,,1.01,,,,
2026-08-09 00:00:00.000 Z,Women's AFL/St Kilda (W) v Carlton (W),35909237,HANDICAP,260833744,Handicap,26814175,St Kilda (W),-53.5,LOSER,0,106,St Kilda (W),v Carlton (W),-26,40,66,1.01,,,1.01,,,1.01,,,,
2026-08-09 00:00:00.000 Z,Women's AFL/St Kilda (W) v Carlton (W),35909237,HANDICAP,260833744,Handicap,12443132,Carlton (W),-53.5,LOSER,0,106,St Kilda (W),v Carlton (W),-26,40,66,1.01,,,1.01,,,1.01,,,,
2026-08-09 00:00:00.000 Z,Women's AFL/St Kilda (W) v Carlton (W),35909237,HANDICAP,260833744,Handicap,12443132,Carlton (W),-52.5,LOSER,0,106,St Kilda (W),v Carlton (W),-26,40,66,1.01,,,1.01,,,1.01,,,,
2026-08-09 00:00:00.000 Z,Women's AFL/St Kilda (W) v Carlton (W),35909237,HANDICAP,260833744,Handicap,26814175,St Kilda (W),-52.5,LOSER,0,106,St Kilda (W),v Carlton (W),-26,40,66,1.01,,,1.01,,,1.01,,,,
2026-08-09 00:00:00.000 Z,Women's AFL/St Kilda (W) v Carlton (W),35909237,HANDICAP,260833744,Handicap,26814175,St Kilda (W),-51.5,LOSER,0,106,St Kilda (W),v Carlton (W),-26,40,66,1.01,,,1.01,,,1.01,,,,
2026-08-09 00:00:00.000 Z,Women's AFL/St Kilda (W) v Carlton (W),35909237,HANDICAP,260833744,Handicap,12443132,Carlton (W),-51.5,LOSER,0,106,St Kilda (W),v Carlton (W),-26,40,66,1.01,,,1.01,,,1.01,,,,
2026-08-09 00:00:00.000 Z,Women's AFL/St Kilda (W) v Carlton (W),35909237,HANDICAP,260833744,Handicap,26814175,St Kilda (W),-50.5,LOSER,0,106,St Kilda (W),v Carlton (W),-26,40,66,1.01,,,1.01,,,1.01,,,,
2026-08-09 00:00:00.000 Z,Women's AFL/St Kilda (W) v Carlton (W),35909237,HANDICAP,260833744,Handicap,12443132,Carlton (W),-50.5,LOSER,0,106,St Kilda (W),v Carlton (W),-26,40,66,1.01,,,1.01,,,1.01,,,,
2026-08-09 00:00:00.000 Z,Women's AFL/St Kilda (W) v Carlton (W),35909237,HANDICAP,260833744,Handicap,26814175,St Kilda (W),-49.5,LOSER,0,106,St Kilda (W),v Carlton (W),-26,40,66,1.01,,,1.01,,,1.01,,,,
2026-08-09 00:00:00.000 Z,Women's AFL/St Kilda (W) v Carlton (W),35909237,HANDICAP,260833744,Handicap,12443132,Carlton (W),-49.5,LOSER,0,106,St Kilda (W),v Carlton (W),-26,40,66,1.01,,,1.01,,,1.01,,,,
2026-08-09 00:00:00.000 Z,Women's AFL/St Kilda (W) v Carlton (W),35909237,HANDICAP,260833744,Handicap,26814175,St Kilda (W),-48.5,LOSER,0,106,St Kilda (W),v Carlton (W),-26,40,66,1.01,,,1.01,,,1.01,,,,
2026-08-09 00:00:00.000 Z,Women's AFL/St Kilda (W) v Carlton (W),35909237,HANDICAP,260833744,Handicap,12443132,Carlton (W),-48.5,LOSER,0,106,St Kilda (W),v Carlton (W),-26,40,66,1.01,,,1.01,,,1.01,,,,
2026-08-09 00:00:00.000 Z,Women's AFL/St Kilda (W) v Carlton (W),35909237,HANDICAP,260833744,Handicap,12443132,Carlton (W),-47.5,LOSER,0,106,St Kilda (W),v Carlton (W),-26,40,66,1.01,,,1.01,,,1.01,,,,
2026-08-09 00:00:00.000 Z,Women's AFL/St Kilda (W) v Carlton (W),35909237,HANDICAP,260833744,Handicap,26814175,St Kilda (W),-47.5,LOSER,0,106,St Kilda (W),v Carlton (W),-26,40,66,1.01,,,1.01,,,1.01,,,,
2026-08-09 00:00:00.000 Z,Women's AFL/St Kilda (W) v Carlton (W),35909237,HANDICAP,260833744,Handicap,26814175,St Kilda (W),-46.5,LOSER,0,106,St Kilda (W),v Carlton (W),-26,40,66,1.01,,,1.01,,,1.01,,,,
2026-08-09 00:00:00.000 Z,Women's AFL/St Kilda (W) v Carlton (W),35909237,HANDICAP,260833744,Handicap,12443132,Carlton (W),-46.5,LOSER,0,106,St Kilda (W),v Carlton (W),-26,40,66,1.01,,,1.01,,,1.01,,,,
2026-08-09 00:00:00.000 Z,Women's AFL/St Kilda (W) v Carlton (W),35909237,HANDICAP,260833744,Handicap,26814175,St Kilda (W),-45.5,LOSER,0,106,St Kilda (W),v Carlton (W),-26,40,66,1.01,,,1.01,,,1.01,,,,
2026-08-09 00:00:00.000 Z,Women's AFL/St Kilda (W) v Carlton (W),35909237,HANDICAP,260833744,Handicap,12443132,Carlton (W),-45.5,LOSER,0,106,St Kilda (W),v Carlton (W),-26,40,66,1.01,,,1.01,,,1.01,,,,
2026-08-09 00:00:00.000 Z,Women's AFL/St Kilda (W) v Carlton (W),35909237,HANDICAP,260833744,Handicap,12443132,Carlton (W),-44.5,LOSER,0,106,St Kilda (W),v Carlton (W),-26,40,66,1.01,,,1.01,,,1.01,,,,
2026-08-09 00:00:00.000 Z,Women's AFL/St Kilda (W) v Carlton (W),35909237,HANDICAP,260833744,Handicap,26814175,St Kilda (W),-44.5,LOSER,0,106,St Kilda (W),v Carlton (W),-26,40,66,1.01,,,1.01,,,1.01,,,,
2026-08-09 00:00:00.000 Z,Women's AFL/St Kilda (W) v Carlton (W),35909237,HANDICAP,260833744,Handicap,12443132,Carlton (W),-43.5,LOSER,0,106,St Kilda (W),v Carlton (W),-26,40,66,1.01,,,1.01,,,1.01,,,,
2026-08-09 00:00:00.000 Z,Women's AFL/St Kilda (W) v Carlton (W),35909237,HANDICAP,260833744,Handicap,26814175,St Kilda (W),-43.5,LOSER,0,106,St Kilda (W),v Carlton (W),-26,40,66,1.01,,,1.01,,,1.01,,,,
2026-08-09 00:00:00.000 Z,Women's AFL/St Kilda (W) v Carlton (W),35909237,HANDICAP,260833744,Handicap,12443132,Carlton (W),-42.5,LOSER,0,106,St Kilda (W),v Carlton (W),-26,40,66,1.01,,,1.01,,,1.01,,,,
2026-08-09 00:00:00.000 Z,Women's AFL/St Kilda (W) v Carlton (W),35909237,HANDICAP,260833744,Handicap,26814175,St Kilda (W),-42.5,LOSER,0,106,St Kilda (W),v Carlton (W),-26,40,66,1.01,,,1.01,,,1.01,,,,
2026-08-09 00:00:00.000 Z,Women's AFL/St Kilda (W) v Carlton (W),35909237,HANDICAP,260833744,Handicap,12443132,Carlton (W),-41.5,LOSER,0,106,St Kilda (W),v Carlton (W),-26,40,66,1.01,,,1.01,,,1.01,,,,
2026-08-09 00:00:00.000 Z,Women's AFL/St Kilda (W) v Carlton (W),35909237,HANDICAP,260833744,Handicap,26814175,St Kilda (W),-41.5,LOSER,0,106,St Kilda (W),v Carlton (W),-26,40,66,1.01,,,1.01,,,1.01,,,,
2026-08-09 00:00:00.000 Z,Women's AFL/St Kilda (W) v Carlton (W),35909237,HANDICAP,260833744,Handicap,26814175,St Kilda (W),-40.5,LOSER,0,106,St Kilda (W),v Carlton (W),-26,40,66,1.01,,,1.01,,,1.01,,,,
2026-08-09 00:00:00.000 Z,Women's AFL/St Kilda (W) v Carlton (W),35909237,HANDICAP,260833744,Handicap,12443132,Carlton (W),-40.5,LOSER,0,106,St Kilda (W),v Carlton (W),-26,40,66,1.01,,,1.01,,,1.01,,,,
2026-08-09 00:00:00.000 Z,Women's AFL/St Kilda (W) v Carlton (W),35909237,HANDICAP,260833744,Handicap,26814175,St Kilda (W),-39.5,LOSER,0,106,St Kilda (W),v Carlton (W),-26,40,66,1.01,,,1.01,,,1.01,,,,
2026-08-09 00:00:00.000 Z,Women's AFL/St Kilda (W) v Carlton (W),35909237,HANDICAP,260833744,Handicap,12443132,Carlton (W),-39.5,LOSER,0,106,St Kilda (W),v Carlton (W),-26,40,66,1.01,,,1.01,,,1.01,,,,
2026-08-09 00:00:00.000 Z,Women's AFL/St Kilda (W) v Carlton (W),35909237,HANDICAP,260833744,Handicap,12443132,Carlton (W),-38.5,LOSER,0,106,St Kilda (W),v Carlton (W),-26,40,66,1.01,,,1.01,,,1.01,,,,
2026-08-09 00:00:00.000 Z,Women's AFL/St Kilda (W) v Carlton (W),35909237,HANDICAP,260833744,Handicap,26814175,St Kilda (W),-38.5,LOSER,0,106,St Kilda (W),v Carlton (W),-26,40,66,1.01,,,1.01,,,1.01,,,,
2026-08-09 00:00:00.000 Z,Women's AFL/St Kilda (W) v Carlton (W),35909237,HANDICAP,260833744,Handicap,12443132,Carlton (W),-37.5,LOSER,0,106,St Kilda (W),v Carlton (W),-26,40,66,1.01,,,1.01,,,1.01,,,,
2026-08-09 00:00:00.000 Z,Women's AFL/St Kilda (W) v Carlton (W),35909237,HANDICAP,260833744,Handicap,26814175,St Kilda (W),-37.5,LOSER,0,106,St Kilda (W),v Carlton (W),-26,40,66,1.01,,,1.01,,,1.01,,,,
2026-08-09 00:00:00.000 Z,Women's AFL/St Kilda (W) v Carlton (W),35909237,HANDICAP,260833744,Handicap,26814175,St Kilda (W),-36.5,LOSER,0,106,St Kilda (W),v Carlton (W),-26,40,66,1.01,,,1.01,,,1.01,,,,
2026-08-09 00:00:00.000 Z,Women's AFL/St Kilda (W) v Carlton (W),35909237,HANDICAP,260833744,Handicap,12443132,Carlton (W),-36.5,LOSER,0,106,St Kilda (W),v Carlton (W),-26,40,66,1.01,,,1.01,,,1.01,,,,
2026-08-09 00:00:00.000 Z,Women's AFL/St Kilda (W) v Carlton (W),35909237,HANDICAP,260833744,Handicap,12443132,Carlton (W),-35.5,LOSER,0,106,St Kilda (W),v Carlton (W),-26,40,66,1.01,,,1.01,,,1.01,,,,
2026-08-09 00:00:00.000 Z,Women's AFL/St Kilda (W) v Carlton (W),35909237,HANDICAP,260833744,Handicap,26814175,St Kilda (W),-35.5,LOSER,0,106,St Kilda (W),v Carlton (W),-26,40,66,1.01,,,1.01,,,1.01,,,,
2026-08-09 00:00:00.000 Z,Women's AFL/St Kilda (W) v Carlton (W),35909237,HANDICAP,260833744,Handicap,26814175,St Kilda (W),-34.5,LOSER,0,106,St Kilda (W),v Carlton (W),-26,40,66,1.01,,,1.01,,,1.01,,,,
2026-08-09 00:00:00.000 Z,Women's AFL/St Kilda (W) v Carlton (W),35909237,HANDICAP,260833744,Handicap,12443132,Carlton (W),-34.5,LOSER,0,106,St Kilda (W),v Carlton (W),-26,40,66,1.01,,,1.01,,,1.01,,,,
2026-08-09 00:00:00.000 Z,Women's AFL/St Kilda (W) v Carlton (W),35909237,HANDICAP,260833744,Handicap,12443132,Carlton (W),-33.5,LOSER,0,106,St Kilda (W),v Carlton (W),-26,40,66,1.01,,,1.01,,,1.01,,,,
2026-08-09 00:00:00.000 Z,Women's AFL/St Kilda (W) v Carlton (W),35909237,HANDICAP,260833744,Handicap,26814175,St Kilda (W),-33.5,LOSER,0,106,St Kilda (W),v Carlton (W),-26,40,66,1.01,,,1.01,,,1.01,,,,
2026-08-09 00:00:00.000 Z,Women's AFL/St Kilda (W) v Carlton (W),35909237,HANDICAP,260833744,Handicap,12443132,Carlton (W),-32.5,LOSER,0,106,St Kilda (W),v Carlton (W),-26,40,66,1.01,,,1.01,,,1.01,,,,
2026-08-09 00:00:00.000 Z,Women's AFL/St Kilda (W) v Carlton (W),35909237,HANDICAP,260833744,Handicap,26814175,St Kilda (W),-32.5,LOSER,0,106,St Kilda (W),v Carlton (W),-26,40,66,1.01,,,1.01,,,1.01,,,,
2026-08-09 00:00:00.000 Z,Women's AFL/St Kilda (W) v Carlton (W),35909237,HANDICAP,260833744,Handicap,26814175,St Kilda (W),-31.5,LOSER,0,106,St Kilda (W),v Carlton (W),-26,40,66,1.01,,,1.01,,,1.01,,,,
2026-08-09 00:00:00.000 Z,Women's AFL/St Kilda (W) v Carlton (W),35909237,HANDICAP,260833744,Handicap,12443132,Carlton (W),-31.5,LOSER,0,106,St Kilda (W),v Carlton (W),-26,40,66,1.01,,,1.01,,,1.01,,,,
2026-08-09 00:00:00.000 Z,Women's AFL/St Kilda (W) v Carlton (W),35909237,HANDICAP,260833744,Handicap,12443132,Carlton (W),-30.5,LOSER,0,106,St Kilda (W),v Carlton (W),-26,40,66,1.01,,,1.01,,,1.01,,,,
2026-08-09 00:00:00.000 Z,Women's AFL/St Kilda (W) v Carlton (W),35909237,HANDICAP,260833744,Handicap,26814175,St Kilda (W),-30.5,LOSER,0,106,St Kilda (W),v Carlton (W),-26,40,66,1.01,,,1.01,,,1.01,,,,
2026-08-09 00:00:00.000 Z,Women's AFL/St Kilda (W) v Carlton (W),35909237,HANDICAP,260833744,Handicap,26814175,St Kilda (W),-29.5,LOSER,0,106,St Kilda (W),v Carlton (W),-26,40,66,1.01,,,1.01,,,1.01,,,,
2026-08-09 00:00:00.000 Z,Women's AFL/St Kilda (W) v Carlton (W),35909237,HANDICAP,260833744,Handicap,12443132,Carlton (W),-29.5,LOSER,0,106,St Kilda (W),v Carlton (W),-26,40,66,1.01,,,1.01,,,1.01,,,,
2026-08-09 00:00:00.000 Z,Women's AFL/St Kilda (W) v Carlton (W),35909237,HANDICAP,260833744,Handicap,12443132,Carlton (W),-28.5,LOSER,0,106,St Kilda (W),v Carlton (W),-26,40,66,1.01,,,1.01,,,1.01,,,,
2026-08-09 00:00:00.000 Z,Women's AFL/St Kilda (W) v Carlton (W),35909237,HANDICAP,260833744,Handicap,26814175,St Kilda (W),-28.5,LOSER,0,106,St Kilda (W),v Carlton (W),-26,40,66,1.01,,,1.01,,,1.01,,,,
2026-08-09 00:00:00.000 Z,Women's AFL/St Kilda (W) v Carlton (W),35909237,HANDICAP,260833744,Handicap,26814175,St Kilda (W),-27.5,LOSER,0,106,St Kilda (W),v Carlton (W),-26,40,66,1.01,,,1.01,,,1.01,,,,
2026-08-09 00:00:00.000 Z,Women's AFL/St Kilda (W) v Carlton (W),35909237,HANDICAP,260833744,Handicap,12443132,Carlton (W),-27.5,LOSER,0,106,St Kilda (W),v Carlton (W),-26,40,66,1.01,,,1.01,,,1.01,,,,
2026-08-09 00:00:00.000 Z,Women's AFL/St Kilda (W) v Carlton (W),35909237,HANDICAP,260833744,Handicap,12443132,Carlton (W),-26.5,LOSER,0,106,St Kilda (W),v Carlton (W),-26,40,66,1.01,,,1.01,,,1.01,,,,
2026-08-09 00:00:00.000 Z,Women's AFL/St Kilda (W) v Carlton (W),35909237,HANDICAP,260833744,Handicap,26814175,St Kilda (W),-26.5,LOSER,0,106,St Kilda (W),v Carlton (W),-26,40,66,1.01,,,1.01,,,1.01,,,,
2026-08-09 00:00:00.000 Z,Women's AFL/St Kilda (W) v Carlton (W),35909237,HANDICAP,260833744,Handicap,26814175,St Kilda (W),-25.5,LOSER,0,106,St Kilda (W),v Carlton (W),-26,40,66,1.01,,,1.01,,,1.01,,,,
2026-08-09 00:00:00.000 Z,Women's AFL/St Kilda (W) v Carlton (W),35909237,HANDICAP,260833744,Handicap,12443132,Carlton (W),-25.5,WINNER,1,106,St Kilda (W),v Carlton (W),-26,40,66,3.8,,,3.8,,,1.01,,,,
2026-08-09 00:00:00.000 Z,Women's AFL/St Kilda (W) v Carlton (W),35909237,HANDICAP,260833744,Handicap,26814175,St Kilda (W),-24.5,LOSER,0,106,St Kilda (W),v Carlton (W),-26,40,66,1.01,,,1.01,,,1.01,,,,
2026-08-09 00:00:00.000 Z,Women's AFL/St Kilda (W) v Carlton (W),35909237,HANDICAP,260833744,Handicap,12443132,Carlton (W),-24.5,WINNER,1,106,St Kilda (W),v Carlton (W),-26,40,66,1.01,,,1.01,,,1.01,,,,
2026-08-09 00:00:00.000 Z,Women's AFL/St Kilda (W) v Carlton (W),35909237,HANDICAP,260833744,Handicap,26814175,St Kilda (W),-23.5,LOSER,0,106,St Kilda (W),v Carlton (W),-26,40,66,1.01,,,1.01,,,1.01,,,,
2026-08-09 00:00:00.000 Z,Women's AFL/St Kilda (W) v Carlton (W),35909237,HANDICAP,260833744,Handicap,12443132,Carlton (W),-23.5,WINNER,1,106,St Kilda (W),v Carlton (W),-26,40,66,1.01,,,1.01,,,1.01,,,,
2026-08-09 00:00:00.000 Z,Women's AFL/St Kilda (W) v Carlton (W),35909237,HANDICAP,260833744,Handicap,26814175,St Kilda (W),-22.5,LOSER,0,106,St Kilda (W),v Carlton (W),-26,40,66,1.01,,,1.01,,,1.01,,,,
2026-08-09 00:00:00.000 Z,Women's AFL/St Kilda (W) v Carlton (W),35909237,HANDICAP,260833744,Handicap,12443132,Carlton (W),-22.5,WINNER,1,106,St Kilda (W),v Carlton (W),-26,40,66,1.01,,,1.01,,,1.01,,,,
2026-08-09 00:00:00.000 Z,Women's AFL/St Kilda (W) v Carlton (W),35909237,HANDICAP,260833744,Handicap,26814175,St Kilda (W),-21.5,LOSER,0,106,St Kilda (W),v Carlton (W),-26,40,66,1.01,,,1.01,,,1.01,,,,
2026-08-09 00:00:00.000 Z,Women's AFL/St Kilda (W) v Carlton (W),35909237,HANDICAP,260833744,Handicap,12443132,Carlton (W),-21.5,WINNER,1,106,St Kilda (W),v Carlton (W),-26,40,66,1.01,,,1.01,,,1.01,,,,
2026-08-09 00:00:00.000 Z,Women's AFL/St Kilda (W) v Carlton (W),35909237,HANDICAP,260833744,Handicap,26814175,St Kilda (W),-20.5,LOSER,0,106,St Kilda (W),v Carlton (W),-26,40,66,1.01,,,1.01,,,1.01,,,,
2026-08-09 00:00:00.000 Z,Women's AFL/St Kilda (W) v Carlton (W),35909237,HANDICAP,260833744,Handicap,12443132,Carlton (W),-20.5,WINNER,1,106,St Kilda (W),v Carlton (W),-26,40,66,1.01,,,1.01,,,1.01,,,,
2026-08-09 00:00:00.000 Z,Women's AFL/St Kilda (W) v Carlton (W),35909237,HANDICAP,260833744,Handicap,26814175,St Kilda (W),-19.5,LOSER,0,106,St Kilda (W),v Carlton (W),-26,40,66,1.01,,,1.01,,,1.01,,,,
2026-08-09 00:00:00.000 Z,Women's AFL/St Kilda (W) v Carlton (W),35909237,HANDICAP,260833744,Handicap,12443132,Carlton (W),-19.5,WINNER,1,106,St Kilda (W),v Carlton (W),-26,40,66,2.8,,,2.8,,,1.01,,,,
2026-08-09 00:00:00.000 Z,Women's AFL/St Kilda (W) v Carlton (W),35909237,HANDICAP,260833744,Handicap,26814175,St Kilda (W),-18.5,LOSER,0,106,St Kilda (W),v Carlton (W),-26,40,66,1.01,,,1.01,,,1.01,,,,
2026-08-09 00:00:00.000 Z,Women's AFL/St Kilda (W) v Carlton (W),35909237,HANDICAP,260833744,Handicap,12443132,Carlton (W),-18.5,WINNER,1,106,St Kilda (W),v Carlton (W),-26,40,66,1.01,,,1.01,,,1.01,,,,
2026-08-09 00:00:00.000 Z,Women's AFL/St Kilda (W) v Carlton (W),35909237,HANDICAP,260833744,Handicap,26814175,St Kilda (W),-17.5,LOSER,0,106,St Kilda (W),v Carlton (W),-26,40,66,1.01,,,1.01,,,1.01,,,,
2026-08-09 00:00:00.000 Z,Women's AFL/St Kilda (W) v Carlton (W),35909237,HANDICAP,260833744,Handicap,12443132,Carlton (W),-17.5,WINNER,1,106,St Kilda (W),v Carlton (W),-26,40,66,1.01,,,1.01,,,1.01,,,,
2026-08-09 00:00:00.000 Z,Women's AFL/St Kilda (W) v Carlton (W),35909237,HANDICAP,260833744,Handicap,26814175,St Kilda (W),-16.5,LOSER,0,106,St Kilda (W),v Carlton (W),-26,40,66,1.01,,,1.01,,,1.01,,,,
2026-08-09 00:00:00.000 Z,Women's AFL/St Kilda (W) v Carlton (W),35909237,HANDICAP,260833744,Handicap,12443132,Carlton (W),-16.5,WINNER,1,106,St Kilda (W),v Carlton (W),-26,40,66,1.01,,,1.01,,,1.01,,,,
2026-08-09 00:00:00.000 Z,Women's AFL/St Kilda (W) v Carlton (W),35909237,HANDICAP,260833744,Handicap,26814175,St Kilda (W),-15.5,LOSER,0,106,St Kilda (W),v Carlton (W),-26,40,66,1.01,,,1.01,,,1.01,,,,
2026-08-09 00:00:00.000 Z,Women's AFL/St Kilda (W) v Carlton (W),35909237,HANDICAP,260833744,Handicap,12443132,Carlton (W),-15.5,WINNER,1,106,St Kilda (W),v Carlton (W),-26,40,66,1.01,,,1.01,,,1.01,,,,
2026-08-09 00:00:00.000 Z,Women's AFL/St Kilda (W) v Carlton (W),35909237,HANDICAP,260833744,Handicap,26814175,St Kilda (W),-14.5,LOSER,0,106,St Kilda (W),v Carlton (W),-26,40,66,1.01,,,1.01,,,1.01,,,,
2026-08-09 00:00:00.000 Z,Women's AFL/St Kilda (W) v Carlton (W),35909237,HANDICAP,260833744,Handicap,12443132,Carlton (W),-14.5,WINNER,1,106,St Kilda (W),v Carlton (W),-26,40,66,1.01,,,1.01,,,1.01,,,,
2026-08-09 00:00:00.000 Z,Women's AFL/St Kilda (W) v Carlton (W),35909237,HANDICAP,260833744,Handicap,26814175,St Kilda (W),-13.5,LOSER,0,106,St Kilda (W),v Carlton (W),-26,40,66,1.01,,,1.01,,,1.01,,,,
2026-08-09 00:00:00.000 Z,Women's AFL/St Kilda (W) v Carlton (W),35909237,HANDICAP,260833744,Handicap,12443132,Carlton (W),-13.5,WINNER,1,106,St Kilda (W),v Carlton (W),-26,40,66,2.14,,,2.14,,,1.01,,,,
2026-08-09 00:00:00.000 Z,Women's AFL/St Kilda (W) v Carlton (W),35909237,HANDICAP,260833744,Handicap,26814175,St Kilda (W),-12.5,LOSER,0,106,St Kilda (W),v Carlton (W),-26,40,66,1.01,,,1.01,,,1.01,,,,
2026-08-09 00:00:00.000 Z,Women's AFL/St Kilda (W) v Carlton (W),35909237,HANDICAP,260833744,Handicap,12443132,Carlton (W),-12.5,WINNER,1,106,St Kilda (W),v Carlton (W),-26,40,66,1.01,,,1.01,,,1.01,,,,
2026-08-09 00:00:00.000 Z,Women's AFL/St Kilda (W) v Carlton (W),35909237,HANDICAP,260833744,Handicap,26814175,St Kilda (W),-11.5,LOSER,0,106,St Kilda (W),v Carlton (W),-26,40,66,1.01,,,1.01,,,1.01,,,,
2026-08-09 00:00:00.000 Z,Women's AFL/St Kilda (W) v Carlton (W),35909237,HANDICAP,260833744,Handicap,12443132,Carlton (W),-11.5,WINNER,1,106,St Kilda (W),v Carlton (W),-26,40,66,1.01,,,1.01,,,1.01,,,,
2026-08-09 00:00:00.000 Z,Women's AFL/St Kilda (W) v Carlton (W),35909237,HANDICAP,260833744,Handicap,26814175,St Kilda (W),-10.5,LOSER,0,106,St Kilda (W),v Carlton (W),-26,40,66,4.3,,,4.3,,,1.01,,,,
2026-08-09 00:00:00.000 Z,Women's AFL/St Kilda (W) v Carlton (W),35909237,HANDICAP,260833744,Handicap,12443132,Carlton (W),-10.5,WINNER,1,106,St Kilda (W),v Carlton (W),-26,40,66,1.01,,,1.01,,,1.97,,,,
2026-08-09 00:00:00.000 Z,Women's AFL/St Kilda (W) v Carlton (W),35909237,HANDICAP,260833744,Handicap,26814175,St Kilda (W),-9.5,LOSER,0,106,St Kilda (W),v Carlton (W),-26,40,66,1.01,,,1.01,,,1.01,,,,
2026-08-09 00:00:00.000 Z,Women's AFL/St Kilda (W) v Carlton (W),35909237,HANDICAP,260833744,Handicap,12443132,Carlton (W),-9.5,WINNER,1,106,St Kilda (W),v Carlton (W),-26,40,66,1.01,,,1.01,,,1.88,,129,340,1.88
2026-08-09 00:00:00.000 Z,Women's AFL/St Kilda (W) v Carlton (W),35909237,HANDICAP,260833744,Handicap,26814175,St Kilda (W),-8.5,LOSER,0,106,St Kilda (W),v Carlton (W),-26,40,66,1.01,,,1.01,,,1.01,,,,
2026-08-09 00:00:00.000 Z,Women's AFL/St Kilda (W) v Carlton (W),35909237,HANDICAP,260833744,Handicap,12443132,Carlton (W),-8.5,WINNER,1,106,St Kilda (W),v Carlton (W),-26,40,66,1.01,,,1.87,,,1.01,1.87,524.71,524.71,1.86
2026-08-09 00:00:00.000 Z,Women's AFL/St Kilda (W) v Carlton (W),35909237,HANDICAP,260833744,Handicap,26814175,St Kilda (W),-7.5,LOSER,0,106,St Kilda (W),v Carlton (W),-26,40,66,1.01,,,1.01,,,1.01,,,,
2026-08-09 00:00:00.000 Z,Women's AFL/St Kilda (W) v Carlton (W),35909237,HANDICAP,260833744,Handicap,12443132,Carlton (W),-7.5,WINNER,1,106,St Kilda (W),v Carlton (W),-26,40,66,1.72,,,1.72,,,1.01,1.82,66,66,1.72
2026-08-09 00:00:00.000 Z,Women's AFL/St Kilda (W) v Carlton (W),35909237,HANDICAP,260833744,Handicap,26814175,St Kilda (W),-6.5,LOSER,0,106,St Kilda (W),v Carlton (W),-26,40,66,1.01,,,1.01,,,1.01,,,,
2026-08-09 00:00:00.000 Z,Women's AFL/St Kilda (W) v Carlton (W),35909237,HANDICAP,260833744,Handicap,12443132,Carlton (W),-6.5,WINNER,1,106,St Kilda (W),v Carlton (W),-26,40,66,1.01,1.85,,1.01,1.85,,1.01,,,,
2026-08-09 00:00:00.000 Z,Women's AFL/St Kilda (W) v Carlton (W),35909237,HANDICAP,260833744,Handicap,26814175,St Kilda (W),-5.5,LOSER,0,106,St Kilda (W),v Carlton (W),-26,40,66,1.01,,,1.01,,,1.01,,,,
2026-08-09 00:00:00.000 Z,Women's AFL/St Kilda (W) v Carlton (W),35909237,HANDICAP,260833744,Handicap,12443132,Carlton (W),-5.5,WINNER,1,106,St Kilda (W),v Carlton (W),-26,40,66,1.01,,,1.01,,,1.01,,,,
2026-08-09 00:00:00.000 Z,Women's AFL/St Kilda (W) v Carlton (W),35909237,HANDICAP,260833744,Handicap,26814175,St Kilda (W),-4.5,LOSER,0,106,St Kilda (W),v Carlton (W),-26,40,66,1.01,,,1.01,,,1.01,,,,
2026-08-09 00:00:00.000 Z,Women's AFL/St Kilda (W) v Carlton (W),35909237,HANDICAP,260833744,Handicap,12443132,Carlton (W),-4.5,WINNER,1,106,St Kilda (W),v Carlton (W),-26,40,66,,,,,,,,,,,
2026-08-09 00:00:00.000 Z,Women's AFL/St Kilda (W) v Carlton (W),35909237,HANDICAP,260833744,Handicap,26814175,St Kilda (W),-3.5,LOSER,0,106,St Kilda (W),v Carlton (W),-26,40,66,3,,,3,,,1.01,,,,
2026-08-09 00:00:00.000 Z,Women's AFL/St Kilda (W) v Carlton (W),35909237,HANDICAP,260833744,Handicap,12443132,Carlton (W),-3.5,WINNER,1,106,St Kilda (W),v Carlton (W),-26,40,66,,,,,,,,,,,
2026-08-09 00:00:00.000 Z,Women's AFL/St Kilda (W) v Carlton (W),35909237,HANDICAP,260833744,Handicap,26814175,St Kilda (W),-2.5,LOSER,0,106,St Kilda (W),v Carlton (W),-26,40,66,1.01,,,1.01,,,1.01,,,,
2026-08-09 00:00:00.000 Z,Women's AFL/St Kilda (W) v Carlton (W),35909237,HANDICAP,260833744,Handicap,12443132,Carlton (W),-2.5,WINNER,1,106,St Kilda (W),v Carlton (W),-26,40,66,,,,,,,,,,,
2026-08-09 00:00:00.000 Z,Women's AFL/St Kilda (W) v Carlton (W),35909237,HANDICAP,260833744,Handicap,26814175,St Kilda (W),-1.5,LOSER,0,106,St Kilda (W),v Carlton (W),-26,40,66,1.01,,,1.01,,,1.01,,,,
2026-08-09 00:00:00.000 Z,Women's AFL/St Kilda (W) v Carlton (W),35909237,HANDICAP,260833744,Handicap,12443132,Carlton (W),-1.5,WINNER,1,106,St Kilda (W),v Carlton (W),-26,40,66,,,,,,,,,,,
2026-08-09 00:00:00.000 Z,Women's AFL/St Kilda (W) v Carlton (W),35909237,HANDICAP,260833744,Handicap,26814175,St Kilda (W),-0.5,LOSER,0,106,St Kilda (W),v Carlton (W),-26,40,66,1.01,,,1.01,,,1.01,,,,
2026-08-09 00:00:00.000 Z,Women's AFL/St Kilda (W) v Carlton (W),35909237,HANDICAP,260833744,Handicap,12443132,Carlton (W),-0.5,WINNER,1,106,St Kilda (W),v Carlton (W),-26,40,66,,,,,,,,,,,
2026-08-09 00:00:00.000 Z,Women's AFL/St Kilda (W) v Carlton (W),35909237,HANDICAP,260833744,Handicap,26814175,St Kilda (W),0.5,LOSER,0,106,St Kilda (W),v Carlton (W),-26,40,66,1.01,,,1.01,,,1.01,,,,
2026-08-09 00:00:00.000 Z,Women's AFL/St Kilda (W) v Carlton (W),35909237,HANDICAP,260833744,Handicap,12443132,Carlton (W),0.5,WINNER,1,106,St Kilda (W),v Carlton (W),-26,40,66,,,,,,,,,,,
2026-08-09 00:00:00.000 Z,Women's AFL/St Kilda (W) v Carlton (W),35909237,HANDICAP,260833744,Handicap,26814175,St Kilda (W),1.5,LOSER,0,106,St Kilda (W),v Carlton (W),-26,40,66,1.01,,,1.01,,,1.01,,,,
2026-08-09 00:00:00.000 Z,Women's AFL/St Kilda (W) v Carlton (W),35909237,HANDICAP,260833744,Handicap,12443132,Carlton (W),1.5,WINNER,1,106,St Kilda (W),v Carlton (W),-26,40,66,1.32,,,1.32,,,,,,,
2026-08-09 00:00:00.000 Z,Women's AFL/St Kilda (W) v Carlton (W),35909237,HANDICAP,260833744,Handicap,26814175,St Kilda (W),2.5,LOSER,0,106,St Kilda (W),v Carlton (W),-26,40,66,1.01,,,1.01,,,1.01,,,,
2026-08-09 00:00:00.000 Z,Women's AFL/St Kilda (W) v Carlton (W),35909237,HANDICAP,260833744,Handicap,12443132,Carlton (W),2.5,WINNER,1,106,St Kilda (W),v Carlton (W),-26,40,66,,,,,,,,,,,
2026-08-09 00:00:00.000 Z,Women's AFL/St Kilda (W) v Carlton (W),35909237,HANDICAP,260833744,Handicap,26814175,St Kilda (W),3.5,LOSER,0,106,St Kilda (W),v Carlton (W),-26,40,66,1.01,,,1.01,,,1.01,,,,
2026-08-09 00:00:00.000 Z,Women's AFL/St Kilda (W) v Carlton (W),35909237,HANDICAP,260833744,Handicap,12443132,Carlton (W),3.5,WINNER,1,106,St Kilda (W),v Carlton (W),-26,40,66,,,,,,,,,,,
2026-08-09 00:00:00.000 Z,Women's AFL/St Kilda (W) v Carlton (W),35909237,HANDICAP,260833744,Handicap,26814175,St Kilda (W),4.5,LOSER,0,106,St Kilda (W),v Carlton (W),-26,40,66,2.22,,,2.22,,,2.22,,,,
2026-08-09 00:00:00.000 Z,Women's AFL/St Kilda (W) v Carlton (W),35909237,HANDICAP,260833744,Handicap,12443132,Carlton (W),4.5,WINNER,1,106,St Kilda (W),v Carlton (W),-26,40,66,,,,,,,,,,,
2026-08-09 00:00:00.000 Z,Women's AFL/St Kilda (W) v Carlton (W),35909237,HANDICAP,260833744,Handicap,26814175,St Kilda (W),5.5,LOSER,0,106,St Kilda (W),v Carlton (W),-26,40,66,1.94,,,1.94,,,1.01,,,,
2026-08-09 00:00:00.000 Z,Women's AFL/St Kilda (W) v Carlton (W),35909237,HANDICAP,260833744,Handicap,12443132,Carlton (W),5.5,WINNER,1,106,St Kilda (W),v Carlton (W),-26,40,66,,,,,,,,,,,
2026-08-09 00:00:00.000 Z,Women's AFL/St Kilda (W) v Carlton (W),35909237,HANDICAP,260833744,Handicap,26814175,St Kilda (W),6.5,LOSER,0,106,St Kilda (W),v Carlton (W),-26,40,66,1.01,,,1.01,,,1.01,,,,
2026-08-09 00:00:00.000 Z,Women's AFL/St Kilda (W) v Carlton (W),35909237,HANDICAP,260833744,Handicap,12443132,Carlton (W),6.5,WINNER,1,106,St Kilda (W),v Carlton (W),-26,40,66,1.16,,,1.16,,,,,,,
2026-08-09 00:00:00.000 Z,Women's AFL/St Kilda (W) v Carlton (W),35909237,HANDICAP,260833744,Handicap,26814175,St Kilda (W),7.5,LOSER,0,106,St Kilda (W),v Carlton (W),-26,40,66,,,,,,,1.86,,,,
2026-08-09 00:00:00.000 Z,Women's AFL/St Kilda (W) v Carlton (W),35909237,HANDICAP,260833744,Handicap,12443132,Carlton (W),7.5,WINNER,1,106,St Kilda (W),v Carlton (W),-26,40,66,,1.84,,,1.84,,,1.86,,,
2026-08-09 00:00:00.000 Z,Women's AFL/St Kilda (W) v Carlton (W),35909237,HANDICAP,260833744,Handicap,26814175,St Kilda (W),8.5,LOSER,0,106,St Kilda (W),v Carlton (W),-26,40,66,,,,,,,,,,,
2026-08-09 00:00:00.000 Z,Women's AFL/St Kilda (W) v Carlton (W),35909237,HANDICAP,260833744,Handicap,12443132,Carlton (W),8.5,WINNER,1,106,St Kilda (W),v Carlton (W),-26,40,66,,,,,,,,,,,
2026-08-09 00:00:00.000 Z,Women's AFL/St Kilda (W) v Carlton (W),35909237,HANDICAP,260833744,Handicap,26814175,St Kilda (W),9.5,LOSER,0,106,St Kilda (W),v Carlton (W),-26,40,66,,,,,,,,,,,
2026-08-09 00:00:00.000 Z,Women's AFL/St Kilda (W) v Carlton (W),35909237,HANDICAP,260833744,Handicap,12443132,Carlton (W),9.5,WINNER,1,106,St Kilda (W),v Carlton (W),-26,40,66,,,,,,,,,,,
2026-08-09 00:00:00.000 Z,Women's AFL/St Kilda (W) v Carlton (W),35909237,HANDICAP,260833744,Handicap,26814175,St Kilda (W),10.5,LOSER,0,106,St Kilda (W),v Carlton (W),-26,40,66,,,,,,,,,,,
2026-08-09 00:00:00.000 Z,Women's AFL/St Kilda (W) v Carlton (W),35909237,HANDICAP,260833744,Handicap,12443132,Carlton (W),10.5,WINNER,1,106,St Kilda (W),v Carlton (W),-26,40,66,,,,,,,,,,,
2026-08-09 00:00:00.000 Z,Women's AFL/St Kilda (W) v Carlton (W),35909237,HANDICAP,260833744,Handicap,26814175,St Kilda (W),11.5,LOSER,0,106,St Kilda (W),v Carlton (W),-26,40,66,1.59,,,1.59,,,,,,,
2026-08-09 00:00:00.000 Z,Women's AFL/St Kilda (W) v Carlton (W),35909237,HANDICAP,260833744,Handicap,12443132,Carlton (W),11.5,WINNER,1,106,St Kilda (W),v Carlton (W),-26,40,66,,,,,,,,,,,
2026-08-09 00:00:00.000 Z,Women's AFL/St Kilda (W) v Carlton (W),35909237,HANDICAP,260833744,Handicap,26814175,St Kilda (W),12.5,LOSER,0,106,St Kilda (W),v Carlton (W),-26,40,66,,,,,,,,,,,
2026-08-09 00:00:00.000 Z,Women's AFL/St Kilda (W) v Carlton (W),35909237,HANDICAP,260833744,Handicap,12443132,Carlton (W),12.5,WINNER,1,106,St Kilda (W),v Carlton (W),-26,40,66,,,,,,,,,,,
2026-08-09 00:00:00.000 Z,Women's AFL/St Kilda (W) v Carlton (W),35909237,HANDICAP,260833744,Handicap,26814175,St Kilda (W),13.5,LOSER,0,106,St Kilda (W),v Carlton (W),-26,40,66,,,,,,,,,,,
2026-08-09 00:00:00.000 Z,Women's AFL/St Kilda (W) v Carlton (W),35909237,HANDICAP,260833744,Handicap,12443132,Carlton (W),13.5,WINNER,1,106,St Kilda (W),v Carlton (W),-26,40,66,,,,,,,,,,,
2026-08-09 00:00:00.000 Z,Women's AFL/St Kilda (W) v Carlton (W),35909237,HANDICAP,260833744,Handicap,26814175,St Kilda (W),14.5,LOSER,0,106,St Kilda (W),v Carlton (W),-26,40,66,,,,,,,,,,,
2026-08-09 00:00:00.000 Z,Women's AFL/St Kilda (W) v Carlton (W),35909237,HANDICAP,260833744,Handicap,12443132,Carlton (W),14.5,WINNER,1,106,St Kilda (W),v Carlton (W),-26,40,66,,,,,,,,,,,
2026-08-09 00:00:00.000 Z,Women's AFL/St Kilda (W) v Carlton (W),35909237,HANDICAP,260833744,Handicap,26814175,St Kilda (W),15.5,LOSER,0,106,St Kilda (W),v Carlton (W),-26,40,66,,,,,,,,,,,
2026-08-09 00:00:00.000 Z,Women's AFL/St Kilda (W) v Carlton (W),35909237,HANDICAP,260833744,Handicap,12443132,Carlton (W),15.5,WINNER,1,106,St Kilda (W),v Carlton (W),-26,40,66,,,,,,,,,,,
2026-08-09 00:00:00.000 Z,Women's AFL/St Kilda (W) v Carlton (W),35909237,HANDICAP,260833744,Handicap,26814175,St Kilda (W),16.5,LOSER,0,106,St Kilda (W),v Carlton (W),-26,40,66,,,,,,,,,,,
2026-08-09 00:00:00.000 Z,Women's AFL/St Kilda (W) v Carlton (W),35909237,HANDICAP,260833744,Handicap,12443132,Carlton (W),16.5,WINNER,1,106,St Kilda (W),v Carlton (W),-26,40,66,,,,,,,,,,,
2026-08-09 00:00:00.000 Z,Women's AFL/St Kilda (W) v Carlton (W),35909237,HANDICAP,260833744,Handicap,26814175,St Kilda (W),17.5,LOSER,0,106,St Kilda (W),v Carlton (W),-26,40,66,1.36,,,1.36,,,,,,,
2026-08-09 00:00:00.000 Z,Women's AFL/St Kilda (W) v Carlton (W),35909237,HANDICAP,260833744,Handicap,12443132,Carlton (W),17.5,WINNER,1,106,St Kilda (W),v Carlton (W),-26,40,66,,,,,,,,,,,
2026-08-09 00:00:00.000 Z,Women's AFL/St Kilda (W) v Carlton (W),35909237,HANDICAP,260833744,Handicap,26814175,St Kilda (W),18.5,LOSER,0,106,St Kilda (W),v Carlton (W),-26,40,66,,,,,,,,,,,
2026-08-09 00:00:00.000 Z,Women's AFL/St Kilda (W) v Carlton (W),35909237,HANDICAP,260833744,Handicap,12443132,Carlton (W),18.5,WINNER,1,106,St Kilda (W),v Carlton (W),-26,40,66,,,,,,,,,,,
2026-08-09 00:00:00.000 Z,Women's AFL/St Kilda (W) v Carlton (W),35909237,HANDICAP,260833744,Handicap,26814175,St Kilda (W),19.5,LOSER,0,106,St Kilda (W),v Carlton (W),-26,40,66,,,,,,,,,,,
2026-08-09 00:00:00.000 Z,Women's AFL/St Kilda (W) v Carlton (W),35909237,HANDICAP,260833744,Handicap,12443132,Carlton (W),19.5,WINNER,1,106,St Kilda (W),v Carlton (W),-26,40,66,,,,,,,,,,,
2026-08-09 00:00:00.000 Z,Women's AFL/St Kilda (W) v Carlton (W),35909237,HANDICAP,260833744,Handicap,26814175,St Kilda (W),20.5,LOSER,0,106,St Kilda (W),v Carlton (W),-26,40,66,,,,,,,,,,,
2026-08-09 00:00:00.000 Z,Women's AFL/St Kilda (W) v Carlton (W),35909237,HANDICAP,260833744,Handicap,12443132,Carlton (W),20.5,WINNER,1,106,St Kilda (W),v Carlton (W),-26,40,66,,,,,,,,,,,
2026-08-09 00:00:00.000 Z,Women's AFL/St Kilda (W) v Carlton (W),35909237,HANDICAP,260833744,Handicap,26814175,St Kilda (W),21.5,LOSER,0,106,St Kilda (W),v Carlton (W),-26,40,66,,,,,,,,,,,
2026-08-09 00:00:00.000 Z,Women's AFL/St Kilda (W) v Carlton (W),35909237,HANDICAP,260833744,Handicap,12443132,Carlton (W),21.5,WINNER,1,106,St Kilda (W),v Carlton (W),-26,40,66,,,,,,,,,,,
2026-08-09 00:00:00.000 Z,Women's AFL/St Kilda (W) v Carlton (W),35909237,HANDICAP,260833744,Handicap,26814175,St Kilda (W),22.5,LOSER,0,106,St Kilda (W),v Carlton (W),-26,40,66,1.2,,,1.2,,,,,,,
2026-08-09 00:00:00.000 Z,Women's AFL/St Kilda (W) v Carlton (W),35909237,HANDICAP,260833744,Handicap,12443132,Carlton (W),22.5,WINNER,1,106,St Kilda (W),v Carlton (W),-26,40,66,,,,,,,,,,,
2026-08-09 00:00:00.000 Z,Women's AFL/St Kilda (W) v Carlton (W),35909237,HANDICAP,260833744,Handicap,26814175,St Kilda (W),23.5,LOSER,0,106,St Kilda (W),v Carlton (W),-26,40,66,,,,,,,,,,,
2026-08-09 00:00:00.000 Z,Women's AFL/St Kilda (W) v Carlton (W),35909237,HANDICAP,260833744,Handicap,12443132,Carlton (W),23.5,WINNER,1,106,St Kilda (W),v Carlton (W),-26,40,66,,,,,,,,,,,
2026-08-09 00:00:00.000 Z,Women's AFL/St Kilda (W) v Carlton (W),35909237,HANDICAP,260833744,Handicap,26814175,St Kilda (W),24.5,LOSER,0,106,St Kilda (W),v Carlton (W),-26,40,66,,,,,,,,,,,
2026-08-09 00:00:00.000 Z,Women's AFL/St Kilda (W) v Carlton (W),35909237,HANDICAP,260833744,Handicap,12443132,Carlton (W),24.5,WINNER,1,106,St Kilda (W),v Carlton (W),-26,40,66,,,,,,,,,,,
2026-08-09 00:00:00.000 Z,Women's AFL/St Kilda (W) v Carlton (W),35909237,HANDICAP,260833744,Handicap,26814175,St Kilda (W),25.5,LOSER,0,106,St Kilda (W),v Carlton (W),-26,40,66,,,,,,,,,,,
2026-08-09 00:00:00.000 Z,Women's AFL/St Kilda (W) v Carlton (W),35909237,HANDICAP,260833744,Handicap,12443132,Carlton (W),25.5,WINNER,1,106,St Kilda (W),v Carlton (W),-26,40,66,,,,,,,,,,,
2026-08-09 00:00:00.000 Z,Women's AFL/St Kilda (W) v Carlton (W),35909237,HANDICAP,260833744,Handicap,26814175,St Kilda (W),26.5,WINNER,1,106,St Kilda (W),v Carlton (W),-26,40,66,,,,,,,,,,,
2026-08-09 00:00:00.000 Z,Women's AFL/St Kilda (W) v Carlton (W),35909237,HANDICAP,260833744,Handicap,12443132,Carlton (W),26.5,WINNER,1,106,St Kilda (W),v Carlton (W),-26,40,66,,,,,,,,,,,
2026-08-09 00:00:00.000 Z,Women's AFL/St Kilda (W) v Carlton (W),35909237,HANDICAP,260833744,Handicap,26814175,St Kilda (W),27.5,WINNER,1,106,St Kilda (W),v Carlton (W),-26,40,66,,,,,,,,,,,
2026-08-09 00:00:00.000 Z,Women's AFL/St Kilda (W) v Carlton (W),35909237,HANDICAP,260833744,Handicap,12443132,Carlton (W),27.5,WINNER,1,106,St Kilda (W),v Carlton (W),-26,40,66,,,,,,,,,,,
2026-08-09 00:00:00.000 Z,Women's AFL/St Kilda (W) v Carlton (W),35909237,HANDICAP,260833744,Handicap,12443132,Carlton (W),28.5,WINNER,1,106,St Kilda (W),v Carlton (W),-26,40,66,,,,,,,,,,,
2026-08-09 00:00:00.000 Z,Women's AFL/St Kilda (W) v Carlton (W),35909237,HANDICAP,260833744,Handicap,26814175,St Kilda (W),28.5,WINNER,1,106,St Kilda (W),v Carlton (W),-26,40,66,,,,,,,,,,,
2026-08-09 00:00:00.000 Z,Women's AFL/St Kilda (W) v Carlton (W),35909237,HANDICAP,260833744,Handicap,26814175,St Kilda (W),29.5,WINNER,1,106,St Kilda (W),v Carlton (W),-26,40,66,,,,,,,,,,,
2026-08-09 00:00:00.000 Z,Women's AFL/St Kilda (W) v Carlton (W),35909237,HANDICAP,260833744,Handicap,12443132,Carlton (W),29.5,WINNER,1,106,St Kilda (W),v Carlton (W),-26,40,66,,,,,,,,,,,
2026-08-09 00:00:00.000 Z,Women's AFL/St Kilda (W) v Carlton (W),35909237,HANDICAP,260833744,Handicap,26814175,St Kilda (W),30.5,WINNER,1,106,St Kilda (W),v Carlton (W),-26,40,66,,,,,,,,,,,
2026-08-09 00:00:00.000 Z,Women's AFL/St Kilda (W) v Carlton (W),35909237,HANDICAP,260833744,Handicap,12443132,Carlton (W),30.5,WINNER,1,106,St Kilda (W),v Carlton (W),-26,40,66,,,,,,,,,,,
2026-08-09 00:00:00.000 Z,Women's AFL/St Kilda (W) v Carlton (W),35909237,HANDICAP,260833744,Handicap,12443132,Carlton (W),31.5,WINNER,1,106,St Kilda (W),v Carlton (W),-26,40,66,,,,,,,,,,,
2026-08-09 00:00:00.000 Z,Women's AFL/St Kilda (W) v Carlton (W),35909237,HANDICAP,260833744,Handicap,26814175,St Kilda (W),31.5,WINNER,1,106,St Kilda (W),v Carlton (W),-26,40,66,,,,,,,,,,,
2026-08-09 00:00:00.000 Z,Women's AFL/St Kilda (W) v Carlton (W),35909237,HANDICAP,260833744,Handicap,26814175,St Kilda (W),32.5,WINNER,1,106,St Kilda (W),v Carlton (W),-26,40,66,,,,,,,,,,,
2026-08-09 00:00:00.000 Z,Women's AFL/St Kilda (W) v Carlton (W),35909237,HANDICAP,260833744,Handicap,12443132,Carlton (W),32.5,WINNER,1,106,St Kilda (W),v Carlton (W),-26,40,66,,,,,,,,,,,
2026-08-09 00:00:00.000 Z,Women's AFL/St Kilda (W) v Carlton (W),35909237,HANDICAP,260833744,Handicap,12443132,Carlton (W),33.5,WINNER,1,106,St Kilda (W),v Carlton (W),-26,40,66,,,,,,,,,,,
2026-08-09 00:00:00.000 Z,Women's AFL/St Kilda (W) v Carlton (W),35909237,HANDICAP,260833744,Handicap,26814175,St Kilda (W),33.5,WINNER,1,106,St Kilda (W),v Carlton (W),-26,40,66,,,,,,,,,,,
2026-08-09 00:00:00.000 Z,Women's AFL/St Kilda (W) v Carlton (W),35909237,HANDICAP,260833744,Handicap,26814175,St Kilda (W),34.5,WINNER,1,106,St Kilda (W),v Carlton (W),-26,40,66,,,,,,,,,,,
2026-08-09 00:00:00.000 Z,Women's AFL/St Kilda (W) v Carlton (W),35909237,HANDICAP,260833744,Handicap,12443132,Carlton (W),34.5,WINNER,1,106,St Kilda (W),v Carlton (W),-26,40,66,,,,,,,,,,,
2026-08-09 00:00:00.000 Z,Women's AFL/St Kilda (W) v Carlton (W),35909237,HANDICAP,260833744,Handicap,12443132,Carlton (W),35.5,WINNER,1,106,St Kilda (W),v Carlton (W),-26,40,66,,,,,,,,,,,
2026-08-09 00:00:00.000 Z,Women's AFL/St Kilda (W) v Carlton (W),35909237,HANDICAP,260833744,Handicap,26814175,St Kilda (W),35.5,WINNER,1,106,St Kilda (W),v Carlton (W),-26,40,66,,,,,,,,,,,
2026-08-09 00:00:00.000 Z,Women's AFL/St Kilda (W) v Carlton (W),35909237,HANDICAP,260833744,Handicap,12443132,Carlton (W),36.5,WINNER,1,106,St Kilda (W),v Carlton (W),-26,40,66,,,,,,,,,,,
2026-08-09 00:00:00.000 Z,Women's AFL/St Kilda (W) v Carlton (W),35909237,HANDICAP,260833744,Handicap,26814175,St Kilda (W),36.5,WINNER,1,106,St Kilda (W),v Carlton (W),-26,40,66,,,,,,,,,,,
2026-08-09 00:00:00.000 Z,Women's AFL/St Kilda (W) v Carlton (W),35909237,HANDICAP,260833744,Handicap,26814175,St Kilda (W),37.5,WINNER,1,106,St Kilda (W),v Carlton (W),-26,40,66,,,,,,,,,,,
2026-08-09 00:00:00.000 Z,Women's AFL/St Kilda (W) v Carlton (W),35909237,HANDICAP,260833744,Handicap,12443132,Carlton (W),37.5,WINNER,1,106,St Kilda (W),v Carlton (W),-26,40,66,,,,,,,,,,,
2026-08-09 00:00:00.000 Z,Women's AFL/St Kilda (W) v Carlton (W),35909237,HANDICAP,260833744,Handicap,12443132,Carlton (W),38.5,WINNER,1,106,St Kilda (W),v Carlton (W),-26,40,66,,,,,,,,,,,
2026-08-09 00:00:00.000 Z,Women's AFL/St Kilda (W) v Carlton (W),35909237,HANDICAP,260833744,Handicap,26814175,St Kilda (W),38.5,WINNER,1,106,St Kilda (W),v Carlton (W),-26,40,66,,,,,,,,,,,
2026-08-09 00:00:00.000 Z,Women's AFL/St Kilda (W) v Carlton (W),35909237,HANDICAP,260833744,Handicap,12443132,Carlton (W),39.5,WINNER,1,106,St Kilda (W),v Carlton (W),-26,40,66,,,,,,,,,,,
2026-08-09 00:00:00.000 Z,Women's AFL/St Kilda (W) v Carlton (W),35909237,HANDICAP,260833744,Handicap,26814175,St Kilda (W),39.5,WINNER,1,106,St Kilda (W),v Carlton (W),-26,40,66,,,,,,,,,,,
2026-08-09 00:00:00.000 Z,Women's AFL/St Kilda (W) v Carlton (W),35909237,HANDICAP,260833744,Handicap,26814175,St Kilda (W),40.5,WINNER,1,106,St Kilda (W),v Carlton (W),-26,40,66,,,,,,,,,,,
2026-08-09 00:00:00.000 Z,Women's AFL/St Kilda (W) v Carlton (W),35909237,HANDICAP,260833744,Handicap,12443132,Carlton (W),40.5,WINNER,1,106,St Kilda (W),v Carlton (W),-26,40,66,,,,,,,,,,,
2026-08-09 00:00:00.000 Z,Women's AFL/St Kilda (W) v Carlton (W),35909237,HANDICAP,260833744,Handicap,26814175,St Kilda (W),41.5,WINNER,1,106,St Kilda (W),v Carlton (W),-26,40,66,,,,,,,,,,,
2026-08-09 00:00:00.000 Z,Women's AFL/St Kilda (W) v Carlton (W),35909237,HANDICAP,260833744,Handicap,12443132,Carlton (W),41.5,WINNER,1,106,St Kilda (W),v Carlton (W),-26,40,66,,,,,,,,,,,
2026-08-09 00:00:00.000 Z,Women's AFL/St Kilda (W) v Carlton (W),35909237,HANDICAP,260833744,Handicap,12443132,Carlton (W),42.5,WINNER,1,106,St Kilda (W),v Carlton (W),-26,40,66,,,,,,,,,,,
2026-08-09 00:00:00.000 Z,Women's AFL/St Kilda (W) v Carlton (W),35909237,HANDICAP,260833744,Handicap,26814175,St Kilda (W),42.5,WINNER,1,106,St Kilda (W),v Carlton (W),-26,40,66,,,,,,,,,,,
2026-08-09 00:00:00.000 Z,Women's AFL/St Kilda (W) v Carlton (W),35909237,HANDICAP,260833744,Handicap,12443132,Carlton (W),43.5,WINNER,1,106,St Kilda (W),v Carlton (W),-26,40,66,,,,,,,,,,,
2026-08-09 00:00:00.000 Z,Women's AFL/St Kilda (W) v Carlton (W),35909237,HANDICAP,260833744,Handicap,26814175,St Kilda (W),43.5,WINNER,1,106,St Kilda (W),v Carlton (W),-26,40,66,,,,,,,,,,,
2026-08-09 00:00:00.000 Z,Women's AFL/St Kilda (W) v Carlton (W),35909237,HANDICAP,260833744,Handicap,12443132,Carlton (W),44.5,WINNER,1,106,St Kilda (W),v Carlton (W),-26,40,66,,,,,,,,,,,
2026-08-09 00:00:00.000 Z,Women's AFL/St Kilda (W) v Carlton (W),35909237,HANDICAP,260833744,Handicap,26814175,St Kilda (W),44.5,WINNER,1,106,St Kilda (W),v Carlton (W),-26,40,66,,,,,,,,,,,
2026-08-09 00:00:00.000 Z,Women's AFL/St Kilda (W) v Carlton (W),35909237,HANDICAP,260833744,Handicap,12443132,Carlton (W),45.5,WINNER,1,106,St Kilda (W),v Carlton (W),-26,40,66,,,,,,,,,,,
2026-08-09 00:00:00.000 Z,Women's AFL/St Kilda (W) v Carlton (W),35909237,HANDICAP,260833744,Handicap,26814175,St Kilda (W),45.5,WINNER,1,106,St Kilda (W),v Carlton (W),-26,40,66,,,,,,,,,,,
2026-08-09 00:00:00.000 Z,Women's AFL/St Kilda (W) v Carlton (W),35909237,HANDICAP,260833744,Handicap,12443132,Carlton (W),46.5,WINNER,1,106,St Kilda (W),v Carlton (W),-26,40,66,,,,,,,,,,,
2026-08-09 00:00:00.000 Z,Women's AFL/St Kilda (W) v Carlton (W),35909237,HANDICAP,260833744,Handicap,26814175,St Kilda (W),46.5,WINNER,1,106,St Kilda (W),v Carlton (W),-26,40,66,,,,,,,,,,,
2026-08-09 00:00:00.000 Z,Women's AFL/St Kilda (W) v Carlton (W),35909237,HANDICAP,260833744,Handicap,12443132,Carlton (W),47.5,WINNER,1,106,St Kilda (W),v Carlton (W),-26,40,66,,,,,,,,,,,
2026-08-09 00:00:00.000 Z,Women's AFL/St Kilda (W) v Carlton (W),35909237,HANDICAP,260833744,Handicap,26814175,St Kilda (W),47.5,WINNER,1,106,St Kilda (W),v Carlton (W),-26,40,66,,,,,,,,,,,
2026-08-09 00:00:00.000 Z,Women's AFL/St Kilda (W) v Carlton (W),35909237,HANDICAP,260833744,Handicap,26814175,St Kilda (W),48.5,WINNER,1,106,St Kilda (W),v Carlton (W),-26,40,66,,,,,,,,,,,
2026-08-09 00:00:00.000 Z,Women's AFL/St Kilda (W) v Carlton (W),35909237,HANDICAP,260833744,Handicap,12443132,Carlton (W),48.5,WINNER,1,106,St Kilda (W),v Carlton (W),-26,40,66,,,,,,,,,,,
2026-08-09 00:00:00.000 Z,Women's AFL/St Kilda (W) v Carlton (W),35909237,HANDICAP,260833744,Handicap,26814175,St Kilda (W),49.5,WINNER,1,106,St Kilda (W),v Carlton (W),-26,40,66,,,,,,,,,,,
2026-08-09 00:00:00.000 Z,Women's AFL/St Kilda (W) v Carlton (W),35909237,HANDICAP,260833744,Handicap,12443132,Carlton (W),49.5,WINNER,1,106,St Kilda (W),v Carlton (W),-26,40,66,,,,,,,,,,,
2026-08-09 00:00:00.000 Z,Women's AFL/St Kilda (W) v Carlton (W),35909237,HANDICAP,260833744,Handicap,12443132,Carlton (W),50.5,WINNER,1,106,St Kilda (W),v Carlton (W),-26,40,66,,,,,,,,,,,
2026-08-09 00:00:00.000 Z,Women's AFL/St Kilda (W) v Carlton (W),35909237,HANDICAP,260833744,Handicap,26814175,St Kilda (W),50.5,WINNER,1,106,St Kilda (W),v Carlton (W),-26,40,66,,,,,,,,,,,
2026-08-09 00:00:00.000 Z,Women's AFL/St Kilda (W) v Carlton (W),35909237,HANDICAP,260833744,Handicap,12443132,Carlton (W),51.5,WINNER,1,106,St Kilda (W),v Carlton (W),-26,40,66,,,,,,,,,,,
2026-08-09 00:00:00.000 Z,Women's AFL/St Kilda (W) v Carlton (W),35909237,HANDICAP,260833744,Handicap,26814175,St Kilda (W),51.5,WINNER,1,106,St Kilda (W),v Carlton (W),-26,40,66,,,,,,,,,,,
2026-08-09 00:00:00.000 Z,Women's AFL/St Kilda (W) v Carlton (W),35909237,HANDICAP,260833744,Handicap,26814175,St Kilda (W),52.5,WINNER,1,106,St Kilda (W),v Carlton (W),-26,40,66,,,,,,,,,,,
2026-08-09 00:00:00.000 Z,Women's AFL/St Kilda (W) v Carlton (W),35909237,HANDICAP,260833744,Handicap,12443132,Carlton (W),52.5,WINNER,1,106,St Kilda (W),v Carlton (W),-26,40,66,,,,,,,,,,,
2026-08-09 00:00:00.000 Z,Women's AFL/St Kilda (W) v Carlton (W),35909237,HANDICAP,260833744,Handicap,12443132,Carlton (W),53.5,WINNER,1,106,St Kilda (W),v Carlton (W),-26,40,66,,,,,,,,,,,
2026-08-09 00:00:00.000 Z,Women's AFL/St Kilda (W) v Carlton (W),35909237,HANDICAP,260833744,Handicap,26814175,St Kilda (W),53.5,WINNER,1,106,St Kilda (W),v Carlton (W),-26,40,66,,,,,,,,,,,
2026-08-09 00:00:00.000 Z,Women's AFL/St Kilda (W) v Carlton (W),35909237,HANDICAP,260833744,Handicap,26814175,St Kilda (W),54.5,WINNER,1,106,St Kilda (W),v Carlton (W),-26,40,66,,,,,,,,,,,
2026-08-09 00:00:00.000 Z,Women's AFL/St Kilda (W) v Carlton (W),35909237,HANDICAP,260833744,Handicap,12443132,Carlton (W),54.5,WINNER,1,106,St Kilda (W),v Carlton (W),-26,40,66,,,,,,,,,,,
2026-08-09 00:00:00.000 Z,Women's AFL/St Kilda (W) v Carlton (W),35909237,HANDICAP,260833744,Handicap,12443132,Carlton (W),55.5,WINNER,1,106,St Kilda (W),v Carlton (W),-26,40,66,,,,,,,,,,,
2026-08-09 00:00:00.000 Z,Women's AFL/St Kilda (W) v Carlton (W),35909237,HANDICAP,260833744,Handicap,26814175,St Kilda (W),55.5,WINNER,1,106,St Kilda (W),v Carlton (W),-26,40,66,,,,,,,,,,,
2026-08-09 00:00:00.000 Z,Women's AFL/St Kilda (W) v Carlton (W),35909237,HANDICAP,260833744,Handicap,12443132,Carlton (W),56.5,WINNER,1,106,St Kilda (W),v Carlton (W),-26,40,66,,,,,,,,,,,
2026-08-09 00:00:00.000 Z,Women's AFL/St Kilda (W) v Carlton (W),35909237,HANDICAP,260833744,Handicap,26814175,St Kilda (W),56.5,WINNER,1,106,St Kilda (W),v Carlton (W),-26,40,66,,,,,,,,,,,
2026-08-09 00:00:00.000 Z,Women's AFL/St Kilda (W) v Carlton (W),35909237,HANDICAP,260833744,Handicap,12443132,Carlton (W),57.5,WINNER,1,106,St Kilda (W),v Carlton (W),-26,40,66,,,,,,,,,,,
2026-08-09 00:00:00.000 Z,Women's AFL/St Kilda (W) v Carlton (W),35909237,HANDICAP,260833744,Handicap,26814175,St Kilda (W),57.5,WINNER,1,106,St Kilda (W),v Carlton (W),-26,40,66,,,,,,,,,,,
2026-08-09 00:00:00.000 Z,Women's AFL/St Kilda (W) v Carlton (W),35909237,HANDICAP,260833744,Handicap,26814175,St Kilda (W),58.5,WINNER,1,106,St Kilda (W),v Carlton (W),-26,40,66,,,,,,,,,,,
2026-08-09 00:00:00.000 Z,Women's AFL/St Kilda (W) v Carlton (W),35909237,HANDICAP,260833744,Handicap,12443132,Carlton (W),58.5,WINNER,1,106,St Kilda (W),v Carlton (W),-26,40,66,,,,,,,,,,,
2026-08-09 00:00:00.000 Z,Women's AFL/St Kilda (W) v Carlton (W),35909237,HANDICAP,260833744,Handicap,26814175,St Kilda (W),59.5,WINNER,1,106,St Kilda (W),v Carlton (W),-26,40,66,,,,,,,,,,,
2026-08-09 00:00:00.000 Z,Women's AFL/St Kilda (W) v Carlton (W),35909237,HANDICAP,260833744,Handicap,12443132,Carlton (W),59.5,WINNER,1,106,St Kilda (W),v Carlton (W),-26,40,66,,,,,,,,,,,
2026-08-09 00:00:00.000 Z,Women's AFL/St Kilda (W) v Carlton (W),35909237,MATCH_ODDS,260833743,Match Odds,26814175,St Kilda (W),0,LOSER,0,106,St Kilda (W),v Carlton (W),-26,40,66,2.62,3.3,22.44,2.62,3.3,22.44,3.15,3.2,201.94,296.15,3.2
2026-08-09 00:00:00.000 Z,Women's AFL/St Kilda (W) v Carlton (W),35909237,MATCH_ODDS,260833743,Match Odds,12443132,Carlton (W),0,WINNER,1,106,St Kilda (W),v Carlton (W),-26,40,66,1.42,1.62,27.9,1.42,1.62,28.9,1.42,1.47,123.7,374,1.45
2026-08-09 00:00:00.000 Z,Women's AFL/St Kilda (W) v Carlton (W),35909237,COMBINED_TOTAL,260833865,Total Points,8435233,Under,20.5,LOSER,0,106,St Kilda (W),v Carlton (W),-26,40,66,,,,,,,,,,,
2026-08-09 00:00:00.000 Z,Women's AFL/St Kilda (W) v Carlton (W),35909237,COMBINED_TOTAL,260833865,Total Points,8435232,Over,20.5,WINNER,1,106,St Kilda (W),v Carlton (W),-26,40,66,,,,,,,,,,,
2026-08-09 00:00:00.000 Z,Women's AFL/St Kilda (W) v Carlton (W),35909237,COMBINED_TOTAL,260833865,Total Points,8435233,Under,21.5,LOSER,0,106,St Kilda (W),v Carlton (W),-26,40,66,,,,,,,,,,,
2026-08-09 00:00:00.000 Z,Women's AFL/St Kilda (W) v Carlton (W),35909237,COMBINED_TOTAL,260833865,Total Points,8435232,Over,21.5,WINNER,1,106,St Kilda (W),v Carlton (W),-26,40,66,,,,,,,,,,,
2026-08-09 00:00:00.000 Z,Women's AFL/St Kilda (W) v Carlton (W),35909237,COMBINED_TOTAL,260833865,Total Points,8435233,Under,22.5,LOSER,0,106,St Kilda (W),v Carlton (W),-26,40,66,,,,,,,,,,,
2026-08-09 00:00:00.000 Z,Women's AFL/St Kilda (W) v Carlton (W),35909237,COMBINED_TOTAL,260833865,Total Points,8435232,Over,22.5,WINNER,1,106,St Kilda (W),v Carlton (W),-26,40,66,,,,,,,,,,,
2026-08-09 00:00:00.000 Z,Women's AFL/St Kilda (W) v Carlton (W),35909237,COMBINED_TOTAL,260833865,Total Points,8435233,Under,23.5,LOSER,0,106,St Kilda (W),v Carlton (W),-26,40,66,,,,,,,,,,,
2026-08-09 00:00:00.000 Z,Women's AFL/St Kilda (W) v Carlton (W),35909237,COMBINED_TOTAL,260833865,Total Points,8435232,Over,23.5,WINNER,1,106,St Kilda (W),v Carlton (W),-26,40,66,,,,,,,,,,,
2026-08-09 00:00:00.000 Z,Women's AFL/St Kilda (W) v Carlton (W),35909237,COMBINED_TOTAL,260833865,Total Points,8435233,Under,24.5,LOSER,0,106,St Kilda (W),v Carlton (W),-26,40,66,,,,,,,,,,,
2026-08-09 00:00:00.000 Z,Women's AFL/St Kilda (W) v Carlton (W),35909237,COMBINED_TOTAL,260833865,Total Points,8435232,Over,24.5,WINNER,1,106,St Kilda (W),v Carlton (W),-26,40,66,,,,,,,,,,,
2026-08-09 00:00:00.000 Z,Women's AFL/St Kilda (W) v Carlton (W),35909237,COMBINED_TOTAL,260833865,Total Points,8435233,Under,25.5,LOSER,0,106,St Kilda (W),v Carlton (W),-26,40,66,,,,,,,,,,,
2026-08-09 00:00:00.000 Z,Women's AFL/St Kilda (W) v Carlton (W),35909237,COMBINED_TOTAL,260833865,Total Points,8435232,Over,25.5,WINNER,1,106,St Kilda (W),v Carlton (W),-26,40,66,,,,,,,,,,,
2026-08-09 00:00:00.000 Z,Women's AFL/St Kilda (W) v Carlton (W),35909237,COMBINED_TOTAL,260833865,Total Points,8435233,Under,26.5,LOSER,0,106,St Kilda (W),v Carlton (W),-26,40,66,,,,,,,,,,,
2026-08-09 00:00:00.000 Z,Women's AFL/St Kilda (W) v Carlton (W),35909237,COMBINED_TOTAL,260833865,Total Points,8435232,Over,26.5,WINNER,1,106,St Kilda (W),v Carlton (W),-26,40,66,,,,,,,,,,,
2026-08-09 00:00:00.000 Z,Women's AFL/St Kilda (W) v Carlton (W),35909237,COMBINED_TOTAL,260833865,Total Points,8435233,Under,27.5,LOSER,0,106,St Kilda (W),v Carlton (W),-26,40,66,,,,,,,,,,,
2026-08-09 00:00:00.000 Z,Women's AFL/St Kilda (W) v Carlton (W),35909237,COMBINED_TOTAL,260833865,Total Points,8435232,Over,27.5,WINNER,1,106,St Kilda (W),v Carlton (W),-26,40,66,,,,,,,,,,,
2026-08-09 00:00:00.000 Z,Women's AFL/St Kilda (W) v Carlton (W),35909237,COMBINED_TOTAL,260833865,Total Points,8435233,Under,28.5,LOSER,0,106,St Kilda (W),v Carlton (W),-26,40,66,,,,,,,,,,,
2026-08-09 00:00:00.000 Z,Women's AFL/St Kilda (W) v Carlton (W),35909237,COMBINED_TOTAL,260833865,Total Points,8435232,Over,28.5,WINNER,1,106,St Kilda (W),v Carlton (W),-26,40,66,,,,,,,,,,,
2026-08-09 00:00:00.000 Z,Women's AFL/St Kilda (W) v Carlton (W),35909237,COMBINED_TOTAL,260833865,Total Points,8435233,Under,29.5,LOSER,0,106,St Kilda (W),v Carlton (W),-26,40,66,,,,,,,,,,,
2026-08-09 00:00:00.000 Z,Women's AFL/St Kilda (W) v Carlton (W),35909237,COMBINED_TOTAL,260833865,Total Points,8435232,Over,29.5,WINNER,1,106,St Kilda (W),v Carlton (W),-26,40,66,,,,,,,,,,,
2026-08-09 00:00:00.000 Z,Women's AFL/St Kilda (W) v Carlton (W),35909237,COMBINED_TOTAL,260833865,Total Points,8435233,Under,30.5,LOSER,0,106,St Kilda (W),v Carlton (W),-26,40,66,,,,,,,,,,,
2026-08-09 00:00:00.000 Z,Women's AFL/St Kilda (W) v Carlton (W),35909237,COMBINED_TOTAL,260833865,Total Points,8435232,Over,30.5,WINNER,1,106,St Kilda (W),v Carlton (W),-26,40,66,,,,,,,,,,,
2026-08-09 00:00:00.000 Z,Women's AFL/St Kilda (W) v Carlton (W),35909237,COMBINED_TOTAL,260833865,Total Points,8435233,Under,31.5,LOSER,0,106,St Kilda (W),v Carlton (W),-26,40,66,,,,,,,,,,,
2026-08-09 00:00:00.000 Z,Women's AFL/St Kilda (W) v Carlton (W),35909237,COMBINED_TOTAL,260833865,Total Points,8435232,Over,31.5,WINNER,1,106,St Kilda (W),v Carlton (W),-26,40,66,,,,,,,,,,,
2026-08-09 00:00:00.000 Z,Women's AFL/St Kilda (W) v Carlton (W),35909237,COMBINED_TOTAL,260833865,Total Points,8435233,Under,32.5,LOSER,0,106,St Kilda (W),v Carlton (W),-26,40,66,,,,,,,,,,,
2026-08-09 00:00:00.000 Z,Women's AFL/St Kilda (W) v Carlton (W),35909237,COMBINED_TOTAL,260833865,Total Points,8435232,Over,32.5,WINNER,1,106,St Kilda (W),v Carlton (W),-26,40,66,,,,,,,,,,,
2026-08-09 00:00:00.000 Z,Women's AFL/St Kilda (W) v Carlton (W),35909237,COMBINED_TOTAL,260833865,Total Points,8435233,Under,33.5,LOSER,0,106,St Kilda (W),v Carlton (W),-26,40,66,,,,,,,,,,,
2026-08-09 00:00:00.000 Z,Women's AFL/St Kilda (W) v Carlton (W),35909237,COMBINED_TOTAL,260833865,Total Points,8435232,Over,33.5,WINNER,1,106,St Kilda (W),v Carlton (W),-26,40,66,,,,,,,,,,,
2026-08-09 00:00:00.000 Z,Women's AFL/St Kilda (W) v Carlton (W),35909237,COMBINED_TOTAL,260833865,Total Points,8435233,Under,34.5,LOSER,0,106,St Kilda (W),v Carlton (W),-26,40,66,,,,,,,,,,,
2026-08-09 00:00:00.000 Z,Women's AFL/St Kilda (W) v Carlton (W),35909237,COMBINED_TOTAL,260833865,Total Points,8435232,Over,34.5,WINNER,1,106,St Kilda (W),v Carlton (W),-26,40,66,,,,,,,,,,,
2026-08-09 00:00:00.000 Z,Women's AFL/St Kilda (W) v Carlton (W),35909237,COMBINED_TOTAL,260833865,Total Points,8435233,Under,35.5,LOSER,0,106,St Kilda (W),v Carlton (W),-26,40,66,,,,,,,,,,,
2026-08-09 00:00:00.000 Z,Women's AFL/St Kilda (W) v Carlton (W),35909237,COMBINED_TOTAL,260833865,Total Points,8435232,Over,35.5,WINNER,1,106,St Kilda (W),v Carlton (W),-26,40,66,,,,,,,,,,,
2026-08-09 00:00:00.000 Z,Women's AFL/St Kilda (W) v Carlton (W),35909237,COMBINED_TOTAL,260833865,Total Points,8435233,Under,36.5,LOSER,0,106,St Kilda (W),v Carlton (W),-26,40,66,,,,,,,,,,,
2026-08-09 00:00:00.000 Z,Women's AFL/St Kilda (W) v Carlton (W),35909237,COMBINED_TOTAL,260833865,Total Points,8435232,Over,36.5,WINNER,1,106,St Kilda (W),v Carlton (W),-26,40,66,,,,,,,,,,,
2026-08-09 00:00:00.000 Z,Women's AFL/St Kilda (W) v Carlton (W),35909237,COMBINED_TOTAL,260833865,Total Points,8435233,Under,37.5,LOSER,0,106,St Kilda (W),v Carlton (W),-26,40,66,,,,,,,,,,,
2026-08-09 00:00:00.000 Z,Women's AFL/St Kilda (W) v Carlton (W),35909237,COMBINED_TOTAL,260833865,Total Points,8435232,Over,37.5,WINNER,1,106,St Kilda (W),v Carlton (W),-26,40,66,,,,,,,,,,,
2026-08-09 00:00:00.000 Z,Women's AFL/St Kilda (W) v Carlton (W),35909237,COMBINED_TOTAL,260833865,Total Points,8435233,Under,38.5,LOSER,0,106,St Kilda (W),v Carlton (W),-26,40,66,,,,,,,,,,,
2026-08-09 00:00:00.000 Z,Women's AFL/St Kilda (W) v Carlton (W),35909237,COMBINED_TOTAL,260833865,Total Points,8435232,Over,38.5,WINNER,1,106,St Kilda (W),v Carlton (W),-26,40,66,,,,,,,,,,,
2026-08-09 00:00:00.000 Z,Women's AFL/St Kilda (W) v Carlton (W),35909237,COMBINED_TOTAL,260833865,Total Points,8435233,Under,39.5,LOSER,0,106,St Kilda (W),v Carlton (W),-26,40,66,,,,,,,,,,,
2026-08-09 00:00:00.000 Z,Women's AFL/St Kilda (W) v Carlton (W),35909237,COMBINED_TOTAL,260833865,Total Points,8435232,Over,39.5,WINNER,1,106,St Kilda (W),v Carlton (W),-26,40,66,,,,,,,,,,,
2026-08-09 00:00:00.000 Z,Women's AFL/St Kilda (W) v Carlton (W),35909237,COMBINED_TOTAL,260833865,Total Points,8435233,Under,40.5,LOSER,0,106,St Kilda (W),v Carlton (W),-26,40,66,,,,,,,,,,,
2026-08-09 00:00:00.000 Z,Women's AFL/St Kilda (W) v Carlton (W),35909237,COMBINED_TOTAL,260833865,Total Points,8435232,Over,40.5,WINNER,1,106,St Kilda (W),v Carlton (W),-26,40,66,,,,,,,,,,,
2026-08-09 00:00:00.000 Z,Women's AFL/St Kilda (W) v Carlton (W),35909237,COMBINED_TOTAL,260833865,Total Points,8435233,Under,41.5,LOSER,0,106,St Kilda (W),v Carlton (W),-26,40,66,,,,,,,,,,,
2026-08-09 00:00:00.000 Z,Women's AFL/St Kilda (W) v Carlton (W),35909237,COMBINED_TOTAL,260833865,Total Points,8435232,Over,41.5,WINNER,1,106,St Kilda (W),v Carlton (W),-26,40,66,,,,,,,,,,,
2026-08-09 00:00:00.000 Z,Women's AFL/St Kilda (W) v Carlton (W),35909237,COMBINED_TOTAL,260833865,Total Points,8435233,Under,42.5,LOSER,0,106,St Kilda (W),v Carlton (W),-26,40,66,,,,,,,,,,,
2026-08-09 00:00:00.000 Z,Women's AFL/St Kilda (W) v Carlton (W),35909237,COMBINED_TOTAL,260833865,Total Points,8435232,Over,42.5,WINNER,1,106,St Kilda (W),v Carlton (W),-26,40,66,,,,,,,,,,,
2026-08-09 00:00:00.000 Z,Women's AFL/St Kilda (W) v Carlton (W),35909237,COMBINED_TOTAL,260833865,Total Points,8435233,Under,43.5,LOSER,0,106,St Kilda (W),v Carlton (W),-26,40,66,,,,,,,,,,,
2026-08-09 00:00:00.000 Z,Women's AFL/St Kilda (W) v Carlton (W),35909237,COMBINED_TOTAL,260833865,Total Points,8435232,Over,43.5,WINNER,1,106,St Kilda (W),v Carlton (W),-26,40,66,,,,,,,,,,,
2026-08-09 00:00:00.000 Z,Women's AFL/St Kilda (W) v Carlton (W),35909237,COMBINED_TOTAL,260833865,Total Points,8435233,Under,44.5,LOSER,0,106,St Kilda (W),v Carlton (W),-26,40,66,,,,,,,,,,,
2026-08-09 00:00:00.000 Z,Women's AFL/St Kilda (W) v Carlton (W),35909237,COMBINED_TOTAL,260833865,Total Points,8435232,Over,44.5,WINNER,1,106,St Kilda (W),v Carlton (W),-26,40,66,,,,,,,,,,,
2026-08-09 00:00:00.000 Z,Women's AFL/St Kilda (W) v Carlton (W),35909237,COMBINED_TOTAL,260833865,Total Points,8435233,Under,45.5,LOSER,0,106,St Kilda (W),v Carlton (W),-26,40,66,,,,,,,,,,,
2026-08-09 00:00:00.000 Z,Women's AFL/St Kilda (W) v Carlton (W),35909237,COMBINED_TOTAL,260833865,Total Points,8435232,Over,45.5,WINNER,1,106,St Kilda (W),v Carlton (W),-26,40,66,,,,,,,,,,,
2026-08-09 00:00:00.000 Z,Women's AFL/St Kilda (W) v Carlton (W),35909237,COMBINED_TOTAL,260833865,Total Points,8435233,Under,46.5,LOSER,0,106,St Kilda (W),v Carlton (W),-26,40,66,,,,,,,,,,,
2026-08-09 00:00:00.000 Z,Women's AFL/St Kilda (W) v Carlton (W),35909237,COMBINED_TOTAL,260833865,Total Points,8435232,Over,46.5,WINNER,1,106,St Kilda (W),v Carlton (W),-26,40,66,,,,,,,,,,,
2026-08-09 00:00:00.000 Z,Women's AFL/St Kilda (W) v Carlton (W),35909237,COMBINED_TOTAL,260833865,Total Points,8435233,Under,47.5,LOSER,0,106,St Kilda (W),v Carlton (W),-26,40,66,,,,,,,,,,,
2026-08-09 00:00:00.000 Z,Women's AFL/St Kilda (W) v Carlton (W),35909237,COMBINED_TOTAL,260833865,Total Points,8435232,Over,47.5,WINNER,1,106,St Kilda (W),v Carlton (W),-26,40,66,,,,,,,,,,,
2026-08-09 00:00:00.000 Z,Women's AFL/St Kilda (W) v Carlton (W),35909237,COMBINED_TOTAL,260833865,Total Points,8435233,Under,48.5,LOSER,0,106,St Kilda (W),v Carlton (W),-26,40,66,,,,,,,,,,,
2026-08-09 00:00:00.000 Z,Women's AFL/St Kilda (W) v Carlton (W),35909237,COMBINED_TOTAL,260833865,Total Points,8435232,Over,48.5,WINNER,1,106,St Kilda (W),v Carlton (W),-26,40,66,,,,,,,,,,,
2026-08-09 00:00:00.000 Z,Women's AFL/St Kilda (W) v Carlton (W),35909237,COMBINED_TOTAL,260833865,Total Points,8435233,Under,49.5,LOSER,0,106,St Kilda (W),v Carlton (W),-26,40,66,,,,,,,,,,,
2026-08-09 00:00:00.000 Z,Women's AFL/St Kilda (W) v Carlton (W),35909237,COMBINED_TOTAL,260833865,Total Points,8435232,Over,49.5,WINNER,1,106,St Kilda (W),v Carlton (W),-26,40,66,,,,,,,,,,,
2026-08-09 00:00:00.000 Z,Women's AFL/St Kilda (W) v Carlton (W),35909237,COMBINED_TOTAL,260833865,Total Points,8435233,Under,50.5,LOSER,0,106,St Kilda (W),v Carlton (W),-26,40,66,,,,,,,,,,,
2026-08-09 00:00:00.000 Z,Women's AFL/St Kilda (W) v Carlton (W),35909237,COMBINED_TOTAL,260833865,Total Points,8435232,Over,50.5,WINNER,1,106,St Kilda (W),v Carlton (W),-26,40,66,,,,,,,,,,,
2026-08-09 00:00:00.000 Z,Women's AFL/St Kilda (W) v Carlton (W),35909237,COMBINED_TOTAL,260833865,Total Points,8435233,Under,51.5,LOSER,0,106,St Kilda (W),v Carlton (W),-26,40,66,,,,,,,,,,,
2026-08-09 00:00:00.000 Z,Women's AFL/St Kilda (W) v Carlton (W),35909237,COMBINED_TOTAL,260833865,Total Points,8435232,Over,51.5,WINNER,1,106,St Kilda (W),v Carlton (W),-26,40,66,,,,,,,,,,,
2026-08-09 00:00:00.000 Z,Women's AFL/St Kilda (W) v Carlton (W),35909237,COMBINED_TOTAL,260833865,Total Points,8435233,Under,52.5,LOSER,0,106,St Kilda (W),v Carlton (W),-26,40,66,,,,,,,,,,,
2026-08-09 00:00:00.000 Z,Women's AFL/St Kilda (W) v Carlton (W),35909237,COMBINED_TOTAL,260833865,Total Points,8435232,Over,52.5,WINNER,1,106,St Kilda (W),v Carlton (W),-26,40,66,,,,,,,,,,,
2026-08-09 00:00:00.000 Z,Women's AFL/St Kilda (W) v Carlton (W),35909237,COMBINED_TOTAL,260833865,Total Points,8435233,Under,53.5,LOSER,0,106,St Kilda (W),v Carlton (W),-26,40,66,,,,,,,,,,,
2026-08-09 00:00:00.000 Z,Women's AFL/St Kilda (W) v Carlton (W),35909237,COMBINED_TOTAL,260833865,Total Points,8435232,Over,53.5,WINNER,1,106,St Kilda (W),v Carlton (W),-26,40,66,,,,,,,,,,,
2026-08-09 00:00:00.000 Z,Women's AFL/St Kilda (W) v Carlton (W),35909237,COMBINED_TOTAL,260833865,Total Points,8435233,Under,54.5,LOSER,0,106,St Kilda (W),v Carlton (W),-26,40,66,,,,,,,,,,,
2026-08-09 00:00:00.000 Z,Women's AFL/St Kilda (W) v Carlton (W),35909237,COMBINED_TOTAL,260833865,Total Points,8435232,Over,54.5,WINNER,1,106,St Kilda (W),v Carlton (W),-26,40,66,,,,,,,,,,,
2026-08-09 00:00:00.000 Z,Women's AFL/St Kilda (W) v Carlton (W),35909237,COMBINED_TOTAL,260833865,Total Points,8435233,Under,55.5,LOSER,0,106,St Kilda (W),v Carlton (W),-26,40,66,,,,,,,,,,,
2026-08-09 00:00:00.000 Z,Women's AFL/St Kilda (W) v Carlton (W),35909237,COMBINED_TOTAL,260833865,Total Points,8435232,Over,55.5,WINNER,1,106,St Kilda (W),v Carlton (W),-26,40,66,,,,,,,,,,,
2026-08-09 00:00:00.000 Z,Women's AFL/St Kilda (W) v Carlton (W),35909237,COMBINED_TOTAL,260833865,Total Points,8435233,Under,56.5,LOSER,0,106,St Kilda (W),v Carlton (W),-26,40,66,,,,,,,,,,,
2026-08-09 00:00:00.000 Z,Women's AFL/St Kilda (W) v Carlton (W),35909237,COMBINED_TOTAL,260833865,Total Points,8435232,Over,56.5,WINNER,1,106,St Kilda (W),v Carlton (W),-26,40,66,,,,,,,,,,,
2026-08-09 00:00:00.000 Z,Women's AFL/St Kilda (W) v Carlton (W),35909237,COMBINED_TOTAL,260833865,Total Points,8435233,Under,57.5,LOSER,0,106,St Kilda (W),v Carlton (W),-26,40,66,,,,,,,,,,,
2026-08-09 00:00:00.000 Z,Women's AFL/St Kilda (W) v Carlton (W),35909237,COMBINED_TOTAL,260833865,Total Points,8435232,Over,57.5,WINNER,1,106,St Kilda (W),v Carlton (W),-26,40,66,,,,,,,,,,,
2026-08-09 00:00:00.000 Z,Women's AFL/St Kilda (W) v Carlton (W),35909237,COMBINED_TOTAL,260833865,Total Points,8435233,Under,58.5,LOSER,0,106,St Kilda (W),v Carlton (W),-26,40,66,,,,,,,,,,,
2026-08-09 00:00:00.000 Z,Women's AFL/St Kilda (W) v Carlton (W),35909237,COMBINED_TOTAL,260833865,Total Points,8435232,Over,58.5,WINNER,1,106,St Kilda (W),v Carlton (W),-26,40,66,,,,,,,,,,,
2026-08-09 00:00:00.000 Z,Women's AFL/St Kilda (W) v Carlton (W),35909237,COMBINED_TOTAL,260833865,Total Points,8435233,Under,59.5,LOSER,0,106,St Kilda (W),v Carlton (W),-26,40,66,,,,,,,,,,,
2026-08-09 00:00:00.000 Z,Women's AFL/St Kilda (W) v Carlton (W),35909237,COMBINED_TOTAL,260833865,Total Points,8435232,Over,59.5,WINNER,1,106,St Kilda (W),v Carlton (W),-26,40,66,,,,,,,,,,,
2026-08-09 00:00:00.000 Z,Women's AFL/St Kilda (W) v Carlton (W),35909237,COMBINED_TOTAL,260833865,Total Points,8435233,Under,60.5,LOSER,0,106,St Kilda (W),v Carlton (W),-26,40,66,,,,,,,,,,,
2026-08-09 00:00:00.000 Z,Women's AFL/St Kilda (W) v Carlton (W),35909237,COMBINED_TOTAL,260833865,Total Points,8435232,Over,60.5,WINNER,1,106,St Kilda (W),v Carlton (W),-26,40,66,,,,,,,,,,,
2026-08-09 00:00:00.000 Z,Women's AFL/St Kilda (W) v Carlton (W),35909237,COMBINED_TOTAL,260833865,Total Points,8435233,Under,61.5,LOSER,0,106,St Kilda (W),v Carlton (W),-26,40,66,,,,,,,,,,,
2026-08-09 00:00:00.000 Z,Women's AFL/St Kilda (W) v Carlton (W),35909237,COMBINED_TOTAL,260833865,Total Points,8435232,Over,61.5,WINNER,1,106,St Kilda (W),v Carlton (W),-26,40,66,,,,,,,,,,,
2026-08-09 00:00:00.000 Z,Women's AFL/St Kilda (W) v Carlton (W),35909237,COMBINED_TOTAL,260833865,Total Points,8435233,Under,62.5,LOSER,0,106,St Kilda (W),v Carlton (W),-26,40,66,,,,,,,,,,,
2026-08-09 00:00:00.000 Z,Women's AFL/St Kilda (W) v Carlton (W),35909237,COMBINED_TOTAL,260833865,Total Points,8435232,Over,62.5,WINNER,1,106,St Kilda (W),v Carlton (W),-26,40,66,,,,,,,,,,,
2026-08-09 00:00:00.000 Z,Women's AFL/St Kilda (W) v Carlton (W),35909237,COMBINED_TOTAL,260833865,Total Points,8435233,Under,63.5,LOSER,0,106,St Kilda (W),v Carlton (W),-26,40,66,,,,,,,,,,,
2026-08-09 00:00:00.000 Z,Women's AFL/St Kilda (W) v Carlton (W),35909237,COMBINED_TOTAL,260833865,Total Points,8435232,Over,63.5,WINNER,1,106,St Kilda (W),v Carlton (W),-26,40,66,,,,,,,,,,,
2026-08-09 00:00:00.000 Z,Women's AFL/St Kilda (W) v Carlton (W),35909237,COMBINED_TOTAL,260833865,Total Points,8435233,Under,64.5,LOSER,0,106,St Kilda (W),v Carlton (W),-26,40,66,,,,,,,,,,,
2026-08-09 00:00:00.000 Z,Women's AFL/St Kilda (W) v Carlton (W),35909237,COMBINED_TOTAL,260833865,Total Points,8435232,Over,64.5,WINNER,1,106,St Kilda (W),v Carlton (W),-26,40,66,,,,,,,,,,,
2026-08-09 00:00:00.000 Z,Women's AFL/St Kilda (W) v Carlton (W),35909237,COMBINED_TOTAL,260833865,Total Points,8435233,Under,65.5,LOSER,0,106,St Kilda (W),v Carlton (W),-26,40,66,,,,,,,,,,,
2026-08-09 00:00:00.000 Z,Women's AFL/St Kilda (W) v Carlton (W),35909237,COMBINED_TOTAL,260833865,Total Points,8435232,Over,65.5,WINNER,1,106,St Kilda (W),v Carlton (W),-26,40,66,,,,,,,,,,,
2026-08-09 00:00:00.000 Z,Women's AFL/St Kilda (W) v Carlton (W),35909237,COMBINED_TOTAL,260833865,Total Points,8435233,Under,66.5,LOSER,0,106,St Kilda (W),v Carlton (W),-26,40,66,,,,,,,,,,,
2026-08-09 00:00:00.000 Z,Women's AFL/St Kilda (W) v Carlton (W),35909237,COMBINED_TOTAL,260833865,Total Points,8435232,Over,66.5,WINNER,1,106,St Kilda (W),v Carlton (W),-26,40,66,,,,,,,,,,,
2026-08-09 00:00:00.000 Z,Women's AFL/St Kilda (W) v Carlton (W),35909237,COMBINED_TOTAL,260833865,Total Points,8435233,Under,67.5,LOSER,0,106,St Kilda (W),v Carlton (W),-26,40,66,,,,,,,,,,,
2026-08-09 00:00:00.000 Z,Women's AFL/St Kilda (W) v Carlton (W),35909237,COMBINED_TOTAL,260833865,Total Points,8435232,Over,67.5,WINNER,1,106,St Kilda (W),v Carlton (W),-26,40,66,,,,,,,,,,,
2026-08-09 00:00:00.000 Z,Women's AFL/St Kilda (W) v Carlton (W),35909237,COMBINED_TOTAL,260833865,Total Points,8435233,Under,68.5,LOSER,0,106,St Kilda (W),v Carlton (W),-26,40,66,,,,,,,,,,,
2026-08-09 00:00:00.000 Z,Women's AFL/St Kilda (W) v Carlton (W),35909237,COMBINED_TOTAL,260833865,Total Points,8435232,Over,68.5,WINNER,1,106,St Kilda (W),v Carlton (W),-26,40,66,,,,,,,,,,,
2026-08-09 00:00:00.000 Z,Women's AFL/St Kilda (W) v Carlton (W),35909237,COMBINED_TOTAL,260833865,Total Points,8435233,Under,69.5,LOSER,0,106,St Kilda (W),v Carlton (W),-26,40,66,,,,,,,,,,,
2026-08-09 00:00:00.000 Z,Women's AFL/St Kilda (W) v Carlton (W),35909237,COMBINED_TOTAL,260833865,Total Points,8435232,Over,69.5,WINNER,1,106,St Kilda (W),v Carlton (W),-26,40,66,,,,,,,,,,,
2026-08-09 00:00:00.000 Z,Women's AFL/St Kilda (W) v Carlton (W),35909237,COMBINED_TOTAL,260833865,Total Points,8435233,Under,70.5,LOSER,0,106,St Kilda (W),v Carlton (W),-26,40,66,,,,,,,,,,,
2026-08-09 00:00:00.000 Z,Women's AFL/St Kilda (W) v Carlton (W),35909237,COMBINED_TOTAL,260833865,Total Points,8435232,Over,70.5,WINNER,1,106,St Kilda (W),v Carlton (W),-26,40,66,,,,,,,,,,,
2026-08-09 00:00:00.000 Z,Women's AFL/St Kilda (W) v Carlton (W),35909237,COMBINED_TOTAL,260833865,Total Points,8435233,Under,71.5,LOSER,0,106,St Kilda (W),v Carlton (W),-26,40,66,,,,,,,,,,,
2026-08-09 00:00:00.000 Z,Women's AFL/St Kilda (W) v Carlton (W),35909237,COMBINED_TOTAL,260833865,Total Points,8435232,Over,71.5,WINNER,1,106,St Kilda (W),v Carlton (W),-26,40,66,,,,,,,,,,,
2026-08-09 00:00:00.000 Z,Women's AFL/St Kilda (W) v Carlton (W),35909237,COMBINED_TOTAL,260833865,Total Points,8435233,Under,72.5,LOSER,0,106,St Kilda (W),v Carlton (W),-26,40,66,,,,,,,,,,,
2026-08-09 00:00:00.000 Z,Women's AFL/St Kilda (W) v Carlton (W),35909237,COMBINED_TOTAL,260833865,Total Points,8435232,Over,72.5,WINNER,1,106,St Kilda (W),v Carlton (W),-26,40,66,,,,,,,,,,,
2026-08-09 00:00:00.000 Z,Women's AFL/St Kilda (W) v Carlton (W),35909237,COMBINED_TOTAL,260833865,Total Points,8435233,Under,73.5,LOSER,0,106,St Kilda (W),v Carlton (W),-26,40,66,,,,,,,,,,,
2026-08-09 00:00:00.000 Z,Women's AFL/St Kilda (W) v Carlton (W),35909237,COMBINED_TOTAL,260833865,Total Points,8435232,Over,73.5,WINNER,1,106,St Kilda (W),v Carlton (W),-26,40,66,,,,,,,,,,,
2026-08-09 00:00:00.000 Z,Women's AFL/St Kilda (W) v Carlton (W),35909237,COMBINED_TOTAL,260833865,Total Points,8435233,Under,74.5,LOSER,0,106,St Kilda (W),v Carlton (W),-26,40,66,,,,,,,,,,,
2026-08-09 00:00:00.000 Z,Women's AFL/St Kilda (W) v Carlton (W),35909237,COMBINED_TOTAL,260833865,Total Points,8435232,Over,74.5,WINNER,1,106,St Kilda (W),v Carlton (W),-26,40,66,,,,,,,,,,,
2026-08-09 00:00:00.000 Z,Women's AFL/St Kilda (W) v Carlton (W),35909237,COMBINED_TOTAL,260833865,Total Points,8435233,Under,75.5,LOSER,0,106,St Kilda (W),v Carlton (W),-26,40,66,,,,,,,,,,,
2026-08-09 00:00:00.000 Z,Women's AFL/St Kilda (W) v Carlton (W),35909237,COMBINED_TOTAL,260833865,Total Points,8435232,Over,75.5,WINNER,1,106,St Kilda (W),v Carlton (W),-26,40,66,,,,,,,,,,,
2026-08-09 00:00:00.000 Z,Women's AFL/St Kilda (W) v Carlton (W),35909237,COMBINED_TOTAL,260833865,Total Points,8435233,Under,76.5,LOSER,0,106,St Kilda (W),v Carlton (W),-26,40,66,,,,,,,,,,,
2026-08-09 00:00:00.000 Z,Women's AFL/St Kilda (W) v Carlton (W),35909237,COMBINED_TOTAL,260833865,Total Points,8435232,Over,76.5,WINNER,1,106,St Kilda (W),v Carlton (W),-26,40,66,,,,,,,,,,,
2026-08-09 00:00:00.000 Z,Women's AFL/St Kilda (W) v Carlton (W),35909237,COMBINED_TOTAL,260833865,Total Points,8435233,Under,77.5,LOSER,0,106,St Kilda (W),v Carlton (W),-26,40,66,,,,,,,,,,,
2026-08-09 00:00:00.000 Z,Women's AFL/St Kilda (W) v Carlton (W),35909237,COMBINED_TOTAL,260833865,Total Points,8435232,Over,77.5,WINNER,1,106,St Kilda (W),v Carlton (W),-26,40,66,,,,,,,,,,,
2026-08-09 00:00:00.000 Z,Women's AFL/St Kilda (W) v Carlton (W),35909237,COMBINED_TOTAL,260833865,Total Points,8435233,Under,78.5,LOSER,0,106,St Kilda (W),v Carlton (W),-26,40,66,,,,,,,,,,,
2026-08-09 00:00:00.000 Z,Women's AFL/St Kilda (W) v Carlton (W),35909237,COMBINED_TOTAL,260833865,Total Points,8435232,Over,78.5,WINNER,1,106,St Kilda (W),v Carlton (W),-26,40,66,,,,,,,,,,,
2026-08-09 00:00:00.000 Z,Women's AFL/St Kilda (W) v Carlton (W),35909237,COMBINED_TOTAL,260833865,Total Points,8435233,Under,79.5,LOSER,0,106,St Kilda (W),v Carlton (W),-26,40,66,,,,,,,,,,,
2026-08-09 00:00:00.000 Z,Women's AFL/St Kilda (W) v Carlton (W),35909237,COMBINED_TOTAL,260833865,Total Points,8435232,Over,79.5,WINNER,1,106,St Kilda (W),v Carlton (W),-26,40,66,,,,,,,,,,,
2026-08-09 00:00:00.000 Z,Women's AFL/St Kilda (W) v Carlton (W),35909237,COMBINED_TOTAL,260833865,Total Points,8435233,Under,80.5,LOSER,0,106,St Kilda (W),v Carlton (W),-26,40,66,,,,,,,,,,,
2026-08-09 00:00:00.000 Z,Women's AFL/St Kilda (W) v Carlton (W),35909237,COMBINED_TOTAL,260833865,Total Points,8435232,Over,80.5,WINNER,1,106,St Kilda (W),v Carlton (W),-26,40,66,,,,,,,,,,,
2026-08-09 00:00:00.000 Z,Women's AFL/St Kilda (W) v Carlton (W),35909237,COMBINED_TOTAL,260833865,Total Points,8435233,Under,81.5,LOSER,0,106,St Kilda (W),v Carlton (W),-26,40,66,,,,,,,,,,,
2026-08-09 00:00:00.000 Z,Women's AFL/St Kilda (W) v Carlton (W),35909237,COMBINED_TOTAL,260833865,Total Points,8435232,Over,81.5,WINNER,1,106,St Kilda (W),v Carlton (W),-26,40,66,,,,,,,,,,,
2026-08-09 00:00:00.000 Z,Women's AFL/St Kilda (W) v Carlton (W),35909237,COMBINED_TOTAL,260833865,Total Points,8435233,Under,82.5,LOSER,0,106,St Kilda (W),v Carlton (W),-26,40,66,,,,,,,,,,,
2026-08-09 00:00:00.000 Z,Women's AFL/St Kilda (W) v Carlton (W),35909237,COMBINED_TOTAL,260833865,Total Points,8435232,Over,82.5,WINNER,1,106,St Kilda (W),v Carlton (W),-26,40,66,,,,,,,,,,,
2026-08-09 00:00:00.000 Z,Women's AFL/St Kilda (W) v Carlton (W),35909237,COMBINED_TOTAL,260833865,Total Points,8435233,Under,83.5,LOSER,0,106,St Kilda (W),v Carlton (W),-26,40,66,,,,,,,,,,,
2026-08-09 00:00:00.000 Z,Women's AFL/St Kilda (W) v Carlton (W),35909237,COMBINED_TOTAL,260833865,Total Points,8435232,Over,83.5,WINNER,1,106,St Kilda (W),v Carlton (W),-26,40,66,,,,,,,,,,,
2026-08-09 00:00:00.000 Z,Women's AFL/St Kilda (W) v Carlton (W),35909237,COMBINED_TOTAL,260833865,Total Points,8435233,Under,84.5,LOSER,0,106,St Kilda (W),v Carlton (W),-26,40,66,,,,,,,,,,,
2026-08-09 00:00:00.000 Z,Women's AFL/St Kilda (W) v Carlton (W),35909237,COMBINED_TOTAL,260833865,Total Points,8435232,Over,84.5,WINNER,1,106,St Kilda (W),v Carlton (W),-26,40,66,,,,,,,,,,,
2026-08-09 00:00:00.000 Z,Women's AFL/St Kilda (W) v Carlton (W),35909237,COMBINED_TOTAL,260833865,Total Points,8435233,Under,85.5,LOSER,0,106,St Kilda (W),v Carlton (W),-26,40,66,,,,,,,,,,,
2026-08-09 00:00:00.000 Z,Women's AFL/St Kilda (W) v Carlton (W),35909237,COMBINED_TOTAL,260833865,Total Points,8435232,Over,85.5,WINNER,1,106,St Kilda (W),v Carlton (W),-26,40,66,,,,,,,,,,,
2026-08-09 00:00:00.000 Z,Women's AFL/St Kilda (W) v Carlton (W),35909237,COMBINED_TOTAL,260833865,Total Points,8435233,Under,86.5,LOSER,0,106,St Kilda (W),v Carlton (W),-26,40,66,,,,,,,,,,,
2026-08-09 00:00:00.000 Z,Women's AFL/St Kilda (W) v Carlton (W),35909237,COMBINED_TOTAL,260833865,Total Points,8435232,Over,86.5,WINNER,1,106,St Kilda (W),v Carlton (W),-26,40,66,,,,,,,,,,,
2026-08-09 00:00:00.000 Z,Women's AFL/St Kilda (W) v Carlton (W),35909237,COMBINED_TOTAL,260833865,Total Points,8435233,Under,87.5,LOSER,0,106,St Kilda (W),v Carlton (W),-26,40,66,,,,,,,,,,,
2026-08-09 00:00:00.000 Z,Women's AFL/St Kilda (W) v Carlton (W),35909237,COMBINED_TOTAL,260833865,Total Points,8435232,Over,87.5,WINNER,1,106,St Kilda (W),v Carlton (W),-26,40,66,,,,,,,,,,,
2026-08-09 00:00:00.000 Z,Women's AFL/St Kilda (W) v Carlton (W),35909237,COMBINED_TOTAL,260833865,Total Points,8435233,Under,88.5,LOSER,0,106,St Kilda (W),v Carlton (W),-26,40,66,,,,,,,,,,,
2026-08-09 00:00:00.000 Z,Women's AFL/St Kilda (W) v Carlton (W),35909237,COMBINED_TOTAL,260833865,Total Points,8435232,Over,88.5,WINNER,1,106,St Kilda (W),v Carlton (W),-26,40,66,,,,,,,,,,,
2026-08-09 00:00:00.000 Z,Women's AFL/St Kilda (W) v Carlton (W),35909237,COMBINED_TOTAL,260833865,Total Points,8435233,Under,89.5,LOSER,0,106,St Kilda (W),v Carlton (W),-26,40,66,,,,,,,,,,,
2026-08-09 00:00:00.000 Z,Women's AFL/St Kilda (W) v Carlton (W),35909237,COMBINED_TOTAL,260833865,Total Points,8435232,Over,89.5,WINNER,1,106,St Kilda (W),v Carlton (W),-26,40,66,,,,,,,,,,,
2026-08-09 00:00:00.000 Z,Women's AFL/St Kilda (W) v Carlton (W),35909237,COMBINED_TOTAL,260833865,Total Points,8435233,Under,90.5,LOSER,0,106,St Kilda (W),v Carlton (W),-26,40,66,,,,,,,,,,,
2026-08-09 00:00:00.000 Z,Women's AFL/St Kilda (W) v Carlton (W),35909237,COMBINED_TOTAL,260833865,Total Points,8435232,Over,90.5,WINNER,1,106,St Kilda (W),v Carlton (W),-26,40,66,,,,,,,,,,,
2026-08-09 00:00:00.000 Z,Women's AFL/St Kilda (W) v Carlton (W),35909237,COMBINED_TOTAL,260833865,Total Points,8435233,Under,91.5,LOSER,0,106,St Kilda (W),v Carlton (W),-26,40,66,,,,,,,,,,,
2026-08-09 00:00:00.000 Z,Women's AFL/St Kilda (W) v Carlton (W),35909237,COMBINED_TOTAL,260833865,Total Points,8435232,Over,91.5,WINNER,1,106,St Kilda (W),v Carlton (W),-26,40,66,,,,,,,,,,,
2026-08-09 00:00:00.000 Z,Women's AFL/St Kilda (W) v Carlton (W),35909237,COMBINED_TOTAL,260833865,Total Points,8435233,Under,92.5,LOSER,0,106,St Kilda (W),v Carlton (W),-26,40,66,,,,,,,,,,,
2026-08-09 00:00:00.000 Z,Women's AFL/St Kilda (W) v Carlton (W),35909237,COMBINED_TOTAL,260833865,Total Points,8435232,Over,92.5,WINNER,1,106,St Kilda (W),v Carlton (W),-26,40,66,,,,,,,,,,,
2026-08-09 00:00:00.000 Z,Women's AFL/St Kilda (W) v Carlton (W),35909237,COMBINED_TOTAL,260833865,Total Points,8435233,Under,93.5,LOSER,0,106,St Kilda (W),v Carlton (W),-26,40,66,,,,,,,,,,,
2026-08-09 00:00:00.000 Z,Women's AFL/St Kilda (W) v Carlton (W),35909237,COMBINED_TOTAL,260833865,Total Points,8435232,Over,93.5,WINNER,1,106,St Kilda (W),v Carlton (W),-26,40,66,,,,,,,,,,,
2026-08-09 00:00:00.000 Z,Women's AFL/St Kilda (W) v Carlton (W),35909237,COMBINED_TOTAL,260833865,Total Points,8435233,Under,94.5,LOSER,0,106,St Kilda (W),v Carlton (W),-26,40,66,,,,,,,,,,,
2026-08-09 00:00:00.000 Z,Women's AFL/St Kilda (W) v Carlton (W),35909237,COMBINED_TOTAL,260833865,Total Points,8435232,Over,94.5,WINNER,1,106,St Kilda (W),v Carlton (W),-26,40,66,,,,,,,,,,,
2026-08-09 00:00:00.000 Z,Women's AFL/St Kilda (W) v Carlton (W),35909237,COMBINED_TOTAL,260833865,Total Points,8435233,Under,95.5,LOSER,0,106,St Kilda (W),v Carlton (W),-26,40,66,,,,,,,,,,,
2026-08-09 00:00:00.000 Z,Women's AFL/St Kilda (W) v Carlton (W),35909237,COMBINED_TOTAL,260833865,Total Points,8435232,Over,95.5,WINNER,1,106,St Kilda (W),v Carlton (W),-26,40,66,,,,,,,,,,,
2026-08-09 00:00:00.000 Z,Women's AFL/St Kilda (W) v Carlton (W),35909237,COMBINED_TOTAL,260833865,Total Points,8435233,Under,96.5,LOSER,0,106,St Kilda (W),v Carlton (W),-26,40,66,,,,,,,,,,,
2026-08-09 00:00:00.000 Z,Women's AFL/St Kilda (W) v Carlton (W),35909237,COMBINED_TOTAL,260833865,Total Points,8435232,Over,96.5,WINNER,1,106,St Kilda (W),v Carlton (W),-26,40,66,,,,,,,,,,,
2026-08-09 00:00:00.000 Z,Women's AFL/St Kilda (W) v Carlton (W),35909237,COMBINED_TOTAL,260833865,Total Points,8435233,Under,97.5,LOSER,0,106,St Kilda (W),v Carlton (W),-26,40,66,,,,,,,,,,,
2026-08-09 00:00:00.000 Z,Women's AFL/St Kilda (W) v Carlton (W),35909237,COMBINED_TOTAL,260833865,Total Points,8435232,Over,97.5,WINNER,1,106,St Kilda (W),v Carlton (W),-26,40,66,,,,,,,,,,,
2026-08-09 00:00:00.000 Z,Women's AFL/St Kilda (W) v Carlton (W),35909237,COMBINED_TOTAL,260833865,Total Points,8435233,Under,98.5,LOSER,0,106,St Kilda (W),v Carlton (W),-26,40,66,,,,,,,,,,,
2026-08-09 00:00:00.000 Z,Women's AFL/St Kilda (W) v Carlton (W),35909237,COMBINED_TOTAL,260833865,Total Points,8435232,Over,98.5,WINNER,1,106,St Kilda (W),v Carlton (W),-26,40,66,,,,,,,,,,,
2026-08-09 00:00:00.000 Z,Women's AFL/St Kilda (W) v Carlton (W),35909237,COMBINED_TOTAL,260833865,Total Points,8435233,Under,99.5,LOSER,0,106,St Kilda (W),v Carlton (W),-26,40,66,,,,,,,,,,,
2026-08-09 00:00:00.000 Z,Women's AFL/St Kilda (W) v Carlton (W),35909237,COMBINED_TOTAL,260833865,Total Points,8435232,Over,99.5,WINNER,1,106,St Kilda (W),v Carlton (W),-26,40,66,,,,,,,,,,,
2026-08-09 00:00:00.000 Z,Women's AFL/St Kilda (W) v Carlton (W),35909237,COMBINED_TOTAL,260833865,Total Points,8435233,Under,100.5,LOSER,0,106,St Kilda (W),v Carlton (W),-26,40,66,,,,,,,,,,,
2026-08-09 00:00:00.000 Z,Women's AFL/St Kilda (W) v Carlton (W),35909237,COMBINED_TOTAL,260833865,Total Points,8435232,Over,100.5,WINNER,1,106,St Kilda (W),v Carlton (W),-26,40,66,,,,,,,,,,,
2026-08-09 00:00:00.000 Z,Women's AFL/St Kilda (W) v Carlton (W),35909237,COMBINED_TOTAL,260833865,Total Points,8435233,Under,101.5,LOSER,0,106,St Kilda (W),v Carlton (W),-26,40,66,,,,,,,,,,,
2026-08-09 00:00:00.000 Z,Women's AFL/St Kilda (W) v Carlton (W),35909237,COMBINED_TOTAL,260833865,Total Points,8435232,Over,101.5,WINNER,1,106,St Kilda (W),v Carlton (W),-26,40,66,,,,,,,,,,,
2026-08-09 00:00:00.000 Z,Women's AFL/St Kilda (W) v Carlton (W),35909237,COMBINED_TOTAL,260833865,Total Points,8435233,Under,102.5,LOSER,0,106,St Kilda (W),v Carlton (W),-26,40,66,,,,,,,,,,,
2026-08-09 00:00:00.000 Z,Women's AFL/St Kilda (W) v Carlton (W),35909237,COMBINED_TOTAL,260833865,Total Points,8435232,Over,102.5,WINNER,1,106,St Kilda (W),v Carlton (W),-26,40,66,,,,,,,,,,,
2026-08-09 00:00:00.000 Z,Women's AFL/St Kilda (W) v Carlton (W),35909237,COMBINED_TOTAL,260833865,Total Points,8435233,Under,103.5,LOSER,0,106,St Kilda (W),v Carlton (W),-26,40,66,,,,,,,,,,,
2026-08-09 00:00:00.000 Z,Women's AFL/St Kilda (W) v Carlton (W),35909237,COMBINED_TOTAL,260833865,Total Points,8435232,Over,103.5,WINNER,1,106,St Kilda (W),v Carlton (W),-26,40,66,,,,,,,,,,,
2026-08-09 00:00:00.000 Z,Women's AFL/St Kilda (W) v Carlton (W),35909237,COMBINED_TOTAL,260833865,Total Points,8435233,Under,104.5,LOSER,0,106,St Kilda (W),v Carlton (W),-26,40,66,,,,,,,,,,,
2026-08-09 00:00:00.000 Z,Women's AFL/St Kilda (W) v Carlton (W),35909237,COMBINED_TOTAL,260833865,Total Points,8435232,Over,104.5,WINNER,1,106,St Kilda (W),v Carlton (W),-26,40,66,,,,,,,,,,,
2026-08-09 00:00:00.000 Z,Women's AFL/St Kilda (W) v Carlton (W),35909237,COMBINED_TOTAL,260833865,Total Points,8435233,Under,105.5,LOSER,0,106,St Kilda (W),v Carlton (W),-26,40,66,,,,,,,,,,,
2026-08-09 00:00:00.000 Z,Women's AFL/St Kilda (W) v Carlton (W),35909237,COMBINED_TOTAL,260833865,Total Points,8435232,Over,105.5,WINNER,1,106,St Kilda (W),v Carlton (W),-26,40,66,,,,,,,,,,,
2026-08-09 00:00:00.000 Z,Women's AFL/St Kilda (W) v Carlton (W),35909237,COMBINED_TOTAL,260833865,Total Points,8435232,Over,106.5,LOSER,0,106,St Kilda (W),v Carlton (W),-26,40,66,,,,,,,,,,,
2026-08-09 00:00:00.000 Z,Women's AFL/St Kilda (W) v Carlton (W),35909237,COMBINED_TOTAL,260833865,Total Points,8435233,Under,106.5,WINNER,1,106,St Kilda (W),v Carlton (W),-26,40,66,,,,,,,,,,,
2026-08-09 00:00:00.000 Z,Women's AFL/St Kilda (W) v Carlton (W),35909237,COMBINED_TOTAL,260833865,Total Points,8435232,Over,107.5,LOSER,0,106,St Kilda (W),v Carlton (W),-26,40,66,,,,,,,,,,,
2026-08-09 00:00:00.000 Z,Women's AFL/St Kilda (W) v Carlton (W),35909237,COMBINED_TOTAL,260833865,Total Points,8435233,Under,107.5,WINNER,1,106,St Kilda (W),v Carlton (W),-26,40,66,,,,,,,,,,,
2026-08-09 00:00:00.000 Z,Women's AFL/St Kilda (W) v Carlton (W),35909237,COMBINED_TOTAL,260833865,Total Points,8435232,Over,108.5,LOSER,0,106,St Kilda (W),v Carlton (W),-26,40,66,,,,,,,,,,,
2026-08-09 00:00:00.000 Z,Women's AFL/St Kilda (W) v Carlton (W),35909237,COMBINED_TOTAL,260833865,Total Points,8435233,Under,108.5,WINNER,1,106,St Kilda (W),v Carlton (W),-26,40,66,,,,,,,,,,,
2026-08-09 00:00:00.000 Z,Women's AFL/St Kilda (W) v Carlton (W),35909237,COMBINED_TOTAL,260833865,Total Points,8435232,Over,109.5,LOSER,0,106,St Kilda (W),v Carlton (W),-26,40,66,,,,,,,,,,,
2026-08-09 00:00:00.000 Z,Women's AFL/St Kilda (W) v Carlton (W),35909237,COMBINED_TOTAL,260833865,Total Points,8435233,Under,109.5,WINNER,1,106,St Kilda (W),v Carlton (W),-26,40,66,,,,,,,,,,,
2026-08-09 00:00:00.000 Z,Women's AFL/St Kilda (W) v Carlton (W),35909237,COMBINED_TOTAL,260833865,Total Points,8435232,Over,110.5,LOSER,0,106,St Kilda (W),v Carlton (W),-26,40,66,,,,,,,,,,,
2026-08-09 00:00:00.000 Z,Women's AFL/St Kilda (W) v Carlton (W),35909237,COMBINED_TOTAL,260833865,Total Points,8435233,Under,110.5,WINNER,1,106,St Kilda (W),v Carlton (W),-26,40,66,,,,,,,,,,,
2026-08-09 00:00:00.000 Z,Women's AFL/St Kilda (W) v Carlton (W),35909237,COMBINED_TOTAL,260833865,Total Points,8435232,Over,111.5,LOSER,0,106,St Kilda (W),v Carlton (W),-26,40,66,,,,,,,,,,,
2026-08-09 00:00:00.000 Z,Women's AFL/St Kilda (W) v Carlton (W),35909237,COMBINED_TOTAL,260833865,Total Points,8435233,Under,111.5,WINNER,1,106,St Kilda (W),v Carlton (W),-26,40,66,,,,,,,,,,,
2026-08-09 00:00:00.000 Z,Women's AFL/St Kilda (W) v Carlton (W),35909237,COMBINED_TOTAL,260833865,Total Points,8435232,Over,112.5,LOSER,0,106,St Kilda (W),v Carlton (W),-26,40,66,,,,,,,,,,,
2026-08-09 00:00:00.000 Z,Women's AFL/St Kilda (W) v Carlton (W),35909237,COMBINED_TOTAL,260833865,Total Points,8435233,Under,112.5,WINNER,1,106,St Kilda (W),v Carlton (W),-26,40,66,,,,,,,,,,,
2026-08-09 00:00:00.000 Z,Women's AFL/St Kilda (W) v Carlton (W),35909237,COMBINED_TOTAL,260833865,Total Points,8435232,Over,113.5,LOSER,0,106,St Kilda (W),v Carlton (W),-26,40,66,,,,,,,,,,,
2026-08-09 00:00:00.000 Z,Women's AFL/St Kilda (W) v Carlton (W),35909237,COMBINED_TOTAL,260833865,Total Points,8435233,Under,113.5,WINNER,1,106,St Kilda (W),v Carlton (W),-26,40,66,,,,,,,,,,,
2026-08-09 00:00:00.000 Z,Women's AFL/St Kilda (W) v Carlton (W),35909237,COMBINED_TOTAL,260833865,Total Points,8435232,Over,114.5,LOSER,0,106,St Kilda (W),v Carlton (W),-26,40,66,,,,,,,,,,,
2026-08-09 00:00:00.000 Z,Women's AFL/St Kilda (W) v Carlton (W),35909237,COMBINED_TOTAL,260833865,Total Points,8435233,Under,114.5,WINNER,1,106,St Kilda (W),v Carlton (W),-26,40,66,,,,,,,,,,,
2026-08-09 00:00:00.000 Z,Women's AFL/St Kilda (W) v Carlton (W),35909237,COMBINED_TOTAL,260833865,Total Points,8435232,Over,115.5,LOSER,0,106,St Kilda (W),v Carlton (W),-26,40,66,,,,,,,,,,,
2026-08-09 00:00:00.000 Z,Women's AFL/St Kilda (W) v Carlton (W),35909237,COMBINED_TOTAL,260833865,Total Points,8435233,Under,115.5,WINNER,1,106,St Kilda (W),v Carlton (W),-26,40,66,,,,,,,,,,,
2026-08-09 00:00:00.000 Z,Women's AFL/St Kilda (W) v Carlton (W),35909237,COMBINED_TOTAL,260833865,Total Points,8435232,Over,116.5,LOSER,0,106,St Kilda (W),v Carlton (W),-26,40,66,,,,,,,,,,,
2026-08-09 00:00:00.000 Z,Women's AFL/St Kilda (W) v Carlton (W),35909237,COMBINED_TOTAL,260833865,Total Points,8435233,Under,116.5,WINNER,1,106,St Kilda (W),v Carlton (W),-26,40,66,,,,,,,,,,,
2026-08-09 00:00:00.000 Z,Women's AFL/St Kilda (W) v Carlton (W),35909237,COMBINED_TOTAL,260833865,Total Points,8435232,Over,117.5,LOSER,0,106,St Kilda (W),v Carlton (W),-26,40,66,,,,,,,,,,,
2026-08-09 00:00:00.000 Z,Women's AFL/St Kilda (W) v Carlton (W),35909237,COMBINED_TOTAL,260833865,Total Points,8435233,Under,117.5,WINNER,1,106,St Kilda (W),v Carlton (W),-26,40,66,,,,,,,,,,,
2026-08-09 00:00:00.000 Z,Women's AFL/St Kilda (W) v Carlton (W),35909237,COMBINED_TOTAL,260833865,Total Points,8435232,Over,118.5,LOSER,0,106,St Kilda (W),v Carlton (W),-26,40,66,,,,,,,,,,,
2026-08-09 00:00:00.000 Z,Women's AFL/St Kilda (W) v Carlton (W),35909237,COMBINED_TOTAL,260833865,Total Points,8435233,Under,118.5,WINNER,1,106,St Kilda (W),v Carlton (W),-26,40,66,,,,,,,,,,,
2026-08-09 00:00:00.000 Z,Women's AFL/St Kilda (W) v Carlton (W),35909237,COMBINED_TOTAL,260833865,Total Points,8435232,Over,119.5,LOSER,0,106,St Kilda (W),v Carlton (W),-26,40,66,,,,,,,,,,,
2026-08-09 00:00:00.000 Z,Women's AFL/St Kilda (W) v Carlton (W),35909237,COMBINED_TOTAL,260833865,Total Points,8435233,Under,119.5,WINNER,1,106,St Kilda (W),v Carlton (W),-26,40,66,,,,,,,,,,,
2026-08-09 00:00:00.000 Z,Women's AFL/St Kilda (W) v Carlton (W),35909237,COMBINED_TOTAL,260833865,Total Points,8435232,Over,120.5,LOSER,0,106,St Kilda (W),v Carlton (W),-26,40,66,,,,,,,,,,,
2026-08-09 00:00:00.000 Z,Women's AFL/St Kilda (W) v Carlton (W),35909237,COMBINED_TOTAL,260833865,Total Points,8435233,Under,120.5,WINNER,1,106,St Kilda (W),v Carlton (W),-26,40,66,,,,,,,,,,,
2026-08-09 00:00:00.000 Z,Women's AFL/St Kilda (W) v Carlton (W),35909237,COMBINED_TOTAL,260833865,Total Points,8435232,Over,121.5,LOSER,0,106,St Kilda (W),v Carlton (W),-26,40,66,,,,,,,,,,,
2026-08-09 00:00:00.000 Z,Women's AFL/St Kilda (W) v Carlton (W),35909237,COMBINED_TOTAL,260833865,Total Points,8435233,Under,121.5,WINNER,1,106,St Kilda (W),v Carlton (W),-26,40,66,,,,,,,,,,,
2026-08-09 00:00:00.000 Z,Women's AFL/St Kilda (W) v Carlton (W),35909237,COMBINED_TOTAL,260833865,Total Points,8435232,Over,122.5,LOSER,0,106,St Kilda (W),v Carlton (W),-26,40,66,,,,,,,,,,,
2026-08-09 00:00:00.000 Z,Women's AFL/St Kilda (W) v Carlton (W),35909237,COMBINED_TOTAL,260833865,Total Points,8435233,Under,122.5,WINNER,1,106,St Kilda (W),v Carlton (W),-26,40,66,,,,,,,,,,,
2026-08-09 00:00:00.000 Z,Women's AFL/St Kilda (W) v Carlton (W),35909237,COMBINED_TOTAL,260833865,Total Points,8435232,Over,123.5,LOSER,0,106,St Kilda (W),v Carlton (W),-26,40,66,,,,,,,,,,,
2026-08-09 00:00:00.000 Z,Women's AFL/St Kilda (W) v Carlton (W),35909237,COMBINED_TOTAL,260833865,Total Points,8435233,Under,123.5,WINNER,1,106,St Kilda (W),v Carlton (W),-26,40,66,,,,,,,,,,,
2026-08-09 00:00:00.000 Z,Women's AFL/St Kilda (W) v Carlton (W),35909237,COMBINED_TOTAL,260833865,Total Points,8435232,Over,124.5,LOSER,0,106,St Kilda (W),v Carlton (W),-26,40,66,,,,,,,,,,,
2026-08-09 00:00:00.000 Z,Women's AFL/St Kilda (W) v Carlton (W),35909237,COMBINED_TOTAL,260833865,Total Points,8435233,Under,124.5,WINNER,1,106,St Kilda (W),v Carlton (W),-26,40,66,,,,,,,,,,,
2026-08-09 00:00:00.000 Z,Women's AFL/St Kilda (W) v Carlton (W),35909237,COMBINED_TOTAL,260833865,Total Points,8435232,Over,125.5,LOSER,0,106,St Kilda (W),v Carlton (W),-26,40,66,,,,,,,,,,,
2026-08-09 00:00:00.000 Z,Women's AFL/St Kilda (W) v Carlton (W),35909237,COMBINED_TOTAL,260833865,Total Points,8435233,Under,125.5,WINNER,1,106,St Kilda (W),v Carlton (W),-26,40,66,,,,,,,,,,,
2026-08-09 00:00:00.000 Z,Women's AFL/St Kilda (W) v Carlton (W),35909237,COMBINED_TOTAL,260833865,Total Points,8435232,Over,126.5,LOSER,0,106,St Kilda (W),v Carlton (W),-26,40,66,,,,,,,,,,,
2026-08-09 00:00:00.000 Z,Women's AFL/St Kilda (W) v Carlton (W),35909237,COMBINED_TOTAL,260833865,Total Points,8435233,Under,126.5,WINNER,1,106,St Kilda (W),v Carlton (W),-26,40,66,,,,,,,,,,,
2026-08-09 00:00:00.000 Z,Women's AFL/St Kilda (W) v Carlton (W),35909237,COMBINED_TOTAL,260833865,Total Points,8435232,Over,127.5,LOSER,0,106,St Kilda (W),v Carlton (W),-26,40,66,,,,,,,,,,,
2026-08-09 00:00:00.000 Z,Women's AFL/St Kilda (W) v Carlton (W),35909237,COMBINED_TOTAL,260833865,Total Points,8435233,Under,127.5,WINNER,1,106,St Kilda (W),v Carlton (W),-26,40,66,,,,,,,,,,,
2026-08-09 00:00:00.000 Z,Women's AFL/St Kilda (W) v Carlton (W),35909237,COMBINED_TOTAL,260833865,Total Points,8435232,Over,128.5,LOSER,0,106,St Kilda (W),v Carlton (W),-26,40,66,,,,,,,,,,,
2026-08-09 00:00:00.000 Z,Women's AFL/St Kilda (W) v Carlton (W),35909237,COMBINED_TOTAL,260833865,Total Points,8435233,Under,128.5,WINNER,1,106,St Kilda (W),v Carlton (W),-26,40,66,,,,,,,,,,,
2026-08-09 00:00:00.000 Z,Women's AFL/St Kilda (W) v Carlton (W),35909237,COMBINED_TOTAL,260833865,Total Points,8435232,Over,129.5,LOSER,0,106,St Kilda (W),v Carlton (W),-26,40,66,,,,,,,,,,,
2026-08-09 00:00:00.000 Z,Women's AFL/St Kilda (W) v Carlton (W),35909237,COMBINED_TOTAL,260833865,Total Points,8435233,Under,129.5,WINNER,1,106,St Kilda (W),v Carlton (W),-26,40,66,,,,,,,,,,,
2026-08-09 00:00:00.000 Z,Women's AFL/St Kilda (W) v Carlton (W),35909237,COMBINED_TOTAL,260833865,Total Points,8435232,Over,130.5,LOSER,0,106,St Kilda (W),v Carlton (W),-26,40,66,,,,,,,,,,,
2026-08-09 00:00:00.000 Z,Women's AFL/St Kilda (W) v Carlton (W),35909237,COMBINED_TOTAL,260833865,Total Points,8435233,Under,130.5,WINNER,1,106,St Kilda (W),v Carlton (W),-26,40,66,,,,,,,,,,,
2026-08-09 00:00:00.000 Z,Women's AFL/St Kilda (W) v Carlton (W),35909237,COMBINED_TOTAL,260833865,Total Points,8435232,Over,131.5,LOSER,0,106,St Kilda (W),v Carlton (W),-26,40,66,,,,,,,,,,,
2026-08-09 00:00:00.000 Z,Women's AFL/St Kilda (W) v Carlton (W),35909237,COMBINED_TOTAL,260833865,Total Points,8435233,Under,131.5,WINNER,1,106,St Kilda (W),v Carlton (W),-26,40,66,,,,,,,,,,,
2026-08-09 00:00:00.000 Z,Women's AFL/St Kilda (W) v Carlton (W),35909237,COMBINED_TOTAL,260833865,Total Points,8435232,Over,132.5,LOSER,0,106,St Kilda (W),v Carlton (W),-26,40,66,,,,,,,,,,,
2026-08-09 00:00:00.000 Z,Women's AFL/St Kilda (W) v Carlton (W),35909237,COMBINED_TOTAL,260833865,Total Points,8435233,Under,132.5,WINNER,1,106,St Kilda (W),v Carlton (W),-26,40,66,,,,,,,,,,,
2026-08-09 00:00:00.000 Z,Women's AFL/St Kilda (W) v Carlton (W),35909237,COMBINED_TOTAL,260833865,Total Points,8435232,Over,133.5,LOSER,0,106,St Kilda (W),v Carlton (W),-26,40,66,,,,,,,,,,,
2026-08-09 00:00:00.000 Z,Women's AFL/St Kilda (W) v Carlton (W),35909237,COMBINED_TOTAL,260833865,Total Points,8435233,Under,133.5,WINNER,1,106,St Kilda (W),v Carlton (W),-26,40,66,,,,,,,,,,,
2026-08-09 00:00:00.000 Z,Women's AFL/St Kilda (W) v Carlton (W),35909237,COMBINED_TOTAL,260833865,Total Points,8435232,Over,134.5,LOSER,0,106,St Kilda (W),v Carlton (W),-26,40,66,,,,,,,,,,,
2026-08-09 00:00:00.000 Z,Women's AFL/St Kilda (W) v Carlton (W),35909237,COMBINED_TOTAL,260833865,Total Points,8435233,Under,134.5,WINNER,1,106,St Kilda (W),v Carlton (W),-26,40,66,,,,,,,,,,,
2026-08-09 00:00:00.000 Z,Women's AFL/St Kilda (W) v Carlton (W),35909237,COMBINED_TOTAL,260833865,Total Points,8435232,Over,135.5,LOSER,0,106,St Kilda (W),v Carlton (W),-26,40,66,,,,,,,,,,,
2026-08-09 00:00:00.000 Z,Women's AFL/St Kilda (W) v Carlton (W),35909237,COMBINED_TOTAL,260833865,Total Points,8435233,Under,135.5,WINNER,1,106,St Kilda (W),v Carlton (W),-26,40,66,,,,,,,,,,,
2026-08-09 00:00:00.000 Z,Women's AFL/St Kilda (W) v Carlton (W),35909237,COMBINED_TOTAL,260833865,Total Points,8435232,Over,136.5,LOSER,0,106,St Kilda (W),v Carlton (W),-26,40,66,,,,,,,,,,,
2026-08-09 00:00:00.000 Z,Women's AFL/St Kilda (W) v Carlton (W),35909237,COMBINED_TOTAL,260833865,Total Points,8435233,Under,136.5,WINNER,1,106,St Kilda (W),v Carlton (W),-26,40,66,,,,,,,,,,,
2026-08-09 00:00:00.000 Z,Women's AFL/St Kilda (W) v Carlton (W),35909237,COMBINED_TOTAL,260833865,Total Points,8435232,Over,137.5,LOSER,0,106,St Kilda (W),v Carlton (W),-26,40,66,,,,,,,,,,,
2026-08-09 00:00:00.000 Z,Women's AFL/St Kilda (W) v Carlton (W),35909237,COMBINED_TOTAL,260833865,Total Points,8435233,Under,137.5,WINNER,1,106,St Kilda (W),v Carlton (W),-26,40,66,,,,,,,,,,,
2026-08-09 00:00:00.000 Z,Women's AFL/St Kilda (W) v Carlton (W),35909237,COMBINED_TOTAL,260833865,Total Points,8435232,Over,138.5,LOSER,0,106,St Kilda (W),v Carlton (W),-26,40,66,,,,,,,,,,,
2026-08-09 00:00:00.000 Z,Women's AFL/St Kilda (W) v Carlton (W),35909237,COMBINED_TOTAL,260833865,Total Points,8435233,Under,138.5,WINNER,1,106,St Kilda (W),v Carlton (W),-26,40,66,,,,,,,,,,,
2026-08-09 00:00:00.000 Z,Women's AFL/St Kilda (W) v Carlton (W),35909237,COMBINED_TOTAL,260833865,Total Points,8435232,Over,139.5,LOSER,0,106,St Kilda (W),v Carlton (W),-26,40,66,,,,,,,,,,,
2026-08-09 00:00:00.000 Z,Women's AFL/St Kilda (W) v Carlton (W),35909237,COMBINED_TOTAL,260833865,Total Points,8435233,Under,139.5,WINNER,1,106,St Kilda (W),v Carlton (W),-26,40,66,,,,,,,,,,,
2026-08-09 00:00:00.000 Z,Women's AFL/St Kilda (W) v Carlton (W),35909237,COMBINED_TOTAL,260833865,Total Points,8435232,Over,140.5,LOSER,0,106,St Kilda (W),v Carlton (W),-26,40,66,,,,,,,,,,,
2026-08-09 00:00:00.000 Z,Women's AFL/St Kilda (W) v Carlton (W),35909237,COMBINED_TOTAL,260833865,Total Points,8435233,Under,140.5,WINNER,1,106,St Kilda (W),v Carlton (W),-26,40,66,,,,,,,,,,,
2026-08-13 00:00:00.000 Z,Women's AFL/Hawthorn (W) v Melbourne (W),35926572,HANDICAP,261030757,Handicap,12443129,Melbourne (W),-59.5,LOSER,0,101,Hawthorn (W),v Melbourne (W),-19,41,60,1.01,,,1.01,,,1.01,,,,
2026-08-13 00:00:00.000 Z,Women's AFL/Hawthorn (W) v Melbourne (W),35926572,HANDICAP,261030757,Handicap,47691798,Hawthorn (W),-59.5,LOSER,0,101,Hawthorn (W),v Melbourne (W),-19,41,60,1.01,,,1.01,,,1.01,,,,
2026-08-13 00:00:00.000 Z,Women's AFL/Hawthorn (W) v Melbourne (W),35926572,HANDICAP,261030757,Handicap,12443129,Melbourne (W),-58.5,LOSER,0,101,Hawthorn (W),v Melbourne (W),-19,41,60,1.01,,,1.01,,,1.01,,,,
2026-08-13 00:00:00.000 Z,Women's AFL/Hawthorn (W) v Melbourne (W),35926572,HANDICAP,261030757,Handicap,47691798,Hawthorn (W),-58.5,LOSER,0,101,Hawthorn (W),v Melbourne (W),-19,41,60,1.01,,,1.01,,,1.01,,,,
2026-08-13 00:00:00.000 Z,Women's AFL/Hawthorn (W) v Melbourne (W),35926572,HANDICAP,261030757,Handicap,12443129,Melbourne (W),-57.5,LOSER,0,101,Hawthorn (W),v Melbourne (W),-19,41,60,1.01,,,1.01,,,1.01,,,,
2026-08-13 00:00:00.000 Z,Women's AFL/Hawthorn (W) v Melbourne (W),35926572,HANDICAP,261030757,Handicap,47691798,Hawthorn (W),-57.5,LOSER,0,101,Hawthorn (W),v Melbourne (W),-19,41,60,1.01,,,1.01,,,1.01,,,,
2026-08-13 00:00:00.000 Z,Women's AFL/Hawthorn (W) v Melbourne (W),35926572,HANDICAP,261030757,Handicap,12443129,Melbourne (W),-56.5,LOSER,0,101,Hawthorn (W),v Melbourne (W),-19,41,60,1.01,,,1.01,,,1.01,,,,
2026-08-13 00:00:00.000 Z,Women's AFL/Hawthorn (W) v Melbourne (W),35926572,HANDICAP,261030757,Handicap,47691798,Hawthorn (W),-56.5,LOSER,0,101,Hawthorn (W),v Melbourne (W),-19,41,60,1.01,,,1.01,,,1.01,,,,
2026-08-13 00:00:00.000 Z,Women's AFL/Hawthorn (W) v Melbourne (W),35926572,HANDICAP,261030757,Handicap,47691798,Hawthorn (W),-55.5,LOSER,0,101,Hawthorn (W),v Melbourne (W),-19,41,60,1.01,,,1.01,,,1.01,,,,
2026-08-13 00:00:00.000 Z,Women's AFL/Hawthorn (W) v Melbourne (W),35926572,HANDICAP,261030757,Handicap,12443129,Melbourne (W),-55.5,LOSER,0,101,Hawthorn (W),v Melbourne (W),-19,41,60,1.01,,,1.01,,,1.01,,,,
2026-08-13 00:00:00.000 Z,Women's AFL/Hawthorn (W) v Melbourne (W),35926572,HANDICAP,261030757,Handicap,47691798,Hawthorn (W),-54.5,LOSER,0,101,Hawthorn (W),v Melbourne (W),-19,41,60,1.01,,,1.01,,,1.01,,,,
2026-08-13 00:00:00.000 Z,Women's AFL/Hawthorn (W) v Melbourne (W),35926572,HANDICAP,261030757,Handicap,12443129,Melbourne (W),-54.5,LOSER,0,101,Hawthorn (W),v Melbourne (W),-19,41,60,1.01,,,1.01,,,1.01,,,,
2026-08-13 00:00:00.000 Z,Women's AFL/Hawthorn (W) v Melbourne (W),35926572,HANDICAP,261030757,Handicap,12443129,Melbourne (W),-53.5,LOSER,0,101,Hawthorn (W),v Melbourne (W),-19,41,60,1.01,,,1.01,,,1.01,,,,
2026-08-13 00:00:00.000 Z,Women's AFL/Hawthorn (W) v Melbourne (W),35926572,HANDICAP,261030757,Handicap,47691798,Hawthorn (W),-53.5,LOSER,0,101,Hawthorn (W),v Melbourne (W),-19,41,60,1.01,,,1.01,,,1.01,,,,
2026-08-13 00:00:00.000 Z,Women's AFL/Hawthorn (W) v Melbourne (W),35926572,HANDICAP,261030757,Handicap,12443129,Melbourne (W),-52.5,LOSER,0,101,Hawthorn (W),v Melbourne (W),-19,41,60,1.01,,,1.01,,,1.01,,,,
2026-08-13 00:00:00.000 Z,Women's AFL/Hawthorn (W) v Melbourne (W),35926572,HANDICAP,261030757,Handicap,47691798,Hawthorn (W),-52.5,LOSER,0,101,Hawthorn (W),v Melbourne (W),-19,41,60,1.01,,,1.01,,,1.01,,,,
2026-08-13 00:00:00.000 Z,Women's AFL/Hawthorn (W) v Melbourne (W),35926572,HANDICAP,261030757,Handicap,12443129,Melbourne (W),-51.5,LOSER,0,101,Hawthorn (W),v Melbourne (W),-19,41,60,1.01,,,1.01,,,1.01,,,,
2026-08-13 00:00:00.000 Z,Women's AFL/Hawthorn (W) v Melbourne (W),35926572,HANDICAP,261030757,Handicap,47691798,Hawthorn (W),-51.5,LOSER,0,101,Hawthorn (W),v Melbourne (W),-19,41,60,1.01,,,1.01,,,1.01,,,,
2026-08-13 00:00:00.000 Z,Women's AFL/Hawthorn (W) v Melbourne (W),35926572,HANDICAP,261030757,Handicap,12443129,Melbourne (W),-50.5,LOSER,0,101,Hawthorn (W),v Melbourne (W),-19,41,60,1.01,,,1.01,,,1.01,,,,
2026-08-13 00:00:00.000 Z,Women's AFL/Hawthorn (W) v Melbourne (W),35926572,HANDICAP,261030757,Handicap,47691798,Hawthorn (W),-50.5,LOSER,0,101,Hawthorn (W),v Melbourne (W),-19,41,60,1.01,,,1.01,,,1.01,,,,
2026-08-13 00:00:00.000 Z,Women's AFL/Hawthorn (W) v Melbourne (W),35926572,HANDICAP,261030757,Handicap,12443129,Melbourne (W),-49.5,LOSER,0,101,Hawthorn (W),v Melbourne (W),-19,41,60,1.01,,,1.01,,,1.01,,,,
2026-08-13 00:00:00.000 Z,Women's AFL/Hawthorn (W) v Melbourne (W),35926572,HANDICAP,261030757,Handicap,47691798,Hawthorn (W),-49.5,LOSER,0,101,Hawthorn (W),v Melbourne (W),-19,41,60,1.01,,,1.01,,,1.01,,,,
2026-08-13 00:00:00.000 Z,Women's AFL/Hawthorn (W) v Melbourne (W),35926572,HANDICAP,261030757,Handicap,47691798,Hawthorn (W),-48.5,LOSER,0,101,Hawthorn (W),v Melbourne (W),-19,41,60,1.01,,,1.01,,,1.01,,,,
2026-08-13 00:00:00.000 Z,Women's AFL/Hawthorn (W) v Melbourne (W),35926572,HANDICAP,261030757,Handicap,12443129,Melbourne (W),-48.5,LOSER,0,101,Hawthorn (W),v Melbourne (W),-19,41,60,1.01,,,1.01,,,1.01,,,,
2026-08-13 00:00:00.000 Z,Women's AFL/Hawthorn (W) v Melbourne (W),35926572,HANDICAP,261030757,Handicap,47691798,Hawthorn (W),-47.5,LOSER,0,101,Hawthorn (W),v Melbourne (W),-19,41,60,1.01,,,1.01,,,1.01,,,,
2026-08-13 00:00:00.000 Z,Women's AFL/Hawthorn (W) v Melbourne (W),35926572,HANDICAP,261030757,Handicap,12443129,Melbourne (W),-47.5,LOSER,0,101,Hawthorn (W),v Melbourne (W),-19,41,60,1.01,,,1.01,,,1.01,,,,
2026-08-13 00:00:00.000 Z,Women's AFL/Hawthorn (W) v Melbourne (W),35926572,HANDICAP,261030757,Handicap,12443129,Melbourne (W),-46.5,LOSER,0,101,Hawthorn (W),v Melbourne (W),-19,41,60,1.01,,,1.01,,,1.01,,,,
2026-08-13 00:00:00.000 Z,Women's AFL/Hawthorn (W) v Melbourne (W),35926572,HANDICAP,261030757,Handicap,47691798,Hawthorn (W),-46.5,LOSER,0,101,Hawthorn (W),v Melbourne (W),-19,41,60,1.01,,,1.01,,,1.01,,,,
2026-08-13 00:00:00.000 Z,Women's AFL/Hawthorn (W) v Melbourne (W),35926572,HANDICAP,261030757,Handicap,47691798,Hawthorn (W),-45.5,LOSER,0,101,Hawthorn (W),v Melbourne (W),-19,41,60,1.01,,,1.01,,,1.01,,,,
2026-08-13 00:00:00.000 Z,Women's AFL/Hawthorn (W) v Melbourne (W),35926572,HANDICAP,261030757,Handicap,12443129,Melbourne (W),-45.5,LOSER,0,101,Hawthorn (W),v Melbourne (W),-19,41,60,1.01,,,1.01,,,1.01,,,,
2026-08-13 00:00:00.000 Z,Women's AFL/Hawthorn (W) v Melbourne (W),35926572,HANDICAP,261030757,Handicap,47691798,Hawthorn (W),-44.5,LOSER,0,101,Hawthorn (W),v Melbourne (W),-19,41,60,1.01,,,1.01,,,1.01,,,,
2026-08-13 00:00:00.000 Z,Women's AFL/Hawthorn (W) v Melbourne (W),35926572,HANDICAP,261030757,Handicap,12443129,Melbourne (W),-44.5,LOSER,0,101,Hawthorn (W),v Melbourne (W),-19,41,60,1.01,,,1.01,,,1.01,,,,
2026-08-13 00:00:00.000 Z,Women's AFL/Hawthorn (W) v Melbourne (W),35926572,HANDICAP,261030757,Handicap,12443129,Melbourne (W),-43.5,LOSER,0,101,Hawthorn (W),v Melbourne (W),-19,41,60,1.01,,,1.01,,,1.01,,,,
2026-08-13 00:00:00.000 Z,Women's AFL/Hawthorn (W) v Melbourne (W),35926572,HANDICAP,261030757,Handicap,47691798,Hawthorn (W),-43.5,LOSER,0,101,Hawthorn (W),v Melbourne (W),-19,41,60,1.01,,,1.01,,,1.01,,,,
2026-08-13 00:00:00.000 Z,Women's AFL/Hawthorn (W) v Melbourne (W),35926572,HANDICAP,261030757,Handicap,12443129,Melbourne (W),-42.5,LOSER,0,101,Hawthorn (W),v Melbourne (W),-19,41,60,1.01,,,1.01,,,1.01,,,,
2026-08-13 00:00:00.000 Z,Women's AFL/Hawthorn (W) v Melbourne (W),35926572,HANDICAP,261030757,Handicap,47691798,Hawthorn (W),-42.5,LOSER,0,101,Hawthorn (W),v Melbourne (W),-19,41,60,1.01,,,1.01,,,1.01,,,,
2026-08-13 00:00:00.000 Z,Women's AFL/Hawthorn (W) v Melbourne (W),35926572,HANDICAP,261030757,Handicap,47691798,Hawthorn (W),-41.5,LOSER,0,101,Hawthorn (W),v Melbourne (W),-19,41,60,1.01,,,1.01,,,1.01,,,,
2026-08-13 00:00:00.000 Z,Women's AFL/Hawthorn (W) v Melbourne (W),35926572,HANDICAP,261030757,Handicap,12443129,Melbourne (W),-41.5,LOSER,0,101,Hawthorn (W),v Melbourne (W),-19,41,60,1.01,,,1.01,,,1.01,,,,
2026-08-13 00:00:00.000 Z,Women's AFL/Hawthorn (W) v Melbourne (W),35926572,HANDICAP,261030757,Handicap,47691798,Hawthorn (W),-40.5,LOSER,0,101,Hawthorn (W),v Melbourne (W),-19,41,60,1.01,,,1.01,,,1.01,,,,
2026-08-13 00:00:00.000 Z,Women's AFL/Hawthorn (W) v Melbourne (W),35926572,HANDICAP,261030757,Handicap,12443129,Melbourne (W),-40.5,LOSER,0,101,Hawthorn (W),v Melbourne (W),-19,41,60,1.01,,,1.01,,,1.01,,,,
2026-08-13 00:00:00.000 Z,Women's AFL/Hawthorn (W) v Melbourne (W),35926572,HANDICAP,261030757,Handicap,47691798,Hawthorn (W),-39.5,LOSER,0,101,Hawthorn (W),v Melbourne (W),-19,41,60,,,,,,,,,,,
2026-08-13 00:00:00.000 Z,Women's AFL/Hawthorn (W) v Melbourne (W),35926572,HANDICAP,261030757,Handicap,12443129,Melbourne (W),-39.5,LOSER,0,101,Hawthorn (W),v Melbourne (W),-19,41,60,1.01,,,1.01,,,1.01,,,,
2026-08-13 00:00:00.000 Z,Women's AFL/Hawthorn (W) v Melbourne (W),35926572,HANDICAP,261030757,Handicap,12443129,Melbourne (W),-38.5,LOSER,0,101,Hawthorn (W),v Melbourne (W),-19,41,60,1.01,,,1.01,,,1.01,,,,
2026-08-13 00:00:00.000 Z,Women's AFL/Hawthorn (W) v Melbourne (W),35926572,HANDICAP,261030757,Handicap,47691798,Hawthorn (W),-38.5,LOSER,0,101,Hawthorn (W),v Melbourne (W),-19,41,60,1.01,,,1.01,,,1.01,,,,
2026-08-13 00:00:00.000 Z,Women's AFL/Hawthorn (W) v Melbourne (W),35926572,HANDICAP,261030757,Handicap,12443129,Melbourne (W),-37.5,LOSER,0,101,Hawthorn (W),v Melbourne (W),-19,41,60,1.01,,,1.01,,,1.01,,,,
2026-08-13 00:00:00.000 Z,Women's AFL/Hawthorn (W) v Melbourne (W),35926572,HANDICAP,261030757,Handicap,47691798,Hawthorn (W),-37.5,LOSER,0,101,Hawthorn (W),v Melbourne (W),-19,41,60,1.01,,,1.01,,,1.01,,,,
2026-08-13 00:00:00.000 Z,Women's AFL/Hawthorn (W) v Melbourne (W),35926572,HANDICAP,261030757,Handicap,47691798,Hawthorn (W),-36.5,LOSER,0,101,Hawthorn (W),v Melbourne (W),-19,41,60,1.01,,,1.01,,,1.01,,,,
2026-08-13 00:00:00.000 Z,Women's AFL/Hawthorn (W) v Melbourne (W),35926572,HANDICAP,261030757,Handicap,12443129,Melbourne (W),-36.5,LOSER,0,101,Hawthorn (W),v Melbourne (W),-19,41,60,1.01,,,1.01,,,1.01,,,,
2026-08-13 00:00:00.000 Z,Women's AFL/Hawthorn (W) v Melbourne (W),35926572,HANDICAP,261030757,Handicap,12443129,Melbourne (W),-35.5,LOSER,0,101,Hawthorn (W),v Melbourne (W),-19,41,60,1.01,,,1.01,,,1.01,,,,
2026-08-13 00:00:00.000 Z,Women's AFL/Hawthorn (W) v Melbourne (W),35926572,HANDICAP,261030757,Handicap,47691798,Hawthorn (W),-35.5,LOSER,0,101,Hawthorn (W),v Melbourne (W),-19,41,60,1.01,,,1.01,,,1.01,,,,
2026-08-13 00:00:00.000 Z,Women's AFL/Hawthorn (W) v Melbourne (W),35926572,HANDICAP,261030757,Handicap,47691798,Hawthorn (W),-34.5,LOSER,0,101,Hawthorn (W),v Melbourne (W),-19,41,60,1.01,,,1.01,,,1.01,,,,
2026-08-13 00:00:00.000 Z,Women's AFL/Hawthorn (W) v Melbourne (W),35926572,HANDICAP,261030757,Handicap,12443129,Melbourne (W),-34.5,LOSER,0,101,Hawthorn (W),v Melbourne (W),-19,41,60,1.01,,,1.01,,,1.01,,,,
2026-08-13 00:00:00.000 Z,Women's AFL/Hawthorn (W) v Melbourne (W),35926572,HANDICAP,261030757,Handicap,47691798,Hawthorn (W),-33.5,LOSER,0,101,Hawthorn (W),v Melbourne (W),-19,41,60,1.01,,,1.01,,,1.01,,,,
2026-08-13 00:00:00.000 Z,Women's AFL/Hawthorn (W) v Melbourne (W),35926572,HANDICAP,261030757,Handicap,12443129,Melbourne (W),-33.5,LOSER,0,101,Hawthorn (W),v Melbourne (W),-19,41,60,1.01,,,1.01,,,1.01,,,,
2026-08-13 00:00:00.000 Z,Women's AFL/Hawthorn (W) v Melbourne (W),35926572,HANDICAP,261030757,Handicap,47691798,Hawthorn (W),-32.5,LOSER,0,101,Hawthorn (W),v Melbourne (W),-19,41,60,1.01,,,1.01,,,1.01,,,,
2026-08-13 00:00:00.000 Z,Women's AFL/Hawthorn (W) v Melbourne (W),35926572,HANDICAP,261030757,Handicap,12443129,Melbourne (W),-32.5,LOSER,0,101,Hawthorn (W),v Melbourne (W),-19,41,60,1.01,,,1.01,,,1.01,,,,
2026-08-13 00:00:00.000 Z,Women's AFL/Hawthorn (W) v Melbourne (W),35926572,HANDICAP,261030757,Handicap,12443129,Melbourne (W),-31.5,LOSER,0,101,Hawthorn (W),v Melbourne (W),-19,41,60,1.01,,,1.01,,,1.01,,,,
2026-08-13 00:00:00.000 Z,Women's AFL/Hawthorn (W) v Melbourne (W),35926572,HANDICAP,261030757,Handicap,47691798,Hawthorn (W),-31.5,LOSER,0,101,Hawthorn (W),v Melbourne (W),-19,41,60,1.01,,,1.01,,,1.01,,,,
2026-08-13 00:00:00.000 Z,Women's AFL/Hawthorn (W) v Melbourne (W),35926572,HANDICAP,261030757,Handicap,47691798,Hawthorn (W),-30.5,LOSER,0,101,Hawthorn (W),v Melbourne (W),-19,41,60,1.01,,,1.01,,,1.01,,,,
2026-08-13 00:00:00.000 Z,Women's AFL/Hawthorn (W) v Melbourne (W),35926572,HANDICAP,261030757,Handicap,12443129,Melbourne (W),-30.5,LOSER,0,101,Hawthorn (W),v Melbourne (W),-19,41,60,1.01,,,1.01,,,1.01,,,,
2026-08-13 00:00:00.000 Z,Women's AFL/Hawthorn (W) v Melbourne (W),35926572,HANDICAP,261030757,Handicap,12443129,Melbourne (W),-29.5,LOSER,0,101,Hawthorn (W),v Melbourne (W),-19,41,60,1.01,,,1.01,,,1.01,,,,
2026-08-13 00:00:00.000 Z,Women's AFL/Hawthorn (W) v Melbourne (W),35926572,HANDICAP,261030757,Handicap,47691798,Hawthorn (W),-29.5,LOSER,0,101,Hawthorn (W),v Melbourne (W),-19,41,60,1.01,,,1.01,,,1.01,,,,
2026-08-13 00:00:00.000 Z,Women's AFL/Hawthorn (W) v Melbourne (W),35926572,HANDICAP,261030757,Handicap,12443129,Melbourne (W),-28.5,LOSER,0,101,Hawthorn (W),v Melbourne (W),-19,41,60,1.01,,,1.01,,,1.01,,,,
2026-08-13 00:00:00.000 Z,Women's AFL/Hawthorn (W) v Melbourne (W),35926572,HANDICAP,261030757,Handicap,47691798,Hawthorn (W),-28.5,LOSER,0,101,Hawthorn (W),v Melbourne (W),-19,41,60,1.01,,,1.01,,,1.01,,,,
2026-08-13 00:00:00.000 Z,Women's AFL/Hawthorn (W) v Melbourne (W),35926572,HANDICAP,261030757,Handicap,47691798,Hawthorn (W),-27.5,LOSER,0,101,Hawthorn (W),v Melbourne (W),-19,41,60,1.01,,,1.01,,,1.01,,,,
2026-08-13 00:00:00.000 Z,Women's AFL/Hawthorn (W) v Melbourne (W),35926572,HANDICAP,261030757,Handicap,12443129,Melbourne (W),-27.5,LOSER,0,101,Hawthorn (W),v Melbourne (W),-19,41,60,1.01,,,1.01,,,1.01,,,,
2026-08-13 00:00:00.000 Z,Women's AFL/Hawthorn (W) v Melbourne (W),35926572,HANDICAP,261030757,Handicap,47691798,Hawthorn (W),-26.5,LOSER,0,101,Hawthorn (W),v Melbourne (W),-19,41,60,1.01,,,1.01,,,1.01,,,,
2026-08-13 00:00:00.000 Z,Women's AFL/Hawthorn (W) v Melbourne (W),35926572,HANDICAP,261030757,Handicap,12443129,Melbourne (W),-26.5,LOSER,0,101,Hawthorn (W),v Melbourne (W),-19,41,60,1.01,,,1.01,,,2.92,,,,
2026-08-13 00:00:00.000 Z,Women's AFL/Hawthorn (W) v Melbourne (W),35926572,HANDICAP,261030757,Handicap,12443129,Melbourne (W),-25.5,LOSER,0,101,Hawthorn (W),v Melbourne (W),-19,41,60,1.01,,,1.01,,,1.01,,,,
2026-08-13 00:00:00.000 Z,Women's AFL/Hawthorn (W) v Melbourne (W),35926572,HANDICAP,261030757,Handicap,47691798,Hawthorn (W),-25.5,LOSER,0,101,Hawthorn (W),v Melbourne (W),-19,41,60,1.01,,,1.01,,,1.01,,,,
2026-08-13 00:00:00.000 Z,Women's AFL/Hawthorn (W) v Melbourne (W),35926572,HANDICAP,261030757,Handicap,47691798,Hawthorn (W),-24.5,LOSER,0,101,Hawthorn (W),v Melbourne (W),-19,41,60,1.01,,,1.01,,,1.01,,,,
2026-08-13 00:00:00.000 Z,Women's AFL/Hawthorn (W) v Melbourne (W),35926572,HANDICAP,261030757,Handicap,12443129,Melbourne (W),-24.5,LOSER,0,101,Hawthorn (W),v Melbourne (W),-19,41,60,1.01,,,1.01,,,1.01,,,,
2026-08-13 00:00:00.000 Z,Women's AFL/Hawthorn (W) v Melbourne (W),35926572,HANDICAP,261030757,Handicap,47691798,Hawthorn (W),-23.5,LOSER,0,101,Hawthorn (W),v Melbourne (W),-19,41,60,1.01,,,1.01,,,1.01,,,,
2026-08-13 00:00:00.000 Z,Women's AFL/Hawthorn (W) v Melbourne (W),35926572,HANDICAP,261030757,Handicap,12443129,Melbourne (W),-23.5,LOSER,0,101,Hawthorn (W),v Melbourne (W),-19,41,60,1.01,,,1.01,,,2.52,,,,
2026-08-13 00:00:00.000 Z,Women's AFL/Hawthorn (W) v Melbourne (W),35926572,HANDICAP,261030757,Handicap,12443129,Melbourne (W),-22.5,LOSER,0,101,Hawthorn (W),v Melbourne (W),-19,41,60,1.01,,,1.01,,,1.01,,,,
2026-08-13 00:00:00.000 Z,Women's AFL/Hawthorn (W) v Melbourne (W),35926572,HANDICAP,261030757,Handicap,47691798,Hawthorn (W),-22.5,LOSER,0,101,Hawthorn (W),v Melbourne (W),-19,41,60,1.01,,,1.01,,,1.01,,,,
2026-08-13 00:00:00.000 Z,Women's AFL/Hawthorn (W) v Melbourne (W),35926572,HANDICAP,261030757,Handicap,47691798,Hawthorn (W),-21.5,LOSER,0,101,Hawthorn (W),v Melbourne (W),-19,41,60,1.01,,,1.01,,,1.01,,,,
2026-08-13 00:00:00.000 Z,Women's AFL/Hawthorn (W) v Melbourne (W),35926572,HANDICAP,261030757,Handicap,12443129,Melbourne (W),-21.5,LOSER,0,101,Hawthorn (W),v Melbourne (W),-19,41,60,1.01,,,1.01,,,1.01,,,,
2026-08-13 00:00:00.000 Z,Women's AFL/Hawthorn (W) v Melbourne (W),35926572,HANDICAP,261030757,Handicap,47691798,Hawthorn (W),-20.5,LOSER,0,101,Hawthorn (W),v Melbourne (W),-19,41,60,1.01,,,1.01,,,1.01,,,,
2026-08-13 00:00:00.000 Z,Women's AFL/Hawthorn (W) v Melbourne (W),35926572,HANDICAP,261030757,Handicap,12443129,Melbourne (W),-20.5,LOSER,0,101,Hawthorn (W),v Melbourne (W),-19,41,60,1.01,,,1.01,,,2.3,,,,
2026-08-13 00:00:00.000 Z,Women's AFL/Hawthorn (W) v Melbourne (W),35926572,HANDICAP,261030757,Handicap,12443129,Melbourne (W),-19.5,LOSER,0,101,Hawthorn (W),v Melbourne (W),-19,41,60,1.01,,,1.01,,,1.01,,,,
2026-08-13 00:00:00.000 Z,Women's AFL/Hawthorn (W) v Melbourne (W),35926572,HANDICAP,261030757,Handicap,47691798,Hawthorn (W),-19.5,LOSER,0,101,Hawthorn (W),v Melbourne (W),-19,41,60,1.01,,,1.01,,,1.01,,,,
2026-08-13 00:00:00.000 Z,Women's AFL/Hawthorn (W) v Melbourne (W),35926572,HANDICAP,261030757,Handicap,47691798,Hawthorn (W),-18.5,LOSER,0,101,Hawthorn (W),v Melbourne (W),-19,41,60,1.01,,,1.01,,,1.01,,,,
2026-08-13 00:00:00.000 Z,Women's AFL/Hawthorn (W) v Melbourne (W),35926572,HANDICAP,261030757,Handicap,12443129,Melbourne (W),-18.5,WINNER,1,101,Hawthorn (W),v Melbourne (W),-19,41,60,1.01,,,1.01,,,1.01,,,,
2026-08-13 00:00:00.000 Z,Women's AFL/Hawthorn (W) v Melbourne (W),35926572,HANDICAP,261030757,Handicap,47691798,Hawthorn (W),-17.5,LOSER,0,101,Hawthorn (W),v Melbourne (W),-19,41,60,1.01,,,1.01,,,1.01,,,,
2026-08-13 00:00:00.000 Z,Women's AFL/Hawthorn (W) v Melbourne (W),35926572,HANDICAP,261030757,Handicap,12443129,Melbourne (W),-17.5,WINNER,1,101,Hawthorn (W),v Melbourne (W),-19,41,60,1.01,,,1.01,,,1.94,,,,
2026-08-13 00:00:00.000 Z,Women's AFL/Hawthorn (W) v Melbourne (W),35926572,HANDICAP,261030757,Handicap,47691798,Hawthorn (W),-16.5,LOSER,0,101,Hawthorn (W),v Melbourne (W),-19,41,60,1.01,,,1.01,,,2.02,,,,
2026-08-13 00:00:00.000 Z,Women's AFL/Hawthorn (W) v Melbourne (W),35926572,HANDICAP,261030757,Handicap,12443129,Melbourne (W),-16.5,WINNER,1,101,Hawthorn (W),v Melbourne (W),-19,41,60,1.01,,,1.01,,,1.01,,10,10,2
2026-08-13 00:00:00.000 Z,Women's AFL/Hawthorn (W) v Melbourne (W),35926572,HANDICAP,261030757,Handicap,47691798,Hawthorn (W),-15.5,LOSER,0,101,Hawthorn (W),v Melbourne (W),-19,41,60,1.01,,,1.01,,,1.01,,,,
2026-08-13 00:00:00.000 Z,Women's AFL/Hawthorn (W) v Melbourne (W),35926572,HANDICAP,261030757,Handicap,12443129,Melbourne (W),-15.5,WINNER,1,101,Hawthorn (W),v Melbourne (W),-19,41,60,1.01,,,2,,,1.8,,70.02,70.02,1.97
2026-08-13 00:00:00.000 Z,Women's AFL/Hawthorn (W) v Melbourne (W),35926572,HANDICAP,261030757,Handicap,47691798,Hawthorn (W),-14.5,LOSER,0,101,Hawthorn (W),v Melbourne (W),-19,41,60,1.01,,,1.01,,,1.01,,,,
2026-08-13 00:00:00.000 Z,Women's AFL/Hawthorn (W) v Melbourne (W),35926572,HANDICAP,261030757,Handicap,12443129,Melbourne (W),-14.5,WINNER,1,101,Hawthorn (W),v Melbourne (W),-19,41,60,1.87,2,594.94,1.88,1.99,1742,1.81,,1998.09,2006.09,1.86
2026-08-13 00:00:00.000 Z,Women's AFL/Hawthorn (W) v Melbourne (W),35926572,HANDICAP,261030757,Handicap,47691798,Hawthorn (W),-13.5,LOSER,0,101,Hawthorn (W),v Melbourne (W),-19,41,60,1.01,,,1.01,,,1.01,,,,
2026-08-13 00:00:00.000 Z,Women's AFL/Hawthorn (W) v Melbourne (W),35926572,HANDICAP,261030757,Handicap,12443129,Melbourne (W),-13.5,WINNER,1,101,Hawthorn (W),v Melbourne (W),-19,41,60,1.9,,,1.61,1.99,425,1.61,,425,425,1.9
2026-08-13 00:00:00.000 Z,Women's AFL/Hawthorn (W) v Melbourne (W),35926572,HANDICAP,261030757,Handicap,47691798,Hawthorn (W),-12.5,LOSER,0,101,Hawthorn (W),v Melbourne (W),-19,41,60,1.01,,,1.01,,,1.01,,,,
2026-08-13 00:00:00.000 Z,Women's AFL/Hawthorn (W) v Melbourne (W),35926572,HANDICAP,261030757,Handicap,12443129,Melbourne (W),-12.5,WINNER,1,101,Hawthorn (W),v Melbourne (W),-19,41,60,1.6,2.2,600,1.6,1.97,600,1.6,2.2,600,600,2
2026-08-13 00:00:00.000 Z,Women's AFL/Hawthorn (W) v Melbourne (W),35926572,HANDICAP,261030757,Handicap,47691798,Hawthorn (W),-11.5,LOSER,0,101,Hawthorn (W),v Melbourne (W),-19,41,60,4.3,,,4.3,,,4.3,,,,
2026-08-13 00:00:00.000 Z,Women's AFL/Hawthorn (W) v Melbourne (W),35926572,HANDICAP,261030757,Handicap,12443129,Melbourne (W),-11.5,WINNER,1,101,Hawthorn (W),v Melbourne (W),-19,41,60,1.6,,334.48,1.6,1.97,334.48,1.6,,334.48,335.48,1.6
2026-08-13 00:00:00.000 Z,Women's AFL/Hawthorn (W) v Melbourne (W),35926572,HANDICAP,261030757,Handicap,47691798,Hawthorn (W),-10.5,LOSER,0,101,Hawthorn (W),v Melbourne (W),-19,41,60,4.3,,,4.3,,,4.3,,,,
2026-08-13 00:00:00.000 Z,Women's AFL/Hawthorn (W) v Melbourne (W),35926572,HANDICAP,261030757,Handicap,12443129,Melbourne (W),-10.5,WINNER,1,101,Hawthorn (W),v Melbourne (W),-19,41,60,1.55,,391.57,1.55,2,391.57,1.55,,391.57,391.57,2
2026-08-13 00:00:00.000 Z,Women's AFL/Hawthorn (W) v Melbourne (W),35926572,HANDICAP,261030757,Handicap,47691798,Hawthorn (W),-9.5,LOSER,0,101,Hawthorn (W),v Melbourne (W),-19,41,60,4.3,,,4.3,,,4.3,,,,
2026-08-13 00:00:00.000 Z,Women's AFL/Hawthorn (W) v Melbourne (W),35926572,HANDICAP,261030757,Handicap,12443129,Melbourne (W),-9.5,WINNER,1,101,Hawthorn (W),v Melbourne (W),-19,41,60,1.51,,,1.51,,,1.51,,,,
2026-08-13 00:00:00.000 Z,Women's AFL/Hawthorn (W) v Melbourne (W),35926572,HANDICAP,261030757,Handicap,47691798,Hawthorn (W),-8.5,LOSER,0,101,Hawthorn (W),v Melbourne (W),-19,41,60,1.01,,,1.01,,,1.01,,,,
2026-08-13 00:00:00.000 Z,Women's AFL/Hawthorn (W) v Melbourne (W),35926572,HANDICAP,261030757,Handicap,12443129,Melbourne (W),-8.5,WINNER,1,101,Hawthorn (W),v Melbourne (W),-19,41,60,1.47,,,1.47,,,1.51,,,,
2026-08-13 00:00:00.000 Z,Women's AFL/Hawthorn (W) v Melbourne (W),35926572,HANDICAP,261030757,Handicap,47691798,Hawthorn (W),-7.5,LOSER,0,101,Hawthorn (W),v Melbourne (W),-19,41,60,1.01,,,1.01,,,1.01,,,,
2026-08-13 00:00:00.000 Z,Women's AFL/Hawthorn (W) v Melbourne (W),35926572,HANDICAP,261030757,Handicap,12443129,Melbourne (W),-7.5,WINNER,1,101,Hawthorn (W),v Melbourne (W),-19,41,60,1.44,,,1.44,,,1.44,,,,
2026-08-13 00:00:00.000 Z,Women's AFL/Hawthorn (W) v Melbourne (W),35926572,HANDICAP,261030757,Handicap,47691798,Hawthorn (W),-6.5,LOSER,0,101,Hawthorn (W),v Melbourne (W),-19,41,60,1.01,,,1.01,,,1.01,,,,
2026-08-13 00:00:00.000 Z,Women's AFL/Hawthorn (W) v Melbourne (W),35926572,HANDICAP,261030757,Handicap,12443129,Melbourne (W),-6.5,WINNER,1,101,Hawthorn (W),v Melbourne (W),-19,41,60,1.41,,,1.41,,,1.41,,,,
2026-08-13 00:00:00.000 Z,Women's AFL/Hawthorn (W) v Melbourne (W),35926572,HANDICAP,261030757,Handicap,47691798,Hawthorn (W),-5.5,LOSER,0,101,Hawthorn (W),v Melbourne (W),-19,41,60,1.01,,,1.01,,,1.01,,,,
2026-08-13 00:00:00.000 Z,Women's AFL/Hawthorn (W) v Melbourne (W),35926572,HANDICAP,261030757,Handicap,12443129,Melbourne (W),-5.5,WINNER,1,101,Hawthorn (W),v Melbourne (W),-19,41,60,1.38,,,1.38,,,1.38,,,,
2026-08-13 00:00:00.000 Z,Women's AFL/Hawthorn (W) v Melbourne (W),35926572,HANDICAP,261030757,Handicap,47691798,Hawthorn (W),-4.5,LOSER,0,101,Hawthorn (W),v Melbourne (W),-19,41,60,1.01,,,1.01,,,1.01,,,,
2026-08-13 00:00:00.000 Z,Women's AFL/Hawthorn (W) v Melbourne (W),35926572,HANDICAP,261030757,Handicap,12443129,Melbourne (W),-4.5,WINNER,1,101,Hawthorn (W),v Melbourne (W),-19,41,60,1.35,,,1.35,,,1.35,,,,
2026-08-13 00:00:00.000 Z,Women's AFL/Hawthorn (W) v Melbourne (W),35926572,HANDICAP,261030757,Handicap,47691798,Hawthorn (W),-3.5,LOSER,0,101,Hawthorn (W),v Melbourne (W),-19,41,60,1.01,,,1.01,,,1.01,,,,
2026-08-13 00:00:00.000 Z,Women's AFL/Hawthorn (W) v Melbourne (W),35926572,HANDICAP,261030757,Handicap,12443129,Melbourne (W),-3.5,WINNER,1,101,Hawthorn (W),v Melbourne (W),-19,41,60,1.32,,,1.32,,,1.32,,,,
2026-08-13 00:00:00.000 Z,Women's AFL/Hawthorn (W) v Melbourne (W),35926572,HANDICAP,261030757,Handicap,47691798,Hawthorn (W),-2.5,LOSER,0,101,Hawthorn (W),v Melbourne (W),-19,41,60,1.01,,,1.01,,,1.01,,,,
2026-08-13 00:00:00.000 Z,Women's AFL/Hawthorn (W) v Melbourne (W),35926572,HANDICAP,261030757,Handicap,12443129,Melbourne (W),-2.5,WINNER,1,101,Hawthorn (W),v Melbourne (W),-19,41,60,1.29,,,1.29,,,1.29,,,,
2026-08-13 00:00:00.000 Z,Women's AFL/Hawthorn (W) v Melbourne (W),35926572,HANDICAP,261030757,Handicap,47691798,Hawthorn (W),-1.5,LOSER,0,101,Hawthorn (W),v Melbourne (W),-19,41,60,1.01,,,1.01,,,1.01,,,,
2026-08-13 00:00:00.000 Z,Women's AFL/Hawthorn (W) v Melbourne (W),35926572,HANDICAP,261030757,Handicap,12443129,Melbourne (W),-1.5,WINNER,1,101,Hawthorn (W),v Melbourne (W),-19,41,60,1.26,,,1.26,,,1.26,,,,
2026-08-13 00:00:00.000 Z,Women's AFL/Hawthorn (W) v Melbourne (W),35926572,HANDICAP,261030757,Handicap,47691798,Hawthorn (W),-0.5,LOSER,0,101,Hawthorn (W),v Melbourne (W),-19,41,60,1.01,,,1.01,,,1.01,,,,
2026-08-13 00:00:00.000 Z,Women's AFL/Hawthorn (W) v Melbourne (W),35926572,HANDICAP,261030757,Handicap,12443129,Melbourne (W),-0.5,WINNER,1,101,Hawthorn (W),v Melbourne (W),-19,41,60,1.23,,,1.23,,,1.23,,,,
2026-08-13 00:00:00.000 Z,Women's AFL/Hawthorn (W) v Melbourne (W),35926572,HANDICAP,261030757,Handicap,47691798,Hawthorn (W),0.5,LOSER,0,101,Hawthorn (W),v Melbourne (W),-19,41,60,1.01,,,1.01,,,1.01,,,,
2026-08-13 00:00:00.000 Z,Women's AFL/Hawthorn (W) v Melbourne (W),35926572,HANDICAP,261030757,Handicap,12443129,Melbourne (W),0.5,WINNER,1,101,Hawthorn (W),v Melbourne (W),-19,41,60,1.22,,104.3,1.22,,104.3,1.22,,104.3,104.3,1.22
2026-08-13 00:00:00.000 Z,Women's AFL/Hawthorn (W) v Melbourne (W),35926572,HANDICAP,261030757,Handicap,47691798,Hawthorn (W),1.5,LOSER,0,101,Hawthorn (W),v Melbourne (W),-19,41,60,1.01,,,1.01,,,1.01,,,,
2026-08-13 00:00:00.000 Z,Women's AFL/Hawthorn (W) v Melbourne (W),35926572,HANDICAP,261030757,Handicap,12443129,Melbourne (W),1.5,WINNER,1,101,Hawthorn (W),v Melbourne (W),-19,41,60,1.2,,13.01,1.2,,13.01,1.2,,13.01,13.01,1.21
2026-08-13 00:00:00.000 Z,Women's AFL/Hawthorn (W) v Melbourne (W),35926572,HANDICAP,261030757,Handicap,47691798,Hawthorn (W),2.5,LOSER,0,101,Hawthorn (W),v Melbourne (W),-19,41,60,1.01,,,1.01,,,3.05,,,,
2026-08-13 00:00:00.000 Z,Women's AFL/Hawthorn (W) v Melbourne (W),35926572,HANDICAP,261030757,Handicap,12443129,Melbourne (W),2.5,WINNER,1,101,Hawthorn (W),v Melbourne (W),-19,41,60,1.18,,,1.18,,,1.18,,,,
2026-08-13 00:00:00.000 Z,Women's AFL/Hawthorn (W) v Melbourne (W),35926572,HANDICAP,261030757,Handicap,47691798,Hawthorn (W),3.5,LOSER,0,101,Hawthorn (W),v Melbourne (W),-19,41,60,2.8,,,2.8,,,2.8,,,,
2026-08-13 00:00:00.000 Z,Women's AFL/Hawthorn (W) v Melbourne (W),35926572,HANDICAP,261030757,Handicap,12443129,Melbourne (W),3.5,WINNER,1,101,Hawthorn (W),v Melbourne (W),-19,41,60,1.16,,,1.16,,,1.16,,,,
2026-08-13 00:00:00.000 Z,Women's AFL/Hawthorn (W) v Melbourne (W),35926572,HANDICAP,261030757,Handicap,47691798,Hawthorn (W),4.5,LOSER,0,101,Hawthorn (W),v Melbourne (W),-19,41,60,1.01,,,1.01,,,1.01,,,,
2026-08-13 00:00:00.000 Z,Women's AFL/Hawthorn (W) v Melbourne (W),35926572,HANDICAP,261030757,Handicap,12443129,Melbourne (W),4.5,WINNER,1,101,Hawthorn (W),v Melbourne (W),-19,41,60,1.14,,,1.14,,,1.14,,,,
2026-08-13 00:00:00.000 Z,Women's AFL/Hawthorn (W) v Melbourne (W),35926572,HANDICAP,261030757,Handicap,47691798,Hawthorn (W),5.5,LOSER,0,101,Hawthorn (W),v Melbourne (W),-19,41,60,1.01,,,1.01,,,1.01,,,,
2026-08-13 00:00:00.000 Z,Women's AFL/Hawthorn (W) v Melbourne (W),35926572,HANDICAP,261030757,Handicap,12443129,Melbourne (W),5.5,WINNER,1,101,Hawthorn (W),v Melbourne (W),-19,41,60,1.12,,,1.12,,,1.12,,,,
2026-08-13 00:00:00.000 Z,Women's AFL/Hawthorn (W) v Melbourne (W),35926572,HANDICAP,261030757,Handicap,47691798,Hawthorn (W),6.5,LOSER,0,101,Hawthorn (W),v Melbourne (W),-19,41,60,1.01,,,1.01,,,1.01,,,,
2026-08-13 00:00:00.000 Z,Women's AFL/Hawthorn (W) v Melbourne (W),35926572,HANDICAP,261030757,Handicap,12443129,Melbourne (W),6.5,WINNER,1,101,Hawthorn (W),v Melbourne (W),-19,41,60,1.1,,,1.1,,,1.1,,,,
2026-08-13 00:00:00.000 Z,Women's AFL/Hawthorn (W) v Melbourne (W),35926572,HANDICAP,261030757,Handicap,47691798,Hawthorn (W),7.5,LOSER,0,101,Hawthorn (W),v Melbourne (W),-19,41,60,1.01,,,1.01,,,1.01,,,,
2026-08-13 00:00:00.000 Z,Women's AFL/Hawthorn (W) v Melbourne (W),35926572,HANDICAP,261030757,Handicap,12443129,Melbourne (W),7.5,WINNER,1,101,Hawthorn (W),v Melbourne (W),-19,41,60,1.08,,,1.08,,,1.08,,,,
2026-08-13 00:00:00.000 Z,Women's AFL/Hawthorn (W) v Melbourne (W),35926572,HANDICAP,261030757,Handicap,47691798,Hawthorn (W),8.5,LOSER,0,101,Hawthorn (W),v Melbourne (W),-19,41,60,1.01,,,1.01,,,2.3,,,,
2026-08-13 00:00:00.000 Z,Women's AFL/Hawthorn (W) v Melbourne (W),35926572,HANDICAP,261030757,Handicap,12443129,Melbourne (W),8.5,WINNER,1,101,Hawthorn (W),v Melbourne (W),-19,41,60,1.07,,,1.07,,,1.07,,,,
2026-08-13 00:00:00.000 Z,Women's AFL/Hawthorn (W) v Melbourne (W),35926572,HANDICAP,261030757,Handicap,47691798,Hawthorn (W),9.5,LOSER,0,101,Hawthorn (W),v Melbourne (W),-19,41,60,1.01,,,1.01,,,1.01,,,,
2026-08-13 00:00:00.000 Z,Women's AFL/Hawthorn (W) v Melbourne (W),35926572,HANDICAP,261030757,Handicap,12443129,Melbourne (W),9.5,WINNER,1,101,Hawthorn (W),v Melbourne (W),-19,41,60,1.07,1.92,,1.07,1.92,,1.07,1.92,,,
2026-08-13 00:00:00.000 Z,Women's AFL/Hawthorn (W) v Melbourne (W),35926572,HANDICAP,261030757,Handicap,47691798,Hawthorn (W),10.5,LOSER,0,101,Hawthorn (W),v Melbourne (W),-19,41,60,1.01,,,1.01,,,1.01,,,,
2026-08-13 00:00:00.000 Z,Women's AFL/Hawthorn (W) v Melbourne (W),35926572,HANDICAP,261030757,Handicap,12443129,Melbourne (W),10.5,WINNER,1,101,Hawthorn (W),v Melbourne (W),-19,41,60,1.05,,,1.05,,,1.05,,,,
2026-08-13 00:00:00.000 Z,Women's AFL/Hawthorn (W) v Melbourne (W),35926572,HANDICAP,261030757,Handicap,47691798,Hawthorn (W),11.5,LOSER,0,101,Hawthorn (W),v Melbourne (W),-19,41,60,2.02,,77.07,2.02,,77.07,1.01,,77.07,77.07,2.02
2026-08-13 00:00:00.000 Z,Women's AFL/Hawthorn (W) v Melbourne (W),35926572,HANDICAP,261030757,Handicap,12443129,Melbourne (W),11.5,WINNER,1,101,Hawthorn (W),v Melbourne (W),-19,41,60,1.04,,,1.04,,,1.04,,,,
2026-08-13 00:00:00.000 Z,Women's AFL/Hawthorn (W) v Melbourne (W),35926572,HANDICAP,261030757,Handicap,47691798,Hawthorn (W),12.5,LOSER,0,101,Hawthorn (W),v Melbourne (W),-19,41,60,1.62,,,1.62,,,1.62,,,,
2026-08-13 00:00:00.000 Z,Women's AFL/Hawthorn (W) v Melbourne (W),35926572,HANDICAP,261030757,Handicap,12443129,Melbourne (W),12.5,WINNER,1,101,Hawthorn (W),v Melbourne (W),-19,41,60,1.03,,,1.03,,,1.03,,,,
2026-08-13 00:00:00.000 Z,Women's AFL/Hawthorn (W) v Melbourne (W),35926572,HANDICAP,261030757,Handicap,47691798,Hawthorn (W),13.5,LOSER,0,101,Hawthorn (W),v Melbourne (W),-19,41,60,1.7,,,2,,,2,,20,20,2.18
2026-08-13 00:00:00.000 Z,Women's AFL/Hawthorn (W) v Melbourne (W),35926572,HANDICAP,261030757,Handicap,12443129,Melbourne (W),13.5,WINNER,1,101,Hawthorn (W),v Melbourne (W),-19,41,60,1.02,,,1.02,,,1.02,,,,
2026-08-13 00:00:00.000 Z,Women's AFL/Hawthorn (W) v Melbourne (W),35926572,HANDICAP,261030757,Handicap,47691798,Hawthorn (W),14.5,LOSER,0,101,Hawthorn (W),v Melbourne (W),-19,41,60,1.9,,422.82,1.85,2.16,1219.65,2.1,2.16,1618.39,1625.74,2.1
2026-08-13 00:00:00.000 Z,Women's AFL/Hawthorn (W) v Melbourne (W),35926572,HANDICAP,261030757,Handicap,12443129,Melbourne (W),14.5,WINNER,1,101,Hawthorn (W),v Melbourne (W),-19,41,60,1.01,,,1.01,,,1.01,,,,
2026-08-13 00:00:00.000 Z,Women's AFL/Hawthorn (W) v Melbourne (W),35926572,HANDICAP,261030757,Handicap,47691798,Hawthorn (W),15.5,LOSER,0,101,Hawthorn (W),v Melbourne (W),-19,41,60,1.59,,,1.7,,,1.59,,1482.63,1482.63,2.04
2026-08-13 00:00:00.000 Z,Women's AFL/Hawthorn (W) v Melbourne (W),35926572,HANDICAP,261030757,Handicap,12443129,Melbourne (W),15.5,WINNER,1,101,Hawthorn (W),v Melbourne (W),-19,41,60,,,,,,,,,,,
2026-08-13 00:00:00.000 Z,Women's AFL/Hawthorn (W) v Melbourne (W),35926572,HANDICAP,261030757,Handicap,47691798,Hawthorn (W),16.5,LOSER,0,101,Hawthorn (W),v Melbourne (W),-19,41,60,1.55,,,1.55,,,1.55,,,,
2026-08-13 00:00:00.000 Z,Women's AFL/Hawthorn (W) v Melbourne (W),35926572,HANDICAP,261030757,Handicap,12443129,Melbourne (W),16.5,WINNER,1,101,Hawthorn (W),v Melbourne (W),-19,41,60,,,,,,,,,,,
2026-08-13 00:00:00.000 Z,Women's AFL/Hawthorn (W) v Melbourne (W),35926572,HANDICAP,261030757,Handicap,47691798,Hawthorn (W),17.5,LOSER,0,101,Hawthorn (W),v Melbourne (W),-19,41,60,1.51,,,1.51,,,1.51,,,,
2026-08-13 00:00:00.000 Z,Women's AFL/Hawthorn (W) v Melbourne (W),35926572,HANDICAP,261030757,Handicap,12443129,Melbourne (W),17.5,WINNER,1,101,Hawthorn (W),v Melbourne (W),-19,41,60,,,,,,,,,,,
2026-08-13 00:00:00.000 Z,Women's AFL/Hawthorn (W) v Melbourne (W),35926572,HANDICAP,261030757,Handicap,47691798,Hawthorn (W),18.5,LOSER,0,101,Hawthorn (W),v Melbourne (W),-19,41,60,1.47,,,1.47,,,1.47,,,,
2026-08-13 00:00:00.000 Z,Women's AFL/Hawthorn (W) v Melbourne (W),35926572,HANDICAP,261030757,Handicap,12443129,Melbourne (W),18.5,WINNER,1,101,Hawthorn (W),v Melbourne (W),-19,41,60,,,,,,,,,,,
2026-08-13 00:00:00.000 Z,Women's AFL/Hawthorn (W) v Melbourne (W),35926572,HANDICAP,261030757,Handicap,12443129,Melbourne (W),19.5,WINNER,1,101,Hawthorn (W),v Melbourne (W),-19,41,60,,,,,,,,,,,
2026-08-13 00:00:00.000 Z,Women's AFL/Hawthorn (W) v Melbourne (W),35926572,HANDICAP,261030757,Handicap,47691798,Hawthorn (W),19.5,WINNER,1,101,Hawthorn (W),v Melbourne (W),-19,41,60,1.44,,,1.44,,,1.44,,,,
2026-08-13 00:00:00.000 Z,Women's AFL/Hawthorn (W) v Melbourne (W),35926572,HANDICAP,261030757,Handicap,47691798,Hawthorn (W),20.5,WINNER,1,101,Hawthorn (W),v Melbourne (W),-19,41,60,1.41,,,1.41,,,1.51,,,,
2026-08-13 00:00:00.000 Z,Women's AFL/Hawthorn (W) v Melbourne (W),35926572,HANDICAP,261030757,Handicap,12443129,Melbourne (W),20.5,WINNER,1,101,Hawthorn (W),v Melbourne (W),-19,41,60,,,,,,,,,,,
2026-08-13 00:00:00.000 Z,Women's AFL/Hawthorn (W) v Melbourne (W),35926572,HANDICAP,261030757,Handicap,12443129,Melbourne (W),21.5,WINNER,1,101,Hawthorn (W),v Melbourne (W),-19,41,60,,,,,,,,,,,
2026-08-13 00:00:00.000 Z,Women's AFL/Hawthorn (W) v Melbourne (W),35926572,HANDICAP,261030757,Handicap,47691798,Hawthorn (W),21.5,WINNER,1,101,Hawthorn (W),v Melbourne (W),-19,41,60,1.48,,,1.49,,,1.49,,,,
2026-08-13 00:00:00.000 Z,Women's AFL/Hawthorn (W) v Melbourne (W),35926572,HANDICAP,261030757,Handicap,12443129,Melbourne (W),22.5,WINNER,1,101,Hawthorn (W),v Melbourne (W),-19,41,60,,,,,,,,,,,
2026-08-13 00:00:00.000 Z,Women's AFL/Hawthorn (W) v Melbourne (W),35926572,HANDICAP,261030757,Handicap,47691798,Hawthorn (W),22.5,WINNER,1,101,Hawthorn (W),v Melbourne (W),-19,41,60,1.35,,,1.35,,,1.35,,,,
2026-08-13 00:00:00.000 Z,Women's AFL/Hawthorn (W) v Melbourne (W),35926572,HANDICAP,261030757,Handicap,47691798,Hawthorn (W),23.5,WINNER,1,101,Hawthorn (W),v Melbourne (W),-19,41,60,1.32,,,1.32,,,1.32,,,,
2026-08-13 00:00:00.000 Z,Women's AFL/Hawthorn (W) v Melbourne (W),35926572,HANDICAP,261030757,Handicap,12443129,Melbourne (W),23.5,WINNER,1,101,Hawthorn (W),v Melbourne (W),-19,41,60,,,,,,,,,,,
2026-08-13 00:00:00.000 Z,Women's AFL/Hawthorn (W) v Melbourne (W),35926572,HANDICAP,261030757,Handicap,47691798,Hawthorn (W),24.5,WINNER,1,101,Hawthorn (W),v Melbourne (W),-19,41,60,1.29,,,1.29,,,1.29,,,,
2026-08-13 00:00:00.000 Z,Women's AFL/Hawthorn (W) v Melbourne (W),35926572,HANDICAP,261030757,Handicap,12443129,Melbourne (W),24.5,WINNER,1,101,Hawthorn (W),v Melbourne (W),-19,41,60,,,,,,,,,,,
2026-08-13 00:00:00.000 Z,Women's AFL/Hawthorn (W) v Melbourne (W),35926572,HANDICAP,261030757,Handicap,12443129,Melbourne (W),25.5,WINNER,1,101,Hawthorn (W),v Melbourne (W),-19,41,60,,,,,,,,,,,
2026-08-13 00:00:00.000 Z,Women's AFL/Hawthorn (W) v Melbourne (W),35926572,HANDICAP,261030757,Handicap,47691798,Hawthorn (W),25.5,WINNER,1,101,Hawthorn (W),v Melbourne (W),-19,41,60,1.26,,,1.26,,,1.26,,,,
2026-08-13 00:00:00.000 Z,Women's AFL/Hawthorn (W) v Melbourne (W),35926572,HANDICAP,261030757,Handicap,12443129,Melbourne (W),26.5,WINNER,1,101,Hawthorn (W),v Melbourne (W),-19,41,60,,,,,,,,,,,
2026-08-13 00:00:00.000 Z,Women's AFL/Hawthorn (W) v Melbourne (W),35926572,HANDICAP,261030757,Handicap,47691798,Hawthorn (W),26.5,WINNER,1,101,Hawthorn (W),v Melbourne (W),-19,41,60,1.24,,,1.24,,,1.32,,,,
2026-08-13 00:00:00.000 Z,Women's AFL/Hawthorn (W) v Melbourne (W),35926572,HANDICAP,261030757,Handicap,47691798,Hawthorn (W),27.5,WINNER,1,101,Hawthorn (W),v Melbourne (W),-19,41,60,1.27,,,1.28,,,1.28,,,,
2026-08-13 00:00:00.000 Z,Women's AFL/Hawthorn (W) v Melbourne (W),35926572,HANDICAP,261030757,Handicap,12443129,Melbourne (W),27.5,WINNER,1,101,Hawthorn (W),v Melbourne (W),-19,41,60,,,,,,,,,,,
2026-08-13 00:00:00.000 Z,Women's AFL/Hawthorn (W) v Melbourne (W),35926572,HANDICAP,261030757,Handicap,12443129,Melbourne (W),28.5,WINNER,1,101,Hawthorn (W),v Melbourne (W),-19,41,60,,,,,,,,,,,
2026-08-13 00:00:00.000 Z,Women's AFL/Hawthorn (W) v Melbourne (W),35926572,HANDICAP,261030757,Handicap,47691798,Hawthorn (W),28.5,WINNER,1,101,Hawthorn (W),v Melbourne (W),-19,41,60,1.2,,,1.2,,,1.2,,,,
2026-08-13 00:00:00.000 Z,Women's AFL/Hawthorn (W) v Melbourne (W),35926572,HANDICAP,261030757,Handicap,12443129,Melbourne (W),29.5,WINNER,1,101,Hawthorn (W),v Melbourne (W),-19,41,60,,,,,,,,,,,
2026-08-13 00:00:00.000 Z,Women's AFL/Hawthorn (W) v Melbourne (W),35926572,HANDICAP,261030757,Handicap,47691798,Hawthorn (W),29.5,WINNER,1,101,Hawthorn (W),v Melbourne (W),-19,41,60,1.18,,,1.18,,,1.18,,,,
2026-08-13 00:00:00.000 Z,Women's AFL/Hawthorn (W) v Melbourne (W),35926572,HANDICAP,261030757,Handicap,47691798,Hawthorn (W),30.5,WINNER,1,101,Hawthorn (W),v Melbourne (W),-19,41,60,1.16,,,1.16,,,1.16,,,,
2026-08-13 00:00:00.000 Z,Women's AFL/Hawthorn (W) v Melbourne (W),35926572,HANDICAP,261030757,Handicap,12443129,Melbourne (W),30.5,WINNER,1,101,Hawthorn (W),v Melbourne (W),-19,41,60,,,,,,,,,,,
2026-08-13 00:00:00.000 Z,Women's AFL/Hawthorn (W) v Melbourne (W),35926572,HANDICAP,261030757,Handicap,12443129,Melbourne (W),31.5,WINNER,1,101,Hawthorn (W),v Melbourne (W),-19,41,60,,,,,,,,,,,
2026-08-13 00:00:00.000 Z,Women's AFL/Hawthorn (W) v Melbourne (W),35926572,HANDICAP,261030757,Handicap,47691798,Hawthorn (W),31.5,WINNER,1,101,Hawthorn (W),v Melbourne (W),-19,41,60,1.14,,,1.14,,,1.14,,,,
2026-08-13 00:00:00.000 Z,Women's AFL/Hawthorn (W) v Melbourne (W),35926572,HANDICAP,261030757,Handicap,47691798,Hawthorn (W),32.5,WINNER,1,101,Hawthorn (W),v Melbourne (W),-19,41,60,1.12,,,1.12,,,1.12,,,,
2026-08-13 00:00:00.000 Z,Women's AFL/Hawthorn (W) v Melbourne (W),35926572,HANDICAP,261030757,Handicap,12443129,Melbourne (W),32.5,WINNER,1,101,Hawthorn (W),v Melbourne (W),-19,41,60,,,,,,,,,,,
2026-08-13 00:00:00.000 Z,Women's AFL/Hawthorn (W) v Melbourne (W),35926572,HANDICAP,261030757,Handicap,12443129,Melbourne (W),33.5,WINNER,1,101,Hawthorn (W),v Melbourne (W),-19,41,60,,,,,,,,,,,
2026-08-13 00:00:00.000 Z,Women's AFL/Hawthorn (W) v Melbourne (W),35926572,HANDICAP,261030757,Handicap,47691798,Hawthorn (W),33.5,WINNER,1,101,Hawthorn (W),v Melbourne (W),-19,41,60,1.12,,,1.13,,,1.13,,,,
2026-08-13 00:00:00.000 Z,Women's AFL/Hawthorn (W) v Melbourne (W),35926572,HANDICAP,261030757,Handicap,12443129,Melbourne (W),34.5,WINNER,1,101,Hawthorn (W),v Melbourne (W),-19,41,60,,,,,,,,,,,
2026-08-13 00:00:00.000 Z,Women's AFL/Hawthorn (W) v Melbourne (W),35926572,HANDICAP,261030757,Handicap,47691798,Hawthorn (W),34.5,WINNER,1,101,Hawthorn (W),v Melbourne (W),-19,41,60,1.08,,,1.08,,,1.08,,,,
2026-08-13 00:00:00.000 Z,Women's AFL/Hawthorn (W) v Melbourne (W),35926572,HANDICAP,261030757,Handicap,47691798,Hawthorn (W),35.5,WINNER,1,101,Hawthorn (W),v Melbourne (W),-19,41,60,1.07,,,1.07,,,1.07,,,,
2026-08-13 00:00:00.000 Z,Women's AFL/Hawthorn (W) v Melbourne (W),35926572,HANDICAP,261030757,Handicap,12443129,Melbourne (W),35.5,WINNER,1,101,Hawthorn (W),v Melbourne (W),-19,41,60,,,,,,,,,,,
2026-08-13 00:00:00.000 Z,Women's AFL/Hawthorn (W) v Melbourne (W),35926572,HANDICAP,261030757,Handicap,47691798,Hawthorn (W),36.5,WINNER,1,101,Hawthorn (W),v Melbourne (W),-19,41,60,1.06,,,1.06,,,1.06,,,,
2026-08-13 00:00:00.000 Z,Women's AFL/Hawthorn (W) v Melbourne (W),35926572,HANDICAP,261030757,Handicap,12443129,Melbourne (W),36.5,WINNER,1,101,Hawthorn (W),v Melbourne (W),-19,41,60,,,,,,,,,,,
2026-08-13 00:00:00.000 Z,Women's AFL/Hawthorn (W) v Melbourne (W),35926572,HANDICAP,261030757,Handicap,47691798,Hawthorn (W),37.5,WINNER,1,101,Hawthorn (W),v Melbourne (W),-19,41,60,1.05,,,1.05,,,1.05,,,,
2026-08-13 00:00:00.000 Z,Women's AFL/Hawthorn (W) v Melbourne (W),35926572,HANDICAP,261030757,Handicap,12443129,Melbourne (W),37.5,WINNER,1,101,Hawthorn (W),v Melbourne (W),-19,41,60,,,,,,,,,,,
2026-08-13 00:00:00.000 Z,Women's AFL/Hawthorn (W) v Melbourne (W),35926572,HANDICAP,261030757,Handicap,47691798,Hawthorn (W),38.5,WINNER,1,101,Hawthorn (W),v Melbourne (W),-19,41,60,1.04,,,1.04,,,1.04,,,,
2026-08-13 00:00:00.000 Z,Women's AFL/Hawthorn (W) v Melbourne (W),35926572,HANDICAP,261030757,Handicap,12443129,Melbourne (W),38.5,WINNER,1,101,Hawthorn (W),v Melbourne (W),-19,41,60,,,,,,,,,,,
2026-08-13 00:00:00.000 Z,Women's AFL/Hawthorn (W) v Melbourne (W),35926572,HANDICAP,261030757,Handicap,12443129,Melbourne (W),39.5,WINNER,1,101,Hawthorn (W),v Melbourne (W),-19,41,60,,,,,,,,,,,
2026-08-13 00:00:00.000 Z,Women's AFL/Hawthorn (W) v Melbourne (W),35926572,HANDICAP,261030757,Handicap,47691798,Hawthorn (W),39.5,WINNER,1,101,Hawthorn (W),v Melbourne (W),-19,41,60,1.03,,,1.03,,,1.03,,,,
2026-08-13 00:00:00.000 Z,Women's AFL/Hawthorn (W) v Melbourne (W),35926572,HANDICAP,261030757,Handicap,47691798,Hawthorn (W),40.5,WINNER,1,101,Hawthorn (W),v Melbourne (W),-19,41,60,1.02,,,1.02,,,1.02,,,,
2026-08-13 00:00:00.000 Z,Women's AFL/Hawthorn (W) v Melbourne (W),35926572,HANDICAP,261030757,Handicap,12443129,Melbourne (W),40.5,WINNER,1,101,Hawthorn (W),v Melbourne (W),-19,41,60,,,,,,,,,,,
2026-08-13 00:00:00.000 Z,Women's AFL/Hawthorn (W) v Melbourne (W),35926572,HANDICAP,261030757,Handicap,47691798,Hawthorn (W),41.5,WINNER,1,101,Hawthorn (W),v Melbourne (W),-19,41,60,1.01,,,1.01,,,1.01,,,,
2026-08-13 00:00:00.000 Z,Women's AFL/Hawthorn (W) v Melbourne (W),35926572,HANDICAP,261030757,Handicap,12443129,Melbourne (W),41.5,WINNER,1,101,Hawthorn (W),v Melbourne (W),-19,41,60,,,,,,,,,,,
2026-08-13 00:00:00.000 Z,Women's AFL/Hawthorn (W) v Melbourne (W),35926572,HANDICAP,261030757,Handicap,12443129,Melbourne (W),42.5,WINNER,1,101,Hawthorn (W),v Melbourne (W),-19,41,60,,,,,,,,,,,
2026-08-13 00:00:00.000 Z,Women's AFL/Hawthorn (W) v Melbourne (W),35926572,HANDICAP,261030757,Handicap,47691798,Hawthorn (W),42.5,WINNER,1,101,Hawthorn (W),v Melbourne (W),-19,41,60,,,,,,,,,,,
2026-08-13 00:00:00.000 Z,Women's AFL/Hawthorn (W) v Melbourne (W),35926572,HANDICAP,261030757,Handicap,47691798,Hawthorn (W),43.5,WINNER,1,101,Hawthorn (W),v Melbourne (W),-19,41,60,,,,,,,,,,,
2026-08-13 00:00:00.000 Z,Women's AFL/Hawthorn (W) v Melbourne (W),35926572,HANDICAP,261030757,Handicap,12443129,Melbourne (W),43.5,WINNER,1,101,Hawthorn (W),v Melbourne (W),-19,41,60,,,,,,,,,,,
2026-08-13 00:00:00.000 Z,Women's AFL/Hawthorn (W) v Melbourne (W),35926572,HANDICAP,261030757,Handicap,47691798,Hawthorn (W),44.5,WINNER,1,101,Hawthorn (W),v Melbourne (W),-19,41,60,,,,,,,,,,,
2026-08-13 00:00:00.000 Z,Women's AFL/Hawthorn (W) v Melbourne (W),35926572,HANDICAP,261030757,Handicap,12443129,Melbourne (W),44.5,WINNER,1,101,Hawthorn (W),v Melbourne (W),-19,41,60,,,,,,,,,,,
2026-08-13 00:00:00.000 Z,Women's AFL/Hawthorn (W) v Melbourne (W),35926572,HANDICAP,261030757,Handicap,47691798,Hawthorn (W),45.5,WINNER,1,101,Hawthorn (W),v Melbourne (W),-19,41,60,,,,,,,,,,,
2026-08-13 00:00:00.000 Z,Women's AFL/Hawthorn (W) v Melbourne (W),35926572,HANDICAP,261030757,Handicap,12443129,Melbourne (W),45.5,WINNER,1,101,Hawthorn (W),v Melbourne (W),-19,41,60,,,,,,,,,,,
2026-08-13 00:00:00.000 Z,Women's AFL/Hawthorn (W) v Melbourne (W),35926572,HANDICAP,261030757,Handicap,12443129,Melbourne (W),46.5,WINNER,1,101,Hawthorn (W),v Melbourne (W),-19,41,60,,,,,,,,,,,
2026-08-13 00:00:00.000 Z,Women's AFL/Hawthorn (W) v Melbourne (W),35926572,HANDICAP,261030757,Handicap,47691798,Hawthorn (W),46.5,WINNER,1,101,Hawthorn (W),v Melbourne (W),-19,41,60,,,,,,,,,,,
2026-08-13 00:00:00.000 Z,Women's AFL/Hawthorn (W) v Melbourne (W),35926572,HANDICAP,261030757,Handicap,47691798,Hawthorn (W),47.5,WINNER,1,101,Hawthorn (W),v Melbourne (W),-19,41,60,,,,,,,,,,,
2026-08-13 00:00:00.000 Z,Women's AFL/Hawthorn (W) v Melbourne (W),35926572,HANDICAP,261030757,Handicap,12443129,Melbourne (W),47.5,WINNER,1,101,Hawthorn (W),v Melbourne (W),-19,41,60,,,,,,,,,,,
2026-08-13 00:00:00.000 Z,Women's AFL/Hawthorn (W) v Melbourne (W),35926572,HANDICAP,261030757,Handicap,12443129,Melbourne (W),48.5,WINNER,1,101,Hawthorn (W),v Melbourne (W),-19,41,60,,,,,,,,,,,
2026-08-13 00:00:00.000 Z,Women's AFL/Hawthorn (W) v Melbourne (W),35926572,HANDICAP,261030757,Handicap,47691798,Hawthorn (W),48.5,WINNER,1,101,Hawthorn (W),v Melbourne (W),-19,41,60,,,,,,,,,,,
2026-08-13 00:00:00.000 Z,Women's AFL/Hawthorn (W) v Melbourne (W),35926572,HANDICAP,261030757,Handicap,12443129,Melbourne (W),49.5,WINNER,1,101,Hawthorn (W),v Melbourne (W),-19,41,60,,,,,,,,,,,
2026-08-13 00:00:00.000 Z,Women's AFL/Hawthorn (W) v Melbourne (W),35926572,HANDICAP,261030757,Handicap,47691798,Hawthorn (W),49.5,WINNER,1,101,Hawthorn (W),v Melbourne (W),-19,41,60,,,,,,,,,,,
2026-08-13 00:00:00.000 Z,Women's AFL/Hawthorn (W) v Melbourne (W),35926572,HANDICAP,261030757,Handicap,12443129,Melbourne (W),50.5,WINNER,1,101,Hawthorn (W),v Melbourne (W),-19,41,60,,,,,,,,,,,
2026-08-13 00:00:00.000 Z,Women's AFL/Hawthorn (W) v Melbourne (W),35926572,HANDICAP,261030757,Handicap,47691798,Hawthorn (W),50.5,WINNER,1,101,Hawthorn (W),v Melbourne (W),-19,41,60,,,,,,,,,,,
2026-08-13 00:00:00.000 Z,Women's AFL/Hawthorn (W) v Melbourne (W),35926572,HANDICAP,261030757,Handicap,12443129,Melbourne (W),51.5,WINNER,1,101,Hawthorn (W),v Melbourne (W),-19,41,60,,,,,,,,,,,
2026-08-13 00:00:00.000 Z,Women's AFL/Hawthorn (W) v Melbourne (W),35926572,HANDICAP,261030757,Handicap,47691798,Hawthorn (W),51.5,WINNER,1,101,Hawthorn (W),v Melbourne (W),-19,41,60,,,,,,,,,,,
2026-08-13 00:00:00.000 Z,Women's AFL/Hawthorn (W) v Melbourne (W),35926572,HANDICAP,261030757,Handicap,47691798,Hawthorn (W),52.5,WINNER,1,101,Hawthorn (W),v Melbourne (W),-19,41,60,,,,,,,,,,,
2026-08-13 00:00:00.000 Z,Women's AFL/Hawthorn (W) v Melbourne (W),35926572,HANDICAP,261030757,Handicap,12443129,Melbourne (W),52.5,WINNER,1,101,Hawthorn (W),v Melbourne (W),-19,41,60,,,,,,,,,,,
2026-08-13 00:00:00.000 Z,Women's AFL/Hawthorn (W) v Melbourne (W),35926572,HANDICAP,261030757,Handicap,47691798,Hawthorn (W),53.5,WINNER,1,101,Hawthorn (W),v Melbourne (W),-19,41,60,,,,,,,,,,,
2026-08-13 00:00:00.000 Z,Women's AFL/Hawthorn (W) v Melbourne (W),35926572,HANDICAP,261030757,Handicap,12443129,Melbourne (W),53.5,WINNER,1,101,Hawthorn (W),v Melbourne (W),-19,41,60,,,,,,,,,,,
2026-08-13 00:00:00.000 Z,Women's AFL/Hawthorn (W) v Melbourne (W),35926572,HANDICAP,261030757,Handicap,12443129,Melbourne (W),54.5,WINNER,1,101,Hawthorn (W),v Melbourne (W),-19,41,60,,,,,,,,,,,
2026-08-13 00:00:00.000 Z,Women's AFL/Hawthorn (W) v Melbourne (W),35926572,HANDICAP,261030757,Handicap,47691798,Hawthorn (W),54.5,WINNER,1,101,Hawthorn (W),v Melbourne (W),-19,41,60,,,,,,,,,,,
2026-08-13 00:00:00.000 Z,Women's AFL/Hawthorn (W) v Melbourne (W),35926572,HANDICAP,261030757,Handicap,12443129,Melbourne (W),55.5,WINNER,1,101,Hawthorn (W),v Melbourne (W),-19,41,60,,,,,,,,,,,
2026-08-13 00:00:00.000 Z,Women's AFL/Hawthorn (W) v Melbourne (W),35926572,HANDICAP,261030757,Handicap,47691798,Hawthorn (W),55.5,WINNER,1,101,Hawthorn (W),v Melbourne (W),-19,41,60,,,,,,,,,,,
2026-08-13 00:00:00.000 Z,Women's AFL/Hawthorn (W) v Melbourne (W),35926572,HANDICAP,261030757,Handicap,47691798,Hawthorn (W),56.5,WINNER,1,101,Hawthorn (W),v Melbourne (W),-19,41,60,,,,,,,,,,,
2026-08-13 00:00:00.000 Z,Women's AFL/Hawthorn (W) v Melbourne (W),35926572,HANDICAP,261030757,Handicap,12443129,Melbourne (W),56.5,WINNER,1,101,Hawthorn (W),v Melbourne (W),-19,41,60,,,,,,,,,,,
2026-08-13 00:00:00.000 Z,Women's AFL/Hawthorn (W) v Melbourne (W),35926572,HANDICAP,261030757,Handicap,47691798,Hawthorn (W),57.5,WINNER,1,101,Hawthorn (W),v Melbourne (W),-19,41,60,,,,,,,,,,,
2026-08-13 00:00:00.000 Z,Women's AFL/Hawthorn (W) v Melbourne (W),35926572,HANDICAP,261030757,Handicap,12443129,Melbourne (W),57.5,WINNER,1,101,Hawthorn (W),v Melbourne (W),-19,41,60,,,,,,,,,,,
2026-08-13 00:00:00.000 Z,Women's AFL/Hawthorn (W) v Melbourne (W),35926572,HANDICAP,261030757,Handicap,47691798,Hawthorn (W),58.5,WINNER,1,101,Hawthorn (W),v Melbourne (W),-19,41,60,,,,,,,,,,,
2026-08-13 00:00:00.000 Z,Women's AFL/Hawthorn (W) v Melbourne (W),35926572,HANDICAP,261030757,Handicap,12443129,Melbourne (W),58.5,WINNER,1,101,Hawthorn (W),v Melbourne (W),-19,41,60,,,,,,,,,,,
2026-08-13 00:00:00.000 Z,Women's AFL/Hawthorn (W) v Melbourne (W),35926572,HANDICAP,261030757,Handicap,47691798,Hawthorn (W),59.5,WINNER,1,101,Hawthorn (W),v Melbourne (W),-19,41,60,,,,,,,,,,,
2026-08-13 00:00:00.000 Z,Women's AFL/Hawthorn (W) v Melbourne (W),35926572,HANDICAP,261030757,Handicap,12443129,Melbourne (W),59.5,WINNER,1,101,Hawthorn (W),v Melbourne (W),-19,41,60,,,,,,,,,,,
2026-08-13 00:00:00.000 Z,Women's AFL/Hawthorn (W) v Melbourne (W),35926572,MATCH_ODDS,261030756,Match Odds,47691798,Hawthorn (W),0,LOSER,0,101,Hawthorn (W),v Melbourne (W),-19,41,60,4.6,4.7,547.52,4.2,4.5,916.68,4.3,4.4,2374.63,2985.69,4.6
2026-08-13 00:00:00.000 Z,Women's AFL/Hawthorn (W) v Melbourne (W),35926572,MATCH_ODDS,261030756,Match Odds,12443129,Melbourne (W),0,WINNER,1,101,Hawthorn (W),v Melbourne (W),-19,41,60,1.27,1.28,5902.92,1.28,1.31,8655.36,1.29,1.3,13735.85,16153.31,1.28
2026-08-13 00:00:00.000 Z,Women's AFL/Hawthorn (W) v Melbourne (W),35926572,COMBINED_TOTAL,261030878,Total Points,8435233,Under,20.5,LOSER,0,101,Hawthorn (W),v Melbourne (W),-19,41,60,1.01,,,1.01,,,1.01,,,,
2026-08-13 00:00:00.000 Z,Women's AFL/Hawthorn (W) v Melbourne (W),35926572,COMBINED_TOTAL,261030878,Total Points,8435232,Over,20.5,WINNER,1,101,Hawthorn (W),v Melbourne (W),-19,41,60,,,,,,,,,,,
2026-08-13 00:00:00.000 Z,Women's AFL/Hawthorn (W) v Melbourne (W),35926572,COMBINED_TOTAL,261030878,Total Points,8435233,Under,21.5,LOSER,0,101,Hawthorn (W),v Melbourne (W),-19,41,60,1.01,,,1.01,,,1.01,,,,
2026-08-13 00:00:00.000 Z,Women's AFL/Hawthorn (W) v Melbourne (W),35926572,COMBINED_TOTAL,261030878,Total Points,8435232,Over,21.5,WINNER,1,101,Hawthorn (W),v Melbourne (W),-19,41,60,,,,,,,,,,,
2026-08-13 00:00:00.000 Z,Women's AFL/Hawthorn (W) v Melbourne (W),35926572,COMBINED_TOTAL,261030878,Total Points,8435233,Under,22.5,LOSER,0,101,Hawthorn (W),v Melbourne (W),-19,41,60,1.01,,,1.01,,,1.01,,,,
2026-08-13 00:00:00.000 Z,Women's AFL/Hawthorn (W) v Melbourne (W),35926572,COMBINED_TOTAL,261030878,Total Points,8435232,Over,22.5,WINNER,1,101,Hawthorn (W),v Melbourne (W),-19,41,60,,,,,,,,,,,
2026-08-13 00:00:00.000 Z,Women's AFL/Hawthorn (W) v Melbourne (W),35926572,COMBINED_TOTAL,261030878,Total Points,8435233,Under,23.5,LOSER,0,101,Hawthorn (W),v Melbourne (W),-19,41,60,1.01,,,1.01,,,1.01,,,,
2026-08-13 00:00:00.000 Z,Women's AFL/Hawthorn (W) v Melbourne (W),35926572,COMBINED_TOTAL,261030878,Total Points,8435232,Over,23.5,WINNER,1,101,Hawthorn (W),v Melbourne (W),-19,41,60,,,,,,,,,,,
2026-08-13 00:00:00.000 Z,Women's AFL/Hawthorn (W) v Melbourne (W),35926572,COMBINED_TOTAL,261030878,Total Points,8435233,Under,24.5,LOSER,0,101,Hawthorn (W),v Melbourne (W),-19,41,60,1.01,,,1.01,,,1.01,,,,
2026-08-13 00:00:00.000 Z,Women's AFL/Hawthorn (W) v Melbourne (W),35926572,COMBINED_TOTAL,261030878,Total Points,8435232,Over,24.5,WINNER,1,101,Hawthorn (W),v Melbourne (W),-19,41,60,,,,,,,,,,,
2026-08-13 00:00:00.000 Z,Women's AFL/Hawthorn (W) v Melbourne (W),35926572,COMBINED_TOTAL,261030878,Total Points,8435233,Under,25.5,LOSER,0,101,Hawthorn (W),v Melbourne (W),-19,41,60,1.01,,,1.01,,,1.01,,,,
2026-08-13 00:00:00.000 Z,Women's AFL/Hawthorn (W) v Melbourne (W),35926572,COMBINED_TOTAL,261030878,Total Points,8435232,Over,25.5,WINNER,1,101,Hawthorn (W),v Melbourne (W),-19,41,60,,,,,,,,,,,
2026-08-13 00:00:00.000 Z,Women's AFL/Hawthorn (W) v Melbourne (W),35926572,COMBINED_TOTAL,261030878,Total Points,8435233,Under,26.5,LOSER,0,101,Hawthorn (W),v Melbourne (W),-19,41,60,1.01,,,1.01,,,1.01,,,,
2026-08-13 00:00:00.000 Z,Women's AFL/Hawthorn (W) v Melbourne (W),35926572,COMBINED_TOTAL,261030878,Total Points,8435232,Over,26.5,WINNER,1,101,Hawthorn (W),v Melbourne (W),-19,41,60,,,,,,,,,,,
2026-08-13 00:00:00.000 Z,Women's AFL/Hawthorn (W) v Melbourne (W),35926572,COMBINED_TOTAL,261030878,Total Points,8435233,Under,27.5,LOSER,0,101,Hawthorn (W),v Melbourne (W),-19,41,60,1.01,,,1.01,,,1.01,,,,
2026-08-13 00:00:00.000 Z,Women's AFL/Hawthorn (W) v Melbourne (W),35926572,COMBINED_TOTAL,261030878,Total Points,8435232,Over,27.5,WINNER,1,101,Hawthorn (W),v Melbourne (W),-19,41,60,,,,,,,,,,,
2026-08-13 00:00:00.000 Z,Women's AFL/Hawthorn (W) v Melbourne (W),35926572,COMBINED_TOTAL,261030878,Total Points,8435233,Under,28.5,LOSER,0,101,Hawthorn (W),v Melbourne (W),-19,41,60,1.01,,,1.01,,,1.01,,,,
2026-08-13 00:00:00.000 Z,Women's AFL/Hawthorn (W) v Melbourne (W),35926572,COMBINED_TOTAL,261030878,Total Points,8435232,Over,28.5,WINNER,1,101,Hawthorn (W),v Melbourne (W),-19,41,60,,,,,,,,,,,
2026-08-13 00:00:00.000 Z,Women's AFL/Hawthorn (W) v Melbourne (W),35926572,COMBINED_TOTAL,261030878,Total Points,8435233,Under,29.5,LOSER,0,101,Hawthorn (W),v Melbourne (W),-19,41,60,1.01,,,1.01,,,1.01,,,,
2026-08-13 00:00:00.000 Z,Women's AFL/Hawthorn (W) v Melbourne (W),35926572,COMBINED_TOTAL,261030878,Total Points,8435232,Over,29.5,WINNER,1,101,Hawthorn (W),v Melbourne (W),-19,41,60,,,,,,,,,,,
2026-08-13 00:00:00.000 Z,Women's AFL/Hawthorn (W) v Melbourne (W),35926572,COMBINED_TOTAL,261030878,Total Points,8435233,Under,30.5,LOSER,0,101,Hawthorn (W),v Melbourne (W),-19,41,60,1.01,,,1.01,,,1.01,,,,
2026-08-13 00:00:00.000 Z,Women's AFL/Hawthorn (W) v Melbourne (W),35926572,COMBINED_TOTAL,261030878,Total Points,8435232,Over,30.5,WINNER,1,101,Hawthorn (W),v Melbourne (W),-19,41,60,,,,,,,,,,,
2026-08-13 00:00:00.000 Z,Women's AFL/Hawthorn (W) v Melbourne (W),35926572,COMBINED_TOTAL,261030878,Total Points,8435233,Under,31.5,LOSER,0,101,Hawthorn (W),v Melbourne (W),-19,41,60,1.01,,,1.01,,,1.01,,,,
2026-08-13 00:00:00.000 Z,Women's AFL/Hawthorn (W) v Melbourne (W),35926572,COMBINED_TOTAL,261030878,Total Points,8435232,Over,31.5,WINNER,1,101,Hawthorn (W),v Melbourne (W),-19,41,60,,,,,,,,,,,
2026-08-13 00:00:00.000 Z,Women's AFL/Hawthorn (W) v Melbourne (W),35926572,COMBINED_TOTAL,261030878,Total Points,8435233,Under,32.5,LOSER,0,101,Hawthorn (W),v Melbourne (W),-19,41,60,1.01,,,1.01,,,1.01,,,,
2026-08-13 00:00:00.000 Z,Women's AFL/Hawthorn (W) v Melbourne (W),35926572,COMBINED_TOTAL,261030878,Total Points,8435232,Over,32.5,WINNER,1,101,Hawthorn (W),v Melbourne (W),-19,41,60,,,,,,,,,,,
2026-08-13 00:00:00.000 Z,Women's AFL/Hawthorn (W) v Melbourne (W),35926572,COMBINED_TOTAL,261030878,Total Points,8435233,Under,33.5,LOSER,0,101,Hawthorn (W),v Melbourne (W),-19,41,60,1.01,,,1.01,,,1.01,,,,
2026-08-13 00:00:00.000 Z,Women's AFL/Hawthorn (W) v Melbourne (W),35926572,COMBINED_TOTAL,261030878,Total Points,8435232,Over,33.5,WINNER,1,101,Hawthorn (W),v Melbourne (W),-19,41,60,,,,,,,,,,,
2026-08-13 00:00:00.000 Z,Women's AFL/Hawthorn (W) v Melbourne (W),35926572,COMBINED_TOTAL,261030878,Total Points,8435233,Under,34.5,LOSER,0,101,Hawthorn (W),v Melbourne (W),-19,41,60,1.01,,,1.01,,,1.01,,,,
2026-08-13 00:00:00.000 Z,Women's AFL/Hawthorn (W) v Melbourne (W),35926572,COMBINED_TOTAL,261030878,Total Points,8435232,Over,34.5,WINNER,1,101,Hawthorn (W),v Melbourne (W),-19,41,60,,,,,,,,,,,
2026-08-13 00:00:00.000 Z,Women's AFL/Hawthorn (W) v Melbourne (W),35926572,COMBINED_TOTAL,261030878,Total Points,8435233,Under,35.5,LOSER,0,101,Hawthorn (W),v Melbourne (W),-19,41,60,1.44,,,1.44,,,2,,,,
2026-08-13 00:00:00.000 Z,Women's AFL/Hawthorn (W) v Melbourne (W),35926572,COMBINED_TOTAL,261030878,Total Points,8435232,Over,35.5,WINNER,1,101,Hawthorn (W),v Melbourne (W),-19,41,60,,1.44,,,1.44,,,1.44,,,
2026-08-13 00:00:00.000 Z,Women's AFL/Hawthorn (W) v Melbourne (W),35926572,COMBINED_TOTAL,261030878,Total Points,8435233,Under,36.5,LOSER,0,101,Hawthorn (W),v Melbourne (W),-19,41,60,1.01,,,1.01,,,1.01,,,,
2026-08-13 00:00:00.000 Z,Women's AFL/Hawthorn (W) v Melbourne (W),35926572,COMBINED_TOTAL,261030878,Total Points,8435232,Over,36.5,WINNER,1,101,Hawthorn (W),v Melbourne (W),-19,41,60,,,,,,,,,,,
2026-08-13 00:00:00.000 Z,Women's AFL/Hawthorn (W) v Melbourne (W),35926572,COMBINED_TOTAL,261030878,Total Points,8435233,Under,37.5,LOSER,0,101,Hawthorn (W),v Melbourne (W),-19,41,60,1.01,,,1.01,,,1.01,,,,
2026-08-13 00:00:00.000 Z,Women's AFL/Hawthorn (W) v Melbourne (W),35926572,COMBINED_TOTAL,261030878,Total Points,8435232,Over,37.5,WINNER,1,101,Hawthorn (W),v Melbourne (W),-19,41,60,,,,,,,,,,,
2026-08-13 00:00:00.000 Z,Women's AFL/Hawthorn (W) v Melbourne (W),35926572,COMBINED_TOTAL,261030878,Total Points,8435233,Under,38.5,LOSER,0,101,Hawthorn (W),v Melbourne (W),-19,41,60,1.01,,,1.01,,,1.01,,,,
2026-08-13 00:00:00.000 Z,Women's AFL/Hawthorn (W) v Melbourne (W),35926572,COMBINED_TOTAL,261030878,Total Points,8435232,Over,38.5,WINNER,1,101,Hawthorn (W),v Melbourne (W),-19,41,60,,,,,,,,,,,
2026-08-13 00:00:00.000 Z,Women's AFL/Hawthorn (W) v Melbourne (W),35926572,COMBINED_TOTAL,261030878,Total Points,8435233,Under,39.5,LOSER,0,101,Hawthorn (W),v Melbourne (W),-19,41,60,1.01,,,1.01,,,1.01,,,,
2026-08-13 00:00:00.000 Z,Women's AFL/Hawthorn (W) v Melbourne (W),35926572,COMBINED_TOTAL,261030878,Total Points,8435232,Over,39.5,WINNER,1,101,Hawthorn (W),v Melbourne (W),-19,41,60,,,,,,,,,,,
2026-08-13 00:00:00.000 Z,Women's AFL/Hawthorn (W) v Melbourne (W),35926572,COMBINED_TOTAL,261030878,Total Points,8435233,Under,40.5,LOSER,0,101,Hawthorn (W),v Melbourne (W),-19,41,60,1.01,,,1.01,,,1.01,,,,
2026-08-13 00:00:00.000 Z,Women's AFL/Hawthorn (W) v Melbourne (W),35926572,COMBINED_TOTAL,261030878,Total Points,8435232,Over,40.5,WINNER,1,101,Hawthorn (W),v Melbourne (W),-19,41,60,,,,,,,,,,,
2026-08-13 00:00:00.000 Z,Women's AFL/Hawthorn (W) v Melbourne (W),35926572,COMBINED_TOTAL,261030878,Total Points,8435233,Under,41.5,LOSER,0,101,Hawthorn (W),v Melbourne (W),-19,41,60,1.01,,,1.01,,,1.01,,,,
2026-08-13 00:00:00.000 Z,Women's AFL/Hawthorn (W) v Melbourne (W),35926572,COMBINED_TOTAL,261030878,Total Points,8435232,Over,41.5,WINNER,1,101,Hawthorn (W),v Melbourne (W),-19,41,60,,,,,,,,,,,
2026-08-13 00:00:00.000 Z,Women's AFL/Hawthorn (W) v Melbourne (W),35926572,COMBINED_TOTAL,261030878,Total Points,8435233,Under,42.5,LOSER,0,101,Hawthorn (W),v Melbourne (W),-19,41,60,1.01,,,1.01,,,1.01,,,,
2026-08-13 00:00:00.000 Z,Women's AFL/Hawthorn (W) v Melbourne (W),35926572,COMBINED_TOTAL,261030878,Total Points,8435232,Over,42.5,WINNER,1,101,Hawthorn (W),v Melbourne (W),-19,41,60,,,,,,,,,,,
2026-08-13 00:00:00.000 Z,Women's AFL/Hawthorn (W) v Melbourne (W),35926572,COMBINED_TOTAL,261030878,Total Points,8435233,Under,43.5,LOSER,0,101,Hawthorn (W),v Melbourne (W),-19,41,60,1.01,,,1.01,,,1.01,,,,
2026-08-13 00:00:00.000 Z,Women's AFL/Hawthorn (W) v Melbourne (W),35926572,COMBINED_TOTAL,261030878,Total Points,8435232,Over,43.5,WINNER,1,101,Hawthorn (W),v Melbourne (W),-19,41,60,,,,,,,,,,,
2026-08-13 00:00:00.000 Z,Women's AFL/Hawthorn (W) v Melbourne (W),35926572,COMBINED_TOTAL,261030878,Total Points,8435233,Under,44.5,LOSER,0,101,Hawthorn (W),v Melbourne (W),-19,41,60,1.01,,,1.01,,,1.01,,,,
2026-08-13 00:00:00.000 Z,Women's AFL/Hawthorn (W) v Melbourne (W),35926572,COMBINED_TOTAL,261030878,Total Points,8435232,Over,44.5,WINNER,1,101,Hawthorn (W),v Melbourne (W),-19,41,60,,,,,,,,,,,
2026-08-13 00:00:00.000 Z,Women's AFL/Hawthorn (W) v Melbourne (W),35926572,COMBINED_TOTAL,261030878,Total Points,8435233,Under,45.5,LOSER,0,101,Hawthorn (W),v Melbourne (W),-19,41,60,1.01,,,1.01,,,1.01,,,,
2026-08-13 00:00:00.000 Z,Women's AFL/Hawthorn (W) v Melbourne (W),35926572,COMBINED_TOTAL,261030878,Total Points,8435232,Over,45.5,WINNER,1,101,Hawthorn (W),v Melbourne (W),-19,41,60,,,,,,,,,,,
2026-08-13 00:00:00.000 Z,Women's AFL/Hawthorn (W) v Melbourne (W),35926572,COMBINED_TOTAL,261030878,Total Points,8435233,Under,46.5,LOSER,0,101,Hawthorn (W),v Melbourne (W),-19,41,60,1.01,,,1.01,,,1.01,,,,
2026-08-13 00:00:00.000 Z,Women's AFL/Hawthorn (W) v Melbourne (W),35926572,COMBINED_TOTAL,261030878,Total Points,8435232,Over,46.5,WINNER,1,101,Hawthorn (W),v Melbourne (W),-19,41,60,,,,,,,,,,,
2026-08-13 00:00:00.000 Z,Women's AFL/Hawthorn (W) v Melbourne (W),35926572,COMBINED_TOTAL,261030878,Total Points,8435233,Under,47.5,LOSER,0,101,Hawthorn (W),v Melbourne (W),-19,41,60,1.01,,,1.01,,,1.01,,,,
2026-08-13 00:00:00.000 Z,Women's AFL/Hawthorn (W) v Melbourne (W),35926572,COMBINED_TOTAL,261030878,Total Points,8435232,Over,47.5,WINNER,1,101,Hawthorn (W),v Melbourne (W),-19,41,60,,,,,,,,,,,
2026-08-13 00:00:00.000 Z,Women's AFL/Hawthorn (W) v Melbourne (W),35926572,COMBINED_TOTAL,261030878,Total Points,8435233,Under,48.5,LOSER,0,101,Hawthorn (W),v Melbourne (W),-19,41,60,1.01,,,1.01,,,1.01,,,,
2026-08-13 00:00:00.000 Z,Women's AFL/Hawthorn (W) v Melbourne (W),35926572,COMBINED_TOTAL,261030878,Total Points,8435232,Over,48.5,WINNER,1,101,Hawthorn (W),v Melbourne (W),-19,41,60,,,,,,,,,,,
2026-08-13 00:00:00.000 Z,Women's AFL/Hawthorn (W) v Melbourne (W),35926572,COMBINED_TOTAL,261030878,Total Points,8435233,Under,49.5,LOSER,0,101,Hawthorn (W),v Melbourne (W),-19,41,60,1.01,,,1.01,,,1.01,,,,
2026-08-13 00:00:00.000 Z,Women's AFL/Hawthorn (W) v Melbourne (W),35926572,COMBINED_TOTAL,261030878,Total Points,8435232,Over,49.5,WINNER,1,101,Hawthorn (W),v Melbourne (W),-19,41,60,,,,,,,,,,,
2026-08-13 00:00:00.000 Z,Women's AFL/Hawthorn (W) v Melbourne (W),35926572,COMBINED_TOTAL,261030878,Total Points,8435233,Under,50.5,LOSER,0,101,Hawthorn (W),v Melbourne (W),-19,41,60,1.01,,,1.01,,,1.01,,,,
2026-08-13 00:00:00.000 Z,Women's AFL/Hawthorn (W) v Melbourne (W),35926572,COMBINED_TOTAL,261030878,Total Points,8435232,Over,50.5,WINNER,1,101,Hawthorn (W),v Melbourne (W),-19,41,60,,,,,,,,,,,
2026-08-13 00:00:00.000 Z,Women's AFL/Hawthorn (W) v Melbourne (W),35926572,COMBINED_TOTAL,261030878,Total Points,8435233,Under,51.5,LOSER,0,101,Hawthorn (W),v Melbourne (W),-19,41,60,1.01,,,1.01,,,1.01,,,,
2026-08-13 00:00:00.000 Z,Women's AFL/Hawthorn (W) v Melbourne (W),35926572,COMBINED_TOTAL,261030878,Total Points,8435232,Over,51.5,WINNER,1,101,Hawthorn (W),v Melbourne (W),-19,41,60,,,,,,,,,,,
2026-08-13 00:00:00.000 Z,Women's AFL/Hawthorn (W) v Melbourne (W),35926572,COMBINED_TOTAL,261030878,Total Points,8435233,Under,52.5,LOSER,0,101,Hawthorn (W),v Melbourne (W),-19,41,60,1.01,,,1.01,,,1.01,,,,
2026-08-13 00:00:00.000 Z,Women's AFL/Hawthorn (W) v Melbourne (W),35926572,COMBINED_TOTAL,261030878,Total Points,8435232,Over,52.5,WINNER,1,101,Hawthorn (W),v Melbourne (W),-19,41,60,,,,,,,,,,,
2026-08-13 00:00:00.000 Z,Women's AFL/Hawthorn (W) v Melbourne (W),35926572,COMBINED_TOTAL,261030878,Total Points,8435233,Under,53.5,LOSER,0,101,Hawthorn (W),v Melbourne (W),-19,41,60,1.01,,,1.01,,,1.01,,,,
2026-08-13 00:00:00.000 Z,Women's AFL/Hawthorn (W) v Melbourne (W),35926572,COMBINED_TOTAL,261030878,Total Points,8435232,Over,53.5,WINNER,1,101,Hawthorn (W),v Melbourne (W),-19,41,60,,,,,,,,,,,
2026-08-13 00:00:00.000 Z,Women's AFL/Hawthorn (W) v Melbourne (W),35926572,COMBINED_TOTAL,261030878,Total Points,8435233,Under,54.5,LOSER,0,101,Hawthorn (W),v Melbourne (W),-19,41,60,1.01,,,1.01,,,1.01,,,,
2026-08-13 00:00:00.000 Z,Women's AFL/Hawthorn (W) v Melbourne (W),35926572,COMBINED_TOTAL,261030878,Total Points,8435232,Over,54.5,WINNER,1,101,Hawthorn (W),v Melbourne (W),-19,41,60,,,,,,,,,,,
2026-08-13 00:00:00.000 Z,Women's AFL/Hawthorn (W) v Melbourne (W),35926572,COMBINED_TOTAL,261030878,Total Points,8435233,Under,55.5,LOSER,0,101,Hawthorn (W),v Melbourne (W),-19,41,60,1.01,,,1.01,,,1.01,,,,
2026-08-13 00:00:00.000 Z,Women's AFL/Hawthorn (W) v Melbourne (W),35926572,COMBINED_TOTAL,261030878,Total Points,8435232,Over,55.5,WINNER,1,101,Hawthorn (W),v Melbourne (W),-19,41,60,,,,1.01,,,1.01,,,,
2026-08-13 00:00:00.000 Z,Women's AFL/Hawthorn (W) v Melbourne (W),35926572,COMBINED_TOTAL,261030878,Total Points,8435233,Under,56.5,LOSER,0,101,Hawthorn (W),v Melbourne (W),-19,41,60,1.01,,,1.01,,,1.01,,,,
2026-08-13 00:00:00.000 Z,Women's AFL/Hawthorn (W) v Melbourne (W),35926572,COMBINED_TOTAL,261030878,Total Points,8435232,Over,56.5,WINNER,1,101,Hawthorn (W),v Melbourne (W),-19,41,60,,,,1.02,,,1.02,,,,
2026-08-13 00:00:00.000 Z,Women's AFL/Hawthorn (W) v Melbourne (W),35926572,COMBINED_TOTAL,261030878,Total Points,8435233,Under,57.5,LOSER,0,101,Hawthorn (W),v Melbourne (W),-19,41,60,1.01,,,1.01,,,1.01,,,,
2026-08-13 00:00:00.000 Z,Women's AFL/Hawthorn (W) v Melbourne (W),35926572,COMBINED_TOTAL,261030878,Total Points,8435232,Over,57.5,WINNER,1,101,Hawthorn (W),v Melbourne (W),-19,41,60,,,,1.03,,,1.03,,,,
2026-08-13 00:00:00.000 Z,Women's AFL/Hawthorn (W) v Melbourne (W),35926572,COMBINED_TOTAL,261030878,Total Points,8435233,Under,58.5,LOSER,0,101,Hawthorn (W),v Melbourne (W),-19,41,60,1.01,,,1.01,,,1.01,,,,
2026-08-13 00:00:00.000 Z,Women's AFL/Hawthorn (W) v Melbourne (W),35926572,COMBINED_TOTAL,261030878,Total Points,8435232,Over,58.5,WINNER,1,101,Hawthorn (W),v Melbourne (W),-19,41,60,1.01,,,1.04,,,1.04,,,,
2026-08-13 00:00:00.000 Z,Women's AFL/Hawthorn (W) v Melbourne (W),35926572,COMBINED_TOTAL,261030878,Total Points,8435233,Under,59.5,LOSER,0,101,Hawthorn (W),v Melbourne (W),-19,41,60,1.01,,,1.01,,,1.01,,,,
2026-08-13 00:00:00.000 Z,Women's AFL/Hawthorn (W) v Melbourne (W),35926572,COMBINED_TOTAL,261030878,Total Points,8435232,Over,59.5,WINNER,1,101,Hawthorn (W),v Melbourne (W),-19,41,60,1.02,,,1.05,,,1.05,,,,
2026-08-13 00:00:00.000 Z,Women's AFL/Hawthorn (W) v Melbourne (W),35926572,COMBINED_TOTAL,261030878,Total Points,8435233,Under,60.5,LOSER,0,101,Hawthorn (W),v Melbourne (W),-19,41,60,1.01,,,1.01,,,1.01,,,,
2026-08-13 00:00:00.000 Z,Women's AFL/Hawthorn (W) v Melbourne (W),35926572,COMBINED_TOTAL,261030878,Total Points,8435232,Over,60.5,WINNER,1,101,Hawthorn (W),v Melbourne (W),-19,41,60,1.03,,,1.06,,,1.06,,,,
2026-08-13 00:00:00.000 Z,Women's AFL/Hawthorn (W) v Melbourne (W),35926572,COMBINED_TOTAL,261030878,Total Points,8435233,Under,61.5,LOSER,0,101,Hawthorn (W),v Melbourne (W),-19,41,60,1.01,,,1.01,,,1.01,,,,
2026-08-13 00:00:00.000 Z,Women's AFL/Hawthorn (W) v Melbourne (W),35926572,COMBINED_TOTAL,261030878,Total Points,8435232,Over,61.5,WINNER,1,101,Hawthorn (W),v Melbourne (W),-19,41,60,1.04,,,1.07,,,1.07,,,,
2026-08-13 00:00:00.000 Z,Women's AFL/Hawthorn (W) v Melbourne (W),35926572,COMBINED_TOTAL,261030878,Total Points,8435233,Under,62.5,LOSER,0,101,Hawthorn (W),v Melbourne (W),-19,41,60,1.01,,,1.01,,,1.01,,,,
2026-08-13 00:00:00.000 Z,Women's AFL/Hawthorn (W) v Melbourne (W),35926572,COMBINED_TOTAL,261030878,Total Points,8435232,Over,62.5,WINNER,1,101,Hawthorn (W),v Melbourne (W),-19,41,60,1.05,,,1.08,,,1.08,,,,
2026-08-13 00:00:00.000 Z,Women's AFL/Hawthorn (W) v Melbourne (W),35926572,COMBINED_TOTAL,261030878,Total Points,8435233,Under,63.5,LOSER,0,101,Hawthorn (W),v Melbourne (W),-19,41,60,1.01,,,1.01,,,1.01,,,,
2026-08-13 00:00:00.000 Z,Women's AFL/Hawthorn (W) v Melbourne (W),35926572,COMBINED_TOTAL,261030878,Total Points,8435232,Over,63.5,WINNER,1,101,Hawthorn (W),v Melbourne (W),-19,41,60,1.06,,,1.09,,,1.09,,,,
2026-08-13 00:00:00.000 Z,Women's AFL/Hawthorn (W) v Melbourne (W),35926572,COMBINED_TOTAL,261030878,Total Points,8435233,Under,64.5,LOSER,0,101,Hawthorn (W),v Melbourne (W),-19,41,60,1.01,,,1.01,,,1.01,,,,
2026-08-13 00:00:00.000 Z,Women's AFL/Hawthorn (W) v Melbourne (W),35926572,COMBINED_TOTAL,261030878,Total Points,8435232,Over,64.5,WINNER,1,101,Hawthorn (W),v Melbourne (W),-19,41,60,1.07,,,1.1,,,1.1,,,,
2026-08-13 00:00:00.000 Z,Women's AFL/Hawthorn (W) v Melbourne (W),35926572,COMBINED_TOTAL,261030878,Total Points,8435233,Under,65.5,LOSER,0,101,Hawthorn (W),v Melbourne (W),-19,41,60,1.01,,,1.01,,,1.01,,,,
2026-08-13 00:00:00.000 Z,Women's AFL/Hawthorn (W) v Melbourne (W),35926572,COMBINED_TOTAL,261030878,Total Points,8435232,Over,65.5,WINNER,1,101,Hawthorn (W),v Melbourne (W),-19,41,60,1.11,1.15,,1.11,,57.34,1.11,,57.34,57.34,1.15
2026-08-13 00:00:00.000 Z,Women's AFL/Hawthorn (W) v Melbourne (W),35926572,COMBINED_TOTAL,261030878,Total Points,8435233,Under,66.5,LOSER,0,101,Hawthorn (W),v Melbourne (W),-19,41,60,1.01,,,1.01,,,1.01,,,,
2026-08-13 00:00:00.000 Z,Women's AFL/Hawthorn (W) v Melbourne (W),35926572,COMBINED_TOTAL,261030878,Total Points,8435232,Over,66.5,WINNER,1,101,Hawthorn (W),v Melbourne (W),-19,41,60,1.1,,,1.12,,,1.12,,,,
2026-08-13 00:00:00.000 Z,Women's AFL/Hawthorn (W) v Melbourne (W),35926572,COMBINED_TOTAL,261030878,Total Points,8435233,Under,67.5,LOSER,0,101,Hawthorn (W),v Melbourne (W),-19,41,60,1.01,,,1.01,,,1.01,,,,
2026-08-13 00:00:00.000 Z,Women's AFL/Hawthorn (W) v Melbourne (W),35926572,COMBINED_TOTAL,261030878,Total Points,8435232,Over,67.5,WINNER,1,101,Hawthorn (W),v Melbourne (W),-19,41,60,1.12,,,1.14,,,1.14,,,,
2026-08-13 00:00:00.000 Z,Women's AFL/Hawthorn (W) v Melbourne (W),35926572,COMBINED_TOTAL,261030878,Total Points,8435233,Under,68.5,LOSER,0,101,Hawthorn (W),v Melbourne (W),-19,41,60,1.01,,,1.01,,,1.01,,,,
2026-08-13 00:00:00.000 Z,Women's AFL/Hawthorn (W) v Melbourne (W),35926572,COMBINED_TOTAL,261030878,Total Points,8435232,Over,68.5,WINNER,1,101,Hawthorn (W),v Melbourne (W),-19,41,60,1.14,,,1.16,,,1.16,,,,
2026-08-13 00:00:00.000 Z,Women's AFL/Hawthorn (W) v Melbourne (W),35926572,COMBINED_TOTAL,261030878,Total Points,8435233,Under,69.5,LOSER,0,101,Hawthorn (W),v Melbourne (W),-19,41,60,1.01,,,1.01,,,1.01,,,,
2026-08-13 00:00:00.000 Z,Women's AFL/Hawthorn (W) v Melbourne (W),35926572,COMBINED_TOTAL,261030878,Total Points,8435232,Over,69.5,WINNER,1,101,Hawthorn (W),v Melbourne (W),-19,41,60,1.16,,,1.18,,,1.18,,,,
2026-08-13 00:00:00.000 Z,Women's AFL/Hawthorn (W) v Melbourne (W),35926572,COMBINED_TOTAL,261030878,Total Points,8435233,Under,70.5,LOSER,0,101,Hawthorn (W),v Melbourne (W),-19,41,60,1.01,,,1.01,,,1.01,,,,
2026-08-13 00:00:00.000 Z,Women's AFL/Hawthorn (W) v Melbourne (W),35926572,COMBINED_TOTAL,261030878,Total Points,8435232,Over,70.5,WINNER,1,101,Hawthorn (W),v Melbourne (W),-19,41,60,1.18,,,1.21,,,1.2,,,,
2026-08-13 00:00:00.000 Z,Women's AFL/Hawthorn (W) v Melbourne (W),35926572,COMBINED_TOTAL,261030878,Total Points,8435233,Under,71.5,LOSER,0,101,Hawthorn (W),v Melbourne (W),-19,41,60,1.01,,,1.01,,,1.01,,,,
2026-08-13 00:00:00.000 Z,Women's AFL/Hawthorn (W) v Melbourne (W),35926572,COMBINED_TOTAL,261030878,Total Points,8435232,Over,71.5,WINNER,1,101,Hawthorn (W),v Melbourne (W),-19,41,60,1.21,,,1.22,,,1.22,,,,
2026-08-13 00:00:00.000 Z,Women's AFL/Hawthorn (W) v Melbourne (W),35926572,COMBINED_TOTAL,261030878,Total Points,8435233,Under,72.5,LOSER,0,101,Hawthorn (W),v Melbourne (W),-19,41,60,3.05,,,3.05,,,1.01,,,,
2026-08-13 00:00:00.000 Z,Women's AFL/Hawthorn (W) v Melbourne (W),35926572,COMBINED_TOTAL,261030878,Total Points,8435232,Over,72.5,WINNER,1,101,Hawthorn (W),v Melbourne (W),-19,41,60,1.23,,,1.24,,,1.24,,,,
2026-08-13 00:00:00.000 Z,Women's AFL/Hawthorn (W) v Melbourne (W),35926572,COMBINED_TOTAL,261030878,Total Points,8435233,Under,73.5,LOSER,0,101,Hawthorn (W),v Melbourne (W),-19,41,60,2.9,,,2.9,,,1.01,,,,
2026-08-13 00:00:00.000 Z,Women's AFL/Hawthorn (W) v Melbourne (W),35926572,COMBINED_TOTAL,261030878,Total Points,8435232,Over,73.5,WINNER,1,101,Hawthorn (W),v Melbourne (W),-19,41,60,1.25,,,1.27,,,1.27,,,,
2026-08-13 00:00:00.000 Z,Women's AFL/Hawthorn (W) v Melbourne (W),35926572,COMBINED_TOTAL,261030878,Total Points,8435233,Under,74.5,LOSER,0,101,Hawthorn (W),v Melbourne (W),-19,41,60,1.01,,,1.01,,,1.01,,,,
2026-08-13 00:00:00.000 Z,Women's AFL/Hawthorn (W) v Melbourne (W),35926572,COMBINED_TOTAL,261030878,Total Points,8435232,Over,74.5,WINNER,1,101,Hawthorn (W),v Melbourne (W),-19,41,60,1.27,,,1.3,,,1.33,,,,
2026-08-13 00:00:00.000 Z,Women's AFL/Hawthorn (W) v Melbourne (W),35926572,COMBINED_TOTAL,261030878,Total Points,8435233,Under,75.5,LOSER,0,101,Hawthorn (W),v Melbourne (W),-19,41,60,1.01,,,1.01,,,1.01,,,,
2026-08-13 00:00:00.000 Z,Women's AFL/Hawthorn (W) v Melbourne (W),35926572,COMBINED_TOTAL,261030878,Total Points,8435232,Over,75.5,WINNER,1,101,Hawthorn (W),v Melbourne (W),-19,41,60,1.3,,,1.33,,,1.33,,,,
2026-08-13 00:00:00.000 Z,Women's AFL/Hawthorn (W) v Melbourne (W),35926572,COMBINED_TOTAL,261030878,Total Points,8435233,Under,76.5,LOSER,0,101,Hawthorn (W),v Melbourne (W),-19,41,60,1.01,,,1.01,,,1.01,,,,
2026-08-13 00:00:00.000 Z,Women's AFL/Hawthorn (W) v Melbourne (W),35926572,COMBINED_TOTAL,261030878,Total Points,8435232,Over,76.5,WINNER,1,101,Hawthorn (W),v Melbourne (W),-19,41,60,1.33,,,1.36,,,1.36,,,,
2026-08-13 00:00:00.000 Z,Women's AFL/Hawthorn (W) v Melbourne (W),35926572,COMBINED_TOTAL,261030878,Total Points,8435233,Under,77.5,LOSER,0,101,Hawthorn (W),v Melbourne (W),-19,41,60,1.01,,,1.01,,,1.01,,,,
2026-08-13 00:00:00.000 Z,Women's AFL/Hawthorn (W) v Melbourne (W),35926572,COMBINED_TOTAL,261030878,Total Points,8435232,Over,77.5,WINNER,1,101,Hawthorn (W),v Melbourne (W),-19,41,60,1.36,,,1.4,,,1.4,,,,
2026-08-13 00:00:00.000 Z,Women's AFL/Hawthorn (W) v Melbourne (W),35926572,COMBINED_TOTAL,261030878,Total Points,8435233,Under,78.5,LOSER,0,101,Hawthorn (W),v Melbourne (W),-19,41,60,2.32,,,2.34,,,2.34,,,,
2026-08-13 00:00:00.000 Z,Women's AFL/Hawthorn (W) v Melbourne (W),35926572,COMBINED_TOTAL,261030878,Total Points,8435232,Over,78.5,WINNER,1,101,Hawthorn (W),v Melbourne (W),-19,41,60,1.4,,12,1.44,,12,1.44,,12,12,1.4
2026-08-13 00:00:00.000 Z,Women's AFL/Hawthorn (W) v Melbourne (W),35926572,COMBINED_TOTAL,261030878,Total Points,8435233,Under,79.5,LOSER,0,101,Hawthorn (W),v Melbourne (W),-19,41,60,2.18,,,2.18,,,1.01,,,,
2026-08-13 00:00:00.000 Z,Women's AFL/Hawthorn (W) v Melbourne (W),35926572,COMBINED_TOTAL,261030878,Total Points,8435232,Over,79.5,WINNER,1,101,Hawthorn (W),v Melbourne (W),-19,41,60,1.44,,,1.48,,,1.48,,,,
2026-08-13 00:00:00.000 Z,Women's AFL/Hawthorn (W) v Melbourne (W),35926572,COMBINED_TOTAL,261030878,Total Points,8435233,Under,80.5,LOSER,0,101,Hawthorn (W),v Melbourne (W),-19,41,60,1.01,,,1.01,,,1.01,,,,
2026-08-13 00:00:00.000 Z,Women's AFL/Hawthorn (W) v Melbourne (W),35926572,COMBINED_TOTAL,261030878,Total Points,8435232,Over,80.5,WINNER,1,101,Hawthorn (W),v Melbourne (W),-19,41,60,1.47,,,1.52,,,1.52,,,,
2026-08-13 00:00:00.000 Z,Women's AFL/Hawthorn (W) v Melbourne (W),35926572,COMBINED_TOTAL,261030878,Total Points,8435233,Under,81.5,LOSER,0,101,Hawthorn (W),v Melbourne (W),-19,41,60,1.01,,,1.01,,,1.01,,,,
2026-08-13 00:00:00.000 Z,Women's AFL/Hawthorn (W) v Melbourne (W),35926572,COMBINED_TOTAL,261030878,Total Points,8435232,Over,81.5,WINNER,1,101,Hawthorn (W),v Melbourne (W),-19,41,60,1.51,,,1.56,,,1.56,,,,
2026-08-13 00:00:00.000 Z,Women's AFL/Hawthorn (W) v Melbourne (W),35926572,COMBINED_TOTAL,261030878,Total Points,8435233,Under,82.5,LOSER,0,101,Hawthorn (W),v Melbourne (W),-19,41,60,1.01,,,1.01,,,1.01,,,,
2026-08-13 00:00:00.000 Z,Women's AFL/Hawthorn (W) v Melbourne (W),35926572,COMBINED_TOTAL,261030878,Total Points,8435232,Over,82.5,WINNER,1,101,Hawthorn (W),v Melbourne (W),-19,41,60,1.55,,,1.59,,,1.59,,,,
2026-08-13 00:00:00.000 Z,Women's AFL/Hawthorn (W) v Melbourne (W),35926572,COMBINED_TOTAL,261030878,Total Points,8435233,Under,83.5,LOSER,0,101,Hawthorn (W),v Melbourne (W),-19,41,60,1.01,,,1.62,,,1.62,,,,
2026-08-13 00:00:00.000 Z,Women's AFL/Hawthorn (W) v Melbourne (W),35926572,COMBINED_TOTAL,261030878,Total Points,8435232,Over,83.5,WINNER,1,101,Hawthorn (W),v Melbourne (W),-19,41,60,1.59,,,1.6,,,1.6,1.9,,,
2026-08-13 00:00:00.000 Z,Women's AFL/Hawthorn (W) v Melbourne (W),35926572,COMBINED_TOTAL,261030878,Total Points,8435233,Under,84.5,LOSER,0,101,Hawthorn (W),v Melbourne (W),-19,41,60,1.62,,,1.61,,,1.61,,,,
2026-08-13 00:00:00.000 Z,Women's AFL/Hawthorn (W) v Melbourne (W),35926572,COMBINED_TOTAL,261030878,Total Points,8435232,Over,84.5,WINNER,1,101,Hawthorn (W),v Melbourne (W),-19,41,60,1.6,,,1.61,,,1.61,1.96,,,
2026-08-13 00:00:00.000 Z,Women's AFL/Hawthorn (W) v Melbourne (W),35926572,COMBINED_TOTAL,261030878,Total Points,8435233,Under,85.5,LOSER,0,101,Hawthorn (W),v Melbourne (W),-19,41,60,1.62,,450,1.6,,453.42,1.82,,953.42,953.42,2.04
2026-08-13 00:00:00.000 Z,Women's AFL/Hawthorn (W) v Melbourne (W),35926572,COMBINED_TOTAL,261030878,Total Points,8435232,Over,85.5,WINNER,1,101,Hawthorn (W),v Melbourne (W),-19,41,60,1.73,1.94,462.33,1.75,1.96,477.9,1.81,,3036.77,3036.77,1.81
2026-08-13 00:00:00.000 Z,Women's AFL/Hawthorn (W) v Melbourne (W),35926572,COMBINED_TOTAL,261030878,Total Points,8435233,Under,86.5,LOSER,0,101,Hawthorn (W),v Melbourne (W),-19,41,60,1.6,,135,1.59,,710.83,1.59,,1260.83,1260.83,2.1
2026-08-13 00:00:00.000 Z,Women's AFL/Hawthorn (W) v Melbourne (W),35926572,COMBINED_TOTAL,261030878,Total Points,8435232,Over,86.5,WINNER,1,101,Hawthorn (W),v Melbourne (W),-19,41,60,1.81,2.04,129.73,1.84,2.08,693.53,1.85,1.9,1266.16,1266.16,1.9
2026-08-13 00:00:00.000 Z,Women's AFL/Hawthorn (W) v Melbourne (W),35926572,COMBINED_TOTAL,261030878,Total Points,8435233,Under,87.5,LOSER,0,101,Hawthorn (W),v Melbourne (W),-19,41,60,1.59,,,1.57,,,1.57,,,,
2026-08-13 00:00:00.000 Z,Women's AFL/Hawthorn (W) v Melbourne (W),35926572,COMBINED_TOTAL,261030878,Total Points,8435232,Over,87.5,WINNER,1,101,Hawthorn (W),v Melbourne (W),-19,41,60,,,,,,,,,,,
2026-08-13 00:00:00.000 Z,Women's AFL/Hawthorn (W) v Melbourne (W),35926572,COMBINED_TOTAL,261030878,Total Points,8435233,Under,88.5,LOSER,0,101,Hawthorn (W),v Melbourne (W),-19,41,60,1.55,,2,1.53,,2,1.53,,2,2,1.55
2026-08-13 00:00:00.000 Z,Women's AFL/Hawthorn (W) v Melbourne (W),35926572,COMBINED_TOTAL,261030878,Total Points,8435232,Over,88.5,WINNER,1,101,Hawthorn (W),v Melbourne (W),-19,41,60,,,,,,,,,,,
2026-08-13 00:00:00.000 Z,Women's AFL/Hawthorn (W) v Melbourne (W),35926572,COMBINED_TOTAL,261030878,Total Points,8435233,Under,89.5,LOSER,0,101,Hawthorn (W),v Melbourne (W),-19,41,60,1.51,,,1.49,,,1.49,,,,
2026-08-13 00:00:00.000 Z,Women's AFL/Hawthorn (W) v Melbourne (W),35926572,COMBINED_TOTAL,261030878,Total Points,8435232,Over,89.5,WINNER,1,101,Hawthorn (W),v Melbourne (W),-19,41,60,,,,,,,,,,,
2026-08-13 00:00:00.000 Z,Women's AFL/Hawthorn (W) v Melbourne (W),35926572,COMBINED_TOTAL,261030878,Total Points,8435233,Under,90.5,LOSER,0,101,Hawthorn (W),v Melbourne (W),-19,41,60,1.53,,,1.53,,,1.53,,,,
2026-08-13 00:00:00.000 Z,Women's AFL/Hawthorn (W) v Melbourne (W),35926572,COMBINED_TOTAL,261030878,Total Points,8435232,Over,90.5,WINNER,1,101,Hawthorn (W),v Melbourne (W),-19,41,60,,,,,,,,,,,
2026-08-13 00:00:00.000 Z,Women's AFL/Hawthorn (W) v Melbourne (W),35926572,COMBINED_TOTAL,261030878,Total Points,8435233,Under,91.5,LOSER,0,101,Hawthorn (W),v Melbourne (W),-19,41,60,1.48,,14,1.48,,14,1.48,,14,14,1.44
2026-08-13 00:00:00.000 Z,Women's AFL/Hawthorn (W) v Melbourne (W),35926572,COMBINED_TOTAL,261030878,Total Points,8435232,Over,91.5,WINNER,1,101,Hawthorn (W),v Melbourne (W),-19,41,60,,,,,,,,,,,
2026-08-13 00:00:00.000 Z,Women's AFL/Hawthorn (W) v Melbourne (W),35926572,COMBINED_TOTAL,261030878,Total Points,8435233,Under,92.5,LOSER,0,101,Hawthorn (W),v Melbourne (W),-19,41,60,1.4,,,1.38,,,1.38,,,,
2026-08-13 00:00:00.000 Z,Women's AFL/Hawthorn (W) v Melbourne (W),35926572,COMBINED_TOTAL,261030878,Total Points,8435232,Over,92.5,WINNER,1,101,Hawthorn (W),v Melbourne (W),-19,41,60,,,,,,,,,,,
2026-08-13 00:00:00.000 Z,Women's AFL/Hawthorn (W) v Melbourne (W),35926572,COMBINED_TOTAL,261030878,Total Points,8435233,Under,93.5,LOSER,0,101,Hawthorn (W),v Melbourne (W),-19,41,60,1.36,,,1.35,,11,1.35,,11,11,1.36
2026-08-13 00:00:00.000 Z,Women's AFL/Hawthorn (W) v Melbourne (W),35926572,COMBINED_TOTAL,261030878,Total Points,8435232,Over,93.5,WINNER,1,101,Hawthorn (W),v Melbourne (W),-19,41,60,,,,,,,,,,,
2026-08-13 00:00:00.000 Z,Women's AFL/Hawthorn (W) v Melbourne (W),35926572,COMBINED_TOTAL,261030878,Total Points,8435233,Under,94.5,LOSER,0,101,Hawthorn (W),v Melbourne (W),-19,41,60,1.33,,,1.32,,,1.32,,,,
2026-08-13 00:00:00.000 Z,Women's AFL/Hawthorn (W) v Melbourne (W),35926572,COMBINED_TOTAL,261030878,Total Points,8435232,Over,94.5,WINNER,1,101,Hawthorn (W),v Melbourne (W),-19,41,60,,,,,,,,,,,
2026-08-13 00:00:00.000 Z,Women's AFL/Hawthorn (W) v Melbourne (W),35926572,COMBINED_TOTAL,261030878,Total Points,8435233,Under,95.5,LOSER,0,101,Hawthorn (W),v Melbourne (W),-19,41,60,1.3,,,1.29,,,1.29,,,,
2026-08-13 00:00:00.000 Z,Women's AFL/Hawthorn (W) v Melbourne (W),35926572,COMBINED_TOTAL,261030878,Total Points,8435232,Over,95.5,WINNER,1,101,Hawthorn (W),v Melbourne (W),-19,41,60,,,,,,,,,,,
2026-08-13 00:00:00.000 Z,Women's AFL/Hawthorn (W) v Melbourne (W),35926572,COMBINED_TOTAL,261030878,Total Points,8435233,Under,96.5,LOSER,0,101,Hawthorn (W),v Melbourne (W),-19,41,60,1.33,,,1.33,,12,1.33,,12,12,1.33
2026-08-13 00:00:00.000 Z,Women's AFL/Hawthorn (W) v Melbourne (W),35926572,COMBINED_TOTAL,261030878,Total Points,8435232,Over,96.5,WINNER,1,101,Hawthorn (W),v Melbourne (W),-19,41,60,,,,,,,,,,,
2026-08-13 00:00:00.000 Z,Women's AFL/Hawthorn (W) v Melbourne (W),35926572,COMBINED_TOTAL,261030878,Total Points,8435233,Under,97.5,LOSER,0,101,Hawthorn (W),v Melbourne (W),-19,41,60,1.28,,,1.28,,,1.28,,,,
2026-08-13 00:00:00.000 Z,Women's AFL/Hawthorn (W) v Melbourne (W),35926572,COMBINED_TOTAL,261030878,Total Points,8435232,Over,97.5,WINNER,1,101,Hawthorn (W),v Melbourne (W),-19,41,60,,,,,,,,,,,
2026-08-13 00:00:00.000 Z,Women's AFL/Hawthorn (W) v Melbourne (W),35926572,COMBINED_TOTAL,261030878,Total Points,8435233,Under,98.5,LOSER,0,101,Hawthorn (W),v Melbourne (W),-19,41,60,1.23,,,1.21,,,1.21,,,,
2026-08-13 00:00:00.000 Z,Women's AFL/Hawthorn (W) v Melbourne (W),35926572,COMBINED_TOTAL,261030878,Total Points,8435232,Over,98.5,WINNER,1,101,Hawthorn (W),v Melbourne (W),-19,41,60,,,,,,,,,,,
2026-08-13 00:00:00.000 Z,Women's AFL/Hawthorn (W) v Melbourne (W),35926572,COMBINED_TOTAL,261030878,Total Points,8435233,Under,99.5,LOSER,0,101,Hawthorn (W),v Melbourne (W),-19,41,60,1.21,,,1.19,,,1.19,,,,
2026-08-13 00:00:00.000 Z,Women's AFL/Hawthorn (W) v Melbourne (W),35926572,COMBINED_TOTAL,261030878,Total Points,8435232,Over,99.5,WINNER,1,101,Hawthorn (W),v Melbourne (W),-19,41,60,,,,,,,,,,,
2026-08-13 00:00:00.000 Z,Women's AFL/Hawthorn (W) v Melbourne (W),35926572,COMBINED_TOTAL,261030878,Total Points,8435233,Under,100.5,LOSER,0,101,Hawthorn (W),v Melbourne (W),-19,41,60,1.18,,,1.17,,,1.17,,5.43,5.43,1.17
2026-08-13 00:00:00.000 Z,Women's AFL/Hawthorn (W) v Melbourne (W),35926572,COMBINED_TOTAL,261030878,Total Points,8435232,Over,100.5,WINNER,1,101,Hawthorn (W),v Melbourne (W),-19,41,60,,,,,,,,,,,
2026-08-13 00:00:00.000 Z,Women's AFL/Hawthorn (W) v Melbourne (W),35926572,COMBINED_TOTAL,261030878,Total Points,8435232,Over,101.5,LOSER,0,101,Hawthorn (W),v Melbourne (W),-19,41,60,,,,,,,,,,,
2026-08-13 00:00:00.000 Z,Women's AFL/Hawthorn (W) v Melbourne (W),35926572,COMBINED_TOTAL,261030878,Total Points,8435233,Under,101.5,WINNER,1,101,Hawthorn (W),v Melbourne (W),-19,41,60,1.16,,,1.15,,,1.15,,,,
2026-08-13 00:00:00.000 Z,Women's AFL/Hawthorn (W) v Melbourne (W),35926572,COMBINED_TOTAL,261030878,Total Points,8435232,Over,102.5,LOSER,0,101,Hawthorn (W),v Melbourne (W),-19,41,60,,,,,,,,,,,
2026-08-13 00:00:00.000 Z,Women's AFL/Hawthorn (W) v Melbourne (W),35926572,COMBINED_TOTAL,261030878,Total Points,8435233,Under,102.5,WINNER,1,101,Hawthorn (W),v Melbourne (W),-19,41,60,1.14,,,1.13,,,1.13,,,,
2026-08-13 00:00:00.000 Z,Women's AFL/Hawthorn (W) v Melbourne (W),35926572,COMBINED_TOTAL,261030878,Total Points,8435232,Over,103.5,LOSER,0,101,Hawthorn (W),v Melbourne (W),-19,41,60,,,,,,,,,,,
2026-08-13 00:00:00.000 Z,Women's AFL/Hawthorn (W) v Melbourne (W),35926572,COMBINED_TOTAL,261030878,Total Points,8435233,Under,103.5,WINNER,1,101,Hawthorn (W),v Melbourne (W),-19,41,60,1.12,,,1.11,,,1.11,,,,
2026-08-13 00:00:00.000 Z,Women's AFL/Hawthorn (W) v Melbourne (W),35926572,COMBINED_TOTAL,261030878,Total Points,8435232,Over,104.5,LOSER,0,101,Hawthorn (W),v Melbourne (W),-19,41,60,,,,,,,,,,,
2026-08-13 00:00:00.000 Z,Women's AFL/Hawthorn (W) v Melbourne (W),35926572,COMBINED_TOTAL,261030878,Total Points,8435233,Under,104.5,WINNER,1,101,Hawthorn (W),v Melbourne (W),-19,41,60,1.1,,,1.09,,,1.09,,,,
2026-08-13 00:00:00.000 Z,Women's AFL/Hawthorn (W) v Melbourne (W),35926572,COMBINED_TOTAL,261030878,Total Points,8435232,Over,105.5,LOSER,0,101,Hawthorn (W),v Melbourne (W),-19,41,60,,,,,,,,,,,
2026-08-13 00:00:00.000 Z,Women's AFL/Hawthorn (W) v Melbourne (W),35926572,COMBINED_TOTAL,261030878,Total Points,8435233,Under,105.5,WINNER,1,101,Hawthorn (W),v Melbourne (W),-19,41,60,1.08,,,1.08,,,1.08,,,,
2026-08-13 00:00:00.000 Z,Women's AFL/Hawthorn (W) v Melbourne (W),35926572,COMBINED_TOTAL,261030878,Total Points,8435232,Over,106.5,LOSER,0,101,Hawthorn (W),v Melbourne (W),-19,41,60,,,,,,,,,,,
2026-08-13 00:00:00.000 Z,Women's AFL/Hawthorn (W) v Melbourne (W),35926572,COMBINED_TOTAL,261030878,Total Points,8435233,Under,106.5,WINNER,1,101,Hawthorn (W),v Melbourne (W),-19,41,60,1.07,,,1.07,,,1.07,,,,
2026-08-13 00:00:00.000 Z,Women's AFL/Hawthorn (W) v Melbourne (W),35926572,COMBINED_TOTAL,261030878,Total Points,8435232,Over,107.5,LOSER,0,101,Hawthorn (W),v Melbourne (W),-19,41,60,,,,,,,,,,,
2026-08-13 00:00:00.000 Z,Women's AFL/Hawthorn (W) v Melbourne (W),35926572,COMBINED_TOTAL,261030878,Total Points,8435233,Under,107.5,WINNER,1,101,Hawthorn (W),v Melbourne (W),-19,41,60,1.06,,,1.06,,,1.06,,,,
2026-08-13 00:00:00.000 Z,Women's AFL/Hawthorn (W) v Melbourne (W),35926572,COMBINED_TOTAL,261030878,Total Points,8435232,Over,108.5,LOSER,0,101,Hawthorn (W),v Melbourne (W),-19,41,60,,,,,,,,,,,
2026-08-13 00:00:00.000 Z,Women's AFL/Hawthorn (W) v Melbourne (W),35926572,COMBINED_TOTAL,261030878,Total Points,8435233,Under,108.5,WINNER,1,101,Hawthorn (W),v Melbourne (W),-19,41,60,1.05,,,1.05,,,1.05,,,,
2026-08-13 00:00:00.000 Z,Women's AFL/Hawthorn (W) v Melbourne (W),35926572,COMBINED_TOTAL,261030878,Total Points,8435232,Over,109.5,LOSER,0,101,Hawthorn (W),v Melbourne (W),-19,41,60,,,,,,,,,,,
2026-08-13 00:00:00.000 Z,Women's AFL/Hawthorn (W) v Melbourne (W),35926572,COMBINED_TOTAL,261030878,Total Points,8435233,Under,109.5,WINNER,1,101,Hawthorn (W),v Melbourne (W),-19,41,60,1.04,,,1.04,,,1.04,,,,
2026-08-13 00:00:00.000 Z,Women's AFL/Hawthorn (W) v Melbourne (W),35926572,COMBINED_TOTAL,261030878,Total Points,8435232,Over,110.5,LOSER,0,101,Hawthorn (W),v Melbourne (W),-19,41,60,,,,,,,,,,,
2026-08-13 00:00:00.000 Z,Women's AFL/Hawthorn (W) v Melbourne (W),35926572,COMBINED_TOTAL,261030878,Total Points,8435233,Under,110.5,WINNER,1,101,Hawthorn (W),v Melbourne (W),-19,41,60,1.03,,,1.03,,,1.03,,,,
2026-08-13 00:00:00.000 Z,Women's AFL/Hawthorn (W) v Melbourne (W),35926572,COMBINED_TOTAL,261030878,Total Points,8435232,Over,111.5,LOSER,0,101,Hawthorn (W),v Melbourne (W),-19,41,60,,,,,,,,,,,
2026-08-13 00:00:00.000 Z,Women's AFL/Hawthorn (W) v Melbourne (W),35926572,COMBINED_TOTAL,261030878,Total Points,8435233,Under,111.5,WINNER,1,101,Hawthorn (W),v Melbourne (W),-19,41,60,1.02,,,1.02,,,1.02,,,,
2026-08-13 00:00:00.000 Z,Women's AFL/Hawthorn (W) v Melbourne (W),35926572,COMBINED_TOTAL,261030878,Total Points,8435232,Over,112.5,LOSER,0,101,Hawthorn (W),v Melbourne (W),-19,41,60,,,,,,,,,,,
2026-08-13 00:00:00.000 Z,Women's AFL/Hawthorn (W) v Melbourne (W),35926572,COMBINED_TOTAL,261030878,Total Points,8435233,Under,112.5,WINNER,1,101,Hawthorn (W),v Melbourne (W),-19,41,60,1.01,,,1.01,,,1.01,,,,
2026-08-13 00:00:00.000 Z,Women's AFL/Hawthorn (W) v Melbourne (W),35926572,COMBINED_TOTAL,261030878,Total Points,8435232,Over,113.5,LOSER,0,101,Hawthorn (W),v Melbourne (W),-19,41,60,,,,,,,,,,,
2026-08-13 00:00:00.000 Z,Women's AFL/Hawthorn (W) v Melbourne (W),35926572,COMBINED_TOTAL,261030878,Total Points,8435233,Under,113.5,WINNER,1,101,Hawthorn (W),v Melbourne (W),-19,41,60,,,,,,,,,,,
2026-08-13 00:00:00.000 Z,Women's AFL/Hawthorn (W) v Melbourne (W),35926572,COMBINED_TOTAL,261030878,Total Points,8435232,Over,114.5,LOSER,0,101,Hawthorn (W),v Melbourne (W),-19,41,60,,,,,,,,,,,
2026-08-13 00:00:00.000 Z,Women's AFL/Hawthorn (W) v Melbourne (W),35926572,COMBINED_TOTAL,261030878,Total Points,8435233,Under,114.5,WINNER,1,101,Hawthorn (W),v Melbourne (W),-19,41,60,,,,,,,,,,,
2026-08-13 00:00:00.000 Z,Women's AFL/Hawthorn (W) v Melbourne (W),35926572,COMBINED_TOTAL,261030878,Total Points,8435232,Over,115.5,LOSER,0,101,Hawthorn (W),v Melbourne (W),-19,41,60,,,,,,,,,,,
2026-08-13 00:00:00.000 Z,Women's AFL/Hawthorn (W) v Melbourne (W),35926572,COMBINED_TOTAL,261030878,Total Points,8435233,Under,115.5,WINNER,1,101,Hawthorn (W),v Melbourne (W),-19,41,60,,,,,,,,,,,
2026-08-13 00:00:00.000 Z,Women's AFL/Hawthorn (W) v Melbourne (W),35926572,COMBINED_TOTAL,261030878,Total Points,8435232,Over,116.5,LOSER,0,101,Hawthorn (W),v Melbourne (W),-19,41,60,,,,,,,,,,,
2026-08-13 00:00:00.000 Z,Women's AFL/Hawthorn (W) v Melbourne (W),35926572,COMBINED_TOTAL,261030878,Total Points,8435233,Under,116.5,WINNER,1,101,Hawthorn (W),v Melbourne (W),-19,41,60,,,,,,,,,,,
2026-08-13 00:00:00.000 Z,Women's AFL/Hawthorn (W) v Melbourne (W),35926572,COMBINED_TOTAL,261030878,Total Points,8435232,Over,117.5,LOSER,0,101,Hawthorn (W),v Melbourne (W),-19,41,60,,,,,,,,,,,
2026-08-13 00:00:00.000 Z,Women's AFL/Hawthorn (W) v Melbourne (W),35926572,COMBINED_TOTAL,261030878,Total Points,8435233,Under,117.5,WINNER,1,101,Hawthorn (W),v Melbourne (W),-19,41,60,,,,,,,,,,,
2026-08-13 00:00:00.000 Z,Women's AFL/Hawthorn (W) v Melbourne (W),35926572,COMBINED_TOTAL,261030878,Total Points,8435232,Over,118.5,LOSER,0,101,Hawthorn (W),v Melbourne (W),-19,41,60,,,,,,,,,,,
2026-08-13 00:00:00.000 Z,Women's AFL/Hawthorn (W) v Melbourne (W),35926572,COMBINED_TOTAL,261030878,Total Points,8435233,Under,118.5,WINNER,1,101,Hawthorn (W),v Melbourne (W),-19,41,60,,,,,,,,,,,
2026-08-13 00:00:00.000 Z,Women's AFL/Hawthorn (W) v Melbourne (W),35926572,COMBINED_TOTAL,261030878,Total Points,8435232,Over,119.5,LOSER,0,101,Hawthorn (W),v Melbourne (W),-19,41,60,,,,,,,,,,,
2026-08-13 00:00:00.000 Z,Women's AFL/Hawthorn (W) v Melbourne (W),35926572,COMBINED_TOTAL,261030878,Total Points,8435233,Under,119.5,WINNER,1,101,Hawthorn (W),v Melbourne (W),-19,41,60,,,,,,,,,,,
2026-08-13 00:00:00.000 Z,Women's AFL/Hawthorn (W) v Melbourne (W),35926572,COMBINED_TOTAL,261030878,Total Points,8435232,Over,120.5,LOSER,0,101,Hawthorn (W),v Melbourne (W),-19,41,60,,,,,,,,,,,
2026-08-13 00:00:00.000 Z,Women's AFL/Hawthorn (W) v Melbourne (W),35926572,COMBINED_TOTAL,261030878,Total Points,8435233,Under,120.5,WINNER,1,101,Hawthorn (W),v Melbourne (W),-19,41,60,,,,,,,,,,,
2026-08-13 00:00:00.000 Z,Women's AFL/Hawthorn (W) v Melbourne (W),35926572,COMBINED_TOTAL,261030878,Total Points,8435232,Over,121.5,LOSER,0,101,Hawthorn (W),v Melbourne (W),-19,41,60,,,,,,,,,,,
2026-08-13 00:00:00.000 Z,Women's AFL/Hawthorn (W) v Melbourne (W),35926572,COMBINED_TOTAL,261030878,Total Points,8435233,Under,121.5,WINNER,1,101,Hawthorn (W),v Melbourne (W),-19,41,60,,,,,,,,,,,
2026-08-13 00:00:00.000 Z,Women's AFL/Hawthorn (W) v Melbourne (W),35926572,COMBINED_TOTAL,261030878,Total Points,8435232,Over,122.5,LOSER,0,101,Hawthorn (W),v Melbourne (W),-19,41,60,,,,,,,,,,,
2026-08-13 00:00:00.000 Z,Women's AFL/Hawthorn (W) v Melbourne (W),35926572,COMBINED_TOTAL,261030878,Total Points,8435233,Under,122.5,WINNER,1,101,Hawthorn (W),v Melbourne (W),-19,41,60,,,,,,,,,,,
2026-08-13 00:00:00.000 Z,Women's AFL/Hawthorn (W) v Melbourne (W),35926572,COMBINED_TOTAL,261030878,Total Points,8435232,Over,123.5,LOSER,0,101,Hawthorn (W),v Melbourne (W),-19,41,60,,,,,,,,,,,
2026-08-13 00:00:00.000 Z,Women's AFL/Hawthorn (W) v Melbourne (W),35926572,COMBINED_TOTAL,261030878,Total Points,8435233,Under,123.5,WINNER,1,101,Hawthorn (W),v Melbourne (W),-19,41,60,,,,,,,,,,,
2026-08-13 00:00:00.000 Z,Women's AFL/Hawthorn (W) v Melbourne (W),35926572,COMBINED_TOTAL,261030878,Total Points,8435232,Over,124.5,LOSER,0,101,Hawthorn (W),v Melbourne (W),-19,41,60,,,,,,,,,,,
2026-08-13 00:00:00.000 Z,Women's AFL/Hawthorn (W) v Melbourne (W),35926572,COMBINED_TOTAL,261030878,Total Points,8435233,Under,124.5,WINNER,1,101,Hawthorn (W),v Melbourne (W),-19,41,60,,,,,,,,,,,
2026-08-13 00:00:00.000 Z,Women's AFL/Hawthorn (W) v Melbourne (W),35926572,COMBINED_TOTAL,261030878,Total Points,8435232,Over,125.5,LOSER,0,101,Hawthorn (W),v Melbourne (W),-19,41,60,,,,,,,,,,,
2026-08-13 00:00:00.000 Z,Women's AFL/Hawthorn (W) v Melbourne (W),35926572,COMBINED_TOTAL,261030878,Total Points,8435233,Under,125.5,WINNER,1,101,Hawthorn (W),v Melbourne (W),-19,41,60,,,,,,,,,,,
2026-08-13 00:00:00.000 Z,Women's AFL/Hawthorn (W) v Melbourne (W),35926572,COMBINED_TOTAL,261030878,Total Points,8435232,Over,126.5,LOSER,0,101,Hawthorn (W),v Melbourne (W),-19,41,60,,,,,,,,,,,
2026-08-13 00:00:00.000 Z,Women's AFL/Hawthorn (W) v Melbourne (W),35926572,COMBINED_TOTAL,261030878,Total Points,8435233,Under,126.5,WINNER,1,101,Hawthorn (W),v Melbourne (W),-19,41,60,,,,,,,,,,,
2026-08-13 00:00:00.000 Z,Women's AFL/Hawthorn (W) v Melbourne (W),35926572,COMBINED_TOTAL,261030878,Total Points,8435232,Over,127.5,LOSER,0,101,Hawthorn (W),v Melbourne (W),-19,41,60,,,,,,,,,,,
2026-08-13 00:00:00.000 Z,Women's AFL/Hawthorn (W) v Melbourne (W),35926572,COMBINED_TOTAL,261030878,Total Points,8435233,Under,127.5,WINNER,1,101,Hawthorn (W),v Melbourne (W),-19,41,60,,,,,,,,,,,
2026-08-13 00:00:00.000 Z,Women's AFL/Hawthorn (W) v Melbourne (W),35926572,COMBINED_TOTAL,261030878,Total Points,8435232,Over,128.5,LOSER,0,101,Hawthorn (W),v Melbourne (W),-19,41,60,,,,,,,,,,,
2026-08-13 00:00:00.000 Z,Women's AFL/Hawthorn (W) v Melbourne (W),35926572,COMBINED_TOTAL,261030878,Total Points,8435233,Under,128.5,WINNER,1,101,Hawthorn (W),v Melbourne (W),-19,41,60,,,,,,,,,,,
2026-08-13 00:00:00.000 Z,Women's AFL/Hawthorn (W) v Melbourne (W),35926572,COMBINED_TOTAL,261030878,Total Points,8435232,Over,129.5,LOSER,0,101,Hawthorn (W),v Melbourne (W),-19,41,60,,,,,,,,,,,
2026-08-13 00:00:00.000 Z,Women's AFL/Hawthorn (W) v Melbourne (W),35926572,COMBINED_TOTAL,261030878,Total Points,8435233,Under,129.5,WINNER,1,101,Hawthorn (W),v Melbourne (W),-19,41,60,,,,,,,,,,,
2026-08-13 00:00:00.000 Z,Women's AFL/Hawthorn (W) v Melbourne (W),35926572,COMBINED_TOTAL,261030878,Total Points,8435232,Over,130.5,LOSER,0,101,Hawthorn (W),v Melbourne (W),-19,41,60,,,,,,,,,,,
2026-08-13 00:00:00.000 Z,Women's AFL/Hawthorn (W) v Melbourne (W),35926572,COMBINED_TOTAL,261030878,Total Points,8435233,Under,130.5,WINNER,1,101,Hawthorn (W),v Melbourne (W),-19,41,60,,,,,,,,,,,
2026-08-13 00:00:00.000 Z,Women's AFL/Hawthorn (W) v Melbourne (W),35926572,COMBINED_TOTAL,261030878,Total Points,8435232,Over,131.5,LOSER,0,101,Hawthorn (W),v Melbourne (W),-19,41,60,,,,,,,,,,,
2026-08-13 00:00:00.000 Z,Women's AFL/Hawthorn (W) v Melbourne (W),35926572,COMBINED_TOTAL,261030878,Total Points,8435233,Under,131.5,WINNER,1,101,Hawthorn (W),v Melbourne (W),-19,41,60,,,,,,,,,,,
2026-08-13 00:00:00.000 Z,Women's AFL/Hawthorn (W) v Melbourne (W),35926572,COMBINED_TOTAL,261030878,Total Points,8435232,Over,132.5,LOSER,0,101,Hawthorn (W),v Melbourne (W),-19,41,60,,,,,,,,,,,
2026-08-13 00:00:00.000 Z,Women's AFL/Hawthorn (W) v Melbourne (W),35926572,COMBINED_TOTAL,261030878,Total Points,8435233,Under,132.5,WINNER,1,101,Hawthorn (W),v Melbourne (W),-19,41,60,,,,,,,,,,,
2026-08-13 00:00:00.000 Z,Women's AFL/Hawthorn (W) v Melbourne (W),35926572,COMBINED_TOTAL,261030878,Total Points,8435232,Over,133.5,LOSER,0,101,Hawthorn (W),v Melbourne (W),-19,41,60,,,,,,,,,,,
2026-08-13 00:00:00.000 Z,Women's AFL/Hawthorn (W) v Melbourne (W),35926572,COMBINED_TOTAL,261030878,Total Points,8435233,Under,133.5,WINNER,1,101,Hawthorn (W),v Melbourne (W),-19,41,60,,,,,,,,,,,
2026-08-13 00:00:00.000 Z,Women's AFL/Hawthorn (W) v Melbourne (W),35926572,COMBINED_TOTAL,261030878,Total Points,8435232,Over,134.5,LOSER,0,101,Hawthorn (W),v Melbourne (W),-19,41,60,,,,,,,,,,,
2026-08-13 00:00:00.000 Z,Women's AFL/Hawthorn (W) v Melbourne (W),35926572,COMBINED_TOTAL,261030878,Total Points,8435233,Under,134.5,WINNER,1,101,Hawthorn (W),v Melbourne (W),-19,41,60,,,,,,,,,,,
2026-08-13 00:00:00.000 Z,Women's AFL/Hawthorn (W) v Melbourne (W),35926572,COMBINED_TOTAL,261030878,Total Points,8435232,Over,135.5,LOSER,0,101,Hawthorn (W),v Melbourne (W),-19,41,60,,,,,,,,,,,
2026-08-13 00:00:00.000 Z,Women's AFL/Hawthorn (W) v Melbourne (W),35926572,COMBINED_TOTAL,261030878,Total Points,8435233,Under,135.5,WINNER,1,101,Hawthorn (W),v Melbourne (W),-19,41,60,,,,,,,,,,,
2026-08-13 00:00:00.000 Z,Women's AFL/Hawthorn (W) v Melbourne (W),35926572,COMBINED_TOTAL,261030878,Total Points,8435232,Over,136.5,LOSER,0,101,Hawthorn (W),v Melbourne (W),-19,41,60,,,,,,,,,,,
2026-08-13 00:00:00.000 Z,Women's AFL/Hawthorn (W) v Melbourne (W),35926572,COMBINED_TOTAL,261030878,Total Points,8435233,Under,136.5,WINNER,1,101,Hawthorn (W),v Melbourne (W),-19,41,60,,,,,,,,,,,
2026-08-13 00:00:00.000 Z,Women's AFL/Hawthorn (W) v Melbourne (W),35926572,COMBINED_TOTAL,261030878,Total Points,8435232,Over,137.5,LOSER,0,101,Hawthorn (W),v Melbourne (W),-19,41,60,,,,,,,,,,,
2026-08-13 00:00:00.000 Z,Women's AFL/Hawthorn (W) v Melbourne (W),35926572,COMBINED_TOTAL,261030878,Total Points,8435233,Under,137.5,WINNER,1,101,Hawthorn (W),v Melbourne (W),-19,41,60,,,,,,,,,,,
2026-08-13 00:00:00.000 Z,Women's AFL/Hawthorn (W) v Melbourne (W),35926572,COMBINED_TOTAL,261030878,Total Points,8435232,Over,138.5,LOSER,0,101,Hawthorn (W),v Melbourne (W),-19,41,60,,,,,,,,,,,
2026-08-13 00:00:00.000 Z,Women's AFL/Hawthorn (W) v Melbourne (W),35926572,COMBINED_TOTAL,261030878,Total Points,8435233,Under,138.5,WINNER,1,101,Hawthorn (W),v Melbourne (W),-19,41,60,,,,,,,,,,,
2026-08-13 00:00:00.000 Z,Women's AFL/Hawthorn (W) v Melbourne (W),35926572,COMBINED_TOTAL,261030878,Total Points,8435232,Over,139.5,LOSER,0,101,Hawthorn (W),v Melbourne (W),-19,41,60,,,,,,,,,,,
2026-08-13 00:00:00.000 Z,Women's AFL/Hawthorn (W) v Melbourne (W),35926572,COMBINED_TOTAL,261030878,Total Points,8435233,Under,139.5,WINNER,1,101,Hawthorn (W),v Melbourne (W),-19,41,60,,,,,,,,,,,
2026-08-13 00:00:00.000 Z,Women's AFL/Hawthorn (W) v Melbourne (W),35926572,COMBINED_TOTAL,261030878,Total Points,8435232,Over,140.5,LOSER,0,101,Hawthorn (W),v Melbourne (W),-19,41,60,,,,,,,,,,,
2026-08-13 00:00:00.000 Z,Women's AFL/Hawthorn (W) v Melbourne (W),35926572,COMBINED_TOTAL,261030878,Total Points,8435233,Under,140.5,WINNER,1,101,Hawthorn (W),v Melbourne (W),-19,41,60,,,,,,,,,,,
2026-08-15 00:00:00.000 Z,Women's AFL/North Melbourne (W) v Geelong (W),35926573,HANDICAP,261031001,Handicap,22505676,Geelong (W),-59.5,LOSER,0,127,North Melbourne (W),v Geelong (W),60,93.5,33.5,1.01,,,1.01,,,1.01,,,,
2026-08-15 00:00:00.000 Z,Women's AFL/North Melbourne (W) v Geelong (W),35926573,HANDICAP,261031001,Handicap,22505674,North Melbourne (W),-59.5,WINNER,1,127,North Melbourne (W),v Geelong (W),60,93.5,33.5,1.01,,,1.01,,,1.01,,,,
2026-08-15 00:00:00.000 Z,Women's AFL/North Melbourne (W) v Geelong (W),35926573,HANDICAP,261031001,Handicap,22505676,Geelong (W),-58.5,LOSER,0,127,North Melbourne (W),v Geelong (W),60,93.5,33.5,1.01,,,1.01,,,1.01,,,,
2026-08-15 00:00:00.000 Z,Women's AFL/North Melbourne (W) v Geelong (W),35926573,HANDICAP,261031001,Handicap,22505674,North Melbourne (W),-58.5,WINNER,1,127,North Melbourne (W),v Geelong (W),60,93.5,33.5,1.01,,,1.01,,,1.01,,,,
2026-08-15 00:00:00.000 Z,Women's AFL/North Melbourne (W) v Geelong (W),35926573,HANDICAP,261031001,Handicap,22505676,Geelong (W),-57.5,LOSER,0,127,North Melbourne (W),v Geelong (W),60,93.5,33.5,1.01,,,1.01,,,1.01,,,,
2026-08-15 00:00:00.000 Z,Women's AFL/North Melbourne (W) v Geelong (W),35926573,HANDICAP,261031001,Handicap,22505674,North Melbourne (W),-57.5,WINNER,1,127,North Melbourne (W),v Geelong (W),60,93.5,33.5,1.01,,,1.01,,,1.01,,,,
2026-08-15 00:00:00.000 Z,Women's AFL/North Melbourne (W) v Geelong (W),35926573,HANDICAP,261031001,Handicap,22505676,Geelong (W),-56.5,LOSER,0,127,North Melbourne (W),v Geelong (W),60,93.5,33.5,1.01,,,1.01,,,1.01,,,,
2026-08-15 00:00:00.000 Z,Women's AFL/North Melbourne (W) v Geelong (W),35926573,HANDICAP,261031001,Handicap,22505674,North Melbourne (W),-56.5,WINNER,1,127,North Melbourne (W),v Geelong (W),60,93.5,33.5,1.01,,,1.01,,,1.01,,,,
2026-08-15 00:00:00.000 Z,Women's AFL/North Melbourne (W) v Geelong (W),35926573,HANDICAP,261031001,Handicap,22505676,Geelong (W),-55.5,LOSER,0,127,North Melbourne (W),v Geelong (W),60,93.5,33.5,1.01,,,1.01,,,1.01,,,,
2026-08-15 00:00:00.000 Z,Women's AFL/North Melbourne (W) v Geelong (W),35926573,HANDICAP,261031001,Handicap,22505674,North Melbourne (W),-55.5,WINNER,1,127,North Melbourne (W),v Geelong (W),60,93.5,33.5,1.01,,,1.01,,,1.01,,,,
2026-08-15 00:00:00.000 Z,Women's AFL/North Melbourne (W) v Geelong (W),35926573,HANDICAP,261031001,Handicap,22505676,Geelong (W),-54.5,LOSER,0,127,North Melbourne (W),v Geelong (W),60,93.5,33.5,1.01,,,1.01,,,1.01,,,,
2026-08-15 00:00:00.000 Z,Women's AFL/North Melbourne (W) v Geelong (W),35926573,HANDICAP,261031001,Handicap,22505674,North Melbourne (W),-54.5,WINNER,1,127,North Melbourne (W),v Geelong (W),60,93.5,33.5,1.01,,,1.01,,,1.01,,,,
2026-08-15 00:00:00.000 Z,Women's AFL/North Melbourne (W) v Geelong (W),35926573,HANDICAP,261031001,Handicap,22505676,Geelong (W),-53.5,LOSER,0,127,North Melbourne (W),v Geelong (W),60,93.5,33.5,1.01,,,1.01,,,1.01,,,,
2026-08-15 00:00:00.000 Z,Women's AFL/North Melbourne (W) v Geelong (W),35926573,HANDICAP,261031001,Handicap,22505674,North Melbourne (W),-53.5,WINNER,1,127,North Melbourne (W),v Geelong (W),60,93.5,33.5,1.01,,,1.01,,,1.01,,,,
2026-08-15 00:00:00.000 Z,Women's AFL/North Melbourne (W) v Geelong (W),35926573,HANDICAP,261031001,Handicap,22505676,Geelong (W),-52.5,LOSER,0,127,North Melbourne (W),v Geelong (W),60,93.5,33.5,1.01,,,1.01,,,1.01,,,,
2026-08-15 00:00:00.000 Z,Women's AFL/North Melbourne (W) v Geelong (W),35926573,HANDICAP,261031001,Handicap,22505674,North Melbourne (W),-52.5,WINNER,1,127,North Melbourne (W),v Geelong (W),60,93.5,33.5,1.01,,,1.01,,,1.01,,,,
2026-08-15 00:00:00.000 Z,Women's AFL/North Melbourne (W) v Geelong (W),35926573,HANDICAP,261031001,Handicap,22505676,Geelong (W),-51.5,LOSER,0,127,North Melbourne (W),v Geelong (W),60,93.5,33.5,1.01,,,1.01,,,1.01,,,,
2026-08-15 00:00:00.000 Z,Women's AFL/North Melbourne (W) v Geelong (W),35926573,HANDICAP,261031001,Handicap,22505674,North Melbourne (W),-51.5,WINNER,1,127,North Melbourne (W),v Geelong (W),60,93.5,33.5,1.01,,,1.01,,,1.01,,,,
2026-08-15 00:00:00.000 Z,Women's AFL/North Melbourne (W) v Geelong (W),35926573,HANDICAP,261031001,Handicap,22505676,Geelong (W),-50.5,LOSER,0,127,North Melbourne (W),v Geelong (W),60,93.5,33.5,1.01,,,1.01,,,1.01,,,,
2026-08-15 00:00:00.000 Z,Women's AFL/North Melbourne (W) v Geelong (W),35926573,HANDICAP,261031001,Handicap,22505674,North Melbourne (W),-50.5,WINNER,1,127,North Melbourne (W),v Geelong (W),60,93.5,33.5,1.01,,,1.01,,,1.01,,,,
2026-08-15 00:00:00.000 Z,Women's AFL/North Melbourne (W) v Geelong (W),35926573,HANDICAP,261031001,Handicap,22505676,Geelong (W),-49.5,LOSER,0,127,North Melbourne (W),v Geelong (W),60,93.5,33.5,1.01,,,1.01,,,1.01,,,,
2026-08-15 00:00:00.000 Z,Women's AFL/North Melbourne (W) v Geelong (W),35926573,HANDICAP,261031001,Handicap,22505674,North Melbourne (W),-49.5,WINNER,1,127,North Melbourne (W),v Geelong (W),60,93.5,33.5,1.01,,,1.01,,,1.01,,,,
2026-08-15 00:00:00.000 Z,Women's AFL/North Melbourne (W) v Geelong (W),35926573,HANDICAP,261031001,Handicap,22505676,Geelong (W),-48.5,LOSER,0,127,North Melbourne (W),v Geelong (W),60,93.5,33.5,1.01,,,1.01,,,1.01,,,,
2026-08-15 00:00:00.000 Z,Women's AFL/North Melbourne (W) v Geelong (W),35926573,HANDICAP,261031001,Handicap,22505674,North Melbourne (W),-48.5,WINNER,1,127,North Melbourne (W),v Geelong (W),60,93.5,33.5,1.01,,,1.01,,,1.01,,,,
2026-08-15 00:00:00.000 Z,Women's AFL/North Melbourne (W) v Geelong (W),35926573,HANDICAP,261031001,Handicap,22505676,Geelong (W),-47.5,LOSER,0,127,North Melbourne (W),v Geelong (W),60,93.5,33.5,1.01,,,1.01,,,1.01,,,,
2026-08-15 00:00:00.000 Z,Women's AFL/North Melbourne (W) v Geelong (W),35926573,HANDICAP,261031001,Handicap,22505674,North Melbourne (W),-47.5,WINNER,1,127,North Melbourne (W),v Geelong (W),60,93.5,33.5,1.01,,,1.01,,,1.01,,,,
2026-08-15 00:00:00.000 Z,Women's AFL/North Melbourne (W) v Geelong (W),35926573,HANDICAP,261031001,Handicap,22505676,Geelong (W),-46.5,LOSER,0,127,North Melbourne (W),v Geelong (W),60,93.5,33.5,1.01,,,1.01,,,1.01,,,,
2026-08-15 00:00:00.000 Z,Women's AFL/North Melbourne (W) v Geelong (W),35926573,HANDICAP,261031001,Handicap,22505674,North Melbourne (W),-46.5,WINNER,1,127,North Melbourne (W),v Geelong (W),60,93.5,33.5,1.01,,,1.01,,,1.01,,,,
2026-08-15 00:00:00.000 Z,Women's AFL/North Melbourne (W) v Geelong (W),35926573,HANDICAP,261031001,Handicap,22505676,Geelong (W),-45.5,LOSER,0,127,North Melbourne (W),v Geelong (W),60,93.5,33.5,1.01,,,1.01,,,1.01,,,,
2026-08-15 00:00:00.000 Z,Women's AFL/North Melbourne (W) v Geelong (W),35926573,HANDICAP,261031001,Handicap,22505674,North Melbourne (W),-45.5,WINNER,1,127,North Melbourne (W),v Geelong (W),60,93.5,33.5,1.01,,,1.01,,,1.01,,,,
2026-08-15 00:00:00.000 Z,Women's AFL/North Melbourne (W) v Geelong (W),35926573,HANDICAP,261031001,Handicap,22505676,Geelong (W),-44.5,LOSER,0,127,North Melbourne (W),v Geelong (W),60,93.5,33.5,1.01,,,1.01,,,1.01,,,,
2026-08-15 00:00:00.000 Z,Women's AFL/North Melbourne (W) v Geelong (W),35926573,HANDICAP,261031001,Handicap,22505674,North Melbourne (W),-44.5,WINNER,1,127,North Melbourne (W),v Geelong (W),60,93.5,33.5,1.01,,,1.01,,,1.01,,,,
2026-08-15 00:00:00.000 Z,Women's AFL/North Melbourne (W) v Geelong (W),35926573,HANDICAP,261031001,Handicap,22505676,Geelong (W),-43.5,LOSER,0,127,North Melbourne (W),v Geelong (W),60,93.5,33.5,1.01,,,1.01,,,1.01,,,,
2026-08-15 00:00:00.000 Z,Women's AFL/North Melbourne (W) v Geelong (W),35926573,HANDICAP,261031001,Handicap,22505674,North Melbourne (W),-43.5,WINNER,1,127,North Melbourne (W),v Geelong (W),60,93.5,33.5,1.01,,,1.01,,,1.01,,,,
2026-08-15 00:00:00.000 Z,Women's AFL/North Melbourne (W) v Geelong (W),35926573,HANDICAP,261031001,Handicap,22505676,Geelong (W),-42.5,LOSER,0,127,North Melbourne (W),v Geelong (W),60,93.5,33.5,1.01,,,1.01,,,1.01,,,,
2026-08-15 00:00:00.000 Z,Women's AFL/North Melbourne (W) v Geelong (W),35926573,HANDICAP,261031001,Handicap,22505674,North Melbourne (W),-42.5,WINNER,1,127,North Melbourne (W),v Geelong (W),60,93.5,33.5,1.01,,,1.01,,,1.01,,,0.2,
2026-08-15 00:00:00.000 Z,Women's AFL/North Melbourne (W) v Geelong (W),35926573,HANDICAP,261031001,Handicap,22505676,Geelong (W),-41.5,LOSER,0,127,North Melbourne (W),v Geelong (W),60,93.5,33.5,1.01,,,1.01,,,1.01,,,,
2026-08-15 00:00:00.000 Z,Women's AFL/North Melbourne (W) v Geelong (W),35926573,HANDICAP,261031001,Handicap,22505674,North Melbourne (W),-41.5,WINNER,1,127,North Melbourne (W),v Geelong (W),60,93.5,33.5,1.01,,,1.01,,,1.01,,,,
2026-08-15 00:00:00.000 Z,Women's AFL/North Melbourne (W) v Geelong (W),35926573,HANDICAP,261031001,Handicap,22505676,Geelong (W),-40.5,LOSER,0,127,North Melbourne (W),v Geelong (W),60,93.5,33.5,1.01,,,1.01,,,1.01,,,,
2026-08-15 00:00:00.000 Z,Women's AFL/North Melbourne (W) v Geelong (W),35926573,HANDICAP,261031001,Handicap,22505674,North Melbourne (W),-40.5,WINNER,1,127,North Melbourne (W),v Geelong (W),60,93.5,33.5,1.01,,,1.01,,,1.01,,,,
2026-08-15 00:00:00.000 Z,Women's AFL/North Melbourne (W) v Geelong (W),35926573,HANDICAP,261031001,Handicap,22505676,Geelong (W),-39.5,LOSER,0,127,North Melbourne (W),v Geelong (W),60,93.5,33.5,1.01,,,1.01,,,1.01,,,,
2026-08-15 00:00:00.000 Z,Women's AFL/North Melbourne (W) v Geelong (W),35926573,HANDICAP,261031001,Handicap,22505674,North Melbourne (W),-39.5,WINNER,1,127,North Melbourne (W),v Geelong (W),60,93.5,33.5,1.01,,,1.01,,,1.01,,,,
2026-08-15 00:00:00.000 Z,Women's AFL/North Melbourne (W) v Geelong (W),35926573,HANDICAP,261031001,Handicap,22505676,Geelong (W),-38.5,LOSER,0,127,North Melbourne (W),v Geelong (W),60,93.5,33.5,1.01,,,1.01,,,1.01,,,,
2026-08-15 00:00:00.000 Z,Women's AFL/North Melbourne (W) v Geelong (W),35926573,HANDICAP,261031001,Handicap,22505674,North Melbourne (W),-38.5,WINNER,1,127,North Melbourne (W),v Geelong (W),60,93.5,33.5,1.01,,,1.01,,,1.01,,,,
2026-08-15 00:00:00.000 Z,Women's AFL/North Melbourne (W) v Geelong (W),35926573,HANDICAP,261031001,Handicap,22505676,Geelong (W),-37.5,LOSER,0,127,North Melbourne (W),v Geelong (W),60,93.5,33.5,1.01,,,1.01,,,1.01,,,,
2026-08-15 00:00:00.000 Z,Women's AFL/North Melbourne (W) v Geelong (W),35926573,HANDICAP,261031001,Handicap,22505674,North Melbourne (W),-37.5,WINNER,1,127,North Melbourne (W),v Geelong (W),60,93.5,33.5,1.01,,,1.01,,,1.01,,,,
2026-08-15 00:00:00.000 Z,Women's AFL/North Melbourne (W) v Geelong (W),35926573,HANDICAP,261031001,Handicap,22505676,Geelong (W),-36.5,LOSER,0,127,North Melbourne (W),v Geelong (W),60,93.5,33.5,2.02,,,2.02,,,2.02,,,,
2026-08-15 00:00:00.000 Z,Women's AFL/North Melbourne (W) v Geelong (W),35926573,HANDICAP,261031001,Handicap,22505674,North Melbourne (W),-36.5,WINNER,1,127,North Melbourne (W),v Geelong (W),60,93.5,33.5,1.01,,,1.01,,,1.01,,,,
2026-08-15 00:00:00.000 Z,Women's AFL/North Melbourne (W) v Geelong (W),35926573,HANDICAP,261031001,Handicap,22505676,Geelong (W),-35.5,LOSER,0,127,North Melbourne (W),v Geelong (W),60,93.5,33.5,1.01,,,1.01,,,1.01,,,,
2026-08-15 00:00:00.000 Z,Women's AFL/North Melbourne (W) v Geelong (W),35926573,HANDICAP,261031001,Handicap,22505674,North Melbourne (W),-35.5,WINNER,1,127,North Melbourne (W),v Geelong (W),60,93.5,33.5,1.01,,,1.01,,,1.01,,,,
2026-08-15 00:00:00.000 Z,Women's AFL/North Melbourne (W) v Geelong (W),35926573,HANDICAP,261031001,Handicap,22505676,Geelong (W),-34.5,LOSER,0,127,North Melbourne (W),v Geelong (W),60,93.5,33.5,1.01,,,1.01,,,1.01,,,,
2026-08-15 00:00:00.000 Z,Women's AFL/North Melbourne (W) v Geelong (W),35926573,HANDICAP,261031001,Handicap,22505674,North Melbourne (W),-34.5,WINNER,1,127,North Melbourne (W),v Geelong (W),60,93.5,33.5,1.01,,,1.01,,,1.01,,,,
2026-08-15 00:00:00.000 Z,Women's AFL/North Melbourne (W) v Geelong (W),35926573,HANDICAP,261031001,Handicap,22505676,Geelong (W),-33.5,LOSER,0,127,North Melbourne (W),v Geelong (W),60,93.5,33.5,1.01,,,1.01,,,1.01,,,,
2026-08-15 00:00:00.000 Z,Women's AFL/North Melbourne (W) v Geelong (W),35926573,HANDICAP,261031001,Handicap,22505674,North Melbourne (W),-33.5,WINNER,1,127,North Melbourne (W),v Geelong (W),60,93.5,33.5,1.01,,,1.64,,,1.64,,,,
2026-08-15 00:00:00.000 Z,Women's AFL/North Melbourne (W) v Geelong (W),35926573,HANDICAP,261031001,Handicap,22505676,Geelong (W),-32.5,LOSER,0,127,North Melbourne (W),v Geelong (W),60,93.5,33.5,1.01,,,1.01,,,1.01,,,,
2026-08-15 00:00:00.000 Z,Women's AFL/North Melbourne (W) v Geelong (W),35926573,HANDICAP,261031001,Handicap,22505674,North Melbourne (W),-32.5,WINNER,1,127,North Melbourne (W),v Geelong (W),60,93.5,33.5,2,,,2,,,2,,,,
2026-08-15 00:00:00.000 Z,Women's AFL/North Melbourne (W) v Geelong (W),35926573,HANDICAP,261031001,Handicap,22505676,Geelong (W),-31.5,LOSER,0,127,North Melbourne (W),v Geelong (W),60,93.5,33.5,1.01,,,1.01,,,1.01,,,,
2026-08-15 00:00:00.000 Z,Women's AFL/North Melbourne (W) v Geelong (W),35926573,HANDICAP,261031001,Handicap,22505674,North Melbourne (W),-31.5,WINNER,1,127,North Melbourne (W),v Geelong (W),60,93.5,33.5,1.01,,,1.62,,,1.96,,,,
2026-08-15 00:00:00.000 Z,Women's AFL/North Melbourne (W) v Geelong (W),35926573,HANDICAP,261031001,Handicap,22505676,Geelong (W),-30.5,LOSER,0,127,North Melbourne (W),v Geelong (W),60,93.5,33.5,1.01,,,1.01,,,1.01,,,,
2026-08-15 00:00:00.000 Z,Women's AFL/North Melbourne (W) v Geelong (W),35926573,HANDICAP,261031001,Handicap,22505674,North Melbourne (W),-30.5,WINNER,1,127,North Melbourne (W),v Geelong (W),60,93.5,33.5,1.01,,,1.61,,,1.9,,,,
2026-08-15 00:00:00.000 Z,Women's AFL/North Melbourne (W) v Geelong (W),35926573,HANDICAP,261031001,Handicap,22505676,Geelong (W),-29.5,LOSER,0,127,North Melbourne (W),v Geelong (W),60,93.5,33.5,1.01,,,1.01,,,1.01,,,,
2026-08-15 00:00:00.000 Z,Women's AFL/North Melbourne (W) v Geelong (W),35926573,HANDICAP,261031001,Handicap,22505674,North Melbourne (W),-29.5,WINNER,1,127,North Melbourne (W),v Geelong (W),60,93.5,33.5,1.01,,,1.6,,,1.6,1.95,,,
2026-08-15 00:00:00.000 Z,Women's AFL/North Melbourne (W) v Geelong (W),35926573,HANDICAP,261031001,Handicap,22505676,Geelong (W),-28.5,LOSER,0,127,North Melbourne (W),v Geelong (W),60,93.5,33.5,1.01,,,1.01,,,1.01,,,,
2026-08-15 00:00:00.000 Z,Women's AFL/North Melbourne (W) v Geelong (W),35926573,HANDICAP,261031001,Handicap,22505674,North Melbourne (W),-28.5,WINNER,1,127,North Melbourne (W),v Geelong (W),60,93.5,33.5,1.01,2,,1.59,2,,1.59,2,,,
2026-08-15 00:00:00.000 Z,Women's AFL/North Melbourne (W) v Geelong (W),35926573,HANDICAP,261031001,Handicap,22505676,Geelong (W),-27.5,LOSER,0,127,North Melbourne (W),v Geelong (W),60,93.5,33.5,1.01,,,1.01,,,1.01,,,,
2026-08-15 00:00:00.000 Z,Women's AFL/North Melbourne (W) v Geelong (W),35926573,HANDICAP,261031001,Handicap,22505674,North Melbourne (W),-27.5,WINNER,1,127,North Melbourne (W),v Geelong (W),60,93.5,33.5,1.01,,,1.58,,,1.58,,,,
2026-08-15 00:00:00.000 Z,Women's AFL/North Melbourne (W) v Geelong (W),35926573,HANDICAP,261031001,Handicap,22505676,Geelong (W),-26.5,LOSER,0,127,North Melbourne (W),v Geelong (W),60,93.5,33.5,1.01,,,1.01,,,1.01,,,,
2026-08-15 00:00:00.000 Z,Women's AFL/North Melbourne (W) v Geelong (W),35926573,HANDICAP,261031001,Handicap,22505674,North Melbourne (W),-26.5,WINNER,1,127,North Melbourne (W),v Geelong (W),60,93.5,33.5,1.55,,,1.55,,,1.55,,,,
2026-08-15 00:00:00.000 Z,Women's AFL/North Melbourne (W) v Geelong (W),35926573,HANDICAP,261031001,Handicap,22505676,Geelong (W),-25.5,LOSER,0,127,North Melbourne (W),v Geelong (W),60,93.5,33.5,1.01,,,1.01,,,1.01,,,,
2026-08-15 00:00:00.000 Z,Women's AFL/North Melbourne (W) v Geelong (W),35926573,HANDICAP,261031001,Handicap,22505674,North Melbourne (W),-25.5,WINNER,1,127,North Melbourne (W),v Geelong (W),60,93.5,33.5,1.01,1.8,,1.51,1.8,4,1.51,1.8,4,4,1.51
2026-08-15 00:00:00.000 Z,Women's AFL/North Melbourne (W) v Geelong (W),35926573,HANDICAP,261031001,Handicap,22505676,Geelong (W),-24.5,LOSER,0,127,North Melbourne (W),v Geelong (W),60,93.5,33.5,1.01,,,1.01,,,1.01,,,,
2026-08-15 00:00:00.000 Z,Women's AFL/North Melbourne (W) v Geelong (W),35926573,HANDICAP,261031001,Handicap,22505674,North Melbourne (W),-24.5,WINNER,1,127,North Melbourne (W),v Geelong (W),60,93.5,33.5,1.01,,,1.48,,,1.48,,,,
2026-08-15 00:00:00.000 Z,Women's AFL/North Melbourne (W) v Geelong (W),35926573,HANDICAP,261031001,Handicap,22505676,Geelong (W),-23.5,LOSER,0,127,North Melbourne (W),v Geelong (W),60,93.5,33.5,1.01,,,1.01,,,1.01,,,,
2026-08-15 00:00:00.000 Z,Women's AFL/North Melbourne (W) v Geelong (W),35926573,HANDICAP,261031001,Handicap,22505674,North Melbourne (W),-23.5,WINNER,1,127,North Melbourne (W),v Geelong (W),60,93.5,33.5,1.45,,,1.45,,,1.45,,,,
2026-08-15 00:00:00.000 Z,Women's AFL/North Melbourne (W) v Geelong (W),35926573,HANDICAP,261031001,Handicap,22505676,Geelong (W),-22.5,LOSER,0,127,North Melbourne (W),v Geelong (W),60,93.5,33.5,1.01,,,1.01,,,1.01,,,,
2026-08-15 00:00:00.000 Z,Women's AFL/North Melbourne (W) v Geelong (W),35926573,HANDICAP,261031001,Handicap,22505674,North Melbourne (W),-22.5,WINNER,1,127,North Melbourne (W),v Geelong (W),60,93.5,33.5,1.01,,,1.42,,,1.42,,,,
2026-08-15 00:00:00.000 Z,Women's AFL/North Melbourne (W) v Geelong (W),35926573,HANDICAP,261031001,Handicap,22505676,Geelong (W),-21.5,LOSER,0,127,North Melbourne (W),v Geelong (W),60,93.5,33.5,3,,,3,,,3,,,,
2026-08-15 00:00:00.000 Z,Women's AFL/North Melbourne (W) v Geelong (W),35926573,HANDICAP,261031001,Handicap,22505674,North Melbourne (W),-21.5,WINNER,1,127,North Melbourne (W),v Geelong (W),60,93.5,33.5,1.01,,,1.39,,,1.39,,,,
2026-08-15 00:00:00.000 Z,Women's AFL/North Melbourne (W) v Geelong (W),35926573,HANDICAP,261031001,Handicap,22505676,Geelong (W),-20.5,LOSER,0,127,North Melbourne (W),v Geelong (W),60,93.5,33.5,1.01,,,1.01,,,1.01,,,,
2026-08-15 00:00:00.000 Z,Women's AFL/North Melbourne (W) v Geelong (W),35926573,HANDICAP,261031001,Handicap,22505674,North Melbourne (W),-20.5,WINNER,1,127,North Melbourne (W),v Geelong (W),60,93.5,33.5,1.37,,,1.37,,,1.37,,,,
2026-08-15 00:00:00.000 Z,Women's AFL/North Melbourne (W) v Geelong (W),35926573,HANDICAP,261031001,Handicap,22505676,Geelong (W),-19.5,LOSER,0,127,North Melbourne (W),v Geelong (W),60,93.5,33.5,1.01,,,1.01,,,1.01,,,,
2026-08-15 00:00:00.000 Z,Women's AFL/North Melbourne (W) v Geelong (W),35926573,HANDICAP,261031001,Handicap,22505674,North Melbourne (W),-19.5,WINNER,1,127,North Melbourne (W),v Geelong (W),60,93.5,33.5,1.01,,,1.33,,,1.33,,,,
2026-08-15 00:00:00.000 Z,Women's AFL/North Melbourne (W) v Geelong (W),35926573,HANDICAP,261031001,Handicap,22505676,Geelong (W),-18.5,LOSER,0,127,North Melbourne (W),v Geelong (W),60,93.5,33.5,1.01,,,1.01,,,1.01,,,,
2026-08-15 00:00:00.000 Z,Women's AFL/North Melbourne (W) v Geelong (W),35926573,HANDICAP,261031001,Handicap,22505674,North Melbourne (W),-18.5,WINNER,1,127,North Melbourne (W),v Geelong (W),60,93.5,33.5,1.01,,,1.31,,,1.31,,,,
2026-08-15 00:00:00.000 Z,Women's AFL/North Melbourne (W) v Geelong (W),35926573,HANDICAP,261031001,Handicap,22505676,Geelong (W),-17.5,LOSER,0,127,North Melbourne (W),v Geelong (W),60,93.5,33.5,1.01,,,1.01,,,1.01,,,,
2026-08-15 00:00:00.000 Z,Women's AFL/North Melbourne (W) v Geelong (W),35926573,HANDICAP,261031001,Handicap,22505674,North Melbourne (W),-17.5,WINNER,1,127,North Melbourne (W),v Geelong (W),60,93.5,33.5,1.3,,,1.3,,,1.3,,,,
2026-08-15 00:00:00.000 Z,Women's AFL/North Melbourne (W) v Geelong (W),35926573,HANDICAP,261031001,Handicap,22505676,Geelong (W),-16.5,LOSER,0,127,North Melbourne (W),v Geelong (W),60,93.5,33.5,1.01,,,1.01,,,1.01,,,,
2026-08-15 00:00:00.000 Z,Women's AFL/North Melbourne (W) v Geelong (W),35926573,HANDICAP,261031001,Handicap,22505674,North Melbourne (W),-16.5,WINNER,1,127,North Melbourne (W),v Geelong (W),60,93.5,33.5,1.01,,,1.26,,,1.26,,,,
2026-08-15 00:00:00.000 Z,Women's AFL/North Melbourne (W) v Geelong (W),35926573,HANDICAP,261031001,Handicap,22505676,Geelong (W),-15.5,LOSER,0,127,North Melbourne (W),v Geelong (W),60,93.5,33.5,1.01,,,1.01,,,1.01,,,,
2026-08-15 00:00:00.000 Z,Women's AFL/North Melbourne (W) v Geelong (W),35926573,HANDICAP,261031001,Handicap,22505674,North Melbourne (W),-15.5,WINNER,1,127,North Melbourne (W),v Geelong (W),60,93.5,33.5,1.01,,,1.24,,,1.24,,,,
2026-08-15 00:00:00.000 Z,Women's AFL/North Melbourne (W) v Geelong (W),35926573,HANDICAP,261031001,Handicap,22505676,Geelong (W),-14.5,LOSER,0,127,North Melbourne (W),v Geelong (W),60,93.5,33.5,1.01,,,1.01,,,1.01,,,,
2026-08-15 00:00:00.000 Z,Women's AFL/North Melbourne (W) v Geelong (W),35926573,HANDICAP,261031001,Handicap,22505674,North Melbourne (W),-14.5,WINNER,1,127,North Melbourne (W),v Geelong (W),60,93.5,33.5,1.23,,,1.23,,,1.23,,,,
2026-08-15 00:00:00.000 Z,Women's AFL/North Melbourne (W) v Geelong (W),35926573,HANDICAP,261031001,Handicap,22505676,Geelong (W),-13.5,LOSER,0,127,North Melbourne (W),v Geelong (W),60,93.5,33.5,2,,,2,,,3,,,,
2026-08-15 00:00:00.000 Z,Women's AFL/North Melbourne (W) v Geelong (W),35926573,HANDICAP,261031001,Handicap,22505674,North Melbourne (W),-13.5,WINNER,1,127,North Melbourne (W),v Geelong (W),60,93.5,33.5,1.01,,,1.2,,,1.2,,,,
2026-08-15 00:00:00.000 Z,Women's AFL/North Melbourne (W) v Geelong (W),35926573,HANDICAP,261031001,Handicap,22505676,Geelong (W),-12.5,LOSER,0,127,North Melbourne (W),v Geelong (W),60,93.5,33.5,1.01,,,1.01,,,1.01,,,,
2026-08-15 00:00:00.000 Z,Women's AFL/North Melbourne (W) v Geelong (W),35926573,HANDICAP,261031001,Handicap,22505674,North Melbourne (W),-12.5,WINNER,1,127,North Melbourne (W),v Geelong (W),60,93.5,33.5,1.01,,,1.18,,,1.18,,,,
2026-08-15 00:00:00.000 Z,Women's AFL/North Melbourne (W) v Geelong (W),35926573,HANDICAP,261031001,Handicap,22505676,Geelong (W),-11.5,LOSER,0,127,North Melbourne (W),v Geelong (W),60,93.5,33.5,1.01,,,1.01,,,1.01,,,,
2026-08-15 00:00:00.000 Z,Women's AFL/North Melbourne (W) v Geelong (W),35926573,HANDICAP,261031001,Handicap,22505674,North Melbourne (W),-11.5,WINNER,1,127,North Melbourne (W),v Geelong (W),60,93.5,33.5,1.17,,,1.17,,,1.17,,,,
2026-08-15 00:00:00.000 Z,Women's AFL/North Melbourne (W) v Geelong (W),35926573,HANDICAP,261031001,Handicap,22505676,Geelong (W),-10.5,LOSER,0,127,North Melbourne (W),v Geelong (W),60,93.5,33.5,1.01,,,1.01,,,1.01,,,,
2026-08-15 00:00:00.000 Z,Women's AFL/North Melbourne (W) v Geelong (W),35926573,HANDICAP,261031001,Handicap,22505674,North Melbourne (W),-10.5,WINNER,1,127,North Melbourne (W),v Geelong (W),60,93.5,33.5,1.01,,,1.15,,,1.15,,,,
2026-08-15 00:00:00.000 Z,Women's AFL/North Melbourne (W) v Geelong (W),35926573,HANDICAP,261031001,Handicap,22505676,Geelong (W),-9.5,LOSER,0,127,North Melbourne (W),v Geelong (W),60,93.5,33.5,1.01,,,1.01,,,1.01,,,,
2026-08-15 00:00:00.000 Z,Women's AFL/North Melbourne (W) v Geelong (W),35926573,HANDICAP,261031001,Handicap,22505674,North Melbourne (W),-9.5,WINNER,1,127,North Melbourne (W),v Geelong (W),60,93.5,33.5,1.01,,,1.13,,,1.13,,,,
2026-08-15 00:00:00.000 Z,Women's AFL/North Melbourne (W) v Geelong (W),35926573,HANDICAP,261031001,Handicap,22505676,Geelong (W),-8.5,LOSER,0,127,North Melbourne (W),v Geelong (W),60,93.5,33.5,1.01,,,1.01,,,1.01,,,,
2026-08-15 00:00:00.000 Z,Women's AFL/North Melbourne (W) v Geelong (W),35926573,HANDICAP,261031001,Handicap,22505674,North Melbourne (W),-8.5,WINNER,1,127,North Melbourne (W),v Geelong (W),60,93.5,33.5,1.12,,,1.12,,,1.12,,,,
2026-08-15 00:00:00.000 Z,Women's AFL/North Melbourne (W) v Geelong (W),35926573,HANDICAP,261031001,Handicap,22505676,Geelong (W),-7.5,LOSER,0,127,North Melbourne (W),v Geelong (W),60,93.5,33.5,1.01,,,1.01,,,1.01,,,,
2026-08-15 00:00:00.000 Z,Women's AFL/North Melbourne (W) v Geelong (W),35926573,HANDICAP,261031001,Handicap,22505674,North Melbourne (W),-7.5,WINNER,1,127,North Melbourne (W),v Geelong (W),60,93.5,33.5,1.01,,,1.11,,,1.11,,,,
2026-08-15 00:00:00.000 Z,Women's AFL/North Melbourne (W) v Geelong (W),35926573,HANDICAP,261031001,Handicap,22505676,Geelong (W),-6.5,LOSER,0,127,North Melbourne (W),v Geelong (W),60,93.5,33.5,1.01,,,1.01,,,1.01,,,,
2026-08-15 00:00:00.000 Z,Women's AFL/North Melbourne (W) v Geelong (W),35926573,HANDICAP,261031001,Handicap,22505674,North Melbourne (W),-6.5,WINNER,1,127,North Melbourne (W),v Geelong (W),60,93.5,33.5,1.01,,,1.1,,,1.1,,,,
2026-08-15 00:00:00.000 Z,Women's AFL/North Melbourne (W) v Geelong (W),35926573,HANDICAP,261031001,Handicap,22505676,Geelong (W),-5.5,LOSER,0,127,North Melbourne (W),v Geelong (W),60,93.5,33.5,1.01,,,1.01,,,1.01,,,,
2026-08-15 00:00:00.000 Z,Women's AFL/North Melbourne (W) v Geelong (W),35926573,HANDICAP,261031001,Handicap,22505674,North Melbourne (W),-5.5,WINNER,1,127,North Melbourne (W),v Geelong (W),60,93.5,33.5,1.09,,,1.09,,,1.09,,,,
2026-08-15 00:00:00.000 Z,Women's AFL/North Melbourne (W) v Geelong (W),35926573,HANDICAP,261031001,Handicap,22505676,Geelong (W),-4.5,LOSER,0,127,North Melbourne (W),v Geelong (W),60,93.5,33.5,1.01,,,1.01,,,2,,,,
2026-08-15 00:00:00.000 Z,Women's AFL/North Melbourne (W) v Geelong (W),35926573,HANDICAP,261031001,Handicap,22505674,North Melbourne (W),-4.5,WINNER,1,127,North Melbourne (W),v Geelong (W),60,93.5,33.5,1.01,,,1.08,,,1.08,,,,
2026-08-15 00:00:00.000 Z,Women's AFL/North Melbourne (W) v Geelong (W),35926573,HANDICAP,261031001,Handicap,22505676,Geelong (W),-3.5,LOSER,0,127,North Melbourne (W),v Geelong (W),60,93.5,33.5,1.01,,,1.01,,,1.01,,,,
2026-08-15 00:00:00.000 Z,Women's AFL/North Melbourne (W) v Geelong (W),35926573,HANDICAP,261031001,Handicap,22505674,North Melbourne (W),-3.5,WINNER,1,127,North Melbourne (W),v Geelong (W),60,93.5,33.5,1.01,,,1.07,,,1.07,,,,
2026-08-15 00:00:00.000 Z,Women's AFL/North Melbourne (W) v Geelong (W),35926573,HANDICAP,261031001,Handicap,22505676,Geelong (W),-2.5,LOSER,0,127,North Melbourne (W),v Geelong (W),60,93.5,33.5,1.01,,,1.01,,,1.01,,,,
2026-08-15 00:00:00.000 Z,Women's AFL/North Melbourne (W) v Geelong (W),35926573,HANDICAP,261031001,Handicap,22505674,North Melbourne (W),-2.5,WINNER,1,127,North Melbourne (W),v Geelong (W),60,93.5,33.5,1.06,,,1.06,,,1.06,,,,
2026-08-15 00:00:00.000 Z,Women's AFL/North Melbourne (W) v Geelong (W),35926573,HANDICAP,261031001,Handicap,22505676,Geelong (W),-1.5,LOSER,0,127,North Melbourne (W),v Geelong (W),60,93.5,33.5,1.01,,,1.01,,,1.01,,,,
2026-08-15 00:00:00.000 Z,Women's AFL/North Melbourne (W) v Geelong (W),35926573,HANDICAP,261031001,Handicap,22505674,North Melbourne (W),-1.5,WINNER,1,127,North Melbourne (W),v Geelong (W),60,93.5,33.5,1.01,,,1.05,,,1.05,,,,
2026-08-15 00:00:00.000 Z,Women's AFL/North Melbourne (W) v Geelong (W),35926573,HANDICAP,261031001,Handicap,22505676,Geelong (W),-0.5,LOSER,0,127,North Melbourne (W),v Geelong (W),60,93.5,33.5,3,,,3,,,1.01,,,,
2026-08-15 00:00:00.000 Z,Women's AFL/North Melbourne (W) v Geelong (W),35926573,HANDICAP,261031001,Handicap,22505674,North Melbourne (W),-0.5,WINNER,1,127,North Melbourne (W),v Geelong (W),60,93.5,33.5,1.01,,,1.04,,,1.04,,,,
2026-08-15 00:00:00.000 Z,Women's AFL/North Melbourne (W) v Geelong (W),35926573,HANDICAP,261031001,Handicap,22505676,Geelong (W),0.5,LOSER,0,127,North Melbourne (W),v Geelong (W),60,93.5,33.5,1.01,,,1.01,,,1.01,,,,
2026-08-15 00:00:00.000 Z,Women's AFL/North Melbourne (W) v Geelong (W),35926573,HANDICAP,261031001,Handicap,22505674,North Melbourne (W),0.5,WINNER,1,127,North Melbourne (W),v Geelong (W),60,93.5,33.5,1.03,,,1.03,,,1.03,,,,
2026-08-15 00:00:00.000 Z,Women's AFL/North Melbourne (W) v Geelong (W),35926573,HANDICAP,261031001,Handicap,22505676,Geelong (W),1.5,LOSER,0,127,North Melbourne (W),v Geelong (W),60,93.5,33.5,1.01,,,1.01,,,1.01,,,,
2026-08-15 00:00:00.000 Z,Women's AFL/North Melbourne (W) v Geelong (W),35926573,HANDICAP,261031001,Handicap,22505674,North Melbourne (W),1.5,WINNER,1,127,North Melbourne (W),v Geelong (W),60,93.5,33.5,1.01,,,1.02,,,1.02,,,,
2026-08-15 00:00:00.000 Z,Women's AFL/North Melbourne (W) v Geelong (W),35926573,HANDICAP,261031001,Handicap,22505676,Geelong (W),2.5,LOSER,0,127,North Melbourne (W),v Geelong (W),60,93.5,33.5,1.01,,,1.01,,,1.01,,,,
2026-08-15 00:00:00.000 Z,Women's AFL/North Melbourne (W) v Geelong (W),35926573,HANDICAP,261031001,Handicap,22505674,North Melbourne (W),2.5,WINNER,1,127,North Melbourne (W),v Geelong (W),60,93.5,33.5,1.01,,,1.01,,,1.01,,,,
2026-08-15 00:00:00.000 Z,Women's AFL/North Melbourne (W) v Geelong (W),35926573,HANDICAP,261031001,Handicap,22505676,Geelong (W),3.5,LOSER,0,127,North Melbourne (W),v Geelong (W),60,93.5,33.5,1.01,,,1.01,,,1.01,,,,
2026-08-15 00:00:00.000 Z,Women's AFL/North Melbourne (W) v Geelong (W),35926573,HANDICAP,261031001,Handicap,22505674,North Melbourne (W),3.5,WINNER,1,127,North Melbourne (W),v Geelong (W),60,93.5,33.5,1.01,,,1.01,,,1.01,,,,
2026-08-15 00:00:00.000 Z,Women's AFL/North Melbourne (W) v Geelong (W),35926573,HANDICAP,261031001,Handicap,22505676,Geelong (W),4.5,LOSER,0,127,North Melbourne (W),v Geelong (W),60,93.5,33.5,1.01,,,1.01,,,1.01,,,,
2026-08-15 00:00:00.000 Z,Women's AFL/North Melbourne (W) v Geelong (W),35926573,HANDICAP,261031001,Handicap,22505674,North Melbourne (W),4.5,WINNER,1,127,North Melbourne (W),v Geelong (W),60,93.5,33.5,1.01,,,1.01,,,1.01,,,,
2026-08-15 00:00:00.000 Z,Women's AFL/North Melbourne (W) v Geelong (W),35926573,HANDICAP,261031001,Handicap,22505676,Geelong (W),5.5,LOSER,0,127,North Melbourne (W),v Geelong (W),60,93.5,33.5,1.01,,,1.01,,,1.01,,,,
2026-08-15 00:00:00.000 Z,Women's AFL/North Melbourne (W) v Geelong (W),35926573,HANDICAP,261031001,Handicap,22505674,North Melbourne (W),5.5,WINNER,1,127,North Melbourne (W),v Geelong (W),60,93.5,33.5,1.01,,,1.01,,,1.01,,,,
2026-08-15 00:00:00.000 Z,Women's AFL/North Melbourne (W) v Geelong (W),35926573,HANDICAP,261031001,Handicap,22505676,Geelong (W),6.5,LOSER,0,127,North Melbourne (W),v Geelong (W),60,93.5,33.5,1.01,,,1.01,,,1.01,,,,
2026-08-15 00:00:00.000 Z,Women's AFL/North Melbourne (W) v Geelong (W),35926573,HANDICAP,261031001,Handicap,22505674,North Melbourne (W),6.5,WINNER,1,127,North Melbourne (W),v Geelong (W),60,93.5,33.5,1.01,,,1.01,,,1.01,,,,
2026-08-15 00:00:00.000 Z,Women's AFL/North Melbourne (W) v Geelong (W),35926573,HANDICAP,261031001,Handicap,22505676,Geelong (W),7.5,LOSER,0,127,North Melbourne (W),v Geelong (W),60,93.5,33.5,1.01,,,1.01,,,1.01,,,,
2026-08-15 00:00:00.000 Z,Women's AFL/North Melbourne (W) v Geelong (W),35926573,HANDICAP,261031001,Handicap,22505674,North Melbourne (W),7.5,WINNER,1,127,North Melbourne (W),v Geelong (W),60,93.5,33.5,1.01,,,1.01,,,1.01,,,,
2026-08-15 00:00:00.000 Z,Women's AFL/North Melbourne (W) v Geelong (W),35926573,HANDICAP,261031001,Handicap,22505676,Geelong (W),8.5,LOSER,0,127,North Melbourne (W),v Geelong (W),60,93.5,33.5,1.01,,,1.01,,,1.01,,,,
2026-08-15 00:00:00.000 Z,Women's AFL/North Melbourne (W) v Geelong (W),35926573,HANDICAP,261031001,Handicap,22505674,North Melbourne (W),8.5,WINNER,1,127,North Melbourne (W),v Geelong (W),60,93.5,33.5,1.01,,,1.01,,,1.01,,,,
2026-08-15 00:00:00.000 Z,Women's AFL/North Melbourne (W) v Geelong (W),35926573,HANDICAP,261031001,Handicap,22505676,Geelong (W),9.5,LOSER,0,127,North Melbourne (W),v Geelong (W),60,93.5,33.5,1.01,,,1.01,,,1.01,,,,
2026-08-15 00:00:00.000 Z,Women's AFL/North Melbourne (W) v Geelong (W),35926573,HANDICAP,261031001,Handicap,22505674,North Melbourne (W),9.5,WINNER,1,127,North Melbourne (W),v Geelong (W),60,93.5,33.5,1.01,,,1.01,,,1.01,,,,
2026-08-15 00:00:00.000 Z,Women's AFL/North Melbourne (W) v Geelong (W),35926573,HANDICAP,261031001,Handicap,22505676,Geelong (W),10.5,LOSER,0,127,North Melbourne (W),v Geelong (W),60,93.5,33.5,1.01,,,1.01,,,1.01,,,,
2026-08-15 00:00:00.000 Z,Women's AFL/North Melbourne (W) v Geelong (W),35926573,HANDICAP,261031001,Handicap,22505674,North Melbourne (W),10.5,WINNER,1,127,North Melbourne (W),v Geelong (W),60,93.5,33.5,1.01,,,1.01,,,1.01,,,,
2026-08-15 00:00:00.000 Z,Women's AFL/North Melbourne (W) v Geelong (W),35926573,HANDICAP,261031001,Handicap,22505676,Geelong (W),11.5,LOSER,0,127,North Melbourne (W),v Geelong (W),60,93.5,33.5,1.01,,,1.01,,,1.01,,,,
2026-08-15 00:00:00.000 Z,Women's AFL/North Melbourne (W) v Geelong (W),35926573,HANDICAP,261031001,Handicap,22505674,North Melbourne (W),11.5,WINNER,1,127,North Melbourne (W),v Geelong (W),60,93.5,33.5,1.01,,,1.01,,,1.01,,,,
2026-08-15 00:00:00.000 Z,Women's AFL/North Melbourne (W) v Geelong (W),35926573,HANDICAP,261031001,Handicap,22505676,Geelong (W),12.5,LOSER,0,127,North Melbourne (W),v Geelong (W),60,93.5,33.5,2.2,,,2.2,,,2.2,,,,
2026-08-15 00:00:00.000 Z,Women's AFL/North Melbourne (W) v Geelong (W),35926573,HANDICAP,261031001,Handicap,22505674,North Melbourne (W),12.5,WINNER,1,127,North Melbourne (W),v Geelong (W),60,93.5,33.5,1.01,,,1.01,,,1.01,,,,
2026-08-15 00:00:00.000 Z,Women's AFL/North Melbourne (W) v Geelong (W),35926573,HANDICAP,261031001,Handicap,22505676,Geelong (W),13.5,LOSER,0,127,North Melbourne (W),v Geelong (W),60,93.5,33.5,1.01,,,1.01,,,1.01,,,,
2026-08-15 00:00:00.000 Z,Women's AFL/North Melbourne (W) v Geelong (W),35926573,HANDICAP,261031001,Handicap,22505674,North Melbourne (W),13.5,WINNER,1,127,North Melbourne (W),v Geelong (W),60,93.5,33.5,1.01,,,1.01,,,1.01,,,,
2026-08-15 00:00:00.000 Z,Women's AFL/North Melbourne (W) v Geelong (W),35926573,HANDICAP,261031001,Handicap,22505676,Geelong (W),14.5,LOSER,0,127,North Melbourne (W),v Geelong (W),60,93.5,33.5,1.01,,,1.01,,,1.01,,,,
2026-08-15 00:00:00.000 Z,Women's AFL/North Melbourne (W) v Geelong (W),35926573,HANDICAP,261031001,Handicap,22505674,North Melbourne (W),14.5,WINNER,1,127,North Melbourne (W),v Geelong (W),60,93.5,33.5,1.01,,,1.01,,,1.01,,,,
2026-08-15 00:00:00.000 Z,Women's AFL/North Melbourne (W) v Geelong (W),35926573,HANDICAP,261031001,Handicap,22505676,Geelong (W),15.5,LOSER,0,127,North Melbourne (W),v Geelong (W),60,93.5,33.5,1.01,,,1.01,,,1.01,,,,
2026-08-15 00:00:00.000 Z,Women's AFL/North Melbourne (W) v Geelong (W),35926573,HANDICAP,261031001,Handicap,22505674,North Melbourne (W),15.5,WINNER,1,127,North Melbourne (W),v Geelong (W),60,93.5,33.5,1.01,,,1.01,,,1.01,,,,
2026-08-15 00:00:00.000 Z,Women's AFL/North Melbourne (W) v Geelong (W),35926573,HANDICAP,261031001,Handicap,22505676,Geelong (W),16.5,LOSER,0,127,North Melbourne (W),v Geelong (W),60,93.5,33.5,1.01,,,1.01,,,1.01,,,,
2026-08-15 00:00:00.000 Z,Women's AFL/North Melbourne (W) v Geelong (W),35926573,HANDICAP,261031001,Handicap,22505674,North Melbourne (W),16.5,WINNER,1,127,North Melbourne (W),v Geelong (W),60,93.5,33.5,1.01,,,1.01,,,1.01,,,,
2026-08-15 00:00:00.000 Z,Women's AFL/North Melbourne (W) v Geelong (W),35926573,HANDICAP,261031001,Handicap,22505676,Geelong (W),17.5,LOSER,0,127,North Melbourne (W),v Geelong (W),60,93.5,33.5,1.01,,,1.01,,,1.01,,,,
2026-08-15 00:00:00.000 Z,Women's AFL/North Melbourne (W) v Geelong (W),35926573,HANDICAP,261031001,Handicap,22505674,North Melbourne (W),17.5,WINNER,1,127,North Melbourne (W),v Geelong (W),60,93.5,33.5,1.01,,,1.01,,,1.01,,,,
2026-08-15 00:00:00.000 Z,Women's AFL/North Melbourne (W) v Geelong (W),35926573,HANDICAP,261031001,Handicap,22505676,Geelong (W),18.5,LOSER,0,127,North Melbourne (W),v Geelong (W),60,93.5,33.5,1.01,,,1.01,,,1.01,,,,
2026-08-15 00:00:00.000 Z,Women's AFL/North Melbourne (W) v Geelong (W),35926573,HANDICAP,261031001,Handicap,22505674,North Melbourne (W),18.5,WINNER,1,127,North Melbourne (W),v Geelong (W),60,93.5,33.5,1.01,,,1.01,,,1.01,,,,
2026-08-15 00:00:00.000 Z,Women's AFL/North Melbourne (W) v Geelong (W),35926573,HANDICAP,261031001,Handicap,22505676,Geelong (W),19.5,LOSER,0,127,North Melbourne (W),v Geelong (W),60,93.5,33.5,1.01,,,1.01,,,1.01,,,,
2026-08-15 00:00:00.000 Z,Women's AFL/North Melbourne (W) v Geelong (W),35926573,HANDICAP,261031001,Handicap,22505674,North Melbourne (W),19.5,WINNER,1,127,North Melbourne (W),v Geelong (W),60,93.5,33.5,1.01,,,1.01,,,1.01,,,,
2026-08-15 00:00:00.000 Z,Women's AFL/North Melbourne (W) v Geelong (W),35926573,HANDICAP,261031001,Handicap,22505676,Geelong (W),20.5,LOSER,0,127,North Melbourne (W),v Geelong (W),60,93.5,33.5,1.01,,,1.01,,,1.01,,,,
2026-08-15 00:00:00.000 Z,Women's AFL/North Melbourne (W) v Geelong (W),35926573,HANDICAP,261031001,Handicap,22505674,North Melbourne (W),20.5,WINNER,1,127,North Melbourne (W),v Geelong (W),60,93.5,33.5,1.01,,,1.01,,,1.01,,,,
2026-08-15 00:00:00.000 Z,Women's AFL/North Melbourne (W) v Geelong (W),35926573,HANDICAP,261031001,Handicap,22505676,Geelong (W),21.5,LOSER,0,127,North Melbourne (W),v Geelong (W),60,93.5,33.5,1.01,,,1.01,,,1.01,,,,
2026-08-15 00:00:00.000 Z,Women's AFL/North Melbourne (W) v Geelong (W),35926573,HANDICAP,261031001,Handicap,22505674,North Melbourne (W),21.5,WINNER,1,127,North Melbourne (W),v Geelong (W),60,93.5,33.5,,1.03,6,,1.03,6,,,6,6,1.01
2026-08-15 00:00:00.000 Z,Women's AFL/North Melbourne (W) v Geelong (W),35926573,HANDICAP,261031001,Handicap,22505676,Geelong (W),22.5,LOSER,0,127,North Melbourne (W),v Geelong (W),60,93.5,33.5,1.01,,,1.01,,,1.01,,,,
2026-08-15 00:00:00.000 Z,Women's AFL/North Melbourne (W) v Geelong (W),35926573,HANDICAP,261031001,Handicap,22505674,North Melbourne (W),22.5,WINNER,1,127,North Melbourne (W),v Geelong (W),60,93.5,33.5,1.01,,,1.01,,,1.01,,,,
2026-08-15 00:00:00.000 Z,Women's AFL/North Melbourne (W) v Geelong (W),35926573,HANDICAP,261031001,Handicap,22505676,Geelong (W),23.5,LOSER,0,127,North Melbourne (W),v Geelong (W),60,93.5,33.5,1.01,,,1.01,,,1.01,,,,
2026-08-15 00:00:00.000 Z,Women's AFL/North Melbourne (W) v Geelong (W),35926573,HANDICAP,261031001,Handicap,22505674,North Melbourne (W),23.5,WINNER,1,127,North Melbourne (W),v Geelong (W),60,93.5,33.5,1.01,,,1.01,,,1.01,,,,
2026-08-15 00:00:00.000 Z,Women's AFL/North Melbourne (W) v Geelong (W),35926573,HANDICAP,261031001,Handicap,22505676,Geelong (W),24.5,LOSER,0,127,North Melbourne (W),v Geelong (W),60,93.5,33.5,1.01,,,1.01,,,1.01,,,,
2026-08-15 00:00:00.000 Z,Women's AFL/North Melbourne (W) v Geelong (W),35926573,HANDICAP,261031001,Handicap,22505674,North Melbourne (W),24.5,WINNER,1,127,North Melbourne (W),v Geelong (W),60,93.5,33.5,1.01,,,1.01,,,1.01,,,,
2026-08-15 00:00:00.000 Z,Women's AFL/North Melbourne (W) v Geelong (W),35926573,HANDICAP,261031001,Handicap,22505676,Geelong (W),25.5,LOSER,0,127,North Melbourne (W),v Geelong (W),60,93.5,33.5,2.02,,,2.02,,,1.01,,,,
2026-08-15 00:00:00.000 Z,Women's AFL/North Melbourne (W) v Geelong (W),35926573,HANDICAP,261031001,Handicap,22505674,North Melbourne (W),25.5,WINNER,1,127,North Melbourne (W),v Geelong (W),60,93.5,33.5,1.01,,,1.01,,,1.01,,,,
2026-08-15 00:00:00.000 Z,Women's AFL/North Melbourne (W) v Geelong (W),35926573,HANDICAP,261031001,Handicap,22505676,Geelong (W),26.5,LOSER,0,127,North Melbourne (W),v Geelong (W),60,93.5,33.5,1.01,,,1.64,,,1.64,,,,
2026-08-15 00:00:00.000 Z,Women's AFL/North Melbourne (W) v Geelong (W),35926573,HANDICAP,261031001,Handicap,22505674,North Melbourne (W),26.5,WINNER,1,127,North Melbourne (W),v Geelong (W),60,93.5,33.5,1.01,,,1.01,,,1.01,,,,
2026-08-15 00:00:00.000 Z,Women's AFL/North Melbourne (W) v Geelong (W),35926573,HANDICAP,261031001,Handicap,22505676,Geelong (W),27.5,LOSER,0,127,North Melbourne (W),v Geelong (W),60,93.5,33.5,1.01,,,1.63,,,1.63,,,,
2026-08-15 00:00:00.000 Z,Women's AFL/North Melbourne (W) v Geelong (W),35926573,HANDICAP,261031001,Handicap,22505674,North Melbourne (W),27.5,WINNER,1,127,North Melbourne (W),v Geelong (W),60,93.5,33.5,1.01,,,1.01,,,1.01,,,,
2026-08-15 00:00:00.000 Z,Women's AFL/North Melbourne (W) v Geelong (W),35926573,HANDICAP,261031001,Handicap,22505676,Geelong (W),28.5,LOSER,0,127,North Melbourne (W),v Geelong (W),60,93.5,33.5,2.02,,,2.02,,,2.04,,,,
2026-08-15 00:00:00.000 Z,Women's AFL/North Melbourne (W) v Geelong (W),35926573,HANDICAP,261031001,Handicap,22505674,North Melbourne (W),28.5,WINNER,1,127,North Melbourne (W),v Geelong (W),60,93.5,33.5,1.01,,,1.01,,,1.01,,,,
2026-08-15 00:00:00.000 Z,Women's AFL/North Melbourne (W) v Geelong (W),35926573,HANDICAP,261031001,Handicap,22505676,Geelong (W),29.5,LOSER,0,127,North Melbourne (W),v Geelong (W),60,93.5,33.5,1.01,,,1.61,,,2,,,,
2026-08-15 00:00:00.000 Z,Women's AFL/North Melbourne (W) v Geelong (W),35926573,HANDICAP,261031001,Handicap,22505674,North Melbourne (W),29.5,WINNER,1,127,North Melbourne (W),v Geelong (W),60,93.5,33.5,1.01,,,1.01,,,1.01,,,,
2026-08-15 00:00:00.000 Z,Women's AFL/North Melbourne (W) v Geelong (W),35926573,HANDICAP,261031001,Handicap,22505676,Geelong (W),30.5,LOSER,0,127,North Melbourne (W),v Geelong (W),60,93.5,33.5,1.01,2,,1.6,2,,2,,93,93,2
2026-08-15 00:00:00.000 Z,Women's AFL/North Melbourne (W) v Geelong (W),35926573,HANDICAP,261031001,Handicap,22505674,North Melbourne (W),30.5,WINNER,1,127,North Melbourne (W),v Geelong (W),60,93.5,33.5,1.01,,,1.01,,,1.01,,,,
2026-08-15 00:00:00.000 Z,Women's AFL/North Melbourne (W) v Geelong (W),35926573,HANDICAP,261031001,Handicap,22505676,Geelong (W),31.5,LOSER,0,127,North Melbourne (W),v Geelong (W),60,93.5,33.5,1.01,,,1.59,,,1.59,,,,
2026-08-15 00:00:00.000 Z,Women's AFL/North Melbourne (W) v Geelong (W),35926573,HANDICAP,261031001,Handicap,22505674,North Melbourne (W),31.5,WINNER,1,127,North Melbourne (W),v Geelong (W),60,93.5,33.5,1.01,,,1.01,,,1.01,,,,
2026-08-15 00:00:00.000 Z,Women's AFL/North Melbourne (W) v Geelong (W),35926573,HANDICAP,261031001,Handicap,22505676,Geelong (W),32.5,LOSER,0,127,North Melbourne (W),v Geelong (W),60,93.5,33.5,1.58,,,1.58,,,1.58,,,,
2026-08-15 00:00:00.000 Z,Women's AFL/North Melbourne (W) v Geelong (W),35926573,HANDICAP,261031001,Handicap,22505674,North Melbourne (W),32.5,WINNER,1,127,North Melbourne (W),v Geelong (W),60,93.5,33.5,1.01,,,1.01,,,1.01,,,,
2026-08-15 00:00:00.000 Z,Women's AFL/North Melbourne (W) v Geelong (W),35926573,HANDICAP,261031001,Handicap,22505676,Geelong (W),33.5,LOSER,0,127,North Melbourne (W),v Geelong (W),60,93.5,33.5,,,,1.54,,,1.54,,,,
2026-08-15 00:00:00.000 Z,Women's AFL/North Melbourne (W) v Geelong (W),35926573,HANDICAP,261031001,Handicap,22505674,North Melbourne (W),33.5,WINNER,1,127,North Melbourne (W),v Geelong (W),60,93.5,33.5,1.01,,,1.01,,,1.01,,,,
2026-08-15 00:00:00.000 Z,Women's AFL/North Melbourne (W) v Geelong (W),35926573,HANDICAP,261031001,Handicap,22505676,Geelong (W),34.5,LOSER,0,127,North Melbourne (W),v Geelong (W),60,93.5,33.5,,,,1.5,,,1.56,,,,
2026-08-15 00:00:00.000 Z,Women's AFL/North Melbourne (W) v Geelong (W),35926573,HANDICAP,261031001,Handicap,22505674,North Melbourne (W),34.5,WINNER,1,127,North Melbourne (W),v Geelong (W),60,93.5,33.5,1.01,,,1.01,,,1.01,,,,
2026-08-15 00:00:00.000 Z,Women's AFL/North Melbourne (W) v Geelong (W),35926573,HANDICAP,261031001,Handicap,22505676,Geelong (W),35.5,LOSER,0,127,North Melbourne (W),v Geelong (W),60,93.5,33.5,1.47,,,1.47,,,1.47,,,,
2026-08-15 00:00:00.000 Z,Women's AFL/North Melbourne (W) v Geelong (W),35926573,HANDICAP,261031001,Handicap,22505674,North Melbourne (W),35.5,WINNER,1,127,North Melbourne (W),v Geelong (W),60,93.5,33.5,1.01,,,1.01,,,1.01,,,,
2026-08-15 00:00:00.000 Z,Women's AFL/North Melbourne (W) v Geelong (W),35926573,HANDICAP,261031001,Handicap,22505676,Geelong (W),36.5,LOSER,0,127,North Melbourne (W),v Geelong (W),60,93.5,33.5,,,,1.43,,,1.43,,,,
2026-08-15 00:00:00.000 Z,Women's AFL/North Melbourne (W) v Geelong (W),35926573,HANDICAP,261031001,Handicap,22505674,North Melbourne (W),36.5,WINNER,1,127,North Melbourne (W),v Geelong (W),60,93.5,33.5,1.01,,,1.01,,,1.01,,,,
2026-08-15 00:00:00.000 Z,Women's AFL/North Melbourne (W) v Geelong (W),35926573,HANDICAP,261031001,Handicap,22505676,Geelong (W),37.5,LOSER,0,127,North Melbourne (W),v Geelong (W),60,93.5,33.5,,,,1.39,,,1.39,,,,
2026-08-15 00:00:00.000 Z,Women's AFL/North Melbourne (W) v Geelong (W),35926573,HANDICAP,261031001,Handicap,22505674,North Melbourne (W),37.5,WINNER,1,127,North Melbourne (W),v Geelong (W),60,93.5,33.5,1.01,,,1.01,,,1.01,,,,
2026-08-15 00:00:00.000 Z,Women's AFL/North Melbourne (W) v Geelong (W),35926573,HANDICAP,261031001,Handicap,22505676,Geelong (W),38.5,LOSER,0,127,North Melbourne (W),v Geelong (W),60,93.5,33.5,1.36,,,1.36,,,1.36,,,,
2026-08-15 00:00:00.000 Z,Women's AFL/North Melbourne (W) v Geelong (W),35926573,HANDICAP,261031001,Handicap,22505674,North Melbourne (W),38.5,WINNER,1,127,North Melbourne (W),v Geelong (W),60,93.5,33.5,1.01,,,1.01,,,1.01,,,,
2026-08-15 00:00:00.000 Z,Women's AFL/North Melbourne (W) v Geelong (W),35926573,HANDICAP,261031001,Handicap,22505676,Geelong (W),39.5,LOSER,0,127,North Melbourne (W),v Geelong (W),60,93.5,33.5,,,,1.33,,,1.33,,,,
2026-08-15 00:00:00.000 Z,Women's AFL/North Melbourne (W) v Geelong (W),35926573,HANDICAP,261031001,Handicap,22505674,North Melbourne (W),39.5,WINNER,1,127,North Melbourne (W),v Geelong (W),60,93.5,33.5,1.01,,,1.01,,,1.01,,,,
2026-08-15 00:00:00.000 Z,Women's AFL/North Melbourne (W) v Geelong (W),35926573,HANDICAP,261031001,Handicap,22505676,Geelong (W),40.5,LOSER,0,127,North Melbourne (W),v Geelong (W),60,93.5,33.5,,,,1.31,,,1.35,,,,
2026-08-15 00:00:00.000 Z,Women's AFL/North Melbourne (W) v Geelong (W),35926573,HANDICAP,261031001,Handicap,22505674,North Melbourne (W),40.5,WINNER,1,127,North Melbourne (W),v Geelong (W),60,93.5,33.5,1.01,,,1.01,,,1.01,,,,
2026-08-15 00:00:00.000 Z,Women's AFL/North Melbourne (W) v Geelong (W),35926573,HANDICAP,261031001,Handicap,22505676,Geelong (W),41.5,LOSER,0,127,North Melbourne (W),v Geelong (W),60,93.5,33.5,1.29,,,1.29,,,1.29,,,,
2026-08-15 00:00:00.000 Z,Women's AFL/North Melbourne (W) v Geelong (W),35926573,HANDICAP,261031001,Handicap,22505674,North Melbourne (W),41.5,WINNER,1,127,North Melbourne (W),v Geelong (W),60,93.5,33.5,1.01,,,1.01,,,1.01,,,,
2026-08-15 00:00:00.000 Z,Women's AFL/North Melbourne (W) v Geelong (W),35926573,HANDICAP,261031001,Handicap,22505676,Geelong (W),42.5,LOSER,0,127,North Melbourne (W),v Geelong (W),60,93.5,33.5,,,,1.26,,,1.26,,,,
2026-08-15 00:00:00.000 Z,Women's AFL/North Melbourne (W) v Geelong (W),35926573,HANDICAP,261031001,Handicap,22505674,North Melbourne (W),42.5,WINNER,1,127,North Melbourne (W),v Geelong (W),60,93.5,33.5,1.01,,,1.01,,,1.01,,,,
2026-08-15 00:00:00.000 Z,Women's AFL/North Melbourne (W) v Geelong (W),35926573,HANDICAP,261031001,Handicap,22505676,Geelong (W),43.5,LOSER,0,127,North Melbourne (W),v Geelong (W),60,93.5,33.5,,,,1.24,,,1.24,,,,
2026-08-15 00:00:00.000 Z,Women's AFL/North Melbourne (W) v Geelong (W),35926573,HANDICAP,261031001,Handicap,22505674,North Melbourne (W),43.5,WINNER,1,127,North Melbourne (W),v Geelong (W),60,93.5,33.5,1.01,,,1.01,,,1.01,,,,
2026-08-15 00:00:00.000 Z,Women's AFL/North Melbourne (W) v Geelong (W),35926573,HANDICAP,261031001,Handicap,22505676,Geelong (W),44.5,LOSER,0,127,North Melbourne (W),v Geelong (W),60,93.5,33.5,1.22,,,1.22,,,1.22,,,,
2026-08-15 00:00:00.000 Z,Women's AFL/North Melbourne (W) v Geelong (W),35926573,HANDICAP,261031001,Handicap,22505674,North Melbourne (W),44.5,WINNER,1,127,North Melbourne (W),v Geelong (W),60,93.5,33.5,1.01,,,1.01,,,1.01,,,,
2026-08-15 00:00:00.000 Z,Women's AFL/North Melbourne (W) v Geelong (W),35926573,HANDICAP,261031001,Handicap,22505676,Geelong (W),45.5,LOSER,0,127,North Melbourne (W),v Geelong (W),60,93.5,33.5,,,,1.2,,,1.21,,,,
2026-08-15 00:00:00.000 Z,Women's AFL/North Melbourne (W) v Geelong (W),35926573,HANDICAP,261031001,Handicap,22505674,North Melbourne (W),45.5,WINNER,1,127,North Melbourne (W),v Geelong (W),60,93.5,33.5,1.01,,,1.01,,,1.01,,,,
2026-08-15 00:00:00.000 Z,Women's AFL/North Melbourne (W) v Geelong (W),35926573,HANDICAP,261031001,Handicap,22505676,Geelong (W),46.5,LOSER,0,127,North Melbourne (W),v Geelong (W),60,93.5,33.5,,,,1.18,,,1.21,,,,
2026-08-15 00:00:00.000 Z,Women's AFL/North Melbourne (W) v Geelong (W),35926573,HANDICAP,261031001,Handicap,22505674,North Melbourne (W),46.5,WINNER,1,127,North Melbourne (W),v Geelong (W),60,93.5,33.5,1.01,,,1.01,,,1.01,,,,
2026-08-15 00:00:00.000 Z,Women's AFL/North Melbourne (W) v Geelong (W),35926573,HANDICAP,261031001,Handicap,22505676,Geelong (W),47.5,LOSER,0,127,North Melbourne (W),v Geelong (W),60,93.5,33.5,1.17,,,1.17,,,1.17,,,,
2026-08-15 00:00:00.000 Z,Women's AFL/North Melbourne (W) v Geelong (W),35926573,HANDICAP,261031001,Handicap,22505674,North Melbourne (W),47.5,WINNER,1,127,North Melbourne (W),v Geelong (W),60,93.5,33.5,1.01,,,1.01,,,1.01,,,,
2026-08-15 00:00:00.000 Z,Women's AFL/North Melbourne (W) v Geelong (W),35926573,HANDICAP,261031001,Handicap,22505676,Geelong (W),48.5,LOSER,0,127,North Melbourne (W),v Geelong (W),60,93.5,33.5,,,,1.15,,,1.15,,,,
2026-08-15 00:00:00.000 Z,Women's AFL/North Melbourne (W) v Geelong (W),35926573,HANDICAP,261031001,Handicap,22505674,North Melbourne (W),48.5,WINNER,1,127,North Melbourne (W),v Geelong (W),60,93.5,33.5,1.01,,,1.01,,,1.01,,,,
2026-08-15 00:00:00.000 Z,Women's AFL/North Melbourne (W) v Geelong (W),35926573,HANDICAP,261031001,Handicap,22505676,Geelong (W),49.5,LOSER,0,127,North Melbourne (W),v Geelong (W),60,93.5,33.5,,,,1.13,,,1.13,,,,
2026-08-15 00:00:00.000 Z,Women's AFL/North Melbourne (W) v Geelong (W),35926573,HANDICAP,261031001,Handicap,22505674,North Melbourne (W),49.5,WINNER,1,127,North Melbourne (W),v Geelong (W),60,93.5,33.5,1.01,,,1.01,,,1.01,,,,
2026-08-15 00:00:00.000 Z,Women's AFL/North Melbourne (W) v Geelong (W),35926573,HANDICAP,261031001,Handicap,22505676,Geelong (W),50.5,LOSER,0,127,North Melbourne (W),v Geelong (W),60,93.5,33.5,1.12,,,1.12,,,1.12,,,,
2026-08-15 00:00:00.000 Z,Women's AFL/North Melbourne (W) v Geelong (W),35926573,HANDICAP,261031001,Handicap,22505674,North Melbourne (W),50.5,WINNER,1,127,North Melbourne (W),v Geelong (W),60,93.5,33.5,1.01,,,1.01,,,1.01,,,,
2026-08-15 00:00:00.000 Z,Women's AFL/North Melbourne (W) v Geelong (W),35926573,HANDICAP,261031001,Handicap,22505676,Geelong (W),51.5,LOSER,0,127,North Melbourne (W),v Geelong (W),60,93.5,33.5,,,,1.11,,,1.11,,,,
2026-08-15 00:00:00.000 Z,Women's AFL/North Melbourne (W) v Geelong (W),35926573,HANDICAP,261031001,Handicap,22505674,North Melbourne (W),51.5,WINNER,1,127,North Melbourne (W),v Geelong (W),60,93.5,33.5,1.01,,,1.01,,,1.01,,,,
2026-08-15 00:00:00.000 Z,Women's AFL/North Melbourne (W) v Geelong (W),35926573,HANDICAP,261031001,Handicap,22505676,Geelong (W),52.5,LOSER,0,127,North Melbourne (W),v Geelong (W),60,93.5,33.5,,,,1.1,,,1.1,,,,
2026-08-15 00:00:00.000 Z,Women's AFL/North Melbourne (W) v Geelong (W),35926573,HANDICAP,261031001,Handicap,22505674,North Melbourne (W),52.5,WINNER,1,127,North Melbourne (W),v Geelong (W),60,93.5,33.5,1.01,,,1.01,,,1.01,,,,
2026-08-15 00:00:00.000 Z,Women's AFL/North Melbourne (W) v Geelong (W),35926573,HANDICAP,261031001,Handicap,22505676,Geelong (W),53.5,LOSER,0,127,North Melbourne (W),v Geelong (W),60,93.5,33.5,1.09,,,1.09,,,1.09,,,,
2026-08-15 00:00:00.000 Z,Women's AFL/North Melbourne (W) v Geelong (W),35926573,HANDICAP,261031001,Handicap,22505674,North Melbourne (W),53.5,WINNER,1,127,North Melbourne (W),v Geelong (W),60,93.5,33.5,1.01,,,1.01,,,1.01,,,,
2026-08-15 00:00:00.000 Z,Women's AFL/North Melbourne (W) v Geelong (W),35926573,HANDICAP,261031001,Handicap,22505676,Geelong (W),54.5,LOSER,0,127,North Melbourne (W),v Geelong (W),60,93.5,33.5,,,,1.08,,,1.08,,,,
2026-08-15 00:00:00.000 Z,Women's AFL/North Melbourne (W) v Geelong (W),35926573,HANDICAP,261031001,Handicap,22505674,North Melbourne (W),54.5,WINNER,1,127,North Melbourne (W),v Geelong (W),60,93.5,33.5,1.01,,,1.01,,,1.01,,,,
2026-08-15 00:00:00.000 Z,Women's AFL/North Melbourne (W) v Geelong (W),35926573,HANDICAP,261031001,Handicap,22505676,Geelong (W),55.5,LOSER,0,127,North Melbourne (W),v Geelong (W),60,93.5,33.5,,,,1.07,,,1.07,,,,
2026-08-15 00:00:00.000 Z,Women's AFL/North Melbourne (W) v Geelong (W),35926573,HANDICAP,261031001,Handicap,22505674,North Melbourne (W),55.5,WINNER,1,127,North Melbourne (W),v Geelong (W),60,93.5,33.5,1.01,,,1.01,,,1.01,,,,
2026-08-15 00:00:00.000 Z,Women's AFL/North Melbourne (W) v Geelong (W),35926573,HANDICAP,261031001,Handicap,22505676,Geelong (W),56.5,LOSER,0,127,North Melbourne (W),v Geelong (W),60,93.5,33.5,1.06,,,1.06,,,1.06,,,,
2026-08-15 00:00:00.000 Z,Women's AFL/North Melbourne (W) v Geelong (W),35926573,HANDICAP,261031001,Handicap,22505674,North Melbourne (W),56.5,WINNER,1,127,North Melbourne (W),v Geelong (W),60,93.5,33.5,1.01,,,1.01,,,1.01,,,,
2026-08-15 00:00:00.000 Z,Women's AFL/North Melbourne (W) v Geelong (W),35926573,HANDICAP,261031001,Handicap,22505676,Geelong (W),57.5,LOSER,0,127,North Melbourne (W),v Geelong (W),60,93.5,33.5,,,,1.05,,,1.05,,,,
2026-08-15 00:00:00.000 Z,Women's AFL/North Melbourne (W) v Geelong (W),35926573,HANDICAP,261031001,Handicap,22505674,North Melbourne (W),57.5,WINNER,1,127,North Melbourne (W),v Geelong (W),60,93.5,33.5,1.01,,,1.01,,,1.01,,,,
2026-08-15 00:00:00.000 Z,Women's AFL/North Melbourne (W) v Geelong (W),35926573,HANDICAP,261031001,Handicap,22505676,Geelong (W),58.5,LOSER,0,127,North Melbourne (W),v Geelong (W),60,93.5,33.5,,,,1.04,,,1.04,,,,
2026-08-15 00:00:00.000 Z,Women's AFL/North Melbourne (W) v Geelong (W),35926573,HANDICAP,261031001,Handicap,22505674,North Melbourne (W),58.5,WINNER,1,127,North Melbourne (W),v Geelong (W),60,93.5,33.5,1.01,,,1.01,,,1.01,,,,
2026-08-15 00:00:00.000 Z,Women's AFL/North Melbourne (W) v Geelong (W),35926573,HANDICAP,261031001,Handicap,22505676,Geelong (W),59.5,LOSER,0,127,North Melbourne (W),v Geelong (W),60,93.5,33.5,1.03,,,1.03,,,1.03,,,,
2026-08-15 00:00:00.000 Z,Women's AFL/North Melbourne (W) v Geelong (W),35926573,HANDICAP,261031001,Handicap,22505674,North Melbourne (W),59.5,WINNER,1,127,North Melbourne (W),v Geelong (W),60,93.5,33.5,,,,,,,,,,,
2026-08-15 00:00:00.000 Z,Women's AFL/North Melbourne (W) v Geelong (W),35926573,MATCH_ODDS,261031000,Match Odds,22505676,Geelong (W),0,LOSER,0,127,North Melbourne (W),v Geelong (W),60,93.5,33.5,7.8,10.5,195.02,8.6,10,205.29,3.65,10,255.29,255.31,6
2026-08-15 00:00:00.000 Z,Women's AFL/North Melbourne (W) v Geelong (W),35926573,MATCH_ODDS,261031000,Match Odds,22505674,North Melbourne (W),0,WINNER,1,127,North Melbourne (W),v Geelong (W),60,93.5,33.5,1.11,1.14,3940.91,1.11,1.12,4042.18,1.11,1.23,4263.47,4294.57,1.13
2026-08-15 00:00:00.000 Z,Women's AFL/North Melbourne (W) v Geelong (W),35926573,COMBINED_TOTAL,261031122,Total Points,8435233,Under,20.5,LOSER,0,127,North Melbourne (W),v Geelong (W),60,93.5,33.5,1.01,,,1.01,,,1.01,,,,
2026-08-15 00:00:00.000 Z,Women's AFL/North Melbourne (W) v Geelong (W),35926573,COMBINED_TOTAL,261031122,Total Points,8435232,Over,20.5,WINNER,1,127,North Melbourne (W),v Geelong (W),60,93.5,33.5,,,,,,,,,,,
2026-08-15 00:00:00.000 Z,Women's AFL/North Melbourne (W) v Geelong (W),35926573,COMBINED_TOTAL,261031122,Total Points,8435233,Under,21.5,LOSER,0,127,North Melbourne (W),v Geelong (W),60,93.5,33.5,1.01,,,1.01,,,1.01,,,,
2026-08-15 00:00:00.000 Z,Women's AFL/North Melbourne (W) v Geelong (W),35926573,COMBINED_TOTAL,261031122,Total Points,8435232,Over,21.5,WINNER,1,127,North Melbourne (W),v Geelong (W),60,93.5,33.5,,,,,,,,,,,
2026-08-15 00:00:00.000 Z,Women's AFL/North Melbourne (W) v Geelong (W),35926573,COMBINED_TOTAL,261031122,Total Points,8435233,Under,22.5,LOSER,0,127,North Melbourne (W),v Geelong (W),60,93.5,33.5,1.01,,,1.01,,,1.01,,,,
2026-08-15 00:00:00.000 Z,Women's AFL/North Melbourne (W) v Geelong (W),35926573,COMBINED_TOTAL,261031122,Total Points,8435232,Over,22.5,WINNER,1,127,North Melbourne (W),v Geelong (W),60,93.5,33.5,,,,,,,,,,,
2026-08-15 00:00:00.000 Z,Women's AFL/North Melbourne (W) v Geelong (W),35926573,COMBINED_TOTAL,261031122,Total Points,8435233,Under,23.5,LOSER,0,127,North Melbourne (W),v Geelong (W),60,93.5,33.5,1.01,,,1.01,,,1.01,,,,
2026-08-15 00:00:00.000 Z,Women's AFL/North Melbourne (W) v Geelong (W),35926573,COMBINED_TOTAL,261031122,Total Points,8435232,Over,23.5,WINNER,1,127,North Melbourne (W),v Geelong (W),60,93.5,33.5,,,,,,,,,,,
2026-08-15 00:00:00.000 Z,Women's AFL/North Melbourne (W) v Geelong (W),35926573,COMBINED_TOTAL,261031122,Total Points,8435233,Under,24.5,LOSER,0,127,North Melbourne (W),v Geelong (W),60,93.5,33.5,1.01,,,1.01,,,1.01,,,,
2026-08-15 00:00:00.000 Z,Women's AFL/North Melbourne (W) v Geelong (W),35926573,COMBINED_TOTAL,261031122,Total Points,8435232,Over,24.5,WINNER,1,127,North Melbourne (W),v Geelong (W),60,93.5,33.5,,,,,,,,,,,
2026-08-15 00:00:00.000 Z,Women's AFL/North Melbourne (W) v Geelong (W),35926573,COMBINED_TOTAL,261031122,Total Points,8435233,Under,25.5,LOSER,0,127,North Melbourne (W),v Geelong (W),60,93.5,33.5,1.01,,,1.01,,,1.01,,,,
2026-08-15 00:00:00.000 Z,Women's AFL/North Melbourne (W) v Geelong (W),35926573,COMBINED_TOTAL,261031122,Total Points,8435232,Over,25.5,WINNER,1,127,North Melbourne (W),v Geelong (W),60,93.5,33.5,,,,,,,,,,,
2026-08-15 00:00:00.000 Z,Women's AFL/North Melbourne (W) v Geelong (W),35926573,COMBINED_TOTAL,261031122,Total Points,8435233,Under,26.5,LOSER,0,127,North Melbourne (W),v Geelong (W),60,93.5,33.5,1.01,,,1.01,,,1.01,,,,
2026-08-15 00:00:00.000 Z,Women's AFL/North Melbourne (W) v Geelong (W),35926573,COMBINED_TOTAL,261031122,Total Points,8435232,Over,26.5,WINNER,1,127,North Melbourne (W),v Geelong (W),60,93.5,33.5,,,,,,,,,,,
2026-08-15 00:00:00.000 Z,Women's AFL/North Melbourne (W) v Geelong (W),35926573,COMBINED_TOTAL,261031122,Total Points,8435233,Under,27.5,LOSER,0,127,North Melbourne (W),v Geelong (W),60,93.5,33.5,1.01,,,1.01,,,1.01,,,,
2026-08-15 00:00:00.000 Z,Women's AFL/North Melbourne (W) v Geelong (W),35926573,COMBINED_TOTAL,261031122,Total Points,8435232,Over,27.5,WINNER,1,127,North Melbourne (W),v Geelong (W),60,93.5,33.5,,,,,,,,,,,
2026-08-15 00:00:00.000 Z,Women's AFL/North Melbourne (W) v Geelong (W),35926573,COMBINED_TOTAL,261031122,Total Points,8435233,Under,28.5,LOSER,0,127,North Melbourne (W),v Geelong (W),60,93.5,33.5,1.01,,,1.01,,,1.01,,,,
2026-08-15 00:00:00.000 Z,Women's AFL/North Melbourne (W) v Geelong (W),35926573,COMBINED_TOTAL,261031122,Total Points,8435232,Over,28.5,WINNER,1,127,North Melbourne (W),v Geelong (W),60,93.5,33.5,,,,,,,,,,,
2026-08-15 00:00:00.000 Z,Women's AFL/North Melbourne (W) v Geelong (W),35926573,COMBINED_TOTAL,261031122,Total Points,8435233,Under,29.5,LOSER,0,127,North Melbourne (W),v Geelong (W),60,93.5,33.5,1.01,,,1.01,,,1.01,,,,
2026-08-15 00:00:00.000 Z,Women's AFL/North Melbourne (W) v Geelong (W),35926573,COMBINED_TOTAL,261031122,Total Points,8435232,Over,29.5,WINNER,1,127,North Melbourne (W),v Geelong (W),60,93.5,33.5,,,,,,,,,,,
2026-08-15 00:00:00.000 Z,Women's AFL/North Melbourne (W) v Geelong (W),35926573,COMBINED_TOTAL,261031122,Total Points,8435233,Under,30.5,LOSER,0,127,North Melbourne (W),v Geelong (W),60,93.5,33.5,1.01,,,1.01,,,1.01,,,,
2026-08-15 00:00:00.000 Z,Women's AFL/North Melbourne (W) v Geelong (W),35926573,COMBINED_TOTAL,261031122,Total Points,8435232,Over,30.5,WINNER,1,127,North Melbourne (W),v Geelong (W),60,93.5,33.5,,,,,,,,,,,
2026-08-15 00:00:00.000 Z,Women's AFL/North Melbourne (W) v Geelong (W),35926573,COMBINED_TOTAL,261031122,Total Points,8435233,Under,31.5,LOSER,0,127,North Melbourne (W),v Geelong (W),60,93.5,33.5,1.01,,,1.01,,,1.01,,,,
2026-08-15 00:00:00.000 Z,Women's AFL/North Melbourne (W) v Geelong (W),35926573,COMBINED_TOTAL,261031122,Total Points,8435232,Over,31.5,WINNER,1,127,North Melbourne (W),v Geelong (W),60,93.5,33.5,,,,,,,,,,,
2026-08-15 00:00:00.000 Z,Women's AFL/North Melbourne (W) v Geelong (W),35926573,COMBINED_TOTAL,261031122,Total Points,8435233,Under,32.5,LOSER,0,127,North Melbourne (W),v Geelong (W),60,93.5,33.5,1.01,,,1.01,,,1.01,,,,
2026-08-15 00:00:00.000 Z,Women's AFL/North Melbourne (W) v Geelong (W),35926573,COMBINED_TOTAL,261031122,Total Points,8435232,Over,32.5,WINNER,1,127,North Melbourne (W),v Geelong (W),60,93.5,33.5,,,,,,,,,,,
2026-08-15 00:00:00.000 Z,Women's AFL/North Melbourne (W) v Geelong (W),35926573,COMBINED_TOTAL,261031122,Total Points,8435233,Under,33.5,LOSER,0,127,North Melbourne (W),v Geelong (W),60,93.5,33.5,1.01,,,1.01,,,1.01,,,,
2026-08-15 00:00:00.000 Z,Women's AFL/North Melbourne (W) v Geelong (W),35926573,COMBINED_TOTAL,261031122,Total Points,8435232,Over,33.5,WINNER,1,127,North Melbourne (W),v Geelong (W),60,93.5,33.5,,,,,,,,,,,
2026-08-15 00:00:00.000 Z,Women's AFL/North Melbourne (W) v Geelong (W),35926573,COMBINED_TOTAL,261031122,Total Points,8435233,Under,34.5,LOSER,0,127,North Melbourne (W),v Geelong (W),60,93.5,33.5,1.01,,,1.01,,,1.01,,,,
2026-08-15 00:00:00.000 Z,Women's AFL/North Melbourne (W) v Geelong (W),35926573,COMBINED_TOTAL,261031122,Total Points,8435232,Over,34.5,WINNER,1,127,North Melbourne (W),v Geelong (W),60,93.5,33.5,,,,,,,,,,,
2026-08-15 00:00:00.000 Z,Women's AFL/North Melbourne (W) v Geelong (W),35926573,COMBINED_TOTAL,261031122,Total Points,8435233,Under,35.5,LOSER,0,127,North Melbourne (W),v Geelong (W),60,93.5,33.5,1.01,,,1.01,,,1.01,,,,
2026-08-15 00:00:00.000 Z,Women's AFL/North Melbourne (W) v Geelong (W),35926573,COMBINED_TOTAL,261031122,Total Points,8435232,Over,35.5,WINNER,1,127,North Melbourne (W),v Geelong (W),60,93.5,33.5,,,,,,,,,,,
2026-08-15 00:00:00.000 Z,Women's AFL/North Melbourne (W) v Geelong (W),35926573,COMBINED_TOTAL,261031122,Total Points,8435233,Under,36.5,LOSER,0,127,North Melbourne (W),v Geelong (W),60,93.5,33.5,1.01,,,1.01,,,1.01,,,,
2026-08-15 00:00:00.000 Z,Women's AFL/North Melbourne (W) v Geelong (W),35926573,COMBINED_TOTAL,261031122,Total Points,8435232,Over,36.5,WINNER,1,127,North Melbourne (W),v Geelong (W),60,93.5,33.5,,,,,,,,,,,
2026-08-15 00:00:00.000 Z,Women's AFL/North Melbourne (W) v Geelong (W),35926573,COMBINED_TOTAL,261031122,Total Points,8435233,Under,37.5,LOSER,0,127,North Melbourne (W),v Geelong (W),60,93.5,33.5,1.01,,,1.01,,,1.01,,,,
2026-08-15 00:00:00.000 Z,Women's AFL/North Melbourne (W) v Geelong (W),35926573,COMBINED_TOTAL,261031122,Total Points,8435232,Over,37.5,WINNER,1,127,North Melbourne (W),v Geelong (W),60,93.5,33.5,,,,,,,,,,,
2026-08-15 00:00:00.000 Z,Women's AFL/North Melbourne (W) v Geelong (W),35926573,COMBINED_TOTAL,261031122,Total Points,8435233,Under,38.5,LOSER,0,127,North Melbourne (W),v Geelong (W),60,93.5,33.5,1.01,,,1.01,,,1.01,,,,
2026-08-15 00:00:00.000 Z,Women's AFL/North Melbourne (W) v Geelong (W),35926573,COMBINED_TOTAL,261031122,Total Points,8435232,Over,38.5,WINNER,1,127,North Melbourne (W),v Geelong (W),60,93.5,33.5,,,,,,,,,,,
2026-08-15 00:00:00.000 Z,Women's AFL/North Melbourne (W) v Geelong (W),35926573,COMBINED_TOTAL,261031122,Total Points,8435233,Under,39.5,LOSER,0,127,North Melbourne (W),v Geelong (W),60,93.5,33.5,1.01,,,1.01,,,1.01,,,,
2026-08-15 00:00:00.000 Z,Women's AFL/North Melbourne (W) v Geelong (W),35926573,COMBINED_TOTAL,261031122,Total Points,8435232,Over,39.5,WINNER,1,127,North Melbourne (W),v Geelong (W),60,93.5,33.5,,,,,,,,,,,
2026-08-15 00:00:00.000 Z,Women's AFL/North Melbourne (W) v Geelong (W),35926573,COMBINED_TOTAL,261031122,Total Points,8435233,Under,40.5,LOSER,0,127,North Melbourne (W),v Geelong (W),60,93.5,33.5,1.01,,,1.01,,,1.01,,,,
2026-08-15 00:00:00.000 Z,Women's AFL/North Melbourne (W) v Geelong (W),35926573,COMBINED_TOTAL,261031122,Total Points,8435232,Over,40.5,WINNER,1,127,North Melbourne (W),v Geelong (W),60,93.5,33.5,,,,,,,,,,,
2026-08-15 00:00:00.000 Z,Women's AFL/North Melbourne (W) v Geelong (W),35926573,COMBINED_TOTAL,261031122,Total Points,8435233,Under,41.5,LOSER,0,127,North Melbourne (W),v Geelong (W),60,93.5,33.5,1.01,,,1.01,,,1.01,,,,
2026-08-15 00:00:00.000 Z,Women's AFL/North Melbourne (W) v Geelong (W),35926573,COMBINED_TOTAL,261031122,Total Points,8435232,Over,41.5,WINNER,1,127,North Melbourne (W),v Geelong (W),60,93.5,33.5,,,,,,,,,,,
2026-08-15 00:00:00.000 Z,Women's AFL/North Melbourne (W) v Geelong (W),35926573,COMBINED_TOTAL,261031122,Total Points,8435233,Under,42.5,LOSER,0,127,North Melbourne (W),v Geelong (W),60,93.5,33.5,1.01,,,1.01,,,1.01,,,,
2026-08-15 00:00:00.000 Z,Women's AFL/North Melbourne (W) v Geelong (W),35926573,COMBINED_TOTAL,261031122,Total Points,8435232,Over,42.5,WINNER,1,127,North Melbourne (W),v Geelong (W),60,93.5,33.5,,,,,,,,,,,
2026-08-15 00:00:00.000 Z,Women's AFL/North Melbourne (W) v Geelong (W),35926573,COMBINED_TOTAL,261031122,Total Points,8435233,Under,43.5,LOSER,0,127,North Melbourne (W),v Geelong (W),60,93.5,33.5,1.01,,,1.01,,,1.01,,,,
2026-08-15 00:00:00.000 Z,Women's AFL/North Melbourne (W) v Geelong (W),35926573,COMBINED_TOTAL,261031122,Total Points,8435232,Over,43.5,WINNER,1,127,North Melbourne (W),v Geelong (W),60,93.5,33.5,,,,,,,,,,,
2026-08-15 00:00:00.000 Z,Women's AFL/North Melbourne (W) v Geelong (W),35926573,COMBINED_TOTAL,261031122,Total Points,8435233,Under,44.5,LOSER,0,127,North Melbourne (W),v Geelong (W),60,93.5,33.5,1.01,,,1.01,,,1.01,,,,
2026-08-15 00:00:00.000 Z,Women's AFL/North Melbourne (W) v Geelong (W),35926573,COMBINED_TOTAL,261031122,Total Points,8435232,Over,44.5,WINNER,1,127,North Melbourne (W),v Geelong (W),60,93.5,33.5,,,,,,,,,,,
2026-08-15 00:00:00.000 Z,Women's AFL/North Melbourne (W) v Geelong (W),35926573,COMBINED_TOTAL,261031122,Total Points,8435233,Under,45.5,LOSER,0,127,North Melbourne (W),v Geelong (W),60,93.5,33.5,1.01,,,1.01,,,1.01,,,,
2026-08-15 00:00:00.000 Z,Women's AFL/North Melbourne (W) v Geelong (W),35926573,COMBINED_TOTAL,261031122,Total Points,8435232,Over,45.5,WINNER,1,127,North Melbourne (W),v Geelong (W),60,93.5,33.5,,,,,,,,,,,
2026-08-15 00:00:00.000 Z,Women's AFL/North Melbourne (W) v Geelong (W),35926573,COMBINED_TOTAL,261031122,Total Points,8435233,Under,46.5,LOSER,0,127,North Melbourne (W),v Geelong (W),60,93.5,33.5,1.01,,,1.01,,,1.01,,,,
2026-08-15 00:00:00.000 Z,Women's AFL/North Melbourne (W) v Geelong (W),35926573,COMBINED_TOTAL,261031122,Total Points,8435232,Over,46.5,WINNER,1,127,North Melbourne (W),v Geelong (W),60,93.5,33.5,,,,,,,,,,,
2026-08-15 00:00:00.000 Z,Women's AFL/North Melbourne (W) v Geelong (W),35926573,COMBINED_TOTAL,261031122,Total Points,8435233,Under,47.5,LOSER,0,127,North Melbourne (W),v Geelong (W),60,93.5,33.5,1.01,,,1.01,,,1.01,,,,
2026-08-15 00:00:00.000 Z,Women's AFL/North Melbourne (W) v Geelong (W),35926573,COMBINED_TOTAL,261031122,Total Points,8435232,Over,47.5,WINNER,1,127,North Melbourne (W),v Geelong (W),60,93.5,33.5,,,,,,,,,,,
2026-08-15 00:00:00.000 Z,Women's AFL/North Melbourne (W) v Geelong (W),35926573,COMBINED_TOTAL,261031122,Total Points,8435233,Under,48.5,LOSER,0,127,North Melbourne (W),v Geelong (W),60,93.5,33.5,1.01,,,1.01,,,1.01,,,,
2026-08-15 00:00:00.000 Z,Women's AFL/North Melbourne (W) v Geelong (W),35926573,COMBINED_TOTAL,261031122,Total Points,8435232,Over,48.5,WINNER,1,127,North Melbourne (W),v Geelong (W),60,93.5,33.5,,,,,,,,,,,
2026-08-15 00:00:00.000 Z,Women's AFL/North Melbourne (W) v Geelong (W),35926573,COMBINED_TOTAL,261031122,Total Points,8435233,Under,49.5,LOSER,0,127,North Melbourne (W),v Geelong (W),60,93.5,33.5,1.01,,,1.01,,,1.01,,,,
2026-08-15 00:00:00.000 Z,Women's AFL/North Melbourne (W) v Geelong (W),35926573,COMBINED_TOTAL,261031122,Total Points,8435232,Over,49.5,WINNER,1,127,North Melbourne (W),v Geelong (W),60,93.5,33.5,,,,,,,,,,,
2026-08-15 00:00:00.000 Z,Women's AFL/North Melbourne (W) v Geelong (W),35926573,COMBINED_TOTAL,261031122,Total Points,8435233,Under,50.5,LOSER,0,127,North Melbourne (W),v Geelong (W),60,93.5,33.5,1.01,,,1.01,,,1.01,,,,
2026-08-15 00:00:00.000 Z,Women's AFL/North Melbourne (W) v Geelong (W),35926573,COMBINED_TOTAL,261031122,Total Points,8435232,Over,50.5,WINNER,1,127,North Melbourne (W),v Geelong (W),60,93.5,33.5,,,,,,,,,,,
2026-08-15 00:00:00.000 Z,Women's AFL/North Melbourne (W) v Geelong (W),35926573,COMBINED_TOTAL,261031122,Total Points,8435233,Under,51.5,LOSER,0,127,North Melbourne (W),v Geelong (W),60,93.5,33.5,1.01,,,1.01,,,1.01,,,,
2026-08-15 00:00:00.000 Z,Women's AFL/North Melbourne (W) v Geelong (W),35926573,COMBINED_TOTAL,261031122,Total Points,8435232,Over,51.5,WINNER,1,127,North Melbourne (W),v Geelong (W),60,93.5,33.5,,,,,,,,,,,
2026-08-15 00:00:00.000 Z,Women's AFL/North Melbourne (W) v Geelong (W),35926573,COMBINED_TOTAL,261031122,Total Points,8435233,Under,52.5,LOSER,0,127,North Melbourne (W),v Geelong (W),60,93.5,33.5,1.01,,,1.01,,,1.01,,,,
2026-08-15 00:00:00.000 Z,Women's AFL/North Melbourne (W) v Geelong (W),35926573,COMBINED_TOTAL,261031122,Total Points,8435232,Over,52.5,WINNER,1,127,North Melbourne (W),v Geelong (W),60,93.5,33.5,,,,,,,,,,,
2026-08-15 00:00:00.000 Z,Women's AFL/North Melbourne (W) v Geelong (W),35926573,COMBINED_TOTAL,261031122,Total Points,8435233,Under,53.5,LOSER,0,127,North Melbourne (W),v Geelong (W),60,93.5,33.5,1.01,,,1.01,,,1.01,,,,
2026-08-15 00:00:00.000 Z,Women's AFL/North Melbourne (W) v Geelong (W),35926573,COMBINED_TOTAL,261031122,Total Points,8435232,Over,53.5,WINNER,1,127,North Melbourne (W),v Geelong (W),60,93.5,33.5,,,,,,,,,,,
2026-08-15 00:00:00.000 Z,Women's AFL/North Melbourne (W) v Geelong (W),35926573,COMBINED_TOTAL,261031122,Total Points,8435233,Under,54.5,LOSER,0,127,North Melbourne (W),v Geelong (W),60,93.5,33.5,1.01,,,1.01,,,1.01,,,,
2026-08-15 00:00:00.000 Z,Women's AFL/North Melbourne (W) v Geelong (W),35926573,COMBINED_TOTAL,261031122,Total Points,8435232,Over,54.5,WINNER,1,127,North Melbourne (W),v Geelong (W),60,93.5,33.5,,,,,,,,,,,
2026-08-15 00:00:00.000 Z,Women's AFL/North Melbourne (W) v Geelong (W),35926573,COMBINED_TOTAL,261031122,Total Points,8435233,Under,55.5,LOSER,0,127,North Melbourne (W),v Geelong (W),60,93.5,33.5,1.01,,,1.01,,,1.01,,,,
2026-08-15 00:00:00.000 Z,Women's AFL/North Melbourne (W) v Geelong (W),35926573,COMBINED_TOTAL,261031122,Total Points,8435232,Over,55.5,WINNER,1,127,North Melbourne (W),v Geelong (W),60,93.5,33.5,,,,,,,,,,,
2026-08-15 00:00:00.000 Z,Women's AFL/North Melbourne (W) v Geelong (W),35926573,COMBINED_TOTAL,261031122,Total Points,8435233,Under,56.5,LOSER,0,127,North Melbourne (W),v Geelong (W),60,93.5,33.5,1.01,,,1.01,,,1.01,,,,
2026-08-15 00:00:00.000 Z,Women's AFL/North Melbourne (W) v Geelong (W),35926573,COMBINED_TOTAL,261031122,Total Points,8435232,Over,56.5,WINNER,1,127,North Melbourne (W),v Geelong (W),60,93.5,33.5,,,,,,,,,,,
2026-08-15 00:00:00.000 Z,Women's AFL/North Melbourne (W) v Geelong (W),35926573,COMBINED_TOTAL,261031122,Total Points,8435233,Under,57.5,LOSER,0,127,North Melbourne (W),v Geelong (W),60,93.5,33.5,1.01,,,1.01,,,1.01,,,,
2026-08-15 00:00:00.000 Z,Women's AFL/North Melbourne (W) v Geelong (W),35926573,COMBINED_TOTAL,261031122,Total Points,8435232,Over,57.5,WINNER,1,127,North Melbourne (W),v Geelong (W),60,93.5,33.5,,,,,,,,,,,
2026-08-15 00:00:00.000 Z,Women's AFL/North Melbourne (W) v Geelong (W),35926573,COMBINED_TOTAL,261031122,Total Points,8435233,Under,58.5,LOSER,0,127,North Melbourne (W),v Geelong (W),60,93.5,33.5,1.01,,,1.01,,,1.01,,,,
2026-08-15 00:00:00.000 Z,Women's AFL/North Melbourne (W) v Geelong (W),35926573,COMBINED_TOTAL,261031122,Total Points,8435232,Over,58.5,WINNER,1,127,North Melbourne (W),v Geelong (W),60,93.5,33.5,,,,,,,,,,,
2026-08-15 00:00:00.000 Z,Women's AFL/North Melbourne (W) v Geelong (W),35926573,COMBINED_TOTAL,261031122,Total Points,8435233,Under,59.5,LOSER,0,127,North Melbourne (W),v Geelong (W),60,93.5,33.5,1.01,,,1.01,,,1.01,,,,
2026-08-15 00:00:00.000 Z,Women's AFL/North Melbourne (W) v Geelong (W),35926573,COMBINED_TOTAL,261031122,Total Points,8435232,Over,59.5,WINNER,1,127,North Melbourne (W),v Geelong (W),60,93.5,33.5,,,,,,,,,,,
2026-08-15 00:00:00.000 Z,Women's AFL/North Melbourne (W) v Geelong (W),35926573,COMBINED_TOTAL,261031122,Total Points,8435233,Under,60.5,LOSER,0,127,North Melbourne (W),v Geelong (W),60,93.5,33.5,1.01,,,1.01,,,1.01,,,,
2026-08-15 00:00:00.000 Z,Women's AFL/North Melbourne (W) v Geelong (W),35926573,COMBINED_TOTAL,261031122,Total Points,8435232,Over,60.5,WINNER,1,127,North Melbourne (W),v Geelong (W),60,93.5,33.5,,,,,,,,,,,
2026-08-15 00:00:00.000 Z,Women's AFL/North Melbourne (W) v Geelong (W),35926573,COMBINED_TOTAL,261031122,Total Points,8435233,Under,61.5,LOSER,0,127,North Melbourne (W),v Geelong (W),60,93.5,33.5,1.01,,,1.01,,,1.01,,,,
2026-08-15 00:00:00.000 Z,Women's AFL/North Melbourne (W) v Geelong (W),35926573,COMBINED_TOTAL,261031122,Total Points,8435232,Over,61.5,WINNER,1,127,North Melbourne (W),v Geelong (W),60,93.5,33.5,,,,,,,,,,,
2026-08-15 00:00:00.000 Z,Women's AFL/North Melbourne (W) v Geelong (W),35926573,COMBINED_TOTAL,261031122,Total Points,8435233,Under,62.5,LOSER,0,127,North Melbourne (W),v Geelong (W),60,93.5,33.5,1.01,,,1.01,,,1.01,,,,
2026-08-15 00:00:00.000 Z,Women's AFL/North Melbourne (W) v Geelong (W),35926573,COMBINED_TOTAL,261031122,Total Points,8435232,Over,62.5,WINNER,1,127,North Melbourne (W),v Geelong (W),60,93.5,33.5,,,,,,,,,,,
2026-08-15 00:00:00.000 Z,Women's AFL/North Melbourne (W) v Geelong (W),35926573,COMBINED_TOTAL,261031122,Total Points,8435233,Under,63.5,LOSER,0,127,North Melbourne (W),v Geelong (W),60,93.5,33.5,1.01,,,1.01,,,1.01,,,,
2026-08-15 00:00:00.000 Z,Women's AFL/North Melbourne (W) v Geelong (W),35926573,COMBINED_TOTAL,261031122,Total Points,8435232,Over,63.5,WINNER,1,127,North Melbourne (W),v Geelong (W),60,93.5,33.5,,,,,,,,,,,
2026-08-15 00:00:00.000 Z,Women's AFL/North Melbourne (W) v Geelong (W),35926573,COMBINED_TOTAL,261031122,Total Points,8435233,Under,64.5,LOSER,0,127,North Melbourne (W),v Geelong (W),60,93.5,33.5,1.01,,,1.01,,,1.01,,,,
2026-08-15 00:00:00.000 Z,Women's AFL/North Melbourne (W) v Geelong (W),35926573,COMBINED_TOTAL,261031122,Total Points,8435232,Over,64.5,WINNER,1,127,North Melbourne (W),v Geelong (W),60,93.5,33.5,,,,1.01,,,1.01,,,,
2026-08-15 00:00:00.000 Z,Women's AFL/North Melbourne (W) v Geelong (W),35926573,COMBINED_TOTAL,261031122,Total Points,8435233,Under,65.5,LOSER,0,127,North Melbourne (W),v Geelong (W),60,93.5,33.5,1.01,,,1.01,,,1.01,,,,
2026-08-15 00:00:00.000 Z,Women's AFL/North Melbourne (W) v Geelong (W),35926573,COMBINED_TOTAL,261031122,Total Points,8435232,Over,65.5,WINNER,1,127,North Melbourne (W),v Geelong (W),60,93.5,33.5,1.02,,,1.02,,,1.02,,,,
2026-08-15 00:00:00.000 Z,Women's AFL/North Melbourne (W) v Geelong (W),35926573,COMBINED_TOTAL,261031122,Total Points,8435233,Under,66.5,LOSER,0,127,North Melbourne (W),v Geelong (W),60,93.5,33.5,1.01,,,1.01,,,1.01,,,,
2026-08-15 00:00:00.000 Z,Women's AFL/North Melbourne (W) v Geelong (W),35926573,COMBINED_TOTAL,261031122,Total Points,8435232,Over,66.5,WINNER,1,127,North Melbourne (W),v Geelong (W),60,93.5,33.5,,,,1.02,,,1.02,,,,
2026-08-15 00:00:00.000 Z,Women's AFL/North Melbourne (W) v Geelong (W),35926573,COMBINED_TOTAL,261031122,Total Points,8435233,Under,67.5,LOSER,0,127,North Melbourne (W),v Geelong (W),60,93.5,33.5,1.01,,,1.01,,,1.01,,,,
2026-08-15 00:00:00.000 Z,Women's AFL/North Melbourne (W) v Geelong (W),35926573,COMBINED_TOTAL,261031122,Total Points,8435232,Over,67.5,WINNER,1,127,North Melbourne (W),v Geelong (W),60,93.5,33.5,,,,1.03,,,1.03,,,,
2026-08-15 00:00:00.000 Z,Women's AFL/North Melbourne (W) v Geelong (W),35926573,COMBINED_TOTAL,261031122,Total Points,8435233,Under,68.5,LOSER,0,127,North Melbourne (W),v Geelong (W),60,93.5,33.5,1.01,,,1.01,,,1.01,,,,
2026-08-15 00:00:00.000 Z,Women's AFL/North Melbourne (W) v Geelong (W),35926573,COMBINED_TOTAL,261031122,Total Points,8435232,Over,68.5,WINNER,1,127,North Melbourne (W),v Geelong (W),60,93.5,33.5,1.05,,,1.05,,,1.05,,,,
2026-08-15 00:00:00.000 Z,Women's AFL/North Melbourne (W) v Geelong (W),35926573,COMBINED_TOTAL,261031122,Total Points,8435233,Under,69.5,LOSER,0,127,North Melbourne (W),v Geelong (W),60,93.5,33.5,1.01,,,1.01,,,1.01,,,,
2026-08-15 00:00:00.000 Z,Women's AFL/North Melbourne (W) v Geelong (W),35926573,COMBINED_TOTAL,261031122,Total Points,8435232,Over,69.5,WINNER,1,127,North Melbourne (W),v Geelong (W),60,93.5,33.5,,,,1.06,,,1.06,,,,
2026-08-15 00:00:00.000 Z,Women's AFL/North Melbourne (W) v Geelong (W),35926573,COMBINED_TOTAL,261031122,Total Points,8435233,Under,70.5,LOSER,0,127,North Melbourne (W),v Geelong (W),60,93.5,33.5,1.01,,,1.01,,,1.01,,,,
2026-08-15 00:00:00.000 Z,Women's AFL/North Melbourne (W) v Geelong (W),35926573,COMBINED_TOTAL,261031122,Total Points,8435232,Over,70.5,WINNER,1,127,North Melbourne (W),v Geelong (W),60,93.5,33.5,,,,1.07,,,1.07,,,,
2026-08-15 00:00:00.000 Z,Women's AFL/North Melbourne (W) v Geelong (W),35926573,COMBINED_TOTAL,261031122,Total Points,8435233,Under,71.5,LOSER,0,127,North Melbourne (W),v Geelong (W),60,93.5,33.5,1.01,,,1.01,,,1.01,,,,
2026-08-15 00:00:00.000 Z,Women's AFL/North Melbourne (W) v Geelong (W),35926573,COMBINED_TOTAL,261031122,Total Points,8435232,Over,71.5,WINNER,1,127,North Melbourne (W),v Geelong (W),60,93.5,33.5,1.08,,,1.08,,,1.08,,,,
2026-08-15 00:00:00.000 Z,Women's AFL/North Melbourne (W) v Geelong (W),35926573,COMBINED_TOTAL,261031122,Total Points,8435233,Under,72.5,LOSER,0,127,North Melbourne (W),v Geelong (W),60,93.5,33.5,1.01,,,1.01,,,1.01,,,,
2026-08-15 00:00:00.000 Z,Women's AFL/North Melbourne (W) v Geelong (W),35926573,COMBINED_TOTAL,261031122,Total Points,8435232,Over,72.5,WINNER,1,127,North Melbourne (W),v Geelong (W),60,93.5,33.5,,,,1.09,,,1.09,,,,
2026-08-15 00:00:00.000 Z,Women's AFL/North Melbourne (W) v Geelong (W),35926573,COMBINED_TOTAL,261031122,Total Points,8435233,Under,73.5,LOSER,0,127,North Melbourne (W),v Geelong (W),60,93.5,33.5,1.01,,,1.01,,,1.01,,,,
2026-08-15 00:00:00.000 Z,Women's AFL/North Melbourne (W) v Geelong (W),35926573,COMBINED_TOTAL,261031122,Total Points,8435232,Over,73.5,WINNER,1,127,North Melbourne (W),v Geelong (W),60,93.5,33.5,,,,1.1,,,1.1,,,,
2026-08-15 00:00:00.000 Z,Women's AFL/North Melbourne (W) v Geelong (W),35926573,COMBINED_TOTAL,261031122,Total Points,8435233,Under,74.5,LOSER,0,127,North Melbourne (W),v Geelong (W),60,93.5,33.5,1.01,,,1.01,,,1.01,,,,
2026-08-15 00:00:00.000 Z,Women's AFL/North Melbourne (W) v Geelong (W),35926573,COMBINED_TOTAL,261031122,Total Points,8435232,Over,74.5,WINNER,1,127,North Melbourne (W),v Geelong (W),60,93.5,33.5,1.11,,,1.11,,,1.11,,,,
2026-08-15 00:00:00.000 Z,Women's AFL/North Melbourne (W) v Geelong (W),35926573,COMBINED_TOTAL,261031122,Total Points,8435233,Under,75.5,LOSER,0,127,North Melbourne (W),v Geelong (W),60,93.5,33.5,1.01,,,1.01,,,1.01,,,,
2026-08-15 00:00:00.000 Z,Women's AFL/North Melbourne (W) v Geelong (W),35926573,COMBINED_TOTAL,261031122,Total Points,8435232,Over,75.5,WINNER,1,127,North Melbourne (W),v Geelong (W),60,93.5,33.5,,,,1.12,,,1.12,,,,
2026-08-15 00:00:00.000 Z,Women's AFL/North Melbourne (W) v Geelong (W),35926573,COMBINED_TOTAL,261031122,Total Points,8435233,Under,76.5,LOSER,0,127,North Melbourne (W),v Geelong (W),60,93.5,33.5,1.01,,,1.01,,,1.01,,,,
2026-08-15 00:00:00.000 Z,Women's AFL/North Melbourne (W) v Geelong (W),35926573,COMBINED_TOTAL,261031122,Total Points,8435232,Over,76.5,WINNER,1,127,North Melbourne (W),v Geelong (W),60,93.5,33.5,,,,1.14,,,1.14,,,,
2026-08-15 00:00:00.000 Z,Women's AFL/North Melbourne (W) v Geelong (W),35926573,COMBINED_TOTAL,261031122,Total Points,8435233,Under,77.5,LOSER,0,127,North Melbourne (W),v Geelong (W),60,93.5,33.5,1.01,,,1.01,,,1.01,,,,
2026-08-15 00:00:00.000 Z,Women's AFL/North Melbourne (W) v Geelong (W),35926573,COMBINED_TOTAL,261031122,Total Points,8435232,Over,77.5,WINNER,1,127,North Melbourne (W),v Geelong (W),60,93.5,33.5,1.16,,,1.16,,,1.16,,,,
2026-08-15 00:00:00.000 Z,Women's AFL/North Melbourne (W) v Geelong (W),35926573,COMBINED_TOTAL,261031122,Total Points,8435233,Under,78.5,LOSER,0,127,North Melbourne (W),v Geelong (W),60,93.5,33.5,1.01,,,1.01,,,1.01,,,,
2026-08-15 00:00:00.000 Z,Women's AFL/North Melbourne (W) v Geelong (W),35926573,COMBINED_TOTAL,261031122,Total Points,8435232,Over,78.5,WINNER,1,127,North Melbourne (W),v Geelong (W),60,93.5,33.5,,,,1.18,,,1.2,,,,
2026-08-15 00:00:00.000 Z,Women's AFL/North Melbourne (W) v Geelong (W),35926573,COMBINED_TOTAL,261031122,Total Points,8435233,Under,79.5,LOSER,0,127,North Melbourne (W),v Geelong (W),60,93.5,33.5,1.01,,,1.01,,,1.01,,,,
2026-08-15 00:00:00.000 Z,Women's AFL/North Melbourne (W) v Geelong (W),35926573,COMBINED_TOTAL,261031122,Total Points,8435232,Over,79.5,WINNER,1,127,North Melbourne (W),v Geelong (W),60,93.5,33.5,,,,1.2,,,1.2,,,,
2026-08-15 00:00:00.000 Z,Women's AFL/North Melbourne (W) v Geelong (W),35926573,COMBINED_TOTAL,261031122,Total Points,8435233,Under,80.5,LOSER,0,127,North Melbourne (W),v Geelong (W),60,93.5,33.5,1.01,,,1.01,,,1.01,,,,
2026-08-15 00:00:00.000 Z,Women's AFL/North Melbourne (W) v Geelong (W),35926573,COMBINED_TOTAL,261031122,Total Points,8435232,Over,80.5,WINNER,1,127,North Melbourne (W),v Geelong (W),60,93.5,33.5,1.22,,,1.22,,,1.22,,,,
2026-08-15 00:00:00.000 Z,Women's AFL/North Melbourne (W) v Geelong (W),35926573,COMBINED_TOTAL,261031122,Total Points,8435233,Under,81.5,LOSER,0,127,North Melbourne (W),v Geelong (W),60,93.5,33.5,1.01,,,1.01,,,1.01,,,,
2026-08-15 00:00:00.000 Z,Women's AFL/North Melbourne (W) v Geelong (W),35926573,COMBINED_TOTAL,261031122,Total Points,8435232,Over,81.5,WINNER,1,127,North Melbourne (W),v Geelong (W),60,93.5,33.5,,,,1.24,,,1.24,,,,
2026-08-15 00:00:00.000 Z,Women's AFL/North Melbourne (W) v Geelong (W),35926573,COMBINED_TOTAL,261031122,Total Points,8435233,Under,82.5,LOSER,0,127,North Melbourne (W),v Geelong (W),60,93.5,33.5,1.01,,,1.01,,,1.01,,,,
2026-08-15 00:00:00.000 Z,Women's AFL/North Melbourne (W) v Geelong (W),35926573,COMBINED_TOTAL,261031122,Total Points,8435232,Over,82.5,WINNER,1,127,North Melbourne (W),v Geelong (W),60,93.5,33.5,,,,1.26,,,1.26,,,,
2026-08-15 00:00:00.000 Z,Women's AFL/North Melbourne (W) v Geelong (W),35926573,COMBINED_TOTAL,261031122,Total Points,8435233,Under,83.5,LOSER,0,127,North Melbourne (W),v Geelong (W),60,93.5,33.5,1.01,,,1.01,,,1.01,,,,
2026-08-15 00:00:00.000 Z,Women's AFL/North Melbourne (W) v Geelong (W),35926573,COMBINED_TOTAL,261031122,Total Points,8435232,Over,83.5,WINNER,1,127,North Melbourne (W),v Geelong (W),60,93.5,33.5,1.29,,,1.29,,,1.29,,,,
2026-08-15 00:00:00.000 Z,Women's AFL/North Melbourne (W) v Geelong (W),35926573,COMBINED_TOTAL,261031122,Total Points,8435233,Under,84.5,LOSER,0,127,North Melbourne (W),v Geelong (W),60,93.5,33.5,1.01,,,1.01,,,1.01,,,,
2026-08-15 00:00:00.000 Z,Women's AFL/North Melbourne (W) v Geelong (W),35926573,COMBINED_TOTAL,261031122,Total Points,8435232,Over,84.5,WINNER,1,127,North Melbourne (W),v Geelong (W),60,93.5,33.5,,,,1.31,,,1.33,,,,
2026-08-15 00:00:00.000 Z,Women's AFL/North Melbourne (W) v Geelong (W),35926573,COMBINED_TOTAL,261031122,Total Points,8435233,Under,85.5,LOSER,0,127,North Melbourne (W),v Geelong (W),60,93.5,33.5,1.01,,,1.01,,,1.01,,,,
2026-08-15 00:00:00.000 Z,Women's AFL/North Melbourne (W) v Geelong (W),35926573,COMBINED_TOTAL,261031122,Total Points,8435232,Over,85.5,WINNER,1,127,North Melbourne (W),v Geelong (W),60,93.5,33.5,,,,1.33,,,1.33,,,,
2026-08-15 00:00:00.000 Z,Women's AFL/North Melbourne (W) v Geelong (W),35926573,COMBINED_TOTAL,261031122,Total Points,8435233,Under,86.5,LOSER,0,127,North Melbourne (W),v Geelong (W),60,93.5,33.5,1.01,,,1.01,,,1.01,,,,
2026-08-15 00:00:00.000 Z,Women's AFL/North Melbourne (W) v Geelong (W),35926573,COMBINED_TOTAL,261031122,Total Points,8435232,Over,86.5,WINNER,1,127,North Melbourne (W),v Geelong (W),60,93.5,33.5,1.36,,,1.36,,,1.36,,,,
2026-08-15 00:00:00.000 Z,Women's AFL/North Melbourne (W) v Geelong (W),35926573,COMBINED_TOTAL,261031122,Total Points,8435233,Under,87.5,LOSER,0,127,North Melbourne (W),v Geelong (W),60,93.5,33.5,1.01,,,1.01,,,1.01,,,,
2026-08-15 00:00:00.000 Z,Women's AFL/North Melbourne (W) v Geelong (W),35926573,COMBINED_TOTAL,261031122,Total Points,8435232,Over,87.5,WINNER,1,127,North Melbourne (W),v Geelong (W),60,93.5,33.5,,,,1.39,,,1.39,,,,
2026-08-15 00:00:00.000 Z,Women's AFL/North Melbourne (W) v Geelong (W),35926573,COMBINED_TOTAL,261031122,Total Points,8435233,Under,88.5,LOSER,0,127,North Melbourne (W),v Geelong (W),60,93.5,33.5,1.01,,,1.01,,,1.01,,,,
2026-08-15 00:00:00.000 Z,Women's AFL/North Melbourne (W) v Geelong (W),35926573,COMBINED_TOTAL,261031122,Total Points,8435232,Over,88.5,WINNER,1,127,North Melbourne (W),v Geelong (W),60,93.5,33.5,,,,1.43,,,1.43,,,,
2026-08-15 00:00:00.000 Z,Women's AFL/North Melbourne (W) v Geelong (W),35926573,COMBINED_TOTAL,261031122,Total Points,8435233,Under,89.5,LOSER,0,127,North Melbourne (W),v Geelong (W),60,93.5,33.5,1.01,,,1.01,,,1.01,,,,
2026-08-15 00:00:00.000 Z,Women's AFL/North Melbourne (W) v Geelong (W),35926573,COMBINED_TOTAL,261031122,Total Points,8435232,Over,89.5,WINNER,1,127,North Melbourne (W),v Geelong (W),60,93.5,33.5,1.47,,,1.47,,,1.47,,,,
2026-08-15 00:00:00.000 Z,Women's AFL/North Melbourne (W) v Geelong (W),35926573,COMBINED_TOTAL,261031122,Total Points,8435233,Under,90.5,LOSER,0,127,North Melbourne (W),v Geelong (W),60,93.5,33.5,1.01,,,1.01,,,1.01,,,,
2026-08-15 00:00:00.000 Z,Women's AFL/North Melbourne (W) v Geelong (W),35926573,COMBINED_TOTAL,261031122,Total Points,8435232,Over,90.5,WINNER,1,127,North Melbourne (W),v Geelong (W),60,93.5,33.5,,,,1.5,,,1.52,,,,
2026-08-15 00:00:00.000 Z,Women's AFL/North Melbourne (W) v Geelong (W),35926573,COMBINED_TOTAL,261031122,Total Points,8435233,Under,91.5,LOSER,0,127,North Melbourne (W),v Geelong (W),60,93.5,33.5,1.01,,,1.01,,,1.01,,,,
2026-08-15 00:00:00.000 Z,Women's AFL/North Melbourne (W) v Geelong (W),35926573,COMBINED_TOTAL,261031122,Total Points,8435232,Over,91.5,WINNER,1,127,North Melbourne (W),v Geelong (W),60,93.5,33.5,,,,1.54,,,1.54,,,,
2026-08-15 00:00:00.000 Z,Women's AFL/North Melbourne (W) v Geelong (W),35926573,COMBINED_TOTAL,261031122,Total Points,8435233,Under,92.5,LOSER,0,127,North Melbourne (W),v Geelong (W),60,93.5,33.5,1.01,,,1.01,,,1.01,,,,
2026-08-15 00:00:00.000 Z,Women's AFL/North Melbourne (W) v Geelong (W),35926573,COMBINED_TOTAL,261031122,Total Points,8435232,Over,92.5,WINNER,1,127,North Melbourne (W),v Geelong (W),60,93.5,33.5,1.58,,,1.58,,,1.58,,,,
2026-08-15 00:00:00.000 Z,Women's AFL/North Melbourne (W) v Geelong (W),35926573,COMBINED_TOTAL,261031122,Total Points,8435233,Under,93.5,LOSER,0,127,North Melbourne (W),v Geelong (W),60,93.5,33.5,2,,,1.64,,,1.64,,,,
2026-08-15 00:00:00.000 Z,Women's AFL/North Melbourne (W) v Geelong (W),35926573,COMBINED_TOTAL,261031122,Total Points,8435232,Over,93.5,WINNER,1,127,North Melbourne (W),v Geelong (W),60,93.5,33.5,1.59,,,1.59,,,1.59,,,,
2026-08-15 00:00:00.000 Z,Women's AFL/North Melbourne (W) v Geelong (W),35926573,COMBINED_TOTAL,261031122,Total Points,8435233,Under,94.5,LOSER,0,127,North Melbourne (W),v Geelong (W),60,93.5,33.5,,,,1.63,,,1.63,,,,
2026-08-15 00:00:00.000 Z,Women's AFL/North Melbourne (W) v Geelong (W),35926573,COMBINED_TOTAL,261031122,Total Points,8435232,Over,94.5,WINNER,1,127,North Melbourne (W),v Geelong (W),60,93.5,33.5,,1.94,,1.6,1.94,,1.6,1.94,,,
2026-08-15 00:00:00.000 Z,Women's AFL/North Melbourne (W) v Geelong (W),35926573,COMBINED_TOTAL,261031122,Total Points,8435233,Under,95.5,LOSER,0,127,North Melbourne (W),v Geelong (W),60,93.5,33.5,,,2.2,1.62,,2.2,1.62,,2.2,2.2,2
2026-08-15 00:00:00.000 Z,Women's AFL/North Melbourne (W) v Geelong (W),35926573,COMBINED_TOTAL,261031122,Total Points,8435232,Over,95.5,WINNER,1,127,North Melbourne (W),v Geelong (W),60,93.5,33.5,,1.98,,1.61,1.98,,1.81,1.98,,,
2026-08-15 00:00:00.000 Z,Women's AFL/North Melbourne (W) v Geelong (W),35926573,COMBINED_TOTAL,261031122,Total Points,8435233,Under,96.5,LOSER,0,127,North Melbourne (W),v Geelong (W),60,93.5,33.5,,,,1.61,,,1.61,,,,
2026-08-15 00:00:00.000 Z,Women's AFL/North Melbourne (W) v Geelong (W),35926573,COMBINED_TOTAL,261031122,Total Points,8435232,Over,96.5,WINNER,1,127,North Melbourne (W),v Geelong (W),60,93.5,33.5,,,,1.62,,,1.62,,,,
2026-08-15 00:00:00.000 Z,Women's AFL/North Melbourne (W) v Geelong (W),35926573,COMBINED_TOTAL,261031122,Total Points,8435233,Under,97.5,LOSER,0,127,North Melbourne (W),v Geelong (W),60,93.5,33.5,,,,1.6,,,1.6,,,,
2026-08-15 00:00:00.000 Z,Women's AFL/North Melbourne (W) v Geelong (W),35926573,COMBINED_TOTAL,261031122,Total Points,8435232,Over,97.5,WINNER,1,127,North Melbourne (W),v Geelong (W),60,93.5,33.5,2,,,1.63,,,1.63,,,,
2026-08-15 00:00:00.000 Z,Women's AFL/North Melbourne (W) v Geelong (W),35926573,COMBINED_TOTAL,261031122,Total Points,8435233,Under,98.5,LOSER,0,127,North Melbourne (W),v Geelong (W),60,93.5,33.5,1.59,,4,1.59,,4,1.59,,4,4,1.59
2026-08-15 00:00:00.000 Z,Women's AFL/North Melbourne (W) v Geelong (W),35926573,COMBINED_TOTAL,261031122,Total Points,8435232,Over,98.5,WINNER,1,127,North Melbourne (W),v Geelong (W),60,93.5,33.5,,,,1.64,,,1.64,,,,
2026-08-15 00:00:00.000 Z,Women's AFL/North Melbourne (W) v Geelong (W),35926573,COMBINED_TOTAL,261031122,Total Points,8435233,Under,99.5,LOSER,0,127,North Melbourne (W),v Geelong (W),60,93.5,33.5,,,,1.55,,,1.55,,,,
2026-08-15 00:00:00.000 Z,Women's AFL/North Melbourne (W) v Geelong (W),35926573,COMBINED_TOTAL,261031122,Total Points,8435232,Over,99.5,WINNER,1,127,North Melbourne (W),v Geelong (W),60,93.5,33.5,,,,,,,,,,,
2026-08-15 00:00:00.000 Z,Women's AFL/North Melbourne (W) v Geelong (W),35926573,COMBINED_TOTAL,261031122,Total Points,8435233,Under,100.5,LOSER,0,127,North Melbourne (W),v Geelong (W),60,93.5,33.5,,,,1.52,,,1.56,,,,
2026-08-15 00:00:00.000 Z,Women's AFL/North Melbourne (W) v Geelong (W),35926573,COMBINED_TOTAL,261031122,Total Points,8435232,Over,100.5,WINNER,1,127,North Melbourne (W),v Geelong (W),60,93.5,33.5,,,,,,,,,,,
2026-08-15 00:00:00.000 Z,Women's AFL/North Melbourne (W) v Geelong (W),35926573,COMBINED_TOTAL,261031122,Total Points,8435233,Under,101.5,LOSER,0,127,North Melbourne (W),v Geelong (W),60,93.5,33.5,1.49,,,1.49,,,1.49,,,,
2026-08-15 00:00:00.000 Z,Women's AFL/North Melbourne (W) v Geelong (W),35926573,COMBINED_TOTAL,261031122,Total Points,8435232,Over,101.5,WINNER,1,127,North Melbourne (W),v Geelong (W),60,93.5,33.5,,,,,,,,,,,
2026-08-15 00:00:00.000 Z,Women's AFL/North Melbourne (W) v Geelong (W),35926573,COMBINED_TOTAL,261031122,Total Points,8435233,Under,102.5,LOSER,0,127,North Melbourne (W),v Geelong (W),60,93.5,33.5,,,,1.45,,,1.45,,,,
2026-08-15 00:00:00.000 Z,Women's AFL/North Melbourne (W) v Geelong (W),35926573,COMBINED_TOTAL,261031122,Total Points,8435232,Over,102.5,WINNER,1,127,North Melbourne (W),v Geelong (W),60,93.5,33.5,,,,,,,,,,,
2026-08-15 00:00:00.000 Z,Women's AFL/North Melbourne (W) v Geelong (W),35926573,COMBINED_TOTAL,261031122,Total Points,8435233,Under,103.5,LOSER,0,127,North Melbourne (W),v Geelong (W),60,93.5,33.5,,,,1.41,,,1.41,,,,
2026-08-15 00:00:00.000 Z,Women's AFL/North Melbourne (W) v Geelong (W),35926573,COMBINED_TOTAL,261031122,Total Points,8435232,Over,103.5,WINNER,1,127,North Melbourne (W),v Geelong (W),60,93.5,33.5,,,,,,,,,,,
2026-08-15 00:00:00.000 Z,Women's AFL/North Melbourne (W) v Geelong (W),35926573,COMBINED_TOTAL,261031122,Total Points,8435233,Under,104.5,LOSER,0,127,North Melbourne (W),v Geelong (W),60,93.5,33.5,1.38,,,1.38,,,1.38,,,,
2026-08-15 00:00:00.000 Z,Women's AFL/North Melbourne (W) v Geelong (W),35926573,COMBINED_TOTAL,261031122,Total Points,8435232,Over,104.5,WINNER,1,127,North Melbourne (W),v Geelong (W),60,93.5,33.5,,,,,,,,,,,
2026-08-15 00:00:00.000 Z,Women's AFL/North Melbourne (W) v Geelong (W),35926573,COMBINED_TOTAL,261031122,Total Points,8435233,Under,105.5,LOSER,0,127,North Melbourne (W),v Geelong (W),60,93.5,33.5,,,,1.35,,,1.35,,,,
2026-08-15 00:00:00.000 Z,Women's AFL/North Melbourne (W) v Geelong (W),35926573,COMBINED_TOTAL,261031122,Total Points,8435232,Over,105.5,WINNER,1,127,North Melbourne (W),v Geelong (W),60,93.5,33.5,,,,,,,,,,,
2026-08-15 00:00:00.000 Z,Women's AFL/North Melbourne (W) v Geelong (W),35926573,COMBINED_TOTAL,261031122,Total Points,8435233,Under,106.5,LOSER,0,127,North Melbourne (W),v Geelong (W),60,93.5,33.5,,,,1.32,,,1.35,,,,
2026-08-15 00:00:00.000 Z,Women's AFL/North Melbourne (W) v Geelong (W),35926573,COMBINED_TOTAL,261031122,Total Points,8435232,Over,106.5,WINNER,1,127,North Melbourne (W),v Geelong (W),60,93.5,33.5,,,,,,,,,,,
2026-08-15 00:00:00.000 Z,Women's AFL/North Melbourne (W) v Geelong (W),35926573,COMBINED_TOTAL,261031122,Total Points,8435233,Under,107.5,LOSER,0,127,North Melbourne (W),v Geelong (W),60,93.5,33.5,1.3,,,1.3,,,1.3,,,,
2026-08-15 00:00:00.000 Z,Women's AFL/North Melbourne (W) v Geelong (W),35926573,COMBINED_TOTAL,261031122,Total Points,8435232,Over,107.5,WINNER,1,127,North Melbourne (W),v Geelong (W),60,93.5,33.5,,,,,,,,,,,
2026-08-15 00:00:00.000 Z,Women's AFL/North Melbourne (W) v Geelong (W),35926573,COMBINED_TOTAL,261031122,Total Points,8435233,Under,108.5,LOSER,0,127,North Melbourne (W),v Geelong (W),60,93.5,33.5,,,,1.27,,,1.27,,,,
2026-08-15 00:00:00.000 Z,Women's AFL/North Melbourne (W) v Geelong (W),35926573,COMBINED_TOTAL,261031122,Total Points,8435232,Over,108.5,WINNER,1,127,North Melbourne (W),v Geelong (W),60,93.5,33.5,,,,,,,,,,,
2026-08-15 00:00:00.000 Z,Women's AFL/North Melbourne (W) v Geelong (W),35926573,COMBINED_TOTAL,261031122,Total Points,8435233,Under,109.5,LOSER,0,127,North Melbourne (W),v Geelong (W),60,93.5,33.5,,,,1.24,,,1.24,,,,
2026-08-15 00:00:00.000 Z,Women's AFL/North Melbourne (W) v Geelong (W),35926573,COMBINED_TOTAL,261031122,Total Points,8435232,Over,109.5,WINNER,1,127,North Melbourne (W),v Geelong (W),60,93.5,33.5,,,,,,,,,,,
2026-08-15 00:00:00.000 Z,Women's AFL/North Melbourne (W) v Geelong (W),35926573,COMBINED_TOTAL,261031122,Total Points,8435233,Under,110.5,LOSER,0,127,North Melbourne (W),v Geelong (W),60,93.5,33.5,1.22,,,1.22,,,1.22,,,,
2026-08-15 00:00:00.000 Z,Women's AFL/North Melbourne (W) v Geelong (W),35926573,COMBINED_TOTAL,261031122,Total Points,8435232,Over,110.5,WINNER,1,127,North Melbourne (W),v Geelong (W),60,93.5,33.5,,,,,,,,,,,
2026-08-15 00:00:00.000 Z,Women's AFL/North Melbourne (W) v Geelong (W),35926573,COMBINED_TOTAL,261031122,Total Points,8435233,Under,111.5,LOSER,0,127,North Melbourne (W),v Geelong (W),60,93.5,33.5,,,,1.2,,,1.2,,,,
2026-08-15 00:00:00.000 Z,Women's AFL/North Melbourne (W) v Geelong (W),35926573,COMBINED_TOTAL,261031122,Total Points,8435232,Over,111.5,WINNER,1,127,North Melbourne (W),v Geelong (W),60,93.5,33.5,,,,,,,,,,,
2026-08-15 00:00:00.000 Z,Women's AFL/North Melbourne (W) v Geelong (W),35926573,COMBINED_TOTAL,261031122,Total Points,8435233,Under,112.5,LOSER,0,127,North Melbourne (W),v Geelong (W),60,93.5,33.5,,,,1.18,,,1.2,,,,
2026-08-15 00:00:00.000 Z,Women's AFL/North Melbourne (W) v Geelong (W),35926573,COMBINED_TOTAL,261031122,Total Points,8435232,Over,112.5,WINNER,1,127,North Melbourne (W),v Geelong (W),60,93.5,33.5,,,,,,,,,,,
2026-08-15 00:00:00.000 Z,Women's AFL/North Melbourne (W) v Geelong (W),35926573,COMBINED_TOTAL,261031122,Total Points,8435233,Under,113.5,LOSER,0,127,North Melbourne (W),v Geelong (W),60,93.5,33.5,1.17,,,1.17,,,1.17,,,,
2026-08-15 00:00:00.000 Z,Women's AFL/North Melbourne (W) v Geelong (W),35926573,COMBINED_TOTAL,261031122,Total Points,8435232,Over,113.5,WINNER,1,127,North Melbourne (W),v Geelong (W),60,93.5,33.5,,,,,,,,,,,
2026-08-15 00:00:00.000 Z,Women's AFL/North Melbourne (W) v Geelong (W),35926573,COMBINED_TOTAL,261031122,Total Points,8435233,Under,114.5,LOSER,0,127,North Melbourne (W),v Geelong (W),60,93.5,33.5,,,,1.15,,,1.15,,,,
2026-08-15 00:00:00.000 Z,Women's AFL/North Melbourne (W) v Geelong (W),35926573,COMBINED_TOTAL,261031122,Total Points,8435232,Over,114.5,WINNER,1,127,North Melbourne (W),v Geelong (W),60,93.5,33.5,,,,,,,,,,,
2026-08-15 00:00:00.000 Z,Women's AFL/North Melbourne (W) v Geelong (W),35926573,COMBINED_TOTAL,261031122,Total Points,8435233,Under,115.5,LOSER,0,127,North Melbourne (W),v Geelong (W),60,93.5,33.5,,,,1.13,,,1.13,,,,
2026-08-15 00:00:00.000 Z,Women's AFL/North Melbourne (W) v Geelong (W),35926573,COMBINED_TOTAL,261031122,Total Points,8435232,Over,115.5,WINNER,1,127,North Melbourne (W),v Geelong (W),60,93.5,33.5,,,,,,,,,,,
2026-08-15 00:00:00.000 Z,Women's AFL/North Melbourne (W) v Geelong (W),35926573,COMBINED_TOTAL,261031122,Total Points,8435233,Under,116.5,LOSER,0,127,North Melbourne (W),v Geelong (W),60,93.5,33.5,1.12,,,1.12,,,1.12,,,,
2026-08-15 00:00:00.000 Z,Women's AFL/North Melbourne (W) v Geelong (W),35926573,COMBINED_TOTAL,261031122,Total Points,8435232,Over,116.5,WINNER,1,127,North Melbourne (W),v Geelong (W),60,93.5,33.5,,,,,,,,,,,
2026-08-15 00:00:00.000 Z,Women's AFL/North Melbourne (W) v Geelong (W),35926573,COMBINED_TOTAL,261031122,Total Points,8435233,Under,117.5,LOSER,0,127,North Melbourne (W),v Geelong (W),60,93.5,33.5,,,,1.11,,,1.11,,,,
2026-08-15 00:00:00.000 Z,Women's AFL/North Melbourne (W) v Geelong (W),35926573,COMBINED_TOTAL,261031122,Total Points,8435232,Over,117.5,WINNER,1,127,North Melbourne (W),v Geelong (W),60,93.5,33.5,,,,,,,,,,,
2026-08-15 00:00:00.000 Z,Women's AFL/North Melbourne (W) v Geelong (W),35926573,COMBINED_TOTAL,261031122,Total Points,8435233,Under,118.5,LOSER,0,127,North Melbourne (W),v Geelong (W),60,93.5,33.5,,,,1.1,,,1.1,,,,
2026-08-15 00:00:00.000 Z,Women's AFL/North Melbourne (W) v Geelong (W),35926573,COMBINED_TOTAL,261031122,Total Points,8435232,Over,118.5,WINNER,1,127,North Melbourne (W),v Geelong (W),60,93.5,33.5,,,,,,,,,,,
2026-08-15 00:00:00.000 Z,Women's AFL/North Melbourne (W) v Geelong (W),35926573,COMBINED_TOTAL,261031122,Total Points,8435233,Under,119.5,LOSER,0,127,North Melbourne (W),v Geelong (W),60,93.5,33.5,1.09,,,1.09,,,1.09,,,,
2026-08-15 00:00:00.000 Z,Women's AFL/North Melbourne (W) v Geelong (W),35926573,COMBINED_TOTAL,261031122,Total Points,8435232,Over,119.5,WINNER,1,127,North Melbourne (W),v Geelong (W),60,93.5,33.5,,,,,,,,,,,
2026-08-15 00:00:00.000 Z,Women's AFL/North Melbourne (W) v Geelong (W),35926573,COMBINED_TOTAL,261031122,Total Points,8435233,Under,120.5,LOSER,0,127,North Melbourne (W),v Geelong (W),60,93.5,33.5,,,,1.08,,,1.08,,,,
2026-08-15 00:00:00.000 Z,Women's AFL/North Melbourne (W) v Geelong (W),35926573,COMBINED_TOTAL,261031122,Total Points,8435232,Over,120.5,WINNER,1,127,North Melbourne (W),v Geelong (W),60,93.5,33.5,,,,,,,,,,,
2026-08-15 00:00:00.000 Z,Women's AFL/North Melbourne (W) v Geelong (W),35926573,COMBINED_TOTAL,261031122,Total Points,8435233,Under,121.5,LOSER,0,127,North Melbourne (W),v Geelong (W),60,93.5,33.5,,,,1.07,,,1.07,,,,
2026-08-15 00:00:00.000 Z,Women's AFL/North Melbourne (W) v Geelong (W),35926573,COMBINED_TOTAL,261031122,Total Points,8435232,Over,121.5,WINNER,1,127,North Melbourne (W),v Geelong (W),60,93.5,33.5,,,,,,,,,,,
2026-08-15 00:00:00.000 Z,Women's AFL/North Melbourne (W) v Geelong (W),35926573,COMBINED_TOTAL,261031122,Total Points,8435233,Under,122.5,LOSER,0,127,North Melbourne (W),v Geelong (W),60,93.5,33.5,1.06,,,1.06,,,1.06,,,,
2026-08-15 00:00:00.000 Z,Women's AFL/North Melbourne (W) v Geelong (W),35926573,COMBINED_TOTAL,261031122,Total Points,8435232,Over,122.5,WINNER,1,127,North Melbourne (W),v Geelong (W),60,93.5,33.5,,,,,,,,,,,
2026-08-15 00:00:00.000 Z,Women's AFL/North Melbourne (W) v Geelong (W),35926573,COMBINED_TOTAL,261031122,Total Points,8435233,Under,123.5,LOSER,0,127,North Melbourne (W),v Geelong (W),60,93.5,33.5,,,,1.05,,,1.05,,,,
2026-08-15 00:00:00.000 Z,Women's AFL/North Melbourne (W) v Geelong (W),35926573,COMBINED_TOTAL,261031122,Total Points,8435232,Over,123.5,WINNER,1,127,North Melbourne (W),v Geelong (W),60,93.5,33.5,,,,,,,,,,,
2026-08-15 00:00:00.000 Z,Women's AFL/North Melbourne (W) v Geelong (W),35926573,COMBINED_TOTAL,261031122,Total Points,8435233,Under,124.5,LOSER,0,127,North Melbourne (W),v Geelong (W),60,93.5,33.5,,,,1.04,,,1.04,,,,
2026-08-15 00:00:00.000 Z,Women's AFL/North Melbourne (W) v Geelong (W),35926573,COMBINED_TOTAL,261031122,Total Points,8435232,Over,124.5,WINNER,1,127,North Melbourne (W),v Geelong (W),60,93.5,33.5,,,,,,,,,,,
2026-08-15 00:00:00.000 Z,Women's AFL/North Melbourne (W) v Geelong (W),35926573,COMBINED_TOTAL,261031122,Total Points,8435233,Under,125.5,LOSER,0,127,North Melbourne (W),v Geelong (W),60,93.5,33.5,1.03,,,1.03,,,1.03,,,,
2026-08-15 00:00:00.000 Z,Women's AFL/North Melbourne (W) v Geelong (W),35926573,COMBINED_TOTAL,261031122,Total Points,8435232,Over,125.5,WINNER,1,127,North Melbourne (W),v Geelong (W),60,93.5,33.5,,,,,,,,,,,
2026-08-15 00:00:00.000 Z,Women's AFL/North Melbourne (W) v Geelong (W),35926573,COMBINED_TOTAL,261031122,Total Points,8435233,Under,126.5,LOSER,0,127,North Melbourne (W),v Geelong (W),60,93.5,33.5,,,,1.02,,,1.02,,,,
2026-08-15 00:00:00.000 Z,Women's AFL/North Melbourne (W) v Geelong (W),35926573,COMBINED_TOTAL,261031122,Total Points,8435232,Over,126.5,WINNER,1,127,North Melbourne (W),v Geelong (W),60,93.5,33.5,,,,,,,,,,,
2026-08-15 00:00:00.000 Z,Women's AFL/North Melbourne (W) v Geelong (W),35926573,COMBINED_TOTAL,261031122,Total Points,8435232,Over,127.5,LOSER,0,127,North Melbourne (W),v Geelong (W),60,93.5,33.5,,,,,,,,,,,
2026-08-15 00:00:00.000 Z,Women's AFL/North Melbourne (W) v Geelong (W),35926573,COMBINED_TOTAL,261031122,Total Points,8435233,Under,127.5,WINNER,1,127,North Melbourne (W),v Geelong (W),60,93.5,33.5,,,,1.01,,,1.01,,,,
2026-08-15 00:00:00.000 Z,Women's AFL/North Melbourne (W) v Geelong (W),35926573,COMBINED_TOTAL,261031122,Total Points,8435232,Over,128.5,LOSER,0,127,North Melbourne (W),v Geelong (W),60,93.5,33.5,,,,,,,,,,,
2026-08-15 00:00:00.000 Z,Women's AFL/North Melbourne (W) v Geelong (W),35926573,COMBINED_TOTAL,261031122,Total Points,8435233,Under,128.5,WINNER,1,127,North Melbourne (W),v Geelong (W),60,93.5,33.5,,,,,,,,,,,
2026-08-15 00:00:00.000 Z,Women's AFL/North Melbourne (W) v Geelong (W),35926573,COMBINED_TOTAL,261031122,Total Points,8435232,Over,129.5,LOSER,0,127,North Melbourne (W),v Geelong (W),60,93.5,33.5,,,,,,,,,,,
2026-08-15 00:00:00.000 Z,Women's AFL/North Melbourne (W) v Geelong (W),35926573,COMBINED_TOTAL,261031122,Total Points,8435233,Under,129.5,WINNER,1,127,North Melbourne (W),v Geelong (W),60,93.5,33.5,,,,,,,,,,,
2026-08-15 00:00:00.000 Z,Women's AFL/North Melbourne (W) v Geelong (W),35926573,COMBINED_TOTAL,261031122,Total Points,8435232,Over,130.5,LOSER,0,127,North Melbourne (W),v Geelong (W),60,93.5,33.5,,,,,,,,,,,
2026-08-15 00:00:00.000 Z,Women's AFL/North Melbourne (W) v Geelong (W),35926573,COMBINED_TOTAL,261031122,Total Points,8435233,Under,130.5,WINNER,1,127,North Melbourne (W),v Geelong (W),60,93.5,33.5,,,,,,,,,,,
2026-08-15 00:00:00.000 Z,Women's AFL/North Melbourne (W) v Geelong (W),35926573,COMBINED_TOTAL,261031122,Total Points,8435232,Over,131.5,LOSER,0,127,North Melbourne (W),v Geelong (W),60,93.5,33.5,,,,,,,,,,,
2026-08-15 00:00:00.000 Z,Women's AFL/North Melbourne (W) v Geelong (W),35926573,COMBINED_TOTAL,261031122,Total Points,8435233,Under,131.5,WINNER,1,127,North Melbourne (W),v Geelong (W),60,93.5,33.5,,,,,,,,,,,
2026-08-15 00:00:00.000 Z,Women's AFL/North Melbourne (W) v Geelong (W),35926573,COMBINED_TOTAL,261031122,Total Points,8435232,Over,132.5,LOSER,0,127,North Melbourne (W),v Geelong (W),60,93.5,33.5,,,,,,,,,,,
2026-08-15 00:00:00.000 Z,Women's AFL/North Melbourne (W) v Geelong (W),35926573,COMBINED_TOTAL,261031122,Total Points,8435233,Under,132.5,WINNER,1,127,North Melbourne (W),v Geelong (W),60,93.5,33.5,,,,,,,,,,,
2026-08-15 00:00:00.000 Z,Women's AFL/North Melbourne (W) v Geelong (W),35926573,COMBINED_TOTAL,261031122,Total Points,8435232,Over,133.5,LOSER,0,127,North Melbourne (W),v Geelong (W),60,93.5,33.5,,,,,,,,,,,
2026-08-15 00:00:00.000 Z,Women's AFL/North Melbourne (W) v Geelong (W),35926573,COMBINED_TOTAL,261031122,Total Points,8435233,Under,133.5,WINNER,1,127,North Melbourne (W),v Geelong (W),60,93.5,33.5,,,,,,,,,,,
2026-08-15 00:00:00.000 Z,Women's AFL/North Melbourne (W) v Geelong (W),35926573,COMBINED_TOTAL,261031122,Total Points,8435232,Over,134.5,LOSER,0,127,North Melbourne (W),v Geelong (W),60,93.5,33.5,,,,,,,,,,,
2026-08-15 00:00:00.000 Z,Women's AFL/North Melbourne (W) v Geelong (W),35926573,COMBINED_TOTAL,261031122,Total Points,8435233,Under,134.5,WINNER,1,127,North Melbourne (W),v Geelong (W),60,93.5,33.5,,,,,,,,,,,
2026-08-15 00:00:00.000 Z,Women's AFL/North Melbourne (W) v Geelong (W),35926573,COMBINED_TOTAL,261031122,Total Points,8435232,Over,135.5,LOSER,0,127,North Melbourne (W),v Geelong (W),60,93.5,33.5,,,,,,,,,,,
2026-08-15 00:00:00.000 Z,Women's AFL/North Melbourne (W) v Geelong (W),35926573,COMBINED_TOTAL,261031122,Total Points,8435233,Under,135.5,WINNER,1,127,North Melbourne (W),v Geelong (W),60,93.5,33.5,,,,,,,,,,,
2026-08-15 00:00:00.000 Z,Women's AFL/North Melbourne (W) v Geelong (W),35926573,COMBINED_TOTAL,261031122,Total Points,8435232,Over,136.5,LOSER,0,127,North Melbourne (W),v Geelong (W),60,93.5,33.5,,,,,,,,,,,
2026-08-15 00:00:00.000 Z,Women's AFL/North Melbourne (W) v Geelong (W),35926573,COMBINED_TOTAL,261031122,Total Points,8435233,Under,136.5,WINNER,1,127,North Melbourne (W),v Geelong (W),60,93.5,33.5,,,,,,,,,,,
2026-08-15 00:00:00.000 Z,Women's AFL/North Melbourne (W) v Geelong (W),35926573,COMBINED_TOTAL,261031122,Total Points,8435232,Over,137.5,LOSER,0,127,North Melbourne (W),v Geelong (W),60,93.5,33.5,,,,,,,,,,,
2026-08-15 00:00:00.000 Z,Women's AFL/North Melbourne (W) v Geelong (W),35926573,COMBINED_TOTAL,261031122,Total Points,8435233,Under,137.5,WINNER,1,127,North Melbourne (W),v Geelong (W),60,93.5,33.5,,,,,,,,,,,
2026-08-15 00:00:00.000 Z,Women's AFL/North Melbourne (W) v Geelong (W),35926573,COMBINED_TOTAL,261031122,Total Points,8435232,Over,138.5,LOSER,0,127,North Melbourne (W),v Geelong (W),60,93.5,33.5,,,,,,,,,,,
2026-08-15 00:00:00.000 Z,Women's AFL/North Melbourne (W) v Geelong (W),35926573,COMBINED_TOTAL,261031122,Total Points,8435233,Under,138.5,WINNER,1,127,North Melbourne (W),v Geelong (W),60,93.5,33.5,,,,,,,,,,,
2026-08-15 00:00:00.000 Z,Women's AFL/North Melbourne (W) v Geelong (W),35926573,COMBINED_TOTAL,261031122,Total Points,8435232,Over,139.5,LOSER,0,127,North Melbourne (W),v Geelong (W),60,93.5,33.5,,,,,,,,,,,
2026-08-15 00:00:00.000 Z,Women's AFL/North Melbourne (W) v Geelong (W),35926573,COMBINED_TOTAL,261031122,Total Points,8435233,Under,139.5,WINNER,1,127,North Melbourne (W),v Geelong (W),60,93.5,33.5,,,,,,,,,,,
2026-08-15 00:00:00.000 Z,Women's AFL/North Melbourne (W) v Geelong (W),35926573,COMBINED_TOTAL,261031122,Total Points,8435232,Over,140.5,LOSER,0,127,North Melbourne (W),v Geelong (W),60,93.5,33.5,,,,,,,,,,,
2026-08-15 00:00:00.000 Z,Women's AFL/North Melbourne (W) v Geelong (W),35926573,COMBINED_TOTAL,261031122,Total Points,8435233,Under,140.5,WINNER,1,127,North Melbourne (W),v Geelong (W),60,93.5,33.5,,,,,,,,,,,
2026-08-15 00:00:00.000 Z,Women's AFL/Richmond (W) v Collingwood (W),35926576,HANDICAP,261031245,Handicap,26814173,Richmond (W),-59.5,LOSER,0,74,Richmond (W),v Collingwood (W),18,46,28,1.01,,,1.01,,,1.01,,,,
2026-08-15 00:00:00.000 Z,Women's AFL/Richmond (W) v Collingwood (W),35926576,HANDICAP,261031245,Handicap,12443130,Collingwood (W),-59.5,LOSER,0,74,Richmond (W),v Collingwood (W),18,46,28,1.01,,,1.01,,,1.01,,,,
2026-08-15 00:00:00.000 Z,Women's AFL/Richmond (W) v Collingwood (W),35926576,HANDICAP,261031245,Handicap,12443130,Collingwood (W),-58.5,LOSER,0,74,Richmond (W),v Collingwood (W),18,46,28,1.01,,,1.01,,,1.01,,,,
2026-08-15 00:00:00.000 Z,Women's AFL/Richmond (W) v Collingwood (W),35926576,HANDICAP,261031245,Handicap,26814173,Richmond (W),-58.5,LOSER,0,74,Richmond (W),v Collingwood (W),18,46,28,1.01,,,1.01,,,1.01,,,,
2026-08-15 00:00:00.000 Z,Women's AFL/Richmond (W) v Collingwood (W),35926576,HANDICAP,261031245,Handicap,12443130,Collingwood (W),-57.5,LOSER,0,74,Richmond (W),v Collingwood (W),18,46,28,1.01,,,1.01,,,1.01,,,,
2026-08-15 00:00:00.000 Z,Women's AFL/Richmond (W) v Collingwood (W),35926576,HANDICAP,261031245,Handicap,26814173,Richmond (W),-57.5,LOSER,0,74,Richmond (W),v Collingwood (W),18,46,28,1.01,,,1.01,,,1.01,,,,
2026-08-15 00:00:00.000 Z,Women's AFL/Richmond (W) v Collingwood (W),35926576,HANDICAP,261031245,Handicap,26814173,Richmond (W),-56.5,LOSER,0,74,Richmond (W),v Collingwood (W),18,46,28,1.01,,,1.01,,,1.01,,,,
2026-08-15 00:00:00.000 Z,Women's AFL/Richmond (W) v Collingwood (W),35926576,HANDICAP,261031245,Handicap,12443130,Collingwood (W),-56.5,LOSER,0,74,Richmond (W),v Collingwood (W),18,46,28,1.01,,,1.01,,,1.01,,,,
2026-08-15 00:00:00.000 Z,Women's AFL/Richmond (W) v Collingwood (W),35926576,HANDICAP,261031245,Handicap,12443130,Collingwood (W),-55.5,LOSER,0,74,Richmond (W),v Collingwood (W),18,46,28,1.01,,,1.01,,,1.01,,,,
2026-08-15 00:00:00.000 Z,Women's AFL/Richmond (W) v Collingwood (W),35926576,HANDICAP,261031245,Handicap,26814173,Richmond (W),-55.5,LOSER,0,74,Richmond (W),v Collingwood (W),18,46,28,1.01,,,1.01,,,1.01,,,,
2026-08-15 00:00:00.000 Z,Women's AFL/Richmond (W) v Collingwood (W),35926576,HANDICAP,261031245,Handicap,12443130,Collingwood (W),-54.5,LOSER,0,74,Richmond (W),v Collingwood (W),18,46,28,1.01,,,1.01,,,1.01,,,,
2026-08-15 00:00:00.000 Z,Women's AFL/Richmond (W) v Collingwood (W),35926576,HANDICAP,261031245,Handicap,26814173,Richmond (W),-54.5,LOSER,0,74,Richmond (W),v Collingwood (W),18,46,28,1.01,,,1.01,,,1.01,,,,
2026-08-15 00:00:00.000 Z,Women's AFL/Richmond (W) v Collingwood (W),35926576,HANDICAP,261031245,Handicap,26814173,Richmond (W),-53.5,LOSER,0,74,Richmond (W),v Collingwood (W),18,46,28,1.01,,,1.01,,,1.01,,,,
2026-08-15 00:00:00.000 Z,Women's AFL/Richmond (W) v Collingwood (W),35926576,HANDICAP,261031245,Handicap,12443130,Collingwood (W),-53.5,LOSER,0,74,Richmond (W),v Collingwood (W),18,46,28,1.01,,,1.01,,,1.01,,,,
2026-08-15 00:00:00.000 Z,Women's AFL/Richmond (W) v Collingwood (W),35926576,HANDICAP,261031245,Handicap,12443130,Collingwood (W),-52.5,LOSER,0,74,Richmond (W),v Collingwood (W),18,46,28,1.01,,,1.01,,,1.01,,,,
2026-08-15 00:00:00.000 Z,Women's AFL/Richmond (W) v Collingwood (W),35926576,HANDICAP,261031245,Handicap,26814173,Richmond (W),-52.5,LOSER,0,74,Richmond (W),v Collingwood (W),18,46,28,1.01,,,1.01,,,1.01,,,,
2026-08-15 00:00:00.000 Z,Women's AFL/Richmond (W) v Collingwood (W),35926576,HANDICAP,261031245,Handicap,26814173,Richmond (W),-51.5,LOSER,0,74,Richmond (W),v Collingwood (W),18,46,28,1.01,,,1.01,,,1.01,,,,
2026-08-15 00:00:00.000 Z,Women's AFL/Richmond (W) v Collingwood (W),35926576,HANDICAP,261031245,Handicap,12443130,Collingwood (W),-51.5,LOSER,0,74,Richmond (W),v Collingwood (W),18,46,28,1.01,,,1.01,,,1.01,,,,
2026-08-15 00:00:00.000 Z,Women's AFL/Richmond (W) v Collingwood (W),35926576,HANDICAP,261031245,Handicap,12443130,Collingwood (W),-50.5,LOSER,0,74,Richmond (W),v Collingwood (W),18,46,28,,,,,,,,,,,
2026-08-15 00:00:00.000 Z,Women's AFL/Richmond (W) v Collingwood (W),35926576,HANDICAP,261031245,Handicap,26814173,Richmond (W),-50.5,LOSER,0,74,Richmond (W),v Collingwood (W),18,46,28,1.01,,,1.01,,,1.01,,,,
2026-08-15 00:00:00.000 Z,Women's AFL/Richmond (W) v Collingwood (W),35926576,HANDICAP,261031245,Handicap,26814173,Richmond (W),-49.5,LOSER,0,74,Richmond (W),v Collingwood (W),18,46,28,1.01,,,1.01,,,1.01,,,,
2026-08-15 00:00:00.000 Z,Women's AFL/Richmond (W) v Collingwood (W),35926576,HANDICAP,261031245,Handicap,12443130,Collingwood (W),-49.5,LOSER,0,74,Richmond (W),v Collingwood (W),18,46,28,1.01,,,1.01,,,1.01,,,,
2026-08-15 00:00:00.000 Z,Women's AFL/Richmond (W) v Collingwood (W),35926576,HANDICAP,261031245,Handicap,12443130,Collingwood (W),-48.5,LOSER,0,74,Richmond (W),v Collingwood (W),18,46,28,1.01,,,1.01,,,1.01,,,,
2026-08-15 00:00:00.000 Z,Women's AFL/Richmond (W) v Collingwood (W),35926576,HANDICAP,261031245,Handicap,26814173,Richmond (W),-48.5,LOSER,0,74,Richmond (W),v Collingwood (W),18,46,28,1.01,,,1.01,,,1.01,,,,
2026-08-15 00:00:00.000 Z,Women's AFL/Richmond (W) v Collingwood (W),35926576,HANDICAP,261031245,Handicap,26814173,Richmond (W),-47.5,LOSER,0,74,Richmond (W),v Collingwood (W),18,46,28,1.01,,,1.01,,,1.01,,,,
2026-08-15 00:00:00.000 Z,Women's AFL/Richmond (W) v Collingwood (W),35926576,HANDICAP,261031245,Handicap,12443130,Collingwood (W),-47.5,LOSER,0,74,Richmond (W),v Collingwood (W),18,46,28,1.01,,,1.01,,,1.01,,,,
2026-08-15 00:00:00.000 Z,Women's AFL/Richmond (W) v Collingwood (W),35926576,HANDICAP,261031245,Handicap,12443130,Collingwood (W),-46.5,LOSER,0,74,Richmond (W),v Collingwood (W),18,46,28,1.01,,,1.01,,,1.01,,,,
2026-08-15 00:00:00.000 Z,Women's AFL/Richmond (W) v Collingwood (W),35926576,HANDICAP,261031245,Handicap,26814173,Richmond (W),-46.5,LOSER,0,74,Richmond (W),v Collingwood (W),18,46,28,1.01,,,1.01,,,1.01,,,,
2026-08-15 00:00:00.000 Z,Women's AFL/Richmond (W) v Collingwood (W),35926576,HANDICAP,261031245,Handicap,12443130,Collingwood (W),-45.5,LOSER,0,74,Richmond (W),v Collingwood (W),18,46,28,1.01,,,1.01,,,1.01,,,,
2026-08-15 00:00:00.000 Z,Women's AFL/Richmond (W) v Collingwood (W),35926576,HANDICAP,261031245,Handicap,26814173,Richmond (W),-45.5,LOSER,0,74,Richmond (W),v Collingwood (W),18,46,28,1.01,,,1.01,,,1.01,,,,
2026-08-15 00:00:00.000 Z,Women's AFL/Richmond (W) v Collingwood (W),35926576,HANDICAP,261031245,Handicap,12443130,Collingwood (W),-44.5,LOSER,0,74,Richmond (W),v Collingwood (W),18,46,28,1.01,,,1.01,,,1.01,,,,
2026-08-15 00:00:00.000 Z,Women's AFL/Richmond (W) v Collingwood (W),35926576,HANDICAP,261031245,Handicap,26814173,Richmond (W),-44.5,LOSER,0,74,Richmond (W),v Collingwood (W),18,46,28,1.01,,,1.01,,,1.01,,,,
2026-08-15 00:00:00.000 Z,Women's AFL/Richmond (W) v Collingwood (W),35926576,HANDICAP,261031245,Handicap,12443130,Collingwood (W),-43.5,LOSER,0,74,Richmond (W),v Collingwood (W),18,46,28,1.01,,,1.01,,,1.01,,,,
2026-08-15 00:00:00.000 Z,Women's AFL/Richmond (W) v Collingwood (W),35926576,HANDICAP,261031245,Handicap,26814173,Richmond (W),-43.5,LOSER,0,74,Richmond (W),v Collingwood (W),18,46,28,1.01,,,1.01,,,1.01,,,,
2026-08-15 00:00:00.000 Z,Women's AFL/Richmond (W) v Collingwood (W),35926576,HANDICAP,261031245,Handicap,26814173,Richmond (W),-42.5,LOSER,0,74,Richmond (W),v Collingwood (W),18,46,28,1.01,,,1.01,,,1.01,,,,
2026-08-15 00:00:00.000 Z,Women's AFL/Richmond (W) v Collingwood (W),35926576,HANDICAP,261031245,Handicap,12443130,Collingwood (W),-42.5,LOSER,0,74,Richmond (W),v Collingwood (W),18,46,28,1.01,,,1.01,,,1.01,,,,
2026-08-15 00:00:00.000 Z,Women's AFL/Richmond (W) v Collingwood (W),35926576,HANDICAP,261031245,Handicap,26814173,Richmond (W),-41.5,LOSER,0,74,Richmond (W),v Collingwood (W),18,46,28,1.01,,,1.01,,,1.01,,,,
2026-08-15 00:00:00.000 Z,Women's AFL/Richmond (W) v Collingwood (W),35926576,HANDICAP,261031245,Handicap,12443130,Collingwood (W),-41.5,LOSER,0,74,Richmond (W),v Collingwood (W),18,46,28,1.01,,,1.01,,,1.01,,,,
2026-08-15 00:00:00.000 Z,Women's AFL/Richmond (W) v Collingwood (W),35926576,HANDICAP,261031245,Handicap,26814173,Richmond (W),-40.5,LOSER,0,74,Richmond (W),v Collingwood (W),18,46,28,1.01,,,1.01,,,1.01,,,,
2026-08-15 00:00:00.000 Z,Women's AFL/Richmond (W) v Collingwood (W),35926576,HANDICAP,261031245,Handicap,12443130,Collingwood (W),-40.5,LOSER,0,74,Richmond (W),v Collingwood (W),18,46,28,1.01,,,1.01,,,1.01,,,,
2026-08-15 00:00:00.000 Z,Women's AFL/Richmond (W) v Collingwood (W),35926576,HANDICAP,261031245,Handicap,26814173,Richmond (W),-39.5,LOSER,0,74,Richmond (W),v Collingwood (W),18,46,28,1.01,,,1.01,,,1.01,,,,
2026-08-15 00:00:00.000 Z,Women's AFL/Richmond (W) v Collingwood (W),35926576,HANDICAP,261031245,Handicap,12443130,Collingwood (W),-39.5,LOSER,0,74,Richmond (W),v Collingwood (W),18,46,28,1.01,,,1.01,,,1.01,,,,
2026-08-15 00:00:00.000 Z,Women's AFL/Richmond (W) v Collingwood (W),35926576,HANDICAP,261031245,Handicap,12443130,Collingwood (W),-38.5,LOSER,0,74,Richmond (W),v Collingwood (W),18,46,28,1.01,,,1.01,,,1.01,,,,
2026-08-15 00:00:00.000 Z,Women's AFL/Richmond (W) v Collingwood (W),35926576,HANDICAP,261031245,Handicap,26814173,Richmond (W),-38.5,LOSER,0,74,Richmond (W),v Collingwood (W),18,46,28,1.01,,,1.01,,,1.01,,,,
2026-08-15 00:00:00.000 Z,Women's AFL/Richmond (W) v Collingwood (W),35926576,HANDICAP,261031245,Handicap,26814173,Richmond (W),-37.5,LOSER,0,74,Richmond (W),v Collingwood (W),18,46,28,1.01,,,1.01,,,1.01,,,,
2026-08-15 00:00:00.000 Z,Women's AFL/Richmond (W) v Collingwood (W),35926576,HANDICAP,261031245,Handicap,12443130,Collingwood (W),-37.5,LOSER,0,74,Richmond (W),v Collingwood (W),18,46,28,1.01,,,1.01,,,1.01,,,,
2026-08-15 00:00:00.000 Z,Women's AFL/Richmond (W) v Collingwood (W),35926576,HANDICAP,261031245,Handicap,26814173,Richmond (W),-36.5,LOSER,0,74,Richmond (W),v Collingwood (W),18,46,28,1.01,,,1.01,,,1.01,,,,
2026-08-15 00:00:00.000 Z,Women's AFL/Richmond (W) v Collingwood (W),35926576,HANDICAP,261031245,Handicap,12443130,Collingwood (W),-36.5,LOSER,0,74,Richmond (W),v Collingwood (W),18,46,28,1.01,,,1.01,,,1.01,,,,
2026-08-15 00:00:00.000 Z,Women's AFL/Richmond (W) v Collingwood (W),35926576,HANDICAP,261031245,Handicap,26814173,Richmond (W),-35.5,LOSER,0,74,Richmond (W),v Collingwood (W),18,46,28,1.01,,,1.01,,,1.01,,,,
2026-08-15 00:00:00.000 Z,Women's AFL/Richmond (W) v Collingwood (W),35926576,HANDICAP,261031245,Handicap,12443130,Collingwood (W),-35.5,LOSER,0,74,Richmond (W),v Collingwood (W),18,46,28,1.01,,,1.01,,,1.01,,,,
2026-08-15 00:00:00.000 Z,Women's AFL/Richmond (W) v Collingwood (W),35926576,HANDICAP,261031245,Handicap,12443130,Collingwood (W),-34.5,LOSER,0,74,Richmond (W),v Collingwood (W),18,46,28,1.01,,,1.01,,,1.01,,,,
2026-08-15 00:00:00.000 Z,Women's AFL/Richmond (W) v Collingwood (W),35926576,HANDICAP,261031245,Handicap,26814173,Richmond (W),-34.5,LOSER,0,74,Richmond (W),v Collingwood (W),18,46,28,1.01,,,1.01,,,1.01,,,,
2026-08-15 00:00:00.000 Z,Women's AFL/Richmond (W) v Collingwood (W),35926576,HANDICAP,261031245,Handicap,26814173,Richmond (W),-33.5,LOSER,0,74,Richmond (W),v Collingwood (W),18,46,28,1.01,,,1.01,,,1.01,,,,
2026-08-15 00:00:00.000 Z,Women's AFL/Richmond (W) v Collingwood (W),35926576,HANDICAP,261031245,Handicap,12443130,Collingwood (W),-33.5,LOSER,0,74,Richmond (W),v Collingwood (W),18,46,28,1.01,,,1.01,,,1.01,,,,
2026-08-15 00:00:00.000 Z,Women's AFL/Richmond (W) v Collingwood (W),35926576,HANDICAP,261031245,Handicap,12443130,Collingwood (W),-32.5,LOSER,0,74,Richmond (W),v Collingwood (W),18,46,28,1.01,,,1.01,,,1.01,,,,
2026-08-15 00:00:00.000 Z,Women's AFL/Richmond (W) v Collingwood (W),35926576,HANDICAP,261031245,Handicap,26814173,Richmond (W),-32.5,LOSER,0,74,Richmond (W),v Collingwood (W),18,46,28,1.01,,,1.01,,,1.01,,,,
2026-08-15 00:00:00.000 Z,Women's AFL/Richmond (W) v Collingwood (W),35926576,HANDICAP,261031245,Handicap,12443130,Collingwood (W),-31.5,LOSER,0,74,Richmond (W),v Collingwood (W),18,46,28,1.01,,,1.01,,,1.01,,,,
2026-08-15 00:00:00.000 Z,Women's AFL/Richmond (W) v Collingwood (W),35926576,HANDICAP,261031245,Handicap,26814173,Richmond (W),-31.5,LOSER,0,74,Richmond (W),v Collingwood (W),18,46,28,1.01,,,1.01,,,1.01,,,,
2026-08-15 00:00:00.000 Z,Women's AFL/Richmond (W) v Collingwood (W),35926576,HANDICAP,261031245,Handicap,12443130,Collingwood (W),-30.5,LOSER,0,74,Richmond (W),v Collingwood (W),18,46,28,1.01,,,1.01,,,1.01,,,,
2026-08-15 00:00:00.000 Z,Women's AFL/Richmond (W) v Collingwood (W),35926576,HANDICAP,261031245,Handicap,26814173,Richmond (W),-30.5,LOSER,0,74,Richmond (W),v Collingwood (W),18,46,28,1.01,,,1.01,,,1.01,,,,
2026-08-15 00:00:00.000 Z,Women's AFL/Richmond (W) v Collingwood (W),35926576,HANDICAP,261031245,Handicap,26814173,Richmond (W),-29.5,LOSER,0,74,Richmond (W),v Collingwood (W),18,46,28,1.01,,,1.01,,,1.01,,,,
2026-08-15 00:00:00.000 Z,Women's AFL/Richmond (W) v Collingwood (W),35926576,HANDICAP,261031245,Handicap,12443130,Collingwood (W),-29.5,LOSER,0,74,Richmond (W),v Collingwood (W),18,46,28,1.01,,,1.01,,,1.01,,,,
2026-08-15 00:00:00.000 Z,Women's AFL/Richmond (W) v Collingwood (W),35926576,HANDICAP,261031245,Handicap,12443130,Collingwood (W),-28.5,LOSER,0,74,Richmond (W),v Collingwood (W),18,46,28,1.01,,,1.01,,,1.01,,,,
2026-08-15 00:00:00.000 Z,Women's AFL/Richmond (W) v Collingwood (W),35926576,HANDICAP,261031245,Handicap,26814173,Richmond (W),-28.5,LOSER,0,74,Richmond (W),v Collingwood (W),18,46,28,1.01,,,1.01,,,1.01,,,,
2026-08-15 00:00:00.000 Z,Women's AFL/Richmond (W) v Collingwood (W),35926576,HANDICAP,261031245,Handicap,12443130,Collingwood (W),-27.5,LOSER,0,74,Richmond (W),v Collingwood (W),18,46,28,1.01,,,1.01,,,1.01,,,,
2026-08-15 00:00:00.000 Z,Women's AFL/Richmond (W) v Collingwood (W),35926576,HANDICAP,261031245,Handicap,26814173,Richmond (W),-27.5,LOSER,0,74,Richmond (W),v Collingwood (W),18,46,28,1.01,,,1.01,,,1.01,,,,
2026-08-15 00:00:00.000 Z,Women's AFL/Richmond (W) v Collingwood (W),35926576,HANDICAP,261031245,Handicap,26814173,Richmond (W),-26.5,LOSER,0,74,Richmond (W),v Collingwood (W),18,46,28,1.01,,,1.01,,,1.01,,,,
2026-08-15 00:00:00.000 Z,Women's AFL/Richmond (W) v Collingwood (W),35926576,HANDICAP,261031245,Handicap,12443130,Collingwood (W),-26.5,LOSER,0,74,Richmond (W),v Collingwood (W),18,46,28,1.01,,,1.01,,,1.01,,,,
2026-08-15 00:00:00.000 Z,Women's AFL/Richmond (W) v Collingwood (W),35926576,HANDICAP,261031245,Handicap,26814173,Richmond (W),-25.5,LOSER,0,74,Richmond (W),v Collingwood (W),18,46,28,1.01,,,1.01,,,1.01,,,,
2026-08-15 00:00:00.000 Z,Women's AFL/Richmond (W) v Collingwood (W),35926576,HANDICAP,261031245,Handicap,12443130,Collingwood (W),-25.5,LOSER,0,74,Richmond (W),v Collingwood (W),18,46,28,1.01,,,1.01,,,1.01,,,,
2026-08-15 00:00:00.000 Z,Women's AFL/Richmond (W) v Collingwood (W),35926576,HANDICAP,261031245,Handicap,26814173,Richmond (W),-24.5,LOSER,0,74,Richmond (W),v Collingwood (W),18,46,28,1.01,,,1.01,,,1.01,,,,
2026-08-15 00:00:00.000 Z,Women's AFL/Richmond (W) v Collingwood (W),35926576,HANDICAP,261031245,Handicap,12443130,Collingwood (W),-24.5,LOSER,0,74,Richmond (W),v Collingwood (W),18,46,28,1.01,,,1.01,,,1.01,,,,
2026-08-15 00:00:00.000 Z,Women's AFL/Richmond (W) v Collingwood (W),35926576,HANDICAP,261031245,Handicap,12443130,Collingwood (W),-23.5,LOSER,0,74,Richmond (W),v Collingwood (W),18,46,28,1.01,,,1.01,,,1.01,,,,
2026-08-15 00:00:00.000 Z,Women's AFL/Richmond (W) v Collingwood (W),35926576,HANDICAP,261031245,Handicap,26814173,Richmond (W),-23.5,LOSER,0,74,Richmond (W),v Collingwood (W),18,46,28,1.01,,,1.01,,,1.01,,,,
2026-08-15 00:00:00.000 Z,Women's AFL/Richmond (W) v Collingwood (W),35926576,HANDICAP,261031245,Handicap,12443130,Collingwood (W),-22.5,LOSER,0,74,Richmond (W),v Collingwood (W),18,46,28,1.01,,,1.01,,,1.01,,,,
2026-08-15 00:00:00.000 Z,Women's AFL/Richmond (W) v Collingwood (W),35926576,HANDICAP,261031245,Handicap,26814173,Richmond (W),-22.5,LOSER,0,74,Richmond (W),v Collingwood (W),18,46,28,1.01,,,1.01,,,1.01,,,,
2026-08-15 00:00:00.000 Z,Women's AFL/Richmond (W) v Collingwood (W),35926576,HANDICAP,261031245,Handicap,12443130,Collingwood (W),-21.5,LOSER,0,74,Richmond (W),v Collingwood (W),18,46,28,1.01,,,1.01,,,1.01,,,,
2026-08-15 00:00:00.000 Z,Women's AFL/Richmond (W) v Collingwood (W),35926576,HANDICAP,261031245,Handicap,26814173,Richmond (W),-21.5,LOSER,0,74,Richmond (W),v Collingwood (W),18,46,28,1.01,,,1.01,,,1.01,,,,
2026-08-15 00:00:00.000 Z,Women's AFL/Richmond (W) v Collingwood (W),35926576,HANDICAP,261031245,Handicap,12443130,Collingwood (W),-20.5,LOSER,0,74,Richmond (W),v Collingwood (W),18,46,28,1.01,,,1.01,,,1.01,,,,
2026-08-15 00:00:00.000 Z,Women's AFL/Richmond (W) v Collingwood (W),35926576,HANDICAP,261031245,Handicap,26814173,Richmond (W),-20.5,LOSER,0,74,Richmond (W),v Collingwood (W),18,46,28,1.01,,,1.01,,,1.01,,,,
2026-08-15 00:00:00.000 Z,Women's AFL/Richmond (W) v Collingwood (W),35926576,HANDICAP,261031245,Handicap,26814173,Richmond (W),-19.5,LOSER,0,74,Richmond (W),v Collingwood (W),18,46,28,1.01,,,1.01,,,1.01,,,,
2026-08-15 00:00:00.000 Z,Women's AFL/Richmond (W) v Collingwood (W),35926576,HANDICAP,261031245,Handicap,12443130,Collingwood (W),-19.5,LOSER,0,74,Richmond (W),v Collingwood (W),18,46,28,1.01,,,1.01,,,1.01,,,,
2026-08-15 00:00:00.000 Z,Women's AFL/Richmond (W) v Collingwood (W),35926576,HANDICAP,261031245,Handicap,26814173,Richmond (W),-18.5,LOSER,0,74,Richmond (W),v Collingwood (W),18,46,28,1.01,,,1.01,,,1.01,,,,
2026-08-15 00:00:00.000 Z,Women's AFL/Richmond (W) v Collingwood (W),35926576,HANDICAP,261031245,Handicap,12443130,Collingwood (W),-18.5,LOSER,0,74,Richmond (W),v Collingwood (W),18,46,28,1.01,,,1.01,,,1.01,,,,
2026-08-15 00:00:00.000 Z,Women's AFL/Richmond (W) v Collingwood (W),35926576,HANDICAP,261031245,Handicap,12443130,Collingwood (W),-17.5,LOSER,0,74,Richmond (W),v Collingwood (W),18,46,28,1.01,,,1.01,,,1.01,,,,
2026-08-15 00:00:00.000 Z,Women's AFL/Richmond (W) v Collingwood (W),35926576,HANDICAP,261031245,Handicap,26814173,Richmond (W),-17.5,WINNER,1,74,Richmond (W),v Collingwood (W),18,46,28,1.01,,,1.01,,,1.01,,,,
2026-08-15 00:00:00.000 Z,Women's AFL/Richmond (W) v Collingwood (W),35926576,HANDICAP,261031245,Handicap,12443130,Collingwood (W),-16.5,LOSER,0,74,Richmond (W),v Collingwood (W),18,46,28,1.01,,,1.01,,,1.01,,,,
2026-08-15 00:00:00.000 Z,Women's AFL/Richmond (W) v Collingwood (W),35926576,HANDICAP,261031245,Handicap,26814173,Richmond (W),-16.5,WINNER,1,74,Richmond (W),v Collingwood (W),18,46,28,1.01,,,1.01,,,1.01,,,,
2026-08-15 00:00:00.000 Z,Women's AFL/Richmond (W) v Collingwood (W),35926576,HANDICAP,261031245,Handicap,12443130,Collingwood (W),-15.5,LOSER,0,74,Richmond (W),v Collingwood (W),18,46,28,1.01,,,1.01,,,1.01,,,,
2026-08-15 00:00:00.000 Z,Women's AFL/Richmond (W) v Collingwood (W),35926576,HANDICAP,261031245,Handicap,26814173,Richmond (W),-15.5,WINNER,1,74,Richmond (W),v Collingwood (W),18,46,28,1.01,,,1.01,,,2.92,,,,
2026-08-15 00:00:00.000 Z,Women's AFL/Richmond (W) v Collingwood (W),35926576,HANDICAP,261031245,Handicap,12443130,Collingwood (W),-14.5,LOSER,0,74,Richmond (W),v Collingwood (W),18,46,28,1.01,,,1.01,,,1.01,,,,
2026-08-15 00:00:00.000 Z,Women's AFL/Richmond (W) v Collingwood (W),35926576,HANDICAP,261031245,Handicap,26814173,Richmond (W),-14.5,WINNER,1,74,Richmond (W),v Collingwood (W),18,46,28,1.01,,,1.01,,,1.01,,,,
2026-08-15 00:00:00.000 Z,Women's AFL/Richmond (W) v Collingwood (W),35926576,HANDICAP,261031245,Handicap,12443130,Collingwood (W),-13.5,LOSER,0,74,Richmond (W),v Collingwood (W),18,46,28,,,,,,,,,,,
2026-08-15 00:00:00.000 Z,Women's AFL/Richmond (W) v Collingwood (W),35926576,HANDICAP,261031245,Handicap,26814173,Richmond (W),-13.5,WINNER,1,74,Richmond (W),v Collingwood (W),18,46,28,1.01,,,1.01,,,1.01,,,,
2026-08-15 00:00:00.000 Z,Women's AFL/Richmond (W) v Collingwood (W),35926576,HANDICAP,261031245,Handicap,12443130,Collingwood (W),-12.5,LOSER,0,74,Richmond (W),v Collingwood (W),18,46,28,1.01,,,1.01,,,1.01,,,,
2026-08-15 00:00:00.000 Z,Women's AFL/Richmond (W) v Collingwood (W),35926576,HANDICAP,261031245,Handicap,26814173,Richmond (W),-12.5,WINNER,1,74,Richmond (W),v Collingwood (W),18,46,28,1.01,,,1.01,,,1.01,,,,
2026-08-15 00:00:00.000 Z,Women's AFL/Richmond (W) v Collingwood (W),35926576,HANDICAP,261031245,Handicap,12443130,Collingwood (W),-11.5,LOSER,0,74,Richmond (W),v Collingwood (W),18,46,28,1.01,,,1.01,,,1.01,,,,
2026-08-15 00:00:00.000 Z,Women's AFL/Richmond (W) v Collingwood (W),35926576,HANDICAP,261031245,Handicap,26814173,Richmond (W),-11.5,WINNER,1,74,Richmond (W),v Collingwood (W),18,46,28,1.01,,,1.01,,,1.01,,,,
2026-08-15 00:00:00.000 Z,Women's AFL/Richmond (W) v Collingwood (W),35926576,HANDICAP,261031245,Handicap,12443130,Collingwood (W),-10.5,LOSER,0,74,Richmond (W),v Collingwood (W),18,46,28,1.01,,,1.01,,,1.01,,,,
2026-08-15 00:00:00.000 Z,Women's AFL/Richmond (W) v Collingwood (W),35926576,HANDICAP,261031245,Handicap,26814173,Richmond (W),-10.5,WINNER,1,74,Richmond (W),v Collingwood (W),18,46,28,1.01,,,1.01,,,1.01,,,,
2026-08-15 00:00:00.000 Z,Women's AFL/Richmond (W) v Collingwood (W),35926576,HANDICAP,261031245,Handicap,12443130,Collingwood (W),-9.5,LOSER,0,74,Richmond (W),v Collingwood (W),18,46,28,1.01,,,1.01,,,1.01,,,,
2026-08-15 00:00:00.000 Z,Women's AFL/Richmond (W) v Collingwood (W),35926576,HANDICAP,261031245,Handicap,26814173,Richmond (W),-9.5,WINNER,1,74,Richmond (W),v Collingwood (W),18,46,28,1.01,,,1.01,,,2.24,,,,
2026-08-15 00:00:00.000 Z,Women's AFL/Richmond (W) v Collingwood (W),35926576,HANDICAP,261031245,Handicap,12443130,Collingwood (W),-8.5,LOSER,0,74,Richmond (W),v Collingwood (W),18,46,28,1.01,,,1.01,,,2.92,,,,
2026-08-15 00:00:00.000 Z,Women's AFL/Richmond (W) v Collingwood (W),35926576,HANDICAP,261031245,Handicap,26814173,Richmond (W),-8.5,WINNER,1,74,Richmond (W),v Collingwood (W),18,46,28,1.01,,,1.01,,,1.01,,,,
2026-08-15 00:00:00.000 Z,Women's AFL/Richmond (W) v Collingwood (W),35926576,HANDICAP,261031245,Handicap,12443130,Collingwood (W),-7.5,LOSER,0,74,Richmond (W),v Collingwood (W),18,46,28,1.01,,,1.01,,,1.01,,,,
2026-08-15 00:00:00.000 Z,Women's AFL/Richmond (W) v Collingwood (W),35926576,HANDICAP,261031245,Handicap,26814173,Richmond (W),-7.5,WINNER,1,74,Richmond (W),v Collingwood (W),18,46,28,1.01,,,1.01,,,1.01,,,,
2026-08-15 00:00:00.000 Z,Women's AFL/Richmond (W) v Collingwood (W),35926576,HANDICAP,261031245,Handicap,12443130,Collingwood (W),-6.5,LOSER,0,74,Richmond (W),v Collingwood (W),18,46,28,1.01,,,1.01,,,1.01,,,,
2026-08-15 00:00:00.000 Z,Women's AFL/Richmond (W) v Collingwood (W),35926576,HANDICAP,261031245,Handicap,26814173,Richmond (W),-6.5,WINNER,1,74,Richmond (W),v Collingwood (W),18,46,28,1.01,,,1.01,,,1.01,,,,
2026-08-15 00:00:00.000 Z,Women's AFL/Richmond (W) v Collingwood (W),35926576,HANDICAP,261031245,Handicap,12443130,Collingwood (W),-5.5,LOSER,0,74,Richmond (W),v Collingwood (W),18,46,28,1.01,,,1.01,,,1.01,,,,
2026-08-15 00:00:00.000 Z,Women's AFL/Richmond (W) v Collingwood (W),35926576,HANDICAP,261031245,Handicap,26814173,Richmond (W),-5.5,WINNER,1,74,Richmond (W),v Collingwood (W),18,46,28,1.62,,,1.62,,,1.62,,,,
2026-08-15 00:00:00.000 Z,Women's AFL/Richmond (W) v Collingwood (W),35926576,HANDICAP,261031245,Handicap,12443130,Collingwood (W),-4.5,LOSER,0,74,Richmond (W),v Collingwood (W),18,46,28,1.01,,,1.01,,,1.01,,,,
2026-08-15 00:00:00.000 Z,Women's AFL/Richmond (W) v Collingwood (W),35926576,HANDICAP,261031245,Handicap,26814173,Richmond (W),-4.5,WINNER,1,74,Richmond (W),v Collingwood (W),18,46,28,1.61,,,1.61,,,1.61,,,,
2026-08-15 00:00:00.000 Z,Women's AFL/Richmond (W) v Collingwood (W),35926576,HANDICAP,261031245,Handicap,12443130,Collingwood (W),-3.5,LOSER,0,74,Richmond (W),v Collingwood (W),18,46,28,1.01,,,1.01,,,1.01,,,,
2026-08-15 00:00:00.000 Z,Women's AFL/Richmond (W) v Collingwood (W),35926576,HANDICAP,261031245,Handicap,26814173,Richmond (W),-3.5,WINNER,1,74,Richmond (W),v Collingwood (W),18,46,28,1.6,,,1.6,,,1.81,2,301.01,301.01,2
2026-08-15 00:00:00.000 Z,Women's AFL/Richmond (W) v Collingwood (W),35926576,HANDICAP,261031245,Handicap,12443130,Collingwood (W),-2.5,LOSER,0,74,Richmond (W),v Collingwood (W),18,46,28,1.01,,,1.01,,,2.3,,,,
2026-08-15 00:00:00.000 Z,Women's AFL/Richmond (W) v Collingwood (W),35926576,HANDICAP,261031245,Handicap,26814173,Richmond (W),-2.5,WINNER,1,74,Richmond (W),v Collingwood (W),18,46,28,1.59,,,1.59,,,1.59,,,,
2026-08-15 00:00:00.000 Z,Women's AFL/Richmond (W) v Collingwood (W),35926576,HANDICAP,261031245,Handicap,12443130,Collingwood (W),-1.5,LOSER,0,74,Richmond (W),v Collingwood (W),18,46,28,1.01,,,1.01,,,1.01,,,,
2026-08-15 00:00:00.000 Z,Women's AFL/Richmond (W) v Collingwood (W),35926576,HANDICAP,261031245,Handicap,26814173,Richmond (W),-1.5,WINNER,1,74,Richmond (W),v Collingwood (W),18,46,28,1.57,,,1.57,,,1.57,,,,
2026-08-15 00:00:00.000 Z,Women's AFL/Richmond (W) v Collingwood (W),35926576,HANDICAP,261031245,Handicap,12443130,Collingwood (W),-0.5,LOSER,0,74,Richmond (W),v Collingwood (W),18,46,28,1.01,,,1.01,,,1.01,,,,
2026-08-15 00:00:00.000 Z,Women's AFL/Richmond (W) v Collingwood (W),35926576,HANDICAP,261031245,Handicap,26814173,Richmond (W),-0.5,WINNER,1,74,Richmond (W),v Collingwood (W),18,46,28,1.53,,,1.53,,,1.53,,,,
2026-08-15 00:00:00.000 Z,Women's AFL/Richmond (W) v Collingwood (W),35926576,HANDICAP,261031245,Handicap,12443130,Collingwood (W),0.5,LOSER,0,74,Richmond (W),v Collingwood (W),18,46,28,1.01,,,1.01,,,1.01,,,,
2026-08-15 00:00:00.000 Z,Women's AFL/Richmond (W) v Collingwood (W),35926576,HANDICAP,261031245,Handicap,26814173,Richmond (W),0.5,WINNER,1,74,Richmond (W),v Collingwood (W),18,46,28,1.52,,,1.52,,,1.52,,,,
2026-08-15 00:00:00.000 Z,Women's AFL/Richmond (W) v Collingwood (W),35926576,HANDICAP,261031245,Handicap,12443130,Collingwood (W),1.5,LOSER,0,74,Richmond (W),v Collingwood (W),18,46,28,1.62,,,1.62,,,1.62,,,,
2026-08-15 00:00:00.000 Z,Women's AFL/Richmond (W) v Collingwood (W),35926576,HANDICAP,261031245,Handicap,26814173,Richmond (W),1.5,WINNER,1,74,Richmond (W),v Collingwood (W),18,46,28,1.48,,,1.48,,,1.48,,,,
2026-08-15 00:00:00.000 Z,Women's AFL/Richmond (W) v Collingwood (W),35926576,HANDICAP,261031245,Handicap,12443130,Collingwood (W),2.5,LOSER,0,74,Richmond (W),v Collingwood (W),18,46,28,1.61,,,1.61,,,1.61,,,,
2026-08-15 00:00:00.000 Z,Women's AFL/Richmond (W) v Collingwood (W),35926576,HANDICAP,261031245,Handicap,26814173,Richmond (W),2.5,WINNER,1,74,Richmond (W),v Collingwood (W),18,46,28,1.44,,,1.44,,,1.5,,1000,1000,1.5
2026-08-15 00:00:00.000 Z,Women's AFL/Richmond (W) v Collingwood (W),35926576,HANDICAP,261031245,Handicap,12443130,Collingwood (W),3.5,LOSER,0,74,Richmond (W),v Collingwood (W),18,46,28,1.6,,,1.6,,,1.81,,300,300,2
2026-08-15 00:00:00.000 Z,Women's AFL/Richmond (W) v Collingwood (W),35926576,HANDICAP,261031245,Handicap,26814173,Richmond (W),3.5,WINNER,1,74,Richmond (W),v Collingwood (W),18,46,28,1.4,,,1.4,,,1.4,,,,
2026-08-15 00:00:00.000 Z,Women's AFL/Richmond (W) v Collingwood (W),35926576,HANDICAP,261031245,Handicap,12443130,Collingwood (W),4.5,LOSER,0,74,Richmond (W),v Collingwood (W),18,46,28,1.59,,,1.59,,,1.59,,,,
2026-08-15 00:00:00.000 Z,Women's AFL/Richmond (W) v Collingwood (W),35926576,HANDICAP,261031245,Handicap,26814173,Richmond (W),4.5,WINNER,1,74,Richmond (W),v Collingwood (W),18,46,28,1.36,,,1.36,,,1.36,,,,
2026-08-15 00:00:00.000 Z,Women's AFL/Richmond (W) v Collingwood (W),35926576,HANDICAP,261031245,Handicap,12443130,Collingwood (W),5.5,LOSER,0,74,Richmond (W),v Collingwood (W),18,46,28,1.58,,,1.58,,,1.58,,,,
2026-08-15 00:00:00.000 Z,Women's AFL/Richmond (W) v Collingwood (W),35926576,HANDICAP,261031245,Handicap,26814173,Richmond (W),5.5,WINNER,1,74,Richmond (W),v Collingwood (W),18,46,28,1.33,,,1.33,,,1.33,,,,
2026-08-15 00:00:00.000 Z,Women's AFL/Richmond (W) v Collingwood (W),35926576,HANDICAP,261031245,Handicap,12443130,Collingwood (W),6.5,LOSER,0,74,Richmond (W),v Collingwood (W),18,46,28,1.54,,,1.54,,,1.54,,,,
2026-08-15 00:00:00.000 Z,Women's AFL/Richmond (W) v Collingwood (W),35926576,HANDICAP,261031245,Handicap,26814173,Richmond (W),6.5,WINNER,1,74,Richmond (W),v Collingwood (W),18,46,28,1.3,,,1.3,,,1.3,,,,
2026-08-15 00:00:00.000 Z,Women's AFL/Richmond (W) v Collingwood (W),35926576,HANDICAP,261031245,Handicap,12443130,Collingwood (W),7.5,LOSER,0,74,Richmond (W),v Collingwood (W),18,46,28,1.5,,,1.5,,,1.5,,,,
2026-08-15 00:00:00.000 Z,Women's AFL/Richmond (W) v Collingwood (W),35926576,HANDICAP,261031245,Handicap,26814173,Richmond (W),7.5,WINNER,1,74,Richmond (W),v Collingwood (W),18,46,28,1.27,,,1.27,,,1.27,,,,
2026-08-15 00:00:00.000 Z,Women's AFL/Richmond (W) v Collingwood (W),35926576,HANDICAP,261031245,Handicap,12443130,Collingwood (W),8.5,LOSER,0,74,Richmond (W),v Collingwood (W),18,46,28,1.46,,,1.46,,,1.46,,,,
2026-08-15 00:00:00.000 Z,Women's AFL/Richmond (W) v Collingwood (W),35926576,HANDICAP,261031245,Handicap,26814173,Richmond (W),8.5,WINNER,1,74,Richmond (W),v Collingwood (W),18,46,28,1.25,,,1.25,,,1.31,,,,
2026-08-15 00:00:00.000 Z,Women's AFL/Richmond (W) v Collingwood (W),35926576,HANDICAP,261031245,Handicap,12443130,Collingwood (W),9.5,LOSER,0,74,Richmond (W),v Collingwood (W),18,46,28,1.42,,,1.42,,,1.52,,,,
2026-08-15 00:00:00.000 Z,Women's AFL/Richmond (W) v Collingwood (W),35926576,HANDICAP,261031245,Handicap,26814173,Richmond (W),9.5,WINNER,1,74,Richmond (W),v Collingwood (W),18,46,28,1.23,,,1.23,,,1.23,,,,
2026-08-15 00:00:00.000 Z,Women's AFL/Richmond (W) v Collingwood (W),35926576,HANDICAP,261031245,Handicap,12443130,Collingwood (W),10.5,LOSER,0,74,Richmond (W),v Collingwood (W),18,46,28,1.39,,,1.39,,,1.39,,,,
2026-08-15 00:00:00.000 Z,Women's AFL/Richmond (W) v Collingwood (W),35926576,HANDICAP,261031245,Handicap,26814173,Richmond (W),10.5,WINNER,1,74,Richmond (W),v Collingwood (W),18,46,28,1.21,,,1.21,,,1.21,,,,
2026-08-15 00:00:00.000 Z,Women's AFL/Richmond (W) v Collingwood (W),35926576,HANDICAP,261031245,Handicap,12443130,Collingwood (W),11.5,LOSER,0,74,Richmond (W),v Collingwood (W),18,46,28,1.36,,,1.36,,,1.36,,,,
2026-08-15 00:00:00.000 Z,Women's AFL/Richmond (W) v Collingwood (W),35926576,HANDICAP,261031245,Handicap,26814173,Richmond (W),11.5,WINNER,1,74,Richmond (W),v Collingwood (W),18,46,28,1.19,,,1.19,,,1.19,,,,
2026-08-15 00:00:00.000 Z,Women's AFL/Richmond (W) v Collingwood (W),35926576,HANDICAP,261031245,Handicap,12443130,Collingwood (W),12.5,LOSER,0,74,Richmond (W),v Collingwood (W),18,46,28,1.33,,,1.33,,,1.33,,,,
2026-08-15 00:00:00.000 Z,Women's AFL/Richmond (W) v Collingwood (W),35926576,HANDICAP,261031245,Handicap,26814173,Richmond (W),12.5,WINNER,1,74,Richmond (W),v Collingwood (W),18,46,28,1.17,,,1.17,,,1.17,,,,
2026-08-15 00:00:00.000 Z,Women's AFL/Richmond (W) v Collingwood (W),35926576,HANDICAP,261031245,Handicap,12443130,Collingwood (W),13.5,LOSER,0,74,Richmond (W),v Collingwood (W),18,46,28,1.3,,,1.3,,,1.3,,,,
2026-08-15 00:00:00.000 Z,Women's AFL/Richmond (W) v Collingwood (W),35926576,HANDICAP,261031245,Handicap,26814173,Richmond (W),13.5,WINNER,1,74,Richmond (W),v Collingwood (W),18,46,28,,,,,,,,,,,
2026-08-15 00:00:00.000 Z,Women's AFL/Richmond (W) v Collingwood (W),35926576,HANDICAP,261031245,Handicap,12443130,Collingwood (W),14.5,LOSER,0,74,Richmond (W),v Collingwood (W),18,46,28,1.27,,,1.27,,,1.27,,,,
2026-08-15 00:00:00.000 Z,Women's AFL/Richmond (W) v Collingwood (W),35926576,HANDICAP,261031245,Handicap,26814173,Richmond (W),14.5,WINNER,1,74,Richmond (W),v Collingwood (W),18,46,28,1.13,,,1.13,,,1.13,,,,
2026-08-15 00:00:00.000 Z,Women's AFL/Richmond (W) v Collingwood (W),35926576,HANDICAP,261031245,Handicap,12443130,Collingwood (W),15.5,LOSER,0,74,Richmond (W),v Collingwood (W),18,46,28,1.24,,,1.24,,,1.31,,,,
2026-08-15 00:00:00.000 Z,Women's AFL/Richmond (W) v Collingwood (W),35926576,HANDICAP,261031245,Handicap,26814173,Richmond (W),15.5,WINNER,1,74,Richmond (W),v Collingwood (W),18,46,28,1.11,,,1.11,,,1.11,,,,
2026-08-15 00:00:00.000 Z,Women's AFL/Richmond (W) v Collingwood (W),35926576,HANDICAP,261031245,Handicap,12443130,Collingwood (W),16.5,LOSER,0,74,Richmond (W),v Collingwood (W),18,46,28,1.22,,,1.22,,,1.22,,,,
2026-08-15 00:00:00.000 Z,Women's AFL/Richmond (W) v Collingwood (W),35926576,HANDICAP,261031245,Handicap,26814173,Richmond (W),16.5,WINNER,1,74,Richmond (W),v Collingwood (W),18,46,28,1.09,,,1.09,,,1.09,,,,
2026-08-15 00:00:00.000 Z,Women's AFL/Richmond (W) v Collingwood (W),35926576,HANDICAP,261031245,Handicap,12443130,Collingwood (W),17.5,LOSER,0,74,Richmond (W),v Collingwood (W),18,46,28,1.21,,,1.21,,,1.21,,,,
2026-08-15 00:00:00.000 Z,Women's AFL/Richmond (W) v Collingwood (W),35926576,HANDICAP,261031245,Handicap,26814173,Richmond (W),17.5,WINNER,1,74,Richmond (W),v Collingwood (W),18,46,28,1.08,,,1.08,,,1.08,,,,
2026-08-15 00:00:00.000 Z,Women's AFL/Richmond (W) v Collingwood (W),35926576,HANDICAP,261031245,Handicap,12443130,Collingwood (W),18.5,WINNER,1,74,Richmond (W),v Collingwood (W),18,46,28,1.18,,,1.18,,,1.18,,,,
2026-08-15 00:00:00.000 Z,Women's AFL/Richmond (W) v Collingwood (W),35926576,HANDICAP,261031245,Handicap,26814173,Richmond (W),18.5,WINNER,1,74,Richmond (W),v Collingwood (W),18,46,28,1.07,,,1.07,,,1.07,,,,
2026-08-15 00:00:00.000 Z,Women's AFL/Richmond (W) v Collingwood (W),35926576,HANDICAP,261031245,Handicap,12443130,Collingwood (W),19.5,WINNER,1,74,Richmond (W),v Collingwood (W),18,46,28,1.16,,,1.16,,,1.16,,,,
2026-08-15 00:00:00.000 Z,Women's AFL/Richmond (W) v Collingwood (W),35926576,HANDICAP,261031245,Handicap,26814173,Richmond (W),19.5,WINNER,1,74,Richmond (W),v Collingwood (W),18,46,28,1.06,,,1.06,,,1.06,,,,
2026-08-15 00:00:00.000 Z,Women's AFL/Richmond (W) v Collingwood (W),35926576,HANDICAP,261031245,Handicap,26814173,Richmond (W),20.5,WINNER,1,74,Richmond (W),v Collingwood (W),18,46,28,1.05,,,1.05,,,1.05,,,,
2026-08-15 00:00:00.000 Z,Women's AFL/Richmond (W) v Collingwood (W),35926576,HANDICAP,261031245,Handicap,12443130,Collingwood (W),20.5,WINNER,1,74,Richmond (W),v Collingwood (W),18,46,28,1.14,,,1.14,,,1.14,,,,
2026-08-15 00:00:00.000 Z,Women's AFL/Richmond (W) v Collingwood (W),35926576,HANDICAP,261031245,Handicap,12443130,Collingwood (W),21.5,WINNER,1,74,Richmond (W),v Collingwood (W),18,46,28,1.12,,,1.12,,,1.12,,,,
2026-08-15 00:00:00.000 Z,Women's AFL/Richmond (W) v Collingwood (W),35926576,HANDICAP,261031245,Handicap,26814173,Richmond (W),21.5,WINNER,1,74,Richmond (W),v Collingwood (W),18,46,28,1.04,,,1.04,,,1.04,,,,
2026-08-15 00:00:00.000 Z,Women's AFL/Richmond (W) v Collingwood (W),35926576,HANDICAP,261031245,Handicap,26814173,Richmond (W),22.5,WINNER,1,74,Richmond (W),v Collingwood (W),18,46,28,1.03,,,1.03,,,1.03,,,,
2026-08-15 00:00:00.000 Z,Women's AFL/Richmond (W) v Collingwood (W),35926576,HANDICAP,261031245,Handicap,12443130,Collingwood (W),22.5,WINNER,1,74,Richmond (W),v Collingwood (W),18,46,28,1.11,,,1.11,,,1.11,,,,
2026-08-15 00:00:00.000 Z,Women's AFL/Richmond (W) v Collingwood (W),35926576,HANDICAP,261031245,Handicap,26814173,Richmond (W),23.5,WINNER,1,74,Richmond (W),v Collingwood (W),18,46,28,1.02,,,1.02,,,1.02,,,,
2026-08-15 00:00:00.000 Z,Women's AFL/Richmond (W) v Collingwood (W),35926576,HANDICAP,261031245,Handicap,12443130,Collingwood (W),23.5,WINNER,1,74,Richmond (W),v Collingwood (W),18,46,28,1.1,,,1.1,,,1.1,,,,
2026-08-15 00:00:00.000 Z,Women's AFL/Richmond (W) v Collingwood (W),35926576,HANDICAP,261031245,Handicap,26814173,Richmond (W),24.5,WINNER,1,74,Richmond (W),v Collingwood (W),18,46,28,1.01,,,1.01,,,1.01,,,,
2026-08-15 00:00:00.000 Z,Women's AFL/Richmond (W) v Collingwood (W),35926576,HANDICAP,261031245,Handicap,12443130,Collingwood (W),24.5,WINNER,1,74,Richmond (W),v Collingwood (W),18,46,28,1.09,,,1.09,,,1.09,,,,
2026-08-15 00:00:00.000 Z,Women's AFL/Richmond (W) v Collingwood (W),35926576,HANDICAP,261031245,Handicap,12443130,Collingwood (W),25.5,WINNER,1,74,Richmond (W),v Collingwood (W),18,46,28,1.08,,,1.08,,,1.08,,,,
2026-08-15 00:00:00.000 Z,Women's AFL/Richmond (W) v Collingwood (W),35926576,HANDICAP,261031245,Handicap,26814173,Richmond (W),25.5,WINNER,1,74,Richmond (W),v Collingwood (W),18,46,28,,,,,,,,,,,
2026-08-15 00:00:00.000 Z,Women's AFL/Richmond (W) v Collingwood (W),35926576,HANDICAP,261031245,Handicap,12443130,Collingwood (W),26.5,WINNER,1,74,Richmond (W),v Collingwood (W),18,46,28,1.07,,,1.07,,,1.07,,,,
2026-08-15 00:00:00.000 Z,Women's AFL/Richmond (W) v Collingwood (W),35926576,HANDICAP,261031245,Handicap,26814173,Richmond (W),26.5,WINNER,1,74,Richmond (W),v Collingwood (W),18,46,28,,,,,,,,,,,
2026-08-15 00:00:00.000 Z,Women's AFL/Richmond (W) v Collingwood (W),35926576,HANDICAP,261031245,Handicap,12443130,Collingwood (W),27.5,WINNER,1,74,Richmond (W),v Collingwood (W),18,46,28,1.06,,,1.06,,,1.06,,,,
2026-08-15 00:00:00.000 Z,Women's AFL/Richmond (W) v Collingwood (W),35926576,HANDICAP,261031245,Handicap,26814173,Richmond (W),27.5,WINNER,1,74,Richmond (W),v Collingwood (W),18,46,28,,,,,,,,,,,
2026-08-15 00:00:00.000 Z,Women's AFL/Richmond (W) v Collingwood (W),35926576,HANDICAP,261031245,Handicap,26814173,Richmond (W),28.5,WINNER,1,74,Richmond (W),v Collingwood (W),18,46,28,,,,,,,,,,,
2026-08-15 00:00:00.000 Z,Women's AFL/Richmond (W) v Collingwood (W),35926576,HANDICAP,261031245,Handicap,12443130,Collingwood (W),28.5,WINNER,1,74,Richmond (W),v Collingwood (W),18,46,28,1.05,,,1.05,,,1.05,,,,
2026-08-15 00:00:00.000 Z,Women's AFL/Richmond (W) v Collingwood (W),35926576,HANDICAP,261031245,Handicap,12443130,Collingwood (W),29.5,WINNER,1,74,Richmond (W),v Collingwood (W),18,46,28,1.04,,,1.04,,,1.04,,,,
2026-08-15 00:00:00.000 Z,Women's AFL/Richmond (W) v Collingwood (W),35926576,HANDICAP,261031245,Handicap,26814173,Richmond (W),29.5,WINNER,1,74,Richmond (W),v Collingwood (W),18,46,28,,,,,,,,,,,
2026-08-15 00:00:00.000 Z,Women's AFL/Richmond (W) v Collingwood (W),35926576,HANDICAP,261031245,Handicap,12443130,Collingwood (W),30.5,WINNER,1,74,Richmond (W),v Collingwood (W),18,46,28,1.03,,,1.03,,,1.03,,,,
2026-08-15 00:00:00.000 Z,Women's AFL/Richmond (W) v Collingwood (W),35926576,HANDICAP,261031245,Handicap,26814173,Richmond (W),30.5,WINNER,1,74,Richmond (W),v Collingwood (W),18,46,28,,,,,,,,,,,
2026-08-15 00:00:00.000 Z,Women's AFL/Richmond (W) v Collingwood (W),35926576,HANDICAP,261031245,Handicap,26814173,Richmond (W),31.5,WINNER,1,74,Richmond (W),v Collingwood (W),18,46,28,,,,,,,,,,,
2026-08-15 00:00:00.000 Z,Women's AFL/Richmond (W) v Collingwood (W),35926576,HANDICAP,261031245,Handicap,12443130,Collingwood (W),31.5,WINNER,1,74,Richmond (W),v Collingwood (W),18,46,28,1.02,,,1.02,,,1.02,,,,
2026-08-15 00:00:00.000 Z,Women's AFL/Richmond (W) v Collingwood (W),35926576,HANDICAP,261031245,Handicap,26814173,Richmond (W),32.5,WINNER,1,74,Richmond (W),v Collingwood (W),18,46,28,,,,,,,,,,,
2026-08-15 00:00:00.000 Z,Women's AFL/Richmond (W) v Collingwood (W),35926576,HANDICAP,261031245,Handicap,12443130,Collingwood (W),32.5,WINNER,1,74,Richmond (W),v Collingwood (W),18,46,28,1.01,,,1.01,,,1.01,,,,
2026-08-15 00:00:00.000 Z,Women's AFL/Richmond (W) v Collingwood (W),35926576,HANDICAP,261031245,Handicap,12443130,Collingwood (W),33.5,WINNER,1,74,Richmond (W),v Collingwood (W),18,46,28,,,,,,,,,,,
2026-08-15 00:00:00.000 Z,Women's AFL/Richmond (W) v Collingwood (W),35926576,HANDICAP,261031245,Handicap,26814173,Richmond (W),33.5,WINNER,1,74,Richmond (W),v Collingwood (W),18,46,28,,,,,,,,,,,
2026-08-15 00:00:00.000 Z,Women's AFL/Richmond (W) v Collingwood (W),35926576,HANDICAP,261031245,Handicap,12443130,Collingwood (W),34.5,WINNER,1,74,Richmond (W),v Collingwood (W),18,46,28,,,,,,,,,,,
2026-08-15 00:00:00.000 Z,Women's AFL/Richmond (W) v Collingwood (W),35926576,HANDICAP,261031245,Handicap,26814173,Richmond (W),34.5,WINNER,1,74,Richmond (W),v Collingwood (W),18,46,28,,,,,,,,,,,
2026-08-15 00:00:00.000 Z,Women's AFL/Richmond (W) v Collingwood (W),35926576,HANDICAP,261031245,Handicap,26814173,Richmond (W),35.5,WINNER,1,74,Richmond (W),v Collingwood (W),18,46,28,,,,,,,,,,,
2026-08-15 00:00:00.000 Z,Women's AFL/Richmond (W) v Collingwood (W),35926576,HANDICAP,261031245,Handicap,12443130,Collingwood (W),35.5,WINNER,1,74,Richmond (W),v Collingwood (W),18,46,28,,,,,,,,,,,
2026-08-15 00:00:00.000 Z,Women's AFL/Richmond (W) v Collingwood (W),35926576,HANDICAP,261031245,Handicap,26814173,Richmond (W),36.5,WINNER,1,74,Richmond (W),v Collingwood (W),18,46,28,,,,,,,,,,,
2026-08-15 00:00:00.000 Z,Women's AFL/Richmond (W) v Collingwood (W),35926576,HANDICAP,261031245,Handicap,12443130,Collingwood (W),36.5,WINNER,1,74,Richmond (W),v Collingwood (W),18,46,28,,,,,,,,,,,
2026-08-15 00:00:00.000 Z,Women's AFL/Richmond (W) v Collingwood (W),35926576,HANDICAP,261031245,Handicap,26814173,Richmond (W),37.5,WINNER,1,74,Richmond (W),v Collingwood (W),18,46,28,,,,,,,,,,,
2026-08-15 00:00:00.000 Z,Women's AFL/Richmond (W) v Collingwood (W),35926576,HANDICAP,261031245,Handicap,12443130,Collingwood (W),37.5,WINNER,1,74,Richmond (W),v Collingwood (W),18,46,28,,,,,,,,,,,
2026-08-15 00:00:00.000 Z,Women's AFL/Richmond (W) v Collingwood (W),35926576,HANDICAP,261031245,Handicap,12443130,Collingwood (W),38.5,WINNER,1,74,Richmond (W),v Collingwood (W),18,46,28,,,,,,,,,,,
2026-08-15 00:00:00.000 Z,Women's AFL/Richmond (W) v Collingwood (W),35926576,HANDICAP,261031245,Handicap,26814173,Richmond (W),38.5,WINNER,1,74,Richmond (W),v Collingwood (W),18,46,28,,,,,,,,,,,
2026-08-15 00:00:00.000 Z,Women's AFL/Richmond (W) v Collingwood (W),35926576,HANDICAP,261031245,Handicap,26814173,Richmond (W),39.5,WINNER,1,74,Richmond (W),v Collingwood (W),18,46,28,,,,,,,,,,,
2026-08-15 00:00:00.000 Z,Women's AFL/Richmond (W) v Collingwood (W),35926576,HANDICAP,261031245,Handicap,12443130,Collingwood (W),39.5,WINNER,1,74,Richmond (W),v Collingwood (W),18,46,28,,,,,,,,,,,
2026-08-15 00:00:00.000 Z,Women's AFL/Richmond (W) v Collingwood (W),35926576,HANDICAP,261031245,Handicap,26814173,Richmond (W),40.5,WINNER,1,74,Richmond (W),v Collingwood (W),18,46,28,,,,,,,,,,,
2026-08-15 00:00:00.000 Z,Women's AFL/Richmond (W) v Collingwood (W),35926576,HANDICAP,261031245,Handicap,12443130,Collingwood (W),40.5,WINNER,1,74,Richmond (W),v Collingwood (W),18,46,28,,,,,,,,,,,
2026-08-15 00:00:00.000 Z,Women's AFL/Richmond (W) v Collingwood (W),35926576,HANDICAP,261031245,Handicap,26814173,Richmond (W),41.5,WINNER,1,74,Richmond (W),v Collingwood (W),18,46,28,,,,,,,,,,,
2026-08-15 00:00:00.000 Z,Women's AFL/Richmond (W) v Collingwood (W),35926576,HANDICAP,261031245,Handicap,12443130,Collingwood (W),41.5,WINNER,1,74,Richmond (W),v Collingwood (W),18,46,28,,,,,,,,,,,
2026-08-15 00:00:00.000 Z,Women's AFL/Richmond (W) v Collingwood (W),35926576,HANDICAP,261031245,Handicap,26814173,Richmond (W),42.5,WINNER,1,74,Richmond (W),v Collingwood (W),18,46,28,,,,,,,,,,,
2026-08-15 00:00:00.000 Z,Women's AFL/Richmond (W) v Collingwood (W),35926576,HANDICAP,261031245,Handicap,12443130,Collingwood (W),42.5,WINNER,1,74,Richmond (W),v Collingwood (W),18,46,28,,,,,,,,,,,
2026-08-15 00:00:00.000 Z,Women's AFL/Richmond (W) v Collingwood (W),35926576,HANDICAP,261031245,Handicap,26814173,Richmond (W),43.5,WINNER,1,74,Richmond (W),v Collingwood (W),18,46,28,,,,,,,,,,,
2026-08-15 00:00:00.000 Z,Women's AFL/Richmond (W) v Collingwood (W),35926576,HANDICAP,261031245,Handicap,12443130,Collingwood (W),43.5,WINNER,1,74,Richmond (W),v Collingwood (W),18,46,28,,,,,,,,,,,
2026-08-15 00:00:00.000 Z,Women's AFL/Richmond (W) v Collingwood (W),35926576,HANDICAP,261031245,Handicap,12443130,Collingwood (W),44.5,WINNER,1,74,Richmond (W),v Collingwood (W),18,46,28,,,,,,,,,,,
2026-08-15 00:00:00.000 Z,Women's AFL/Richmond (W) v Collingwood (W),35926576,HANDICAP,261031245,Handicap,26814173,Richmond (W),44.5,WINNER,1,74,Richmond (W),v Collingwood (W),18,46,28,,,,,,,,,,,
2026-08-15 00:00:00.000 Z,Women's AFL/Richmond (W) v Collingwood (W),35926576,HANDICAP,261031245,Handicap,26814173,Richmond (W),45.5,WINNER,1,74,Richmond (W),v Collingwood (W),18,46,28,,,,,,,,,,,
2026-08-15 00:00:00.000 Z,Women's AFL/Richmond (W) v Collingwood (W),35926576,HANDICAP,261031245,Handicap,12443130,Collingwood (W),45.5,WINNER,1,74,Richmond (W),v Collingwood (W),18,46,28,,,,,,,,,,,
2026-08-15 00:00:00.000 Z,Women's AFL/Richmond (W) v Collingwood (W),35926576,HANDICAP,261031245,Handicap,12443130,Collingwood (W),46.5,WINNER,1,74,Richmond (W),v Collingwood (W),18,46,28,,,,,,,,,,,
2026-08-15 00:00:00.000 Z,Women's AFL/Richmond (W) v Collingwood (W),35926576,HANDICAP,261031245,Handicap,26814173,Richmond (W),46.5,WINNER,1,74,Richmond (W),v Collingwood (W),18,46,28,,,,,,,,,,,
2026-08-15 00:00:00.000 Z,Women's AFL/Richmond (W) v Collingwood (W),35926576,HANDICAP,261031245,Handicap,26814173,Richmond (W),47.5,WINNER,1,74,Richmond (W),v Collingwood (W),18,46,28,,,,,,,,,,,
2026-08-15 00:00:00.000 Z,Women's AFL/Richmond (W) v Collingwood (W),35926576,HANDICAP,261031245,Handicap,12443130,Collingwood (W),47.5,WINNER,1,74,Richmond (W),v Collingwood (W),18,46,28,,,,,,,,,,,
2026-08-15 00:00:00.000 Z,Women's AFL/Richmond (W) v Collingwood (W),35926576,HANDICAP,261031245,Handicap,12443130,Collingwood (W),48.5,WINNER,1,74,Richmond (W),v Collingwood (W),18,46,28,,,,,,,,,,,
2026-08-15 00:00:00.000 Z,Women's AFL/Richmond (W) v Collingwood (W),35926576,HANDICAP,261031245,Handicap,26814173,Richmond (W),48.5,WINNER,1,74,Richmond (W),v Collingwood (W),18,46,28,,,,,,,,,,,
2026-08-15 00:00:00.000 Z,Women's AFL/Richmond (W) v Collingwood (W),35926576,HANDICAP,261031245,Handicap,12443130,Collingwood (W),49.5,WINNER,1,74,Richmond (W),v Collingwood (W),18,46,28,,,,,,,,,,,
2026-08-15 00:00:00.000 Z,Women's AFL/Richmond (W) v Collingwood (W),35926576,HANDICAP,261031245,Handicap,26814173,Richmond (W),49.5,WINNER,1,74,Richmond (W),v Collingwood (W),18,46,28,,,,,,,,,,,
2026-08-15 00:00:00.000 Z,Women's AFL/Richmond (W) v Collingwood (W),35926576,HANDICAP,261031245,Handicap,12443130,Collingwood (W),50.5,WINNER,1,74,Richmond (W),v Collingwood (W),18,46,28,,,,,,,,,,,
2026-08-15 00:00:00.000 Z,Women's AFL/Richmond (W) v Collingwood (W),35926576,HANDICAP,261031245,Handicap,26814173,Richmond (W),50.5,WINNER,1,74,Richmond (W),v Collingwood (W),18,46,28,,,,,,,,,,,
2026-08-15 00:00:00.000 Z,Women's AFL/Richmond (W) v Collingwood (W),35926576,HANDICAP,261031245,Handicap,12443130,Collingwood (W),51.5,WINNER,1,74,Richmond (W),v Collingwood (W),18,46,28,,,,,,,,,,,
2026-08-15 00:00:00.000 Z,Women's AFL/Richmond (W) v Collingwood (W),35926576,HANDICAP,261031245,Handicap,26814173,Richmond (W),51.5,WINNER,1,74,Richmond (W),v Collingwood (W),18,46,28,,,,,,,,,,,
2026-08-15 00:00:00.000 Z,Women's AFL/Richmond (W) v Collingwood (W),35926576,HANDICAP,261031245,Handicap,12443130,Collingwood (W),52.5,WINNER,1,74,Richmond (W),v Collingwood (W),18,46,28,,,,,,,,,,,
2026-08-15 00:00:00.000 Z,Women's AFL/Richmond (W) v Collingwood (W),35926576,HANDICAP,261031245,Handicap,26814173,Richmond (W),52.5,WINNER,1,74,Richmond (W),v Collingwood (W),18,46,28,,,,,,,,,,,
2026-08-15 00:00:00.000 Z,Women's AFL/Richmond (W) v Collingwood (W),35926576,HANDICAP,261031245,Handicap,12443130,Collingwood (W),53.5,WINNER,1,74,Richmond (W),v Collingwood (W),18,46,28,,,,,,,,,,,
2026-08-15 00:00:00.000 Z,Women's AFL/Richmond (W) v Collingwood (W),35926576,HANDICAP,261031245,Handicap,26814173,Richmond (W),53.5,WINNER,1,74,Richmond (W),v Collingwood (W),18,46,28,,,,,,,,,,,
2026-08-15 00:00:00.000 Z,Women's AFL/Richmond (W) v Collingwood (W),35926576,HANDICAP,261031245,Handicap,12443130,Collingwood (W),54.5,WINNER,1,74,Richmond (W),v Collingwood (W),18,46,28,,,,,,,,,,,
2026-08-15 00:00:00.000 Z,Women's AFL/Richmond (W) v Collingwood (W),35926576,HANDICAP,261031245,Handicap,26814173,Richmond (W),54.5,WINNER,1,74,Richmond (W),v Collingwood (W),18,46,28,,,,,,,,,,,
2026-08-15 00:00:00.000 Z,Women's AFL/Richmond (W) v Collingwood (W),35926576,HANDICAP,261031245,Handicap,26814173,Richmond (W),55.5,WINNER,1,74,Richmond (W),v Collingwood (W),18,46,28,,,,,,,,,,,
2026-08-15 00:00:00.000 Z,Women's AFL/Richmond (W) v Collingwood (W),35926576,HANDICAP,261031245,Handicap,12443130,Collingwood (W),55.5,WINNER,1,74,Richmond (W),v Collingwood (W),18,46,28,,,,,,,,,,,
2026-08-15 00:00:00.000 Z,Women's AFL/Richmond (W) v Collingwood (W),35926576,HANDICAP,261031245,Handicap,26814173,Richmond (W),56.5,WINNER,1,74,Richmond (W),v Collingwood (W),18,46,28,,,,,,,,,,,
2026-08-15 00:00:00.000 Z,Women's AFL/Richmond (W) v Collingwood (W),35926576,HANDICAP,261031245,Handicap,12443130,Collingwood (W),56.5,WINNER,1,74,Richmond (W),v Collingwood (W),18,46,28,,,,,,,,,,,
2026-08-15 00:00:00.000 Z,Women's AFL/Richmond (W) v Collingwood (W),35926576,HANDICAP,261031245,Handicap,26814173,Richmond (W),57.5,WINNER,1,74,Richmond (W),v Collingwood (W),18,46,28,,,,,,,,,,,
2026-08-15 00:00:00.000 Z,Women's AFL/Richmond (W) v Collingwood (W),35926576,HANDICAP,261031245,Handicap,12443130,Collingwood (W),57.5,WINNER,1,74,Richmond (W),v Collingwood (W),18,46,28,,,,,,,,,,,
2026-08-15 00:00:00.000 Z,Women's AFL/Richmond (W) v Collingwood (W),35926576,HANDICAP,261031245,Handicap,12443130,Collingwood (W),58.5,WINNER,1,74,Richmond (W),v Collingwood (W),18,46,28,,,,,,,,,,,
2026-08-15 00:00:00.000 Z,Women's AFL/Richmond (W) v Collingwood (W),35926576,HANDICAP,261031245,Handicap,26814173,Richmond (W),58.5,WINNER,1,74,Richmond (W),v Collingwood (W),18,46,28,,,,,,,,,,,
2026-08-15 00:00:00.000 Z,Women's AFL/Richmond (W) v Collingwood (W),35926576,HANDICAP,261031245,Handicap,12443130,Collingwood (W),59.5,WINNER,1,74,Richmond (W),v Collingwood (W),18,46,28,,,,,,,,,,,
2026-08-15 00:00:00.000 Z,Women's AFL/Richmond (W) v Collingwood (W),35926576,HANDICAP,261031245,Handicap,26814173,Richmond (W),59.5,WINNER,1,74,Richmond (W),v Collingwood (W),18,46,28,,,,,,,,,,,
2026-08-15 00:00:00.000 Z,Women's AFL/Richmond (W) v Collingwood (W),35926576,MATCH_ODDS,261031244,Match Odds,12443130,Collingwood (W),0,LOSER,0,74,Richmond (W),v Collingwood (W),18,46,28,2.18,,26.22,2.18,,26.22,2.18,2.6,51.22,51.26,2.34
2026-08-15 00:00:00.000 Z,Women's AFL/Richmond (W) v Collingwood (W),35926576,MATCH_ODDS,261031244,Match Odds,26814173,Richmond (W),0,WINNER,1,74,Richmond (W),v Collingwood (W),18,46,28,1.6,1.85,11.25,1.6,1.78,11.25,1.62,1.75,1437.25,2138.49,1.62
2026-08-15 00:00:00.000 Z,Women's AFL/Richmond (W) v Collingwood (W),35926576,COMBINED_TOTAL,261031366,Total Points,8435233,Under,20.5,LOSER,0,74,Richmond (W),v Collingwood (W),18,46,28,1.01,,,1.01,,,1.01,,,,
2026-08-15 00:00:00.000 Z,Women's AFL/Richmond (W) v Collingwood (W),35926576,COMBINED_TOTAL,261031366,Total Points,8435232,Over,20.5,WINNER,1,74,Richmond (W),v Collingwood (W),18,46,28,,,,,,,,,,,
2026-08-15 00:00:00.000 Z,Women's AFL/Richmond (W) v Collingwood (W),35926576,COMBINED_TOTAL,261031366,Total Points,8435233,Under,21.5,LOSER,0,74,Richmond (W),v Collingwood (W),18,46,28,1.01,,,1.01,,,1.01,,,,
2026-08-15 00:00:00.000 Z,Women's AFL/Richmond (W) v Collingwood (W),35926576,COMBINED_TOTAL,261031366,Total Points,8435232,Over,21.5,WINNER,1,74,Richmond (W),v Collingwood (W),18,46,28,,,,,,,,,,,
2026-08-15 00:00:00.000 Z,Women's AFL/Richmond (W) v Collingwood (W),35926576,COMBINED_TOTAL,261031366,Total Points,8435233,Under,22.5,LOSER,0,74,Richmond (W),v Collingwood (W),18,46,28,1.01,,,1.01,,,1.01,,,,
2026-08-15 00:00:00.000 Z,Women's AFL/Richmond (W) v Collingwood (W),35926576,COMBINED_TOTAL,261031366,Total Points,8435232,Over,22.5,WINNER,1,74,Richmond (W),v Collingwood (W),18,46,28,,,,,,,,,,,
2026-08-15 00:00:00.000 Z,Women's AFL/Richmond (W) v Collingwood (W),35926576,COMBINED_TOTAL,261031366,Total Points,8435233,Under,23.5,LOSER,0,74,Richmond (W),v Collingwood (W),18,46,28,1.01,,,1.01,,,1.01,,,,
2026-08-15 00:00:00.000 Z,Women's AFL/Richmond (W) v Collingwood (W),35926576,COMBINED_TOTAL,261031366,Total Points,8435232,Over,23.5,WINNER,1,74,Richmond (W),v Collingwood (W),18,46,28,,,,,,,,,,,
2026-08-15 00:00:00.000 Z,Women's AFL/Richmond (W) v Collingwood (W),35926576,COMBINED_TOTAL,261031366,Total Points,8435233,Under,24.5,LOSER,0,74,Richmond (W),v Collingwood (W),18,46,28,1.01,,,1.01,,,1.01,,,,
2026-08-15 00:00:00.000 Z,Women's AFL/Richmond (W) v Collingwood (W),35926576,COMBINED_TOTAL,261031366,Total Points,8435232,Over,24.5,WINNER,1,74,Richmond (W),v Collingwood (W),18,46,28,,,,,,,,,,,
2026-08-15 00:00:00.000 Z,Women's AFL/Richmond (W) v Collingwood (W),35926576,COMBINED_TOTAL,261031366,Total Points,8435233,Under,25.5,LOSER,0,74,Richmond (W),v Collingwood (W),18,46,28,1.01,,,1.01,,,1.01,,,,
2026-08-15 00:00:00.000 Z,Women's AFL/Richmond (W) v Collingwood (W),35926576,COMBINED_TOTAL,261031366,Total Points,8435232,Over,25.5,WINNER,1,74,Richmond (W),v Collingwood (W),18,46,28,,,,,,,,,,,
2026-08-15 00:00:00.000 Z,Women's AFL/Richmond (W) v Collingwood (W),35926576,COMBINED_TOTAL,261031366,Total Points,8435233,Under,26.5,LOSER,0,74,Richmond (W),v Collingwood (W),18,46,28,1.01,,,1.01,,,1.01,,,,
2026-08-15 00:00:00.000 Z,Women's AFL/Richmond (W) v Collingwood (W),35926576,COMBINED_TOTAL,261031366,Total Points,8435232,Over,26.5,WINNER,1,74,Richmond (W),v Collingwood (W),18,46,28,,,,,,,,,,,
2026-08-15 00:00:00.000 Z,Women's AFL/Richmond (W) v Collingwood (W),35926576,COMBINED_TOTAL,261031366,Total Points,8435233,Under,27.5,LOSER,0,74,Richmond (W),v Collingwood (W),18,46,28,1.01,,,1.01,,,1.01,,,,
2026-08-15 00:00:00.000 Z,Women's AFL/Richmond (W) v Collingwood (W),35926576,COMBINED_TOTAL,261031366,Total Points,8435232,Over,27.5,WINNER,1,74,Richmond (W),v Collingwood (W),18,46,28,,,,,,,,,,,
2026-08-15 00:00:00.000 Z,Women's AFL/Richmond (W) v Collingwood (W),35926576,COMBINED_TOTAL,261031366,Total Points,8435233,Under,28.5,LOSER,0,74,Richmond (W),v Collingwood (W),18,46,28,1.01,,,1.01,,,1.01,,,,
2026-08-15 00:00:00.000 Z,Women's AFL/Richmond (W) v Collingwood (W),35926576,COMBINED_TOTAL,261031366,Total Points,8435232,Over,28.5,WINNER,1,74,Richmond (W),v Collingwood (W),18,46,28,,,,,,,,,,,
2026-08-15 00:00:00.000 Z,Women's AFL/Richmond (W) v Collingwood (W),35926576,COMBINED_TOTAL,261031366,Total Points,8435233,Under,29.5,LOSER,0,74,Richmond (W),v Collingwood (W),18,46,28,1.01,,,1.01,,,1.01,,,,
2026-08-15 00:00:00.000 Z,Women's AFL/Richmond (W) v Collingwood (W),35926576,COMBINED_TOTAL,261031366,Total Points,8435232,Over,29.5,WINNER,1,74,Richmond (W),v Collingwood (W),18,46,28,,,,,,,,,,,
2026-08-15 00:00:00.000 Z,Women's AFL/Richmond (W) v Collingwood (W),35926576,COMBINED_TOTAL,261031366,Total Points,8435233,Under,30.5,LOSER,0,74,Richmond (W),v Collingwood (W),18,46,28,1.01,,,1.01,,,1.01,,,,
2026-08-15 00:00:00.000 Z,Women's AFL/Richmond (W) v Collingwood (W),35926576,COMBINED_TOTAL,261031366,Total Points,8435232,Over,30.5,WINNER,1,74,Richmond (W),v Collingwood (W),18,46,28,,,,,,,,,,,
2026-08-15 00:00:00.000 Z,Women's AFL/Richmond (W) v Collingwood (W),35926576,COMBINED_TOTAL,261031366,Total Points,8435233,Under,31.5,LOSER,0,74,Richmond (W),v Collingwood (W),18,46,28,1.01,,,1.01,,,1.01,,,,
2026-08-15 00:00:00.000 Z,Women's AFL/Richmond (W) v Collingwood (W),35926576,COMBINED_TOTAL,261031366,Total Points,8435232,Over,31.5,WINNER,1,74,Richmond (W),v Collingwood (W),18,46,28,,,,,,,,,,,
2026-08-15 00:00:00.000 Z,Women's AFL/Richmond (W) v Collingwood (W),35926576,COMBINED_TOTAL,261031366,Total Points,8435233,Under,32.5,LOSER,0,74,Richmond (W),v Collingwood (W),18,46,28,1.01,,,1.01,,,1.01,,,,
2026-08-15 00:00:00.000 Z,Women's AFL/Richmond (W) v Collingwood (W),35926576,COMBINED_TOTAL,261031366,Total Points,8435232,Over,32.5,WINNER,1,74,Richmond (W),v Collingwood (W),18,46,28,,,,,,,,,,,
2026-08-15 00:00:00.000 Z,Women's AFL/Richmond (W) v Collingwood (W),35926576,COMBINED_TOTAL,261031366,Total Points,8435233,Under,33.5,LOSER,0,74,Richmond (W),v Collingwood (W),18,46,28,1.01,,,1.01,,,1.01,,,,
2026-08-15 00:00:00.000 Z,Women's AFL/Richmond (W) v Collingwood (W),35926576,COMBINED_TOTAL,261031366,Total Points,8435232,Over,33.5,WINNER,1,74,Richmond (W),v Collingwood (W),18,46,28,,,,,,,,,,,
2026-08-15 00:00:00.000 Z,Women's AFL/Richmond (W) v Collingwood (W),35926576,COMBINED_TOTAL,261031366,Total Points,8435233,Under,34.5,LOSER,0,74,Richmond (W),v Collingwood (W),18,46,28,1.01,,,1.01,,,1.01,,,,
2026-08-15 00:00:00.000 Z,Women's AFL/Richmond (W) v Collingwood (W),35926576,COMBINED_TOTAL,261031366,Total Points,8435232,Over,34.5,WINNER,1,74,Richmond (W),v Collingwood (W),18,46,28,,,,,,,,,,,
2026-08-15 00:00:00.000 Z,Women's AFL/Richmond (W) v Collingwood (W),35926576,COMBINED_TOTAL,261031366,Total Points,8435233,Under,35.5,LOSER,0,74,Richmond (W),v Collingwood (W),18,46,28,1.01,,,1.01,,,1.01,,,,
2026-08-15 00:00:00.000 Z,Women's AFL/Richmond (W) v Collingwood (W),35926576,COMBINED_TOTAL,261031366,Total Points,8435232,Over,35.5,WINNER,1,74,Richmond (W),v Collingwood (W),18,46,28,,,,,,,,,,,
2026-08-15 00:00:00.000 Z,Women's AFL/Richmond (W) v Collingwood (W),35926576,COMBINED_TOTAL,261031366,Total Points,8435233,Under,36.5,LOSER,0,74,Richmond (W),v Collingwood (W),18,46,28,1.01,,,1.01,,,1.01,,,,
2026-08-15 00:00:00.000 Z,Women's AFL/Richmond (W) v Collingwood (W),35926576,COMBINED_TOTAL,261031366,Total Points,8435232,Over,36.5,WINNER,1,74,Richmond (W),v Collingwood (W),18,46,28,,,,,,,,,,,
2026-08-15 00:00:00.000 Z,Women's AFL/Richmond (W) v Collingwood (W),35926576,COMBINED_TOTAL,261031366,Total Points,8435233,Under,37.5,LOSER,0,74,Richmond (W),v Collingwood (W),18,46,28,1.01,,,1.01,,,1.01,,,,
2026-08-15 00:00:00.000 Z,Women's AFL/Richmond (W) v Collingwood (W),35926576,COMBINED_TOTAL,261031366,Total Points,8435232,Over,37.5,WINNER,1,74,Richmond (W),v Collingwood (W),18,46,28,,,,,,,,,,,
2026-08-15 00:00:00.000 Z,Women's AFL/Richmond (W) v Collingwood (W),35926576,COMBINED_TOTAL,261031366,Total Points,8435233,Under,38.5,LOSER,0,74,Richmond (W),v Collingwood (W),18,46,28,1.01,,,1.01,,,1.01,,,,
2026-08-15 00:00:00.000 Z,Women's AFL/Richmond (W) v Collingwood (W),35926576,COMBINED_TOTAL,261031366,Total Points,8435232,Over,38.5,WINNER,1,74,Richmond (W),v Collingwood (W),18,46,28,,,,,,,,,,,
2026-08-15 00:00:00.000 Z,Women's AFL/Richmond (W) v Collingwood (W),35926576,COMBINED_TOTAL,261031366,Total Points,8435233,Under,39.5,LOSER,0,74,Richmond (W),v Collingwood (W),18,46,28,1.01,,,1.01,,,1.01,,,,
2026-08-15 00:00:00.000 Z,Women's AFL/Richmond (W) v Collingwood (W),35926576,COMBINED_TOTAL,261031366,Total Points,8435232,Over,39.5,WINNER,1,74,Richmond (W),v Collingwood (W),18,46,28,,,,,,,,,,,
2026-08-15 00:00:00.000 Z,Women's AFL/Richmond (W) v Collingwood (W),35926576,COMBINED_TOTAL,261031366,Total Points,8435233,Under,40.5,LOSER,0,74,Richmond (W),v Collingwood (W),18,46,28,1.01,,,1.01,,,1.01,,,,
2026-08-15 00:00:00.000 Z,Women's AFL/Richmond (W) v Collingwood (W),35926576,COMBINED_TOTAL,261031366,Total Points,8435232,Over,40.5,WINNER,1,74,Richmond (W),v Collingwood (W),18,46,28,,,,,,,,,,,
2026-08-15 00:00:00.000 Z,Women's AFL/Richmond (W) v Collingwood (W),35926576,COMBINED_TOTAL,261031366,Total Points,8435233,Under,41.5,LOSER,0,74,Richmond (W),v Collingwood (W),18,46,28,1.01,,,1.01,,,1.01,,,,
2026-08-15 00:00:00.000 Z,Women's AFL/Richmond (W) v Collingwood (W),35926576,COMBINED_TOTAL,261031366,Total Points,8435232,Over,41.5,WINNER,1,74,Richmond (W),v Collingwood (W),18,46,28,,,,,,,,,,,
2026-08-15 00:00:00.000 Z,Women's AFL/Richmond (W) v Collingwood (W),35926576,COMBINED_TOTAL,261031366,Total Points,8435233,Under,42.5,LOSER,0,74,Richmond (W),v Collingwood (W),18,46,28,1.01,,,1.01,,,1.01,,,,
2026-08-15 00:00:00.000 Z,Women's AFL/Richmond (W) v Collingwood (W),35926576,COMBINED_TOTAL,261031366,Total Points,8435232,Over,42.5,WINNER,1,74,Richmond (W),v Collingwood (W),18,46,28,,,,,,,,,,,
2026-08-15 00:00:00.000 Z,Women's AFL/Richmond (W) v Collingwood (W),35926576,COMBINED_TOTAL,261031366,Total Points,8435233,Under,43.5,LOSER,0,74,Richmond (W),v Collingwood (W),18,46,28,1.01,,,1.01,,,1.01,,,,
2026-08-15 00:00:00.000 Z,Women's AFL/Richmond (W) v Collingwood (W),35926576,COMBINED_TOTAL,261031366,Total Points,8435232,Over,43.5,WINNER,1,74,Richmond (W),v Collingwood (W),18,46,28,,,,,,,,,,,
2026-08-15 00:00:00.000 Z,Women's AFL/Richmond (W) v Collingwood (W),35926576,COMBINED_TOTAL,261031366,Total Points,8435233,Under,44.5,LOSER,0,74,Richmond (W),v Collingwood (W),18,46,28,1.01,,,1.01,,,1.01,,,,
2026-08-15 00:00:00.000 Z,Women's AFL/Richmond (W) v Collingwood (W),35926576,COMBINED_TOTAL,261031366,Total Points,8435232,Over,44.5,WINNER,1,74,Richmond (W),v Collingwood (W),18,46,28,,,,,,,,,,,
2026-08-15 00:00:00.000 Z,Women's AFL/Richmond (W) v Collingwood (W),35926576,COMBINED_TOTAL,261031366,Total Points,8435233,Under,45.5,LOSER,0,74,Richmond (W),v Collingwood (W),18,46,28,1.01,,,1.01,,,1.01,,,,
2026-08-15 00:00:00.000 Z,Women's AFL/Richmond (W) v Collingwood (W),35926576,COMBINED_TOTAL,261031366,Total Points,8435232,Over,45.5,WINNER,1,74,Richmond (W),v Collingwood (W),18,46,28,,,,,,,,,,,
2026-08-15 00:00:00.000 Z,Women's AFL/Richmond (W) v Collingwood (W),35926576,COMBINED_TOTAL,261031366,Total Points,8435233,Under,46.5,LOSER,0,74,Richmond (W),v Collingwood (W),18,46,28,1.01,,,1.01,,,1.01,,,,
2026-08-15 00:00:00.000 Z,Women's AFL/Richmond (W) v Collingwood (W),35926576,COMBINED_TOTAL,261031366,Total Points,8435232,Over,46.5,WINNER,1,74,Richmond (W),v Collingwood (W),18,46,28,,,,,,,,,,,
2026-08-15 00:00:00.000 Z,Women's AFL/Richmond (W) v Collingwood (W),35926576,COMBINED_TOTAL,261031366,Total Points,8435233,Under,47.5,LOSER,0,74,Richmond (W),v Collingwood (W),18,46,28,1.01,,,1.01,,,1.01,,,,
2026-08-15 00:00:00.000 Z,Women's AFL/Richmond (W) v Collingwood (W),35926576,COMBINED_TOTAL,261031366,Total Points,8435232,Over,47.5,WINNER,1,74,Richmond (W),v Collingwood (W),18,46,28,,,,,,,,,,,
2026-08-15 00:00:00.000 Z,Women's AFL/Richmond (W) v Collingwood (W),35926576,COMBINED_TOTAL,261031366,Total Points,8435233,Under,48.5,LOSER,0,74,Richmond (W),v Collingwood (W),18,46,28,1.01,,,1.01,,,1.01,,,,
2026-08-15 00:00:00.000 Z,Women's AFL/Richmond (W) v Collingwood (W),35926576,COMBINED_TOTAL,261031366,Total Points,8435232,Over,48.5,WINNER,1,74,Richmond (W),v Collingwood (W),18,46,28,,,,,,,,,,,
2026-08-15 00:00:00.000 Z,Women's AFL/Richmond (W) v Collingwood (W),35926576,COMBINED_TOTAL,261031366,Total Points,8435233,Under,49.5,LOSER,0,74,Richmond (W),v Collingwood (W),18,46,28,1.01,,,1.01,,,1.01,,,,
2026-08-15 00:00:00.000 Z,Women's AFL/Richmond (W) v Collingwood (W),35926576,COMBINED_TOTAL,261031366,Total Points,8435232,Over,49.5,WINNER,1,74,Richmond (W),v Collingwood (W),18,46,28,,,,,,,,,,,
2026-08-15 00:00:00.000 Z,Women's AFL/Richmond (W) v Collingwood (W),35926576,COMBINED_TOTAL,261031366,Total Points,8435233,Under,50.5,LOSER,0,74,Richmond (W),v Collingwood (W),18,46,28,1.01,,,1.01,,,1.01,,,,
2026-08-15 00:00:00.000 Z,Women's AFL/Richmond (W) v Collingwood (W),35926576,COMBINED_TOTAL,261031366,Total Points,8435232,Over,50.5,WINNER,1,74,Richmond (W),v Collingwood (W),18,46,28,,,,,,,,,,,
2026-08-15 00:00:00.000 Z,Women's AFL/Richmond (W) v Collingwood (W),35926576,COMBINED_TOTAL,261031366,Total Points,8435233,Under,51.5,LOSER,0,74,Richmond (W),v Collingwood (W),18,46,28,1.01,,,1.01,,,1.01,,,,
2026-08-15 00:00:00.000 Z,Women's AFL/Richmond (W) v Collingwood (W),35926576,COMBINED_TOTAL,261031366,Total Points,8435232,Over,51.5,WINNER,1,74,Richmond (W),v Collingwood (W),18,46,28,,,,,,,,,,,
2026-08-15 00:00:00.000 Z,Women's AFL/Richmond (W) v Collingwood (W),35926576,COMBINED_TOTAL,261031366,Total Points,8435233,Under,52.5,LOSER,0,74,Richmond (W),v Collingwood (W),18,46,28,1.01,,,1.01,,,1.01,,,,
2026-08-15 00:00:00.000 Z,Women's AFL/Richmond (W) v Collingwood (W),35926576,COMBINED_TOTAL,261031366,Total Points,8435232,Over,52.5,WINNER,1,74,Richmond (W),v Collingwood (W),18,46,28,,,,,,,,,,,
2026-08-15 00:00:00.000 Z,Women's AFL/Richmond (W) v Collingwood (W),35926576,COMBINED_TOTAL,261031366,Total Points,8435233,Under,53.5,LOSER,0,74,Richmond (W),v Collingwood (W),18,46,28,1.01,,,1.01,,,1.01,,,,
2026-08-15 00:00:00.000 Z,Women's AFL/Richmond (W) v Collingwood (W),35926576,COMBINED_TOTAL,261031366,Total Points,8435232,Over,53.5,WINNER,1,74,Richmond (W),v Collingwood (W),18,46,28,,,,,,,,,,,
2026-08-15 00:00:00.000 Z,Women's AFL/Richmond (W) v Collingwood (W),35926576,COMBINED_TOTAL,261031366,Total Points,8435233,Under,54.5,LOSER,0,74,Richmond (W),v Collingwood (W),18,46,28,1.01,,,1.01,,,1.01,,,,
2026-08-15 00:00:00.000 Z,Women's AFL/Richmond (W) v Collingwood (W),35926576,COMBINED_TOTAL,261031366,Total Points,8435232,Over,54.5,WINNER,1,74,Richmond (W),v Collingwood (W),18,46,28,,,,,,,,,,,
2026-08-15 00:00:00.000 Z,Women's AFL/Richmond (W) v Collingwood (W),35926576,COMBINED_TOTAL,261031366,Total Points,8435233,Under,55.5,LOSER,0,74,Richmond (W),v Collingwood (W),18,46,28,1.01,,,1.01,,,1.01,,,,
2026-08-15 00:00:00.000 Z,Women's AFL/Richmond (W) v Collingwood (W),35926576,COMBINED_TOTAL,261031366,Total Points,8435232,Over,55.5,WINNER,1,74,Richmond (W),v Collingwood (W),18,46,28,1.01,,,1.01,,,1.01,,,,
2026-08-15 00:00:00.000 Z,Women's AFL/Richmond (W) v Collingwood (W),35926576,COMBINED_TOTAL,261031366,Total Points,8435233,Under,56.5,LOSER,0,74,Richmond (W),v Collingwood (W),18,46,28,1.01,,,1.01,,,1.01,,,,
2026-08-15 00:00:00.000 Z,Women's AFL/Richmond (W) v Collingwood (W),35926576,COMBINED_TOTAL,261031366,Total Points,8435232,Over,56.5,WINNER,1,74,Richmond (W),v Collingwood (W),18,46,28,1.02,,,1.02,,,1.02,,,,
2026-08-15 00:00:00.000 Z,Women's AFL/Richmond (W) v Collingwood (W),35926576,COMBINED_TOTAL,261031366,Total Points,8435233,Under,57.5,LOSER,0,74,Richmond (W),v Collingwood (W),18,46,28,1.01,,,1.01,,,1.01,,,,
2026-08-15 00:00:00.000 Z,Women's AFL/Richmond (W) v Collingwood (W),35926576,COMBINED_TOTAL,261031366,Total Points,8435232,Over,57.5,WINNER,1,74,Richmond (W),v Collingwood (W),18,46,28,1.03,,,1.03,,,1.03,,,,
2026-08-15 00:00:00.000 Z,Women's AFL/Richmond (W) v Collingwood (W),35926576,COMBINED_TOTAL,261031366,Total Points,8435233,Under,58.5,LOSER,0,74,Richmond (W),v Collingwood (W),18,46,28,1.01,,,1.01,,,1.01,,,,
2026-08-15 00:00:00.000 Z,Women's AFL/Richmond (W) v Collingwood (W),35926576,COMBINED_TOTAL,261031366,Total Points,8435232,Over,58.5,WINNER,1,74,Richmond (W),v Collingwood (W),18,46,28,1.04,,,1.04,,,1.04,,,,
2026-08-15 00:00:00.000 Z,Women's AFL/Richmond (W) v Collingwood (W),35926576,COMBINED_TOTAL,261031366,Total Points,8435233,Under,59.5,LOSER,0,74,Richmond (W),v Collingwood (W),18,46,28,1.01,,,1.01,,,1.01,,,,
2026-08-15 00:00:00.000 Z,Women's AFL/Richmond (W) v Collingwood (W),35926576,COMBINED_TOTAL,261031366,Total Points,8435232,Over,59.5,WINNER,1,74,Richmond (W),v Collingwood (W),18,46,28,1.05,,,1.05,,,1.05,,,,
2026-08-15 00:00:00.000 Z,Women's AFL/Richmond (W) v Collingwood (W),35926576,COMBINED_TOTAL,261031366,Total Points,8435233,Under,60.5,LOSER,0,74,Richmond (W),v Collingwood (W),18,46,28,1.01,,,1.01,,,1.01,,,,
2026-08-15 00:00:00.000 Z,Women's AFL/Richmond (W) v Collingwood (W),35926576,COMBINED_TOTAL,261031366,Total Points,8435232,Over,60.5,WINNER,1,74,Richmond (W),v Collingwood (W),18,46,28,1.06,,,1.06,,,1.06,,,,
2026-08-15 00:00:00.000 Z,Women's AFL/Richmond (W) v Collingwood (W),35926576,COMBINED_TOTAL,261031366,Total Points,8435233,Under,61.5,LOSER,0,74,Richmond (W),v Collingwood (W),18,46,28,1.01,,,1.01,,,1.01,,,,
2026-08-15 00:00:00.000 Z,Women's AFL/Richmond (W) v Collingwood (W),35926576,COMBINED_TOTAL,261031366,Total Points,8435232,Over,61.5,WINNER,1,74,Richmond (W),v Collingwood (W),18,46,28,1.07,,,1.07,,,1.07,,,,
2026-08-15 00:00:00.000 Z,Women's AFL/Richmond (W) v Collingwood (W),35926576,COMBINED_TOTAL,261031366,Total Points,8435233,Under,62.5,LOSER,0,74,Richmond (W),v Collingwood (W),18,46,28,1.01,,,1.01,,,1.01,,,,
2026-08-15 00:00:00.000 Z,Women's AFL/Richmond (W) v Collingwood (W),35926576,COMBINED_TOTAL,261031366,Total Points,8435232,Over,62.5,WINNER,1,74,Richmond (W),v Collingwood (W),18,46,28,1.08,,,1.08,,,1.08,,,,
2026-08-15 00:00:00.000 Z,Women's AFL/Richmond (W) v Collingwood (W),35926576,COMBINED_TOTAL,261031366,Total Points,8435233,Under,63.5,LOSER,0,74,Richmond (W),v Collingwood (W),18,46,28,1.01,,,1.01,,,1.01,,,,
2026-08-15 00:00:00.000 Z,Women's AFL/Richmond (W) v Collingwood (W),35926576,COMBINED_TOTAL,261031366,Total Points,8435232,Over,63.5,WINNER,1,74,Richmond (W),v Collingwood (W),18,46,28,1.09,,,1.09,,,1.09,,,,
2026-08-15 00:00:00.000 Z,Women's AFL/Richmond (W) v Collingwood (W),35926576,COMBINED_TOTAL,261031366,Total Points,8435233,Under,64.5,LOSER,0,74,Richmond (W),v Collingwood (W),18,46,28,1.01,,,1.01,,,1.01,,,,
2026-08-15 00:00:00.000 Z,Women's AFL/Richmond (W) v Collingwood (W),35926576,COMBINED_TOTAL,261031366,Total Points,8435232,Over,64.5,WINNER,1,74,Richmond (W),v Collingwood (W),18,46,28,1.11,,,1.11,,,1.11,,,,
2026-08-15 00:00:00.000 Z,Women's AFL/Richmond (W) v Collingwood (W),35926576,COMBINED_TOTAL,261031366,Total Points,8435233,Under,65.5,LOSER,0,74,Richmond (W),v Collingwood (W),18,46,28,1.01,,,1.01,,,1.01,,,,
2026-08-15 00:00:00.000 Z,Women's AFL/Richmond (W) v Collingwood (W),35926576,COMBINED_TOTAL,261031366,Total Points,8435232,Over,65.5,WINNER,1,74,Richmond (W),v Collingwood (W),18,46,28,1.13,,,1.13,,,1.13,,,,
2026-08-15 00:00:00.000 Z,Women's AFL/Richmond (W) v Collingwood (W),35926576,COMBINED_TOTAL,261031366,Total Points,8435233,Under,66.5,LOSER,0,74,Richmond (W),v Collingwood (W),18,46,28,1.01,,,1.01,,,1.01,,,,
2026-08-15 00:00:00.000 Z,Women's AFL/Richmond (W) v Collingwood (W),35926576,COMBINED_TOTAL,261031366,Total Points,8435232,Over,66.5,WINNER,1,74,Richmond (W),v Collingwood (W),18,46,28,1.15,,,1.15,,,1.15,,,,
2026-08-15 00:00:00.000 Z,Women's AFL/Richmond (W) v Collingwood (W),35926576,COMBINED_TOTAL,261031366,Total Points,8435233,Under,67.5,LOSER,0,74,Richmond (W),v Collingwood (W),18,46,28,1.01,,,1.01,,,1.01,,,,
2026-08-15 00:00:00.000 Z,Women's AFL/Richmond (W) v Collingwood (W),35926576,COMBINED_TOTAL,261031366,Total Points,8435232,Over,67.5,WINNER,1,74,Richmond (W),v Collingwood (W),18,46,28,1.17,,,1.17,,,1.17,,,,
2026-08-15 00:00:00.000 Z,Women's AFL/Richmond (W) v Collingwood (W),35926576,COMBINED_TOTAL,261031366,Total Points,8435233,Under,68.5,LOSER,0,74,Richmond (W),v Collingwood (W),18,46,28,1.01,,,1.01,,,1.01,,,,
2026-08-15 00:00:00.000 Z,Women's AFL/Richmond (W) v Collingwood (W),35926576,COMBINED_TOTAL,261031366,Total Points,8435232,Over,68.5,WINNER,1,74,Richmond (W),v Collingwood (W),18,46,28,1.19,,,1.19,,,1.19,,,,
2026-08-15 00:00:00.000 Z,Women's AFL/Richmond (W) v Collingwood (W),35926576,COMBINED_TOTAL,261031366,Total Points,8435233,Under,69.5,LOSER,0,74,Richmond (W),v Collingwood (W),18,46,28,1.01,,,1.01,,,1.01,,,,
2026-08-15 00:00:00.000 Z,Women's AFL/Richmond (W) v Collingwood (W),35926576,COMBINED_TOTAL,261031366,Total Points,8435232,Over,69.5,WINNER,1,74,Richmond (W),v Collingwood (W),18,46,28,1.21,,,1.21,,,1.21,,,,
2026-08-15 00:00:00.000 Z,Women's AFL/Richmond (W) v Collingwood (W),35926576,COMBINED_TOTAL,261031366,Total Points,8435233,Under,70.5,LOSER,0,74,Richmond (W),v Collingwood (W),18,46,28,1.01,,,1.01,,,1.01,,,,
2026-08-15 00:00:00.000 Z,Women's AFL/Richmond (W) v Collingwood (W),35926576,COMBINED_TOTAL,261031366,Total Points,8435232,Over,70.5,WINNER,1,74,Richmond (W),v Collingwood (W),18,46,28,1.23,,,1.23,,,1.23,,,,
2026-08-15 00:00:00.000 Z,Women's AFL/Richmond (W) v Collingwood (W),35926576,COMBINED_TOTAL,261031366,Total Points,8435233,Under,71.5,LOSER,0,74,Richmond (W),v Collingwood (W),18,46,28,1.01,,,1.01,,,1.01,,,,
2026-08-15 00:00:00.000 Z,Women's AFL/Richmond (W) v Collingwood (W),35926576,COMBINED_TOTAL,261031366,Total Points,8435232,Over,71.5,WINNER,1,74,Richmond (W),v Collingwood (W),18,46,28,1.26,,,1.26,,,1.31,,,,
2026-08-15 00:00:00.000 Z,Women's AFL/Richmond (W) v Collingwood (W),35926576,COMBINED_TOTAL,261031366,Total Points,8435233,Under,72.5,LOSER,0,74,Richmond (W),v Collingwood (W),18,46,28,1.01,,,1.01,,,1.01,,,,
2026-08-15 00:00:00.000 Z,Women's AFL/Richmond (W) v Collingwood (W),35926576,COMBINED_TOTAL,261031366,Total Points,8435232,Over,72.5,WINNER,1,74,Richmond (W),v Collingwood (W),18,46,28,1.29,,,1.29,,,1.29,,,,
2026-08-15 00:00:00.000 Z,Women's AFL/Richmond (W) v Collingwood (W),35926576,COMBINED_TOTAL,261031366,Total Points,8435233,Under,73.5,LOSER,0,74,Richmond (W),v Collingwood (W),18,46,28,1.01,,,1.01,,,1.01,,,,
2026-08-15 00:00:00.000 Z,Women's AFL/Richmond (W) v Collingwood (W),35926576,COMBINED_TOTAL,261031366,Total Points,8435232,Over,73.5,WINNER,1,74,Richmond (W),v Collingwood (W),18,46,28,1.32,,,1.32,,,1.32,,,,
2026-08-15 00:00:00.000 Z,Women's AFL/Richmond (W) v Collingwood (W),35926576,COMBINED_TOTAL,261031366,Total Points,8435232,Over,74.5,LOSER,0,74,Richmond (W),v Collingwood (W),18,46,28,1.35,,,1.35,,,1.35,,,,
2026-08-15 00:00:00.000 Z,Women's AFL/Richmond (W) v Collingwood (W),35926576,COMBINED_TOTAL,261031366,Total Points,8435233,Under,74.5,WINNER,1,74,Richmond (W),v Collingwood (W),18,46,28,1.01,,,1.01,,,1.01,,,,
2026-08-15 00:00:00.000 Z,Women's AFL/Richmond (W) v Collingwood (W),35926576,COMBINED_TOTAL,261031366,Total Points,8435232,Over,75.5,LOSER,0,74,Richmond (W),v Collingwood (W),18,46,28,1.38,,,1.38,,35,1.38,,35,35,1.38
2026-08-15 00:00:00.000 Z,Women's AFL/Richmond (W) v Collingwood (W),35926576,COMBINED_TOTAL,261031366,Total Points,8435233,Under,75.5,WINNER,1,74,Richmond (W),v Collingwood (W),18,46,28,1.01,,,1.01,,,1.01,,,,
2026-08-15 00:00:00.000 Z,Women's AFL/Richmond (W) v Collingwood (W),35926576,COMBINED_TOTAL,261031366,Total Points,8435232,Over,76.5,LOSER,0,74,Richmond (W),v Collingwood (W),18,46,28,1.41,,,1.41,,,1.41,,,,
2026-08-15 00:00:00.000 Z,Women's AFL/Richmond (W) v Collingwood (W),35926576,COMBINED_TOTAL,261031366,Total Points,8435233,Under,76.5,WINNER,1,74,Richmond (W),v Collingwood (W),18,46,28,1.01,,,1.01,,,1.01,,,,
2026-08-15 00:00:00.000 Z,Women's AFL/Richmond (W) v Collingwood (W),35926576,COMBINED_TOTAL,261031366,Total Points,8435232,Over,77.5,LOSER,0,74,Richmond (W),v Collingwood (W),18,46,28,1.45,,,1.45,,,1.51,,,,
2026-08-15 00:00:00.000 Z,Women's AFL/Richmond (W) v Collingwood (W),35926576,COMBINED_TOTAL,261031366,Total Points,8435233,Under,77.5,WINNER,1,74,Richmond (W),v Collingwood (W),18,46,28,1.01,,,1.01,,,1.01,,,,
2026-08-15 00:00:00.000 Z,Women's AFL/Richmond (W) v Collingwood (W),35926576,COMBINED_TOTAL,261031366,Total Points,8435232,Over,78.5,LOSER,0,74,Richmond (W),v Collingwood (W),18,46,28,1.49,,,1.49,,,1.49,,,,
2026-08-15 00:00:00.000 Z,Women's AFL/Richmond (W) v Collingwood (W),35926576,COMBINED_TOTAL,261031366,Total Points,8435233,Under,78.5,WINNER,1,74,Richmond (W),v Collingwood (W),18,46,28,1.01,,,1.01,,,1.01,,,,
2026-08-15 00:00:00.000 Z,Women's AFL/Richmond (W) v Collingwood (W),35926576,COMBINED_TOTAL,261031366,Total Points,8435232,Over,79.5,LOSER,0,74,Richmond (W),v Collingwood (W),18,46,28,1.53,,35,1.53,,35,1.53,,35,35,1.53
2026-08-15 00:00:00.000 Z,Women's AFL/Richmond (W) v Collingwood (W),35926576,COMBINED_TOTAL,261031366,Total Points,8435233,Under,79.5,WINNER,1,74,Richmond (W),v Collingwood (W),18,46,28,1.01,,,1.01,,,1.01,,,,
2026-08-15 00:00:00.000 Z,Women's AFL/Richmond (W) v Collingwood (W),35926576,COMBINED_TOTAL,261031366,Total Points,8435232,Over,80.5,LOSER,0,74,Richmond (W),v Collingwood (W),18,46,28,1.57,,,1.57,,,1.57,,,,
2026-08-15 00:00:00.000 Z,Women's AFL/Richmond (W) v Collingwood (W),35926576,COMBINED_TOTAL,261031366,Total Points,8435233,Under,80.5,WINNER,1,74,Richmond (W),v Collingwood (W),18,46,28,1.01,,,1.01,,,1.01,,,,
2026-08-15 00:00:00.000 Z,Women's AFL/Richmond (W) v Collingwood (W),35926576,COMBINED_TOTAL,261031366,Total Points,8435232,Over,81.5,LOSER,0,74,Richmond (W),v Collingwood (W),18,46,28,1.59,,,1.59,,,1.59,,,,
2026-08-15 00:00:00.000 Z,Women's AFL/Richmond (W) v Collingwood (W),35926576,COMBINED_TOTAL,261031366,Total Points,8435233,Under,81.5,WINNER,1,74,Richmond (W),v Collingwood (W),18,46,28,1.62,,,1.8,,,1.62,2.2,,,
2026-08-15 00:00:00.000 Z,Women's AFL/Richmond (W) v Collingwood (W),35926576,COMBINED_TOTAL,261031366,Total Points,8435232,Over,82.5,LOSER,0,74,Richmond (W),v Collingwood (W),18,46,28,1.6,1.92,,1.6,,,1.9,,,,
2026-08-15 00:00:00.000 Z,Women's AFL/Richmond (W) v Collingwood (W),35926576,COMBINED_TOTAL,261031366,Total Points,8435233,Under,82.5,WINNER,1,74,Richmond (W),v Collingwood (W),18,46,28,1.61,,,1.61,,,1.61,,,,
2026-08-15 00:00:00.000 Z,Women's AFL/Richmond (W) v Collingwood (W),35926576,COMBINED_TOTAL,261031366,Total Points,8435232,Over,83.5,LOSER,0,74,Richmond (W),v Collingwood (W),18,46,28,1.61,,,1.81,18.5,50,1.81,,455,455,2.06
2026-08-15 00:00:00.000 Z,Women's AFL/Richmond (W) v Collingwood (W),35926576,COMBINED_TOTAL,261031366,Total Points,8435233,Under,83.5,WINNER,1,74,Richmond (W),v Collingwood (W),18,46,28,1.6,,,1.6,,,1.81,1.94,630.05,630.05,1.94
2026-08-15 00:00:00.000 Z,Women's AFL/Richmond (W) v Collingwood (W),35926576,COMBINED_TOTAL,261031366,Total Points,8435232,Over,84.5,LOSER,0,74,Richmond (W),v Collingwood (W),18,46,28,1.62,,,1.62,,,1.62,,,,
2026-08-15 00:00:00.000 Z,Women's AFL/Richmond (W) v Collingwood (W),35926576,COMBINED_TOTAL,261031366,Total Points,8435233,Under,84.5,WINNER,1,74,Richmond (W),v Collingwood (W),18,46,28,1.59,,2.2,1.59,,2.2,1.59,1.9,24.2,24.2,1.59
2026-08-15 00:00:00.000 Z,Women's AFL/Richmond (W) v Collingwood (W),35926576,COMBINED_TOTAL,261031366,Total Points,8435232,Over,85.5,LOSER,0,74,Richmond (W),v Collingwood (W),18,46,28,,,,,,,,,,,
2026-08-15 00:00:00.000 Z,Women's AFL/Richmond (W) v Collingwood (W),35926576,COMBINED_TOTAL,261031366,Total Points,8435233,Under,85.5,WINNER,1,74,Richmond (W),v Collingwood (W),18,46,28,1.55,,,1.55,,4,1.55,,4,4,1.55
2026-08-15 00:00:00.000 Z,Women's AFL/Richmond (W) v Collingwood (W),35926576,COMBINED_TOTAL,261031366,Total Points,8435232,Over,86.5,LOSER,0,74,Richmond (W),v Collingwood (W),18,46,28,,,,,,,,,,,
2026-08-15 00:00:00.000 Z,Women's AFL/Richmond (W) v Collingwood (W),35926576,COMBINED_TOTAL,261031366,Total Points,8435233,Under,86.5,WINNER,1,74,Richmond (W),v Collingwood (W),18,46,28,1.51,,,1.51,,,1.51,,,,
2026-08-15 00:00:00.000 Z,Women's AFL/Richmond (W) v Collingwood (W),35926576,COMBINED_TOTAL,261031366,Total Points,8435232,Over,87.5,LOSER,0,74,Richmond (W),v Collingwood (W),18,46,28,,,,,,,,,,,
2026-08-15 00:00:00.000 Z,Women's AFL/Richmond (W) v Collingwood (W),35926576,COMBINED_TOTAL,261031366,Total Points,8435233,Under,87.5,WINNER,1,74,Richmond (W),v Collingwood (W),18,46,28,1.47,,,1.47,,,1.53,,,,
2026-08-15 00:00:00.000 Z,Women's AFL/Richmond (W) v Collingwood (W),35926576,COMBINED_TOTAL,261031366,Total Points,8435232,Over,88.5,LOSER,0,74,Richmond (W),v Collingwood (W),18,46,28,,,,,,,,,,,
2026-08-15 00:00:00.000 Z,Women's AFL/Richmond (W) v Collingwood (W),35926576,COMBINED_TOTAL,261031366,Total Points,8435233,Under,88.5,WINNER,1,74,Richmond (W),v Collingwood (W),18,46,28,1.43,,,1.43,,,1.43,,,,
2026-08-15 00:00:00.000 Z,Women's AFL/Richmond (W) v Collingwood (W),35926576,COMBINED_TOTAL,261031366,Total Points,8435232,Over,89.5,LOSER,0,74,Richmond (W),v Collingwood (W),18,46,28,,,,,,,,,,,
2026-08-15 00:00:00.000 Z,Women's AFL/Richmond (W) v Collingwood (W),35926576,COMBINED_TOTAL,261031366,Total Points,8435233,Under,89.5,WINNER,1,74,Richmond (W),v Collingwood (W),18,46,28,1.39,,,1.39,,,1.39,,,,
2026-08-15 00:00:00.000 Z,Women's AFL/Richmond (W) v Collingwood (W),35926576,COMBINED_TOTAL,261031366,Total Points,8435232,Over,90.5,LOSER,0,74,Richmond (W),v Collingwood (W),18,46,28,,,,,,,,,,,
2026-08-15 00:00:00.000 Z,Women's AFL/Richmond (W) v Collingwood (W),35926576,COMBINED_TOTAL,261031366,Total Points,8435233,Under,90.5,WINNER,1,74,Richmond (W),v Collingwood (W),18,46,28,1.35,,,1.35,,,1.35,,,,
2026-08-15 00:00:00.000 Z,Women's AFL/Richmond (W) v Collingwood (W),35926576,COMBINED_TOTAL,261031366,Total Points,8435232,Over,91.5,LOSER,0,74,Richmond (W),v Collingwood (W),18,46,28,,,,,,,,,,,
2026-08-15 00:00:00.000 Z,Women's AFL/Richmond (W) v Collingwood (W),35926576,COMBINED_TOTAL,261031366,Total Points,8435233,Under,91.5,WINNER,1,74,Richmond (W),v Collingwood (W),18,46,28,1.32,,,1.32,,,1.32,,,,
2026-08-15 00:00:00.000 Z,Women's AFL/Richmond (W) v Collingwood (W),35926576,COMBINED_TOTAL,261031366,Total Points,8435232,Over,92.5,LOSER,0,74,Richmond (W),v Collingwood (W),18,46,28,,,,,,,,,,,
2026-08-15 00:00:00.000 Z,Women's AFL/Richmond (W) v Collingwood (W),35926576,COMBINED_TOTAL,261031366,Total Points,8435233,Under,92.5,WINNER,1,74,Richmond (W),v Collingwood (W),18,46,28,1.29,,,1.29,,,1.29,,,,
2026-08-15 00:00:00.000 Z,Women's AFL/Richmond (W) v Collingwood (W),35926576,COMBINED_TOTAL,261031366,Total Points,8435232,Over,93.5,LOSER,0,74,Richmond (W),v Collingwood (W),18,46,28,,,,,,,,,,,
2026-08-15 00:00:00.000 Z,Women's AFL/Richmond (W) v Collingwood (W),35926576,COMBINED_TOTAL,261031366,Total Points,8435233,Under,93.5,WINNER,1,74,Richmond (W),v Collingwood (W),18,46,28,1.26,,,1.26,,,1.26,,,,
2026-08-15 00:00:00.000 Z,Women's AFL/Richmond (W) v Collingwood (W),35926576,COMBINED_TOTAL,261031366,Total Points,8435232,Over,94.5,LOSER,0,74,Richmond (W),v Collingwood (W),18,46,28,,,,,,,,,,,
2026-08-15 00:00:00.000 Z,Women's AFL/Richmond (W) v Collingwood (W),35926576,COMBINED_TOTAL,261031366,Total Points,8435233,Under,94.5,WINNER,1,74,Richmond (W),v Collingwood (W),18,46,28,1.24,,,1.24,,,1.24,,,,
2026-08-15 00:00:00.000 Z,Women's AFL/Richmond (W) v Collingwood (W),35926576,COMBINED_TOTAL,261031366,Total Points,8435232,Over,95.5,LOSER,0,74,Richmond (W),v Collingwood (W),18,46,28,,,,,,,,,,,
2026-08-15 00:00:00.000 Z,Women's AFL/Richmond (W) v Collingwood (W),35926576,COMBINED_TOTAL,261031366,Total Points,8435233,Under,95.5,WINNER,1,74,Richmond (W),v Collingwood (W),18,46,28,1.22,,,1.22,,,1.22,,,,
2026-08-15 00:00:00.000 Z,Women's AFL/Richmond (W) v Collingwood (W),35926576,COMBINED_TOTAL,261031366,Total Points,8435232,Over,96.5,LOSER,0,74,Richmond (W),v Collingwood (W),18,46,28,,,,,,,,,,,
2026-08-15 00:00:00.000 Z,Women's AFL/Richmond (W) v Collingwood (W),35926576,COMBINED_TOTAL,261031366,Total Points,8435233,Under,96.5,WINNER,1,74,Richmond (W),v Collingwood (W),18,46,28,1.2,,,1.2,,,1.2,,,,
2026-08-15 00:00:00.000 Z,Women's AFL/Richmond (W) v Collingwood (W),35926576,COMBINED_TOTAL,261031366,Total Points,8435232,Over,97.5,LOSER,0,74,Richmond (W),v Collingwood (W),18,46,28,,,,,,,,,,,
2026-08-15 00:00:00.000 Z,Women's AFL/Richmond (W) v Collingwood (W),35926576,COMBINED_TOTAL,261031366,Total Points,8435233,Under,97.5,WINNER,1,74,Richmond (W),v Collingwood (W),18,46,28,1.18,,,1.18,,,1.18,,,,
2026-08-15 00:00:00.000 Z,Women's AFL/Richmond (W) v Collingwood (W),35926576,COMBINED_TOTAL,261031366,Total Points,8435232,Over,98.5,LOSER,0,74,Richmond (W),v Collingwood (W),18,46,28,,,,,,,,,,,
2026-08-15 00:00:00.000 Z,Women's AFL/Richmond (W) v Collingwood (W),35926576,COMBINED_TOTAL,261031366,Total Points,8435233,Under,98.5,WINNER,1,74,Richmond (W),v Collingwood (W),18,46,28,1.16,,,1.16,,,1.16,,,,
2026-08-15 00:00:00.000 Z,Women's AFL/Richmond (W) v Collingwood (W),35926576,COMBINED_TOTAL,261031366,Total Points,8435232,Over,99.5,LOSER,0,74,Richmond (W),v Collingwood (W),18,46,28,,,,,,,,,,,
2026-08-15 00:00:00.000 Z,Women's AFL/Richmond (W) v Collingwood (W),35926576,COMBINED_TOTAL,261031366,Total Points,8435233,Under,99.5,WINNER,1,74,Richmond (W),v Collingwood (W),18,46,28,1.14,,,1.14,,,1.14,,,,
2026-08-15 00:00:00.000 Z,Women's AFL/Richmond (W) v Collingwood (W),35926576,COMBINED_TOTAL,261031366,Total Points,8435232,Over,100.5,LOSER,0,74,Richmond (W),v Collingwood (W),18,46,28,,,,,,,,,,,
2026-08-15 00:00:00.000 Z,Women's AFL/Richmond (W) v Collingwood (W),35926576,COMBINED_TOTAL,261031366,Total Points,8435233,Under,100.5,WINNER,1,74,Richmond (W),v Collingwood (W),18,46,28,1.12,,,1.12,,,1.12,,,,
2026-08-15 00:00:00.000 Z,Women's AFL/Richmond (W) v Collingwood (W),35926576,COMBINED_TOTAL,261031366,Total Points,8435232,Over,101.5,LOSER,0,74,Richmond (W),v Collingwood (W),18,46,28,,,,,,,,,,,
2026-08-15 00:00:00.000 Z,Women's AFL/Richmond (W) v Collingwood (W),35926576,COMBINED_TOTAL,261031366,Total Points,8435233,Under,101.5,WINNER,1,74,Richmond (W),v Collingwood (W),18,46,28,1.1,,,1.1,,,1.1,,,,
2026-08-15 00:00:00.000 Z,Women's AFL/Richmond (W) v Collingwood (W),35926576,COMBINED_TOTAL,261031366,Total Points,8435232,Over,102.5,LOSER,0,74,Richmond (W),v Collingwood (W),18,46,28,,,,,,,,,,,
2026-08-15 00:00:00.000 Z,Women's AFL/Richmond (W) v Collingwood (W),35926576,COMBINED_TOTAL,261031366,Total Points,8435233,Under,102.5,WINNER,1,74,Richmond (W),v Collingwood (W),18,46,28,1.09,,,1.09,,,1.09,,,,
2026-08-15 00:00:00.000 Z,Women's AFL/Richmond (W) v Collingwood (W),35926576,COMBINED_TOTAL,261031366,Total Points,8435232,Over,103.5,LOSER,0,74,Richmond (W),v Collingwood (W),18,46,28,,,,,,,,,,,
2026-08-15 00:00:00.000 Z,Women's AFL/Richmond (W) v Collingwood (W),35926576,COMBINED_TOTAL,261031366,Total Points,8435233,Under,103.5,WINNER,1,74,Richmond (W),v Collingwood (W),18,46,28,1.08,,,1.08,,,1.08,,,,
2026-08-15 00:00:00.000 Z,Women's AFL/Richmond (W) v Collingwood (W),35926576,COMBINED_TOTAL,261031366,Total Points,8435232,Over,104.5,LOSER,0,74,Richmond (W),v Collingwood (W),18,46,28,,,,,,,,,,,
2026-08-15 00:00:00.000 Z,Women's AFL/Richmond (W) v Collingwood (W),35926576,COMBINED_TOTAL,261031366,Total Points,8435233,Under,104.5,WINNER,1,74,Richmond (W),v Collingwood (W),18,46,28,1.07,,,1.07,,,1.07,,,,
2026-08-15 00:00:00.000 Z,Women's AFL/Richmond (W) v Collingwood (W),35926576,COMBINED_TOTAL,261031366,Total Points,8435232,Over,105.5,LOSER,0,74,Richmond (W),v Collingwood (W),18,46,28,,,,,,,,,,,
2026-08-15 00:00:00.000 Z,Women's AFL/Richmond (W) v Collingwood (W),35926576,COMBINED_TOTAL,261031366,Total Points,8435233,Under,105.5,WINNER,1,74,Richmond (W),v Collingwood (W),18,46,28,1.06,,,1.06,,,1.06,,,,
2026-08-15 00:00:00.000 Z,Women's AFL/Richmond (W) v Collingwood (W),35926576,COMBINED_TOTAL,261031366,Total Points,8435232,Over,106.5,LOSER,0,74,Richmond (W),v Collingwood (W),18,46,28,,,,,,,,,,,
2026-08-15 00:00:00.000 Z,Women's AFL/Richmond (W) v Collingwood (W),35926576,COMBINED_TOTAL,261031366,Total Points,8435233,Under,106.5,WINNER,1,74,Richmond (W),v Collingwood (W),18,46,28,1.05,,,1.05,,,1.05,,,,
2026-08-15 00:00:00.000 Z,Women's AFL/Richmond (W) v Collingwood (W),35926576,COMBINED_TOTAL,261031366,Total Points,8435232,Over,107.5,LOSER,0,74,Richmond (W),v Collingwood (W),18,46,28,,,,,,,,,,,
2026-08-15 00:00:00.000 Z,Women's AFL/Richmond (W) v Collingwood (W),35926576,COMBINED_TOTAL,261031366,Total Points,8435233,Under,107.5,WINNER,1,74,Richmond (W),v Collingwood (W),18,46,28,1.04,,,1.04,,,1.04,,,,
2026-08-15 00:00:00.000 Z,Women's AFL/Richmond (W) v Collingwood (W),35926576,COMBINED_TOTAL,261031366,Total Points,8435232,Over,108.5,LOSER,0,74,Richmond (W),v Collingwood (W),18,46,28,,,,,,,,,,,
2026-08-15 00:00:00.000 Z,Women's AFL/Richmond (W) v Collingwood (W),35926576,COMBINED_TOTAL,261031366,Total Points,8435233,Under,108.5,WINNER,1,74,Richmond (W),v Collingwood (W),18,46,28,1.03,,,1.03,,,1.03,,,,
2026-08-15 00:00:00.000 Z,Women's AFL/Richmond (W) v Collingwood (W),35926576,COMBINED_TOTAL,261031366,Total Points,8435232,Over,109.5,LOSER,0,74,Richmond (W),v Collingwood (W),18,46,28,,,,,,,,,,,
2026-08-15 00:00:00.000 Z,Women's AFL/Richmond (W) v Collingwood (W),35926576,COMBINED_TOTAL,261031366,Total Points,8435233,Under,109.5,WINNER,1,74,Richmond (W),v Collingwood (W),18,46,28,1.02,,,1.02,,,1.02,,,,
2026-08-15 00:00:00.000 Z,Women's AFL/Richmond (W) v Collingwood (W),35926576,COMBINED_TOTAL,261031366,Total Points,8435232,Over,110.5,LOSER,0,74,Richmond (W),v Collingwood (W),18,46,28,,,,,,,,,,,
2026-08-15 00:00:00.000 Z,Women's AFL/Richmond (W) v Collingwood (W),35926576,COMBINED_TOTAL,261031366,Total Points,8435233,Under,110.5,WINNER,1,74,Richmond (W),v Collingwood (W),18,46,28,1.01,,,1.01,,,1.01,,,,
2026-08-15 00:00:00.000 Z,Women's AFL/Richmond (W) v Collingwood (W),35926576,COMBINED_TOTAL,261031366,Total Points,8435232,Over,111.5,LOSER,0,74,Richmond (W),v Collingwood (W),18,46,28,,,,,,,,,,,
2026-08-15 00:00:00.000 Z,Women's AFL/Richmond (W) v Collingwood (W),35926576,COMBINED_TOTAL,261031366,Total Points,8435233,Under,111.5,WINNER,1,74,Richmond (W),v Collingwood (W),18,46,28,,,,,,,,,,,
2026-08-15 00:00:00.000 Z,Women's AFL/Richmond (W) v Collingwood (W),35926576,COMBINED_TOTAL,261031366,Total Points,8435232,Over,112.5,LOSER,0,74,Richmond (W),v Collingwood (W),18,46,28,,,,,,,,,,,
2026-08-15 00:00:00.000 Z,Women's AFL/Richmond (W) v Collingwood (W),35926576,COMBINED_TOTAL,261031366,Total Points,8435233,Under,112.5,WINNER,1,74,Richmond (W),v Collingwood (W),18,46,28,,,,,,,,,,,
2026-08-15 00:00:00.000 Z,Women's AFL/Richmond (W) v Collingwood (W),35926576,COMBINED_TOTAL,261031366,Total Points,8435232,Over,113.5,LOSER,0,74,Richmond (W),v Collingwood (W),18,46,28,,,,,,,,,,,
2026-08-15 00:00:00.000 Z,Women's AFL/Richmond (W) v Collingwood (W),35926576,COMBINED_TOTAL,261031366,Total Points,8435233,Under,113.5,WINNER,1,74,Richmond (W),v Collingwood (W),18,46,28,,,,,,,,,,,
2026-08-15 00:00:00.000 Z,Women's AFL/Richmond (W) v Collingwood (W),35926576,COMBINED_TOTAL,261031366,Total Points,8435232,Over,114.5,LOSER,0,74,Richmond (W),v Collingwood (W),18,46,28,,,,,,,,,,,
2026-08-15 00:00:00.000 Z,Women's AFL/Richmond (W) v Collingwood (W),35926576,COMBINED_TOTAL,261031366,Total Points,8435233,Under,114.5,WINNER,1,74,Richmond (W),v Collingwood (W),18,46,28,,,,,,,,,,,
2026-08-15 00:00:00.000 Z,Women's AFL/Richmond (W) v Collingwood (W),35926576,COMBINED_TOTAL,261031366,Total Points,8435232,Over,115.5,LOSER,0,74,Richmond (W),v Collingwood (W),18,46,28,,,,,,,,,,,
2026-08-15 00:00:00.000 Z,Women's AFL/Richmond (W) v Collingwood (W),35926576,COMBINED_TOTAL,261031366,Total Points,8435233,Under,115.5,WINNER,1,74,Richmond (W),v Collingwood (W),18,46,28,,,,,,,,,,,
2026-08-15 00:00:00.000 Z,Women's AFL/Richmond (W) v Collingwood (W),35926576,COMBINED_TOTAL,261031366,Total Points,8435232,Over,116.5,LOSER,0,74,Richmond (W),v Collingwood (W),18,46,28,,,,,,,,,,,
2026-08-15 00:00:00.000 Z,Women's AFL/Richmond (W) v Collingwood (W),35926576,COMBINED_TOTAL,261031366,Total Points,8435233,Under,116.5,WINNER,1,74,Richmond (W),v Collingwood (W),18,46,28,,,,,,,,,,,
2026-08-15 00:00:00.000 Z,Women's AFL/Richmond (W) v Collingwood (W),35926576,COMBINED_TOTAL,261031366,Total Points,8435232,Over,117.5,LOSER,0,74,Richmond (W),v Collingwood (W),18,46,28,,,,,,,,,,,
2026-08-15 00:00:00.000 Z,Women's AFL/Richmond (W) v Collingwood (W),35926576,COMBINED_TOTAL,261031366,Total Points,8435233,Under,117.5,WINNER,1,74,Richmond (W),v Collingwood (W),18,46,28,,,,,,,,,,,
2026-08-15 00:00:00.000 Z,Women's AFL/Richmond (W) v Collingwood (W),35926576,COMBINED_TOTAL,261031366,Total Points,8435232,Over,118.5,LOSER,0,74,Richmond (W),v Collingwood (W),18,46,28,,,,,,,,,,,
2026-08-15 00:00:00.000 Z,Women's AFL/Richmond (W) v Collingwood (W),35926576,COMBINED_TOTAL,261031366,Total Points,8435233,Under,118.5,WINNER,1,74,Richmond (W),v Collingwood (W),18,46,28,,,,,,,,,,,
2026-08-15 00:00:00.000 Z,Women's AFL/Richmond (W) v Collingwood (W),35926576,COMBINED_TOTAL,261031366,Total Points,8435232,Over,119.5,LOSER,0,74,Richmond (W),v Collingwood (W),18,46,28,,,,,,,,,,,
2026-08-15 00:00:00.000 Z,Women's AFL/Richmond (W) v Collingwood (W),35926576,COMBINED_TOTAL,261031366,Total Points,8435233,Under,119.5,WINNER,1,74,Richmond (W),v Collingwood (W),18,46,28,,,,,,,,,,,
2026-08-15 00:00:00.000 Z,Women's AFL/Richmond (W) v Collingwood (W),35926576,COMBINED_TOTAL,261031366,Total Points,8435232,Over,120.5,LOSER,0,74,Richmond (W),v Collingwood (W),18,46,28,,,,,,,,,,,
2026-08-15 00:00:00.000 Z,Women's AFL/Richmond (W) v Collingwood (W),35926576,COMBINED_TOTAL,261031366,Total Points,8435233,Under,120.5,WINNER,1,74,Richmond (W),v Collingwood (W),18,46,28,,,,,,,,,,,
2026-08-15 00:00:00.000 Z,Women's AFL/Richmond (W) v Collingwood (W),35926576,COMBINED_TOTAL,261031366,Total Points,8435232,Over,121.5,LOSER,0,74,Richmond (W),v Collingwood (W),18,46,28,,,,,,,,,,,
2026-08-15 00:00:00.000 Z,Women's AFL/Richmond (W) v Collingwood (W),35926576,COMBINED_TOTAL,261031366,Total Points,8435233,Under,121.5,WINNER,1,74,Richmond (W),v Collingwood (W),18,46,28,,,,,,,,,,,
2026-08-15 00:00:00.000 Z,Women's AFL/Richmond (W) v Collingwood (W),35926576,COMBINED_TOTAL,261031366,Total Points,8435232,Over,122.5,LOSER,0,74,Richmond (W),v Collingwood (W),18,46,28,,,,,,,,,,,
2026-08-15 00:00:00.000 Z,Women's AFL/Richmond (W) v Collingwood (W),35926576,COMBINED_TOTAL,261031366,Total Points,8435233,Under,122.5,WINNER,1,74,Richmond (W),v Collingwood (W),18,46,28,,,,,,,,,,,
2026-08-15 00:00:00.000 Z,Women's AFL/Richmond (W) v Collingwood (W),35926576,COMBINED_TOTAL,261031366,Total Points,8435232,Over,123.5,LOSER,0,74,Richmond (W),v Collingwood (W),18,46,28,,,,,,,,,,,
2026-08-15 00:00:00.000 Z,Women's AFL/Richmond (W) v Collingwood (W),35926576,COMBINED_TOTAL,261031366,Total Points,8435233,Under,123.5,WINNER,1,74,Richmond (W),v Collingwood (W),18,46,28,,,,,,,,,,,
2026-08-15 00:00:00.000 Z,Women's AFL/Richmond (W) v Collingwood (W),35926576,COMBINED_TOTAL,261031366,Total Points,8435232,Over,124.5,LOSER,0,74,Richmond (W),v Collingwood (W),18,46,28,,,,,,,,,,,
2026-08-15 00:00:00.000 Z,Women's AFL/Richmond (W) v Collingwood (W),35926576,COMBINED_TOTAL,261031366,Total Points,8435233,Under,124.5,WINNER,1,74,Richmond (W),v Collingwood (W),18,46,28,,,,,,,,,,,
2026-08-15 00:00:00.000 Z,Women's AFL/Richmond (W) v Collingwood (W),35926576,COMBINED_TOTAL,261031366,Total Points,8435232,Over,125.5,LOSER,0,74,Richmond (W),v Collingwood (W),18,46,28,,,,,,,,,,,
2026-08-15 00:00:00.000 Z,Women's AFL/Richmond (W) v Collingwood (W),35926576,COMBINED_TOTAL,261031366,Total Points,8435233,Under,125.5,WINNER,1,74,Richmond (W),v Collingwood (W),18,46,28,,,,,,,,,,,
2026-08-15 00:00:00.000 Z,Women's AFL/Richmond (W) v Collingwood (W),35926576,COMBINED_TOTAL,261031366,Total Points,8435232,Over,126.5,LOSER,0,74,Richmond (W),v Collingwood (W),18,46,28,,,,,,,,,,,
2026-08-15 00:00:00.000 Z,Women's AFL/Richmond (W) v Collingwood (W),35926576,COMBINED_TOTAL,261031366,Total Points,8435233,Under,126.5,WINNER,1,74,Richmond (W),v Collingwood (W),18,46,28,,,,,,,,,,,
2026-08-15 00:00:00.000 Z,Women's AFL/Richmond (W) v Collingwood (W),35926576,COMBINED_TOTAL,261031366,Total Points,8435232,Over,127.5,LOSER,0,74,Richmond (W),v Collingwood (W),18,46,28,,,,,,,,,,,
2026-08-15 00:00:00.000 Z,Women's AFL/Richmond (W) v Collingwood (W),35926576,COMBINED_TOTAL,261031366,Total Points,8435233,Under,127.5,WINNER,1,74,Richmond (W),v Collingwood (W),18,46,28,,,,,,,,,,,
2026-08-15 00:00:00.000 Z,Women's AFL/Richmond (W) v Collingwood (W),35926576,COMBINED_TOTAL,261031366,Total Points,8435232,Over,128.5,LOSER,0,74,Richmond (W),v Collingwood (W),18,46,28,,,,,,,,,,,
2026-08-15 00:00:00.000 Z,Women's AFL/Richmond (W) v Collingwood (W),35926576,COMBINED_TOTAL,261031366,Total Points,8435233,Under,128.5,WINNER,1,74,Richmond (W),v Collingwood (W),18,46,28,,,,,,,,,,,
2026-08-15 00:00:00.000 Z,Women's AFL/Richmond (W) v Collingwood (W),35926576,COMBINED_TOTAL,261031366,Total Points,8435232,Over,129.5,LOSER,0,74,Richmond (W),v Collingwood (W),18,46,28,,,,,,,,,,,
2026-08-15 00:00:00.000 Z,Women's AFL/Richmond (W) v Collingwood (W),35926576,COMBINED_TOTAL,261031366,Total Points,8435233,Under,129.5,WINNER,1,74,Richmond (W),v Collingwood (W),18,46,28,,,,,,,,,,,
2026-08-15 00:00:00.000 Z,Women's AFL/Richmond (W) v Collingwood (W),35926576,COMBINED_TOTAL,261031366,Total Points,8435232,Over,130.5,LOSER,0,74,Richmond (W),v Collingwood (W),18,46,28,,,,,,,,,,,
2026-08-15 00:00:00.000 Z,Women's AFL/Richmond (W) v Collingwood (W),35926576,COMBINED_TOTAL,261031366,Total Points,8435233,Under,130.5,WINNER,1,74,Richmond (W),v Collingwood (W),18,46,28,,,,,,,,,,,
2026-08-15 00:00:00.000 Z,Women's AFL/Richmond (W) v Collingwood (W),35926576,COMBINED_TOTAL,261031366,Total Points,8435232,Over,131.5,LOSER,0,74,Richmond (W),v Collingwood (W),18,46,28,,,,,,,,,,,
2026-08-15 00:00:00.000 Z,Women's AFL/Richmond (W) v Collingwood (W),35926576,COMBINED_TOTAL,261031366,Total Points,8435233,Under,131.5,WINNER,1,74,Richmond (W),v Collingwood (W),18,46,28,,,,,,,,,,,
2026-08-15 00:00:00.000 Z,Women's AFL/Richmond (W) v Collingwood (W),35926576,COMBINED_TOTAL,261031366,Total Points,8435232,Over,132.5,LOSER,0,74,Richmond (W),v Collingwood (W),18,46,28,,,,,,,,,,,
2026-08-15 00:00:00.000 Z,Women's AFL/Richmond (W) v Collingwood (W),35926576,COMBINED_TOTAL,261031366,Total Points,8435233,Under,132.5,WINNER,1,74,Richmond (W),v Collingwood (W),18,46,28,,,,,,,,,,,
2026-08-15 00:00:00.000 Z,Women's AFL/Richmond (W) v Collingwood (W),35926576,COMBINED_TOTAL,261031366,Total Points,8435232,Over,133.5,LOSER,0,74,Richmond (W),v Collingwood (W),18,46,28,,,,,,,,,,,
2026-08-15 00:00:00.000 Z,Women's AFL/Richmond (W) v Collingwood (W),35926576,COMBINED_TOTAL,261031366,Total Points,8435233,Under,133.5,WINNER,1,74,Richmond (W),v Collingwood (W),18,46,28,,,,,,,,,,,
2026-08-15 00:00:00.000 Z,Women's AFL/Richmond (W) v Collingwood (W),35926576,COMBINED_TOTAL,261031366,Total Points,8435232,Over,134.5,LOSER,0,74,Richmond (W),v Collingwood (W),18,46,28,,,,,,,,,,,
2026-08-15 00:00:00.000 Z,Women's AFL/Richmond (W) v Collingwood (W),35926576,COMBINED_TOTAL,261031366,Total Points,8435233,Under,134.5,WINNER,1,74,Richmond (W),v Collingwood (W),18,46,28,,,,,,,,,,,
2026-08-15 00:00:00.000 Z,Women's AFL/Richmond (W) v Collingwood (W),35926576,COMBINED_TOTAL,261031366,Total Points,8435232,Over,135.5,LOSER,0,74,Richmond (W),v Collingwood (W),18,46,28,,,,,,,,,,,
2026-08-15 00:00:00.000 Z,Women's AFL/Richmond (W) v Collingwood (W),35926576,COMBINED_TOTAL,261031366,Total Points,8435233,Under,135.5,WINNER,1,74,Richmond (W),v Collingwood (W),18,46,28,,,,,,,,,,,
2026-08-15 00:00:00.000 Z,Women's AFL/Richmond (W) v Collingwood (W),35926576,COMBINED_TOTAL,261031366,Total Points,8435232,Over,136.5,LOSER,0,74,Richmond (W),v Collingwood (W),18,46,28,,,,,,,,,,,
2026-08-15 00:00:00.000 Z,Women's AFL/Richmond (W) v Collingwood (W),35926576,COMBINED_TOTAL,261031366,Total Points,8435233,Under,136.5,WINNER,1,74,Richmond (W),v Collingwood (W),18,46,28,,,,,,,,,,,
2026-08-15 00:00:00.000 Z,Women's AFL/Richmond (W) v Collingwood (W),35926576,COMBINED_TOTAL,261031366,Total Points,8435232,Over,137.5,LOSER,0,74,Richmond (W),v Collingwood (W),18,46,28,,,,,,,,,,,
2026-08-15 00:00:00.000 Z,Women's AFL/Richmond (W) v Collingwood (W),35926576,COMBINED_TOTAL,261031366,Total Points,8435233,Under,137.5,WINNER,1,74,Richmond (W),v Collingwood (W),18,46,28,,,,,,,,,,,
2026-08-15 00:00:00.000 Z,Women's AFL/Richmond (W) v Collingwood (W),35926576,COMBINED_TOTAL,261031366,Total Points,8435232,Over,138.5,LOSER,0,74,Richmond (W),v Collingwood (W),18,46,28,,,,,,,,,,,
2026-08-15 00:00:00.000 Z,Women's AFL/Richmond (W) v Collingwood (W),35926576,COMBINED_TOTAL,261031366,Total Points,8435233,Under,138.5,WINNER,1,74,Richmond (W),v Collingwood (W),18,46,28,,,,,,,,,,,
2026-08-15 00:00:00.000 Z,Women's AFL/Richmond (W) v Collingwood (W),35926576,COMBINED_TOTAL,261031366,Total Points,8435232,Over,139.5,LOSER,0,74,Richmond (W),v Collingwood (W),18,46,28,,,,,,,,,,,
2026-08-15 00:00:00.000 Z,Women's AFL/Richmond (W) v Collingwood (W),35926576,COMBINED_TOTAL,261031366,Total Points,8435233,Under,139.5,WINNER,1,74,Richmond (W),v Collingwood (W),18,46,28,,,,,,,,,,,
2026-08-15 00:00:00.000 Z,Women's AFL/Richmond (W) v Collingwood (W),35926576,COMBINED_TOTAL,261031366,Total Points,8435232,Over,140.5,LOSER,0,74,Richmond (W),v Collingwood (W),18,46,28,,,,,,,,,,,
2026-08-15 00:00:00.000 Z,Women's AFL/Richmond (W) v Collingwood (W),35926576,COMBINED_TOTAL,261031366,Total Points,8435233,Under,140.5,WINNER,1,74,Richmond (W),v Collingwood (W),18,46,28,,,,,,,,,,,
2026-08-15 00:00:00.000 Z,Women's AFL/Gold Coast (W) v Western Bulldogs (W),35926577,HANDICAP,261031489,Handicap,26814172,Gold Coast (W),-59.5,LOSER,0,54,Gold Coast (W),v Western Bulldogs (W),-26,14,40,1.01,,,1.01,,,1.01,,,,
2026-08-15 00:00:00.000 Z,Women's AFL/Gold Coast (W) v Western Bulldogs (W),35926577,HANDICAP,261031489,Handicap,12443127,Western Bulldogs (W),-59.5,LOSER,0,54,Gold Coast (W),v Western Bulldogs (W),-26,14,40,1.01,,,1.01,,,1.01,,,,
2026-08-15 00:00:00.000 Z,Women's AFL/Gold Coast (W) v Western Bulldogs (W),35926577,HANDICAP,261031489,Handicap,12443127,Western Bulldogs (W),-58.5,LOSER,0,54,Gold Coast (W),v Western Bulldogs (W),-26,14,40,3,,,3,,,3,,,,
2026-08-15 00:00:00.000 Z,Women's AFL/Gold Coast (W) v Western Bulldogs (W),35926577,HANDICAP,261031489,Handicap,26814172,Gold Coast (W),-58.5,LOSER,0,54,Gold Coast (W),v Western Bulldogs (W),-26,14,40,1.01,,,1.01,,,1.01,,,,
2026-08-15 00:00:00.000 Z,Women's AFL/Gold Coast (W) v Western Bulldogs (W),35926577,HANDICAP,261031489,Handicap,26814172,Gold Coast (W),-57.5,LOSER,0,54,Gold Coast (W),v Western Bulldogs (W),-26,14,40,1.01,,,1.01,,,1.01,,,,
2026-08-15 00:00:00.000 Z,Women's AFL/Gold Coast (W) v Western Bulldogs (W),35926577,HANDICAP,261031489,Handicap,12443127,Western Bulldogs (W),-57.5,LOSER,0,54,Gold Coast (W),v Western Bulldogs (W),-26,14,40,1.01,,,1.01,,,1.01,,,,
2026-08-15 00:00:00.000 Z,Women's AFL/Gold Coast (W) v Western Bulldogs (W),35926577,HANDICAP,261031489,Handicap,26814172,Gold Coast (W),-56.5,LOSER,0,54,Gold Coast (W),v Western Bulldogs (W),-26,14,40,1.01,,,1.01,,,1.01,,,,
2026-08-15 00:00:00.000 Z,Women's AFL/Gold Coast (W) v Western Bulldogs (W),35926577,HANDICAP,261031489,Handicap,12443127,Western Bulldogs (W),-56.5,LOSER,0,54,Gold Coast (W),v Western Bulldogs (W),-26,14,40,1.01,,,1.01,,,1.01,,,,
2026-08-15 00:00:00.000 Z,Women's AFL/Gold Coast (W) v Western Bulldogs (W),35926577,HANDICAP,261031489,Handicap,12443127,Western Bulldogs (W),-55.5,LOSER,0,54,Gold Coast (W),v Western Bulldogs (W),-26,14,40,1.01,,,1.01,,,1.01,,,,
2026-08-15 00:00:00.000 Z,Women's AFL/Gold Coast (W) v Western Bulldogs (W),35926577,HANDICAP,261031489,Handicap,26814172,Gold Coast (W),-55.5,LOSER,0,54,Gold Coast (W),v Western Bulldogs (W),-26,14,40,1.01,,,1.01,,,1.01,,,,
2026-08-15 00:00:00.000 Z,Women's AFL/Gold Coast (W) v Western Bulldogs (W),35926577,HANDICAP,261031489,Handicap,12443127,Western Bulldogs (W),-54.5,LOSER,0,54,Gold Coast (W),v Western Bulldogs (W),-26,14,40,1.01,,,1.01,,,1.01,,,,
2026-08-15 00:00:00.000 Z,Women's AFL/Gold Coast (W) v Western Bulldogs (W),35926577,HANDICAP,261031489,Handicap,26814172,Gold Coast (W),-54.5,LOSER,0,54,Gold Coast (W),v Western Bulldogs (W),-26,14,40,1.01,,,1.01,,,1.01,,,,
2026-08-15 00:00:00.000 Z,Women's AFL/Gold Coast (W) v Western Bulldogs (W),35926577,HANDICAP,261031489,Handicap,26814172,Gold Coast (W),-53.5,LOSER,0,54,Gold Coast (W),v Western Bulldogs (W),-26,14,40,1.01,,,1.01,,,1.01,,,,
2026-08-15 00:00:00.000 Z,Women's AFL/Gold Coast (W) v Western Bulldogs (W),35926577,HANDICAP,261031489,Handicap,12443127,Western Bulldogs (W),-53.5,LOSER,0,54,Gold Coast (W),v Western Bulldogs (W),-26,14,40,1.01,,,1.01,,,1.01,,,,
2026-08-15 00:00:00.000 Z,Women's AFL/Gold Coast (W) v Western Bulldogs (W),35926577,HANDICAP,261031489,Handicap,12443127,Western Bulldogs (W),-52.5,LOSER,0,54,Gold Coast (W),v Western Bulldogs (W),-26,14,40,2,,,2,,,2,,,,
2026-08-15 00:00:00.000 Z,Women's AFL/Gold Coast (W) v Western Bulldogs (W),35926577,HANDICAP,261031489,Handicap,26814172,Gold Coast (W),-52.5,LOSER,0,54,Gold Coast (W),v Western Bulldogs (W),-26,14,40,1.01,,,1.01,,,1.01,,,,
2026-08-15 00:00:00.000 Z,Women's AFL/Gold Coast (W) v Western Bulldogs (W),35926577,HANDICAP,261031489,Handicap,26814172,Gold Coast (W),-51.5,LOSER,0,54,Gold Coast (W),v Western Bulldogs (W),-26,14,40,1.01,,,1.01,,,1.01,,,,
2026-08-15 00:00:00.000 Z,Women's AFL/Gold Coast (W) v Western Bulldogs (W),35926577,HANDICAP,261031489,Handicap,12443127,Western Bulldogs (W),-51.5,LOSER,0,54,Gold Coast (W),v Western Bulldogs (W),-26,14,40,1.01,,,1.01,,,1.01,,,,
2026-08-15 00:00:00.000 Z,Women's AFL/Gold Coast (W) v Western Bulldogs (W),35926577,HANDICAP,261031489,Handicap,12443127,Western Bulldogs (W),-50.5,LOSER,0,54,Gold Coast (W),v Western Bulldogs (W),-26,14,40,1.01,,,1.01,,,1.01,,,,
2026-08-15 00:00:00.000 Z,Women's AFL/Gold Coast (W) v Western Bulldogs (W),35926577,HANDICAP,261031489,Handicap,26814172,Gold Coast (W),-50.5,LOSER,0,54,Gold Coast (W),v Western Bulldogs (W),-26,14,40,1.01,,,1.01,,,1.01,,,,
2026-08-15 00:00:00.000 Z,Women's AFL/Gold Coast (W) v Western Bulldogs (W),35926577,HANDICAP,261031489,Handicap,12443127,Western Bulldogs (W),-49.5,LOSER,0,54,Gold Coast (W),v Western Bulldogs (W),-26,14,40,1.01,,,1.01,,,1.01,,,,
2026-08-15 00:00:00.000 Z,Women's AFL/Gold Coast (W) v Western Bulldogs (W),35926577,HANDICAP,261031489,Handicap,26814172,Gold Coast (W),-49.5,LOSER,0,54,Gold Coast (W),v Western Bulldogs (W),-26,14,40,1.01,,,1.01,,,1.01,,,,
2026-08-15 00:00:00.000 Z,Women's AFL/Gold Coast (W) v Western Bulldogs (W),35926577,HANDICAP,261031489,Handicap,26814172,Gold Coast (W),-48.5,LOSER,0,54,Gold Coast (W),v Western Bulldogs (W),-26,14,40,1.01,,,1.01,,,1.01,,,,
2026-08-15 00:00:00.000 Z,Women's AFL/Gold Coast (W) v Western Bulldogs (W),35926577,HANDICAP,261031489,Handicap,12443127,Western Bulldogs (W),-48.5,LOSER,0,54,Gold Coast (W),v Western Bulldogs (W),-26,14,40,1.01,,,1.01,,,1.01,,,,
2026-08-15 00:00:00.000 Z,Women's AFL/Gold Coast (W) v Western Bulldogs (W),35926577,HANDICAP,261031489,Handicap,26814172,Gold Coast (W),-47.5,LOSER,0,54,Gold Coast (W),v Western Bulldogs (W),-26,14,40,1.01,,,1.01,,,1.01,,,,
2026-08-15 00:00:00.000 Z,Women's AFL/Gold Coast (W) v Western Bulldogs (W),35926577,HANDICAP,261031489,Handicap,12443127,Western Bulldogs (W),-47.5,LOSER,0,54,Gold Coast (W),v Western Bulldogs (W),-26,14,40,1.01,,,1.01,,,1.01,,,,
2026-08-15 00:00:00.000 Z,Women's AFL/Gold Coast (W) v Western Bulldogs (W),35926577,HANDICAP,261031489,Handicap,12443127,Western Bulldogs (W),-46.5,LOSER,0,54,Gold Coast (W),v Western Bulldogs (W),-26,14,40,1.01,,,1.01,,,1.01,,,,
2026-08-15 00:00:00.000 Z,Women's AFL/Gold Coast (W) v Western Bulldogs (W),35926577,HANDICAP,261031489,Handicap,26814172,Gold Coast (W),-46.5,LOSER,0,54,Gold Coast (W),v Western Bulldogs (W),-26,14,40,1.01,,,1.01,,,1.01,,,,
2026-08-15 00:00:00.000 Z,Women's AFL/Gold Coast (W) v Western Bulldogs (W),35926577,HANDICAP,261031489,Handicap,12443127,Western Bulldogs (W),-45.5,LOSER,0,54,Gold Coast (W),v Western Bulldogs (W),-26,14,40,1.01,,,1.01,,,1.01,,,,
2026-08-15 00:00:00.000 Z,Women's AFL/Gold Coast (W) v Western Bulldogs (W),35926577,HANDICAP,261031489,Handicap,26814172,Gold Coast (W),-45.5,LOSER,0,54,Gold Coast (W),v Western Bulldogs (W),-26,14,40,1.01,,,1.01,,,1.01,,,,
2026-08-15 00:00:00.000 Z,Women's AFL/Gold Coast (W) v Western Bulldogs (W),35926577,HANDICAP,261031489,Handicap,12443127,Western Bulldogs (W),-44.5,LOSER,0,54,Gold Coast (W),v Western Bulldogs (W),-26,14,40,1.01,,,1.01,,,1.01,,,,
2026-08-15 00:00:00.000 Z,Women's AFL/Gold Coast (W) v Western Bulldogs (W),35926577,HANDICAP,261031489,Handicap,26814172,Gold Coast (W),-44.5,LOSER,0,54,Gold Coast (W),v Western Bulldogs (W),-26,14,40,1.01,,,1.01,,,1.01,,,,
2026-08-15 00:00:00.000 Z,Women's AFL/Gold Coast (W) v Western Bulldogs (W),35926577,HANDICAP,261031489,Handicap,12443127,Western Bulldogs (W),-43.5,LOSER,0,54,Gold Coast (W),v Western Bulldogs (W),-26,14,40,1.01,,,1.01,,,1.01,,,,
2026-08-15 00:00:00.000 Z,Women's AFL/Gold Coast (W) v Western Bulldogs (W),35926577,HANDICAP,261031489,Handicap,26814172,Gold Coast (W),-43.5,LOSER,0,54,Gold Coast (W),v Western Bulldogs (W),-26,14,40,1.01,,,1.01,,,1.01,,,,
2026-08-15 00:00:00.000 Z,Women's AFL/Gold Coast (W) v Western Bulldogs (W),35926577,HANDICAP,261031489,Handicap,26814172,Gold Coast (W),-42.5,LOSER,0,54,Gold Coast (W),v Western Bulldogs (W),-26,14,40,1.01,,,1.01,,,1.01,,,,
2026-08-15 00:00:00.000 Z,Women's AFL/Gold Coast (W) v Western Bulldogs (W),35926577,HANDICAP,261031489,Handicap,12443127,Western Bulldogs (W),-42.5,LOSER,0,54,Gold Coast (W),v Western Bulldogs (W),-26,14,40,1.01,,,1.01,,,1.01,,,,
2026-08-15 00:00:00.000 Z,Women's AFL/Gold Coast (W) v Western Bulldogs (W),35926577,HANDICAP,261031489,Handicap,26814172,Gold Coast (W),-41.5,LOSER,0,54,Gold Coast (W),v Western Bulldogs (W),-26,14,40,1.01,,,1.01,,,1.01,,,,
2026-08-15 00:00:00.000 Z,Women's AFL/Gold Coast (W) v Western Bulldogs (W),35926577,HANDICAP,261031489,Handicap,12443127,Western Bulldogs (W),-41.5,LOSER,0,54,Gold Coast (W),v Western Bulldogs (W),-26,14,40,1.01,,,1.01,,,1.01,,,,
2026-08-15 00:00:00.000 Z,Women's AFL/Gold Coast (W) v Western Bulldogs (W),35926577,HANDICAP,261031489,Handicap,12443127,Western Bulldogs (W),-40.5,LOSER,0,54,Gold Coast (W),v Western Bulldogs (W),-26,14,40,1.01,,,1.01,,,1.01,,,,
2026-08-15 00:00:00.000 Z,Women's AFL/Gold Coast (W) v Western Bulldogs (W),35926577,HANDICAP,261031489,Handicap,26814172,Gold Coast (W),-40.5,LOSER,0,54,Gold Coast (W),v Western Bulldogs (W),-26,14,40,2,,,2,,,2,,,,
2026-08-15 00:00:00.000 Z,Women's AFL/Gold Coast (W) v Western Bulldogs (W),35926577,HANDICAP,261031489,Handicap,12443127,Western Bulldogs (W),-39.5,LOSER,0,54,Gold Coast (W),v Western Bulldogs (W),-26,14,40,1.01,,,1.01,,,1.01,,,,
2026-08-15 00:00:00.000 Z,Women's AFL/Gold Coast (W) v Western Bulldogs (W),35926577,HANDICAP,261031489,Handicap,26814172,Gold Coast (W),-39.5,LOSER,0,54,Gold Coast (W),v Western Bulldogs (W),-26,14,40,1.01,,,1.01,,,1.01,,,,
2026-08-15 00:00:00.000 Z,Women's AFL/Gold Coast (W) v Western Bulldogs (W),35926577,HANDICAP,261031489,Handicap,26814172,Gold Coast (W),-38.5,LOSER,0,54,Gold Coast (W),v Western Bulldogs (W),-26,14,40,1.01,,,1.01,,,1.01,,,,
2026-08-15 00:00:00.000 Z,Women's AFL/Gold Coast (W) v Western Bulldogs (W),35926577,HANDICAP,261031489,Handicap,12443127,Western Bulldogs (W),-38.5,LOSER,0,54,Gold Coast (W),v Western Bulldogs (W),-26,14,40,1.01,,,1.01,,,1.01,,,,
2026-08-15 00:00:00.000 Z,Women's AFL/Gold Coast (W) v Western Bulldogs (W),35926577,HANDICAP,261031489,Handicap,26814172,Gold Coast (W),-37.5,LOSER,0,54,Gold Coast (W),v Western Bulldogs (W),-26,14,40,1.01,,,1.01,,,1.01,,,,
2026-08-15 00:00:00.000 Z,Women's AFL/Gold Coast (W) v Western Bulldogs (W),35926577,HANDICAP,261031489,Handicap,12443127,Western Bulldogs (W),-37.5,LOSER,0,54,Gold Coast (W),v Western Bulldogs (W),-26,14,40,1.01,,,1.01,,,1.01,,,,
2026-08-15 00:00:00.000 Z,Women's AFL/Gold Coast (W) v Western Bulldogs (W),35926577,HANDICAP,261031489,Handicap,26814172,Gold Coast (W),-36.5,LOSER,0,54,Gold Coast (W),v Western Bulldogs (W),-26,14,40,1.01,,,1.01,,,1.01,,,,
2026-08-15 00:00:00.000 Z,Women's AFL/Gold Coast (W) v Western Bulldogs (W),35926577,HANDICAP,261031489,Handicap,12443127,Western Bulldogs (W),-36.5,LOSER,0,54,Gold Coast (W),v Western Bulldogs (W),-26,14,40,1.01,,,1.01,,,1.01,,,,
2026-08-15 00:00:00.000 Z,Women's AFL/Gold Coast (W) v Western Bulldogs (W),35926577,HANDICAP,261031489,Handicap,12443127,Western Bulldogs (W),-35.5,LOSER,0,54,Gold Coast (W),v Western Bulldogs (W),-26,14,40,1.01,,,1.01,,,1.01,,,,
2026-08-15 00:00:00.000 Z,Women's AFL/Gold Coast (W) v Western Bulldogs (W),35926577,HANDICAP,261031489,Handicap,26814172,Gold Coast (W),-35.5,LOSER,0,54,Gold Coast (W),v Western Bulldogs (W),-26,14,40,1.01,,,1.01,,,1.01,,,,
2026-08-15 00:00:00.000 Z,Women's AFL/Gold Coast (W) v Western Bulldogs (W),35926577,HANDICAP,261031489,Handicap,26814172,Gold Coast (W),-34.5,LOSER,0,54,Gold Coast (W),v Western Bulldogs (W),-26,14,40,1.01,,,1.01,,,1.01,,,,
2026-08-15 00:00:00.000 Z,Women's AFL/Gold Coast (W) v Western Bulldogs (W),35926577,HANDICAP,261031489,Handicap,12443127,Western Bulldogs (W),-34.5,LOSER,0,54,Gold Coast (W),v Western Bulldogs (W),-26,14,40,1.01,,,1.01,,,1.01,,,,
2026-08-15 00:00:00.000 Z,Women's AFL/Gold Coast (W) v Western Bulldogs (W),35926577,HANDICAP,261031489,Handicap,12443127,Western Bulldogs (W),-33.5,LOSER,0,54,Gold Coast (W),v Western Bulldogs (W),-26,14,40,1.01,,,1.01,,,1.01,,,,
2026-08-15 00:00:00.000 Z,Women's AFL/Gold Coast (W) v Western Bulldogs (W),35926577,HANDICAP,261031489,Handicap,26814172,Gold Coast (W),-33.5,LOSER,0,54,Gold Coast (W),v Western Bulldogs (W),-26,14,40,1.01,,,1.01,,,1.01,,,,
2026-08-15 00:00:00.000 Z,Women's AFL/Gold Coast (W) v Western Bulldogs (W),35926577,HANDICAP,261031489,Handicap,12443127,Western Bulldogs (W),-32.5,LOSER,0,54,Gold Coast (W),v Western Bulldogs (W),-26,14,40,1.01,,,1.01,,,1.01,,,,
2026-08-15 00:00:00.000 Z,Women's AFL/Gold Coast (W) v Western Bulldogs (W),35926577,HANDICAP,261031489,Handicap,26814172,Gold Coast (W),-32.5,LOSER,0,54,Gold Coast (W),v Western Bulldogs (W),-26,14,40,1.01,,,1.01,,,1.01,,,,
2026-08-15 00:00:00.000 Z,Women's AFL/Gold Coast (W) v Western Bulldogs (W),35926577,HANDICAP,261031489,Handicap,26814172,Gold Coast (W),-31.5,LOSER,0,54,Gold Coast (W),v Western Bulldogs (W),-26,14,40,1.01,,,1.01,,,1.01,,,,
2026-08-15 00:00:00.000 Z,Women's AFL/Gold Coast (W) v Western Bulldogs (W),35926577,HANDICAP,261031489,Handicap,12443127,Western Bulldogs (W),-31.5,LOSER,0,54,Gold Coast (W),v Western Bulldogs (W),-26,14,40,1.01,,,1.01,,,1.01,,,,
2026-08-15 00:00:00.000 Z,Women's AFL/Gold Coast (W) v Western Bulldogs (W),35926577,HANDICAP,261031489,Handicap,12443127,Western Bulldogs (W),-30.5,LOSER,0,54,Gold Coast (W),v Western Bulldogs (W),-26,14,40,1.01,,,1.01,,,1.01,,,,
2026-08-15 00:00:00.000 Z,Women's AFL/Gold Coast (W) v Western Bulldogs (W),35926577,HANDICAP,261031489,Handicap,26814172,Gold Coast (W),-30.5,LOSER,0,54,Gold Coast (W),v Western Bulldogs (W),-26,14,40,1.01,,,1.01,,,1.01,,,,
2026-08-15 00:00:00.000 Z,Women's AFL/Gold Coast (W) v Western Bulldogs (W),35926577,HANDICAP,261031489,Handicap,26814172,Gold Coast (W),-29.5,LOSER,0,54,Gold Coast (W),v Western Bulldogs (W),-26,14,40,1.01,,,1.01,,,1.01,,,,
2026-08-15 00:00:00.000 Z,Women's AFL/Gold Coast (W) v Western Bulldogs (W),35926577,HANDICAP,261031489,Handicap,12443127,Western Bulldogs (W),-29.5,LOSER,0,54,Gold Coast (W),v Western Bulldogs (W),-26,14,40,1.01,,,1.01,,,3.1,,,,
2026-08-15 00:00:00.000 Z,Women's AFL/Gold Coast (W) v Western Bulldogs (W),35926577,HANDICAP,261031489,Handicap,26814172,Gold Coast (W),-28.5,LOSER,0,54,Gold Coast (W),v Western Bulldogs (W),-26,14,40,1.01,,,1.01,,,1.01,,,,
2026-08-15 00:00:00.000 Z,Women's AFL/Gold Coast (W) v Western Bulldogs (W),35926577,HANDICAP,261031489,Handicap,12443127,Western Bulldogs (W),-28.5,LOSER,0,54,Gold Coast (W),v Western Bulldogs (W),-26,14,40,1.01,,,1.01,,,1.01,,,,
2026-08-15 00:00:00.000 Z,Women's AFL/Gold Coast (W) v Western Bulldogs (W),35926577,HANDICAP,261031489,Handicap,26814172,Gold Coast (W),-27.5,LOSER,0,54,Gold Coast (W),v Western Bulldogs (W),-26,14,40,1.01,,,1.01,,,1.01,,,,
2026-08-15 00:00:00.000 Z,Women's AFL/Gold Coast (W) v Western Bulldogs (W),35926577,HANDICAP,261031489,Handicap,12443127,Western Bulldogs (W),-27.5,LOSER,0,54,Gold Coast (W),v Western Bulldogs (W),-26,14,40,1.01,,,1.01,,,1.01,,,,
2026-08-15 00:00:00.000 Z,Women's AFL/Gold Coast (W) v Western Bulldogs (W),35926577,HANDICAP,261031489,Handicap,12443127,Western Bulldogs (W),-26.5,LOSER,0,54,Gold Coast (W),v Western Bulldogs (W),-26,14,40,1.01,,,2.38,,,1.01,,,,
2026-08-15 00:00:00.000 Z,Women's AFL/Gold Coast (W) v Western Bulldogs (W),35926577,HANDICAP,261031489,Handicap,26814172,Gold Coast (W),-26.5,LOSER,0,54,Gold Coast (W),v Western Bulldogs (W),-26,14,40,1.01,,,1.01,,,1.01,,,,
2026-08-15 00:00:00.000 Z,Women's AFL/Gold Coast (W) v Western Bulldogs (W),35926577,HANDICAP,261031489,Handicap,26814172,Gold Coast (W),-25.5,LOSER,0,54,Gold Coast (W),v Western Bulldogs (W),-26,14,40,1.01,,,1.01,,,1.01,,,,
2026-08-15 00:00:00.000 Z,Women's AFL/Gold Coast (W) v Western Bulldogs (W),35926577,HANDICAP,261031489,Handicap,12443127,Western Bulldogs (W),-25.5,WINNER,1,54,Gold Coast (W),v Western Bulldogs (W),-26,14,40,1.01,,,1.01,,,1.01,,,,
2026-08-15 00:00:00.000 Z,Women's AFL/Gold Coast (W) v Western Bulldogs (W),35926577,HANDICAP,261031489,Handicap,26814172,Gold Coast (W),-24.5,LOSER,0,54,Gold Coast (W),v Western Bulldogs (W),-26,14,40,1.01,,,1.01,,,1.01,,,,
2026-08-15 00:00:00.000 Z,Women's AFL/Gold Coast (W) v Western Bulldogs (W),35926577,HANDICAP,261031489,Handicap,12443127,Western Bulldogs (W),-24.5,WINNER,1,54,Gold Coast (W),v Western Bulldogs (W),-26,14,40,1.01,,,1.01,,,1.01,,,,
2026-08-15 00:00:00.000 Z,Women's AFL/Gold Coast (W) v Western Bulldogs (W),35926577,HANDICAP,261031489,Handicap,26814172,Gold Coast (W),-23.5,LOSER,0,54,Gold Coast (W),v Western Bulldogs (W),-26,14,40,1.01,,,1.01,,,1.01,,,,
2026-08-15 00:00:00.000 Z,Women's AFL/Gold Coast (W) v Western Bulldogs (W),35926577,HANDICAP,261031489,Handicap,12443127,Western Bulldogs (W),-23.5,WINNER,1,54,Gold Coast (W),v Western Bulldogs (W),-26,14,40,1.01,,,1.01,,,2.36,,,,
2026-08-15 00:00:00.000 Z,Women's AFL/Gold Coast (W) v Western Bulldogs (W),35926577,HANDICAP,261031489,Handicap,26814172,Gold Coast (W),-22.5,LOSER,0,54,Gold Coast (W),v Western Bulldogs (W),-26,14,40,1.01,,,1.01,,,1.01,,,,
2026-08-15 00:00:00.000 Z,Women's AFL/Gold Coast (W) v Western Bulldogs (W),35926577,HANDICAP,261031489,Handicap,12443127,Western Bulldogs (W),-22.5,WINNER,1,54,Gold Coast (W),v Western Bulldogs (W),-26,14,40,1.01,,,1.01,,,1.01,,,,
2026-08-15 00:00:00.000 Z,Women's AFL/Gold Coast (W) v Western Bulldogs (W),35926577,HANDICAP,261031489,Handicap,26814172,Gold Coast (W),-21.5,LOSER,0,54,Gold Coast (W),v Western Bulldogs (W),-26,14,40,1.01,,,1.01,,,1.01,,,,
2026-08-15 00:00:00.000 Z,Women's AFL/Gold Coast (W) v Western Bulldogs (W),35926577,HANDICAP,261031489,Handicap,12443127,Western Bulldogs (W),-21.5,WINNER,1,54,Gold Coast (W),v Western Bulldogs (W),-26,14,40,1.01,,,1.01,,,1.01,,,,
2026-08-15 00:00:00.000 Z,Women's AFL/Gold Coast (W) v Western Bulldogs (W),35926577,HANDICAP,261031489,Handicap,26814172,Gold Coast (W),-20.5,LOSER,0,54,Gold Coast (W),v Western Bulldogs (W),-26,14,40,1.01,,,1.01,,,1.01,,,,
2026-08-15 00:00:00.000 Z,Women's AFL/Gold Coast (W) v Western Bulldogs (W),35926577,HANDICAP,261031489,Handicap,12443127,Western Bulldogs (W),-20.5,WINNER,1,54,Gold Coast (W),v Western Bulldogs (W),-26,14,40,1.01,,,1.01,,,1.01,,,,
2026-08-15 00:00:00.000 Z,Women's AFL/Gold Coast (W) v Western Bulldogs (W),35926577,HANDICAP,261031489,Handicap,26814172,Gold Coast (W),-19.5,LOSER,0,54,Gold Coast (W),v Western Bulldogs (W),-26,14,40,1.01,,,1.01,,,1.01,,,,
2026-08-15 00:00:00.000 Z,Women's AFL/Gold Coast (W) v Western Bulldogs (W),35926577,HANDICAP,261031489,Handicap,12443127,Western Bulldogs (W),-19.5,WINNER,1,54,Gold Coast (W),v Western Bulldogs (W),-26,14,40,1.01,,,1.62,,,1.62,,,,
2026-08-15 00:00:00.000 Z,Women's AFL/Gold Coast (W) v Western Bulldogs (W),35926577,HANDICAP,261031489,Handicap,26814172,Gold Coast (W),-18.5,LOSER,0,54,Gold Coast (W),v Western Bulldogs (W),-26,14,40,1.01,,,1.01,,,1.01,,,,
2026-08-15 00:00:00.000 Z,Women's AFL/Gold Coast (W) v Western Bulldogs (W),35926577,HANDICAP,261031489,Handicap,12443127,Western Bulldogs (W),-18.5,WINNER,1,54,Gold Coast (W),v Western Bulldogs (W),-26,14,40,1.01,,,1.83,,,1.61,,,,
2026-08-15 00:00:00.000 Z,Women's AFL/Gold Coast (W) v Western Bulldogs (W),35926577,HANDICAP,261031489,Handicap,26814172,Gold Coast (W),-17.5,LOSER,0,54,Gold Coast (W),v Western Bulldogs (W),-26,14,40,1.01,,,1.01,,,1.01,,,,
2026-08-15 00:00:00.000 Z,Women's AFL/Gold Coast (W) v Western Bulldogs (W),35926577,HANDICAP,261031489,Handicap,12443127,Western Bulldogs (W),-17.5,WINNER,1,54,Gold Coast (W),v Western Bulldogs (W),-26,14,40,1.01,,,1.6,,,1.9,2.22,,,
2026-08-15 00:00:00.000 Z,Women's AFL/Gold Coast (W) v Western Bulldogs (W),35926577,HANDICAP,261031489,Handicap,26814172,Gold Coast (W),-16.5,LOSER,0,54,Gold Coast (W),v Western Bulldogs (W),-26,14,40,1.01,,,1.01,,,1.01,,,,
2026-08-15 00:00:00.000 Z,Women's AFL/Gold Coast (W) v Western Bulldogs (W),35926577,HANDICAP,261031489,Handicap,12443127,Western Bulldogs (W),-16.5,WINNER,1,54,Gold Coast (W),v Western Bulldogs (W),-26,14,40,1.01,,,1.59,,,1.59,,,,
2026-08-15 00:00:00.000 Z,Women's AFL/Gold Coast (W) v Western Bulldogs (W),35926577,HANDICAP,261031489,Handicap,26814172,Gold Coast (W),-15.5,LOSER,0,54,Gold Coast (W),v Western Bulldogs (W),-26,14,40,1.01,,,1.01,,,1.01,,,,
2026-08-15 00:00:00.000 Z,Women's AFL/Gold Coast (W) v Western Bulldogs (W),35926577,HANDICAP,261031489,Handicap,12443127,Western Bulldogs (W),-15.5,WINNER,1,54,Gold Coast (W),v Western Bulldogs (W),-26,14,40,1.01,,,1.54,,,1.54,,,,
2026-08-15 00:00:00.000 Z,Women's AFL/Gold Coast (W) v Western Bulldogs (W),35926577,HANDICAP,261031489,Handicap,26814172,Gold Coast (W),-14.5,LOSER,0,54,Gold Coast (W),v Western Bulldogs (W),-26,14,40,1.01,,,1.01,,,1.01,,,,
2026-08-15 00:00:00.000 Z,Women's AFL/Gold Coast (W) v Western Bulldogs (W),35926577,HANDICAP,261031489,Handicap,12443127,Western Bulldogs (W),-14.5,WINNER,1,54,Gold Coast (W),v Western Bulldogs (W),-26,14,40,2,,,2,,,1.5,,97.42,97.42,1.5
2026-08-15 00:00:00.000 Z,Women's AFL/Gold Coast (W) v Western Bulldogs (W),35926577,HANDICAP,261031489,Handicap,26814172,Gold Coast (W),-13.5,LOSER,0,54,Gold Coast (W),v Western Bulldogs (W),-26,14,40,1.01,,,1.01,,,1.01,,,,
2026-08-15 00:00:00.000 Z,Women's AFL/Gold Coast (W) v Western Bulldogs (W),35926577,HANDICAP,261031489,Handicap,12443127,Western Bulldogs (W),-13.5,WINNER,1,54,Gold Coast (W),v Western Bulldogs (W),-26,14,40,1.01,,,1.46,,,1.46,,95.51,95.51,1.46
2026-08-15 00:00:00.000 Z,Women's AFL/Gold Coast (W) v Western Bulldogs (W),35926577,HANDICAP,261031489,Handicap,26814172,Gold Coast (W),-12.5,LOSER,0,54,Gold Coast (W),v Western Bulldogs (W),-26,14,40,2.32,,,2.32,,,2.3,,,,
2026-08-15 00:00:00.000 Z,Women's AFL/Gold Coast (W) v Western Bulldogs (W),35926577,HANDICAP,261031489,Handicap,12443127,Western Bulldogs (W),-12.5,WINNER,1,54,Gold Coast (W),v Western Bulldogs (W),-26,14,40,1.01,,,1.42,,,1.42,,,,
2026-08-15 00:00:00.000 Z,Women's AFL/Gold Coast (W) v Western Bulldogs (W),35926577,HANDICAP,261031489,Handicap,26814172,Gold Coast (W),-11.5,LOSER,0,54,Gold Coast (W),v Western Bulldogs (W),-26,14,40,1.01,,,1.01,,,1.01,,,,
2026-08-15 00:00:00.000 Z,Women's AFL/Gold Coast (W) v Western Bulldogs (W),35926577,HANDICAP,261031489,Handicap,12443127,Western Bulldogs (W),-11.5,WINNER,1,54,Gold Coast (W),v Western Bulldogs (W),-26,14,40,1.01,,,1.38,,,1.48,,,,
2026-08-15 00:00:00.000 Z,Women's AFL/Gold Coast (W) v Western Bulldogs (W),35926577,HANDICAP,261031489,Handicap,26814172,Gold Coast (W),-10.5,LOSER,0,54,Gold Coast (W),v Western Bulldogs (W),-26,14,40,1.01,,,1.01,,,1.01,,,,
2026-08-15 00:00:00.000 Z,Women's AFL/Gold Coast (W) v Western Bulldogs (W),35926577,HANDICAP,261031489,Handicap,12443127,Western Bulldogs (W),-10.5,WINNER,1,54,Gold Coast (W),v Western Bulldogs (W),-26,14,40,1.01,,,1.34,,,1.34,,,,
2026-08-15 00:00:00.000 Z,Women's AFL/Gold Coast (W) v Western Bulldogs (W),35926577,HANDICAP,261031489,Handicap,26814172,Gold Coast (W),-9.5,LOSER,0,54,Gold Coast (W),v Western Bulldogs (W),-26,14,40,1.01,,,1.01,,,1.01,,,,
2026-08-15 00:00:00.000 Z,Women's AFL/Gold Coast (W) v Western Bulldogs (W),35926577,HANDICAP,261031489,Handicap,12443127,Western Bulldogs (W),-9.5,WINNER,1,54,Gold Coast (W),v Western Bulldogs (W),-26,14,40,1.01,,,1.31,,,1.31,,,,
2026-08-15 00:00:00.000 Z,Women's AFL/Gold Coast (W) v Western Bulldogs (W),35926577,HANDICAP,261031489,Handicap,26814172,Gold Coast (W),-8.5,LOSER,0,54,Gold Coast (W),v Western Bulldogs (W),-26,14,40,1.01,,,1.01,,,1.01,,,,
2026-08-15 00:00:00.000 Z,Women's AFL/Gold Coast (W) v Western Bulldogs (W),35926577,HANDICAP,261031489,Handicap,12443127,Western Bulldogs (W),-8.5,WINNER,1,54,Gold Coast (W),v Western Bulldogs (W),-26,14,40,1.01,,,1.28,,,1.28,,,,
2026-08-15 00:00:00.000 Z,Women's AFL/Gold Coast (W) v Western Bulldogs (W),35926577,HANDICAP,261031489,Handicap,26814172,Gold Coast (W),-7.5,LOSER,0,54,Gold Coast (W),v Western Bulldogs (W),-26,14,40,1.01,,,1.01,,,1.01,,,,
2026-08-15 00:00:00.000 Z,Women's AFL/Gold Coast (W) v Western Bulldogs (W),35926577,HANDICAP,261031489,Handicap,12443127,Western Bulldogs (W),-7.5,WINNER,1,54,Gold Coast (W),v Western Bulldogs (W),-26,14,40,1.01,,,1.25,,,1.25,,,,
2026-08-15 00:00:00.000 Z,Women's AFL/Gold Coast (W) v Western Bulldogs (W),35926577,HANDICAP,261031489,Handicap,26814172,Gold Coast (W),-6.5,LOSER,0,54,Gold Coast (W),v Western Bulldogs (W),-26,14,40,1.01,,,1.01,,,1.01,,,,
2026-08-15 00:00:00.000 Z,Women's AFL/Gold Coast (W) v Western Bulldogs (W),35926577,HANDICAP,261031489,Handicap,12443127,Western Bulldogs (W),-6.5,WINNER,1,54,Gold Coast (W),v Western Bulldogs (W),-26,14,40,1.01,,,1.22,,,1.23,,,,
2026-08-15 00:00:00.000 Z,Women's AFL/Gold Coast (W) v Western Bulldogs (W),35926577,HANDICAP,261031489,Handicap,26814172,Gold Coast (W),-5.5,LOSER,0,54,Gold Coast (W),v Western Bulldogs (W),-26,14,40,1.01,,,1.01,,,1.01,,,,
2026-08-15 00:00:00.000 Z,Women's AFL/Gold Coast (W) v Western Bulldogs (W),35926577,HANDICAP,261031489,Handicap,12443127,Western Bulldogs (W),-5.5,WINNER,1,54,Gold Coast (W),v Western Bulldogs (W),-26,14,40,1.01,,,1.2,,,1.29,,,,
2026-08-15 00:00:00.000 Z,Women's AFL/Gold Coast (W) v Western Bulldogs (W),35926577,HANDICAP,261031489,Handicap,26814172,Gold Coast (W),-4.5,LOSER,0,54,Gold Coast (W),v Western Bulldogs (W),-26,14,40,1.01,,,1.01,,,1.01,,,,
2026-08-15 00:00:00.000 Z,Women's AFL/Gold Coast (W) v Western Bulldogs (W),35926577,HANDICAP,261031489,Handicap,12443127,Western Bulldogs (W),-4.5,WINNER,1,54,Gold Coast (W),v Western Bulldogs (W),-26,14,40,1.01,,,1.18,,,1.18,,,,
2026-08-15 00:00:00.000 Z,Women's AFL/Gold Coast (W) v Western Bulldogs (W),35926577,HANDICAP,261031489,Handicap,26814172,Gold Coast (W),-3.5,LOSER,0,54,Gold Coast (W),v Western Bulldogs (W),-26,14,40,1.01,,,1.01,,,1.01,,,,
2026-08-15 00:00:00.000 Z,Women's AFL/Gold Coast (W) v Western Bulldogs (W),35926577,HANDICAP,261031489,Handicap,12443127,Western Bulldogs (W),-3.5,WINNER,1,54,Gold Coast (W),v Western Bulldogs (W),-26,14,40,1.01,,,1.16,,,1.16,,,,
2026-08-15 00:00:00.000 Z,Women's AFL/Gold Coast (W) v Western Bulldogs (W),35926577,HANDICAP,261031489,Handicap,26814172,Gold Coast (W),-2.5,LOSER,0,54,Gold Coast (W),v Western Bulldogs (W),-26,14,40,1.01,,,1.01,,,1.01,,,,
2026-08-15 00:00:00.000 Z,Women's AFL/Gold Coast (W) v Western Bulldogs (W),35926577,HANDICAP,261031489,Handicap,12443127,Western Bulldogs (W),-2.5,WINNER,1,54,Gold Coast (W),v Western Bulldogs (W),-26,14,40,1.01,,,1.14,,,1.14,,,,
2026-08-15 00:00:00.000 Z,Women's AFL/Gold Coast (W) v Western Bulldogs (W),35926577,HANDICAP,261031489,Handicap,26814172,Gold Coast (W),-1.5,LOSER,0,54,Gold Coast (W),v Western Bulldogs (W),-26,14,40,1.01,,,1.01,,,1.01,,,,
2026-08-15 00:00:00.000 Z,Women's AFL/Gold Coast (W) v Western Bulldogs (W),35926577,HANDICAP,261031489,Handicap,12443127,Western Bulldogs (W),-1.5,WINNER,1,54,Gold Coast (W),v Western Bulldogs (W),-26,14,40,1.01,,,1.12,,,1.12,,,,
2026-08-15 00:00:00.000 Z,Women's AFL/Gold Coast (W) v Western Bulldogs (W),35926577,HANDICAP,261031489,Handicap,26814172,Gold Coast (W),-0.5,LOSER,0,54,Gold Coast (W),v Western Bulldogs (W),-26,14,40,3,,,3,,,3,,,,
2026-08-15 00:00:00.000 Z,Women's AFL/Gold Coast (W) v Western Bulldogs (W),35926577,HANDICAP,261031489,Handicap,12443127,Western Bulldogs (W),-0.5,WINNER,1,54,Gold Coast (W),v Western Bulldogs (W),-26,14,40,1.01,,,1.11,,,1.11,,,,
2026-08-15 00:00:00.000 Z,Women's AFL/Gold Coast (W) v Western Bulldogs (W),35926577,HANDICAP,261031489,Handicap,26814172,Gold Coast (W),0.5,LOSER,0,54,Gold Coast (W),v Western Bulldogs (W),-26,14,40,1.01,,,1.01,,,1.01,,,,
2026-08-15 00:00:00.000 Z,Women's AFL/Gold Coast (W) v Western Bulldogs (W),35926577,HANDICAP,261031489,Handicap,12443127,Western Bulldogs (W),0.5,WINNER,1,54,Gold Coast (W),v Western Bulldogs (W),-26,14,40,,,,1.1,,,1.1,,,,
2026-08-15 00:00:00.000 Z,Women's AFL/Gold Coast (W) v Western Bulldogs (W),35926577,HANDICAP,261031489,Handicap,26814172,Gold Coast (W),1.5,LOSER,0,54,Gold Coast (W),v Western Bulldogs (W),-26,14,40,1.01,,,1.01,,,1.01,,,,
2026-08-15 00:00:00.000 Z,Women's AFL/Gold Coast (W) v Western Bulldogs (W),35926577,HANDICAP,261031489,Handicap,12443127,Western Bulldogs (W),1.5,WINNER,1,54,Gold Coast (W),v Western Bulldogs (W),-26,14,40,,,,1.09,,,1.09,,,,
2026-08-15 00:00:00.000 Z,Women's AFL/Gold Coast (W) v Western Bulldogs (W),35926577,HANDICAP,261031489,Handicap,26814172,Gold Coast (W),2.5,LOSER,0,54,Gold Coast (W),v Western Bulldogs (W),-26,14,40,1.01,,,1.01,,,1.01,,,,
2026-08-15 00:00:00.000 Z,Women's AFL/Gold Coast (W) v Western Bulldogs (W),35926577,HANDICAP,261031489,Handicap,12443127,Western Bulldogs (W),2.5,WINNER,1,54,Gold Coast (W),v Western Bulldogs (W),-26,14,40,,,,1.08,,,1.08,,,,
2026-08-15 00:00:00.000 Z,Women's AFL/Gold Coast (W) v Western Bulldogs (W),35926577,HANDICAP,261031489,Handicap,26814172,Gold Coast (W),3.5,LOSER,0,54,Gold Coast (W),v Western Bulldogs (W),-26,14,40,1.01,,,1.01,,,1.01,,,,
2026-08-15 00:00:00.000 Z,Women's AFL/Gold Coast (W) v Western Bulldogs (W),35926577,HANDICAP,261031489,Handicap,12443127,Western Bulldogs (W),3.5,WINNER,1,54,Gold Coast (W),v Western Bulldogs (W),-26,14,40,,,,1.07,,,1.07,,,,
2026-08-15 00:00:00.000 Z,Women's AFL/Gold Coast (W) v Western Bulldogs (W),35926577,HANDICAP,261031489,Handicap,26814172,Gold Coast (W),4.5,LOSER,0,54,Gold Coast (W),v Western Bulldogs (W),-26,14,40,1.01,,,1.01,,,1.01,,,,
2026-08-15 00:00:00.000 Z,Women's AFL/Gold Coast (W) v Western Bulldogs (W),35926577,HANDICAP,261031489,Handicap,12443127,Western Bulldogs (W),4.5,WINNER,1,54,Gold Coast (W),v Western Bulldogs (W),-26,14,40,,,,1.06,,,1.06,,,,
2026-08-15 00:00:00.000 Z,Women's AFL/Gold Coast (W) v Western Bulldogs (W),35926577,HANDICAP,261031489,Handicap,26814172,Gold Coast (W),5.5,LOSER,0,54,Gold Coast (W),v Western Bulldogs (W),-26,14,40,1.01,,,1.01,,,3.1,,,,
2026-08-15 00:00:00.000 Z,Women's AFL/Gold Coast (W) v Western Bulldogs (W),35926577,HANDICAP,261031489,Handicap,12443127,Western Bulldogs (W),5.5,WINNER,1,54,Gold Coast (W),v Western Bulldogs (W),-26,14,40,,,,1.05,,,1.05,,,,
2026-08-15 00:00:00.000 Z,Women's AFL/Gold Coast (W) v Western Bulldogs (W),35926577,HANDICAP,261031489,Handicap,26814172,Gold Coast (W),6.5,LOSER,0,54,Gold Coast (W),v Western Bulldogs (W),-26,14,40,2.06,,,2.06,,,2.06,,,,
2026-08-15 00:00:00.000 Z,Women's AFL/Gold Coast (W) v Western Bulldogs (W),35926577,HANDICAP,261031489,Handicap,12443127,Western Bulldogs (W),6.5,WINNER,1,54,Gold Coast (W),v Western Bulldogs (W),-26,14,40,,,,1.04,,,1.04,,,,
2026-08-15 00:00:00.000 Z,Women's AFL/Gold Coast (W) v Western Bulldogs (W),35926577,HANDICAP,261031489,Handicap,26814172,Gold Coast (W),7.5,LOSER,0,54,Gold Coast (W),v Western Bulldogs (W),-26,14,40,1.01,,,1.01,,,1.01,,,,
2026-08-15 00:00:00.000 Z,Women's AFL/Gold Coast (W) v Western Bulldogs (W),35926577,HANDICAP,261031489,Handicap,12443127,Western Bulldogs (W),7.5,WINNER,1,54,Gold Coast (W),v Western Bulldogs (W),-26,14,40,,,,1.03,,,1.03,,,,
2026-08-15 00:00:00.000 Z,Women's AFL/Gold Coast (W) v Western Bulldogs (W),35926577,HANDICAP,261031489,Handicap,26814172,Gold Coast (W),8.5,LOSER,0,54,Gold Coast (W),v Western Bulldogs (W),-26,14,40,1.01,,,1.01,,,1.01,,,,
2026-08-15 00:00:00.000 Z,Women's AFL/Gold Coast (W) v Western Bulldogs (W),35926577,HANDICAP,261031489,Handicap,12443127,Western Bulldogs (W),8.5,WINNER,1,54,Gold Coast (W),v Western Bulldogs (W),-26,14,40,,,,1.02,,,1.02,,,,
2026-08-15 00:00:00.000 Z,Women's AFL/Gold Coast (W) v Western Bulldogs (W),35926577,HANDICAP,261031489,Handicap,26814172,Gold Coast (W),9.5,LOSER,0,54,Gold Coast (W),v Western Bulldogs (W),-26,14,40,1.01,,,1.01,,,1.01,,,,
2026-08-15 00:00:00.000 Z,Women's AFL/Gold Coast (W) v Western Bulldogs (W),35926577,HANDICAP,261031489,Handicap,12443127,Western Bulldogs (W),9.5,WINNER,1,54,Gold Coast (W),v Western Bulldogs (W),-26,14,40,,,,1.01,,,1.01,,,,
2026-08-15 00:00:00.000 Z,Women's AFL/Gold Coast (W) v Western Bulldogs (W),35926577,HANDICAP,261031489,Handicap,26814172,Gold Coast (W),10.5,LOSER,0,54,Gold Coast (W),v Western Bulldogs (W),-26,14,40,1.01,,,1.01,,,1.01,,,,
2026-08-15 00:00:00.000 Z,Women's AFL/Gold Coast (W) v Western Bulldogs (W),35926577,HANDICAP,261031489,Handicap,12443127,Western Bulldogs (W),10.5,WINNER,1,54,Gold Coast (W),v Western Bulldogs (W),-26,14,40,,,,,,,,,,,
2026-08-15 00:00:00.000 Z,Women's AFL/Gold Coast (W) v Western Bulldogs (W),35926577,HANDICAP,261031489,Handicap,26814172,Gold Coast (W),11.5,LOSER,0,54,Gold Coast (W),v Western Bulldogs (W),-26,14,40,1.01,,,1.01,,,2.36,,,,
2026-08-15 00:00:00.000 Z,Women's AFL/Gold Coast (W) v Western Bulldogs (W),35926577,HANDICAP,261031489,Handicap,12443127,Western Bulldogs (W),11.5,WINNER,1,54,Gold Coast (W),v Western Bulldogs (W),-26,14,40,,,,,,,,,,,
2026-08-15 00:00:00.000 Z,Women's AFL/Gold Coast (W) v Western Bulldogs (W),35926577,HANDICAP,261031489,Handicap,26814172,Gold Coast (W),12.5,LOSER,0,54,Gold Coast (W),v Western Bulldogs (W),-26,14,40,2.02,,,2.02,,,2.02,,,,
2026-08-15 00:00:00.000 Z,Women's AFL/Gold Coast (W) v Western Bulldogs (W),35926577,HANDICAP,261031489,Handicap,12443127,Western Bulldogs (W),12.5,WINNER,1,54,Gold Coast (W),v Western Bulldogs (W),-26,14,40,,,,,,,,,,,
2026-08-15 00:00:00.000 Z,Women's AFL/Gold Coast (W) v Western Bulldogs (W),35926577,HANDICAP,261031489,Handicap,26814172,Gold Coast (W),13.5,LOSER,0,54,Gold Coast (W),v Western Bulldogs (W),-26,14,40,2,,,2.02,,,2.04,,33,33,2.02
2026-08-15 00:00:00.000 Z,Women's AFL/Gold Coast (W) v Western Bulldogs (W),35926577,HANDICAP,261031489,Handicap,12443127,Western Bulldogs (W),13.5,WINNER,1,54,Gold Coast (W),v Western Bulldogs (W),-26,14,40,,,,,,,,,,,
2026-08-15 00:00:00.000 Z,Women's AFL/Gold Coast (W) v Western Bulldogs (W),35926577,HANDICAP,261031489,Handicap,26814172,Gold Coast (W),14.5,LOSER,0,54,Gold Coast (W),v Western Bulldogs (W),-26,14,40,1.01,,,1.01,,,1.01,,,,
2026-08-15 00:00:00.000 Z,Women's AFL/Gold Coast (W) v Western Bulldogs (W),35926577,HANDICAP,261031489,Handicap,12443127,Western Bulldogs (W),14.5,WINNER,1,54,Gold Coast (W),v Western Bulldogs (W),-26,14,40,,1.88,,,1.88,,,1.88,,,
2026-08-15 00:00:00.000 Z,Women's AFL/Gold Coast (W) v Western Bulldogs (W),35926577,HANDICAP,261031489,Handicap,26814172,Gold Coast (W),15.5,LOSER,0,54,Gold Coast (W),v Western Bulldogs (W),-26,14,40,1.62,,,1.84,,,1.62,,,,
2026-08-15 00:00:00.000 Z,Women's AFL/Gold Coast (W) v Western Bulldogs (W),35926577,HANDICAP,261031489,Handicap,12443127,Western Bulldogs (W),15.5,WINNER,1,54,Gold Coast (W),v Western Bulldogs (W),-26,14,40,,,,,,,,,,,
2026-08-15 00:00:00.000 Z,Women's AFL/Gold Coast (W) v Western Bulldogs (W),35926577,HANDICAP,261031489,Handicap,26814172,Gold Coast (W),16.5,LOSER,0,54,Gold Coast (W),v Western Bulldogs (W),-26,14,40,1.61,,,1.84,,,1.85,,,,
2026-08-15 00:00:00.000 Z,Women's AFL/Gold Coast (W) v Western Bulldogs (W),35926577,HANDICAP,261031489,Handicap,12443127,Western Bulldogs (W),16.5,WINNER,1,54,Gold Coast (W),v Western Bulldogs (W),-26,14,40,,,,,,,,,,,
2026-08-15 00:00:00.000 Z,Women's AFL/Gold Coast (W) v Western Bulldogs (W),35926577,HANDICAP,261031489,Handicap,26814172,Gold Coast (W),17.5,LOSER,0,54,Gold Coast (W),v Western Bulldogs (W),-26,14,40,1.6,,,1.6,,,1.82,,,,
2026-08-15 00:00:00.000 Z,Women's AFL/Gold Coast (W) v Western Bulldogs (W),35926577,HANDICAP,261031489,Handicap,12443127,Western Bulldogs (W),17.5,WINNER,1,54,Gold Coast (W),v Western Bulldogs (W),-26,14,40,,,,,,,,,,,
2026-08-15 00:00:00.000 Z,Women's AFL/Gold Coast (W) v Western Bulldogs (W),35926577,HANDICAP,261031489,Handicap,26814172,Gold Coast (W),18.5,LOSER,0,54,Gold Coast (W),v Western Bulldogs (W),-26,14,40,1.59,,,1.59,,,1.59,,,,
2026-08-15 00:00:00.000 Z,Women's AFL/Gold Coast (W) v Western Bulldogs (W),35926577,HANDICAP,261031489,Handicap,12443127,Western Bulldogs (W),18.5,WINNER,1,54,Gold Coast (W),v Western Bulldogs (W),-26,14,40,,,,,,,,,,,
2026-08-15 00:00:00.000 Z,Women's AFL/Gold Coast (W) v Western Bulldogs (W),35926577,HANDICAP,261031489,Handicap,26814172,Gold Coast (W),19.5,LOSER,0,54,Gold Coast (W),v Western Bulldogs (W),-26,14,40,1.56,,,1.56,,,1.56,,,,
2026-08-15 00:00:00.000 Z,Women's AFL/Gold Coast (W) v Western Bulldogs (W),35926577,HANDICAP,261031489,Handicap,12443127,Western Bulldogs (W),19.5,WINNER,1,54,Gold Coast (W),v Western Bulldogs (W),-26,14,40,,,,,,,,,,,
2026-08-15 00:00:00.000 Z,Women's AFL/Gold Coast (W) v Western Bulldogs (W),35926577,HANDICAP,261031489,Handicap,26814172,Gold Coast (W),20.5,LOSER,0,54,Gold Coast (W),v Western Bulldogs (W),-26,14,40,1.52,,,1.52,,,1.52,,,,
2026-08-15 00:00:00.000 Z,Women's AFL/Gold Coast (W) v Western Bulldogs (W),35926577,HANDICAP,261031489,Handicap,12443127,Western Bulldogs (W),20.5,WINNER,1,54,Gold Coast (W),v Western Bulldogs (W),-26,14,40,,,,,,,,,,,
2026-08-15 00:00:00.000 Z,Women's AFL/Gold Coast (W) v Western Bulldogs (W),35926577,HANDICAP,261031489,Handicap,26814172,Gold Coast (W),21.5,LOSER,0,54,Gold Coast (W),v Western Bulldogs (W),-26,14,40,1.48,,,1.48,,,1.48,,,,
2026-08-15 00:00:00.000 Z,Women's AFL/Gold Coast (W) v Western Bulldogs (W),35926577,HANDICAP,261031489,Handicap,12443127,Western Bulldogs (W),21.5,WINNER,1,54,Gold Coast (W),v Western Bulldogs (W),-26,14,40,,,,,,,,,,,
2026-08-15 00:00:00.000 Z,Women's AFL/Gold Coast (W) v Western Bulldogs (W),35926577,HANDICAP,261031489,Handicap,26814172,Gold Coast (W),22.5,LOSER,0,54,Gold Coast (W),v Western Bulldogs (W),-26,14,40,1.44,,,1.44,,,1.44,,,,
2026-08-15 00:00:00.000 Z,Women's AFL/Gold Coast (W) v Western Bulldogs (W),35926577,HANDICAP,261031489,Handicap,12443127,Western Bulldogs (W),22.5,WINNER,1,54,Gold Coast (W),v Western Bulldogs (W),-26,14,40,,,,,,,,,,,
2026-08-15 00:00:00.000 Z,Women's AFL/Gold Coast (W) v Western Bulldogs (W),35926577,HANDICAP,261031489,Handicap,26814172,Gold Coast (W),23.5,LOSER,0,54,Gold Coast (W),v Western Bulldogs (W),-26,14,40,1.41,,,1.41,,,1.48,,,,
2026-08-15 00:00:00.000 Z,Women's AFL/Gold Coast (W) v Western Bulldogs (W),35926577,HANDICAP,261031489,Handicap,12443127,Western Bulldogs (W),23.5,WINNER,1,54,Gold Coast (W),v Western Bulldogs (W),-26,14,40,,,,,,,,,,,
2026-08-15 00:00:00.000 Z,Women's AFL/Gold Coast (W) v Western Bulldogs (W),35926577,HANDICAP,261031489,Handicap,26814172,Gold Coast (W),24.5,LOSER,0,54,Gold Coast (W),v Western Bulldogs (W),-26,14,40,1.38,,,1.38,,,1.38,,,,
2026-08-15 00:00:00.000 Z,Women's AFL/Gold Coast (W) v Western Bulldogs (W),35926577,HANDICAP,261031489,Handicap,12443127,Western Bulldogs (W),24.5,WINNER,1,54,Gold Coast (W),v Western Bulldogs (W),-26,14,40,,,,,,,,,,,
2026-08-15 00:00:00.000 Z,Women's AFL/Gold Coast (W) v Western Bulldogs (W),35926577,HANDICAP,261031489,Handicap,26814172,Gold Coast (W),25.5,LOSER,0,54,Gold Coast (W),v Western Bulldogs (W),-26,14,40,1.35,,,1.35,,,1.35,,,,
2026-08-15 00:00:00.000 Z,Women's AFL/Gold Coast (W) v Western Bulldogs (W),35926577,HANDICAP,261031489,Handicap,12443127,Western Bulldogs (W),25.5,WINNER,1,54,Gold Coast (W),v Western Bulldogs (W),-26,14,40,,,,,,,,,,,
2026-08-15 00:00:00.000 Z,Women's AFL/Gold Coast (W) v Western Bulldogs (W),35926577,HANDICAP,261031489,Handicap,26814172,Gold Coast (W),26.5,WINNER,1,54,Gold Coast (W),v Western Bulldogs (W),-26,14,40,1.32,,,1.32,,,1.32,,,,
2026-08-15 00:00:00.000 Z,Women's AFL/Gold Coast (W) v Western Bulldogs (W),35926577,HANDICAP,261031489,Handicap,12443127,Western Bulldogs (W),26.5,WINNER,1,54,Gold Coast (W),v Western Bulldogs (W),-26,14,40,,,,,,,,,,,
2026-08-15 00:00:00.000 Z,Women's AFL/Gold Coast (W) v Western Bulldogs (W),35926577,HANDICAP,261031489,Handicap,26814172,Gold Coast (W),27.5,WINNER,1,54,Gold Coast (W),v Western Bulldogs (W),-26,14,40,1.29,,,1.29,,,1.29,,,,
2026-08-15 00:00:00.000 Z,Women's AFL/Gold Coast (W) v Western Bulldogs (W),35926577,HANDICAP,261031489,Handicap,12443127,Western Bulldogs (W),27.5,WINNER,1,54,Gold Coast (W),v Western Bulldogs (W),-26,14,40,,,,,,,,,,,
2026-08-15 00:00:00.000 Z,Women's AFL/Gold Coast (W) v Western Bulldogs (W),35926577,HANDICAP,261031489,Handicap,26814172,Gold Coast (W),28.5,WINNER,1,54,Gold Coast (W),v Western Bulldogs (W),-26,14,40,1.26,,,1.26,,,1.26,,,,
2026-08-15 00:00:00.000 Z,Women's AFL/Gold Coast (W) v Western Bulldogs (W),35926577,HANDICAP,261031489,Handicap,12443127,Western Bulldogs (W),28.5,WINNER,1,54,Gold Coast (W),v Western Bulldogs (W),-26,14,40,,,,,,,,,,,
2026-08-15 00:00:00.000 Z,Women's AFL/Gold Coast (W) v Western Bulldogs (W),35926577,HANDICAP,261031489,Handicap,26814172,Gold Coast (W),29.5,WINNER,1,54,Gold Coast (W),v Western Bulldogs (W),-26,14,40,1.24,,,1.24,,,1.29,,,,
2026-08-15 00:00:00.000 Z,Women's AFL/Gold Coast (W) v Western Bulldogs (W),35926577,HANDICAP,261031489,Handicap,12443127,Western Bulldogs (W),29.5,WINNER,1,54,Gold Coast (W),v Western Bulldogs (W),-26,14,40,,,,,,,,,,,
2026-08-15 00:00:00.000 Z,Women's AFL/Gold Coast (W) v Western Bulldogs (W),35926577,HANDICAP,261031489,Handicap,12443127,Western Bulldogs (W),30.5,WINNER,1,54,Gold Coast (W),v Western Bulldogs (W),-26,14,40,,,,,,,,,,,
2026-08-15 00:00:00.000 Z,Women's AFL/Gold Coast (W) v Western Bulldogs (W),35926577,HANDICAP,261031489,Handicap,26814172,Gold Coast (W),30.5,WINNER,1,54,Gold Coast (W),v Western Bulldogs (W),-26,14,40,1.22,,,1.22,,,1.23,,,,
2026-08-15 00:00:00.000 Z,Women's AFL/Gold Coast (W) v Western Bulldogs (W),35926577,HANDICAP,261031489,Handicap,26814172,Gold Coast (W),31.5,WINNER,1,54,Gold Coast (W),v Western Bulldogs (W),-26,14,40,1.2,,,1.2,,,1.21,,,,
2026-08-15 00:00:00.000 Z,Women's AFL/Gold Coast (W) v Western Bulldogs (W),35926577,HANDICAP,261031489,Handicap,12443127,Western Bulldogs (W),31.5,WINNER,1,54,Gold Coast (W),v Western Bulldogs (W),-26,14,40,,,,,,,,,,,
2026-08-15 00:00:00.000 Z,Women's AFL/Gold Coast (W) v Western Bulldogs (W),35926577,HANDICAP,261031489,Handicap,12443127,Western Bulldogs (W),32.5,WINNER,1,54,Gold Coast (W),v Western Bulldogs (W),-26,14,40,,,,,,,,,,,
2026-08-15 00:00:00.000 Z,Women's AFL/Gold Coast (W) v Western Bulldogs (W),35926577,HANDICAP,261031489,Handicap,26814172,Gold Coast (W),32.5,WINNER,1,54,Gold Coast (W),v Western Bulldogs (W),-26,14,40,1.18,,,1.18,,,1.18,,,,
2026-08-15 00:00:00.000 Z,Women's AFL/Gold Coast (W) v Western Bulldogs (W),35926577,HANDICAP,261031489,Handicap,26814172,Gold Coast (W),33.5,WINNER,1,54,Gold Coast (W),v Western Bulldogs (W),-26,14,40,1.16,,,1.16,,,1.16,,,,
2026-08-15 00:00:00.000 Z,Women's AFL/Gold Coast (W) v Western Bulldogs (W),35926577,HANDICAP,261031489,Handicap,12443127,Western Bulldogs (W),33.5,WINNER,1,54,Gold Coast (W),v Western Bulldogs (W),-26,14,40,,,,,,,,,,,
2026-08-15 00:00:00.000 Z,Women's AFL/Gold Coast (W) v Western Bulldogs (W),35926577,HANDICAP,261031489,Handicap,12443127,Western Bulldogs (W),34.5,WINNER,1,54,Gold Coast (W),v Western Bulldogs (W),-26,14,40,,,,,,,,,,,
2026-08-15 00:00:00.000 Z,Women's AFL/Gold Coast (W) v Western Bulldogs (W),35926577,HANDICAP,261031489,Handicap,26814172,Gold Coast (W),34.5,WINNER,1,54,Gold Coast (W),v Western Bulldogs (W),-26,14,40,1.14,,,1.14,,,1.14,,,,
2026-08-15 00:00:00.000 Z,Women's AFL/Gold Coast (W) v Western Bulldogs (W),35926577,HANDICAP,261031489,Handicap,26814172,Gold Coast (W),35.5,WINNER,1,54,Gold Coast (W),v Western Bulldogs (W),-26,14,40,1.12,,,1.12,,,1.12,,,,
2026-08-15 00:00:00.000 Z,Women's AFL/Gold Coast (W) v Western Bulldogs (W),35926577,HANDICAP,261031489,Handicap,12443127,Western Bulldogs (W),35.5,WINNER,1,54,Gold Coast (W),v Western Bulldogs (W),-26,14,40,,,,,,,,,,,
2026-08-15 00:00:00.000 Z,Women's AFL/Gold Coast (W) v Western Bulldogs (W),35926577,HANDICAP,261031489,Handicap,12443127,Western Bulldogs (W),36.5,WINNER,1,54,Gold Coast (W),v Western Bulldogs (W),-26,14,40,,,,,,,,,,,
2026-08-15 00:00:00.000 Z,Women's AFL/Gold Coast (W) v Western Bulldogs (W),35926577,HANDICAP,261031489,Handicap,26814172,Gold Coast (W),36.5,WINNER,1,54,Gold Coast (W),v Western Bulldogs (W),-26,14,40,1.1,,,1.1,,,1.1,,,,
2026-08-15 00:00:00.000 Z,Women's AFL/Gold Coast (W) v Western Bulldogs (W),35926577,HANDICAP,261031489,Handicap,12443127,Western Bulldogs (W),37.5,WINNER,1,54,Gold Coast (W),v Western Bulldogs (W),-26,14,40,,,,,,,,,,,
2026-08-15 00:00:00.000 Z,Women's AFL/Gold Coast (W) v Western Bulldogs (W),35926577,HANDICAP,261031489,Handicap,26814172,Gold Coast (W),37.5,WINNER,1,54,Gold Coast (W),v Western Bulldogs (W),-26,14,40,1.09,,,1.09,,,1.09,,,,
2026-08-15 00:00:00.000 Z,Women's AFL/Gold Coast (W) v Western Bulldogs (W),35926577,HANDICAP,261031489,Handicap,26814172,Gold Coast (W),38.5,WINNER,1,54,Gold Coast (W),v Western Bulldogs (W),-26,14,40,1.08,,,1.08,,,1.08,,,,
2026-08-15 00:00:00.000 Z,Women's AFL/Gold Coast (W) v Western Bulldogs (W),35926577,HANDICAP,261031489,Handicap,12443127,Western Bulldogs (W),38.5,WINNER,1,54,Gold Coast (W),v Western Bulldogs (W),-26,14,40,,,,,,,,,,,
2026-08-15 00:00:00.000 Z,Women's AFL/Gold Coast (W) v Western Bulldogs (W),35926577,HANDICAP,261031489,Handicap,26814172,Gold Coast (W),39.5,WINNER,1,54,Gold Coast (W),v Western Bulldogs (W),-26,14,40,1.07,,,1.07,,,1.07,,,,
2026-08-15 00:00:00.000 Z,Women's AFL/Gold Coast (W) v Western Bulldogs (W),35926577,HANDICAP,261031489,Handicap,12443127,Western Bulldogs (W),39.5,WINNER,1,54,Gold Coast (W),v Western Bulldogs (W),-26,14,40,,,,,,,,,,,
2026-08-15 00:00:00.000 Z,Women's AFL/Gold Coast (W) v Western Bulldogs (W),35926577,HANDICAP,261031489,Handicap,26814172,Gold Coast (W),40.5,WINNER,1,54,Gold Coast (W),v Western Bulldogs (W),-26,14,40,1.06,,,1.06,,,1.06,,,,
2026-08-15 00:00:00.000 Z,Women's AFL/Gold Coast (W) v Western Bulldogs (W),35926577,HANDICAP,261031489,Handicap,12443127,Western Bulldogs (W),40.5,WINNER,1,54,Gold Coast (W),v Western Bulldogs (W),-26,14,40,,,,,,,,,,,
2026-08-15 00:00:00.000 Z,Women's AFL/Gold Coast (W) v Western Bulldogs (W),35926577,HANDICAP,261031489,Handicap,12443127,Western Bulldogs (W),41.5,WINNER,1,54,Gold Coast (W),v Western Bulldogs (W),-26,14,40,,,,,,,,,,,
2026-08-15 00:00:00.000 Z,Women's AFL/Gold Coast (W) v Western Bulldogs (W),35926577,HANDICAP,261031489,Handicap,26814172,Gold Coast (W),41.5,WINNER,1,54,Gold Coast (W),v Western Bulldogs (W),-26,14,40,1.05,,,1.05,,,1.05,,,,
2026-08-15 00:00:00.000 Z,Women's AFL/Gold Coast (W) v Western Bulldogs (W),35926577,HANDICAP,261031489,Handicap,26814172,Gold Coast (W),42.5,WINNER,1,54,Gold Coast (W),v Western Bulldogs (W),-26,14,40,1.04,,,1.04,,,1.04,,,,
2026-08-15 00:00:00.000 Z,Women's AFL/Gold Coast (W) v Western Bulldogs (W),35926577,HANDICAP,261031489,Handicap,12443127,Western Bulldogs (W),42.5,WINNER,1,54,Gold Coast (W),v Western Bulldogs (W),-26,14,40,,,,,,,,,,,
2026-08-15 00:00:00.000 Z,Women's AFL/Gold Coast (W) v Western Bulldogs (W),35926577,HANDICAP,261031489,Handicap,26814172,Gold Coast (W),43.5,WINNER,1,54,Gold Coast (W),v Western Bulldogs (W),-26,14,40,1.03,,,1.03,,,1.03,,,,
2026-08-15 00:00:00.000 Z,Women's AFL/Gold Coast (W) v Western Bulldogs (W),35926577,HANDICAP,261031489,Handicap,12443127,Western Bulldogs (W),43.5,WINNER,1,54,Gold Coast (W),v Western Bulldogs (W),-26,14,40,,,,,,,,,,,
2026-08-15 00:00:00.000 Z,Women's AFL/Gold Coast (W) v Western Bulldogs (W),35926577,HANDICAP,261031489,Handicap,26814172,Gold Coast (W),44.5,WINNER,1,54,Gold Coast (W),v Western Bulldogs (W),-26,14,40,1.02,,,1.02,,,1.02,,,,
2026-08-15 00:00:00.000 Z,Women's AFL/Gold Coast (W) v Western Bulldogs (W),35926577,HANDICAP,261031489,Handicap,12443127,Western Bulldogs (W),44.5,WINNER,1,54,Gold Coast (W),v Western Bulldogs (W),-26,14,40,,,,,,,,,,,
2026-08-15 00:00:00.000 Z,Women's AFL/Gold Coast (W) v Western Bulldogs (W),35926577,HANDICAP,261031489,Handicap,26814172,Gold Coast (W),45.5,WINNER,1,54,Gold Coast (W),v Western Bulldogs (W),-26,14,40,1.01,,,1.01,,,1.01,,,,
2026-08-15 00:00:00.000 Z,Women's AFL/Gold Coast (W) v Western Bulldogs (W),35926577,HANDICAP,261031489,Handicap,12443127,Western Bulldogs (W),45.5,WINNER,1,54,Gold Coast (W),v Western Bulldogs (W),-26,14,40,,,,,,,,,,,
2026-08-15 00:00:00.000 Z,Women's AFL/Gold Coast (W) v Western Bulldogs (W),35926577,HANDICAP,261031489,Handicap,26814172,Gold Coast (W),46.5,WINNER,1,54,Gold Coast (W),v Western Bulldogs (W),-26,14,40,1.01,,,1.01,,,1.01,,,,
2026-08-15 00:00:00.000 Z,Women's AFL/Gold Coast (W) v Western Bulldogs (W),35926577,HANDICAP,261031489,Handicap,12443127,Western Bulldogs (W),46.5,WINNER,1,54,Gold Coast (W),v Western Bulldogs (W),-26,14,40,,,,,,,,,,,
2026-08-15 00:00:00.000 Z,Women's AFL/Gold Coast (W) v Western Bulldogs (W),35926577,HANDICAP,261031489,Handicap,12443127,Western Bulldogs (W),47.5,WINNER,1,54,Gold Coast (W),v Western Bulldogs (W),-26,14,40,,,,,,,,,,,
2026-08-15 00:00:00.000 Z,Women's AFL/Gold Coast (W) v Western Bulldogs (W),35926577,HANDICAP,261031489,Handicap,26814172,Gold Coast (W),47.5,WINNER,1,54,Gold Coast (W),v Western Bulldogs (W),-26,14,40,1.01,,,1.01,,,1.01,,,,
2026-08-15 00:00:00.000 Z,Women's AFL/Gold Coast (W) v Western Bulldogs (W),35926577,HANDICAP,261031489,Handicap,12443127,Western Bulldogs (W),48.5,WINNER,1,54,Gold Coast (W),v Western Bulldogs (W),-26,14,40,,,,,,,,,,,
2026-08-15 00:00:00.000 Z,Women's AFL/Gold Coast (W) v Western Bulldogs (W),35926577,HANDICAP,261031489,Handicap,26814172,Gold Coast (W),48.5,WINNER,1,54,Gold Coast (W),v Western Bulldogs (W),-26,14,40,1.01,,,1.01,,,1.01,,,,
2026-08-15 00:00:00.000 Z,Women's AFL/Gold Coast (W) v Western Bulldogs (W),35926577,HANDICAP,261031489,Handicap,12443127,Western Bulldogs (W),49.5,WINNER,1,54,Gold Coast (W),v Western Bulldogs (W),-26,14,40,,,,,,,,,,,
2026-08-15 00:00:00.000 Z,Women's AFL/Gold Coast (W) v Western Bulldogs (W),35926577,HANDICAP,261031489,Handicap,26814172,Gold Coast (W),49.5,WINNER,1,54,Gold Coast (W),v Western Bulldogs (W),-26,14,40,1.01,,,1.01,,,1.01,,,,
2026-08-15 00:00:00.000 Z,Women's AFL/Gold Coast (W) v Western Bulldogs (W),35926577,HANDICAP,261031489,Handicap,26814172,Gold Coast (W),50.5,WINNER,1,54,Gold Coast (W),v Western Bulldogs (W),-26,14,40,1.01,,,1.01,,,1.01,,,,
2026-08-15 00:00:00.000 Z,Women's AFL/Gold Coast (W) v Western Bulldogs (W),35926577,HANDICAP,261031489,Handicap,12443127,Western Bulldogs (W),50.5,WINNER,1,54,Gold Coast (W),v Western Bulldogs (W),-26,14,40,,,,,,,,,,,
2026-08-15 00:00:00.000 Z,Women's AFL/Gold Coast (W) v Western Bulldogs (W),35926577,HANDICAP,261031489,Handicap,12443127,Western Bulldogs (W),51.5,WINNER,1,54,Gold Coast (W),v Western Bulldogs (W),-26,14,40,,,,,,,,,,,
2026-08-15 00:00:00.000 Z,Women's AFL/Gold Coast (W) v Western Bulldogs (W),35926577,HANDICAP,261031489,Handicap,26814172,Gold Coast (W),51.5,WINNER,1,54,Gold Coast (W),v Western Bulldogs (W),-26,14,40,1.01,,,1.01,,,1.01,,,,
2026-08-15 00:00:00.000 Z,Women's AFL/Gold Coast (W) v Western Bulldogs (W),35926577,HANDICAP,261031489,Handicap,12443127,Western Bulldogs (W),52.5,WINNER,1,54,Gold Coast (W),v Western Bulldogs (W),-26,14,40,,,,,,,,,,,
2026-08-15 00:00:00.000 Z,Women's AFL/Gold Coast (W) v Western Bulldogs (W),35926577,HANDICAP,261031489,Handicap,26814172,Gold Coast (W),52.5,WINNER,1,54,Gold Coast (W),v Western Bulldogs (W),-26,14,40,1.01,,,1.01,,,1.01,,,,
2026-08-15 00:00:00.000 Z,Women's AFL/Gold Coast (W) v Western Bulldogs (W),35926577,HANDICAP,261031489,Handicap,12443127,Western Bulldogs (W),53.5,WINNER,1,54,Gold Coast (W),v Western Bulldogs (W),-26,14,40,,,,,,,,,,,
2026-08-15 00:00:00.000 Z,Women's AFL/Gold Coast (W) v Western Bulldogs (W),35926577,HANDICAP,261031489,Handicap,26814172,Gold Coast (W),53.5,WINNER,1,54,Gold Coast (W),v Western Bulldogs (W),-26,14,40,1.01,,,1.01,,,1.01,,,,
2026-08-15 00:00:00.000 Z,Women's AFL/Gold Coast (W) v Western Bulldogs (W),35926577,HANDICAP,261031489,Handicap,26814172,Gold Coast (W),54.5,WINNER,1,54,Gold Coast (W),v Western Bulldogs (W),-26,14,40,1.01,,,1.01,,,1.01,,,,
2026-08-15 00:00:00.000 Z,Women's AFL/Gold Coast (W) v Western Bulldogs (W),35926577,HANDICAP,261031489,Handicap,12443127,Western Bulldogs (W),54.5,WINNER,1,54,Gold Coast (W),v Western Bulldogs (W),-26,14,40,,,,,,,,,,,
2026-08-15 00:00:00.000 Z,Women's AFL/Gold Coast (W) v Western Bulldogs (W),35926577,HANDICAP,261031489,Handicap,26814172,Gold Coast (W),55.5,WINNER,1,54,Gold Coast (W),v Western Bulldogs (W),-26,14,40,1.01,,,1.01,,,1.01,,,,
2026-08-15 00:00:00.000 Z,Women's AFL/Gold Coast (W) v Western Bulldogs (W),35926577,HANDICAP,261031489,Handicap,12443127,Western Bulldogs (W),55.5,WINNER,1,54,Gold Coast (W),v Western Bulldogs (W),-26,14,40,,,,,,,,,,,
2026-08-15 00:00:00.000 Z,Women's AFL/Gold Coast (W) v Western Bulldogs (W),35926577,HANDICAP,261031489,Handicap,26814172,Gold Coast (W),56.5,WINNER,1,54,Gold Coast (W),v Western Bulldogs (W),-26,14,40,1.01,,,1.01,,,1.01,,,,
2026-08-15 00:00:00.000 Z,Women's AFL/Gold Coast (W) v Western Bulldogs (W),35926577,HANDICAP,261031489,Handicap,12443127,Western Bulldogs (W),56.5,WINNER,1,54,Gold Coast (W),v Western Bulldogs (W),-26,14,40,,,,,,,,,,,
2026-08-15 00:00:00.000 Z,Women's AFL/Gold Coast (W) v Western Bulldogs (W),35926577,HANDICAP,261031489,Handicap,26814172,Gold Coast (W),57.5,WINNER,1,54,Gold Coast (W),v Western Bulldogs (W),-26,14,40,1.01,,,1.01,,,1.01,,,,
2026-08-15 00:00:00.000 Z,Women's AFL/Gold Coast (W) v Western Bulldogs (W),35926577,HANDICAP,261031489,Handicap,12443127,Western Bulldogs (W),57.5,WINNER,1,54,Gold Coast (W),v Western Bulldogs (W),-26,14,40,,,,,,,,,,,
2026-08-15 00:00:00.000 Z,Women's AFL/Gold Coast (W) v Western Bulldogs (W),35926577,HANDICAP,261031489,Handicap,26814172,Gold Coast (W),58.5,WINNER,1,54,Gold Coast (W),v Western Bulldogs (W),-26,14,40,1.01,,,1.01,,,1.01,,,,
2026-08-15 00:00:00.000 Z,Women's AFL/Gold Coast (W) v Western Bulldogs (W),35926577,HANDICAP,261031489,Handicap,12443127,Western Bulldogs (W),58.5,WINNER,1,54,Gold Coast (W),v Western Bulldogs (W),-26,14,40,,,,,,,,,,,
2026-08-15 00:00:00.000 Z,Women's AFL/Gold Coast (W) v Western Bulldogs (W),35926577,HANDICAP,261031489,Handicap,26814172,Gold Coast (W),59.5,WINNER,1,54,Gold Coast (W),v Western Bulldogs (W),-26,14,40,,,,,,,,,,,
2026-08-15 00:00:00.000 Z,Women's AFL/Gold Coast (W) v Western Bulldogs (W),35926577,HANDICAP,261031489,Handicap,12443127,Western Bulldogs (W),59.5,WINNER,1,54,Gold Coast (W),v Western Bulldogs (W),-26,14,40,,,,,,,,,,,
2026-08-15 00:00:00.000 Z,Women's AFL/Gold Coast (W) v Western Bulldogs (W),35926577,MATCH_ODDS,261031488,Match Odds,26814172,Gold Coast (W),0,LOSER,0,54,Gold Coast (W),v Western Bulldogs (W),-26,14,40,2.5,,2.87,2.5,8.6,2.87,2.5,4.2,190.04,205.07,4.3
2026-08-15 00:00:00.000 Z,Women's AFL/Gold Coast (W) v Western Bulldogs (W),35926577,MATCH_ODDS,261031488,Match Odds,12443127,Western Bulldogs (W),0,WINNER,1,54,Gold Coast (W),v Western Bulldogs (W),-26,14,40,1.3,,1,1.3,,1,1.31,1.67,63.99,275.44,1.31
2026-08-15 00:00:00.000 Z,Women's AFL/Gold Coast (W) v Western Bulldogs (W),35926577,COMBINED_TOTAL,261031610,Total Points,8435233,Under,20.5,LOSER,0,54,Gold Coast (W),v Western Bulldogs (W),-26,14,40,1.01,,,1.01,,,1.01,,,,
2026-08-15 00:00:00.000 Z,Women's AFL/Gold Coast (W) v Western Bulldogs (W),35926577,COMBINED_TOTAL,261031610,Total Points,8435232,Over,20.5,WINNER,1,54,Gold Coast (W),v Western Bulldogs (W),-26,14,40,,,,,,,,,,,
2026-08-15 00:00:00.000 Z,Women's AFL/Gold Coast (W) v Western Bulldogs (W),35926577,COMBINED_TOTAL,261031610,Total Points,8435233,Under,21.5,LOSER,0,54,Gold Coast (W),v Western Bulldogs (W),-26,14,40,1.01,,,1.01,,,1.01,,,,
2026-08-15 00:00:00.000 Z,Women's AFL/Gold Coast (W) v Western Bulldogs (W),35926577,COMBINED_TOTAL,261031610,Total Points,8435232,Over,21.5,WINNER,1,54,Gold Coast (W),v Western Bulldogs (W),-26,14,40,,,,,,,,,,,
2026-08-15 00:00:00.000 Z,Women's AFL/Gold Coast (W) v Western Bulldogs (W),35926577,COMBINED_TOTAL,261031610,Total Points,8435233,Under,22.5,LOSER,0,54,Gold Coast (W),v Western Bulldogs (W),-26,14,40,1.01,,,1.01,,,1.01,,,,
2026-08-15 00:00:00.000 Z,Women's AFL/Gold Coast (W) v Western Bulldogs (W),35926577,COMBINED_TOTAL,261031610,Total Points,8435232,Over,22.5,WINNER,1,54,Gold Coast (W),v Western Bulldogs (W),-26,14,40,,,,,,,,,,,
2026-08-15 00:00:00.000 Z,Women's AFL/Gold Coast (W) v Western Bulldogs (W),35926577,COMBINED_TOTAL,261031610,Total Points,8435233,Under,23.5,LOSER,0,54,Gold Coast (W),v Western Bulldogs (W),-26,14,40,1.01,,,1.01,,,1.01,,,,
2026-08-15 00:00:00.000 Z,Women's AFL/Gold Coast (W) v Western Bulldogs (W),35926577,COMBINED_TOTAL,261031610,Total Points,8435232,Over,23.5,WINNER,1,54,Gold Coast (W),v Western Bulldogs (W),-26,14,40,,,,,,,,,,,
2026-08-15 00:00:00.000 Z,Women's AFL/Gold Coast (W) v Western Bulldogs (W),35926577,COMBINED_TOTAL,261031610,Total Points,8435233,Under,24.5,LOSER,0,54,Gold Coast (W),v Western Bulldogs (W),-26,14,40,1.01,,,1.01,,,1.01,,,,
2026-08-15 00:00:00.000 Z,Women's AFL/Gold Coast (W) v Western Bulldogs (W),35926577,COMBINED_TOTAL,261031610,Total Points,8435232,Over,24.5,WINNER,1,54,Gold Coast (W),v Western Bulldogs (W),-26,14,40,,,,,,,,,,,
2026-08-15 00:00:00.000 Z,Women's AFL/Gold Coast (W) v Western Bulldogs (W),35926577,COMBINED_TOTAL,261031610,Total Points,8435233,Under,25.5,LOSER,0,54,Gold Coast (W),v Western Bulldogs (W),-26,14,40,1.01,,,1.01,,,1.01,,,,
2026-08-15 00:00:00.000 Z,Women's AFL/Gold Coast (W) v Western Bulldogs (W),35926577,COMBINED_TOTAL,261031610,Total Points,8435232,Over,25.5,WINNER,1,54,Gold Coast (W),v Western Bulldogs (W),-26,14,40,,,,,,,,,,,
2026-08-15 00:00:00.000 Z,Women's AFL/Gold Coast (W) v Western Bulldogs (W),35926577,COMBINED_TOTAL,261031610,Total Points,8435233,Under,26.5,LOSER,0,54,Gold Coast (W),v Western Bulldogs (W),-26,14,40,1.01,,,1.01,,,1.01,,,,
2026-08-15 00:00:00.000 Z,Women's AFL/Gold Coast (W) v Western Bulldogs (W),35926577,COMBINED_TOTAL,261031610,Total Points,8435232,Over,26.5,WINNER,1,54,Gold Coast (W),v Western Bulldogs (W),-26,14,40,,,,,,,,,,,
2026-08-15 00:00:00.000 Z,Women's AFL/Gold Coast (W) v Western Bulldogs (W),35926577,COMBINED_TOTAL,261031610,Total Points,8435233,Under,27.5,LOSER,0,54,Gold Coast (W),v Western Bulldogs (W),-26,14,40,1.01,,,1.01,,,1.01,,,,
2026-08-15 00:00:00.000 Z,Women's AFL/Gold Coast (W) v Western Bulldogs (W),35926577,COMBINED_TOTAL,261031610,Total Points,8435232,Over,27.5,WINNER,1,54,Gold Coast (W),v Western Bulldogs (W),-26,14,40,,,,,,,,,,,
2026-08-15 00:00:00.000 Z,Women's AFL/Gold Coast (W) v Western Bulldogs (W),35926577,COMBINED_TOTAL,261031610,Total Points,8435233,Under,28.5,LOSER,0,54,Gold Coast (W),v Western Bulldogs (W),-26,14,40,1.01,,,1.01,,,1.01,,,,
2026-08-15 00:00:00.000 Z,Women's AFL/Gold Coast (W) v Western Bulldogs (W),35926577,COMBINED_TOTAL,261031610,Total Points,8435232,Over,28.5,WINNER,1,54,Gold Coast (W),v Western Bulldogs (W),-26,14,40,,,,,,,,,,,
2026-08-15 00:00:00.000 Z,Women's AFL/Gold Coast (W) v Western Bulldogs (W),35926577,COMBINED_TOTAL,261031610,Total Points,8435233,Under,29.5,LOSER,0,54,Gold Coast (W),v Western Bulldogs (W),-26,14,40,1.01,,,1.01,,,1.01,,,,
2026-08-15 00:00:00.000 Z,Women's AFL/Gold Coast (W) v Western Bulldogs (W),35926577,COMBINED_TOTAL,261031610,Total Points,8435232,Over,29.5,WINNER,1,54,Gold Coast (W),v Western Bulldogs (W),-26,14,40,,,,,,,,,,,
2026-08-15 00:00:00.000 Z,Women's AFL/Gold Coast (W) v Western Bulldogs (W),35926577,COMBINED_TOTAL,261031610,Total Points,8435233,Under,30.5,LOSER,0,54,Gold Coast (W),v Western Bulldogs (W),-26,14,40,1.01,,,1.01,,,1.01,,,,
2026-08-15 00:00:00.000 Z,Women's AFL/Gold Coast (W) v Western Bulldogs (W),35926577,COMBINED_TOTAL,261031610,Total Points,8435232,Over,30.5,WINNER,1,54,Gold Coast (W),v Western Bulldogs (W),-26,14,40,,,,,,,,,,,
2026-08-15 00:00:00.000 Z,Women's AFL/Gold Coast (W) v Western Bulldogs (W),35926577,COMBINED_TOTAL,261031610,Total Points,8435233,Under,31.5,LOSER,0,54,Gold Coast (W),v Western Bulldogs (W),-26,14,40,1.01,,,1.01,,,1.01,,,,
2026-08-15 00:00:00.000 Z,Women's AFL/Gold Coast (W) v Western Bulldogs (W),35926577,COMBINED_TOTAL,261031610,Total Points,8435232,Over,31.5,WINNER,1,54,Gold Coast (W),v Western Bulldogs (W),-26,14,40,,,,,,,,,,,
2026-08-15 00:00:00.000 Z,Women's AFL/Gold Coast (W) v Western Bulldogs (W),35926577,COMBINED_TOTAL,261031610,Total Points,8435233,Under,32.5,LOSER,0,54,Gold Coast (W),v Western Bulldogs (W),-26,14,40,1.01,,,1.01,,,1.01,,,,
2026-08-15 00:00:00.000 Z,Women's AFL/Gold Coast (W) v Western Bulldogs (W),35926577,COMBINED_TOTAL,261031610,Total Points,8435232,Over,32.5,WINNER,1,54,Gold Coast (W),v Western Bulldogs (W),-26,14,40,,,,,,,,,,,
2026-08-15 00:00:00.000 Z,Women's AFL/Gold Coast (W) v Western Bulldogs (W),35926577,COMBINED_TOTAL,261031610,Total Points,8435233,Under,33.5,LOSER,0,54,Gold Coast (W),v Western Bulldogs (W),-26,14,40,1.01,,,1.01,,,1.01,,,,
2026-08-15 00:00:00.000 Z,Women's AFL/Gold Coast (W) v Western Bulldogs (W),35926577,COMBINED_TOTAL,261031610,Total Points,8435232,Over,33.5,WINNER,1,54,Gold Coast (W),v Western Bulldogs (W),-26,14,40,,,,,,,,,,,
2026-08-15 00:00:00.000 Z,Women's AFL/Gold Coast (W) v Western Bulldogs (W),35926577,COMBINED_TOTAL,261031610,Total Points,8435233,Under,34.5,LOSER,0,54,Gold Coast (W),v Western Bulldogs (W),-26,14,40,1.01,,,1.01,,,1.01,,,,
2026-08-15 00:00:00.000 Z,Women's AFL/Gold Coast (W) v Western Bulldogs (W),35926577,COMBINED_TOTAL,261031610,Total Points,8435232,Over,34.5,WINNER,1,54,Gold Coast (W),v Western Bulldogs (W),-26,14,40,,,,,,,,,,,
2026-08-15 00:00:00.000 Z,Women's AFL/Gold Coast (W) v Western Bulldogs (W),35926577,COMBINED_TOTAL,261031610,Total Points,8435233,Under,35.5,LOSER,0,54,Gold Coast (W),v Western Bulldogs (W),-26,14,40,1.01,,,1.01,,,1.01,,,,
2026-08-15 00:00:00.000 Z,Women's AFL/Gold Coast (W) v Western Bulldogs (W),35926577,COMBINED_TOTAL,261031610,Total Points,8435232,Over,35.5,WINNER,1,54,Gold Coast (W),v Western Bulldogs (W),-26,14,40,,,,,,,,,,,
2026-08-15 00:00:00.000 Z,Women's AFL/Gold Coast (W) v Western Bulldogs (W),35926577,COMBINED_TOTAL,261031610,Total Points,8435233,Under,36.5,LOSER,0,54,Gold Coast (W),v Western Bulldogs (W),-26,14,40,1.01,,,1.01,,,1.01,,,,
2026-08-15 00:00:00.000 Z,Women's AFL/Gold Coast (W) v Western Bulldogs (W),35926577,COMBINED_TOTAL,261031610,Total Points,8435232,Over,36.5,WINNER,1,54,Gold Coast (W),v Western Bulldogs (W),-26,14,40,,,,,,,,,,,
2026-08-15 00:00:00.000 Z,Women's AFL/Gold Coast (W) v Western Bulldogs (W),35926577,COMBINED_TOTAL,261031610,Total Points,8435233,Under,37.5,LOSER,0,54,Gold Coast (W),v Western Bulldogs (W),-26,14,40,1.01,,,1.01,,,1.01,,,,
2026-08-15 00:00:00.000 Z,Women's AFL/Gold Coast (W) v Western Bulldogs (W),35926577,COMBINED_TOTAL,261031610,Total Points,8435232,Over,37.5,WINNER,1,54,Gold Coast (W),v Western Bulldogs (W),-26,14,40,,,,,,,,,,,
2026-08-15 00:00:00.000 Z,Women's AFL/Gold Coast (W) v Western Bulldogs (W),35926577,COMBINED_TOTAL,261031610,Total Points,8435233,Under,38.5,LOSER,0,54,Gold Coast (W),v Western Bulldogs (W),-26,14,40,1.01,,,1.01,,,1.01,,,,
2026-08-15 00:00:00.000 Z,Women's AFL/Gold Coast (W) v Western Bulldogs (W),35926577,COMBINED_TOTAL,261031610,Total Points,8435232,Over,38.5,WINNER,1,54,Gold Coast (W),v Western Bulldogs (W),-26,14,40,,,,,,,,,,,
2026-08-15 00:00:00.000 Z,Women's AFL/Gold Coast (W) v Western Bulldogs (W),35926577,COMBINED_TOTAL,261031610,Total Points,8435233,Under,39.5,LOSER,0,54,Gold Coast (W),v Western Bulldogs (W),-26,14,40,1.01,,,1.01,,,1.01,,,,
2026-08-15 00:00:00.000 Z,Women's AFL/Gold Coast (W) v Western Bulldogs (W),35926577,COMBINED_TOTAL,261031610,Total Points,8435232,Over,39.5,WINNER,1,54,Gold Coast (W),v Western Bulldogs (W),-26,14,40,,,,,,,,,,,
2026-08-15 00:00:00.000 Z,Women's AFL/Gold Coast (W) v Western Bulldogs (W),35926577,COMBINED_TOTAL,261031610,Total Points,8435233,Under,40.5,LOSER,0,54,Gold Coast (W),v Western Bulldogs (W),-26,14,40,1.01,,,1.01,,,1.01,,,,
2026-08-15 00:00:00.000 Z,Women's AFL/Gold Coast (W) v Western Bulldogs (W),35926577,COMBINED_TOTAL,261031610,Total Points,8435232,Over,40.5,WINNER,1,54,Gold Coast (W),v Western Bulldogs (W),-26,14,40,,,,,,,,,,,
2026-08-15 00:00:00.000 Z,Women's AFL/Gold Coast (W) v Western Bulldogs (W),35926577,COMBINED_TOTAL,261031610,Total Points,8435233,Under,41.5,LOSER,0,54,Gold Coast (W),v Western Bulldogs (W),-26,14,40,1.01,,,1.01,,,1.01,,,,
2026-08-15 00:00:00.000 Z,Women's AFL/Gold Coast (W) v Western Bulldogs (W),35926577,COMBINED_TOTAL,261031610,Total Points,8435232,Over,41.5,WINNER,1,54,Gold Coast (W),v Western Bulldogs (W),-26,14,40,,,,,,,,,,,
2026-08-15 00:00:00.000 Z,Women's AFL/Gold Coast (W) v Western Bulldogs (W),35926577,COMBINED_TOTAL,261031610,Total Points,8435233,Under,42.5,LOSER,0,54,Gold Coast (W),v Western Bulldogs (W),-26,14,40,1.01,,,1.01,,,1.01,,,,
2026-08-15 00:00:00.000 Z,Women's AFL/Gold Coast (W) v Western Bulldogs (W),35926577,COMBINED_TOTAL,261031610,Total Points,8435232,Over,42.5,WINNER,1,54,Gold Coast (W),v Western Bulldogs (W),-26,14,40,,,,,,,,,,,
2026-08-15 00:00:00.000 Z,Women's AFL/Gold Coast (W) v Western Bulldogs (W),35926577,COMBINED_TOTAL,261031610,Total Points,8435233,Under,43.5,LOSER,0,54,Gold Coast (W),v Western Bulldogs (W),-26,14,40,1.01,,,1.01,,,1.01,,,,
2026-08-15 00:00:00.000 Z,Women's AFL/Gold Coast (W) v Western Bulldogs (W),35926577,COMBINED_TOTAL,261031610,Total Points,8435232,Over,43.5,WINNER,1,54,Gold Coast (W),v Western Bulldogs (W),-26,14,40,,,,,,,,,,,
2026-08-15 00:00:00.000 Z,Women's AFL/Gold Coast (W) v Western Bulldogs (W),35926577,COMBINED_TOTAL,261031610,Total Points,8435233,Under,44.5,LOSER,0,54,Gold Coast (W),v Western Bulldogs (W),-26,14,40,1.01,,,1.01,,,1.01,,,,
2026-08-15 00:00:00.000 Z,Women's AFL/Gold Coast (W) v Western Bulldogs (W),35926577,COMBINED_TOTAL,261031610,Total Points,8435232,Over,44.5,WINNER,1,54,Gold Coast (W),v Western Bulldogs (W),-26,14,40,,,,,,,,,,,
2026-08-15 00:00:00.000 Z,Women's AFL/Gold Coast (W) v Western Bulldogs (W),35926577,COMBINED_TOTAL,261031610,Total Points,8435233,Under,45.5,LOSER,0,54,Gold Coast (W),v Western Bulldogs (W),-26,14,40,1.01,,,1.01,,,1.01,,,,
2026-08-15 00:00:00.000 Z,Women's AFL/Gold Coast (W) v Western Bulldogs (W),35926577,COMBINED_TOTAL,261031610,Total Points,8435232,Over,45.5,WINNER,1,54,Gold Coast (W),v Western Bulldogs (W),-26,14,40,,,,,,,,,,,
2026-08-15 00:00:00.000 Z,Women's AFL/Gold Coast (W) v Western Bulldogs (W),35926577,COMBINED_TOTAL,261031610,Total Points,8435233,Under,46.5,LOSER,0,54,Gold Coast (W),v Western Bulldogs (W),-26,14,40,1.01,,,1.01,,,1.01,,,,
2026-08-15 00:00:00.000 Z,Women's AFL/Gold Coast (W) v Western Bulldogs (W),35926577,COMBINED_TOTAL,261031610,Total Points,8435232,Over,46.5,WINNER,1,54,Gold Coast (W),v Western Bulldogs (W),-26,14,40,,,,,,,,,,,
2026-08-15 00:00:00.000 Z,Women's AFL/Gold Coast (W) v Western Bulldogs (W),35926577,COMBINED_TOTAL,261031610,Total Points,8435233,Under,47.5,LOSER,0,54,Gold Coast (W),v Western Bulldogs (W),-26,14,40,1.01,,,1.01,,,1.01,,,,
2026-08-15 00:00:00.000 Z,Women's AFL/Gold Coast (W) v Western Bulldogs (W),35926577,COMBINED_TOTAL,261031610,Total Points,8435232,Over,47.5,WINNER,1,54,Gold Coast (W),v Western Bulldogs (W),-26,14,40,,,,,,,,,,,
2026-08-15 00:00:00.000 Z,Women's AFL/Gold Coast (W) v Western Bulldogs (W),35926577,COMBINED_TOTAL,261031610,Total Points,8435233,Under,48.5,LOSER,0,54,Gold Coast (W),v Western Bulldogs (W),-26,14,40,1.01,,,1.01,,,1.01,,,,
2026-08-15 00:00:00.000 Z,Women's AFL/Gold Coast (W) v Western Bulldogs (W),35926577,COMBINED_TOTAL,261031610,Total Points,8435232,Over,48.5,WINNER,1,54,Gold Coast (W),v Western Bulldogs (W),-26,14,40,,,,,,,,,,,
2026-08-15 00:00:00.000 Z,Women's AFL/Gold Coast (W) v Western Bulldogs (W),35926577,COMBINED_TOTAL,261031610,Total Points,8435233,Under,49.5,LOSER,0,54,Gold Coast (W),v Western Bulldogs (W),-26,14,40,1.01,,,1.01,,,1.01,,,,
2026-08-15 00:00:00.000 Z,Women's AFL/Gold Coast (W) v Western Bulldogs (W),35926577,COMBINED_TOTAL,261031610,Total Points,8435232,Over,49.5,WINNER,1,54,Gold Coast (W),v Western Bulldogs (W),-26,14,40,,,,,,,,,,,
2026-08-15 00:00:00.000 Z,Women's AFL/Gold Coast (W) v Western Bulldogs (W),35926577,COMBINED_TOTAL,261031610,Total Points,8435233,Under,50.5,LOSER,0,54,Gold Coast (W),v Western Bulldogs (W),-26,14,40,1.01,,,1.01,,,1.01,,,,
2026-08-15 00:00:00.000 Z,Women's AFL/Gold Coast (W) v Western Bulldogs (W),35926577,COMBINED_TOTAL,261031610,Total Points,8435232,Over,50.5,WINNER,1,54,Gold Coast (W),v Western Bulldogs (W),-26,14,40,,,,,,,,,,,
2026-08-15 00:00:00.000 Z,Women's AFL/Gold Coast (W) v Western Bulldogs (W),35926577,COMBINED_TOTAL,261031610,Total Points,8435233,Under,51.5,LOSER,0,54,Gold Coast (W),v Western Bulldogs (W),-26,14,40,1.01,,,1.01,,,1.01,,,,
2026-08-15 00:00:00.000 Z,Women's AFL/Gold Coast (W) v Western Bulldogs (W),35926577,COMBINED_TOTAL,261031610,Total Points,8435232,Over,51.5,WINNER,1,54,Gold Coast (W),v Western Bulldogs (W),-26,14,40,,,,,,,,,,,
2026-08-15 00:00:00.000 Z,Women's AFL/Gold Coast (W) v Western Bulldogs (W),35926577,COMBINED_TOTAL,261031610,Total Points,8435233,Under,52.5,LOSER,0,54,Gold Coast (W),v Western Bulldogs (W),-26,14,40,1.01,,,1.01,,,1.01,,,,
2026-08-15 00:00:00.000 Z,Women's AFL/Gold Coast (W) v Western Bulldogs (W),35926577,COMBINED_TOTAL,261031610,Total Points,8435232,Over,52.5,WINNER,1,54,Gold Coast (W),v Western Bulldogs (W),-26,14,40,1.01,,,1.01,,,1.01,,,,
2026-08-15 00:00:00.000 Z,Women's AFL/Gold Coast (W) v Western Bulldogs (W),35926577,COMBINED_TOTAL,261031610,Total Points,8435233,Under,53.5,LOSER,0,54,Gold Coast (W),v Western Bulldogs (W),-26,14,40,1.01,,,1.01,,,1.01,,,,
2026-08-15 00:00:00.000 Z,Women's AFL/Gold Coast (W) v Western Bulldogs (W),35926577,COMBINED_TOTAL,261031610,Total Points,8435232,Over,53.5,WINNER,1,54,Gold Coast (W),v Western Bulldogs (W),-26,14,40,1.02,,,1.02,,,1.02,,,,
2026-08-15 00:00:00.000 Z,Women's AFL/Gold Coast (W) v Western Bulldogs (W),35926577,COMBINED_TOTAL,261031610,Total Points,8435232,Over,54.5,LOSER,0,54,Gold Coast (W),v Western Bulldogs (W),-26,14,40,1.03,,,1.03,,,1.03,,,,
2026-08-15 00:00:00.000 Z,Women's AFL/Gold Coast (W) v Western Bulldogs (W),35926577,COMBINED_TOTAL,261031610,Total Points,8435233,Under,54.5,WINNER,1,54,Gold Coast (W),v Western Bulldogs (W),-26,14,40,1.01,,,1.01,,,1.01,,,,
2026-08-15 00:00:00.000 Z,Women's AFL/Gold Coast (W) v Western Bulldogs (W),35926577,COMBINED_TOTAL,261031610,Total Points,8435232,Over,55.5,LOSER,0,54,Gold Coast (W),v Western Bulldogs (W),-26,14,40,1.04,,,1.04,,,1.04,,,,
2026-08-15 00:00:00.000 Z,Women's AFL/Gold Coast (W) v Western Bulldogs (W),35926577,COMBINED_TOTAL,261031610,Total Points,8435233,Under,55.5,WINNER,1,54,Gold Coast (W),v Western Bulldogs (W),-26,14,40,1.01,,,1.01,,,1.01,,,,
2026-08-15 00:00:00.000 Z,Women's AFL/Gold Coast (W) v Western Bulldogs (W),35926577,COMBINED_TOTAL,261031610,Total Points,8435232,Over,56.5,LOSER,0,54,Gold Coast (W),v Western Bulldogs (W),-26,14,40,1.05,,,1.05,,,1.05,,,,
2026-08-15 00:00:00.000 Z,Women's AFL/Gold Coast (W) v Western Bulldogs (W),35926577,COMBINED_TOTAL,261031610,Total Points,8435233,Under,56.5,WINNER,1,54,Gold Coast (W),v Western Bulldogs (W),-26,14,40,1.01,,,1.01,,,1.01,,,,
2026-08-15 00:00:00.000 Z,Women's AFL/Gold Coast (W) v Western Bulldogs (W),35926577,COMBINED_TOTAL,261031610,Total Points,8435232,Over,57.5,LOSER,0,54,Gold Coast (W),v Western Bulldogs (W),-26,14,40,1.06,,,1.06,,,1.06,,,,
2026-08-15 00:00:00.000 Z,Women's AFL/Gold Coast (W) v Western Bulldogs (W),35926577,COMBINED_TOTAL,261031610,Total Points,8435233,Under,57.5,WINNER,1,54,Gold Coast (W),v Western Bulldogs (W),-26,14,40,1.01,,,1.01,,,1.01,,,,
2026-08-15 00:00:00.000 Z,Women's AFL/Gold Coast (W) v Western Bulldogs (W),35926577,COMBINED_TOTAL,261031610,Total Points,8435232,Over,58.5,LOSER,0,54,Gold Coast (W),v Western Bulldogs (W),-26,14,40,1.07,,,1.07,,,1.07,,,,
2026-08-15 00:00:00.000 Z,Women's AFL/Gold Coast (W) v Western Bulldogs (W),35926577,COMBINED_TOTAL,261031610,Total Points,8435233,Under,58.5,WINNER,1,54,Gold Coast (W),v Western Bulldogs (W),-26,14,40,1.01,,,1.01,,,1.01,,,,
2026-08-15 00:00:00.000 Z,Women's AFL/Gold Coast (W) v Western Bulldogs (W),35926577,COMBINED_TOTAL,261031610,Total Points,8435232,Over,59.5,LOSER,0,54,Gold Coast (W),v Western Bulldogs (W),-26,14,40,1.08,,,1.08,,,1.08,,,,
2026-08-15 00:00:00.000 Z,Women's AFL/Gold Coast (W) v Western Bulldogs (W),35926577,COMBINED_TOTAL,261031610,Total Points,8435233,Under,59.5,WINNER,1,54,Gold Coast (W),v Western Bulldogs (W),-26,14,40,1.01,,,1.01,,,1.01,,,,
2026-08-15 00:00:00.000 Z,Women's AFL/Gold Coast (W) v Western Bulldogs (W),35926577,COMBINED_TOTAL,261031610,Total Points,8435232,Over,60.5,LOSER,0,54,Gold Coast (W),v Western Bulldogs (W),-26,14,40,1.09,,,1.09,,,1.09,,,,
2026-08-15 00:00:00.000 Z,Women's AFL/Gold Coast (W) v Western Bulldogs (W),35926577,COMBINED_TOTAL,261031610,Total Points,8435233,Under,60.5,WINNER,1,54,Gold Coast (W),v Western Bulldogs (W),-26,14,40,1.01,,,1.01,,,1.01,,,,
2026-08-15 00:00:00.000 Z,Women's AFL/Gold Coast (W) v Western Bulldogs (W),35926577,COMBINED_TOTAL,261031610,Total Points,8435232,Over,61.5,LOSER,0,54,Gold Coast (W),v Western Bulldogs (W),-26,14,40,1.1,,,1.1,,,1.1,,,,
2026-08-15 00:00:00.000 Z,Women's AFL/Gold Coast (W) v Western Bulldogs (W),35926577,COMBINED_TOTAL,261031610,Total Points,8435233,Under,61.5,WINNER,1,54,Gold Coast (W),v Western Bulldogs (W),-26,14,40,1.01,,,1.01,,,1.01,,,,
2026-08-15 00:00:00.000 Z,Women's AFL/Gold Coast (W) v Western Bulldogs (W),35926577,COMBINED_TOTAL,261031610,Total Points,8435232,Over,62.5,LOSER,0,54,Gold Coast (W),v Western Bulldogs (W),-26,14,40,1.12,,,1.12,,,1.12,,,,
2026-08-15 00:00:00.000 Z,Women's AFL/Gold Coast (W) v Western Bulldogs (W),35926577,COMBINED_TOTAL,261031610,Total Points,8435233,Under,62.5,WINNER,1,54,Gold Coast (W),v Western Bulldogs (W),-26,14,40,1.01,,,1.01,,,1.01,,,,
2026-08-15 00:00:00.000 Z,Women's AFL/Gold Coast (W) v Western Bulldogs (W),35926577,COMBINED_TOTAL,261031610,Total Points,8435232,Over,63.5,LOSER,0,54,Gold Coast (W),v Western Bulldogs (W),-26,14,40,1.14,,,1.14,,,1.14,,,,
2026-08-15 00:00:00.000 Z,Women's AFL/Gold Coast (W) v Western Bulldogs (W),35926577,COMBINED_TOTAL,261031610,Total Points,8435233,Under,63.5,WINNER,1,54,Gold Coast (W),v Western Bulldogs (W),-26,14,40,1.01,,,1.01,,,1.01,,,,
2026-08-15 00:00:00.000 Z,Women's AFL/Gold Coast (W) v Western Bulldogs (W),35926577,COMBINED_TOTAL,261031610,Total Points,8435232,Over,64.5,LOSER,0,54,Gold Coast (W),v Western Bulldogs (W),-26,14,40,1.16,,,1.16,,,1.16,,,,
2026-08-15 00:00:00.000 Z,Women's AFL/Gold Coast (W) v Western Bulldogs (W),35926577,COMBINED_TOTAL,261031610,Total Points,8435233,Under,64.5,WINNER,1,54,Gold Coast (W),v Western Bulldogs (W),-26,14,40,1.01,,,1.01,,,1.01,,,,
2026-08-15 00:00:00.000 Z,Women's AFL/Gold Coast (W) v Western Bulldogs (W),35926577,COMBINED_TOTAL,261031610,Total Points,8435232,Over,65.5,LOSER,0,54,Gold Coast (W),v Western Bulldogs (W),-26,14,40,1.18,,,1.18,,,1.18,,,,
2026-08-15 00:00:00.000 Z,Women's AFL/Gold Coast (W) v Western Bulldogs (W),35926577,COMBINED_TOTAL,261031610,Total Points,8435233,Under,65.5,WINNER,1,54,Gold Coast (W),v Western Bulldogs (W),-26,14,40,1.01,,,1.01,,,1.01,,,,
2026-08-15 00:00:00.000 Z,Women's AFL/Gold Coast (W) v Western Bulldogs (W),35926577,COMBINED_TOTAL,261031610,Total Points,8435232,Over,66.5,LOSER,0,54,Gold Coast (W),v Western Bulldogs (W),-26,14,40,1.21,,,1.21,,,1.21,,,,
2026-08-15 00:00:00.000 Z,Women's AFL/Gold Coast (W) v Western Bulldogs (W),35926577,COMBINED_TOTAL,261031610,Total Points,8435233,Under,66.5,WINNER,1,54,Gold Coast (W),v Western Bulldogs (W),-26,14,40,1.01,,,1.01,,,1.01,,,,
2026-08-15 00:00:00.000 Z,Women's AFL/Gold Coast (W) v Western Bulldogs (W),35926577,COMBINED_TOTAL,261031610,Total Points,8435232,Over,67.5,LOSER,0,54,Gold Coast (W),v Western Bulldogs (W),-26,14,40,1.23,,,1.23,,,1.23,,,,
2026-08-15 00:00:00.000 Z,Women's AFL/Gold Coast (W) v Western Bulldogs (W),35926577,COMBINED_TOTAL,261031610,Total Points,8435233,Under,67.5,WINNER,1,54,Gold Coast (W),v Western Bulldogs (W),-26,14,40,1.01,,,1.01,,,1.01,,,,
2026-08-15 00:00:00.000 Z,Women's AFL/Gold Coast (W) v Western Bulldogs (W),35926577,COMBINED_TOTAL,261031610,Total Points,8435232,Over,68.5,LOSER,0,54,Gold Coast (W),v Western Bulldogs (W),-26,14,40,1.25,,,1.25,,,1.25,,,,
2026-08-15 00:00:00.000 Z,Women's AFL/Gold Coast (W) v Western Bulldogs (W),35926577,COMBINED_TOTAL,261031610,Total Points,8435233,Under,68.5,WINNER,1,54,Gold Coast (W),v Western Bulldogs (W),-26,14,40,1.01,,,1.01,,,1.01,,,,
2026-08-15 00:00:00.000 Z,Women's AFL/Gold Coast (W) v Western Bulldogs (W),35926577,COMBINED_TOTAL,261031610,Total Points,8435232,Over,69.5,LOSER,0,54,Gold Coast (W),v Western Bulldogs (W),-26,14,40,1.28,,,1.28,,,1.28,,,,
2026-08-15 00:00:00.000 Z,Women's AFL/Gold Coast (W) v Western Bulldogs (W),35926577,COMBINED_TOTAL,261031610,Total Points,8435233,Under,69.5,WINNER,1,54,Gold Coast (W),v Western Bulldogs (W),-26,14,40,1.01,,,1.01,,,1.01,,,,
2026-08-15 00:00:00.000 Z,Women's AFL/Gold Coast (W) v Western Bulldogs (W),35926577,COMBINED_TOTAL,261031610,Total Points,8435232,Over,70.5,LOSER,0,54,Gold Coast (W),v Western Bulldogs (W),-26,14,40,1.31,,,1.31,,,1.31,,,,
2026-08-15 00:00:00.000 Z,Women's AFL/Gold Coast (W) v Western Bulldogs (W),35926577,COMBINED_TOTAL,261031610,Total Points,8435233,Under,70.5,WINNER,1,54,Gold Coast (W),v Western Bulldogs (W),-26,14,40,1.01,,,1.01,,,1.01,,,,
2026-08-15 00:00:00.000 Z,Women's AFL/Gold Coast (W) v Western Bulldogs (W),35926577,COMBINED_TOTAL,261031610,Total Points,8435232,Over,71.5,LOSER,0,54,Gold Coast (W),v Western Bulldogs (W),-26,14,40,1.34,,,1.34,,,1.34,,,,
2026-08-15 00:00:00.000 Z,Women's AFL/Gold Coast (W) v Western Bulldogs (W),35926577,COMBINED_TOTAL,261031610,Total Points,8435233,Under,71.5,WINNER,1,54,Gold Coast (W),v Western Bulldogs (W),-26,14,40,1.01,,,1.01,,,1.01,,,,
2026-08-15 00:00:00.000 Z,Women's AFL/Gold Coast (W) v Western Bulldogs (W),35926577,COMBINED_TOTAL,261031610,Total Points,8435232,Over,72.5,LOSER,0,54,Gold Coast (W),v Western Bulldogs (W),-26,14,40,1.38,,,1.38,,,1.38,,,,
2026-08-15 00:00:00.000 Z,Women's AFL/Gold Coast (W) v Western Bulldogs (W),35926577,COMBINED_TOTAL,261031610,Total Points,8435233,Under,72.5,WINNER,1,54,Gold Coast (W),v Western Bulldogs (W),-26,14,40,1.01,,,1.01,,,1.01,,,,
2026-08-15 00:00:00.000 Z,Women's AFL/Gold Coast (W) v Western Bulldogs (W),35926577,COMBINED_TOTAL,261031610,Total Points,8435232,Over,73.5,LOSER,0,54,Gold Coast (W),v Western Bulldogs (W),-26,14,40,1.42,,,1.42,,,1.42,,,,
2026-08-15 00:00:00.000 Z,Women's AFL/Gold Coast (W) v Western Bulldogs (W),35926577,COMBINED_TOTAL,261031610,Total Points,8435233,Under,73.5,WINNER,1,54,Gold Coast (W),v Western Bulldogs (W),-26,14,40,1.01,,,1.01,,,1.01,,,,
2026-08-15 00:00:00.000 Z,Women's AFL/Gold Coast (W) v Western Bulldogs (W),35926577,COMBINED_TOTAL,261031610,Total Points,8435232,Over,74.5,LOSER,0,54,Gold Coast (W),v Western Bulldogs (W),-26,14,40,1.47,,,1.47,,,1.47,,,,
2026-08-15 00:00:00.000 Z,Women's AFL/Gold Coast (W) v Western Bulldogs (W),35926577,COMBINED_TOTAL,261031610,Total Points,8435233,Under,74.5,WINNER,1,54,Gold Coast (W),v Western Bulldogs (W),-26,14,40,1.01,,,1.01,,,1.01,,,,
2026-08-15 00:00:00.000 Z,Women's AFL/Gold Coast (W) v Western Bulldogs (W),35926577,COMBINED_TOTAL,261031610,Total Points,8435232,Over,75.5,LOSER,0,54,Gold Coast (W),v Western Bulldogs (W),-26,14,40,1.52,,,1.52,,,1.52,,,,
2026-08-15 00:00:00.000 Z,Women's AFL/Gold Coast (W) v Western Bulldogs (W),35926577,COMBINED_TOTAL,261031610,Total Points,8435233,Under,75.5,WINNER,1,54,Gold Coast (W),v Western Bulldogs (W),-26,14,40,1.62,,,1.62,,,1.62,,,,
2026-08-15 00:00:00.000 Z,Women's AFL/Gold Coast (W) v Western Bulldogs (W),35926577,COMBINED_TOTAL,261031610,Total Points,8435232,Over,76.5,LOSER,0,54,Gold Coast (W),v Western Bulldogs (W),-26,14,40,1.57,,,1.57,,,1.57,,22,22,1.57
2026-08-15 00:00:00.000 Z,Women's AFL/Gold Coast (W) v Western Bulldogs (W),35926577,COMBINED_TOTAL,261031610,Total Points,8435233,Under,76.5,WINNER,1,54,Gold Coast (W),v Western Bulldogs (W),-26,14,40,1.61,,,1.81,,,1.61,,,,
2026-08-15 00:00:00.000 Z,Women's AFL/Gold Coast (W) v Western Bulldogs (W),35926577,COMBINED_TOTAL,261031610,Total Points,8435232,Over,77.5,LOSER,0,54,Gold Coast (W),v Western Bulldogs (W),-26,14,40,1.59,,,1.59,,,1.81,1.9,254.11,254.11,1.81
2026-08-15 00:00:00.000 Z,Women's AFL/Gold Coast (W) v Western Bulldogs (W),35926577,COMBINED_TOTAL,261031610,Total Points,8435233,Under,77.5,WINNER,1,54,Gold Coast (W),v Western Bulldogs (W),-26,14,40,1.6,,,1.6,,,1.83,,39,39,2.1
2026-08-15 00:00:00.000 Z,Women's AFL/Gold Coast (W) v Western Bulldogs (W),35926577,COMBINED_TOTAL,261031610,Total Points,8435232,Over,78.5,LOSER,0,54,Gold Coast (W),v Western Bulldogs (W),-26,14,40,1.6,,,1.81,,,1.81,1.98,1033.83,1054.22,1.98
2026-08-15 00:00:00.000 Z,Women's AFL/Gold Coast (W) v Western Bulldogs (W),35926577,COMBINED_TOTAL,261031610,Total Points,8435233,Under,78.5,WINNER,1,54,Gold Coast (W),v Western Bulldogs (W),-26,14,40,2.02,,1000,2,,1052,2,,2064.17,2084.17,2.02
2026-08-15 00:00:00.000 Z,Women's AFL/Gold Coast (W) v Western Bulldogs (W),35926577,COMBINED_TOTAL,261031610,Total Points,8435232,Over,79.5,LOSER,0,54,Gold Coast (W),v Western Bulldogs (W),-26,14,40,1.61,,,1.61,,,1.8,2.1,,,
2026-08-15 00:00:00.000 Z,Women's AFL/Gold Coast (W) v Western Bulldogs (W),35926577,COMBINED_TOTAL,261031610,Total Points,8435233,Under,79.5,WINNER,1,54,Gold Coast (W),v Western Bulldogs (W),-26,14,40,1.58,,,1.58,,,1.58,,,,
2026-08-15 00:00:00.000 Z,Women's AFL/Gold Coast (W) v Western Bulldogs (W),35926577,COMBINED_TOTAL,261031610,Total Points,8435232,Over,80.5,LOSER,0,54,Gold Coast (W),v Western Bulldogs (W),-26,14,40,,,,,,,,,,,
2026-08-15 00:00:00.000 Z,Women's AFL/Gold Coast (W) v Western Bulldogs (W),35926577,COMBINED_TOTAL,261031610,Total Points,8435233,Under,80.5,WINNER,1,54,Gold Coast (W),v Western Bulldogs (W),-26,14,40,,,,,,,,,,,
2026-08-15 00:00:00.000 Z,Women's AFL/Gold Coast (W) v Western Bulldogs (W),35926577,COMBINED_TOTAL,261031610,Total Points,8435232,Over,81.5,LOSER,0,54,Gold Coast (W),v Western Bulldogs (W),-26,14,40,,,,,,,,,,,
2026-08-15 00:00:00.000 Z,Women's AFL/Gold Coast (W) v Western Bulldogs (W),35926577,COMBINED_TOTAL,261031610,Total Points,8435233,Under,81.5,WINNER,1,54,Gold Coast (W),v Western Bulldogs (W),-26,14,40,1.5,,,1.5,,,1.5,,,,
2026-08-15 00:00:00.000 Z,Women's AFL/Gold Coast (W) v Western Bulldogs (W),35926577,COMBINED_TOTAL,261031610,Total Points,8435232,Over,82.5,LOSER,0,54,Gold Coast (W),v Western Bulldogs (W),-26,14,40,,,,,,,,,,,
2026-08-15 00:00:00.000 Z,Women's AFL/Gold Coast (W) v Western Bulldogs (W),35926577,COMBINED_TOTAL,261031610,Total Points,8435233,Under,82.5,WINNER,1,54,Gold Coast (W),v Western Bulldogs (W),-26,14,40,1.46,,,1.46,,20,1.46,,20,20,1.58
2026-08-15 00:00:00.000 Z,Women's AFL/Gold Coast (W) v Western Bulldogs (W),35926577,COMBINED_TOTAL,261031610,Total Points,8435232,Over,83.5,LOSER,0,54,Gold Coast (W),v Western Bulldogs (W),-26,14,40,,,,,,,,,,,
2026-08-15 00:00:00.000 Z,Women's AFL/Gold Coast (W) v Western Bulldogs (W),35926577,COMBINED_TOTAL,261031610,Total Points,8435233,Under,83.5,WINNER,1,54,Gold Coast (W),v Western Bulldogs (W),-26,14,40,1.42,,,1.42,,,1.42,,,,
2026-08-15 00:00:00.000 Z,Women's AFL/Gold Coast (W) v Western Bulldogs (W),35926577,COMBINED_TOTAL,261031610,Total Points,8435232,Over,84.5,LOSER,0,54,Gold Coast (W),v Western Bulldogs (W),-26,14,40,,,,,,,,,,,
2026-08-15 00:00:00.000 Z,Women's AFL/Gold Coast (W) v Western Bulldogs (W),35926577,COMBINED_TOTAL,261031610,Total Points,8435233,Under,84.5,WINNER,1,54,Gold Coast (W),v Western Bulldogs (W),-26,14,40,1.39,,,1.39,,,1.39,,,,
2026-08-15 00:00:00.000 Z,Women's AFL/Gold Coast (W) v Western Bulldogs (W),35926577,COMBINED_TOTAL,261031610,Total Points,8435232,Over,85.5,LOSER,0,54,Gold Coast (W),v Western Bulldogs (W),-26,14,40,,,,,,,,,,,
2026-08-15 00:00:00.000 Z,Women's AFL/Gold Coast (W) v Western Bulldogs (W),35926577,COMBINED_TOTAL,261031610,Total Points,8435233,Under,85.5,WINNER,1,54,Gold Coast (W),v Western Bulldogs (W),-26,14,40,1.36,,,1.36,1.5,,1.36,1.5,,,
2026-08-15 00:00:00.000 Z,Women's AFL/Gold Coast (W) v Western Bulldogs (W),35926577,COMBINED_TOTAL,261031610,Total Points,8435232,Over,86.5,LOSER,0,54,Gold Coast (W),v Western Bulldogs (W),-26,14,40,,,,,,,,,,,
2026-08-15 00:00:00.000 Z,Women's AFL/Gold Coast (W) v Western Bulldogs (W),35926577,COMBINED_TOTAL,261031610,Total Points,8435233,Under,86.5,WINNER,1,54,Gold Coast (W),v Western Bulldogs (W),-26,14,40,1.33,,,1.33,,,1.33,,,,
2026-08-15 00:00:00.000 Z,Women's AFL/Gold Coast (W) v Western Bulldogs (W),35926577,COMBINED_TOTAL,261031610,Total Points,8435232,Over,87.5,LOSER,0,54,Gold Coast (W),v Western Bulldogs (W),-26,14,40,,,,,,,,,,,
2026-08-15 00:00:00.000 Z,Women's AFL/Gold Coast (W) v Western Bulldogs (W),35926577,COMBINED_TOTAL,261031610,Total Points,8435233,Under,87.5,WINNER,1,54,Gold Coast (W),v Western Bulldogs (W),-26,14,40,1.3,,,1.3,,,1.3,,,,
2026-08-15 00:00:00.000 Z,Women's AFL/Gold Coast (W) v Western Bulldogs (W),35926577,COMBINED_TOTAL,261031610,Total Points,8435232,Over,88.5,LOSER,0,54,Gold Coast (W),v Western Bulldogs (W),-26,14,40,,,,,,,,,,,
2026-08-15 00:00:00.000 Z,Women's AFL/Gold Coast (W) v Western Bulldogs (W),35926577,COMBINED_TOTAL,261031610,Total Points,8435233,Under,88.5,WINNER,1,54,Gold Coast (W),v Western Bulldogs (W),-26,14,40,1.27,,,1.27,,,1.27,,,,
2026-08-15 00:00:00.000 Z,Women's AFL/Gold Coast (W) v Western Bulldogs (W),35926577,COMBINED_TOTAL,261031610,Total Points,8435232,Over,89.5,LOSER,0,54,Gold Coast (W),v Western Bulldogs (W),-26,14,40,,,,,,,,,,,
2026-08-15 00:00:00.000 Z,Women's AFL/Gold Coast (W) v Western Bulldogs (W),35926577,COMBINED_TOTAL,261031610,Total Points,8435233,Under,89.5,WINNER,1,54,Gold Coast (W),v Western Bulldogs (W),-26,14,40,1.24,,,1.24,,,1.24,,,,
2026-08-15 00:00:00.000 Z,Women's AFL/Gold Coast (W) v Western Bulldogs (W),35926577,COMBINED_TOTAL,261031610,Total Points,8435232,Over,90.5,LOSER,0,54,Gold Coast (W),v Western Bulldogs (W),-26,14,40,,,,,,,,,,,
2026-08-15 00:00:00.000 Z,Women's AFL/Gold Coast (W) v Western Bulldogs (W),35926577,COMBINED_TOTAL,261031610,Total Points,8435233,Under,90.5,WINNER,1,54,Gold Coast (W),v Western Bulldogs (W),-26,14,40,1.23,,,1.23,,,1.23,,,,
2026-08-15 00:00:00.000 Z,Women's AFL/Gold Coast (W) v Western Bulldogs (W),35926577,COMBINED_TOTAL,261031610,Total Points,8435232,Over,91.5,LOSER,0,54,Gold Coast (W),v Western Bulldogs (W),-26,14,40,,,,,,,,,,,
2026-08-15 00:00:00.000 Z,Women's AFL/Gold Coast (W) v Western Bulldogs (W),35926577,COMBINED_TOTAL,261031610,Total Points,8435233,Under,91.5,WINNER,1,54,Gold Coast (W),v Western Bulldogs (W),-26,14,40,1.21,,,1.21,,,1.21,,,,
2026-08-15 00:00:00.000 Z,Women's AFL/Gold Coast (W) v Western Bulldogs (W),35926577,COMBINED_TOTAL,261031610,Total Points,8435232,Over,92.5,LOSER,0,54,Gold Coast (W),v Western Bulldogs (W),-26,14,40,,,,,,,,,,,
2026-08-15 00:00:00.000 Z,Women's AFL/Gold Coast (W) v Western Bulldogs (W),35926577,COMBINED_TOTAL,261031610,Total Points,8435233,Under,92.5,WINNER,1,54,Gold Coast (W),v Western Bulldogs (W),-26,14,40,1.18,,,1.18,,,1.18,,,,
2026-08-15 00:00:00.000 Z,Women's AFL/Gold Coast (W) v Western Bulldogs (W),35926577,COMBINED_TOTAL,261031610,Total Points,8435232,Over,93.5,LOSER,0,54,Gold Coast (W),v Western Bulldogs (W),-26,14,40,,,,,,,,,,,
2026-08-15 00:00:00.000 Z,Women's AFL/Gold Coast (W) v Western Bulldogs (W),35926577,COMBINED_TOTAL,261031610,Total Points,8435233,Under,93.5,WINNER,1,54,Gold Coast (W),v Western Bulldogs (W),-26,14,40,1.16,,,1.16,,,1.16,,,,
2026-08-15 00:00:00.000 Z,Women's AFL/Gold Coast (W) v Western Bulldogs (W),35926577,COMBINED_TOTAL,261031610,Total Points,8435232,Over,94.5,LOSER,0,54,Gold Coast (W),v Western Bulldogs (W),-26,14,40,,,,,,,,,,,
2026-08-15 00:00:00.000 Z,Women's AFL/Gold Coast (W) v Western Bulldogs (W),35926577,COMBINED_TOTAL,261031610,Total Points,8435233,Under,94.5,WINNER,1,54,Gold Coast (W),v Western Bulldogs (W),-26,14,40,1.14,,,1.14,,,1.14,,,,
2026-08-15 00:00:00.000 Z,Women's AFL/Gold Coast (W) v Western Bulldogs (W),35926577,COMBINED_TOTAL,261031610,Total Points,8435232,Over,95.5,LOSER,0,54,Gold Coast (W),v Western Bulldogs (W),-26,14,40,,,,,,,,,,,
2026-08-15 00:00:00.000 Z,Women's AFL/Gold Coast (W) v Western Bulldogs (W),35926577,COMBINED_TOTAL,261031610,Total Points,8435233,Under,95.5,WINNER,1,54,Gold Coast (W),v Western Bulldogs (W),-26,14,40,1.12,,,1.12,,,1.12,,,,
2026-08-15 00:00:00.000 Z,Women's AFL/Gold Coast (W) v Western Bulldogs (W),35926577,COMBINED_TOTAL,261031610,Total Points,8435232,Over,96.5,LOSER,0,54,Gold Coast (W),v Western Bulldogs (W),-26,14,40,,,,,,,,,,,
2026-08-15 00:00:00.000 Z,Women's AFL/Gold Coast (W) v Western Bulldogs (W),35926577,COMBINED_TOTAL,261031610,Total Points,8435233,Under,96.5,WINNER,1,54,Gold Coast (W),v Western Bulldogs (W),-26,14,40,1.1,,,1.1,,,1.1,,,,
2026-08-15 00:00:00.000 Z,Women's AFL/Gold Coast (W) v Western Bulldogs (W),35926577,COMBINED_TOTAL,261031610,Total Points,8435232,Over,97.5,LOSER,0,54,Gold Coast (W),v Western Bulldogs (W),-26,14,40,,,,,,,,,,,
2026-08-15 00:00:00.000 Z,Women's AFL/Gold Coast (W) v Western Bulldogs (W),35926577,COMBINED_TOTAL,261031610,Total Points,8435233,Under,97.5,WINNER,1,54,Gold Coast (W),v Western Bulldogs (W),-26,14,40,1.09,,,1.09,,,1.09,,,,
2026-08-15 00:00:00.000 Z,Women's AFL/Gold Coast (W) v Western Bulldogs (W),35926577,COMBINED_TOTAL,261031610,Total Points,8435232,Over,98.5,LOSER,0,54,Gold Coast (W),v Western Bulldogs (W),-26,14,40,,,,,,,,,,,
2026-08-15 00:00:00.000 Z,Women's AFL/Gold Coast (W) v Western Bulldogs (W),35926577,COMBINED_TOTAL,261031610,Total Points,8435233,Under,98.5,WINNER,1,54,Gold Coast (W),v Western Bulldogs (W),-26,14,40,1.08,,,1.08,,,1.08,,,,
2026-08-15 00:00:00.000 Z,Women's AFL/Gold Coast (W) v Western Bulldogs (W),35926577,COMBINED_TOTAL,261031610,Total Points,8435232,Over,99.5,LOSER,0,54,Gold Coast (W),v Western Bulldogs (W),-26,14,40,,,,,,,,,,,
2026-08-15 00:00:00.000 Z,Women's AFL/Gold Coast (W) v Western Bulldogs (W),35926577,COMBINED_TOTAL,261031610,Total Points,8435233,Under,99.5,WINNER,1,54,Gold Coast (W),v Western Bulldogs (W),-26,14,40,1.07,,,1.07,,,1.07,,,,
2026-08-15 00:00:00.000 Z,Women's AFL/Gold Coast (W) v Western Bulldogs (W),35926577,COMBINED_TOTAL,261031610,Total Points,8435232,Over,100.5,LOSER,0,54,Gold Coast (W),v Western Bulldogs (W),-26,14,40,,,,,,,,,,,
2026-08-15 00:00:00.000 Z,Women's AFL/Gold Coast (W) v Western Bulldogs (W),35926577,COMBINED_TOTAL,261031610,Total Points,8435233,Under,100.5,WINNER,1,54,Gold Coast (W),v Western Bulldogs (W),-26,14,40,1.06,,,1.06,,,1.06,,,,
2026-08-15 00:00:00.000 Z,Women's AFL/Gold Coast (W) v Western Bulldogs (W),35926577,COMBINED_TOTAL,261031610,Total Points,8435232,Over,101.5,LOSER,0,54,Gold Coast (W),v Western Bulldogs (W),-26,14,40,,,,,,,,,,,
2026-08-15 00:00:00.000 Z,Women's AFL/Gold Coast (W) v Western Bulldogs (W),35926577,COMBINED_TOTAL,261031610,Total Points,8435233,Under,101.5,WINNER,1,54,Gold Coast (W),v Western Bulldogs (W),-26,14,40,1.05,,,1.05,,,1.05,,,,
2026-08-15 00:00:00.000 Z,Women's AFL/Gold Coast (W) v Western Bulldogs (W),35926577,COMBINED_TOTAL,261031610,Total Points,8435232,Over,102.5,LOSER,0,54,Gold Coast (W),v Western Bulldogs (W),-26,14,40,,,,,,,,,,,
2026-08-15 00:00:00.000 Z,Women's AFL/Gold Coast (W) v Western Bulldogs (W),35926577,COMBINED_TOTAL,261031610,Total Points,8435233,Under,102.5,WINNER,1,54,Gold Coast (W),v Western Bulldogs (W),-26,14,40,1.04,,,1.04,,,1.04,,,,
2026-08-15 00:00:00.000 Z,Women's AFL/Gold Coast (W) v Western Bulldogs (W),35926577,COMBINED_TOTAL,261031610,Total Points,8435232,Over,103.5,LOSER,0,54,Gold Coast (W),v Western Bulldogs (W),-26,14,40,,,,,,,,,,,
2026-08-15 00:00:00.000 Z,Women's AFL/Gold Coast (W) v Western Bulldogs (W),35926577,COMBINED_TOTAL,261031610,Total Points,8435233,Under,103.5,WINNER,1,54,Gold Coast (W),v Western Bulldogs (W),-26,14,40,1.03,,,1.03,,,1.03,,,,
2026-08-15 00:00:00.000 Z,Women's AFL/Gold Coast (W) v Western Bulldogs (W),35926577,COMBINED_TOTAL,261031610,Total Points,8435232,Over,104.5,LOSER,0,54,Gold Coast (W),v Western Bulldogs (W),-26,14,40,,,,,,,,,,,
2026-08-15 00:00:00.000 Z,Women's AFL/Gold Coast (W) v Western Bulldogs (W),35926577,COMBINED_TOTAL,261031610,Total Points,8435233,Under,104.5,WINNER,1,54,Gold Coast (W),v Western Bulldogs (W),-26,14,40,1.02,,,1.02,,,1.02,,,,
2026-08-15 00:00:00.000 Z,Women's AFL/Gold Coast (W) v Western Bulldogs (W),35926577,COMBINED_TOTAL,261031610,Total Points,8435232,Over,105.5,LOSER,0,54,Gold Coast (W),v Western Bulldogs (W),-26,14,40,,,,,,,,,,,
2026-08-15 00:00:00.000 Z,Women's AFL/Gold Coast (W) v Western Bulldogs (W),35926577,COMBINED_TOTAL,261031610,Total Points,8435233,Under,105.5,WINNER,1,54,Gold Coast (W),v Western Bulldogs (W),-26,14,40,1.01,,,1.01,,,1.01,,,,
2026-08-15 00:00:00.000 Z,Women's AFL/Gold Coast (W) v Western Bulldogs (W),35926577,COMBINED_TOTAL,261031610,Total Points,8435232,Over,106.5,LOSER,0,54,Gold Coast (W),v Western Bulldogs (W),-26,14,40,,,,,,,,,,,
2026-08-15 00:00:00.000 Z,Women's AFL/Gold Coast (W) v Western Bulldogs (W),35926577,COMBINED_TOTAL,261031610,Total Points,8435233,Under,106.5,WINNER,1,54,Gold Coast (W),v Western Bulldogs (W),-26,14,40,,,,,,,,,,,
2026-08-15 00:00:00.000 Z,Women's AFL/Gold Coast (W) v Western Bulldogs (W),35926577,COMBINED_TOTAL,261031610,Total Points,8435232,Over,107.5,LOSER,0,54,Gold Coast (W),v Western Bulldogs (W),-26,14,40,,,,,,,,,,,
2026-08-15 00:00:00.000 Z,Women's AFL/Gold Coast (W) v Western Bulldogs (W),35926577,COMBINED_TOTAL,261031610,Total Points,8435233,Under,107.5,WINNER,1,54,Gold Coast (W),v Western Bulldogs (W),-26,14,40,,,,,,,,,,,
2026-08-15 00:00:00.000 Z,Women's AFL/Gold Coast (W) v Western Bulldogs (W),35926577,COMBINED_TOTAL,261031610,Total Points,8435232,Over,108.5,LOSER,0,54,Gold Coast (W),v Western Bulldogs (W),-26,14,40,,,,,,,,,,,
2026-08-15 00:00:00.000 Z,Women's AFL/Gold Coast (W) v Western Bulldogs (W),35926577,COMBINED_TOTAL,261031610,Total Points,8435233,Under,108.5,WINNER,1,54,Gold Coast (W),v Western Bulldogs (W),-26,14,40,,,,,,,,,,,
2026-08-15 00:00:00.000 Z,Women's AFL/Gold Coast (W) v Western Bulldogs (W),35926577,COMBINED_TOTAL,261031610,Total Points,8435232,Over,109.5,LOSER,0,54,Gold Coast (W),v Western Bulldogs (W),-26,14,40,,,,,,,,,,,
2026-08-15 00:00:00.000 Z,Women's AFL/Gold Coast (W) v Western Bulldogs (W),35926577,COMBINED_TOTAL,261031610,Total Points,8435233,Under,109.5,WINNER,1,54,Gold Coast (W),v Western Bulldogs (W),-26,14,40,,,,,,,,,,,
2026-08-15 00:00:00.000 Z,Women's AFL/Gold Coast (W) v Western Bulldogs (W),35926577,COMBINED_TOTAL,261031610,Total Points,8435232,Over,110.5,LOSER,0,54,Gold Coast (W),v Western Bulldogs (W),-26,14,40,,,,,,,,,,,
2026-08-15 00:00:00.000 Z,Women's AFL/Gold Coast (W) v Western Bulldogs (W),35926577,COMBINED_TOTAL,261031610,Total Points,8435233,Under,110.5,WINNER,1,54,Gold Coast (W),v Western Bulldogs (W),-26,14,40,,,,,,,,,,,
2026-08-15 00:00:00.000 Z,Women's AFL/Gold Coast (W) v Western Bulldogs (W),35926577,COMBINED_TOTAL,261031610,Total Points,8435232,Over,111.5,LOSER,0,54,Gold Coast (W),v Western Bulldogs (W),-26,14,40,,,,,,,,,,,
2026-08-15 00:00:00.000 Z,Women's AFL/Gold Coast (W) v Western Bulldogs (W),35926577,COMBINED_TOTAL,261031610,Total Points,8435233,Under,111.5,WINNER,1,54,Gold Coast (W),v Western Bulldogs (W),-26,14,40,,,,,,,,,,,
2026-08-15 00:00:00.000 Z,Women's AFL/Gold Coast (W) v Western Bulldogs (W),35926577,COMBINED_TOTAL,261031610,Total Points,8435232,Over,112.5,LOSER,0,54,Gold Coast (W),v Western Bulldogs (W),-26,14,40,,,,,,,,,,,
2026-08-15 00:00:00.000 Z,Women's AFL/Gold Coast (W) v Western Bulldogs (W),35926577,COMBINED_TOTAL,261031610,Total Points,8435233,Under,112.5,WINNER,1,54,Gold Coast (W),v Western Bulldogs (W),-26,14,40,,,,,,,,,,,
2026-08-15 00:00:00.000 Z,Women's AFL/Gold Coast (W) v Western Bulldogs (W),35926577,COMBINED_TOTAL,261031610,Total Points,8435232,Over,113.5,LOSER,0,54,Gold Coast (W),v Western Bulldogs (W),-26,14,40,,,,,,,,,,,
2026-08-15 00:00:00.000 Z,Women's AFL/Gold Coast (W) v Western Bulldogs (W),35926577,COMBINED_TOTAL,261031610,Total Points,8435233,Under,113.5,WINNER,1,54,Gold Coast (W),v Western Bulldogs (W),-26,14,40,,,,,,,,,,,
2026-08-15 00:00:00.000 Z,Women's AFL/Gold Coast (W) v Western Bulldogs (W),35926577,COMBINED_TOTAL,261031610,Total Points,8435232,Over,114.5,LOSER,0,54,Gold Coast (W),v Western Bulldogs (W),-26,14,40,,,,,,,,,,,
2026-08-15 00:00:00.000 Z,Women's AFL/Gold Coast (W) v Western Bulldogs (W),35926577,COMBINED_TOTAL,261031610,Total Points,8435233,Under,114.5,WINNER,1,54,Gold Coast (W),v Western Bulldogs (W),-26,14,40,,,,,,,,,,,
2026-08-15 00:00:00.000 Z,Women's AFL/Gold Coast (W) v Western Bulldogs (W),35926577,COMBINED_TOTAL,261031610,Total Points,8435232,Over,115.5,LOSER,0,54,Gold Coast (W),v Western Bulldogs (W),-26,14,40,,,,,,,,,,,
2026-08-15 00:00:00.000 Z,Women's AFL/Gold Coast (W) v Western Bulldogs (W),35926577,COMBINED_TOTAL,261031610,Total Points,8435233,Under,115.5,WINNER,1,54,Gold Coast (W),v Western Bulldogs (W),-26,14,40,,,,,,,,,,,
2026-08-15 00:00:00.000 Z,Women's AFL/Gold Coast (W) v Western Bulldogs (W),35926577,COMBINED_TOTAL,261031610,Total Points,8435232,Over,116.5,LOSER,0,54,Gold Coast (W),v Western Bulldogs (W),-26,14,40,,,,,,,,,,,
2026-08-15 00:00:00.000 Z,Women's AFL/Gold Coast (W) v Western Bulldogs (W),35926577,COMBINED_TOTAL,261031610,Total Points,8435233,Under,116.5,WINNER,1,54,Gold Coast (W),v Western Bulldogs (W),-26,14,40,,,,,,,,,,,
2026-08-15 00:00:00.000 Z,Women's AFL/Gold Coast (W) v Western Bulldogs (W),35926577,COMBINED_TOTAL,261031610,Total Points,8435232,Over,117.5,LOSER,0,54,Gold Coast (W),v Western Bulldogs (W),-26,14,40,,,,,,,,,,,
2026-08-15 00:00:00.000 Z,Women's AFL/Gold Coast (W) v Western Bulldogs (W),35926577,COMBINED_TOTAL,261031610,Total Points,8435233,Under,117.5,WINNER,1,54,Gold Coast (W),v Western Bulldogs (W),-26,14,40,,,,,,,,,,,
2026-08-15 00:00:00.000 Z,Women's AFL/Gold Coast (W) v Western Bulldogs (W),35926577,COMBINED_TOTAL,261031610,Total Points,8435232,Over,118.5,LOSER,0,54,Gold Coast (W),v Western Bulldogs (W),-26,14,40,,,,,,,,,,,
2026-08-15 00:00:00.000 Z,Women's AFL/Gold Coast (W) v Western Bulldogs (W),35926577,COMBINED_TOTAL,261031610,Total Points,8435233,Under,118.5,WINNER,1,54,Gold Coast (W),v Western Bulldogs (W),-26,14,40,,,,,,,,,,,
2026-08-15 00:00:00.000 Z,Women's AFL/Gold Coast (W) v Western Bulldogs (W),35926577,COMBINED_TOTAL,261031610,Total Points,8435232,Over,119.5,LOSER,0,54,Gold Coast (W),v Western Bulldogs (W),-26,14,40,,,,,,,,,,,
2026-08-15 00:00:00.000 Z,Women's AFL/Gold Coast (W) v Western Bulldogs (W),35926577,COMBINED_TOTAL,261031610,Total Points,8435233,Under,119.5,WINNER,1,54,Gold Coast (W),v Western Bulldogs (W),-26,14,40,,,,,,,,,,,
2026-08-15 00:00:00.000 Z,Women's AFL/Gold Coast (W) v Western Bulldogs (W),35926577,COMBINED_TOTAL,261031610,Total Points,8435232,Over,120.5,LOSER,0,54,Gold Coast (W),v Western Bulldogs (W),-26,14,40,,,,,,,,,,,
2026-08-15 00:00:00.000 Z,Women's AFL/Gold Coast (W) v Western Bulldogs (W),35926577,COMBINED_TOTAL,261031610,Total Points,8435233,Under,120.5,WINNER,1,54,Gold Coast (W),v Western Bulldogs (W),-26,14,40,,,,,,,,,,,
2026-08-15 00:00:00.000 Z,Women's AFL/Gold Coast (W) v Western Bulldogs (W),35926577,COMBINED_TOTAL,261031610,Total Points,8435232,Over,121.5,LOSER,0,54,Gold Coast (W),v Western Bulldogs (W),-26,14,40,,,,,,,,,,,
2026-08-15 00:00:00.000 Z,Women's AFL/Gold Coast (W) v Western Bulldogs (W),35926577,COMBINED_TOTAL,261031610,Total Points,8435233,Under,121.5,WINNER,1,54,Gold Coast (W),v Western Bulldogs (W),-26,14,40,,,,,,,,,,,
2026-08-15 00:00:00.000 Z,Women's AFL/Gold Coast (W) v Western Bulldogs (W),35926577,COMBINED_TOTAL,261031610,Total Points,8435232,Over,122.5,LOSER,0,54,Gold Coast (W),v Western Bulldogs (W),-26,14,40,,,,,,,,,,,
2026-08-15 00:00:00.000 Z,Women's AFL/Gold Coast (W) v Western Bulldogs (W),35926577,COMBINED_TOTAL,261031610,Total Points,8435233,Under,122.5,WINNER,1,54,Gold Coast (W),v Western Bulldogs (W),-26,14,40,,,,,,,,,,,
2026-08-15 00:00:00.000 Z,Women's AFL/Gold Coast (W) v Western Bulldogs (W),35926577,COMBINED_TOTAL,261031610,Total Points,8435232,Over,123.5,LOSER,0,54,Gold Coast (W),v Western Bulldogs (W),-26,14,40,,,,,,,,,,,
2026-08-15 00:00:00.000 Z,Women's AFL/Gold Coast (W) v Western Bulldogs (W),35926577,COMBINED_TOTAL,261031610,Total Points,8435233,Under,123.5,WINNER,1,54,Gold Coast (W),v Western Bulldogs (W),-26,14,40,,,,,,,,,,,
2026-08-15 00:00:00.000 Z,Women's AFL/Gold Coast (W) v Western Bulldogs (W),35926577,COMBINED_TOTAL,261031610,Total Points,8435232,Over,124.5,LOSER,0,54,Gold Coast (W),v Western Bulldogs (W),-26,14,40,,,,,,,,,,,
2026-08-15 00:00:00.000 Z,Women's AFL/Gold Coast (W) v Western Bulldogs (W),35926577,COMBINED_TOTAL,261031610,Total Points,8435233,Under,124.5,WINNER,1,54,Gold Coast (W),v Western Bulldogs (W),-26,14,40,,,,,,,,,,,
2026-08-15 00:00:00.000 Z,Women's AFL/Gold Coast (W) v Western Bulldogs (W),35926577,COMBINED_TOTAL,261031610,Total Points,8435232,Over,125.5,LOSER,0,54,Gold Coast (W),v Western Bulldogs (W),-26,14,40,,,,,,,,,,,
2026-08-15 00:00:00.000 Z,Women's AFL/Gold Coast (W) v Western Bulldogs (W),35926577,COMBINED_TOTAL,261031610,Total Points,8435233,Under,125.5,WINNER,1,54,Gold Coast (W),v Western Bulldogs (W),-26,14,40,,,,,,,,,,,
2026-08-15 00:00:00.000 Z,Women's AFL/Gold Coast (W) v Western Bulldogs (W),35926577,COMBINED_TOTAL,261031610,Total Points,8435232,Over,126.5,LOSER,0,54,Gold Coast (W),v Western Bulldogs (W),-26,14,40,,,,,,,,,,,
2026-08-15 00:00:00.000 Z,Women's AFL/Gold Coast (W) v Western Bulldogs (W),35926577,COMBINED_TOTAL,261031610,Total Points,8435233,Under,126.5,WINNER,1,54,Gold Coast (W),v Western Bulldogs (W),-26,14,40,,,,,,,,,,,
2026-08-15 00:00:00.000 Z,Women's AFL/Gold Coast (W) v Western Bulldogs (W),35926577,COMBINED_TOTAL,261031610,Total Points,8435232,Over,127.5,LOSER,0,54,Gold Coast (W),v Western Bulldogs (W),-26,14,40,,,,,,,,,,,
2026-08-15 00:00:00.000 Z,Women's AFL/Gold Coast (W) v Western Bulldogs (W),35926577,COMBINED_TOTAL,261031610,Total Points,8435233,Under,127.5,WINNER,1,54,Gold Coast (W),v Western Bulldogs (W),-26,14,40,,,,,,,,,,,
2026-08-15 00:00:00.000 Z,Women's AFL/Gold Coast (W) v Western Bulldogs (W),35926577,COMBINED_TOTAL,261031610,Total Points,8435232,Over,128.5,LOSER,0,54,Gold Coast (W),v Western Bulldogs (W),-26,14,40,,,,,,,,,,,
2026-08-15 00:00:00.000 Z,Women's AFL/Gold Coast (W) v Western Bulldogs (W),35926577,COMBINED_TOTAL,261031610,Total Points,8435233,Under,128.5,WINNER,1,54,Gold Coast (W),v Western Bulldogs (W),-26,14,40,,,,,,,,,,,
2026-08-15 00:00:00.000 Z,Women's AFL/Gold Coast (W) v Western Bulldogs (W),35926577,COMBINED_TOTAL,261031610,Total Points,8435232,Over,129.5,LOSER,0,54,Gold Coast (W),v Western Bulldogs (W),-26,14,40,,,,,,,,,,,
2026-08-15 00:00:00.000 Z,Women's AFL/Gold Coast (W) v Western Bulldogs (W),35926577,COMBINED_TOTAL,261031610,Total Points,8435233,Under,129.5,WINNER,1,54,Gold Coast (W),v Western Bulldogs (W),-26,14,40,,,,,,,,,,,
2026-08-15 00:00:00.000 Z,Women's AFL/Gold Coast (W) v Western Bulldogs (W),35926577,COMBINED_TOTAL,261031610,Total Points,8435232,Over,130.5,LOSER,0,54,Gold Coast (W),v Western Bulldogs (W),-26,14,40,,,,,,,,,,,
2026-08-15 00:00:00.000 Z,Women's AFL/Gold Coast (W) v Western Bulldogs (W),35926577,COMBINED_TOTAL,261031610,Total Points,8435233,Under,130.5,WINNER,1,54,Gold Coast (W),v Western Bulldogs (W),-26,14,40,,,,,,,,,,,
2026-08-15 00:00:00.000 Z,Women's AFL/Gold Coast (W) v Western Bulldogs (W),35926577,COMBINED_TOTAL,261031610,Total Points,8435232,Over,131.5,LOSER,0,54,Gold Coast (W),v Western Bulldogs (W),-26,14,40,,,,,,,,,,,
2026-08-15 00:00:00.000 Z,Women's AFL/Gold Coast (W) v Western Bulldogs (W),35926577,COMBINED_TOTAL,261031610,Total Points,8435233,Under,131.5,WINNER,1,54,Gold Coast (W),v Western Bulldogs (W),-26,14,40,,,,,,,,,,,
2026-08-15 00:00:00.000 Z,Women's AFL/Gold Coast (W) v Western Bulldogs (W),35926577,COMBINED_TOTAL,261031610,Total Points,8435232,Over,132.5,LOSER,0,54,Gold Coast (W),v Western Bulldogs (W),-26,14,40,,,,,,,,,,,
2026-08-15 00:00:00.000 Z,Women's AFL/Gold Coast (W) v Western Bulldogs (W),35926577,COMBINED_TOTAL,261031610,Total Points,8435233,Under,132.5,WINNER,1,54,Gold Coast (W),v Western Bulldogs (W),-26,14,40,,,,,,,,,,,
2026-08-15 00:00:00.000 Z,Women's AFL/Gold Coast (W) v Western Bulldogs (W),35926577,COMBINED_TOTAL,261031610,Total Points,8435232,Over,133.5,LOSER,0,54,Gold Coast (W),v Western Bulldogs (W),-26,14,40,,,,,,,,,,,
2026-08-15 00:00:00.000 Z,Women's AFL/Gold Coast (W) v Western Bulldogs (W),35926577,COMBINED_TOTAL,261031610,Total Points,8435233,Under,133.5,WINNER,1,54,Gold Coast (W),v Western Bulldogs (W),-26,14,40,,,,,,,,,,,
2026-08-15 00:00:00.000 Z,Women's AFL/Gold Coast (W) v Western Bulldogs (W),35926577,COMBINED_TOTAL,261031610,Total Points,8435232,Over,134.5,LOSER,0,54,Gold Coast (W),v Western Bulldogs (W),-26,14,40,,,,,,,,,,,
2026-08-15 00:00:00.000 Z,Women's AFL/Gold Coast (W) v Western Bulldogs (W),35926577,COMBINED_TOTAL,261031610,Total Points,8435233,Under,134.5,WINNER,1,54,Gold Coast (W),v Western Bulldogs (W),-26,14,40,,,,,,,,,,,
2026-08-15 00:00:00.000 Z,Women's AFL/Gold Coast (W) v Western Bulldogs (W),35926577,COMBINED_TOTAL,261031610,Total Points,8435232,Over,135.5,LOSER,0,54,Gold Coast (W),v Western Bulldogs (W),-26,14,40,,,,,,,,,,,
2026-08-15 00:00:00.000 Z,Women's AFL/Gold Coast (W) v Western Bulldogs (W),35926577,COMBINED_TOTAL,261031610,Total Points,8435233,Under,135.5,WINNER,1,54,Gold Coast (W),v Western Bulldogs (W),-26,14,40,,,,,,,,,,,
2026-08-15 00:00:00.000 Z,Women's AFL/Gold Coast (W) v Western Bulldogs (W),35926577,COMBINED_TOTAL,261031610,Total Points,8435232,Over,136.5,LOSER,0,54,Gold Coast (W),v Western Bulldogs (W),-26,14,40,,,,,,,,,,,
2026-08-15 00:00:00.000 Z,Women's AFL/Gold Coast (W) v Western Bulldogs (W),35926577,COMBINED_TOTAL,261031610,Total Points,8435233,Under,136.5,WINNER,1,54,Gold Coast (W),v Western Bulldogs (W),-26,14,40,,,,,,,,,,,
2026-08-15 00:00:00.000 Z,Women's AFL/Gold Coast (W) v Western Bulldogs (W),35926577,COMBINED_TOTAL,261031610,Total Points,8435232,Over,137.5,LOSER,0,54,Gold Coast (W),v Western Bulldogs (W),-26,14,40,,,,,,,,,,,
2026-08-15 00:00:00.000 Z,Women's AFL/Gold Coast (W) v Western Bulldogs (W),35926577,COMBINED_TOTAL,261031610,Total Points,8435233,Under,137.5,WINNER,1,54,Gold Coast (W),v Western Bulldogs (W),-26,14,40,,,,,,,,,,,
2026-08-15 00:00:00.000 Z,Women's AFL/Gold Coast (W) v Western Bulldogs (W),35926577,COMBINED_TOTAL,261031610,Total Points,8435232,Over,138.5,LOSER,0,54,Gold Coast (W),v Western Bulldogs (W),-26,14,40,,,,,,,,,,,
2026-08-15 00:00:00.000 Z,Women's AFL/Gold Coast (W) v Western Bulldogs (W),35926577,COMBINED_TOTAL,261031610,Total Points,8435233,Under,138.5,WINNER,1,54,Gold Coast (W),v Western Bulldogs (W),-26,14,40,,,,,,,,,,,
2026-08-15 00:00:00.000 Z,Women's AFL/Gold Coast (W) v Western Bulldogs (W),35926577,COMBINED_TOTAL,261031610,Total Points,8435232,Over,139.5,LOSER,0,54,Gold Coast (W),v Western Bulldogs (W),-26,14,40,,,,,,,,,,,
2026-08-15 00:00:00.000 Z,Women's AFL/Gold Coast (W) v Western Bulldogs (W),35926577,COMBINED_TOTAL,261031610,Total Points,8435233,Under,139.5,WINNER,1,54,Gold Coast (W),v Western Bulldogs (W),-26,14,40,,,,,,,,,,,
2026-08-15 00:00:00.000 Z,Women's AFL/Gold Coast (W) v Western Bulldogs (W),35926577,COMBINED_TOTAL,261031610,Total Points,8435232,Over,140.5,LOSER,0,54,Gold Coast (W),v Western Bulldogs (W),-26,14,40,,,,,,,,,,,
2026-08-15 00:00:00.000 Z,Women's AFL/Gold Coast (W) v Western Bulldogs (W),35926577,COMBINED_TOTAL,261031610,Total Points,8435233,Under,140.5,WINNER,1,54,Gold Coast (W),v Western Bulldogs (W),-26,14,40,,,,,,,,,,,
2026-08-16 00:00:00.000 Z,Women's AFL/Essendon (W) v Brisbane (W),35926578,HANDICAP,261031733,Handicap,12551709,Brisbane (W),-59.5,LOSER,0,122,Essendon (W),v Brisbane (W),-48,37,85,1.01,,,1.01,,,1.01,,,,
2026-08-16 00:00:00.000 Z,Women's AFL/Essendon (W) v Brisbane (W),35926578,HANDICAP,261031733,Handicap,47691799,Essendon (W),-59.5,LOSER,0,122,Essendon (W),v Brisbane (W),-48,37,85,1.01,,,1.01,,,1.01,,,,
2026-08-16 00:00:00.000 Z,Women's AFL/Essendon (W) v Brisbane (W),35926578,HANDICAP,261031733,Handicap,12551709,Brisbane (W),-58.5,LOSER,0,122,Essendon (W),v Brisbane (W),-48,37,85,1.01,,,1.01,,,1.01,,,,
2026-08-16 00:00:00.000 Z,Women's AFL/Essendon (W) v Brisbane (W),35926578,HANDICAP,261031733,Handicap,47691799,Essendon (W),-58.5,LOSER,0,122,Essendon (W),v Brisbane (W),-48,37,85,1.01,,,1.01,,,1.01,,,,
2026-08-16 00:00:00.000 Z,Women's AFL/Essendon (W) v Brisbane (W),35926578,HANDICAP,261031733,Handicap,12551709,Brisbane (W),-57.5,LOSER,0,122,Essendon (W),v Brisbane (W),-48,37,85,1.01,,,1.01,,,1.01,,,,
2026-08-16 00:00:00.000 Z,Women's AFL/Essendon (W) v Brisbane (W),35926578,HANDICAP,261031733,Handicap,47691799,Essendon (W),-57.5,LOSER,0,122,Essendon (W),v Brisbane (W),-48,37,85,1.01,,,1.01,,,1.01,,,,
2026-08-16 00:00:00.000 Z,Women's AFL/Essendon (W) v Brisbane (W),35926578,HANDICAP,261031733,Handicap,12551709,Brisbane (W),-56.5,LOSER,0,122,Essendon (W),v Brisbane (W),-48,37,85,1.01,,,1.01,,,1.01,,,,
2026-08-16 00:00:00.000 Z,Women's AFL/Essendon (W) v Brisbane (W),35926578,HANDICAP,261031733,Handicap,47691799,Essendon (W),-56.5,LOSER,0,122,Essendon (W),v Brisbane (W),-48,37,85,1.01,,,1.01,,,1.01,,,,
2026-08-16 00:00:00.000 Z,Women's AFL/Essendon (W) v Brisbane (W),35926578,HANDICAP,261031733,Handicap,47691799,Essendon (W),-55.5,LOSER,0,122,Essendon (W),v Brisbane (W),-48,37,85,,,,,,,,,,,
2026-08-16 00:00:00.000 Z,Women's AFL/Essendon (W) v Brisbane (W),35926578,HANDICAP,261031733,Handicap,12551709,Brisbane (W),-55.5,LOSER,0,122,Essendon (W),v Brisbane (W),-48,37,85,1.01,,,1.01,,,1.01,,,,
2026-08-16 00:00:00.000 Z,Women's AFL/Essendon (W) v Brisbane (W),35926578,HANDICAP,261031733,Handicap,12551709,Brisbane (W),-54.5,LOSER,0,122,Essendon (W),v Brisbane (W),-48,37,85,1.01,,,1.01,,,1.01,,,,
2026-08-16 00:00:00.000 Z,Women's AFL/Essendon (W) v Brisbane (W),35926578,HANDICAP,261031733,Handicap,47691799,Essendon (W),-54.5,LOSER,0,122,Essendon (W),v Brisbane (W),-48,37,85,1.01,,,1.01,,,1.01,,,,
2026-08-16 00:00:00.000 Z,Women's AFL/Essendon (W) v Brisbane (W),35926578,HANDICAP,261031733,Handicap,47691799,Essendon (W),-53.5,LOSER,0,122,Essendon (W),v Brisbane (W),-48,37,85,1.01,,,1.01,,,1.01,,,,
2026-08-16 00:00:00.000 Z,Women's AFL/Essendon (W) v Brisbane (W),35926578,HANDICAP,261031733,Handicap,12551709,Brisbane (W),-53.5,LOSER,0,122,Essendon (W),v Brisbane (W),-48,37,85,1.01,,,1.01,,,1.01,,,,
2026-08-16 00:00:00.000 Z,Women's AFL/Essendon (W) v Brisbane (W),35926578,HANDICAP,261031733,Handicap,12551709,Brisbane (W),-52.5,LOSER,0,122,Essendon (W),v Brisbane (W),-48,37,85,1.01,,,1.01,,,1.01,,,,
2026-08-16 00:00:00.000 Z,Women's AFL/Essendon (W) v Brisbane (W),35926578,HANDICAP,261031733,Handicap,47691799,Essendon (W),-52.5,LOSER,0,122,Essendon (W),v Brisbane (W),-48,37,85,1.01,,,1.01,,,1.01,,,,
2026-08-16 00:00:00.000 Z,Women's AFL/Essendon (W) v Brisbane (W),35926578,HANDICAP,261031733,Handicap,12551709,Brisbane (W),-51.5,LOSER,0,122,Essendon (W),v Brisbane (W),-48,37,85,1.01,,,1.01,,,1.01,,,,
2026-08-16 00:00:00.000 Z,Women's AFL/Essendon (W) v Brisbane (W),35926578,HANDICAP,261031733,Handicap,47691799,Essendon (W),-51.5,LOSER,0,122,Essendon (W),v Brisbane (W),-48,37,85,1.01,,,1.01,,,1.01,,,,
2026-08-16 00:00:00.000 Z,Women's AFL/Essendon (W) v Brisbane (W),35926578,HANDICAP,261031733,Handicap,47691799,Essendon (W),-50.5,LOSER,0,122,Essendon (W),v Brisbane (W),-48,37,85,1.01,,,1.01,,,1.01,,,,
2026-08-16 00:00:00.000 Z,Women's AFL/Essendon (W) v Brisbane (W),35926578,HANDICAP,261031733,Handicap,12551709,Brisbane (W),-50.5,LOSER,0,122,Essendon (W),v Brisbane (W),-48,37,85,1.01,,,1.01,,,1.01,,,,
2026-08-16 00:00:00.000 Z,Women's AFL/Essendon (W) v Brisbane (W),35926578,HANDICAP,261031733,Handicap,12551709,Brisbane (W),-49.5,LOSER,0,122,Essendon (W),v Brisbane (W),-48,37,85,,,,,,,,,,,
2026-08-16 00:00:00.000 Z,Women's AFL/Essendon (W) v Brisbane (W),35926578,HANDICAP,261031733,Handicap,47691799,Essendon (W),-49.5,LOSER,0,122,Essendon (W),v Brisbane (W),-48,37,85,1.01,,,1.01,,,1.01,,,,
2026-08-16 00:00:00.000 Z,Women's AFL/Essendon (W) v Brisbane (W),35926578,HANDICAP,261031733,Handicap,47691799,Essendon (W),-48.5,LOSER,0,122,Essendon (W),v Brisbane (W),-48,37,85,1.01,,,1.01,,,1.01,,,,
2026-08-16 00:00:00.000 Z,Women's AFL/Essendon (W) v Brisbane (W),35926578,HANDICAP,261031733,Handicap,12551709,Brisbane (W),-48.5,LOSER,0,122,Essendon (W),v Brisbane (W),-48,37,85,1.01,,,1.01,,,1.01,,,,
2026-08-16 00:00:00.000 Z,Women's AFL/Essendon (W) v Brisbane (W),35926578,HANDICAP,261031733,Handicap,47691799,Essendon (W),-47.5,LOSER,0,122,Essendon (W),v Brisbane (W),-48,37,85,1.01,,,1.01,,,1.01,,,,
2026-08-16 00:00:00.000 Z,Women's AFL/Essendon (W) v Brisbane (W),35926578,HANDICAP,261031733,Handicap,12551709,Brisbane (W),-47.5,WINNER,1,122,Essendon (W),v Brisbane (W),-48,37,85,1.01,,,1.01,,,1.01,,,,
2026-08-16 00:00:00.000 Z,Women's AFL/Essendon (W) v Brisbane (W),35926578,HANDICAP,261031733,Handicap,47691799,Essendon (W),-46.5,LOSER,0,122,Essendon (W),v Brisbane (W),-48,37,85,1.01,,,1.01,,,1.01,,,,
2026-08-16 00:00:00.000 Z,Women's AFL/Essendon (W) v Brisbane (W),35926578,HANDICAP,261031733,Handicap,12551709,Brisbane (W),-46.5,WINNER,1,122,Essendon (W),v Brisbane (W),-48,37,85,1.01,,,1.01,,,1.01,,,,
2026-08-16 00:00:00.000 Z,Women's AFL/Essendon (W) v Brisbane (W),35926578,HANDICAP,261031733,Handicap,47691799,Essendon (W),-45.5,LOSER,0,122,Essendon (W),v Brisbane (W),-48,37,85,1.01,,,1.01,,,1.01,,,,
2026-08-16 00:00:00.000 Z,Women's AFL/Essendon (W) v Brisbane (W),35926578,HANDICAP,261031733,Handicap,12551709,Brisbane (W),-45.5,WINNER,1,122,Essendon (W),v Brisbane (W),-48,37,85,1.01,,,1.01,,,1.01,,,,
2026-08-16 00:00:00.000 Z,Women's AFL/Essendon (W) v Brisbane (W),35926578,HANDICAP,261031733,Handicap,47691799,Essendon (W),-44.5,LOSER,0,122,Essendon (W),v Brisbane (W),-48,37,85,1.01,,,1.01,,,1.01,,,,
2026-08-16 00:00:00.000 Z,Women's AFL/Essendon (W) v Brisbane (W),35926578,HANDICAP,261031733,Handicap,12551709,Brisbane (W),-44.5,WINNER,1,122,Essendon (W),v Brisbane (W),-48,37,85,1.01,,,1.01,,,1.01,,,,
2026-08-16 00:00:00.000 Z,Women's AFL/Essendon (W) v Brisbane (W),35926578,HANDICAP,261031733,Handicap,47691799,Essendon (W),-43.5,LOSER,0,122,Essendon (W),v Brisbane (W),-48,37,85,1.01,,,1.01,,,1.01,,,,
2026-08-16 00:00:00.000 Z,Women's AFL/Essendon (W) v Brisbane (W),35926578,HANDICAP,261031733,Handicap,12551709,Brisbane (W),-43.5,WINNER,1,122,Essendon (W),v Brisbane (W),-48,37,85,1.01,,,1.01,,,1.01,,,,
2026-08-16 00:00:00.000 Z,Women's AFL/Essendon (W) v Brisbane (W),35926578,HANDICAP,261031733,Handicap,47691799,Essendon (W),-42.5,LOSER,0,122,Essendon (W),v Brisbane (W),-48,37,85,1.01,,,1.01,,,1.01,,,,
2026-08-16 00:00:00.000 Z,Women's AFL/Essendon (W) v Brisbane (W),35926578,HANDICAP,261031733,Handicap,12551709,Brisbane (W),-42.5,WINNER,1,122,Essendon (W),v Brisbane (W),-48,37,85,1.01,,,1.01,,,1.01,,,,
2026-08-16 00:00:00.000 Z,Women's AFL/Essendon (W) v Brisbane (W),35926578,HANDICAP,261031733,Handicap,47691799,Essendon (W),-41.5,LOSER,0,122,Essendon (W),v Brisbane (W),-48,37,85,1.01,,,1.01,,,1.01,,,,
2026-08-16 00:00:00.000 Z,Women's AFL/Essendon (W) v Brisbane (W),35926578,HANDICAP,261031733,Handicap,12551709,Brisbane (W),-41.5,WINNER,1,122,Essendon (W),v Brisbane (W),-48,37,85,1.01,,,1.01,,,1.01,,,,
2026-08-16 00:00:00.000 Z,Women's AFL/Essendon (W) v Brisbane (W),35926578,HANDICAP,261031733,Handicap,47691799,Essendon (W),-40.5,LOSER,0,122,Essendon (W),v Brisbane (W),-48,37,85,1.01,,,1.01,,,1.01,,,,
2026-08-16 00:00:00.000 Z,Women's AFL/Essendon (W) v Brisbane (W),35926578,HANDICAP,261031733,Handicap,12551709,Brisbane (W),-40.5,WINNER,1,122,Essendon (W),v Brisbane (W),-48,37,85,1.01,,,1.01,,,1.01,,,,
2026-08-16 00:00:00.000 Z,Women's AFL/Essendon (W) v Brisbane (W),35926578,HANDICAP,261031733,Handicap,47691799,Essendon (W),-39.5,LOSER,0,122,Essendon (W),v Brisbane (W),-48,37,85,1.01,,,1.01,,,1.01,,,,
2026-08-16 00:00:00.000 Z,Women's AFL/Essendon (W) v Brisbane (W),35926578,HANDICAP,261031733,Handicap,12551709,Brisbane (W),-39.5,WINNER,1,122,Essendon (W),v Brisbane (W),-48,37,85,1.01,,,1.01,,,1.01,,,,
2026-08-16 00:00:00.000 Z,Women's AFL/Essendon (W) v Brisbane (W),35926578,HANDICAP,261031733,Handicap,47691799,Essendon (W),-38.5,LOSER,0,122,Essendon (W),v Brisbane (W),-48,37,85,1.01,,,1.01,,,1.01,,,,
2026-08-16 00:00:00.000 Z,Women's AFL/Essendon (W) v Brisbane (W),35926578,HANDICAP,261031733,Handicap,12551709,Brisbane (W),-38.5,WINNER,1,122,Essendon (W),v Brisbane (W),-48,37,85,1.01,,,1.01,,,1.01,,,,
2026-08-16 00:00:00.000 Z,Women's AFL/Essendon (W) v Brisbane (W),35926578,HANDICAP,261031733,Handicap,47691799,Essendon (W),-37.5,LOSER,0,122,Essendon (W),v Brisbane (W),-48,37,85,1.01,,,1.01,,,1.01,,,,
2026-08-16 00:00:00.000 Z,Women's AFL/Essendon (W) v Brisbane (W),35926578,HANDICAP,261031733,Handicap,12551709,Brisbane (W),-37.5,WINNER,1,122,Essendon (W),v Brisbane (W),-48,37,85,1.01,,,1.01,,,1.01,,,,
2026-08-16 00:00:00.000 Z,Women's AFL/Essendon (W) v Brisbane (W),35926578,HANDICAP,261031733,Handicap,47691799,Essendon (W),-36.5,LOSER,0,122,Essendon (W),v Brisbane (W),-48,37,85,1.01,,,1.01,,,1.01,,,,
2026-08-16 00:00:00.000 Z,Women's AFL/Essendon (W) v Brisbane (W),35926578,HANDICAP,261031733,Handicap,12551709,Brisbane (W),-36.5,WINNER,1,122,Essendon (W),v Brisbane (W),-48,37,85,1.01,,,1.01,,,1.01,,,,
2026-08-16 00:00:00.000 Z,Women's AFL/Essendon (W) v Brisbane (W),35926578,HANDICAP,261031733,Handicap,47691799,Essendon (W),-35.5,LOSER,0,122,Essendon (W),v Brisbane (W),-48,37,85,1.01,,,1.01,,,1.01,,,,
2026-08-16 00:00:00.000 Z,Women's AFL/Essendon (W) v Brisbane (W),35926578,HANDICAP,261031733,Handicap,12551709,Brisbane (W),-35.5,WINNER,1,122,Essendon (W),v Brisbane (W),-48,37,85,1.01,,,1.01,,,1.01,,,,
2026-08-16 00:00:00.000 Z,Women's AFL/Essendon (W) v Brisbane (W),35926578,HANDICAP,261031733,Handicap,47691799,Essendon (W),-34.5,LOSER,0,122,Essendon (W),v Brisbane (W),-48,37,85,1.01,,,1.01,,,1.01,,,,
2026-08-16 00:00:00.000 Z,Women's AFL/Essendon (W) v Brisbane (W),35926578,HANDICAP,261031733,Handicap,12551709,Brisbane (W),-34.5,WINNER,1,122,Essendon (W),v Brisbane (W),-48,37,85,1.01,,,1.01,,,1.01,,,,
2026-08-16 00:00:00.000 Z,Women's AFL/Essendon (W) v Brisbane (W),35926578,HANDICAP,261031733,Handicap,47691799,Essendon (W),-33.5,LOSER,0,122,Essendon (W),v Brisbane (W),-48,37,85,1.01,,,1.01,,,1.01,,,,
2026-08-16 00:00:00.000 Z,Women's AFL/Essendon (W) v Brisbane (W),35926578,HANDICAP,261031733,Handicap,12551709,Brisbane (W),-33.5,WINNER,1,122,Essendon (W),v Brisbane (W),-48,37,85,1.01,,,1.01,,,1.01,,,,
2026-08-16 00:00:00.000 Z,Women's AFL/Essendon (W) v Brisbane (W),35926578,HANDICAP,261031733,Handicap,47691799,Essendon (W),-32.5,LOSER,0,122,Essendon (W),v Brisbane (W),-48,37,85,1.01,,,1.01,,,1.01,,,,
2026-08-16 00:00:00.000 Z,Women's AFL/Essendon (W) v Brisbane (W),35926578,HANDICAP,261031733,Handicap,12551709,Brisbane (W),-32.5,WINNER,1,122,Essendon (W),v Brisbane (W),-48,37,85,2.1,,,2.1,,,2.1,,,,
2026-08-16 00:00:00.000 Z,Women's AFL/Essendon (W) v Brisbane (W),35926578,HANDICAP,261031733,Handicap,47691799,Essendon (W),-31.5,LOSER,0,122,Essendon (W),v Brisbane (W),-48,37,85,1.01,,,1.01,,,1.01,,,,
2026-08-16 00:00:00.000 Z,Women's AFL/Essendon (W) v Brisbane (W),35926578,HANDICAP,261031733,Handicap,12551709,Brisbane (W),-31.5,WINNER,1,122,Essendon (W),v Brisbane (W),-48,37,85,2,,,2,,16,2,,16,16,2
2026-08-16 00:00:00.000 Z,Women's AFL/Essendon (W) v Brisbane (W),35926578,HANDICAP,261031733,Handicap,47691799,Essendon (W),-30.5,LOSER,0,122,Essendon (W),v Brisbane (W),-48,37,85,1.01,,,1.01,,,1.01,,,,
2026-08-16 00:00:00.000 Z,Women's AFL/Essendon (W) v Brisbane (W),35926578,HANDICAP,261031733,Handicap,12551709,Brisbane (W),-30.5,WINNER,1,122,Essendon (W),v Brisbane (W),-48,37,85,2,,,1.01,,13.07,1.01,,13.07,13.07,2
2026-08-16 00:00:00.000 Z,Women's AFL/Essendon (W) v Brisbane (W),35926578,HANDICAP,261031733,Handicap,47691799,Essendon (W),-29.5,LOSER,0,122,Essendon (W),v Brisbane (W),-48,37,85,1.01,,,1.01,,,1.01,,,,
2026-08-16 00:00:00.000 Z,Women's AFL/Essendon (W) v Brisbane (W),35926578,HANDICAP,261031733,Handicap,12551709,Brisbane (W),-29.5,WINNER,1,122,Essendon (W),v Brisbane (W),-48,37,85,2,,,2,,11,2,,11,11,2
2026-08-16 00:00:00.000 Z,Women's AFL/Essendon (W) v Brisbane (W),35926578,HANDICAP,261031733,Handicap,47691799,Essendon (W),-28.5,LOSER,0,122,Essendon (W),v Brisbane (W),-48,37,85,2.02,,150,2.02,,150,2.02,,150,150,2
2026-08-16 00:00:00.000 Z,Women's AFL/Essendon (W) v Brisbane (W),35926578,HANDICAP,261031733,Handicap,12551709,Brisbane (W),-28.5,WINNER,1,122,Essendon (W),v Brisbane (W),-48,37,85,1.01,,,1.01,,,1.01,,,,
2026-08-16 00:00:00.000 Z,Women's AFL/Essendon (W) v Brisbane (W),35926578,HANDICAP,261031733,Handicap,47691799,Essendon (W),-27.5,LOSER,0,122,Essendon (W),v Brisbane (W),-48,37,85,1.01,,,1.01,,,1.01,,,,
2026-08-16 00:00:00.000 Z,Women's AFL/Essendon (W) v Brisbane (W),35926578,HANDICAP,261031733,Handicap,12551709,Brisbane (W),-27.5,WINNER,1,122,Essendon (W),v Brisbane (W),-48,37,85,1.01,,,1.62,,,1.62,,,,
2026-08-16 00:00:00.000 Z,Women's AFL/Essendon (W) v Brisbane (W),35926578,HANDICAP,261031733,Handicap,47691799,Essendon (W),-26.5,LOSER,0,122,Essendon (W),v Brisbane (W),-48,37,85,1.01,,,1.01,,,1.01,,,,
2026-08-16 00:00:00.000 Z,Women's AFL/Essendon (W) v Brisbane (W),35926578,HANDICAP,261031733,Handicap,12551709,Brisbane (W),-26.5,WINNER,1,122,Essendon (W),v Brisbane (W),-48,37,85,1.01,,,1.88,,,1.61,,100,100,2.14
2026-08-16 00:00:00.000 Z,Women's AFL/Essendon (W) v Brisbane (W),35926578,HANDICAP,261031733,Handicap,47691799,Essendon (W),-25.5,LOSER,0,122,Essendon (W),v Brisbane (W),-48,37,85,1.01,,,1.01,,,1.01,,,,
2026-08-16 00:00:00.000 Z,Women's AFL/Essendon (W) v Brisbane (W),35926578,HANDICAP,261031733,Handicap,12551709,Brisbane (W),-25.5,WINNER,1,122,Essendon (W),v Brisbane (W),-48,37,85,1.01,,,1.6,,,2.1,,58.36,58.36,1.89
2026-08-16 00:00:00.000 Z,Women's AFL/Essendon (W) v Brisbane (W),35926578,HANDICAP,261031733,Handicap,47691799,Essendon (W),-24.5,LOSER,0,122,Essendon (W),v Brisbane (W),-48,37,85,1.01,,,1.01,,,1.01,,,,
2026-08-16 00:00:00.000 Z,Women's AFL/Essendon (W) v Brisbane (W),35926578,HANDICAP,261031733,Handicap,12551709,Brisbane (W),-24.5,WINNER,1,122,Essendon (W),v Brisbane (W),-48,37,85,1.01,,,1.59,,,2,,1300.72,1325.72,2.04
2026-08-16 00:00:00.000 Z,Women's AFL/Essendon (W) v Brisbane (W),35926578,HANDICAP,261031733,Handicap,47691799,Essendon (W),-23.5,LOSER,0,122,Essendon (W),v Brisbane (W),-48,37,85,,,,,,,,,,,
2026-08-16 00:00:00.000 Z,Women's AFL/Essendon (W) v Brisbane (W),35926578,HANDICAP,261031733,Handicap,12551709,Brisbane (W),-23.5,WINNER,1,122,Essendon (W),v Brisbane (W),-48,37,85,1.01,,,1.58,,,1.85,,10,33,1.92
2026-08-16 00:00:00.000 Z,Women's AFL/Essendon (W) v Brisbane (W),35926578,HANDICAP,261031733,Handicap,47691799,Essendon (W),-22.5,LOSER,0,122,Essendon (W),v Brisbane (W),-48,37,85,1.01,,,1.01,,,1.01,,,,
2026-08-16 00:00:00.000 Z,Women's AFL/Essendon (W) v Brisbane (W),35926578,HANDICAP,261031733,Handicap,12551709,Brisbane (W),-22.5,WINNER,1,122,Essendon (W),v Brisbane (W),-48,37,85,1.01,,,1.54,,,1.55,1.93,10,10,1.85
2026-08-16 00:00:00.000 Z,Women's AFL/Essendon (W) v Brisbane (W),35926578,HANDICAP,261031733,Handicap,47691799,Essendon (W),-21.5,LOSER,0,122,Essendon (W),v Brisbane (W),-48,37,85,2.06,,,2.06,,,1.01,,,,
2026-08-16 00:00:00.000 Z,Women's AFL/Essendon (W) v Brisbane (W),35926578,HANDICAP,261031733,Handicap,12551709,Brisbane (W),-21.5,WINNER,1,122,Essendon (W),v Brisbane (W),-48,37,85,1.01,,,1.5,,175,1.5,,175,175,1.94
2026-08-16 00:00:00.000 Z,Women's AFL/Essendon (W) v Brisbane (W),35926578,HANDICAP,261031733,Handicap,47691799,Essendon (W),-20.5,LOSER,0,122,Essendon (W),v Brisbane (W),-48,37,85,1.01,,,1.01,,,1.01,,,,
2026-08-16 00:00:00.000 Z,Women's AFL/Essendon (W) v Brisbane (W),35926578,HANDICAP,261031733,Handicap,12551709,Brisbane (W),-20.5,WINNER,1,122,Essendon (W),v Brisbane (W),-48,37,85,1.01,,,1.46,,,1.46,,,,
2026-08-16 00:00:00.000 Z,Women's AFL/Essendon (W) v Brisbane (W),35926578,HANDICAP,261031733,Handicap,47691799,Essendon (W),-19.5,LOSER,0,122,Essendon (W),v Brisbane (W),-48,37,85,1.01,,,1.01,,,1.01,,,,
2026-08-16 00:00:00.000 Z,Women's AFL/Essendon (W) v Brisbane (W),35926578,HANDICAP,261031733,Handicap,12551709,Brisbane (W),-19.5,WINNER,1,122,Essendon (W),v Brisbane (W),-48,37,85,1.01,,,1.43,,,1.43,,,,
2026-08-16 00:00:00.000 Z,Women's AFL/Essendon (W) v Brisbane (W),35926578,HANDICAP,261031733,Handicap,47691799,Essendon (W),-18.5,LOSER,0,122,Essendon (W),v Brisbane (W),-48,37,85,1.01,,,1.01,,,1.01,,,,
2026-08-16 00:00:00.000 Z,Women's AFL/Essendon (W) v Brisbane (W),35926578,HANDICAP,261031733,Handicap,12551709,Brisbane (W),-18.5,WINNER,1,122,Essendon (W),v Brisbane (W),-48,37,85,1.01,,,1.4,,,1.4,,,,
2026-08-16 00:00:00.000 Z,Women's AFL/Essendon (W) v Brisbane (W),35926578,HANDICAP,261031733,Handicap,47691799,Essendon (W),-17.5,LOSER,0,122,Essendon (W),v Brisbane (W),-48,37,85,2,,,2,,,2,,,,
2026-08-16 00:00:00.000 Z,Women's AFL/Essendon (W) v Brisbane (W),35926578,HANDICAP,261031733,Handicap,12551709,Brisbane (W),-17.5,WINNER,1,122,Essendon (W),v Brisbane (W),-48,37,85,1.01,,,1.37,,,1.37,,56,56,1.37
2026-08-16 00:00:00.000 Z,Women's AFL/Essendon (W) v Brisbane (W),35926578,HANDICAP,261031733,Handicap,47691799,Essendon (W),-16.5,LOSER,0,122,Essendon (W),v Brisbane (W),-48,37,85,1.01,,,1.01,,,1.01,,,,
2026-08-16 00:00:00.000 Z,Women's AFL/Essendon (W) v Brisbane (W),35926578,HANDICAP,261031733,Handicap,12551709,Brisbane (W),-16.5,WINNER,1,122,Essendon (W),v Brisbane (W),-48,37,85,1.01,,,1.34,,,1.34,,,,
2026-08-16 00:00:00.000 Z,Women's AFL/Essendon (W) v Brisbane (W),35926578,HANDICAP,261031733,Handicap,47691799,Essendon (W),-15.5,LOSER,0,122,Essendon (W),v Brisbane (W),-48,37,85,1.01,,,1.01,,,1.01,,,,
2026-08-16 00:00:00.000 Z,Women's AFL/Essendon (W) v Brisbane (W),35926578,HANDICAP,261031733,Handicap,12551709,Brisbane (W),-15.5,WINNER,1,122,Essendon (W),v Brisbane (W),-48,37,85,1.01,,,1.31,,,1.31,,,,
2026-08-16 00:00:00.000 Z,Women's AFL/Essendon (W) v Brisbane (W),35926578,HANDICAP,261031733,Handicap,47691799,Essendon (W),-14.5,LOSER,0,122,Essendon (W),v Brisbane (W),-48,37,85,1.01,,,1.01,,,1.01,,,,
2026-08-16 00:00:00.000 Z,Women's AFL/Essendon (W) v Brisbane (W),35926578,HANDICAP,261031733,Handicap,12551709,Brisbane (W),-14.5,WINNER,1,122,Essendon (W),v Brisbane (W),-48,37,85,1.3,,,1.3,,,1.29,,,,
2026-08-16 00:00:00.000 Z,Women's AFL/Essendon (W) v Brisbane (W),35926578,HANDICAP,261031733,Handicap,47691799,Essendon (W),-13.5,LOSER,0,122,Essendon (W),v Brisbane (W),-48,37,85,1.01,,,1.01,,,1.01,,,,
2026-08-16 00:00:00.000 Z,Women's AFL/Essendon (W) v Brisbane (W),35926578,HANDICAP,261031733,Handicap,12551709,Brisbane (W),-13.5,WINNER,1,122,Essendon (W),v Brisbane (W),-48,37,85,1.01,,,1.26,,,1.26,,,,
2026-08-16 00:00:00.000 Z,Women's AFL/Essendon (W) v Brisbane (W),35926578,HANDICAP,261031733,Handicap,47691799,Essendon (W),-12.5,LOSER,0,122,Essendon (W),v Brisbane (W),-48,37,85,1.01,,,1.01,,,1.01,,,,
2026-08-16 00:00:00.000 Z,Women's AFL/Essendon (W) v Brisbane (W),35926578,HANDICAP,261031733,Handicap,12551709,Brisbane (W),-12.5,WINNER,1,122,Essendon (W),v Brisbane (W),-48,37,85,1.01,,,1.24,,,1.24,,,,
2026-08-16 00:00:00.000 Z,Women's AFL/Essendon (W) v Brisbane (W),35926578,HANDICAP,261031733,Handicap,47691799,Essendon (W),-11.5,LOSER,0,122,Essendon (W),v Brisbane (W),-48,37,85,1.01,,,1.01,,,1.01,,,,
2026-08-16 00:00:00.000 Z,Women's AFL/Essendon (W) v Brisbane (W),35926578,HANDICAP,261031733,Handicap,12551709,Brisbane (W),-11.5,WINNER,1,122,Essendon (W),v Brisbane (W),-48,37,85,1.01,,,1.22,,,1.23,,,,
2026-08-16 00:00:00.000 Z,Women's AFL/Essendon (W) v Brisbane (W),35926578,HANDICAP,261031733,Handicap,47691799,Essendon (W),-10.5,LOSER,0,122,Essendon (W),v Brisbane (W),-48,37,85,1.01,,,1.01,,,1.01,,,,
2026-08-16 00:00:00.000 Z,Women's AFL/Essendon (W) v Brisbane (W),35926578,HANDICAP,261031733,Handicap,12551709,Brisbane (W),-10.5,WINNER,1,122,Essendon (W),v Brisbane (W),-48,37,85,1.01,,,1.2,,,1.21,,,,
2026-08-16 00:00:00.000 Z,Women's AFL/Essendon (W) v Brisbane (W),35926578,HANDICAP,261031733,Handicap,47691799,Essendon (W),-9.5,LOSER,0,122,Essendon (W),v Brisbane (W),-48,37,85,1.01,,,1.01,,,1.01,,,,
2026-08-16 00:00:00.000 Z,Women's AFL/Essendon (W) v Brisbane (W),35926578,HANDICAP,261031733,Handicap,12551709,Brisbane (W),-9.5,WINNER,1,122,Essendon (W),v Brisbane (W),-48,37,85,1.01,,,1.18,,,1.18,,,,
2026-08-16 00:00:00.000 Z,Women's AFL/Essendon (W) v Brisbane (W),35926578,HANDICAP,261031733,Handicap,47691799,Essendon (W),-8.5,LOSER,0,122,Essendon (W),v Brisbane (W),-48,37,85,1.01,,,1.01,,,1.01,,,,
2026-08-16 00:00:00.000 Z,Women's AFL/Essendon (W) v Brisbane (W),35926578,HANDICAP,261031733,Handicap,12551709,Brisbane (W),-8.5,WINNER,1,122,Essendon (W),v Brisbane (W),-48,37,85,1.01,,,1.16,,,1.16,,,,
2026-08-16 00:00:00.000 Z,Women's AFL/Essendon (W) v Brisbane (W),35926578,HANDICAP,261031733,Handicap,47691799,Essendon (W),-7.5,LOSER,0,122,Essendon (W),v Brisbane (W),-48,37,85,1.01,,,1.01,,,1.01,,,,
2026-08-16 00:00:00.000 Z,Women's AFL/Essendon (W) v Brisbane (W),35926578,HANDICAP,261031733,Handicap,12551709,Brisbane (W),-7.5,WINNER,1,122,Essendon (W),v Brisbane (W),-48,37,85,1.01,,,1.14,,,1.14,,,,
2026-08-16 00:00:00.000 Z,Women's AFL/Essendon (W) v Brisbane (W),35926578,HANDICAP,261031733,Handicap,47691799,Essendon (W),-6.5,LOSER,0,122,Essendon (W),v Brisbane (W),-48,37,85,1.01,,,1.01,,,1.01,,,,
2026-08-16 00:00:00.000 Z,Women's AFL/Essendon (W) v Brisbane (W),35926578,HANDICAP,261031733,Handicap,12551709,Brisbane (W),-6.5,WINNER,1,122,Essendon (W),v Brisbane (W),-48,37,85,1.01,,,1.12,,,1.12,,,,
2026-08-16 00:00:00.000 Z,Women's AFL/Essendon (W) v Brisbane (W),35926578,HANDICAP,261031733,Handicap,47691799,Essendon (W),-5.5,LOSER,0,122,Essendon (W),v Brisbane (W),-48,37,85,1.01,,,1.01,,,1.01,,,,
2026-08-16 00:00:00.000 Z,Women's AFL/Essendon (W) v Brisbane (W),35926578,HANDICAP,261031733,Handicap,12551709,Brisbane (W),-5.5,WINNER,1,122,Essendon (W),v Brisbane (W),-48,37,85,1.01,,,1.1,,,1.1,,,,
2026-08-16 00:00:00.000 Z,Women's AFL/Essendon (W) v Brisbane (W),35926578,HANDICAP,261031733,Handicap,47691799,Essendon (W),-4.5,LOSER,0,122,Essendon (W),v Brisbane (W),-48,37,85,1.01,,,1.01,,,1.01,,,,
2026-08-16 00:00:00.000 Z,Women's AFL/Essendon (W) v Brisbane (W),35926578,HANDICAP,261031733,Handicap,12551709,Brisbane (W),-4.5,WINNER,1,122,Essendon (W),v Brisbane (W),-48,37,85,1.01,,,1.09,,,1.09,,,,
2026-08-16 00:00:00.000 Z,Women's AFL/Essendon (W) v Brisbane (W),35926578,HANDICAP,261031733,Handicap,47691799,Essendon (W),-3.5,LOSER,0,122,Essendon (W),v Brisbane (W),-48,37,85,1.01,,,1.01,,,1.01,,,,
2026-08-16 00:00:00.000 Z,Women's AFL/Essendon (W) v Brisbane (W),35926578,HANDICAP,261031733,Handicap,12551709,Brisbane (W),-3.5,WINNER,1,122,Essendon (W),v Brisbane (W),-48,37,85,1.01,,,1.08,,,1.08,,,,
2026-08-16 00:00:00.000 Z,Women's AFL/Essendon (W) v Brisbane (W),35926578,HANDICAP,261031733,Handicap,47691799,Essendon (W),-2.5,LOSER,0,122,Essendon (W),v Brisbane (W),-48,37,85,1.01,,,1.01,,,1.01,,,,
2026-08-16 00:00:00.000 Z,Women's AFL/Essendon (W) v Brisbane (W),35926578,HANDICAP,261031733,Handicap,12551709,Brisbane (W),-2.5,WINNER,1,122,Essendon (W),v Brisbane (W),-48,37,85,1.01,,,1.07,,,1.07,,,,
2026-08-16 00:00:00.000 Z,Women's AFL/Essendon (W) v Brisbane (W),35926578,HANDICAP,261031733,Handicap,47691799,Essendon (W),-1.5,LOSER,0,122,Essendon (W),v Brisbane (W),-48,37,85,1.01,,,1.01,,,1.01,,,,
2026-08-16 00:00:00.000 Z,Women's AFL/Essendon (W) v Brisbane (W),35926578,HANDICAP,261031733,Handicap,12551709,Brisbane (W),-1.5,WINNER,1,122,Essendon (W),v Brisbane (W),-48,37,85,1.01,,,1.06,,,1.06,,,,
2026-08-16 00:00:00.000 Z,Women's AFL/Essendon (W) v Brisbane (W),35926578,HANDICAP,261031733,Handicap,47691799,Essendon (W),-0.5,LOSER,0,122,Essendon (W),v Brisbane (W),-48,37,85,3,,,3,,,3,,,,
2026-08-16 00:00:00.000 Z,Women's AFL/Essendon (W) v Brisbane (W),35926578,HANDICAP,261031733,Handicap,12551709,Brisbane (W),-0.5,WINNER,1,122,Essendon (W),v Brisbane (W),-48,37,85,1.01,,,1.05,,,1.05,,,,
2026-08-16 00:00:00.000 Z,Women's AFL/Essendon (W) v Brisbane (W),35926578,HANDICAP,261031733,Handicap,47691799,Essendon (W),0.5,LOSER,0,122,Essendon (W),v Brisbane (W),-48,37,85,1.01,,,1.01,,,1.01,,,,
2026-08-16 00:00:00.000 Z,Women's AFL/Essendon (W) v Brisbane (W),35926578,HANDICAP,261031733,Handicap,12551709,Brisbane (W),0.5,WINNER,1,122,Essendon (W),v Brisbane (W),-48,37,85,1.01,,,1.04,,,1.04,,,,
2026-08-16 00:00:00.000 Z,Women's AFL/Essendon (W) v Brisbane (W),35926578,HANDICAP,261031733,Handicap,47691799,Essendon (W),1.5,LOSER,0,122,Essendon (W),v Brisbane (W),-48,37,85,1.01,,,1.01,,,1.01,,,,
2026-08-16 00:00:00.000 Z,Women's AFL/Essendon (W) v Brisbane (W),35926578,HANDICAP,261031733,Handicap,12551709,Brisbane (W),1.5,WINNER,1,122,Essendon (W),v Brisbane (W),-48,37,85,1.01,,,1.03,,,1.03,,,,
2026-08-16 00:00:00.000 Z,Women's AFL/Essendon (W) v Brisbane (W),35926578,HANDICAP,261031733,Handicap,47691799,Essendon (W),2.5,LOSER,0,122,Essendon (W),v Brisbane (W),-48,37,85,1.01,,,1.01,,,1.01,,,,
2026-08-16 00:00:00.000 Z,Women's AFL/Essendon (W) v Brisbane (W),35926578,HANDICAP,261031733,Handicap,12551709,Brisbane (W),2.5,WINNER,1,122,Essendon (W),v Brisbane (W),-48,37,85,1.01,,,1.02,,,1.02,,,,
2026-08-16 00:00:00.000 Z,Women's AFL/Essendon (W) v Brisbane (W),35926578,HANDICAP,261031733,Handicap,47691799,Essendon (W),3.5,LOSER,0,122,Essendon (W),v Brisbane (W),-48,37,85,1.01,,,1.01,,,1.01,,,,
2026-08-16 00:00:00.000 Z,Women's AFL/Essendon (W) v Brisbane (W),35926578,HANDICAP,261031733,Handicap,12551709,Brisbane (W),3.5,WINNER,1,122,Essendon (W),v Brisbane (W),-48,37,85,1.01,,,1.01,,,1.01,,,,
2026-08-16 00:00:00.000 Z,Women's AFL/Essendon (W) v Brisbane (W),35926578,HANDICAP,261031733,Handicap,47691799,Essendon (W),4.5,LOSER,0,122,Essendon (W),v Brisbane (W),-48,37,85,1.01,,,1.01,,,1.01,,,,
2026-08-16 00:00:00.000 Z,Women's AFL/Essendon (W) v Brisbane (W),35926578,HANDICAP,261031733,Handicap,12551709,Brisbane (W),4.5,WINNER,1,122,Essendon (W),v Brisbane (W),-48,37,85,1.01,,,1.01,,,1.01,,,,
2026-08-16 00:00:00.000 Z,Women's AFL/Essendon (W) v Brisbane (W),35926578,HANDICAP,261031733,Handicap,47691799,Essendon (W),5.5,LOSER,0,122,Essendon (W),v Brisbane (W),-48,37,85,1.01,,,1.01,,,1.01,,,,
2026-08-16 00:00:00.000 Z,Women's AFL/Essendon (W) v Brisbane (W),35926578,HANDICAP,261031733,Handicap,12551709,Brisbane (W),5.5,WINNER,1,122,Essendon (W),v Brisbane (W),-48,37,85,1.01,,,1.01,,,1.01,,,,
2026-08-16 00:00:00.000 Z,Women's AFL/Essendon (W) v Brisbane (W),35926578,HANDICAP,261031733,Handicap,47691799,Essendon (W),6.5,LOSER,0,122,Essendon (W),v Brisbane (W),-48,37,85,1.01,,,1.01,,,1.01,,,,
2026-08-16 00:00:00.000 Z,Women's AFL/Essendon (W) v Brisbane (W),35926578,HANDICAP,261031733,Handicap,12551709,Brisbane (W),6.5,WINNER,1,122,Essendon (W),v Brisbane (W),-48,37,85,1.01,,,1.01,,,1.01,,,,
2026-08-16 00:00:00.000 Z,Women's AFL/Essendon (W) v Brisbane (W),35926578,HANDICAP,261031733,Handicap,47691799,Essendon (W),7.5,LOSER,0,122,Essendon (W),v Brisbane (W),-48,37,85,1.01,,,1.01,,,1.01,,,,
2026-08-16 00:00:00.000 Z,Women's AFL/Essendon (W) v Brisbane (W),35926578,HANDICAP,261031733,Handicap,12551709,Brisbane (W),7.5,WINNER,1,122,Essendon (W),v Brisbane (W),-48,37,85,1.01,,,1.01,,,1.01,,,,
2026-08-16 00:00:00.000 Z,Women's AFL/Essendon (W) v Brisbane (W),35926578,HANDICAP,261031733,Handicap,47691799,Essendon (W),8.5,LOSER,0,122,Essendon (W),v Brisbane (W),-48,37,85,1.01,,,1.01,,,1.01,,,,
2026-08-16 00:00:00.000 Z,Women's AFL/Essendon (W) v Brisbane (W),35926578,HANDICAP,261031733,Handicap,12551709,Brisbane (W),8.5,WINNER,1,122,Essendon (W),v Brisbane (W),-48,37,85,1.01,,,1.01,,,1.01,,,,
2026-08-16 00:00:00.000 Z,Women's AFL/Essendon (W) v Brisbane (W),35926578,HANDICAP,261031733,Handicap,47691799,Essendon (W),9.5,LOSER,0,122,Essendon (W),v Brisbane (W),-48,37,85,1.01,,,1.01,,,1.01,,,,
2026-08-16 00:00:00.000 Z,Women's AFL/Essendon (W) v Brisbane (W),35926578,HANDICAP,261031733,Handicap,12551709,Brisbane (W),9.5,WINNER,1,122,Essendon (W),v Brisbane (W),-48,37,85,1.01,,,1.01,,,1.01,,,,
2026-08-16 00:00:00.000 Z,Women's AFL/Essendon (W) v Brisbane (W),35926578,HANDICAP,261031733,Handicap,47691799,Essendon (W),10.5,LOSER,0,122,Essendon (W),v Brisbane (W),-48,37,85,1.01,,,1.01,,,1.01,,,,
2026-08-16 00:00:00.000 Z,Women's AFL/Essendon (W) v Brisbane (W),35926578,HANDICAP,261031733,Handicap,12551709,Brisbane (W),10.5,WINNER,1,122,Essendon (W),v Brisbane (W),-48,37,85,1.01,,,1.01,,,1.01,,,,
2026-08-16 00:00:00.000 Z,Women's AFL/Essendon (W) v Brisbane (W),35926578,HANDICAP,261031733,Handicap,47691799,Essendon (W),11.5,LOSER,0,122,Essendon (W),v Brisbane (W),-48,37,85,1.01,,,1.01,,,1.01,,,,
2026-08-16 00:00:00.000 Z,Women's AFL/Essendon (W) v Brisbane (W),35926578,HANDICAP,261031733,Handicap,12551709,Brisbane (W),11.5,WINNER,1,122,Essendon (W),v Brisbane (W),-48,37,85,1.01,,,1.01,,,1.01,,,,
2026-08-16 00:00:00.000 Z,Women's AFL/Essendon (W) v Brisbane (W),35926578,HANDICAP,261031733,Handicap,47691799,Essendon (W),12.5,LOSER,0,122,Essendon (W),v Brisbane (W),-48,37,85,1.01,,,1.01,,,1.01,,,,
2026-08-16 00:00:00.000 Z,Women's AFL/Essendon (W) v Brisbane (W),35926578,HANDICAP,261031733,Handicap,12551709,Brisbane (W),12.5,WINNER,1,122,Essendon (W),v Brisbane (W),-48,37,85,1.01,,,1.01,,,1.01,,,,
2026-08-16 00:00:00.000 Z,Women's AFL/Essendon (W) v Brisbane (W),35926578,HANDICAP,261031733,Handicap,47691799,Essendon (W),13.5,LOSER,0,122,Essendon (W),v Brisbane (W),-48,37,85,1.01,,,1.01,,,1.01,,,,
2026-08-16 00:00:00.000 Z,Women's AFL/Essendon (W) v Brisbane (W),35926578,HANDICAP,261031733,Handicap,12551709,Brisbane (W),13.5,WINNER,1,122,Essendon (W),v Brisbane (W),-48,37,85,1.01,,,1.01,,,1.01,,,,
2026-08-16 00:00:00.000 Z,Women's AFL/Essendon (W) v Brisbane (W),35926578,HANDICAP,261031733,Handicap,47691799,Essendon (W),14.5,LOSER,0,122,Essendon (W),v Brisbane (W),-48,37,85,3,,,3,,,3,,,,
2026-08-16 00:00:00.000 Z,Women's AFL/Essendon (W) v Brisbane (W),35926578,HANDICAP,261031733,Handicap,12551709,Brisbane (W),14.5,WINNER,1,122,Essendon (W),v Brisbane (W),-48,37,85,1.01,,,1.01,,,1.01,,,,
2026-08-16 00:00:00.000 Z,Women's AFL/Essendon (W) v Brisbane (W),35926578,HANDICAP,261031733,Handicap,47691799,Essendon (W),15.5,LOSER,0,122,Essendon (W),v Brisbane (W),-48,37,85,1.01,,,1.01,,,1.01,,,,
2026-08-16 00:00:00.000 Z,Women's AFL/Essendon (W) v Brisbane (W),35926578,HANDICAP,261031733,Handicap,12551709,Brisbane (W),15.5,WINNER,1,122,Essendon (W),v Brisbane (W),-48,37,85,1.01,,,1.01,,,1.01,,,,
2026-08-16 00:00:00.000 Z,Women's AFL/Essendon (W) v Brisbane (W),35926578,HANDICAP,261031733,Handicap,47691799,Essendon (W),16.5,LOSER,0,122,Essendon (W),v Brisbane (W),-48,37,85,1.01,,,1.01,,,1.01,,,,
2026-08-16 00:00:00.000 Z,Women's AFL/Essendon (W) v Brisbane (W),35926578,HANDICAP,261031733,Handicap,12551709,Brisbane (W),16.5,WINNER,1,122,Essendon (W),v Brisbane (W),-48,37,85,1.01,,,1.01,,,1.01,,,,
2026-08-16 00:00:00.000 Z,Women's AFL/Essendon (W) v Brisbane (W),35926578,HANDICAP,261031733,Handicap,47691799,Essendon (W),17.5,LOSER,0,122,Essendon (W),v Brisbane (W),-48,37,85,1.01,,,1.01,,,1.01,,,,
2026-08-16 00:00:00.000 Z,Women's AFL/Essendon (W) v Brisbane (W),35926578,HANDICAP,261031733,Handicap,12551709,Brisbane (W),17.5,WINNER,1,122,Essendon (W),v Brisbane (W),-48,37,85,1.01,,,1.01,,,1.01,,,,
2026-08-16 00:00:00.000 Z,Women's AFL/Essendon (W) v Brisbane (W),35926578,HANDICAP,261031733,Handicap,47691799,Essendon (W),18.5,LOSER,0,122,Essendon (W),v Brisbane (W),-48,37,85,1.01,,,1.01,,,1.01,,,,
2026-08-16 00:00:00.000 Z,Women's AFL/Essendon (W) v Brisbane (W),35926578,HANDICAP,261031733,Handicap,12551709,Brisbane (W),18.5,WINNER,1,122,Essendon (W),v Brisbane (W),-48,37,85,1.01,,,1.01,,,1.01,,,,
2026-08-16 00:00:00.000 Z,Women's AFL/Essendon (W) v Brisbane (W),35926578,HANDICAP,261031733,Handicap,47691799,Essendon (W),19.5,LOSER,0,122,Essendon (W),v Brisbane (W),-48,37,85,1.01,,,1.01,,,1.01,,,,
2026-08-16 00:00:00.000 Z,Women's AFL/Essendon (W) v Brisbane (W),35926578,HANDICAP,261031733,Handicap,12551709,Brisbane (W),19.5,WINNER,1,122,Essendon (W),v Brisbane (W),-48,37,85,1.01,,,1.01,,,1.01,,,,
2026-08-16 00:00:00.000 Z,Women's AFL/Essendon (W) v Brisbane (W),35926578,HANDICAP,261031733,Handicap,47691799,Essendon (W),20.5,LOSER,0,122,Essendon (W),v Brisbane (W),-48,37,85,2.06,,,2.1,,,1.01,,,,
2026-08-16 00:00:00.000 Z,Women's AFL/Essendon (W) v Brisbane (W),35926578,HANDICAP,261031733,Handicap,12551709,Brisbane (W),20.5,WINNER,1,122,Essendon (W),v Brisbane (W),-48,37,85,1.01,,,1.01,,,1.01,,,,
2026-08-16 00:00:00.000 Z,Women's AFL/Essendon (W) v Brisbane (W),35926578,HANDICAP,261031733,Handicap,47691799,Essendon (W),21.5,LOSER,0,122,Essendon (W),v Brisbane (W),-48,37,85,1.99,2.06,238.82,2.04,,416.77,1.01,,416.77,416.77,2.06
2026-08-16 00:00:00.000 Z,Women's AFL/Essendon (W) v Brisbane (W),35926578,HANDICAP,261031733,Handicap,12551709,Brisbane (W),21.5,WINNER,1,122,Essendon (W),v Brisbane (W),-48,37,85,1.01,,,1.01,,,1.01,,,,
2026-08-16 00:00:00.000 Z,Women's AFL/Essendon (W) v Brisbane (W),35926578,HANDICAP,261031733,Handicap,47691799,Essendon (W),22.5,LOSER,0,122,Essendon (W),v Brisbane (W),-48,37,85,2.08,,903.77,2.08,,903.77,1.01,,903.77,903.77,2.08
2026-08-16 00:00:00.000 Z,Women's AFL/Essendon (W) v Brisbane (W),35926578,HANDICAP,261031733,Handicap,12551709,Brisbane (W),22.5,WINNER,1,122,Essendon (W),v Brisbane (W),-48,37,85,1.01,1.88,,1.01,1.88,,1.01,,,,
2026-08-16 00:00:00.000 Z,Women's AFL/Essendon (W) v Brisbane (W),35926578,HANDICAP,261031733,Handicap,47691799,Essendon (W),23.5,LOSER,0,122,Essendon (W),v Brisbane (W),-48,37,85,1.01,,483.82,1.01,,483.82,2.08,,483.82,958.82,2.08
2026-08-16 00:00:00.000 Z,Women's AFL/Essendon (W) v Brisbane (W),35926578,HANDICAP,261031733,Handicap,12551709,Brisbane (W),23.5,WINNER,1,122,Essendon (W),v Brisbane (W),-48,37,85,,,,,,,,,,,
2026-08-16 00:00:00.000 Z,Women's AFL/Essendon (W) v Brisbane (W),35926578,HANDICAP,261031733,Handicap,47691799,Essendon (W),24.5,LOSER,0,122,Essendon (W),v Brisbane (W),-48,37,85,1.01,,170.15,1.01,,170.15,1.01,,948.95,948.95,2
2026-08-16 00:00:00.000 Z,Women's AFL/Essendon (W) v Brisbane (W),35926578,HANDICAP,261031733,Handicap,12551709,Brisbane (W),24.5,WINNER,1,122,Essendon (W),v Brisbane (W),-48,37,85,1.01,,,1.01,,,1.01,,,,
2026-08-16 00:00:00.000 Z,Women's AFL/Essendon (W) v Brisbane (W),35926578,HANDICAP,261031733,Handicap,47691799,Essendon (W),25.5,LOSER,0,122,Essendon (W),v Brisbane (W),-48,37,85,1.01,,,1.62,,,1.62,,359.37,359.37,2.08
2026-08-16 00:00:00.000 Z,Women's AFL/Essendon (W) v Brisbane (W),35926578,HANDICAP,261031733,Handicap,12551709,Brisbane (W),25.5,WINNER,1,122,Essendon (W),v Brisbane (W),-48,37,85,1.01,,,1.01,,,1.01,,,,
2026-08-16 00:00:00.000 Z,Women's AFL/Essendon (W) v Brisbane (W),35926578,HANDICAP,261031733,Handicap,47691799,Essendon (W),26.5,LOSER,0,122,Essendon (W),v Brisbane (W),-48,37,85,1.01,,,1.61,,,1.61,,517.19,517.19,2.02
2026-08-16 00:00:00.000 Z,Women's AFL/Essendon (W) v Brisbane (W),35926578,HANDICAP,261031733,Handicap,12551709,Brisbane (W),26.5,WINNER,1,122,Essendon (W),v Brisbane (W),-48,37,85,1.01,,,1.01,,,1.01,,,,
2026-08-16 00:00:00.000 Z,Women's AFL/Essendon (W) v Brisbane (W),35926578,HANDICAP,261031733,Handicap,47691799,Essendon (W),27.5,LOSER,0,122,Essendon (W),v Brisbane (W),-48,37,85,1.01,,,1.6,,,1.6,,,,
2026-08-16 00:00:00.000 Z,Women's AFL/Essendon (W) v Brisbane (W),35926578,HANDICAP,261031733,Handicap,12551709,Brisbane (W),27.5,WINNER,1,122,Essendon (W),v Brisbane (W),-48,37,85,1.01,,,1.01,,,1.01,,,,
2026-08-16 00:00:00.000 Z,Women's AFL/Essendon (W) v Brisbane (W),35926578,HANDICAP,261031733,Handicap,47691799,Essendon (W),28.5,LOSER,0,122,Essendon (W),v Brisbane (W),-48,37,85,1.01,,,1.59,,,1.59,,,,
2026-08-16 00:00:00.000 Z,Women's AFL/Essendon (W) v Brisbane (W),35926578,HANDICAP,261031733,Handicap,12551709,Brisbane (W),28.5,WINNER,1,122,Essendon (W),v Brisbane (W),-48,37,85,1.03,,,1.03,,,1.03,,,,
2026-08-16 00:00:00.000 Z,Women's AFL/Essendon (W) v Brisbane (W),35926578,HANDICAP,261031733,Handicap,47691799,Essendon (W),29.5,LOSER,0,122,Essendon (W),v Brisbane (W),-48,37,85,1.01,,,2,,48,1.56,,94.76,94.76,1.56
2026-08-16 00:00:00.000 Z,Women's AFL/Essendon (W) v Brisbane (W),35926578,HANDICAP,261031733,Handicap,12551709,Brisbane (W),29.5,WINNER,1,122,Essendon (W),v Brisbane (W),-48,37,85,,,,,,,,,,,
2026-08-16 00:00:00.000 Z,Women's AFL/Essendon (W) v Brisbane (W),35926578,HANDICAP,261031733,Handicap,47691799,Essendon (W),30.5,LOSER,0,122,Essendon (W),v Brisbane (W),-48,37,85,1.01,,,1.52,,,1.52,,,,
2026-08-16 00:00:00.000 Z,Women's AFL/Essendon (W) v Brisbane (W),35926578,HANDICAP,261031733,Handicap,12551709,Brisbane (W),30.5,WINNER,1,122,Essendon (W),v Brisbane (W),-48,37,85,,,,,,,,,,,
2026-08-16 00:00:00.000 Z,Women's AFL/Essendon (W) v Brisbane (W),35926578,HANDICAP,261031733,Handicap,47691799,Essendon (W),31.5,LOSER,0,122,Essendon (W),v Brisbane (W),-48,37,85,1.01,,,1.48,,,1.48,,,,
2026-08-16 00:00:00.000 Z,Women's AFL/Essendon (W) v Brisbane (W),35926578,HANDICAP,261031733,Handicap,12551709,Brisbane (W),31.5,WINNER,1,122,Essendon (W),v Brisbane (W),-48,37,85,,,,,,,,,,,
2026-08-16 00:00:00.000 Z,Women's AFL/Essendon (W) v Brisbane (W),35926578,HANDICAP,261031733,Handicap,47691799,Essendon (W),32.5,LOSER,0,122,Essendon (W),v Brisbane (W),-48,37,85,1.43,,,1.44,,,1.44,,,,
2026-08-16 00:00:00.000 Z,Women's AFL/Essendon (W) v Brisbane (W),35926578,HANDICAP,261031733,Handicap,12551709,Brisbane (W),32.5,WINNER,1,122,Essendon (W),v Brisbane (W),-48,37,85,,,,,,,,,,,
2026-08-16 00:00:00.000 Z,Women's AFL/Essendon (W) v Brisbane (W),35926578,HANDICAP,261031733,Handicap,47691799,Essendon (W),33.5,LOSER,0,122,Essendon (W),v Brisbane (W),-48,37,85,1.01,,,1.41,,,1.41,,,,
2026-08-16 00:00:00.000 Z,Women's AFL/Essendon (W) v Brisbane (W),35926578,HANDICAP,261031733,Handicap,12551709,Brisbane (W),33.5,WINNER,1,122,Essendon (W),v Brisbane (W),-48,37,85,,,,,,,,,,,
2026-08-16 00:00:00.000 Z,Women's AFL/Essendon (W) v Brisbane (W),35926578,HANDICAP,261031733,Handicap,47691799,Essendon (W),34.5,LOSER,0,122,Essendon (W),v Brisbane (W),-48,37,85,1.01,,,1.38,,,1.38,,,,
2026-08-16 00:00:00.000 Z,Women's AFL/Essendon (W) v Brisbane (W),35926578,HANDICAP,261031733,Handicap,12551709,Brisbane (W),34.5,WINNER,1,122,Essendon (W),v Brisbane (W),-48,37,85,,,,,,,,,,,
2026-08-16 00:00:00.000 Z,Women's AFL/Essendon (W) v Brisbane (W),35926578,HANDICAP,261031733,Handicap,47691799,Essendon (W),35.5,LOSER,0,122,Essendon (W),v Brisbane (W),-48,37,85,1.01,,,1.35,,,1.35,,,,
2026-08-16 00:00:00.000 Z,Women's AFL/Essendon (W) v Brisbane (W),35926578,HANDICAP,261031733,Handicap,12551709,Brisbane (W),35.5,WINNER,1,122,Essendon (W),v Brisbane (W),-48,37,85,,,,,,,,,,,
2026-08-16 00:00:00.000 Z,Women's AFL/Essendon (W) v Brisbane (W),35926578,HANDICAP,261031733,Handicap,47691799,Essendon (W),36.5,LOSER,0,122,Essendon (W),v Brisbane (W),-48,37,85,1.01,,,1.32,,,1.32,,,,
2026-08-16 00:00:00.000 Z,Women's AFL/Essendon (W) v Brisbane (W),35926578,HANDICAP,261031733,Handicap,12551709,Brisbane (W),36.5,WINNER,1,122,Essendon (W),v Brisbane (W),-48,37,85,,,,,,,,,,,
2026-08-16 00:00:00.000 Z,Women's AFL/Essendon (W) v Brisbane (W),35926578,HANDICAP,261031733,Handicap,47691799,Essendon (W),37.5,LOSER,0,122,Essendon (W),v Brisbane (W),-48,37,85,1.01,,,1.29,,,1.29,,,,
2026-08-16 00:00:00.000 Z,Women's AFL/Essendon (W) v Brisbane (W),35926578,HANDICAP,261031733,Handicap,12551709,Brisbane (W),37.5,WINNER,1,122,Essendon (W),v Brisbane (W),-48,37,85,,,,,,,,,,,
2026-08-16 00:00:00.000 Z,Women's AFL/Essendon (W) v Brisbane (W),35926578,HANDICAP,261031733,Handicap,47691799,Essendon (W),38.5,LOSER,0,122,Essendon (W),v Brisbane (W),-48,37,85,1.26,,,1.26,,,1.26,,,,
2026-08-16 00:00:00.000 Z,Women's AFL/Essendon (W) v Brisbane (W),35926578,HANDICAP,261031733,Handicap,12551709,Brisbane (W),38.5,WINNER,1,122,Essendon (W),v Brisbane (W),-48,37,85,,,,,,,,,,,
2026-08-16 00:00:00.000 Z,Women's AFL/Essendon (W) v Brisbane (W),35926578,HANDICAP,261031733,Handicap,47691799,Essendon (W),39.5,LOSER,0,122,Essendon (W),v Brisbane (W),-48,37,85,1.01,,,1.24,,,1.24,,,,
2026-08-16 00:00:00.000 Z,Women's AFL/Essendon (W) v Brisbane (W),35926578,HANDICAP,261031733,Handicap,12551709,Brisbane (W),39.5,WINNER,1,122,Essendon (W),v Brisbane (W),-48,37,85,,,,,,,,,,,
2026-08-16 00:00:00.000 Z,Women's AFL/Essendon (W) v Brisbane (W),35926578,HANDICAP,261031733,Handicap,47691799,Essendon (W),40.5,LOSER,0,122,Essendon (W),v Brisbane (W),-48,37,85,1.01,,,1.22,,,1.23,,,,
2026-08-16 00:00:00.000 Z,Women's AFL/Essendon (W) v Brisbane (W),35926578,HANDICAP,261031733,Handicap,12551709,Brisbane (W),40.5,WINNER,1,122,Essendon (W),v Brisbane (W),-48,37,85,,,,,,,,,,,
2026-08-16 00:00:00.000 Z,Women's AFL/Essendon (W) v Brisbane (W),35926578,HANDICAP,261031733,Handicap,47691799,Essendon (W),41.5,LOSER,0,122,Essendon (W),v Brisbane (W),-48,37,85,1.01,,,1.2,,,1.21,,,,
2026-08-16 00:00:00.000 Z,Women's AFL/Essendon (W) v Brisbane (W),35926578,HANDICAP,261031733,Handicap,12551709,Brisbane (W),41.5,WINNER,1,122,Essendon (W),v Brisbane (W),-48,37,85,,,,,,,,,,,
2026-08-16 00:00:00.000 Z,Women's AFL/Essendon (W) v Brisbane (W),35926578,HANDICAP,261031733,Handicap,47691799,Essendon (W),42.5,LOSER,0,122,Essendon (W),v Brisbane (W),-48,37,85,1.01,,,1.18,,,1.18,,,,
2026-08-16 00:00:00.000 Z,Women's AFL/Essendon (W) v Brisbane (W),35926578,HANDICAP,261031733,Handicap,12551709,Brisbane (W),42.5,WINNER,1,122,Essendon (W),v Brisbane (W),-48,37,85,,,,,,,,,,,
2026-08-16 00:00:00.000 Z,Women's AFL/Essendon (W) v Brisbane (W),35926578,HANDICAP,261031733,Handicap,47691799,Essendon (W),43.5,LOSER,0,122,Essendon (W),v Brisbane (W),-48,37,85,1.01,,,1.16,,,1.16,,,,
2026-08-16 00:00:00.000 Z,Women's AFL/Essendon (W) v Brisbane (W),35926578,HANDICAP,261031733,Handicap,12551709,Brisbane (W),43.5,WINNER,1,122,Essendon (W),v Brisbane (W),-48,37,85,,,,,,,,,,,
2026-08-16 00:00:00.000 Z,Women's AFL/Essendon (W) v Brisbane (W),35926578,HANDICAP,261031733,Handicap,47691799,Essendon (W),44.5,LOSER,0,122,Essendon (W),v Brisbane (W),-48,37,85,1.01,,,1.14,,,1.14,,,,
2026-08-16 00:00:00.000 Z,Women's AFL/Essendon (W) v Brisbane (W),35926578,HANDICAP,261031733,Handicap,12551709,Brisbane (W),44.5,WINNER,1,122,Essendon (W),v Brisbane (W),-48,37,85,,,,,,,,,,,
2026-08-16 00:00:00.000 Z,Women's AFL/Essendon (W) v Brisbane (W),35926578,HANDICAP,261031733,Handicap,47691799,Essendon (W),45.5,LOSER,0,122,Essendon (W),v Brisbane (W),-48,37,85,1.01,,,1.12,,,1.12,,,,
2026-08-16 00:00:00.000 Z,Women's AFL/Essendon (W) v Brisbane (W),35926578,HANDICAP,261031733,Handicap,12551709,Brisbane (W),45.5,WINNER,1,122,Essendon (W),v Brisbane (W),-48,37,85,,,,,,,,,,,
2026-08-16 00:00:00.000 Z,Women's AFL/Essendon (W) v Brisbane (W),35926578,HANDICAP,261031733,Handicap,47691799,Essendon (W),46.5,LOSER,0,122,Essendon (W),v Brisbane (W),-48,37,85,1.01,,,1.1,,,1.1,,,,
2026-08-16 00:00:00.000 Z,Women's AFL/Essendon (W) v Brisbane (W),35926578,HANDICAP,261031733,Handicap,12551709,Brisbane (W),46.5,WINNER,1,122,Essendon (W),v Brisbane (W),-48,37,85,,,,,,,,,,,
2026-08-16 00:00:00.000 Z,Women's AFL/Essendon (W) v Brisbane (W),35926578,HANDICAP,261031733,Handicap,47691799,Essendon (W),47.5,LOSER,0,122,Essendon (W),v Brisbane (W),-48,37,85,1.01,,,1.09,,,1.09,,,,
2026-08-16 00:00:00.000 Z,Women's AFL/Essendon (W) v Brisbane (W),35926578,HANDICAP,261031733,Handicap,12551709,Brisbane (W),47.5,WINNER,1,122,Essendon (W),v Brisbane (W),-48,37,85,,,,,,,,,,,
2026-08-16 00:00:00.000 Z,Women's AFL/Essendon (W) v Brisbane (W),35926578,HANDICAP,261031733,Handicap,47691799,Essendon (W),48.5,WINNER,1,122,Essendon (W),v Brisbane (W),-48,37,85,1.01,,,1.08,,,1.08,,,,
2026-08-16 00:00:00.000 Z,Women's AFL/Essendon (W) v Brisbane (W),35926578,HANDICAP,261031733,Handicap,12551709,Brisbane (W),48.5,WINNER,1,122,Essendon (W),v Brisbane (W),-48,37,85,,,,,,,,,,,
2026-08-16 00:00:00.000 Z,Women's AFL/Essendon (W) v Brisbane (W),35926578,HANDICAP,261031733,Handicap,47691799,Essendon (W),49.5,WINNER,1,122,Essendon (W),v Brisbane (W),-48,37,85,,,,,,,,,,,
2026-08-16 00:00:00.000 Z,Women's AFL/Essendon (W) v Brisbane (W),35926578,HANDICAP,261031733,Handicap,12551709,Brisbane (W),49.5,WINNER,1,122,Essendon (W),v Brisbane (W),-48,37,85,,,,,,,,,,,
2026-08-16 00:00:00.000 Z,Women's AFL/Essendon (W) v Brisbane (W),35926578,HANDICAP,261031733,Handicap,12551709,Brisbane (W),50.5,WINNER,1,122,Essendon (W),v Brisbane (W),-48,37,85,,,,,,,,,,,
2026-08-16 00:00:00.000 Z,Women's AFL/Essendon (W) v Brisbane (W),35926578,HANDICAP,261031733,Handicap,47691799,Essendon (W),50.5,WINNER,1,122,Essendon (W),v Brisbane (W),-48,37,85,1.01,,,1.06,,,1.06,,,,
2026-08-16 00:00:00.000 Z,Women's AFL/Essendon (W) v Brisbane (W),35926578,HANDICAP,261031733,Handicap,47691799,Essendon (W),51.5,WINNER,1,122,Essendon (W),v Brisbane (W),-48,37,85,1.01,,,1.05,,,1.05,,,,
2026-08-16 00:00:00.000 Z,Women's AFL/Essendon (W) v Brisbane (W),35926578,HANDICAP,261031733,Handicap,12551709,Brisbane (W),51.5,WINNER,1,122,Essendon (W),v Brisbane (W),-48,37,85,,,,,,,,,,,
2026-08-16 00:00:00.000 Z,Women's AFL/Essendon (W) v Brisbane (W),35926578,HANDICAP,261031733,Handicap,12551709,Brisbane (W),52.5,WINNER,1,122,Essendon (W),v Brisbane (W),-48,37,85,,,,,,,,,,,
2026-08-16 00:00:00.000 Z,Women's AFL/Essendon (W) v Brisbane (W),35926578,HANDICAP,261031733,Handicap,47691799,Essendon (W),52.5,WINNER,1,122,Essendon (W),v Brisbane (W),-48,37,85,1.01,,,1.04,,,1.04,,,,
2026-08-16 00:00:00.000 Z,Women's AFL/Essendon (W) v Brisbane (W),35926578,HANDICAP,261031733,Handicap,47691799,Essendon (W),53.5,WINNER,1,122,Essendon (W),v Brisbane (W),-48,37,85,1.01,,,1.03,,,1.03,,,,
2026-08-16 00:00:00.000 Z,Women's AFL/Essendon (W) v Brisbane (W),35926578,HANDICAP,261031733,Handicap,12551709,Brisbane (W),53.5,WINNER,1,122,Essendon (W),v Brisbane (W),-48,37,85,,,,,,,,,,,
2026-08-16 00:00:00.000 Z,Women's AFL/Essendon (W) v Brisbane (W),35926578,HANDICAP,261031733,Handicap,47691799,Essendon (W),54.5,WINNER,1,122,Essendon (W),v Brisbane (W),-48,37,85,1.01,,,1.02,,,1.02,,,,
2026-08-16 00:00:00.000 Z,Women's AFL/Essendon (W) v Brisbane (W),35926578,HANDICAP,261031733,Handicap,12551709,Brisbane (W),54.5,WINNER,1,122,Essendon (W),v Brisbane (W),-48,37,85,,,,,,,,,,,
2026-08-16 00:00:00.000 Z,Women's AFL/Essendon (W) v Brisbane (W),35926578,HANDICAP,261031733,Handicap,12551709,Brisbane (W),55.5,WINNER,1,122,Essendon (W),v Brisbane (W),-48,37,85,,,,,,,,,,,
2026-08-16 00:00:00.000 Z,Women's AFL/Essendon (W) v Brisbane (W),35926578,HANDICAP,261031733,Handicap,47691799,Essendon (W),55.5,WINNER,1,122,Essendon (W),v Brisbane (W),-48,37,85,1.01,,,1.01,,,1.01,,,,
2026-08-16 00:00:00.000 Z,Women's AFL/Essendon (W) v Brisbane (W),35926578,HANDICAP,261031733,Handicap,12551709,Brisbane (W),56.5,WINNER,1,122,Essendon (W),v Brisbane (W),-48,37,85,,,,,,,,,,,
2026-08-16 00:00:00.000 Z,Women's AFL/Essendon (W) v Brisbane (W),35926578,HANDICAP,261031733,Handicap,47691799,Essendon (W),56.5,WINNER,1,122,Essendon (W),v Brisbane (W),-48,37,85,1.01,,,1.01,,,1.01,,,,
2026-08-16 00:00:00.000 Z,Women's AFL/Essendon (W) v Brisbane (W),35926578,HANDICAP,261031733,Handicap,12551709,Brisbane (W),57.5,WINNER,1,122,Essendon (W),v Brisbane (W),-48,37,85,,,,,,,,,,,
2026-08-16 00:00:00.000 Z,Women's AFL/Essendon (W) v Brisbane (W),35926578,HANDICAP,261031733,Handicap,47691799,Essendon (W),57.5,WINNER,1,122,Essendon (W),v Brisbane (W),-48,37,85,1.01,,,1.01,,,1.01,,,,
2026-08-16 00:00:00.000 Z,Women's AFL/Essendon (W) v Brisbane (W),35926578,HANDICAP,261031733,Handicap,47691799,Essendon (W),58.5,WINNER,1,122,Essendon (W),v Brisbane (W),-48,37,85,,,,,,,,,,,
2026-08-16 00:00:00.000 Z,Women's AFL/Essendon (W) v Brisbane (W),35926578,HANDICAP,261031733,Handicap,12551709,Brisbane (W),58.5,WINNER,1,122,Essendon (W),v Brisbane (W),-48,37,85,,,,,,,,,,,
2026-08-16 00:00:00.000 Z,Women's AFL/Essendon (W) v Brisbane (W),35926578,HANDICAP,261031733,Handicap,12551709,Brisbane (W),59.5,WINNER,1,122,Essendon (W),v Brisbane (W),-48,37,85,,,,,,,,,,,
2026-08-16 00:00:00.000 Z,Women's AFL/Essendon (W) v Brisbane (W),35926578,HANDICAP,261031733,Handicap,47691799,Essendon (W),59.5,WINNER,1,122,Essendon (W),v Brisbane (W),-48,37,85,,,,,,,,,,,
2026-08-16 00:00:00.000 Z,Women's AFL/Essendon (W) v Brisbane (W),35926578,MATCH_ODDS,261031732,Match Odds,47691799,Essendon (W),0,LOSER,0,122,Essendon (W),v Brisbane (W),-48,37,85,6.6,11.5,38.5,6.2,11.5,38.5,7.8,10.5,67.6,148.81,11
2026-08-16 00:00:00.000 Z,Women's AFL/Essendon (W) v Brisbane (W),35926578,MATCH_ODDS,261031732,Match Odds,12551709,Brisbane (W),0,WINNER,1,122,Essendon (W),v Brisbane (W),-48,37,85,1.1,1.2,381.88,1.1,1.2,388.32,1.05,1.13,478.14,1737.62,1.1
2026-08-16 00:00:00.000 Z,Women's AFL/Essendon (W) v Brisbane (W),35926578,COMBINED_TOTAL,261031854,Total Points,8435233,Under,20.5,LOSER,0,122,Essendon (W),v Brisbane (W),-48,37,85,1.01,,,1.01,,,1.01,,,,
2026-08-16 00:00:00.000 Z,Women's AFL/Essendon (W) v Brisbane (W),35926578,COMBINED_TOTAL,261031854,Total Points,8435232,Over,20.5,WINNER,1,122,Essendon (W),v Brisbane (W),-48,37,85,,,,,,,,,,,
2026-08-16 00:00:00.000 Z,Women's AFL/Essendon (W) v Brisbane (W),35926578,COMBINED_TOTAL,261031854,Total Points,8435233,Under,21.5,LOSER,0,122,Essendon (W),v Brisbane (W),-48,37,85,1.01,,,1.01,,,1.01,,,,
2026-08-16 00:00:00.000 Z,Women's AFL/Essendon (W) v Brisbane (W),35926578,COMBINED_TOTAL,261031854,Total Points,8435232,Over,21.5,WINNER,1,122,Essendon (W),v Brisbane (W),-48,37,85,,,,,,,,,,,
2026-08-16 00:00:00.000 Z,Women's AFL/Essendon (W) v Brisbane (W),35926578,COMBINED_TOTAL,261031854,Total Points,8435233,Under,22.5,LOSER,0,122,Essendon (W),v Brisbane (W),-48,37,85,1.01,,,1.01,,,1.01,,,,
2026-08-16 00:00:00.000 Z,Women's AFL/Essendon (W) v Brisbane (W),35926578,COMBINED_TOTAL,261031854,Total Points,8435232,Over,22.5,WINNER,1,122,Essendon (W),v Brisbane (W),-48,37,85,,,,,,,,,,,
2026-08-16 00:00:00.000 Z,Women's AFL/Essendon (W) v Brisbane (W),35926578,COMBINED_TOTAL,261031854,Total Points,8435233,Under,23.5,LOSER,0,122,Essendon (W),v Brisbane (W),-48,37,85,1.01,,,1.01,,,1.01,,,,
2026-08-16 00:00:00.000 Z,Women's AFL/Essendon (W) v Brisbane (W),35926578,COMBINED_TOTAL,261031854,Total Points,8435232,Over,23.5,WINNER,1,122,Essendon (W),v Brisbane (W),-48,37,85,,,,,,,,,,,
2026-08-16 00:00:00.000 Z,Women's AFL/Essendon (W) v Brisbane (W),35926578,COMBINED_TOTAL,261031854,Total Points,8435233,Under,24.5,LOSER,0,122,Essendon (W),v Brisbane (W),-48,37,85,1.01,,,1.01,,,1.01,,,,
2026-08-16 00:00:00.000 Z,Women's AFL/Essendon (W) v Brisbane (W),35926578,COMBINED_TOTAL,261031854,Total Points,8435232,Over,24.5,WINNER,1,122,Essendon (W),v Brisbane (W),-48,37,85,,,,,,,,,,,
2026-08-16 00:00:00.000 Z,Women's AFL/Essendon (W) v Brisbane (W),35926578,COMBINED_TOTAL,261031854,Total Points,8435233,Under,25.5,LOSER,0,122,Essendon (W),v Brisbane (W),-48,37,85,1.01,,,1.01,,,1.01,,,,
2026-08-16 00:00:00.000 Z,Women's AFL/Essendon (W) v Brisbane (W),35926578,COMBINED_TOTAL,261031854,Total Points,8435232,Over,25.5,WINNER,1,122,Essendon (W),v Brisbane (W),-48,37,85,,,,,,,,,,,
2026-08-16 00:00:00.000 Z,Women's AFL/Essendon (W) v Brisbane (W),35926578,COMBINED_TOTAL,261031854,Total Points,8435233,Under,26.5,LOSER,0,122,Essendon (W),v Brisbane (W),-48,37,85,1.01,,,1.01,,,1.01,,,,
2026-08-16 00:00:00.000 Z,Women's AFL/Essendon (W) v Brisbane (W),35926578,COMBINED_TOTAL,261031854,Total Points,8435232,Over,26.5,WINNER,1,122,Essendon (W),v Brisbane (W),-48,37,85,,,,,,,,,,,
2026-08-16 00:00:00.000 Z,Women's AFL/Essendon (W) v Brisbane (W),35926578,COMBINED_TOTAL,261031854,Total Points,8435233,Under,27.5,LOSER,0,122,Essendon (W),v Brisbane (W),-48,37,85,1.01,,,1.01,,,1.01,,,,
2026-08-16 00:00:00.000 Z,Women's AFL/Essendon (W) v Brisbane (W),35926578,COMBINED_TOTAL,261031854,Total Points,8435232,Over,27.5,WINNER,1,122,Essendon (W),v Brisbane (W),-48,37,85,,,,,,,,,,,
2026-08-16 00:00:00.000 Z,Women's AFL/Essendon (W) v Brisbane (W),35926578,COMBINED_TOTAL,261031854,Total Points,8435233,Under,28.5,LOSER,0,122,Essendon (W),v Brisbane (W),-48,37,85,1.01,,,1.01,,,1.01,,,,
2026-08-16 00:00:00.000 Z,Women's AFL/Essendon (W) v Brisbane (W),35926578,COMBINED_TOTAL,261031854,Total Points,8435232,Over,28.5,WINNER,1,122,Essendon (W),v Brisbane (W),-48,37,85,,,,,,,,,,,
2026-08-16 00:00:00.000 Z,Women's AFL/Essendon (W) v Brisbane (W),35926578,COMBINED_TOTAL,261031854,Total Points,8435233,Under,29.5,LOSER,0,122,Essendon (W),v Brisbane (W),-48,37,85,1.01,,,1.01,,,1.01,,,,
2026-08-16 00:00:00.000 Z,Women's AFL/Essendon (W) v Brisbane (W),35926578,COMBINED_TOTAL,261031854,Total Points,8435232,Over,29.5,WINNER,1,122,Essendon (W),v Brisbane (W),-48,37,85,,,,,,,,,,,
2026-08-16 00:00:00.000 Z,Women's AFL/Essendon (W) v Brisbane (W),35926578,COMBINED_TOTAL,261031854,Total Points,8435233,Under,30.5,LOSER,0,122,Essendon (W),v Brisbane (W),-48,37,85,1.01,,,1.01,,,1.01,,,,
2026-08-16 00:00:00.000 Z,Women's AFL/Essendon (W) v Brisbane (W),35926578,COMBINED_TOTAL,261031854,Total Points,8435232,Over,30.5,WINNER,1,122,Essendon (W),v Brisbane (W),-48,37,85,,,,,,,,,,,
2026-08-16 00:00:00.000 Z,Women's AFL/Essendon (W) v Brisbane (W),35926578,COMBINED_TOTAL,261031854,Total Points,8435233,Under,31.5,LOSER,0,122,Essendon (W),v Brisbane (W),-48,37,85,1.01,,,1.01,,,1.01,,,,
2026-08-16 00:00:00.000 Z,Women's AFL/Essendon (W) v Brisbane (W),35926578,COMBINED_TOTAL,261031854,Total Points,8435232,Over,31.5,WINNER,1,122,Essendon (W),v Brisbane (W),-48,37,85,,,,,,,,,,,
2026-08-16 00:00:00.000 Z,Women's AFL/Essendon (W) v Brisbane (W),35926578,COMBINED_TOTAL,261031854,Total Points,8435233,Under,32.5,LOSER,0,122,Essendon (W),v Brisbane (W),-48,37,85,1.01,,,1.01,,,1.01,,,,
2026-08-16 00:00:00.000 Z,Women's AFL/Essendon (W) v Brisbane (W),35926578,COMBINED_TOTAL,261031854,Total Points,8435232,Over,32.5,WINNER,1,122,Essendon (W),v Brisbane (W),-48,37,85,,,,,,,,,,,
2026-08-16 00:00:00.000 Z,Women's AFL/Essendon (W) v Brisbane (W),35926578,COMBINED_TOTAL,261031854,Total Points,8435233,Under,33.5,LOSER,0,122,Essendon (W),v Brisbane (W),-48,37,85,1.01,,,1.01,,,1.01,,,,
2026-08-16 00:00:00.000 Z,Women's AFL/Essendon (W) v Brisbane (W),35926578,COMBINED_TOTAL,261031854,Total Points,8435232,Over,33.5,WINNER,1,122,Essendon (W),v Brisbane (W),-48,37,85,,,,,,,,,,,
2026-08-16 00:00:00.000 Z,Women's AFL/Essendon (W) v Brisbane (W),35926578,COMBINED_TOTAL,261031854,Total Points,8435233,Under,34.5,LOSER,0,122,Essendon (W),v Brisbane (W),-48,37,85,1.01,,,1.01,,,1.01,,,,
2026-08-16 00:00:00.000 Z,Women's AFL/Essendon (W) v Brisbane (W),35926578,COMBINED_TOTAL,261031854,Total Points,8435232,Over,34.5,WINNER,1,122,Essendon (W),v Brisbane (W),-48,37,85,,,,,,,,,,,
2026-08-16 00:00:00.000 Z,Women's AFL/Essendon (W) v Brisbane (W),35926578,COMBINED_TOTAL,261031854,Total Points,8435233,Under,35.5,LOSER,0,122,Essendon (W),v Brisbane (W),-48,37,85,1.01,,,1.01,,,1.01,,,,
2026-08-16 00:00:00.000 Z,Women's AFL/Essendon (W) v Brisbane (W),35926578,COMBINED_TOTAL,261031854,Total Points,8435232,Over,35.5,WINNER,1,122,Essendon (W),v Brisbane (W),-48,37,85,,,,,,,,,,,
2026-08-16 00:00:00.000 Z,Women's AFL/Essendon (W) v Brisbane (W),35926578,COMBINED_TOTAL,261031854,Total Points,8435233,Under,36.5,LOSER,0,122,Essendon (W),v Brisbane (W),-48,37,85,1.01,,,1.01,,,1.01,,,,
2026-08-16 00:00:00.000 Z,Women's AFL/Essendon (W) v Brisbane (W),35926578,COMBINED_TOTAL,261031854,Total Points,8435232,Over,36.5,WINNER,1,122,Essendon (W),v Brisbane (W),-48,37,85,,,,,,,,,,,
2026-08-16 00:00:00.000 Z,Women's AFL/Essendon (W) v Brisbane (W),35926578,COMBINED_TOTAL,261031854,Total Points,8435233,Under,37.5,LOSER,0,122,Essendon (W),v Brisbane (W),-48,37,85,1.01,,,1.01,,,1.01,,,,
2026-08-16 00:00:00.000 Z,Women's AFL/Essendon (W) v Brisbane (W),35926578,COMBINED_TOTAL,261031854,Total Points,8435232,Over,37.5,WINNER,1,122,Essendon (W),v Brisbane (W),-48,37,85,,,,,,,,,,,
2026-08-16 00:00:00.000 Z,Women's AFL/Essendon (W) v Brisbane (W),35926578,COMBINED_TOTAL,261031854,Total Points,8435233,Under,38.5,LOSER,0,122,Essendon (W),v Brisbane (W),-48,37,85,1.01,,,1.01,,,1.01,,,,
2026-08-16 00:00:00.000 Z,Women's AFL/Essendon (W) v Brisbane (W),35926578,COMBINED_TOTAL,261031854,Total Points,8435232,Over,38.5,WINNER,1,122,Essendon (W),v Brisbane (W),-48,37,85,,,,,,,,,,,
2026-08-16 00:00:00.000 Z,Women's AFL/Essendon (W) v Brisbane (W),35926578,COMBINED_TOTAL,261031854,Total Points,8435233,Under,39.5,LOSER,0,122,Essendon (W),v Brisbane (W),-48,37,85,1.01,,,1.01,,,1.01,,,,
2026-08-16 00:00:00.000 Z,Women's AFL/Essendon (W) v Brisbane (W),35926578,COMBINED_TOTAL,261031854,Total Points,8435232,Over,39.5,WINNER,1,122,Essendon (W),v Brisbane (W),-48,37,85,,,,,,,,,,,
2026-08-16 00:00:00.000 Z,Women's AFL/Essendon (W) v Brisbane (W),35926578,COMBINED_TOTAL,261031854,Total Points,8435233,Under,40.5,LOSER,0,122,Essendon (W),v Brisbane (W),-48,37,85,1.01,,,1.01,,,1.01,,,,
2026-08-16 00:00:00.000 Z,Women's AFL/Essendon (W) v Brisbane (W),35926578,COMBINED_TOTAL,261031854,Total Points,8435232,Over,40.5,WINNER,1,122,Essendon (W),v Brisbane (W),-48,37,85,,,,,,,,,,,
2026-08-16 00:00:00.000 Z,Women's AFL/Essendon (W) v Brisbane (W),35926578,COMBINED_TOTAL,261031854,Total Points,8435233,Under,41.5,LOSER,0,122,Essendon (W),v Brisbane (W),-48,37,85,1.01,,,1.01,,,1.01,,,,
2026-08-16 00:00:00.000 Z,Women's AFL/Essendon (W) v Brisbane (W),35926578,COMBINED_TOTAL,261031854,Total Points,8435232,Over,41.5,WINNER,1,122,Essendon (W),v Brisbane (W),-48,37,85,,,,,,,,,,,
2026-08-16 00:00:00.000 Z,Women's AFL/Essendon (W) v Brisbane (W),35926578,COMBINED_TOTAL,261031854,Total Points,8435233,Under,42.5,LOSER,0,122,Essendon (W),v Brisbane (W),-48,37,85,1.01,,,1.01,,,1.01,,,,
2026-08-16 00:00:00.000 Z,Women's AFL/Essendon (W) v Brisbane (W),35926578,COMBINED_TOTAL,261031854,Total Points,8435232,Over,42.5,WINNER,1,122,Essendon (W),v Brisbane (W),-48,37,85,,,,,,,,,,,
2026-08-16 00:00:00.000 Z,Women's AFL/Essendon (W) v Brisbane (W),35926578,COMBINED_TOTAL,261031854,Total Points,8435233,Under,43.5,LOSER,0,122,Essendon (W),v Brisbane (W),-48,37,85,1.01,,,1.01,,,1.01,,,,
2026-08-16 00:00:00.000 Z,Women's AFL/Essendon (W) v Brisbane (W),35926578,COMBINED_TOTAL,261031854,Total Points,8435232,Over,43.5,WINNER,1,122,Essendon (W),v Brisbane (W),-48,37,85,,,,,,,,,,,
2026-08-16 00:00:00.000 Z,Women's AFL/Essendon (W) v Brisbane (W),35926578,COMBINED_TOTAL,261031854,Total Points,8435233,Under,44.5,LOSER,0,122,Essendon (W),v Brisbane (W),-48,37,85,1.01,,,1.01,,,1.01,,,,
2026-08-16 00:00:00.000 Z,Women's AFL/Essendon (W) v Brisbane (W),35926578,COMBINED_TOTAL,261031854,Total Points,8435232,Over,44.5,WINNER,1,122,Essendon (W),v Brisbane (W),-48,37,85,,,,,,,,,,,
2026-08-16 00:00:00.000 Z,Women's AFL/Essendon (W) v Brisbane (W),35926578,COMBINED_TOTAL,261031854,Total Points,8435233,Under,45.5,LOSER,0,122,Essendon (W),v Brisbane (W),-48,37,85,1.01,,,1.01,,,1.01,,,,
2026-08-16 00:00:00.000 Z,Women's AFL/Essendon (W) v Brisbane (W),35926578,COMBINED_TOTAL,261031854,Total Points,8435232,Over,45.5,WINNER,1,122,Essendon (W),v Brisbane (W),-48,37,85,,,,,,,,,,,
2026-08-16 00:00:00.000 Z,Women's AFL/Essendon (W) v Brisbane (W),35926578,COMBINED_TOTAL,261031854,Total Points,8435233,Under,46.5,LOSER,0,122,Essendon (W),v Brisbane (W),-48,37,85,1.01,,,1.01,,,1.01,,,,
2026-08-16 00:00:00.000 Z,Women's AFL/Essendon (W) v Brisbane (W),35926578,COMBINED_TOTAL,261031854,Total Points,8435232,Over,46.5,WINNER,1,122,Essendon (W),v Brisbane (W),-48,37,85,,,,,,,,,,,
2026-08-16 00:00:00.000 Z,Women's AFL/Essendon (W) v Brisbane (W),35926578,COMBINED_TOTAL,261031854,Total Points,8435233,Under,47.5,LOSER,0,122,Essendon (W),v Brisbane (W),-48,37,85,1.01,,,1.01,,,1.01,,,,
2026-08-16 00:00:00.000 Z,Women's AFL/Essendon (W) v Brisbane (W),35926578,COMBINED_TOTAL,261031854,Total Points,8435232,Over,47.5,WINNER,1,122,Essendon (W),v Brisbane (W),-48,37,85,,,,,,,,,,,
2026-08-16 00:00:00.000 Z,Women's AFL/Essendon (W) v Brisbane (W),35926578,COMBINED_TOTAL,261031854,Total Points,8435233,Under,48.5,LOSER,0,122,Essendon (W),v Brisbane (W),-48,37,85,1.01,,,1.01,,,1.01,,,,
2026-08-16 00:00:00.000 Z,Women's AFL/Essendon (W) v Brisbane (W),35926578,COMBINED_TOTAL,261031854,Total Points,8435232,Over,48.5,WINNER,1,122,Essendon (W),v Brisbane (W),-48,37,85,,,,,,,,,,,
2026-08-16 00:00:00.000 Z,Women's AFL/Essendon (W) v Brisbane (W),35926578,COMBINED_TOTAL,261031854,Total Points,8435233,Under,49.5,LOSER,0,122,Essendon (W),v Brisbane (W),-48,37,85,1.01,,,1.01,,,1.01,,,,
2026-08-16 00:00:00.000 Z,Women's AFL/Essendon (W) v Brisbane (W),35926578,COMBINED_TOTAL,261031854,Total Points,8435232,Over,49.5,WINNER,1,122,Essendon (W),v Brisbane (W),-48,37,85,,,,,,,,,,,
2026-08-16 00:00:00.000 Z,Women's AFL/Essendon (W) v Brisbane (W),35926578,COMBINED_TOTAL,261031854,Total Points,8435233,Under,50.5,LOSER,0,122,Essendon (W),v Brisbane (W),-48,37,85,1.01,,,1.01,,,1.01,,,,
2026-08-16 00:00:00.000 Z,Women's AFL/Essendon (W) v Brisbane (W),35926578,COMBINED_TOTAL,261031854,Total Points,8435232,Over,50.5,WINNER,1,122,Essendon (W),v Brisbane (W),-48,37,85,,,,,,,,,,,
2026-08-16 00:00:00.000 Z,Women's AFL/Essendon (W) v Brisbane (W),35926578,COMBINED_TOTAL,261031854,Total Points,8435233,Under,51.5,LOSER,0,122,Essendon (W),v Brisbane (W),-48,37,85,1.01,,,1.01,,,1.01,,,,
2026-08-16 00:00:00.000 Z,Women's AFL/Essendon (W) v Brisbane (W),35926578,COMBINED_TOTAL,261031854,Total Points,8435232,Over,51.5,WINNER,1,122,Essendon (W),v Brisbane (W),-48,37,85,,,,,,,,,,,
2026-08-16 00:00:00.000 Z,Women's AFL/Essendon (W) v Brisbane (W),35926578,COMBINED_TOTAL,261031854,Total Points,8435233,Under,52.5,LOSER,0,122,Essendon (W),v Brisbane (W),-48,37,85,1.01,,,1.01,,,1.01,,,,
2026-08-16 00:00:00.000 Z,Women's AFL/Essendon (W) v Brisbane (W),35926578,COMBINED_TOTAL,261031854,Total Points,8435232,Over,52.5,WINNER,1,122,Essendon (W),v Brisbane (W),-48,37,85,,,,,,,,,,,
2026-08-16 00:00:00.000 Z,Women's AFL/Essendon (W) v Brisbane (W),35926578,COMBINED_TOTAL,261031854,Total Points,8435233,Under,53.5,LOSER,0,122,Essendon (W),v Brisbane (W),-48,37,85,1.01,,,1.01,,,1.01,,,,
2026-08-16 00:00:00.000 Z,Women's AFL/Essendon (W) v Brisbane (W),35926578,COMBINED_TOTAL,261031854,Total Points,8435232,Over,53.5,WINNER,1,122,Essendon (W),v Brisbane (W),-48,37,85,,,,,,,,,,,
2026-08-16 00:00:00.000 Z,Women's AFL/Essendon (W) v Brisbane (W),35926578,COMBINED_TOTAL,261031854,Total Points,8435233,Under,54.5,LOSER,0,122,Essendon (W),v Brisbane (W),-48,37,85,1.01,,,1.01,,,1.01,,,,
2026-08-16 00:00:00.000 Z,Women's AFL/Essendon (W) v Brisbane (W),35926578,COMBINED_TOTAL,261031854,Total Points,8435232,Over,54.5,WINNER,1,122,Essendon (W),v Brisbane (W),-48,37,85,,,,,,,,,,,
2026-08-16 00:00:00.000 Z,Women's AFL/Essendon (W) v Brisbane (W),35926578,COMBINED_TOTAL,261031854,Total Points,8435233,Under,55.5,LOSER,0,122,Essendon (W),v Brisbane (W),-48,37,85,1.01,,,1.01,,,1.01,,,,
2026-08-16 00:00:00.000 Z,Women's AFL/Essendon (W) v Brisbane (W),35926578,COMBINED_TOTAL,261031854,Total Points,8435232,Over,55.5,WINNER,1,122,Essendon (W),v Brisbane (W),-48,37,85,,,,,,,,,,,
2026-08-16 00:00:00.000 Z,Women's AFL/Essendon (W) v Brisbane (W),35926578,COMBINED_TOTAL,261031854,Total Points,8435233,Under,56.5,LOSER,0,122,Essendon (W),v Brisbane (W),-48,37,85,1.01,,,1.01,,,1.01,,,,
2026-08-16 00:00:00.000 Z,Women's AFL/Essendon (W) v Brisbane (W),35926578,COMBINED_TOTAL,261031854,Total Points,8435232,Over,56.5,WINNER,1,122,Essendon (W),v Brisbane (W),-48,37,85,,,,,,,,,,,
2026-08-16 00:00:00.000 Z,Women's AFL/Essendon (W) v Brisbane (W),35926578,COMBINED_TOTAL,261031854,Total Points,8435233,Under,57.5,LOSER,0,122,Essendon (W),v Brisbane (W),-48,37,85,1.01,,,1.01,,,1.01,,,,
2026-08-16 00:00:00.000 Z,Women's AFL/Essendon (W) v Brisbane (W),35926578,COMBINED_TOTAL,261031854,Total Points,8435232,Over,57.5,WINNER,1,122,Essendon (W),v Brisbane (W),-48,37,85,,,,,,,,,,,
2026-08-16 00:00:00.000 Z,Women's AFL/Essendon (W) v Brisbane (W),35926578,COMBINED_TOTAL,261031854,Total Points,8435233,Under,58.5,LOSER,0,122,Essendon (W),v Brisbane (W),-48,37,85,1.01,,,1.01,,,1.01,,,,
2026-08-16 00:00:00.000 Z,Women's AFL/Essendon (W) v Brisbane (W),35926578,COMBINED_TOTAL,261031854,Total Points,8435232,Over,58.5,WINNER,1,122,Essendon (W),v Brisbane (W),-48,37,85,,,,,,,,,,,
2026-08-16 00:00:00.000 Z,Women's AFL/Essendon (W) v Brisbane (W),35926578,COMBINED_TOTAL,261031854,Total Points,8435233,Under,59.5,LOSER,0,122,Essendon (W),v Brisbane (W),-48,37,85,1.01,,,1.01,,,1.01,,,,
2026-08-16 00:00:00.000 Z,Women's AFL/Essendon (W) v Brisbane (W),35926578,COMBINED_TOTAL,261031854,Total Points,8435232,Over,59.5,WINNER,1,122,Essendon (W),v Brisbane (W),-48,37,85,,,,,,,,,,,
2026-08-16 00:00:00.000 Z,Women's AFL/Essendon (W) v Brisbane (W),35926578,COMBINED_TOTAL,261031854,Total Points,8435233,Under,60.5,LOSER,0,122,Essendon (W),v Brisbane (W),-48,37,85,,,,,,,,,,,
2026-08-16 00:00:00.000 Z,Women's AFL/Essendon (W) v Brisbane (W),35926578,COMBINED_TOTAL,261031854,Total Points,8435232,Over,60.5,WINNER,1,122,Essendon (W),v Brisbane (W),-48,37,85,,,,,,,,,,,
2026-08-16 00:00:00.000 Z,Women's AFL/Essendon (W) v Brisbane (W),35926578,COMBINED_TOTAL,261031854,Total Points,8435233,Under,61.5,LOSER,0,122,Essendon (W),v Brisbane (W),-48,37,85,1.01,,,1.01,,,1.01,,,,
2026-08-16 00:00:00.000 Z,Women's AFL/Essendon (W) v Brisbane (W),35926578,COMBINED_TOTAL,261031854,Total Points,8435232,Over,61.5,WINNER,1,122,Essendon (W),v Brisbane (W),-48,37,85,,,,,,,,,,,
2026-08-16 00:00:00.000 Z,Women's AFL/Essendon (W) v Brisbane (W),35926578,COMBINED_TOTAL,261031854,Total Points,8435233,Under,62.5,LOSER,0,122,Essendon (W),v Brisbane (W),-48,37,85,1.01,,,1.01,,,1.01,,,,
2026-08-16 00:00:00.000 Z,Women's AFL/Essendon (W) v Brisbane (W),35926578,COMBINED_TOTAL,261031854,Total Points,8435232,Over,62.5,WINNER,1,122,Essendon (W),v Brisbane (W),-48,37,85,,,,1.01,,,1.01,,,,
2026-08-16 00:00:00.000 Z,Women's AFL/Essendon (W) v Brisbane (W),35926578,COMBINED_TOTAL,261031854,Total Points,8435233,Under,63.5,LOSER,0,122,Essendon (W),v Brisbane (W),-48,37,85,1.01,,,1.01,,,1.01,,,,
2026-08-16 00:00:00.000 Z,Women's AFL/Essendon (W) v Brisbane (W),35926578,COMBINED_TOTAL,261031854,Total Points,8435232,Over,63.5,WINNER,1,122,Essendon (W),v Brisbane (W),-48,37,85,,,,1.02,,,1.02,,,,
2026-08-16 00:00:00.000 Z,Women's AFL/Essendon (W) v Brisbane (W),35926578,COMBINED_TOTAL,261031854,Total Points,8435233,Under,64.5,LOSER,0,122,Essendon (W),v Brisbane (W),-48,37,85,1.01,,,1.01,,,1.01,,,,
2026-08-16 00:00:00.000 Z,Women's AFL/Essendon (W) v Brisbane (W),35926578,COMBINED_TOTAL,261031854,Total Points,8435232,Over,64.5,WINNER,1,122,Essendon (W),v Brisbane (W),-48,37,85,,,,1.03,,,1.03,,,,
2026-08-16 00:00:00.000 Z,Women's AFL/Essendon (W) v Brisbane (W),35926578,COMBINED_TOTAL,261031854,Total Points,8435233,Under,65.5,LOSER,0,122,Essendon (W),v Brisbane (W),-48,37,85,1.01,,,1.01,,,1.01,,,,
2026-08-16 00:00:00.000 Z,Women's AFL/Essendon (W) v Brisbane (W),35926578,COMBINED_TOTAL,261031854,Total Points,8435232,Over,65.5,WINNER,1,122,Essendon (W),v Brisbane (W),-48,37,85,,,,1.04,,,1.04,,,,
2026-08-16 00:00:00.000 Z,Women's AFL/Essendon (W) v Brisbane (W),35926578,COMBINED_TOTAL,261031854,Total Points,8435233,Under,66.5,LOSER,0,122,Essendon (W),v Brisbane (W),-48,37,85,1.01,,,1.01,,,1.01,,,,
2026-08-16 00:00:00.000 Z,Women's AFL/Essendon (W) v Brisbane (W),35926578,COMBINED_TOTAL,261031854,Total Points,8435232,Over,66.5,WINNER,1,122,Essendon (W),v Brisbane (W),-48,37,85,,,,1.05,,,1.05,,,,
2026-08-16 00:00:00.000 Z,Women's AFL/Essendon (W) v Brisbane (W),35926578,COMBINED_TOTAL,261031854,Total Points,8435233,Under,67.5,LOSER,0,122,Essendon (W),v Brisbane (W),-48,37,85,1.01,,,1.01,,,1.01,,,,
2026-08-16 00:00:00.000 Z,Women's AFL/Essendon (W) v Brisbane (W),35926578,COMBINED_TOTAL,261031854,Total Points,8435232,Over,67.5,WINNER,1,122,Essendon (W),v Brisbane (W),-48,37,85,,,,1.06,,,1.06,,,,
2026-08-16 00:00:00.000 Z,Women's AFL/Essendon (W) v Brisbane (W),35926578,COMBINED_TOTAL,261031854,Total Points,8435233,Under,68.5,LOSER,0,122,Essendon (W),v Brisbane (W),-48,37,85,1.01,,,1.01,,,1.01,,,,
2026-08-16 00:00:00.000 Z,Women's AFL/Essendon (W) v Brisbane (W),35926578,COMBINED_TOTAL,261031854,Total Points,8435232,Over,68.5,WINNER,1,122,Essendon (W),v Brisbane (W),-48,37,85,,,,1.07,,,1.07,,,,
2026-08-16 00:00:00.000 Z,Women's AFL/Essendon (W) v Brisbane (W),35926578,COMBINED_TOTAL,261031854,Total Points,8435233,Under,69.5,LOSER,0,122,Essendon (W),v Brisbane (W),-48,37,85,1.01,,,1.01,,,1.01,,,,
2026-08-16 00:00:00.000 Z,Women's AFL/Essendon (W) v Brisbane (W),35926578,COMBINED_TOTAL,261031854,Total Points,8435232,Over,69.5,WINNER,1,122,Essendon (W),v Brisbane (W),-48,37,85,,,,1.08,,,1.08,,,,
2026-08-16 00:00:00.000 Z,Women's AFL/Essendon (W) v Brisbane (W),35926578,COMBINED_TOTAL,261031854,Total Points,8435233,Under,70.5,LOSER,0,122,Essendon (W),v Brisbane (W),-48,37,85,1.01,,,1.01,,,1.01,,,,
2026-08-16 00:00:00.000 Z,Women's AFL/Essendon (W) v Brisbane (W),35926578,COMBINED_TOTAL,261031854,Total Points,8435232,Over,70.5,WINNER,1,122,Essendon (W),v Brisbane (W),-48,37,85,,,,1.09,,,1.09,,,,
2026-08-16 00:00:00.000 Z,Women's AFL/Essendon (W) v Brisbane (W),35926578,COMBINED_TOTAL,261031854,Total Points,8435233,Under,71.5,LOSER,0,122,Essendon (W),v Brisbane (W),-48,37,85,1.01,,,1.01,,,1.01,,,,
2026-08-16 00:00:00.000 Z,Women's AFL/Essendon (W) v Brisbane (W),35926578,COMBINED_TOTAL,261031854,Total Points,8435232,Over,71.5,WINNER,1,122,Essendon (W),v Brisbane (W),-48,37,85,,,,1.1,,,1.1,,,,
2026-08-16 00:00:00.000 Z,Women's AFL/Essendon (W) v Brisbane (W),35926578,COMBINED_TOTAL,261031854,Total Points,8435233,Under,72.5,LOSER,0,122,Essendon (W),v Brisbane (W),-48,37,85,1.01,,,1.01,,,1.01,,,,
2026-08-16 00:00:00.000 Z,Women's AFL/Essendon (W) v Brisbane (W),35926578,COMBINED_TOTAL,261031854,Total Points,8435232,Over,72.5,WINNER,1,122,Essendon (W),v Brisbane (W),-48,37,85,,,,1.11,,,1.11,,,,
2026-08-16 00:00:00.000 Z,Women's AFL/Essendon (W) v Brisbane (W),35926578,COMBINED_TOTAL,261031854,Total Points,8435233,Under,73.5,LOSER,0,122,Essendon (W),v Brisbane (W),-48,37,85,1.01,,,1.01,,,1.01,,,,
2026-08-16 00:00:00.000 Z,Women's AFL/Essendon (W) v Brisbane (W),35926578,COMBINED_TOTAL,261031854,Total Points,8435232,Over,73.5,WINNER,1,122,Essendon (W),v Brisbane (W),-48,37,85,,,,1.12,,,1.12,,,,
2026-08-16 00:00:00.000 Z,Women's AFL/Essendon (W) v Brisbane (W),35926578,COMBINED_TOTAL,261031854,Total Points,8435233,Under,74.5,LOSER,0,122,Essendon (W),v Brisbane (W),-48,37,85,1.01,,,1.01,,,1.01,,,,
2026-08-16 00:00:00.000 Z,Women's AFL/Essendon (W) v Brisbane (W),35926578,COMBINED_TOTAL,261031854,Total Points,8435232,Over,74.5,WINNER,1,122,Essendon (W),v Brisbane (W),-48,37,85,,,,1.13,,,1.13,,,,
2026-08-16 00:00:00.000 Z,Women's AFL/Essendon (W) v Brisbane (W),35926578,COMBINED_TOTAL,261031854,Total Points,8435233,Under,75.5,LOSER,0,122,Essendon (W),v Brisbane (W),-48,37,85,1.01,,,1.01,,,1.01,,,,
2026-08-16 00:00:00.000 Z,Women's AFL/Essendon (W) v Brisbane (W),35926578,COMBINED_TOTAL,261031854,Total Points,8435232,Over,75.5,WINNER,1,122,Essendon (W),v Brisbane (W),-48,37,85,,,,1.14,,,1.14,,,,
2026-08-16 00:00:00.000 Z,Women's AFL/Essendon (W) v Brisbane (W),35926578,COMBINED_TOTAL,261031854,Total Points,8435233,Under,76.5,LOSER,0,122,Essendon (W),v Brisbane (W),-48,37,85,1.01,,,1.01,,,1.01,,,,
2026-08-16 00:00:00.000 Z,Women's AFL/Essendon (W) v Brisbane (W),35926578,COMBINED_TOTAL,261031854,Total Points,8435232,Over,76.5,WINNER,1,122,Essendon (W),v Brisbane (W),-48,37,85,,,,1.16,,,1.16,,,,
2026-08-16 00:00:00.000 Z,Women's AFL/Essendon (W) v Brisbane (W),35926578,COMBINED_TOTAL,261031854,Total Points,8435233,Under,77.5,LOSER,0,122,Essendon (W),v Brisbane (W),-48,37,85,1.01,,,1.01,,,1.01,,,,
2026-08-16 00:00:00.000 Z,Women's AFL/Essendon (W) v Brisbane (W),35926578,COMBINED_TOTAL,261031854,Total Points,8435232,Over,77.5,WINNER,1,122,Essendon (W),v Brisbane (W),-48,37,85,,,,1.18,,,1.18,,,,
2026-08-16 00:00:00.000 Z,Women's AFL/Essendon (W) v Brisbane (W),35926578,COMBINED_TOTAL,261031854,Total Points,8435233,Under,78.5,LOSER,0,122,Essendon (W),v Brisbane (W),-48,37,85,1.01,,,1.01,,,1.01,,,,
2026-08-16 00:00:00.000 Z,Women's AFL/Essendon (W) v Brisbane (W),35926578,COMBINED_TOTAL,261031854,Total Points,8435232,Over,78.5,WINNER,1,122,Essendon (W),v Brisbane (W),-48,37,85,,,,1.2,,,1.21,,,,
2026-08-16 00:00:00.000 Z,Women's AFL/Essendon (W) v Brisbane (W),35926578,COMBINED_TOTAL,261031854,Total Points,8435233,Under,79.5,LOSER,0,122,Essendon (W),v Brisbane (W),-48,37,85,1.01,,,1.01,,,1.01,,,,
2026-08-16 00:00:00.000 Z,Women's AFL/Essendon (W) v Brisbane (W),35926578,COMBINED_TOTAL,261031854,Total Points,8435232,Over,79.5,WINNER,1,122,Essendon (W),v Brisbane (W),-48,37,85,,,,1.22,,,1.23,,,,
2026-08-16 00:00:00.000 Z,Women's AFL/Essendon (W) v Brisbane (W),35926578,COMBINED_TOTAL,261031854,Total Points,8435233,Under,80.5,LOSER,0,122,Essendon (W),v Brisbane (W),-48,37,85,1.01,,,1.01,,,1.01,,,,
2026-08-16 00:00:00.000 Z,Women's AFL/Essendon (W) v Brisbane (W),35926578,COMBINED_TOTAL,261031854,Total Points,8435232,Over,80.5,WINNER,1,122,Essendon (W),v Brisbane (W),-48,37,85,,,,1.24,,,1.24,,,,
2026-08-16 00:00:00.000 Z,Women's AFL/Essendon (W) v Brisbane (W),35926578,COMBINED_TOTAL,261031854,Total Points,8435233,Under,81.5,LOSER,0,122,Essendon (W),v Brisbane (W),-48,37,85,1.01,,,1.01,,,1.01,,,,
2026-08-16 00:00:00.000 Z,Women's AFL/Essendon (W) v Brisbane (W),35926578,COMBINED_TOTAL,261031854,Total Points,8435232,Over,81.5,WINNER,1,122,Essendon (W),v Brisbane (W),-48,37,85,,,,1.26,,,1.26,,,,
2026-08-16 00:00:00.000 Z,Women's AFL/Essendon (W) v Brisbane (W),35926578,COMBINED_TOTAL,261031854,Total Points,8435233,Under,82.5,LOSER,0,122,Essendon (W),v Brisbane (W),-48,37,85,2.04,,,2.04,,,2.06,,,,
2026-08-16 00:00:00.000 Z,Women's AFL/Essendon (W) v Brisbane (W),35926578,COMBINED_TOTAL,261031854,Total Points,8435232,Over,82.5,WINNER,1,122,Essendon (W),v Brisbane (W),-48,37,85,,,,1.28,,,1.28,,,,
2026-08-16 00:00:00.000 Z,Women's AFL/Essendon (W) v Brisbane (W),35926578,COMBINED_TOTAL,261031854,Total Points,8435233,Under,83.5,LOSER,0,122,Essendon (W),v Brisbane (W),-48,37,85,1.01,,,1.01,,,1.01,,,,
2026-08-16 00:00:00.000 Z,Women's AFL/Essendon (W) v Brisbane (W),35926578,COMBINED_TOTAL,261031854,Total Points,8435232,Over,83.5,WINNER,1,122,Essendon (W),v Brisbane (W),-48,37,85,,,,1.31,,,1.31,,,,
2026-08-16 00:00:00.000 Z,Women's AFL/Essendon (W) v Brisbane (W),35926578,COMBINED_TOTAL,261031854,Total Points,8435233,Under,84.5,LOSER,0,122,Essendon (W),v Brisbane (W),-48,37,85,1.01,,,1.01,,,1.01,,,,
2026-08-16 00:00:00.000 Z,Women's AFL/Essendon (W) v Brisbane (W),35926578,COMBINED_TOTAL,261031854,Total Points,8435232,Over,84.5,WINNER,1,122,Essendon (W),v Brisbane (W),-48,37,85,,,,1.34,,,1.34,,,,
2026-08-16 00:00:00.000 Z,Women's AFL/Essendon (W) v Brisbane (W),35926578,COMBINED_TOTAL,261031854,Total Points,8435233,Under,85.5,LOSER,0,122,Essendon (W),v Brisbane (W),-48,37,85,1.01,,,1.01,,,1.01,,,,
2026-08-16 00:00:00.000 Z,Women's AFL/Essendon (W) v Brisbane (W),35926578,COMBINED_TOTAL,261031854,Total Points,8435232,Over,85.5,WINNER,1,122,Essendon (W),v Brisbane (W),-48,37,85,,,,1.37,,,1.37,,,,
2026-08-16 00:00:00.000 Z,Women's AFL/Essendon (W) v Brisbane (W),35926578,COMBINED_TOTAL,261031854,Total Points,8435233,Under,86.5,LOSER,0,122,Essendon (W),v Brisbane (W),-48,37,85,1.01,,,1.01,,,1.01,,,,
2026-08-16 00:00:00.000 Z,Women's AFL/Essendon (W) v Brisbane (W),35926578,COMBINED_TOTAL,261031854,Total Points,8435232,Over,86.5,WINNER,1,122,Essendon (W),v Brisbane (W),-48,37,85,,,,1.4,,,1.4,,,,
2026-08-16 00:00:00.000 Z,Women's AFL/Essendon (W) v Brisbane (W),35926578,COMBINED_TOTAL,261031854,Total Points,8435233,Under,87.5,LOSER,0,122,Essendon (W),v Brisbane (W),-48,37,85,1.01,,,1.01,,,1.01,,,,
2026-08-16 00:00:00.000 Z,Women's AFL/Essendon (W) v Brisbane (W),35926578,COMBINED_TOTAL,261031854,Total Points,8435232,Over,87.5,WINNER,1,122,Essendon (W),v Brisbane (W),-48,37,85,,,,1.44,,,1.44,,,,
2026-08-16 00:00:00.000 Z,Women's AFL/Essendon (W) v Brisbane (W),35926578,COMBINED_TOTAL,261031854,Total Points,8435233,Under,88.5,LOSER,0,122,Essendon (W),v Brisbane (W),-48,37,85,1.01,,,1.01,,,1.01,,,,
2026-08-16 00:00:00.000 Z,Women's AFL/Essendon (W) v Brisbane (W),35926578,COMBINED_TOTAL,261031854,Total Points,8435232,Over,88.5,WINNER,1,122,Essendon (W),v Brisbane (W),-48,37,85,,,,1.48,,,1.48,,,,
2026-08-16 00:00:00.000 Z,Women's AFL/Essendon (W) v Brisbane (W),35926578,COMBINED_TOTAL,261031854,Total Points,8435233,Under,89.5,LOSER,0,122,Essendon (W),v Brisbane (W),-48,37,85,1.01,,,1.01,,,1.01,,,,
2026-08-16 00:00:00.000 Z,Women's AFL/Essendon (W) v Brisbane (W),35926578,COMBINED_TOTAL,261031854,Total Points,8435232,Over,89.5,WINNER,1,122,Essendon (W),v Brisbane (W),-48,37,85,,,,1.52,,,1.52,,,,
2026-08-16 00:00:00.000 Z,Women's AFL/Essendon (W) v Brisbane (W),35926578,COMBINED_TOTAL,261031854,Total Points,8435233,Under,90.5,LOSER,0,122,Essendon (W),v Brisbane (W),-48,37,85,1.01,,,1.01,,,1.01,,,,
2026-08-16 00:00:00.000 Z,Women's AFL/Essendon (W) v Brisbane (W),35926578,COMBINED_TOTAL,261031854,Total Points,8435232,Over,90.5,WINNER,1,122,Essendon (W),v Brisbane (W),-48,37,85,1.98,,,1.98,,1539,1.98,,1539,1539,1.98
2026-08-16 00:00:00.000 Z,Women's AFL/Essendon (W) v Brisbane (W),35926578,COMBINED_TOTAL,261031854,Total Points,8435233,Under,91.5,LOSER,0,122,Essendon (W),v Brisbane (W),-48,37,85,1.62,,,1.62,,,1.62,,,,
2026-08-16 00:00:00.000 Z,Women's AFL/Essendon (W) v Brisbane (W),35926578,COMBINED_TOTAL,261031854,Total Points,8435232,Over,91.5,WINNER,1,122,Essendon (W),v Brisbane (W),-48,37,85,,,,1.92,,,1.93,,41,41,1.96
2026-08-16 00:00:00.000 Z,Women's AFL/Essendon (W) v Brisbane (W),35926578,COMBINED_TOTAL,261031854,Total Points,8435233,Under,92.5,LOSER,0,122,Essendon (W),v Brisbane (W),-48,37,85,1.61,,,1.61,,,1.61,1.81,279.62,537.62,1.81
2026-08-16 00:00:00.000 Z,Women's AFL/Essendon (W) v Brisbane (W),35926578,COMBINED_TOTAL,261031854,Total Points,8435232,Over,92.5,WINNER,1,122,Essendon (W),v Brisbane (W),-48,37,85,,,,2.04,,408,2.06,,408,408,2.04
2026-08-16 00:00:00.000 Z,Women's AFL/Essendon (W) v Brisbane (W),35926578,COMBINED_TOTAL,261031854,Total Points,8435233,Under,93.5,LOSER,0,122,Essendon (W),v Brisbane (W),-48,37,85,1.6,,2.2,,,32.2,,,32.2,32.2,1.6
2026-08-16 00:00:00.000 Z,Women's AFL/Essendon (W) v Brisbane (W),35926578,COMBINED_TOTAL,261031854,Total Points,8435232,Over,93.5,WINNER,1,122,Essendon (W),v Brisbane (W),-48,37,85,,,,,,,,,,,
2026-08-16 00:00:00.000 Z,Women's AFL/Essendon (W) v Brisbane (W),35926578,COMBINED_TOTAL,261031854,Total Points,8435233,Under,94.5,LOSER,0,122,Essendon (W),v Brisbane (W),-48,37,85,1.59,,,1.59,,6,1.59,,6,6,1.59
2026-08-16 00:00:00.000 Z,Women's AFL/Essendon (W) v Brisbane (W),35926578,COMBINED_TOTAL,261031854,Total Points,8435232,Over,94.5,WINNER,1,122,Essendon (W),v Brisbane (W),-48,37,85,,,,1.62,,,1.62,,,,
2026-08-16 00:00:00.000 Z,Women's AFL/Essendon (W) v Brisbane (W),35926578,COMBINED_TOTAL,261031854,Total Points,8435233,Under,95.5,LOSER,0,122,Essendon (W),v Brisbane (W),-48,37,85,1.58,,,1.58,,,1.58,,,,
2026-08-16 00:00:00.000 Z,Women's AFL/Essendon (W) v Brisbane (W),35926578,COMBINED_TOTAL,261031854,Total Points,8435232,Over,95.5,WINNER,1,122,Essendon (W),v Brisbane (W),-48,37,85,,,,,,,,,,,
2026-08-16 00:00:00.000 Z,Women's AFL/Essendon (W) v Brisbane (W),35926578,COMBINED_TOTAL,261031854,Total Points,8435233,Under,96.5,LOSER,0,122,Essendon (W),v Brisbane (W),-48,37,85,1.54,,,1.54,,,1.54,,,,
2026-08-16 00:00:00.000 Z,Women's AFL/Essendon (W) v Brisbane (W),35926578,COMBINED_TOTAL,261031854,Total Points,8435232,Over,96.5,WINNER,1,122,Essendon (W),v Brisbane (W),-48,37,85,,,,,,,,,,,
2026-08-16 00:00:00.000 Z,Women's AFL/Essendon (W) v Brisbane (W),35926578,COMBINED_TOTAL,261031854,Total Points,8435233,Under,97.5,LOSER,0,122,Essendon (W),v Brisbane (W),-48,37,85,1.5,,,1.5,,,1.5,,,,
2026-08-16 00:00:00.000 Z,Women's AFL/Essendon (W) v Brisbane (W),35926578,COMBINED_TOTAL,261031854,Total Points,8435232,Over,97.5,WINNER,1,122,Essendon (W),v Brisbane (W),-48,37,85,,,,,,,,,,,
2026-08-16 00:00:00.000 Z,Women's AFL/Essendon (W) v Brisbane (W),35926578,COMBINED_TOTAL,261031854,Total Points,8435233,Under,98.5,LOSER,0,122,Essendon (W),v Brisbane (W),-48,37,85,1.46,,,1.46,,,1.46,,,,
2026-08-16 00:00:00.000 Z,Women's AFL/Essendon (W) v Brisbane (W),35926578,COMBINED_TOTAL,261031854,Total Points,8435232,Over,98.5,WINNER,1,122,Essendon (W),v Brisbane (W),-48,37,85,,,,,,,,,,,
2026-08-16 00:00:00.000 Z,Women's AFL/Essendon (W) v Brisbane (W),35926578,COMBINED_TOTAL,261031854,Total Points,8435233,Under,99.5,LOSER,0,122,Essendon (W),v Brisbane (W),-48,37,85,1.43,,,1.43,,,1.43,,,,
2026-08-16 00:00:00.000 Z,Women's AFL/Essendon (W) v Brisbane (W),35926578,COMBINED_TOTAL,261031854,Total Points,8435232,Over,99.5,WINNER,1,122,Essendon (W),v Brisbane (W),-48,37,85,,,,,,,,,,,
2026-08-16 00:00:00.000 Z,Women's AFL/Essendon (W) v Brisbane (W),35926578,COMBINED_TOTAL,261031854,Total Points,8435233,Under,100.5,LOSER,0,122,Essendon (W),v Brisbane (W),-48,37,85,1.4,,,1.4,,,1.4,,,,
2026-08-16 00:00:00.000 Z,Women's AFL/Essendon (W) v Brisbane (W),35926578,COMBINED_TOTAL,261031854,Total Points,8435232,Over,100.5,WINNER,1,122,Essendon (W),v Brisbane (W),-48,37,85,,,,,,,,,,,
2026-08-16 00:00:00.000 Z,Women's AFL/Essendon (W) v Brisbane (W),35926578,COMBINED_TOTAL,261031854,Total Points,8435233,Under,101.5,LOSER,0,122,Essendon (W),v Brisbane (W),-48,37,85,1.37,,,1.37,,,1.37,,,,
2026-08-16 00:00:00.000 Z,Women's AFL/Essendon (W) v Brisbane (W),35926578,COMBINED_TOTAL,261031854,Total Points,8435232,Over,101.5,WINNER,1,122,Essendon (W),v Brisbane (W),-48,37,85,,,,,,,,,,,
2026-08-16 00:00:00.000 Z,Women's AFL/Essendon (W) v Brisbane (W),35926578,COMBINED_TOTAL,261031854,Total Points,8435233,Under,102.5,LOSER,0,122,Essendon (W),v Brisbane (W),-48,37,85,1.34,,,1.34,,,1.34,,,,
2026-08-16 00:00:00.000 Z,Women's AFL/Essendon (W) v Brisbane (W),35926578,COMBINED_TOTAL,261031854,Total Points,8435232,Over,102.5,WINNER,1,122,Essendon (W),v Brisbane (W),-48,37,85,,,,,,,,,,,
2026-08-16 00:00:00.000 Z,Women's AFL/Essendon (W) v Brisbane (W),35926578,COMBINED_TOTAL,261031854,Total Points,8435233,Under,103.5,LOSER,0,122,Essendon (W),v Brisbane (W),-48,37,85,1.31,,,1.31,,,1.31,,,,
2026-08-16 00:00:00.000 Z,Women's AFL/Essendon (W) v Brisbane (W),35926578,COMBINED_TOTAL,261031854,Total Points,8435232,Over,103.5,WINNER,1,122,Essendon (W),v Brisbane (W),-48,37,85,,,,,,,,,,,
2026-08-16 00:00:00.000 Z,Women's AFL/Essendon (W) v Brisbane (W),35926578,COMBINED_TOTAL,261031854,Total Points,8435233,Under,104.5,LOSER,0,122,Essendon (W),v Brisbane (W),-48,37,85,1.28,,,1.28,,,1.28,,,,
2026-08-16 00:00:00.000 Z,Women's AFL/Essendon (W) v Brisbane (W),35926578,COMBINED_TOTAL,261031854,Total Points,8435232,Over,104.5,WINNER,1,122,Essendon (W),v Brisbane (W),-48,37,85,,,,,,,,,,,
2026-08-16 00:00:00.000 Z,Women's AFL/Essendon (W) v Brisbane (W),35926578,COMBINED_TOTAL,261031854,Total Points,8435233,Under,105.5,LOSER,0,122,Essendon (W),v Brisbane (W),-48,37,85,1.26,,,1.26,,,1.26,,,,
2026-08-16 00:00:00.000 Z,Women's AFL/Essendon (W) v Brisbane (W),35926578,COMBINED_TOTAL,261031854,Total Points,8435232,Over,105.5,WINNER,1,122,Essendon (W),v Brisbane (W),-48,37,85,,,,,,,,,,,
2026-08-16 00:00:00.000 Z,Women's AFL/Essendon (W) v Brisbane (W),35926578,COMBINED_TOTAL,261031854,Total Points,8435233,Under,106.5,LOSER,0,122,Essendon (W),v Brisbane (W),-48,37,85,1.24,,,1.24,,,1.24,,,,
2026-08-16 00:00:00.000 Z,Women's AFL/Essendon (W) v Brisbane (W),35926578,COMBINED_TOTAL,261031854,Total Points,8435232,Over,106.5,WINNER,1,122,Essendon (W),v Brisbane (W),-48,37,85,,,,,,,,,,,
2026-08-16 00:00:00.000 Z,Women's AFL/Essendon (W) v Brisbane (W),35926578,COMBINED_TOTAL,261031854,Total Points,8435233,Under,107.5,LOSER,0,122,Essendon (W),v Brisbane (W),-48,37,85,1.22,,,1.22,,,1.23,,,,
2026-08-16 00:00:00.000 Z,Women's AFL/Essendon (W) v Brisbane (W),35926578,COMBINED_TOTAL,261031854,Total Points,8435232,Over,107.5,WINNER,1,122,Essendon (W),v Brisbane (W),-48,37,85,,,,,,,,,,,
2026-08-16 00:00:00.000 Z,Women's AFL/Essendon (W) v Brisbane (W),35926578,COMBINED_TOTAL,261031854,Total Points,8435233,Under,108.5,LOSER,0,122,Essendon (W),v Brisbane (W),-48,37,85,1.22,,,1.22,,,1.21,,,,
2026-08-16 00:00:00.000 Z,Women's AFL/Essendon (W) v Brisbane (W),35926578,COMBINED_TOTAL,261031854,Total Points,8435232,Over,108.5,WINNER,1,122,Essendon (W),v Brisbane (W),-48,37,85,,,,,,,,,,,
2026-08-16 00:00:00.000 Z,Women's AFL/Essendon (W) v Brisbane (W),35926578,COMBINED_TOTAL,261031854,Total Points,8435233,Under,109.5,LOSER,0,122,Essendon (W),v Brisbane (W),-48,37,85,1.2,,,1.2,,,1.18,,,,
2026-08-16 00:00:00.000 Z,Women's AFL/Essendon (W) v Brisbane (W),35926578,COMBINED_TOTAL,261031854,Total Points,8435232,Over,109.5,WINNER,1,122,Essendon (W),v Brisbane (W),-48,37,85,,,,,,,,,,,
2026-08-16 00:00:00.000 Z,Women's AFL/Essendon (W) v Brisbane (W),35926578,COMBINED_TOTAL,261031854,Total Points,8435233,Under,110.5,LOSER,0,122,Essendon (W),v Brisbane (W),-48,37,85,1.16,,,1.16,,,1.16,,,,
2026-08-16 00:00:00.000 Z,Women's AFL/Essendon (W) v Brisbane (W),35926578,COMBINED_TOTAL,261031854,Total Points,8435232,Over,110.5,WINNER,1,122,Essendon (W),v Brisbane (W),-48,37,85,,,,,,,,,,,
2026-08-16 00:00:00.000 Z,Women's AFL/Essendon (W) v Brisbane (W),35926578,COMBINED_TOTAL,261031854,Total Points,8435233,Under,111.5,LOSER,0,122,Essendon (W),v Brisbane (W),-48,37,85,1.14,,,1.14,,,1.14,,,,
2026-08-16 00:00:00.000 Z,Women's AFL/Essendon (W) v Brisbane (W),35926578,COMBINED_TOTAL,261031854,Total Points,8435232,Over,111.5,WINNER,1,122,Essendon (W),v Brisbane (W),-48,37,85,,,,,,,,,,,
2026-08-16 00:00:00.000 Z,Women's AFL/Essendon (W) v Brisbane (W),35926578,COMBINED_TOTAL,261031854,Total Points,8435233,Under,112.5,LOSER,0,122,Essendon (W),v Brisbane (W),-48,37,85,1.12,,,1.12,,,1.12,,,,
2026-08-16 00:00:00.000 Z,Women's AFL/Essendon (W) v Brisbane (W),35926578,COMBINED_TOTAL,261031854,Total Points,8435232,Over,112.5,WINNER,1,122,Essendon (W),v Brisbane (W),-48,37,85,,,,,,,,,,,
2026-08-16 00:00:00.000 Z,Women's AFL/Essendon (W) v Brisbane (W),35926578,COMBINED_TOTAL,261031854,Total Points,8435233,Under,113.5,LOSER,0,122,Essendon (W),v Brisbane (W),-48,37,85,1.1,,,1.1,,,1.1,,,,
2026-08-16 00:00:00.000 Z,Women's AFL/Essendon (W) v Brisbane (W),35926578,COMBINED_TOTAL,261031854,Total Points,8435232,Over,113.5,WINNER,1,122,Essendon (W),v Brisbane (W),-48,37,85,,,,,,,,,,,
2026-08-16 00:00:00.000 Z,Women's AFL/Essendon (W) v Brisbane (W),35926578,COMBINED_TOTAL,261031854,Total Points,8435233,Under,114.5,LOSER,0,122,Essendon (W),v Brisbane (W),-48,37,85,1.09,,,1.09,,,1.09,,,,
2026-08-16 00:00:00.000 Z,Women's AFL/Essendon (W) v Brisbane (W),35926578,COMBINED_TOTAL,261031854,Total Points,8435232,Over,114.5,WINNER,1,122,Essendon (W),v Brisbane (W),-48,37,85,,,,,,,,,,,
2026-08-16 00:00:00.000 Z,Women's AFL/Essendon (W) v Brisbane (W),35926578,COMBINED_TOTAL,261031854,Total Points,8435233,Under,115.5,LOSER,0,122,Essendon (W),v Brisbane (W),-48,37,85,1.08,,,1.08,,,1.08,,,,
2026-08-16 00:00:00.000 Z,Women's AFL/Essendon (W) v Brisbane (W),35926578,COMBINED_TOTAL,261031854,Total Points,8435232,Over,115.5,WINNER,1,122,Essendon (W),v Brisbane (W),-48,37,85,,,,,,,,,,,
2026-08-16 00:00:00.000 Z,Women's AFL/Essendon (W) v Brisbane (W),35926578,COMBINED_TOTAL,261031854,Total Points,8435233,Under,116.5,LOSER,0,122,Essendon (W),v Brisbane (W),-48,37,85,1.07,,,1.07,,,1.07,,,,
2026-08-16 00:00:00.000 Z,Women's AFL/Essendon (W) v Brisbane (W),35926578,COMBINED_TOTAL,261031854,Total Points,8435232,Over,116.5,WINNER,1,122,Essendon (W),v Brisbane (W),-48,37,85,,,,,,,,,,,
2026-08-16 00:00:00.000 Z,Women's AFL/Essendon (W) v Brisbane (W),35926578,COMBINED_TOTAL,261031854,Total Points,8435233,Under,117.5,LOSER,0,122,Essendon (W),v Brisbane (W),-48,37,85,1.06,,,1.06,,,1.06,,,,
2026-08-16 00:00:00.000 Z,Women's AFL/Essendon (W) v Brisbane (W),35926578,COMBINED_TOTAL,261031854,Total Points,8435232,Over,117.5,WINNER,1,122,Essendon (W),v Brisbane (W),-48,37,85,,,,,,,,,,,
2026-08-16 00:00:00.000 Z,Women's AFL/Essendon (W) v Brisbane (W),35926578,COMBINED_TOTAL,261031854,Total Points,8435233,Under,118.5,LOSER,0,122,Essendon (W),v Brisbane (W),-48,37,85,1.05,,,1.05,,,1.05,,,,
2026-08-16 00:00:00.000 Z,Women's AFL/Essendon (W) v Brisbane (W),35926578,COMBINED_TOTAL,261031854,Total Points,8435232,Over,118.5,WINNER,1,122,Essendon (W),v Brisbane (W),-48,37,85,,,,,,,,,,,
2026-08-16 00:00:00.000 Z,Women's AFL/Essendon (W) v Brisbane (W),35926578,COMBINED_TOTAL,261031854,Total Points,8435233,Under,119.5,LOSER,0,122,Essendon (W),v Brisbane (W),-48,37,85,1.04,,,1.04,,,1.04,,,,
2026-08-16 00:00:00.000 Z,Women's AFL/Essendon (W) v Brisbane (W),35926578,COMBINED_TOTAL,261031854,Total Points,8435232,Over,119.5,WINNER,1,122,Essendon (W),v Brisbane (W),-48,37,85,,,,,,,,,,,
2026-08-16 00:00:00.000 Z,Women's AFL/Essendon (W) v Brisbane (W),35926578,COMBINED_TOTAL,261031854,Total Points,8435233,Under,120.5,LOSER,0,122,Essendon (W),v Brisbane (W),-48,37,85,1.03,,,1.03,,,1.03,,,,
2026-08-16 00:00:00.000 Z,Women's AFL/Essendon (W) v Brisbane (W),35926578,COMBINED_TOTAL,261031854,Total Points,8435232,Over,120.5,WINNER,1,122,Essendon (W),v Brisbane (W),-48,37,85,,,,,,,,,,,
2026-08-16 00:00:00.000 Z,Women's AFL/Essendon (W) v Brisbane (W),35926578,COMBINED_TOTAL,261031854,Total Points,8435233,Under,121.5,LOSER,0,122,Essendon (W),v Brisbane (W),-48,37,85,1.02,,,1.02,,,1.02,,,,
2026-08-16 00:00:00.000 Z,Women's AFL/Essendon (W) v Brisbane (W),35926578,COMBINED_TOTAL,261031854,Total Points,8435232,Over,121.5,WINNER,1,122,Essendon (W),v Brisbane (W),-48,37,85,,,,,,,,,,,
2026-08-16 00:00:00.000 Z,Women's AFL/Essendon (W) v Brisbane (W),35926578,COMBINED_TOTAL,261031854,Total Points,8435232,Over,122.5,LOSER,0,122,Essendon (W),v Brisbane (W),-48,37,85,,,,,,,,,,,
2026-08-16 00:00:00.000 Z,Women's AFL/Essendon (W) v Brisbane (W),35926578,COMBINED_TOTAL,261031854,Total Points,8435233,Under,122.5,WINNER,1,122,Essendon (W),v Brisbane (W),-48,37,85,1.01,,,1.01,,,1.01,,,,
2026-08-16 00:00:00.000 Z,Women's AFL/Essendon (W) v Brisbane (W),35926578,COMBINED_TOTAL,261031854,Total Points,8435232,Over,123.5,LOSER,0,122,Essendon (W),v Brisbane (W),-48,37,85,,,,,,,,,,,
2026-08-16 00:00:00.000 Z,Women's AFL/Essendon (W) v Brisbane (W),35926578,COMBINED_TOTAL,261031854,Total Points,8435233,Under,123.5,WINNER,1,122,Essendon (W),v Brisbane (W),-48,37,85,,,,,,,,,,,
2026-08-16 00:00:00.000 Z,Women's AFL/Essendon (W) v Brisbane (W),35926578,COMBINED_TOTAL,261031854,Total Points,8435232,Over,124.5,LOSER,0,122,Essendon (W),v Brisbane (W),-48,37,85,,,,,,,,,,,
2026-08-16 00:00:00.000 Z,Women's AFL/Essendon (W) v Brisbane (W),35926578,COMBINED_TOTAL,261031854,Total Points,8435233,Under,124.5,WINNER,1,122,Essendon (W),v Brisbane (W),-48,37,85,,,,,,,,,,,
2026-08-16 00:00:00.000 Z,Women's AFL/Essendon (W) v Brisbane (W),35926578,COMBINED_TOTAL,261031854,Total Points,8435232,Over,125.5,LOSER,0,122,Essendon (W),v Brisbane (W),-48,37,85,,,,,,,,,,,
2026-08-16 00:00:00.000 Z,Women's AFL/Essendon (W) v Brisbane (W),35926578,COMBINED_TOTAL,261031854,Total Points,8435233,Under,125.5,WINNER,1,122,Essendon (W),v Brisbane (W),-48,37,85,,,,,,,,,,,
2026-08-16 00:00:00.000 Z,Women's AFL/Essendon (W) v Brisbane (W),35926578,COMBINED_TOTAL,261031854,Total Points,8435232,Over,126.5,LOSER,0,122,Essendon (W),v Brisbane (W),-48,37,85,,,,,,,,,,,
2026-08-16 00:00:00.000 Z,Women's AFL/Essendon (W) v Brisbane (W),35926578,COMBINED_TOTAL,261031854,Total Points,8435233,Under,126.5,WINNER,1,122,Essendon (W),v Brisbane (W),-48,37,85,,,,,,,,,,,
2026-08-16 00:00:00.000 Z,Women's AFL/Essendon (W) v Brisbane (W),35926578,COMBINED_TOTAL,261031854,Total Points,8435232,Over,127.5,LOSER,0,122,Essendon (W),v Brisbane (W),-48,37,85,,,,,,,,,,,
2026-08-16 00:00:00.000 Z,Women's AFL/Essendon (W) v Brisbane (W),35926578,COMBINED_TOTAL,261031854,Total Points,8435233,Under,127.5,WINNER,1,122,Essendon (W),v Brisbane (W),-48,37,85,,,,,,,,,,,
2026-08-16 00:00:00.000 Z,Women's AFL/Essendon (W) v Brisbane (W),35926578,COMBINED_TOTAL,261031854,Total Points,8435232,Over,128.5,LOSER,0,122,Essendon (W),v Brisbane (W),-48,37,85,,,,,,,,,,,
2026-08-16 00:00:00.000 Z,Women's AFL/Essendon (W) v Brisbane (W),35926578,COMBINED_TOTAL,261031854,Total Points,8435233,Under,128.5,WINNER,1,122,Essendon (W),v Brisbane (W),-48,37,85,,,,,,,,,,,
2026-08-16 00:00:00.000 Z,Women's AFL/Essendon (W) v Brisbane (W),35926578,COMBINED_TOTAL,261031854,Total Points,8435232,Over,129.5,LOSER,0,122,Essendon (W),v Brisbane (W),-48,37,85,,,,,,,,,,,
2026-08-16 00:00:00.000 Z,Women's AFL/Essendon (W) v Brisbane (W),35926578,COMBINED_TOTAL,261031854,Total Points,8435233,Under,129.5,WINNER,1,122,Essendon (W),v Brisbane (W),-48,37,85,,,,,,,,,,,
2026-08-16 00:00:00.000 Z,Women's AFL/Essendon (W) v Brisbane (W),35926578,COMBINED_TOTAL,261031854,Total Points,8435232,Over,130.5,LOSER,0,122,Essendon (W),v Brisbane (W),-48,37,85,,,,,,,,,,,
2026-08-16 00:00:00.000 Z,Women's AFL/Essendon (W) v Brisbane (W),35926578,COMBINED_TOTAL,261031854,Total Points,8435233,Under,130.5,WINNER,1,122,Essendon (W),v Brisbane (W),-48,37,85,,,,,,,,,,,
2026-08-16 00:00:00.000 Z,Women's AFL/Essendon (W) v Brisbane (W),35926578,COMBINED_TOTAL,261031854,Total Points,8435232,Over,131.5,LOSER,0,122,Essendon (W),v Brisbane (W),-48,37,85,,,,,,,,,,,
2026-08-16 00:00:00.000 Z,Women's AFL/Essendon (W) v Brisbane (W),35926578,COMBINED_TOTAL,261031854,Total Points,8435233,Under,131.5,WINNER,1,122,Essendon (W),v Brisbane (W),-48,37,85,,,,,,,,,,,
2026-08-16 00:00:00.000 Z,Women's AFL/Essendon (W) v Brisbane (W),35926578,COMBINED_TOTAL,261031854,Total Points,8435232,Over,132.5,LOSER,0,122,Essendon (W),v Brisbane (W),-48,37,85,,,,,,,,,,,
2026-08-16 00:00:00.000 Z,Women's AFL/Essendon (W) v Brisbane (W),35926578,COMBINED_TOTAL,261031854,Total Points,8435233,Under,132.5,WINNER,1,122,Essendon (W),v Brisbane (W),-48,37,85,,,,,,,,,,,
2026-08-16 00:00:00.000 Z,Women's AFL/Essendon (W) v Brisbane (W),35926578,COMBINED_TOTAL,261031854,Total Points,8435232,Over,133.5,LOSER,0,122,Essendon (W),v Brisbane (W),-48,37,85,,,,,,,,,,,
2026-08-16 00:00:00.000 Z,Women's AFL/Essendon (W) v Brisbane (W),35926578,COMBINED_TOTAL,261031854,Total Points,8435233,Under,133.5,WINNER,1,122,Essendon (W),v Brisbane (W),-48,37,85,,,,,,,,,,,
2026-08-16 00:00:00.000 Z,Women's AFL/Essendon (W) v Brisbane (W),35926578,COMBINED_TOTAL,261031854,Total Points,8435232,Over,134.5,LOSER,0,122,Essendon (W),v Brisbane (W),-48,37,85,,,,,,,,,,,
2026-08-16 00:00:00.000 Z,Women's AFL/Essendon (W) v Brisbane (W),35926578,COMBINED_TOTAL,261031854,Total Points,8435233,Under,134.5,WINNER,1,122,Essendon (W),v Brisbane (W),-48,37,85,,,,,,,,,,,
2026-08-16 00:00:00.000 Z,Women's AFL/Essendon (W) v Brisbane (W),35926578,COMBINED_TOTAL,261031854,Total Points,8435232,Over,135.5,LOSER,0,122,Essendon (W),v Brisbane (W),-48,37,85,,,,,,,,,,,
2026-08-16 00:00:00.000 Z,Women's AFL/Essendon (W) v Brisbane (W),35926578,COMBINED_TOTAL,261031854,Total Points,8435233,Under,135.5,WINNER,1,122,Essendon (W),v Brisbane (W),-48,37,85,,,,,,,,,,,
2026-08-16 00:00:00.000 Z,Women's AFL/Essendon (W) v Brisbane (W),35926578,COMBINED_TOTAL,261031854,Total Points,8435232,Over,136.5,LOSER,0,122,Essendon (W),v Brisbane (W),-48,37,85,,,,,,,,,,,
2026-08-16 00:00:00.000 Z,Women's AFL/Essendon (W) v Brisbane (W),35926578,COMBINED_TOTAL,261031854,Total Points,8435233,Under,136.5,WINNER,1,122,Essendon (W),v Brisbane (W),-48,37,85,,,,,,,,,,,
2026-08-16 00:00:00.000 Z,Women's AFL/Essendon (W) v Brisbane (W),35926578,COMBINED_TOTAL,261031854,Total Points,8435232,Over,137.5,LOSER,0,122,Essendon (W),v Brisbane (W),-48,37,85,,,,,,,,,,,
2026-08-16 00:00:00.000 Z,Women's AFL/Essendon (W) v Brisbane (W),35926578,COMBINED_TOTAL,261031854,Total Points,8435233,Under,137.5,WINNER,1,122,Essendon (W),v Brisbane (W),-48,37,85,,,,,,,,,,,
2026-08-16 00:00:00.000 Z,Women's AFL/Essendon (W) v Brisbane (W),35926578,COMBINED_TOTAL,261031854,Total Points,8435232,Over,138.5,LOSER,0,122,Essendon (W),v Brisbane (W),-48,37,85,,,,,,,,,,,
2026-08-16 00:00:00.000 Z,Women's AFL/Essendon (W) v Brisbane (W),35926578,COMBINED_TOTAL,261031854,Total Points,8435233,Under,138.5,WINNER,1,122,Essendon (W),v Brisbane (W),-48,37,85,,,,,,,,,,,
2026-08-16 00:00:00.000 Z,Women's AFL/Essendon (W) v Brisbane (W),35926578,COMBINED_TOTAL,261031854,Total Points,8435232,Over,139.5,LOSER,0,122,Essendon (W),v Brisbane (W),-48,37,85,,,,,,,,,,,
2026-08-16 00:00:00.000 Z,Women's AFL/Essendon (W) v Brisbane (W),35926578,COMBINED_TOTAL,261031854,Total Points,8435233,Under,139.5,WINNER,1,122,Essendon (W),v Brisbane (W),-48,37,85,,,,,,,,,,,
2026-08-16 00:00:00.000 Z,Women's AFL/Essendon (W) v Brisbane (W),35926578,COMBINED_TOTAL,261031854,Total Points,8435232,Over,140.5,LOSER,0,122,Essendon (W),v Brisbane (W),-48,37,85,,,,,,,,,,,
2026-08-16 00:00:00.000 Z,Women's AFL/Essendon (W) v Brisbane (W),35926578,COMBINED_TOTAL,261031854,Total Points,8435233,Under,140.5,WINNER,1,122,Essendon (W),v Brisbane (W),-48,37,85,,,,,,,,,,,
2026-08-16 00:00:00.000 Z,Women's AFL/Adelaide (W) v Sydney (W),35926579,HANDICAP,261031977,Handicap,12443131,Adelaide (W),-59.5,LOSER,0,114,Adelaide (W),v Sydney (W),-8,53,61,1.01,,,1.01,,,1.01,,,,
2026-08-16 00:00:00.000 Z,Women's AFL/Adelaide (W) v Sydney (W),35926579,HANDICAP,261031977,Handicap,47691797,Sydney (W),-59.5,LOSER,0,114,Adelaide (W),v Sydney (W),-8,53,61,1.01,,,1.01,,,1.01,,,,
2026-08-16 00:00:00.000 Z,Women's AFL/Adelaide (W) v Sydney (W),35926579,HANDICAP,261031977,Handicap,47691797,Sydney (W),-58.5,LOSER,0,114,Adelaide (W),v Sydney (W),-8,53,61,1.01,,,1.01,,,1.01,,,,
2026-08-16 00:00:00.000 Z,Women's AFL/Adelaide (W) v Sydney (W),35926579,HANDICAP,261031977,Handicap,12443131,Adelaide (W),-58.5,LOSER,0,114,Adelaide (W),v Sydney (W),-8,53,61,1.01,,,1.01,,,1.01,,,,
2026-08-16 00:00:00.000 Z,Women's AFL/Adelaide (W) v Sydney (W),35926579,HANDICAP,261031977,Handicap,47691797,Sydney (W),-57.5,LOSER,0,114,Adelaide (W),v Sydney (W),-8,53,61,1.01,,,1.01,,,1.01,,,,
2026-08-16 00:00:00.000 Z,Women's AFL/Adelaide (W) v Sydney (W),35926579,HANDICAP,261031977,Handicap,12443131,Adelaide (W),-57.5,LOSER,0,114,Adelaide (W),v Sydney (W),-8,53,61,1.01,,,1.01,,,1.01,,,,
2026-08-16 00:00:00.000 Z,Women's AFL/Adelaide (W) v Sydney (W),35926579,HANDICAP,261031977,Handicap,12443131,Adelaide (W),-56.5,LOSER,0,114,Adelaide (W),v Sydney (W),-8,53,61,1.01,,,1.01,,,1.01,,,,
2026-08-16 00:00:00.000 Z,Women's AFL/Adelaide (W) v Sydney (W),35926579,HANDICAP,261031977,Handicap,47691797,Sydney (W),-56.5,LOSER,0,114,Adelaide (W),v Sydney (W),-8,53,61,1.01,,,1.01,,,1.01,,,,
2026-08-16 00:00:00.000 Z,Women's AFL/Adelaide (W) v Sydney (W),35926579,HANDICAP,261031977,Handicap,47691797,Sydney (W),-55.5,LOSER,0,114,Adelaide (W),v Sydney (W),-8,53,61,1.01,,,1.01,,,1.01,,,,
2026-08-16 00:00:00.000 Z,Women's AFL/Adelaide (W) v Sydney (W),35926579,HANDICAP,261031977,Handicap,12443131,Adelaide (W),-55.5,LOSER,0,114,Adelaide (W),v Sydney (W),-8,53,61,1.01,,,1.01,,,1.01,,,,
2026-08-16 00:00:00.000 Z,Women's AFL/Adelaide (W) v Sydney (W),35926579,HANDICAP,261031977,Handicap,47691797,Sydney (W),-54.5,LOSER,0,114,Adelaide (W),v Sydney (W),-8,53,61,1.01,,,1.01,,,1.01,,,,
2026-08-16 00:00:00.000 Z,Women's AFL/Adelaide (W) v Sydney (W),35926579,HANDICAP,261031977,Handicap,12443131,Adelaide (W),-54.5,LOSER,0,114,Adelaide (W),v Sydney (W),-8,53,61,1.01,,,1.01,,,1.01,,,,
2026-08-16 00:00:00.000 Z,Women's AFL/Adelaide (W) v Sydney (W),35926579,HANDICAP,261031977,Handicap,12443131,Adelaide (W),-53.5,LOSER,0,114,Adelaide (W),v Sydney (W),-8,53,61,1.01,,,1.01,,,1.01,,,,
2026-08-16 00:00:00.000 Z,Women's AFL/Adelaide (W) v Sydney (W),35926579,HANDICAP,261031977,Handicap,47691797,Sydney (W),-53.5,LOSER,0,114,Adelaide (W),v Sydney (W),-8,53,61,1.01,,,1.01,,,1.01,,,,
2026-08-16 00:00:00.000 Z,Women's AFL/Adelaide (W) v Sydney (W),35926579,HANDICAP,261031977,Handicap,47691797,Sydney (W),-52.5,LOSER,0,114,Adelaide (W),v Sydney (W),-8,53,61,1.01,,,1.01,,,1.01,,,,
2026-08-16 00:00:00.000 Z,Women's AFL/Adelaide (W) v Sydney (W),35926579,HANDICAP,261031977,Handicap,12443131,Adelaide (W),-52.5,LOSER,0,114,Adelaide (W),v Sydney (W),-8,53,61,1.01,,,1.01,,,1.01,,,,
2026-08-16 00:00:00.000 Z,Women's AFL/Adelaide (W) v Sydney (W),35926579,HANDICAP,261031977,Handicap,47691797,Sydney (W),-51.5,LOSER,0,114,Adelaide (W),v Sydney (W),-8,53,61,1.01,,,1.01,,,1.01,,,,
2026-08-16 00:00:00.000 Z,Women's AFL/Adelaide (W) v Sydney (W),35926579,HANDICAP,261031977,Handicap,12443131,Adelaide (W),-51.5,LOSER,0,114,Adelaide (W),v Sydney (W),-8,53,61,1.01,,,1.01,,,1.01,,,,
2026-08-16 00:00:00.000 Z,Women's AFL/Adelaide (W) v Sydney (W),35926579,HANDICAP,261031977,Handicap,12443131,Adelaide (W),-50.5,LOSER,0,114,Adelaide (W),v Sydney (W),-8,53,61,1.01,,,1.01,,,1.01,,,,
2026-08-16 00:00:00.000 Z,Women's AFL/Adelaide (W) v Sydney (W),35926579,HANDICAP,261031977,Handicap,47691797,Sydney (W),-50.5,LOSER,0,114,Adelaide (W),v Sydney (W),-8,53,61,1.01,,,1.01,,,1.01,,,,
2026-08-16 00:00:00.000 Z,Women's AFL/Adelaide (W) v Sydney (W),35926579,HANDICAP,261031977,Handicap,12443131,Adelaide (W),-49.5,LOSER,0,114,Adelaide (W),v Sydney (W),-8,53,61,1.01,,,1.01,,,1.01,,,,
2026-08-16 00:00:00.000 Z,Women's AFL/Adelaide (W) v Sydney (W),35926579,HANDICAP,261031977,Handicap,47691797,Sydney (W),-49.5,LOSER,0,114,Adelaide (W),v Sydney (W),-8,53,61,1.01,,,1.01,,,1.01,,,,
2026-08-16 00:00:00.000 Z,Women's AFL/Adelaide (W) v Sydney (W),35926579,HANDICAP,261031977,Handicap,47691797,Sydney (W),-48.5,LOSER,0,114,Adelaide (W),v Sydney (W),-8,53,61,1.01,,,1.01,,,1.01,,,,
2026-08-16 00:00:00.000 Z,Women's AFL/Adelaide (W) v Sydney (W),35926579,HANDICAP,261031977,Handicap,12443131,Adelaide (W),-48.5,LOSER,0,114,Adelaide (W),v Sydney (W),-8,53,61,1.01,,,1.01,,,1.01,,,,
2026-08-16 00:00:00.000 Z,Women's AFL/Adelaide (W) v Sydney (W),35926579,HANDICAP,261031977,Handicap,47691797,Sydney (W),-47.5,LOSER,0,114,Adelaide (W),v Sydney (W),-8,53,61,1.01,,,1.01,,,1.01,,,,
2026-08-16 00:00:00.000 Z,Women's AFL/Adelaide (W) v Sydney (W),35926579,HANDICAP,261031977,Handicap,12443131,Adelaide (W),-47.5,LOSER,0,114,Adelaide (W),v Sydney (W),-8,53,61,1.01,,,1.01,,,1.01,,,,
2026-08-16 00:00:00.000 Z,Women's AFL/Adelaide (W) v Sydney (W),35926579,HANDICAP,261031977,Handicap,12443131,Adelaide (W),-46.5,LOSER,0,114,Adelaide (W),v Sydney (W),-8,53,61,1.01,,,1.01,,,1.01,,,,
2026-08-16 00:00:00.000 Z,Women's AFL/Adelaide (W) v Sydney (W),35926579,HANDICAP,261031977,Handicap,47691797,Sydney (W),-46.5,LOSER,0,114,Adelaide (W),v Sydney (W),-8,53,61,1.01,,,1.01,,,1.01,,,,
2026-08-16 00:00:00.000 Z,Women's AFL/Adelaide (W) v Sydney (W),35926579,HANDICAP,261031977,Handicap,47691797,Sydney (W),-45.5,LOSER,0,114,Adelaide (W),v Sydney (W),-8,53,61,,,,,,,,,,,
2026-08-16 00:00:00.000 Z,Women's AFL/Adelaide (W) v Sydney (W),35926579,HANDICAP,261031977,Handicap,12443131,Adelaide (W),-45.5,LOSER,0,114,Adelaide (W),v Sydney (W),-8,53,61,1.01,,,1.01,,,1.01,,,,
2026-08-16 00:00:00.000 Z,Women's AFL/Adelaide (W) v Sydney (W),35926579,HANDICAP,261031977,Handicap,47691797,Sydney (W),-44.5,LOSER,0,114,Adelaide (W),v Sydney (W),-8,53,61,1.01,,,1.01,,,1.01,,,,
2026-08-16 00:00:00.000 Z,Women's AFL/Adelaide (W) v Sydney (W),35926579,HANDICAP,261031977,Handicap,12443131,Adelaide (W),-44.5,LOSER,0,114,Adelaide (W),v Sydney (W),-8,53,61,1.01,,,1.01,,,1.01,,,,
2026-08-16 00:00:00.000 Z,Women's AFL/Adelaide (W) v Sydney (W),35926579,HANDICAP,261031977,Handicap,12443131,Adelaide (W),-43.5,LOSER,0,114,Adelaide (W),v Sydney (W),-8,53,61,1.01,,,1.01,,,1.01,,,,
2026-08-16 00:00:00.000 Z,Women's AFL/Adelaide (W) v Sydney (W),35926579,HANDICAP,261031977,Handicap,47691797,Sydney (W),-43.5,LOSER,0,114,Adelaide (W),v Sydney (W),-8,53,61,1.01,,,1.01,,,1.01,,,,
2026-08-16 00:00:00.000 Z,Women's AFL/Adelaide (W) v Sydney (W),35926579,HANDICAP,261031977,Handicap,47691797,Sydney (W),-42.5,LOSER,0,114,Adelaide (W),v Sydney (W),-8,53,61,1.01,,,1.01,,,1.01,,,,
2026-08-16 00:00:00.000 Z,Women's AFL/Adelaide (W) v Sydney (W),35926579,HANDICAP,261031977,Handicap,12443131,Adelaide (W),-42.5,LOSER,0,114,Adelaide (W),v Sydney (W),-8,53,61,1.01,,,1.01,,,1.01,,,,
2026-08-16 00:00:00.000 Z,Women's AFL/Adelaide (W) v Sydney (W),35926579,HANDICAP,261031977,Handicap,47691797,Sydney (W),-41.5,LOSER,0,114,Adelaide (W),v Sydney (W),-8,53,61,1.01,,,1.01,,,1.01,,,,
2026-08-16 00:00:00.000 Z,Women's AFL/Adelaide (W) v Sydney (W),35926579,HANDICAP,261031977,Handicap,12443131,Adelaide (W),-41.5,LOSER,0,114,Adelaide (W),v Sydney (W),-8,53,61,1.01,,,1.01,,,1.01,,,,
2026-08-16 00:00:00.000 Z,Women's AFL/Adelaide (W) v Sydney (W),35926579,HANDICAP,261031977,Handicap,47691797,Sydney (W),-40.5,LOSER,0,114,Adelaide (W),v Sydney (W),-8,53,61,1.01,,,1.01,,,1.01,,,,
2026-08-16 00:00:00.000 Z,Women's AFL/Adelaide (W) v Sydney (W),35926579,HANDICAP,261031977,Handicap,12443131,Adelaide (W),-40.5,LOSER,0,114,Adelaide (W),v Sydney (W),-8,53,61,1.01,,,1.01,,,1.01,,,,
2026-08-16 00:00:00.000 Z,Women's AFL/Adelaide (W) v Sydney (W),35926579,HANDICAP,261031977,Handicap,12443131,Adelaide (W),-39.5,LOSER,0,114,Adelaide (W),v Sydney (W),-8,53,61,1.01,,,1.01,,,1.01,,,,
2026-08-16 00:00:00.000 Z,Women's AFL/Adelaide (W) v Sydney (W),35926579,HANDICAP,261031977,Handicap,47691797,Sydney (W),-39.5,LOSER,0,114,Adelaide (W),v Sydney (W),-8,53,61,1.01,,,1.01,,,1.01,,,,
2026-08-16 00:00:00.000 Z,Women's AFL/Adelaide (W) v Sydney (W),35926579,HANDICAP,261031977,Handicap,47691797,Sydney (W),-38.5,LOSER,0,114,Adelaide (W),v Sydney (W),-8,53,61,1.01,,,1.01,,,1.01,,,,
2026-08-16 00:00:00.000 Z,Women's AFL/Adelaide (W) v Sydney (W),35926579,HANDICAP,261031977,Handicap,12443131,Adelaide (W),-38.5,LOSER,0,114,Adelaide (W),v Sydney (W),-8,53,61,1.01,,,1.01,,,1.01,,,,
2026-08-16 00:00:00.000 Z,Women's AFL/Adelaide (W) v Sydney (W),35926579,HANDICAP,261031977,Handicap,12443131,Adelaide (W),-37.5,LOSER,0,114,Adelaide (W),v Sydney (W),-8,53,61,1.01,,,1.01,,,1.01,,,,
2026-08-16 00:00:00.000 Z,Women's AFL/Adelaide (W) v Sydney (W),35926579,HANDICAP,261031977,Handicap,47691797,Sydney (W),-37.5,LOSER,0,114,Adelaide (W),v Sydney (W),-8,53,61,1.01,,,1.01,,,1.01,,,,
2026-08-16 00:00:00.000 Z,Women's AFL/Adelaide (W) v Sydney (W),35926579,HANDICAP,261031977,Handicap,12443131,Adelaide (W),-36.5,LOSER,0,114,Adelaide (W),v Sydney (W),-8,53,61,1.01,,,1.01,,,1.01,,,,
2026-08-16 00:00:00.000 Z,Women's AFL/Adelaide (W) v Sydney (W),35926579,HANDICAP,261031977,Handicap,47691797,Sydney (W),-36.5,LOSER,0,114,Adelaide (W),v Sydney (W),-8,53,61,1.01,,,1.01,,,1.01,,,,
2026-08-16 00:00:00.000 Z,Women's AFL/Adelaide (W) v Sydney (W),35926579,HANDICAP,261031977,Handicap,47691797,Sydney (W),-35.5,LOSER,0,114,Adelaide (W),v Sydney (W),-8,53,61,1.01,,,1.01,,,1.01,,,,
2026-08-16 00:00:00.000 Z,Women's AFL/Adelaide (W) v Sydney (W),35926579,HANDICAP,261031977,Handicap,12443131,Adelaide (W),-35.5,LOSER,0,114,Adelaide (W),v Sydney (W),-8,53,61,1.01,,,1.01,,,1.01,,,,
2026-08-16 00:00:00.000 Z,Women's AFL/Adelaide (W) v Sydney (W),35926579,HANDICAP,261031977,Handicap,12443131,Adelaide (W),-34.5,LOSER,0,114,Adelaide (W),v Sydney (W),-8,53,61,1.01,,,1.01,,,1.01,,,,
2026-08-16 00:00:00.000 Z,Women's AFL/Adelaide (W) v Sydney (W),35926579,HANDICAP,261031977,Handicap,47691797,Sydney (W),-34.5,LOSER,0,114,Adelaide (W),v Sydney (W),-8,53,61,1.01,,,1.01,,,1.01,,,,
2026-08-16 00:00:00.000 Z,Women's AFL/Adelaide (W) v Sydney (W),35926579,HANDICAP,261031977,Handicap,47691797,Sydney (W),-33.5,LOSER,0,114,Adelaide (W),v Sydney (W),-8,53,61,1.01,,,1.01,,,1.01,,,,
2026-08-16 00:00:00.000 Z,Women's AFL/Adelaide (W) v Sydney (W),35926579,HANDICAP,261031977,Handicap,12443131,Adelaide (W),-33.5,LOSER,0,114,Adelaide (W),v Sydney (W),-8,53,61,1.01,,,1.01,,,1.01,,,,
2026-08-16 00:00:00.000 Z,Women's AFL/Adelaide (W) v Sydney (W),35926579,HANDICAP,261031977,Handicap,12443131,Adelaide (W),-32.5,LOSER,0,114,Adelaide (W),v Sydney (W),-8,53,61,1.01,,,1.01,,,1.01,,,,
2026-08-16 00:00:00.000 Z,Women's AFL/Adelaide (W) v Sydney (W),35926579,HANDICAP,261031977,Handicap,47691797,Sydney (W),-32.5,LOSER,0,114,Adelaide (W),v Sydney (W),-8,53,61,1.01,,,1.01,,,1.01,,,,
2026-08-16 00:00:00.000 Z,Women's AFL/Adelaide (W) v Sydney (W),35926579,HANDICAP,261031977,Handicap,47691797,Sydney (W),-31.5,LOSER,0,114,Adelaide (W),v Sydney (W),-8,53,61,1.01,,,1.01,,,1.01,,,,
2026-08-16 00:00:00.000 Z,Women's AFL/Adelaide (W) v Sydney (W),35926579,HANDICAP,261031977,Handicap,12443131,Adelaide (W),-31.5,LOSER,0,114,Adelaide (W),v Sydney (W),-8,53,61,1.01,,,1.01,,,1.01,,,,
2026-08-16 00:00:00.000 Z,Women's AFL/Adelaide (W) v Sydney (W),35926579,HANDICAP,261031977,Handicap,47691797,Sydney (W),-30.5,LOSER,0,114,Adelaide (W),v Sydney (W),-8,53,61,1.01,,,1.01,,,1.01,,,,
2026-08-16 00:00:00.000 Z,Women's AFL/Adelaide (W) v Sydney (W),35926579,HANDICAP,261031977,Handicap,12443131,Adelaide (W),-30.5,LOSER,0,114,Adelaide (W),v Sydney (W),-8,53,61,1.01,,,1.01,,,1.01,,,,
2026-08-16 00:00:00.000 Z,Women's AFL/Adelaide (W) v Sydney (W),35926579,HANDICAP,261031977,Handicap,47691797,Sydney (W),-29.5,LOSER,0,114,Adelaide (W),v Sydney (W),-8,53,61,1.01,,,1.01,,,1.01,,,,
2026-08-16 00:00:00.000 Z,Women's AFL/Adelaide (W) v Sydney (W),35926579,HANDICAP,261031977,Handicap,12443131,Adelaide (W),-29.5,LOSER,0,114,Adelaide (W),v Sydney (W),-8,53,61,1.01,,,1.01,,,1.01,,,,
2026-08-16 00:00:00.000 Z,Women's AFL/Adelaide (W) v Sydney (W),35926579,HANDICAP,261031977,Handicap,12443131,Adelaide (W),-28.5,LOSER,0,114,Adelaide (W),v Sydney (W),-8,53,61,1.01,,,1.01,,,1.01,,,,
2026-08-16 00:00:00.000 Z,Women's AFL/Adelaide (W) v Sydney (W),35926579,HANDICAP,261031977,Handicap,47691797,Sydney (W),-28.5,LOSER,0,114,Adelaide (W),v Sydney (W),-8,53,61,1.01,,,1.01,,,1.01,,,,
2026-08-16 00:00:00.000 Z,Women's AFL/Adelaide (W) v Sydney (W),35926579,HANDICAP,261031977,Handicap,12443131,Adelaide (W),-27.5,LOSER,0,114,Adelaide (W),v Sydney (W),-8,53,61,1.01,,,1.01,,,1.01,,,,
2026-08-16 00:00:00.000 Z,Women's AFL/Adelaide (W) v Sydney (W),35926579,HANDICAP,261031977,Handicap,47691797,Sydney (W),-27.5,LOSER,0,114,Adelaide (W),v Sydney (W),-8,53,61,1.01,,,1.01,,,1.01,,,,
2026-08-16 00:00:00.000 Z,Women's AFL/Adelaide (W) v Sydney (W),35926579,HANDICAP,261031977,Handicap,12443131,Adelaide (W),-26.5,LOSER,0,114,Adelaide (W),v Sydney (W),-8,53,61,3,,,3,,,3,,,,
2026-08-16 00:00:00.000 Z,Women's AFL/Adelaide (W) v Sydney (W),35926579,HANDICAP,261031977,Handicap,47691797,Sydney (W),-26.5,LOSER,0,114,Adelaide (W),v Sydney (W),-8,53,61,4,,,4,,,4,,,,
2026-08-16 00:00:00.000 Z,Women's AFL/Adelaide (W) v Sydney (W),35926579,HANDICAP,261031977,Handicap,12443131,Adelaide (W),-25.5,LOSER,0,114,Adelaide (W),v Sydney (W),-8,53,61,1.01,,,1.01,,,1.01,,,,
2026-08-16 00:00:00.000 Z,Women's AFL/Adelaide (W) v Sydney (W),35926579,HANDICAP,261031977,Handicap,47691797,Sydney (W),-25.5,LOSER,0,114,Adelaide (W),v Sydney (W),-8,53,61,1.01,,,1.01,,,1.01,,,,
2026-08-16 00:00:00.000 Z,Women's AFL/Adelaide (W) v Sydney (W),35926579,HANDICAP,261031977,Handicap,12443131,Adelaide (W),-24.5,LOSER,0,114,Adelaide (W),v Sydney (W),-8,53,61,1.01,,,1.01,,,1.01,,,,
2026-08-16 00:00:00.000 Z,Women's AFL/Adelaide (W) v Sydney (W),35926579,HANDICAP,261031977,Handicap,47691797,Sydney (W),-24.5,LOSER,0,114,Adelaide (W),v Sydney (W),-8,53,61,1.01,,,1.01,,,1.01,,,,
2026-08-16 00:00:00.000 Z,Women's AFL/Adelaide (W) v Sydney (W),35926579,HANDICAP,261031977,Handicap,12443131,Adelaide (W),-23.5,LOSER,0,114,Adelaide (W),v Sydney (W),-8,53,61,1.01,,,1.01,,,1.01,,,,
2026-08-16 00:00:00.000 Z,Women's AFL/Adelaide (W) v Sydney (W),35926579,HANDICAP,261031977,Handicap,47691797,Sydney (W),-23.5,LOSER,0,114,Adelaide (W),v Sydney (W),-8,53,61,1.01,,,1.01,,,1.01,,,,
2026-08-16 00:00:00.000 Z,Women's AFL/Adelaide (W) v Sydney (W),35926579,HANDICAP,261031977,Handicap,12443131,Adelaide (W),-22.5,LOSER,0,114,Adelaide (W),v Sydney (W),-8,53,61,1.01,,,1.01,,,1.01,,,,
2026-08-16 00:00:00.000 Z,Women's AFL/Adelaide (W) v Sydney (W),35926579,HANDICAP,261031977,Handicap,47691797,Sydney (W),-22.5,LOSER,0,114,Adelaide (W),v Sydney (W),-8,53,61,1.01,,,1.01,,,1.01,,,,
2026-08-16 00:00:00.000 Z,Women's AFL/Adelaide (W) v Sydney (W),35926579,HANDICAP,261031977,Handicap,12443131,Adelaide (W),-21.5,LOSER,0,114,Adelaide (W),v Sydney (W),-8,53,61,1.01,,,1.01,,,1.01,,,,
2026-08-16 00:00:00.000 Z,Women's AFL/Adelaide (W) v Sydney (W),35926579,HANDICAP,261031977,Handicap,47691797,Sydney (W),-21.5,LOSER,0,114,Adelaide (W),v Sydney (W),-8,53,61,1.01,,,1.01,,,1.01,,,,
2026-08-16 00:00:00.000 Z,Women's AFL/Adelaide (W) v Sydney (W),35926579,HANDICAP,261031977,Handicap,12443131,Adelaide (W),-20.5,LOSER,0,114,Adelaide (W),v Sydney (W),-8,53,61,1.01,,,1.01,,,1.01,,,,
2026-08-16 00:00:00.000 Z,Women's AFL/Adelaide (W) v Sydney (W),35926579,HANDICAP,261031977,Handicap,47691797,Sydney (W),-20.5,LOSER,0,114,Adelaide (W),v Sydney (W),-8,53,61,1.01,,,1.01,,,1.01,,,,
2026-08-16 00:00:00.000 Z,Women's AFL/Adelaide (W) v Sydney (W),35926579,HANDICAP,261031977,Handicap,12443131,Adelaide (W),-19.5,LOSER,0,114,Adelaide (W),v Sydney (W),-8,53,61,1.01,,,1.01,,,1.01,,,,
2026-08-16 00:00:00.000 Z,Women's AFL/Adelaide (W) v Sydney (W),35926579,HANDICAP,261031977,Handicap,47691797,Sydney (W),-19.5,LOSER,0,114,Adelaide (W),v Sydney (W),-8,53,61,2,,,2,,,2,,,,
2026-08-16 00:00:00.000 Z,Women's AFL/Adelaide (W) v Sydney (W),35926579,HANDICAP,261031977,Handicap,12443131,Adelaide (W),-18.5,LOSER,0,114,Adelaide (W),v Sydney (W),-8,53,61,1.01,,,1.01,,,1.01,,,,
2026-08-16 00:00:00.000 Z,Women's AFL/Adelaide (W) v Sydney (W),35926579,HANDICAP,261031977,Handicap,47691797,Sydney (W),-18.5,LOSER,0,114,Adelaide (W),v Sydney (W),-8,53,61,1.01,,,1.01,,,1.01,,,,
2026-08-16 00:00:00.000 Z,Women's AFL/Adelaide (W) v Sydney (W),35926579,HANDICAP,261031977,Handicap,47691797,Sydney (W),-17.5,LOSER,0,114,Adelaide (W),v Sydney (W),-8,53,61,1.01,,,1.01,,,1.01,,,,
2026-08-16 00:00:00.000 Z,Women's AFL/Adelaide (W) v Sydney (W),35926579,HANDICAP,261031977,Handicap,12443131,Adelaide (W),-17.5,LOSER,0,114,Adelaide (W),v Sydney (W),-8,53,61,1.01,,,1.01,,,1.01,,,,
2026-08-16 00:00:00.000 Z,Women's AFL/Adelaide (W) v Sydney (W),35926579,HANDICAP,261031977,Handicap,47691797,Sydney (W),-16.5,LOSER,0,114,Adelaide (W),v Sydney (W),-8,53,61,1.01,,,1.01,,,1.01,,,,
2026-08-16 00:00:00.000 Z,Women's AFL/Adelaide (W) v Sydney (W),35926579,HANDICAP,261031977,Handicap,12443131,Adelaide (W),-16.5,LOSER,0,114,Adelaide (W),v Sydney (W),-8,53,61,1.01,,,1.01,,,1.01,,,,
2026-08-16 00:00:00.000 Z,Women's AFL/Adelaide (W) v Sydney (W),35926579,HANDICAP,261031977,Handicap,47691797,Sydney (W),-15.5,LOSER,0,114,Adelaide (W),v Sydney (W),-8,53,61,1.01,,,1.01,,,1.01,,,,
2026-08-16 00:00:00.000 Z,Women's AFL/Adelaide (W) v Sydney (W),35926579,HANDICAP,261031977,Handicap,12443131,Adelaide (W),-15.5,LOSER,0,114,Adelaide (W),v Sydney (W),-8,53,61,1.01,,,1.01,,,1.01,,,,
2026-08-16 00:00:00.000 Z,Women's AFL/Adelaide (W) v Sydney (W),35926579,HANDICAP,261031977,Handicap,12443131,Adelaide (W),-14.5,LOSER,0,114,Adelaide (W),v Sydney (W),-8,53,61,1.01,,,1.01,,,1.01,,,,
2026-08-16 00:00:00.000 Z,Women's AFL/Adelaide (W) v Sydney (W),35926579,HANDICAP,261031977,Handicap,47691797,Sydney (W),-14.5,LOSER,0,114,Adelaide (W),v Sydney (W),-8,53,61,1.01,,,1.01,,,1.01,,,,
2026-08-16 00:00:00.000 Z,Women's AFL/Adelaide (W) v Sydney (W),35926579,HANDICAP,261031977,Handicap,47691797,Sydney (W),-13.5,LOSER,0,114,Adelaide (W),v Sydney (W),-8,53,61,3,,,3,,,3,,,,
2026-08-16 00:00:00.000 Z,Women's AFL/Adelaide (W) v Sydney (W),35926579,HANDICAP,261031977,Handicap,12443131,Adelaide (W),-13.5,LOSER,0,114,Adelaide (W),v Sydney (W),-8,53,61,1.01,,,1.01,,,1.01,,,,
2026-08-16 00:00:00.000 Z,Women's AFL/Adelaide (W) v Sydney (W),35926579,HANDICAP,261031977,Handicap,47691797,Sydney (W),-12.5,LOSER,0,114,Adelaide (W),v Sydney (W),-8,53,61,1.01,,,1.01,,,1.01,,,,
2026-08-16 00:00:00.000 Z,Women's AFL/Adelaide (W) v Sydney (W),35926579,HANDICAP,261031977,Handicap,12443131,Adelaide (W),-12.5,LOSER,0,114,Adelaide (W),v Sydney (W),-8,53,61,1.01,,,1.01,,,1.01,,,,
2026-08-16 00:00:00.000 Z,Women's AFL/Adelaide (W) v Sydney (W),35926579,HANDICAP,261031977,Handicap,47691797,Sydney (W),-11.5,LOSER,0,114,Adelaide (W),v Sydney (W),-8,53,61,1.01,,,1.01,,,1.01,,,,
2026-08-16 00:00:00.000 Z,Women's AFL/Adelaide (W) v Sydney (W),35926579,HANDICAP,261031977,Handicap,12443131,Adelaide (W),-11.5,LOSER,0,114,Adelaide (W),v Sydney (W),-8,53,61,1.01,,,1.01,,,1.01,,,,
2026-08-16 00:00:00.000 Z,Women's AFL/Adelaide (W) v Sydney (W),35926579,HANDICAP,261031977,Handicap,12443131,Adelaide (W),-10.5,LOSER,0,114,Adelaide (W),v Sydney (W),-8,53,61,1.01,,,1.01,,,1.01,,,,
2026-08-16 00:00:00.000 Z,Women's AFL/Adelaide (W) v Sydney (W),35926579,HANDICAP,261031977,Handicap,47691797,Sydney (W),-10.5,LOSER,0,114,Adelaide (W),v Sydney (W),-8,53,61,1.01,,,1.01,,,1.01,,,,
2026-08-16 00:00:00.000 Z,Women's AFL/Adelaide (W) v Sydney (W),35926579,HANDICAP,261031977,Handicap,47691797,Sydney (W),-9.5,LOSER,0,114,Adelaide (W),v Sydney (W),-8,53,61,1.01,,,1.01,,,1.01,,,,
2026-08-16 00:00:00.000 Z,Women's AFL/Adelaide (W) v Sydney (W),35926579,HANDICAP,261031977,Handicap,12443131,Adelaide (W),-9.5,LOSER,0,114,Adelaide (W),v Sydney (W),-8,53,61,1.01,,,1.01,,,1.01,,,,
2026-08-16 00:00:00.000 Z,Women's AFL/Adelaide (W) v Sydney (W),35926579,HANDICAP,261031977,Handicap,47691797,Sydney (W),-8.5,LOSER,0,114,Adelaide (W),v Sydney (W),-8,53,61,1.01,,,1.01,,,1.01,,,,
2026-08-16 00:00:00.000 Z,Women's AFL/Adelaide (W) v Sydney (W),35926579,HANDICAP,261031977,Handicap,12443131,Adelaide (W),-8.5,LOSER,0,114,Adelaide (W),v Sydney (W),-8,53,61,1.01,,,1.01,,,1.01,,,,
2026-08-16 00:00:00.000 Z,Women's AFL/Adelaide (W) v Sydney (W),35926579,HANDICAP,261031977,Handicap,12443131,Adelaide (W),-7.5,LOSER,0,114,Adelaide (W),v Sydney (W),-8,53,61,1.01,,,1.01,,,1.01,,,,
2026-08-16 00:00:00.000 Z,Women's AFL/Adelaide (W) v Sydney (W),35926579,HANDICAP,261031977,Handicap,47691797,Sydney (W),-7.5,WINNER,1,114,Adelaide (W),v Sydney (W),-8,53,61,2,,,2,,,2,,,,
2026-08-16 00:00:00.000 Z,Women's AFL/Adelaide (W) v Sydney (W),35926579,HANDICAP,261031977,Handicap,12443131,Adelaide (W),-6.5,LOSER,0,114,Adelaide (W),v Sydney (W),-8,53,61,1.01,,,1.01,,,1.01,,,,
2026-08-16 00:00:00.000 Z,Women's AFL/Adelaide (W) v Sydney (W),35926579,HANDICAP,261031977,Handicap,47691797,Sydney (W),-6.5,WINNER,1,114,Adelaide (W),v Sydney (W),-8,53,61,1.01,,,1.01,,,1.01,,,,
2026-08-16 00:00:00.000 Z,Women's AFL/Adelaide (W) v Sydney (W),35926579,HANDICAP,261031977,Handicap,12443131,Adelaide (W),-5.5,LOSER,0,114,Adelaide (W),v Sydney (W),-8,53,61,1.01,,,1.01,,,1.62,,,,
2026-08-16 00:00:00.000 Z,Women's AFL/Adelaide (W) v Sydney (W),35926579,HANDICAP,261031977,Handicap,47691797,Sydney (W),-5.5,WINNER,1,114,Adelaide (W),v Sydney (W),-8,53,61,1.01,,,1.01,,,1.01,,,,
2026-08-16 00:00:00.000 Z,Women's AFL/Adelaide (W) v Sydney (W),35926579,HANDICAP,261031977,Handicap,12443131,Adelaide (W),-4.5,LOSER,0,114,Adelaide (W),v Sydney (W),-8,53,61,1.01,,,1.01,,,1.61,,,,
2026-08-16 00:00:00.000 Z,Women's AFL/Adelaide (W) v Sydney (W),35926579,HANDICAP,261031977,Handicap,47691797,Sydney (W),-4.5,WINNER,1,114,Adelaide (W),v Sydney (W),-8,53,61,2,,,2,,,2,,,,
2026-08-16 00:00:00.000 Z,Women's AFL/Adelaide (W) v Sydney (W),35926579,HANDICAP,261031977,Handicap,12443131,Adelaide (W),-3.5,LOSER,0,114,Adelaide (W),v Sydney (W),-8,53,61,2,,,2,,,1.6,,0.19,0.19,2
2026-08-16 00:00:00.000 Z,Women's AFL/Adelaide (W) v Sydney (W),35926579,HANDICAP,261031977,Handicap,47691797,Sydney (W),-3.5,WINNER,1,114,Adelaide (W),v Sydney (W),-8,53,61,1.01,,,1.01,,,1.01,,,,
2026-08-16 00:00:00.000 Z,Women's AFL/Adelaide (W) v Sydney (W),35926579,HANDICAP,261031977,Handicap,12443131,Adelaide (W),-2.5,LOSER,0,114,Adelaide (W),v Sydney (W),-8,53,61,1.01,,,1.77,,,1.78,,,,
2026-08-16 00:00:00.000 Z,Women's AFL/Adelaide (W) v Sydney (W),35926579,HANDICAP,261031977,Handicap,47691797,Sydney (W),-2.5,WINNER,1,114,Adelaide (W),v Sydney (W),-8,53,61,1.01,,,1.01,,,1.01,,,,
2026-08-16 00:00:00.000 Z,Women's AFL/Adelaide (W) v Sydney (W),35926579,HANDICAP,261031977,Handicap,12443131,Adelaide (W),-1.5,LOSER,0,114,Adelaide (W),v Sydney (W),-8,53,61,1.59,,,1.01,,,1.55,,,,
2026-08-16 00:00:00.000 Z,Women's AFL/Adelaide (W) v Sydney (W),35926579,HANDICAP,261031977,Handicap,47691797,Sydney (W),-1.5,WINNER,1,114,Adelaide (W),v Sydney (W),-8,53,61,1.01,,,1.01,,,1.01,,,,
2026-08-16 00:00:00.000 Z,Women's AFL/Adelaide (W) v Sydney (W),35926579,HANDICAP,261031977,Handicap,12443131,Adelaide (W),-0.5,LOSER,0,114,Adelaide (W),v Sydney (W),-8,53,61,1.01,,,1.01,,,1.51,,,,
2026-08-16 00:00:00.000 Z,Women's AFL/Adelaide (W) v Sydney (W),35926579,HANDICAP,261031977,Handicap,47691797,Sydney (W),-0.5,WINNER,1,114,Adelaide (W),v Sydney (W),-8,53,61,1.01,,,1.01,,,1.01,,,,
2026-08-16 00:00:00.000 Z,Women's AFL/Adelaide (W) v Sydney (W),35926579,HANDICAP,261031977,Handicap,12443131,Adelaide (W),0.5,LOSER,0,114,Adelaide (W),v Sydney (W),-8,53,61,1.01,,,1.01,,,1.5,,,,
2026-08-16 00:00:00.000 Z,Women's AFL/Adelaide (W) v Sydney (W),35926579,HANDICAP,261031977,Handicap,47691797,Sydney (W),0.5,WINNER,1,114,Adelaide (W),v Sydney (W),-8,53,61,2.06,,,1.01,,,1.01,,,,
2026-08-16 00:00:00.000 Z,Women's AFL/Adelaide (W) v Sydney (W),35926579,HANDICAP,261031977,Handicap,12443131,Adelaide (W),1.5,LOSER,0,114,Adelaide (W),v Sydney (W),-8,53,61,1.01,,,1.01,,,1.46,,,,
2026-08-16 00:00:00.000 Z,Women's AFL/Adelaide (W) v Sydney (W),35926579,HANDICAP,261031977,Handicap,47691797,Sydney (W),1.5,WINNER,1,114,Adelaide (W),v Sydney (W),-8,53,61,2,,,2.08,,,2.16,,,,
2026-08-16 00:00:00.000 Z,Women's AFL/Adelaide (W) v Sydney (W),35926579,HANDICAP,261031977,Handicap,12443131,Adelaide (W),2.5,LOSER,0,114,Adelaide (W),v Sydney (W),-8,53,61,1.01,,,1.01,,,1.42,,,,
2026-08-16 00:00:00.000 Z,Women's AFL/Adelaide (W) v Sydney (W),35926579,HANDICAP,261031977,Handicap,47691797,Sydney (W),2.5,WINNER,1,114,Adelaide (W),v Sydney (W),-8,53,61,1.95,,,2.02,,,1.01,,,,
2026-08-16 00:00:00.000 Z,Women's AFL/Adelaide (W) v Sydney (W),35926579,HANDICAP,261031977,Handicap,12443131,Adelaide (W),3.5,LOSER,0,114,Adelaide (W),v Sydney (W),-8,53,61,1.01,,,1.01,,,1.39,,,,
2026-08-16 00:00:00.000 Z,Women's AFL/Adelaide (W) v Sydney (W),35926579,HANDICAP,261031977,Handicap,47691797,Sydney (W),3.5,WINNER,1,114,Adelaide (W),v Sydney (W),-8,53,61,,,,1.82,,,1.62,,0.19,0.19,2
2026-08-16 00:00:00.000 Z,Women's AFL/Adelaide (W) v Sydney (W),35926579,HANDICAP,261031977,Handicap,12443131,Adelaide (W),4.5,LOSER,0,114,Adelaide (W),v Sydney (W),-8,53,61,1.39,,,1.39,,,1.37,,,,
2026-08-16 00:00:00.000 Z,Women's AFL/Adelaide (W) v Sydney (W),35926579,HANDICAP,261031977,Handicap,47691797,Sydney (W),4.5,WINNER,1,114,Adelaide (W),v Sydney (W),-8,53,61,,,,,,,1.61,,,,
2026-08-16 00:00:00.000 Z,Women's AFL/Adelaide (W) v Sydney (W),35926579,HANDICAP,261031977,Handicap,12443131,Adelaide (W),5.5,LOSER,0,114,Adelaide (W),v Sydney (W),-8,53,61,1.01,,,1.01,,,1.33,,,,
2026-08-16 00:00:00.000 Z,Women's AFL/Adelaide (W) v Sydney (W),35926579,HANDICAP,261031977,Handicap,47691797,Sydney (W),5.5,WINNER,1,114,Adelaide (W),v Sydney (W),-8,53,61,1.59,,,,,,1.6,,,,
2026-08-16 00:00:00.000 Z,Women's AFL/Adelaide (W) v Sydney (W),35926579,HANDICAP,261031977,Handicap,12443131,Adelaide (W),6.5,LOSER,0,114,Adelaide (W),v Sydney (W),-8,53,61,1.01,,,1.01,,,1.3,,,,
2026-08-16 00:00:00.000 Z,Women's AFL/Adelaide (W) v Sydney (W),35926579,HANDICAP,261031977,Handicap,47691797,Sydney (W),6.5,WINNER,1,114,Adelaide (W),v Sydney (W),-8,53,61,,,,,,,1.59,,,,
2026-08-16 00:00:00.000 Z,Women's AFL/Adelaide (W) v Sydney (W),35926579,HANDICAP,261031977,Handicap,12443131,Adelaide (W),7.5,LOSER,0,114,Adelaide (W),v Sydney (W),-8,53,61,1.01,,,1.01,,,1.27,,,,
2026-08-16 00:00:00.000 Z,Women's AFL/Adelaide (W) v Sydney (W),35926579,HANDICAP,261031977,Handicap,47691797,Sydney (W),7.5,WINNER,1,114,Adelaide (W),v Sydney (W),-8,53,61,1.52,,,,,,1.58,,,,
2026-08-16 00:00:00.000 Z,Women's AFL/Adelaide (W) v Sydney (W),35926579,HANDICAP,261031977,Handicap,47691797,Sydney (W),8.5,WINNER,1,114,Adelaide (W),v Sydney (W),-8,53,61,,,,,,,1.54,,,,
2026-08-16 00:00:00.000 Z,Women's AFL/Adelaide (W) v Sydney (W),35926579,HANDICAP,261031977,Handicap,12443131,Adelaide (W),8.5,WINNER,1,114,Adelaide (W),v Sydney (W),-8,53,61,1.01,,,1.01,,,1.24,,,,
2026-08-16 00:00:00.000 Z,Women's AFL/Adelaide (W) v Sydney (W),35926579,HANDICAP,261031977,Handicap,47691797,Sydney (W),9.5,WINNER,1,114,Adelaide (W),v Sydney (W),-8,53,61,,,,,,,1.5,,,,
2026-08-16 00:00:00.000 Z,Women's AFL/Adelaide (W) v Sydney (W),35926579,HANDICAP,261031977,Handicap,12443131,Adelaide (W),9.5,WINNER,1,114,Adelaide (W),v Sydney (W),-8,53,61,1.01,,,1.01,,,1.23,,,,
2026-08-16 00:00:00.000 Z,Women's AFL/Adelaide (W) v Sydney (W),35926579,HANDICAP,261031977,Handicap,12443131,Adelaide (W),10.5,WINNER,1,114,Adelaide (W),v Sydney (W),-8,53,61,1.23,,,1.23,,,1.21,,,,
2026-08-16 00:00:00.000 Z,Women's AFL/Adelaide (W) v Sydney (W),35926579,HANDICAP,261031977,Handicap,47691797,Sydney (W),10.5,WINNER,1,114,Adelaide (W),v Sydney (W),-8,53,61,,,,,,,1.46,,,,
2026-08-16 00:00:00.000 Z,Women's AFL/Adelaide (W) v Sydney (W),35926579,HANDICAP,261031977,Handicap,47691797,Sydney (W),11.5,WINNER,1,114,Adelaide (W),v Sydney (W),-8,53,61,,,,,,,1.42,,,,
2026-08-16 00:00:00.000 Z,Women's AFL/Adelaide (W) v Sydney (W),35926579,HANDICAP,261031977,Handicap,12443131,Adelaide (W),11.5,WINNER,1,114,Adelaide (W),v Sydney (W),-8,53,61,1.01,,,1.01,,,1.18,,,,
2026-08-16 00:00:00.000 Z,Women's AFL/Adelaide (W) v Sydney (W),35926579,HANDICAP,261031977,Handicap,47691797,Sydney (W),12.5,WINNER,1,114,Adelaide (W),v Sydney (W),-8,53,61,,,,,,,1.39,,,,
2026-08-16 00:00:00.000 Z,Women's AFL/Adelaide (W) v Sydney (W),35926579,HANDICAP,261031977,Handicap,12443131,Adelaide (W),12.5,WINNER,1,114,Adelaide (W),v Sydney (W),-8,53,61,1.01,,,1.01,,,1.16,,,,
2026-08-16 00:00:00.000 Z,Women's AFL/Adelaide (W) v Sydney (W),35926579,HANDICAP,261031977,Handicap,47691797,Sydney (W),13.5,WINNER,1,114,Adelaide (W),v Sydney (W),-8,53,61,1.33,,,1.33,,,1.36,,,,
2026-08-16 00:00:00.000 Z,Women's AFL/Adelaide (W) v Sydney (W),35926579,HANDICAP,261031977,Handicap,12443131,Adelaide (W),13.5,WINNER,1,114,Adelaide (W),v Sydney (W),-8,53,61,1.01,,,1.01,,,1.14,,,,
2026-08-16 00:00:00.000 Z,Women's AFL/Adelaide (W) v Sydney (W),35926579,HANDICAP,261031977,Handicap,47691797,Sydney (W),14.5,WINNER,1,114,Adelaide (W),v Sydney (W),-8,53,61,,,,,,,1.33,,,,
2026-08-16 00:00:00.000 Z,Women's AFL/Adelaide (W) v Sydney (W),35926579,HANDICAP,261031977,Handicap,12443131,Adelaide (W),14.5,WINNER,1,114,Adelaide (W),v Sydney (W),-8,53,61,1.01,,,1.01,,,1.13,,,,
2026-08-16 00:00:00.000 Z,Women's AFL/Adelaide (W) v Sydney (W),35926579,HANDICAP,261031977,Handicap,47691797,Sydney (W),15.5,WINNER,1,114,Adelaide (W),v Sydney (W),-8,53,61,,,,,,,1.3,,,,
2026-08-16 00:00:00.000 Z,Women's AFL/Adelaide (W) v Sydney (W),35926579,HANDICAP,261031977,Handicap,12443131,Adelaide (W),15.5,WINNER,1,114,Adelaide (W),v Sydney (W),-8,53,61,1.01,,,1.01,,,1.12,,,,
2026-08-16 00:00:00.000 Z,Women's AFL/Adelaide (W) v Sydney (W),35926579,HANDICAP,261031977,Handicap,12443131,Adelaide (W),16.5,WINNER,1,114,Adelaide (W),v Sydney (W),-8,53,61,1.12,,,1.01,,,1.11,,,,
2026-08-16 00:00:00.000 Z,Women's AFL/Adelaide (W) v Sydney (W),35926579,HANDICAP,261031977,Handicap,47691797,Sydney (W),16.5,WINNER,1,114,Adelaide (W),v Sydney (W),-8,53,61,,,,,,,1.28,,,,
2026-08-16 00:00:00.000 Z,Women's AFL/Adelaide (W) v Sydney (W),35926579,HANDICAP,261031977,Handicap,12443131,Adelaide (W),17.5,WINNER,1,114,Adelaide (W),v Sydney (W),-8,53,61,1.01,,,1.01,,,1.1,,,,
2026-08-16 00:00:00.000 Z,Women's AFL/Adelaide (W) v Sydney (W),35926579,HANDICAP,261031977,Handicap,47691797,Sydney (W),17.5,WINNER,1,114,Adelaide (W),v Sydney (W),-8,53,61,,,,,,,1.26,,,,
2026-08-16 00:00:00.000 Z,Women's AFL/Adelaide (W) v Sydney (W),35926579,HANDICAP,261031977,Handicap,12443131,Adelaide (W),18.5,WINNER,1,114,Adelaide (W),v Sydney (W),-8,53,61,1.01,,,1.01,,,1.09,,,,
2026-08-16 00:00:00.000 Z,Women's AFL/Adelaide (W) v Sydney (W),35926579,HANDICAP,261031977,Handicap,47691797,Sydney (W),18.5,WINNER,1,114,Adelaide (W),v Sydney (W),-8,53,61,,,,,,,1.24,,,,
2026-08-16 00:00:00.000 Z,Women's AFL/Adelaide (W) v Sydney (W),35926579,HANDICAP,261031977,Handicap,12443131,Adelaide (W),19.5,WINNER,1,114,Adelaide (W),v Sydney (W),-8,53,61,1.01,,,1.01,,,1.08,,,,
2026-08-16 00:00:00.000 Z,Women's AFL/Adelaide (W) v Sydney (W),35926579,HANDICAP,261031977,Handicap,47691797,Sydney (W),19.5,WINNER,1,114,Adelaide (W),v Sydney (W),-8,53,61,1.18,,,,,,1.23,,,,
2026-08-16 00:00:00.000 Z,Women's AFL/Adelaide (W) v Sydney (W),35926579,HANDICAP,261031977,Handicap,12443131,Adelaide (W),20.5,WINNER,1,114,Adelaide (W),v Sydney (W),-8,53,61,1.01,,,1.01,,,1.07,,,,
2026-08-16 00:00:00.000 Z,Women's AFL/Adelaide (W) v Sydney (W),35926579,HANDICAP,261031977,Handicap,47691797,Sydney (W),20.5,WINNER,1,114,Adelaide (W),v Sydney (W),-8,53,61,,,,,,,1.21,,,,
2026-08-16 00:00:00.000 Z,Women's AFL/Adelaide (W) v Sydney (W),35926579,HANDICAP,261031977,Handicap,47691797,Sydney (W),21.5,WINNER,1,114,Adelaide (W),v Sydney (W),-8,53,61,,,,,,,1.18,,,,
2026-08-16 00:00:00.000 Z,Women's AFL/Adelaide (W) v Sydney (W),35926579,HANDICAP,261031977,Handicap,12443131,Adelaide (W),21.5,WINNER,1,114,Adelaide (W),v Sydney (W),-8,53,61,1.01,,,1.01,,,1.06,,,,
2026-08-16 00:00:00.000 Z,Women's AFL/Adelaide (W) v Sydney (W),35926579,HANDICAP,261031977,Handicap,47691797,Sydney (W),22.5,WINNER,1,114,Adelaide (W),v Sydney (W),-8,53,61,,,,,,,1.16,,,,
2026-08-16 00:00:00.000 Z,Women's AFL/Adelaide (W) v Sydney (W),35926579,HANDICAP,261031977,Handicap,12443131,Adelaide (W),22.5,WINNER,1,114,Adelaide (W),v Sydney (W),-8,53,61,1.06,,,1.01,,,1.05,,,,
2026-08-16 00:00:00.000 Z,Women's AFL/Adelaide (W) v Sydney (W),35926579,HANDICAP,261031977,Handicap,47691797,Sydney (W),23.5,WINNER,1,114,Adelaide (W),v Sydney (W),-8,53,61,,,,,,,1.14,,,,
2026-08-16 00:00:00.000 Z,Women's AFL/Adelaide (W) v Sydney (W),35926579,HANDICAP,261031977,Handicap,12443131,Adelaide (W),23.5,WINNER,1,114,Adelaide (W),v Sydney (W),-8,53,61,1.01,,,1.01,,,1.04,,,,
2026-08-16 00:00:00.000 Z,Women's AFL/Adelaide (W) v Sydney (W),35926579,HANDICAP,261031977,Handicap,12443131,Adelaide (W),24.5,WINNER,1,114,Adelaide (W),v Sydney (W),-8,53,61,1.01,,,1.01,,,1.03,,,,
2026-08-16 00:00:00.000 Z,Women's AFL/Adelaide (W) v Sydney (W),35926579,HANDICAP,261031977,Handicap,47691797,Sydney (W),24.5,WINNER,1,114,Adelaide (W),v Sydney (W),-8,53,61,,,,,,,1.13,,,,
2026-08-16 00:00:00.000 Z,Women's AFL/Adelaide (W) v Sydney (W),35926579,HANDICAP,261031977,Handicap,12443131,Adelaide (W),25.5,WINNER,1,114,Adelaide (W),v Sydney (W),-8,53,61,1.01,,,1.01,,,1.02,,,,
2026-08-16 00:00:00.000 Z,Women's AFL/Adelaide (W) v Sydney (W),35926579,HANDICAP,261031977,Handicap,47691797,Sydney (W),25.5,WINNER,1,114,Adelaide (W),v Sydney (W),-8,53,61,1.1,,,,,,1.12,,,,
2026-08-16 00:00:00.000 Z,Women's AFL/Adelaide (W) v Sydney (W),35926579,HANDICAP,261031977,Handicap,12443131,Adelaide (W),26.5,WINNER,1,114,Adelaide (W),v Sydney (W),-8,53,61,1.01,,,1.01,,,1.01,,,,
2026-08-16 00:00:00.000 Z,Women's AFL/Adelaide (W) v Sydney (W),35926579,HANDICAP,261031977,Handicap,47691797,Sydney (W),26.5,WINNER,1,114,Adelaide (W),v Sydney (W),-8,53,61,,,,,,,1.11,,,,
2026-08-16 00:00:00.000 Z,Women's AFL/Adelaide (W) v Sydney (W),35926579,HANDICAP,261031977,Handicap,47691797,Sydney (W),27.5,WINNER,1,114,Adelaide (W),v Sydney (W),-8,53,61,,,,,,,1.1,,,,
2026-08-16 00:00:00.000 Z,Women's AFL/Adelaide (W) v Sydney (W),35926579,HANDICAP,261031977,Handicap,12443131,Adelaide (W),27.5,WINNER,1,114,Adelaide (W),v Sydney (W),-8,53,61,1.01,,,1.01,,,1.01,,,,
2026-08-16 00:00:00.000 Z,Women's AFL/Adelaide (W) v Sydney (W),35926579,HANDICAP,261031977,Handicap,12443131,Adelaide (W),28.5,WINNER,1,114,Adelaide (W),v Sydney (W),-8,53,61,1.01,,,1.01,,,1.01,,,,
2026-08-16 00:00:00.000 Z,Women's AFL/Adelaide (W) v Sydney (W),35926579,HANDICAP,261031977,Handicap,47691797,Sydney (W),28.5,WINNER,1,114,Adelaide (W),v Sydney (W),-8,53,61,,,,,,,1.09,,,,
2026-08-16 00:00:00.000 Z,Women's AFL/Adelaide (W) v Sydney (W),35926579,HANDICAP,261031977,Handicap,47691797,Sydney (W),29.5,WINNER,1,114,Adelaide (W),v Sydney (W),-8,53,61,,,,,,,1.08,,,,
2026-08-16 00:00:00.000 Z,Women's AFL/Adelaide (W) v Sydney (W),35926579,HANDICAP,261031977,Handicap,12443131,Adelaide (W),29.5,WINNER,1,114,Adelaide (W),v Sydney (W),-8,53,61,1.01,,,1.01,,,1.01,,,,
2026-08-16 00:00:00.000 Z,Women's AFL/Adelaide (W) v Sydney (W),35926579,HANDICAP,261031977,Handicap,12443131,Adelaide (W),30.5,WINNER,1,114,Adelaide (W),v Sydney (W),-8,53,61,1.01,,,1.01,,,1.01,,,,
2026-08-16 00:00:00.000 Z,Women's AFL/Adelaide (W) v Sydney (W),35926579,HANDICAP,261031977,Handicap,47691797,Sydney (W),30.5,WINNER,1,114,Adelaide (W),v Sydney (W),-8,53,61,,,,,,,1.07,,,,
2026-08-16 00:00:00.000 Z,Women's AFL/Adelaide (W) v Sydney (W),35926579,HANDICAP,261031977,Handicap,47691797,Sydney (W),31.5,WINNER,1,114,Adelaide (W),v Sydney (W),-8,53,61,1.04,,,,,,1.06,,,,
2026-08-16 00:00:00.000 Z,Women's AFL/Adelaide (W) v Sydney (W),35926579,HANDICAP,261031977,Handicap,12443131,Adelaide (W),31.5,WINNER,1,114,Adelaide (W),v Sydney (W),-8,53,61,1.01,,,1.01,,,1.01,,,,
2026-08-16 00:00:00.000 Z,Women's AFL/Adelaide (W) v Sydney (W),35926579,HANDICAP,261031977,Handicap,12443131,Adelaide (W),32.5,WINNER,1,114,Adelaide (W),v Sydney (W),-8,53,61,1.01,,,1.01,,,1.01,,,,
2026-08-16 00:00:00.000 Z,Women's AFL/Adelaide (W) v Sydney (W),35926579,HANDICAP,261031977,Handicap,47691797,Sydney (W),32.5,WINNER,1,114,Adelaide (W),v Sydney (W),-8,53,61,,,,,,,1.05,,,,
2026-08-16 00:00:00.000 Z,Women's AFL/Adelaide (W) v Sydney (W),35926579,HANDICAP,261031977,Handicap,47691797,Sydney (W),33.5,WINNER,1,114,Adelaide (W),v Sydney (W),-8,53,61,,,,,,,1.04,,,,
2026-08-16 00:00:00.000 Z,Women's AFL/Adelaide (W) v Sydney (W),35926579,HANDICAP,261031977,Handicap,12443131,Adelaide (W),33.5,WINNER,1,114,Adelaide (W),v Sydney (W),-8,53,61,1.01,,,1.01,,,1.01,,,,
2026-08-16 00:00:00.000 Z,Women's AFL/Adelaide (W) v Sydney (W),35926579,HANDICAP,261031977,Handicap,12443131,Adelaide (W),34.5,WINNER,1,114,Adelaide (W),v Sydney (W),-8,53,61,1.01,,,1.01,,,1.01,,,,
2026-08-16 00:00:00.000 Z,Women's AFL/Adelaide (W) v Sydney (W),35926579,HANDICAP,261031977,Handicap,47691797,Sydney (W),34.5,WINNER,1,114,Adelaide (W),v Sydney (W),-8,53,61,,,,,,,1.03,,,,
2026-08-16 00:00:00.000 Z,Women's AFL/Adelaide (W) v Sydney (W),35926579,HANDICAP,261031977,Handicap,12443131,Adelaide (W),35.5,WINNER,1,114,Adelaide (W),v Sydney (W),-8,53,61,1.01,,,1.01,,,1.01,,,,
2026-08-16 00:00:00.000 Z,Women's AFL/Adelaide (W) v Sydney (W),35926579,HANDICAP,261031977,Handicap,47691797,Sydney (W),35.5,WINNER,1,114,Adelaide (W),v Sydney (W),-8,53,61,,,,,,,1.02,,,,
2026-08-16 00:00:00.000 Z,Women's AFL/Adelaide (W) v Sydney (W),35926579,HANDICAP,261031977,Handicap,12443131,Adelaide (W),36.5,WINNER,1,114,Adelaide (W),v Sydney (W),-8,53,61,1.01,,,1.01,,,1.01,,,,
2026-08-16 00:00:00.000 Z,Women's AFL/Adelaide (W) v Sydney (W),35926579,HANDICAP,261031977,Handicap,47691797,Sydney (W),36.5,WINNER,1,114,Adelaide (W),v Sydney (W),-8,53,61,,,,,,,1.01,,,,
2026-08-16 00:00:00.000 Z,Women's AFL/Adelaide (W) v Sydney (W),35926579,HANDICAP,261031977,Handicap,12443131,Adelaide (W),37.5,WINNER,1,114,Adelaide (W),v Sydney (W),-8,53,61,1.01,,,1.01,,,1.01,,,,
2026-08-16 00:00:00.000 Z,Women's AFL/Adelaide (W) v Sydney (W),35926579,HANDICAP,261031977,Handicap,47691797,Sydney (W),37.5,WINNER,1,114,Adelaide (W),v Sydney (W),-8,53,61,,,,,,,,,,,
2026-08-16 00:00:00.000 Z,Women's AFL/Adelaide (W) v Sydney (W),35926579,HANDICAP,261031977,Handicap,47691797,Sydney (W),38.5,WINNER,1,114,Adelaide (W),v Sydney (W),-8,53,61,,,,,,,,,,,
2026-08-16 00:00:00.000 Z,Women's AFL/Adelaide (W) v Sydney (W),35926579,HANDICAP,261031977,Handicap,12443131,Adelaide (W),38.5,WINNER,1,114,Adelaide (W),v Sydney (W),-8,53,61,1.01,,,1.01,,,1.01,,,,
2026-08-16 00:00:00.000 Z,Women's AFL/Adelaide (W) v Sydney (W),35926579,HANDICAP,261031977,Handicap,12443131,Adelaide (W),39.5,WINNER,1,114,Adelaide (W),v Sydney (W),-8,53,61,1.01,,,1.01,,,1.01,,,,
2026-08-16 00:00:00.000 Z,Women's AFL/Adelaide (W) v Sydney (W),35926579,HANDICAP,261031977,Handicap,47691797,Sydney (W),39.5,WINNER,1,114,Adelaide (W),v Sydney (W),-8,53,61,,,,,,,,,,,
2026-08-16 00:00:00.000 Z,Women's AFL/Adelaide (W) v Sydney (W),35926579,HANDICAP,261031977,Handicap,12443131,Adelaide (W),40.5,WINNER,1,114,Adelaide (W),v Sydney (W),-8,53,61,1.01,,,1.01,,,1.01,,,,
2026-08-16 00:00:00.000 Z,Women's AFL/Adelaide (W) v Sydney (W),35926579,HANDICAP,261031977,Handicap,47691797,Sydney (W),40.5,WINNER,1,114,Adelaide (W),v Sydney (W),-8,53,61,,,,,,,,,,,
2026-08-16 00:00:00.000 Z,Women's AFL/Adelaide (W) v Sydney (W),35926579,HANDICAP,261031977,Handicap,47691797,Sydney (W),41.5,WINNER,1,114,Adelaide (W),v Sydney (W),-8,53,61,,,,,,,,,,,
2026-08-16 00:00:00.000 Z,Women's AFL/Adelaide (W) v Sydney (W),35926579,HANDICAP,261031977,Handicap,12443131,Adelaide (W),41.5,WINNER,1,114,Adelaide (W),v Sydney (W),-8,53,61,1.01,,,1.01,,,1.01,,,,
2026-08-16 00:00:00.000 Z,Women's AFL/Adelaide (W) v Sydney (W),35926579,HANDICAP,261031977,Handicap,47691797,Sydney (W),42.5,WINNER,1,114,Adelaide (W),v Sydney (W),-8,53,61,,,,,,,,,,,
2026-08-16 00:00:00.000 Z,Women's AFL/Adelaide (W) v Sydney (W),35926579,HANDICAP,261031977,Handicap,12443131,Adelaide (W),42.5,WINNER,1,114,Adelaide (W),v Sydney (W),-8,53,61,1.01,,,1.01,,,1.01,,,,
2026-08-16 00:00:00.000 Z,Women's AFL/Adelaide (W) v Sydney (W),35926579,HANDICAP,261031977,Handicap,12443131,Adelaide (W),43.5,WINNER,1,114,Adelaide (W),v Sydney (W),-8,53,61,1.01,,,1.01,,,1.01,,,,
2026-08-16 00:00:00.000 Z,Women's AFL/Adelaide (W) v Sydney (W),35926579,HANDICAP,261031977,Handicap,47691797,Sydney (W),43.5,WINNER,1,114,Adelaide (W),v Sydney (W),-8,53,61,,,,,,,,,,,
2026-08-16 00:00:00.000 Z,Women's AFL/Adelaide (W) v Sydney (W),35926579,HANDICAP,261031977,Handicap,47691797,Sydney (W),44.5,WINNER,1,114,Adelaide (W),v Sydney (W),-8,53,61,,,,,,,,,,,
2026-08-16 00:00:00.000 Z,Women's AFL/Adelaide (W) v Sydney (W),35926579,HANDICAP,261031977,Handicap,12443131,Adelaide (W),44.5,WINNER,1,114,Adelaide (W),v Sydney (W),-8,53,61,1.01,,,1.01,,,1.01,,,,
2026-08-16 00:00:00.000 Z,Women's AFL/Adelaide (W) v Sydney (W),35926579,HANDICAP,261031977,Handicap,47691797,Sydney (W),45.5,WINNER,1,114,Adelaide (W),v Sydney (W),-8,53,61,,,,,,,,,,,
2026-08-16 00:00:00.000 Z,Women's AFL/Adelaide (W) v Sydney (W),35926579,HANDICAP,261031977,Handicap,12443131,Adelaide (W),45.5,WINNER,1,114,Adelaide (W),v Sydney (W),-8,53,61,,,,,,,,,,,
2026-08-16 00:00:00.000 Z,Women's AFL/Adelaide (W) v Sydney (W),35926579,HANDICAP,261031977,Handicap,12443131,Adelaide (W),46.5,WINNER,1,114,Adelaide (W),v Sydney (W),-8,53,61,1.01,,,1.01,,,1.01,,,,
2026-08-16 00:00:00.000 Z,Women's AFL/Adelaide (W) v Sydney (W),35926579,HANDICAP,261031977,Handicap,47691797,Sydney (W),46.5,WINNER,1,114,Adelaide (W),v Sydney (W),-8,53,61,,,,,,,,,,,
2026-08-16 00:00:00.000 Z,Women's AFL/Adelaide (W) v Sydney (W),35926579,HANDICAP,261031977,Handicap,47691797,Sydney (W),47.5,WINNER,1,114,Adelaide (W),v Sydney (W),-8,53,61,,,,,,,,,,,
2026-08-16 00:00:00.000 Z,Women's AFL/Adelaide (W) v Sydney (W),35926579,HANDICAP,261031977,Handicap,12443131,Adelaide (W),47.5,WINNER,1,114,Adelaide (W),v Sydney (W),-8,53,61,1.01,,,1.01,,,1.01,,,,
2026-08-16 00:00:00.000 Z,Women's AFL/Adelaide (W) v Sydney (W),35926579,HANDICAP,261031977,Handicap,47691797,Sydney (W),48.5,WINNER,1,114,Adelaide (W),v Sydney (W),-8,53,61,,,,,,,,,,,
2026-08-16 00:00:00.000 Z,Women's AFL/Adelaide (W) v Sydney (W),35926579,HANDICAP,261031977,Handicap,12443131,Adelaide (W),48.5,WINNER,1,114,Adelaide (W),v Sydney (W),-8,53,61,1.01,,,1.01,,,1.01,,,,
2026-08-16 00:00:00.000 Z,Women's AFL/Adelaide (W) v Sydney (W),35926579,HANDICAP,261031977,Handicap,47691797,Sydney (W),49.5,WINNER,1,114,Adelaide (W),v Sydney (W),-8,53,61,,,,,,,,,,,
2026-08-16 00:00:00.000 Z,Women's AFL/Adelaide (W) v Sydney (W),35926579,HANDICAP,261031977,Handicap,12443131,Adelaide (W),49.5,WINNER,1,114,Adelaide (W),v Sydney (W),-8,53,61,1.01,,,1.01,,,1.01,,,,
2026-08-16 00:00:00.000 Z,Women's AFL/Adelaide (W) v Sydney (W),35926579,HANDICAP,261031977,Handicap,12443131,Adelaide (W),50.5,WINNER,1,114,Adelaide (W),v Sydney (W),-8,53,61,1.01,,,1.01,,,1.01,,,,
2026-08-16 00:00:00.000 Z,Women's AFL/Adelaide (W) v Sydney (W),35926579,HANDICAP,261031977,Handicap,47691797,Sydney (W),50.5,WINNER,1,114,Adelaide (W),v Sydney (W),-8,53,61,,,,,,,,,,,
2026-08-16 00:00:00.000 Z,Women's AFL/Adelaide (W) v Sydney (W),35926579,HANDICAP,261031977,Handicap,47691797,Sydney (W),51.5,WINNER,1,114,Adelaide (W),v Sydney (W),-8,53,61,,,,,,,,,,,
2026-08-16 00:00:00.000 Z,Women's AFL/Adelaide (W) v Sydney (W),35926579,HANDICAP,261031977,Handicap,12443131,Adelaide (W),51.5,WINNER,1,114,Adelaide (W),v Sydney (W),-8,53,61,1.01,,,1.01,,,1.01,,,,
2026-08-16 00:00:00.000 Z,Women's AFL/Adelaide (W) v Sydney (W),35926579,HANDICAP,261031977,Handicap,12443131,Adelaide (W),52.5,WINNER,1,114,Adelaide (W),v Sydney (W),-8,53,61,1.01,,,1.01,,,1.01,,,,
2026-08-16 00:00:00.000 Z,Women's AFL/Adelaide (W) v Sydney (W),35926579,HANDICAP,261031977,Handicap,47691797,Sydney (W),52.5,WINNER,1,114,Adelaide (W),v Sydney (W),-8,53,61,,,,,,,,,,,
2026-08-16 00:00:00.000 Z,Women's AFL/Adelaide (W) v Sydney (W),35926579,HANDICAP,261031977,Handicap,47691797,Sydney (W),53.5,WINNER,1,114,Adelaide (W),v Sydney (W),-8,53,61,,,,,,,,,,,
2026-08-16 00:00:00.000 Z,Women's AFL/Adelaide (W) v Sydney (W),35926579,HANDICAP,261031977,Handicap,12443131,Adelaide (W),53.5,WINNER,1,114,Adelaide (W),v Sydney (W),-8,53,61,1.01,,,1.01,,,1.01,,,,
2026-08-16 00:00:00.000 Z,Women's AFL/Adelaide (W) v Sydney (W),35926579,HANDICAP,261031977,Handicap,12443131,Adelaide (W),54.5,WINNER,1,114,Adelaide (W),v Sydney (W),-8,53,61,1.01,,,1.01,,,1.01,,,,
2026-08-16 00:00:00.000 Z,Women's AFL/Adelaide (W) v Sydney (W),35926579,HANDICAP,261031977,Handicap,47691797,Sydney (W),54.5,WINNER,1,114,Adelaide (W),v Sydney (W),-8,53,61,,,,,,,,,,,
2026-08-16 00:00:00.000 Z,Women's AFL/Adelaide (W) v Sydney (W),35926579,HANDICAP,261031977,Handicap,47691797,Sydney (W),55.5,WINNER,1,114,Adelaide (W),v Sydney (W),-8,53,61,,,,,,,,,,,
2026-08-16 00:00:00.000 Z,Women's AFL/Adelaide (W) v Sydney (W),35926579,HANDICAP,261031977,Handicap,12443131,Adelaide (W),55.5,WINNER,1,114,Adelaide (W),v Sydney (W),-8,53,61,1.01,,,1.01,,,1.01,,,,
2026-08-16 00:00:00.000 Z,Women's AFL/Adelaide (W) v Sydney (W),35926579,HANDICAP,261031977,Handicap,47691797,Sydney (W),56.5,WINNER,1,114,Adelaide (W),v Sydney (W),-8,53,61,,,,,,,,,,,
2026-08-16 00:00:00.000 Z,Women's AFL/Adelaide (W) v Sydney (W),35926579,HANDICAP,261031977,Handicap,12443131,Adelaide (W),56.5,WINNER,1,114,Adelaide (W),v Sydney (W),-8,53,61,1.01,,,1.01,,,1.01,,,,
2026-08-16 00:00:00.000 Z,Women's AFL/Adelaide (W) v Sydney (W),35926579,HANDICAP,261031977,Handicap,47691797,Sydney (W),57.5,WINNER,1,114,Adelaide (W),v Sydney (W),-8,53,61,,,,,,,,,,,
2026-08-16 00:00:00.000 Z,Women's AFL/Adelaide (W) v Sydney (W),35926579,HANDICAP,261031977,Handicap,12443131,Adelaide (W),57.5,WINNER,1,114,Adelaide (W),v Sydney (W),-8,53,61,1.01,,,1.01,,,1.01,,,,
2026-08-16 00:00:00.000 Z,Women's AFL/Adelaide (W) v Sydney (W),35926579,HANDICAP,261031977,Handicap,12443131,Adelaide (W),58.5,WINNER,1,114,Adelaide (W),v Sydney (W),-8,53,61,1.01,,,1.01,,,1.01,,,,
2026-08-16 00:00:00.000 Z,Women's AFL/Adelaide (W) v Sydney (W),35926579,HANDICAP,261031977,Handicap,47691797,Sydney (W),58.5,WINNER,1,114,Adelaide (W),v Sydney (W),-8,53,61,,,,,,,,,,,
2026-08-16 00:00:00.000 Z,Women's AFL/Adelaide (W) v Sydney (W),35926579,HANDICAP,261031977,Handicap,47691797,Sydney (W),59.5,WINNER,1,114,Adelaide (W),v Sydney (W),-8,53,61,,,,,,,,,,,
2026-08-16 00:00:00.000 Z,Women's AFL/Adelaide (W) v Sydney (W),35926579,HANDICAP,261031977,Handicap,12443131,Adelaide (W),59.5,WINNER,1,114,Adelaide (W),v Sydney (W),-8,53,61,,,,,,,,,,,
2026-08-16 00:00:00.000 Z,Women's AFL/Adelaide (W) v Sydney (W),35926579,MATCH_ODDS,261031976,Match Odds,12443131,Adelaide (W),0,LOSER,0,114,Adelaide (W),v Sydney (W),-8,53,61,1.61,1.72,110.61,1.66,1.85,701.86,1.62,1.83,1299.87,1848.41,1.68
2026-08-16 00:00:00.000 Z,Women's AFL/Adelaide (W) v Sydney (W),35926579,MATCH_ODDS,261031976,Match Odds,47691797,Sydney (W),0,WINNER,1,114,Adelaide (W),v Sydney (W),-8,53,61,2.38,,23.04,2.42,2.64,496.51,2.46,2.58,1006.42,1012.57,2.48
2026-08-16 00:00:00.000 Z,Women's AFL/Adelaide (W) v Sydney (W),35926579,COMBINED_TOTAL,261032098,Total Points,8435233,Under,20.5,LOSER,0,114,Adelaide (W),v Sydney (W),-8,53,61,1.01,,,1.01,,,1.01,,,,
2026-08-16 00:00:00.000 Z,Women's AFL/Adelaide (W) v Sydney (W),35926579,COMBINED_TOTAL,261032098,Total Points,8435232,Over,20.5,WINNER,1,114,Adelaide (W),v Sydney (W),-8,53,61,,,,,,,,,,,
2026-08-16 00:00:00.000 Z,Women's AFL/Adelaide (W) v Sydney (W),35926579,COMBINED_TOTAL,261032098,Total Points,8435233,Under,21.5,LOSER,0,114,Adelaide (W),v Sydney (W),-8,53,61,1.01,,,1.01,,,1.01,,,,
2026-08-16 00:00:00.000 Z,Women's AFL/Adelaide (W) v Sydney (W),35926579,COMBINED_TOTAL,261032098,Total Points,8435232,Over,21.5,WINNER,1,114,Adelaide (W),v Sydney (W),-8,53,61,,,,,,,,,,,
2026-08-16 00:00:00.000 Z,Women's AFL/Adelaide (W) v Sydney (W),35926579,COMBINED_TOTAL,261032098,Total Points,8435233,Under,22.5,LOSER,0,114,Adelaide (W),v Sydney (W),-8,53,61,1.01,,,1.01,,,1.01,,,,
2026-08-16 00:00:00.000 Z,Women's AFL/Adelaide (W) v Sydney (W),35926579,COMBINED_TOTAL,261032098,Total Points,8435232,Over,22.5,WINNER,1,114,Adelaide (W),v Sydney (W),-8,53,61,,,,,,,,,,,
2026-08-16 00:00:00.000 Z,Women's AFL/Adelaide (W) v Sydney (W),35926579,COMBINED_TOTAL,261032098,Total Points,8435233,Under,23.5,LOSER,0,114,Adelaide (W),v Sydney (W),-8,53,61,1.01,,,1.01,,,1.01,,,,
2026-08-16 00:00:00.000 Z,Women's AFL/Adelaide (W) v Sydney (W),35926579,COMBINED_TOTAL,261032098,Total Points,8435232,Over,23.5,WINNER,1,114,Adelaide (W),v Sydney (W),-8,53,61,,,,,,,,,,,
2026-08-16 00:00:00.000 Z,Women's AFL/Adelaide (W) v Sydney (W),35926579,COMBINED_TOTAL,261032098,Total Points,8435233,Under,24.5,LOSER,0,114,Adelaide (W),v Sydney (W),-8,53,61,1.01,,,1.01,,,1.01,,,,
2026-08-16 00:00:00.000 Z,Women's AFL/Adelaide (W) v Sydney (W),35926579,COMBINED_TOTAL,261032098,Total Points,8435232,Over,24.5,WINNER,1,114,Adelaide (W),v Sydney (W),-8,53,61,,,,,,,,,,,
2026-08-16 00:00:00.000 Z,Women's AFL/Adelaide (W) v Sydney (W),35926579,COMBINED_TOTAL,261032098,Total Points,8435233,Under,25.5,LOSER,0,114,Adelaide (W),v Sydney (W),-8,53,61,1.01,,,1.01,,,1.01,,,,
2026-08-16 00:00:00.000 Z,Women's AFL/Adelaide (W) v Sydney (W),35926579,COMBINED_TOTAL,261032098,Total Points,8435232,Over,25.5,WINNER,1,114,Adelaide (W),v Sydney (W),-8,53,61,,,,,,,,,,,
2026-08-16 00:00:00.000 Z,Women's AFL/Adelaide (W) v Sydney (W),35926579,COMBINED_TOTAL,261032098,Total Points,8435233,Under,26.5,LOSER,0,114,Adelaide (W),v Sydney (W),-8,53,61,1.01,,,1.01,,,1.01,,,,
2026-08-16 00:00:00.000 Z,Women's AFL/Adelaide (W) v Sydney (W),35926579,COMBINED_TOTAL,261032098,Total Points,8435232,Over,26.5,WINNER,1,114,Adelaide (W),v Sydney (W),-8,53,61,,,,,,,,,,,
2026-08-16 00:00:00.000 Z,Women's AFL/Adelaide (W) v Sydney (W),35926579,COMBINED_TOTAL,261032098,Total Points,8435233,Under,27.5,LOSER,0,114,Adelaide (W),v Sydney (W),-8,53,61,1.01,,,1.01,,,1.01,,,,
2026-08-16 00:00:00.000 Z,Women's AFL/Adelaide (W) v Sydney (W),35926579,COMBINED_TOTAL,261032098,Total Points,8435232,Over,27.5,WINNER,1,114,Adelaide (W),v Sydney (W),-8,53,61,,,,,,,,,,,
2026-08-16 00:00:00.000 Z,Women's AFL/Adelaide (W) v Sydney (W),35926579,COMBINED_TOTAL,261032098,Total Points,8435233,Under,28.5,LOSER,0,114,Adelaide (W),v Sydney (W),-8,53,61,1.01,,,1.01,,,1.01,,,,
2026-08-16 00:00:00.000 Z,Women's AFL/Adelaide (W) v Sydney (W),35926579,COMBINED_TOTAL,261032098,Total Points,8435232,Over,28.5,WINNER,1,114,Adelaide (W),v Sydney (W),-8,53,61,,,,,,,,,,,
2026-08-16 00:00:00.000 Z,Women's AFL/Adelaide (W) v Sydney (W),35926579,COMBINED_TOTAL,261032098,Total Points,8435233,Under,29.5,LOSER,0,114,Adelaide (W),v Sydney (W),-8,53,61,1.01,,,1.01,,,1.01,,,,
2026-08-16 00:00:00.000 Z,Women's AFL/Adelaide (W) v Sydney (W),35926579,COMBINED_TOTAL,261032098,Total Points,8435232,Over,29.5,WINNER,1,114,Adelaide (W),v Sydney (W),-8,53,61,,,,,,,,,,,
2026-08-16 00:00:00.000 Z,Women's AFL/Adelaide (W) v Sydney (W),35926579,COMBINED_TOTAL,261032098,Total Points,8435233,Under,30.5,LOSER,0,114,Adelaide (W),v Sydney (W),-8,53,61,1.01,,,1.01,,,1.01,,,,
2026-08-16 00:00:00.000 Z,Women's AFL/Adelaide (W) v Sydney (W),35926579,COMBINED_TOTAL,261032098,Total Points,8435232,Over,30.5,WINNER,1,114,Adelaide (W),v Sydney (W),-8,53,61,,,,,,,,,,,
2026-08-16 00:00:00.000 Z,Women's AFL/Adelaide (W) v Sydney (W),35926579,COMBINED_TOTAL,261032098,Total Points,8435233,Under,31.5,LOSER,0,114,Adelaide (W),v Sydney (W),-8,53,61,1.01,,,1.01,,,1.01,,,,
2026-08-16 00:00:00.000 Z,Women's AFL/Adelaide (W) v Sydney (W),35926579,COMBINED_TOTAL,261032098,Total Points,8435232,Over,31.5,WINNER,1,114,Adelaide (W),v Sydney (W),-8,53,61,,,,,,,,,,,
2026-08-16 00:00:00.000 Z,Women's AFL/Adelaide (W) v Sydney (W),35926579,COMBINED_TOTAL,261032098,Total Points,8435233,Under,32.5,LOSER,0,114,Adelaide (W),v Sydney (W),-8,53,61,1.01,,,1.01,,,1.01,,,,
2026-08-16 00:00:00.000 Z,Women's AFL/Adelaide (W) v Sydney (W),35926579,COMBINED_TOTAL,261032098,Total Points,8435232,Over,32.5,WINNER,1,114,Adelaide (W),v Sydney (W),-8,53,61,,,,,,,,,,,
2026-08-16 00:00:00.000 Z,Women's AFL/Adelaide (W) v Sydney (W),35926579,COMBINED_TOTAL,261032098,Total Points,8435233,Under,33.5,LOSER,0,114,Adelaide (W),v Sydney (W),-8,53,61,1.01,,,1.01,,,1.01,,,,
2026-08-16 00:00:00.000 Z,Women's AFL/Adelaide (W) v Sydney (W),35926579,COMBINED_TOTAL,261032098,Total Points,8435232,Over,33.5,WINNER,1,114,Adelaide (W),v Sydney (W),-8,53,61,,,,,,,,,,,
2026-08-16 00:00:00.000 Z,Women's AFL/Adelaide (W) v Sydney (W),35926579,COMBINED_TOTAL,261032098,Total Points,8435233,Under,34.5,LOSER,0,114,Adelaide (W),v Sydney (W),-8,53,61,1.01,,,1.01,,,1.01,,,,
2026-08-16 00:00:00.000 Z,Women's AFL/Adelaide (W) v Sydney (W),35926579,COMBINED_TOTAL,261032098,Total Points,8435232,Over,34.5,WINNER,1,114,Adelaide (W),v Sydney (W),-8,53,61,,,,,,,,,,,
2026-08-16 00:00:00.000 Z,Women's AFL/Adelaide (W) v Sydney (W),35926579,COMBINED_TOTAL,261032098,Total Points,8435233,Under,35.5,LOSER,0,114,Adelaide (W),v Sydney (W),-8,53,61,1.01,,,1.01,,,1.01,,,,
2026-08-16 00:00:00.000 Z,Women's AFL/Adelaide (W) v Sydney (W),35926579,COMBINED_TOTAL,261032098,Total Points,8435232,Over,35.5,WINNER,1,114,Adelaide (W),v Sydney (W),-8,53,61,,,,,,,,,,,
2026-08-16 00:00:00.000 Z,Women's AFL/Adelaide (W) v Sydney (W),35926579,COMBINED_TOTAL,261032098,Total Points,8435233,Under,36.5,LOSER,0,114,Adelaide (W),v Sydney (W),-8,53,61,1.01,,,1.01,,,1.01,,,,
2026-08-16 00:00:00.000 Z,Women's AFL/Adelaide (W) v Sydney (W),35926579,COMBINED_TOTAL,261032098,Total Points,8435232,Over,36.5,WINNER,1,114,Adelaide (W),v Sydney (W),-8,53,61,,,,,,,,,,,
2026-08-16 00:00:00.000 Z,Women's AFL/Adelaide (W) v Sydney (W),35926579,COMBINED_TOTAL,261032098,Total Points,8435233,Under,37.5,LOSER,0,114,Adelaide (W),v Sydney (W),-8,53,61,1.01,,,1.01,,,1.01,,,,
2026-08-16 00:00:00.000 Z,Women's AFL/Adelaide (W) v Sydney (W),35926579,COMBINED_TOTAL,261032098,Total Points,8435232,Over,37.5,WINNER,1,114,Adelaide (W),v Sydney (W),-8,53,61,,,,,,,,,,,
2026-08-16 00:00:00.000 Z,Women's AFL/Adelaide (W) v Sydney (W),35926579,COMBINED_TOTAL,261032098,Total Points,8435233,Under,38.5,LOSER,0,114,Adelaide (W),v Sydney (W),-8,53,61,1.01,,,1.01,,,1.01,,,,
2026-08-16 00:00:00.000 Z,Women's AFL/Adelaide (W) v Sydney (W),35926579,COMBINED_TOTAL,261032098,Total Points,8435232,Over,38.5,WINNER,1,114,Adelaide (W),v Sydney (W),-8,53,61,,,,,,,,,,,
2026-08-16 00:00:00.000 Z,Women's AFL/Adelaide (W) v Sydney (W),35926579,COMBINED_TOTAL,261032098,Total Points,8435233,Under,39.5,LOSER,0,114,Adelaide (W),v Sydney (W),-8,53,61,,,,,,,,,,,
2026-08-16 00:00:00.000 Z,Women's AFL/Adelaide (W) v Sydney (W),35926579,COMBINED_TOTAL,261032098,Total Points,8435232,Over,39.5,WINNER,1,114,Adelaide (W),v Sydney (W),-8,53,61,,,,,,,,,,,
2026-08-16 00:00:00.000 Z,Women's AFL/Adelaide (W) v Sydney (W),35926579,COMBINED_TOTAL,261032098,Total Points,8435233,Under,40.5,LOSER,0,114,Adelaide (W),v Sydney (W),-8,53,61,1.01,,,1.01,,,1.01,,,,
2026-08-16 00:00:00.000 Z,Women's AFL/Adelaide (W) v Sydney (W),35926579,COMBINED_TOTAL,261032098,Total Points,8435232,Over,40.5,WINNER,1,114,Adelaide (W),v Sydney (W),-8,53,61,,,,,,,,,,,
2026-08-16 00:00:00.000 Z,Women's AFL/Adelaide (W) v Sydney (W),35926579,COMBINED_TOTAL,261032098,Total Points,8435233,Under,41.5,LOSER,0,114,Adelaide (W),v Sydney (W),-8,53,61,1.01,,,1.01,,,1.01,,,,
2026-08-16 00:00:00.000 Z,Women's AFL/Adelaide (W) v Sydney (W),35926579,COMBINED_TOTAL,261032098,Total Points,8435232,Over,41.5,WINNER,1,114,Adelaide (W),v Sydney (W),-8,53,61,,,,,,,,,,,
2026-08-16 00:00:00.000 Z,Women's AFL/Adelaide (W) v Sydney (W),35926579,COMBINED_TOTAL,261032098,Total Points,8435233,Under,42.5,LOSER,0,114,Adelaide (W),v Sydney (W),-8,53,61,1.01,,,1.01,,,1.01,,,,
2026-08-16 00:00:00.000 Z,Women's AFL/Adelaide (W) v Sydney (W),35926579,COMBINED_TOTAL,261032098,Total Points,8435232,Over,42.5,WINNER,1,114,Adelaide (W),v Sydney (W),-8,53,61,,,,,,,,,,,
2026-08-16 00:00:00.000 Z,Women's AFL/Adelaide (W) v Sydney (W),35926579,COMBINED_TOTAL,261032098,Total Points,8435233,Under,43.5,LOSER,0,114,Adelaide (W),v Sydney (W),-8,53,61,1.01,,,1.01,,,1.01,,,,
2026-08-16 00:00:00.000 Z,Women's AFL/Adelaide (W) v Sydney (W),35926579,COMBINED_TOTAL,261032098,Total Points,8435232,Over,43.5,WINNER,1,114,Adelaide (W),v Sydney (W),-8,53,61,,,,,,,,,,,
2026-08-16 00:00:00.000 Z,Women's AFL/Adelaide (W) v Sydney (W),35926579,COMBINED_TOTAL,261032098,Total Points,8435233,Under,44.5,LOSER,0,114,Adelaide (W),v Sydney (W),-8,53,61,1.01,,,1.01,,,1.01,,,,
2026-08-16 00:00:00.000 Z,Women's AFL/Adelaide (W) v Sydney (W),35926579,COMBINED_TOTAL,261032098,Total Points,8435232,Over,44.5,WINNER,1,114,Adelaide (W),v Sydney (W),-8,53,61,,,,,,,,,,,
2026-08-16 00:00:00.000 Z,Women's AFL/Adelaide (W) v Sydney (W),35926579,COMBINED_TOTAL,261032098,Total Points,8435233,Under,45.5,LOSER,0,114,Adelaide (W),v Sydney (W),-8,53,61,1.01,,,1.01,,,1.01,,,,
2026-08-16 00:00:00.000 Z,Women's AFL/Adelaide (W) v Sydney (W),35926579,COMBINED_TOTAL,261032098,Total Points,8435232,Over,45.5,WINNER,1,114,Adelaide (W),v Sydney (W),-8,53,61,,,,,,,,,,,
2026-08-16 00:00:00.000 Z,Women's AFL/Adelaide (W) v Sydney (W),35926579,COMBINED_TOTAL,261032098,Total Points,8435233,Under,46.5,LOSER,0,114,Adelaide (W),v Sydney (W),-8,53,61,1.01,,,1.01,,,1.01,,,,
2026-08-16 00:00:00.000 Z,Women's AFL/Adelaide (W) v Sydney (W),35926579,COMBINED_TOTAL,261032098,Total Points,8435232,Over,46.5,WINNER,1,114,Adelaide (W),v Sydney (W),-8,53,61,,,,,,,,,,,
2026-08-16 00:00:00.000 Z,Women's AFL/Adelaide (W) v Sydney (W),35926579,COMBINED_TOTAL,261032098,Total Points,8435233,Under,47.5,LOSER,0,114,Adelaide (W),v Sydney (W),-8,53,61,1.01,,,1.01,,,1.01,,,,
2026-08-16 00:00:00.000 Z,Women's AFL/Adelaide (W) v Sydney (W),35926579,COMBINED_TOTAL,261032098,Total Points,8435232,Over,47.5,WINNER,1,114,Adelaide (W),v Sydney (W),-8,53,61,,,,,,,,,,,
2026-08-16 00:00:00.000 Z,Women's AFL/Adelaide (W) v Sydney (W),35926579,COMBINED_TOTAL,261032098,Total Points,8435233,Under,48.5,LOSER,0,114,Adelaide (W),v Sydney (W),-8,53,61,1.01,,,1.01,,,1.01,,,,
2026-08-16 00:00:00.000 Z,Women's AFL/Adelaide (W) v Sydney (W),35926579,COMBINED_TOTAL,261032098,Total Points,8435232,Over,48.5,WINNER,1,114,Adelaide (W),v Sydney (W),-8,53,61,,,,,,,,,,,
2026-08-16 00:00:00.000 Z,Women's AFL/Adelaide (W) v Sydney (W),35926579,COMBINED_TOTAL,261032098,Total Points,8435233,Under,49.5,LOSER,0,114,Adelaide (W),v Sydney (W),-8,53,61,1.01,,,1.01,,,1.01,,,,
2026-08-16 00:00:00.000 Z,Women's AFL/Adelaide (W) v Sydney (W),35926579,COMBINED_TOTAL,261032098,Total Points,8435232,Over,49.5,WINNER,1,114,Adelaide (W),v Sydney (W),-8,53,61,,,,,,,,,,,
2026-08-16 00:00:00.000 Z,Women's AFL/Adelaide (W) v Sydney (W),35926579,COMBINED_TOTAL,261032098,Total Points,8435233,Under,50.5,LOSER,0,114,Adelaide (W),v Sydney (W),-8,53,61,1.01,,,1.01,,,1.01,,,,
2026-08-16 00:00:00.000 Z,Women's AFL/Adelaide (W) v Sydney (W),35926579,COMBINED_TOTAL,261032098,Total Points,8435232,Over,50.5,WINNER,1,114,Adelaide (W),v Sydney (W),-8,53,61,,,,,,,,,,,
2026-08-16 00:00:00.000 Z,Women's AFL/Adelaide (W) v Sydney (W),35926579,COMBINED_TOTAL,261032098,Total Points,8435233,Under,51.5,LOSER,0,114,Adelaide (W),v Sydney (W),-8,53,61,1.01,,,1.01,,,1.01,,,,
2026-08-16 00:00:00.000 Z,Women's AFL/Adelaide (W) v Sydney (W),35926579,COMBINED_TOTAL,261032098,Total Points,8435232,Over,51.5,WINNER,1,114,Adelaide (W),v Sydney (W),-8,53,61,,,,,,,,,,,
2026-08-16 00:00:00.000 Z,Women's AFL/Adelaide (W) v Sydney (W),35926579,COMBINED_TOTAL,261032098,Total Points,8435233,Under,52.5,LOSER,0,114,Adelaide (W),v Sydney (W),-8,53,61,1.01,,,1.01,,,1.01,,,,
2026-08-16 00:00:00.000 Z,Women's AFL/Adelaide (W) v Sydney (W),35926579,COMBINED_TOTAL,261032098,Total Points,8435232,Over,52.5,WINNER,1,114,Adelaide (W),v Sydney (W),-8,53,61,,,,,,,,,,,
2026-08-16 00:00:00.000 Z,Women's AFL/Adelaide (W) v Sydney (W),35926579,COMBINED_TOTAL,261032098,Total Points,8435233,Under,53.5,LOSER,0,114,Adelaide (W),v Sydney (W),-8,53,61,1.01,,,1.01,,,1.01,,,,
2026-08-16 00:00:00.000 Z,Women's AFL/Adelaide (W) v Sydney (W),35926579,COMBINED_TOTAL,261032098,Total Points,8435232,Over,53.5,WINNER,1,114,Adelaide (W),v Sydney (W),-8,53,61,,,,,,,,,,,
2026-08-16 00:00:00.000 Z,Women's AFL/Adelaide (W) v Sydney (W),35926579,COMBINED_TOTAL,261032098,Total Points,8435233,Under,54.5,LOSER,0,114,Adelaide (W),v Sydney (W),-8,53,61,1.01,,,1.01,,,1.01,,,,
2026-08-16 00:00:00.000 Z,Women's AFL/Adelaide (W) v Sydney (W),35926579,COMBINED_TOTAL,261032098,Total Points,8435232,Over,54.5,WINNER,1,114,Adelaide (W),v Sydney (W),-8,53,61,,,,,,,,,,,
2026-08-16 00:00:00.000 Z,Women's AFL/Adelaide (W) v Sydney (W),35926579,COMBINED_TOTAL,261032098,Total Points,8435233,Under,55.5,LOSER,0,114,Adelaide (W),v Sydney (W),-8,53,61,1.01,,,1.01,,,1.01,,,,
2026-08-16 00:00:00.000 Z,Women's AFL/Adelaide (W) v Sydney (W),35926579,COMBINED_TOTAL,261032098,Total Points,8435232,Over,55.5,WINNER,1,114,Adelaide (W),v Sydney (W),-8,53,61,,,,,,,,,,,
2026-08-16 00:00:00.000 Z,Women's AFL/Adelaide (W) v Sydney (W),35926579,COMBINED_TOTAL,261032098,Total Points,8435233,Under,56.5,LOSER,0,114,Adelaide (W),v Sydney (W),-8,53,61,1.01,,,1.01,,,1.01,,,,
2026-08-16 00:00:00.000 Z,Women's AFL/Adelaide (W) v Sydney (W),35926579,COMBINED_TOTAL,261032098,Total Points,8435232,Over,56.5,WINNER,1,114,Adelaide (W),v Sydney (W),-8,53,61,,,,,,,,,,,
2026-08-16 00:00:00.000 Z,Women's AFL/Adelaide (W) v Sydney (W),35926579,COMBINED_TOTAL,261032098,Total Points,8435233,Under,57.5,LOSER,0,114,Adelaide (W),v Sydney (W),-8,53,61,1.01,,,1.01,,,1.01,,,,
2026-08-16 00:00:00.000 Z,Women's AFL/Adelaide (W) v Sydney (W),35926579,COMBINED_TOTAL,261032098,Total Points,8435232,Over,57.5,WINNER,1,114,Adelaide (W),v Sydney (W),-8,53,61,,,,,,,,,,,
2026-08-16 00:00:00.000 Z,Women's AFL/Adelaide (W) v Sydney (W),35926579,COMBINED_TOTAL,261032098,Total Points,8435233,Under,58.5,LOSER,0,114,Adelaide (W),v Sydney (W),-8,53,61,1.01,,,1.01,,,1.01,,,,
2026-08-16 00:00:00.000 Z,Women's AFL/Adelaide (W) v Sydney (W),35926579,COMBINED_TOTAL,261032098,Total Points,8435232,Over,58.5,WINNER,1,114,Adelaide (W),v Sydney (W),-8,53,61,,,,,,,,,,,
2026-08-16 00:00:00.000 Z,Women's AFL/Adelaide (W) v Sydney (W),35926579,COMBINED_TOTAL,261032098,Total Points,8435233,Under,59.5,LOSER,0,114,Adelaide (W),v Sydney (W),-8,53,61,1.01,,,1.01,,,1.01,,,,
2026-08-16 00:00:00.000 Z,Women's AFL/Adelaide (W) v Sydney (W),35926579,COMBINED_TOTAL,261032098,Total Points,8435232,Over,59.5,WINNER,1,114,Adelaide (W),v Sydney (W),-8,53,61,,,,,,,,,,,
2026-08-16 00:00:00.000 Z,Women's AFL/Adelaide (W) v Sydney (W),35926579,COMBINED_TOTAL,261032098,Total Points,8435233,Under,60.5,LOSER,0,114,Adelaide (W),v Sydney (W),-8,53,61,1.01,,,1.01,,,1.01,,,,
2026-08-16 00:00:00.000 Z,Women's AFL/Adelaide (W) v Sydney (W),35926579,COMBINED_TOTAL,261032098,Total Points,8435232,Over,60.5,WINNER,1,114,Adelaide (W),v Sydney (W),-8,53,61,,,,,,,,,,,
2026-08-16 00:00:00.000 Z,Women's AFL/Adelaide (W) v Sydney (W),35926579,COMBINED_TOTAL,261032098,Total Points,8435233,Under,61.5,LOSER,0,114,Adelaide (W),v Sydney (W),-8,53,61,1.01,,,1.01,,,1.01,,,,
2026-08-16 00:00:00.000 Z,Women's AFL/Adelaide (W) v Sydney (W),35926579,COMBINED_TOTAL,261032098,Total Points,8435232,Over,61.5,WINNER,1,114,Adelaide (W),v Sydney (W),-8,53,61,,,,,,,,,,,
2026-08-16 00:00:00.000 Z,Women's AFL/Adelaide (W) v Sydney (W),35926579,COMBINED_TOTAL,261032098,Total Points,8435233,Under,62.5,LOSER,0,114,Adelaide (W),v Sydney (W),-8,53,61,1.01,,,1.01,,,1.01,,,,
2026-08-16 00:00:00.000 Z,Women's AFL/Adelaide (W) v Sydney (W),35926579,COMBINED_TOTAL,261032098,Total Points,8435232,Over,62.5,WINNER,1,114,Adelaide (W),v Sydney (W),-8,53,61,,,,,,,,,,,
2026-08-16 00:00:00.000 Z,Women's AFL/Adelaide (W) v Sydney (W),35926579,COMBINED_TOTAL,261032098,Total Points,8435233,Under,63.5,LOSER,0,114,Adelaide (W),v Sydney (W),-8,53,61,1.01,,,1.01,,,1.01,,,,
2026-08-16 00:00:00.000 Z,Women's AFL/Adelaide (W) v Sydney (W),35926579,COMBINED_TOTAL,261032098,Total Points,8435232,Over,63.5,WINNER,1,114,Adelaide (W),v Sydney (W),-8,53,61,1.02,,,,,,,,,,
2026-08-16 00:00:00.000 Z,Women's AFL/Adelaide (W) v Sydney (W),35926579,COMBINED_TOTAL,261032098,Total Points,8435233,Under,64.5,LOSER,0,114,Adelaide (W),v Sydney (W),-8,53,61,1.01,,,1.01,,,1.01,,,,
2026-08-16 00:00:00.000 Z,Women's AFL/Adelaide (W) v Sydney (W),35926579,COMBINED_TOTAL,261032098,Total Points,8435232,Over,64.5,WINNER,1,114,Adelaide (W),v Sydney (W),-8,53,61,,,,,,,,,,,
2026-08-16 00:00:00.000 Z,Women's AFL/Adelaide (W) v Sydney (W),35926579,COMBINED_TOTAL,261032098,Total Points,8435233,Under,65.5,LOSER,0,114,Adelaide (W),v Sydney (W),-8,53,61,1.01,,,1.01,,,1.01,,,,
2026-08-16 00:00:00.000 Z,Women's AFL/Adelaide (W) v Sydney (W),35926579,COMBINED_TOTAL,261032098,Total Points,8435232,Over,65.5,WINNER,1,114,Adelaide (W),v Sydney (W),-8,53,61,,,,1.01,,,1.01,,,,
2026-08-16 00:00:00.000 Z,Women's AFL/Adelaide (W) v Sydney (W),35926579,COMBINED_TOTAL,261032098,Total Points,8435233,Under,66.5,LOSER,0,114,Adelaide (W),v Sydney (W),-8,53,61,1.01,,,1.01,,,1.01,,,,
2026-08-16 00:00:00.000 Z,Women's AFL/Adelaide (W) v Sydney (W),35926579,COMBINED_TOTAL,261032098,Total Points,8435232,Over,66.5,WINNER,1,114,Adelaide (W),v Sydney (W),-8,53,61,,,,1.02,,,1.02,,,,
2026-08-16 00:00:00.000 Z,Women's AFL/Adelaide (W) v Sydney (W),35926579,COMBINED_TOTAL,261032098,Total Points,8435233,Under,67.5,LOSER,0,114,Adelaide (W),v Sydney (W),-8,53,61,1.01,,,1.01,,,1.01,,,,
2026-08-16 00:00:00.000 Z,Women's AFL/Adelaide (W) v Sydney (W),35926579,COMBINED_TOTAL,261032098,Total Points,8435232,Over,67.5,WINNER,1,114,Adelaide (W),v Sydney (W),-8,53,61,,,,1.03,,,1.03,,,,
2026-08-16 00:00:00.000 Z,Women's AFL/Adelaide (W) v Sydney (W),35926579,COMBINED_TOTAL,261032098,Total Points,8435233,Under,68.5,LOSER,0,114,Adelaide (W),v Sydney (W),-8,53,61,1.01,,,1.01,,,1.01,,,,
2026-08-16 00:00:00.000 Z,Women's AFL/Adelaide (W) v Sydney (W),35926579,COMBINED_TOTAL,261032098,Total Points,8435232,Over,68.5,WINNER,1,114,Adelaide (W),v Sydney (W),-8,53,61,,,,1.04,,,1.04,,,,
2026-08-16 00:00:00.000 Z,Women's AFL/Adelaide (W) v Sydney (W),35926579,COMBINED_TOTAL,261032098,Total Points,8435233,Under,69.5,LOSER,0,114,Adelaide (W),v Sydney (W),-8,53,61,1.01,,,1.01,,,1.01,,,,
2026-08-16 00:00:00.000 Z,Women's AFL/Adelaide (W) v Sydney (W),35926579,COMBINED_TOTAL,261032098,Total Points,8435232,Over,69.5,WINNER,1,114,Adelaide (W),v Sydney (W),-8,53,61,1.08,,,1.05,,,1.05,,,,
2026-08-16 00:00:00.000 Z,Women's AFL/Adelaide (W) v Sydney (W),35926579,COMBINED_TOTAL,261032098,Total Points,8435233,Under,70.5,LOSER,0,114,Adelaide (W),v Sydney (W),-8,53,61,1.01,,,1.01,,,1.01,,,,
2026-08-16 00:00:00.000 Z,Women's AFL/Adelaide (W) v Sydney (W),35926579,COMBINED_TOTAL,261032098,Total Points,8435232,Over,70.5,WINNER,1,114,Adelaide (W),v Sydney (W),-8,53,61,,,,1.06,,,1.06,,,,
2026-08-16 00:00:00.000 Z,Women's AFL/Adelaide (W) v Sydney (W),35926579,COMBINED_TOTAL,261032098,Total Points,8435233,Under,71.5,LOSER,0,114,Adelaide (W),v Sydney (W),-8,53,61,1.01,,,1.01,,,1.01,,,,
2026-08-16 00:00:00.000 Z,Women's AFL/Adelaide (W) v Sydney (W),35926579,COMBINED_TOTAL,261032098,Total Points,8435232,Over,71.5,WINNER,1,114,Adelaide (W),v Sydney (W),-8,53,61,,,,1.07,,,1.07,,,,
2026-08-16 00:00:00.000 Z,Women's AFL/Adelaide (W) v Sydney (W),35926579,COMBINED_TOTAL,261032098,Total Points,8435233,Under,72.5,LOSER,0,114,Adelaide (W),v Sydney (W),-8,53,61,1.01,,,1.01,,,1.01,,,,
2026-08-16 00:00:00.000 Z,Women's AFL/Adelaide (W) v Sydney (W),35926579,COMBINED_TOTAL,261032098,Total Points,8435232,Over,72.5,WINNER,1,114,Adelaide (W),v Sydney (W),-8,53,61,,,,1.08,,,1.08,,,,
2026-08-16 00:00:00.000 Z,Women's AFL/Adelaide (W) v Sydney (W),35926579,COMBINED_TOTAL,261032098,Total Points,8435233,Under,73.5,LOSER,0,114,Adelaide (W),v Sydney (W),-8,53,61,1.01,,,1.01,,,1.01,,,,
2026-08-16 00:00:00.000 Z,Women's AFL/Adelaide (W) v Sydney (W),35926579,COMBINED_TOTAL,261032098,Total Points,8435232,Over,73.5,WINNER,1,114,Adelaide (W),v Sydney (W),-8,53,61,,,,1.09,,,1.09,,,,
2026-08-16 00:00:00.000 Z,Women's AFL/Adelaide (W) v Sydney (W),35926579,COMBINED_TOTAL,261032098,Total Points,8435233,Under,74.5,LOSER,0,114,Adelaide (W),v Sydney (W),-8,53,61,1.01,,,1.01,,,1.01,,,,
2026-08-16 00:00:00.000 Z,Women's AFL/Adelaide (W) v Sydney (W),35926579,COMBINED_TOTAL,261032098,Total Points,8435232,Over,74.5,WINNER,1,114,Adelaide (W),v Sydney (W),-8,53,61,,,,1.1,,,1.1,,,,
2026-08-16 00:00:00.000 Z,Women's AFL/Adelaide (W) v Sydney (W),35926579,COMBINED_TOTAL,261032098,Total Points,8435233,Under,75.5,LOSER,0,114,Adelaide (W),v Sydney (W),-8,53,61,1.01,,,1.01,,,1.01,,,,
2026-08-16 00:00:00.000 Z,Women's AFL/Adelaide (W) v Sydney (W),35926579,COMBINED_TOTAL,261032098,Total Points,8435232,Over,75.5,WINNER,1,114,Adelaide (W),v Sydney (W),-8,53,61,1.14,,,1.11,,,1.11,,,,
2026-08-16 00:00:00.000 Z,Women's AFL/Adelaide (W) v Sydney (W),35926579,COMBINED_TOTAL,261032098,Total Points,8435233,Under,76.5,LOSER,0,114,Adelaide (W),v Sydney (W),-8,53,61,1.01,,,1.01,,,1.01,,,,
2026-08-16 00:00:00.000 Z,Women's AFL/Adelaide (W) v Sydney (W),35926579,COMBINED_TOTAL,261032098,Total Points,8435232,Over,76.5,WINNER,1,114,Adelaide (W),v Sydney (W),-8,53,61,,,,1.12,,,1.12,,,,
2026-08-16 00:00:00.000 Z,Women's AFL/Adelaide (W) v Sydney (W),35926579,COMBINED_TOTAL,261032098,Total Points,8435233,Under,77.5,LOSER,0,114,Adelaide (W),v Sydney (W),-8,53,61,1.01,,,1.01,,,1.01,,,,
2026-08-16 00:00:00.000 Z,Women's AFL/Adelaide (W) v Sydney (W),35926579,COMBINED_TOTAL,261032098,Total Points,8435232,Over,77.5,WINNER,1,114,Adelaide (W),v Sydney (W),-8,53,61,,,,1.14,,,1.14,,,,
2026-08-16 00:00:00.000 Z,Women's AFL/Adelaide (W) v Sydney (W),35926579,COMBINED_TOTAL,261032098,Total Points,8435233,Under,78.5,LOSER,0,114,Adelaide (W),v Sydney (W),-8,53,61,1.01,,,1.01,,,1.01,,,,
2026-08-16 00:00:00.000 Z,Women's AFL/Adelaide (W) v Sydney (W),35926579,COMBINED_TOTAL,261032098,Total Points,8435232,Over,78.5,WINNER,1,114,Adelaide (W),v Sydney (W),-8,53,61,,,,1.16,,,1.16,,,,
2026-08-16 00:00:00.000 Z,Women's AFL/Adelaide (W) v Sydney (W),35926579,COMBINED_TOTAL,261032098,Total Points,8435233,Under,79.5,LOSER,0,114,Adelaide (W),v Sydney (W),-8,53,61,1.01,,,1.01,,,1.01,,,,
2026-08-16 00:00:00.000 Z,Women's AFL/Adelaide (W) v Sydney (W),35926579,COMBINED_TOTAL,261032098,Total Points,8435232,Over,79.5,WINNER,1,114,Adelaide (W),v Sydney (W),-8,53,61,,,,1.18,,,1.18,,,,
2026-08-16 00:00:00.000 Z,Women's AFL/Adelaide (W) v Sydney (W),35926579,COMBINED_TOTAL,261032098,Total Points,8435233,Under,80.5,LOSER,0,114,Adelaide (W),v Sydney (W),-8,53,61,1.01,,,1.01,,,1.01,,,,
2026-08-16 00:00:00.000 Z,Women's AFL/Adelaide (W) v Sydney (W),35926579,COMBINED_TOTAL,261032098,Total Points,8435232,Over,80.5,WINNER,1,114,Adelaide (W),v Sydney (W),-8,53,61,,,,1.2,,,1.21,,,,
2026-08-16 00:00:00.000 Z,Women's AFL/Adelaide (W) v Sydney (W),35926579,COMBINED_TOTAL,261032098,Total Points,8435233,Under,81.5,LOSER,0,114,Adelaide (W),v Sydney (W),-8,53,61,1.01,,,1.01,,,1.01,,,,
2026-08-16 00:00:00.000 Z,Women's AFL/Adelaide (W) v Sydney (W),35926579,COMBINED_TOTAL,261032098,Total Points,8435232,Over,81.5,WINNER,1,114,Adelaide (W),v Sydney (W),-8,53,61,1.27,,,1.27,,,1.23,,,,
2026-08-16 00:00:00.000 Z,Women's AFL/Adelaide (W) v Sydney (W),35926579,COMBINED_TOTAL,261032098,Total Points,8435233,Under,82.5,LOSER,0,114,Adelaide (W),v Sydney (W),-8,53,61,1.01,,,1.01,,,1.01,,,,
2026-08-16 00:00:00.000 Z,Women's AFL/Adelaide (W) v Sydney (W),35926579,COMBINED_TOTAL,261032098,Total Points,8435232,Over,82.5,WINNER,1,114,Adelaide (W),v Sydney (W),-8,53,61,,,,1.24,,,1.24,,,,
2026-08-16 00:00:00.000 Z,Women's AFL/Adelaide (W) v Sydney (W),35926579,COMBINED_TOTAL,261032098,Total Points,8435233,Under,83.5,LOSER,0,114,Adelaide (W),v Sydney (W),-8,53,61,1.01,,,1.01,,,1.01,,,,
2026-08-16 00:00:00.000 Z,Women's AFL/Adelaide (W) v Sydney (W),35926579,COMBINED_TOTAL,261032098,Total Points,8435232,Over,83.5,WINNER,1,114,Adelaide (W),v Sydney (W),-8,53,61,,,,1.26,,,1.26,,,,
2026-08-16 00:00:00.000 Z,Women's AFL/Adelaide (W) v Sydney (W),35926579,COMBINED_TOTAL,261032098,Total Points,8435233,Under,84.5,LOSER,0,114,Adelaide (W),v Sydney (W),-8,53,61,1.01,,,1.01,,,1.01,,,,
2026-08-16 00:00:00.000 Z,Women's AFL/Adelaide (W) v Sydney (W),35926579,COMBINED_TOTAL,261032098,Total Points,8435232,Over,84.5,WINNER,1,114,Adelaide (W),v Sydney (W),-8,53,61,,,,1.28,,,1.28,,,,
2026-08-16 00:00:00.000 Z,Women's AFL/Adelaide (W) v Sydney (W),35926579,COMBINED_TOTAL,261032098,Total Points,8435233,Under,85.5,LOSER,0,114,Adelaide (W),v Sydney (W),-8,53,61,1.01,,,1.01,,,1.01,,,,
2026-08-16 00:00:00.000 Z,Women's AFL/Adelaide (W) v Sydney (W),35926579,COMBINED_TOTAL,261032098,Total Points,8435232,Over,85.5,WINNER,1,114,Adelaide (W),v Sydney (W),-8,53,61,,,,1.3,,,1.3,,,,
2026-08-16 00:00:00.000 Z,Women's AFL/Adelaide (W) v Sydney (W),35926579,COMBINED_TOTAL,261032098,Total Points,8435233,Under,86.5,LOSER,0,114,Adelaide (W),v Sydney (W),-8,53,61,1.01,,,1.01,,,1.01,,,,
2026-08-16 00:00:00.000 Z,Women's AFL/Adelaide (W) v Sydney (W),35926579,COMBINED_TOTAL,261032098,Total Points,8435232,Over,86.5,WINNER,1,114,Adelaide (W),v Sydney (W),-8,53,61,,,,1.33,,,1.33,,,,
2026-08-16 00:00:00.000 Z,Women's AFL/Adelaide (W) v Sydney (W),35926579,COMBINED_TOTAL,261032098,Total Points,8435233,Under,87.5,LOSER,0,114,Adelaide (W),v Sydney (W),-8,53,61,1.01,,,1.01,,,1.01,,,,
2026-08-16 00:00:00.000 Z,Women's AFL/Adelaide (W) v Sydney (W),35926579,COMBINED_TOTAL,261032098,Total Points,8435232,Over,87.5,WINNER,1,114,Adelaide (W),v Sydney (W),-8,53,61,1.45,,,1.45,,,1.37,,,,
2026-08-16 00:00:00.000 Z,Women's AFL/Adelaide (W) v Sydney (W),35926579,COMBINED_TOTAL,261032098,Total Points,8435233,Under,88.5,LOSER,0,114,Adelaide (W),v Sydney (W),-8,53,61,1.01,,,1.01,,,1.01,,,,
2026-08-16 00:00:00.000 Z,Women's AFL/Adelaide (W) v Sydney (W),35926579,COMBINED_TOTAL,261032098,Total Points,8435232,Over,88.5,WINNER,1,114,Adelaide (W),v Sydney (W),-8,53,61,,,,1.39,,,1.39,,,,
2026-08-16 00:00:00.000 Z,Women's AFL/Adelaide (W) v Sydney (W),35926579,COMBINED_TOTAL,261032098,Total Points,8435233,Under,89.5,LOSER,0,114,Adelaide (W),v Sydney (W),-8,53,61,1.01,,,1.01,,,1.01,,,,
2026-08-16 00:00:00.000 Z,Women's AFL/Adelaide (W) v Sydney (W),35926579,COMBINED_TOTAL,261032098,Total Points,8435232,Over,89.5,WINNER,1,114,Adelaide (W),v Sydney (W),-8,53,61,,,,1.42,,,1.42,,,,
2026-08-16 00:00:00.000 Z,Women's AFL/Adelaide (W) v Sydney (W),35926579,COMBINED_TOTAL,261032098,Total Points,8435233,Under,90.5,LOSER,0,114,Adelaide (W),v Sydney (W),-8,53,61,1.01,,,1.01,,,1.01,,,,
2026-08-16 00:00:00.000 Z,Women's AFL/Adelaide (W) v Sydney (W),35926579,COMBINED_TOTAL,261032098,Total Points,8435232,Over,90.5,WINNER,1,114,Adelaide (W),v Sydney (W),-8,53,61,,,,1.46,,,1.46,,,,
2026-08-16 00:00:00.000 Z,Women's AFL/Adelaide (W) v Sydney (W),35926579,COMBINED_TOTAL,261032098,Total Points,8435233,Under,91.5,LOSER,0,114,Adelaide (W),v Sydney (W),-8,53,61,1.01,,,1.01,,,1.01,,,,
2026-08-16 00:00:00.000 Z,Women's AFL/Adelaide (W) v Sydney (W),35926579,COMBINED_TOTAL,261032098,Total Points,8435232,Over,91.5,WINNER,1,114,Adelaide (W),v Sydney (W),-8,53,61,1.59,,,1.5,,,1.5,,,,
2026-08-16 00:00:00.000 Z,Women's AFL/Adelaide (W) v Sydney (W),35926579,COMBINED_TOTAL,261032098,Total Points,8435233,Under,92.5,LOSER,0,114,Adelaide (W),v Sydney (W),-8,53,61,1.01,,,1.01,,,1.01,,,,
2026-08-16 00:00:00.000 Z,Women's AFL/Adelaide (W) v Sydney (W),35926579,COMBINED_TOTAL,261032098,Total Points,8435232,Over,92.5,WINNER,1,114,Adelaide (W),v Sydney (W),-8,53,61,,,,1.54,,20,1.54,,20,20,1.54
2026-08-16 00:00:00.000 Z,Women's AFL/Adelaide (W) v Sydney (W),35926579,COMBINED_TOTAL,261032098,Total Points,8435233,Under,93.5,LOSER,0,114,Adelaide (W),v Sydney (W),-8,53,61,2.02,,2.2,2.02,,2.2,2.02,,2.2,2.2,2
2026-08-16 00:00:00.000 Z,Women's AFL/Adelaide (W) v Sydney (W),35926579,COMBINED_TOTAL,261032098,Total Points,8435232,Over,93.5,WINNER,1,114,Adelaide (W),v Sydney (W),-8,53,61,,1.91,700.58,1.58,1.91,700.58,1.58,1.91,700.58,700.58,1.91
2026-08-16 00:00:00.000 Z,Women's AFL/Adelaide (W) v Sydney (W),35926579,COMBINED_TOTAL,261032098,Total Points,8435233,Under,94.5,LOSER,0,114,Adelaide (W),v Sydney (W),-8,53,61,2.02,,,2.02,,,2,,626.23,626.23,2
2026-08-16 00:00:00.000 Z,Women's AFL/Adelaide (W) v Sydney (W),35926579,COMBINED_TOTAL,261032098,Total Points,8435232,Over,94.5,WINNER,1,114,Adelaide (W),v Sydney (W),-8,53,61,,2,,1.59,2,,1.92,,1680.01,1680.01,2
2026-08-16 00:00:00.000 Z,Women's AFL/Adelaide (W) v Sydney (W),35926579,COMBINED_TOTAL,261032098,Total Points,8435233,Under,95.5,LOSER,0,114,Adelaide (W),v Sydney (W),-8,53,61,1.59,,,1.61,,,1.61,,,,
2026-08-16 00:00:00.000 Z,Women's AFL/Adelaide (W) v Sydney (W),35926579,COMBINED_TOTAL,261032098,Total Points,8435232,Over,95.5,WINNER,1,114,Adelaide (W),v Sydney (W),-8,53,61,,,,1.6,,,2.02,,,,
2026-08-16 00:00:00.000 Z,Women's AFL/Adelaide (W) v Sydney (W),35926579,COMBINED_TOTAL,261032098,Total Points,8435233,Under,96.5,LOSER,0,114,Adelaide (W),v Sydney (W),-8,53,61,,,,1.6,,,1.6,,,,
2026-08-16 00:00:00.000 Z,Women's AFL/Adelaide (W) v Sydney (W),35926579,COMBINED_TOTAL,261032098,Total Points,8435232,Over,96.5,WINNER,1,114,Adelaide (W),v Sydney (W),-8,53,61,1.88,,,1.61,,,1.61,,,,
2026-08-16 00:00:00.000 Z,Women's AFL/Adelaide (W) v Sydney (W),35926579,COMBINED_TOTAL,261032098,Total Points,8435233,Under,97.5,LOSER,0,114,Adelaide (W),v Sydney (W),-8,53,61,,,,1.59,,,1.59,,,,
2026-08-16 00:00:00.000 Z,Women's AFL/Adelaide (W) v Sydney (W),35926579,COMBINED_TOTAL,261032098,Total Points,8435232,Over,97.5,WINNER,1,114,Adelaide (W),v Sydney (W),-8,53,61,,,,1.62,,,1.62,,,,
2026-08-16 00:00:00.000 Z,Women's AFL/Adelaide (W) v Sydney (W),35926579,COMBINED_TOTAL,261032098,Total Points,8435233,Under,98.5,LOSER,0,114,Adelaide (W),v Sydney (W),-8,53,61,,,,1.57,,,1.57,,,,
2026-08-16 00:00:00.000 Z,Women's AFL/Adelaide (W) v Sydney (W),35926579,COMBINED_TOTAL,261032098,Total Points,8435232,Over,98.5,WINNER,1,114,Adelaide (W),v Sydney (W),-8,53,61,,,,,,,,,,,
2026-08-16 00:00:00.000 Z,Women's AFL/Adelaide (W) v Sydney (W),35926579,COMBINED_TOTAL,261032098,Total Points,8435233,Under,99.5,LOSER,0,114,Adelaide (W),v Sydney (W),-8,53,61,1.45,,,1.53,,,1.53,,,,
2026-08-16 00:00:00.000 Z,Women's AFL/Adelaide (W) v Sydney (W),35926579,COMBINED_TOTAL,261032098,Total Points,8435232,Over,99.5,WINNER,1,114,Adelaide (W),v Sydney (W),-8,53,61,,,,,,,,,,,
2026-08-16 00:00:00.000 Z,Women's AFL/Adelaide (W) v Sydney (W),35926579,COMBINED_TOTAL,261032098,Total Points,8435233,Under,100.5,LOSER,0,114,Adelaide (W),v Sydney (W),-8,53,61,,,,1.49,,,1.49,,45,45,1.49
2026-08-16 00:00:00.000 Z,Women's AFL/Adelaide (W) v Sydney (W),35926579,COMBINED_TOTAL,261032098,Total Points,8435232,Over,100.5,WINNER,1,114,Adelaide (W),v Sydney (W),-8,53,61,,,,,,,,,,,
2026-08-16 00:00:00.000 Z,Women's AFL/Adelaide (W) v Sydney (W),35926579,COMBINED_TOTAL,261032098,Total Points,8435233,Under,101.5,LOSER,0,114,Adelaide (W),v Sydney (W),-8,53,61,,,,1.45,,,1.45,,,,
2026-08-16 00:00:00.000 Z,Women's AFL/Adelaide (W) v Sydney (W),35926579,COMBINED_TOTAL,261032098,Total Points,8435232,Over,101.5,WINNER,1,114,Adelaide (W),v Sydney (W),-8,53,61,,,,,,,,,,,
2026-08-16 00:00:00.000 Z,Women's AFL/Adelaide (W) v Sydney (W),35926579,COMBINED_TOTAL,261032098,Total Points,8435233,Under,102.5,LOSER,0,114,Adelaide (W),v Sydney (W),-8,53,61,,,,1.41,,,1.41,,,,
2026-08-16 00:00:00.000 Z,Women's AFL/Adelaide (W) v Sydney (W),35926579,COMBINED_TOTAL,261032098,Total Points,8435232,Over,102.5,WINNER,1,114,Adelaide (W),v Sydney (W),-8,53,61,,,,,,,,,,,
2026-08-16 00:00:00.000 Z,Women's AFL/Adelaide (W) v Sydney (W),35926579,COMBINED_TOTAL,261032098,Total Points,8435233,Under,103.5,LOSER,0,114,Adelaide (W),v Sydney (W),-8,53,61,,,,1.38,,,1.38,,,,
2026-08-16 00:00:00.000 Z,Women's AFL/Adelaide (W) v Sydney (W),35926579,COMBINED_TOTAL,261032098,Total Points,8435232,Over,103.5,WINNER,1,114,Adelaide (W),v Sydney (W),-8,53,61,,,,,,,,,,,
2026-08-16 00:00:00.000 Z,Women's AFL/Adelaide (W) v Sydney (W),35926579,COMBINED_TOTAL,261032098,Total Points,8435233,Under,104.5,LOSER,0,114,Adelaide (W),v Sydney (W),-8,53,61,,,,1.35,,,1.35,,,,
2026-08-16 00:00:00.000 Z,Women's AFL/Adelaide (W) v Sydney (W),35926579,COMBINED_TOTAL,261032098,Total Points,8435232,Over,104.5,WINNER,1,114,Adelaide (W),v Sydney (W),-8,53,61,,,,,,,,,,,
2026-08-16 00:00:00.000 Z,Women's AFL/Adelaide (W) v Sydney (W),35926579,COMBINED_TOTAL,261032098,Total Points,8435233,Under,105.5,LOSER,0,114,Adelaide (W),v Sydney (W),-8,53,61,1.27,,,1.32,,,1.32,,,,
2026-08-16 00:00:00.000 Z,Women's AFL/Adelaide (W) v Sydney (W),35926579,COMBINED_TOTAL,261032098,Total Points,8435232,Over,105.5,WINNER,1,114,Adelaide (W),v Sydney (W),-8,53,61,,,,,,,,,,,
2026-08-16 00:00:00.000 Z,Women's AFL/Adelaide (W) v Sydney (W),35926579,COMBINED_TOTAL,261032098,Total Points,8435233,Under,106.5,LOSER,0,114,Adelaide (W),v Sydney (W),-8,53,61,,,,1.29,,,1.29,,,,
2026-08-16 00:00:00.000 Z,Women's AFL/Adelaide (W) v Sydney (W),35926579,COMBINED_TOTAL,261032098,Total Points,8435232,Over,106.5,WINNER,1,114,Adelaide (W),v Sydney (W),-8,53,61,,,,,,,,,,,
2026-08-16 00:00:00.000 Z,Women's AFL/Adelaide (W) v Sydney (W),35926579,COMBINED_TOTAL,261032098,Total Points,8435233,Under,107.5,LOSER,0,114,Adelaide (W),v Sydney (W),-8,53,61,,,,1.26,,,1.26,,,,
2026-08-16 00:00:00.000 Z,Women's AFL/Adelaide (W) v Sydney (W),35926579,COMBINED_TOTAL,261032098,Total Points,8435232,Over,107.5,WINNER,1,114,Adelaide (W),v Sydney (W),-8,53,61,,,,,,,,,,,
2026-08-16 00:00:00.000 Z,Women's AFL/Adelaide (W) v Sydney (W),35926579,COMBINED_TOTAL,261032098,Total Points,8435233,Under,108.5,LOSER,0,114,Adelaide (W),v Sydney (W),-8,53,61,,,,1.24,,,1.24,,,,
2026-08-16 00:00:00.000 Z,Women's AFL/Adelaide (W) v Sydney (W),35926579,COMBINED_TOTAL,261032098,Total Points,8435232,Over,108.5,WINNER,1,114,Adelaide (W),v Sydney (W),-8,53,61,,,,,,,,,,,
2026-08-16 00:00:00.000 Z,Women's AFL/Adelaide (W) v Sydney (W),35926579,COMBINED_TOTAL,261032098,Total Points,8435233,Under,109.5,LOSER,0,114,Adelaide (W),v Sydney (W),-8,53,61,,,,1.22,,,1.23,,,,
2026-08-16 00:00:00.000 Z,Women's AFL/Adelaide (W) v Sydney (W),35926579,COMBINED_TOTAL,261032098,Total Points,8435232,Over,109.5,WINNER,1,114,Adelaide (W),v Sydney (W),-8,53,61,,,,,,,,,,,
2026-08-16 00:00:00.000 Z,Women's AFL/Adelaide (W) v Sydney (W),35926579,COMBINED_TOTAL,261032098,Total Points,8435233,Under,110.5,LOSER,0,114,Adelaide (W),v Sydney (W),-8,53,61,,,,1.2,,,1.21,,,,
2026-08-16 00:00:00.000 Z,Women's AFL/Adelaide (W) v Sydney (W),35926579,COMBINED_TOTAL,261032098,Total Points,8435232,Over,110.5,WINNER,1,114,Adelaide (W),v Sydney (W),-8,53,61,,,,,,,,,,,
2026-08-16 00:00:00.000 Z,Women's AFL/Adelaide (W) v Sydney (W),35926579,COMBINED_TOTAL,261032098,Total Points,8435233,Under,111.5,LOSER,0,114,Adelaide (W),v Sydney (W),-8,53,61,1.14,,,1.18,,,1.18,,,,
2026-08-16 00:00:00.000 Z,Women's AFL/Adelaide (W) v Sydney (W),35926579,COMBINED_TOTAL,261032098,Total Points,8435232,Over,111.5,WINNER,1,114,Adelaide (W),v Sydney (W),-8,53,61,,,,,,,,,,,
2026-08-16 00:00:00.000 Z,Women's AFL/Adelaide (W) v Sydney (W),35926579,COMBINED_TOTAL,261032098,Total Points,8435233,Under,112.5,LOSER,0,114,Adelaide (W),v Sydney (W),-8,53,61,,,,1.16,,,1.16,,,,
2026-08-16 00:00:00.000 Z,Women's AFL/Adelaide (W) v Sydney (W),35926579,COMBINED_TOTAL,261032098,Total Points,8435232,Over,112.5,WINNER,1,114,Adelaide (W),v Sydney (W),-8,53,61,,,,,,,,,,,
2026-08-16 00:00:00.000 Z,Women's AFL/Adelaide (W) v Sydney (W),35926579,COMBINED_TOTAL,261032098,Total Points,8435233,Under,113.5,LOSER,0,114,Adelaide (W),v Sydney (W),-8,53,61,,,,,,,,,,,
2026-08-16 00:00:00.000 Z,Women's AFL/Adelaide (W) v Sydney (W),35926579,COMBINED_TOTAL,261032098,Total Points,8435232,Over,113.5,WINNER,1,114,Adelaide (W),v Sydney (W),-8,53,61,,,,,,,,,,,
2026-08-16 00:00:00.000 Z,Women's AFL/Adelaide (W) v Sydney (W),35926579,COMBINED_TOTAL,261032098,Total Points,8435232,Over,114.5,LOSER,0,114,Adelaide (W),v Sydney (W),-8,53,61,,,,,,,,,,,
2026-08-16 00:00:00.000 Z,Women's AFL/Adelaide (W) v Sydney (W),35926579,COMBINED_TOTAL,261032098,Total Points,8435233,Under,114.5,WINNER,1,114,Adelaide (W),v Sydney (W),-8,53,61,,,,1.12,,,1.12,,,,
2026-08-16 00:00:00.000 Z,Women's AFL/Adelaide (W) v Sydney (W),35926579,COMBINED_TOTAL,261032098,Total Points,8435232,Over,115.5,LOSER,0,114,Adelaide (W),v Sydney (W),-8,53,61,,,,,,,,,,,
2026-08-16 00:00:00.000 Z,Women's AFL/Adelaide (W) v Sydney (W),35926579,COMBINED_TOTAL,261032098,Total Points,8435233,Under,115.5,WINNER,1,114,Adelaide (W),v Sydney (W),-8,53,61,,,,1.1,,,1.1,,,,
2026-08-16 00:00:00.000 Z,Women's AFL/Adelaide (W) v Sydney (W),35926579,COMBINED_TOTAL,261032098,Total Points,8435232,Over,116.5,LOSER,0,114,Adelaide (W),v Sydney (W),-8,53,61,,,,,,,,,,,
2026-08-16 00:00:00.000 Z,Women's AFL/Adelaide (W) v Sydney (W),35926579,COMBINED_TOTAL,261032098,Total Points,8435233,Under,116.5,WINNER,1,114,Adelaide (W),v Sydney (W),-8,53,61,,,,1.09,,,1.09,,,,
2026-08-16 00:00:00.000 Z,Women's AFL/Adelaide (W) v Sydney (W),35926579,COMBINED_TOTAL,261032098,Total Points,8435232,Over,117.5,LOSER,0,114,Adelaide (W),v Sydney (W),-8,53,61,,,,,,,,,,,
2026-08-16 00:00:00.000 Z,Women's AFL/Adelaide (W) v Sydney (W),35926579,COMBINED_TOTAL,261032098,Total Points,8435233,Under,117.5,WINNER,1,114,Adelaide (W),v Sydney (W),-8,53,61,1.08,,,1.08,,,1.08,,,,
2026-08-16 00:00:00.000 Z,Women's AFL/Adelaide (W) v Sydney (W),35926579,COMBINED_TOTAL,261032098,Total Points,8435232,Over,118.5,LOSER,0,114,Adelaide (W),v Sydney (W),-8,53,61,,,,,,,,,,,
2026-08-16 00:00:00.000 Z,Women's AFL/Adelaide (W) v Sydney (W),35926579,COMBINED_TOTAL,261032098,Total Points,8435233,Under,118.5,WINNER,1,114,Adelaide (W),v Sydney (W),-8,53,61,,,,1.07,,,1.07,,,,
2026-08-16 00:00:00.000 Z,Women's AFL/Adelaide (W) v Sydney (W),35926579,COMBINED_TOTAL,261032098,Total Points,8435232,Over,119.5,LOSER,0,114,Adelaide (W),v Sydney (W),-8,53,61,,,,,,,,,,,
2026-08-16 00:00:00.000 Z,Women's AFL/Adelaide (W) v Sydney (W),35926579,COMBINED_TOTAL,261032098,Total Points,8435233,Under,119.5,WINNER,1,114,Adelaide (W),v Sydney (W),-8,53,61,,,,1.06,,,1.06,,,,
2026-08-16 00:00:00.000 Z,Women's AFL/Adelaide (W) v Sydney (W),35926579,COMBINED_TOTAL,261032098,Total Points,8435232,Over,120.5,LOSER,0,114,Adelaide (W),v Sydney (W),-8,53,61,,,,,,,,,,,
2026-08-16 00:00:00.000 Z,Women's AFL/Adelaide (W) v Sydney (W),35926579,COMBINED_TOTAL,261032098,Total Points,8435233,Under,120.5,WINNER,1,114,Adelaide (W),v Sydney (W),-8,53,61,,,,1.05,,,1.05,,,,
2026-08-16 00:00:00.000 Z,Women's AFL/Adelaide (W) v Sydney (W),35926579,COMBINED_TOTAL,261032098,Total Points,8435232,Over,121.5,LOSER,0,114,Adelaide (W),v Sydney (W),-8,53,61,,,,,,,,,,,
2026-08-16 00:00:00.000 Z,Women's AFL/Adelaide (W) v Sydney (W),35926579,COMBINED_TOTAL,261032098,Total Points,8435233,Under,121.5,WINNER,1,114,Adelaide (W),v Sydney (W),-8,53,61,,,,1.04,,,1.04,,,,
2026-08-16 00:00:00.000 Z,Women's AFL/Adelaide (W) v Sydney (W),35926579,COMBINED_TOTAL,261032098,Total Points,8435232,Over,122.5,LOSER,0,114,Adelaide (W),v Sydney (W),-8,53,61,,,,,,,,,,,
2026-08-16 00:00:00.000 Z,Women's AFL/Adelaide (W) v Sydney (W),35926579,COMBINED_TOTAL,261032098,Total Points,8435233,Under,122.5,WINNER,1,114,Adelaide (W),v Sydney (W),-8,53,61,,,,1.03,,,1.03,,,,
2026-08-16 00:00:00.000 Z,Women's AFL/Adelaide (W) v Sydney (W),35926579,COMBINED_TOTAL,261032098,Total Points,8435232,Over,123.5,LOSER,0,114,Adelaide (W),v Sydney (W),-8,53,61,,,,,,,,,,,
2026-08-16 00:00:00.000 Z,Women's AFL/Adelaide (W) v Sydney (W),35926579,COMBINED_TOTAL,261032098,Total Points,8435233,Under,123.5,WINNER,1,114,Adelaide (W),v Sydney (W),-8,53,61,1.02,,,1.02,,,1.02,,,,
2026-08-16 00:00:00.000 Z,Women's AFL/Adelaide (W) v Sydney (W),35926579,COMBINED_TOTAL,261032098,Total Points,8435232,Over,124.5,LOSER,0,114,Adelaide (W),v Sydney (W),-8,53,61,,,,,,,,,,,
2026-08-16 00:00:00.000 Z,Women's AFL/Adelaide (W) v Sydney (W),35926579,COMBINED_TOTAL,261032098,Total Points,8435233,Under,124.5,WINNER,1,114,Adelaide (W),v Sydney (W),-8,53,61,,,,1.01,,,1.01,,,,
2026-08-16 00:00:00.000 Z,Women's AFL/Adelaide (W) v Sydney (W),35926579,COMBINED_TOTAL,261032098,Total Points,8435232,Over,125.5,LOSER,0,114,Adelaide (W),v Sydney (W),-8,53,61,,,,,,,,,,,
2026-08-16 00:00:00.000 Z,Women's AFL/Adelaide (W) v Sydney (W),35926579,COMBINED_TOTAL,261032098,Total Points,8435233,Under,125.5,WINNER,1,114,Adelaide (W),v Sydney (W),-8,53,61,,,,,,,,,,,
2026-08-16 00:00:00.000 Z,Women's AFL/Adelaide (W) v Sydney (W),35926579,COMBINED_TOTAL,261032098,Total Points,8435232,Over,126.5,LOSER,0,114,Adelaide (W),v Sydney (W),-8,53,61,,,,,,,,,,,
2026-08-16 00:00:00.000 Z,Women's AFL/Adelaide (W) v Sydney (W),35926579,COMBINED_TOTAL,261032098,Total Points,8435233,Under,126.5,WINNER,1,114,Adelaide (W),v Sydney (W),-8,53,61,,,,,,,,,,,
2026-08-16 00:00:00.000 Z,Women's AFL/Adelaide (W) v Sydney (W),35926579,COMBINED_TOTAL,261032098,Total Points,8435232,Over,127.5,LOSER,0,114,Adelaide (W),v Sydney (W),-8,53,61,,,,,,,,,,,
2026-08-16 00:00:00.000 Z,Women's AFL/Adelaide (W) v Sydney (W),35926579,COMBINED_TOTAL,261032098,Total Points,8435233,Under,127.5,WINNER,1,114,Adelaide (W),v Sydney (W),-8,53,61,,,,,,,,,,,
2026-08-16 00:00:00.000 Z,Women's AFL/Adelaide (W) v Sydney (W),35926579,COMBINED_TOTAL,261032098,Total Points,8435232,Over,128.5,LOSER,0,114,Adelaide (W),v Sydney (W),-8,53,61,,,,,,,,,,,
2026-08-16 00:00:00.000 Z,Women's AFL/Adelaide (W) v Sydney (W),35926579,COMBINED_TOTAL,261032098,Total Points,8435233,Under,128.5,WINNER,1,114,Adelaide (W),v Sydney (W),-8,53,61,,,,,,,,,,,
2026-08-16 00:00:00.000 Z,Women's AFL/Adelaide (W) v Sydney (W),35926579,COMBINED_TOTAL,261032098,Total Points,8435232,Over,129.5,LOSER,0,114,Adelaide (W),v Sydney (W),-8,53,61,,,,,,,,,,,
2026-08-16 00:00:00.000 Z,Women's AFL/Adelaide (W) v Sydney (W),35926579,COMBINED_TOTAL,261032098,Total Points,8435233,Under,129.5,WINNER,1,114,Adelaide (W),v Sydney (W),-8,53,61,,,,,,,,,,,
2026-08-16 00:00:00.000 Z,Women's AFL/Adelaide (W) v Sydney (W),35926579,COMBINED_TOTAL,261032098,Total Points,8435232,Over,130.5,LOSER,0,114,Adelaide (W),v Sydney (W),-8,53,61,,,,,,,,,,,
2026-08-16 00:00:00.000 Z,Women's AFL/Adelaide (W) v Sydney (W),35926579,COMBINED_TOTAL,261032098,Total Points,8435233,Under,130.5,WINNER,1,114,Adelaide (W),v Sydney (W),-8,53,61,,,,,,,,,,,
2026-08-16 00:00:00.000 Z,Women's AFL/Adelaide (W) v Sydney (W),35926579,COMBINED_TOTAL,261032098,Total Points,8435232,Over,131.5,LOSER,0,114,Adelaide (W),v Sydney (W),-8,53,61,,,,,,,,,,,
2026-08-16 00:00:00.000 Z,Women's AFL/Adelaide (W) v Sydney (W),35926579,COMBINED_TOTAL,261032098,Total Points,8435233,Under,131.5,WINNER,1,114,Adelaide (W),v Sydney (W),-8,53,61,,,,,,,,,,,
2026-08-16 00:00:00.000 Z,Women's AFL/Adelaide (W) v Sydney (W),35926579,COMBINED_TOTAL,261032098,Total Points,8435232,Over,132.5,LOSER,0,114,Adelaide (W),v Sydney (W),-8,53,61,,,,,,,,,,,
2026-08-16 00:00:00.000 Z,Women's AFL/Adelaide (W) v Sydney (W),35926579,COMBINED_TOTAL,261032098,Total Points,8435233,Under,132.5,WINNER,1,114,Adelaide (W),v Sydney (W),-8,53,61,,,,,,,,,,,
2026-08-16 00:00:00.000 Z,Women's AFL/Adelaide (W) v Sydney (W),35926579,COMBINED_TOTAL,261032098,Total Points,8435232,Over,133.5,LOSER,0,114,Adelaide (W),v Sydney (W),-8,53,61,,,,,,,,,,,
2026-08-16 00:00:00.000 Z,Women's AFL/Adelaide (W) v Sydney (W),35926579,COMBINED_TOTAL,261032098,Total Points,8435233,Under,133.5,WINNER,1,114,Adelaide (W),v Sydney (W),-8,53,61,,,,,,,,,,,
2026-08-16 00:00:00.000 Z,Women's AFL/Adelaide (W) v Sydney (W),35926579,COMBINED_TOTAL,261032098,Total Points,8435232,Over,134.5,LOSER,0,114,Adelaide (W),v Sydney (W),-8,53,61,,,,,,,,,,,
2026-08-16 00:00:00.000 Z,Women's AFL/Adelaide (W) v Sydney (W),35926579,COMBINED_TOTAL,261032098,Total Points,8435233,Under,134.5,WINNER,1,114,Adelaide (W),v Sydney (W),-8,53,61,,,,,,,,,,,
2026-08-16 00:00:00.000 Z,Women's AFL/Adelaide (W) v Sydney (W),35926579,COMBINED_TOTAL,261032098,Total Points,8435232,Over,135.5,LOSER,0,114,Adelaide (W),v Sydney (W),-8,53,61,,,,,,,,,,,
2026-08-16 00:00:00.000 Z,Women's AFL/Adelaide (W) v Sydney (W),35926579,COMBINED_TOTAL,261032098,Total Points,8435233,Under,135.5,WINNER,1,114,Adelaide (W),v Sydney (W),-8,53,61,,,,,,,,,,,
2026-08-16 00:00:00.000 Z,Women's AFL/Adelaide (W) v Sydney (W),35926579,COMBINED_TOTAL,261032098,Total Points,8435232,Over,136.5,LOSER,0,114,Adelaide (W),v Sydney (W),-8,53,61,,,,,,,,,,,
2026-08-16 00:00:00.000 Z,Women's AFL/Adelaide (W) v Sydney (W),35926579,COMBINED_TOTAL,261032098,Total Points,8435233,Under,136.5,WINNER,1,114,Adelaide (W),v Sydney (W),-8,53,61,,,,,,,,,,,
2026-08-16 00:00:00.000 Z,Women's AFL/Adelaide (W) v Sydney (W),35926579,COMBINED_TOTAL,261032098,Total Points,8435232,Over,137.5,LOSER,0,114,Adelaide (W),v Sydney (W),-8,53,61,,,,,,,,,,,
2026-08-16 00:00:00.000 Z,Women's AFL/Adelaide (W) v Sydney (W),35926579,COMBINED_TOTAL,261032098,Total Points,8435233,Under,137.5,WINNER,1,114,Adelaide (W),v Sydney (W),-8,53,61,,,,,,,,,,,
2026-08-16 00:00:00.000 Z,Women's AFL/Adelaide (W) v Sydney (W),35926579,COMBINED_TOTAL,261032098,Total Points,8435232,Over,138.5,LOSER,0,114,Adelaide (W),v Sydney (W),-8,53,61,,,,,,,,,,,
2026-08-16 00:00:00.000 Z,Women's AFL/Adelaide (W) v Sydney (W),35926579,COMBINED_TOTAL,261032098,Total Points,8435233,Under,138.5,WINNER,1,114,Adelaide (W),v Sydney (W),-8,53,61,,,,,,,,,,,
2026-08-16 00:00:00.000 Z,Women's AFL/Adelaide (W) v Sydney (W),35926579,COMBINED_TOTAL,261032098,Total Points,8435232,Over,139.5,LOSER,0,114,Adelaide (W),v Sydney (W),-8,53,61,,,,,,,,,,,
2026-08-16 00:00:00.000 Z,Women's AFL/Adelaide (W) v Sydney (W),35926579,COMBINED_TOTAL,261032098,Total Points,8435233,Under,139.5,WINNER,1,114,Adelaide (W),v Sydney (W),-8,53,61,,,,,,,,,,,
2026-08-16 00:00:00.000 Z,Women's AFL/Adelaide (W) v Sydney (W),35926579,COMBINED_TOTAL,261032098,Total Points,8435232,Over,140.5,LOSER,0,114,Adelaide (W),v Sydney (W),-8,53,61,,,,,,,,,,,
2026-08-16 00:00:00.000 Z,Women's AFL/Adelaide (W) v Sydney (W),35926579,COMBINED_TOTAL,261032098,Total Points,8435233,Under,140.5,WINNER,1,114,Adelaide (W),v Sydney (W),-8,53,61,,,,,,,,,,,
2026-08-16 00:00:00.000 Z,Women's AFL/Fremantle (W) v Port Adelaide (W),35926580,HANDICAP,261032221,Handicap,12443128,Fremantle (W),-59.5,LOSER,0,61,Fremantle (W),v Port Adelaide (W),-21,20,41,1.01,,,1.01,,,1.01,,,,
2026-08-16 00:00:00.000 Z,Women's AFL/Fremantle (W) v Port Adelaide (W),35926580,HANDICAP,261032221,Handicap,47691800,Port Adelaide (W),-59.5,LOSER,0,61,Fremantle (W),v Port Adelaide (W),-21,20,41,1.01,,,1.01,,,1.01,,,,
2026-08-16 00:00:00.000 Z,Women's AFL/Fremantle (W) v Port Adelaide (W),35926580,HANDICAP,261032221,Handicap,47691800,Port Adelaide (W),-58.5,LOSER,0,61,Fremantle (W),v Port Adelaide (W),-21,20,41,1.01,,,1.01,,,1.01,,,,
2026-08-16 00:00:00.000 Z,Women's AFL/Fremantle (W) v Port Adelaide (W),35926580,HANDICAP,261032221,Handicap,12443128,Fremantle (W),-58.5,LOSER,0,61,Fremantle (W),v Port Adelaide (W),-21,20,41,1.01,,,1.01,,,1.01,,,,
2026-08-16 00:00:00.000 Z,Women's AFL/Fremantle (W) v Port Adelaide (W),35926580,HANDICAP,261032221,Handicap,12443128,Fremantle (W),-57.5,LOSER,0,61,Fremantle (W),v Port Adelaide (W),-21,20,41,1.01,,,1.01,,,1.01,,,,
2026-08-16 00:00:00.000 Z,Women's AFL/Fremantle (W) v Port Adelaide (W),35926580,HANDICAP,261032221,Handicap,47691800,Port Adelaide (W),-57.5,LOSER,0,61,Fremantle (W),v Port Adelaide (W),-21,20,41,1.01,,,1.01,,,1.01,,,,
2026-08-16 00:00:00.000 Z,Women's AFL/Fremantle (W) v Port Adelaide (W),35926580,HANDICAP,261032221,Handicap,47691800,Port Adelaide (W),-56.5,LOSER,0,61,Fremantle (W),v Port Adelaide (W),-21,20,41,1.01,,,1.01,,,1.01,,,,
2026-08-16 00:00:00.000 Z,Women's AFL/Fremantle (W) v Port Adelaide (W),35926580,HANDICAP,261032221,Handicap,12443128,Fremantle (W),-56.5,LOSER,0,61,Fremantle (W),v Port Adelaide (W),-21,20,41,1.01,,,1.01,,,1.01,,,,
2026-08-16 00:00:00.000 Z,Women's AFL/Fremantle (W) v Port Adelaide (W),35926580,HANDICAP,261032221,Handicap,12443128,Fremantle (W),-55.5,LOSER,0,61,Fremantle (W),v Port Adelaide (W),-21,20,41,1.01,,,1.01,,,1.01,,,,
2026-08-16 00:00:00.000 Z,Women's AFL/Fremantle (W) v Port Adelaide (W),35926580,HANDICAP,261032221,Handicap,47691800,Port Adelaide (W),-55.5,LOSER,0,61,Fremantle (W),v Port Adelaide (W),-21,20,41,1.01,,,1.01,,,1.01,,,,
2026-08-16 00:00:00.000 Z,Women's AFL/Fremantle (W) v Port Adelaide (W),35926580,HANDICAP,261032221,Handicap,47691800,Port Adelaide (W),-54.5,LOSER,0,61,Fremantle (W),v Port Adelaide (W),-21,20,41,1.01,,,1.01,,,1.01,,,,
2026-08-16 00:00:00.000 Z,Women's AFL/Fremantle (W) v Port Adelaide (W),35926580,HANDICAP,261032221,Handicap,12443128,Fremantle (W),-54.5,LOSER,0,61,Fremantle (W),v Port Adelaide (W),-21,20,41,1.01,,,1.01,,,1.01,,,,
2026-08-16 00:00:00.000 Z,Women's AFL/Fremantle (W) v Port Adelaide (W),35926580,HANDICAP,261032221,Handicap,12443128,Fremantle (W),-53.5,LOSER,0,61,Fremantle (W),v Port Adelaide (W),-21,20,41,1.01,,,1.01,,,1.01,,,,
2026-08-16 00:00:00.000 Z,Women's AFL/Fremantle (W) v Port Adelaide (W),35926580,HANDICAP,261032221,Handicap,47691800,Port Adelaide (W),-53.5,LOSER,0,61,Fremantle (W),v Port Adelaide (W),-21,20,41,1.01,,,1.01,,,1.01,,,,
2026-08-16 00:00:00.000 Z,Women's AFL/Fremantle (W) v Port Adelaide (W),35926580,HANDICAP,261032221,Handicap,47691800,Port Adelaide (W),-52.5,LOSER,0,61,Fremantle (W),v Port Adelaide (W),-21,20,41,1.01,,,1.01,,,1.01,,,,
2026-08-16 00:00:00.000 Z,Women's AFL/Fremantle (W) v Port Adelaide (W),35926580,HANDICAP,261032221,Handicap,12443128,Fremantle (W),-52.5,LOSER,0,61,Fremantle (W),v Port Adelaide (W),-21,20,41,1.01,,,1.01,,,1.01,,,,
2026-08-16 00:00:00.000 Z,Women's AFL/Fremantle (W) v Port Adelaide (W),35926580,HANDICAP,261032221,Handicap,12443128,Fremantle (W),-51.5,LOSER,0,61,Fremantle (W),v Port Adelaide (W),-21,20,41,1.01,,,1.01,,,1.01,,,,
2026-08-16 00:00:00.000 Z,Women's AFL/Fremantle (W) v Port Adelaide (W),35926580,HANDICAP,261032221,Handicap,47691800,Port Adelaide (W),-51.5,LOSER,0,61,Fremantle (W),v Port Adelaide (W),-21,20,41,1.01,,,1.01,,,1.01,,,,
2026-08-16 00:00:00.000 Z,Women's AFL/Fremantle (W) v Port Adelaide (W),35926580,HANDICAP,261032221,Handicap,12443128,Fremantle (W),-50.5,LOSER,0,61,Fremantle (W),v Port Adelaide (W),-21,20,41,1.01,,,1.01,,,1.01,,,,
2026-08-16 00:00:00.000 Z,Women's AFL/Fremantle (W) v Port Adelaide (W),35926580,HANDICAP,261032221,Handicap,47691800,Port Adelaide (W),-50.5,LOSER,0,61,Fremantle (W),v Port Adelaide (W),-21,20,41,1.01,,,1.01,,,1.01,,,,
2026-08-16 00:00:00.000 Z,Women's AFL/Fremantle (W) v Port Adelaide (W),35926580,HANDICAP,261032221,Handicap,12443128,Fremantle (W),-49.5,LOSER,0,61,Fremantle (W),v Port Adelaide (W),-21,20,41,1.01,,,1.01,,,1.01,,,,
2026-08-16 00:00:00.000 Z,Women's AFL/Fremantle (W) v Port Adelaide (W),35926580,HANDICAP,261032221,Handicap,47691800,Port Adelaide (W),-49.5,LOSER,0,61,Fremantle (W),v Port Adelaide (W),-21,20,41,1.01,,,1.01,,,1.01,,,,
2026-08-16 00:00:00.000 Z,Women's AFL/Fremantle (W) v Port Adelaide (W),35926580,HANDICAP,261032221,Handicap,47691800,Port Adelaide (W),-48.5,LOSER,0,61,Fremantle (W),v Port Adelaide (W),-21,20,41,1.01,,,1.01,,,1.01,,,,
2026-08-16 00:00:00.000 Z,Women's AFL/Fremantle (W) v Port Adelaide (W),35926580,HANDICAP,261032221,Handicap,12443128,Fremantle (W),-48.5,LOSER,0,61,Fremantle (W),v Port Adelaide (W),-21,20,41,1.01,,,1.01,,,1.01,,,,
2026-08-16 00:00:00.000 Z,Women's AFL/Fremantle (W) v Port Adelaide (W),35926580,HANDICAP,261032221,Handicap,47691800,Port Adelaide (W),-47.5,LOSER,0,61,Fremantle (W),v Port Adelaide (W),-21,20,41,1.01,,,1.01,,,1.01,,,,
2026-08-16 00:00:00.000 Z,Women's AFL/Fremantle (W) v Port Adelaide (W),35926580,HANDICAP,261032221,Handicap,12443128,Fremantle (W),-47.5,LOSER,0,61,Fremantle (W),v Port Adelaide (W),-21,20,41,1.01,,,1.01,,,1.01,,,,
2026-08-16 00:00:00.000 Z,Women's AFL/Fremantle (W) v Port Adelaide (W),35926580,HANDICAP,261032221,Handicap,12443128,Fremantle (W),-46.5,LOSER,0,61,Fremantle (W),v Port Adelaide (W),-21,20,41,1.01,,,1.01,,,1.01,,,,
2026-08-16 00:00:00.000 Z,Women's AFL/Fremantle (W) v Port Adelaide (W),35926580,HANDICAP,261032221,Handicap,47691800,Port Adelaide (W),-46.5,LOSER,0,61,Fremantle (W),v Port Adelaide (W),-21,20,41,1.01,,,1.01,,,1.01,,,,
2026-08-16 00:00:00.000 Z,Women's AFL/Fremantle (W) v Port Adelaide (W),35926580,HANDICAP,261032221,Handicap,12443128,Fremantle (W),-45.5,LOSER,0,61,Fremantle (W),v Port Adelaide (W),-21,20,41,1.01,,,1.01,,,1.01,,,,
2026-08-16 00:00:00.000 Z,Women's AFL/Fremantle (W) v Port Adelaide (W),35926580,HANDICAP,261032221,Handicap,47691800,Port Adelaide (W),-45.5,LOSER,0,61,Fremantle (W),v Port Adelaide (W),-21,20,41,1.01,,,1.01,,,1.01,,,,
2026-08-16 00:00:00.000 Z,Women's AFL/Fremantle (W) v Port Adelaide (W),35926580,HANDICAP,261032221,Handicap,47691800,Port Adelaide (W),-44.5,LOSER,0,61,Fremantle (W),v Port Adelaide (W),-21,20,41,1.01,,,1.01,,,1.01,,,,
2026-08-16 00:00:00.000 Z,Women's AFL/Fremantle (W) v Port Adelaide (W),35926580,HANDICAP,261032221,Handicap,12443128,Fremantle (W),-44.5,LOSER,0,61,Fremantle (W),v Port Adelaide (W),-21,20,41,1.01,,,1.01,,,1.01,,,,
2026-08-16 00:00:00.000 Z,Women's AFL/Fremantle (W) v Port Adelaide (W),35926580,HANDICAP,261032221,Handicap,47691800,Port Adelaide (W),-43.5,LOSER,0,61,Fremantle (W),v Port Adelaide (W),-21,20,41,1.01,,,1.01,,,1.01,,,,
2026-08-16 00:00:00.000 Z,Women's AFL/Fremantle (W) v Port Adelaide (W),35926580,HANDICAP,261032221,Handicap,12443128,Fremantle (W),-43.5,LOSER,0,61,Fremantle (W),v Port Adelaide (W),-21,20,41,1.01,,,1.01,,,1.01,,,,
2026-08-16 00:00:00.000 Z,Women's AFL/Fremantle (W) v Port Adelaide (W),35926580,HANDICAP,261032221,Handicap,12443128,Fremantle (W),-42.5,LOSER,0,61,Fremantle (W),v Port Adelaide (W),-21,20,41,1.01,,,1.01,,,1.01,,,,
2026-08-16 00:00:00.000 Z,Women's AFL/Fremantle (W) v Port Adelaide (W),35926580,HANDICAP,261032221,Handicap,47691800,Port Adelaide (W),-42.5,LOSER,0,61,Fremantle (W),v Port Adelaide (W),-21,20,41,1.01,,,1.01,,,1.01,,,,
2026-08-16 00:00:00.000 Z,Women's AFL/Fremantle (W) v Port Adelaide (W),35926580,HANDICAP,261032221,Handicap,47691800,Port Adelaide (W),-41.5,LOSER,0,61,Fremantle (W),v Port Adelaide (W),-21,20,41,1.01,,,1.01,,,1.01,,,,
2026-08-16 00:00:00.000 Z,Women's AFL/Fremantle (W) v Port Adelaide (W),35926580,HANDICAP,261032221,Handicap,12443128,Fremantle (W),-41.5,LOSER,0,61,Fremantle (W),v Port Adelaide (W),-21,20,41,1.01,,,1.01,,,1.01,,,,
2026-08-16 00:00:00.000 Z,Women's AFL/Fremantle (W) v Port Adelaide (W),35926580,HANDICAP,261032221,Handicap,47691800,Port Adelaide (W),-40.5,LOSER,0,61,Fremantle (W),v Port Adelaide (W),-21,20,41,1.01,,,1.01,,,1.01,,,,
2026-08-16 00:00:00.000 Z,Women's AFL/Fremantle (W) v Port Adelaide (W),35926580,HANDICAP,261032221,Handicap,12443128,Fremantle (W),-40.5,LOSER,0,61,Fremantle (W),v Port Adelaide (W),-21,20,41,1.01,,,1.01,,,1.01,,,,
2026-08-16 00:00:00.000 Z,Women's AFL/Fremantle (W) v Port Adelaide (W),35926580,HANDICAP,261032221,Handicap,47691800,Port Adelaide (W),-39.5,LOSER,0,61,Fremantle (W),v Port Adelaide (W),-21,20,41,1.01,,,1.01,,,1.01,,,,
2026-08-16 00:00:00.000 Z,Women's AFL/Fremantle (W) v Port Adelaide (W),35926580,HANDICAP,261032221,Handicap,12443128,Fremantle (W),-39.5,LOSER,0,61,Fremantle (W),v Port Adelaide (W),-21,20,41,1.01,,,1.01,,,1.01,,,,
2026-08-16 00:00:00.000 Z,Women's AFL/Fremantle (W) v Port Adelaide (W),35926580,HANDICAP,261032221,Handicap,47691800,Port Adelaide (W),-38.5,LOSER,0,61,Fremantle (W),v Port Adelaide (W),-21,20,41,1.01,,,1.01,,,1.01,,,,
2026-08-16 00:00:00.000 Z,Women's AFL/Fremantle (W) v Port Adelaide (W),35926580,HANDICAP,261032221,Handicap,12443128,Fremantle (W),-38.5,LOSER,0,61,Fremantle (W),v Port Adelaide (W),-21,20,41,1.01,,,1.01,,,1.01,,,,
2026-08-16 00:00:00.000 Z,Women's AFL/Fremantle (W) v Port Adelaide (W),35926580,HANDICAP,261032221,Handicap,47691800,Port Adelaide (W),-37.5,LOSER,0,61,Fremantle (W),v Port Adelaide (W),-21,20,41,1.01,,,1.01,,,1.01,,,,
2026-08-16 00:00:00.000 Z,Women's AFL/Fremantle (W) v Port Adelaide (W),35926580,HANDICAP,261032221,Handicap,12443128,Fremantle (W),-37.5,LOSER,0,61,Fremantle (W),v Port Adelaide (W),-21,20,41,1.01,,,1.01,,,1.01,,,,
2026-08-16 00:00:00.000 Z,Women's AFL/Fremantle (W) v Port Adelaide (W),35926580,HANDICAP,261032221,Handicap,47691800,Port Adelaide (W),-36.5,LOSER,0,61,Fremantle (W),v Port Adelaide (W),-21,20,41,1.01,,,1.01,,,1.01,,,,
2026-08-16 00:00:00.000 Z,Women's AFL/Fremantle (W) v Port Adelaide (W),35926580,HANDICAP,261032221,Handicap,12443128,Fremantle (W),-36.5,LOSER,0,61,Fremantle (W),v Port Adelaide (W),-21,20,41,1.01,,,1.01,,,1.01,,,,
2026-08-16 00:00:00.000 Z,Women's AFL/Fremantle (W) v Port Adelaide (W),35926580,HANDICAP,261032221,Handicap,12443128,Fremantle (W),-35.5,LOSER,0,61,Fremantle (W),v Port Adelaide (W),-21,20,41,1.01,,,1.01,,,1.01,,,,
2026-08-16 00:00:00.000 Z,Women's AFL/Fremantle (W) v Port Adelaide (W),35926580,HANDICAP,261032221,Handicap,47691800,Port Adelaide (W),-35.5,LOSER,0,61,Fremantle (W),v Port Adelaide (W),-21,20,41,1.01,,,1.01,,,1.01,,,,
2026-08-16 00:00:00.000 Z,Women's AFL/Fremantle (W) v Port Adelaide (W),35926580,HANDICAP,261032221,Handicap,12443128,Fremantle (W),-34.5,LOSER,0,61,Fremantle (W),v Port Adelaide (W),-21,20,41,1.01,,,1.01,,,1.01,,,,
2026-08-16 00:00:00.000 Z,Women's AFL/Fremantle (W) v Port Adelaide (W),35926580,HANDICAP,261032221,Handicap,47691800,Port Adelaide (W),-34.5,LOSER,0,61,Fremantle (W),v Port Adelaide (W),-21,20,41,1.01,,,1.01,,,1.01,,,,
2026-08-16 00:00:00.000 Z,Women's AFL/Fremantle (W) v Port Adelaide (W),35926580,HANDICAP,261032221,Handicap,12443128,Fremantle (W),-33.5,LOSER,0,61,Fremantle (W),v Port Adelaide (W),-21,20,41,1.01,,,1.01,,,1.01,,,,
2026-08-16 00:00:00.000 Z,Women's AFL/Fremantle (W) v Port Adelaide (W),35926580,HANDICAP,261032221,Handicap,47691800,Port Adelaide (W),-33.5,LOSER,0,61,Fremantle (W),v Port Adelaide (W),-21,20,41,1.01,,,1.01,,,1.01,,,,
2026-08-16 00:00:00.000 Z,Women's AFL/Fremantle (W) v Port Adelaide (W),35926580,HANDICAP,261032221,Handicap,47691800,Port Adelaide (W),-32.5,LOSER,0,61,Fremantle (W),v Port Adelaide (W),-21,20,41,1.01,,,1.01,,,1.01,,,,
2026-08-16 00:00:00.000 Z,Women's AFL/Fremantle (W) v Port Adelaide (W),35926580,HANDICAP,261032221,Handicap,12443128,Fremantle (W),-32.5,LOSER,0,61,Fremantle (W),v Port Adelaide (W),-21,20,41,1.01,,,1.01,,,1.01,,,,
2026-08-16 00:00:00.000 Z,Women's AFL/Fremantle (W) v Port Adelaide (W),35926580,HANDICAP,261032221,Handicap,47691800,Port Adelaide (W),-31.5,LOSER,0,61,Fremantle (W),v Port Adelaide (W),-21,20,41,1.01,,,1.01,,,1.01,,,,
2026-08-16 00:00:00.000 Z,Women's AFL/Fremantle (W) v Port Adelaide (W),35926580,HANDICAP,261032221,Handicap,12443128,Fremantle (W),-31.5,LOSER,0,61,Fremantle (W),v Port Adelaide (W),-21,20,41,1.01,,,1.01,,,1.01,,,,
2026-08-16 00:00:00.000 Z,Women's AFL/Fremantle (W) v Port Adelaide (W),35926580,HANDICAP,261032221,Handicap,47691800,Port Adelaide (W),-30.5,LOSER,0,61,Fremantle (W),v Port Adelaide (W),-21,20,41,1.01,,,1.01,,,1.01,,,,
2026-08-16 00:00:00.000 Z,Women's AFL/Fremantle (W) v Port Adelaide (W),35926580,HANDICAP,261032221,Handicap,12443128,Fremantle (W),-30.5,LOSER,0,61,Fremantle (W),v Port Adelaide (W),-21,20,41,1.01,,,1.01,,,1.01,,,,
2026-08-16 00:00:00.000 Z,Women's AFL/Fremantle (W) v Port Adelaide (W),35926580,HANDICAP,261032221,Handicap,47691800,Port Adelaide (W),-29.5,LOSER,0,61,Fremantle (W),v Port Adelaide (W),-21,20,41,1.01,,,1.01,,,1.01,,,,
2026-08-16 00:00:00.000 Z,Women's AFL/Fremantle (W) v Port Adelaide (W),35926580,HANDICAP,261032221,Handicap,12443128,Fremantle (W),-29.5,LOSER,0,61,Fremantle (W),v Port Adelaide (W),-21,20,41,1.01,,,1.01,,,1.01,,,,
2026-08-16 00:00:00.000 Z,Women's AFL/Fremantle (W) v Port Adelaide (W),35926580,HANDICAP,261032221,Handicap,12443128,Fremantle (W),-28.5,LOSER,0,61,Fremantle (W),v Port Adelaide (W),-21,20,41,1.01,,,1.01,,,1.01,,,,
2026-08-16 00:00:00.000 Z,Women's AFL/Fremantle (W) v Port Adelaide (W),35926580,HANDICAP,261032221,Handicap,47691800,Port Adelaide (W),-28.5,LOSER,0,61,Fremantle (W),v Port Adelaide (W),-21,20,41,1.01,,,1.01,,,1.01,,,,
2026-08-16 00:00:00.000 Z,Women's AFL/Fremantle (W) v Port Adelaide (W),35926580,HANDICAP,261032221,Handicap,47691800,Port Adelaide (W),-27.5,LOSER,0,61,Fremantle (W),v Port Adelaide (W),-21,20,41,1.01,,,1.01,,,1.01,,,,
2026-08-16 00:00:00.000 Z,Women's AFL/Fremantle (W) v Port Adelaide (W),35926580,HANDICAP,261032221,Handicap,12443128,Fremantle (W),-27.5,LOSER,0,61,Fremantle (W),v Port Adelaide (W),-21,20,41,1.01,,,1.01,,,1.01,,,,
2026-08-16 00:00:00.000 Z,Women's AFL/Fremantle (W) v Port Adelaide (W),35926580,HANDICAP,261032221,Handicap,47691800,Port Adelaide (W),-26.5,LOSER,0,61,Fremantle (W),v Port Adelaide (W),-21,20,41,1.01,,,1.01,,,1.01,,,,
2026-08-16 00:00:00.000 Z,Women's AFL/Fremantle (W) v Port Adelaide (W),35926580,HANDICAP,261032221,Handicap,12443128,Fremantle (W),-26.5,LOSER,0,61,Fremantle (W),v Port Adelaide (W),-21,20,41,1.01,,,1.01,,,1.01,,,,
2026-08-16 00:00:00.000 Z,Women's AFL/Fremantle (W) v Port Adelaide (W),35926580,HANDICAP,261032221,Handicap,47691800,Port Adelaide (W),-25.5,LOSER,0,61,Fremantle (W),v Port Adelaide (W),-21,20,41,1.01,,,1.01,,,1.01,,,,
2026-08-16 00:00:00.000 Z,Women's AFL/Fremantle (W) v Port Adelaide (W),35926580,HANDICAP,261032221,Handicap,12443128,Fremantle (W),-25.5,LOSER,0,61,Fremantle (W),v Port Adelaide (W),-21,20,41,1.01,,,1.01,,,1.01,,,,
2026-08-16 00:00:00.000 Z,Women's AFL/Fremantle (W) v Port Adelaide (W),35926580,HANDICAP,261032221,Handicap,47691800,Port Adelaide (W),-24.5,LOSER,0,61,Fremantle (W),v Port Adelaide (W),-21,20,41,1.01,,,1.01,,,1.01,,,,
2026-08-16 00:00:00.000 Z,Women's AFL/Fremantle (W) v Port Adelaide (W),35926580,HANDICAP,261032221,Handicap,12443128,Fremantle (W),-24.5,LOSER,0,61,Fremantle (W),v Port Adelaide (W),-21,20,41,1.01,,,1.01,,,1.01,,,,
2026-08-16 00:00:00.000 Z,Women's AFL/Fremantle (W) v Port Adelaide (W),35926580,HANDICAP,261032221,Handicap,12443128,Fremantle (W),-23.5,LOSER,0,61,Fremantle (W),v Port Adelaide (W),-21,20,41,1.01,,,1.01,,,1.01,,,,
2026-08-16 00:00:00.000 Z,Women's AFL/Fremantle (W) v Port Adelaide (W),35926580,HANDICAP,261032221,Handicap,47691800,Port Adelaide (W),-23.5,LOSER,0,61,Fremantle (W),v Port Adelaide (W),-21,20,41,1.01,,,1.01,,,1.01,,,,
2026-08-16 00:00:00.000 Z,Women's AFL/Fremantle (W) v Port Adelaide (W),35926580,HANDICAP,261032221,Handicap,12443128,Fremantle (W),-22.5,LOSER,0,61,Fremantle (W),v Port Adelaide (W),-21,20,41,1.01,,,1.01,,,1.01,,,,
2026-08-16 00:00:00.000 Z,Women's AFL/Fremantle (W) v Port Adelaide (W),35926580,HANDICAP,261032221,Handicap,47691800,Port Adelaide (W),-22.5,LOSER,0,61,Fremantle (W),v Port Adelaide (W),-21,20,41,1.01,,,1.01,,,1.01,,,,
2026-08-16 00:00:00.000 Z,Women's AFL/Fremantle (W) v Port Adelaide (W),35926580,HANDICAP,261032221,Handicap,47691800,Port Adelaide (W),-21.5,LOSER,0,61,Fremantle (W),v Port Adelaide (W),-21,20,41,1.01,,,1.01,,,1.01,,,,
2026-08-16 00:00:00.000 Z,Women's AFL/Fremantle (W) v Port Adelaide (W),35926580,HANDICAP,261032221,Handicap,12443128,Fremantle (W),-21.5,LOSER,0,61,Fremantle (W),v Port Adelaide (W),-21,20,41,1.01,,,1.01,,,1.01,,,,
2026-08-16 00:00:00.000 Z,Women's AFL/Fremantle (W) v Port Adelaide (W),35926580,HANDICAP,261032221,Handicap,12443128,Fremantle (W),-20.5,LOSER,0,61,Fremantle (W),v Port Adelaide (W),-21,20,41,1.01,,,1.01,,,1.01,,,,
2026-08-16 00:00:00.000 Z,Women's AFL/Fremantle (W) v Port Adelaide (W),35926580,HANDICAP,261032221,Handicap,47691800,Port Adelaide (W),-20.5,WINNER,1,61,Fremantle (W),v Port Adelaide (W),-21,20,41,1.01,,,1.01,,,1.01,,,,
2026-08-16 00:00:00.000 Z,Women's AFL/Fremantle (W) v Port Adelaide (W),35926580,HANDICAP,261032221,Handicap,12443128,Fremantle (W),-19.5,LOSER,0,61,Fremantle (W),v Port Adelaide (W),-21,20,41,1.01,,,1.01,,,1.01,,,,
2026-08-16 00:00:00.000 Z,Women's AFL/Fremantle (W) v Port Adelaide (W),35926580,HANDICAP,261032221,Handicap,47691800,Port Adelaide (W),-19.5,WINNER,1,61,Fremantle (W),v Port Adelaide (W),-21,20,41,1.01,,,1.01,,,1.01,,,,
2026-08-16 00:00:00.000 Z,Women's AFL/Fremantle (W) v Port Adelaide (W),35926580,HANDICAP,261032221,Handicap,12443128,Fremantle (W),-18.5,LOSER,0,61,Fremantle (W),v Port Adelaide (W),-21,20,41,1.01,,,1.01,,,1.01,,,,
2026-08-16 00:00:00.000 Z,Women's AFL/Fremantle (W) v Port Adelaide (W),35926580,HANDICAP,261032221,Handicap,47691800,Port Adelaide (W),-18.5,WINNER,1,61,Fremantle (W),v Port Adelaide (W),-21,20,41,1.01,,,1.01,,,1.01,,,,
2026-08-16 00:00:00.000 Z,Women's AFL/Fremantle (W) v Port Adelaide (W),35926580,HANDICAP,261032221,Handicap,12443128,Fremantle (W),-17.5,LOSER,0,61,Fremantle (W),v Port Adelaide (W),-21,20,41,1.01,,,1.01,,,1.01,,,,
2026-08-16 00:00:00.000 Z,Women's AFL/Fremantle (W) v Port Adelaide (W),35926580,HANDICAP,261032221,Handicap,47691800,Port Adelaide (W),-17.5,WINNER,1,61,Fremantle (W),v Port Adelaide (W),-21,20,41,1.01,,,1.01,,,1.01,,,,
2026-08-16 00:00:00.000 Z,Women's AFL/Fremantle (W) v Port Adelaide (W),35926580,HANDICAP,261032221,Handicap,12443128,Fremantle (W),-16.5,LOSER,0,61,Fremantle (W),v Port Adelaide (W),-21,20,41,1.01,,,1.01,,,1.01,,,,
2026-08-16 00:00:00.000 Z,Women's AFL/Fremantle (W) v Port Adelaide (W),35926580,HANDICAP,261032221,Handicap,47691800,Port Adelaide (W),-16.5,WINNER,1,61,Fremantle (W),v Port Adelaide (W),-21,20,41,1.01,,,1.01,,,1.01,,,,
2026-08-16 00:00:00.000 Z,Women's AFL/Fremantle (W) v Port Adelaide (W),35926580,HANDICAP,261032221,Handicap,12443128,Fremantle (W),-15.5,LOSER,0,61,Fremantle (W),v Port Adelaide (W),-21,20,41,1.01,,,1.01,,,1.01,,,,
2026-08-16 00:00:00.000 Z,Women's AFL/Fremantle (W) v Port Adelaide (W),35926580,HANDICAP,261032221,Handicap,47691800,Port Adelaide (W),-15.5,WINNER,1,61,Fremantle (W),v Port Adelaide (W),-21,20,41,1.01,,,1.01,,,1.01,,,,
2026-08-16 00:00:00.000 Z,Women's AFL/Fremantle (W) v Port Adelaide (W),35926580,HANDICAP,261032221,Handicap,12443128,Fremantle (W),-14.5,LOSER,0,61,Fremantle (W),v Port Adelaide (W),-21,20,41,1.01,,,1.01,,,1.01,,,,
2026-08-16 00:00:00.000 Z,Women's AFL/Fremantle (W) v Port Adelaide (W),35926580,HANDICAP,261032221,Handicap,47691800,Port Adelaide (W),-14.5,WINNER,1,61,Fremantle (W),v Port Adelaide (W),-21,20,41,1.01,,,1.01,,,1.01,,,,
2026-08-16 00:00:00.000 Z,Women's AFL/Fremantle (W) v Port Adelaide (W),35926580,HANDICAP,261032221,Handicap,12443128,Fremantle (W),-13.5,LOSER,0,61,Fremantle (W),v Port Adelaide (W),-21,20,41,1.01,,,1.01,,,1.01,,,,
2026-08-16 00:00:00.000 Z,Women's AFL/Fremantle (W) v Port Adelaide (W),35926580,HANDICAP,261032221,Handicap,47691800,Port Adelaide (W),-13.5,WINNER,1,61,Fremantle (W),v Port Adelaide (W),-21,20,41,1.01,,,1.01,,,1.01,,,,
2026-08-16 00:00:00.000 Z,Women's AFL/Fremantle (W) v Port Adelaide (W),35926580,HANDICAP,261032221,Handicap,12443128,Fremantle (W),-12.5,LOSER,0,61,Fremantle (W),v Port Adelaide (W),-21,20,41,1.01,,,1.01,,,1.01,,,,
2026-08-16 00:00:00.000 Z,Women's AFL/Fremantle (W) v Port Adelaide (W),35926580,HANDICAP,261032221,Handicap,47691800,Port Adelaide (W),-12.5,WINNER,1,61,Fremantle (W),v Port Adelaide (W),-21,20,41,1.01,,,1.01,,,1.01,,,,
2026-08-16 00:00:00.000 Z,Women's AFL/Fremantle (W) v Port Adelaide (W),35926580,HANDICAP,261032221,Handicap,12443128,Fremantle (W),-11.5,LOSER,0,61,Fremantle (W),v Port Adelaide (W),-21,20,41,1.01,,,1.01,,,1.01,,,,
2026-08-16 00:00:00.000 Z,Women's AFL/Fremantle (W) v Port Adelaide (W),35926580,HANDICAP,261032221,Handicap,47691800,Port Adelaide (W),-11.5,WINNER,1,61,Fremantle (W),v Port Adelaide (W),-21,20,41,1.01,,,1.01,,,1.01,,,,
2026-08-16 00:00:00.000 Z,Women's AFL/Fremantle (W) v Port Adelaide (W),35926580,HANDICAP,261032221,Handicap,12443128,Fremantle (W),-10.5,LOSER,0,61,Fremantle (W),v Port Adelaide (W),-21,20,41,1.01,,,1.01,,,1.01,,,,
2026-08-16 00:00:00.000 Z,Women's AFL/Fremantle (W) v Port Adelaide (W),35926580,HANDICAP,261032221,Handicap,47691800,Port Adelaide (W),-10.5,WINNER,1,61,Fremantle (W),v Port Adelaide (W),-21,20,41,1.01,,,1.01,,,1.01,,,,
2026-08-16 00:00:00.000 Z,Women's AFL/Fremantle (W) v Port Adelaide (W),35926580,HANDICAP,261032221,Handicap,12443128,Fremantle (W),-9.5,LOSER,0,61,Fremantle (W),v Port Adelaide (W),-21,20,41,1.01,,,1.01,,,1.01,,,,
2026-08-16 00:00:00.000 Z,Women's AFL/Fremantle (W) v Port Adelaide (W),35926580,HANDICAP,261032221,Handicap,47691800,Port Adelaide (W),-9.5,WINNER,1,61,Fremantle (W),v Port Adelaide (W),-21,20,41,1.01,,,1.01,,,1.01,,,,
2026-08-16 00:00:00.000 Z,Women's AFL/Fremantle (W) v Port Adelaide (W),35926580,HANDICAP,261032221,Handicap,12443128,Fremantle (W),-8.5,LOSER,0,61,Fremantle (W),v Port Adelaide (W),-21,20,41,1.01,,,1.01,,,1.01,,,,
2026-08-16 00:00:00.000 Z,Women's AFL/Fremantle (W) v Port Adelaide (W),35926580,HANDICAP,261032221,Handicap,47691800,Port Adelaide (W),-8.5,WINNER,1,61,Fremantle (W),v Port Adelaide (W),-21,20,41,1.01,,,1.01,,,1.01,,,,
2026-08-16 00:00:00.000 Z,Women's AFL/Fremantle (W) v Port Adelaide (W),35926580,HANDICAP,261032221,Handicap,12443128,Fremantle (W),-7.5,LOSER,0,61,Fremantle (W),v Port Adelaide (W),-21,20,41,1.01,,,1.01,,,1.01,,,,
2026-08-16 00:00:00.000 Z,Women's AFL/Fremantle (W) v Port Adelaide (W),35926580,HANDICAP,261032221,Handicap,47691800,Port Adelaide (W),-7.5,WINNER,1,61,Fremantle (W),v Port Adelaide (W),-21,20,41,1.01,,,1.01,,,1.01,,,,
2026-08-16 00:00:00.000 Z,Women's AFL/Fremantle (W) v Port Adelaide (W),35926580,HANDICAP,261032221,Handicap,12443128,Fremantle (W),-6.5,LOSER,0,61,Fremantle (W),v Port Adelaide (W),-21,20,41,1.01,,,1.01,,,1.01,,,,
2026-08-16 00:00:00.000 Z,Women's AFL/Fremantle (W) v Port Adelaide (W),35926580,HANDICAP,261032221,Handicap,47691800,Port Adelaide (W),-6.5,WINNER,1,61,Fremantle (W),v Port Adelaide (W),-21,20,41,1.01,,,1.01,,,1.01,,,,
2026-08-16 00:00:00.000 Z,Women's AFL/Fremantle (W) v Port Adelaide (W),35926580,HANDICAP,261032221,Handicap,12443128,Fremantle (W),-5.5,LOSER,0,61,Fremantle (W),v Port Adelaide (W),-21,20,41,1.01,,,1.01,,,1.01,,,,
2026-08-16 00:00:00.000 Z,Women's AFL/Fremantle (W) v Port Adelaide (W),35926580,HANDICAP,261032221,Handicap,47691800,Port Adelaide (W),-5.5,WINNER,1,61,Fremantle (W),v Port Adelaide (W),-21,20,41,1.01,,,1.01,,,1.01,,,,
2026-08-16 00:00:00.000 Z,Women's AFL/Fremantle (W) v Port Adelaide (W),35926580,HANDICAP,261032221,Handicap,12443128,Fremantle (W),-4.5,LOSER,0,61,Fremantle (W),v Port Adelaide (W),-21,20,41,1.01,,,1.01,,,1.01,,,,
2026-08-16 00:00:00.000 Z,Women's AFL/Fremantle (W) v Port Adelaide (W),35926580,HANDICAP,261032221,Handicap,47691800,Port Adelaide (W),-4.5,WINNER,1,61,Fremantle (W),v Port Adelaide (W),-21,20,41,1.01,,,1.01,,,1.01,,,,
2026-08-16 00:00:00.000 Z,Women's AFL/Fremantle (W) v Port Adelaide (W),35926580,HANDICAP,261032221,Handicap,12443128,Fremantle (W),-3.5,LOSER,0,61,Fremantle (W),v Port Adelaide (W),-21,20,41,1.01,,,1.01,,,1.01,,,,
2026-08-16 00:00:00.000 Z,Women's AFL/Fremantle (W) v Port Adelaide (W),35926580,HANDICAP,261032221,Handicap,47691800,Port Adelaide (W),-3.5,WINNER,1,61,Fremantle (W),v Port Adelaide (W),-21,20,41,2,,,2,,,2,,,,
2026-08-16 00:00:00.000 Z,Women's AFL/Fremantle (W) v Port Adelaide (W),35926580,HANDICAP,261032221,Handicap,12443128,Fremantle (W),-2.5,LOSER,0,61,Fremantle (W),v Port Adelaide (W),-21,20,41,1.01,,,1.01,,,1.01,,,,
2026-08-16 00:00:00.000 Z,Women's AFL/Fremantle (W) v Port Adelaide (W),35926580,HANDICAP,261032221,Handicap,47691800,Port Adelaide (W),-2.5,WINNER,1,61,Fremantle (W),v Port Adelaide (W),-21,20,41,1.62,,,1.62,,,1.62,,,,
2026-08-16 00:00:00.000 Z,Women's AFL/Fremantle (W) v Port Adelaide (W),35926580,HANDICAP,261032221,Handicap,12443128,Fremantle (W),-1.5,LOSER,0,61,Fremantle (W),v Port Adelaide (W),-21,20,41,1.01,,,1.01,,,1.01,,,,
2026-08-16 00:00:00.000 Z,Women's AFL/Fremantle (W) v Port Adelaide (W),35926580,HANDICAP,261032221,Handicap,47691800,Port Adelaide (W),-1.5,WINNER,1,61,Fremantle (W),v Port Adelaide (W),-21,20,41,1.61,,,1.61,,,1.9,,,,
2026-08-16 00:00:00.000 Z,Women's AFL/Fremantle (W) v Port Adelaide (W),35926580,HANDICAP,261032221,Handicap,12443128,Fremantle (W),-0.5,LOSER,0,61,Fremantle (W),v Port Adelaide (W),-21,20,41,1.62,,,1.62,,,1.62,,,,
2026-08-16 00:00:00.000 Z,Women's AFL/Fremantle (W) v Port Adelaide (W),35926580,HANDICAP,261032221,Handicap,47691800,Port Adelaide (W),-0.5,WINNER,1,61,Fremantle (W),v Port Adelaide (W),-21,20,41,1.6,,,1.6,,,1.6,,,,
2026-08-16 00:00:00.000 Z,Women's AFL/Fremantle (W) v Port Adelaide (W),35926580,HANDICAP,261032221,Handicap,12443128,Fremantle (W),0.5,LOSER,0,61,Fremantle (W),v Port Adelaide (W),-21,20,41,1.61,,,1.61,,,1.61,,,,
2026-08-16 00:00:00.000 Z,Women's AFL/Fremantle (W) v Port Adelaide (W),35926580,HANDICAP,261032221,Handicap,47691800,Port Adelaide (W),0.5,WINNER,1,61,Fremantle (W),v Port Adelaide (W),-21,20,41,1.59,,,1.59,,,1.59,,,,
2026-08-16 00:00:00.000 Z,Women's AFL/Fremantle (W) v Port Adelaide (W),35926580,HANDICAP,261032221,Handicap,12443128,Fremantle (W),1.5,LOSER,0,61,Fremantle (W),v Port Adelaide (W),-21,20,41,1.6,,,1.6,,,1.9,,,,
2026-08-16 00:00:00.000 Z,Women's AFL/Fremantle (W) v Port Adelaide (W),35926580,HANDICAP,261032221,Handicap,47691800,Port Adelaide (W),1.5,WINNER,1,61,Fremantle (W),v Port Adelaide (W),-21,20,41,1.58,,,1.58,,,1.58,,,,
2026-08-16 00:00:00.000 Z,Women's AFL/Fremantle (W) v Port Adelaide (W),35926580,HANDICAP,261032221,Handicap,12443128,Fremantle (W),2.5,LOSER,0,61,Fremantle (W),v Port Adelaide (W),-21,20,41,1.59,,,1.59,,,1.59,,,,
2026-08-16 00:00:00.000 Z,Women's AFL/Fremantle (W) v Port Adelaide (W),35926580,HANDICAP,261032221,Handicap,47691800,Port Adelaide (W),2.5,WINNER,1,61,Fremantle (W),v Port Adelaide (W),-21,20,41,1.54,,,1.54,,,1.54,,,,
2026-08-16 00:00:00.000 Z,Women's AFL/Fremantle (W) v Port Adelaide (W),35926580,HANDICAP,261032221,Handicap,12443128,Fremantle (W),3.5,LOSER,0,61,Fremantle (W),v Port Adelaide (W),-21,20,41,1.56,,,1.56,,,1.56,,,,
2026-08-16 00:00:00.000 Z,Women's AFL/Fremantle (W) v Port Adelaide (W),35926580,HANDICAP,261032221,Handicap,47691800,Port Adelaide (W),3.5,WINNER,1,61,Fremantle (W),v Port Adelaide (W),-21,20,41,1.5,,,1.5,,,1.5,,,,
2026-08-16 00:00:00.000 Z,Women's AFL/Fremantle (W) v Port Adelaide (W),35926580,HANDICAP,261032221,Handicap,12443128,Fremantle (W),4.5,LOSER,0,61,Fremantle (W),v Port Adelaide (W),-21,20,41,1.52,,,1.52,,,1.52,,,,
2026-08-16 00:00:00.000 Z,Women's AFL/Fremantle (W) v Port Adelaide (W),35926580,HANDICAP,261032221,Handicap,47691800,Port Adelaide (W),4.5,WINNER,1,61,Fremantle (W),v Port Adelaide (W),-21,20,41,1.46,,,1.46,,,1.46,,,,
2026-08-16 00:00:00.000 Z,Women's AFL/Fremantle (W) v Port Adelaide (W),35926580,HANDICAP,261032221,Handicap,12443128,Fremantle (W),5.5,LOSER,0,61,Fremantle (W),v Port Adelaide (W),-21,20,41,1.48,,,1.48,,,1.48,,,,
2026-08-16 00:00:00.000 Z,Women's AFL/Fremantle (W) v Port Adelaide (W),35926580,HANDICAP,261032221,Handicap,47691800,Port Adelaide (W),5.5,WINNER,1,61,Fremantle (W),v Port Adelaide (W),-21,20,41,1.42,,,1.42,,,1.42,,,,
2026-08-16 00:00:00.000 Z,Women's AFL/Fremantle (W) v Port Adelaide (W),35926580,HANDICAP,261032221,Handicap,12443128,Fremantle (W),6.5,LOSER,0,61,Fremantle (W),v Port Adelaide (W),-21,20,41,1.44,,,1.44,,,1.44,,,,
2026-08-16 00:00:00.000 Z,Women's AFL/Fremantle (W) v Port Adelaide (W),35926580,HANDICAP,261032221,Handicap,47691800,Port Adelaide (W),6.5,WINNER,1,61,Fremantle (W),v Port Adelaide (W),-21,20,41,1.38,,,1.38,,,1.38,,,,
2026-08-16 00:00:00.000 Z,Women's AFL/Fremantle (W) v Port Adelaide (W),35926580,HANDICAP,261032221,Handicap,12443128,Fremantle (W),7.5,LOSER,0,61,Fremantle (W),v Port Adelaide (W),-21,20,41,1.4,,,1.4,,6,1.4,,6,6,1.4
2026-08-16 00:00:00.000 Z,Women's AFL/Fremantle (W) v Port Adelaide (W),35926580,HANDICAP,261032221,Handicap,47691800,Port Adelaide (W),7.5,WINNER,1,61,Fremantle (W),v Port Adelaide (W),-21,20,41,1.35,,,1.35,,,1.35,,,,
2026-08-16 00:00:00.000 Z,Women's AFL/Fremantle (W) v Port Adelaide (W),35926580,HANDICAP,261032221,Handicap,12443128,Fremantle (W),8.5,LOSER,0,61,Fremantle (W),v Port Adelaide (W),-21,20,41,1.37,,,1.37,,,1.37,,,,
2026-08-16 00:00:00.000 Z,Women's AFL/Fremantle (W) v Port Adelaide (W),35926580,HANDICAP,261032221,Handicap,47691800,Port Adelaide (W),8.5,WINNER,1,61,Fremantle (W),v Port Adelaide (W),-21,20,41,1.32,,,1.32,,,1.32,,,,
2026-08-16 00:00:00.000 Z,Women's AFL/Fremantle (W) v Port Adelaide (W),35926580,HANDICAP,261032221,Handicap,12443128,Fremantle (W),9.5,LOSER,0,61,Fremantle (W),v Port Adelaide (W),-21,20,41,1.34,,,1.34,,,1.34,,,,
2026-08-16 00:00:00.000 Z,Women's AFL/Fremantle (W) v Port Adelaide (W),35926580,HANDICAP,261032221,Handicap,47691800,Port Adelaide (W),9.5,WINNER,1,61,Fremantle (W),v Port Adelaide (W),-21,20,41,1.29,,,1.29,,,1.29,,,,
2026-08-16 00:00:00.000 Z,Women's AFL/Fremantle (W) v Port Adelaide (W),35926580,HANDICAP,261032221,Handicap,12443128,Fremantle (W),10.5,LOSER,0,61,Fremantle (W),v Port Adelaide (W),-21,20,41,1.31,,,1.31,,,1.31,,,,
2026-08-16 00:00:00.000 Z,Women's AFL/Fremantle (W) v Port Adelaide (W),35926580,HANDICAP,261032221,Handicap,47691800,Port Adelaide (W),10.5,WINNER,1,61,Fremantle (W),v Port Adelaide (W),-21,20,41,1.27,,,1.27,,,1.27,,,,
2026-08-16 00:00:00.000 Z,Women's AFL/Fremantle (W) v Port Adelaide (W),35926580,HANDICAP,261032221,Handicap,12443128,Fremantle (W),11.5,LOSER,0,61,Fremantle (W),v Port Adelaide (W),-21,20,41,1.28,,,1.28,,,1.28,,,,
2026-08-16 00:00:00.000 Z,Women's AFL/Fremantle (W) v Port Adelaide (W),35926580,HANDICAP,261032221,Handicap,47691800,Port Adelaide (W),11.5,WINNER,1,61,Fremantle (W),v Port Adelaide (W),-21,20,41,1.25,,,1.25,,,1.25,,,,
2026-08-16 00:00:00.000 Z,Women's AFL/Fremantle (W) v Port Adelaide (W),35926580,HANDICAP,261032221,Handicap,12443128,Fremantle (W),12.5,LOSER,0,61,Fremantle (W),v Port Adelaide (W),-21,20,41,1.26,,,1.26,,,1.26,,,,
2026-08-16 00:00:00.000 Z,Women's AFL/Fremantle (W) v Port Adelaide (W),35926580,HANDICAP,261032221,Handicap,47691800,Port Adelaide (W),12.5,WINNER,1,61,Fremantle (W),v Port Adelaide (W),-21,20,41,1.23,,,1.23,,,1.23,,,,
2026-08-16 00:00:00.000 Z,Women's AFL/Fremantle (W) v Port Adelaide (W),35926580,HANDICAP,261032221,Handicap,12443128,Fremantle (W),13.5,LOSER,0,61,Fremantle (W),v Port Adelaide (W),-21,20,41,1.24,,,1.24,,,1.24,,,,
2026-08-16 00:00:00.000 Z,Women's AFL/Fremantle (W) v Port Adelaide (W),35926580,HANDICAP,261032221,Handicap,47691800,Port Adelaide (W),13.5,WINNER,1,61,Fremantle (W),v Port Adelaide (W),-21,20,41,1.21,,,1.22,,,1.22,,,,
2026-08-16 00:00:00.000 Z,Women's AFL/Fremantle (W) v Port Adelaide (W),35926580,HANDICAP,261032221,Handicap,12443128,Fremantle (W),14.5,LOSER,0,61,Fremantle (W),v Port Adelaide (W),-21,20,41,1.22,,,1.23,,,1.23,,,,
2026-08-16 00:00:00.000 Z,Women's AFL/Fremantle (W) v Port Adelaide (W),35926580,HANDICAP,261032221,Handicap,47691800,Port Adelaide (W),14.5,WINNER,1,61,Fremantle (W),v Port Adelaide (W),-21,20,41,1.19,,,1.2,,,1.2,,,,
2026-08-16 00:00:00.000 Z,Women's AFL/Fremantle (W) v Port Adelaide (W),35926580,HANDICAP,261032221,Handicap,12443128,Fremantle (W),15.5,LOSER,0,61,Fremantle (W),v Port Adelaide (W),-21,20,41,1.2,,,1.21,,,1.21,,,,
2026-08-16 00:00:00.000 Z,Women's AFL/Fremantle (W) v Port Adelaide (W),35926580,HANDICAP,261032221,Handicap,47691800,Port Adelaide (W),15.5,WINNER,1,61,Fremantle (W),v Port Adelaide (W),-21,20,41,1.17,,,1.17,,,1.17,,,,
2026-08-16 00:00:00.000 Z,Women's AFL/Fremantle (W) v Port Adelaide (W),35926580,HANDICAP,261032221,Handicap,12443128,Fremantle (W),16.5,LOSER,0,61,Fremantle (W),v Port Adelaide (W),-21,20,41,1.18,,,1.18,,,1.18,,,,
2026-08-16 00:00:00.000 Z,Women's AFL/Fremantle (W) v Port Adelaide (W),35926580,HANDICAP,261032221,Handicap,47691800,Port Adelaide (W),16.5,WINNER,1,61,Fremantle (W),v Port Adelaide (W),-21,20,41,1.15,,,1.15,,,1.15,,,,
2026-08-16 00:00:00.000 Z,Women's AFL/Fremantle (W) v Port Adelaide (W),35926580,HANDICAP,261032221,Handicap,12443128,Fremantle (W),17.5,LOSER,0,61,Fremantle (W),v Port Adelaide (W),-21,20,41,1.16,,,1.16,,,1.16,,,,
2026-08-16 00:00:00.000 Z,Women's AFL/Fremantle (W) v Port Adelaide (W),35926580,HANDICAP,261032221,Handicap,47691800,Port Adelaide (W),17.5,WINNER,1,61,Fremantle (W),v Port Adelaide (W),-21,20,41,1.13,,,1.13,,,1.13,,,,
2026-08-16 00:00:00.000 Z,Women's AFL/Fremantle (W) v Port Adelaide (W),35926580,HANDICAP,261032221,Handicap,12443128,Fremantle (W),18.5,LOSER,0,61,Fremantle (W),v Port Adelaide (W),-21,20,41,1.14,,,1.14,,,1.14,,,,
2026-08-16 00:00:00.000 Z,Women's AFL/Fremantle (W) v Port Adelaide (W),35926580,HANDICAP,261032221,Handicap,47691800,Port Adelaide (W),18.5,WINNER,1,61,Fremantle (W),v Port Adelaide (W),-21,20,41,1.12,,,1.12,,,1.12,,,,
2026-08-16 00:00:00.000 Z,Women's AFL/Fremantle (W) v Port Adelaide (W),35926580,HANDICAP,261032221,Handicap,12443128,Fremantle (W),19.5,LOSER,0,61,Fremantle (W),v Port Adelaide (W),-21,20,41,1.12,,,1.12,,,1.12,,,,
2026-08-16 00:00:00.000 Z,Women's AFL/Fremantle (W) v Port Adelaide (W),35926580,HANDICAP,261032221,Handicap,47691800,Port Adelaide (W),19.5,WINNER,1,61,Fremantle (W),v Port Adelaide (W),-21,20,41,1.11,,,1.11,,,1.11,,,,
2026-08-16 00:00:00.000 Z,Women's AFL/Fremantle (W) v Port Adelaide (W),35926580,HANDICAP,261032221,Handicap,12443128,Fremantle (W),20.5,LOSER,0,61,Fremantle (W),v Port Adelaide (W),-21,20,41,1.11,,,1.11,,,1.11,,,,
2026-08-16 00:00:00.000 Z,Women's AFL/Fremantle (W) v Port Adelaide (W),35926580,HANDICAP,261032221,Handicap,47691800,Port Adelaide (W),20.5,WINNER,1,61,Fremantle (W),v Port Adelaide (W),-21,20,41,1.1,,,1.1,,,1.1,,,,
2026-08-16 00:00:00.000 Z,Women's AFL/Fremantle (W) v Port Adelaide (W),35926580,HANDICAP,261032221,Handicap,12443128,Fremantle (W),21.5,WINNER,1,61,Fremantle (W),v Port Adelaide (W),-21,20,41,1.1,,,1.1,,,1.1,,,,
2026-08-16 00:00:00.000 Z,Women's AFL/Fremantle (W) v Port Adelaide (W),35926580,HANDICAP,261032221,Handicap,47691800,Port Adelaide (W),21.5,WINNER,1,61,Fremantle (W),v Port Adelaide (W),-21,20,41,1.09,,,1.09,,,1.09,,,,
2026-08-16 00:00:00.000 Z,Women's AFL/Fremantle (W) v Port Adelaide (W),35926580,HANDICAP,261032221,Handicap,47691800,Port Adelaide (W),22.5,WINNER,1,61,Fremantle (W),v Port Adelaide (W),-21,20,41,1.08,,,1.08,,,1.08,,,,
2026-08-16 00:00:00.000 Z,Women's AFL/Fremantle (W) v Port Adelaide (W),35926580,HANDICAP,261032221,Handicap,12443128,Fremantle (W),22.5,WINNER,1,61,Fremantle (W),v Port Adelaide (W),-21,20,41,1.09,,,1.09,,,1.09,,,,
2026-08-16 00:00:00.000 Z,Women's AFL/Fremantle (W) v Port Adelaide (W),35926580,HANDICAP,261032221,Handicap,12443128,Fremantle (W),23.5,WINNER,1,61,Fremantle (W),v Port Adelaide (W),-21,20,41,1.08,,,1.08,,,1.08,,,,
2026-08-16 00:00:00.000 Z,Women's AFL/Fremantle (W) v Port Adelaide (W),35926580,HANDICAP,261032221,Handicap,47691800,Port Adelaide (W),23.5,WINNER,1,61,Fremantle (W),v Port Adelaide (W),-21,20,41,1.07,,,1.07,,,1.07,,,,
2026-08-16 00:00:00.000 Z,Women's AFL/Fremantle (W) v Port Adelaide (W),35926580,HANDICAP,261032221,Handicap,47691800,Port Adelaide (W),24.5,WINNER,1,61,Fremantle (W),v Port Adelaide (W),-21,20,41,1.06,,,1.06,,,1.06,,,,
2026-08-16 00:00:00.000 Z,Women's AFL/Fremantle (W) v Port Adelaide (W),35926580,HANDICAP,261032221,Handicap,12443128,Fremantle (W),24.5,WINNER,1,61,Fremantle (W),v Port Adelaide (W),-21,20,41,1.07,,,1.07,,,1.07,,,,
2026-08-16 00:00:00.000 Z,Women's AFL/Fremantle (W) v Port Adelaide (W),35926580,HANDICAP,261032221,Handicap,47691800,Port Adelaide (W),25.5,WINNER,1,61,Fremantle (W),v Port Adelaide (W),-21,20,41,1.05,,,1.05,,,1.05,,,,
2026-08-16 00:00:00.000 Z,Women's AFL/Fremantle (W) v Port Adelaide (W),35926580,HANDICAP,261032221,Handicap,12443128,Fremantle (W),25.5,WINNER,1,61,Fremantle (W),v Port Adelaide (W),-21,20,41,1.06,,,1.06,,,1.06,,,,
2026-08-16 00:00:00.000 Z,Women's AFL/Fremantle (W) v Port Adelaide (W),35926580,HANDICAP,261032221,Handicap,47691800,Port Adelaide (W),26.5,WINNER,1,61,Fremantle (W),v Port Adelaide (W),-21,20,41,1.04,,,1.04,,,1.04,,,,
2026-08-16 00:00:00.000 Z,Women's AFL/Fremantle (W) v Port Adelaide (W),35926580,HANDICAP,261032221,Handicap,12443128,Fremantle (W),26.5,WINNER,1,61,Fremantle (W),v Port Adelaide (W),-21,20,41,1.05,,,1.05,,,1.05,,,,
2026-08-16 00:00:00.000 Z,Women's AFL/Fremantle (W) v Port Adelaide (W),35926580,HANDICAP,261032221,Handicap,12443128,Fremantle (W),27.5,WINNER,1,61,Fremantle (W),v Port Adelaide (W),-21,20,41,1.04,,,1.04,,,1.04,,,,
2026-08-16 00:00:00.000 Z,Women's AFL/Fremantle (W) v Port Adelaide (W),35926580,HANDICAP,261032221,Handicap,47691800,Port Adelaide (W),27.5,WINNER,1,61,Fremantle (W),v Port Adelaide (W),-21,20,41,1.03,,,1.03,,,1.03,,,,
2026-08-16 00:00:00.000 Z,Women's AFL/Fremantle (W) v Port Adelaide (W),35926580,HANDICAP,261032221,Handicap,12443128,Fremantle (W),28.5,WINNER,1,61,Fremantle (W),v Port Adelaide (W),-21,20,41,1.03,,,1.03,,,1.03,,,,
2026-08-16 00:00:00.000 Z,Women's AFL/Fremantle (W) v Port Adelaide (W),35926580,HANDICAP,261032221,Handicap,47691800,Port Adelaide (W),28.5,WINNER,1,61,Fremantle (W),v Port Adelaide (W),-21,20,41,1.02,,,1.02,,,1.02,,,,
2026-08-16 00:00:00.000 Z,Women's AFL/Fremantle (W) v Port Adelaide (W),35926580,HANDICAP,261032221,Handicap,12443128,Fremantle (W),29.5,WINNER,1,61,Fremantle (W),v Port Adelaide (W),-21,20,41,1.02,,,1.02,,,1.02,,,,
2026-08-16 00:00:00.000 Z,Women's AFL/Fremantle (W) v Port Adelaide (W),35926580,HANDICAP,261032221,Handicap,47691800,Port Adelaide (W),29.5,WINNER,1,61,Fremantle (W),v Port Adelaide (W),-21,20,41,1.01,,,1.01,,,1.01,,,,
2026-08-16 00:00:00.000 Z,Women's AFL/Fremantle (W) v Port Adelaide (W),35926580,HANDICAP,261032221,Handicap,47691800,Port Adelaide (W),30.5,WINNER,1,61,Fremantle (W),v Port Adelaide (W),-21,20,41,,,,,,,,,,,
2026-08-16 00:00:00.000 Z,Women's AFL/Fremantle (W) v Port Adelaide (W),35926580,HANDICAP,261032221,Handicap,12443128,Fremantle (W),30.5,WINNER,1,61,Fremantle (W),v Port Adelaide (W),-21,20,41,1.01,,,1.01,,,1.01,,,,
2026-08-16 00:00:00.000 Z,Women's AFL/Fremantle (W) v Port Adelaide (W),35926580,HANDICAP,261032221,Handicap,47691800,Port Adelaide (W),31.5,WINNER,1,61,Fremantle (W),v Port Adelaide (W),-21,20,41,,,,,,,,,,,
2026-08-16 00:00:00.000 Z,Women's AFL/Fremantle (W) v Port Adelaide (W),35926580,HANDICAP,261032221,Handicap,12443128,Fremantle (W),31.5,WINNER,1,61,Fremantle (W),v Port Adelaide (W),-21,20,41,,,,,,,,,,,
2026-08-16 00:00:00.000 Z,Women's AFL/Fremantle (W) v Port Adelaide (W),35926580,HANDICAP,261032221,Handicap,12443128,Fremantle (W),32.5,WINNER,1,61,Fremantle (W),v Port Adelaide (W),-21,20,41,,,,,,,,,,,
2026-08-16 00:00:00.000 Z,Women's AFL/Fremantle (W) v Port Adelaide (W),35926580,HANDICAP,261032221,Handicap,47691800,Port Adelaide (W),32.5,WINNER,1,61,Fremantle (W),v Port Adelaide (W),-21,20,41,,,,,,,,,,,
2026-08-16 00:00:00.000 Z,Women's AFL/Fremantle (W) v Port Adelaide (W),35926580,HANDICAP,261032221,Handicap,12443128,Fremantle (W),33.5,WINNER,1,61,Fremantle (W),v Port Adelaide (W),-21,20,41,,,,,,,,,,,
2026-08-16 00:00:00.000 Z,Women's AFL/Fremantle (W) v Port Adelaide (W),35926580,HANDICAP,261032221,Handicap,47691800,Port Adelaide (W),33.5,WINNER,1,61,Fremantle (W),v Port Adelaide (W),-21,20,41,,,,,,,,,,,
2026-08-16 00:00:00.000 Z,Women's AFL/Fremantle (W) v Port Adelaide (W),35926580,HANDICAP,261032221,Handicap,47691800,Port Adelaide (W),34.5,WINNER,1,61,Fremantle (W),v Port Adelaide (W),-21,20,41,,,,,,,,,,,
2026-08-16 00:00:00.000 Z,Women's AFL/Fremantle (W) v Port Adelaide (W),35926580,HANDICAP,261032221,Handicap,12443128,Fremantle (W),34.5,WINNER,1,61,Fremantle (W),v Port Adelaide (W),-21,20,41,,,,,,,,,,,
2026-08-16 00:00:00.000 Z,Women's AFL/Fremantle (W) v Port Adelaide (W),35926580,HANDICAP,261032221,Handicap,47691800,Port Adelaide (W),35.5,WINNER,1,61,Fremantle (W),v Port Adelaide (W),-21,20,41,,,,,,,,,,,
2026-08-16 00:00:00.000 Z,Women's AFL/Fremantle (W) v Port Adelaide (W),35926580,HANDICAP,261032221,Handicap,12443128,Fremantle (W),35.5,WINNER,1,61,Fremantle (W),v Port Adelaide (W),-21,20,41,,,,,,,,,,,
2026-08-16 00:00:00.000 Z,Women's AFL/Fremantle (W) v Port Adelaide (W),35926580,HANDICAP,261032221,Handicap,47691800,Port Adelaide (W),36.5,WINNER,1,61,Fremantle (W),v Port Adelaide (W),-21,20,41,,,,,,,,,,,
2026-08-16 00:00:00.000 Z,Women's AFL/Fremantle (W) v Port Adelaide (W),35926580,HANDICAP,261032221,Handicap,12443128,Fremantle (W),36.5,WINNER,1,61,Fremantle (W),v Port Adelaide (W),-21,20,41,,,,,,,,,,,
2026-08-16 00:00:00.000 Z,Women's AFL/Fremantle (W) v Port Adelaide (W),35926580,HANDICAP,261032221,Handicap,12443128,Fremantle (W),37.5,WINNER,1,61,Fremantle (W),v Port Adelaide (W),-21,20,41,,,,,,,,,,,
2026-08-16 00:00:00.000 Z,Women's AFL/Fremantle (W) v Port Adelaide (W),35926580,HANDICAP,261032221,Handicap,47691800,Port Adelaide (W),37.5,WINNER,1,61,Fremantle (W),v Port Adelaide (W),-21,20,41,,,,,,,,,,,
2026-08-16 00:00:00.000 Z,Women's AFL/Fremantle (W) v Port Adelaide (W),35926580,HANDICAP,261032221,Handicap,12443128,Fremantle (W),38.5,WINNER,1,61,Fremantle (W),v Port Adelaide (W),-21,20,41,,,,,,,,,,,
2026-08-16 00:00:00.000 Z,Women's AFL/Fremantle (W) v Port Adelaide (W),35926580,HANDICAP,261032221,Handicap,47691800,Port Adelaide (W),38.5,WINNER,1,61,Fremantle (W),v Port Adelaide (W),-21,20,41,,,,,,,,,,,
2026-08-16 00:00:00.000 Z,Women's AFL/Fremantle (W) v Port Adelaide (W),35926580,HANDICAP,261032221,Handicap,47691800,Port Adelaide (W),39.5,WINNER,1,61,Fremantle (W),v Port Adelaide (W),-21,20,41,,,,,,,,,,,
2026-08-16 00:00:00.000 Z,Women's AFL/Fremantle (W) v Port Adelaide (W),35926580,HANDICAP,261032221,Handicap,12443128,Fremantle (W),39.5,WINNER,1,61,Fremantle (W),v Port Adelaide (W),-21,20,41,,,,,,,,,,,
2026-08-16 00:00:00.000 Z,Women's AFL/Fremantle (W) v Port Adelaide (W),35926580,HANDICAP,261032221,Handicap,47691800,Port Adelaide (W),40.5,WINNER,1,61,Fremantle (W),v Port Adelaide (W),-21,20,41,,,,,,,,,,,
2026-08-16 00:00:00.000 Z,Women's AFL/Fremantle (W) v Port Adelaide (W),35926580,HANDICAP,261032221,Handicap,12443128,Fremantle (W),40.5,WINNER,1,61,Fremantle (W),v Port Adelaide (W),-21,20,41,,,,,,,,,,,
2026-08-16 00:00:00.000 Z,Women's AFL/Fremantle (W) v Port Adelaide (W),35926580,HANDICAP,261032221,Handicap,47691800,Port Adelaide (W),41.5,WINNER,1,61,Fremantle (W),v Port Adelaide (W),-21,20,41,,,,,,,,,,,
2026-08-16 00:00:00.000 Z,Women's AFL/Fremantle (W) v Port Adelaide (W),35926580,HANDICAP,261032221,Handicap,12443128,Fremantle (W),41.5,WINNER,1,61,Fremantle (W),v Port Adelaide (W),-21,20,41,,,,,,,,,,,
2026-08-16 00:00:00.000 Z,Women's AFL/Fremantle (W) v Port Adelaide (W),35926580,HANDICAP,261032221,Handicap,12443128,Fremantle (W),42.5,WINNER,1,61,Fremantle (W),v Port Adelaide (W),-21,20,41,,,,,,,,,,,
2026-08-16 00:00:00.000 Z,Women's AFL/Fremantle (W) v Port Adelaide (W),35926580,HANDICAP,261032221,Handicap,47691800,Port Adelaide (W),42.5,WINNER,1,61,Fremantle (W),v Port Adelaide (W),-21,20,41,,,,,,,,,,,
2026-08-16 00:00:00.000 Z,Women's AFL/Fremantle (W) v Port Adelaide (W),35926580,HANDICAP,261032221,Handicap,12443128,Fremantle (W),43.5,WINNER,1,61,Fremantle (W),v Port Adelaide (W),-21,20,41,,,,,,,,,,,
2026-08-16 00:00:00.000 Z,Women's AFL/Fremantle (W) v Port Adelaide (W),35926580,HANDICAP,261032221,Handicap,47691800,Port Adelaide (W),43.5,WINNER,1,61,Fremantle (W),v Port Adelaide (W),-21,20,41,,,,,,,,,,,
2026-08-16 00:00:00.000 Z,Women's AFL/Fremantle (W) v Port Adelaide (W),35926580,HANDICAP,261032221,Handicap,12443128,Fremantle (W),44.5,WINNER,1,61,Fremantle (W),v Port Adelaide (W),-21,20,41,,,,,,,,,,,
2026-08-16 00:00:00.000 Z,Women's AFL/Fremantle (W) v Port Adelaide (W),35926580,HANDICAP,261032221,Handicap,47691800,Port Adelaide (W),44.5,WINNER,1,61,Fremantle (W),v Port Adelaide (W),-21,20,41,,,,,,,,,,,
2026-08-16 00:00:00.000 Z,Women's AFL/Fremantle (W) v Port Adelaide (W),35926580,HANDICAP,261032221,Handicap,47691800,Port Adelaide (W),45.5,WINNER,1,61,Fremantle (W),v Port Adelaide (W),-21,20,41,,,,,,,,,,,
2026-08-16 00:00:00.000 Z,Women's AFL/Fremantle (W) v Port Adelaide (W),35926580,HANDICAP,261032221,Handicap,12443128,Fremantle (W),45.5,WINNER,1,61,Fremantle (W),v Port Adelaide (W),-21,20,41,,,,,,,,,,,
2026-08-16 00:00:00.000 Z,Women's AFL/Fremantle (W) v Port Adelaide (W),35926580,HANDICAP,261032221,Handicap,47691800,Port Adelaide (W),46.5,WINNER,1,61,Fremantle (W),v Port Adelaide (W),-21,20,41,,,,,,,,,,,
2026-08-16 00:00:00.000 Z,Women's AFL/Fremantle (W) v Port Adelaide (W),35926580,HANDICAP,261032221,Handicap,12443128,Fremantle (W),46.5,WINNER,1,61,Fremantle (W),v Port Adelaide (W),-21,20,41,,,,,,,,,,,
2026-08-16 00:00:00.000 Z,Women's AFL/Fremantle (W) v Port Adelaide (W),35926580,HANDICAP,261032221,Handicap,47691800,Port Adelaide (W),47.5,WINNER,1,61,Fremantle (W),v Port Adelaide (W),-21,20,41,,,,,,,,,,,
2026-08-16 00:00:00.000 Z,Women's AFL/Fremantle (W) v Port Adelaide (W),35926580,HANDICAP,261032221,Handicap,12443128,Fremantle (W),47.5,WINNER,1,61,Fremantle (W),v Port Adelaide (W),-21,20,41,,,,,,,,,,,
2026-08-16 00:00:00.000 Z,Women's AFL/Fremantle (W) v Port Adelaide (W),35926580,HANDICAP,261032221,Handicap,47691800,Port Adelaide (W),48.5,WINNER,1,61,Fremantle (W),v Port Adelaide (W),-21,20,41,,,,,,,,,,,
2026-08-16 00:00:00.000 Z,Women's AFL/Fremantle (W) v Port Adelaide (W),35926580,HANDICAP,261032221,Handicap,12443128,Fremantle (W),48.5,WINNER,1,61,Fremantle (W),v Port Adelaide (W),-21,20,41,,,,,,,,,,,
2026-08-16 00:00:00.000 Z,Women's AFL/Fremantle (W) v Port Adelaide (W),35926580,HANDICAP,261032221,Handicap,12443128,Fremantle (W),49.5,WINNER,1,61,Fremantle (W),v Port Adelaide (W),-21,20,41,,,,,,,,,,,
2026-08-16 00:00:00.000 Z,Women's AFL/Fremantle (W) v Port Adelaide (W),35926580,HANDICAP,261032221,Handicap,47691800,Port Adelaide (W),49.5,WINNER,1,61,Fremantle (W),v Port Adelaide (W),-21,20,41,,,,,,,,,,,
2026-08-16 00:00:00.000 Z,Women's AFL/Fremantle (W) v Port Adelaide (W),35926580,HANDICAP,261032221,Handicap,12443128,Fremantle (W),50.5,WINNER,1,61,Fremantle (W),v Port Adelaide (W),-21,20,41,,,,,,,,,,,
2026-08-16 00:00:00.000 Z,Women's AFL/Fremantle (W) v Port Adelaide (W),35926580,HANDICAP,261032221,Handicap,47691800,Port Adelaide (W),50.5,WINNER,1,61,Fremantle (W),v Port Adelaide (W),-21,20,41,,,,,,,,,,,
2026-08-16 00:00:00.000 Z,Women's AFL/Fremantle (W) v Port Adelaide (W),35926580,HANDICAP,261032221,Handicap,47691800,Port Adelaide (W),51.5,WINNER,1,61,Fremantle (W),v Port Adelaide (W),-21,20,41,,,,,,,,,,,
2026-08-16 00:00:00.000 Z,Women's AFL/Fremantle (W) v Port Adelaide (W),35926580,HANDICAP,261032221,Handicap,12443128,Fremantle (W),51.5,WINNER,1,61,Fremantle (W),v Port Adelaide (W),-21,20,41,,,,,,,,,,,
2026-08-16 00:00:00.000 Z,Women's AFL/Fremantle (W) v Port Adelaide (W),35926580,HANDICAP,261032221,Handicap,12443128,Fremantle (W),52.5,WINNER,1,61,Fremantle (W),v Port Adelaide (W),-21,20,41,,,,,,,,,,,
2026-08-16 00:00:00.000 Z,Women's AFL/Fremantle (W) v Port Adelaide (W),35926580,HANDICAP,261032221,Handicap,47691800,Port Adelaide (W),52.5,WINNER,1,61,Fremantle (W),v Port Adelaide (W),-21,20,41,,,,,,,,,,,
2026-08-16 00:00:00.000 Z,Women's AFL/Fremantle (W) v Port Adelaide (W),35926580,HANDICAP,261032221,Handicap,12443128,Fremantle (W),53.5,WINNER,1,61,Fremantle (W),v Port Adelaide (W),-21,20,41,,,,,,,,,,,
2026-08-16 00:00:00.000 Z,Women's AFL/Fremantle (W) v Port Adelaide (W),35926580,HANDICAP,261032221,Handicap,47691800,Port Adelaide (W),53.5,WINNER,1,61,Fremantle (W),v Port Adelaide (W),-21,20,41,,,,,,,,,,,
2026-08-16 00:00:00.000 Z,Women's AFL/Fremantle (W) v Port Adelaide (W),35926580,HANDICAP,261032221,Handicap,12443128,Fremantle (W),54.5,WINNER,1,61,Fremantle (W),v Port Adelaide (W),-21,20,41,,,,,,,,,,,
2026-08-16 00:00:00.000 Z,Women's AFL/Fremantle (W) v Port Adelaide (W),35926580,HANDICAP,261032221,Handicap,47691800,Port Adelaide (W),54.5,WINNER,1,61,Fremantle (W),v Port Adelaide (W),-21,20,41,,,,,,,,,,,
2026-08-16 00:00:00.000 Z,Women's AFL/Fremantle (W) v Port Adelaide (W),35926580,HANDICAP,261032221,Handicap,12443128,Fremantle (W),55.5,WINNER,1,61,Fremantle (W),v Port Adelaide (W),-21,20,41,,,,,,,,,,,
2026-08-16 00:00:00.000 Z,Women's AFL/Fremantle (W) v Port Adelaide (W),35926580,HANDICAP,261032221,Handicap,47691800,Port Adelaide (W),55.5,WINNER,1,61,Fremantle (W),v Port Adelaide (W),-21,20,41,,,,,,,,,,,
2026-08-16 00:00:00.000 Z,Women's AFL/Fremantle (W) v Port Adelaide (W),35926580,HANDICAP,261032221,Handicap,47691800,Port Adelaide (W),56.5,WINNER,1,61,Fremantle (W),v Port Adelaide (W),-21,20,41,,,,,,,,,,,
2026-08-16 00:00:00.000 Z,Women's AFL/Fremantle (W) v Port Adelaide (W),35926580,HANDICAP,261032221,Handicap,12443128,Fremantle (W),56.5,WINNER,1,61,Fremantle (W),v Port Adelaide (W),-21,20,41,,,,,,,,,,,
2026-08-16 00:00:00.000 Z,Women's AFL/Fremantle (W) v Port Adelaide (W),35926580,HANDICAP,261032221,Handicap,12443128,Fremantle (W),57.5,WINNER,1,61,Fremantle (W),v Port Adelaide (W),-21,20,41,,,,,,,,,,,
2026-08-16 00:00:00.000 Z,Women's AFL/Fremantle (W) v Port Adelaide (W),35926580,HANDICAP,261032221,Handicap,47691800,Port Adelaide (W),57.5,WINNER,1,61,Fremantle (W),v Port Adelaide (W),-21,20,41,,,,,,,,,,,
2026-08-16 00:00:00.000 Z,Women's AFL/Fremantle (W) v Port Adelaide (W),35926580,HANDICAP,261032221,Handicap,12443128,Fremantle (W),58.5,WINNER,1,61,Fremantle (W),v Port Adelaide (W),-21,20,41,,,,,,,,,,,
2026-08-16 00:00:00.000 Z,Women's AFL/Fremantle (W) v Port Adelaide (W),35926580,HANDICAP,261032221,Handicap,47691800,Port Adelaide (W),58.5,WINNER,1,61,Fremantle (W),v Port Adelaide (W),-21,20,41,,,,,,,,,,,
2026-08-16 00:00:00.000 Z,Women's AFL/Fremantle (W) v Port Adelaide (W),35926580,HANDICAP,261032221,Handicap,47691800,Port Adelaide (W),59.5,WINNER,1,61,Fremantle (W),v Port Adelaide (W),-21,20,41,,,,,,,,,,,
2026-08-16 00:00:00.000 Z,Women's AFL/Fremantle (W) v Port Adelaide (W),35926580,HANDICAP,261032221,Handicap,12443128,Fremantle (W),59.5,WINNER,1,61,Fremantle (W),v Port Adelaide (W),-21,20,41,,,,,,,,,,,
2026-08-16 00:00:00.000 Z,Women's AFL/Fremantle (W) v Port Adelaide (W),35926580,MATCH_ODDS,261032220,Match Odds,12443128,Fremantle (W),0,LOSER,0,61,Fremantle (W),v Port Adelaide (W),-21,20,41,1.84,,,1.93,,,1.84,1.99,553.29,653.34,1.85
2026-08-16 00:00:00.000 Z,Women's AFL/Fremantle (W) v Port Adelaide (W),35926580,MATCH_ODDS,261032220,Match Odds,47691800,Port Adelaide (W),0,WINNER,1,61,Fremantle (W),v Port Adelaide (W),-21,20,41,1.7,2.2,,1.88,2.22,,2.02,3.3,50,535.35,2.04
2026-08-16 00:00:00.000 Z,Women's AFL/Fremantle (W) v Port Adelaide (W),35926580,COMBINED_TOTAL,261032342,Total Points,8435233,Under,20.5,LOSER,0,61,Fremantle (W),v Port Adelaide (W),-21,20,41,1.01,,,1.01,,,1.01,,,,
2026-08-16 00:00:00.000 Z,Women's AFL/Fremantle (W) v Port Adelaide (W),35926580,COMBINED_TOTAL,261032342,Total Points,8435232,Over,20.5,WINNER,1,61,Fremantle (W),v Port Adelaide (W),-21,20,41,,,,,,,,,,,
2026-08-16 00:00:00.000 Z,Women's AFL/Fremantle (W) v Port Adelaide (W),35926580,COMBINED_TOTAL,261032342,Total Points,8435233,Under,21.5,LOSER,0,61,Fremantle (W),v Port Adelaide (W),-21,20,41,1.01,,,1.01,,,1.01,,,,
2026-08-16 00:00:00.000 Z,Women's AFL/Fremantle (W) v Port Adelaide (W),35926580,COMBINED_TOTAL,261032342,Total Points,8435232,Over,21.5,WINNER,1,61,Fremantle (W),v Port Adelaide (W),-21,20,41,,,,,,,,,,,
2026-08-16 00:00:00.000 Z,Women's AFL/Fremantle (W) v Port Adelaide (W),35926580,COMBINED_TOTAL,261032342,Total Points,8435233,Under,22.5,LOSER,0,61,Fremantle (W),v Port Adelaide (W),-21,20,41,1.01,,,1.01,,,1.01,,,,
2026-08-16 00:00:00.000 Z,Women's AFL/Fremantle (W) v Port Adelaide (W),35926580,COMBINED_TOTAL,261032342,Total Points,8435232,Over,22.5,WINNER,1,61,Fremantle (W),v Port Adelaide (W),-21,20,41,,,,,,,,,,,
2026-08-16 00:00:00.000 Z,Women's AFL/Fremantle (W) v Port Adelaide (W),35926580,COMBINED_TOTAL,261032342,Total Points,8435233,Under,23.5,LOSER,0,61,Fremantle (W),v Port Adelaide (W),-21,20,41,1.01,,,1.01,,,1.01,,,,
2026-08-16 00:00:00.000 Z,Women's AFL/Fremantle (W) v Port Adelaide (W),35926580,COMBINED_TOTAL,261032342,Total Points,8435232,Over,23.5,WINNER,1,61,Fremantle (W),v Port Adelaide (W),-21,20,41,,,,,,,,,,,
2026-08-16 00:00:00.000 Z,Women's AFL/Fremantle (W) v Port Adelaide (W),35926580,COMBINED_TOTAL,261032342,Total Points,8435233,Under,24.5,LOSER,0,61,Fremantle (W),v Port Adelaide (W),-21,20,41,1.01,,,1.01,,,1.01,,,,
2026-08-16 00:00:00.000 Z,Women's AFL/Fremantle (W) v Port Adelaide (W),35926580,COMBINED_TOTAL,261032342,Total Points,8435232,Over,24.5,WINNER,1,61,Fremantle (W),v Port Adelaide (W),-21,20,41,,,,,,,,,,,
2026-08-16 00:00:00.000 Z,Women's AFL/Fremantle (W) v Port Adelaide (W),35926580,COMBINED_TOTAL,261032342,Total Points,8435233,Under,25.5,LOSER,0,61,Fremantle (W),v Port Adelaide (W),-21,20,41,1.01,,,1.01,,,1.01,,,,
2026-08-16 00:00:00.000 Z,Women's AFL/Fremantle (W) v Port Adelaide (W),35926580,COMBINED_TOTAL,261032342,Total Points,8435232,Over,25.5,WINNER,1,61,Fremantle (W),v Port Adelaide (W),-21,20,41,,,,,,,,,,,
2026-08-16 00:00:00.000 Z,Women's AFL/Fremantle (W) v Port Adelaide (W),35926580,COMBINED_TOTAL,261032342,Total Points,8435233,Under,26.5,LOSER,0,61,Fremantle (W),v Port Adelaide (W),-21,20,41,1.01,,,1.01,,,1.01,,,,
2026-08-16 00:00:00.000 Z,Women's AFL/Fremantle (W) v Port Adelaide (W),35926580,COMBINED_TOTAL,261032342,Total Points,8435232,Over,26.5,WINNER,1,61,Fremantle (W),v Port Adelaide (W),-21,20,41,,,,,,,,,,,
2026-08-16 00:00:00.000 Z,Women's AFL/Fremantle (W) v Port Adelaide (W),35926580,COMBINED_TOTAL,261032342,Total Points,8435233,Under,27.5,LOSER,0,61,Fremantle (W),v Port Adelaide (W),-21,20,41,1.01,,,1.01,,,1.01,,,,
2026-08-16 00:00:00.000 Z,Women's AFL/Fremantle (W) v Port Adelaide (W),35926580,COMBINED_TOTAL,261032342,Total Points,8435232,Over,27.5,WINNER,1,61,Fremantle (W),v Port Adelaide (W),-21,20,41,,,,,,,,,,,
2026-08-16 00:00:00.000 Z,Women's AFL/Fremantle (W) v Port Adelaide (W),35926580,COMBINED_TOTAL,261032342,Total Points,8435233,Under,28.5,LOSER,0,61,Fremantle (W),v Port Adelaide (W),-21,20,41,1.01,,,1.01,,,1.01,,,,
2026-08-16 00:00:00.000 Z,Women's AFL/Fremantle (W) v Port Adelaide (W),35926580,COMBINED_TOTAL,261032342,Total Points,8435232,Over,28.5,WINNER,1,61,Fremantle (W),v Port Adelaide (W),-21,20,41,,,,,,,,,,,
2026-08-16 00:00:00.000 Z,Women's AFL/Fremantle (W) v Port Adelaide (W),35926580,COMBINED_TOTAL,261032342,Total Points,8435233,Under,29.5,LOSER,0,61,Fremantle (W),v Port Adelaide (W),-21,20,41,1.01,,,1.01,,,1.01,,,,
2026-08-16 00:00:00.000 Z,Women's AFL/Fremantle (W) v Port Adelaide (W),35926580,COMBINED_TOTAL,261032342,Total Points,8435232,Over,29.5,WINNER,1,61,Fremantle (W),v Port Adelaide (W),-21,20,41,,,,,,,,,,,
2026-08-16 00:00:00.000 Z,Women's AFL/Fremantle (W) v Port Adelaide (W),35926580,COMBINED_TOTAL,261032342,Total Points,8435233,Under,30.5,LOSER,0,61,Fremantle (W),v Port Adelaide (W),-21,20,41,1.01,,,1.01,,,1.01,,,,
2026-08-16 00:00:00.000 Z,Women's AFL/Fremantle (W) v Port Adelaide (W),35926580,COMBINED_TOTAL,261032342,Total Points,8435232,Over,30.5,WINNER,1,61,Fremantle (W),v Port Adelaide (W),-21,20,41,,,,,,,,,,,
2026-08-16 00:00:00.000 Z,Women's AFL/Fremantle (W) v Port Adelaide (W),35926580,COMBINED_TOTAL,261032342,Total Points,8435233,Under,31.5,LOSER,0,61,Fremantle (W),v Port Adelaide (W),-21,20,41,1.01,,,1.01,,,1.01,,,,
2026-08-16 00:00:00.000 Z,Women's AFL/Fremantle (W) v Port Adelaide (W),35926580,COMBINED_TOTAL,261032342,Total Points,8435232,Over,31.5,WINNER,1,61,Fremantle (W),v Port Adelaide (W),-21,20,41,,,,,,,,,,,
2026-08-16 00:00:00.000 Z,Women's AFL/Fremantle (W) v Port Adelaide (W),35926580,COMBINED_TOTAL,261032342,Total Points,8435233,Under,32.5,LOSER,0,61,Fremantle (W),v Port Adelaide (W),-21,20,41,1.01,,,1.01,,,1.01,,,,
2026-08-16 00:00:00.000 Z,Women's AFL/Fremantle (W) v Port Adelaide (W),35926580,COMBINED_TOTAL,261032342,Total Points,8435232,Over,32.5,WINNER,1,61,Fremantle (W),v Port Adelaide (W),-21,20,41,,,,,,,,,,,
2026-08-16 00:00:00.000 Z,Women's AFL/Fremantle (W) v Port Adelaide (W),35926580,COMBINED_TOTAL,261032342,Total Points,8435233,Under,33.5,LOSER,0,61,Fremantle (W),v Port Adelaide (W),-21,20,41,1.01,,,1.01,,,1.01,,,,
2026-08-16 00:00:00.000 Z,Women's AFL/Fremantle (W) v Port Adelaide (W),35926580,COMBINED_TOTAL,261032342,Total Points,8435232,Over,33.5,WINNER,1,61,Fremantle (W),v Port Adelaide (W),-21,20,41,,,,,,,,,,,
2026-08-16 00:00:00.000 Z,Women's AFL/Fremantle (W) v Port Adelaide (W),35926580,COMBINED_TOTAL,261032342,Total Points,8435233,Under,34.5,LOSER,0,61,Fremantle (W),v Port Adelaide (W),-21,20,41,1.01,,,1.01,,,1.01,,,,
2026-08-16 00:00:00.000 Z,Women's AFL/Fremantle (W) v Port Adelaide (W),35926580,COMBINED_TOTAL,261032342,Total Points,8435232,Over,34.5,WINNER,1,61,Fremantle (W),v Port Adelaide (W),-21,20,41,,,,,,,,,,,
2026-08-16 00:00:00.000 Z,Women's AFL/Fremantle (W) v Port Adelaide (W),35926580,COMBINED_TOTAL,261032342,Total Points,8435233,Under,35.5,LOSER,0,61,Fremantle (W),v Port Adelaide (W),-21,20,41,1.01,,,1.01,,,1.01,,,,
2026-08-16 00:00:00.000 Z,Women's AFL/Fremantle (W) v Port Adelaide (W),35926580,COMBINED_TOTAL,261032342,Total Points,8435232,Over,35.5,WINNER,1,61,Fremantle (W),v Port Adelaide (W),-21,20,41,,,,,,,,,,,
2026-08-16 00:00:00.000 Z,Women's AFL/Fremantle (W) v Port Adelaide (W),35926580,COMBINED_TOTAL,261032342,Total Points,8435233,Under,36.5,LOSER,0,61,Fremantle (W),v Port Adelaide (W),-21,20,41,1.01,,,1.01,,,1.01,,,,
2026-08-16 00:00:00.000 Z,Women's AFL/Fremantle (W) v Port Adelaide (W),35926580,COMBINED_TOTAL,261032342,Total Points,8435232,Over,36.5,WINNER,1,61,Fremantle (W),v Port Adelaide (W),-21,20,41,,,,,,,,,,,
2026-08-16 00:00:00.000 Z,Women's AFL/Fremantle (W) v Port Adelaide (W),35926580,COMBINED_TOTAL,261032342,Total Points,8435233,Under,37.5,LOSER,0,61,Fremantle (W),v Port Adelaide (W),-21,20,41,1.01,,,1.01,,,1.01,,,,
2026-08-16 00:00:00.000 Z,Women's AFL/Fremantle (W) v Port Adelaide (W),35926580,COMBINED_TOTAL,261032342,Total Points,8435232,Over,37.5,WINNER,1,61,Fremantle (W),v Port Adelaide (W),-21,20,41,,,,,,,,,,,
2026-08-16 00:00:00.000 Z,Women's AFL/Fremantle (W) v Port Adelaide (W),35926580,COMBINED_TOTAL,261032342,Total Points,8435233,Under,38.5,LOSER,0,61,Fremantle (W),v Port Adelaide (W),-21,20,41,1.01,,,1.01,,,1.01,,,,
2026-08-16 00:00:00.000 Z,Women's AFL/Fremantle (W) v Port Adelaide (W),35926580,COMBINED_TOTAL,261032342,Total Points,8435232,Over,38.5,WINNER,1,61,Fremantle (W),v Port Adelaide (W),-21,20,41,,,,,,,,,,,
2026-08-16 00:00:00.000 Z,Women's AFL/Fremantle (W) v Port Adelaide (W),35926580,COMBINED_TOTAL,261032342,Total Points,8435233,Under,39.5,LOSER,0,61,Fremantle (W),v Port Adelaide (W),-21,20,41,1.01,,,1.01,,,1.01,,,,
2026-08-16 00:00:00.000 Z,Women's AFL/Fremantle (W) v Port Adelaide (W),35926580,COMBINED_TOTAL,261032342,Total Points,8435232,Over,39.5,WINNER,1,61,Fremantle (W),v Port Adelaide (W),-21,20,41,,,,,,,,,,,
2026-08-16 00:00:00.000 Z,Women's AFL/Fremantle (W) v Port Adelaide (W),35926580,COMBINED_TOTAL,261032342,Total Points,8435233,Under,40.5,LOSER,0,61,Fremantle (W),v Port Adelaide (W),-21,20,41,1.01,,,1.01,,,1.01,,,,
2026-08-16 00:00:00.000 Z,Women's AFL/Fremantle (W) v Port Adelaide (W),35926580,COMBINED_TOTAL,261032342,Total Points,8435232,Over,40.5,WINNER,1,61,Fremantle (W),v Port Adelaide (W),-21,20,41,,,,,,,,,,,
2026-08-16 00:00:00.000 Z,Women's AFL/Fremantle (W) v Port Adelaide (W),35926580,COMBINED_TOTAL,261032342,Total Points,8435233,Under,41.5,LOSER,0,61,Fremantle (W),v Port Adelaide (W),-21,20,41,1.01,,,1.01,,,1.01,,,,
2026-08-16 00:00:00.000 Z,Women's AFL/Fremantle (W) v Port Adelaide (W),35926580,COMBINED_TOTAL,261032342,Total Points,8435232,Over,41.5,WINNER,1,61,Fremantle (W),v Port Adelaide (W),-21,20,41,,,,,,,,,,,
2026-08-16 00:00:00.000 Z,Women's AFL/Fremantle (W) v Port Adelaide (W),35926580,COMBINED_TOTAL,261032342,Total Points,8435233,Under,42.5,LOSER,0,61,Fremantle (W),v Port Adelaide (W),-21,20,41,1.01,,,1.01,,,1.01,,,,
2026-08-16 00:00:00.000 Z,Women's AFL/Fremantle (W) v Port Adelaide (W),35926580,COMBINED_TOTAL,261032342,Total Points,8435232,Over,42.5,WINNER,1,61,Fremantle (W),v Port Adelaide (W),-21,20,41,,,,,,,,,,,
2026-08-16 00:00:00.000 Z,Women's AFL/Fremantle (W) v Port Adelaide (W),35926580,COMBINED_TOTAL,261032342,Total Points,8435233,Under,43.5,LOSER,0,61,Fremantle (W),v Port Adelaide (W),-21,20,41,1.01,,,1.01,,,1.01,,,,
2026-08-16 00:00:00.000 Z,Women's AFL/Fremantle (W) v Port Adelaide (W),35926580,COMBINED_TOTAL,261032342,Total Points,8435232,Over,43.5,WINNER,1,61,Fremantle (W),v Port Adelaide (W),-21,20,41,,,,,,,,,,,
2026-08-16 00:00:00.000 Z,Women's AFL/Fremantle (W) v Port Adelaide (W),35926580,COMBINED_TOTAL,261032342,Total Points,8435233,Under,44.5,LOSER,0,61,Fremantle (W),v Port Adelaide (W),-21,20,41,1.01,,,1.01,,,1.01,,,,
2026-08-16 00:00:00.000 Z,Women's AFL/Fremantle (W) v Port Adelaide (W),35926580,COMBINED_TOTAL,261032342,Total Points,8435232,Over,44.5,WINNER,1,61,Fremantle (W),v Port Adelaide (W),-21,20,41,,,,,,,,,,,
2026-08-16 00:00:00.000 Z,Women's AFL/Fremantle (W) v Port Adelaide (W),35926580,COMBINED_TOTAL,261032342,Total Points,8435233,Under,45.5,LOSER,0,61,Fremantle (W),v Port Adelaide (W),-21,20,41,1.01,,,1.01,,,1.01,,,,
2026-08-16 00:00:00.000 Z,Women's AFL/Fremantle (W) v Port Adelaide (W),35926580,COMBINED_TOTAL,261032342,Total Points,8435232,Over,45.5,WINNER,1,61,Fremantle (W),v Port Adelaide (W),-21,20,41,,,,,,,,,,,
2026-08-16 00:00:00.000 Z,Women's AFL/Fremantle (W) v Port Adelaide (W),35926580,COMBINED_TOTAL,261032342,Total Points,8435233,Under,46.5,LOSER,0,61,Fremantle (W),v Port Adelaide (W),-21,20,41,1.01,,,1.01,,,1.01,,,,
2026-08-16 00:00:00.000 Z,Women's AFL/Fremantle (W) v Port Adelaide (W),35926580,COMBINED_TOTAL,261032342,Total Points,8435232,Over,46.5,WINNER,1,61,Fremantle (W),v Port Adelaide (W),-21,20,41,,,,,,,,,,,
2026-08-16 00:00:00.000 Z,Women's AFL/Fremantle (W) v Port Adelaide (W),35926580,COMBINED_TOTAL,261032342,Total Points,8435233,Under,47.5,LOSER,0,61,Fremantle (W),v Port Adelaide (W),-21,20,41,1.01,,,1.01,,,1.01,,,,
2026-08-16 00:00:00.000 Z,Women's AFL/Fremantle (W) v Port Adelaide (W),35926580,COMBINED_TOTAL,261032342,Total Points,8435232,Over,47.5,WINNER,1,61,Fremantle (W),v Port Adelaide (W),-21,20,41,,,,,,,,,,,
2026-08-16 00:00:00.000 Z,Women's AFL/Fremantle (W) v Port Adelaide (W),35926580,COMBINED_TOTAL,261032342,Total Points,8435233,Under,48.5,LOSER,0,61,Fremantle (W),v Port Adelaide (W),-21,20,41,1.01,,,1.01,,,1.01,,,,
2026-08-16 00:00:00.000 Z,Women's AFL/Fremantle (W) v Port Adelaide (W),35926580,COMBINED_TOTAL,261032342,Total Points,8435232,Over,48.5,WINNER,1,61,Fremantle (W),v Port Adelaide (W),-21,20,41,,,,,,,,,,,
2026-08-16 00:00:00.000 Z,Women's AFL/Fremantle (W) v Port Adelaide (W),35926580,COMBINED_TOTAL,261032342,Total Points,8435233,Under,49.5,LOSER,0,61,Fremantle (W),v Port Adelaide (W),-21,20,41,1.01,,,1.01,,,1.01,,,,
2026-08-16 00:00:00.000 Z,Women's AFL/Fremantle (W) v Port Adelaide (W),35926580,COMBINED_TOTAL,261032342,Total Points,8435232,Over,49.5,WINNER,1,61,Fremantle (W),v Port Adelaide (W),-21,20,41,,,,,,,,,,,
2026-08-16 00:00:00.000 Z,Women's AFL/Fremantle (W) v Port Adelaide (W),35926580,COMBINED_TOTAL,261032342,Total Points,8435233,Under,50.5,LOSER,0,61,Fremantle (W),v Port Adelaide (W),-21,20,41,1.01,,,1.01,,,1.01,,,,
2026-08-16 00:00:00.000 Z,Women's AFL/Fremantle (W) v Port Adelaide (W),35926580,COMBINED_TOTAL,261032342,Total Points,8435232,Over,50.5,WINNER,1,61,Fremantle (W),v Port Adelaide (W),-21,20,41,,,,,,,,,,,
2026-08-16 00:00:00.000 Z,Women's AFL/Fremantle (W) v Port Adelaide (W),35926580,COMBINED_TOTAL,261032342,Total Points,8435233,Under,51.5,LOSER,0,61,Fremantle (W),v Port Adelaide (W),-21,20,41,1.01,,,1.01,,,1.01,,,,
2026-08-16 00:00:00.000 Z,Women's AFL/Fremantle (W) v Port Adelaide (W),35926580,COMBINED_TOTAL,261032342,Total Points,8435232,Over,51.5,WINNER,1,61,Fremantle (W),v Port Adelaide (W),-21,20,41,,,,,,,,,,,
2026-08-16 00:00:00.000 Z,Women's AFL/Fremantle (W) v Port Adelaide (W),35926580,COMBINED_TOTAL,261032342,Total Points,8435233,Under,52.5,LOSER,0,61,Fremantle (W),v Port Adelaide (W),-21,20,41,1.01,,,1.01,,,1.01,,,,
2026-08-16 00:00:00.000 Z,Women's AFL/Fremantle (W) v Port Adelaide (W),35926580,COMBINED_TOTAL,261032342,Total Points,8435232,Over,52.5,WINNER,1,61,Fremantle (W),v Port Adelaide (W),-21,20,41,,,,,,,,,,,
2026-08-16 00:00:00.000 Z,Women's AFL/Fremantle (W) v Port Adelaide (W),35926580,COMBINED_TOTAL,261032342,Total Points,8435233,Under,53.5,LOSER,0,61,Fremantle (W),v Port Adelaide (W),-21,20,41,1.01,,,1.01,,,1.01,,,,
2026-08-16 00:00:00.000 Z,Women's AFL/Fremantle (W) v Port Adelaide (W),35926580,COMBINED_TOTAL,261032342,Total Points,8435232,Over,53.5,WINNER,1,61,Fremantle (W),v Port Adelaide (W),-21,20,41,,,,,,,,,,,
2026-08-16 00:00:00.000 Z,Women's AFL/Fremantle (W) v Port Adelaide (W),35926580,COMBINED_TOTAL,261032342,Total Points,8435233,Under,54.5,LOSER,0,61,Fremantle (W),v Port Adelaide (W),-21,20,41,1.01,,,1.01,,,1.01,,,,
2026-08-16 00:00:00.000 Z,Women's AFL/Fremantle (W) v Port Adelaide (W),35926580,COMBINED_TOTAL,261032342,Total Points,8435232,Over,54.5,WINNER,1,61,Fremantle (W),v Port Adelaide (W),-21,20,41,,,,,,,,,,,
2026-08-16 00:00:00.000 Z,Women's AFL/Fremantle (W) v Port Adelaide (W),35926580,COMBINED_TOTAL,261032342,Total Points,8435233,Under,55.5,LOSER,0,61,Fremantle (W),v Port Adelaide (W),-21,20,41,1.01,,,1.01,,,1.01,,,,
2026-08-16 00:00:00.000 Z,Women's AFL/Fremantle (W) v Port Adelaide (W),35926580,COMBINED_TOTAL,261032342,Total Points,8435232,Over,55.5,WINNER,1,61,Fremantle (W),v Port Adelaide (W),-21,20,41,,,,,,,,,,,
2026-08-16 00:00:00.000 Z,Women's AFL/Fremantle (W) v Port Adelaide (W),35926580,COMBINED_TOTAL,261032342,Total Points,8435233,Under,56.5,LOSER,0,61,Fremantle (W),v Port Adelaide (W),-21,20,41,1.01,,,1.01,,,1.01,,,,
2026-08-16 00:00:00.000 Z,Women's AFL/Fremantle (W) v Port Adelaide (W),35926580,COMBINED_TOTAL,261032342,Total Points,8435232,Over,56.5,WINNER,1,61,Fremantle (W),v Port Adelaide (W),-21,20,41,,,,,,,,,,,
2026-08-16 00:00:00.000 Z,Women's AFL/Fremantle (W) v Port Adelaide (W),35926580,COMBINED_TOTAL,261032342,Total Points,8435233,Under,57.5,LOSER,0,61,Fremantle (W),v Port Adelaide (W),-21,20,41,1.01,,,1.01,,,1.01,,,,
2026-08-16 00:00:00.000 Z,Women's AFL/Fremantle (W) v Port Adelaide (W),35926580,COMBINED_TOTAL,261032342,Total Points,8435232,Over,57.5,WINNER,1,61,Fremantle (W),v Port Adelaide (W),-21,20,41,,,,,,,,,,,
2026-08-16 00:00:00.000 Z,Women's AFL/Fremantle (W) v Port Adelaide (W),35926580,COMBINED_TOTAL,261032342,Total Points,8435233,Under,58.5,LOSER,0,61,Fremantle (W),v Port Adelaide (W),-21,20,41,1.01,,,1.01,,,1.01,,,,
2026-08-16 00:00:00.000 Z,Women's AFL/Fremantle (W) v Port Adelaide (W),35926580,COMBINED_TOTAL,261032342,Total Points,8435232,Over,58.5,WINNER,1,61,Fremantle (W),v Port Adelaide (W),-21,20,41,1.01,,,1.01,,,1.01,,,,
2026-08-16 00:00:00.000 Z,Women's AFL/Fremantle (W) v Port Adelaide (W),35926580,COMBINED_TOTAL,261032342,Total Points,8435233,Under,59.5,LOSER,0,61,Fremantle (W),v Port Adelaide (W),-21,20,41,1.01,,,1.01,,,1.01,,,,
2026-08-16 00:00:00.000 Z,Women's AFL/Fremantle (W) v Port Adelaide (W),35926580,COMBINED_TOTAL,261032342,Total Points,8435232,Over,59.5,WINNER,1,61,Fremantle (W),v Port Adelaide (W),-21,20,41,1.02,,,1.02,,,1.02,,,,
2026-08-16 00:00:00.000 Z,Women's AFL/Fremantle (W) v Port Adelaide (W),35926580,COMBINED_TOTAL,261032342,Total Points,8435233,Under,60.5,LOSER,0,61,Fremantle (W),v Port Adelaide (W),-21,20,41,1.01,,,1.01,,,1.01,,,,
2026-08-16 00:00:00.000 Z,Women's AFL/Fremantle (W) v Port Adelaide (W),35926580,COMBINED_TOTAL,261032342,Total Points,8435232,Over,60.5,WINNER,1,61,Fremantle (W),v Port Adelaide (W),-21,20,41,1.03,,,1.03,,,1.03,,,,
2026-08-16 00:00:00.000 Z,Women's AFL/Fremantle (W) v Port Adelaide (W),35926580,COMBINED_TOTAL,261032342,Total Points,8435232,Over,61.5,LOSER,0,61,Fremantle (W),v Port Adelaide (W),-21,20,41,1.04,,,1.04,,,1.04,,,,
2026-08-16 00:00:00.000 Z,Women's AFL/Fremantle (W) v Port Adelaide (W),35926580,COMBINED_TOTAL,261032342,Total Points,8435233,Under,61.5,WINNER,1,61,Fremantle (W),v Port Adelaide (W),-21,20,41,1.01,,,1.01,,,1.01,,,,
2026-08-16 00:00:00.000 Z,Women's AFL/Fremantle (W) v Port Adelaide (W),35926580,COMBINED_TOTAL,261032342,Total Points,8435232,Over,62.5,LOSER,0,61,Fremantle (W),v Port Adelaide (W),-21,20,41,1.05,,,1.05,,,1.05,,,,
2026-08-16 00:00:00.000 Z,Women's AFL/Fremantle (W) v Port Adelaide (W),35926580,COMBINED_TOTAL,261032342,Total Points,8435233,Under,62.5,WINNER,1,61,Fremantle (W),v Port Adelaide (W),-21,20,41,1.01,,,1.01,,,1.01,,,,
2026-08-16 00:00:00.000 Z,Women's AFL/Fremantle (W) v Port Adelaide (W),35926580,COMBINED_TOTAL,261032342,Total Points,8435232,Over,63.5,LOSER,0,61,Fremantle (W),v Port Adelaide (W),-21,20,41,1.06,,,1.06,,,1.06,,,,
2026-08-16 00:00:00.000 Z,Women's AFL/Fremantle (W) v Port Adelaide (W),35926580,COMBINED_TOTAL,261032342,Total Points,8435233,Under,63.5,WINNER,1,61,Fremantle (W),v Port Adelaide (W),-21,20,41,1.01,,,1.01,,,1.01,,,,
2026-08-16 00:00:00.000 Z,Women's AFL/Fremantle (W) v Port Adelaide (W),35926580,COMBINED_TOTAL,261032342,Total Points,8435232,Over,64.5,LOSER,0,61,Fremantle (W),v Port Adelaide (W),-21,20,41,1.07,,,1.07,,,1.07,,,,
2026-08-16 00:00:00.000 Z,Women's AFL/Fremantle (W) v Port Adelaide (W),35926580,COMBINED_TOTAL,261032342,Total Points,8435233,Under,64.5,WINNER,1,61,Fremantle (W),v Port Adelaide (W),-21,20,41,1.01,,,1.01,,,1.01,,,,
2026-08-16 00:00:00.000 Z,Women's AFL/Fremantle (W) v Port Adelaide (W),35926580,COMBINED_TOTAL,261032342,Total Points,8435232,Over,65.5,LOSER,0,61,Fremantle (W),v Port Adelaide (W),-21,20,41,1.08,,,1.08,,,1.08,,,,
2026-08-16 00:00:00.000 Z,Women's AFL/Fremantle (W) v Port Adelaide (W),35926580,COMBINED_TOTAL,261032342,Total Points,8435233,Under,65.5,WINNER,1,61,Fremantle (W),v Port Adelaide (W),-21,20,41,1.01,,,1.01,,,1.01,,,,
2026-08-16 00:00:00.000 Z,Women's AFL/Fremantle (W) v Port Adelaide (W),35926580,COMBINED_TOTAL,261032342,Total Points,8435232,Over,66.5,LOSER,0,61,Fremantle (W),v Port Adelaide (W),-21,20,41,1.09,,,1.09,,,1.09,,,,
2026-08-16 00:00:00.000 Z,Women's AFL/Fremantle (W) v Port Adelaide (W),35926580,COMBINED_TOTAL,261032342,Total Points,8435233,Under,66.5,WINNER,1,61,Fremantle (W),v Port Adelaide (W),-21,20,41,1.01,,,1.01,,,1.01,,,,
2026-08-16 00:00:00.000 Z,Women's AFL/Fremantle (W) v Port Adelaide (W),35926580,COMBINED_TOTAL,261032342,Total Points,8435232,Over,67.5,LOSER,0,61,Fremantle (W),v Port Adelaide (W),-21,20,41,1.1,,,1.1,,,1.1,,,,
2026-08-16 00:00:00.000 Z,Women's AFL/Fremantle (W) v Port Adelaide (W),35926580,COMBINED_TOTAL,261032342,Total Points,8435233,Under,67.5,WINNER,1,61,Fremantle (W),v Port Adelaide (W),-21,20,41,1.01,,,1.01,,,1.01,,,,
2026-08-16 00:00:00.000 Z,Women's AFL/Fremantle (W) v Port Adelaide (W),35926580,COMBINED_TOTAL,261032342,Total Points,8435232,Over,68.5,LOSER,0,61,Fremantle (W),v Port Adelaide (W),-21,20,41,1.11,,,1.11,,,1.11,,,,
2026-08-16 00:00:00.000 Z,Women's AFL/Fremantle (W) v Port Adelaide (W),35926580,COMBINED_TOTAL,261032342,Total Points,8435233,Under,68.5,WINNER,1,61,Fremantle (W),v Port Adelaide (W),-21,20,41,1.01,,,1.01,,,1.01,,,,
2026-08-16 00:00:00.000 Z,Women's AFL/Fremantle (W) v Port Adelaide (W),35926580,COMBINED_TOTAL,261032342,Total Points,8435232,Over,69.5,LOSER,0,61,Fremantle (W),v Port Adelaide (W),-21,20,41,1.12,,,1.12,,,1.12,,,,
2026-08-16 00:00:00.000 Z,Women's AFL/Fremantle (W) v Port Adelaide (W),35926580,COMBINED_TOTAL,261032342,Total Points,8435233,Under,69.5,WINNER,1,61,Fremantle (W),v Port Adelaide (W),-21,20,41,1.01,,,1.01,,,1.01,,,,
2026-08-16 00:00:00.000 Z,Women's AFL/Fremantle (W) v Port Adelaide (W),35926580,COMBINED_TOTAL,261032342,Total Points,8435232,Over,70.5,LOSER,0,61,Fremantle (W),v Port Adelaide (W),-21,20,41,1.14,,,1.14,,,1.14,,,,
2026-08-16 00:00:00.000 Z,Women's AFL/Fremantle (W) v Port Adelaide (W),35926580,COMBINED_TOTAL,261032342,Total Points,8435233,Under,70.5,WINNER,1,61,Fremantle (W),v Port Adelaide (W),-21,20,41,1.01,,,1.01,,,1.01,,,,
2026-08-16 00:00:00.000 Z,Women's AFL/Fremantle (W) v Port Adelaide (W),35926580,COMBINED_TOTAL,261032342,Total Points,8435232,Over,71.5,LOSER,0,61,Fremantle (W),v Port Adelaide (W),-21,20,41,1.16,,,1.16,,,1.16,,,,
2026-08-16 00:00:00.000 Z,Women's AFL/Fremantle (W) v Port Adelaide (W),35926580,COMBINED_TOTAL,261032342,Total Points,8435233,Under,71.5,WINNER,1,61,Fremantle (W),v Port Adelaide (W),-21,20,41,1.01,,,1.01,,,1.01,,,,
2026-08-16 00:00:00.000 Z,Women's AFL/Fremantle (W) v Port Adelaide (W),35926580,COMBINED_TOTAL,261032342,Total Points,8435232,Over,72.5,LOSER,0,61,Fremantle (W),v Port Adelaide (W),-21,20,41,1.18,,,1.18,,,1.18,,,,
2026-08-16 00:00:00.000 Z,Women's AFL/Fremantle (W) v Port Adelaide (W),35926580,COMBINED_TOTAL,261032342,Total Points,8435233,Under,72.5,WINNER,1,61,Fremantle (W),v Port Adelaide (W),-21,20,41,1.01,,,1.01,,,1.01,,,,
2026-08-16 00:00:00.000 Z,Women's AFL/Fremantle (W) v Port Adelaide (W),35926580,COMBINED_TOTAL,261032342,Total Points,8435232,Over,73.5,LOSER,0,61,Fremantle (W),v Port Adelaide (W),-21,20,41,1.21,,,1.21,,,1.21,,,,
2026-08-16 00:00:00.000 Z,Women's AFL/Fremantle (W) v Port Adelaide (W),35926580,COMBINED_TOTAL,261032342,Total Points,8435233,Under,73.5,WINNER,1,61,Fremantle (W),v Port Adelaide (W),-21,20,41,1.01,,,1.01,,,1.01,,,,
2026-08-16 00:00:00.000 Z,Women's AFL/Fremantle (W) v Port Adelaide (W),35926580,COMBINED_TOTAL,261032342,Total Points,8435232,Over,74.5,LOSER,0,61,Fremantle (W),v Port Adelaide (W),-21,20,41,1.23,,,1.23,,,1.23,,,,
2026-08-16 00:00:00.000 Z,Women's AFL/Fremantle (W) v Port Adelaide (W),35926580,COMBINED_TOTAL,261032342,Total Points,8435233,Under,74.5,WINNER,1,61,Fremantle (W),v Port Adelaide (W),-21,20,41,1.01,,,1.01,,,1.01,,,,
2026-08-16 00:00:00.000 Z,Women's AFL/Fremantle (W) v Port Adelaide (W),35926580,COMBINED_TOTAL,261032342,Total Points,8435232,Over,75.5,LOSER,0,61,Fremantle (W),v Port Adelaide (W),-21,20,41,1.24,,,1.24,,,1.24,,,,
2026-08-16 00:00:00.000 Z,Women's AFL/Fremantle (W) v Port Adelaide (W),35926580,COMBINED_TOTAL,261032342,Total Points,8435233,Under,75.5,WINNER,1,61,Fremantle (W),v Port Adelaide (W),-21,20,41,1.01,,,1.01,,,1.01,,,,
2026-08-16 00:00:00.000 Z,Women's AFL/Fremantle (W) v Port Adelaide (W),35926580,COMBINED_TOTAL,261032342,Total Points,8435232,Over,76.5,LOSER,0,61,Fremantle (W),v Port Adelaide (W),-21,20,41,1.27,,,1.27,,,1.27,,,,
2026-08-16 00:00:00.000 Z,Women's AFL/Fremantle (W) v Port Adelaide (W),35926580,COMBINED_TOTAL,261032342,Total Points,8435233,Under,76.5,WINNER,1,61,Fremantle (W),v Port Adelaide (W),-21,20,41,1.01,,,1.01,,,1.01,,,,
2026-08-16 00:00:00.000 Z,Women's AFL/Fremantle (W) v Port Adelaide (W),35926580,COMBINED_TOTAL,261032342,Total Points,8435232,Over,77.5,LOSER,0,61,Fremantle (W),v Port Adelaide (W),-21,20,41,1.3,,,1.3,,,1.3,,,,
2026-08-16 00:00:00.000 Z,Women's AFL/Fremantle (W) v Port Adelaide (W),35926580,COMBINED_TOTAL,261032342,Total Points,8435233,Under,77.5,WINNER,1,61,Fremantle (W),v Port Adelaide (W),-21,20,41,1.01,,,1.01,,,1.01,,,,
2026-08-16 00:00:00.000 Z,Women's AFL/Fremantle (W) v Port Adelaide (W),35926580,COMBINED_TOTAL,261032342,Total Points,8435232,Over,78.5,LOSER,0,61,Fremantle (W),v Port Adelaide (W),-21,20,41,1.33,,,1.33,,,1.33,,,,
2026-08-16 00:00:00.000 Z,Women's AFL/Fremantle (W) v Port Adelaide (W),35926580,COMBINED_TOTAL,261032342,Total Points,8435233,Under,78.5,WINNER,1,61,Fremantle (W),v Port Adelaide (W),-21,20,41,1.01,,,1.01,,,1.01,,,,
2026-08-16 00:00:00.000 Z,Women's AFL/Fremantle (W) v Port Adelaide (W),35926580,COMBINED_TOTAL,261032342,Total Points,8435232,Over,79.5,LOSER,0,61,Fremantle (W),v Port Adelaide (W),-21,20,41,1.36,,,1.36,,,1.36,,60,60,1.36
2026-08-16 00:00:00.000 Z,Women's AFL/Fremantle (W) v Port Adelaide (W),35926580,COMBINED_TOTAL,261032342,Total Points,8435233,Under,79.5,WINNER,1,61,Fremantle (W),v Port Adelaide (W),-21,20,41,1.01,,,1.01,,,1.01,,,,
2026-08-16 00:00:00.000 Z,Women's AFL/Fremantle (W) v Port Adelaide (W),35926580,COMBINED_TOTAL,261032342,Total Points,8435232,Over,80.5,LOSER,0,61,Fremantle (W),v Port Adelaide (W),-21,20,41,1.4,,,1.4,,,1.4,,,,
2026-08-16 00:00:00.000 Z,Women's AFL/Fremantle (W) v Port Adelaide (W),35926580,COMBINED_TOTAL,261032342,Total Points,8435233,Under,80.5,WINNER,1,61,Fremantle (W),v Port Adelaide (W),-21,20,41,1.01,,,1.01,,,1.01,,,,
2026-08-16 00:00:00.000 Z,Women's AFL/Fremantle (W) v Port Adelaide (W),35926580,COMBINED_TOTAL,261032342,Total Points,8435232,Over,81.5,LOSER,0,61,Fremantle (W),v Port Adelaide (W),-21,20,41,1.44,,,1.44,,,1.44,,,,
2026-08-16 00:00:00.000 Z,Women's AFL/Fremantle (W) v Port Adelaide (W),35926580,COMBINED_TOTAL,261032342,Total Points,8435233,Under,81.5,WINNER,1,61,Fremantle (W),v Port Adelaide (W),-21,20,41,1.01,,,1.01,,,1.01,,,,
2026-08-16 00:00:00.000 Z,Women's AFL/Fremantle (W) v Port Adelaide (W),35926580,COMBINED_TOTAL,261032342,Total Points,8435232,Over,82.5,LOSER,0,61,Fremantle (W),v Port Adelaide (W),-21,20,41,1.48,,,1.48,,,1.48,,,,
2026-08-16 00:00:00.000 Z,Women's AFL/Fremantle (W) v Port Adelaide (W),35926580,COMBINED_TOTAL,261032342,Total Points,8435233,Under,82.5,WINNER,1,61,Fremantle (W),v Port Adelaide (W),-21,20,41,1.01,,,1.01,,,1.01,,,,
2026-08-16 00:00:00.000 Z,Women's AFL/Fremantle (W) v Port Adelaide (W),35926580,COMBINED_TOTAL,261032342,Total Points,8435232,Over,83.5,LOSER,0,61,Fremantle (W),v Port Adelaide (W),-21,20,41,1.52,,,1.52,,,1.52,,40,40,1.52
2026-08-16 00:00:00.000 Z,Women's AFL/Fremantle (W) v Port Adelaide (W),35926580,COMBINED_TOTAL,261032342,Total Points,8435233,Under,83.5,WINNER,1,61,Fremantle (W),v Port Adelaide (W),-21,20,41,1.01,,,1.01,,,1.01,,,,
2026-08-16 00:00:00.000 Z,Women's AFL/Fremantle (W) v Port Adelaide (W),35926580,COMBINED_TOTAL,261032342,Total Points,8435232,Over,84.5,LOSER,0,61,Fremantle (W),v Port Adelaide (W),-21,20,41,1.56,,,1.56,,,1.56,1.95,,,
2026-08-16 00:00:00.000 Z,Women's AFL/Fremantle (W) v Port Adelaide (W),35926580,COMBINED_TOTAL,261032342,Total Points,8435233,Under,84.5,WINNER,1,61,Fremantle (W),v Port Adelaide (W),-21,20,41,1.01,,,1.01,,,1.01,,,,
2026-08-16 00:00:00.000 Z,Women's AFL/Fremantle (W) v Port Adelaide (W),35926580,COMBINED_TOTAL,261032342,Total Points,8435232,Over,85.5,LOSER,0,61,Fremantle (W),v Port Adelaide (W),-21,20,41,1.59,,,1.59,,,1.59,,,,
2026-08-16 00:00:00.000 Z,Women's AFL/Fremantle (W) v Port Adelaide (W),35926580,COMBINED_TOTAL,261032342,Total Points,8435233,Under,85.5,WINNER,1,61,Fremantle (W),v Port Adelaide (W),-21,20,41,1.62,,,1.62,,,2,,,55,2
2026-08-16 00:00:00.000 Z,Women's AFL/Fremantle (W) v Port Adelaide (W),35926580,COMBINED_TOTAL,261032342,Total Points,8435232,Over,86.5,LOSER,0,61,Fremantle (W),v Port Adelaide (W),-21,20,41,1.6,,,1.6,,,1.6,,,,
2026-08-16 00:00:00.000 Z,Women's AFL/Fremantle (W) v Port Adelaide (W),35926580,COMBINED_TOTAL,261032342,Total Points,8435233,Under,86.5,WINNER,1,61,Fremantle (W),v Port Adelaide (W),-21,20,41,1.61,,,1.61,1.9,,1.9,,12.44,12.44,1.9
2026-08-16 00:00:00.000 Z,Women's AFL/Fremantle (W) v Port Adelaide (W),35926580,COMBINED_TOTAL,261032342,Total Points,8435232,Over,87.5,LOSER,0,61,Fremantle (W),v Port Adelaide (W),-21,20,41,1.61,,,1.61,,,1.61,,,,
2026-08-16 00:00:00.000 Z,Women's AFL/Fremantle (W) v Port Adelaide (W),35926580,COMBINED_TOTAL,261032342,Total Points,8435233,Under,87.5,WINNER,1,61,Fremantle (W),v Port Adelaide (W),-21,20,41,1.6,,,1.6,,,1.6,2,,,
2026-08-16 00:00:00.000 Z,Women's AFL/Fremantle (W) v Port Adelaide (W),35926580,COMBINED_TOTAL,261032342,Total Points,8435232,Over,88.5,LOSER,0,61,Fremantle (W),v Port Adelaide (W),-21,20,41,1.62,,,1.62,,,1.62,,,,
2026-08-16 00:00:00.000 Z,Women's AFL/Fremantle (W) v Port Adelaide (W),35926580,COMBINED_TOTAL,261032342,Total Points,8435233,Under,88.5,WINNER,1,61,Fremantle (W),v Port Adelaide (W),-21,20,41,1.59,2,,1.59,2,,1.59,2,,,
2026-08-16 00:00:00.000 Z,Women's AFL/Fremantle (W) v Port Adelaide (W),35926580,COMBINED_TOTAL,261032342,Total Points,8435232,Over,89.5,LOSER,0,61,Fremantle (W),v Port Adelaide (W),-21,20,41,,,,,,,,,,,
2026-08-16 00:00:00.000 Z,Women's AFL/Fremantle (W) v Port Adelaide (W),35926580,COMBINED_TOTAL,261032342,Total Points,8435233,Under,89.5,WINNER,1,61,Fremantle (W),v Port Adelaide (W),-21,20,41,1.58,,,1.58,,,1.58,,,,
2026-08-16 00:00:00.000 Z,Women's AFL/Fremantle (W) v Port Adelaide (W),35926580,COMBINED_TOTAL,261032342,Total Points,8435232,Over,90.5,LOSER,0,61,Fremantle (W),v Port Adelaide (W),-21,20,41,,,,,,,,,,,
2026-08-16 00:00:00.000 Z,Women's AFL/Fremantle (W) v Port Adelaide (W),35926580,COMBINED_TOTAL,261032342,Total Points,8435233,Under,90.5,WINNER,1,61,Fremantle (W),v Port Adelaide (W),-21,20,41,1.54,,,1.54,,,1.54,,,,
2026-08-16 00:00:00.000 Z,Women's AFL/Fremantle (W) v Port Adelaide (W),35926580,COMBINED_TOTAL,261032342,Total Points,8435232,Over,91.5,LOSER,0,61,Fremantle (W),v Port Adelaide (W),-21,20,41,,,,,,,,,,,
2026-08-16 00:00:00.000 Z,Women's AFL/Fremantle (W) v Port Adelaide (W),35926580,COMBINED_TOTAL,261032342,Total Points,8435233,Under,91.5,WINNER,1,61,Fremantle (W),v Port Adelaide (W),-21,20,41,1.5,,,1.5,,6,1.5,,6,6,1.5
2026-08-16 00:00:00.000 Z,Women's AFL/Fremantle (W) v Port Adelaide (W),35926580,COMBINED_TOTAL,261032342,Total Points,8435232,Over,92.5,LOSER,0,61,Fremantle (W),v Port Adelaide (W),-21,20,41,,,,,,,,,,,
2026-08-16 00:00:00.000 Z,Women's AFL/Fremantle (W) v Port Adelaide (W),35926580,COMBINED_TOTAL,261032342,Total Points,8435233,Under,92.5,WINNER,1,61,Fremantle (W),v Port Adelaide (W),-21,20,41,1.46,,,1.46,,,1.46,,,,
2026-08-16 00:00:00.000 Z,Women's AFL/Fremantle (W) v Port Adelaide (W),35926580,COMBINED_TOTAL,261032342,Total Points,8435232,Over,93.5,LOSER,0,61,Fremantle (W),v Port Adelaide (W),-21,20,41,,,,,,,,,,,
2026-08-16 00:00:00.000 Z,Women's AFL/Fremantle (W) v Port Adelaide (W),35926580,COMBINED_TOTAL,261032342,Total Points,8435233,Under,93.5,WINNER,1,61,Fremantle (W),v Port Adelaide (W),-21,20,41,1.42,,,1.42,,,1.42,,,,
2026-08-16 00:00:00.000 Z,Women's AFL/Fremantle (W) v Port Adelaide (W),35926580,COMBINED_TOTAL,261032342,Total Points,8435232,Over,94.5,LOSER,0,61,Fremantle (W),v Port Adelaide (W),-21,20,41,,,,,,,,,,,
2026-08-16 00:00:00.000 Z,Women's AFL/Fremantle (W) v Port Adelaide (W),35926580,COMBINED_TOTAL,261032342,Total Points,8435233,Under,94.5,WINNER,1,61,Fremantle (W),v Port Adelaide (W),-21,20,41,1.38,,,1.38,,,1.38,,,,
2026-08-16 00:00:00.000 Z,Women's AFL/Fremantle (W) v Port Adelaide (W),35926580,COMBINED_TOTAL,261032342,Total Points,8435232,Over,95.5,LOSER,0,61,Fremantle (W),v Port Adelaide (W),-21,20,41,,,,,,,,,,,
2026-08-16 00:00:00.000 Z,Women's AFL/Fremantle (W) v Port Adelaide (W),35926580,COMBINED_TOTAL,261032342,Total Points,8435233,Under,95.5,WINNER,1,61,Fremantle (W),v Port Adelaide (W),-21,20,41,1.34,,,1.34,,,1.34,,,,
2026-08-16 00:00:00.000 Z,Women's AFL/Fremantle (W) v Port Adelaide (W),35926580,COMBINED_TOTAL,261032342,Total Points,8435232,Over,96.5,LOSER,0,61,Fremantle (W),v Port Adelaide (W),-21,20,41,,,,,,,,,,,
2026-08-16 00:00:00.000 Z,Women's AFL/Fremantle (W) v Port Adelaide (W),35926580,COMBINED_TOTAL,261032342,Total Points,8435233,Under,96.5,WINNER,1,61,Fremantle (W),v Port Adelaide (W),-21,20,41,1.31,,,1.31,,,1.31,,,,
2026-08-16 00:00:00.000 Z,Women's AFL/Fremantle (W) v Port Adelaide (W),35926580,COMBINED_TOTAL,261032342,Total Points,8435232,Over,97.5,LOSER,0,61,Fremantle (W),v Port Adelaide (W),-21,20,41,,,,,,,,,,,
2026-08-16 00:00:00.000 Z,Women's AFL/Fremantle (W) v Port Adelaide (W),35926580,COMBINED_TOTAL,261032342,Total Points,8435233,Under,97.5,WINNER,1,61,Fremantle (W),v Port Adelaide (W),-21,20,41,1.28,,,1.28,,,1.28,,,,
2026-08-16 00:00:00.000 Z,Women's AFL/Fremantle (W) v Port Adelaide (W),35926580,COMBINED_TOTAL,261032342,Total Points,8435232,Over,98.5,LOSER,0,61,Fremantle (W),v Port Adelaide (W),-21,20,41,,,,,,,,,,,
2026-08-16 00:00:00.000 Z,Women's AFL/Fremantle (W) v Port Adelaide (W),35926580,COMBINED_TOTAL,261032342,Total Points,8435233,Under,98.5,WINNER,1,61,Fremantle (W),v Port Adelaide (W),-21,20,41,1.26,,,1.26,,,1.26,,,,
2026-08-16 00:00:00.000 Z,Women's AFL/Fremantle (W) v Port Adelaide (W),35926580,COMBINED_TOTAL,261032342,Total Points,8435232,Over,99.5,LOSER,0,61,Fremantle (W),v Port Adelaide (W),-21,20,41,,,,,,,,,,,
2026-08-16 00:00:00.000 Z,Women's AFL/Fremantle (W) v Port Adelaide (W),35926580,COMBINED_TOTAL,261032342,Total Points,8435233,Under,99.5,WINNER,1,61,Fremantle (W),v Port Adelaide (W),-21,20,41,1.24,,,1.24,,,1.24,,,,
2026-08-16 00:00:00.000 Z,Women's AFL/Fremantle (W) v Port Adelaide (W),35926580,COMBINED_TOTAL,261032342,Total Points,8435232,Over,100.5,LOSER,0,61,Fremantle (W),v Port Adelaide (W),-21,20,41,,,,,,,,,,,
2026-08-16 00:00:00.000 Z,Women's AFL/Fremantle (W) v Port Adelaide (W),35926580,COMBINED_TOTAL,261032342,Total Points,8435233,Under,100.5,WINNER,1,61,Fremantle (W),v Port Adelaide (W),-21,20,41,1.23,,,1.23,,,1.23,,,,
2026-08-16 00:00:00.000 Z,Women's AFL/Fremantle (W) v Port Adelaide (W),35926580,COMBINED_TOTAL,261032342,Total Points,8435232,Over,101.5,LOSER,0,61,Fremantle (W),v Port Adelaide (W),-21,20,41,,,,,,,,,,,
2026-08-16 00:00:00.000 Z,Women's AFL/Fremantle (W) v Port Adelaide (W),35926580,COMBINED_TOTAL,261032342,Total Points,8435233,Under,101.5,WINNER,1,61,Fremantle (W),v Port Adelaide (W),-21,20,41,1.21,,,1.21,,,1.21,,,,
2026-08-16 00:00:00.000 Z,Women's AFL/Fremantle (W) v Port Adelaide (W),35926580,COMBINED_TOTAL,261032342,Total Points,8435232,Over,102.5,LOSER,0,61,Fremantle (W),v Port Adelaide (W),-21,20,41,,,,,,,,,,,
2026-08-16 00:00:00.000 Z,Women's AFL/Fremantle (W) v Port Adelaide (W),35926580,COMBINED_TOTAL,261032342,Total Points,8435233,Under,102.5,WINNER,1,61,Fremantle (W),v Port Adelaide (W),-21,20,41,1.18,,,1.18,,,1.18,,,,
2026-08-16 00:00:00.000 Z,Women's AFL/Fremantle (W) v Port Adelaide (W),35926580,COMBINED_TOTAL,261032342,Total Points,8435232,Over,103.5,LOSER,0,61,Fremantle (W),v Port Adelaide (W),-21,20,41,,,,,,,,,,,
2026-08-16 00:00:00.000 Z,Women's AFL/Fremantle (W) v Port Adelaide (W),35926580,COMBINED_TOTAL,261032342,Total Points,8435233,Under,103.5,WINNER,1,61,Fremantle (W),v Port Adelaide (W),-21,20,41,1.16,,,1.16,,,1.16,,,,
2026-08-16 00:00:00.000 Z,Women's AFL/Fremantle (W) v Port Adelaide (W),35926580,COMBINED_TOTAL,261032342,Total Points,8435232,Over,104.5,LOSER,0,61,Fremantle (W),v Port Adelaide (W),-21,20,41,,,,,,,,,,,
2026-08-16 00:00:00.000 Z,Women's AFL/Fremantle (W) v Port Adelaide (W),35926580,COMBINED_TOTAL,261032342,Total Points,8435233,Under,104.5,WINNER,1,61,Fremantle (W),v Port Adelaide (W),-21,20,41,1.14,,,1.14,,,1.14,,,,
2026-08-16 00:00:00.000 Z,Women's AFL/Fremantle (W) v Port Adelaide (W),35926580,COMBINED_TOTAL,261032342,Total Points,8435232,Over,105.5,LOSER,0,61,Fremantle (W),v Port Adelaide (W),-21,20,41,,,,,,,,,,,
2026-08-16 00:00:00.000 Z,Women's AFL/Fremantle (W) v Port Adelaide (W),35926580,COMBINED_TOTAL,261032342,Total Points,8435233,Under,105.5,WINNER,1,61,Fremantle (W),v Port Adelaide (W),-21,20,41,1.12,,,1.12,,,1.12,,,,
2026-08-16 00:00:00.000 Z,Women's AFL/Fremantle (W) v Port Adelaide (W),35926580,COMBINED_TOTAL,261032342,Total Points,8435232,Over,106.5,LOSER,0,61,Fremantle (W),v Port Adelaide (W),-21,20,41,,,,,,,,,,,
2026-08-16 00:00:00.000 Z,Women's AFL/Fremantle (W) v Port Adelaide (W),35926580,COMBINED_TOTAL,261032342,Total Points,8435233,Under,106.5,WINNER,1,61,Fremantle (W),v Port Adelaide (W),-21,20,41,1.1,,,1.1,,,1.1,,,,
2026-08-16 00:00:00.000 Z,Women's AFL/Fremantle (W) v Port Adelaide (W),35926580,COMBINED_TOTAL,261032342,Total Points,8435232,Over,107.5,LOSER,0,61,Fremantle (W),v Port Adelaide (W),-21,20,41,,,,,,,,,,,
2026-08-16 00:00:00.000 Z,Women's AFL/Fremantle (W) v Port Adelaide (W),35926580,COMBINED_TOTAL,261032342,Total Points,8435233,Under,107.5,WINNER,1,61,Fremantle (W),v Port Adelaide (W),-21,20,41,1.09,,,1.09,,,1.09,,,,
2026-08-16 00:00:00.000 Z,Women's AFL/Fremantle (W) v Port Adelaide (W),35926580,COMBINED_TOTAL,261032342,Total Points,8435232,Over,108.5,LOSER,0,61,Fremantle (W),v Port Adelaide (W),-21,20,41,,,,,,,,,,,
2026-08-16 00:00:00.000 Z,Women's AFL/Fremantle (W) v Port Adelaide (W),35926580,COMBINED_TOTAL,261032342,Total Points,8435233,Under,108.5,WINNER,1,61,Fremantle (W),v Port Adelaide (W),-21,20,41,1.08,,,1.08,,,1.08,,,,
2026-08-16 00:00:00.000 Z,Women's AFL/Fremantle (W) v Port Adelaide (W),35926580,COMBINED_TOTAL,261032342,Total Points,8435232,Over,109.5,LOSER,0,61,Fremantle (W),v Port Adelaide (W),-21,20,41,,,,,,,,,,,
2026-08-16 00:00:00.000 Z,Women's AFL/Fremantle (W) v Port Adelaide (W),35926580,COMBINED_TOTAL,261032342,Total Points,8435233,Under,109.5,WINNER,1,61,Fremantle (W),v Port Adelaide (W),-21,20,41,1.07,,,1.07,,,1.07,,,,
2026-08-16 00:00:00.000 Z,Women's AFL/Fremantle (W) v Port Adelaide (W),35926580,COMBINED_TOTAL,261032342,Total Points,8435232,Over,110.5,LOSER,0,61,Fremantle (W),v Port Adelaide (W),-21,20,41,,,,,,,,,,,
2026-08-16 00:00:00.000 Z,Women's AFL/Fremantle (W) v Port Adelaide (W),35926580,COMBINED_TOTAL,261032342,Total Points,8435233,Under,110.5,WINNER,1,61,Fremantle (W),v Port Adelaide (W),-21,20,41,1.06,,,1.06,,,1.06,,,,
2026-08-16 00:00:00.000 Z,Women's AFL/Fremantle (W) v Port Adelaide (W),35926580,COMBINED_TOTAL,261032342,Total Points,8435232,Over,111.5,LOSER,0,61,Fremantle (W),v Port Adelaide (W),-21,20,41,,,,,,,,,,,
2026-08-16 00:00:00.000 Z,Women's AFL/Fremantle (W) v Port Adelaide (W),35926580,COMBINED_TOTAL,261032342,Total Points,8435233,Under,111.5,WINNER,1,61,Fremantle (W),v Port Adelaide (W),-21,20,41,1.05,,,1.05,,,1.05,,,,
2026-08-16 00:00:00.000 Z,Women's AFL/Fremantle (W) v Port Adelaide (W),35926580,COMBINED_TOTAL,261032342,Total Points,8435232,Over,112.5,LOSER,0,61,Fremantle (W),v Port Adelaide (W),-21,20,41,,,,,,,,,,,
2026-08-16 00:00:00.000 Z,Women's AFL/Fremantle (W) v Port Adelaide (W),35926580,COMBINED_TOTAL,261032342,Total Points,8435233,Under,112.5,WINNER,1,61,Fremantle (W),v Port Adelaide (W),-21,20,41,1.04,,,1.04,,,1.04,,,,
2026-08-16 00:00:00.000 Z,Women's AFL/Fremantle (W) v Port Adelaide (W),35926580,COMBINED_TOTAL,261032342,Total Points,8435232,Over,113.5,LOSER,0,61,Fremantle (W),v Port Adelaide (W),-21,20,41,,,,,,,,,,,
2026-08-16 00:00:00.000 Z,Women's AFL/Fremantle (W) v Port Adelaide (W),35926580,COMBINED_TOTAL,261032342,Total Points,8435233,Under,113.5,WINNER,1,61,Fremantle (W),v Port Adelaide (W),-21,20,41,1.03,,,1.03,,,1.03,,,,
2026-08-16 00:00:00.000 Z,Women's AFL/Fremantle (W) v Port Adelaide (W),35926580,COMBINED_TOTAL,261032342,Total Points,8435232,Over,114.5,LOSER,0,61,Fremantle (W),v Port Adelaide (W),-21,20,41,,,,,,,,,,,
2026-08-16 00:00:00.000 Z,Women's AFL/Fremantle (W) v Port Adelaide (W),35926580,COMBINED_TOTAL,261032342,Total Points,8435233,Under,114.5,WINNER,1,61,Fremantle (W),v Port Adelaide (W),-21,20,41,1.02,,,1.02,,,1.02,,,,
2026-08-16 00:00:00.000 Z,Women's AFL/Fremantle (W) v Port Adelaide (W),35926580,COMBINED_TOTAL,261032342,Total Points,8435232,Over,115.5,LOSER,0,61,Fremantle (W),v Port Adelaide (W),-21,20,41,,,,,,,,,,,
2026-08-16 00:00:00.000 Z,Women's AFL/Fremantle (W) v Port Adelaide (W),35926580,COMBINED_TOTAL,261032342,Total Points,8435233,Under,115.5,WINNER,1,61,Fremantle (W),v Port Adelaide (W),-21,20,41,1.01,,,1.01,,,1.01,,,,
2026-08-16 00:00:00.000 Z,Women's AFL/Fremantle (W) v Port Adelaide (W),35926580,COMBINED_TOTAL,261032342,Total Points,8435232,Over,116.5,LOSER,0,61,Fremantle (W),v Port Adelaide (W),-21,20,41,,,,,,,,,,,
2026-08-16 00:00:00.000 Z,Women's AFL/Fremantle (W) v Port Adelaide (W),35926580,COMBINED_TOTAL,261032342,Total Points,8435233,Under,116.5,WINNER,1,61,Fremantle (W),v Port Adelaide (W),-21,20,41,,,,,,,,,,,
2026-08-16 00:00:00.000 Z,Women's AFL/Fremantle (W) v Port Adelaide (W),35926580,COMBINED_TOTAL,261032342,Total Points,8435232,Over,117.5,LOSER,0,61,Fremantle (W),v Port Adelaide (W),-21,20,41,,,,,,,,,,,
2026-08-16 00:00:00.000 Z,Women's AFL/Fremantle (W) v Port Adelaide (W),35926580,COMBINED_TOTAL,261032342,Total Points,8435233,Under,117.5,WINNER,1,61,Fremantle (W),v Port Adelaide (W),-21,20,41,,,,,,,,,,,
2026-08-16 00:00:00.000 Z,Women's AFL/Fremantle (W) v Port Adelaide (W),35926580,COMBINED_TOTAL,261032342,Total Points,8435232,Over,118.5,LOSER,0,61,Fremantle (W),v Port Adelaide (W),-21,20,41,,,,,,,,,,,
2026-08-16 00:00:00.000 Z,Women's AFL/Fremantle (W) v Port Adelaide (W),35926580,COMBINED_TOTAL,261032342,Total Points,8435233,Under,118.5,WINNER,1,61,Fremantle (W),v Port Adelaide (W),-21,20,41,,,,,,,,,,,
2026-08-16 00:00:00.000 Z,Women's AFL/Fremantle (W) v Port Adelaide (W),35926580,COMBINED_TOTAL,261032342,Total Points,8435232,Over,119.5,LOSER,0,61,Fremantle (W),v Port Adelaide (W),-21,20,41,,,,,,,,,,,
2026-08-16 00:00:00.000 Z,Women's AFL/Fremantle (W) v Port Adelaide (W),35926580,COMBINED_TOTAL,261032342,Total Points,8435233,Under,119.5,WINNER,1,61,Fremantle (W),v Port Adelaide (W),-21,20,41,,,,,,,,,,,
2026-08-16 00:00:00.000 Z,Women's AFL/Fremantle (W) v Port Adelaide (W),35926580,COMBINED_TOTAL,261032342,Total Points,8435232,Over,120.5,LOSER,0,61,Fremantle (W),v Port Adelaide (W),-21,20,41,,,,,,,,,,,
2026-08-16 00:00:00.000 Z,Women's AFL/Fremantle (W) v Port Adelaide (W),35926580,COMBINED_TOTAL,261032342,Total Points,8435233,Under,120.5,WINNER,1,61,Fremantle (W),v Port Adelaide (W),-21,20,41,,,,,,,,,,,
2026-08-16 00:00:00.000 Z,Women's AFL/Fremantle (W) v Port Adelaide (W),35926580,COMBINED_TOTAL,261032342,Total Points,8435232,Over,121.5,LOSER,0,61,Fremantle (W),v Port Adelaide (W),-21,20,41,,,,,,,,,,,
2026-08-16 00:00:00.000 Z,Women's AFL/Fremantle (W) v Port Adelaide (W),35926580,COMBINED_TOTAL,261032342,Total Points,8435233,Under,121.5,WINNER,1,61,Fremantle (W),v Port Adelaide (W),-21,20,41,,,,,,,,,,,
2026-08-16 00:00:00.000 Z,Women's AFL/Fremantle (W) v Port Adelaide (W),35926580,COMBINED_TOTAL,261032342,Total Points,8435232,Over,122.5,LOSER,0,61,Fremantle (W),v Port Adelaide (W),-21,20,41,,,,,,,,,,,
2026-08-16 00:00:00.000 Z,Women's AFL/Fremantle (W) v Port Adelaide (W),35926580,COMBINED_TOTAL,261032342,Total Points,8435233,Under,122.5,WINNER,1,61,Fremantle (W),v Port Adelaide (W),-21,20,41,,,,,,,,,,,
2026-08-16 00:00:00.000 Z,Women's AFL/Fremantle (W) v Port Adelaide (W),35926580,COMBINED_TOTAL,261032342,Total Points,8435232,Over,123.5,LOSER,0,61,Fremantle (W),v Port Adelaide (W),-21,20,41,,,,,,,,,,,
2026-08-16 00:00:00.000 Z,Women's AFL/Fremantle (W) v Port Adelaide (W),35926580,COMBINED_TOTAL,261032342,Total Points,8435233,Under,123.5,WINNER,1,61,Fremantle (W),v Port Adelaide (W),-21,20,41,,,,,,,,,,,
2026-08-16 00:00:00.000 Z,Women's AFL/Fremantle (W) v Port Adelaide (W),35926580,COMBINED_TOTAL,261032342,Total Points,8435232,Over,124.5,LOSER,0,61,Fremantle (W),v Port Adelaide (W),-21,20,41,,,,,,,,,,,
2026-08-16 00:00:00.000 Z,Women's AFL/Fremantle (W) v Port Adelaide (W),35926580,COMBINED_TOTAL,261032342,Total Points,8435233,Under,124.5,WINNER,1,61,Fremantle (W),v Port Adelaide (W),-21,20,41,,,,,,,,,,,
2026-08-16 00:00:00.000 Z,Women's AFL/Fremantle (W) v Port Adelaide (W),35926580,COMBINED_TOTAL,261032342,Total Points,8435232,Over,125.5,LOSER,0,61,Fremantle (W),v Port Adelaide (W),-21,20,41,,,,,,,,,,,
2026-08-16 00:00:00.000 Z,Women's AFL/Fremantle (W) v Port Adelaide (W),35926580,COMBINED_TOTAL,261032342,Total Points,8435233,Under,125.5,WINNER,1,61,Fremantle (W),v Port Adelaide (W),-21,20,41,,,,,,,,,,,
2026-08-16 00:00:00.000 Z,Women's AFL/Fremantle (W) v Port Adelaide (W),35926580,COMBINED_TOTAL,261032342,Total Points,8435232,Over,126.5,LOSER,0,61,Fremantle (W),v Port Adelaide (W),-21,20,41,,,,,,,,,,,
2026-08-16 00:00:00.000 Z,Women's AFL/Fremantle (W) v Port Adelaide (W),35926580,COMBINED_TOTAL,261032342,Total Points,8435233,Under,126.5,WINNER,1,61,Fremantle (W),v Port Adelaide (W),-21,20,41,,,,,,,,,,,
2026-08-16 00:00:00.000 Z,Women's AFL/Fremantle (W) v Port Adelaide (W),35926580,COMBINED_TOTAL,261032342,Total Points,8435232,Over,127.5,LOSER,0,61,Fremantle (W),v Port Adelaide (W),-21,20,41,,,,,,,,,,,
2026-08-16 00:00:00.000 Z,Women's AFL/Fremantle (W) v Port Adelaide (W),35926580,COMBINED_TOTAL,261032342,Total Points,8435233,Under,127.5,WINNER,1,61,Fremantle (W),v Port Adelaide (W),-21,20,41,,,,,,,,,,,
2026-08-16 00:00:00.000 Z,Women's AFL/Fremantle (W) v Port Adelaide (W),35926580,COMBINED_TOTAL,261032342,Total Points,8435232,Over,128.5,LOSER,0,61,Fremantle (W),v Port Adelaide (W),-21,20,41,,,,,,,,,,,
2026-08-16 00:00:00.000 Z,Women's AFL/Fremantle (W) v Port Adelaide (W),35926580,COMBINED_TOTAL,261032342,Total Points,8435233,Under,128.5,WINNER,1,61,Fremantle (W),v Port Adelaide (W),-21,20,41,,,,,,,,,,,
2026-08-16 00:00:00.000 Z,Women's AFL/Fremantle (W) v Port Adelaide (W),35926580,COMBINED_TOTAL,261032342,Total Points,8435232,Over,129.5,LOSER,0,61,Fremantle (W),v Port Adelaide (W),-21,20,41,,,,,,,,,,,
2026-08-16 00:00:00.000 Z,Women's AFL/Fremantle (W) v Port Adelaide (W),35926580,COMBINED_TOTAL,261032342,Total Points,8435233,Under,129.5,WINNER,1,61,Fremantle (W),v Port Adelaide (W),-21,20,41,,,,,,,,,,,
2026-08-16 00:00:00.000 Z,Women's AFL/Fremantle (W) v Port Adelaide (W),35926580,COMBINED_TOTAL,261032342,Total Points,8435232,Over,130.5,LOSER,0,61,Fremantle (W),v Port Adelaide (W),-21,20,41,,,,,,,,,,,
2026-08-16 00:00:00.000 Z,Women's AFL/Fremantle (W) v Port Adelaide (W),35926580,COMBINED_TOTAL,261032342,Total Points,8435233,Under,130.5,WINNER,1,61,Fremantle (W),v Port Adelaide (W),-21,20,41,,,,,,,,,,,
2026-08-16 00:00:00.000 Z,Women's AFL/Fremantle (W) v Port Adelaide (W),35926580,COMBINED_TOTAL,261032342,Total Points,8435232,Over,131.5,LOSER,0,61,Fremantle (W),v Port Adelaide (W),-21,20,41,,,,,,,,,,,
2026-08-16 00:00:00.000 Z,Women's AFL/Fremantle (W) v Port Adelaide (W),35926580,COMBINED_TOTAL,261032342,Total Points,8435233,Under,131.5,WINNER,1,61,Fremantle (W),v Port Adelaide (W),-21,20,41,,,,,,,,,,,
2026-08-16 00:00:00.000 Z,Women's AFL/Fremantle (W) v Port Adelaide (W),35926580,COMBINED_TOTAL,261032342,Total Points,8435232,Over,132.5,LOSER,0,61,Fremantle (W),v Port Adelaide (W),-21,20,41,,,,,,,,,,,
2026-08-16 00:00:00.000 Z,Women's AFL/Fremantle (W) v Port Adelaide (W),35926580,COMBINED_TOTAL,261032342,Total Points,8435233,Under,132.5,WINNER,1,61,Fremantle (W),v Port Adelaide (W),-21,20,41,,,,,,,,,,,
2026-08-16 00:00:00.000 Z,Women's AFL/Fremantle (W) v Port Adelaide (W),35926580,COMBINED_TOTAL,261032342,Total Points,8435232,Over,133.5,LOSER,0,61,Fremantle (W),v Port Adelaide (W),-21,20,41,,,,,,,,,,,
2026-08-16 00:00:00.000 Z,Women's AFL/Fremantle (W) v Port Adelaide (W),35926580,COMBINED_TOTAL,261032342,Total Points,8435233,Under,133.5,WINNER,1,61,Fremantle (W),v Port Adelaide (W),-21,20,41,,,,,,,,,,,
2026-08-16 00:00:00.000 Z,Women's AFL/Fremantle (W) v Port Adelaide (W),35926580,COMBINED_TOTAL,261032342,Total Points,8435232,Over,134.5,LOSER,0,61,Fremantle (W),v Port Adelaide (W),-21,20,41,,,,,,,,,,,
2026-08-16 00:00:00.000 Z,Women's AFL/Fremantle (W) v Port Adelaide (W),35926580,COMBINED_TOTAL,261032342,Total Points,8435233,Under,134.5,WINNER,1,61,Fremantle (W),v Port Adelaide (W),-21,20,41,,,,,,,,,,,
2026-08-16 00:00:00.000 Z,Women's AFL/Fremantle (W) v Port Adelaide (W),35926580,COMBINED_TOTAL,261032342,Total Points,8435232,Over,135.5,LOSER,0,61,Fremantle (W),v Port Adelaide (W),-21,20,41,,,,,,,,,,,
2026-08-16 00:00:00.000 Z,Women's AFL/Fremantle (W) v Port Adelaide (W),35926580,COMBINED_TOTAL,261032342,Total Points,8435233,Under,135.5,WINNER,1,61,Fremantle (W),v Port Adelaide (W),-21,20,41,,,,,,,,,,,
2026-08-16 00:00:00.000 Z,Women's AFL/Fremantle (W) v Port Adelaide (W),35926580,COMBINED_TOTAL,261032342,Total Points,8435232,Over,136.5,LOSER,0,61,Fremantle (W),v Port Adelaide (W),-21,20,41,,,,,,,,,,,
2026-08-16 00:00:00.000 Z,Women's AFL/Fremantle (W) v Port Adelaide (W),35926580,COMBINED_TOTAL,261032342,Total Points,8435233,Under,136.5,WINNER,1,61,Fremantle (W),v Port Adelaide (W),-21,20,41,,,,,,,,,,,
2026-08-16 00:00:00.000 Z,Women's AFL/Fremantle (W) v Port Adelaide (W),35926580,COMBINED_TOTAL,261032342,Total Points,8435232,Over,137.5,LOSER,0,61,Fremantle (W),v Port Adelaide (W),-21,20,41,,,,,,,,,,,
2026-08-16 00:00:00.000 Z,Women's AFL/Fremantle (W) v Port Adelaide (W),35926580,COMBINED_TOTAL,261032342,Total Points,8435233,Under,137.5,WINNER,1,61,Fremantle (W),v Port Adelaide (W),-21,20,41,,,,,,,,,,,
2026-08-16 00:00:00.000 Z,Women's AFL/Fremantle (W) v Port Adelaide (W),35926580,COMBINED_TOTAL,261032342,Total Points,8435232,Over,138.5,LOSER,0,61,Fremantle (W),v Port Adelaide (W),-21,20,41,,,,,,,,,,,
2026-08-16 00:00:00.000 Z,Women's AFL/Fremantle (W) v Port Adelaide (W),35926580,COMBINED_TOTAL,261032342,Total Points,8435233,Under,138.5,WINNER,1,61,Fremantle (W),v Port Adelaide (W),-21,20,41,,,,,,,,,,,
2026-08-16 00:00:00.000 Z,Women's AFL/Fremantle (W) v Port Adelaide (W),35926580,COMBINED_TOTAL,261032342,Total Points,8435232,Over,139.5,LOSER,0,61,Fremantle (W),v Port Adelaide (W),-21,20,41,,,,,,,,,,,
2026-08-16 00:00:00.000 Z,Women's AFL/Fremantle (W) v Port Adelaide (W),35926580,COMBINED_TOTAL,261032342,Total Points,8435233,Under,139.5,WINNER,1,61,Fremantle (W),v Port Adelaide (W),-21,20,41,,,,,,,,,,,
2026-08-16 00:00:00.000 Z,Women's AFL/Fremantle (W) v Port Adelaide (W),35926580,COMBINED_TOTAL,261032342,Total Points,8435232,Over,140.5,LOSER,0,61,Fremantle (W),v Port Adelaide (W),-21,20,41,,,,,,,,,,,
2026-08-16 00:00:00.000 Z,Women's AFL/Fremantle (W) v Port Adelaide (W),35926580,COMBINED_TOTAL,261032342,Total Points,8435233,Under,140.5,WINNER,1,61,Fremantle (W),v Port Adelaide (W),-21,20,41,,,,,,,,,,,
2026-08-16 00:00:00.000 Z,Women's AFL/GWS (W) v West Coast (W),35926581,HANDICAP,261032465,Handicap,12543370,GWS (W),-59.5,LOSER,0,96,GWS (W),v West Coast (W),12,54,42,1.01,,,1.01,,,1.01,,,,
2026-08-16 00:00:00.000 Z,Women's AFL/GWS (W) v West Coast (W),35926581,HANDICAP,261032465,Handicap,26814174,West Coast (W),-59.5,LOSER,0,96,GWS (W),v West Coast (W),12,54,42,1.01,,,1.01,,,1.01,,,,
2026-08-16 00:00:00.000 Z,Women's AFL/GWS (W) v West Coast (W),35926581,HANDICAP,261032465,Handicap,12543370,GWS (W),-58.5,LOSER,0,96,GWS (W),v West Coast (W),12,54,42,1.01,,,1.01,,,1.01,,,,
2026-08-16 00:00:00.000 Z,Women's AFL/GWS (W) v West Coast (W),35926581,HANDICAP,261032465,Handicap,26814174,West Coast (W),-58.5,LOSER,0,96,GWS (W),v West Coast (W),12,54,42,1.01,,,1.01,,,1.01,,,,
2026-08-16 00:00:00.000 Z,Women's AFL/GWS (W) v West Coast (W),35926581,HANDICAP,261032465,Handicap,12543370,GWS (W),-57.5,LOSER,0,96,GWS (W),v West Coast (W),12,54,42,1.01,,,1.01,,,1.01,,,,
2026-08-16 00:00:00.000 Z,Women's AFL/GWS (W) v West Coast (W),35926581,HANDICAP,261032465,Handicap,26814174,West Coast (W),-57.5,LOSER,0,96,GWS (W),v West Coast (W),12,54,42,1.01,,,1.01,,,1.01,,,,
2026-08-16 00:00:00.000 Z,Women's AFL/GWS (W) v West Coast (W),35926581,HANDICAP,261032465,Handicap,26814174,West Coast (W),-56.5,LOSER,0,96,GWS (W),v West Coast (W),12,54,42,1.01,,,1.01,,,1.01,,,,
2026-08-16 00:00:00.000 Z,Women's AFL/GWS (W) v West Coast (W),35926581,HANDICAP,261032465,Handicap,12543370,GWS (W),-56.5,LOSER,0,96,GWS (W),v West Coast (W),12,54,42,1.01,,,1.01,,,1.01,,,,
2026-08-16 00:00:00.000 Z,Women's AFL/GWS (W) v West Coast (W),35926581,HANDICAP,261032465,Handicap,12543370,GWS (W),-55.5,LOSER,0,96,GWS (W),v West Coast (W),12,54,42,1.01,,,1.01,,,1.01,,,,
2026-08-16 00:00:00.000 Z,Women's AFL/GWS (W) v West Coast (W),35926581,HANDICAP,261032465,Handicap,26814174,West Coast (W),-55.5,LOSER,0,96,GWS (W),v West Coast (W),12,54,42,1.01,,,1.01,,,1.01,,,,
2026-08-16 00:00:00.000 Z,Women's AFL/GWS (W) v West Coast (W),35926581,HANDICAP,261032465,Handicap,12543370,GWS (W),-54.5,LOSER,0,96,GWS (W),v West Coast (W),12,54,42,1.01,,,1.01,,,1.01,,,,
2026-08-16 00:00:00.000 Z,Women's AFL/GWS (W) v West Coast (W),35926581,HANDICAP,261032465,Handicap,26814174,West Coast (W),-54.5,LOSER,0,96,GWS (W),v West Coast (W),12,54,42,1.01,,,1.01,,,1.01,,,,
2026-08-16 00:00:00.000 Z,Women's AFL/GWS (W) v West Coast (W),35926581,HANDICAP,261032465,Handicap,26814174,West Coast (W),-53.5,LOSER,0,96,GWS (W),v West Coast (W),12,54,42,1.01,,,1.01,,,1.01,,,,
2026-08-16 00:00:00.000 Z,Women's AFL/GWS (W) v West Coast (W),35926581,HANDICAP,261032465,Handicap,12543370,GWS (W),-53.5,LOSER,0,96,GWS (W),v West Coast (W),12,54,42,1.01,,,1.01,,,1.01,,,,
2026-08-16 00:00:00.000 Z,Women's AFL/GWS (W) v West Coast (W),35926581,HANDICAP,261032465,Handicap,26814174,West Coast (W),-52.5,LOSER,0,96,GWS (W),v West Coast (W),12,54,42,1.01,,,1.01,,,1.01,,,,
2026-08-16 00:00:00.000 Z,Women's AFL/GWS (W) v West Coast (W),35926581,HANDICAP,261032465,Handicap,12543370,GWS (W),-52.5,LOSER,0,96,GWS (W),v West Coast (W),12,54,42,1.01,,,1.01,,,1.01,,,,
2026-08-16 00:00:00.000 Z,Women's AFL/GWS (W) v West Coast (W),35926581,HANDICAP,261032465,Handicap,26814174,West Coast (W),-51.5,LOSER,0,96,GWS (W),v West Coast (W),12,54,42,1.01,,,1.01,,,1.01,,,,
2026-08-16 00:00:00.000 Z,Women's AFL/GWS (W) v West Coast (W),35926581,HANDICAP,261032465,Handicap,12543370,GWS (W),-51.5,LOSER,0,96,GWS (W),v West Coast (W),12,54,42,1.01,,,1.01,,,1.01,,,,
2026-08-16 00:00:00.000 Z,Women's AFL/GWS (W) v West Coast (W),35926581,HANDICAP,261032465,Handicap,12543370,GWS (W),-50.5,LOSER,0,96,GWS (W),v West Coast (W),12,54,42,1.01,,,1.01,,,1.01,,,,
2026-08-16 00:00:00.000 Z,Women's AFL/GWS (W) v West Coast (W),35926581,HANDICAP,261032465,Handicap,26814174,West Coast (W),-50.5,LOSER,0,96,GWS (W),v West Coast (W),12,54,42,1.01,,,1.01,,,1.01,,,,
2026-08-16 00:00:00.000 Z,Women's AFL/GWS (W) v West Coast (W),35926581,HANDICAP,261032465,Handicap,26814174,West Coast (W),-49.5,LOSER,0,96,GWS (W),v West Coast (W),12,54,42,1.01,,,1.01,,,1.01,,,,
2026-08-16 00:00:00.000 Z,Women's AFL/GWS (W) v West Coast (W),35926581,HANDICAP,261032465,Handicap,12543370,GWS (W),-49.5,LOSER,0,96,GWS (W),v West Coast (W),12,54,42,1.01,,,1.01,,,1.01,,,,
2026-08-16 00:00:00.000 Z,Women's AFL/GWS (W) v West Coast (W),35926581,HANDICAP,261032465,Handicap,26814174,West Coast (W),-48.5,LOSER,0,96,GWS (W),v West Coast (W),12,54,42,1.01,,,1.01,,,1.01,,,,
2026-08-16 00:00:00.000 Z,Women's AFL/GWS (W) v West Coast (W),35926581,HANDICAP,261032465,Handicap,12543370,GWS (W),-48.5,LOSER,0,96,GWS (W),v West Coast (W),12,54,42,1.01,,,1.01,,,1.01,,,,
2026-08-16 00:00:00.000 Z,Women's AFL/GWS (W) v West Coast (W),35926581,HANDICAP,261032465,Handicap,12543370,GWS (W),-47.5,LOSER,0,96,GWS (W),v West Coast (W),12,54,42,1.01,,,1.01,,,1.01,,,,
2026-08-16 00:00:00.000 Z,Women's AFL/GWS (W) v West Coast (W),35926581,HANDICAP,261032465,Handicap,26814174,West Coast (W),-47.5,LOSER,0,96,GWS (W),v West Coast (W),12,54,42,1.01,,,1.01,,,1.01,,,,
2026-08-16 00:00:00.000 Z,Women's AFL/GWS (W) v West Coast (W),35926581,HANDICAP,261032465,Handicap,12543370,GWS (W),-46.5,LOSER,0,96,GWS (W),v West Coast (W),12,54,42,1.01,,,1.01,,,1.01,,,,
2026-08-16 00:00:00.000 Z,Women's AFL/GWS (W) v West Coast (W),35926581,HANDICAP,261032465,Handicap,26814174,West Coast (W),-46.5,LOSER,0,96,GWS (W),v West Coast (W),12,54,42,1.01,,,1.01,,,1.01,,,,
2026-08-16 00:00:00.000 Z,Women's AFL/GWS (W) v West Coast (W),35926581,HANDICAP,261032465,Handicap,12543370,GWS (W),-45.5,LOSER,0,96,GWS (W),v West Coast (W),12,54,42,1.01,,,1.01,,,1.01,,,,
2026-08-16 00:00:00.000 Z,Women's AFL/GWS (W) v West Coast (W),35926581,HANDICAP,261032465,Handicap,26814174,West Coast (W),-45.5,LOSER,0,96,GWS (W),v West Coast (W),12,54,42,1.01,,,1.01,,,1.01,,,,
2026-08-16 00:00:00.000 Z,Women's AFL/GWS (W) v West Coast (W),35926581,HANDICAP,261032465,Handicap,12543370,GWS (W),-44.5,LOSER,0,96,GWS (W),v West Coast (W),12,54,42,1.01,,,1.01,,,1.01,,,,
2026-08-16 00:00:00.000 Z,Women's AFL/GWS (W) v West Coast (W),35926581,HANDICAP,261032465,Handicap,26814174,West Coast (W),-44.5,LOSER,0,96,GWS (W),v West Coast (W),12,54,42,1.01,,,1.01,,,1.01,,,,
2026-08-16 00:00:00.000 Z,Women's AFL/GWS (W) v West Coast (W),35926581,HANDICAP,261032465,Handicap,26814174,West Coast (W),-43.5,LOSER,0,96,GWS (W),v West Coast (W),12,54,42,1.01,,,1.01,,,1.01,,,,
2026-08-16 00:00:00.000 Z,Women's AFL/GWS (W) v West Coast (W),35926581,HANDICAP,261032465,Handicap,12543370,GWS (W),-43.5,LOSER,0,96,GWS (W),v West Coast (W),12,54,42,1.01,,,1.01,,,1.01,,,,
2026-08-16 00:00:00.000 Z,Women's AFL/GWS (W) v West Coast (W),35926581,HANDICAP,261032465,Handicap,26814174,West Coast (W),-42.5,LOSER,0,96,GWS (W),v West Coast (W),12,54,42,1.01,,,1.01,,,1.01,,,,
2026-08-16 00:00:00.000 Z,Women's AFL/GWS (W) v West Coast (W),35926581,HANDICAP,261032465,Handicap,12543370,GWS (W),-42.5,LOSER,0,96,GWS (W),v West Coast (W),12,54,42,1.01,,,1.01,,,1.01,,,,
2026-08-16 00:00:00.000 Z,Women's AFL/GWS (W) v West Coast (W),35926581,HANDICAP,261032465,Handicap,12543370,GWS (W),-41.5,LOSER,0,96,GWS (W),v West Coast (W),12,54,42,1.01,,,1.01,,,1.01,,,,
2026-08-16 00:00:00.000 Z,Women's AFL/GWS (W) v West Coast (W),35926581,HANDICAP,261032465,Handicap,26814174,West Coast (W),-41.5,LOSER,0,96,GWS (W),v West Coast (W),12,54,42,1.01,,,1.01,,,1.01,,,,
2026-08-16 00:00:00.000 Z,Women's AFL/GWS (W) v West Coast (W),35926581,HANDICAP,261032465,Handicap,26814174,West Coast (W),-40.5,LOSER,0,96,GWS (W),v West Coast (W),12,54,42,1.01,,,1.01,,,1.01,,,,
2026-08-16 00:00:00.000 Z,Women's AFL/GWS (W) v West Coast (W),35926581,HANDICAP,261032465,Handicap,12543370,GWS (W),-40.5,LOSER,0,96,GWS (W),v West Coast (W),12,54,42,1.01,,,1.01,,,1.01,,,,
2026-08-16 00:00:00.000 Z,Women's AFL/GWS (W) v West Coast (W),35926581,HANDICAP,261032465,Handicap,26814174,West Coast (W),-39.5,LOSER,0,96,GWS (W),v West Coast (W),12,54,42,1.01,,,1.01,,,1.01,,,,
2026-08-16 00:00:00.000 Z,Women's AFL/GWS (W) v West Coast (W),35926581,HANDICAP,261032465,Handicap,12543370,GWS (W),-39.5,LOSER,0,96,GWS (W),v West Coast (W),12,54,42,1.01,,,1.01,,,1.01,,,,
2026-08-16 00:00:00.000 Z,Women's AFL/GWS (W) v West Coast (W),35926581,HANDICAP,261032465,Handicap,26814174,West Coast (W),-38.5,LOSER,0,96,GWS (W),v West Coast (W),12,54,42,1.01,,,1.01,,,1.01,,,,
2026-08-16 00:00:00.000 Z,Women's AFL/GWS (W) v West Coast (W),35926581,HANDICAP,261032465,Handicap,12543370,GWS (W),-38.5,LOSER,0,96,GWS (W),v West Coast (W),12,54,42,1.01,,,1.01,,,1.01,,,,
2026-08-16 00:00:00.000 Z,Women's AFL/GWS (W) v West Coast (W),35926581,HANDICAP,261032465,Handicap,26814174,West Coast (W),-37.5,LOSER,0,96,GWS (W),v West Coast (W),12,54,42,1.01,,,1.01,,,1.01,,,,
2026-08-16 00:00:00.000 Z,Women's AFL/GWS (W) v West Coast (W),35926581,HANDICAP,261032465,Handicap,12543370,GWS (W),-37.5,LOSER,0,96,GWS (W),v West Coast (W),12,54,42,1.01,,,1.01,,,1.01,,,,
2026-08-16 00:00:00.000 Z,Women's AFL/GWS (W) v West Coast (W),35926581,HANDICAP,261032465,Handicap,26814174,West Coast (W),-36.5,LOSER,0,96,GWS (W),v West Coast (W),12,54,42,1.01,,,1.01,,,1.01,,,,
2026-08-16 00:00:00.000 Z,Women's AFL/GWS (W) v West Coast (W),35926581,HANDICAP,261032465,Handicap,12543370,GWS (W),-36.5,LOSER,0,96,GWS (W),v West Coast (W),12,54,42,1.01,,,1.01,,,1.01,,,,
2026-08-16 00:00:00.000 Z,Women's AFL/GWS (W) v West Coast (W),35926581,HANDICAP,261032465,Handicap,12543370,GWS (W),-35.5,LOSER,0,96,GWS (W),v West Coast (W),12,54,42,1.01,,,1.01,,,1.01,,,,
2026-08-16 00:00:00.000 Z,Women's AFL/GWS (W) v West Coast (W),35926581,HANDICAP,261032465,Handicap,26814174,West Coast (W),-35.5,LOSER,0,96,GWS (W),v West Coast (W),12,54,42,1.01,,,1.01,,,1.01,,,,
2026-08-16 00:00:00.000 Z,Women's AFL/GWS (W) v West Coast (W),35926581,HANDICAP,261032465,Handicap,12543370,GWS (W),-34.5,LOSER,0,96,GWS (W),v West Coast (W),12,54,42,1.01,,,1.01,,,1.01,,,,
2026-08-16 00:00:00.000 Z,Women's AFL/GWS (W) v West Coast (W),35926581,HANDICAP,261032465,Handicap,26814174,West Coast (W),-34.5,LOSER,0,96,GWS (W),v West Coast (W),12,54,42,1.01,,,1.01,,,1.01,,,,
2026-08-16 00:00:00.000 Z,Women's AFL/GWS (W) v West Coast (W),35926581,HANDICAP,261032465,Handicap,26814174,West Coast (W),-33.5,LOSER,0,96,GWS (W),v West Coast (W),12,54,42,1.01,,,1.01,,,1.01,,,,
2026-08-16 00:00:00.000 Z,Women's AFL/GWS (W) v West Coast (W),35926581,HANDICAP,261032465,Handicap,12543370,GWS (W),-33.5,LOSER,0,96,GWS (W),v West Coast (W),12,54,42,1.01,,,1.01,,,1.01,,,,
2026-08-16 00:00:00.000 Z,Women's AFL/GWS (W) v West Coast (W),35926581,HANDICAP,261032465,Handicap,26814174,West Coast (W),-32.5,LOSER,0,96,GWS (W),v West Coast (W),12,54,42,1.01,,,1.01,,,1.01,,,,
2026-08-16 00:00:00.000 Z,Women's AFL/GWS (W) v West Coast (W),35926581,HANDICAP,261032465,Handicap,12543370,GWS (W),-32.5,LOSER,0,96,GWS (W),v West Coast (W),12,54,42,1.01,,,1.01,,,1.01,,,,
2026-08-16 00:00:00.000 Z,Women's AFL/GWS (W) v West Coast (W),35926581,HANDICAP,261032465,Handicap,12543370,GWS (W),-31.5,LOSER,0,96,GWS (W),v West Coast (W),12,54,42,1.01,,,1.01,,,1.01,,,,
2026-08-16 00:00:00.000 Z,Women's AFL/GWS (W) v West Coast (W),35926581,HANDICAP,261032465,Handicap,26814174,West Coast (W),-31.5,LOSER,0,96,GWS (W),v West Coast (W),12,54,42,1.01,,,1.01,,,1.01,,,,
2026-08-16 00:00:00.000 Z,Women's AFL/GWS (W) v West Coast (W),35926581,HANDICAP,261032465,Handicap,12543370,GWS (W),-30.5,LOSER,0,96,GWS (W),v West Coast (W),12,54,42,1.01,,,1.01,,,1.01,,,,
2026-08-16 00:00:00.000 Z,Women's AFL/GWS (W) v West Coast (W),35926581,HANDICAP,261032465,Handicap,26814174,West Coast (W),-30.5,LOSER,0,96,GWS (W),v West Coast (W),12,54,42,1.01,,,1.01,,,1.01,,,,
2026-08-16 00:00:00.000 Z,Women's AFL/GWS (W) v West Coast (W),35926581,HANDICAP,261032465,Handicap,12543370,GWS (W),-29.5,LOSER,0,96,GWS (W),v West Coast (W),12,54,42,1.01,,,1.01,,,1.01,,,,
2026-08-16 00:00:00.000 Z,Women's AFL/GWS (W) v West Coast (W),35926581,HANDICAP,261032465,Handicap,26814174,West Coast (W),-29.5,LOSER,0,96,GWS (W),v West Coast (W),12,54,42,1.01,,,1.01,,,1.01,,,,
2026-08-16 00:00:00.000 Z,Women's AFL/GWS (W) v West Coast (W),35926581,HANDICAP,261032465,Handicap,26814174,West Coast (W),-28.5,LOSER,0,96,GWS (W),v West Coast (W),12,54,42,1.01,,,1.01,,,1.01,,,,
2026-08-16 00:00:00.000 Z,Women's AFL/GWS (W) v West Coast (W),35926581,HANDICAP,261032465,Handicap,12543370,GWS (W),-28.5,LOSER,0,96,GWS (W),v West Coast (W),12,54,42,1.01,,,1.01,,,1.01,,,,
2026-08-16 00:00:00.000 Z,Women's AFL/GWS (W) v West Coast (W),35926581,HANDICAP,261032465,Handicap,26814174,West Coast (W),-27.5,LOSER,0,96,GWS (W),v West Coast (W),12,54,42,1.01,,,1.01,,,1.01,,,,
2026-08-16 00:00:00.000 Z,Women's AFL/GWS (W) v West Coast (W),35926581,HANDICAP,261032465,Handicap,12543370,GWS (W),-27.5,LOSER,0,96,GWS (W),v West Coast (W),12,54,42,1.01,,,1.01,,,1.01,,,,
2026-08-16 00:00:00.000 Z,Women's AFL/GWS (W) v West Coast (W),35926581,HANDICAP,261032465,Handicap,26814174,West Coast (W),-26.5,LOSER,0,96,GWS (W),v West Coast (W),12,54,42,1.01,,,1.01,,,1.01,,,,
2026-08-16 00:00:00.000 Z,Women's AFL/GWS (W) v West Coast (W),35926581,HANDICAP,261032465,Handicap,12543370,GWS (W),-26.5,LOSER,0,96,GWS (W),v West Coast (W),12,54,42,1.01,,,1.01,,,1.01,,,,
2026-08-16 00:00:00.000 Z,Women's AFL/GWS (W) v West Coast (W),35926581,HANDICAP,261032465,Handicap,12543370,GWS (W),-25.5,LOSER,0,96,GWS (W),v West Coast (W),12,54,42,1.01,,,1.01,,,1.01,,,,
2026-08-16 00:00:00.000 Z,Women's AFL/GWS (W) v West Coast (W),35926581,HANDICAP,261032465,Handicap,26814174,West Coast (W),-25.5,LOSER,0,96,GWS (W),v West Coast (W),12,54,42,1.01,,,1.01,,,1.01,,,,
2026-08-16 00:00:00.000 Z,Women's AFL/GWS (W) v West Coast (W),35926581,HANDICAP,261032465,Handicap,12543370,GWS (W),-24.5,LOSER,0,96,GWS (W),v West Coast (W),12,54,42,1.01,,,1.01,,,1.01,,,,
2026-08-16 00:00:00.000 Z,Women's AFL/GWS (W) v West Coast (W),35926581,HANDICAP,261032465,Handicap,26814174,West Coast (W),-24.5,LOSER,0,96,GWS (W),v West Coast (W),12,54,42,1.01,,,1.01,,,1.01,,,,
2026-08-16 00:00:00.000 Z,Women's AFL/GWS (W) v West Coast (W),35926581,HANDICAP,261032465,Handicap,12543370,GWS (W),-23.5,LOSER,0,96,GWS (W),v West Coast (W),12,54,42,1.01,,,1.01,,,1.01,,,,
2026-08-16 00:00:00.000 Z,Women's AFL/GWS (W) v West Coast (W),35926581,HANDICAP,261032465,Handicap,26814174,West Coast (W),-23.5,LOSER,0,96,GWS (W),v West Coast (W),12,54,42,1.01,,,1.01,,,1.01,,,,
2026-08-16 00:00:00.000 Z,Women's AFL/GWS (W) v West Coast (W),35926581,HANDICAP,261032465,Handicap,12543370,GWS (W),-22.5,LOSER,0,96,GWS (W),v West Coast (W),12,54,42,1.01,,,1.01,,,1.01,,,,
2026-08-16 00:00:00.000 Z,Women's AFL/GWS (W) v West Coast (W),35926581,HANDICAP,261032465,Handicap,26814174,West Coast (W),-22.5,LOSER,0,96,GWS (W),v West Coast (W),12,54,42,1.01,,,1.01,,,1.01,,,,
2026-08-16 00:00:00.000 Z,Women's AFL/GWS (W) v West Coast (W),35926581,HANDICAP,261032465,Handicap,12543370,GWS (W),-21.5,LOSER,0,96,GWS (W),v West Coast (W),12,54,42,1.01,,,1.01,,,1.01,,,,
2026-08-16 00:00:00.000 Z,Women's AFL/GWS (W) v West Coast (W),35926581,HANDICAP,261032465,Handicap,26814174,West Coast (W),-21.5,LOSER,0,96,GWS (W),v West Coast (W),12,54,42,2,,,2,,,2,,,,
2026-08-16 00:00:00.000 Z,Women's AFL/GWS (W) v West Coast (W),35926581,HANDICAP,261032465,Handicap,12543370,GWS (W),-20.5,LOSER,0,96,GWS (W),v West Coast (W),12,54,42,1.01,,,1.01,,,1.01,,,,
2026-08-16 00:00:00.000 Z,Women's AFL/GWS (W) v West Coast (W),35926581,HANDICAP,261032465,Handicap,26814174,West Coast (W),-20.5,LOSER,0,96,GWS (W),v West Coast (W),12,54,42,1.01,,,2,,,2,,,,
2026-08-16 00:00:00.000 Z,Women's AFL/GWS (W) v West Coast (W),35926581,HANDICAP,261032465,Handicap,12543370,GWS (W),-19.5,LOSER,0,96,GWS (W),v West Coast (W),12,54,42,1.01,,,1.01,,,1.01,,,,
2026-08-16 00:00:00.000 Z,Women's AFL/GWS (W) v West Coast (W),35926581,HANDICAP,261032465,Handicap,26814174,West Coast (W),-19.5,LOSER,0,96,GWS (W),v West Coast (W),12,54,42,1.01,,,1.01,,,1.01,,,,
2026-08-16 00:00:00.000 Z,Women's AFL/GWS (W) v West Coast (W),35926581,HANDICAP,261032465,Handicap,12543370,GWS (W),-18.5,LOSER,0,96,GWS (W),v West Coast (W),12,54,42,1.01,,,1.01,,,1.01,,,,
2026-08-16 00:00:00.000 Z,Women's AFL/GWS (W) v West Coast (W),35926581,HANDICAP,261032465,Handicap,26814174,West Coast (W),-18.5,LOSER,0,96,GWS (W),v West Coast (W),12,54,42,1.01,,,1.01,,,1.01,,,,
2026-08-16 00:00:00.000 Z,Women's AFL/GWS (W) v West Coast (W),35926581,HANDICAP,261032465,Handicap,12543370,GWS (W),-17.5,LOSER,0,96,GWS (W),v West Coast (W),12,54,42,2.5,,,2.5,,,2.5,,,,
2026-08-16 00:00:00.000 Z,Women's AFL/GWS (W) v West Coast (W),35926581,HANDICAP,261032465,Handicap,26814174,West Coast (W),-17.5,LOSER,0,96,GWS (W),v West Coast (W),12,54,42,2.04,,,2.04,,,2.04,,,,
2026-08-16 00:00:00.000 Z,Women's AFL/GWS (W) v West Coast (W),35926581,HANDICAP,261032465,Handicap,26814174,West Coast (W),-16.5,LOSER,0,96,GWS (W),v West Coast (W),12,54,42,1.01,,,1.01,,,1.01,,,,
2026-08-16 00:00:00.000 Z,Women's AFL/GWS (W) v West Coast (W),35926581,HANDICAP,261032465,Handicap,12543370,GWS (W),-16.5,LOSER,0,96,GWS (W),v West Coast (W),12,54,42,2.02,,,2.02,,,2.02,,,,
2026-08-16 00:00:00.000 Z,Women's AFL/GWS (W) v West Coast (W),35926581,HANDICAP,261032465,Handicap,26814174,West Coast (W),-15.5,LOSER,0,96,GWS (W),v West Coast (W),12,54,42,1.01,,,1.01,,,1.01,,,,
2026-08-16 00:00:00.000 Z,Women's AFL/GWS (W) v West Coast (W),35926581,HANDICAP,261032465,Handicap,12543370,GWS (W),-15.5,LOSER,0,96,GWS (W),v West Coast (W),12,54,42,1.01,,,1.01,,,1.01,,,,
2026-08-16 00:00:00.000 Z,Women's AFL/GWS (W) v West Coast (W),35926581,HANDICAP,261032465,Handicap,26814174,West Coast (W),-14.5,LOSER,0,96,GWS (W),v West Coast (W),12,54,42,1.01,,,1.01,,,1.01,,,,
2026-08-16 00:00:00.000 Z,Women's AFL/GWS (W) v West Coast (W),35926581,HANDICAP,261032465,Handicap,12543370,GWS (W),-14.5,LOSER,0,96,GWS (W),v West Coast (W),12,54,42,1.01,,,1.01,,,1.01,,,,
2026-08-16 00:00:00.000 Z,Women's AFL/GWS (W) v West Coast (W),35926581,HANDICAP,261032465,Handicap,26814174,West Coast (W),-13.5,LOSER,0,96,GWS (W),v West Coast (W),12,54,42,2.1,,,2.06,,,1.01,,,,
2026-08-16 00:00:00.000 Z,Women's AFL/GWS (W) v West Coast (W),35926581,HANDICAP,261032465,Handicap,12543370,GWS (W),-13.5,LOSER,0,96,GWS (W),v West Coast (W),12,54,42,1.01,,,1.01,,,1.01,,,,
2026-08-16 00:00:00.000 Z,Women's AFL/GWS (W) v West Coast (W),35926581,HANDICAP,261032465,Handicap,26814174,West Coast (W),-12.5,LOSER,0,96,GWS (W),v West Coast (W),12,54,42,2.04,,,2.08,,,2.16,,,,
2026-08-16 00:00:00.000 Z,Women's AFL/GWS (W) v West Coast (W),35926581,HANDICAP,261032465,Handicap,12543370,GWS (W),-12.5,LOSER,0,96,GWS (W),v West Coast (W),12,54,42,1.01,,,1.01,,,1.01,,,,
2026-08-16 00:00:00.000 Z,Women's AFL/GWS (W) v West Coast (W),35926581,HANDICAP,261032465,Handicap,26814174,West Coast (W),-11.5,LOSER,0,96,GWS (W),v West Coast (W),12,54,42,1.98,,,2.02,,,2.08,,,,
2026-08-16 00:00:00.000 Z,Women's AFL/GWS (W) v West Coast (W),35926581,HANDICAP,261032465,Handicap,12543370,GWS (W),-11.5,WINNER,1,96,GWS (W),v West Coast (W),12,54,42,1.01,,,2,,,2.2,,,,
2026-08-16 00:00:00.000 Z,Women's AFL/GWS (W) v West Coast (W),35926581,HANDICAP,261032465,Handicap,26814174,West Coast (W),-10.5,LOSER,0,96,GWS (W),v West Coast (W),12,54,42,1.62,,,1.96,,,2.02,,,,
2026-08-16 00:00:00.000 Z,Women's AFL/GWS (W) v West Coast (W),35926581,HANDICAP,261032465,Handicap,12543370,GWS (W),-10.5,WINNER,1,96,GWS (W),v West Coast (W),12,54,42,1.01,,,1.01,,,2,,,,
2026-08-16 00:00:00.000 Z,Women's AFL/GWS (W) v West Coast (W),35926581,HANDICAP,261032465,Handicap,26814174,West Coast (W),-9.5,LOSER,0,96,GWS (W),v West Coast (W),12,54,42,1.61,,,1.61,,,1.62,,,,
2026-08-16 00:00:00.000 Z,Women's AFL/GWS (W) v West Coast (W),35926581,HANDICAP,261032465,Handicap,12543370,GWS (W),-9.5,WINNER,1,96,GWS (W),v West Coast (W),12,54,42,1.01,,,1.01,,,2,,,,
2026-08-16 00:00:00.000 Z,Women's AFL/GWS (W) v West Coast (W),35926581,HANDICAP,261032465,Handicap,26814174,West Coast (W),-8.5,LOSER,0,96,GWS (W),v West Coast (W),12,54,42,1.6,,,1.6,,,2.02,,,,
2026-08-16 00:00:00.000 Z,Women's AFL/GWS (W) v West Coast (W),35926581,HANDICAP,261032465,Handicap,12543370,GWS (W),-8.5,WINNER,1,96,GWS (W),v West Coast (W),12,54,42,1.01,,,1.01,,,1.01,,,,
2026-08-16 00:00:00.000 Z,Women's AFL/GWS (W) v West Coast (W),35926581,HANDICAP,261032465,Handicap,26814174,West Coast (W),-7.5,LOSER,0,96,GWS (W),v West Coast (W),12,54,42,1.59,,,1.59,,,1.95,,,,
2026-08-16 00:00:00.000 Z,Women's AFL/GWS (W) v West Coast (W),35926581,HANDICAP,261032465,Handicap,12543370,GWS (W),-7.5,WINNER,1,96,GWS (W),v West Coast (W),12,54,42,1.01,,,1.01,,,1.01,,,17.44,
2026-08-16 00:00:00.000 Z,Women's AFL/GWS (W) v West Coast (W),35926581,HANDICAP,261032465,Handicap,26814174,West Coast (W),-6.5,LOSER,0,96,GWS (W),v West Coast (W),12,54,42,1.55,,,1.55,,,1.59,,,,
2026-08-16 00:00:00.000 Z,Women's AFL/GWS (W) v West Coast (W),35926581,HANDICAP,261032465,Handicap,12543370,GWS (W),-6.5,WINNER,1,96,GWS (W),v West Coast (W),12,54,42,1.01,,,1.01,,,1.01,,,3.82,
2026-08-16 00:00:00.000 Z,Women's AFL/GWS (W) v West Coast (W),35926581,HANDICAP,261032465,Handicap,26814174,West Coast (W),-5.5,LOSER,0,96,GWS (W),v West Coast (W),12,54,42,1.51,,,1.51,,,1.58,,,,
2026-08-16 00:00:00.000 Z,Women's AFL/GWS (W) v West Coast (W),35926581,HANDICAP,261032465,Handicap,12543370,GWS (W),-5.5,WINNER,1,96,GWS (W),v West Coast (W),12,54,42,1.01,,,1.01,,,1.01,,,,
2026-08-16 00:00:00.000 Z,Women's AFL/GWS (W) v West Coast (W),35926581,HANDICAP,261032465,Handicap,26814174,West Coast (W),-4.5,LOSER,0,96,GWS (W),v West Coast (W),12,54,42,1.47,,,1.47,,,1.54,,,,
2026-08-16 00:00:00.000 Z,Women's AFL/GWS (W) v West Coast (W),35926581,HANDICAP,261032465,Handicap,12543370,GWS (W),-4.5,WINNER,1,96,GWS (W),v West Coast (W),12,54,42,1.01,,,1.01,,,1.01,,,,
2026-08-16 00:00:00.000 Z,Women's AFL/GWS (W) v West Coast (W),35926581,HANDICAP,261032465,Handicap,26814174,West Coast (W),-3.5,LOSER,0,96,GWS (W),v West Coast (W),12,54,42,1.43,,,1.43,,,1.5,,,,
2026-08-16 00:00:00.000 Z,Women's AFL/GWS (W) v West Coast (W),35926581,HANDICAP,261032465,Handicap,12543370,GWS (W),-3.5,WINNER,1,96,GWS (W),v West Coast (W),12,54,42,1.01,,,1.01,,,1.01,,,,
2026-08-16 00:00:00.000 Z,Women's AFL/GWS (W) v West Coast (W),35926581,HANDICAP,261032465,Handicap,26814174,West Coast (W),-2.5,LOSER,0,96,GWS (W),v West Coast (W),12,54,42,1.39,,,1.39,,,1.46,,,,
2026-08-16 00:00:00.000 Z,Women's AFL/GWS (W) v West Coast (W),35926581,HANDICAP,261032465,Handicap,12543370,GWS (W),-2.5,WINNER,1,96,GWS (W),v West Coast (W),12,54,42,1.01,,,1.01,,,1.01,,,,
2026-08-16 00:00:00.000 Z,Women's AFL/GWS (W) v West Coast (W),35926581,HANDICAP,261032465,Handicap,26814174,West Coast (W),-1.5,LOSER,0,96,GWS (W),v West Coast (W),12,54,42,1.35,,,1.35,,,1.42,,,,
2026-08-16 00:00:00.000 Z,Women's AFL/GWS (W) v West Coast (W),35926581,HANDICAP,261032465,Handicap,12543370,GWS (W),-1.5,WINNER,1,96,GWS (W),v West Coast (W),12,54,42,1.01,,,1.01,,,1.01,,,,
2026-08-16 00:00:00.000 Z,Women's AFL/GWS (W) v West Coast (W),35926581,HANDICAP,261032465,Handicap,26814174,West Coast (W),-0.5,LOSER,0,96,GWS (W),v West Coast (W),12,54,42,1.32,,,1.32,,,1.38,,,,
2026-08-16 00:00:00.000 Z,Women's AFL/GWS (W) v West Coast (W),35926581,HANDICAP,261032465,Handicap,12543370,GWS (W),-0.5,WINNER,1,96,GWS (W),v West Coast (W),12,54,42,1.01,,,1.01,,,1.01,,,,
2026-08-16 00:00:00.000 Z,Women's AFL/GWS (W) v West Coast (W),35926581,HANDICAP,261032465,Handicap,26814174,West Coast (W),0.5,LOSER,0,96,GWS (W),v West Coast (W),12,54,42,1.31,,,1.31,,,1.37,,,,
2026-08-16 00:00:00.000 Z,Women's AFL/GWS (W) v West Coast (W),35926581,HANDICAP,261032465,Handicap,12543370,GWS (W),0.5,WINNER,1,96,GWS (W),v West Coast (W),12,54,42,1.01,,,1.01,,,1.01,,,,
2026-08-16 00:00:00.000 Z,Women's AFL/GWS (W) v West Coast (W),35926581,HANDICAP,261032465,Handicap,26814174,West Coast (W),1.5,LOSER,0,96,GWS (W),v West Coast (W),12,54,42,1.28,,,1.28,,,1.34,,,,
2026-08-16 00:00:00.000 Z,Women's AFL/GWS (W) v West Coast (W),35926581,HANDICAP,261032465,Handicap,12543370,GWS (W),1.5,WINNER,1,96,GWS (W),v West Coast (W),12,54,42,1.01,,,1.01,,,1.01,,,,
2026-08-16 00:00:00.000 Z,Women's AFL/GWS (W) v West Coast (W),35926581,HANDICAP,261032465,Handicap,26814174,West Coast (W),2.5,LOSER,0,96,GWS (W),v West Coast (W),12,54,42,1.25,,,1.25,,,1.31,,,,
2026-08-16 00:00:00.000 Z,Women's AFL/GWS (W) v West Coast (W),35926581,HANDICAP,261032465,Handicap,12543370,GWS (W),2.5,WINNER,1,96,GWS (W),v West Coast (W),12,54,42,1.01,,,1.01,,,1.01,,,,
2026-08-16 00:00:00.000 Z,Women's AFL/GWS (W) v West Coast (W),35926581,HANDICAP,261032465,Handicap,26814174,West Coast (W),3.5,LOSER,0,96,GWS (W),v West Coast (W),12,54,42,1.23,,,1.23,,,1.28,,,,
2026-08-16 00:00:00.000 Z,Women's AFL/GWS (W) v West Coast (W),35926581,HANDICAP,261032465,Handicap,12543370,GWS (W),3.5,WINNER,1,96,GWS (W),v West Coast (W),12,54,42,1.01,,,1.01,,,1.01,,,,
2026-08-16 00:00:00.000 Z,Women's AFL/GWS (W) v West Coast (W),35926581,HANDICAP,261032465,Handicap,26814174,West Coast (W),4.5,LOSER,0,96,GWS (W),v West Coast (W),12,54,42,1.21,,,1.21,,,1.25,,,,
2026-08-16 00:00:00.000 Z,Women's AFL/GWS (W) v West Coast (W),35926581,HANDICAP,261032465,Handicap,12543370,GWS (W),4.5,WINNER,1,96,GWS (W),v West Coast (W),12,54,42,1.01,,,1.01,,,1.01,,,,
2026-08-16 00:00:00.000 Z,Women's AFL/GWS (W) v West Coast (W),35926581,HANDICAP,261032465,Handicap,26814174,West Coast (W),5.5,LOSER,0,96,GWS (W),v West Coast (W),12,54,42,1.18,,,1.18,,,1.22,,,,
2026-08-16 00:00:00.000 Z,Women's AFL/GWS (W) v West Coast (W),35926581,HANDICAP,261032465,Handicap,12543370,GWS (W),5.5,WINNER,1,96,GWS (W),v West Coast (W),12,54,42,1.01,,,1.01,,,1.01,,,,
2026-08-16 00:00:00.000 Z,Women's AFL/GWS (W) v West Coast (W),35926581,HANDICAP,261032465,Handicap,26814174,West Coast (W),6.5,LOSER,0,96,GWS (W),v West Coast (W),12,54,42,1.16,,,1.16,,,1.2,,,,
2026-08-16 00:00:00.000 Z,Women's AFL/GWS (W) v West Coast (W),35926581,HANDICAP,261032465,Handicap,12543370,GWS (W),6.5,WINNER,1,96,GWS (W),v West Coast (W),12,54,42,1.01,,,1.01,,,1.62,,,,
2026-08-16 00:00:00.000 Z,Women's AFL/GWS (W) v West Coast (W),35926581,HANDICAP,261032465,Handicap,26814174,West Coast (W),7.5,LOSER,0,96,GWS (W),v West Coast (W),12,54,42,1.14,,,1.14,,,1.18,,,,
2026-08-16 00:00:00.000 Z,Women's AFL/GWS (W) v West Coast (W),35926581,HANDICAP,261032465,Handicap,12543370,GWS (W),7.5,WINNER,1,96,GWS (W),v West Coast (W),12,54,42,1.62,,,1.62,,,1.61,,,,
2026-08-16 00:00:00.000 Z,Women's AFL/GWS (W) v West Coast (W),35926581,HANDICAP,261032465,Handicap,26814174,West Coast (W),8.5,LOSER,0,96,GWS (W),v West Coast (W),12,54,42,1.12,,,1.12,,,1.16,,,,
2026-08-16 00:00:00.000 Z,Women's AFL/GWS (W) v West Coast (W),35926581,HANDICAP,261032465,Handicap,12543370,GWS (W),8.5,WINNER,1,96,GWS (W),v West Coast (W),12,54,42,1.61,,,1.61,,,1.6,,,,
2026-08-16 00:00:00.000 Z,Women's AFL/GWS (W) v West Coast (W),35926581,HANDICAP,261032465,Handicap,26814174,West Coast (W),9.5,LOSER,0,96,GWS (W),v West Coast (W),12,54,42,1.11,,,1.11,,,1.14,,,,
2026-08-16 00:00:00.000 Z,Women's AFL/GWS (W) v West Coast (W),35926581,HANDICAP,261032465,Handicap,12543370,GWS (W),9.5,WINNER,1,96,GWS (W),v West Coast (W),12,54,42,1.6,,,1.6,,,1.59,,,,
2026-08-16 00:00:00.000 Z,Women's AFL/GWS (W) v West Coast (W),35926581,HANDICAP,261032465,Handicap,26814174,West Coast (W),10.5,LOSER,0,96,GWS (W),v West Coast (W),12,54,42,1.1,,,1.1,,,1.12,,,,
2026-08-16 00:00:00.000 Z,Women's AFL/GWS (W) v West Coast (W),35926581,HANDICAP,261032465,Handicap,12543370,GWS (W),10.5,WINNER,1,96,GWS (W),v West Coast (W),12,54,42,1.59,,,1.59,,,1.56,,,,
2026-08-16 00:00:00.000 Z,Women's AFL/GWS (W) v West Coast (W),35926581,HANDICAP,261032465,Handicap,26814174,West Coast (W),11.5,LOSER,0,96,GWS (W),v West Coast (W),12,54,42,1.09,,,1.09,,,1.11,,,,
2026-08-16 00:00:00.000 Z,Women's AFL/GWS (W) v West Coast (W),35926581,HANDICAP,261032465,Handicap,12543370,GWS (W),11.5,WINNER,1,96,GWS (W),v West Coast (W),12,54,42,1.56,,,1.56,,,1.52,,,,
2026-08-16 00:00:00.000 Z,Women's AFL/GWS (W) v West Coast (W),35926581,HANDICAP,261032465,Handicap,26814174,West Coast (W),12.5,WINNER,1,96,GWS (W),v West Coast (W),12,54,42,1.08,,,1.08,,,1.1,,,,
2026-08-16 00:00:00.000 Z,Women's AFL/GWS (W) v West Coast (W),35926581,HANDICAP,261032465,Handicap,12543370,GWS (W),12.5,WINNER,1,96,GWS (W),v West Coast (W),12,54,42,1.52,,,1.52,,,1.48,,,,
2026-08-16 00:00:00.000 Z,Women's AFL/GWS (W) v West Coast (W),35926581,HANDICAP,261032465,Handicap,12543370,GWS (W),13.5,WINNER,1,96,GWS (W),v West Coast (W),12,54,42,1.48,,,1.48,,,1.44,,,,
2026-08-16 00:00:00.000 Z,Women's AFL/GWS (W) v West Coast (W),35926581,HANDICAP,261032465,Handicap,26814174,West Coast (W),13.5,WINNER,1,96,GWS (W),v West Coast (W),12,54,42,1.07,,,1.07,,,1.09,,,,
2026-08-16 00:00:00.000 Z,Women's AFL/GWS (W) v West Coast (W),35926581,HANDICAP,261032465,Handicap,12543370,GWS (W),14.5,WINNER,1,96,GWS (W),v West Coast (W),12,54,42,1.44,,,1.44,,,1.4,,,,
2026-08-16 00:00:00.000 Z,Women's AFL/GWS (W) v West Coast (W),35926581,HANDICAP,261032465,Handicap,26814174,West Coast (W),14.5,WINNER,1,96,GWS (W),v West Coast (W),12,54,42,1.06,,,1.06,,,1.08,,,,
2026-08-16 00:00:00.000 Z,Women's AFL/GWS (W) v West Coast (W),35926581,HANDICAP,261032465,Handicap,12543370,GWS (W),15.5,WINNER,1,96,GWS (W),v West Coast (W),12,54,42,1.4,,,1.4,,,1.37,,,,
2026-08-16 00:00:00.000 Z,Women's AFL/GWS (W) v West Coast (W),35926581,HANDICAP,261032465,Handicap,26814174,West Coast (W),15.5,WINNER,1,96,GWS (W),v West Coast (W),12,54,42,1.05,,,1.05,,,1.07,,,,
2026-08-16 00:00:00.000 Z,Women's AFL/GWS (W) v West Coast (W),35926581,HANDICAP,261032465,Handicap,26814174,West Coast (W),16.5,WINNER,1,96,GWS (W),v West Coast (W),12,54,42,1.04,2,,1.04,2,,1.06,2,,,
2026-08-16 00:00:00.000 Z,Women's AFL/GWS (W) v West Coast (W),35926581,HANDICAP,261032465,Handicap,12543370,GWS (W),16.5,WINNER,1,96,GWS (W),v West Coast (W),12,54,42,1.38,,,1.38,,,1.34,,,,
2026-08-16 00:00:00.000 Z,Women's AFL/GWS (W) v West Coast (W),35926581,HANDICAP,261032465,Handicap,12543370,GWS (W),17.5,WINNER,1,96,GWS (W),v West Coast (W),12,54,42,1.34,,,1.34,,,1.31,,,,
2026-08-16 00:00:00.000 Z,Women's AFL/GWS (W) v West Coast (W),35926581,HANDICAP,261032465,Handicap,26814174,West Coast (W),17.5,WINNER,1,96,GWS (W),v West Coast (W),12,54,42,1.03,1.29,,1.03,1.29,,1.05,1.29,,,
2026-08-16 00:00:00.000 Z,Women's AFL/GWS (W) v West Coast (W),35926581,HANDICAP,261032465,Handicap,26814174,West Coast (W),18.5,WINNER,1,96,GWS (W),v West Coast (W),12,54,42,1.02,,,1.02,,,1.04,,,,
2026-08-16 00:00:00.000 Z,Women's AFL/GWS (W) v West Coast (W),35926581,HANDICAP,261032465,Handicap,12543370,GWS (W),18.5,WINNER,1,96,GWS (W),v West Coast (W),12,54,42,1.3,,,1.3,,,1.28,,,,
2026-08-16 00:00:00.000 Z,Women's AFL/GWS (W) v West Coast (W),35926581,HANDICAP,261032465,Handicap,26814174,West Coast (W),19.5,WINNER,1,96,GWS (W),v West Coast (W),12,54,42,1.01,,,1.01,,,1.03,,,,
2026-08-16 00:00:00.000 Z,Women's AFL/GWS (W) v West Coast (W),35926581,HANDICAP,261032465,Handicap,12543370,GWS (W),19.5,WINNER,1,96,GWS (W),v West Coast (W),12,54,42,1.27,,,1.27,,,1.25,,,,
2026-08-16 00:00:00.000 Z,Women's AFL/GWS (W) v West Coast (W),35926581,HANDICAP,261032465,Handicap,26814174,West Coast (W),20.5,WINNER,1,96,GWS (W),v West Coast (W),12,54,42,,,,,,,1.02,,,,
2026-08-16 00:00:00.000 Z,Women's AFL/GWS (W) v West Coast (W),35926581,HANDICAP,261032465,Handicap,12543370,GWS (W),20.5,WINNER,1,96,GWS (W),v West Coast (W),12,54,42,1.24,,,1.24,,,1.23,,,,
2026-08-16 00:00:00.000 Z,Women's AFL/GWS (W) v West Coast (W),35926581,HANDICAP,261032465,Handicap,12543370,GWS (W),21.5,WINNER,1,96,GWS (W),v West Coast (W),12,54,42,1.23,,,1.23,,,1.23,,,,
2026-08-16 00:00:00.000 Z,Women's AFL/GWS (W) v West Coast (W),35926581,HANDICAP,261032465,Handicap,26814174,West Coast (W),21.5,WINNER,1,96,GWS (W),v West Coast (W),12,54,42,,,,,,,1.01,,,,
2026-08-16 00:00:00.000 Z,Women's AFL/GWS (W) v West Coast (W),35926581,HANDICAP,261032465,Handicap,12543370,GWS (W),22.5,WINNER,1,96,GWS (W),v West Coast (W),12,54,42,1.21,,,1.21,,,1.21,,,,
2026-08-16 00:00:00.000 Z,Women's AFL/GWS (W) v West Coast (W),35926581,HANDICAP,261032465,Handicap,26814174,West Coast (W),22.5,WINNER,1,96,GWS (W),v West Coast (W),12,54,42,,,,,,,,,,,
2026-08-16 00:00:00.000 Z,Women's AFL/GWS (W) v West Coast (W),35926581,HANDICAP,261032465,Handicap,12543370,GWS (W),23.5,WINNER,1,96,GWS (W),v West Coast (W),12,54,42,1.18,,,1.18,,,1.17,,,,
2026-08-16 00:00:00.000 Z,Women's AFL/GWS (W) v West Coast (W),35926581,HANDICAP,261032465,Handicap,26814174,West Coast (W),23.5,WINNER,1,96,GWS (W),v West Coast (W),12,54,42,,,,,,,,,,,
2026-08-16 00:00:00.000 Z,Women's AFL/GWS (W) v West Coast (W),35926581,HANDICAP,261032465,Handicap,26814174,West Coast (W),24.5,WINNER,1,96,GWS (W),v West Coast (W),12,54,42,,,,,,,,,,,
2026-08-16 00:00:00.000 Z,Women's AFL/GWS (W) v West Coast (W),35926581,HANDICAP,261032465,Handicap,12543370,GWS (W),24.5,WINNER,1,96,GWS (W),v West Coast (W),12,54,42,1.16,,,1.16,,,1.15,,,,
2026-08-16 00:00:00.000 Z,Women's AFL/GWS (W) v West Coast (W),35926581,HANDICAP,261032465,Handicap,12543370,GWS (W),25.5,WINNER,1,96,GWS (W),v West Coast (W),12,54,42,1.14,,,1.14,,,1.13,,,,
2026-08-16 00:00:00.000 Z,Women's AFL/GWS (W) v West Coast (W),35926581,HANDICAP,261032465,Handicap,26814174,West Coast (W),25.5,WINNER,1,96,GWS (W),v West Coast (W),12,54,42,,,,,,,,,,,
2026-08-16 00:00:00.000 Z,Women's AFL/GWS (W) v West Coast (W),35926581,HANDICAP,261032465,Handicap,26814174,West Coast (W),26.5,WINNER,1,96,GWS (W),v West Coast (W),12,54,42,,,,,,,,,,,
2026-08-16 00:00:00.000 Z,Women's AFL/GWS (W) v West Coast (W),35926581,HANDICAP,261032465,Handicap,12543370,GWS (W),26.5,WINNER,1,96,GWS (W),v West Coast (W),12,54,42,1.12,,,1.12,,,1.11,,,,
2026-08-16 00:00:00.000 Z,Women's AFL/GWS (W) v West Coast (W),35926581,HANDICAP,261032465,Handicap,26814174,West Coast (W),27.5,WINNER,1,96,GWS (W),v West Coast (W),12,54,42,,,,,,,,,,,
2026-08-16 00:00:00.000 Z,Women's AFL/GWS (W) v West Coast (W),35926581,HANDICAP,261032465,Handicap,12543370,GWS (W),27.5,WINNER,1,96,GWS (W),v West Coast (W),12,54,42,1.11,,,1.11,,,1.1,,,,
2026-08-16 00:00:00.000 Z,Women's AFL/GWS (W) v West Coast (W),35926581,HANDICAP,261032465,Handicap,12543370,GWS (W),28.5,WINNER,1,96,GWS (W),v West Coast (W),12,54,42,1.1,,,1.1,,,1.09,,,,
2026-08-16 00:00:00.000 Z,Women's AFL/GWS (W) v West Coast (W),35926581,HANDICAP,261032465,Handicap,26814174,West Coast (W),28.5,WINNER,1,96,GWS (W),v West Coast (W),12,54,42,,,,,,,,,,,
2026-08-16 00:00:00.000 Z,Women's AFL/GWS (W) v West Coast (W),35926581,HANDICAP,261032465,Handicap,26814174,West Coast (W),29.5,WINNER,1,96,GWS (W),v West Coast (W),12,54,42,,,,,,,,,,,
2026-08-16 00:00:00.000 Z,Women's AFL/GWS (W) v West Coast (W),35926581,HANDICAP,261032465,Handicap,12543370,GWS (W),29.5,WINNER,1,96,GWS (W),v West Coast (W),12,54,42,1.09,,,1.09,,,1.08,,,,
2026-08-16 00:00:00.000 Z,Women's AFL/GWS (W) v West Coast (W),35926581,HANDICAP,261032465,Handicap,26814174,West Coast (W),30.5,WINNER,1,96,GWS (W),v West Coast (W),12,54,42,,,,,,,,,,,
2026-08-16 00:00:00.000 Z,Women's AFL/GWS (W) v West Coast (W),35926581,HANDICAP,261032465,Handicap,12543370,GWS (W),30.5,WINNER,1,96,GWS (W),v West Coast (W),12,54,42,1.08,,,1.08,,,1.07,,,,
2026-08-16 00:00:00.000 Z,Women's AFL/GWS (W) v West Coast (W),35926581,HANDICAP,261032465,Handicap,26814174,West Coast (W),31.5,WINNER,1,96,GWS (W),v West Coast (W),12,54,42,,,,,,,,,,,
2026-08-16 00:00:00.000 Z,Women's AFL/GWS (W) v West Coast (W),35926581,HANDICAP,261032465,Handicap,12543370,GWS (W),31.5,WINNER,1,96,GWS (W),v West Coast (W),12,54,42,1.07,,,1.07,,,1.06,,,,
2026-08-16 00:00:00.000 Z,Women's AFL/GWS (W) v West Coast (W),35926581,HANDICAP,261032465,Handicap,26814174,West Coast (W),32.5,WINNER,1,96,GWS (W),v West Coast (W),12,54,42,,,,,,,,,,,
2026-08-16 00:00:00.000 Z,Women's AFL/GWS (W) v West Coast (W),35926581,HANDICAP,261032465,Handicap,12543370,GWS (W),32.5,WINNER,1,96,GWS (W),v West Coast (W),12,54,42,1.06,,,1.06,,,1.05,,,,
2026-08-16 00:00:00.000 Z,Women's AFL/GWS (W) v West Coast (W),35926581,HANDICAP,261032465,Handicap,26814174,West Coast (W),33.5,WINNER,1,96,GWS (W),v West Coast (W),12,54,42,,,,,,,,,,,
2026-08-16 00:00:00.000 Z,Women's AFL/GWS (W) v West Coast (W),35926581,HANDICAP,261032465,Handicap,12543370,GWS (W),33.5,WINNER,1,96,GWS (W),v West Coast (W),12,54,42,1.05,,,1.05,,,1.04,,,,
2026-08-16 00:00:00.000 Z,Women's AFL/GWS (W) v West Coast (W),35926581,HANDICAP,261032465,Handicap,26814174,West Coast (W),34.5,WINNER,1,96,GWS (W),v West Coast (W),12,54,42,,,,,,,,,,,
2026-08-16 00:00:00.000 Z,Women's AFL/GWS (W) v West Coast (W),35926581,HANDICAP,261032465,Handicap,12543370,GWS (W),34.5,WINNER,1,96,GWS (W),v West Coast (W),12,54,42,1.04,,,1.04,,,1.03,,,,
2026-08-16 00:00:00.000 Z,Women's AFL/GWS (W) v West Coast (W),35926581,HANDICAP,261032465,Handicap,12543370,GWS (W),35.5,WINNER,1,96,GWS (W),v West Coast (W),12,54,42,1.03,,,1.03,,,1.02,,,,
2026-08-16 00:00:00.000 Z,Women's AFL/GWS (W) v West Coast (W),35926581,HANDICAP,261032465,Handicap,26814174,West Coast (W),35.5,WINNER,1,96,GWS (W),v West Coast (W),12,54,42,,,,,,,,,,,
2026-08-16 00:00:00.000 Z,Women's AFL/GWS (W) v West Coast (W),35926581,HANDICAP,261032465,Handicap,26814174,West Coast (W),36.5,WINNER,1,96,GWS (W),v West Coast (W),12,54,42,,,,,,,,,,,
2026-08-16 00:00:00.000 Z,Women's AFL/GWS (W) v West Coast (W),35926581,HANDICAP,261032465,Handicap,12543370,GWS (W),36.5,WINNER,1,96,GWS (W),v West Coast (W),12,54,42,1.02,,,1.02,,,1.01,,,,
2026-08-16 00:00:00.000 Z,Women's AFL/GWS (W) v West Coast (W),35926581,HANDICAP,261032465,Handicap,12543370,GWS (W),37.5,WINNER,1,96,GWS (W),v West Coast (W),12,54,42,1.01,,,1.01,,,1.01,,,,
2026-08-16 00:00:00.000 Z,Women's AFL/GWS (W) v West Coast (W),35926581,HANDICAP,261032465,Handicap,26814174,West Coast (W),37.5,WINNER,1,96,GWS (W),v West Coast (W),12,54,42,,,,,,,,,,,
2026-08-16 00:00:00.000 Z,Women's AFL/GWS (W) v West Coast (W),35926581,HANDICAP,261032465,Handicap,26814174,West Coast (W),38.5,WINNER,1,96,GWS (W),v West Coast (W),12,54,42,,,,,,,,,,,
2026-08-16 00:00:00.000 Z,Women's AFL/GWS (W) v West Coast (W),35926581,HANDICAP,261032465,Handicap,12543370,GWS (W),38.5,WINNER,1,96,GWS (W),v West Coast (W),12,54,42,1.01,,,1.01,,,1.01,,,,
2026-08-16 00:00:00.000 Z,Women's AFL/GWS (W) v West Coast (W),35926581,HANDICAP,261032465,Handicap,26814174,West Coast (W),39.5,WINNER,1,96,GWS (W),v West Coast (W),12,54,42,,,,,,,,,,,
2026-08-16 00:00:00.000 Z,Women's AFL/GWS (W) v West Coast (W),35926581,HANDICAP,261032465,Handicap,12543370,GWS (W),39.5,WINNER,1,96,GWS (W),v West Coast (W),12,54,42,1.01,,,1.01,,,1.01,,,,
2026-08-16 00:00:00.000 Z,Women's AFL/GWS (W) v West Coast (W),35926581,HANDICAP,261032465,Handicap,12543370,GWS (W),40.5,WINNER,1,96,GWS (W),v West Coast (W),12,54,42,1.01,,,1.01,,,1.01,,,,
2026-08-16 00:00:00.000 Z,Women's AFL/GWS (W) v West Coast (W),35926581,HANDICAP,261032465,Handicap,26814174,West Coast (W),40.5,WINNER,1,96,GWS (W),v West Coast (W),12,54,42,,,,,,,,,,,
2026-08-16 00:00:00.000 Z,Women's AFL/GWS (W) v West Coast (W),35926581,HANDICAP,261032465,Handicap,26814174,West Coast (W),41.5,WINNER,1,96,GWS (W),v West Coast (W),12,54,42,,,,,,,,,,,
2026-08-16 00:00:00.000 Z,Women's AFL/GWS (W) v West Coast (W),35926581,HANDICAP,261032465,Handicap,12543370,GWS (W),41.5,WINNER,1,96,GWS (W),v West Coast (W),12,54,42,1.01,,,1.01,,,1.01,,,,
2026-08-16 00:00:00.000 Z,Women's AFL/GWS (W) v West Coast (W),35926581,HANDICAP,261032465,Handicap,12543370,GWS (W),42.5,WINNER,1,96,GWS (W),v West Coast (W),12,54,42,1.01,,,1.01,,,1.01,,,,
2026-08-16 00:00:00.000 Z,Women's AFL/GWS (W) v West Coast (W),35926581,HANDICAP,261032465,Handicap,26814174,West Coast (W),42.5,WINNER,1,96,GWS (W),v West Coast (W),12,54,42,,,,,,,,,,,
2026-08-16 00:00:00.000 Z,Women's AFL/GWS (W) v West Coast (W),35926581,HANDICAP,261032465,Handicap,12543370,GWS (W),43.5,WINNER,1,96,GWS (W),v West Coast (W),12,54,42,1.01,,,1.01,,,1.01,,,,
2026-08-16 00:00:00.000 Z,Women's AFL/GWS (W) v West Coast (W),35926581,HANDICAP,261032465,Handicap,26814174,West Coast (W),43.5,WINNER,1,96,GWS (W),v West Coast (W),12,54,42,,,,,,,,,,,
2026-08-16 00:00:00.000 Z,Women's AFL/GWS (W) v West Coast (W),35926581,HANDICAP,261032465,Handicap,26814174,West Coast (W),44.5,WINNER,1,96,GWS (W),v West Coast (W),12,54,42,,,,,,,,,,,
2026-08-16 00:00:00.000 Z,Women's AFL/GWS (W) v West Coast (W),35926581,HANDICAP,261032465,Handicap,12543370,GWS (W),44.5,WINNER,1,96,GWS (W),v West Coast (W),12,54,42,1.01,,,1.01,,,1.01,,,,
2026-08-16 00:00:00.000 Z,Women's AFL/GWS (W) v West Coast (W),35926581,HANDICAP,261032465,Handicap,26814174,West Coast (W),45.5,WINNER,1,96,GWS (W),v West Coast (W),12,54,42,,,,,,,,,,,
2026-08-16 00:00:00.000 Z,Women's AFL/GWS (W) v West Coast (W),35926581,HANDICAP,261032465,Handicap,12543370,GWS (W),45.5,WINNER,1,96,GWS (W),v West Coast (W),12,54,42,1.01,,,1.01,,,1.01,,,,
2026-08-16 00:00:00.000 Z,Women's AFL/GWS (W) v West Coast (W),35926581,HANDICAP,261032465,Handicap,26814174,West Coast (W),46.5,WINNER,1,96,GWS (W),v West Coast (W),12,54,42,,,,,,,,,,,
2026-08-16 00:00:00.000 Z,Women's AFL/GWS (W) v West Coast (W),35926581,HANDICAP,261032465,Handicap,12543370,GWS (W),46.5,WINNER,1,96,GWS (W),v West Coast (W),12,54,42,1.01,,,1.01,,,1.01,,,,
2026-08-16 00:00:00.000 Z,Women's AFL/GWS (W) v West Coast (W),35926581,HANDICAP,261032465,Handicap,26814174,West Coast (W),47.5,WINNER,1,96,GWS (W),v West Coast (W),12,54,42,,,,,,,,,,,
2026-08-16 00:00:00.000 Z,Women's AFL/GWS (W) v West Coast (W),35926581,HANDICAP,261032465,Handicap,12543370,GWS (W),47.5,WINNER,1,96,GWS (W),v West Coast (W),12,54,42,1.01,,,1.01,,,1.01,,,,
2026-08-16 00:00:00.000 Z,Women's AFL/GWS (W) v West Coast (W),35926581,HANDICAP,261032465,Handicap,26814174,West Coast (W),48.5,WINNER,1,96,GWS (W),v West Coast (W),12,54,42,,,,,,,,,,,
2026-08-16 00:00:00.000 Z,Women's AFL/GWS (W) v West Coast (W),35926581,HANDICAP,261032465,Handicap,12543370,GWS (W),48.5,WINNER,1,96,GWS (W),v West Coast (W),12,54,42,1.01,,,1.01,,,1.01,,,,
2026-08-16 00:00:00.000 Z,Women's AFL/GWS (W) v West Coast (W),35926581,HANDICAP,261032465,Handicap,12543370,GWS (W),49.5,WINNER,1,96,GWS (W),v West Coast (W),12,54,42,1.01,,,1.01,,,1.01,,,,
2026-08-16 00:00:00.000 Z,Women's AFL/GWS (W) v West Coast (W),35926581,HANDICAP,261032465,Handicap,26814174,West Coast (W),49.5,WINNER,1,96,GWS (W),v West Coast (W),12,54,42,,,,,,,,,,,
2026-08-16 00:00:00.000 Z,Women's AFL/GWS (W) v West Coast (W),35926581,HANDICAP,261032465,Handicap,12543370,GWS (W),50.5,WINNER,1,96,GWS (W),v West Coast (W),12,54,42,1.01,,,1.01,,,1.01,,,,
2026-08-16 00:00:00.000 Z,Women's AFL/GWS (W) v West Coast (W),35926581,HANDICAP,261032465,Handicap,26814174,West Coast (W),50.5,WINNER,1,96,GWS (W),v West Coast (W),12,54,42,,,,,,,,,,,
2026-08-16 00:00:00.000 Z,Women's AFL/GWS (W) v West Coast (W),35926581,HANDICAP,261032465,Handicap,12543370,GWS (W),51.5,WINNER,1,96,GWS (W),v West Coast (W),12,54,42,1.01,,,1.01,,,1.01,,,,
2026-08-16 00:00:00.000 Z,Women's AFL/GWS (W) v West Coast (W),35926581,HANDICAP,261032465,Handicap,26814174,West Coast (W),51.5,WINNER,1,96,GWS (W),v West Coast (W),12,54,42,,,,,,,,,,,
2026-08-16 00:00:00.000 Z,Women's AFL/GWS (W) v West Coast (W),35926581,HANDICAP,261032465,Handicap,26814174,West Coast (W),52.5,WINNER,1,96,GWS (W),v West Coast (W),12,54,42,,,,,,,,,,,
2026-08-16 00:00:00.000 Z,Women's AFL/GWS (W) v West Coast (W),35926581,HANDICAP,261032465,Handicap,12543370,GWS (W),52.5,WINNER,1,96,GWS (W),v West Coast (W),12,54,42,1.01,,,1.01,,,1.01,,,,
2026-08-16 00:00:00.000 Z,Women's AFL/GWS (W) v West Coast (W),35926581,HANDICAP,261032465,Handicap,26814174,West Coast (W),53.5,WINNER,1,96,GWS (W),v West Coast (W),12,54,42,,,,,,,,,,,
2026-08-16 00:00:00.000 Z,Women's AFL/GWS (W) v West Coast (W),35926581,HANDICAP,261032465,Handicap,12543370,GWS (W),53.5,WINNER,1,96,GWS (W),v West Coast (W),12,54,42,1.01,,,1.01,,,1.01,,,,
2026-08-16 00:00:00.000 Z,Women's AFL/GWS (W) v West Coast (W),35926581,HANDICAP,261032465,Handicap,26814174,West Coast (W),54.5,WINNER,1,96,GWS (W),v West Coast (W),12,54,42,,,,,,,,,,,
2026-08-16 00:00:00.000 Z,Women's AFL/GWS (W) v West Coast (W),35926581,HANDICAP,261032465,Handicap,12543370,GWS (W),54.5,WINNER,1,96,GWS (W),v West Coast (W),12,54,42,1.01,,,1.01,,,1.01,,,,
2026-08-16 00:00:00.000 Z,Women's AFL/GWS (W) v West Coast (W),35926581,HANDICAP,261032465,Handicap,12543370,GWS (W),55.5,WINNER,1,96,GWS (W),v West Coast (W),12,54,42,1.01,,,1.01,,,1.01,,,,
2026-08-16 00:00:00.000 Z,Women's AFL/GWS (W) v West Coast (W),35926581,HANDICAP,261032465,Handicap,26814174,West Coast (W),55.5,WINNER,1,96,GWS (W),v West Coast (W),12,54,42,,,,,,,,,,,
2026-08-16 00:00:00.000 Z,Women's AFL/GWS (W) v West Coast (W),35926581,HANDICAP,261032465,Handicap,26814174,West Coast (W),56.5,WINNER,1,96,GWS (W),v West Coast (W),12,54,42,,,,,,,,,,,
2026-08-16 00:00:00.000 Z,Women's AFL/GWS (W) v West Coast (W),35926581,HANDICAP,261032465,Handicap,12543370,GWS (W),56.5,WINNER,1,96,GWS (W),v West Coast (W),12,54,42,1.01,,,1.01,,,1.01,,,,
2026-08-16 00:00:00.000 Z,Women's AFL/GWS (W) v West Coast (W),35926581,HANDICAP,261032465,Handicap,26814174,West Coast (W),57.5,WINNER,1,96,GWS (W),v West Coast (W),12,54,42,,,,,,,,,,,
2026-08-16 00:00:00.000 Z,Women's AFL/GWS (W) v West Coast (W),35926581,HANDICAP,261032465,Handicap,12543370,GWS (W),57.5,WINNER,1,96,GWS (W),v West Coast (W),12,54,42,1.01,,,1.01,,,1.01,,,,
2026-08-16 00:00:00.000 Z,Women's AFL/GWS (W) v West Coast (W),35926581,HANDICAP,261032465,Handicap,12543370,GWS (W),58.5,WINNER,1,96,GWS (W),v West Coast (W),12,54,42,1.01,,,1.01,,,1.01,,,,
2026-08-16 00:00:00.000 Z,Women's AFL/GWS (W) v West Coast (W),35926581,HANDICAP,261032465,Handicap,26814174,West Coast (W),58.5,WINNER,1,96,GWS (W),v West Coast (W),12,54,42,,,,,,,,,,,
2026-08-16 00:00:00.000 Z,Women's AFL/GWS (W) v West Coast (W),35926581,HANDICAP,261032465,Handicap,26814174,West Coast (W),59.5,WINNER,1,96,GWS (W),v West Coast (W),12,54,42,,,,,,,,,,,
2026-08-16 00:00:00.000 Z,Women's AFL/GWS (W) v West Coast (W),35926581,HANDICAP,261032465,Handicap,12543370,GWS (W),59.5,WINNER,1,96,GWS (W),v West Coast (W),12,54,42,,,,,,,,,,,
2026-08-16 00:00:00.000 Z,Women's AFL/GWS (W) v West Coast (W),35926581,MATCH_ODDS,261032464,Match Odds,26814174,West Coast (W),0,LOSER,0,96,GWS (W),v West Coast (W),12,54,42,1.44,1.79,92.58,1.51,1.69,286.09,1.51,1.55,902.8,925.82,1.52
2026-08-16 00:00:00.000 Z,Women's AFL/GWS (W) v West Coast (W),35926581,MATCH_ODDS,261032464,Match Odds,12543370,GWS (W),0,WINNER,1,96,GWS (W),v West Coast (W),12,54,42,2.28,4.9,319.34,2.5,2.98,504.2,2.72,3.05,587.26,652.05,2.72
2026-08-16 00:00:00.000 Z,Women's AFL/GWS (W) v West Coast (W),35926581,COMBINED_TOTAL,261032586,Total Points,8435233,Under,20.5,LOSER,0,96,GWS (W),v West Coast (W),12,54,42,1.01,,,1.01,,,1.01,,,,
2026-08-16 00:00:00.000 Z,Women's AFL/GWS (W) v West Coast (W),35926581,COMBINED_TOTAL,261032586,Total Points,8435232,Over,20.5,WINNER,1,96,GWS (W),v West Coast (W),12,54,42,,,,,,,,,,,
2026-08-16 00:00:00.000 Z,Women's AFL/GWS (W) v West Coast (W),35926581,COMBINED_TOTAL,261032586,Total Points,8435233,Under,21.5,LOSER,0,96,GWS (W),v West Coast (W),12,54,42,1.01,,,1.01,,,1.01,,,,
2026-08-16 00:00:00.000 Z,Women's AFL/GWS (W) v West Coast (W),35926581,COMBINED_TOTAL,261032586,Total Points,8435232,Over,21.5,WINNER,1,96,GWS (W),v West Coast (W),12,54,42,,,,,,,,,,,
2026-08-16 00:00:00.000 Z,Women's AFL/GWS (W) v West Coast (W),35926581,COMBINED_TOTAL,261032586,Total Points,8435233,Under,22.5,LOSER,0,96,GWS (W),v West Coast (W),12,54,42,1.01,,,1.01,,,1.01,,,,
2026-08-16 00:00:00.000 Z,Women's AFL/GWS (W) v West Coast (W),35926581,COMBINED_TOTAL,261032586,Total Points,8435232,Over,22.5,WINNER,1,96,GWS (W),v West Coast (W),12,54,42,,,,,,,,,,,
2026-08-16 00:00:00.000 Z,Women's AFL/GWS (W) v West Coast (W),35926581,COMBINED_TOTAL,261032586,Total Points,8435233,Under,23.5,LOSER,0,96,GWS (W),v West Coast (W),12,54,42,1.01,,,1.01,,,1.01,,,,
2026-08-16 00:00:00.000 Z,Women's AFL/GWS (W) v West Coast (W),35926581,COMBINED_TOTAL,261032586,Total Points,8435232,Over,23.5,WINNER,1,96,GWS (W),v West Coast (W),12,54,42,,,,,,,,,,,
2026-08-16 00:00:00.000 Z,Women's AFL/GWS (W) v West Coast (W),35926581,COMBINED_TOTAL,261032586,Total Points,8435233,Under,24.5,LOSER,0,96,GWS (W),v West Coast (W),12,54,42,1.01,,,1.01,,,1.01,,,,
2026-08-16 00:00:00.000 Z,Women's AFL/GWS (W) v West Coast (W),35926581,COMBINED_TOTAL,261032586,Total Points,8435232,Over,24.5,WINNER,1,96,GWS (W),v West Coast (W),12,54,42,,,,,,,,,,,
2026-08-16 00:00:00.000 Z,Women's AFL/GWS (W) v West Coast (W),35926581,COMBINED_TOTAL,261032586,Total Points,8435233,Under,25.5,LOSER,0,96,GWS (W),v West Coast (W),12,54,42,1.01,,,1.01,,,1.01,,,,
2026-08-16 00:00:00.000 Z,Women's AFL/GWS (W) v West Coast (W),35926581,COMBINED_TOTAL,261032586,Total Points,8435232,Over,25.5,WINNER,1,96,GWS (W),v West Coast (W),12,54,42,,,,,,,,,,,
2026-08-16 00:00:00.000 Z,Women's AFL/GWS (W) v West Coast (W),35926581,COMBINED_TOTAL,261032586,Total Points,8435233,Under,26.5,LOSER,0,96,GWS (W),v West Coast (W),12,54,42,1.01,,,1.01,,,1.01,,,,
2026-08-16 00:00:00.000 Z,Women's AFL/GWS (W) v West Coast (W),35926581,COMBINED_TOTAL,261032586,Total Points,8435232,Over,26.5,WINNER,1,96,GWS (W),v West Coast (W),12,54,42,,,,,,,,,,,
2026-08-16 00:00:00.000 Z,Women's AFL/GWS (W) v West Coast (W),35926581,COMBINED_TOTAL,261032586,Total Points,8435233,Under,27.5,LOSER,0,96,GWS (W),v West Coast (W),12,54,42,1.01,,,1.01,,,1.01,,,,
2026-08-16 00:00:00.000 Z,Women's AFL/GWS (W) v West Coast (W),35926581,COMBINED_TOTAL,261032586,Total Points,8435232,Over,27.5,WINNER,1,96,GWS (W),v West Coast (W),12,54,42,,,,,,,,,,,
2026-08-16 00:00:00.000 Z,Women's AFL/GWS (W) v West Coast (W),35926581,COMBINED_TOTAL,261032586,Total Points,8435233,Under,28.5,LOSER,0,96,GWS (W),v West Coast (W),12,54,42,1.01,,,1.01,,,1.01,,,,
2026-08-16 00:00:00.000 Z,Women's AFL/GWS (W) v West Coast (W),35926581,COMBINED_TOTAL,261032586,Total Points,8435232,Over,28.5,WINNER,1,96,GWS (W),v West Coast (W),12,54,42,,,,,,,,,,,
2026-08-16 00:00:00.000 Z,Women's AFL/GWS (W) v West Coast (W),35926581,COMBINED_TOTAL,261032586,Total Points,8435233,Under,29.5,LOSER,0,96,GWS (W),v West Coast (W),12,54,42,1.01,,,1.01,,,1.01,,,,
2026-08-16 00:00:00.000 Z,Women's AFL/GWS (W) v West Coast (W),35926581,COMBINED_TOTAL,261032586,Total Points,8435232,Over,29.5,WINNER,1,96,GWS (W),v West Coast (W),12,54,42,,,,,,,,,,,
2026-08-16 00:00:00.000 Z,Women's AFL/GWS (W) v West Coast (W),35926581,COMBINED_TOTAL,261032586,Total Points,8435233,Under,30.5,LOSER,0,96,GWS (W),v West Coast (W),12,54,42,1.01,,,1.01,,,1.01,,,,
2026-08-16 00:00:00.000 Z,Women's AFL/GWS (W) v West Coast (W),35926581,COMBINED_TOTAL,261032586,Total Points,8435232,Over,30.5,WINNER,1,96,GWS (W),v West Coast (W),12,54,42,,,,,,,,,,,
2026-08-16 00:00:00.000 Z,Women's AFL/GWS (W) v West Coast (W),35926581,COMBINED_TOTAL,261032586,Total Points,8435233,Under,31.5,LOSER,0,96,GWS (W),v West Coast (W),12,54,42,1.01,,,1.01,,,1.01,,,,
2026-08-16 00:00:00.000 Z,Women's AFL/GWS (W) v West Coast (W),35926581,COMBINED_TOTAL,261032586,Total Points,8435232,Over,31.5,WINNER,1,96,GWS (W),v West Coast (W),12,54,42,,,,,,,,,,,
2026-08-16 00:00:00.000 Z,Women's AFL/GWS (W) v West Coast (W),35926581,COMBINED_TOTAL,261032586,Total Points,8435233,Under,32.5,LOSER,0,96,GWS (W),v West Coast (W),12,54,42,1.01,,,1.01,,,1.01,,,,
2026-08-16 00:00:00.000 Z,Women's AFL/GWS (W) v West Coast (W),35926581,COMBINED_TOTAL,261032586,Total Points,8435232,Over,32.5,WINNER,1,96,GWS (W),v West Coast (W),12,54,42,,,,,,,,,,,
2026-08-16 00:00:00.000 Z,Women's AFL/GWS (W) v West Coast (W),35926581,COMBINED_TOTAL,261032586,Total Points,8435233,Under,33.5,LOSER,0,96,GWS (W),v West Coast (W),12,54,42,1.01,,,1.01,,,1.01,,,,
2026-08-16 00:00:00.000 Z,Women's AFL/GWS (W) v West Coast (W),35926581,COMBINED_TOTAL,261032586,Total Points,8435232,Over,33.5,WINNER,1,96,GWS (W),v West Coast (W),12,54,42,,,,,,,,,,,
2026-08-16 00:00:00.000 Z,Women's AFL/GWS (W) v West Coast (W),35926581,COMBINED_TOTAL,261032586,Total Points,8435233,Under,34.5,LOSER,0,96,GWS (W),v West Coast (W),12,54,42,1.01,,,1.01,,,1.01,,,,
2026-08-16 00:00:00.000 Z,Women's AFL/GWS (W) v West Coast (W),35926581,COMBINED_TOTAL,261032586,Total Points,8435232,Over,34.5,WINNER,1,96,GWS (W),v West Coast (W),12,54,42,,,,,,,,,,,
2026-08-16 00:00:00.000 Z,Women's AFL/GWS (W) v West Coast (W),35926581,COMBINED_TOTAL,261032586,Total Points,8435233,Under,35.5,LOSER,0,96,GWS (W),v West Coast (W),12,54,42,1.01,,,1.01,,,1.01,,,,
2026-08-16 00:00:00.000 Z,Women's AFL/GWS (W) v West Coast (W),35926581,COMBINED_TOTAL,261032586,Total Points,8435232,Over,35.5,WINNER,1,96,GWS (W),v West Coast (W),12,54,42,,,,,,,,,,,
2026-08-16 00:00:00.000 Z,Women's AFL/GWS (W) v West Coast (W),35926581,COMBINED_TOTAL,261032586,Total Points,8435233,Under,36.5,LOSER,0,96,GWS (W),v West Coast (W),12,54,42,1.01,,,1.01,,,1.01,,,,
2026-08-16 00:00:00.000 Z,Women's AFL/GWS (W) v West Coast (W),35926581,COMBINED_TOTAL,261032586,Total Points,8435232,Over,36.5,WINNER,1,96,GWS (W),v West Coast (W),12,54,42,,,,,,,,,,,
2026-08-16 00:00:00.000 Z,Women's AFL/GWS (W) v West Coast (W),35926581,COMBINED_TOTAL,261032586,Total Points,8435233,Under,37.5,LOSER,0,96,GWS (W),v West Coast (W),12,54,42,1.01,,,1.01,,,1.01,,,,
2026-08-16 00:00:00.000 Z,Women's AFL/GWS (W) v West Coast (W),35926581,COMBINED_TOTAL,261032586,Total Points,8435232,Over,37.5,WINNER,1,96,GWS (W),v West Coast (W),12,54,42,,,,,,,,,,,
2026-08-16 00:00:00.000 Z,Women's AFL/GWS (W) v West Coast (W),35926581,COMBINED_TOTAL,261032586,Total Points,8435233,Under,38.5,LOSER,0,96,GWS (W),v West Coast (W),12,54,42,1.01,,,1.01,,,1.01,,,,
2026-08-16 00:00:00.000 Z,Women's AFL/GWS (W) v West Coast (W),35926581,COMBINED_TOTAL,261032586,Total Points,8435232,Over,38.5,WINNER,1,96,GWS (W),v West Coast (W),12,54,42,,,,,,,,,,,
2026-08-16 00:00:00.000 Z,Women's AFL/GWS (W) v West Coast (W),35926581,COMBINED_TOTAL,261032586,Total Points,8435233,Under,39.5,LOSER,0,96,GWS (W),v West Coast (W),12,54,42,1.01,,,1.01,,,1.01,,,,
2026-08-16 00:00:00.000 Z,Women's AFL/GWS (W) v West Coast (W),35926581,COMBINED_TOTAL,261032586,Total Points,8435232,Over,39.5,WINNER,1,96,GWS (W),v West Coast (W),12,54,42,,,,,,,,,,,
2026-08-16 00:00:00.000 Z,Women's AFL/GWS (W) v West Coast (W),35926581,COMBINED_TOTAL,261032586,Total Points,8435233,Under,40.5,LOSER,0,96,GWS (W),v West Coast (W),12,54,42,1.01,,,1.01,,,1.01,,,,
2026-08-16 00:00:00.000 Z,Women's AFL/GWS (W) v West Coast (W),35926581,COMBINED_TOTAL,261032586,Total Points,8435232,Over,40.5,WINNER,1,96,GWS (W),v West Coast (W),12,54,42,,,,,,,,,,,
2026-08-16 00:00:00.000 Z,Women's AFL/GWS (W) v West Coast (W),35926581,COMBINED_TOTAL,261032586,Total Points,8435233,Under,41.5,LOSER,0,96,GWS (W),v West Coast (W),12,54,42,1.01,,,1.01,,,1.01,,,,
2026-08-16 00:00:00.000 Z,Women's AFL/GWS (W) v West Coast (W),35926581,COMBINED_TOTAL,261032586,Total Points,8435232,Over,41.5,WINNER,1,96,GWS (W),v West Coast (W),12,54,42,,,,,,,,,,,
2026-08-16 00:00:00.000 Z,Women's AFL/GWS (W) v West Coast (W),35926581,COMBINED_TOTAL,261032586,Total Points,8435233,Under,42.5,LOSER,0,96,GWS (W),v West Coast (W),12,54,42,1.01,,,1.01,,,1.01,,,,
2026-08-16 00:00:00.000 Z,Women's AFL/GWS (W) v West Coast (W),35926581,COMBINED_TOTAL,261032586,Total Points,8435232,Over,42.5,WINNER,1,96,GWS (W),v West Coast (W),12,54,42,,,,,,,,,,,
2026-08-16 00:00:00.000 Z,Women's AFL/GWS (W) v West Coast (W),35926581,COMBINED_TOTAL,261032586,Total Points,8435233,Under,43.5,LOSER,0,96,GWS (W),v West Coast (W),12,54,42,1.01,,,1.01,,,1.01,,,,
2026-08-16 00:00:00.000 Z,Women's AFL/GWS (W) v West Coast (W),35926581,COMBINED_TOTAL,261032586,Total Points,8435232,Over,43.5,WINNER,1,96,GWS (W),v West Coast (W),12,54,42,,,,,,,,,,,
2026-08-16 00:00:00.000 Z,Women's AFL/GWS (W) v West Coast (W),35926581,COMBINED_TOTAL,261032586,Total Points,8435233,Under,44.5,LOSER,0,96,GWS (W),v West Coast (W),12,54,42,1.01,,,1.01,,,1.01,,,,
2026-08-16 00:00:00.000 Z,Women's AFL/GWS (W) v West Coast (W),35926581,COMBINED_TOTAL,261032586,Total Points,8435232,Over,44.5,WINNER,1,96,GWS (W),v West Coast (W),12,54,42,,,,,,,,,,,
2026-08-16 00:00:00.000 Z,Women's AFL/GWS (W) v West Coast (W),35926581,COMBINED_TOTAL,261032586,Total Points,8435233,Under,45.5,LOSER,0,96,GWS (W),v West Coast (W),12,54,42,1.01,,,1.01,,,1.01,,,,
2026-08-16 00:00:00.000 Z,Women's AFL/GWS (W) v West Coast (W),35926581,COMBINED_TOTAL,261032586,Total Points,8435232,Over,45.5,WINNER,1,96,GWS (W),v West Coast (W),12,54,42,,,,,,,,,,,
2026-08-16 00:00:00.000 Z,Women's AFL/GWS (W) v West Coast (W),35926581,COMBINED_TOTAL,261032586,Total Points,8435233,Under,46.5,LOSER,0,96,GWS (W),v West Coast (W),12,54,42,1.01,,,1.01,,,1.01,,,,
2026-08-16 00:00:00.000 Z,Women's AFL/GWS (W) v West Coast (W),35926581,COMBINED_TOTAL,261032586,Total Points,8435232,Over,46.5,WINNER,1,96,GWS (W),v West Coast (W),12,54,42,,,,,,,,,,,
2026-08-16 00:00:00.000 Z,Women's AFL/GWS (W) v West Coast (W),35926581,COMBINED_TOTAL,261032586,Total Points,8435233,Under,47.5,LOSER,0,96,GWS (W),v West Coast (W),12,54,42,1.01,,,1.01,,,1.01,,,,
2026-08-16 00:00:00.000 Z,Women's AFL/GWS (W) v West Coast (W),35926581,COMBINED_TOTAL,261032586,Total Points,8435232,Over,47.5,WINNER,1,96,GWS (W),v West Coast (W),12,54,42,,,,,,,,,,,
2026-08-16 00:00:00.000 Z,Women's AFL/GWS (W) v West Coast (W),35926581,COMBINED_TOTAL,261032586,Total Points,8435233,Under,48.5,LOSER,0,96,GWS (W),v West Coast (W),12,54,42,1.01,,,1.01,,,1.01,,,,
2026-08-16 00:00:00.000 Z,Women's AFL/GWS (W) v West Coast (W),35926581,COMBINED_TOTAL,261032586,Total Points,8435232,Over,48.5,WINNER,1,96,GWS (W),v West Coast (W),12,54,42,1.01,,,1.01,,,1.01,,,,
2026-08-16 00:00:00.000 Z,Women's AFL/GWS (W) v West Coast (W),35926581,COMBINED_TOTAL,261032586,Total Points,8435233,Under,49.5,LOSER,0,96,GWS (W),v West Coast (W),12,54,42,1.01,,,1.01,,,1.01,,,,
2026-08-16 00:00:00.000 Z,Women's AFL/GWS (W) v West Coast (W),35926581,COMBINED_TOTAL,261032586,Total Points,8435232,Over,49.5,WINNER,1,96,GWS (W),v West Coast (W),12,54,42,1.02,,,1.02,,,1.02,,,,
2026-08-16 00:00:00.000 Z,Women's AFL/GWS (W) v West Coast (W),35926581,COMBINED_TOTAL,261032586,Total Points,8435233,Under,50.5,LOSER,0,96,GWS (W),v West Coast (W),12,54,42,1.01,,,1.01,,,1.01,,,,
2026-08-16 00:00:00.000 Z,Women's AFL/GWS (W) v West Coast (W),35926581,COMBINED_TOTAL,261032586,Total Points,8435232,Over,50.5,WINNER,1,96,GWS (W),v West Coast (W),12,54,42,1.03,,,1.03,,,1.03,,,,
2026-08-16 00:00:00.000 Z,Women's AFL/GWS (W) v West Coast (W),35926581,COMBINED_TOTAL,261032586,Total Points,8435233,Under,51.5,LOSER,0,96,GWS (W),v West Coast (W),12,54,42,1.01,,,1.01,,,1.01,,,,
2026-08-16 00:00:00.000 Z,Women's AFL/GWS (W) v West Coast (W),35926581,COMBINED_TOTAL,261032586,Total Points,8435232,Over,51.5,WINNER,1,96,GWS (W),v West Coast (W),12,54,42,1.04,,,1.04,,,1.04,,,,
2026-08-16 00:00:00.000 Z,Women's AFL/GWS (W) v West Coast (W),35926581,COMBINED_TOTAL,261032586,Total Points,8435233,Under,52.5,LOSER,0,96,GWS (W),v West Coast (W),12,54,42,1.01,,,1.01,,,1.01,,,,
2026-08-16 00:00:00.000 Z,Women's AFL/GWS (W) v West Coast (W),35926581,COMBINED_TOTAL,261032586,Total Points,8435232,Over,52.5,WINNER,1,96,GWS (W),v West Coast (W),12,54,42,1.05,,,1.05,,,1.05,,,,
2026-08-16 00:00:00.000 Z,Women's AFL/GWS (W) v West Coast (W),35926581,COMBINED_TOTAL,261032586,Total Points,8435233,Under,53.5,LOSER,0,96,GWS (W),v West Coast (W),12,54,42,1.01,,,1.01,,,1.01,,,,
2026-08-16 00:00:00.000 Z,Women's AFL/GWS (W) v West Coast (W),35926581,COMBINED_TOTAL,261032586,Total Points,8435232,Over,53.5,WINNER,1,96,GWS (W),v West Coast (W),12,54,42,1.06,,,1.06,,,1.06,,,,
2026-08-16 00:00:00.000 Z,Women's AFL/GWS (W) v West Coast (W),35926581,COMBINED_TOTAL,261032586,Total Points,8435233,Under,54.5,LOSER,0,96,GWS (W),v West Coast (W),12,54,42,1.01,,,1.01,,,1.01,,,,
2026-08-16 00:00:00.000 Z,Women's AFL/GWS (W) v West Coast (W),35926581,COMBINED_TOTAL,261032586,Total Points,8435232,Over,54.5,WINNER,1,96,GWS (W),v West Coast (W),12,54,42,1.07,,,1.07,,,1.07,,,,
2026-08-16 00:00:00.000 Z,Women's AFL/GWS (W) v West Coast (W),35926581,COMBINED_TOTAL,261032586,Total Points,8435233,Under,55.5,LOSER,0,96,GWS (W),v West Coast (W),12,54,42,1.01,,,1.01,,,1.01,,,,
2026-08-16 00:00:00.000 Z,Women's AFL/GWS (W) v West Coast (W),35926581,COMBINED_TOTAL,261032586,Total Points,8435232,Over,55.5,WINNER,1,96,GWS (W),v West Coast (W),12,54,42,1.08,,,1.08,,,1.08,,,,
2026-08-16 00:00:00.000 Z,Women's AFL/GWS (W) v West Coast (W),35926581,COMBINED_TOTAL,261032586,Total Points,8435233,Under,56.5,LOSER,0,96,GWS (W),v West Coast (W),12,54,42,1.01,,,1.01,,,1.01,,,,
2026-08-16 00:00:00.000 Z,Women's AFL/GWS (W) v West Coast (W),35926581,COMBINED_TOTAL,261032586,Total Points,8435232,Over,56.5,WINNER,1,96,GWS (W),v West Coast (W),12,54,42,1.09,,,1.09,,,1.09,,,,
2026-08-16 00:00:00.000 Z,Women's AFL/GWS (W) v West Coast (W),35926581,COMBINED_TOTAL,261032586,Total Points,8435233,Under,57.5,LOSER,0,96,GWS (W),v West Coast (W),12,54,42,1.01,,,1.01,,,1.01,,,,
2026-08-16 00:00:00.000 Z,Women's AFL/GWS (W) v West Coast (W),35926581,COMBINED_TOTAL,261032586,Total Points,8435232,Over,57.5,WINNER,1,96,GWS (W),v West Coast (W),12,54,42,1.1,,,1.1,,,1.1,,,,
2026-08-16 00:00:00.000 Z,Women's AFL/GWS (W) v West Coast (W),35926581,COMBINED_TOTAL,261032586,Total Points,8435233,Under,58.5,LOSER,0,96,GWS (W),v West Coast (W),12,54,42,1.01,,,1.01,,,1.01,,,,
2026-08-16 00:00:00.000 Z,Women's AFL/GWS (W) v West Coast (W),35926581,COMBINED_TOTAL,261032586,Total Points,8435232,Over,58.5,WINNER,1,96,GWS (W),v West Coast (W),12,54,42,1.11,,,1.11,,,1.11,,,,
2026-08-16 00:00:00.000 Z,Women's AFL/GWS (W) v West Coast (W),35926581,COMBINED_TOTAL,261032586,Total Points,8435233,Under,59.5,LOSER,0,96,GWS (W),v West Coast (W),12,54,42,1.01,,,1.01,,,1.01,,,,
2026-08-16 00:00:00.000 Z,Women's AFL/GWS (W) v West Coast (W),35926581,COMBINED_TOTAL,261032586,Total Points,8435232,Over,59.5,WINNER,1,96,GWS (W),v West Coast (W),12,54,42,1.13,,,1.13,,,1.13,,,,
2026-08-16 00:00:00.000 Z,Women's AFL/GWS (W) v West Coast (W),35926581,COMBINED_TOTAL,261032586,Total Points,8435233,Under,60.5,LOSER,0,96,GWS (W),v West Coast (W),12,54,42,1.01,,,1.01,,,1.01,,,,
2026-08-16 00:00:00.000 Z,Women's AFL/GWS (W) v West Coast (W),35926581,COMBINED_TOTAL,261032586,Total Points,8435232,Over,60.5,WINNER,1,96,GWS (W),v West Coast (W),12,54,42,1.15,,,1.15,,,1.15,,,,
2026-08-16 00:00:00.000 Z,Women's AFL/GWS (W) v West Coast (W),35926581,COMBINED_TOTAL,261032586,Total Points,8435233,Under,61.5,LOSER,0,96,GWS (W),v West Coast (W),12,54,42,1.01,,,1.01,,,1.01,,,,
2026-08-16 00:00:00.000 Z,Women's AFL/GWS (W) v West Coast (W),35926581,COMBINED_TOTAL,261032586,Total Points,8435232,Over,61.5,WINNER,1,96,GWS (W),v West Coast (W),12,54,42,1.17,,,1.17,,,1.17,,,,
2026-08-16 00:00:00.000 Z,Women's AFL/GWS (W) v West Coast (W),35926581,COMBINED_TOTAL,261032586,Total Points,8435233,Under,62.5,LOSER,0,96,GWS (W),v West Coast (W),12,54,42,1.01,,,1.01,,,1.01,,,,
2026-08-16 00:00:00.000 Z,Women's AFL/GWS (W) v West Coast (W),35926581,COMBINED_TOTAL,261032586,Total Points,8435232,Over,62.5,WINNER,1,96,GWS (W),v West Coast (W),12,54,42,1.2,,,1.2,,,1.19,,,,
2026-08-16 00:00:00.000 Z,Women's AFL/GWS (W) v West Coast (W),35926581,COMBINED_TOTAL,261032586,Total Points,8435233,Under,63.5,LOSER,0,96,GWS (W),v West Coast (W),12,54,42,1.01,,,1.01,,,1.01,,,,
2026-08-16 00:00:00.000 Z,Women's AFL/GWS (W) v West Coast (W),35926581,COMBINED_TOTAL,261032586,Total Points,8435232,Over,63.5,WINNER,1,96,GWS (W),v West Coast (W),12,54,42,1.22,,,1.22,,,1.22,,,,
2026-08-16 00:00:00.000 Z,Women's AFL/GWS (W) v West Coast (W),35926581,COMBINED_TOTAL,261032586,Total Points,8435233,Under,64.5,LOSER,0,96,GWS (W),v West Coast (W),12,54,42,1.01,,,1.01,,,1.01,,,,
2026-08-16 00:00:00.000 Z,Women's AFL/GWS (W) v West Coast (W),35926581,COMBINED_TOTAL,261032586,Total Points,8435232,Over,64.5,WINNER,1,96,GWS (W),v West Coast (W),12,54,42,1.23,,,1.23,,,1.23,,,,
2026-08-16 00:00:00.000 Z,Women's AFL/GWS (W) v West Coast (W),35926581,COMBINED_TOTAL,261032586,Total Points,8435233,Under,65.5,LOSER,0,96,GWS (W),v West Coast (W),12,54,42,1.01,,,1.01,,,1.01,,,,
2026-08-16 00:00:00.000 Z,Women's AFL/GWS (W) v West Coast (W),35926581,COMBINED_TOTAL,261032586,Total Points,8435232,Over,65.5,WINNER,1,96,GWS (W),v West Coast (W),12,54,42,1.26,,,1.26,,,1.26,,,,
2026-08-16 00:00:00.000 Z,Women's AFL/GWS (W) v West Coast (W),35926581,COMBINED_TOTAL,261032586,Total Points,8435233,Under,66.5,LOSER,0,96,GWS (W),v West Coast (W),12,54,42,1.01,,,1.01,,,1.01,,,,
2026-08-16 00:00:00.000 Z,Women's AFL/GWS (W) v West Coast (W),35926581,COMBINED_TOTAL,261032586,Total Points,8435232,Over,66.5,WINNER,1,96,GWS (W),v West Coast (W),12,54,42,1.29,,,1.29,,,1.29,,,,
2026-08-16 00:00:00.000 Z,Women's AFL/GWS (W) v West Coast (W),35926581,COMBINED_TOTAL,261032586,Total Points,8435233,Under,67.5,LOSER,0,96,GWS (W),v West Coast (W),12,54,42,1.01,,,1.01,,,1.01,,,,
2026-08-16 00:00:00.000 Z,Women's AFL/GWS (W) v West Coast (W),35926581,COMBINED_TOTAL,261032586,Total Points,8435232,Over,67.5,WINNER,1,96,GWS (W),v West Coast (W),12,54,42,1.32,,,1.32,,,1.32,,,,
2026-08-16 00:00:00.000 Z,Women's AFL/GWS (W) v West Coast (W),35926581,COMBINED_TOTAL,261032586,Total Points,8435233,Under,68.5,LOSER,0,96,GWS (W),v West Coast (W),12,54,42,1.01,,,1.01,,,1.01,,,,
2026-08-16 00:00:00.000 Z,Women's AFL/GWS (W) v West Coast (W),35926581,COMBINED_TOTAL,261032586,Total Points,8435232,Over,68.5,WINNER,1,96,GWS (W),v West Coast (W),12,54,42,1.35,,,1.35,,,1.35,,,,
2026-08-16 00:00:00.000 Z,Women's AFL/GWS (W) v West Coast (W),35926581,COMBINED_TOTAL,261032586,Total Points,8435233,Under,69.5,LOSER,0,96,GWS (W),v West Coast (W),12,54,42,1.01,,,1.01,,,1.01,,,,
2026-08-16 00:00:00.000 Z,Women's AFL/GWS (W) v West Coast (W),35926581,COMBINED_TOTAL,261032586,Total Points,8435232,Over,69.5,WINNER,1,96,GWS (W),v West Coast (W),12,54,42,1.38,,,1.38,,,1.38,,,,
2026-08-16 00:00:00.000 Z,Women's AFL/GWS (W) v West Coast (W),35926581,COMBINED_TOTAL,261032586,Total Points,8435233,Under,70.5,LOSER,0,96,GWS (W),v West Coast (W),12,54,42,1.01,,,1.01,,,1.01,,,,
2026-08-16 00:00:00.000 Z,Women's AFL/GWS (W) v West Coast (W),35926581,COMBINED_TOTAL,261032586,Total Points,8435232,Over,70.5,WINNER,1,96,GWS (W),v West Coast (W),12,54,42,1.42,,,1.42,,,1.42,,,,
2026-08-16 00:00:00.000 Z,Women's AFL/GWS (W) v West Coast (W),35926581,COMBINED_TOTAL,261032586,Total Points,8435233,Under,71.5,LOSER,0,96,GWS (W),v West Coast (W),12,54,42,1.01,,,1.01,,,1.01,,,,
2026-08-16 00:00:00.000 Z,Women's AFL/GWS (W) v West Coast (W),35926581,COMBINED_TOTAL,261032586,Total Points,8435232,Over,71.5,WINNER,1,96,GWS (W),v West Coast (W),12,54,42,1.46,,,1.46,,,1.46,,,,
2026-08-16 00:00:00.000 Z,Women's AFL/GWS (W) v West Coast (W),35926581,COMBINED_TOTAL,261032586,Total Points,8435233,Under,72.5,LOSER,0,96,GWS (W),v West Coast (W),12,54,42,1.01,,,1.01,,,1.01,,,,
2026-08-16 00:00:00.000 Z,Women's AFL/GWS (W) v West Coast (W),35926581,COMBINED_TOTAL,261032586,Total Points,8435232,Over,72.5,WINNER,1,96,GWS (W),v West Coast (W),12,54,42,1.5,,,1.5,,,1.5,,,,
2026-08-16 00:00:00.000 Z,Women's AFL/GWS (W) v West Coast (W),35926581,COMBINED_TOTAL,261032586,Total Points,8435233,Under,73.5,LOSER,0,96,GWS (W),v West Coast (W),12,54,42,1.01,,,1.01,,,1.01,,,,
2026-08-16 00:00:00.000 Z,Women's AFL/GWS (W) v West Coast (W),35926581,COMBINED_TOTAL,261032586,Total Points,8435232,Over,73.5,WINNER,1,96,GWS (W),v West Coast (W),12,54,42,1.54,,,1.54,,,1.54,,,,
2026-08-16 00:00:00.000 Z,Women's AFL/GWS (W) v West Coast (W),35926581,COMBINED_TOTAL,261032586,Total Points,8435233,Under,74.5,LOSER,0,96,GWS (W),v West Coast (W),12,54,42,1.62,,,1.62,,,1.62,,,,
2026-08-16 00:00:00.000 Z,Women's AFL/GWS (W) v West Coast (W),35926581,COMBINED_TOTAL,261032586,Total Points,8435232,Over,74.5,WINNER,1,96,GWS (W),v West Coast (W),12,54,42,1.58,2,,1.58,2,,1.58,2,,,
2026-08-16 00:00:00.000 Z,Women's AFL/GWS (W) v West Coast (W),35926581,COMBINED_TOTAL,261032586,Total Points,8435233,Under,75.5,LOSER,0,96,GWS (W),v West Coast (W),12,54,42,1.61,1.95,,1.61,1.95,11.09,1.61,1.95,11.09,11.09,1.95
2026-08-16 00:00:00.000 Z,Women's AFL/GWS (W) v West Coast (W),35926581,COMBINED_TOTAL,261032586,Total Points,8435232,Over,75.5,WINNER,1,96,GWS (W),v West Coast (W),12,54,42,1.59,,,1.59,1.9,11.42,1.59,1.9,11.42,11.42,1.9
2026-08-16 00:00:00.000 Z,Women's AFL/GWS (W) v West Coast (W),35926581,COMBINED_TOTAL,261032586,Total Points,8435233,Under,76.5,LOSER,0,96,GWS (W),v West Coast (W),12,54,42,1.6,,,1.6,,,1.6,,,,
2026-08-16 00:00:00.000 Z,Women's AFL/GWS (W) v West Coast (W),35926581,COMBINED_TOTAL,261032586,Total Points,8435232,Over,76.5,WINNER,1,96,GWS (W),v West Coast (W),12,54,42,1.6,,,1.6,,,,,83,83,1.6
2026-08-16 00:00:00.000 Z,Women's AFL/GWS (W) v West Coast (W),35926581,COMBINED_TOTAL,261032586,Total Points,8435233,Under,77.5,LOSER,0,96,GWS (W),v West Coast (W),12,54,42,1.59,,,1.59,,,1.59,,,,
2026-08-16 00:00:00.000 Z,Women's AFL/GWS (W) v West Coast (W),35926581,COMBINED_TOTAL,261032586,Total Points,8435232,Over,77.5,WINNER,1,96,GWS (W),v West Coast (W),12,54,42,1.61,,,1.61,,,1.61,,,,
2026-08-16 00:00:00.000 Z,Women's AFL/GWS (W) v West Coast (W),35926581,COMBINED_TOTAL,261032586,Total Points,8435233,Under,78.5,LOSER,0,96,GWS (W),v West Coast (W),12,54,42,1.55,,,1.55,,,1.55,2,,349.86,2
2026-08-16 00:00:00.000 Z,Women's AFL/GWS (W) v West Coast (W),35926581,COMBINED_TOTAL,261032586,Total Points,8435232,Over,78.5,WINNER,1,96,GWS (W),v West Coast (W),12,54,42,1.62,,,1.62,,,1.62,,,,
2026-08-16 00:00:00.000 Z,Women's AFL/GWS (W) v West Coast (W),35926581,COMBINED_TOTAL,261032586,Total Points,8435233,Under,79.5,LOSER,0,96,GWS (W),v West Coast (W),12,54,42,1.5,,,1.5,,,1.5,,,,
2026-08-16 00:00:00.000 Z,Women's AFL/GWS (W) v West Coast (W),35926581,COMBINED_TOTAL,261032586,Total Points,8435232,Over,79.5,WINNER,1,96,GWS (W),v West Coast (W),12,54,42,,,,,,,,,,,
2026-08-16 00:00:00.000 Z,Women's AFL/GWS (W) v West Coast (W),35926581,COMBINED_TOTAL,261032586,Total Points,8435233,Under,80.5,LOSER,0,96,GWS (W),v West Coast (W),12,54,42,1.46,,,1.46,,,1.46,,,,
2026-08-16 00:00:00.000 Z,Women's AFL/GWS (W) v West Coast (W),35926581,COMBINED_TOTAL,261032586,Total Points,8435232,Over,80.5,WINNER,1,96,GWS (W),v West Coast (W),12,54,42,,,,,,,,,,,
2026-08-16 00:00:00.000 Z,Women's AFL/GWS (W) v West Coast (W),35926581,COMBINED_TOTAL,261032586,Total Points,8435233,Under,81.5,LOSER,0,96,GWS (W),v West Coast (W),12,54,42,1.42,,,1.42,,,1.42,,,,
2026-08-16 00:00:00.000 Z,Women's AFL/GWS (W) v West Coast (W),35926581,COMBINED_TOTAL,261032586,Total Points,8435232,Over,81.5,WINNER,1,96,GWS (W),v West Coast (W),12,54,42,,,,,,,,,,,
2026-08-16 00:00:00.000 Z,Women's AFL/GWS (W) v West Coast (W),35926581,COMBINED_TOTAL,261032586,Total Points,8435233,Under,82.5,LOSER,0,96,GWS (W),v West Coast (W),12,54,42,1.38,,,1.38,,,1.38,,,,
2026-08-16 00:00:00.000 Z,Women's AFL/GWS (W) v West Coast (W),35926581,COMBINED_TOTAL,261032586,Total Points,8435232,Over,82.5,WINNER,1,96,GWS (W),v West Coast (W),12,54,42,,,,,,,,,,,
2026-08-16 00:00:00.000 Z,Women's AFL/GWS (W) v West Coast (W),35926581,COMBINED_TOTAL,261032586,Total Points,8435233,Under,83.5,LOSER,0,96,GWS (W),v West Coast (W),12,54,42,1.34,,,1.34,,,1.34,,,,
2026-08-16 00:00:00.000 Z,Women's AFL/GWS (W) v West Coast (W),35926581,COMBINED_TOTAL,261032586,Total Points,8435232,Over,83.5,WINNER,1,96,GWS (W),v West Coast (W),12,54,42,,,,,,,,,,,
2026-08-16 00:00:00.000 Z,Women's AFL/GWS (W) v West Coast (W),35926581,COMBINED_TOTAL,261032586,Total Points,8435233,Under,84.5,LOSER,0,96,GWS (W),v West Coast (W),12,54,42,1.31,,,1.31,,,1.31,,,,
2026-08-16 00:00:00.000 Z,Women's AFL/GWS (W) v West Coast (W),35926581,COMBINED_TOTAL,261032586,Total Points,8435232,Over,84.5,WINNER,1,96,GWS (W),v West Coast (W),12,54,42,,,,,,,,,,,
2026-08-16 00:00:00.000 Z,Women's AFL/GWS (W) v West Coast (W),35926581,COMBINED_TOTAL,261032586,Total Points,8435233,Under,85.5,LOSER,0,96,GWS (W),v West Coast (W),12,54,42,1.28,,,1.28,,,1.28,,,,
2026-08-16 00:00:00.000 Z,Women's AFL/GWS (W) v West Coast (W),35926581,COMBINED_TOTAL,261032586,Total Points,8435232,Over,85.5,WINNER,1,96,GWS (W),v West Coast (W),12,54,42,,,,,,,,,,,
2026-08-16 00:00:00.000 Z,Women's AFL/GWS (W) v West Coast (W),35926581,COMBINED_TOTAL,261032586,Total Points,8435233,Under,86.5,LOSER,0,96,GWS (W),v West Coast (W),12,54,42,1.25,,,1.25,,,1.25,,,,
2026-08-16 00:00:00.000 Z,Women's AFL/GWS (W) v West Coast (W),35926581,COMBINED_TOTAL,261032586,Total Points,8435232,Over,86.5,WINNER,1,96,GWS (W),v West Coast (W),12,54,42,,,,,,,,,,,
2026-08-16 00:00:00.000 Z,Women's AFL/GWS (W) v West Coast (W),35926581,COMBINED_TOTAL,261032586,Total Points,8435233,Under,87.5,LOSER,0,96,GWS (W),v West Coast (W),12,54,42,1.23,,,1.23,,,1.23,,,,
2026-08-16 00:00:00.000 Z,Women's AFL/GWS (W) v West Coast (W),35926581,COMBINED_TOTAL,261032586,Total Points,8435232,Over,87.5,WINNER,1,96,GWS (W),v West Coast (W),12,54,42,,,,,,,,,,,
2026-08-16 00:00:00.000 Z,Women's AFL/GWS (W) v West Coast (W),35926581,COMBINED_TOTAL,261032586,Total Points,8435233,Under,88.5,LOSER,0,96,GWS (W),v West Coast (W),12,54,42,1.21,,,1.21,,,1.21,,,,
2026-08-16 00:00:00.000 Z,Women's AFL/GWS (W) v West Coast (W),35926581,COMBINED_TOTAL,261032586,Total Points,8435232,Over,88.5,WINNER,1,96,GWS (W),v West Coast (W),12,54,42,,,,,,,,,,,
2026-08-16 00:00:00.000 Z,Women's AFL/GWS (W) v West Coast (W),35926581,COMBINED_TOTAL,261032586,Total Points,8435233,Under,89.5,LOSER,0,96,GWS (W),v West Coast (W),12,54,42,1.18,,,1.18,,,1.18,,,,
2026-08-16 00:00:00.000 Z,Women's AFL/GWS (W) v West Coast (W),35926581,COMBINED_TOTAL,261032586,Total Points,8435232,Over,89.5,WINNER,1,96,GWS (W),v West Coast (W),12,54,42,,,,,,,,,,,
2026-08-16 00:00:00.000 Z,Women's AFL/GWS (W) v West Coast (W),35926581,COMBINED_TOTAL,261032586,Total Points,8435233,Under,90.5,LOSER,0,96,GWS (W),v West Coast (W),12,54,42,1.16,,,1.16,,,1.16,,,,
2026-08-16 00:00:00.000 Z,Women's AFL/GWS (W) v West Coast (W),35926581,COMBINED_TOTAL,261032586,Total Points,8435232,Over,90.5,WINNER,1,96,GWS (W),v West Coast (W),12,54,42,,,,,,,,,,,
2026-08-16 00:00:00.000 Z,Women's AFL/GWS (W) v West Coast (W),35926581,COMBINED_TOTAL,261032586,Total Points,8435233,Under,91.5,LOSER,0,96,GWS (W),v West Coast (W),12,54,42,1.14,,,1.14,,,1.14,,,,
2026-08-16 00:00:00.000 Z,Women's AFL/GWS (W) v West Coast (W),35926581,COMBINED_TOTAL,261032586,Total Points,8435232,Over,91.5,WINNER,1,96,GWS (W),v West Coast (W),12,54,42,,,,,,,,,,,
2026-08-16 00:00:00.000 Z,Women's AFL/GWS (W) v West Coast (W),35926581,COMBINED_TOTAL,261032586,Total Points,8435233,Under,92.5,LOSER,0,96,GWS (W),v West Coast (W),12,54,42,1.12,,,1.12,,,1.12,,,,
2026-08-16 00:00:00.000 Z,Women's AFL/GWS (W) v West Coast (W),35926581,COMBINED_TOTAL,261032586,Total Points,8435232,Over,92.5,WINNER,1,96,GWS (W),v West Coast (W),12,54,42,,,,,,,,,,,
2026-08-16 00:00:00.000 Z,Women's AFL/GWS (W) v West Coast (W),35926581,COMBINED_TOTAL,261032586,Total Points,8435233,Under,93.5,LOSER,0,96,GWS (W),v West Coast (W),12,54,42,1.11,,,1.11,,,1.11,,,,
2026-08-16 00:00:00.000 Z,Women's AFL/GWS (W) v West Coast (W),35926581,COMBINED_TOTAL,261032586,Total Points,8435232,Over,93.5,WINNER,1,96,GWS (W),v West Coast (W),12,54,42,,,,,,,,,,,
2026-08-16 00:00:00.000 Z,Women's AFL/GWS (W) v West Coast (W),35926581,COMBINED_TOTAL,261032586,Total Points,8435233,Under,94.5,LOSER,0,96,GWS (W),v West Coast (W),12,54,42,1.1,,,1.1,,,1.1,,,,
2026-08-16 00:00:00.000 Z,Women's AFL/GWS (W) v West Coast (W),35926581,COMBINED_TOTAL,261032586,Total Points,8435232,Over,94.5,WINNER,1,96,GWS (W),v West Coast (W),12,54,42,,,,,,,,,,,
2026-08-16 00:00:00.000 Z,Women's AFL/GWS (W) v West Coast (W),35926581,COMBINED_TOTAL,261032586,Total Points,8435233,Under,95.5,LOSER,0,96,GWS (W),v West Coast (W),12,54,42,1.09,,,1.09,,,1.09,,,,
2026-08-16 00:00:00.000 Z,Women's AFL/GWS (W) v West Coast (W),35926581,COMBINED_TOTAL,261032586,Total Points,8435232,Over,95.5,WINNER,1,96,GWS (W),v West Coast (W),12,54,42,,,,,,,,,,,
2026-08-16 00:00:00.000 Z,Women's AFL/GWS (W) v West Coast (W),35926581,COMBINED_TOTAL,261032586,Total Points,8435232,Over,96.5,LOSER,0,96,GWS (W),v West Coast (W),12,54,42,,,,,,,,,,,
2026-08-16 00:00:00.000 Z,Women's AFL/GWS (W) v West Coast (W),35926581,COMBINED_TOTAL,261032586,Total Points,8435233,Under,96.5,WINNER,1,96,GWS (W),v West Coast (W),12,54,42,1.08,,,1.08,,,1.08,,,,
2026-08-16 00:00:00.000 Z,Women's AFL/GWS (W) v West Coast (W),35926581,COMBINED_TOTAL,261032586,Total Points,8435232,Over,97.5,LOSER,0,96,GWS (W),v West Coast (W),12,54,42,,,,,,,,,,,
2026-08-16 00:00:00.000 Z,Women's AFL/GWS (W) v West Coast (W),35926581,COMBINED_TOTAL,261032586,Total Points,8435233,Under,97.5,WINNER,1,96,GWS (W),v West Coast (W),12,54,42,1.07,,,1.07,,,1.07,,,,
2026-08-16 00:00:00.000 Z,Women's AFL/GWS (W) v West Coast (W),35926581,COMBINED_TOTAL,261032586,Total Points,8435232,Over,98.5,LOSER,0,96,GWS (W),v West Coast (W),12,54,42,,,,,,,,,,,
2026-08-16 00:00:00.000 Z,Women's AFL/GWS (W) v West Coast (W),35926581,COMBINED_TOTAL,261032586,Total Points,8435233,Under,98.5,WINNER,1,96,GWS (W),v West Coast (W),12,54,42,1.06,,,1.06,,,1.06,,,,
2026-08-16 00:00:00.000 Z,Women's AFL/GWS (W) v West Coast (W),35926581,COMBINED_TOTAL,261032586,Total Points,8435232,Over,99.5,LOSER,0,96,GWS (W),v West Coast (W),12,54,42,,,,,,,,,,,
2026-08-16 00:00:00.000 Z,Women's AFL/GWS (W) v West Coast (W),35926581,COMBINED_TOTAL,261032586,Total Points,8435233,Under,99.5,WINNER,1,96,GWS (W),v West Coast (W),12,54,42,1.05,,,1.05,,,1.05,,,,
2026-08-16 00:00:00.000 Z,Women's AFL/GWS (W) v West Coast (W),35926581,COMBINED_TOTAL,261032586,Total Points,8435232,Over,100.5,LOSER,0,96,GWS (W),v West Coast (W),12,54,42,,,,,,,,,,,
2026-08-16 00:00:00.000 Z,Women's AFL/GWS (W) v West Coast (W),35926581,COMBINED_TOTAL,261032586,Total Points,8435233,Under,100.5,WINNER,1,96,GWS (W),v West Coast (W),12,54,42,1.04,,,1.04,,,1.04,,,,
2026-08-16 00:00:00.000 Z,Women's AFL/GWS (W) v West Coast (W),35926581,COMBINED_TOTAL,261032586,Total Points,8435232,Over,101.5,LOSER,0,96,GWS (W),v West Coast (W),12,54,42,,,,,,,,,,,
2026-08-16 00:00:00.000 Z,Women's AFL/GWS (W) v West Coast (W),35926581,COMBINED_TOTAL,261032586,Total Points,8435233,Under,101.5,WINNER,1,96,GWS (W),v West Coast (W),12,54,42,1.03,,,1.03,,,1.03,,,,
2026-08-16 00:00:00.000 Z,Women's AFL/GWS (W) v West Coast (W),35926581,COMBINED_TOTAL,261032586,Total Points,8435232,Over,102.5,LOSER,0,96,GWS (W),v West Coast (W),12,54,42,,,,,,,,,,,
2026-08-16 00:00:00.000 Z,Women's AFL/GWS (W) v West Coast (W),35926581,COMBINED_TOTAL,261032586,Total Points,8435233,Under,102.5,WINNER,1,96,GWS (W),v West Coast (W),12,54,42,1.02,,,1.02,,,1.02,,,,
2026-08-16 00:00:00.000 Z,Women's AFL/GWS (W) v West Coast (W),35926581,COMBINED_TOTAL,261032586,Total Points,8435232,Over,103.5,LOSER,0,96,GWS (W),v West Coast (W),12,54,42,,,,,,,,,,,
2026-08-16 00:00:00.000 Z,Women's AFL/GWS (W) v West Coast (W),35926581,COMBINED_TOTAL,261032586,Total Points,8435233,Under,103.5,WINNER,1,96,GWS (W),v West Coast (W),12,54,42,1.01,,,1.01,,,1.01,,,,
2026-08-16 00:00:00.000 Z,Women's AFL/GWS (W) v West Coast (W),35926581,COMBINED_TOTAL,261032586,Total Points,8435232,Over,104.5,LOSER,0,96,GWS (W),v West Coast (W),12,54,42,,,,,,,,,,,
2026-08-16 00:00:00.000 Z,Women's AFL/GWS (W) v West Coast (W),35926581,COMBINED_TOTAL,261032586,Total Points,8435233,Under,104.5,WINNER,1,96,GWS (W),v West Coast (W),12,54,42,,,,,,,,,,,
2026-08-16 00:00:00.000 Z,Women's AFL/GWS (W) v West Coast (W),35926581,COMBINED_TOTAL,261032586,Total Points,8435232,Over,105.5,LOSER,0,96,GWS (W),v West Coast (W),12,54,42,,,,,,,,,,,
2026-08-16 00:00:00.000 Z,Women's AFL/GWS (W) v West Coast (W),35926581,COMBINED_TOTAL,261032586,Total Points,8435233,Under,105.5,WINNER,1,96,GWS (W),v West Coast (W),12,54,42,,,,,,,,,,,
2026-08-16 00:00:00.000 Z,Women's AFL/GWS (W) v West Coast (W),35926581,COMBINED_TOTAL,261032586,Total Points,8435232,Over,106.5,LOSER,0,96,GWS (W),v West Coast (W),12,54,42,,,,,,,,,,,
2026-08-16 00:00:00.000 Z,Women's AFL/GWS (W) v West Coast (W),35926581,COMBINED_TOTAL,261032586,Total Points,8435233,Under,106.5,WINNER,1,96,GWS (W),v West Coast (W),12,54,42,,,,,,,,,,,
2026-08-16 00:00:00.000 Z,Women's AFL/GWS (W) v West Coast (W),35926581,COMBINED_TOTAL,261032586,Total Points,8435232,Over,107.5,LOSER,0,96,GWS (W),v West Coast (W),12,54,42,,,,,,,,,,,
2026-08-16 00:00:00.000 Z,Women's AFL/GWS (W) v West Coast (W),35926581,COMBINED_TOTAL,261032586,Total Points,8435233,Under,107.5,WINNER,1,96,GWS (W),v West Coast (W),12,54,42,,,,,,,,,,,
2026-08-16 00:00:00.000 Z,Women's AFL/GWS (W) v West Coast (W),35926581,COMBINED_TOTAL,261032586,Total Points,8435232,Over,108.5,LOSER,0,96,GWS (W),v West Coast (W),12,54,42,,,,,,,,,,,
2026-08-16 00:00:00.000 Z,Women's AFL/GWS (W) v West Coast (W),35926581,COMBINED_TOTAL,261032586,Total Points,8435233,Under,108.5,WINNER,1,96,GWS (W),v West Coast (W),12,54,42,,,,,,,,,,,
2026-08-16 00:00:00.000 Z,Women's AFL/GWS (W) v West Coast (W),35926581,COMBINED_TOTAL,261032586,Total Points,8435232,Over,109.5,LOSER,0,96,GWS (W),v West Coast (W),12,54,42,,,,,,,,,,,
2026-08-16 00:00:00.000 Z,Women's AFL/GWS (W) v West Coast (W),35926581,COMBINED_TOTAL,261032586,Total Points,8435233,Under,109.5,WINNER,1,96,GWS (W),v West Coast (W),12,54,42,,,,,,,,,,,
2026-08-16 00:00:00.000 Z,Women's AFL/GWS (W) v West Coast (W),35926581,COMBINED_TOTAL,261032586,Total Points,8435232,Over,110.5,LOSER,0,96,GWS (W),v West Coast (W),12,54,42,,,,,,,,,,,
2026-08-16 00:00:00.000 Z,Women's AFL/GWS (W) v West Coast (W),35926581,COMBINED_TOTAL,261032586,Total Points,8435233,Under,110.5,WINNER,1,96,GWS (W),v West Coast (W),12,54,42,,,,,,,,,,,
2026-08-16 00:00:00.000 Z,Women's AFL/GWS (W) v West Coast (W),35926581,COMBINED_TOTAL,261032586,Total Points,8435232,Over,111.5,LOSER,0,96,GWS (W),v West Coast (W),12,54,42,,,,,,,,,,,
2026-08-16 00:00:00.000 Z,Women's AFL/GWS (W) v West Coast (W),35926581,COMBINED_TOTAL,261032586,Total Points,8435233,Under,111.5,WINNER,1,96,GWS (W),v West Coast (W),12,54,42,,,,,,,,,,,
2026-08-16 00:00:00.000 Z,Women's AFL/GWS (W) v West Coast (W),35926581,COMBINED_TOTAL,261032586,Total Points,8435232,Over,112.5,LOSER,0,96,GWS (W),v West Coast (W),12,54,42,,,,,,,,,,,
2026-08-16 00:00:00.000 Z,Women's AFL/GWS (W) v West Coast (W),35926581,COMBINED_TOTAL,261032586,Total Points,8435233,Under,112.5,WINNER,1,96,GWS (W),v West Coast (W),12,54,42,,,,,,,,,,,
2026-08-16 00:00:00.000 Z,Women's AFL/GWS (W) v West Coast (W),35926581,COMBINED_TOTAL,261032586,Total Points,8435232,Over,113.5,LOSER,0,96,GWS (W),v West Coast (W),12,54,42,,,,,,,,,,,
2026-08-16 00:00:00.000 Z,Women's AFL/GWS (W) v West Coast (W),35926581,COMBINED_TOTAL,261032586,Total Points,8435233,Under,113.5,WINNER,1,96,GWS (W),v West Coast (W),12,54,42,,,,,,,,,,,
2026-08-16 00:00:00.000 Z,Women's AFL/GWS (W) v West Coast (W),35926581,COMBINED_TOTAL,261032586,Total Points,8435232,Over,114.5,LOSER,0,96,GWS (W),v West Coast (W),12,54,42,,,,,,,,,,,
2026-08-16 00:00:00.000 Z,Women's AFL/GWS (W) v West Coast (W),35926581,COMBINED_TOTAL,261032586,Total Points,8435233,Under,114.5,WINNER,1,96,GWS (W),v West Coast (W),12,54,42,,,,,,,,,,,
2026-08-16 00:00:00.000 Z,Women's AFL/GWS (W) v West Coast (W),35926581,COMBINED_TOTAL,261032586,Total Points,8435232,Over,115.5,LOSER,0,96,GWS (W),v West Coast (W),12,54,42,,,,,,,,,,,
2026-08-16 00:00:00.000 Z,Women's AFL/GWS (W) v West Coast (W),35926581,COMBINED_TOTAL,261032586,Total Points,8435233,Under,115.5,WINNER,1,96,GWS (W),v West Coast (W),12,54,42,,,,,,,,,,,
2026-08-16 00:00:00.000 Z,Women's AFL/GWS (W) v West Coast (W),35926581,COMBINED_TOTAL,261032586,Total Points,8435232,Over,116.5,LOSER,0,96,GWS (W),v West Coast (W),12,54,42,,,,,,,,,,,
2026-08-16 00:00:00.000 Z,Women's AFL/GWS (W) v West Coast (W),35926581,COMBINED_TOTAL,261032586,Total Points,8435233,Under,116.5,WINNER,1,96,GWS (W),v West Coast (W),12,54,42,,,,,,,,,,,
2026-08-16 00:00:00.000 Z,Women's AFL/GWS (W) v West Coast (W),35926581,COMBINED_TOTAL,261032586,Total Points,8435232,Over,117.5,LOSER,0,96,GWS (W),v West Coast (W),12,54,42,,,,,,,,,,,
2026-08-16 00:00:00.000 Z,Women's AFL/GWS (W) v West Coast (W),35926581,COMBINED_TOTAL,261032586,Total Points,8435233,Under,117.5,WINNER,1,96,GWS (W),v West Coast (W),12,54,42,,,,,,,,,,,
2026-08-16 00:00:00.000 Z,Women's AFL/GWS (W) v West Coast (W),35926581,COMBINED_TOTAL,261032586,Total Points,8435232,Over,118.5,LOSER,0,96,GWS (W),v West Coast (W),12,54,42,,,,,,,,,,,
2026-08-16 00:00:00.000 Z,Women's AFL/GWS (W) v West Coast (W),35926581,COMBINED_TOTAL,261032586,Total Points,8435233,Under,118.5,WINNER,1,96,GWS (W),v West Coast (W),12,54,42,,,,,,,,,,,
2026-08-16 00:00:00.000 Z,Women's AFL/GWS (W) v West Coast (W),35926581,COMBINED_TOTAL,261032586,Total Points,8435232,Over,119.5,LOSER,0,96,GWS (W),v West Coast (W),12,54,42,,,,,,,,,,,
2026-08-16 00:00:00.000 Z,Women's AFL/GWS (W) v West Coast (W),35926581,COMBINED_TOTAL,261032586,Total Points,8435233,Under,119.5,WINNER,1,96,GWS (W),v West Coast (W),12,54,42,,,,,,,,,,,
2026-08-16 00:00:00.000 Z,Women's AFL/GWS (W) v West Coast (W),35926581,COMBINED_TOTAL,261032586,Total Points,8435232,Over,120.5,LOSER,0,96,GWS (W),v West Coast (W),12,54,42,,,,,,,,,,,
2026-08-16 00:00:00.000 Z,Women's AFL/GWS (W) v West Coast (W),35926581,COMBINED_TOTAL,261032586,Total Points,8435233,Under,120.5,WINNER,1,96,GWS (W),v West Coast (W),12,54,42,,,,,,,,,,,
2026-08-16 00:00:00.000 Z,Women's AFL/GWS (W) v West Coast (W),35926581,COMBINED_TOTAL,261032586,Total Points,8435232,Over,121.5,LOSER,0,96,GWS (W),v West Coast (W),12,54,42,,,,,,,,,,,
2026-08-16 00:00:00.000 Z,Women's AFL/GWS (W) v West Coast (W),35926581,COMBINED_TOTAL,261032586,Total Points,8435233,Under,121.5,WINNER,1,96,GWS (W),v West Coast (W),12,54,42,,,,,,,,,,,
2026-08-16 00:00:00.000 Z,Women's AFL/GWS (W) v West Coast (W),35926581,COMBINED_TOTAL,261032586,Total Points,8435232,Over,122.5,LOSER,0,96,GWS (W),v West Coast (W),12,54,42,,,,,,,,,,,
2026-08-16 00:00:00.000 Z,Women's AFL/GWS (W) v West Coast (W),35926581,COMBINED_TOTAL,261032586,Total Points,8435233,Under,122.5,WINNER,1,96,GWS (W),v West Coast (W),12,54,42,,,,,,,,,,,
2026-08-16 00:00:00.000 Z,Women's AFL/GWS (W) v West Coast (W),35926581,COMBINED_TOTAL,261032586,Total Points,8435232,Over,123.5,LOSER,0,96,GWS (W),v West Coast (W),12,54,42,,,,,,,,,,,
2026-08-16 00:00:00.000 Z,Women's AFL/GWS (W) v West Coast (W),35926581,COMBINED_TOTAL,261032586,Total Points,8435233,Under,123.5,WINNER,1,96,GWS (W),v West Coast (W),12,54,42,,,,,,,,,,,
2026-08-16 00:00:00.000 Z,Women's AFL/GWS (W) v West Coast (W),35926581,COMBINED_TOTAL,261032586,Total Points,8435232,Over,124.5,LOSER,0,96,GWS (W),v West Coast (W),12,54,42,,,,,,,,,,,
2026-08-16 00:00:00.000 Z,Women's AFL/GWS (W) v West Coast (W),35926581,COMBINED_TOTAL,261032586,Total Points,8435233,Under,124.5,WINNER,1,96,GWS (W),v West Coast (W),12,54,42,,,,,,,,,,,
2026-08-16 00:00:00.000 Z,Women's AFL/GWS (W) v West Coast (W),35926581,COMBINED_TOTAL,261032586,Total Points,8435232,Over,125.5,LOSER,0,96,GWS (W),v West Coast (W),12,54,42,,,,,,,,,,,
2026-08-16 00:00:00.000 Z,Women's AFL/GWS (W) v West Coast (W),35926581,COMBINED_TOTAL,261032586,Total Points,8435233,Under,125.5,WINNER,1,96,GWS (W),v West Coast (W),12,54,42,,,,,,,,,,,
2026-08-16 00:00:00.000 Z,Women's AFL/GWS (W) v West Coast (W),35926581,COMBINED_TOTAL,261032586,Total Points,8435232,Over,126.5,LOSER,0,96,GWS (W),v West Coast (W),12,54,42,,,,,,,,,,,
2026-08-16 00:00:00.000 Z,Women's AFL/GWS (W) v West Coast (W),35926581,COMBINED_TOTAL,261032586,Total Points,8435233,Under,126.5,WINNER,1,96,GWS (W),v West Coast (W),12,54,42,,,,,,,,,,,
2026-08-16 00:00:00.000 Z,Women's AFL/GWS (W) v West Coast (W),35926581,COMBINED_TOTAL,261032586,Total Points,8435232,Over,127.5,LOSER,0,96,GWS (W),v West Coast (W),12,54,42,,,,,,,,,,,
2026-08-16 00:00:00.000 Z,Women's AFL/GWS (W) v West Coast (W),35926581,COMBINED_TOTAL,261032586,Total Points,8435233,Under,127.5,WINNER,1,96,GWS (W),v West Coast (W),12,54,42,,,,,,,,,,,
2026-08-16 00:00:00.000 Z,Women's AFL/GWS (W) v West Coast (W),35926581,COMBINED_TOTAL,261032586,Total Points,8435232,Over,128.5,LOSER,0,96,GWS (W),v West Coast (W),12,54,42,,,,,,,,,,,
2026-08-16 00:00:00.000 Z,Women's AFL/GWS (W) v West Coast (W),35926581,COMBINED_TOTAL,261032586,Total Points,8435233,Under,128.5,WINNER,1,96,GWS (W),v West Coast (W),12,54,42,,,,,,,,,,,
2026-08-16 00:00:00.000 Z,Women's AFL/GWS (W) v West Coast (W),35926581,COMBINED_TOTAL,261032586,Total Points,8435232,Over,129.5,LOSER,0,96,GWS (W),v West Coast (W),12,54,42,,,,,,,,,,,
2026-08-16 00:00:00.000 Z,Women's AFL/GWS (W) v West Coast (W),35926581,COMBINED_TOTAL,261032586,Total Points,8435233,Under,129.5,WINNER,1,96,GWS (W),v West Coast (W),12,54,42,,,,,,,,,,,
2026-08-16 00:00:00.000 Z,Women's AFL/GWS (W) v West Coast (W),35926581,COMBINED_TOTAL,261032586,Total Points,8435232,Over,130.5,LOSER,0,96,GWS (W),v West Coast (W),12,54,42,,,,,,,,,,,
2026-08-16 00:00:00.000 Z,Women's AFL/GWS (W) v West Coast (W),35926581,COMBINED_TOTAL,261032586,Total Points,8435233,Under,130.5,WINNER,1,96,GWS (W),v West Coast (W),12,54,42,,,,,,,,,,,
2026-08-16 00:00:00.000 Z,Women's AFL/GWS (W) v West Coast (W),35926581,COMBINED_TOTAL,261032586,Total Points,8435232,Over,131.5,LOSER,0,96,GWS (W),v West Coast (W),12,54,42,,,,,,,,,,,
2026-08-16 00:00:00.000 Z,Women's AFL/GWS (W) v West Coast (W),35926581,COMBINED_TOTAL,261032586,Total Points,8435233,Under,131.5,WINNER,1,96,GWS (W),v West Coast (W),12,54,42,,,,,,,,,,,
2026-08-16 00:00:00.000 Z,Women's AFL/GWS (W) v West Coast (W),35926581,COMBINED_TOTAL,261032586,Total Points,8435232,Over,132.5,LOSER,0,96,GWS (W),v West Coast (W),12,54,42,,,,,,,,,,,
2026-08-16 00:00:00.000 Z,Women's AFL/GWS (W) v West Coast (W),35926581,COMBINED_TOTAL,261032586,Total Points,8435233,Under,132.5,WINNER,1,96,GWS (W),v West Coast (W),12,54,42,,,,,,,,,,,
2026-08-16 00:00:00.000 Z,Women's AFL/GWS (W) v West Coast (W),35926581,COMBINED_TOTAL,261032586,Total Points,8435232,Over,133.5,LOSER,0,96,GWS (W),v West Coast (W),12,54,42,,,,,,,,,,,
2026-08-16 00:00:00.000 Z,Women's AFL/GWS (W) v West Coast (W),35926581,COMBINED_TOTAL,261032586,Total Points,8435233,Under,133.5,WINNER,1,96,GWS (W),v West Coast (W),12,54,42,,,,,,,,,,,
2026-08-16 00:00:00.000 Z,Women's AFL/GWS (W) v West Coast (W),35926581,COMBINED_TOTAL,261032586,Total Points,8435232,Over,134.5,LOSER,0,96,GWS (W),v West Coast (W),12,54,42,,,,,,,,,,,
2026-08-16 00:00:00.000 Z,Women's AFL/GWS (W) v West Coast (W),35926581,COMBINED_TOTAL,261032586,Total Points,8435233,Under,134.5,WINNER,1,96,GWS (W),v West Coast (W),12,54,42,,,,,,,,,,,
2026-08-16 00:00:00.000 Z,Women's AFL/GWS (W) v West Coast (W),35926581,COMBINED_TOTAL,261032586,Total Points,8435232,Over,135.5,LOSER,0,96,GWS (W),v West Coast (W),12,54,42,,,,,,,,,,,
2026-08-16 00:00:00.000 Z,Women's AFL/GWS (W) v West Coast (W),35926581,COMBINED_TOTAL,261032586,Total Points,8435233,Under,135.5,WINNER,1,96,GWS (W),v West Coast (W),12,54,42,,,,,,,,,,,
2026-08-16 00:00:00.000 Z,Women's AFL/GWS (W) v West Coast (W),35926581,COMBINED_TOTAL,261032586,Total Points,8435232,Over,136.5,LOSER,0,96,GWS (W),v West Coast (W),12,54,42,,,,,,,,,,,
2026-08-16 00:00:00.000 Z,Women's AFL/GWS (W) v West Coast (W),35926581,COMBINED_TOTAL,261032586,Total Points,8435233,Under,136.5,WINNER,1,96,GWS (W),v West Coast (W),12,54,42,,,,,,,,,,,
2026-08-16 00:00:00.000 Z,Women's AFL/GWS (W) v West Coast (W),35926581,COMBINED_TOTAL,261032586,Total Points,8435232,Over,137.5,LOSER,0,96,GWS (W),v West Coast (W),12,54,42,,,,,,,,,,,
2026-08-16 00:00:00.000 Z,Women's AFL/GWS (W) v West Coast (W),35926581,COMBINED_TOTAL,261032586,Total Points,8435233,Under,137.5,WINNER,1,96,GWS (W),v West Coast (W),12,54,42,,,,,,,,,,,
2026-08-16 00:00:00.000 Z,Women's AFL/GWS (W) v West Coast (W),35926581,COMBINED_TOTAL,261032586,Total Points,8435232,Over,138.5,LOSER,0,96,GWS (W),v West Coast (W),12,54,42,,,,,,,,,,,
2026-08-16 00:00:00.000 Z,Women's AFL/GWS (W) v West Coast (W),35926581,COMBINED_TOTAL,261032586,Total Points,8435233,Under,138.5,WINNER,1,96,GWS (W),v West Coast (W),12,54,42,,,,,,,,,,,
2026-08-16 00:00:00.000 Z,Women's AFL/GWS (W) v West Coast (W),35926581,COMBINED_TOTAL,261032586,Total Points,8435232,Over,139.5,LOSER,0,96,GWS (W),v West Coast (W),12,54,42,,,,,,,,,,,
2026-08-16 00:00:00.000 Z,Women's AFL/GWS (W) v West Coast (W),35926581,COMBINED_TOTAL,261032586,Total Points,8435233,Under,139.5,WINNER,1,96,GWS (W),v West Coast (W),12,54,42,,,,,,,,,,,
2026-08-16 00:00:00.000 Z,Women's AFL/GWS (W) v West Coast (W),35926581,COMBINED_TOTAL,261032586,Total Points,8435232,Over,140.5,LOSER,0,96,GWS (W),v West Coast (W),12,54,42,,,,,,,,,,,
2026-08-16 00:00:00.000 Z,Women's AFL/GWS (W) v West Coast (W),35926581,COMBINED_TOTAL,261032586,Total Points,8435233,Under,140.5,WINNER,1,96,GWS (W),v West Coast (W),12,54,42,,,,,,,,,,,
