EVENT_DATE,PATH,EVENT_ID,MARKET_TYPE,MARKET_ID,MARKET_NAME,SELECTION_ID,RUNNER_NAME,HANDICAP,RUNNER_STATUS,IS_WINNER,TOTAL_POINTS,HOME_TEAM,AWAY_TEAM,HOME_MARGIN,HOME_SCORE,AWAY_SCORE,BEST_BACK_PRICE_60_MIN_PRIOR,BEST_LAY_PRICE_60_MIN_PRIOR,MATCHED_VOLUME_60_MIN_PRIOR,BEST_BACK_PRICE_30_MIN_PRIOR,BEST_LAY_PRICE_30_MIN_PRIOR,MATCHED_VOLUME_30_MIN_PRIOR,BEST_BACK_PRICE_1_MIN_PRIOR,BEST_LAY_PRICE_1_MIN_PRIOR,MATCHED_VOLUME_1_MIN_PRIOR,TOTAL_MATCHED_VOLUME,LAST_PREPLAY_PRICE
2026-09-19 00:00:00.000 Z," Australian NBL/Melbourne United v Adelaide 36ers",36069263,HANDICAP,262424045,Handicap,8814925,Melbourne United,-35.5,LOSER,0,192,Melbourne United,v Adelaide 36ers,-2,95,97,1.01,,,1.01,,,1.01,,,,
2026-09-19 00:00:00.000 Z," Australian NBL/Melbourne United v Adelaide 36ers",36069263,HANDICAP,262424045,Handicap,1196397,Adelaide 36ers,-35.5,LOSER,0,192,Melbourne United,v Adelaide 36ers,-2,95,97,1.01,,,1.01,,,1.01,,,,
2026-09-19 00:00:00.000 Z," Australian NBL/Melbourne United v Adelaide 36ers",36069263,HANDICAP,262424045,Handicap,1196397,Adelaide 36ers,-34.5,LOSER,0,192,Melbourne United,v Adelaide 36ers,-2,95,97,1.01,,,1.01,,,1.01,,,,
2026-09-19 00:00:00.000 Z," Australian NBL/Melbourne United v Adelaide 36ers",36069263,HANDICAP,262424045,Handicap,8814925,Melbourne United,-34.5,LOSER,0,192,Melbourne United,v Adelaide 36ers,-2,95,97,1.01,,,1.01,,,1.01,,,,
2026-09-19 00:00:00.000 Z," Australian NBL/Melbourne United v Adelaide 36ers",36069263,HANDICAP,262424045,Handicap,1196397,Adelaide 36ers,-33.5,LOSER,0,192,Melbourne United,v Adelaide 36ers,-2,95,97,1.01,,,1.01,,,1.01,,,,
2026-09-19 00:00:00.000 Z," Australian NBL/Melbourne United v Adelaide 36ers",36069263,HANDICAP,262424045,Handicap,8814925,Melbourne United,-33.5,LOSER,0,192,Melbourne United,v Adelaide 36ers,-2,95,97,1.01,,,1.01,,,1.01,,,,
2026-09-19 00:00:00.000 Z," Australian NBL/Melbourne United v Adelaide 36ers",36069263,HANDICAP,262424045,Handicap,1196397,Adelaide 36ers,-32.5,LOSER,0,192,Melbourne United,v Adelaide 36ers,-2,95,97,1.01,,,1.01,,,1.01,,,,
2026-09-19 00:00:00.000 Z," Australian NBL/Melbourne United v Adelaide 36ers",36069263,HANDICAP,262424045,Handicap,8814925,Melbourne United,-32.5,LOSER,0,192,Melbourne United,v Adelaide 36ers,-2,95,97,1.01,,,1.01,,,1.01,,,,
2026-09-19 00:00:00.000 Z," Australian NBL/Melbourne United v Adelaide 36ers",36069263,HANDICAP,262424045,Handicap,8814925,Melbourne United,-31.5,LOSER,0,192,Melbourne United,v Adelaide 36ers,-2,95,97,1.01,,,1.01,,,1.01,,,,
2026-09-19 00:00:00.000 Z," Australian NBL/Melbourne United v Adelaide 36ers",36069263,HANDICAP,262424045,Handicap,1196397,Adelaide 36ers,-31.5,LOSER,0,192,Melbourne United,v Adelaide 36ers,-2,95,97,1.01,,,1.01,,,1.01,,,,
2026-09-19 00:00:00.000 Z," Australian NBL/Melbourne United v Adelaide 36ers",36069263,HANDICAP,262424045,Handicap,8814925,Melbourne United,-30.5,LOSER,0,192,Melbourne United,v Adelaide 36ers,-2,95,97,1.01,,,1.01,,,1.01,,,,
2026-09-19 00:00:00.000 Z," Australian NBL/Melbourne United v Adelaide 36ers",36069263,HANDICAP,262424045,Handicap,1196397,Adelaide 36ers,-30.5,LOSER,0,192,Melbourne United,v Adelaide 36ers,-2,95,97,1.01,,,1.01,,,1.01,,,,
2026-09-19 00:00:00.000 Z," Australian NBL/Melbourne United v Adelaide 36ers",36069263,HANDICAP,262424045,Handicap,1196397,Adelaide 36ers,-29.5,LOSER,0,192,Melbourne United,v Adelaide 36ers,-2,95,97,1.01,,,1.01,,,1.01,,,,
2026-09-19 00:00:00.000 Z," Australian NBL/Melbourne United v Adelaide 36ers",36069263,HANDICAP,262424045,Handicap,8814925,Melbourne United,-29.5,LOSER,0,192,Melbourne United,v Adelaide 36ers,-2,95,97,1.01,,,1.01,,,1.01,,,,
2026-09-19 00:00:00.000 Z," Australian NBL/Melbourne United v Adelaide 36ers",36069263,HANDICAP,262424045,Handicap,1196397,Adelaide 36ers,-28.5,LOSER,0,192,Melbourne United,v Adelaide 36ers,-2,95,97,1.01,,,1.01,,,1.01,,,,
2026-09-19 00:00:00.000 Z," Australian NBL/Melbourne United v Adelaide 36ers",36069263,HANDICAP,262424045,Handicap,8814925,Melbourne United,-28.5,LOSER,0,192,Melbourne United,v Adelaide 36ers,-2,95,97,1.01,,,1.01,,,1.01,,,,
2026-09-19 00:00:00.000 Z," Australian NBL/Melbourne United v Adelaide 36ers",36069263,HANDICAP,262424045,Handicap,8814925,Melbourne United,-27.5,LOSER,0,192,Melbourne United,v Adelaide 36ers,-2,95,97,1.01,,,1.01,,,1.01,,,,
2026-09-19 00:00:00.000 Z," Australian NBL/Melbourne United v Adelaide 36ers",36069263,HANDICAP,262424045,Handicap,1196397,Adelaide 36ers,-27.5,LOSER,0,192,Melbourne United,v Adelaide 36ers,-2,95,97,1.01,,,1.01,,,1.01,,,,
2026-09-19 00:00:00.000 Z," Australian NBL/Melbourne United v Adelaide 36ers",36069263,HANDICAP,262424045,Handicap,1196397,Adelaide 36ers,-26.5,LOSER,0,192,Melbourne United,v Adelaide 36ers,-2,95,97,1.01,,,1.01,,,1.01,,,,
2026-09-19 00:00:00.000 Z," Australian NBL/Melbourne United v Adelaide 36ers",36069263,HANDICAP,262424045,Handicap,8814925,Melbourne United,-26.5,LOSER,0,192,Melbourne United,v Adelaide 36ers,-2,95,97,1.01,,,1.01,,,1.01,,,,
2026-09-19 00:00:00.000 Z," Australian NBL/Melbourne United v Adelaide 36ers",36069263,HANDICAP,262424045,Handicap,1196397,Adelaide 36ers,-25.5,LOSER,0,192,Melbourne United,v Adelaide 36ers,-2,95,97,1.01,,,1.01,,,1.01,,,,
2026-09-19 00:00:00.000 Z," Australian NBL/Melbourne United v Adelaide 36ers",36069263,HANDICAP,262424045,Handicap,8814925,Melbourne United,-25.5,LOSER,0,192,Melbourne United,v Adelaide 36ers,-2,95,97,11,,,11,,,11,,,,
2026-09-19 00:00:00.000 Z," Australian NBL/Melbourne United v Adelaide 36ers",36069263,HANDICAP,262424045,Handicap,1196397,Adelaide 36ers,-24.5,LOSER,0,192,Melbourne United,v Adelaide 36ers,-2,95,97,1.01,,,1.01,,,1.01,,,,
2026-09-19 00:00:00.000 Z," Australian NBL/Melbourne United v Adelaide 36ers",36069263,HANDICAP,262424045,Handicap,8814925,Melbourne United,-24.5,LOSER,0,192,Melbourne United,v Adelaide 36ers,-2,95,97,9.4,,,9.4,,,10.5,,,,
2026-09-19 00:00:00.000 Z," Australian NBL/Melbourne United v Adelaide 36ers",36069263,HANDICAP,262424045,Handicap,8814925,Melbourne United,-23.5,LOSER,0,192,Melbourne United,v Adelaide 36ers,-2,95,97,8.4,,,8.4,,,9.4,,,,
2026-09-19 00:00:00.000 Z," Australian NBL/Melbourne United v Adelaide 36ers",36069263,HANDICAP,262424045,Handicap,1196397,Adelaide 36ers,-23.5,LOSER,0,192,Melbourne United,v Adelaide 36ers,-2,95,97,11,,,11,,,11,,,,
2026-09-19 00:00:00.000 Z," Australian NBL/Melbourne United v Adelaide 36ers",36069263,HANDICAP,262424045,Handicap,8814925,Melbourne United,-22.5,LOSER,0,192,Melbourne United,v Adelaide 36ers,-2,95,97,7.4,,,7.4,,,8.4,,,,
2026-09-19 00:00:00.000 Z," Australian NBL/Melbourne United v Adelaide 36ers",36069263,HANDICAP,262424045,Handicap,1196397,Adelaide 36ers,-22.5,LOSER,0,192,Melbourne United,v Adelaide 36ers,-2,95,97,4,,,4,,,4,,,,
2026-09-19 00:00:00.000 Z," Australian NBL/Melbourne United v Adelaide 36ers",36069263,HANDICAP,262424045,Handicap,8814925,Melbourne United,-21.5,LOSER,0,192,Melbourne United,v Adelaide 36ers,-2,95,97,7,,,7,,,7.4,19.5,,,
2026-09-19 00:00:00.000 Z," Australian NBL/Melbourne United v Adelaide 36ers",36069263,HANDICAP,262424045,Handicap,1196397,Adelaide 36ers,-21.5,LOSER,0,192,Melbourne United,v Adelaide 36ers,-2,95,97,4,,,4,,,4,,,,
2026-09-19 00:00:00.000 Z," Australian NBL/Melbourne United v Adelaide 36ers",36069263,HANDICAP,262424045,Handicap,1196397,Adelaide 36ers,-20.5,LOSER,0,192,Melbourne United,v Adelaide 36ers,-2,95,97,4,,,4,,,4,,,,
2026-09-19 00:00:00.000 Z," Australian NBL/Melbourne United v Adelaide 36ers",36069263,HANDICAP,262424045,Handicap,8814925,Melbourne United,-20.5,LOSER,0,192,Melbourne United,v Adelaide 36ers,-2,95,97,6.2,16.5,,6.2,16.5,,6.6,17.5,,,
2026-09-19 00:00:00.000 Z," Australian NBL/Melbourne United v Adelaide 36ers",36069263,HANDICAP,262424045,Handicap,8814925,Melbourne United,-19.5,LOSER,0,192,Melbourne United,v Adelaide 36ers,-2,95,97,5.6,12,,5.6,12,,6,12.5,,,
2026-09-19 00:00:00.000 Z," Australian NBL/Melbourne United v Adelaide 36ers",36069263,HANDICAP,262424045,Handicap,1196397,Adelaide 36ers,-19.5,LOSER,0,192,Melbourne United,v Adelaide 36ers,-2,95,97,4,,,4,,,4,,,,
2026-09-19 00:00:00.000 Z," Australian NBL/Melbourne United v Adelaide 36ers",36069263,HANDICAP,262424045,Handicap,1196397,Adelaide 36ers,-18.5,LOSER,0,192,Melbourne United,v Adelaide 36ers,-2,95,97,4,,,4,,,4,,,,
2026-09-19 00:00:00.000 Z," Australian NBL/Melbourne United v Adelaide 36ers",36069263,HANDICAP,262424045,Handicap,8814925,Melbourne United,-18.5,LOSER,0,192,Melbourne United,v Adelaide 36ers,-2,95,97,4.9,9.8,,4.9,9.8,,5.4,10.5,,,
2026-09-19 00:00:00.000 Z," Australian NBL/Melbourne United v Adelaide 36ers",36069263,HANDICAP,262424045,Handicap,1196397,Adelaide 36ers,-17.5,LOSER,0,192,Melbourne United,v Adelaide 36ers,-2,95,97,9,,,9,,,9,,,,
2026-09-19 00:00:00.000 Z," Australian NBL/Melbourne United v Adelaide 36ers",36069263,HANDICAP,262424045,Handicap,8814925,Melbourne United,-17.5,LOSER,0,192,Melbourne United,v Adelaide 36ers,-2,95,97,4.7,8,,4.7,8,,4.8,8.2,,,
2026-09-19 00:00:00.000 Z," Australian NBL/Melbourne United v Adelaide 36ers",36069263,HANDICAP,262424045,Handicap,1196397,Adelaide 36ers,-16.5,LOSER,0,192,Melbourne United,v Adelaide 36ers,-2,95,97,9,,,9,,,9,,,,
2026-09-19 00:00:00.000 Z," Australian NBL/Melbourne United v Adelaide 36ers",36069263,HANDICAP,262424045,Handicap,8814925,Melbourne United,-16.5,LOSER,0,192,Melbourne United,v Adelaide 36ers,-2,95,97,4.1,7,,4.1,7,,4.3,7,,,
2026-09-19 00:00:00.000 Z," Australian NBL/Melbourne United v Adelaide 36ers",36069263,HANDICAP,262424045,Handicap,1196397,Adelaide 36ers,-15.5,LOSER,0,192,Melbourne United,v Adelaide 36ers,-2,95,97,8,,,8,,,8,,,,
2026-09-19 00:00:00.000 Z," Australian NBL/Melbourne United v Adelaide 36ers",36069263,HANDICAP,262424045,Handicap,8814925,Melbourne United,-15.5,LOSER,0,192,Melbourne United,v Adelaide 36ers,-2,95,97,3.7,5.7,,3.7,5.7,,3.95,6.4,,,
2026-09-19 00:00:00.000 Z," Australian NBL/Melbourne United v Adelaide 36ers",36069263,HANDICAP,262424045,Handicap,1196397,Adelaide 36ers,-14.5,LOSER,0,192,Melbourne United,v Adelaide 36ers,-2,95,97,9,,,9,,,11,,,,
2026-09-19 00:00:00.000 Z," Australian NBL/Melbourne United v Adelaide 36ers",36069263,HANDICAP,262424045,Handicap,8814925,Melbourne United,-14.5,LOSER,0,192,Melbourne United,v Adelaide 36ers,-2,95,97,3.35,5,,3.35,5,,3.55,5.5,,,
2026-09-19 00:00:00.000 Z," Australian NBL/Melbourne United v Adelaide 36ers",36069263,HANDICAP,262424045,Handicap,1196397,Adelaide 36ers,-13.5,LOSER,0,192,Melbourne United,v Adelaide 36ers,-2,95,97,6,,,6,,,10.5,,,,
2026-09-19 00:00:00.000 Z," Australian NBL/Melbourne United v Adelaide 36ers",36069263,HANDICAP,262424045,Handicap,8814925,Melbourne United,-13.5,LOSER,0,192,Melbourne United,v Adelaide 36ers,-2,95,97,3.1,4.4,,3.1,4.4,,3.25,4.8,,,
2026-09-19 00:00:00.000 Z," Australian NBL/Melbourne United v Adelaide 36ers",36069263,HANDICAP,262424045,Handicap,1196397,Adelaide 36ers,-12.5,LOSER,0,192,Melbourne United,v Adelaide 36ers,-2,95,97,11,,,11,,,8.6,,,,
2026-09-19 00:00:00.000 Z," Australian NBL/Melbourne United v Adelaide 36ers",36069263,HANDICAP,262424045,Handicap,8814925,Melbourne United,-12.5,LOSER,0,192,Melbourne United,v Adelaide 36ers,-2,95,97,2.76,3.95,,2.76,3.95,,2.96,4.2,,,
2026-09-19 00:00:00.000 Z," Australian NBL/Melbourne United v Adelaide 36ers",36069263,HANDICAP,262424045,Handicap,1196397,Adelaide 36ers,-11.5,LOSER,0,192,Melbourne United,v Adelaide 36ers,-2,95,97,10,,,10,,,8,,,,
2026-09-19 00:00:00.000 Z," Australian NBL/Melbourne United v Adelaide 36ers",36069263,HANDICAP,262424045,Handicap,8814925,Melbourne United,-11.5,LOSER,0,192,Melbourne United,v Adelaide 36ers,-2,95,97,2.7,3.1,,2.7,3.1,,2.7,3.75,,,
2026-09-19 00:00:00.000 Z," Australian NBL/Melbourne United v Adelaide 36ers",36069263,HANDICAP,262424045,Handicap,1196397,Adelaide 36ers,-10.5,LOSER,0,192,Melbourne United,v Adelaide 36ers,-2,95,97,9.2,,,9.2,,,7.2,,,,
2026-09-19 00:00:00.000 Z," Australian NBL/Melbourne United v Adelaide 36ers",36069263,HANDICAP,262424045,Handicap,8814925,Melbourne United,-10.5,LOSER,0,192,Melbourne United,v Adelaide 36ers,-2,95,97,2.56,2.7,198.68,2.56,2.7,198.68,2.54,3.4,198.68,198.68,2.62
2026-09-19 00:00:00.000 Z," Australian NBL/Melbourne United v Adelaide 36ers",36069263,HANDICAP,262424045,Handicap,8814925,Melbourne United,-9.5,LOSER,0,192,Melbourne United,v Adelaide 36ers,-2,95,97,2.4,2.54,245.53,2.38,2.52,245.53,2.54,2.94,245.53,245.53,2.46
2026-09-19 00:00:00.000 Z," Australian NBL/Melbourne United v Adelaide 36ers",36069263,HANDICAP,262424045,Handicap,1196397,Adelaide 36ers,-9.5,LOSER,0,192,Melbourne United,v Adelaide 36ers,-2,95,97,8.2,,,8.2,,,7,17,,,
2026-09-19 00:00:00.000 Z," Australian NBL/Melbourne United v Adelaide 36ers",36069263,HANDICAP,262424045,Handicap,1196397,Adelaide 36ers,-8.5,LOSER,0,192,Melbourne United,v Adelaide 36ers,-2,95,97,6.6,,,6.6,,,5.7,13,,,
2026-09-19 00:00:00.000 Z," Australian NBL/Melbourne United v Adelaide 36ers",36069263,HANDICAP,262424045,Handicap,8814925,Melbourne United,-8.5,LOSER,0,192,Melbourne United,v Adelaide 36ers,-2,95,97,2.22,2.34,67.91,2.2,2.32,67.91,2.4,2.54,162.6,162.6,2.26
2026-09-19 00:00:00.000 Z," Australian NBL/Melbourne United v Adelaide 36ers",36069263,HANDICAP,262424045,Handicap,8814925,Melbourne United,-7.5,LOSER,0,192,Melbourne United,v Adelaide 36ers,-2,95,97,2.02,2.12,222.7,2.02,2.12,222.7,2.24,2.36,1919.08,1928.59,2.26
2026-09-19 00:00:00.000 Z," Australian NBL/Melbourne United v Adelaide 36ers",36069263,HANDICAP,262424045,Handicap,1196397,Adelaide 36ers,-7.5,LOSER,0,192,Melbourne United,v Adelaide 36ers,-2,95,97,6,15.5,,6,15.5,,5.2,10.5,,,
2026-09-19 00:00:00.000 Z," Australian NBL/Melbourne United v Adelaide 36ers",36069263,HANDICAP,262424045,Handicap,8814925,Melbourne United,-6.5,LOSER,0,192,Melbourne United,v Adelaide 36ers,-2,95,97,1.87,1.95,266.78,1.86,1.95,291.78,2.06,2.18,1806.29,1806.29,2.08
2026-09-19 00:00:00.000 Z," Australian NBL/Melbourne United v Adelaide 36ers",36069263,HANDICAP,262424045,Handicap,1196397,Adelaide 36ers,-6.5,LOSER,0,192,Melbourne United,v Adelaide 36ers,-2,95,97,5.4,11.5,,5.4,11.5,,4.7,8.2,,,
2026-09-19 00:00:00.000 Z," Australian NBL/Melbourne United v Adelaide 36ers",36069263,HANDICAP,262424045,Handicap,1196397,Adelaide 36ers,-5.5,LOSER,0,192,Melbourne United,v Adelaide 36ers,-2,95,97,5.1,9.6,,5.1,9.6,,4.3,7.2,,,
2026-09-19 00:00:00.000 Z," Australian NBL/Melbourne United v Adelaide 36ers",36069263,HANDICAP,262424045,Handicap,8814925,Melbourne United,-5.5,LOSER,0,192,Melbourne United,v Adelaide 36ers,-2,95,97,1.77,1.84,1552.77,1.76,1.83,1576.16,1.9,1.99,2235.12,2235.12,1.94
2026-09-19 00:00:00.000 Z," Australian NBL/Melbourne United v Adelaide 36ers",36069263,HANDICAP,262424045,Handicap,8814925,Melbourne United,-4.5,LOSER,0,192,Melbourne United,v Adelaide 36ers,-2,95,97,1.67,1.73,357.12,1.67,1.73,357.12,1.77,1.83,357.12,357.12,1.71
2026-09-19 00:00:00.000 Z," Australian NBL/Melbourne United v Adelaide 36ers",36069263,HANDICAP,262424045,Handicap,1196397,Adelaide 36ers,-4.5,LOSER,0,192,Melbourne United,v Adelaide 36ers,-2,95,97,4.6,7.8,,4.6,7.8,,3.85,6.2,,,
2026-09-19 00:00:00.000 Z," Australian NBL/Melbourne United v Adelaide 36ers",36069263,HANDICAP,262424045,Handicap,1196397,Adelaide 36ers,-3.5,LOSER,0,192,Melbourne United,v Adelaide 36ers,-2,95,97,4.1,6.8,,4.1,6.8,,3.5,5.3,,,
2026-09-19 00:00:00.000 Z," Australian NBL/Melbourne United v Adelaide 36ers",36069263,HANDICAP,262424045,Handicap,8814925,Melbourne United,-3.5,LOSER,0,192,Melbourne United,v Adelaide 36ers,-2,95,97,1.55,1.65,,1.55,1.65,,1.67,1.73,,1000,
2026-09-19 00:00:00.000 Z," Australian NBL/Melbourne United v Adelaide 36ers",36069263,HANDICAP,262424045,Handicap,8814925,Melbourne United,-2.5,LOSER,0,192,Melbourne United,v Adelaide 36ers,-2,95,97,1.5,1.56,,1.5,1.56,,1.55,1.71,,,
2026-09-19 00:00:00.000 Z," Australian NBL/Melbourne United v Adelaide 36ers",36069263,HANDICAP,262424045,Handicap,1196397,Adelaide 36ers,-2.5,LOSER,0,192,Melbourne United,v Adelaide 36ers,-2,95,97,3.7,5.7,,3.7,5.7,,3.2,4.6,,,
2026-09-19 00:00:00.000 Z," Australian NBL/Melbourne United v Adelaide 36ers",36069263,HANDICAP,262424045,Handicap,8814925,Melbourne United,-1.5,LOSER,0,192,Melbourne United,v Adelaide 36ers,-2,95,97,1.44,1.59,,1.44,1.59,,1.48,1.6,,,
2026-09-19 00:00:00.000 Z," Australian NBL/Melbourne United v Adelaide 36ers",36069263,HANDICAP,262424045,Handicap,1196397,Adelaide 36ers,-1.5,WINNER,1,192,Melbourne United,v Adelaide 36ers,-2,95,97,3.35,5,,3.35,5,,2.92,4.1,,7.35,
2026-09-19 00:00:00.000 Z," Australian NBL/Melbourne United v Adelaide 36ers",36069263,HANDICAP,262424045,Handicap,8814925,Melbourne United,-0.5,LOSER,0,192,Melbourne United,v Adelaide 36ers,-2,95,97,1.37,1.51,,1.37,1.51,,1.44,1.6,,,
2026-09-19 00:00:00.000 Z," Australian NBL/Melbourne United v Adelaide 36ers",36069263,HANDICAP,262424045,Handicap,1196397,Adelaide 36ers,-0.5,WINNER,1,192,Melbourne United,v Adelaide 36ers,-2,95,97,3.05,4.4,,3.05,4.4,,2.68,3.75,,,
2026-09-19 00:00:00.000 Z," Australian NBL/Melbourne United v Adelaide 36ers",36069263,HANDICAP,262424045,Handicap,8814925,Melbourne United,0.5,LOSER,0,192,Melbourne United,v Adelaide 36ers,-2,95,97,1.38,1.51,,1.38,1.51,,1.44,1.6,,,
2026-09-19 00:00:00.000 Z," Australian NBL/Melbourne United v Adelaide 36ers",36069263,HANDICAP,262424045,Handicap,1196397,Adelaide 36ers,0.5,WINNER,1,192,Melbourne United,v Adelaide 36ers,-2,95,97,3.05,4.4,1.88,3.05,4.4,1.88,2.68,3.75,17.34,17.34,2.82
2026-09-19 00:00:00.000 Z," Australian NBL/Melbourne United v Adelaide 36ers",36069263,HANDICAP,262424045,Handicap,8814925,Melbourne United,1.5,LOSER,0,192,Melbourne United,v Adelaide 36ers,-2,95,97,1.31,1.43,,1.31,1.43,,1.39,1.53,,,
2026-09-19 00:00:00.000 Z," Australian NBL/Melbourne United v Adelaide 36ers",36069263,HANDICAP,262424045,Handicap,1196397,Adelaide 36ers,1.5,WINNER,1,192,Melbourne United,v Adelaide 36ers,-2,95,97,2.8,3.75,,2.8,3.75,,2.62,3.1,,87.47,
2026-09-19 00:00:00.000 Z," Australian NBL/Melbourne United v Adelaide 36ers",36069263,HANDICAP,262424045,Handicap,8814925,Melbourne United,2.5,WINNER,1,192,Melbourne United,v Adelaide 36ers,-2,95,97,1.27,1.38,,1.27,1.38,,1.34,1.46,,,
2026-09-19 00:00:00.000 Z," Australian NBL/Melbourne United v Adelaide 36ers",36069263,HANDICAP,262424045,Handicap,1196397,Adelaide 36ers,2.5,WINNER,1,192,Melbourne United,v Adelaide 36ers,-2,95,97,2.76,3.1,,2.76,3.1,,2.46,2.88,4.29,4.29,2.4
2026-09-19 00:00:00.000 Z," Australian NBL/Melbourne United v Adelaide 36ers",36069263,HANDICAP,262424045,Handicap,8814925,Melbourne United,3.5,WINNER,1,192,Melbourne United,v Adelaide 36ers,-2,95,97,1.24,1.34,,1.24,1.34,,1.29,1.4,,,
2026-09-19 00:00:00.000 Z," Australian NBL/Melbourne United v Adelaide 36ers",36069263,HANDICAP,262424045,Handicap,1196397,Adelaide 36ers,3.5,WINNER,1,192,Melbourne United,v Adelaide 36ers,-2,95,97,2.54,2.96,13.79,2.54,2.96,13.79,2.36,2.48,90.2,90.2,2.48
2026-09-19 00:00:00.000 Z," Australian NBL/Melbourne United v Adelaide 36ers",36069263,HANDICAP,262424045,Handicap,8814925,Melbourne United,4.5,WINNER,1,192,Melbourne United,v Adelaide 36ers,-2,95,97,1.19,1.29,,1.19,1.29,,1.25,1.36,,,
2026-09-19 00:00:00.000 Z," Australian NBL/Melbourne United v Adelaide 36ers",36069263,HANDICAP,262424045,Handicap,1196397,Adelaide 36ers,4.5,WINNER,1,192,Melbourne United,v Adelaide 36ers,-2,95,97,2.36,2.5,306.79,2.36,2.5,306.79,2.2,2.3,398.44,398.44,2.42
2026-09-19 00:00:00.000 Z," Australian NBL/Melbourne United v Adelaide 36ers",36069263,HANDICAP,262424045,Handicap,8814925,Melbourne United,5.5,WINNER,1,192,Melbourne United,v Adelaide 36ers,-2,95,97,1.17,1.25,,1.17,1.25,,1.22,1.31,,,
2026-09-19 00:00:00.000 Z," Australian NBL/Melbourne United v Adelaide 36ers",36069263,HANDICAP,262424045,Handicap,1196397,Adelaide 36ers,5.5,WINNER,1,192,Melbourne United,v Adelaide 36ers,-2,95,97,2.18,2.3,1645.61,2.2,2.32,1645.61,2,2.1,3645.61,3670.61,2
2026-09-19 00:00:00.000 Z," Australian NBL/Melbourne United v Adelaide 36ers",36069263,HANDICAP,262424045,Handicap,8814925,Melbourne United,6.5,WINNER,1,192,Melbourne United,v Adelaide 36ers,-2,95,97,1.13,1.22,,1.13,1.22,,1.19,1.28,,,
2026-09-19 00:00:00.000 Z," Australian NBL/Melbourne United v Adelaide 36ers",36069263,HANDICAP,262424045,Handicap,1196397,Adelaide 36ers,6.5,WINNER,1,192,Melbourne United,v Adelaide 36ers,-2,95,97,2.04,2.14,561.88,2.06,2.16,561.88,1.87,1.94,7828.15,7828.15,1.85
2026-09-19 00:00:00.000 Z," Australian NBL/Melbourne United v Adelaide 36ers",36069263,HANDICAP,262424045,Handicap,8814925,Melbourne United,7.5,WINNER,1,192,Melbourne United,v Adelaide 36ers,-2,95,97,1.12,1.19,,1.12,1.19,,1.16,1.25,,,
2026-09-19 00:00:00.000 Z," Australian NBL/Melbourne United v Adelaide 36ers",36069263,HANDICAP,262424045,Handicap,1196397,Adelaide 36ers,7.5,WINNER,1,192,Melbourne United,v Adelaide 36ers,-2,95,97,1.89,1.97,425.9,1.9,1.98,425.9,1.74,1.76,11383.17,11401.91,1.76
2026-09-19 00:00:00.000 Z," Australian NBL/Melbourne United v Adelaide 36ers",36069263,HANDICAP,262424045,Handicap,1196397,Adelaide 36ers,8.5,WINNER,1,192,Melbourne United,v Adelaide 36ers,-2,95,97,1.75,1.82,78.41,1.76,1.83,78.41,1.65,1.71,78.41,78.41,1.79
2026-09-19 00:00:00.000 Z," Australian NBL/Melbourne United v Adelaide 36ers",36069263,HANDICAP,262424045,Handicap,8814925,Melbourne United,8.5,WINNER,1,192,Melbourne United,v Adelaide 36ers,-2,95,97,1.09,1.17,,1.09,1.17,,1.13,1.22,,,
2026-09-19 00:00:00.000 Z," Australian NBL/Melbourne United v Adelaide 36ers",36069263,HANDICAP,262424045,Handicap,8814925,Melbourne United,9.5,WINNER,1,192,Melbourne United,v Adelaide 36ers,-2,95,97,1.08,1.15,,1.08,1.15,,1.11,1.2,,,
2026-09-19 00:00:00.000 Z," Australian NBL/Melbourne United v Adelaide 36ers",36069263,HANDICAP,262424045,Handicap,1196397,Adelaide 36ers,9.5,WINNER,1,192,Melbourne United,v Adelaide 36ers,-2,95,97,1.65,1.73,367.1,1.66,1.72,367.1,1.51,1.65,367.1,367.1,1.69
2026-09-19 00:00:00.000 Z," Australian NBL/Melbourne United v Adelaide 36ers",36069263,HANDICAP,262424045,Handicap,1196397,Adelaide 36ers,10.5,WINNER,1,192,Melbourne United,v Adelaide 36ers,-2,95,97,1.58,1.64,431.09,1.59,1.65,431.09,1.43,1.66,431.09,431.09,1.61
2026-09-19 00:00:00.000 Z," Australian NBL/Melbourne United v Adelaide 36ers",36069263,HANDICAP,262424045,Handicap,8814925,Melbourne United,10.5,WINNER,1,192,Melbourne United,v Adelaide 36ers,-2,95,97,1.07,1.13,,1.07,1.13,,1.09,1.18,,,
2026-09-19 00:00:00.000 Z," Australian NBL/Melbourne United v Adelaide 36ers",36069263,HANDICAP,262424045,Handicap,8814925,Melbourne United,11.5,WINNER,1,192,Melbourne United,v Adelaide 36ers,-2,95,97,1.06,1.13,,1.06,1.13,,1.08,1.16,,,
2026-09-19 00:00:00.000 Z," Australian NBL/Melbourne United v Adelaide 36ers",36069263,HANDICAP,262424045,Handicap,1196397,Adelaide 36ers,11.5,WINNER,1,192,Melbourne United,v Adelaide 36ers,-2,95,97,1.48,1.59,,1.48,1.59,,1.37,1.6,,,
2026-09-19 00:00:00.000 Z," Australian NBL/Melbourne United v Adelaide 36ers",36069263,HANDICAP,262424045,Handicap,8814925,Melbourne United,12.5,WINNER,1,192,Melbourne United,v Adelaide 36ers,-2,95,97,1.05,1.11,,1.05,1.11,,1.07,1.12,,,
2026-09-19 00:00:00.000 Z," Australian NBL/Melbourne United v Adelaide 36ers",36069263,HANDICAP,262424045,Handicap,1196397,Adelaide 36ers,12.5,WINNER,1,192,Melbourne United,v Adelaide 36ers,-2,95,97,1.42,1.58,,1.42,1.58,,1.42,1.53,79.9,79.9,1.42
2026-09-19 00:00:00.000 Z," Australian NBL/Melbourne United v Adelaide 36ers",36069263,HANDICAP,262424045,Handicap,1196397,Adelaide 36ers,13.5,WINNER,1,192,Melbourne United,v Adelaide 36ers,-2,95,97,1.36,1.49,,1.36,1.49,,1.36,1.45,79.56,79.56,1.36
2026-09-19 00:00:00.000 Z," Australian NBL/Melbourne United v Adelaide 36ers",36069263,HANDICAP,262424045,Handicap,8814925,Melbourne United,13.5,WINNER,1,192,Melbourne United,v Adelaide 36ers,-2,95,97,1.04,,,1.04,,,1.05,1.11,,,
2026-09-19 00:00:00.000 Z," Australian NBL/Melbourne United v Adelaide 36ers",36069263,HANDICAP,262424045,Handicap,8814925,Melbourne United,14.5,WINNER,1,192,Melbourne United,v Adelaide 36ers,-2,95,97,1.03,,,1.03,,,1.04,1.11,,,
2026-09-19 00:00:00.000 Z," Australian NBL/Melbourne United v Adelaide 36ers",36069263,HANDICAP,262424045,Handicap,1196397,Adelaide 36ers,14.5,WINNER,1,192,Melbourne United,v Adelaide 36ers,-2,95,97,1.31,1.41,,1.32,1.45,,1.25,1.4,80,80,1.34
2026-09-19 00:00:00.000 Z," Australian NBL/Melbourne United v Adelaide 36ers",36069263,HANDICAP,262424045,Handicap,8814925,Melbourne United,15.5,WINNER,1,192,Melbourne United,v Adelaide 36ers,-2,95,97,,,,,,,1.03,,,,
2026-09-19 00:00:00.000 Z," Australian NBL/Melbourne United v Adelaide 36ers",36069263,HANDICAP,262424045,Handicap,1196397,Adelaide 36ers,15.5,WINNER,1,192,Melbourne United,v Adelaide 36ers,-2,95,97,1.27,1.36,,1.27,1.36,,1.22,1.35,80,80,1.27
2026-09-19 00:00:00.000 Z," Australian NBL/Melbourne United v Adelaide 36ers",36069263,HANDICAP,262424045,Handicap,1196397,Adelaide 36ers,16.5,WINNER,1,192,Melbourne United,v Adelaide 36ers,-2,95,97,1.23,1.33,,1.24,1.33,,1.26,1.31,79.73,79.73,1.26
2026-09-19 00:00:00.000 Z," Australian NBL/Melbourne United v Adelaide 36ers",36069263,HANDICAP,262424045,Handicap,8814925,Melbourne United,16.5,WINNER,1,192,Melbourne United,v Adelaide 36ers,-2,95,97,,,,,,,,,,,
2026-09-19 00:00:00.000 Z," Australian NBL/Melbourne United v Adelaide 36ers",36069263,HANDICAP,262424045,Handicap,8814925,Melbourne United,17.5,WINNER,1,192,Melbourne United,v Adelaide 36ers,-2,95,97,,,,,,,,,,,
2026-09-19 00:00:00.000 Z," Australian NBL/Melbourne United v Adelaide 36ers",36069263,HANDICAP,262424045,Handicap,1196397,Adelaide 36ers,17.5,WINNER,1,192,Melbourne United,v Adelaide 36ers,-2,95,97,1.19,1.29,,1.19,1.29,,1.19,1.27,,,
2026-09-19 00:00:00.000 Z," Australian NBL/Melbourne United v Adelaide 36ers",36069263,HANDICAP,262424045,Handicap,8814925,Melbourne United,18.5,WINNER,1,192,Melbourne United,v Adelaide 36ers,-2,95,97,,,,,,,,,,,
2026-09-19 00:00:00.000 Z," Australian NBL/Melbourne United v Adelaide 36ers",36069263,HANDICAP,262424045,Handicap,1196397,Adelaide 36ers,18.5,WINNER,1,192,Melbourne United,v Adelaide 36ers,-2,95,97,1.16,1.25,,1.16,1.25,,1.17,1.24,,,
2026-09-19 00:00:00.000 Z," Australian NBL/Melbourne United v Adelaide 36ers",36069263,HANDICAP,262424045,Handicap,1196397,Adelaide 36ers,19.5,WINNER,1,192,Melbourne United,v Adelaide 36ers,-2,95,97,1.14,1.22,,1.14,1.22,,1.14,1.21,,,
2026-09-19 00:00:00.000 Z," Australian NBL/Melbourne United v Adelaide 36ers",36069263,HANDICAP,262424045,Handicap,8814925,Melbourne United,19.5,WINNER,1,192,Melbourne United,v Adelaide 36ers,-2,95,97,,,,,,,,,,,
2026-09-19 00:00:00.000 Z," Australian NBL/Melbourne United v Adelaide 36ers",36069263,HANDICAP,262424045,Handicap,8814925,Melbourne United,20.5,WINNER,1,192,Melbourne United,v Adelaide 36ers,-2,95,97,,1.69,1.61,,1.69,1.61,,1.69,1.61,1.61,1.69
2026-09-19 00:00:00.000 Z," Australian NBL/Melbourne United v Adelaide 36ers",36069263,HANDICAP,262424045,Handicap,1196397,Adelaide 36ers,20.5,WINNER,1,192,Melbourne United,v Adelaide 36ers,-2,95,97,1.11,1.19,,1.11,1.19,,1.12,1.19,,,
2026-09-19 00:00:00.000 Z," Australian NBL/Melbourne United v Adelaide 36ers",36069263,HANDICAP,262424045,Handicap,1196397,Adelaide 36ers,21.5,WINNER,1,192,Melbourne United,v Adelaide 36ers,-2,95,97,1.1,1.17,,1.1,1.17,,1.1,1.16,180.01,180.01,1.12
2026-09-19 00:00:00.000 Z," Australian NBL/Melbourne United v Adelaide 36ers",36069263,HANDICAP,262424045,Handicap,8814925,Melbourne United,21.5,WINNER,1,192,Melbourne United,v Adelaide 36ers,-2,95,97,,,,,,,,,,,
2026-09-19 00:00:00.000 Z," Australian NBL/Melbourne United v Adelaide 36ers",36069263,HANDICAP,262424045,Handicap,8814925,Melbourne United,22.5,WINNER,1,192,Melbourne United,v Adelaide 36ers,-2,95,97,,,,,,,,,,,
2026-09-19 00:00:00.000 Z," Australian NBL/Melbourne United v Adelaide 36ers",36069263,HANDICAP,262424045,Handicap,1196397,Adelaide 36ers,22.5,WINNER,1,192,Melbourne United,v Adelaide 36ers,-2,95,97,1.09,1.15,,1.09,1.15,,1.08,1.15,,,
2026-09-19 00:00:00.000 Z," Australian NBL/Melbourne United v Adelaide 36ers",36069263,HANDICAP,262424045,Handicap,8814925,Melbourne United,23.5,WINNER,1,192,Melbourne United,v Adelaide 36ers,-2,95,97,,,,,,,,,,,
2026-09-19 00:00:00.000 Z," Australian NBL/Melbourne United v Adelaide 36ers",36069263,HANDICAP,262424045,Handicap,1196397,Adelaide 36ers,23.5,WINNER,1,192,Melbourne United,v Adelaide 36ers,-2,95,97,1.08,1.13,,1.08,1.13,,1.07,1.13,,,
2026-09-19 00:00:00.000 Z," Australian NBL/Melbourne United v Adelaide 36ers",36069263,HANDICAP,262424045,Handicap,1196397,Adelaide 36ers,24.5,WINNER,1,192,Melbourne United,v Adelaide 36ers,-2,95,97,1.07,1.13,,1.07,1.13,,1.06,1.12,94.18,94.18,1.07
2026-09-19 00:00:00.000 Z," Australian NBL/Melbourne United v Adelaide 36ers",36069263,HANDICAP,262424045,Handicap,8814925,Melbourne United,24.5,WINNER,1,192,Melbourne United,v Adelaide 36ers,-2,95,97,,,,,,,,,,,
2026-09-19 00:00:00.000 Z," Australian NBL/Melbourne United v Adelaide 36ers",36069263,HANDICAP,262424045,Handicap,8814925,Melbourne United,25.5,WINNER,1,192,Melbourne United,v Adelaide 36ers,-2,95,97,,,,,,,,,,,
2026-09-19 00:00:00.000 Z," Australian NBL/Melbourne United v Adelaide 36ers",36069263,HANDICAP,262424045,Handicap,1196397,Adelaide 36ers,25.5,WINNER,1,192,Melbourne United,v Adelaide 36ers,-2,95,97,1.04,1.11,,1.04,1.11,,1.04,1.11,,,
2026-09-19 00:00:00.000 Z," Australian NBL/Melbourne United v Adelaide 36ers",36069263,HANDICAP,262424045,Handicap,8814925,Melbourne United,26.5,WINNER,1,192,Melbourne United,v Adelaide 36ers,-2,95,97,,,,,,,,,,,
2026-09-19 00:00:00.000 Z," Australian NBL/Melbourne United v Adelaide 36ers",36069263,HANDICAP,262424045,Handicap,1196397,Adelaide 36ers,26.5,WINNER,1,192,Melbourne United,v Adelaide 36ers,-2,95,97,1.03,,,1.03,,,1.03,,,,
2026-09-19 00:00:00.000 Z," Australian NBL/Melbourne United v Adelaide 36ers",36069263,HANDICAP,262424045,Handicap,8814925,Melbourne United,27.5,WINNER,1,192,Melbourne United,v Adelaide 36ers,-2,95,97,,,,,,,,,,,
2026-09-19 00:00:00.000 Z," Australian NBL/Melbourne United v Adelaide 36ers",36069263,HANDICAP,262424045,Handicap,1196397,Adelaide 36ers,27.5,WINNER,1,192,Melbourne United,v Adelaide 36ers,-2,95,97,1.02,,,1.02,,,1.02,,,,
2026-09-19 00:00:00.000 Z," Australian NBL/Melbourne United v Adelaide 36ers",36069263,HANDICAP,262424045,Handicap,8814925,Melbourne United,28.5,WINNER,1,192,Melbourne United,v Adelaide 36ers,-2,95,97,,,,,,,,,,,
2026-09-19 00:00:00.000 Z," Australian NBL/Melbourne United v Adelaide 36ers",36069263,HANDICAP,262424045,Handicap,1196397,Adelaide 36ers,28.5,WINNER,1,192,Melbourne United,v Adelaide 36ers,-2,95,97,1.03,,,1.03,,,1.03,,,,
2026-09-19 00:00:00.000 Z," Australian NBL/Melbourne United v Adelaide 36ers",36069263,HANDICAP,262424045,Handicap,8814925,Melbourne United,29.5,WINNER,1,192,Melbourne United,v Adelaide 36ers,-2,95,97,,,,,,,,,,,
2026-09-19 00:00:00.000 Z," Australian NBL/Melbourne United v Adelaide 36ers",36069263,HANDICAP,262424045,Handicap,1196397,Adelaide 36ers,29.5,WINNER,1,192,Melbourne United,v Adelaide 36ers,-2,95,97,,,,,,,,,,,
2026-09-19 00:00:00.000 Z," Australian NBL/Melbourne United v Adelaide 36ers",36069263,HANDICAP,262424045,Handicap,1196397,Adelaide 36ers,30.5,WINNER,1,192,Melbourne United,v Adelaide 36ers,-2,95,97,,,,,,,,,,,
2026-09-19 00:00:00.000 Z," Australian NBL/Melbourne United v Adelaide 36ers",36069263,HANDICAP,262424045,Handicap,8814925,Melbourne United,30.5,WINNER,1,192,Melbourne United,v Adelaide 36ers,-2,95,97,,,,,,,,,,,
2026-09-19 00:00:00.000 Z," Australian NBL/Melbourne United v Adelaide 36ers",36069263,HANDICAP,262424045,Handicap,1196397,Adelaide 36ers,31.5,WINNER,1,192,Melbourne United,v Adelaide 36ers,-2,95,97,,,,,,,,,,,
2026-09-19 00:00:00.000 Z," Australian NBL/Melbourne United v Adelaide 36ers",36069263,HANDICAP,262424045,Handicap,8814925,Melbourne United,31.5,WINNER,1,192,Melbourne United,v Adelaide 36ers,-2,95,97,,,,,,,,,,,
2026-09-19 00:00:00.000 Z," Australian NBL/Melbourne United v Adelaide 36ers",36069263,HANDICAP,262424045,Handicap,8814925,Melbourne United,32.5,WINNER,1,192,Melbourne United,v Adelaide 36ers,-2,95,97,,,,,,,,,,,
2026-09-19 00:00:00.000 Z," Australian NBL/Melbourne United v Adelaide 36ers",36069263,HANDICAP,262424045,Handicap,1196397,Adelaide 36ers,32.5,WINNER,1,192,Melbourne United,v Adelaide 36ers,-2,95,97,,,,,,,,,,,
2026-09-19 00:00:00.000 Z," Australian NBL/Melbourne United v Adelaide 36ers",36069263,HANDICAP,262424045,Handicap,8814925,Melbourne United,33.5,WINNER,1,192,Melbourne United,v Adelaide 36ers,-2,95,97,,,,,,,,,,,
2026-09-19 00:00:00.000 Z," Australian NBL/Melbourne United v Adelaide 36ers",36069263,HANDICAP,262424045,Handicap,1196397,Adelaide 36ers,33.5,WINNER,1,192,Melbourne United,v Adelaide 36ers,-2,95,97,,,,,,,,,,,
2026-09-19 00:00:00.000 Z," Australian NBL/Melbourne United v Adelaide 36ers",36069263,HANDICAP,262424045,Handicap,8814925,Melbourne United,34.5,WINNER,1,192,Melbourne United,v Adelaide 36ers,-2,95,97,,,,,,,,,,,
2026-09-19 00:00:00.000 Z," Australian NBL/Melbourne United v Adelaide 36ers",36069263,HANDICAP,262424045,Handicap,1196397,Adelaide 36ers,34.5,WINNER,1,192,Melbourne United,v Adelaide 36ers,-2,95,97,,,,,,,,,,,
2026-09-19 00:00:00.000 Z," Australian NBL/Melbourne United v Adelaide 36ers",36069263,HANDICAP,262424045,Handicap,1196397,Adelaide 36ers,35.5,WINNER,1,192,Melbourne United,v Adelaide 36ers,-2,95,97,,,,,,,,,,,
2026-09-19 00:00:00.000 Z," Australian NBL/Melbourne United v Adelaide 36ers",36069263,HANDICAP,262424045,Handicap,8814925,Melbourne United,35.5,WINNER,1,192,Melbourne United,v Adelaide 36ers,-2,95,97,,,,,,,,,,,
2026-09-19 00:00:00.000 Z," Australian NBL/Melbourne United v Adelaide 36ers",36069263,MATCH_ODDS,262424044,Match Odds,8814925,Melbourne United,0,LOSER,0,192,Melbourne United,v Adelaide 36ers,-2,95,97,1.38,1.4,4199.25,1.39,1.41,4417.31,1.46,1.48,10882.46,19339.16,1.46
2026-09-19 00:00:00.000 Z," Australian NBL/Melbourne United v Adelaide 36ers",36069263,MATCH_ODDS,262424044,Match Odds,1196397,Adelaide 36ers,0,WINNER,1,192,Melbourne United,v Adelaide 36ers,-2,95,97,3.5,3.65,534.85,3.45,3.6,602.35,3.05,3.15,10200.2,18829.74,3.05
2026-09-19 00:00:00.000 Z," Australian NBL/Melbourne United v Adelaide 36ers",36069263,MATCH_ODDS,262425204,Moneyline,8814925,Melbourne United,0,LOSER,0,192,Melbourne United,v Adelaide 36ers,-2,95,97,,,,,,,,,,,
2026-09-19 00:00:00.000 Z," Australian NBL/Melbourne United v Adelaide 36ers",36069263,MATCH_ODDS,262425204,Moneyline,1196397,Adelaide 36ers,0,WINNER,1,192,Melbourne United,v Adelaide 36ers,-2,95,97,,,,,,,,,,,
2026-09-19 00:00:00.000 Z," Australian NBL/Melbourne United v Adelaide 36ers",36069263,COMBINED_TOTAL,262423822,Total Points,7017824,Under,80.5,LOSER,0,192,Melbourne United,v Adelaide 36ers,-2,95,97,1.01,,,1.01,,,1.01,,,,
2026-09-19 00:00:00.000 Z," Australian NBL/Melbourne United v Adelaide 36ers",36069263,COMBINED_TOTAL,262423822,Total Points,7017823,Over,80.5,WINNER,1,192,Melbourne United,v Adelaide 36ers,-2,95,97,,,,,,,,,,,
2026-09-19 00:00:00.000 Z," Australian NBL/Melbourne United v Adelaide 36ers",36069263,COMBINED_TOTAL,262423822,Total Points,7017824,Under,81.5,LOSER,0,192,Melbourne United,v Adelaide 36ers,-2,95,97,1.01,,,1.01,,,1.01,,,,
2026-09-19 00:00:00.000 Z," Australian NBL/Melbourne United v Adelaide 36ers",36069263,COMBINED_TOTAL,262423822,Total Points,7017823,Over,81.5,WINNER,1,192,Melbourne United,v Adelaide 36ers,-2,95,97,,,,,,,,,,,
2026-09-19 00:00:00.000 Z," Australian NBL/Melbourne United v Adelaide 36ers",36069263,COMBINED_TOTAL,262423822,Total Points,7017824,Under,82.5,LOSER,0,192,Melbourne United,v Adelaide 36ers,-2,95,97,1.01,,,1.01,,,1.01,,,,
2026-09-19 00:00:00.000 Z," Australian NBL/Melbourne United v Adelaide 36ers",36069263,COMBINED_TOTAL,262423822,Total Points,7017823,Over,82.5,WINNER,1,192,Melbourne United,v Adelaide 36ers,-2,95,97,,,,,,,,,,,
2026-09-19 00:00:00.000 Z," Australian NBL/Melbourne United v Adelaide 36ers",36069263,COMBINED_TOTAL,262423822,Total Points,7017824,Under,83.5,LOSER,0,192,Melbourne United,v Adelaide 36ers,-2,95,97,1.01,,,1.01,,,1.01,,,,
2026-09-19 00:00:00.000 Z," Australian NBL/Melbourne United v Adelaide 36ers",36069263,COMBINED_TOTAL,262423822,Total Points,7017823,Over,83.5,WINNER,1,192,Melbourne United,v Adelaide 36ers,-2,95,97,,,,,,,,,,,
2026-09-19 00:00:00.000 Z," Australian NBL/Melbourne United v Adelaide 36ers",36069263,COMBINED_TOTAL,262423822,Total Points,7017824,Under,84.5,LOSER,0,192,Melbourne United,v Adelaide 36ers,-2,95,97,1.01,,,1.01,,,1.01,,,,
2026-09-19 00:00:00.000 Z," Australian NBL/Melbourne United v Adelaide 36ers",36069263,COMBINED_TOTAL,262423822,Total Points,7017823,Over,84.5,WINNER,1,192,Melbourne United,v Adelaide 36ers,-2,95,97,,,,,,,,,,,
2026-09-19 00:00:00.000 Z," Australian NBL/Melbourne United v Adelaide 36ers",36069263,COMBINED_TOTAL,262423822,Total Points,7017824,Under,85.5,LOSER,0,192,Melbourne United,v Adelaide 36ers,-2,95,97,1.01,,,1.01,,,1.01,,,,
2026-09-19 00:00:00.000 Z," Australian NBL/Melbourne United v Adelaide 36ers",36069263,COMBINED_TOTAL,262423822,Total Points,7017823,Over,85.5,WINNER,1,192,Melbourne United,v Adelaide 36ers,-2,95,97,,,,,,,,,,,
2026-09-19 00:00:00.000 Z," Australian NBL/Melbourne United v Adelaide 36ers",36069263,COMBINED_TOTAL,262423822,Total Points,7017824,Under,86.5,LOSER,0,192,Melbourne United,v Adelaide 36ers,-2,95,97,1.01,,,1.01,,,1.01,,,,
2026-09-19 00:00:00.000 Z," Australian NBL/Melbourne United v Adelaide 36ers",36069263,COMBINED_TOTAL,262423822,Total Points,7017823,Over,86.5,WINNER,1,192,Melbourne United,v Adelaide 36ers,-2,95,97,,,,,,,,,,,
2026-09-19 00:00:00.000 Z," Australian NBL/Melbourne United v Adelaide 36ers",36069263,COMBINED_TOTAL,262423822,Total Points,7017824,Under,87.5,LOSER,0,192,Melbourne United,v Adelaide 36ers,-2,95,97,1.01,,,1.01,,,1.01,,,,
2026-09-19 00:00:00.000 Z," Australian NBL/Melbourne United v Adelaide 36ers",36069263,COMBINED_TOTAL,262423822,Total Points,7017823,Over,87.5,WINNER,1,192,Melbourne United,v Adelaide 36ers,-2,95,97,,,,,,,,,,,
2026-09-19 00:00:00.000 Z," Australian NBL/Melbourne United v Adelaide 36ers",36069263,COMBINED_TOTAL,262423822,Total Points,7017824,Under,88.5,LOSER,0,192,Melbourne United,v Adelaide 36ers,-2,95,97,1.01,,,1.01,,,1.01,,,,
2026-09-19 00:00:00.000 Z," Australian NBL/Melbourne United v Adelaide 36ers",36069263,COMBINED_TOTAL,262423822,Total Points,7017823,Over,88.5,WINNER,1,192,Melbourne United,v Adelaide 36ers,-2,95,97,,,,,,,,,,,
2026-09-19 00:00:00.000 Z," Australian NBL/Melbourne United v Adelaide 36ers",36069263,COMBINED_TOTAL,262423822,Total Points,7017824,Under,89.5,LOSER,0,192,Melbourne United,v Adelaide 36ers,-2,95,97,1.01,,,1.01,,,1.01,,,,
2026-09-19 00:00:00.000 Z," Australian NBL/Melbourne United v Adelaide 36ers",36069263,COMBINED_TOTAL,262423822,Total Points,7017823,Over,89.5,WINNER,1,192,Melbourne United,v Adelaide 36ers,-2,95,97,,,,,,,,,,,
2026-09-19 00:00:00.000 Z," Australian NBL/Melbourne United v Adelaide 36ers",36069263,COMBINED_TOTAL,262423822,Total Points,7017824,Under,90.5,LOSER,0,192,Melbourne United,v Adelaide 36ers,-2,95,97,1.01,,,1.01,,,1.01,,,,
2026-09-19 00:00:00.000 Z," Australian NBL/Melbourne United v Adelaide 36ers",36069263,COMBINED_TOTAL,262423822,Total Points,7017823,Over,90.5,WINNER,1,192,Melbourne United,v Adelaide 36ers,-2,95,97,,,,,,,,,,,
2026-09-19 00:00:00.000 Z," Australian NBL/Melbourne United v Adelaide 36ers",36069263,COMBINED_TOTAL,262423822,Total Points,7017824,Under,91.5,LOSER,0,192,Melbourne United,v Adelaide 36ers,-2,95,97,1.01,,,1.01,,,1.01,,,,
2026-09-19 00:00:00.000 Z," Australian NBL/Melbourne United v Adelaide 36ers",36069263,COMBINED_TOTAL,262423822,Total Points,7017823,Over,91.5,WINNER,1,192,Melbourne United,v Adelaide 36ers,-2,95,97,,,,,,,,,,,
2026-09-19 00:00:00.000 Z," Australian NBL/Melbourne United v Adelaide 36ers",36069263,COMBINED_TOTAL,262423822,Total Points,7017824,Under,92.5,LOSER,0,192,Melbourne United,v Adelaide 36ers,-2,95,97,1.01,,,1.01,,,1.01,,,,
2026-09-19 00:00:00.000 Z," Australian NBL/Melbourne United v Adelaide 36ers",36069263,COMBINED_TOTAL,262423822,Total Points,7017823,Over,92.5,WINNER,1,192,Melbourne United,v Adelaide 36ers,-2,95,97,,,,,,,,,,,
2026-09-19 00:00:00.000 Z," Australian NBL/Melbourne United v Adelaide 36ers",36069263,COMBINED_TOTAL,262423822,Total Points,7017824,Under,93.5,LOSER,0,192,Melbourne United,v Adelaide 36ers,-2,95,97,1.01,,,1.01,,,1.01,,,,
2026-09-19 00:00:00.000 Z," Australian NBL/Melbourne United v Adelaide 36ers",36069263,COMBINED_TOTAL,262423822,Total Points,7017823,Over,93.5,WINNER,1,192,Melbourne United,v Adelaide 36ers,-2,95,97,,,,,,,,,,,
2026-09-19 00:00:00.000 Z," Australian NBL/Melbourne United v Adelaide 36ers",36069263,COMBINED_TOTAL,262423822,Total Points,7017824,Under,94.5,LOSER,0,192,Melbourne United,v Adelaide 36ers,-2,95,97,1.01,,,1.01,,,1.01,,,,
2026-09-19 00:00:00.000 Z," Australian NBL/Melbourne United v Adelaide 36ers",36069263,COMBINED_TOTAL,262423822,Total Points,7017823,Over,94.5,WINNER,1,192,Melbourne United,v Adelaide 36ers,-2,95,97,,,,,,,,,,,
2026-09-19 00:00:00.000 Z," Australian NBL/Melbourne United v Adelaide 36ers",36069263,COMBINED_TOTAL,262423822,Total Points,7017824,Under,95.5,LOSER,0,192,Melbourne United,v Adelaide 36ers,-2,95,97,1.01,,,1.01,,,1.01,,,,
2026-09-19 00:00:00.000 Z," Australian NBL/Melbourne United v Adelaide 36ers",36069263,COMBINED_TOTAL,262423822,Total Points,7017823,Over,95.5,WINNER,1,192,Melbourne United,v Adelaide 36ers,-2,95,97,,,,,,,,,,,
2026-09-19 00:00:00.000 Z," Australian NBL/Melbourne United v Adelaide 36ers",36069263,COMBINED_TOTAL,262423822,Total Points,7017824,Under,96.5,LOSER,0,192,Melbourne United,v Adelaide 36ers,-2,95,97,1.01,,,1.01,,,1.01,,,,
2026-09-19 00:00:00.000 Z," Australian NBL/Melbourne United v Adelaide 36ers",36069263,COMBINED_TOTAL,262423822,Total Points,7017823,Over,96.5,WINNER,1,192,Melbourne United,v Adelaide 36ers,-2,95,97,,,,,,,,,,,
2026-09-19 00:00:00.000 Z," Australian NBL/Melbourne United v Adelaide 36ers",36069263,COMBINED_TOTAL,262423822,Total Points,7017824,Under,97.5,LOSER,0,192,Melbourne United,v Adelaide 36ers,-2,95,97,1.01,,,1.01,,,1.01,,,,
2026-09-19 00:00:00.000 Z," Australian NBL/Melbourne United v Adelaide 36ers",36069263,COMBINED_TOTAL,262423822,Total Points,7017823,Over,97.5,WINNER,1,192,Melbourne United,v Adelaide 36ers,-2,95,97,,,,,,,,,,,
2026-09-19 00:00:00.000 Z," Australian NBL/Melbourne United v Adelaide 36ers",36069263,COMBINED_TOTAL,262423822,Total Points,7017824,Under,98.5,LOSER,0,192,Melbourne United,v Adelaide 36ers,-2,95,97,,,,,,,,,,,
2026-09-19 00:00:00.000 Z," Australian NBL/Melbourne United v Adelaide 36ers",36069263,COMBINED_TOTAL,262423822,Total Points,7017823,Over,98.5,WINNER,1,192,Melbourne United,v Adelaide 36ers,-2,95,97,,,,,,,,,,,
2026-09-19 00:00:00.000 Z," Australian NBL/Melbourne United v Adelaide 36ers",36069263,COMBINED_TOTAL,262423822,Total Points,7017824,Under,99.5,LOSER,0,192,Melbourne United,v Adelaide 36ers,-2,95,97,1.01,,,1.01,,,1.01,,,,
2026-09-19 00:00:00.000 Z," Australian NBL/Melbourne United v Adelaide 36ers",36069263,COMBINED_TOTAL,262423822,Total Points,7017823,Over,99.5,WINNER,1,192,Melbourne United,v Adelaide 36ers,-2,95,97,,,,,,,,,,,
2026-09-19 00:00:00.000 Z," Australian NBL/Melbourne United v Adelaide 36ers",36069263,COMBINED_TOTAL,262423822,Total Points,7017824,Under,100.5,LOSER,0,192,Melbourne United,v Adelaide 36ers,-2,95,97,1.01,,,1.01,,,1.01,,,,
2026-09-19 00:00:00.000 Z," Australian NBL/Melbourne United v Adelaide 36ers",36069263,COMBINED_TOTAL,262423822,Total Points,7017823,Over,100.5,WINNER,1,192,Melbourne United,v Adelaide 36ers,-2,95,97,,,,,,,,,,,
2026-09-19 00:00:00.000 Z," Australian NBL/Melbourne United v Adelaide 36ers",36069263,COMBINED_TOTAL,262423822,Total Points,7017824,Under,101.5,LOSER,0,192,Melbourne United,v Adelaide 36ers,-2,95,97,1.01,,,1.01,,,1.01,,,,
2026-09-19 00:00:00.000 Z," Australian NBL/Melbourne United v Adelaide 36ers",36069263,COMBINED_TOTAL,262423822,Total Points,7017823,Over,101.5,WINNER,1,192,Melbourne United,v Adelaide 36ers,-2,95,97,,,,,,,,,,,
2026-09-19 00:00:00.000 Z," Australian NBL/Melbourne United v Adelaide 36ers",36069263,COMBINED_TOTAL,262423822,Total Points,7017824,Under,102.5,LOSER,0,192,Melbourne United,v Adelaide 36ers,-2,95,97,1.01,,,1.01,,,1.01,,,,
2026-09-19 00:00:00.000 Z," Australian NBL/Melbourne United v Adelaide 36ers",36069263,COMBINED_TOTAL,262423822,Total Points,7017823,Over,102.5,WINNER,1,192,Melbourne United,v Adelaide 36ers,-2,95,97,,,,,,,,,,,
2026-09-19 00:00:00.000 Z," Australian NBL/Melbourne United v Adelaide 36ers",36069263,COMBINED_TOTAL,262423822,Total Points,7017824,Under,103.5,LOSER,0,192,Melbourne United,v Adelaide 36ers,-2,95,97,1.01,,,1.01,,,1.01,,,,
2026-09-19 00:00:00.000 Z," Australian NBL/Melbourne United v Adelaide 36ers",36069263,COMBINED_TOTAL,262423822,Total Points,7017823,Over,103.5,WINNER,1,192,Melbourne United,v Adelaide 36ers,-2,95,97,,,,,,,,,,,
2026-09-19 00:00:00.000 Z," Australian NBL/Melbourne United v Adelaide 36ers",36069263,COMBINED_TOTAL,262423822,Total Points,7017824,Under,104.5,LOSER,0,192,Melbourne United,v Adelaide 36ers,-2,95,97,1.01,,,1.01,,,1.01,,,,
2026-09-19 00:00:00.000 Z," Australian NBL/Melbourne United v Adelaide 36ers",36069263,COMBINED_TOTAL,262423822,Total Points,7017823,Over,104.5,WINNER,1,192,Melbourne United,v Adelaide 36ers,-2,95,97,,,,,,,,,,,
2026-09-19 00:00:00.000 Z," Australian NBL/Melbourne United v Adelaide 36ers",36069263,COMBINED_TOTAL,262423822,Total Points,7017824,Under,105.5,LOSER,0,192,Melbourne United,v Adelaide 36ers,-2,95,97,1.01,,,1.01,,,1.01,,,,
2026-09-19 00:00:00.000 Z," Australian NBL/Melbourne United v Adelaide 36ers",36069263,COMBINED_TOTAL,262423822,Total Points,7017823,Over,105.5,WINNER,1,192,Melbourne United,v Adelaide 36ers,-2,95,97,,,,,,,,,,,
2026-09-19 00:00:00.000 Z," Australian NBL/Melbourne United v Adelaide 36ers",36069263,COMBINED_TOTAL,262423822,Total Points,7017824,Under,106.5,LOSER,0,192,Melbourne United,v Adelaide 36ers,-2,95,97,1.01,,,1.01,,,1.01,,,,
2026-09-19 00:00:00.000 Z," Australian NBL/Melbourne United v Adelaide 36ers",36069263,COMBINED_TOTAL,262423822,Total Points,7017823,Over,106.5,WINNER,1,192,Melbourne United,v Adelaide 36ers,-2,95,97,,,,,,,,,,,
2026-09-19 00:00:00.000 Z," Australian NBL/Melbourne United v Adelaide 36ers",36069263,COMBINED_TOTAL,262423822,Total Points,7017824,Under,107.5,LOSER,0,192,Melbourne United,v Adelaide 36ers,-2,95,97,1.01,,,1.01,,,1.01,,,,
2026-09-19 00:00:00.000 Z," Australian NBL/Melbourne United v Adelaide 36ers",36069263,COMBINED_TOTAL,262423822,Total Points,7017823,Over,107.5,WINNER,1,192,Melbourne United,v Adelaide 36ers,-2,95,97,,,,,,,,,,,
2026-09-19 00:00:00.000 Z," Australian NBL/Melbourne United v Adelaide 36ers",36069263,COMBINED_TOTAL,262423822,Total Points,7017824,Under,108.5,LOSER,0,192,Melbourne United,v Adelaide 36ers,-2,95,97,1.01,,,1.01,,,1.01,,,,
2026-09-19 00:00:00.000 Z," Australian NBL/Melbourne United v Adelaide 36ers",36069263,COMBINED_TOTAL,262423822,Total Points,7017823,Over,108.5,WINNER,1,192,Melbourne United,v Adelaide 36ers,-2,95,97,,,,,,,,,,,
2026-09-19 00:00:00.000 Z," Australian NBL/Melbourne United v Adelaide 36ers",36069263,COMBINED_TOTAL,262423822,Total Points,7017824,Under,109.5,LOSER,0,192,Melbourne United,v Adelaide 36ers,-2,95,97,1.01,,,1.01,,,1.01,,,,
2026-09-19 00:00:00.000 Z," Australian NBL/Melbourne United v Adelaide 36ers",36069263,COMBINED_TOTAL,262423822,Total Points,7017823,Over,109.5,WINNER,1,192,Melbourne United,v Adelaide 36ers,-2,95,97,,,,,,,,,,,
2026-09-19 00:00:00.000 Z," Australian NBL/Melbourne United v Adelaide 36ers",36069263,COMBINED_TOTAL,262423822,Total Points,7017824,Under,110.5,LOSER,0,192,Melbourne United,v Adelaide 36ers,-2,95,97,1.01,,,1.01,,,1.01,,,,
2026-09-19 00:00:00.000 Z," Australian NBL/Melbourne United v Adelaide 36ers",36069263,COMBINED_TOTAL,262423822,Total Points,7017823,Over,110.5,WINNER,1,192,Melbourne United,v Adelaide 36ers,-2,95,97,,,,,,,,,,,
2026-09-19 00:00:00.000 Z," Australian NBL/Melbourne United v Adelaide 36ers",36069263,COMBINED_TOTAL,262423822,Total Points,7017824,Under,111.5,LOSER,0,192,Melbourne United,v Adelaide 36ers,-2,95,97,1.01,,,1.01,,,1.01,,,,
2026-09-19 00:00:00.000 Z," Australian NBL/Melbourne United v Adelaide 36ers",36069263,COMBINED_TOTAL,262423822,Total Points,7017823,Over,111.5,WINNER,1,192,Melbourne United,v Adelaide 36ers,-2,95,97,,,,,,,,,,,
2026-09-19 00:00:00.000 Z," Australian NBL/Melbourne United v Adelaide 36ers",36069263,COMBINED_TOTAL,262423822,Total Points,7017824,Under,112.5,LOSER,0,192,Melbourne United,v Adelaide 36ers,-2,95,97,1.01,,,1.01,,,1.01,,,,
2026-09-19 00:00:00.000 Z," Australian NBL/Melbourne United v Adelaide 36ers",36069263,COMBINED_TOTAL,262423822,Total Points,7017823,Over,112.5,WINNER,1,192,Melbourne United,v Adelaide 36ers,-2,95,97,,,,,,,,,,,
2026-09-19 00:00:00.000 Z," Australian NBL/Melbourne United v Adelaide 36ers",36069263,COMBINED_TOTAL,262423822,Total Points,7017824,Under,113.5,LOSER,0,192,Melbourne United,v Adelaide 36ers,-2,95,97,1.01,,,1.01,,,1.01,,,,
2026-09-19 00:00:00.000 Z," Australian NBL/Melbourne United v Adelaide 36ers",36069263,COMBINED_TOTAL,262423822,Total Points,7017823,Over,113.5,WINNER,1,192,Melbourne United,v Adelaide 36ers,-2,95,97,,,,,,,,,,,
2026-09-19 00:00:00.000 Z," Australian NBL/Melbourne United v Adelaide 36ers",36069263,COMBINED_TOTAL,262423822,Total Points,7017824,Under,114.5,LOSER,0,192,Melbourne United,v Adelaide 36ers,-2,95,97,1.01,,,1.01,,,1.01,,,,
2026-09-19 00:00:00.000 Z," Australian NBL/Melbourne United v Adelaide 36ers",36069263,COMBINED_TOTAL,262423822,Total Points,7017823,Over,114.5,WINNER,1,192,Melbourne United,v Adelaide 36ers,-2,95,97,,,,,,,,,,,
2026-09-19 00:00:00.000 Z," Australian NBL/Melbourne United v Adelaide 36ers",36069263,COMBINED_TOTAL,262423822,Total Points,7017824,Under,115.5,LOSER,0,192,Melbourne United,v Adelaide 36ers,-2,95,97,1.01,,,1.01,,,1.01,,,,
2026-09-19 00:00:00.000 Z," Australian NBL/Melbourne United v Adelaide 36ers",36069263,COMBINED_TOTAL,262423822,Total Points,7017823,Over,115.5,WINNER,1,192,Melbourne United,v Adelaide 36ers,-2,95,97,,,,,,,,,,,
2026-09-19 00:00:00.000 Z," Australian NBL/Melbourne United v Adelaide 36ers",36069263,COMBINED_TOTAL,262423822,Total Points,7017824,Under,116.5,LOSER,0,192,Melbourne United,v Adelaide 36ers,-2,95,97,1.01,,,1.01,,,1.01,,,,
2026-09-19 00:00:00.000 Z," Australian NBL/Melbourne United v Adelaide 36ers",36069263,COMBINED_TOTAL,262423822,Total Points,7017823,Over,116.5,WINNER,1,192,Melbourne United,v Adelaide 36ers,-2,95,97,,,,,,,,,,,
2026-09-19 00:00:00.000 Z," Australian NBL/Melbourne United v Adelaide 36ers",36069263,COMBINED_TOTAL,262423822,Total Points,7017824,Under,117.5,LOSER,0,192,Melbourne United,v Adelaide 36ers,-2,95,97,1.01,,,1.01,,,1.01,,,,
2026-09-19 00:00:00.000 Z," Australian NBL/Melbourne United v Adelaide 36ers",36069263,COMBINED_TOTAL,262423822,Total Points,7017823,Over,117.5,WINNER,1,192,Melbourne United,v Adelaide 36ers,-2,95,97,,,,,,,,,,,
2026-09-19 00:00:00.000 Z," Australian NBL/Melbourne United v Adelaide 36ers",36069263,COMBINED_TOTAL,262423822,Total Points,7017824,Under,118.5,LOSER,0,192,Melbourne United,v Adelaide 36ers,-2,95,97,1.01,,,1.01,,,1.01,,,,
2026-09-19 00:00:00.000 Z," Australian NBL/Melbourne United v Adelaide 36ers",36069263,COMBINED_TOTAL,262423822,Total Points,7017823,Over,118.5,WINNER,1,192,Melbourne United,v Adelaide 36ers,-2,95,97,,,,,,,,,,,
2026-09-19 00:00:00.000 Z," Australian NBL/Melbourne United v Adelaide 36ers",36069263,COMBINED_TOTAL,262423822,Total Points,7017824,Under,119.5,LOSER,0,192,Melbourne United,v Adelaide 36ers,-2,95,97,1.01,,,1.01,,,1.01,,,,
2026-09-19 00:00:00.000 Z," Australian NBL/Melbourne United v Adelaide 36ers",36069263,COMBINED_TOTAL,262423822,Total Points,7017823,Over,119.5,WINNER,1,192,Melbourne United,v Adelaide 36ers,-2,95,97,,,,,,,,,,,
2026-09-19 00:00:00.000 Z," Australian NBL/Melbourne United v Adelaide 36ers",36069263,COMBINED_TOTAL,262423822,Total Points,7017824,Under,120.5,LOSER,0,192,Melbourne United,v Adelaide 36ers,-2,95,97,1.01,,,1.01,,,1.01,,,,
2026-09-19 00:00:00.000 Z," Australian NBL/Melbourne United v Adelaide 36ers",36069263,COMBINED_TOTAL,262423822,Total Points,7017823,Over,120.5,WINNER,1,192,Melbourne United,v Adelaide 36ers,-2,95,97,,,,,,,,,,,
2026-09-19 00:00:00.000 Z," Australian NBL/Melbourne United v Adelaide 36ers",36069263,COMBINED_TOTAL,262423822,Total Points,7017824,Under,121.5,LOSER,0,192,Melbourne United,v Adelaide 36ers,-2,95,97,1.01,,,1.01,,,1.01,,,,
2026-09-19 00:00:00.000 Z," Australian NBL/Melbourne United v Adelaide 36ers",36069263,COMBINED_TOTAL,262423822,Total Points,7017823,Over,121.5,WINNER,1,192,Melbourne United,v Adelaide 36ers,-2,95,97,,,,,,,,,,,
2026-09-19 00:00:00.000 Z," Australian NBL/Melbourne United v Adelaide 36ers",36069263,COMBINED_TOTAL,262423822,Total Points,7017824,Under,122.5,LOSER,0,192,Melbourne United,v Adelaide 36ers,-2,95,97,1.01,,,1.01,,,1.01,,,,
2026-09-19 00:00:00.000 Z," Australian NBL/Melbourne United v Adelaide 36ers",36069263,COMBINED_TOTAL,262423822,Total Points,7017823,Over,122.5,WINNER,1,192,Melbourne United,v Adelaide 36ers,-2,95,97,,,,,,,,,,,
2026-09-19 00:00:00.000 Z," Australian NBL/Melbourne United v Adelaide 36ers",36069263,COMBINED_TOTAL,262423822,Total Points,7017824,Under,123.5,LOSER,0,192,Melbourne United,v Adelaide 36ers,-2,95,97,1.01,,,1.01,,,1.01,,,,
2026-09-19 00:00:00.000 Z," Australian NBL/Melbourne United v Adelaide 36ers",36069263,COMBINED_TOTAL,262423822,Total Points,7017823,Over,123.5,WINNER,1,192,Melbourne United,v Adelaide 36ers,-2,95,97,,,,,,,,,,,
2026-09-19 00:00:00.000 Z," Australian NBL/Melbourne United v Adelaide 36ers",36069263,COMBINED_TOTAL,262423822,Total Points,7017824,Under,124.5,LOSER,0,192,Melbourne United,v Adelaide 36ers,-2,95,97,1.01,,,1.01,,,1.01,,,,
2026-09-19 00:00:00.000 Z," Australian NBL/Melbourne United v Adelaide 36ers",36069263,COMBINED_TOTAL,262423822,Total Points,7017823,Over,124.5,WINNER,1,192,Melbourne United,v Adelaide 36ers,-2,95,97,,,,,,,,,,,
2026-09-19 00:00:00.000 Z," Australian NBL/Melbourne United v Adelaide 36ers",36069263,COMBINED_TOTAL,262423822,Total Points,7017824,Under,125.5,LOSER,0,192,Melbourne United,v Adelaide 36ers,-2,95,97,1.01,,,1.01,,,1.01,,,,
2026-09-19 00:00:00.000 Z," Australian NBL/Melbourne United v Adelaide 36ers",36069263,COMBINED_TOTAL,262423822,Total Points,7017823,Over,125.5,WINNER,1,192,Melbourne United,v Adelaide 36ers,-2,95,97,,,,,,,,,,,
2026-09-19 00:00:00.000 Z," Australian NBL/Melbourne United v Adelaide 36ers",36069263,COMBINED_TOTAL,262423822,Total Points,7017824,Under,126.5,LOSER,0,192,Melbourne United,v Adelaide 36ers,-2,95,97,1.01,,,1.01,,,1.01,,,,
2026-09-19 00:00:00.000 Z," Australian NBL/Melbourne United v Adelaide 36ers",36069263,COMBINED_TOTAL,262423822,Total Points,7017823,Over,126.5,WINNER,1,192,Melbourne United,v Adelaide 36ers,-2,95,97,,,,,,,,,,,
2026-09-19 00:00:00.000 Z," Australian NBL/Melbourne United v Adelaide 36ers",36069263,COMBINED_TOTAL,262423822,Total Points,7017824,Under,127.5,LOSER,0,192,Melbourne United,v Adelaide 36ers,-2,95,97,1.01,,,1.01,,,1.01,,,,
2026-09-19 00:00:00.000 Z," Australian NBL/Melbourne United v Adelaide 36ers",36069263,COMBINED_TOTAL,262423822,Total Points,7017823,Over,127.5,WINNER,1,192,Melbourne United,v Adelaide 36ers,-2,95,97,,,,,,,,,,,
2026-09-19 00:00:00.000 Z," Australian NBL/Melbourne United v Adelaide 36ers",36069263,COMBINED_TOTAL,262423822,Total Points,7017824,Under,128.5,LOSER,0,192,Melbourne United,v Adelaide 36ers,-2,95,97,1.01,,,1.01,,,1.01,,,,
2026-09-19 00:00:00.000 Z," Australian NBL/Melbourne United v Adelaide 36ers",36069263,COMBINED_TOTAL,262423822,Total Points,7017823,Over,128.5,WINNER,1,192,Melbourne United,v Adelaide 36ers,-2,95,97,,,,,,,,,,,
2026-09-19 00:00:00.000 Z," Australian NBL/Melbourne United v Adelaide 36ers",36069263,COMBINED_TOTAL,262423822,Total Points,7017824,Under,129.5,LOSER,0,192,Melbourne United,v Adelaide 36ers,-2,95,97,1.01,,,1.01,,,1.01,,,,
2026-09-19 00:00:00.000 Z," Australian NBL/Melbourne United v Adelaide 36ers",36069263,COMBINED_TOTAL,262423822,Total Points,7017823,Over,129.5,WINNER,1,192,Melbourne United,v Adelaide 36ers,-2,95,97,,,,,,,,,,,
2026-09-19 00:00:00.000 Z," Australian NBL/Melbourne United v Adelaide 36ers",36069263,COMBINED_TOTAL,262423822,Total Points,7017824,Under,130.5,LOSER,0,192,Melbourne United,v Adelaide 36ers,-2,95,97,1.01,,,1.01,,,1.01,,,,
2026-09-19 00:00:00.000 Z," Australian NBL/Melbourne United v Adelaide 36ers",36069263,COMBINED_TOTAL,262423822,Total Points,7017823,Over,130.5,WINNER,1,192,Melbourne United,v Adelaide 36ers,-2,95,97,,,,,,,,,,,
2026-09-19 00:00:00.000 Z," Australian NBL/Melbourne United v Adelaide 36ers",36069263,COMBINED_TOTAL,262423822,Total Points,7017824,Under,131.5,LOSER,0,192,Melbourne United,v Adelaide 36ers,-2,95,97,1.01,,,1.01,,,1.01,,,,
2026-09-19 00:00:00.000 Z," Australian NBL/Melbourne United v Adelaide 36ers",36069263,COMBINED_TOTAL,262423822,Total Points,7017823,Over,131.5,WINNER,1,192,Melbourne United,v Adelaide 36ers,-2,95,97,,,,,,,,,,,
2026-09-19 00:00:00.000 Z," Australian NBL/Melbourne United v Adelaide 36ers",36069263,COMBINED_TOTAL,262423822,Total Points,7017824,Under,132.5,LOSER,0,192,Melbourne United,v Adelaide 36ers,-2,95,97,1.01,,,1.01,,,1.01,,,,
2026-09-19 00:00:00.000 Z," Australian NBL/Melbourne United v Adelaide 36ers",36069263,COMBINED_TOTAL,262423822,Total Points,7017823,Over,132.5,WINNER,1,192,Melbourne United,v Adelaide 36ers,-2,95,97,,,,,,,,,,,
2026-09-19 00:00:00.000 Z," Australian NBL/Melbourne United v Adelaide 36ers",36069263,COMBINED_TOTAL,262423822,Total Points,7017824,Under,133.5,LOSER,0,192,Melbourne United,v Adelaide 36ers,-2,95,97,1.01,,,1.01,,,1.01,,,,
2026-09-19 00:00:00.000 Z," Australian NBL/Melbourne United v Adelaide 36ers",36069263,COMBINED_TOTAL,262423822,Total Points,7017823,Over,133.5,WINNER,1,192,Melbourne United,v Adelaide 36ers,-2,95,97,,,,,,,,,,,
2026-09-19 00:00:00.000 Z," Australian NBL/Melbourne United v Adelaide 36ers",36069263,COMBINED_TOTAL,262423822,Total Points,7017824,Under,134.5,LOSER,0,192,Melbourne United,v Adelaide 36ers,-2,95,97,1.01,,,1.01,,,1.01,,,,
2026-09-19 00:00:00.000 Z," Australian NBL/Melbourne United v Adelaide 36ers",36069263,COMBINED_TOTAL,262423822,Total Points,7017823,Over,134.5,WINNER,1,192,Melbourne United,v Adelaide 36ers,-2,95,97,,,,,,,,,,,
2026-09-19 00:00:00.000 Z," Australian NBL/Melbourne United v Adelaide 36ers",36069263,COMBINED_TOTAL,262423822,Total Points,7017824,Under,135.5,LOSER,0,192,Melbourne United,v Adelaide 36ers,-2,95,97,1.01,,,1.01,,,1.01,,,,
2026-09-19 00:00:00.000 Z," Australian NBL/Melbourne United v Adelaide 36ers",36069263,COMBINED_TOTAL,262423822,Total Points,7017823,Over,135.5,WINNER,1,192,Melbourne United,v Adelaide 36ers,-2,95,97,,,,,,,,,,,
2026-09-19 00:00:00.000 Z," Australian NBL/Melbourne United v Adelaide 36ers",36069263,COMBINED_TOTAL,262423822,Total Points,7017824,Under,136.5,LOSER,0,192,Melbourne United,v Adelaide 36ers,-2,95,97,1.01,,,1.01,,,1.01,,,,
2026-09-19 00:00:00.000 Z," Australian NBL/Melbourne United v Adelaide 36ers",36069263,COMBINED_TOTAL,262423822,Total Points,7017823,Over,136.5,WINNER,1,192,Melbourne United,v Adelaide 36ers,-2,95,97,,,,,,,,,,,
2026-09-19 00:00:00.000 Z," Australian NBL/Melbourne United v Adelaide 36ers",36069263,COMBINED_TOTAL,262423822,Total Points,7017824,Under,137.5,LOSER,0,192,Melbourne United,v Adelaide 36ers,-2,95,97,1.01,,,1.01,,,1.01,,,,
2026-09-19 00:00:00.000 Z," Australian NBL/Melbourne United v Adelaide 36ers",36069263,COMBINED_TOTAL,262423822,Total Points,7017823,Over,137.5,WINNER,1,192,Melbourne United,v Adelaide 36ers,-2,95,97,,,,,,,,,,,
2026-09-19 00:00:00.000 Z," Australian NBL/Melbourne United v Adelaide 36ers",36069263,COMBINED_TOTAL,262423822,Total Points,7017824,Under,138.5,LOSER,0,192,Melbourne United,v Adelaide 36ers,-2,95,97,1.01,,,1.01,,,1.01,,,,
2026-09-19 00:00:00.000 Z," Australian NBL/Melbourne United v Adelaide 36ers",36069263,COMBINED_TOTAL,262423822,Total Points,7017823,Over,138.5,WINNER,1,192,Melbourne United,v Adelaide 36ers,-2,95,97,,,,,,,,,,,
2026-09-19 00:00:00.000 Z," Australian NBL/Melbourne United v Adelaide 36ers",36069263,COMBINED_TOTAL,262423822,Total Points,7017824,Under,139.5,LOSER,0,192,Melbourne United,v Adelaide 36ers,-2,95,97,1.01,,,1.01,,,1.01,,,,
2026-09-19 00:00:00.000 Z," Australian NBL/Melbourne United v Adelaide 36ers",36069263,COMBINED_TOTAL,262423822,Total Points,7017823,Over,139.5,WINNER,1,192,Melbourne United,v Adelaide 36ers,-2,95,97,,,,,,,,,,,
2026-09-19 00:00:00.000 Z," Australian NBL/Melbourne United v Adelaide 36ers",36069263,COMBINED_TOTAL,262423822,Total Points,7017824,Under,140.5,LOSER,0,192,Melbourne United,v Adelaide 36ers,-2,95,97,1.01,,,1.01,,,1.01,,,,
2026-09-19 00:00:00.000 Z," Australian NBL/Melbourne United v Adelaide 36ers",36069263,COMBINED_TOTAL,262423822,Total Points,7017823,Over,140.5,WINNER,1,192,Melbourne United,v Adelaide 36ers,-2,95,97,,,,,,,,,,,
2026-09-19 00:00:00.000 Z," Australian NBL/Melbourne United v Adelaide 36ers",36069263,COMBINED_TOTAL,262423822,Total Points,7017824,Under,141.5,LOSER,0,192,Melbourne United,v Adelaide 36ers,-2,95,97,1.01,,,1.01,,,1.01,,,,
2026-09-19 00:00:00.000 Z," Australian NBL/Melbourne United v Adelaide 36ers",36069263,COMBINED_TOTAL,262423822,Total Points,7017823,Over,141.5,WINNER,1,192,Melbourne United,v Adelaide 36ers,-2,95,97,,,,,,,,,,,
2026-09-19 00:00:00.000 Z," Australian NBL/Melbourne United v Adelaide 36ers",36069263,COMBINED_TOTAL,262423822,Total Points,7017824,Under,142.5,LOSER,0,192,Melbourne United,v Adelaide 36ers,-2,95,97,1.01,,,1.01,,,1.01,,,,
2026-09-19 00:00:00.000 Z," Australian NBL/Melbourne United v Adelaide 36ers",36069263,COMBINED_TOTAL,262423822,Total Points,7017823,Over,142.5,WINNER,1,192,Melbourne United,v Adelaide 36ers,-2,95,97,,,,,,,,,,,
2026-09-19 00:00:00.000 Z," Australian NBL/Melbourne United v Adelaide 36ers",36069263,COMBINED_TOTAL,262423822,Total Points,7017824,Under,143.5,LOSER,0,192,Melbourne United,v Adelaide 36ers,-2,95,97,1.01,,,1.01,,,1.01,,,,
2026-09-19 00:00:00.000 Z," Australian NBL/Melbourne United v Adelaide 36ers",36069263,COMBINED_TOTAL,262423822,Total Points,7017823,Over,143.5,WINNER,1,192,Melbourne United,v Adelaide 36ers,-2,95,97,,,,,,,,,,,
2026-09-19 00:00:00.000 Z," Australian NBL/Melbourne United v Adelaide 36ers",36069263,COMBINED_TOTAL,262423822,Total Points,7017824,Under,144.5,LOSER,0,192,Melbourne United,v Adelaide 36ers,-2,95,97,1.01,,,1.01,,,1.01,,,,
2026-09-19 00:00:00.000 Z," Australian NBL/Melbourne United v Adelaide 36ers",36069263,COMBINED_TOTAL,262423822,Total Points,7017823,Over,144.5,WINNER,1,192,Melbourne United,v Adelaide 36ers,-2,95,97,,,,,,,,,,,
2026-09-19 00:00:00.000 Z," Australian NBL/Melbourne United v Adelaide 36ers",36069263,COMBINED_TOTAL,262423822,Total Points,7017824,Under,145.5,LOSER,0,192,Melbourne United,v Adelaide 36ers,-2,95,97,1.01,,,1.01,,,1.01,,,,
2026-09-19 00:00:00.000 Z," Australian NBL/Melbourne United v Adelaide 36ers",36069263,COMBINED_TOTAL,262423822,Total Points,7017823,Over,145.5,WINNER,1,192,Melbourne United,v Adelaide 36ers,-2,95,97,,,,,,,,,,,
2026-09-19 00:00:00.000 Z," Australian NBL/Melbourne United v Adelaide 36ers",36069263,COMBINED_TOTAL,262423822,Total Points,7017824,Under,146.5,LOSER,0,192,Melbourne United,v Adelaide 36ers,-2,95,97,1.01,,,1.01,,,1.01,,,,
2026-09-19 00:00:00.000 Z," Australian NBL/Melbourne United v Adelaide 36ers",36069263,COMBINED_TOTAL,262423822,Total Points,7017823,Over,146.5,WINNER,1,192,Melbourne United,v Adelaide 36ers,-2,95,97,,,,,,,,,,,
2026-09-19 00:00:00.000 Z," Australian NBL/Melbourne United v Adelaide 36ers",36069263,COMBINED_TOTAL,262423822,Total Points,7017824,Under,147.5,LOSER,0,192,Melbourne United,v Adelaide 36ers,-2,95,97,1.01,,,1.01,,,1.01,,,,
2026-09-19 00:00:00.000 Z," Australian NBL/Melbourne United v Adelaide 36ers",36069263,COMBINED_TOTAL,262423822,Total Points,7017823,Over,147.5,WINNER,1,192,Melbourne United,v Adelaide 36ers,-2,95,97,,,,,,,,,,,
2026-09-19 00:00:00.000 Z," Australian NBL/Melbourne United v Adelaide 36ers",36069263,COMBINED_TOTAL,262423822,Total Points,7017824,Under,148.5,LOSER,0,192,Melbourne United,v Adelaide 36ers,-2,95,97,1.01,,,1.01,,,1.01,,,,
2026-09-19 00:00:00.000 Z," Australian NBL/Melbourne United v Adelaide 36ers",36069263,COMBINED_TOTAL,262423822,Total Points,7017823,Over,148.5,WINNER,1,192,Melbourne United,v Adelaide 36ers,-2,95,97,,,,,,,,,,,
2026-09-19 00:00:00.000 Z," Australian NBL/Melbourne United v Adelaide 36ers",36069263,COMBINED_TOTAL,262423822,Total Points,7017824,Under,149.5,LOSER,0,192,Melbourne United,v Adelaide 36ers,-2,95,97,1.01,,,1.01,,,1.01,,,,
2026-09-19 00:00:00.000 Z," Australian NBL/Melbourne United v Adelaide 36ers",36069263,COMBINED_TOTAL,262423822,Total Points,7017823,Over,149.5,WINNER,1,192,Melbourne United,v Adelaide 36ers,-2,95,97,,,,,,,,,,,
2026-09-19 00:00:00.000 Z," Australian NBL/Melbourne United v Adelaide 36ers",36069263,COMBINED_TOTAL,262423822,Total Points,7017824,Under,150.5,LOSER,0,192,Melbourne United,v Adelaide 36ers,-2,95,97,1.01,,,1.01,,,1.01,,,,
2026-09-19 00:00:00.000 Z," Australian NBL/Melbourne United v Adelaide 36ers",36069263,COMBINED_TOTAL,262423822,Total Points,7017823,Over,150.5,WINNER,1,192,Melbourne United,v Adelaide 36ers,-2,95,97,,,,,,,,,,,
2026-09-19 00:00:00.000 Z," Australian NBL/Melbourne United v Adelaide 36ers",36069263,COMBINED_TOTAL,262423822,Total Points,7017824,Under,151.5,LOSER,0,192,Melbourne United,v Adelaide 36ers,-2,95,97,1.01,,,1.01,,,1.01,,,,
2026-09-19 00:00:00.000 Z," Australian NBL/Melbourne United v Adelaide 36ers",36069263,COMBINED_TOTAL,262423822,Total Points,7017823,Over,151.5,WINNER,1,192,Melbourne United,v Adelaide 36ers,-2,95,97,,,,,,,,,,,
2026-09-19 00:00:00.000 Z," Australian NBL/Melbourne United v Adelaide 36ers",36069263,COMBINED_TOTAL,262423822,Total Points,7017824,Under,152.5,LOSER,0,192,Melbourne United,v Adelaide 36ers,-2,95,97,1.01,,,1.01,,,1.01,,,,
2026-09-19 00:00:00.000 Z," Australian NBL/Melbourne United v Adelaide 36ers",36069263,COMBINED_TOTAL,262423822,Total Points,7017823,Over,152.5,WINNER,1,192,Melbourne United,v Adelaide 36ers,-2,95,97,,,,,,,,,,,
2026-09-19 00:00:00.000 Z," Australian NBL/Melbourne United v Adelaide 36ers",36069263,COMBINED_TOTAL,262423822,Total Points,7017824,Under,153.5,LOSER,0,192,Melbourne United,v Adelaide 36ers,-2,95,97,1.01,,,1.01,,,1.01,,,,
2026-09-19 00:00:00.000 Z," Australian NBL/Melbourne United v Adelaide 36ers",36069263,COMBINED_TOTAL,262423822,Total Points,7017823,Over,153.5,WINNER,1,192,Melbourne United,v Adelaide 36ers,-2,95,97,,,,,,,,,,,
2026-09-19 00:00:00.000 Z," Australian NBL/Melbourne United v Adelaide 36ers",36069263,COMBINED_TOTAL,262423822,Total Points,7017824,Under,154.5,LOSER,0,192,Melbourne United,v Adelaide 36ers,-2,95,97,1.01,,,1.01,,,1.01,,,,
2026-09-19 00:00:00.000 Z," Australian NBL/Melbourne United v Adelaide 36ers",36069263,COMBINED_TOTAL,262423822,Total Points,7017823,Over,154.5,WINNER,1,192,Melbourne United,v Adelaide 36ers,-2,95,97,,,,,,,,,,,
2026-09-19 00:00:00.000 Z," Australian NBL/Melbourne United v Adelaide 36ers",36069263,COMBINED_TOTAL,262423822,Total Points,7017824,Under,155.5,LOSER,0,192,Melbourne United,v Adelaide 36ers,-2,95,97,1.01,,,1.01,,,1.01,,,,
2026-09-19 00:00:00.000 Z," Australian NBL/Melbourne United v Adelaide 36ers",36069263,COMBINED_TOTAL,262423822,Total Points,7017823,Over,155.5,WINNER,1,192,Melbourne United,v Adelaide 36ers,-2,95,97,,,,,,,,,,,
2026-09-19 00:00:00.000 Z," Australian NBL/Melbourne United v Adelaide 36ers",36069263,COMBINED_TOTAL,262423822,Total Points,7017824,Under,156.5,LOSER,0,192,Melbourne United,v Adelaide 36ers,-2,95,97,1.01,,,1.01,,,1.01,,,,
2026-09-19 00:00:00.000 Z," Australian NBL/Melbourne United v Adelaide 36ers",36069263,COMBINED_TOTAL,262423822,Total Points,7017823,Over,156.5,WINNER,1,192,Melbourne United,v Adelaide 36ers,-2,95,97,,,,,,,,,,,
2026-09-19 00:00:00.000 Z," Australian NBL/Melbourne United v Adelaide 36ers",36069263,COMBINED_TOTAL,262423822,Total Points,7017824,Under,157.5,LOSER,0,192,Melbourne United,v Adelaide 36ers,-2,95,97,2,,,2,,23.39,2.2,,23.39,23.39,2
2026-09-19 00:00:00.000 Z," Australian NBL/Melbourne United v Adelaide 36ers",36069263,COMBINED_TOTAL,262423822,Total Points,7017823,Over,157.5,WINNER,1,192,Melbourne United,v Adelaide 36ers,-2,95,97,,,,,,,,,,,
2026-09-19 00:00:00.000 Z," Australian NBL/Melbourne United v Adelaide 36ers",36069263,COMBINED_TOTAL,262423822,Total Points,7017824,Under,158.5,LOSER,0,192,Melbourne United,v Adelaide 36ers,-2,95,97,1.01,,,1.01,,,1.01,,,,
2026-09-19 00:00:00.000 Z," Australian NBL/Melbourne United v Adelaide 36ers",36069263,COMBINED_TOTAL,262423822,Total Points,7017823,Over,158.5,WINNER,1,192,Melbourne United,v Adelaide 36ers,-2,95,97,,,,,,,,,,,
2026-09-19 00:00:00.000 Z," Australian NBL/Melbourne United v Adelaide 36ers",36069263,COMBINED_TOTAL,262423822,Total Points,7017824,Under,159.5,LOSER,0,192,Melbourne United,v Adelaide 36ers,-2,95,97,1.01,,,1.01,,,1.01,,,,
2026-09-19 00:00:00.000 Z," Australian NBL/Melbourne United v Adelaide 36ers",36069263,COMBINED_TOTAL,262423822,Total Points,7017823,Over,159.5,WINNER,1,192,Melbourne United,v Adelaide 36ers,-2,95,97,1.01,,,1.01,,,1.01,,,,
2026-09-19 00:00:00.000 Z," Australian NBL/Melbourne United v Adelaide 36ers",36069263,COMBINED_TOTAL,262423822,Total Points,7017824,Under,160.5,LOSER,0,192,Melbourne United,v Adelaide 36ers,-2,95,97,1.01,,,1.01,,,1.01,,,,
2026-09-19 00:00:00.000 Z," Australian NBL/Melbourne United v Adelaide 36ers",36069263,COMBINED_TOTAL,262423822,Total Points,7017823,Over,160.5,WINNER,1,192,Melbourne United,v Adelaide 36ers,-2,95,97,1.02,,,1.02,,,1.02,,,,
2026-09-19 00:00:00.000 Z," Australian NBL/Melbourne United v Adelaide 36ers",36069263,COMBINED_TOTAL,262423822,Total Points,7017824,Under,161.5,LOSER,0,192,Melbourne United,v Adelaide 36ers,-2,95,97,1.01,,,1.01,,,1.01,,,,
2026-09-19 00:00:00.000 Z," Australian NBL/Melbourne United v Adelaide 36ers",36069263,COMBINED_TOTAL,262423822,Total Points,7017823,Over,161.5,WINNER,1,192,Melbourne United,v Adelaide 36ers,-2,95,97,1.03,,,1.03,,,1.03,,,,
2026-09-19 00:00:00.000 Z," Australian NBL/Melbourne United v Adelaide 36ers",36069263,COMBINED_TOTAL,262423822,Total Points,7017824,Under,162.5,LOSER,0,192,Melbourne United,v Adelaide 36ers,-2,95,97,1.01,,,1.01,,,1.01,,,,
2026-09-19 00:00:00.000 Z," Australian NBL/Melbourne United v Adelaide 36ers",36069263,COMBINED_TOTAL,262423822,Total Points,7017823,Over,162.5,WINNER,1,192,Melbourne United,v Adelaide 36ers,-2,95,97,1.04,,,1.04,,,1.04,,,,
2026-09-19 00:00:00.000 Z," Australian NBL/Melbourne United v Adelaide 36ers",36069263,COMBINED_TOTAL,262423822,Total Points,7017824,Under,163.5,LOSER,0,192,Melbourne United,v Adelaide 36ers,-2,95,97,1.01,,,1.01,,,1.01,,,,
2026-09-19 00:00:00.000 Z," Australian NBL/Melbourne United v Adelaide 36ers",36069263,COMBINED_TOTAL,262423822,Total Points,7017823,Over,163.5,WINNER,1,192,Melbourne United,v Adelaide 36ers,-2,95,97,1.05,,,1.05,,,1.05,,,,
2026-09-19 00:00:00.000 Z," Australian NBL/Melbourne United v Adelaide 36ers",36069263,COMBINED_TOTAL,262423822,Total Points,7017824,Under,164.5,LOSER,0,192,Melbourne United,v Adelaide 36ers,-2,95,97,1.01,,,1.01,,,1.01,,,,
2026-09-19 00:00:00.000 Z," Australian NBL/Melbourne United v Adelaide 36ers",36069263,COMBINED_TOTAL,262423822,Total Points,7017823,Over,164.5,WINNER,1,192,Melbourne United,v Adelaide 36ers,-2,95,97,1.06,,,1.06,,,1.06,,,,
2026-09-19 00:00:00.000 Z," Australian NBL/Melbourne United v Adelaide 36ers",36069263,COMBINED_TOTAL,262423822,Total Points,7017824,Under,165.5,LOSER,0,192,Melbourne United,v Adelaide 36ers,-2,95,97,1.01,,,1.01,,,1.01,,,,
2026-09-19 00:00:00.000 Z," Australian NBL/Melbourne United v Adelaide 36ers",36069263,COMBINED_TOTAL,262423822,Total Points,7017823,Over,165.5,WINNER,1,192,Melbourne United,v Adelaide 36ers,-2,95,97,1.07,,,1.07,,,1.07,,,,
2026-09-19 00:00:00.000 Z," Australian NBL/Melbourne United v Adelaide 36ers",36069263,COMBINED_TOTAL,262423822,Total Points,7017824,Under,166.5,LOSER,0,192,Melbourne United,v Adelaide 36ers,-2,95,97,1.01,,,1.01,,,1.01,,,,
2026-09-19 00:00:00.000 Z," Australian NBL/Melbourne United v Adelaide 36ers",36069263,COMBINED_TOTAL,262423822,Total Points,7017823,Over,166.5,WINNER,1,192,Melbourne United,v Adelaide 36ers,-2,95,97,1.08,,,1.08,,,1.08,,,,
2026-09-19 00:00:00.000 Z," Australian NBL/Melbourne United v Adelaide 36ers",36069263,COMBINED_TOTAL,262423822,Total Points,7017824,Under,167.5,LOSER,0,192,Melbourne United,v Adelaide 36ers,-2,95,97,1.01,,,1.01,,,1.01,,,,
2026-09-19 00:00:00.000 Z," Australian NBL/Melbourne United v Adelaide 36ers",36069263,COMBINED_TOTAL,262423822,Total Points,7017823,Over,167.5,WINNER,1,192,Melbourne United,v Adelaide 36ers,-2,95,97,1.09,,,1.09,,,1.09,,,,
2026-09-19 00:00:00.000 Z," Australian NBL/Melbourne United v Adelaide 36ers",36069263,COMBINED_TOTAL,262423822,Total Points,7017824,Under,168.5,LOSER,0,192,Melbourne United,v Adelaide 36ers,-2,95,97,1.01,,,1.01,,,1.01,,,,
2026-09-19 00:00:00.000 Z," Australian NBL/Melbourne United v Adelaide 36ers",36069263,COMBINED_TOTAL,262423822,Total Points,7017823,Over,168.5,WINNER,1,192,Melbourne United,v Adelaide 36ers,-2,95,97,1.1,,,1.1,,,1.1,,408,408,1.1
2026-09-19 00:00:00.000 Z," Australian NBL/Melbourne United v Adelaide 36ers",36069263,COMBINED_TOTAL,262423822,Total Points,7017824,Under,169.5,LOSER,0,192,Melbourne United,v Adelaide 36ers,-2,95,97,1.01,,,1.01,,,1.01,,,,
2026-09-19 00:00:00.000 Z," Australian NBL/Melbourne United v Adelaide 36ers",36069263,COMBINED_TOTAL,262423822,Total Points,7017823,Over,169.5,WINNER,1,192,Melbourne United,v Adelaide 36ers,-2,95,97,1.11,,,1.11,,,1.11,,,,
2026-09-19 00:00:00.000 Z," Australian NBL/Melbourne United v Adelaide 36ers",36069263,COMBINED_TOTAL,262423822,Total Points,7017824,Under,170.5,LOSER,0,192,Melbourne United,v Adelaide 36ers,-2,95,97,1.01,,,1.01,,,1.01,,,,
2026-09-19 00:00:00.000 Z," Australian NBL/Melbourne United v Adelaide 36ers",36069263,COMBINED_TOTAL,262423822,Total Points,7017823,Over,170.5,WINNER,1,192,Melbourne United,v Adelaide 36ers,-2,95,97,1.12,,,1.12,,,1.12,,,,
2026-09-19 00:00:00.000 Z," Australian NBL/Melbourne United v Adelaide 36ers",36069263,COMBINED_TOTAL,262423822,Total Points,7017824,Under,171.5,LOSER,0,192,Melbourne United,v Adelaide 36ers,-2,95,97,1.01,,,1.01,,,1.01,,,,
2026-09-19 00:00:00.000 Z," Australian NBL/Melbourne United v Adelaide 36ers",36069263,COMBINED_TOTAL,262423822,Total Points,7017823,Over,171.5,WINNER,1,192,Melbourne United,v Adelaide 36ers,-2,95,97,1.14,,,1.14,,,1.13,,,,
2026-09-19 00:00:00.000 Z," Australian NBL/Melbourne United v Adelaide 36ers",36069263,COMBINED_TOTAL,262423822,Total Points,7017824,Under,172.5,LOSER,0,192,Melbourne United,v Adelaide 36ers,-2,95,97,1.01,,,1.01,,,1.01,,,,
2026-09-19 00:00:00.000 Z," Australian NBL/Melbourne United v Adelaide 36ers",36069263,COMBINED_TOTAL,262423822,Total Points,7017823,Over,172.5,WINNER,1,192,Melbourne United,v Adelaide 36ers,-2,95,97,1.16,,,1.16,,,1.14,,,,
2026-09-19 00:00:00.000 Z," Australian NBL/Melbourne United v Adelaide 36ers",36069263,COMBINED_TOTAL,262423822,Total Points,7017824,Under,173.5,LOSER,0,192,Melbourne United,v Adelaide 36ers,-2,95,97,1.01,,,1.01,,,1.01,,,,
2026-09-19 00:00:00.000 Z," Australian NBL/Melbourne United v Adelaide 36ers",36069263,COMBINED_TOTAL,262423822,Total Points,7017823,Over,173.5,WINNER,1,192,Melbourne United,v Adelaide 36ers,-2,95,97,1.18,,,1.18,,,1.15,,,,
2026-09-19 00:00:00.000 Z," Australian NBL/Melbourne United v Adelaide 36ers",36069263,COMBINED_TOTAL,262423822,Total Points,7017824,Under,174.5,LOSER,0,192,Melbourne United,v Adelaide 36ers,-2,95,97,1.01,,,1.01,,,1.01,,,,
2026-09-19 00:00:00.000 Z," Australian NBL/Melbourne United v Adelaide 36ers",36069263,COMBINED_TOTAL,262423822,Total Points,7017823,Over,174.5,WINNER,1,192,Melbourne United,v Adelaide 36ers,-2,95,97,1.2,,,1.2,,,1.17,,,,
2026-09-19 00:00:00.000 Z," Australian NBL/Melbourne United v Adelaide 36ers",36069263,COMBINED_TOTAL,262423822,Total Points,7017824,Under,175.5,LOSER,0,192,Melbourne United,v Adelaide 36ers,-2,95,97,1.01,,,1.01,,,1.01,,,,
2026-09-19 00:00:00.000 Z," Australian NBL/Melbourne United v Adelaide 36ers",36069263,COMBINED_TOTAL,262423822,Total Points,7017823,Over,175.5,WINNER,1,192,Melbourne United,v Adelaide 36ers,-2,95,97,1.22,,,1.22,,,1.19,,,,
2026-09-19 00:00:00.000 Z," Australian NBL/Melbourne United v Adelaide 36ers",36069263,COMBINED_TOTAL,262423822,Total Points,7017824,Under,176.5,LOSER,0,192,Melbourne United,v Adelaide 36ers,-2,95,97,1.01,,,1.01,,,1.01,,,,
2026-09-19 00:00:00.000 Z," Australian NBL/Melbourne United v Adelaide 36ers",36069263,COMBINED_TOTAL,262423822,Total Points,7017823,Over,176.5,WINNER,1,192,Melbourne United,v Adelaide 36ers,-2,95,97,1.24,,,1.24,,,1.21,,,,
2026-09-19 00:00:00.000 Z," Australian NBL/Melbourne United v Adelaide 36ers",36069263,COMBINED_TOTAL,262423822,Total Points,7017824,Under,177.5,LOSER,0,192,Melbourne United,v Adelaide 36ers,-2,95,97,1.01,,,1.01,,,1.01,,,,
2026-09-19 00:00:00.000 Z," Australian NBL/Melbourne United v Adelaide 36ers",36069263,COMBINED_TOTAL,262423822,Total Points,7017823,Over,177.5,WINNER,1,192,Melbourne United,v Adelaide 36ers,-2,95,97,1.27,,,1.27,,,1.23,,,,
2026-09-19 00:00:00.000 Z," Australian NBL/Melbourne United v Adelaide 36ers",36069263,COMBINED_TOTAL,262423822,Total Points,7017824,Under,178.5,LOSER,0,192,Melbourne United,v Adelaide 36ers,-2,95,97,1.01,,,1.01,,,1.01,,,,
2026-09-19 00:00:00.000 Z," Australian NBL/Melbourne United v Adelaide 36ers",36069263,COMBINED_TOTAL,262423822,Total Points,7017823,Over,178.5,WINNER,1,192,Melbourne United,v Adelaide 36ers,-2,95,97,1.3,,,1.3,,,1.25,,,,
2026-09-19 00:00:00.000 Z," Australian NBL/Melbourne United v Adelaide 36ers",36069263,COMBINED_TOTAL,262423822,Total Points,7017824,Under,179.5,LOSER,0,192,Melbourne United,v Adelaide 36ers,-2,95,97,1.01,,,1.01,,,1.01,,,,
2026-09-19 00:00:00.000 Z," Australian NBL/Melbourne United v Adelaide 36ers",36069263,COMBINED_TOTAL,262423822,Total Points,7017823,Over,179.5,WINNER,1,192,Melbourne United,v Adelaide 36ers,-2,95,97,1.34,,,1.34,1.43,1545.82,1.35,1.43,2983.97,4150.27,1.43
2026-09-19 00:00:00.000 Z," Australian NBL/Melbourne United v Adelaide 36ers",36069263,COMBINED_TOTAL,262423822,Total Points,7017824,Under,180.5,LOSER,0,192,Melbourne United,v Adelaide 36ers,-2,95,97,1.01,,,2.5,3.3,,1.01,,,,
2026-09-19 00:00:00.000 Z," Australian NBL/Melbourne United v Adelaide 36ers",36069263,COMBINED_TOTAL,262423822,Total Points,7017823,Over,180.5,WINNER,1,192,Melbourne United,v Adelaide 36ers,-2,95,97,1.37,,,1.43,1.67,,1.31,,,,
2026-09-19 00:00:00.000 Z," Australian NBL/Melbourne United v Adelaide 36ers",36069263,COMBINED_TOTAL,262423822,Total Points,7017824,Under,181.5,LOSER,0,192,Melbourne United,v Adelaide 36ers,-2,95,97,,,,2.36,3.1,,,,,,
2026-09-19 00:00:00.000 Z," Australian NBL/Melbourne United v Adelaide 36ers",36069263,COMBINED_TOTAL,262423822,Total Points,7017823,Over,181.5,WINNER,1,192,Melbourne United,v Adelaide 36ers,-2,95,97,1.41,,,1.47,1.73,,,,,,
2026-09-19 00:00:00.000 Z," Australian NBL/Melbourne United v Adelaide 36ers",36069263,COMBINED_TOTAL,262423822,Total Points,7017824,Under,182.5,LOSER,0,192,Melbourne United,v Adelaide 36ers,-2,95,97,1.01,,,2.26,2.92,,1.01,,,,
2026-09-19 00:00:00.000 Z," Australian NBL/Melbourne United v Adelaide 36ers",36069263,COMBINED_TOTAL,262423822,Total Points,7017823,Over,182.5,WINNER,1,192,Melbourne United,v Adelaide 36ers,-2,95,97,1.45,,,1.52,1.8,,1.39,,,,
2026-09-19 00:00:00.000 Z," Australian NBL/Melbourne United v Adelaide 36ers",36069263,COMBINED_TOTAL,262423822,Total Points,7017824,Under,183.5,LOSER,0,192,Melbourne United,v Adelaide 36ers,-2,95,97,2.3,2.4,,2.32,2.44,,1.01,,271.77,271.77,2.48
2026-09-19 00:00:00.000 Z," Australian NBL/Melbourne United v Adelaide 36ers",36069263,COMBINED_TOTAL,262423822,Total Points,7017823,Over,183.5,WINNER,1,192,Melbourne United,v Adelaide 36ers,-2,95,97,1.71,1.77,,1.69,1.75,,1.43,1.8,444.21,444.21,1.68
2026-09-19 00:00:00.000 Z," Australian NBL/Melbourne United v Adelaide 36ers",36069263,COMBINED_TOTAL,262423822,Total Points,7017824,Under,184.5,LOSER,0,192,Melbourne United,v Adelaide 36ers,-2,95,97,2.12,2.22,99.3,2.16,2.26,408.89,2.22,2.34,750.01,750.01,2.3
2026-09-19 00:00:00.000 Z," Australian NBL/Melbourne United v Adelaide 36ers",36069263,COMBINED_TOTAL,262423822,Total Points,7017823,Over,184.5,WINNER,1,192,Melbourne United,v Adelaide 36ers,-2,95,97,1.82,1.89,14.27,1.79,1.85,643.59,1.74,1.82,1397.05,1397.05,1.77
2026-09-19 00:00:00.000 Z," Australian NBL/Melbourne United v Adelaide 36ers",36069263,COMBINED_TOTAL,262423822,Total Points,7017824,Under,185.5,LOSER,0,192,Melbourne United,v Adelaide 36ers,-2,95,97,2.06,2.16,298.86,2.1,2.2,302.7,2.14,2.24,1151.76,1151.76,2.22
2026-09-19 00:00:00.000 Z," Australian NBL/Melbourne United v Adelaide 36ers",36069263,COMBINED_TOTAL,262423822,Total Points,7017823,Over,185.5,WINNER,1,192,Melbourne United,v Adelaide 36ers,-2,95,97,1.86,1.93,165,1.84,1.9,165,1.81,1.88,864.58,864.58,1.82
2026-09-19 00:00:00.000 Z," Australian NBL/Melbourne United v Adelaide 36ers",36069263,COMBINED_TOTAL,262423822,Total Points,7017824,Under,186.5,LOSER,0,192,Melbourne United,v Adelaide 36ers,-2,95,97,1.96,2.04,,2,2.08,3.75,2.02,2.12,979.79,979.79,2.14
2026-09-19 00:00:00.000 Z," Australian NBL/Melbourne United v Adelaide 36ers",36069263,COMBINED_TOTAL,262423822,Total Points,7017823,Over,186.5,WINNER,1,192,Melbourne United,v Adelaide 36ers,-2,95,97,1.97,2.04,,1.95,2.02,180.66,1.9,1.99,1253.06,1253.06,1.87
2026-09-19 00:00:00.000 Z," Australian NBL/Melbourne United v Adelaide 36ers",36069263,COMBINED_TOTAL,262423822,Total Points,7017824,Under,187.5,LOSER,0,192,Melbourne United,v Adelaide 36ers,-2,95,97,1.86,1.93,,1.89,1.95,249.28,1.9,1.98,4178.28,4187.65,1.9
2026-09-19 00:00:00.000 Z," Australian NBL/Melbourne United v Adelaide 36ers",36069263,COMBINED_TOTAL,262423822,Total Points,7017823,Over,187.5,WINNER,1,192,Melbourne United,v Adelaide 36ers,-2,95,97,2.08,2.18,,2.04,2.14,474.2,2.02,2.12,3124.02,3184.02,2.1
2026-09-19 00:00:00.000 Z," Australian NBL/Melbourne United v Adelaide 36ers",36069263,COMBINED_TOTAL,262423822,Total Points,7017824,Under,188.5,LOSER,0,192,Melbourne United,v Adelaide 36ers,-2,95,97,1.77,1.84,,1.8,1.86,8.88,1.81,1.89,3861.83,3861.83,1.87
2026-09-19 00:00:00.000 Z," Australian NBL/Melbourne United v Adelaide 36ers",36069263,COMBINED_TOTAL,262423822,Total Points,7017823,Over,188.5,WINNER,1,192,Melbourne United,v Adelaide 36ers,-2,95,97,2.2,2.3,,2.16,2.24,,2.12,2.24,2047.42,2047.42,2.16
2026-09-19 00:00:00.000 Z," Australian NBL/Melbourne United v Adelaide 36ers",36069263,COMBINED_TOTAL,262423822,Total Points,7017824,Under,189.5,LOSER,0,192,Melbourne United,v Adelaide 36ers,-2,95,97,1.71,1.77,,1.72,1.79,357.99,1.74,1.81,2852.75,2852.75,1.79
2026-09-19 00:00:00.000 Z," Australian NBL/Melbourne United v Adelaide 36ers",36069263,COMBINED_TOTAL,262423822,Total Points,7017823,Over,189.5,WINNER,1,192,Melbourne United,v Adelaide 36ers,-2,95,97,2.3,2.4,,2.26,2.38,343,2.24,2.36,2328.08,2328.08,2.24
2026-09-19 00:00:00.000 Z," Australian NBL/Melbourne United v Adelaide 36ers",36069263,COMBINED_TOTAL,262423822,Total Points,7017824,Under,190.5,LOSER,0,192,Melbourne United,v Adelaide 36ers,-2,95,97,1.38,,,1.61,1.94,,1.43,,776.05,776.05,1.73
2026-09-19 00:00:00.000 Z," Australian NBL/Melbourne United v Adelaide 36ers",36069263,COMBINED_TOTAL,262423822,Total Points,7017823,Over,190.5,WINNER,1,192,Melbourne United,v Adelaide 36ers,-2,95,97,,,,2.06,2.62,,,,622.36,622.36,2.36
2026-09-19 00:00:00.000 Z," Australian NBL/Melbourne United v Adelaide 36ers",36069263,COMBINED_TOTAL,262423822,Total Points,7017824,Under,191.5,LOSER,0,192,Melbourne United,v Adelaide 36ers,-2,95,97,1.34,,,1.56,1.86,,1.39,,,,
2026-09-19 00:00:00.000 Z," Australian NBL/Melbourne United v Adelaide 36ers",36069263,COMBINED_TOTAL,262423822,Total Points,7017823,Over,191.5,WINNER,1,192,Melbourne United,v Adelaide 36ers,-2,95,97,,,,2.16,2.78,,,,,,
2026-09-19 00:00:00.000 Z," Australian NBL/Melbourne United v Adelaide 36ers",36069263,COMBINED_TOTAL,262423822,Total Points,7017823,Over,192.5,LOSER,0,192,Melbourne United,v Adelaide 36ers,-2,95,97,,,,2.26,2.94,,,,,,
2026-09-19 00:00:00.000 Z," Australian NBL/Melbourne United v Adelaide 36ers",36069263,COMBINED_TOTAL,262423822,Total Points,7017824,Under,192.5,WINNER,1,192,Melbourne United,v Adelaide 36ers,-2,95,97,1.31,,,1.51,1.79,,1.36,,,,
2026-09-19 00:00:00.000 Z," Australian NBL/Melbourne United v Adelaide 36ers",36069263,COMBINED_TOTAL,262423822,Total Points,7017823,Over,193.5,LOSER,0,192,Melbourne United,v Adelaide 36ers,-2,95,97,,,,2.38,3.15,,,,,,
2026-09-19 00:00:00.000 Z," Australian NBL/Melbourne United v Adelaide 36ers",36069263,COMBINED_TOTAL,262423822,Total Points,7017824,Under,193.5,WINNER,1,192,Melbourne United,v Adelaide 36ers,-2,95,97,1.28,,,1.47,1.72,,1.33,,,,
2026-09-19 00:00:00.000 Z," Australian NBL/Melbourne United v Adelaide 36ers",36069263,COMBINED_TOTAL,262423822,Total Points,7017823,Over,194.5,LOSER,0,192,Melbourne United,v Adelaide 36ers,-2,95,97,,,,2.5,3.35,,,,,,
2026-09-19 00:00:00.000 Z," Australian NBL/Melbourne United v Adelaide 36ers",36069263,COMBINED_TOTAL,262423822,Total Points,7017824,Under,194.5,WINNER,1,192,Melbourne United,v Adelaide 36ers,-2,95,97,1.25,,,1.43,1.66,,1.3,,,,
2026-09-19 00:00:00.000 Z," Australian NBL/Melbourne United v Adelaide 36ers",36069263,COMBINED_TOTAL,262423822,Total Points,7017823,Over,195.5,LOSER,0,192,Melbourne United,v Adelaide 36ers,-2,95,97,,,,,,,,,,,
2026-09-19 00:00:00.000 Z," Australian NBL/Melbourne United v Adelaide 36ers",36069263,COMBINED_TOTAL,262423822,Total Points,7017824,Under,195.5,WINNER,1,192,Melbourne United,v Adelaide 36ers,-2,95,97,1.22,,,1.22,,,1.27,,,,
2026-09-19 00:00:00.000 Z," Australian NBL/Melbourne United v Adelaide 36ers",36069263,COMBINED_TOTAL,262423822,Total Points,7017823,Over,196.5,LOSER,0,192,Melbourne United,v Adelaide 36ers,-2,95,97,,,,,,,,,,,
2026-09-19 00:00:00.000 Z," Australian NBL/Melbourne United v Adelaide 36ers",36069263,COMBINED_TOTAL,262423822,Total Points,7017824,Under,196.5,WINNER,1,192,Melbourne United,v Adelaide 36ers,-2,95,97,1.2,,,1.2,,,1.24,,,,
2026-09-19 00:00:00.000 Z," Australian NBL/Melbourne United v Adelaide 36ers",36069263,COMBINED_TOTAL,262423822,Total Points,7017823,Over,197.5,LOSER,0,192,Melbourne United,v Adelaide 36ers,-2,95,97,,,,,,,,,,,
2026-09-19 00:00:00.000 Z," Australian NBL/Melbourne United v Adelaide 36ers",36069263,COMBINED_TOTAL,262423822,Total Points,7017824,Under,197.5,WINNER,1,192,Melbourne United,v Adelaide 36ers,-2,95,97,1.18,,,1.18,,,1.21,,,,
2026-09-19 00:00:00.000 Z," Australian NBL/Melbourne United v Adelaide 36ers",36069263,COMBINED_TOTAL,262423822,Total Points,7017823,Over,198.5,LOSER,0,192,Melbourne United,v Adelaide 36ers,-2,95,97,,,,,,,,,,,
2026-09-19 00:00:00.000 Z," Australian NBL/Melbourne United v Adelaide 36ers",36069263,COMBINED_TOTAL,262423822,Total Points,7017824,Under,198.5,WINNER,1,192,Melbourne United,v Adelaide 36ers,-2,95,97,1.16,,,1.16,,,1.18,,,,
2026-09-19 00:00:00.000 Z," Australian NBL/Melbourne United v Adelaide 36ers",36069263,COMBINED_TOTAL,262423822,Total Points,7017823,Over,199.5,LOSER,0,192,Melbourne United,v Adelaide 36ers,-2,95,97,,,,,,,,,,,
2026-09-19 00:00:00.000 Z," Australian NBL/Melbourne United v Adelaide 36ers",36069263,COMBINED_TOTAL,262423822,Total Points,7017824,Under,199.5,WINNER,1,192,Melbourne United,v Adelaide 36ers,-2,95,97,1.14,,,1.14,,,1.16,,,20.43,
2026-09-19 00:00:00.000 Z," Australian NBL/Melbourne United v Adelaide 36ers",36069263,COMBINED_TOTAL,262423822,Total Points,7017823,Over,200.5,LOSER,0,192,Melbourne United,v Adelaide 36ers,-2,95,97,,,,,,,,,,,
2026-09-19 00:00:00.000 Z," Australian NBL/Melbourne United v Adelaide 36ers",36069263,COMBINED_TOTAL,262423822,Total Points,7017824,Under,200.5,WINNER,1,192,Melbourne United,v Adelaide 36ers,-2,95,97,1.12,,,1.12,,,1.14,,,,
2026-09-19 00:00:00.000 Z," Australian NBL/Melbourne United v Adelaide 36ers",36069263,COMBINED_TOTAL,262423822,Total Points,7017823,Over,201.5,LOSER,0,192,Melbourne United,v Adelaide 36ers,-2,95,97,,,,,,,,,,,
2026-09-19 00:00:00.000 Z," Australian NBL/Melbourne United v Adelaide 36ers",36069263,COMBINED_TOTAL,262423822,Total Points,7017824,Under,201.5,WINNER,1,192,Melbourne United,v Adelaide 36ers,-2,95,97,1.11,,,1.11,,,1.12,,,,
2026-09-19 00:00:00.000 Z," Australian NBL/Melbourne United v Adelaide 36ers",36069263,COMBINED_TOTAL,262423822,Total Points,7017823,Over,202.5,LOSER,0,192,Melbourne United,v Adelaide 36ers,-2,95,97,,,,,,,,,,,
2026-09-19 00:00:00.000 Z," Australian NBL/Melbourne United v Adelaide 36ers",36069263,COMBINED_TOTAL,262423822,Total Points,7017824,Under,202.5,WINNER,1,192,Melbourne United,v Adelaide 36ers,-2,95,97,1.1,,,1.1,,,1.1,,,,
2026-09-19 00:00:00.000 Z," Australian NBL/Melbourne United v Adelaide 36ers",36069263,COMBINED_TOTAL,262423822,Total Points,7017823,Over,203.5,LOSER,0,192,Melbourne United,v Adelaide 36ers,-2,95,97,,,,,,,,,,,
2026-09-19 00:00:00.000 Z," Australian NBL/Melbourne United v Adelaide 36ers",36069263,COMBINED_TOTAL,262423822,Total Points,7017824,Under,203.5,WINNER,1,192,Melbourne United,v Adelaide 36ers,-2,95,97,1.09,,,1.09,,,1.09,,,,
2026-09-19 00:00:00.000 Z," Australian NBL/Melbourne United v Adelaide 36ers",36069263,COMBINED_TOTAL,262423822,Total Points,7017823,Over,204.5,LOSER,0,192,Melbourne United,v Adelaide 36ers,-2,95,97,,,,,,,,,,,
2026-09-19 00:00:00.000 Z," Australian NBL/Melbourne United v Adelaide 36ers",36069263,COMBINED_TOTAL,262423822,Total Points,7017824,Under,204.5,WINNER,1,192,Melbourne United,v Adelaide 36ers,-2,95,97,1.08,,,1.08,,,1.08,,,,
2026-09-19 00:00:00.000 Z," Australian NBL/Melbourne United v Adelaide 36ers",36069263,COMBINED_TOTAL,262423822,Total Points,7017823,Over,205.5,LOSER,0,192,Melbourne United,v Adelaide 36ers,-2,95,97,,,,,,,,,,,
2026-09-19 00:00:00.000 Z," Australian NBL/Melbourne United v Adelaide 36ers",36069263,COMBINED_TOTAL,262423822,Total Points,7017824,Under,205.5,WINNER,1,192,Melbourne United,v Adelaide 36ers,-2,95,97,1.07,,,1.07,,,1.07,,,,
2026-09-19 00:00:00.000 Z," Australian NBL/Melbourne United v Adelaide 36ers",36069263,COMBINED_TOTAL,262423822,Total Points,7017823,Over,206.5,LOSER,0,192,Melbourne United,v Adelaide 36ers,-2,95,97,,,,,,,,,,,
2026-09-19 00:00:00.000 Z," Australian NBL/Melbourne United v Adelaide 36ers",36069263,COMBINED_TOTAL,262423822,Total Points,7017824,Under,206.5,WINNER,1,192,Melbourne United,v Adelaide 36ers,-2,95,97,1.06,,,1.06,,,1.06,,,,
2026-09-19 00:00:00.000 Z," Australian NBL/Melbourne United v Adelaide 36ers",36069263,COMBINED_TOTAL,262423822,Total Points,7017823,Over,207.5,LOSER,0,192,Melbourne United,v Adelaide 36ers,-2,95,97,,,,,,,,,,,
2026-09-19 00:00:00.000 Z," Australian NBL/Melbourne United v Adelaide 36ers",36069263,COMBINED_TOTAL,262423822,Total Points,7017824,Under,207.5,WINNER,1,192,Melbourne United,v Adelaide 36ers,-2,95,97,,,,,,,,,,,
2026-09-19 00:00:00.000 Z," Australian NBL/Melbourne United v Adelaide 36ers",36069263,COMBINED_TOTAL,262423822,Total Points,7017823,Over,208.5,LOSER,0,192,Melbourne United,v Adelaide 36ers,-2,95,97,,,,,,,,,,,
2026-09-19 00:00:00.000 Z," Australian NBL/Melbourne United v Adelaide 36ers",36069263,COMBINED_TOTAL,262423822,Total Points,7017824,Under,208.5,WINNER,1,192,Melbourne United,v Adelaide 36ers,-2,95,97,1.04,,,1.04,,,1.04,,,,
2026-09-19 00:00:00.000 Z," Australian NBL/Melbourne United v Adelaide 36ers",36069263,COMBINED_TOTAL,262423822,Total Points,7017823,Over,209.5,LOSER,0,192,Melbourne United,v Adelaide 36ers,-2,95,97,,,,,,,,,,,
2026-09-19 00:00:00.000 Z," Australian NBL/Melbourne United v Adelaide 36ers",36069263,COMBINED_TOTAL,262423822,Total Points,7017824,Under,209.5,WINNER,1,192,Melbourne United,v Adelaide 36ers,-2,95,97,1.03,,,1.03,,,1.03,,,,
2026-09-19 00:00:00.000 Z," Australian NBL/Melbourne United v Adelaide 36ers",36069263,COMBINED_TOTAL,262423822,Total Points,7017823,Over,210.5,LOSER,0,192,Melbourne United,v Adelaide 36ers,-2,95,97,,,,,,,,,,,
2026-09-19 00:00:00.000 Z," Australian NBL/Melbourne United v Adelaide 36ers",36069263,COMBINED_TOTAL,262423822,Total Points,7017824,Under,210.5,WINNER,1,192,Melbourne United,v Adelaide 36ers,-2,95,97,1.02,,,1.02,,,1.02,,,,
2026-09-19 00:00:00.000 Z," Australian NBL/Melbourne United v Adelaide 36ers",36069263,COMBINED_TOTAL,262423822,Total Points,7017823,Over,211.5,LOSER,0,192,Melbourne United,v Adelaide 36ers,-2,95,97,,,,,,,,,,,
2026-09-19 00:00:00.000 Z," Australian NBL/Melbourne United v Adelaide 36ers",36069263,COMBINED_TOTAL,262423822,Total Points,7017824,Under,211.5,WINNER,1,192,Melbourne United,v Adelaide 36ers,-2,95,97,1.01,,,1.01,,,1.01,,,,
2026-09-19 00:00:00.000 Z," Australian NBL/Melbourne United v Adelaide 36ers",36069263,COMBINED_TOTAL,262423822,Total Points,7017823,Over,212.5,LOSER,0,192,Melbourne United,v Adelaide 36ers,-2,95,97,,,,,,,,,,,
2026-09-19 00:00:00.000 Z," Australian NBL/Melbourne United v Adelaide 36ers",36069263,COMBINED_TOTAL,262423822,Total Points,7017824,Under,212.5,WINNER,1,192,Melbourne United,v Adelaide 36ers,-2,95,97,,,,,,,,,,,
2026-09-19 00:00:00.000 Z," Australian NBL/Melbourne United v Adelaide 36ers",36069263,COMBINED_TOTAL,262423822,Total Points,7017823,Over,213.5,LOSER,0,192,Melbourne United,v Adelaide 36ers,-2,95,97,,,,,,,,,,,
2026-09-19 00:00:00.000 Z," Australian NBL/Melbourne United v Adelaide 36ers",36069263,COMBINED_TOTAL,262423822,Total Points,7017824,Under,213.5,WINNER,1,192,Melbourne United,v Adelaide 36ers,-2,95,97,,,,,,,,,,,
2026-09-19 00:00:00.000 Z," Australian NBL/Melbourne United v Adelaide 36ers",36069263,COMBINED_TOTAL,262423822,Total Points,7017823,Over,214.5,LOSER,0,192,Melbourne United,v Adelaide 36ers,-2,95,97,,,,,,,,,,,
2026-09-19 00:00:00.000 Z," Australian NBL/Melbourne United v Adelaide 36ers",36069263,COMBINED_TOTAL,262423822,Total Points,7017824,Under,214.5,WINNER,1,192,Melbourne United,v Adelaide 36ers,-2,95,97,,,,,,,,,,,
2026-09-19 00:00:00.000 Z," Australian NBL/Melbourne United v Adelaide 36ers",36069263,COMBINED_TOTAL,262423822,Total Points,7017823,Over,215.5,LOSER,0,192,Melbourne United,v Adelaide 36ers,-2,95,97,,,,,,,,,,,
2026-09-19 00:00:00.000 Z," Australian NBL/Melbourne United v Adelaide 36ers",36069263,COMBINED_TOTAL,262423822,Total Points,7017824,Under,215.5,WINNER,1,192,Melbourne United,v Adelaide 36ers,-2,95,97,,,,,,,,,,,
2026-09-19 00:00:00.000 Z," Australian NBL/Melbourne United v Adelaide 36ers",36069263,COMBINED_TOTAL,262423822,Total Points,7017823,Over,216.5,LOSER,0,192,Melbourne United,v Adelaide 36ers,-2,95,97,,,,,,,,,,,
2026-09-19 00:00:00.000 Z," Australian NBL/Melbourne United v Adelaide 36ers",36069263,COMBINED_TOTAL,262423822,Total Points,7017824,Under,216.5,WINNER,1,192,Melbourne United,v Adelaide 36ers,-2,95,97,,,,,,,,,,,
2026-09-19 00:00:00.000 Z," Australian NBL/Melbourne United v Adelaide 36ers",36069263,COMBINED_TOTAL,262423822,Total Points,7017823,Over,217.5,LOSER,0,192,Melbourne United,v Adelaide 36ers,-2,95,97,,,,,,,,,,,
2026-09-19 00:00:00.000 Z," Australian NBL/Melbourne United v Adelaide 36ers",36069263,COMBINED_TOTAL,262423822,Total Points,7017824,Under,217.5,WINNER,1,192,Melbourne United,v Adelaide 36ers,-2,95,97,,,,,,,,,,,
2026-09-19 00:00:00.000 Z," Australian NBL/Melbourne United v Adelaide 36ers",36069263,COMBINED_TOTAL,262423822,Total Points,7017823,Over,218.5,LOSER,0,192,Melbourne United,v Adelaide 36ers,-2,95,97,,,,,,,,,,,
2026-09-19 00:00:00.000 Z," Australian NBL/Melbourne United v Adelaide 36ers",36069263,COMBINED_TOTAL,262423822,Total Points,7017824,Under,218.5,WINNER,1,192,Melbourne United,v Adelaide 36ers,-2,95,97,,,,,,,,,,,
2026-09-19 00:00:00.000 Z," Australian NBL/Melbourne United v Adelaide 36ers",36069263,COMBINED_TOTAL,262423822,Total Points,7017823,Over,219.5,LOSER,0,192,Melbourne United,v Adelaide 36ers,-2,95,97,,,,,,,,,,,
2026-09-19 00:00:00.000 Z," Australian NBL/Melbourne United v Adelaide 36ers",36069263,COMBINED_TOTAL,262423822,Total Points,7017824,Under,219.5,WINNER,1,192,Melbourne United,v Adelaide 36ers,-2,95,97,,,,,,,,,,,
2026-09-19 00:00:00.000 Z," Australian NBL/Melbourne United v Adelaide 36ers",36069263,COMBINED_TOTAL,262423822,Total Points,7017823,Over,220.5,LOSER,0,192,Melbourne United,v Adelaide 36ers,-2,95,97,,,,,,,,,,,
2026-09-19 00:00:00.000 Z," Australian NBL/Melbourne United v Adelaide 36ers",36069263,COMBINED_TOTAL,262423822,Total Points,7017824,Under,220.5,WINNER,1,192,Melbourne United,v Adelaide 36ers,-2,95,97,,,,,,,,,,,
2026-09-19 00:00:00.000 Z," Australian NBL/Melbourne United v Adelaide 36ers",36069263,COMBINED_TOTAL,262423822,Total Points,7017823,Over,221.5,LOSER,0,192,Melbourne United,v Adelaide 36ers,-2,95,97,,,,,,,,,,,
2026-09-19 00:00:00.000 Z," Australian NBL/Melbourne United v Adelaide 36ers",36069263,COMBINED_TOTAL,262423822,Total Points,7017824,Under,221.5,WINNER,1,192,Melbourne United,v Adelaide 36ers,-2,95,97,,,,,,,,,,,
2026-09-19 00:00:00.000 Z," Australian NBL/Melbourne United v Adelaide 36ers",36069263,COMBINED_TOTAL,262423822,Total Points,7017823,Over,222.5,LOSER,0,192,Melbourne United,v Adelaide 36ers,-2,95,97,,,,,,,,,,,
2026-09-19 00:00:00.000 Z," Australian NBL/Melbourne United v Adelaide 36ers",36069263,COMBINED_TOTAL,262423822,Total Points,7017824,Under,222.5,WINNER,1,192,Melbourne United,v Adelaide 36ers,-2,95,97,,,,,,,,,,,
2026-09-19 00:00:00.000 Z," Australian NBL/Melbourne United v Adelaide 36ers",36069263,COMBINED_TOTAL,262423822,Total Points,7017823,Over,223.5,LOSER,0,192,Melbourne United,v Adelaide 36ers,-2,95,97,,,,,,,,,,,
2026-09-19 00:00:00.000 Z," Australian NBL/Melbourne United v Adelaide 36ers",36069263,COMBINED_TOTAL,262423822,Total Points,7017824,Under,223.5,WINNER,1,192,Melbourne United,v Adelaide 36ers,-2,95,97,,,,,,,,,,,
2026-09-19 00:00:00.000 Z," Australian NBL/Melbourne United v Adelaide 36ers",36069263,COMBINED_TOTAL,262423822,Total Points,7017823,Over,224.5,LOSER,0,192,Melbourne United,v Adelaide 36ers,-2,95,97,,,,,,,,,,,
2026-09-19 00:00:00.000 Z," Australian NBL/Melbourne United v Adelaide 36ers",36069263,COMBINED_TOTAL,262423822,Total Points,7017824,Under,224.5,WINNER,1,192,Melbourne United,v Adelaide 36ers,-2,95,97,,,,,,,,,,,
2026-09-19 00:00:00.000 Z," Australian NBL/Melbourne United v Adelaide 36ers",36069263,COMBINED_TOTAL,262423822,Total Points,7017823,Over,225.5,LOSER,0,192,Melbourne United,v Adelaide 36ers,-2,95,97,,,,,,,,,,,
2026-09-19 00:00:00.000 Z," Australian NBL/Melbourne United v Adelaide 36ers",36069263,COMBINED_TOTAL,262423822,Total Points,7017824,Under,225.5,WINNER,1,192,Melbourne United,v Adelaide 36ers,-2,95,97,,,,,,,,,,,
2026-09-19 00:00:00.000 Z," Australian NBL/Melbourne United v Adelaide 36ers",36069263,COMBINED_TOTAL,262423822,Total Points,7017823,Over,226.5,LOSER,0,192,Melbourne United,v Adelaide 36ers,-2,95,97,,,,,,,,,,,
2026-09-19 00:00:00.000 Z," Australian NBL/Melbourne United v Adelaide 36ers",36069263,COMBINED_TOTAL,262423822,Total Points,7017824,Under,226.5,WINNER,1,192,Melbourne United,v Adelaide 36ers,-2,95,97,,,,,,,,,,,
2026-09-19 00:00:00.000 Z," Australian NBL/Melbourne United v Adelaide 36ers",36069263,COMBINED_TOTAL,262423822,Total Points,7017823,Over,227.5,LOSER,0,192,Melbourne United,v Adelaide 36ers,-2,95,97,,,,,,,,,,,
2026-09-19 00:00:00.000 Z," Australian NBL/Melbourne United v Adelaide 36ers",36069263,COMBINED_TOTAL,262423822,Total Points,7017824,Under,227.5,WINNER,1,192,Melbourne United,v Adelaide 36ers,-2,95,97,,,,,,,,,,,
2026-09-19 00:00:00.000 Z," Australian NBL/Melbourne United v Adelaide 36ers",36069263,COMBINED_TOTAL,262423822,Total Points,7017823,Over,228.5,LOSER,0,192,Melbourne United,v Adelaide 36ers,-2,95,97,,,,,,,,,,,
2026-09-19 00:00:00.000 Z," Australian NBL/Melbourne United v Adelaide 36ers",36069263,COMBINED_TOTAL,262423822,Total Points,7017824,Under,228.5,WINNER,1,192,Melbourne United,v Adelaide 36ers,-2,95,97,,,,,,,,,,,
2026-09-19 00:00:00.000 Z," Australian NBL/Melbourne United v Adelaide 36ers",36069263,COMBINED_TOTAL,262423822,Total Points,7017823,Over,229.5,LOSER,0,192,Melbourne United,v Adelaide 36ers,-2,95,97,,,,,,,,,,,
2026-09-19 00:00:00.000 Z," Australian NBL/Melbourne United v Adelaide 36ers",36069263,COMBINED_TOTAL,262423822,Total Points,7017824,Under,229.5,WINNER,1,192,Melbourne United,v Adelaide 36ers,-2,95,97,,,,,,,,,,,
2026-09-19 00:00:00.000 Z," Australian NBL/Melbourne United v Adelaide 36ers",36069263,COMBINED_TOTAL,262423822,Total Points,7017823,Over,230.5,LOSER,0,192,Melbourne United,v Adelaide 36ers,-2,95,97,,,,,,,,,,,
2026-09-19 00:00:00.000 Z," Australian NBL/Melbourne United v Adelaide 36ers",36069263,COMBINED_TOTAL,262423822,Total Points,7017824,Under,230.5,WINNER,1,192,Melbourne United,v Adelaide 36ers,-2,95,97,,,,,,,,,,,
2026-09-19 00:00:00.000 Z," Australian NBL/Melbourne United v Adelaide 36ers",36069263,COMBINED_TOTAL,262423822,Total Points,7017823,Over,231.5,LOSER,0,192,Melbourne United,v Adelaide 36ers,-2,95,97,,,,,,,,,,,
2026-09-19 00:00:00.000 Z," Australian NBL/Melbourne United v Adelaide 36ers",36069263,COMBINED_TOTAL,262423822,Total Points,7017824,Under,231.5,WINNER,1,192,Melbourne United,v Adelaide 36ers,-2,95,97,,,,,,,,,,,
2026-09-19 00:00:00.000 Z," Australian NBL/Melbourne United v Adelaide 36ers",36069263,COMBINED_TOTAL,262423822,Total Points,7017823,Over,232.5,LOSER,0,192,Melbourne United,v Adelaide 36ers,-2,95,97,,,,,,,,,,,
2026-09-19 00:00:00.000 Z," Australian NBL/Melbourne United v Adelaide 36ers",36069263,COMBINED_TOTAL,262423822,Total Points,7017824,Under,232.5,WINNER,1,192,Melbourne United,v Adelaide 36ers,-2,95,97,,,,,,,,,,,
2026-09-19 00:00:00.000 Z," Australian NBL/Melbourne United v Adelaide 36ers",36069263,COMBINED_TOTAL,262423822,Total Points,7017823,Over,233.5,LOSER,0,192,Melbourne United,v Adelaide 36ers,-2,95,97,,,,,,,,,,,
2026-09-19 00:00:00.000 Z," Australian NBL/Melbourne United v Adelaide 36ers",36069263,COMBINED_TOTAL,262423822,Total Points,7017824,Under,233.5,WINNER,1,192,Melbourne United,v Adelaide 36ers,-2,95,97,,,,,,,,,,,
2026-09-19 00:00:00.000 Z," Australian NBL/Melbourne United v Adelaide 36ers",36069263,COMBINED_TOTAL,262423822,Total Points,7017823,Over,234.5,LOSER,0,192,Melbourne United,v Adelaide 36ers,-2,95,97,,,,,,,,,,,
2026-09-19 00:00:00.000 Z," Australian NBL/Melbourne United v Adelaide 36ers",36069263,COMBINED_TOTAL,262423822,Total Points,7017824,Under,234.5,WINNER,1,192,Melbourne United,v Adelaide 36ers,-2,95,97,,,,,,,,,,,
2026-09-19 00:00:00.000 Z," Australian NBL/Melbourne United v Adelaide 36ers",36069263,COMBINED_TOTAL,262423822,Total Points,7017823,Over,235.5,LOSER,0,192,Melbourne United,v Adelaide 36ers,-2,95,97,,,,,,,,,,,
2026-09-19 00:00:00.000 Z," Australian NBL/Melbourne United v Adelaide 36ers",36069263,COMBINED_TOTAL,262423822,Total Points,7017824,Under,235.5,WINNER,1,192,Melbourne United,v Adelaide 36ers,-2,95,97,,,,,,,,,,,
2026-09-19 00:00:00.000 Z," Australian NBL/Melbourne United v Adelaide 36ers",36069263,COMBINED_TOTAL,262423822,Total Points,7017823,Over,236.5,LOSER,0,192,Melbourne United,v Adelaide 36ers,-2,95,97,,,,,,,,,,,
2026-09-19 00:00:00.000 Z," Australian NBL/Melbourne United v Adelaide 36ers",36069263,COMBINED_TOTAL,262423822,Total Points,7017824,Under,236.5,WINNER,1,192,Melbourne United,v Adelaide 36ers,-2,95,97,,,,,,,,,,,
2026-09-19 00:00:00.000 Z," Australian NBL/Melbourne United v Adelaide 36ers",36069263,COMBINED_TOTAL,262423822,Total Points,7017823,Over,237.5,LOSER,0,192,Melbourne United,v Adelaide 36ers,-2,95,97,,,,,,,,,,,
2026-09-19 00:00:00.000 Z," Australian NBL/Melbourne United v Adelaide 36ers",36069263,COMBINED_TOTAL,262423822,Total Points,7017824,Under,237.5,WINNER,1,192,Melbourne United,v Adelaide 36ers,-2,95,97,,,,,,,,,,,
2026-09-19 00:00:00.000 Z," Australian NBL/Melbourne United v Adelaide 36ers",36069263,COMBINED_TOTAL,262423822,Total Points,7017823,Over,238.5,LOSER,0,192,Melbourne United,v Adelaide 36ers,-2,95,97,,,,,,,,,,,
2026-09-19 00:00:00.000 Z," Australian NBL/Melbourne United v Adelaide 36ers",36069263,COMBINED_TOTAL,262423822,Total Points,7017824,Under,238.5,WINNER,1,192,Melbourne United,v Adelaide 36ers,-2,95,97,,,,,,,,,,,
2026-09-19 00:00:00.000 Z," Australian NBL/Melbourne United v Adelaide 36ers",36069263,COMBINED_TOTAL,262423822,Total Points,7017823,Over,239.5,LOSER,0,192,Melbourne United,v Adelaide 36ers,-2,95,97,,,,,,,,,,,
2026-09-19 00:00:00.000 Z," Australian NBL/Melbourne United v Adelaide 36ers",36069263,COMBINED_TOTAL,262423822,Total Points,7017824,Under,239.5,WINNER,1,192,Melbourne United,v Adelaide 36ers,-2,95,97,,,,,,,,,,,
2026-09-19 00:00:00.000 Z," Australian NBL/Melbourne United v Adelaide 36ers",36069263,COMBINED_TOTAL,262423822,Total Points,7017823,Over,240.5,LOSER,0,192,Melbourne United,v Adelaide 36ers,-2,95,97,,,,,,,,,,,
2026-09-19 00:00:00.000 Z," Australian NBL/Melbourne United v Adelaide 36ers",36069263,COMBINED_TOTAL,262423822,Total Points,7017824,Under,240.5,WINNER,1,192,Melbourne United,v Adelaide 36ers,-2,95,97,,,,,,,,,,,
2026-09-19 00:00:00.000 Z," Australian NBL/Melbourne United v Adelaide 36ers",36069263,COMBINED_TOTAL,262423822,Total Points,7017823,Over,241.5,LOSER,0,192,Melbourne United,v Adelaide 36ers,-2,95,97,,,,,,,,,,,
2026-09-19 00:00:00.000 Z," Australian NBL/Melbourne United v Adelaide 36ers",36069263,COMBINED_TOTAL,262423822,Total Points,7017824,Under,241.5,WINNER,1,192,Melbourne United,v Adelaide 36ers,-2,95,97,,,,,,,,,,,
2026-09-19 00:00:00.000 Z," Australian NBL/Melbourne United v Adelaide 36ers",36069263,COMBINED_TOTAL,262423822,Total Points,7017823,Over,242.5,LOSER,0,192,Melbourne United,v Adelaide 36ers,-2,95,97,,,,,,,,,,,
2026-09-19 00:00:00.000 Z," Australian NBL/Melbourne United v Adelaide 36ers",36069263,COMBINED_TOTAL,262423822,Total Points,7017824,Under,242.5,WINNER,1,192,Melbourne United,v Adelaide 36ers,-2,95,97,,,,,,,,,,,
2026-09-19 00:00:00.000 Z," Australian NBL/Melbourne United v Adelaide 36ers",36069263,COMBINED_TOTAL,262423822,Total Points,7017823,Over,243.5,LOSER,0,192,Melbourne United,v Adelaide 36ers,-2,95,97,,,,,,,,,,,
2026-09-19 00:00:00.000 Z," Australian NBL/Melbourne United v Adelaide 36ers",36069263,COMBINED_TOTAL,262423822,Total Points,7017824,Under,243.5,WINNER,1,192,Melbourne United,v Adelaide 36ers,-2,95,97,,,,,,,,,,,
2026-09-19 00:00:00.000 Z," Australian NBL/Melbourne United v Adelaide 36ers",36069263,COMBINED_TOTAL,262423822,Total Points,7017823,Over,244.5,LOSER,0,192,Melbourne United,v Adelaide 36ers,-2,95,97,,,,,,,,,,,
2026-09-19 00:00:00.000 Z," Australian NBL/Melbourne United v Adelaide 36ers",36069263,COMBINED_TOTAL,262423822,Total Points,7017824,Under,244.5,WINNER,1,192,Melbourne United,v Adelaide 36ers,-2,95,97,,,,,,,,,,,
2026-09-19 00:00:00.000 Z," Australian NBL/Melbourne United v Adelaide 36ers",36069263,COMBINED_TOTAL,262423822,Total Points,7017823,Over,245.5,LOSER,0,192,Melbourne United,v Adelaide 36ers,-2,95,97,,,,,,,,,,,
2026-09-19 00:00:00.000 Z," Australian NBL/Melbourne United v Adelaide 36ers",36069263,COMBINED_TOTAL,262423822,Total Points,7017824,Under,245.5,WINNER,1,192,Melbourne United,v Adelaide 36ers,-2,95,97,,,,,,,,,,,
2026-09-19 00:00:00.000 Z," Australian NBL/Melbourne United v Adelaide 36ers",36069263,COMBINED_TOTAL,262423822,Total Points,7017823,Over,246.5,LOSER,0,192,Melbourne United,v Adelaide 36ers,-2,95,97,,,,,,,,,,,
2026-09-19 00:00:00.000 Z," Australian NBL/Melbourne United v Adelaide 36ers",36069263,COMBINED_TOTAL,262423822,Total Points,7017824,Under,246.5,WINNER,1,192,Melbourne United,v Adelaide 36ers,-2,95,97,,,,,,,,,,,
2026-09-19 00:00:00.000 Z," Australian NBL/Melbourne United v Adelaide 36ers",36069263,COMBINED_TOTAL,262423822,Total Points,7017823,Over,247.5,LOSER,0,192,Melbourne United,v Adelaide 36ers,-2,95,97,,,,,,,,,,,
2026-09-19 00:00:00.000 Z," Australian NBL/Melbourne United v Adelaide 36ers",36069263,COMBINED_TOTAL,262423822,Total Points,7017824,Under,247.5,WINNER,1,192,Melbourne United,v Adelaide 36ers,-2,95,97,,,,,,,,,,,
2026-09-19 00:00:00.000 Z," Australian NBL/Melbourne United v Adelaide 36ers",36069263,COMBINED_TOTAL,262423822,Total Points,7017823,Over,248.5,LOSER,0,192,Melbourne United,v Adelaide 36ers,-2,95,97,,,,,,,,,,,
2026-09-19 00:00:00.000 Z," Australian NBL/Melbourne United v Adelaide 36ers",36069263,COMBINED_TOTAL,262423822,Total Points,7017824,Under,248.5,WINNER,1,192,Melbourne United,v Adelaide 36ers,-2,95,97,,,,,,,,,,,
2026-09-19 00:00:00.000 Z," Australian NBL/Melbourne United v Adelaide 36ers",36069263,COMBINED_TOTAL,262423822,Total Points,7017823,Over,249.5,LOSER,0,192,Melbourne United,v Adelaide 36ers,-2,95,97,,,,,,,,,,,
2026-09-19 00:00:00.000 Z," Australian NBL/Melbourne United v Adelaide 36ers",36069263,COMBINED_TOTAL,262423822,Total Points,7017824,Under,249.5,WINNER,1,192,Melbourne United,v Adelaide 36ers,-2,95,97,,,,,,,,,,,
2026-09-19 00:00:00.000 Z," Australian NBL/Melbourne United v Adelaide 36ers",36069263,COMBINED_TOTAL,262423822,Total Points,7017823,Over,250.5,LOSER,0,192,Melbourne United,v Adelaide 36ers,-2,95,97,,,,,,,,,,,
2026-09-19 00:00:00.000 Z," Australian NBL/Melbourne United v Adelaide 36ers",36069263,COMBINED_TOTAL,262423822,Total Points,7017824,Under,250.5,WINNER,1,192,Melbourne United,v Adelaide 36ers,-2,95,97,,,,,,,,,,,
2026-09-19 00:00:00.000 Z," Australian NBL/Melbourne United v Adelaide 36ers",36069263,COMBINED_TOTAL,262423822,Total Points,7017823,Over,251.5,LOSER,0,192,Melbourne United,v Adelaide 36ers,-2,95,97,,,,,,,,,,,
2026-09-19 00:00:00.000 Z," Australian NBL/Melbourne United v Adelaide 36ers",36069263,COMBINED_TOTAL,262423822,Total Points,7017824,Under,251.5,WINNER,1,192,Melbourne United,v Adelaide 36ers,-2,95,97,,,,,,,,,,,
2026-09-19 00:00:00.000 Z," Australian NBL/Melbourne United v Adelaide 36ers",36069263,COMBINED_TOTAL,262423822,Total Points,7017823,Over,252.5,LOSER,0,192,Melbourne United,v Adelaide 36ers,-2,95,97,,,,,,,,,,,
2026-09-19 00:00:00.000 Z," Australian NBL/Melbourne United v Adelaide 36ers",36069263,COMBINED_TOTAL,262423822,Total Points,7017824,Under,252.5,WINNER,1,192,Melbourne United,v Adelaide 36ers,-2,95,97,,,,,,,,,,,
2026-09-19 00:00:00.000 Z," Australian NBL/Melbourne United v Adelaide 36ers",36069263,COMBINED_TOTAL,262423822,Total Points,7017823,Over,253.5,LOSER,0,192,Melbourne United,v Adelaide 36ers,-2,95,97,,,,,,,,,,,
2026-09-19 00:00:00.000 Z," Australian NBL/Melbourne United v Adelaide 36ers",36069263,COMBINED_TOTAL,262423822,Total Points,7017824,Under,253.5,WINNER,1,192,Melbourne United,v Adelaide 36ers,-2,95,97,,,,,,,,,,,
2026-09-19 00:00:00.000 Z," Australian NBL/Melbourne United v Adelaide 36ers",36069263,COMBINED_TOTAL,262423822,Total Points,7017823,Over,254.5,LOSER,0,192,Melbourne United,v Adelaide 36ers,-2,95,97,,,,,,,,,,,
2026-09-19 00:00:00.000 Z," Australian NBL/Melbourne United v Adelaide 36ers",36069263,COMBINED_TOTAL,262423822,Total Points,7017824,Under,254.5,WINNER,1,192,Melbourne United,v Adelaide 36ers,-2,95,97,,,,,,,,,,,
2026-09-19 00:00:00.000 Z," Australian NBL/Melbourne United v Adelaide 36ers",36069263,COMBINED_TOTAL,262423822,Total Points,7017823,Over,255.5,LOSER,0,192,Melbourne United,v Adelaide 36ers,-2,95,97,,,,,,,,,,,
2026-09-19 00:00:00.000 Z," Australian NBL/Melbourne United v Adelaide 36ers",36069263,COMBINED_TOTAL,262423822,Total Points,7017824,Under,255.5,WINNER,1,192,Melbourne United,v Adelaide 36ers,-2,95,97,,,,,,,,,,,
2026-09-19 00:00:00.000 Z," Australian NBL/Melbourne United v Adelaide 36ers",36069263,COMBINED_TOTAL,262423822,Total Points,7017823,Over,256.5,LOSER,0,192,Melbourne United,v Adelaide 36ers,-2,95,97,,,,,,,,,,,
2026-09-19 00:00:00.000 Z," Australian NBL/Melbourne United v Adelaide 36ers",36069263,COMBINED_TOTAL,262423822,Total Points,7017824,Under,256.5,WINNER,1,192,Melbourne United,v Adelaide 36ers,-2,95,97,,,,,,,,,,,
2026-09-19 00:00:00.000 Z," Australian NBL/Melbourne United v Adelaide 36ers",36069263,COMBINED_TOTAL,262423822,Total Points,7017823,Over,257.5,LOSER,0,192,Melbourne United,v Adelaide 36ers,-2,95,97,,,,,,,,,,,
2026-09-19 00:00:00.000 Z," Australian NBL/Melbourne United v Adelaide 36ers",36069263,COMBINED_TOTAL,262423822,Total Points,7017824,Under,257.5,WINNER,1,192,Melbourne United,v Adelaide 36ers,-2,95,97,,,,,,,,,,,
2026-09-19 00:00:00.000 Z," Australian NBL/Melbourne United v Adelaide 36ers",36069263,COMBINED_TOTAL,262423822,Total Points,7017823,Over,258.5,LOSER,0,192,Melbourne United,v Adelaide 36ers,-2,95,97,,,,,,,,,,,
2026-09-19 00:00:00.000 Z," Australian NBL/Melbourne United v Adelaide 36ers",36069263,COMBINED_TOTAL,262423822,Total Points,7017824,Under,258.5,WINNER,1,192,Melbourne United,v Adelaide 36ers,-2,95,97,,,,,,,,,,,
2026-09-19 00:00:00.000 Z," Australian NBL/Melbourne United v Adelaide 36ers",36069263,COMBINED_TOTAL,262423822,Total Points,7017823,Over,259.5,LOSER,0,192,Melbourne United,v Adelaide 36ers,-2,95,97,,,,,,,,,,,
2026-09-19 00:00:00.000 Z," Australian NBL/Melbourne United v Adelaide 36ers",36069263,COMBINED_TOTAL,262423822,Total Points,7017824,Under,259.5,WINNER,1,192,Melbourne United,v Adelaide 36ers,-2,95,97,,,,,,,,,,,
2026-09-19 00:00:00.000 Z," Australian NBL/Melbourne United v Adelaide 36ers",36069263,COMBINED_TOTAL,262423822,Total Points,7017823,Over,260.5,LOSER,0,192,Melbourne United,v Adelaide 36ers,-2,95,97,,,,,,,,,,,
2026-09-19 00:00:00.000 Z," Australian NBL/Melbourne United v Adelaide 36ers",36069263,COMBINED_TOTAL,262423822,Total Points,7017824,Under,260.5,WINNER,1,192,Melbourne United,v Adelaide 36ers,-2,95,97,,,,,,,,,,,
2026-09-19 00:00:00.000 Z," Australian NBL/Melbourne United v Adelaide 36ers",36069263,COMBINED_TOTAL,262423822,Total Points,7017823,Over,261.5,LOSER,0,192,Melbourne United,v Adelaide 36ers,-2,95,97,,,,,,,,,,,
2026-09-19 00:00:00.000 Z," Australian NBL/Melbourne United v Adelaide 36ers",36069263,COMBINED_TOTAL,262423822,Total Points,7017824,Under,261.5,WINNER,1,192,Melbourne United,v Adelaide 36ers,-2,95,97,,,,,,,,,,,
2026-09-19 00:00:00.000 Z," Australian NBL/Melbourne United v Adelaide 36ers",36069263,COMBINED_TOTAL,262423822,Total Points,7017823,Over,262.5,LOSER,0,192,Melbourne United,v Adelaide 36ers,-2,95,97,,,,,,,,,,,
2026-09-19 00:00:00.000 Z," Australian NBL/Melbourne United v Adelaide 36ers",36069263,COMBINED_TOTAL,262423822,Total Points,7017824,Under,262.5,WINNER,1,192,Melbourne United,v Adelaide 36ers,-2,95,97,,,,,,,,,,,
2026-09-19 00:00:00.000 Z," Australian NBL/Melbourne United v Adelaide 36ers",36069263,COMBINED_TOTAL,262423822,Total Points,7017823,Over,263.5,LOSER,0,192,Melbourne United,v Adelaide 36ers,-2,95,97,,,,,,,,,,,
2026-09-19 00:00:00.000 Z," Australian NBL/Melbourne United v Adelaide 36ers",36069263,COMBINED_TOTAL,262423822,Total Points,7017824,Under,263.5,WINNER,1,192,Melbourne United,v Adelaide 36ers,-2,95,97,,,,,,,,,,,
2026-09-19 00:00:00.000 Z," Australian NBL/Melbourne United v Adelaide 36ers",36069263,COMBINED_TOTAL,262423822,Total Points,7017823,Over,264.5,LOSER,0,192,Melbourne United,v Adelaide 36ers,-2,95,97,,,,,,,,,,,
2026-09-19 00:00:00.000 Z," Australian NBL/Melbourne United v Adelaide 36ers",36069263,COMBINED_TOTAL,262423822,Total Points,7017824,Under,264.5,WINNER,1,192,Melbourne United,v Adelaide 36ers,-2,95,97,,,,,,,,,,,
2026-09-19 00:00:00.000 Z," Australian NBL/Melbourne United v Adelaide 36ers",36069263,COMBINED_TOTAL,262423822,Total Points,7017823,Over,265.5,LOSER,0,192,Melbourne United,v Adelaide 36ers,-2,95,97,,,,,,,,,,,
2026-09-19 00:00:00.000 Z," Australian NBL/Melbourne United v Adelaide 36ers",36069263,COMBINED_TOTAL,262423822,Total Points,7017824,Under,265.5,WINNER,1,192,Melbourne United,v Adelaide 36ers,-2,95,97,,,,,,,,,,,
2026-09-19 00:00:00.000 Z," Australian NBL/Melbourne United v Adelaide 36ers",36069263,COMBINED_TOTAL,262423822,Total Points,7017823,Over,266.5,LOSER,0,192,Melbourne United,v Adelaide 36ers,-2,95,97,,,,,,,,,,,
2026-09-19 00:00:00.000 Z," Australian NBL/Melbourne United v Adelaide 36ers",36069263,COMBINED_TOTAL,262423822,Total Points,7017824,Under,266.5,WINNER,1,192,Melbourne United,v Adelaide 36ers,-2,95,97,,,,,,,,,,,
2026-09-19 00:00:00.000 Z," Australian NBL/Melbourne United v Adelaide 36ers",36069263,COMBINED_TOTAL,262423822,Total Points,7017823,Over,267.5,LOSER,0,192,Melbourne United,v Adelaide 36ers,-2,95,97,,,,,,,,,,,
2026-09-19 00:00:00.000 Z," Australian NBL/Melbourne United v Adelaide 36ers",36069263,COMBINED_TOTAL,262423822,Total Points,7017824,Under,267.5,WINNER,1,192,Melbourne United,v Adelaide 36ers,-2,95,97,,,,,,,,,,,
2026-09-19 00:00:00.000 Z," Australian NBL/Melbourne United v Adelaide 36ers",36069263,COMBINED_TOTAL,262423822,Total Points,7017823,Over,268.5,LOSER,0,192,Melbourne United,v Adelaide 36ers,-2,95,97,,,,,,,,,,,
2026-09-19 00:00:00.000 Z," Australian NBL/Melbourne United v Adelaide 36ers",36069263,COMBINED_TOTAL,262423822,Total Points,7017824,Under,268.5,WINNER,1,192,Melbourne United,v Adelaide 36ers,-2,95,97,,,,,,,,,,,
2026-09-19 00:00:00.000 Z," Australian NBL/Melbourne United v Adelaide 36ers",36069263,COMBINED_TOTAL,262423822,Total Points,7017823,Over,269.5,LOSER,0,192,Melbourne United,v Adelaide 36ers,-2,95,97,,,,,,,,,,,
2026-09-19 00:00:00.000 Z," Australian NBL/Melbourne United v Adelaide 36ers",36069263,COMBINED_TOTAL,262423822,Total Points,7017824,Under,269.5,WINNER,1,192,Melbourne United,v Adelaide 36ers,-2,95,97,,,,,,,,,,,
2026-09-19 00:00:00.000 Z," Australian NBL/Melbourne United v Adelaide 36ers",36069263,COMBINED_TOTAL,262423822,Total Points,7017823,Over,270.5,LOSER,0,192,Melbourne United,v Adelaide 36ers,-2,95,97,,,,,,,,,,,
2026-09-19 00:00:00.000 Z," Australian NBL/Melbourne United v Adelaide 36ers",36069263,COMBINED_TOTAL,262423822,Total Points,7017824,Under,270.5,WINNER,1,192,Melbourne United,v Adelaide 36ers,-2,95,97,,,,,,,,,,,
2026-09-19 00:00:00.000 Z," Australian NBL/Melbourne United v Adelaide 36ers",36069263,COMBINED_TOTAL,262423822,Total Points,7017823,Over,271.5,LOSER,0,192,Melbourne United,v Adelaide 36ers,-2,95,97,,,,,,,,,,,
2026-09-19 00:00:00.000 Z," Australian NBL/Melbourne United v Adelaide 36ers",36069263,COMBINED_TOTAL,262423822,Total Points,7017824,Under,271.5,WINNER,1,192,Melbourne United,v Adelaide 36ers,-2,95,97,,,,,,,,,,,
2026-09-19 00:00:00.000 Z," Australian NBL/Melbourne United v Adelaide 36ers",36069263,COMBINED_TOTAL,262423822,Total Points,7017823,Over,272.5,LOSER,0,192,Melbourne United,v Adelaide 36ers,-2,95,97,,,,,,,,,,,
2026-09-19 00:00:00.000 Z," Australian NBL/Melbourne United v Adelaide 36ers",36069263,COMBINED_TOTAL,262423822,Total Points,7017824,Under,272.5,WINNER,1,192,Melbourne United,v Adelaide 36ers,-2,95,97,,,,,,,,,,,
2026-09-19 00:00:00.000 Z," Australian NBL/Melbourne United v Adelaide 36ers",36069263,COMBINED_TOTAL,262423822,Total Points,7017823,Over,273.5,LOSER,0,192,Melbourne United,v Adelaide 36ers,-2,95,97,,,,,,,,,,,
2026-09-19 00:00:00.000 Z," Australian NBL/Melbourne United v Adelaide 36ers",36069263,COMBINED_TOTAL,262423822,Total Points,7017824,Under,273.5,WINNER,1,192,Melbourne United,v Adelaide 36ers,-2,95,97,,,,,,,,,,,
2026-09-19 00:00:00.000 Z," Australian NBL/Melbourne United v Adelaide 36ers",36069263,COMBINED_TOTAL,262423822,Total Points,7017823,Over,274.5,LOSER,0,192,Melbourne United,v Adelaide 36ers,-2,95,97,,,,,,,,,,,
2026-09-19 00:00:00.000 Z," Australian NBL/Melbourne United v Adelaide 36ers",36069263,COMBINED_TOTAL,262423822,Total Points,7017824,Under,274.5,WINNER,1,192,Melbourne United,v Adelaide 36ers,-2,95,97,,,,,,,,,,,
2026-09-19 00:00:00.000 Z," Australian NBL/Melbourne United v Adelaide 36ers",36069263,COMBINED_TOTAL,262423822,Total Points,7017823,Over,275.5,LOSER,0,192,Melbourne United,v Adelaide 36ers,-2,95,97,,,,,,,,,,,
2026-09-19 00:00:00.000 Z," Australian NBL/Melbourne United v Adelaide 36ers",36069263,COMBINED_TOTAL,262423822,Total Points,7017824,Under,275.5,WINNER,1,192,Melbourne United,v Adelaide 36ers,-2,95,97,,,,,,,,,,,
2026-09-19 00:00:00.000 Z," Australian NBL/Melbourne United v Adelaide 36ers",36069263,COMBINED_TOTAL,262423822,Total Points,7017823,Over,276.5,LOSER,0,192,Melbourne United,v Adelaide 36ers,-2,95,97,,,,,,,,,,,
2026-09-19 00:00:00.000 Z," Australian NBL/Melbourne United v Adelaide 36ers",36069263,COMBINED_TOTAL,262423822,Total Points,7017824,Under,276.5,WINNER,1,192,Melbourne United,v Adelaide 36ers,-2,95,97,,,,,,,,,,,
2026-09-19 00:00:00.000 Z," Australian NBL/Melbourne United v Adelaide 36ers",36069263,COMBINED_TOTAL,262423822,Total Points,7017823,Over,277.5,LOSER,0,192,Melbourne United,v Adelaide 36ers,-2,95,97,,,,,,,,,,,
2026-09-19 00:00:00.000 Z," Australian NBL/Melbourne United v Adelaide 36ers",36069263,COMBINED_TOTAL,262423822,Total Points,7017824,Under,277.5,WINNER,1,192,Melbourne United,v Adelaide 36ers,-2,95,97,,,,,,,,,,,
2026-09-19 00:00:00.000 Z," Australian NBL/Melbourne United v Adelaide 36ers",36069263,COMBINED_TOTAL,262423822,Total Points,7017823,Over,278.5,LOSER,0,192,Melbourne United,v Adelaide 36ers,-2,95,97,,,,,,,,,,,
2026-09-19 00:00:00.000 Z," Australian NBL/Melbourne United v Adelaide 36ers",36069263,COMBINED_TOTAL,262423822,Total Points,7017824,Under,278.5,WINNER,1,192,Melbourne United,v Adelaide 36ers,-2,95,97,,,,,,,,,,,
2026-09-19 00:00:00.000 Z," Australian NBL/Melbourne United v Adelaide 36ers",36069263,COMBINED_TOTAL,262423822,Total Points,7017823,Over,279.5,LOSER,0,192,Melbourne United,v Adelaide 36ers,-2,95,97,,,,,,,,,,,
2026-09-19 00:00:00.000 Z," Australian NBL/Melbourne United v Adelaide 36ers",36069263,COMBINED_TOTAL,262423822,Total Points,7017824,Under,279.5,WINNER,1,192,Melbourne United,v Adelaide 36ers,-2,95,97,,,,,,,,,,,
2026-09-19 00:00:00.000 Z," Australian NBL/Melbourne United v Adelaide 36ers",36069263,COMBINED_TOTAL,262423822,Total Points,7017823,Over,280.5,LOSER,0,192,Melbourne United,v Adelaide 36ers,-2,95,97,,,,,,,,,,,
2026-09-19 00:00:00.000 Z," Australian NBL/Melbourne United v Adelaide 36ers",36069263,COMBINED_TOTAL,262423822,Total Points,7017824,Under,280.5,WINNER,1,192,Melbourne United,v Adelaide 36ers,-2,95,97,,,,,,,,,,,
2026-09-19 00:00:00.000 Z," Australian NBL/Melbourne United v Adelaide 36ers",36069263,COMBINED_TOTAL,262423822,Total Points,7017823,Over,281.5,LOSER,0,192,Melbourne United,v Adelaide 36ers,-2,95,97,,,,,,,,,,,
2026-09-19 00:00:00.000 Z," Australian NBL/Melbourne United v Adelaide 36ers",36069263,COMBINED_TOTAL,262423822,Total Points,7017824,Under,281.5,WINNER,1,192,Melbourne United,v Adelaide 36ers,-2,95,97,,,,,,,,,,,
2026-09-19 00:00:00.000 Z," Australian NBL/Melbourne United v Adelaide 36ers",36069263,COMBINED_TOTAL,262423822,Total Points,7017823,Over,282.5,LOSER,0,192,Melbourne United,v Adelaide 36ers,-2,95,97,,,,,,,,,,,
2026-09-19 00:00:00.000 Z," Australian NBL/Melbourne United v Adelaide 36ers",36069263,COMBINED_TOTAL,262423822,Total Points,7017824,Under,282.5,WINNER,1,192,Melbourne United,v Adelaide 36ers,-2,95,97,,,,,,,,,,,
2026-09-19 00:00:00.000 Z," Australian NBL/Melbourne United v Adelaide 36ers",36069263,COMBINED_TOTAL,262423822,Total Points,7017823,Over,283.5,LOSER,0,192,Melbourne United,v Adelaide 36ers,-2,95,97,,,,,,,,,,,
2026-09-19 00:00:00.000 Z," Australian NBL/Melbourne United v Adelaide 36ers",36069263,COMBINED_TOTAL,262423822,Total Points,7017824,Under,283.5,WINNER,1,192,Melbourne United,v Adelaide 36ers,-2,95,97,,,,,,,,,,,
2026-09-19 00:00:00.000 Z," Australian NBL/Melbourne United v Adelaide 36ers",36069263,COMBINED_TOTAL,262423822,Total Points,7017823,Over,284.5,LOSER,0,192,Melbourne United,v Adelaide 36ers,-2,95,97,,,,,,,,,,,
2026-09-19 00:00:00.000 Z," Australian NBL/Melbourne United v Adelaide 36ers",36069263,COMBINED_TOTAL,262423822,Total Points,7017824,Under,284.5,WINNER,1,192,Melbourne United,v Adelaide 36ers,-2,95,97,,,,,,,,,,,
2026-09-19 00:00:00.000 Z," Australian NBL/Melbourne United v Adelaide 36ers",36069263,COMBINED_TOTAL,262423822,Total Points,7017823,Over,285.5,LOSER,0,192,Melbourne United,v Adelaide 36ers,-2,95,97,,,,,,,,,,,
2026-09-19 00:00:00.000 Z," Australian NBL/Melbourne United v Adelaide 36ers",36069263,COMBINED_TOTAL,262423822,Total Points,7017824,Under,285.5,WINNER,1,192,Melbourne United,v Adelaide 36ers,-2,95,97,,,,,,,,,,,
2026-09-19 00:00:00.000 Z," Australian NBL/Melbourne United v Adelaide 36ers",36069263,COMBINED_TOTAL,262423822,Total Points,7017823,Over,286.5,LOSER,0,192,Melbourne United,v Adelaide 36ers,-2,95,97,,,,,,,,,,,
2026-09-19 00:00:00.000 Z," Australian NBL/Melbourne United v Adelaide 36ers",36069263,COMBINED_TOTAL,262423822,Total Points,7017824,Under,286.5,WINNER,1,192,Melbourne United,v Adelaide 36ers,-2,95,97,,,,,,,,,,,
2026-09-19 00:00:00.000 Z," Australian NBL/Melbourne United v Adelaide 36ers",36069263,COMBINED_TOTAL,262423822,Total Points,7017823,Over,287.5,LOSER,0,192,Melbourne United,v Adelaide 36ers,-2,95,97,,,,,,,,,,,
2026-09-19 00:00:00.000 Z," Australian NBL/Melbourne United v Adelaide 36ers",36069263,COMBINED_TOTAL,262423822,Total Points,7017824,Under,287.5,WINNER,1,192,Melbourne United,v Adelaide 36ers,-2,95,97,,,,,,,,,,,
2026-09-19 00:00:00.000 Z," Australian NBL/Melbourne United v Adelaide 36ers",36069263,COMBINED_TOTAL,262423822,Total Points,7017823,Over,288.5,LOSER,0,192,Melbourne United,v Adelaide 36ers,-2,95,97,,,,,,,,,,,
2026-09-19 00:00:00.000 Z," Australian NBL/Melbourne United v Adelaide 36ers",36069263,COMBINED_TOTAL,262423822,Total Points,7017824,Under,288.5,WINNER,1,192,Melbourne United,v Adelaide 36ers,-2,95,97,,,,,,,,,,,
2026-09-19 00:00:00.000 Z," Australian NBL/Melbourne United v Adelaide 36ers",36069263,COMBINED_TOTAL,262423822,Total Points,7017823,Over,289.5,LOSER,0,192,Melbourne United,v Adelaide 36ers,-2,95,97,,,,,,,,,,,
2026-09-19 00:00:00.000 Z," Australian NBL/Melbourne United v Adelaide 36ers",36069263,COMBINED_TOTAL,262423822,Total Points,7017824,Under,289.5,WINNER,1,192,Melbourne United,v Adelaide 36ers,-2,95,97,,,,,,,,,,,
2026-09-19 00:00:00.000 Z," Australian NBL/Melbourne United v Adelaide 36ers",36069263,COMBINED_TOTAL,262423822,Total Points,7017823,Over,290.5,LOSER,0,192,Melbourne United,v Adelaide 36ers,-2,95,97,,,,,,,,,,,
2026-09-19 00:00:00.000 Z," Australian NBL/Melbourne United v Adelaide 36ers",36069263,COMBINED_TOTAL,262423822,Total Points,7017824,Under,290.5,WINNER,1,192,Melbourne United,v Adelaide 36ers,-2,95,97,,,,,,,,,,,
2026-09-19 00:00:00.000 Z," Australian NBL/Melbourne United v Adelaide 36ers",36069263,COMBINED_TOTAL,262423822,Total Points,7017823,Over,291.5,LOSER,0,192,Melbourne United,v Adelaide 36ers,-2,95,97,,,,,,,,,,,
2026-09-19 00:00:00.000 Z," Australian NBL/Melbourne United v Adelaide 36ers",36069263,COMBINED_TOTAL,262423822,Total Points,7017824,Under,291.5,WINNER,1,192,Melbourne United,v Adelaide 36ers,-2,95,97,,,,,,,,,,,
2026-09-19 00:00:00.000 Z," Australian NBL/Melbourne United v Adelaide 36ers",36069263,COMBINED_TOTAL,262423822,Total Points,7017823,Over,292.5,LOSER,0,192,Melbourne United,v Adelaide 36ers,-2,95,97,,,,,,,,,,,
2026-09-19 00:00:00.000 Z," Australian NBL/Melbourne United v Adelaide 36ers",36069263,COMBINED_TOTAL,262423822,Total Points,7017824,Under,292.5,WINNER,1,192,Melbourne United,v Adelaide 36ers,-2,95,97,,,,,,,,,,,
2026-09-19 00:00:00.000 Z," Australian NBL/Melbourne United v Adelaide 36ers",36069263,COMBINED_TOTAL,262423822,Total Points,7017823,Over,293.5,LOSER,0,192,Melbourne United,v Adelaide 36ers,-2,95,97,,,,,,,,,,,
2026-09-19 00:00:00.000 Z," Australian NBL/Melbourne United v Adelaide 36ers",36069263,COMBINED_TOTAL,262423822,Total Points,7017824,Under,293.5,WINNER,1,192,Melbourne United,v Adelaide 36ers,-2,95,97,,,,,,,,,,,
2026-09-19 00:00:00.000 Z," Australian NBL/Melbourne United v Adelaide 36ers",36069263,COMBINED_TOTAL,262423822,Total Points,7017823,Over,294.5,LOSER,0,192,Melbourne United,v Adelaide 36ers,-2,95,97,,,,,,,,,,,
2026-09-19 00:00:00.000 Z," Australian NBL/Melbourne United v Adelaide 36ers",36069263,COMBINED_TOTAL,262423822,Total Points,7017824,Under,294.5,WINNER,1,192,Melbourne United,v Adelaide 36ers,-2,95,97,,,,,,,,,,,
2026-09-19 00:00:00.000 Z," Australian NBL/Melbourne United v Adelaide 36ers",36069263,COMBINED_TOTAL,262423822,Total Points,7017823,Over,295.5,LOSER,0,192,Melbourne United,v Adelaide 36ers,-2,95,97,,,,,,,,,,,
2026-09-19 00:00:00.000 Z," Australian NBL/Melbourne United v Adelaide 36ers",36069263,COMBINED_TOTAL,262423822,Total Points,7017824,Under,295.5,WINNER,1,192,Melbourne United,v Adelaide 36ers,-2,95,97,,,,,,,,,,,
2026-09-19 00:00:00.000 Z," Australian NBL/Melbourne United v Adelaide 36ers",36069263,COMBINED_TOTAL,262423822,Total Points,7017823,Over,296.5,LOSER,0,192,Melbourne United,v Adelaide 36ers,-2,95,97,,,,,,,,,,,
2026-09-19 00:00:00.000 Z," Australian NBL/Melbourne United v Adelaide 36ers",36069263,COMBINED_TOTAL,262423822,Total Points,7017824,Under,296.5,WINNER,1,192,Melbourne United,v Adelaide 36ers,-2,95,97,,,,,,,,,,,
2026-09-19 00:00:00.000 Z," Australian NBL/Melbourne United v Adelaide 36ers",36069263,COMBINED_TOTAL,262423822,Total Points,7017823,Over,297.5,LOSER,0,192,Melbourne United,v Adelaide 36ers,-2,95,97,,,,,,,,,,,
2026-09-19 00:00:00.000 Z," Australian NBL/Melbourne United v Adelaide 36ers",36069263,COMBINED_TOTAL,262423822,Total Points,7017824,Under,297.5,WINNER,1,192,Melbourne United,v Adelaide 36ers,-2,95,97,,,,,,,,,,,
2026-09-19 00:00:00.000 Z," Australian NBL/Melbourne United v Adelaide 36ers",36069263,COMBINED_TOTAL,262423822,Total Points,7017823,Over,298.5,LOSER,0,192,Melbourne United,v Adelaide 36ers,-2,95,97,,,,,,,,,,,
2026-09-19 00:00:00.000 Z," Australian NBL/Melbourne United v Adelaide 36ers",36069263,COMBINED_TOTAL,262423822,Total Points,7017824,Under,298.5,WINNER,1,192,Melbourne United,v Adelaide 36ers,-2,95,97,,,,,,,,,,,
2026-09-19 00:00:00.000 Z," Australian NBL/Melbourne United v Adelaide 36ers",36069263,COMBINED_TOTAL,262423822,Total Points,7017823,Over,299.5,LOSER,0,192,Melbourne United,v Adelaide 36ers,-2,95,97,,,,,,,,,,,
2026-09-19 00:00:00.000 Z," Australian NBL/Melbourne United v Adelaide 36ers",36069263,COMBINED_TOTAL,262423822,Total Points,7017824,Under,299.5,WINNER,1,192,Melbourne United,v Adelaide 36ers,-2,95,97,,,,,,,,,,,
2026-09-19 00:00:00.000 Z," Australian NBL/Melbourne United v Adelaide 36ers",36069263,COMBINED_TOTAL,262423822,Total Points,7017823,Over,300.5,LOSER,0,192,Melbourne United,v Adelaide 36ers,-2,95,97,,,,,,,,,,,
2026-09-19 00:00:00.000 Z," Australian NBL/Melbourne United v Adelaide 36ers",36069263,COMBINED_TOTAL,262423822,Total Points,7017824,Under,300.5,WINNER,1,192,Melbourne United,v Adelaide 36ers,-2,95,97,,,,,,,,,,,
2026-09-20 00:00:00.000 Z," Australian NBL/Perth Wildcats v SE Melbourne Phoenix",36069264,HANDICAP,262424726,Handicap,26135246,SE Melbourne Phoenix,-35.5,LOSER,0,179,Perth Wildcats,v SE Melbourne Phoenix,-21,79,100,1.01,,,1.01,,,1.01,,,,
2026-09-20 00:00:00.000 Z," Australian NBL/Perth Wildcats v SE Melbourne Phoenix",36069264,HANDICAP,262424726,Handicap,1196410,Perth Wildcats,-35.5,LOSER,0,179,Perth Wildcats,v SE Melbourne Phoenix,-21,79,100,1.01,,,1.01,,,1.01,,,,
2026-09-20 00:00:00.000 Z," Australian NBL/Perth Wildcats v SE Melbourne Phoenix",36069264,HANDICAP,262424726,Handicap,26135246,SE Melbourne Phoenix,-34.5,LOSER,0,179,Perth Wildcats,v SE Melbourne Phoenix,-21,79,100,1.01,,,1.01,,,1.01,,,,
2026-09-20 00:00:00.000 Z," Australian NBL/Perth Wildcats v SE Melbourne Phoenix",36069264,HANDICAP,262424726,Handicap,1196410,Perth Wildcats,-34.5,LOSER,0,179,Perth Wildcats,v SE Melbourne Phoenix,-21,79,100,1.01,,,1.01,,,1.01,,,,
2026-09-20 00:00:00.000 Z," Australian NBL/Perth Wildcats v SE Melbourne Phoenix",36069264,HANDICAP,262424726,Handicap,1196410,Perth Wildcats,-33.5,LOSER,0,179,Perth Wildcats,v SE Melbourne Phoenix,-21,79,100,1.01,,,1.01,,,1.01,,,,
2026-09-20 00:00:00.000 Z," Australian NBL/Perth Wildcats v SE Melbourne Phoenix",36069264,HANDICAP,262424726,Handicap,26135246,SE Melbourne Phoenix,-33.5,LOSER,0,179,Perth Wildcats,v SE Melbourne Phoenix,-21,79,100,1.01,,,1.01,,,1.01,,,,
2026-09-20 00:00:00.000 Z," Australian NBL/Perth Wildcats v SE Melbourne Phoenix",36069264,HANDICAP,262424726,Handicap,1196410,Perth Wildcats,-32.5,LOSER,0,179,Perth Wildcats,v SE Melbourne Phoenix,-21,79,100,1.01,,,1.01,,,1.01,,,,
2026-09-20 00:00:00.000 Z," Australian NBL/Perth Wildcats v SE Melbourne Phoenix",36069264,HANDICAP,262424726,Handicap,26135246,SE Melbourne Phoenix,-32.5,LOSER,0,179,Perth Wildcats,v SE Melbourne Phoenix,-21,79,100,1.01,,,1.01,,,1.01,,,,
2026-09-20 00:00:00.000 Z," Australian NBL/Perth Wildcats v SE Melbourne Phoenix",36069264,HANDICAP,262424726,Handicap,1196410,Perth Wildcats,-31.5,LOSER,0,179,Perth Wildcats,v SE Melbourne Phoenix,-21,79,100,1.01,,,1.01,,,1.01,,,,
2026-09-20 00:00:00.000 Z," Australian NBL/Perth Wildcats v SE Melbourne Phoenix",36069264,HANDICAP,262424726,Handicap,26135246,SE Melbourne Phoenix,-31.5,LOSER,0,179,Perth Wildcats,v SE Melbourne Phoenix,-21,79,100,1.01,,,1.01,,,1.01,,,,
2026-09-20 00:00:00.000 Z," Australian NBL/Perth Wildcats v SE Melbourne Phoenix",36069264,HANDICAP,262424726,Handicap,1196410,Perth Wildcats,-30.5,LOSER,0,179,Perth Wildcats,v SE Melbourne Phoenix,-21,79,100,1.01,,,1.01,,,1.01,,,,
2026-09-20 00:00:00.000 Z," Australian NBL/Perth Wildcats v SE Melbourne Phoenix",36069264,HANDICAP,262424726,Handicap,26135246,SE Melbourne Phoenix,-30.5,LOSER,0,179,Perth Wildcats,v SE Melbourne Phoenix,-21,79,100,1.01,,,1.01,,,1.01,,,,
2026-09-20 00:00:00.000 Z," Australian NBL/Perth Wildcats v SE Melbourne Phoenix",36069264,HANDICAP,262424726,Handicap,26135246,SE Melbourne Phoenix,-29.5,LOSER,0,179,Perth Wildcats,v SE Melbourne Phoenix,-21,79,100,1.01,,,1.01,,,1.01,,,,
2026-09-20 00:00:00.000 Z," Australian NBL/Perth Wildcats v SE Melbourne Phoenix",36069264,HANDICAP,262424726,Handicap,1196410,Perth Wildcats,-29.5,LOSER,0,179,Perth Wildcats,v SE Melbourne Phoenix,-21,79,100,1.01,,,1.01,,,1.01,,,,
2026-09-20 00:00:00.000 Z," Australian NBL/Perth Wildcats v SE Melbourne Phoenix",36069264,HANDICAP,262424726,Handicap,1196410,Perth Wildcats,-28.5,LOSER,0,179,Perth Wildcats,v SE Melbourne Phoenix,-21,79,100,1.01,,,1.01,,,1.01,,,,
2026-09-20 00:00:00.000 Z," Australian NBL/Perth Wildcats v SE Melbourne Phoenix",36069264,HANDICAP,262424726,Handicap,26135246,SE Melbourne Phoenix,-28.5,LOSER,0,179,Perth Wildcats,v SE Melbourne Phoenix,-21,79,100,1.01,,,1.01,,,1.01,,,,
2026-09-20 00:00:00.000 Z," Australian NBL/Perth Wildcats v SE Melbourne Phoenix",36069264,HANDICAP,262424726,Handicap,1196410,Perth Wildcats,-27.5,LOSER,0,179,Perth Wildcats,v SE Melbourne Phoenix,-21,79,100,1.01,,,1.01,,,1.01,,,,
2026-09-20 00:00:00.000 Z," Australian NBL/Perth Wildcats v SE Melbourne Phoenix",36069264,HANDICAP,262424726,Handicap,26135246,SE Melbourne Phoenix,-27.5,LOSER,0,179,Perth Wildcats,v SE Melbourne Phoenix,-21,79,100,1.01,,,1.01,,,1.01,,,,
2026-09-20 00:00:00.000 Z," Australian NBL/Perth Wildcats v SE Melbourne Phoenix",36069264,HANDICAP,262424726,Handicap,1196410,Perth Wildcats,-26.5,LOSER,0,179,Perth Wildcats,v SE Melbourne Phoenix,-21,79,100,1.01,,,1.01,,,1.01,,,,
2026-09-20 00:00:00.000 Z," Australian NBL/Perth Wildcats v SE Melbourne Phoenix",36069264,HANDICAP,262424726,Handicap,26135246,SE Melbourne Phoenix,-26.5,LOSER,0,179,Perth Wildcats,v SE Melbourne Phoenix,-21,79,100,1.01,,,1.01,,,1.01,,,,
2026-09-20 00:00:00.000 Z," Australian NBL/Perth Wildcats v SE Melbourne Phoenix",36069264,HANDICAP,262424726,Handicap,1196410,Perth Wildcats,-25.5,LOSER,0,179,Perth Wildcats,v SE Melbourne Phoenix,-21,79,100,1.01,,,1.01,,,1.01,,,,
2026-09-20 00:00:00.000 Z," Australian NBL/Perth Wildcats v SE Melbourne Phoenix",36069264,HANDICAP,262424726,Handicap,26135246,SE Melbourne Phoenix,-25.5,LOSER,0,179,Perth Wildcats,v SE Melbourne Phoenix,-21,79,100,1.01,,,1.01,,,1.01,,,,
2026-09-20 00:00:00.000 Z," Australian NBL/Perth Wildcats v SE Melbourne Phoenix",36069264,HANDICAP,262424726,Handicap,1196410,Perth Wildcats,-24.5,LOSER,0,179,Perth Wildcats,v SE Melbourne Phoenix,-21,79,100,1.01,,,1.01,,,1.01,,,,
2026-09-20 00:00:00.000 Z," Australian NBL/Perth Wildcats v SE Melbourne Phoenix",36069264,HANDICAP,262424726,Handicap,26135246,SE Melbourne Phoenix,-24.5,LOSER,0,179,Perth Wildcats,v SE Melbourne Phoenix,-21,79,100,1.01,,,1.01,,,1.01,,,,
2026-09-20 00:00:00.000 Z," Australian NBL/Perth Wildcats v SE Melbourne Phoenix",36069264,HANDICAP,262424726,Handicap,1196410,Perth Wildcats,-23.5,LOSER,0,179,Perth Wildcats,v SE Melbourne Phoenix,-21,79,100,1.01,,,1.01,,,1.01,,,,
2026-09-20 00:00:00.000 Z," Australian NBL/Perth Wildcats v SE Melbourne Phoenix",36069264,HANDICAP,262424726,Handicap,26135246,SE Melbourne Phoenix,-23.5,LOSER,0,179,Perth Wildcats,v SE Melbourne Phoenix,-21,79,100,1.01,,,1.01,,,1.01,,,,
2026-09-20 00:00:00.000 Z," Australian NBL/Perth Wildcats v SE Melbourne Phoenix",36069264,HANDICAP,262424726,Handicap,26135246,SE Melbourne Phoenix,-22.5,LOSER,0,179,Perth Wildcats,v SE Melbourne Phoenix,-21,79,100,1.01,,,1.01,,,1.01,,,,
2026-09-20 00:00:00.000 Z," Australian NBL/Perth Wildcats v SE Melbourne Phoenix",36069264,HANDICAP,262424726,Handicap,1196410,Perth Wildcats,-22.5,LOSER,0,179,Perth Wildcats,v SE Melbourne Phoenix,-21,79,100,1.01,,,11,,,11,,,,
2026-09-20 00:00:00.000 Z," Australian NBL/Perth Wildcats v SE Melbourne Phoenix",36069264,HANDICAP,262424726,Handicap,1196410,Perth Wildcats,-21.5,LOSER,0,179,Perth Wildcats,v SE Melbourne Phoenix,-21,79,100,10,,,10,,,10,,,,
2026-09-20 00:00:00.000 Z," Australian NBL/Perth Wildcats v SE Melbourne Phoenix",36069264,HANDICAP,262424726,Handicap,26135246,SE Melbourne Phoenix,-21.5,LOSER,0,179,Perth Wildcats,v SE Melbourne Phoenix,-21,79,100,1.01,,,1.01,,,1.01,,,,
2026-09-20 00:00:00.000 Z," Australian NBL/Perth Wildcats v SE Melbourne Phoenix",36069264,HANDICAP,262424726,Handicap,1196410,Perth Wildcats,-20.5,LOSER,0,179,Perth Wildcats,v SE Melbourne Phoenix,-21,79,100,9,,,9,,,9,,,,
2026-09-20 00:00:00.000 Z," Australian NBL/Perth Wildcats v SE Melbourne Phoenix",36069264,HANDICAP,262424726,Handicap,26135246,SE Melbourne Phoenix,-20.5,WINNER,1,179,Perth Wildcats,v SE Melbourne Phoenix,-21,79,100,1.01,,,1.01,,,1.01,,,,
2026-09-20 00:00:00.000 Z," Australian NBL/Perth Wildcats v SE Melbourne Phoenix",36069264,HANDICAP,262424726,Handicap,1196410,Perth Wildcats,-19.5,LOSER,0,179,Perth Wildcats,v SE Melbourne Phoenix,-21,79,100,8,,,8,,,8,,,,
2026-09-20 00:00:00.000 Z," Australian NBL/Perth Wildcats v SE Melbourne Phoenix",36069264,HANDICAP,262424726,Handicap,26135246,SE Melbourne Phoenix,-19.5,WINNER,1,179,Perth Wildcats,v SE Melbourne Phoenix,-21,79,100,1.01,,,11,,,1.01,,,,
2026-09-20 00:00:00.000 Z," Australian NBL/Perth Wildcats v SE Melbourne Phoenix",36069264,HANDICAP,262424726,Handicap,1196410,Perth Wildcats,-18.5,LOSER,0,179,Perth Wildcats,v SE Melbourne Phoenix,-21,79,100,7.2,,,7.2,,,7.2,,,,
2026-09-20 00:00:00.000 Z," Australian NBL/Perth Wildcats v SE Melbourne Phoenix",36069264,HANDICAP,262424726,Handicap,26135246,SE Melbourne Phoenix,-18.5,WINNER,1,179,Perth Wildcats,v SE Melbourne Phoenix,-21,79,100,11,,,11,,,9.2,,,,
2026-09-20 00:00:00.000 Z," Australian NBL/Perth Wildcats v SE Melbourne Phoenix",36069264,HANDICAP,262424726,Handicap,1196410,Perth Wildcats,-17.5,LOSER,0,179,Perth Wildcats,v SE Melbourne Phoenix,-21,79,100,6.4,18.5,,6.4,18.5,,6.4,18.5,,,
2026-09-20 00:00:00.000 Z," Australian NBL/Perth Wildcats v SE Melbourne Phoenix",36069264,HANDICAP,262424726,Handicap,26135246,SE Melbourne Phoenix,-17.5,WINNER,1,179,Perth Wildcats,v SE Melbourne Phoenix,-21,79,100,9.2,,,9.2,,,9.2,,,,
2026-09-20 00:00:00.000 Z," Australian NBL/Perth Wildcats v SE Melbourne Phoenix",36069264,HANDICAP,262424726,Handicap,1196410,Perth Wildcats,-16.5,LOSER,0,179,Perth Wildcats,v SE Melbourne Phoenix,-21,79,100,5.8,15,,5.8,15,,5.8,13,,,
2026-09-20 00:00:00.000 Z," Australian NBL/Perth Wildcats v SE Melbourne Phoenix",36069264,HANDICAP,262424726,Handicap,26135246,SE Melbourne Phoenix,-16.5,WINNER,1,179,Perth Wildcats,v SE Melbourne Phoenix,-21,79,100,8.6,,,8.6,,,8.6,,,,
2026-09-20 00:00:00.000 Z," Australian NBL/Perth Wildcats v SE Melbourne Phoenix",36069264,HANDICAP,262424726,Handicap,1196410,Perth Wildcats,-15.5,LOSER,0,179,Perth Wildcats,v SE Melbourne Phoenix,-21,79,100,5.2,11.5,,5.2,11.5,,5.2,11.5,,,
2026-09-20 00:00:00.000 Z," Australian NBL/Perth Wildcats v SE Melbourne Phoenix",36069264,HANDICAP,262424726,Handicap,26135246,SE Melbourne Phoenix,-15.5,WINNER,1,179,Perth Wildcats,v SE Melbourne Phoenix,-21,79,100,7.6,,,7.6,,,7.6,,,,
2026-09-20 00:00:00.000 Z," Australian NBL/Perth Wildcats v SE Melbourne Phoenix",36069264,HANDICAP,262424726,Handicap,1196410,Perth Wildcats,-14.5,LOSER,0,179,Perth Wildcats,v SE Melbourne Phoenix,-21,79,100,4.7,9.2,,5.1,9.8,,4.6,8.8,,,
2026-09-20 00:00:00.000 Z," Australian NBL/Perth Wildcats v SE Melbourne Phoenix",36069264,HANDICAP,262424726,Handicap,26135246,SE Melbourne Phoenix,-14.5,WINNER,1,179,Perth Wildcats,v SE Melbourne Phoenix,-21,79,100,7.2,,,6.4,18.5,,6.4,18.5,,,
2026-09-20 00:00:00.000 Z," Australian NBL/Perth Wildcats v SE Melbourne Phoenix",36069264,HANDICAP,262424726,Handicap,1196410,Perth Wildcats,-13.5,LOSER,0,179,Perth Wildcats,v SE Melbourne Phoenix,-21,79,100,4.3,7.6,,4.3,8,,4.3,7.2,,,
2026-09-20 00:00:00.000 Z," Australian NBL/Perth Wildcats v SE Melbourne Phoenix",36069264,HANDICAP,262424726,Handicap,26135246,SE Melbourne Phoenix,-13.5,WINNER,1,179,Perth Wildcats,v SE Melbourne Phoenix,-21,79,100,6.2,17.5,,6.2,16,,6.2,14,,,
2026-09-20 00:00:00.000 Z," Australian NBL/Perth Wildcats v SE Melbourne Phoenix",36069264,HANDICAP,262424726,Handicap,1196410,Perth Wildcats,-12.5,LOSER,0,179,Perth Wildcats,v SE Melbourne Phoenix,-21,79,100,4.1,6.6,,4.1,7,,3.8,6.4,,,
2026-09-20 00:00:00.000 Z," Australian NBL/Perth Wildcats v SE Melbourne Phoenix",36069264,HANDICAP,262424726,Handicap,26135246,SE Melbourne Phoenix,-12.5,WINNER,1,179,Perth Wildcats,v SE Melbourne Phoenix,-21,79,100,5.9,13.5,,5.3,12,,5.3,12,,,
2026-09-20 00:00:00.000 Z," Australian NBL/Perth Wildcats v SE Melbourne Phoenix",36069264,HANDICAP,262424726,Handicap,1196410,Perth Wildcats,-11.5,LOSER,0,179,Perth Wildcats,v SE Melbourne Phoenix,-21,79,100,3.8,5.7,,3.8,5.9,,3.55,5.5,,,
2026-09-20 00:00:00.000 Z," Australian NBL/Perth Wildcats v SE Melbourne Phoenix",36069264,HANDICAP,262424726,Handicap,26135246,SE Melbourne Phoenix,-11.5,WINNER,1,179,Perth Wildcats,v SE Melbourne Phoenix,-21,79,100,5.3,11,,4.8,9.8,,4.8,9.8,,,
2026-09-20 00:00:00.000 Z," Australian NBL/Perth Wildcats v SE Melbourne Phoenix",36069264,HANDICAP,262424726,Handicap,1196410,Perth Wildcats,-10.5,LOSER,0,179,Perth Wildcats,v SE Melbourne Phoenix,-21,79,100,3.4,5,,3.4,5.1,,3.2,4.8,,,
2026-09-20 00:00:00.000 Z," Australian NBL/Perth Wildcats v SE Melbourne Phoenix",36069264,HANDICAP,262424726,Handicap,26135246,SE Melbourne Phoenix,-10.5,WINNER,1,179,Perth Wildcats,v SE Melbourne Phoenix,-21,79,100,4.8,9,,4.4,8.2,,4.4,8.2,,,
2026-09-20 00:00:00.000 Z," Australian NBL/Perth Wildcats v SE Melbourne Phoenix",36069264,HANDICAP,262424726,Handicap,1196410,Perth Wildcats,-9.5,LOSER,0,179,Perth Wildcats,v SE Melbourne Phoenix,-21,79,100,3.1,4.4,,3.1,4.5,,2.94,4.3,,,
2026-09-20 00:00:00.000 Z," Australian NBL/Perth Wildcats v SE Melbourne Phoenix",36069264,HANDICAP,262424726,Handicap,26135246,SE Melbourne Phoenix,-9.5,WINNER,1,179,Perth Wildcats,v SE Melbourne Phoenix,-21,79,100,4.3,7.6,,4,7,,4,7,,,
2026-09-20 00:00:00.000 Z," Australian NBL/Perth Wildcats v SE Melbourne Phoenix",36069264,HANDICAP,262424726,Handicap,1196410,Perth Wildcats,-8.5,LOSER,0,179,Perth Wildcats,v SE Melbourne Phoenix,-21,79,100,2.88,3.9,,2.88,4.2,,2.74,3.95,,6.46,
2026-09-20 00:00:00.000 Z," Australian NBL/Perth Wildcats v SE Melbourne Phoenix",36069264,HANDICAP,262424726,Handicap,26135246,SE Melbourne Phoenix,-8.5,WINNER,1,179,Perth Wildcats,v SE Melbourne Phoenix,-21,79,100,3.8,6.4,,3.8,5.9,,3.8,5.9,,,
2026-09-20 00:00:00.000 Z," Australian NBL/Perth Wildcats v SE Melbourne Phoenix",36069264,HANDICAP,262424726,Handicap,1196410,Perth Wildcats,-7.5,LOSER,0,179,Perth Wildcats,v SE Melbourne Phoenix,-21,79,100,2.6,3.55,,2.6,3.6,,2.6,3.45,,,
2026-09-20 00:00:00.000 Z," Australian NBL/Perth Wildcats v SE Melbourne Phoenix",36069264,HANDICAP,262424726,Handicap,26135246,SE Melbourne Phoenix,-7.5,WINNER,1,179,Perth Wildcats,v SE Melbourne Phoenix,-21,79,100,3.45,5.5,,3.45,5.1,,3.45,5.1,,,
2026-09-20 00:00:00.000 Z," Australian NBL/Perth Wildcats v SE Melbourne Phoenix",36069264,HANDICAP,262424726,Handicap,1196410,Perth Wildcats,-6.5,LOSER,0,179,Perth Wildcats,v SE Melbourne Phoenix,-21,79,100,2.6,2.96,,2.72,3.05,,2.54,3.05,,,
2026-09-20 00:00:00.000 Z," Australian NBL/Perth Wildcats v SE Melbourne Phoenix",36069264,HANDICAP,262424726,Handicap,26135246,SE Melbourne Phoenix,-6.5,WINNER,1,179,Perth Wildcats,v SE Melbourne Phoenix,-21,79,100,3.15,5,,3.15,4.6,,3.15,4.6,,24.67,
2026-09-20 00:00:00.000 Z," Australian NBL/Perth Wildcats v SE Melbourne Phoenix",36069264,HANDICAP,262424726,Handicap,1196410,Perth Wildcats,-5.5,LOSER,0,179,Perth Wildcats,v SE Melbourne Phoenix,-21,79,100,2.46,2.6,,2.5,2.74,,2.32,2.74,,,
2026-09-20 00:00:00.000 Z," Australian NBL/Perth Wildcats v SE Melbourne Phoenix",36069264,HANDICAP,262424726,Handicap,26135246,SE Melbourne Phoenix,-5.5,WINNER,1,179,Perth Wildcats,v SE Melbourne Phoenix,-21,79,100,2.96,4.4,,2.96,4.1,,2.96,4.1,,,
2026-09-20 00:00:00.000 Z," Australian NBL/Perth Wildcats v SE Melbourne Phoenix",36069264,HANDICAP,262424726,Handicap,1196410,Perth Wildcats,-4.5,LOSER,0,179,Perth Wildcats,v SE Melbourne Phoenix,-21,79,100,2.3,2.42,,2.36,2.48,,2.26,2.38,,,
2026-09-20 00:00:00.000 Z," Australian NBL/Perth Wildcats v SE Melbourne Phoenix",36069264,HANDICAP,262424726,Handicap,26135246,SE Melbourne Phoenix,-4.5,WINNER,1,179,Perth Wildcats,v SE Melbourne Phoenix,-21,79,100,2.72,3.9,,2.72,3.65,,2.72,3.65,,,
2026-09-20 00:00:00.000 Z," Australian NBL/Perth Wildcats v SE Melbourne Phoenix",36069264,HANDICAP,262424726,Handicap,1196410,Perth Wildcats,-3.5,LOSER,0,179,Perth Wildcats,v SE Melbourne Phoenix,-21,79,100,2.12,2.24,478.88,2.18,2.3,478.88,2.1,2.2,818.63,818.63,2.18
2026-09-20 00:00:00.000 Z," Australian NBL/Perth Wildcats v SE Melbourne Phoenix",36069264,HANDICAP,262424726,Handicap,26135246,SE Melbourne Phoenix,-3.5,WINNER,1,179,Perth Wildcats,v SE Melbourne Phoenix,-21,79,100,2.76,3.1,,2.64,2.96,,2.64,3.1,,,
2026-09-20 00:00:00.000 Z," Australian NBL/Perth Wildcats v SE Melbourne Phoenix",36069264,HANDICAP,262424726,Handicap,1196410,Perth Wildcats,-2.5,LOSER,0,179,Perth Wildcats,v SE Melbourne Phoenix,-21,79,100,1.96,2.06,429.39,2.02,2.12,429.39,1.96,2.06,686.19,1236.19,1.96
2026-09-20 00:00:00.000 Z," Australian NBL/Perth Wildcats v SE Melbourne Phoenix",36069264,HANDICAP,262424726,Handicap,26135246,SE Melbourne Phoenix,-2.5,WINNER,1,179,Perth Wildcats,v SE Melbourne Phoenix,-21,79,100,2.52,2.76,,2.46,2.56,,2.56,2.68,,,
2026-09-20 00:00:00.000 Z," Australian NBL/Perth Wildcats v SE Melbourne Phoenix",36069264,HANDICAP,262424726,Handicap,1196410,Perth Wildcats,-1.5,LOSER,0,179,Perth Wildcats,v SE Melbourne Phoenix,-21,79,100,1.82,1.9,261.8,1.87,1.96,261.8,1.82,1.89,261.8,261.8,1.81
2026-09-20 00:00:00.000 Z," Australian NBL/Perth Wildcats v SE Melbourne Phoenix",36069264,HANDICAP,262424726,Handicap,26135246,SE Melbourne Phoenix,-1.5,WINNER,1,179,Perth Wildcats,v SE Melbourne Phoenix,-21,79,100,2.36,2.48,157.44,2.28,2.4,157.44,2.36,2.5,157.44,157.44,2.5
2026-09-20 00:00:00.000 Z," Australian NBL/Perth Wildcats v SE Melbourne Phoenix",36069264,HANDICAP,262424726,Handicap,1196410,Perth Wildcats,-0.5,LOSER,0,179,Perth Wildcats,v SE Melbourne Phoenix,-21,79,100,1.74,1.82,,1.78,1.85,,1.71,1.77,,,
2026-09-20 00:00:00.000 Z," Australian NBL/Perth Wildcats v SE Melbourne Phoenix",36069264,HANDICAP,262424726,Handicap,26135246,SE Melbourne Phoenix,-0.5,WINNER,1,179,Perth Wildcats,v SE Melbourne Phoenix,-21,79,100,2.22,2.36,,2.18,2.3,,2.3,2.42,,,
2026-09-20 00:00:00.000 Z," Australian NBL/Perth Wildcats v SE Melbourne Phoenix",36069264,HANDICAP,262424726,Handicap,1196410,Perth Wildcats,0.5,LOSER,0,179,Perth Wildcats,v SE Melbourne Phoenix,-21,79,100,1.74,1.82,247.41,1.78,1.85,247.41,1.71,1.77,247.41,247.41,1.72
2026-09-20 00:00:00.000 Z," Australian NBL/Perth Wildcats v SE Melbourne Phoenix",36069264,HANDICAP,262424726,Handicap,26135246,SE Melbourne Phoenix,0.5,WINNER,1,179,Perth Wildcats,v SE Melbourne Phoenix,-21,79,100,2.22,2.36,,2.18,2.3,,2.3,2.42,,,
2026-09-20 00:00:00.000 Z," Australian NBL/Perth Wildcats v SE Melbourne Phoenix",36069264,HANDICAP,262424726,Handicap,1196410,Perth Wildcats,1.5,LOSER,0,179,Perth Wildcats,v SE Melbourne Phoenix,-21,79,100,1.68,1.74,303.43,1.71,1.78,303.43,1.66,1.73,303.43,303.43,1.72
2026-09-20 00:00:00.000 Z," Australian NBL/Perth Wildcats v SE Melbourne Phoenix",36069264,HANDICAP,262424726,Handicap,26135246,SE Melbourne Phoenix,1.5,WINNER,1,179,Perth Wildcats,v SE Melbourne Phoenix,-21,79,100,2.1,2.22,226.23,2.04,2.14,226.23,2.12,2.22,576.23,576.23,2.06
2026-09-20 00:00:00.000 Z," Australian NBL/Perth Wildcats v SE Melbourne Phoenix",36069264,HANDICAP,262424726,Handicap,1196410,Perth Wildcats,2.5,LOSER,0,179,Perth Wildcats,v SE Melbourne Phoenix,-21,79,100,1.57,1.65,,1.64,1.7,,1.6,1.65,,113.68,
2026-09-20 00:00:00.000 Z," Australian NBL/Perth Wildcats v SE Melbourne Phoenix",36069264,HANDICAP,262424726,Handicap,26135246,SE Melbourne Phoenix,2.5,WINNER,1,179,Perth Wildcats,v SE Melbourne Phoenix,-21,79,100,1.95,2.04,989.14,1.9,1.97,989.14,1.95,2.04,1489.14,1783.46,2.04
2026-09-20 00:00:00.000 Z," Australian NBL/Perth Wildcats v SE Melbourne Phoenix",36069264,HANDICAP,262424726,Handicap,1196410,Perth Wildcats,3.5,LOSER,0,179,Perth Wildcats,v SE Melbourne Phoenix,-21,79,100,1.47,1.58,,1.52,1.61,,1.47,1.6,,31.77,
2026-09-20 00:00:00.000 Z," Australian NBL/Perth Wildcats v SE Melbourne Phoenix",36069264,HANDICAP,262424726,Handicap,26135246,SE Melbourne Phoenix,3.5,WINNER,1,179,Perth Wildcats,v SE Melbourne Phoenix,-21,79,100,1.81,1.89,983.11,1.83,1.85,1279.25,1.83,1.91,1279.25,1386.85,1.83
2026-09-20 00:00:00.000 Z," Australian NBL/Perth Wildcats v SE Melbourne Phoenix",36069264,HANDICAP,262424726,Handicap,1196410,Perth Wildcats,4.5,LOSER,0,179,Perth Wildcats,v SE Melbourne Phoenix,-21,79,100,1.36,1.58,,1.39,1.63,,1.39,1.59,,,
2026-09-20 00:00:00.000 Z," Australian NBL/Perth Wildcats v SE Melbourne Phoenix",36069264,HANDICAP,262424726,Handicap,26135246,SE Melbourne Phoenix,4.5,WINNER,1,179,Perth Wildcats,v SE Melbourne Phoenix,-21,79,100,1.7,1.77,,1.68,1.74,,1.72,1.79,,,
2026-09-20 00:00:00.000 Z," Australian NBL/Perth Wildcats v SE Melbourne Phoenix",36069264,HANDICAP,262424726,Handicap,1196410,Perth Wildcats,5.5,LOSER,0,179,Perth Wildcats,v SE Melbourne Phoenix,-21,79,100,1.31,1.51,,1.31,1.55,,1.34,1.51,,,
2026-09-20 00:00:00.000 Z," Australian NBL/Perth Wildcats v SE Melbourne Phoenix",36069264,HANDICAP,262424726,Handicap,26135246,SE Melbourne Phoenix,5.5,WINNER,1,179,Perth Wildcats,v SE Melbourne Phoenix,-21,79,100,1.63,1.69,,1.57,1.67,,1.56,1.75,,,
2026-09-20 00:00:00.000 Z," Australian NBL/Perth Wildcats v SE Melbourne Phoenix",36069264,HANDICAP,262424726,Handicap,1196410,Perth Wildcats,6.5,LOSER,0,179,Perth Wildcats,v SE Melbourne Phoenix,-21,79,100,1.26,1.45,,1.28,1.49,,1.28,1.46,,,
2026-09-20 00:00:00.000 Z," Australian NBL/Perth Wildcats v SE Melbourne Phoenix",36069264,HANDICAP,262424726,Handicap,26135246,SE Melbourne Phoenix,6.5,WINNER,1,179,Perth Wildcats,v SE Melbourne Phoenix,-21,79,100,1.52,1.62,,1.49,1.58,,1.49,1.65,,,
2026-09-20 00:00:00.000 Z," Australian NBL/Perth Wildcats v SE Melbourne Phoenix",36069264,HANDICAP,262424726,Handicap,1196410,Perth Wildcats,7.5,LOSER,0,179,Perth Wildcats,v SE Melbourne Phoenix,-21,79,100,1.22,1.4,,1.24,1.44,,1.24,1.41,,,
2026-09-20 00:00:00.000 Z," Australian NBL/Perth Wildcats v SE Melbourne Phoenix",36069264,HANDICAP,262424726,Handicap,26135246,SE Melbourne Phoenix,7.5,WINNER,1,179,Perth Wildcats,v SE Melbourne Phoenix,-21,79,100,1.39,1.65,,1.38,1.59,,1.41,1.64,,,
2026-09-20 00:00:00.000 Z," Australian NBL/Perth Wildcats v SE Melbourne Phoenix",36069264,HANDICAP,262424726,Handicap,1196410,Perth Wildcats,8.5,LOSER,0,179,Perth Wildcats,v SE Melbourne Phoenix,-21,79,100,1.19,1.35,,1.19,1.39,,1.21,1.36,,,
2026-09-20 00:00:00.000 Z," Australian NBL/Perth Wildcats v SE Melbourne Phoenix",36069264,HANDICAP,262424726,Handicap,26135246,SE Melbourne Phoenix,8.5,WINNER,1,179,Perth Wildcats,v SE Melbourne Phoenix,-21,79,100,1.35,1.53,,1.33,1.53,,1.36,1.58,,,
2026-09-20 00:00:00.000 Z," Australian NBL/Perth Wildcats v SE Melbourne Phoenix",36069264,HANDICAP,262424726,Handicap,1196410,Perth Wildcats,9.5,LOSER,0,179,Perth Wildcats,v SE Melbourne Phoenix,-21,79,100,1.16,1.32,,1.16,1.32,,1.18,1.32,,,
2026-09-20 00:00:00.000 Z," Australian NBL/Perth Wildcats v SE Melbourne Phoenix",36069264,HANDICAP,262424726,Handicap,26135246,SE Melbourne Phoenix,9.5,WINNER,1,179,Perth Wildcats,v SE Melbourne Phoenix,-21,79,100,1.28,1.48,,1.29,1.48,,1.29,1.52,,,
2026-09-20 00:00:00.000 Z," Australian NBL/Perth Wildcats v SE Melbourne Phoenix",36069264,HANDICAP,262424726,Handicap,1196410,Perth Wildcats,10.5,LOSER,0,179,Perth Wildcats,v SE Melbourne Phoenix,-21,79,100,1.13,1.28,,1.15,1.31,,1.15,1.31,,,
2026-09-20 00:00:00.000 Z," Australian NBL/Perth Wildcats v SE Melbourne Phoenix",36069264,HANDICAP,262424726,Handicap,26135246,SE Melbourne Phoenix,10.5,WINNER,1,179,Perth Wildcats,v SE Melbourne Phoenix,-21,79,100,1.25,1.42,,1.24,1.42,,1.27,1.46,,,
2026-09-20 00:00:00.000 Z," Australian NBL/Perth Wildcats v SE Melbourne Phoenix",36069264,HANDICAP,262424726,Handicap,1196410,Perth Wildcats,11.5,LOSER,0,179,Perth Wildcats,v SE Melbourne Phoenix,-21,79,100,1.1,1.26,,1.12,1.26,,1.12,1.26,,,
2026-09-20 00:00:00.000 Z," Australian NBL/Perth Wildcats v SE Melbourne Phoenix",36069264,HANDICAP,262424726,Handicap,26135246,SE Melbourne Phoenix,11.5,WINNER,1,179,Perth Wildcats,v SE Melbourne Phoenix,-21,79,100,1.21,1.37,,1.21,1.37,,1.21,1.41,,,
2026-09-20 00:00:00.000 Z," Australian NBL/Perth Wildcats v SE Melbourne Phoenix",36069264,HANDICAP,262424726,Handicap,1196410,Perth Wildcats,12.5,LOSER,0,179,Perth Wildcats,v SE Melbourne Phoenix,-21,79,100,1.09,1.23,,1.09,1.23,,1.09,1.23,,,
2026-09-20 00:00:00.000 Z," Australian NBL/Perth Wildcats v SE Melbourne Phoenix",36069264,HANDICAP,262424726,Handicap,26135246,SE Melbourne Phoenix,12.5,WINNER,1,179,Perth Wildcats,v SE Melbourne Phoenix,-21,79,100,1.17,1.34,,1.17,1.32,,1.19,1.36,,,
2026-09-20 00:00:00.000 Z," Australian NBL/Perth Wildcats v SE Melbourne Phoenix",36069264,HANDICAP,262424726,Handicap,1196410,Perth Wildcats,13.5,LOSER,0,179,Perth Wildcats,v SE Melbourne Phoenix,-21,79,100,1.07,1.19,,1.07,1.22,,1.07,1.22,,,
2026-09-20 00:00:00.000 Z," Australian NBL/Perth Wildcats v SE Melbourne Phoenix",36069264,HANDICAP,262424726,Handicap,26135246,SE Melbourne Phoenix,13.5,WINNER,1,179,Perth Wildcats,v SE Melbourne Phoenix,-21,79,100,1.15,1.29,,1.15,1.29,,1.15,1.32,,,
2026-09-20 00:00:00.000 Z," Australian NBL/Perth Wildcats v SE Melbourne Phoenix",36069264,HANDICAP,262424726,Handicap,1196410,Perth Wildcats,14.5,LOSER,0,179,Perth Wildcats,v SE Melbourne Phoenix,-21,79,100,1.07,1.17,,1.07,1.17,,1.07,1.2,,,
2026-09-20 00:00:00.000 Z," Australian NBL/Perth Wildcats v SE Melbourne Phoenix",36069264,HANDICAP,262424726,Handicap,26135246,SE Melbourne Phoenix,14.5,WINNER,1,179,Perth Wildcats,v SE Melbourne Phoenix,-21,79,100,1.13,1.26,,1.13,1.26,,1.13,1.29,,,
2026-09-20 00:00:00.000 Z," Australian NBL/Perth Wildcats v SE Melbourne Phoenix",36069264,HANDICAP,262424726,Handicap,1196410,Perth Wildcats,15.5,LOSER,0,179,Perth Wildcats,v SE Melbourne Phoenix,-21,79,100,1.06,1.17,,1.06,1.17,,1.06,1.17,,,
2026-09-20 00:00:00.000 Z," Australian NBL/Perth Wildcats v SE Melbourne Phoenix",36069264,HANDICAP,262424726,Handicap,26135246,SE Melbourne Phoenix,15.5,WINNER,1,179,Perth Wildcats,v SE Melbourne Phoenix,-21,79,100,1.11,1.24,,1.11,1.24,,1.11,1.24,,,
2026-09-20 00:00:00.000 Z," Australian NBL/Perth Wildcats v SE Melbourne Phoenix",36069264,HANDICAP,262424726,Handicap,1196410,Perth Wildcats,16.5,LOSER,0,179,Perth Wildcats,v SE Melbourne Phoenix,-21,79,100,1.05,1.13,,1.05,1.16,,1.05,1.16,,,
2026-09-20 00:00:00.000 Z," Australian NBL/Perth Wildcats v SE Melbourne Phoenix",36069264,HANDICAP,262424726,Handicap,26135246,SE Melbourne Phoenix,16.5,WINNER,1,179,Perth Wildcats,v SE Melbourne Phoenix,-21,79,100,1.09,1.21,,1.09,1.21,,1.09,1.21,,,
2026-09-20 00:00:00.000 Z," Australian NBL/Perth Wildcats v SE Melbourne Phoenix",36069264,HANDICAP,262424726,Handicap,1196410,Perth Wildcats,17.5,LOSER,0,179,Perth Wildcats,v SE Melbourne Phoenix,-21,79,100,1.04,1.11,,1.04,1.14,,1.04,1.14,,,
2026-09-20 00:00:00.000 Z," Australian NBL/Perth Wildcats v SE Melbourne Phoenix",36069264,HANDICAP,262424726,Handicap,26135246,SE Melbourne Phoenix,17.5,WINNER,1,179,Perth Wildcats,v SE Melbourne Phoenix,-21,79,100,1.09,1.19,,1.09,1.19,,1.09,1.19,,,
2026-09-20 00:00:00.000 Z," Australian NBL/Perth Wildcats v SE Melbourne Phoenix",36069264,HANDICAP,262424726,Handicap,1196410,Perth Wildcats,18.5,LOSER,0,179,Perth Wildcats,v SE Melbourne Phoenix,-21,79,100,1.03,1.11,,1.03,1.11,,1.03,1.11,,,
2026-09-20 00:00:00.000 Z," Australian NBL/Perth Wildcats v SE Melbourne Phoenix",36069264,HANDICAP,262424726,Handicap,26135246,SE Melbourne Phoenix,18.5,WINNER,1,179,Perth Wildcats,v SE Melbourne Phoenix,-21,79,100,1.08,1.17,,1.08,1.17,,1.08,1.17,,,
2026-09-20 00:00:00.000 Z," Australian NBL/Perth Wildcats v SE Melbourne Phoenix",36069264,HANDICAP,262424726,Handicap,1196410,Perth Wildcats,19.5,LOSER,0,179,Perth Wildcats,v SE Melbourne Phoenix,-21,79,100,1.01,,,1.01,1.11,,1.01,,,,
2026-09-20 00:00:00.000 Z," Australian NBL/Perth Wildcats v SE Melbourne Phoenix",36069264,HANDICAP,262424726,Handicap,26135246,SE Melbourne Phoenix,19.5,WINNER,1,179,Perth Wildcats,v SE Melbourne Phoenix,-21,79,100,1.06,1.15,,1.07,1.15,,1.07,1.15,,,
2026-09-20 00:00:00.000 Z," Australian NBL/Perth Wildcats v SE Melbourne Phoenix",36069264,HANDICAP,262424726,Handicap,1196410,Perth Wildcats,20.5,LOSER,0,179,Perth Wildcats,v SE Melbourne Phoenix,-21,79,100,,,,1.01,,,,,,,
2026-09-20 00:00:00.000 Z," Australian NBL/Perth Wildcats v SE Melbourne Phoenix",36069264,HANDICAP,262424726,Handicap,26135246,SE Melbourne Phoenix,20.5,WINNER,1,179,Perth Wildcats,v SE Melbourne Phoenix,-21,79,100,1.05,1.13,,1.06,1.13,,1.06,1.13,,,
2026-09-20 00:00:00.000 Z," Australian NBL/Perth Wildcats v SE Melbourne Phoenix",36069264,HANDICAP,262424726,Handicap,26135246,SE Melbourne Phoenix,21.5,WINNER,1,179,Perth Wildcats,v SE Melbourne Phoenix,-21,79,100,1.04,1.12,,1.04,1.12,,1.05,1.12,,,
2026-09-20 00:00:00.000 Z," Australian NBL/Perth Wildcats v SE Melbourne Phoenix",36069264,HANDICAP,262424726,Handicap,1196410,Perth Wildcats,21.5,WINNER,1,179,Perth Wildcats,v SE Melbourne Phoenix,-21,79,100,,,,,,,,,,,
2026-09-20 00:00:00.000 Z," Australian NBL/Perth Wildcats v SE Melbourne Phoenix",36069264,HANDICAP,262424726,Handicap,26135246,SE Melbourne Phoenix,22.5,WINNER,1,179,Perth Wildcats,v SE Melbourne Phoenix,-21,79,100,1.03,,,1.03,1.11,,1.04,1.11,,,
2026-09-20 00:00:00.000 Z," Australian NBL/Perth Wildcats v SE Melbourne Phoenix",36069264,HANDICAP,262424726,Handicap,1196410,Perth Wildcats,22.5,WINNER,1,179,Perth Wildcats,v SE Melbourne Phoenix,-21,79,100,,,,,,,,,,,
2026-09-20 00:00:00.000 Z," Australian NBL/Perth Wildcats v SE Melbourne Phoenix",36069264,HANDICAP,262424726,Handicap,26135246,SE Melbourne Phoenix,23.5,WINNER,1,179,Perth Wildcats,v SE Melbourne Phoenix,-21,79,100,1.02,,,1.03,,,1.03,,,,
2026-09-20 00:00:00.000 Z," Australian NBL/Perth Wildcats v SE Melbourne Phoenix",36069264,HANDICAP,262424726,Handicap,1196410,Perth Wildcats,23.5,WINNER,1,179,Perth Wildcats,v SE Melbourne Phoenix,-21,79,100,,,,,,,,,,,
2026-09-20 00:00:00.000 Z," Australian NBL/Perth Wildcats v SE Melbourne Phoenix",36069264,HANDICAP,262424726,Handicap,26135246,SE Melbourne Phoenix,24.5,WINNER,1,179,Perth Wildcats,v SE Melbourne Phoenix,-21,79,100,1.02,,,1.02,,,1.02,,,,
2026-09-20 00:00:00.000 Z," Australian NBL/Perth Wildcats v SE Melbourne Phoenix",36069264,HANDICAP,262424726,Handicap,1196410,Perth Wildcats,24.5,WINNER,1,179,Perth Wildcats,v SE Melbourne Phoenix,-21,79,100,,,,,,,,,,,
2026-09-20 00:00:00.000 Z," Australian NBL/Perth Wildcats v SE Melbourne Phoenix",36069264,HANDICAP,262424726,Handicap,26135246,SE Melbourne Phoenix,25.5,WINNER,1,179,Perth Wildcats,v SE Melbourne Phoenix,-21,79,100,,,,,,,,,,,
2026-09-20 00:00:00.000 Z," Australian NBL/Perth Wildcats v SE Melbourne Phoenix",36069264,HANDICAP,262424726,Handicap,1196410,Perth Wildcats,25.5,WINNER,1,179,Perth Wildcats,v SE Melbourne Phoenix,-21,79,100,,,,,,,,,,,
2026-09-20 00:00:00.000 Z," Australian NBL/Perth Wildcats v SE Melbourne Phoenix",36069264,HANDICAP,262424726,Handicap,26135246,SE Melbourne Phoenix,26.5,WINNER,1,179,Perth Wildcats,v SE Melbourne Phoenix,-21,79,100,,,,,,,,,,,
2026-09-20 00:00:00.000 Z," Australian NBL/Perth Wildcats v SE Melbourne Phoenix",36069264,HANDICAP,262424726,Handicap,1196410,Perth Wildcats,26.5,WINNER,1,179,Perth Wildcats,v SE Melbourne Phoenix,-21,79,100,,,,,,,,,,,
2026-09-20 00:00:00.000 Z," Australian NBL/Perth Wildcats v SE Melbourne Phoenix",36069264,HANDICAP,262424726,Handicap,1196410,Perth Wildcats,27.5,WINNER,1,179,Perth Wildcats,v SE Melbourne Phoenix,-21,79,100,,,,,,,,,,,
2026-09-20 00:00:00.000 Z," Australian NBL/Perth Wildcats v SE Melbourne Phoenix",36069264,HANDICAP,262424726,Handicap,26135246,SE Melbourne Phoenix,27.5,WINNER,1,179,Perth Wildcats,v SE Melbourne Phoenix,-21,79,100,,,,,,,,,,,
2026-09-20 00:00:00.000 Z," Australian NBL/Perth Wildcats v SE Melbourne Phoenix",36069264,HANDICAP,262424726,Handicap,26135246,SE Melbourne Phoenix,28.5,WINNER,1,179,Perth Wildcats,v SE Melbourne Phoenix,-21,79,100,,,,,,,,,,,
2026-09-20 00:00:00.000 Z," Australian NBL/Perth Wildcats v SE Melbourne Phoenix",36069264,HANDICAP,262424726,Handicap,1196410,Perth Wildcats,28.5,WINNER,1,179,Perth Wildcats,v SE Melbourne Phoenix,-21,79,100,,,,,,,,,,,
2026-09-20 00:00:00.000 Z," Australian NBL/Perth Wildcats v SE Melbourne Phoenix",36069264,HANDICAP,262424726,Handicap,26135246,SE Melbourne Phoenix,29.5,WINNER,1,179,Perth Wildcats,v SE Melbourne Phoenix,-21,79,100,,,,,,,,,,,
2026-09-20 00:00:00.000 Z," Australian NBL/Perth Wildcats v SE Melbourne Phoenix",36069264,HANDICAP,262424726,Handicap,1196410,Perth Wildcats,29.5,WINNER,1,179,Perth Wildcats,v SE Melbourne Phoenix,-21,79,100,,,,,,,,,,,
2026-09-20 00:00:00.000 Z," Australian NBL/Perth Wildcats v SE Melbourne Phoenix",36069264,HANDICAP,262424726,Handicap,1196410,Perth Wildcats,30.5,WINNER,1,179,Perth Wildcats,v SE Melbourne Phoenix,-21,79,100,,,,,,,,,,,
2026-09-20 00:00:00.000 Z," Australian NBL/Perth Wildcats v SE Melbourne Phoenix",36069264,HANDICAP,262424726,Handicap,26135246,SE Melbourne Phoenix,30.5,WINNER,1,179,Perth Wildcats,v SE Melbourne Phoenix,-21,79,100,,,,,,,,,,,
2026-09-20 00:00:00.000 Z," Australian NBL/Perth Wildcats v SE Melbourne Phoenix",36069264,HANDICAP,262424726,Handicap,26135246,SE Melbourne Phoenix,31.5,WINNER,1,179,Perth Wildcats,v SE Melbourne Phoenix,-21,79,100,,,,,,,,,,,
2026-09-20 00:00:00.000 Z," Australian NBL/Perth Wildcats v SE Melbourne Phoenix",36069264,HANDICAP,262424726,Handicap,1196410,Perth Wildcats,31.5,WINNER,1,179,Perth Wildcats,v SE Melbourne Phoenix,-21,79,100,,,,,,,,,,,
2026-09-20 00:00:00.000 Z," Australian NBL/Perth Wildcats v SE Melbourne Phoenix",36069264,HANDICAP,262424726,Handicap,1196410,Perth Wildcats,32.5,WINNER,1,179,Perth Wildcats,v SE Melbourne Phoenix,-21,79,100,,,,,,,,,,,
2026-09-20 00:00:00.000 Z," Australian NBL/Perth Wildcats v SE Melbourne Phoenix",36069264,HANDICAP,262424726,Handicap,26135246,SE Melbourne Phoenix,32.5,WINNER,1,179,Perth Wildcats,v SE Melbourne Phoenix,-21,79,100,,,,,,,,,,,
2026-09-20 00:00:00.000 Z," Australian NBL/Perth Wildcats v SE Melbourne Phoenix",36069264,HANDICAP,262424726,Handicap,1196410,Perth Wildcats,33.5,WINNER,1,179,Perth Wildcats,v SE Melbourne Phoenix,-21,79,100,,,,,,,,,,,
2026-09-20 00:00:00.000 Z," Australian NBL/Perth Wildcats v SE Melbourne Phoenix",36069264,HANDICAP,262424726,Handicap,26135246,SE Melbourne Phoenix,33.5,WINNER,1,179,Perth Wildcats,v SE Melbourne Phoenix,-21,79,100,,,,,,,,,,,
2026-09-20 00:00:00.000 Z," Australian NBL/Perth Wildcats v SE Melbourne Phoenix",36069264,HANDICAP,262424726,Handicap,1196410,Perth Wildcats,34.5,WINNER,1,179,Perth Wildcats,v SE Melbourne Phoenix,-21,79,100,,,,,,,,,,,
2026-09-20 00:00:00.000 Z," Australian NBL/Perth Wildcats v SE Melbourne Phoenix",36069264,HANDICAP,262424726,Handicap,26135246,SE Melbourne Phoenix,34.5,WINNER,1,179,Perth Wildcats,v SE Melbourne Phoenix,-21,79,100,,,,,,,,,,,
2026-09-20 00:00:00.000 Z," Australian NBL/Perth Wildcats v SE Melbourne Phoenix",36069264,HANDICAP,262424726,Handicap,26135246,SE Melbourne Phoenix,35.5,WINNER,1,179,Perth Wildcats,v SE Melbourne Phoenix,-21,79,100,,,,,,,,,,,
2026-09-20 00:00:00.000 Z," Australian NBL/Perth Wildcats v SE Melbourne Phoenix",36069264,HANDICAP,262424726,Handicap,1196410,Perth Wildcats,35.5,WINNER,1,179,Perth Wildcats,v SE Melbourne Phoenix,-21,79,100,,,,,,,,,,,
2026-09-20 00:00:00.000 Z," Australian NBL/Perth Wildcats v SE Melbourne Phoenix",36069264,MATCH_ODDS,262424725,Match Odds,1196410,Perth Wildcats,0,LOSER,0,179,Perth Wildcats,v SE Melbourne Phoenix,-21,79,100,1.74,1.78,345.67,1.79,1.84,887.49,1.71,1.77,5534.92,13839.56,1.71
2026-09-20 00:00:00.000 Z," Australian NBL/Perth Wildcats v SE Melbourne Phoenix",36069264,MATCH_ODDS,262424725,Match Odds,26135246,SE Melbourne Phoenix,0,WINNER,1,179,Perth Wildcats,v SE Melbourne Phoenix,-21,79,100,2.26,2.36,276.92,2.2,2.28,569.14,2.3,2.4,1137.54,13831.35,2.38
2026-09-20 00:00:00.000 Z," Australian NBL/Perth Wildcats v SE Melbourne Phoenix",36069264,MATCH_ODDS,262425258,Moneyline,1196410,Perth Wildcats,0,LOSER,0,179,Perth Wildcats,v SE Melbourne Phoenix,-21,79,100,,,,,,,,,,,
2026-09-20 00:00:00.000 Z," Australian NBL/Perth Wildcats v SE Melbourne Phoenix",36069264,MATCH_ODDS,262425258,Moneyline,26135246,SE Melbourne Phoenix,0,WINNER,1,179,Perth Wildcats,v SE Melbourne Phoenix,-21,79,100,,,,,,,,,,,
2026-09-20 00:00:00.000 Z," Australian NBL/Perth Wildcats v SE Melbourne Phoenix",36069264,COMBINED_TOTAL,262424503,Total Points,7017824,Under,80.5,LOSER,0,179,Perth Wildcats,v SE Melbourne Phoenix,-21,79,100,1.01,,,1.01,,,1.01,,,,
2026-09-20 00:00:00.000 Z," Australian NBL/Perth Wildcats v SE Melbourne Phoenix",36069264,COMBINED_TOTAL,262424503,Total Points,7017823,Over,80.5,WINNER,1,179,Perth Wildcats,v SE Melbourne Phoenix,-21,79,100,,,,,,,,,,,
2026-09-20 00:00:00.000 Z," Australian NBL/Perth Wildcats v SE Melbourne Phoenix",36069264,COMBINED_TOTAL,262424503,Total Points,7017824,Under,81.5,LOSER,0,179,Perth Wildcats,v SE Melbourne Phoenix,-21,79,100,1.01,,,1.01,,,1.01,,,,
2026-09-20 00:00:00.000 Z," Australian NBL/Perth Wildcats v SE Melbourne Phoenix",36069264,COMBINED_TOTAL,262424503,Total Points,7017823,Over,81.5,WINNER,1,179,Perth Wildcats,v SE Melbourne Phoenix,-21,79,100,,,,,,,,,,,
2026-09-20 00:00:00.000 Z," Australian NBL/Perth Wildcats v SE Melbourne Phoenix",36069264,COMBINED_TOTAL,262424503,Total Points,7017824,Under,82.5,LOSER,0,179,Perth Wildcats,v SE Melbourne Phoenix,-21,79,100,1.01,,,1.01,,,1.01,,,,
2026-09-20 00:00:00.000 Z," Australian NBL/Perth Wildcats v SE Melbourne Phoenix",36069264,COMBINED_TOTAL,262424503,Total Points,7017823,Over,82.5,WINNER,1,179,Perth Wildcats,v SE Melbourne Phoenix,-21,79,100,,,,,,,,,,,
2026-09-20 00:00:00.000 Z," Australian NBL/Perth Wildcats v SE Melbourne Phoenix",36069264,COMBINED_TOTAL,262424503,Total Points,7017824,Under,83.5,LOSER,0,179,Perth Wildcats,v SE Melbourne Phoenix,-21,79,100,1.01,,,1.01,,,1.01,,,,
2026-09-20 00:00:00.000 Z," Australian NBL/Perth Wildcats v SE Melbourne Phoenix",36069264,COMBINED_TOTAL,262424503,Total Points,7017823,Over,83.5,WINNER,1,179,Perth Wildcats,v SE Melbourne Phoenix,-21,79,100,,,,,,,,,,,
2026-09-20 00:00:00.000 Z," Australian NBL/Perth Wildcats v SE Melbourne Phoenix",36069264,COMBINED_TOTAL,262424503,Total Points,7017824,Under,84.5,LOSER,0,179,Perth Wildcats,v SE Melbourne Phoenix,-21,79,100,,,,,,,,,,,
2026-09-20 00:00:00.000 Z," Australian NBL/Perth Wildcats v SE Melbourne Phoenix",36069264,COMBINED_TOTAL,262424503,Total Points,7017823,Over,84.5,WINNER,1,179,Perth Wildcats,v SE Melbourne Phoenix,-21,79,100,,,,,,,,,,,
2026-09-20 00:00:00.000 Z," Australian NBL/Perth Wildcats v SE Melbourne Phoenix",36069264,COMBINED_TOTAL,262424503,Total Points,7017824,Under,85.5,LOSER,0,179,Perth Wildcats,v SE Melbourne Phoenix,-21,79,100,1.01,,,1.01,,,1.01,,,,
2026-09-20 00:00:00.000 Z," Australian NBL/Perth Wildcats v SE Melbourne Phoenix",36069264,COMBINED_TOTAL,262424503,Total Points,7017823,Over,85.5,WINNER,1,179,Perth Wildcats,v SE Melbourne Phoenix,-21,79,100,,,,,,,,,,,
2026-09-20 00:00:00.000 Z," Australian NBL/Perth Wildcats v SE Melbourne Phoenix",36069264,COMBINED_TOTAL,262424503,Total Points,7017824,Under,86.5,LOSER,0,179,Perth Wildcats,v SE Melbourne Phoenix,-21,79,100,1.01,,,1.01,,,1.01,,,,
2026-09-20 00:00:00.000 Z," Australian NBL/Perth Wildcats v SE Melbourne Phoenix",36069264,COMBINED_TOTAL,262424503,Total Points,7017823,Over,86.5,WINNER,1,179,Perth Wildcats,v SE Melbourne Phoenix,-21,79,100,,,,,,,,,,,
2026-09-20 00:00:00.000 Z," Australian NBL/Perth Wildcats v SE Melbourne Phoenix",36069264,COMBINED_TOTAL,262424503,Total Points,7017824,Under,87.5,LOSER,0,179,Perth Wildcats,v SE Melbourne Phoenix,-21,79,100,1.01,,,1.01,,,1.01,,,,
2026-09-20 00:00:00.000 Z," Australian NBL/Perth Wildcats v SE Melbourne Phoenix",36069264,COMBINED_TOTAL,262424503,Total Points,7017823,Over,87.5,WINNER,1,179,Perth Wildcats,v SE Melbourne Phoenix,-21,79,100,,,,,,,,,,,
2026-09-20 00:00:00.000 Z," Australian NBL/Perth Wildcats v SE Melbourne Phoenix",36069264,COMBINED_TOTAL,262424503,Total Points,7017824,Under,88.5,LOSER,0,179,Perth Wildcats,v SE Melbourne Phoenix,-21,79,100,1.01,,,1.01,,,1.01,,,,
2026-09-20 00:00:00.000 Z," Australian NBL/Perth Wildcats v SE Melbourne Phoenix",36069264,COMBINED_TOTAL,262424503,Total Points,7017823,Over,88.5,WINNER,1,179,Perth Wildcats,v SE Melbourne Phoenix,-21,79,100,,,,,,,,,,,
2026-09-20 00:00:00.000 Z," Australian NBL/Perth Wildcats v SE Melbourne Phoenix",36069264,COMBINED_TOTAL,262424503,Total Points,7017824,Under,89.5,LOSER,0,179,Perth Wildcats,v SE Melbourne Phoenix,-21,79,100,1.01,,,1.01,,,1.01,,,,
2026-09-20 00:00:00.000 Z," Australian NBL/Perth Wildcats v SE Melbourne Phoenix",36069264,COMBINED_TOTAL,262424503,Total Points,7017823,Over,89.5,WINNER,1,179,Perth Wildcats,v SE Melbourne Phoenix,-21,79,100,,,,,,,,,,,
2026-09-20 00:00:00.000 Z," Australian NBL/Perth Wildcats v SE Melbourne Phoenix",36069264,COMBINED_TOTAL,262424503,Total Points,7017824,Under,90.5,LOSER,0,179,Perth Wildcats,v SE Melbourne Phoenix,-21,79,100,1.01,,,1.01,,,1.01,,,,
2026-09-20 00:00:00.000 Z," Australian NBL/Perth Wildcats v SE Melbourne Phoenix",36069264,COMBINED_TOTAL,262424503,Total Points,7017823,Over,90.5,WINNER,1,179,Perth Wildcats,v SE Melbourne Phoenix,-21,79,100,,,,,,,,,,,
2026-09-20 00:00:00.000 Z," Australian NBL/Perth Wildcats v SE Melbourne Phoenix",36069264,COMBINED_TOTAL,262424503,Total Points,7017824,Under,91.5,LOSER,0,179,Perth Wildcats,v SE Melbourne Phoenix,-21,79,100,1.01,,,1.01,,,1.01,,,,
2026-09-20 00:00:00.000 Z," Australian NBL/Perth Wildcats v SE Melbourne Phoenix",36069264,COMBINED_TOTAL,262424503,Total Points,7017823,Over,91.5,WINNER,1,179,Perth Wildcats,v SE Melbourne Phoenix,-21,79,100,,,,,,,,,,,
2026-09-20 00:00:00.000 Z," Australian NBL/Perth Wildcats v SE Melbourne Phoenix",36069264,COMBINED_TOTAL,262424503,Total Points,7017824,Under,92.5,LOSER,0,179,Perth Wildcats,v SE Melbourne Phoenix,-21,79,100,1.01,,,1.01,,,1.01,,,,
2026-09-20 00:00:00.000 Z," Australian NBL/Perth Wildcats v SE Melbourne Phoenix",36069264,COMBINED_TOTAL,262424503,Total Points,7017823,Over,92.5,WINNER,1,179,Perth Wildcats,v SE Melbourne Phoenix,-21,79,100,,,,,,,,,,,
2026-09-20 00:00:00.000 Z," Australian NBL/Perth Wildcats v SE Melbourne Phoenix",36069264,COMBINED_TOTAL,262424503,Total Points,7017824,Under,93.5,LOSER,0,179,Perth Wildcats,v SE Melbourne Phoenix,-21,79,100,1.01,,,1.01,,,1.01,,,,
2026-09-20 00:00:00.000 Z," Australian NBL/Perth Wildcats v SE Melbourne Phoenix",36069264,COMBINED_TOTAL,262424503,Total Points,7017823,Over,93.5,WINNER,1,179,Perth Wildcats,v SE Melbourne Phoenix,-21,79,100,,,,,,,,,,,
2026-09-20 00:00:00.000 Z," Australian NBL/Perth Wildcats v SE Melbourne Phoenix",36069264,COMBINED_TOTAL,262424503,Total Points,7017824,Under,94.5,LOSER,0,179,Perth Wildcats,v SE Melbourne Phoenix,-21,79,100,1.01,,,1.01,,,1.01,,,,
2026-09-20 00:00:00.000 Z," Australian NBL/Perth Wildcats v SE Melbourne Phoenix",36069264,COMBINED_TOTAL,262424503,Total Points,7017823,Over,94.5,WINNER,1,179,Perth Wildcats,v SE Melbourne Phoenix,-21,79,100,,,,,,,,,,,
2026-09-20 00:00:00.000 Z," Australian NBL/Perth Wildcats v SE Melbourne Phoenix",36069264,COMBINED_TOTAL,262424503,Total Points,7017824,Under,95.5,LOSER,0,179,Perth Wildcats,v SE Melbourne Phoenix,-21,79,100,1.01,,,1.01,,,1.01,,,,
2026-09-20 00:00:00.000 Z," Australian NBL/Perth Wildcats v SE Melbourne Phoenix",36069264,COMBINED_TOTAL,262424503,Total Points,7017823,Over,95.5,WINNER,1,179,Perth Wildcats,v SE Melbourne Phoenix,-21,79,100,,,,,,,,,,,
2026-09-20 00:00:00.000 Z," Australian NBL/Perth Wildcats v SE Melbourne Phoenix",36069264,COMBINED_TOTAL,262424503,Total Points,7017824,Under,96.5,LOSER,0,179,Perth Wildcats,v SE Melbourne Phoenix,-21,79,100,1.01,,,1.01,,,1.01,,,,
2026-09-20 00:00:00.000 Z," Australian NBL/Perth Wildcats v SE Melbourne Phoenix",36069264,COMBINED_TOTAL,262424503,Total Points,7017823,Over,96.5,WINNER,1,179,Perth Wildcats,v SE Melbourne Phoenix,-21,79,100,,,,,,,,,,,
2026-09-20 00:00:00.000 Z," Australian NBL/Perth Wildcats v SE Melbourne Phoenix",36069264,COMBINED_TOTAL,262424503,Total Points,7017824,Under,97.5,LOSER,0,179,Perth Wildcats,v SE Melbourne Phoenix,-21,79,100,1.01,,,1.01,,,1.01,,,,
2026-09-20 00:00:00.000 Z," Australian NBL/Perth Wildcats v SE Melbourne Phoenix",36069264,COMBINED_TOTAL,262424503,Total Points,7017823,Over,97.5,WINNER,1,179,Perth Wildcats,v SE Melbourne Phoenix,-21,79,100,,,,,,,,,,,
2026-09-20 00:00:00.000 Z," Australian NBL/Perth Wildcats v SE Melbourne Phoenix",36069264,COMBINED_TOTAL,262424503,Total Points,7017824,Under,98.5,LOSER,0,179,Perth Wildcats,v SE Melbourne Phoenix,-21,79,100,1.01,,,1.01,,,1.01,,,,
2026-09-20 00:00:00.000 Z," Australian NBL/Perth Wildcats v SE Melbourne Phoenix",36069264,COMBINED_TOTAL,262424503,Total Points,7017823,Over,98.5,WINNER,1,179,Perth Wildcats,v SE Melbourne Phoenix,-21,79,100,,,,,,,,,,,
2026-09-20 00:00:00.000 Z," Australian NBL/Perth Wildcats v SE Melbourne Phoenix",36069264,COMBINED_TOTAL,262424503,Total Points,7017824,Under,99.5,LOSER,0,179,Perth Wildcats,v SE Melbourne Phoenix,-21,79,100,,,,,,,,,,,
2026-09-20 00:00:00.000 Z," Australian NBL/Perth Wildcats v SE Melbourne Phoenix",36069264,COMBINED_TOTAL,262424503,Total Points,7017823,Over,99.5,WINNER,1,179,Perth Wildcats,v SE Melbourne Phoenix,-21,79,100,,,,,,,,,,,
2026-09-20 00:00:00.000 Z," Australian NBL/Perth Wildcats v SE Melbourne Phoenix",36069264,COMBINED_TOTAL,262424503,Total Points,7017824,Under,100.5,LOSER,0,179,Perth Wildcats,v SE Melbourne Phoenix,-21,79,100,1.01,,,1.01,,,1.01,,,,
2026-09-20 00:00:00.000 Z," Australian NBL/Perth Wildcats v SE Melbourne Phoenix",36069264,COMBINED_TOTAL,262424503,Total Points,7017823,Over,100.5,WINNER,1,179,Perth Wildcats,v SE Melbourne Phoenix,-21,79,100,,,,,,,,,,,
2026-09-20 00:00:00.000 Z," Australian NBL/Perth Wildcats v SE Melbourne Phoenix",36069264,COMBINED_TOTAL,262424503,Total Points,7017824,Under,101.5,LOSER,0,179,Perth Wildcats,v SE Melbourne Phoenix,-21,79,100,1.01,,,1.01,,,1.01,,,,
2026-09-20 00:00:00.000 Z," Australian NBL/Perth Wildcats v SE Melbourne Phoenix",36069264,COMBINED_TOTAL,262424503,Total Points,7017823,Over,101.5,WINNER,1,179,Perth Wildcats,v SE Melbourne Phoenix,-21,79,100,,,,,,,,,,,
2026-09-20 00:00:00.000 Z," Australian NBL/Perth Wildcats v SE Melbourne Phoenix",36069264,COMBINED_TOTAL,262424503,Total Points,7017824,Under,102.5,LOSER,0,179,Perth Wildcats,v SE Melbourne Phoenix,-21,79,100,1.01,,,1.01,,,1.01,,,,
2026-09-20 00:00:00.000 Z," Australian NBL/Perth Wildcats v SE Melbourne Phoenix",36069264,COMBINED_TOTAL,262424503,Total Points,7017823,Over,102.5,WINNER,1,179,Perth Wildcats,v SE Melbourne Phoenix,-21,79,100,,,,,,,,,,,
2026-09-20 00:00:00.000 Z," Australian NBL/Perth Wildcats v SE Melbourne Phoenix",36069264,COMBINED_TOTAL,262424503,Total Points,7017824,Under,103.5,LOSER,0,179,Perth Wildcats,v SE Melbourne Phoenix,-21,79,100,1.01,,,1.01,,,1.01,,,,
2026-09-20 00:00:00.000 Z," Australian NBL/Perth Wildcats v SE Melbourne Phoenix",36069264,COMBINED_TOTAL,262424503,Total Points,7017823,Over,103.5,WINNER,1,179,Perth Wildcats,v SE Melbourne Phoenix,-21,79,100,,,,,,,,,,,
2026-09-20 00:00:00.000 Z," Australian NBL/Perth Wildcats v SE Melbourne Phoenix",36069264,COMBINED_TOTAL,262424503,Total Points,7017824,Under,104.5,LOSER,0,179,Perth Wildcats,v SE Melbourne Phoenix,-21,79,100,1.01,,,1.01,,,1.01,,,,
2026-09-20 00:00:00.000 Z," Australian NBL/Perth Wildcats v SE Melbourne Phoenix",36069264,COMBINED_TOTAL,262424503,Total Points,7017823,Over,104.5,WINNER,1,179,Perth Wildcats,v SE Melbourne Phoenix,-21,79,100,,,,,,,,,,,
2026-09-20 00:00:00.000 Z," Australian NBL/Perth Wildcats v SE Melbourne Phoenix",36069264,COMBINED_TOTAL,262424503,Total Points,7017824,Under,105.5,LOSER,0,179,Perth Wildcats,v SE Melbourne Phoenix,-21,79,100,1.01,,,1.01,,,1.01,,,,
2026-09-20 00:00:00.000 Z," Australian NBL/Perth Wildcats v SE Melbourne Phoenix",36069264,COMBINED_TOTAL,262424503,Total Points,7017823,Over,105.5,WINNER,1,179,Perth Wildcats,v SE Melbourne Phoenix,-21,79,100,,,,,,,,,,,
2026-09-20 00:00:00.000 Z," Australian NBL/Perth Wildcats v SE Melbourne Phoenix",36069264,COMBINED_TOTAL,262424503,Total Points,7017824,Under,106.5,LOSER,0,179,Perth Wildcats,v SE Melbourne Phoenix,-21,79,100,1.01,,,1.01,,,1.01,,,,
2026-09-20 00:00:00.000 Z," Australian NBL/Perth Wildcats v SE Melbourne Phoenix",36069264,COMBINED_TOTAL,262424503,Total Points,7017823,Over,106.5,WINNER,1,179,Perth Wildcats,v SE Melbourne Phoenix,-21,79,100,,,,,,,,,,,
2026-09-20 00:00:00.000 Z," Australian NBL/Perth Wildcats v SE Melbourne Phoenix",36069264,COMBINED_TOTAL,262424503,Total Points,7017824,Under,107.5,LOSER,0,179,Perth Wildcats,v SE Melbourne Phoenix,-21,79,100,1.01,,,1.01,,,1.01,,,,
2026-09-20 00:00:00.000 Z," Australian NBL/Perth Wildcats v SE Melbourne Phoenix",36069264,COMBINED_TOTAL,262424503,Total Points,7017823,Over,107.5,WINNER,1,179,Perth Wildcats,v SE Melbourne Phoenix,-21,79,100,,,,,,,,,,,
2026-09-20 00:00:00.000 Z," Australian NBL/Perth Wildcats v SE Melbourne Phoenix",36069264,COMBINED_TOTAL,262424503,Total Points,7017824,Under,108.5,LOSER,0,179,Perth Wildcats,v SE Melbourne Phoenix,-21,79,100,1.01,,,1.01,,,1.01,,,,
2026-09-20 00:00:00.000 Z," Australian NBL/Perth Wildcats v SE Melbourne Phoenix",36069264,COMBINED_TOTAL,262424503,Total Points,7017823,Over,108.5,WINNER,1,179,Perth Wildcats,v SE Melbourne Phoenix,-21,79,100,,,,,,,,,,,
2026-09-20 00:00:00.000 Z," Australian NBL/Perth Wildcats v SE Melbourne Phoenix",36069264,COMBINED_TOTAL,262424503,Total Points,7017824,Under,109.5,LOSER,0,179,Perth Wildcats,v SE Melbourne Phoenix,-21,79,100,1.01,,,1.01,,,1.01,,,,
2026-09-20 00:00:00.000 Z," Australian NBL/Perth Wildcats v SE Melbourne Phoenix",36069264,COMBINED_TOTAL,262424503,Total Points,7017823,Over,109.5,WINNER,1,179,Perth Wildcats,v SE Melbourne Phoenix,-21,79,100,,,,,,,,,,,
2026-09-20 00:00:00.000 Z," Australian NBL/Perth Wildcats v SE Melbourne Phoenix",36069264,COMBINED_TOTAL,262424503,Total Points,7017824,Under,110.5,LOSER,0,179,Perth Wildcats,v SE Melbourne Phoenix,-21,79,100,,,,,,,,,,,
2026-09-20 00:00:00.000 Z," Australian NBL/Perth Wildcats v SE Melbourne Phoenix",36069264,COMBINED_TOTAL,262424503,Total Points,7017823,Over,110.5,WINNER,1,179,Perth Wildcats,v SE Melbourne Phoenix,-21,79,100,,,,,,,,,,,
2026-09-20 00:00:00.000 Z," Australian NBL/Perth Wildcats v SE Melbourne Phoenix",36069264,COMBINED_TOTAL,262424503,Total Points,7017824,Under,111.5,LOSER,0,179,Perth Wildcats,v SE Melbourne Phoenix,-21,79,100,1.01,,,1.01,,,1.01,,,,
2026-09-20 00:00:00.000 Z," Australian NBL/Perth Wildcats v SE Melbourne Phoenix",36069264,COMBINED_TOTAL,262424503,Total Points,7017823,Over,111.5,WINNER,1,179,Perth Wildcats,v SE Melbourne Phoenix,-21,79,100,,,,,,,,,,,
2026-09-20 00:00:00.000 Z," Australian NBL/Perth Wildcats v SE Melbourne Phoenix",36069264,COMBINED_TOTAL,262424503,Total Points,7017824,Under,112.5,LOSER,0,179,Perth Wildcats,v SE Melbourne Phoenix,-21,79,100,1.01,,,1.01,,,1.01,,,,
2026-09-20 00:00:00.000 Z," Australian NBL/Perth Wildcats v SE Melbourne Phoenix",36069264,COMBINED_TOTAL,262424503,Total Points,7017823,Over,112.5,WINNER,1,179,Perth Wildcats,v SE Melbourne Phoenix,-21,79,100,,,,,,,,,,,
2026-09-20 00:00:00.000 Z," Australian NBL/Perth Wildcats v SE Melbourne Phoenix",36069264,COMBINED_TOTAL,262424503,Total Points,7017824,Under,113.5,LOSER,0,179,Perth Wildcats,v SE Melbourne Phoenix,-21,79,100,1.01,,,1.01,,,1.01,,,,
2026-09-20 00:00:00.000 Z," Australian NBL/Perth Wildcats v SE Melbourne Phoenix",36069264,COMBINED_TOTAL,262424503,Total Points,7017823,Over,113.5,WINNER,1,179,Perth Wildcats,v SE Melbourne Phoenix,-21,79,100,,,,,,,,,,,
2026-09-20 00:00:00.000 Z," Australian NBL/Perth Wildcats v SE Melbourne Phoenix",36069264,COMBINED_TOTAL,262424503,Total Points,7017824,Under,114.5,LOSER,0,179,Perth Wildcats,v SE Melbourne Phoenix,-21,79,100,1.01,,,1.01,,,1.01,,,,
2026-09-20 00:00:00.000 Z," Australian NBL/Perth Wildcats v SE Melbourne Phoenix",36069264,COMBINED_TOTAL,262424503,Total Points,7017823,Over,114.5,WINNER,1,179,Perth Wildcats,v SE Melbourne Phoenix,-21,79,100,,,,,,,,,,,
2026-09-20 00:00:00.000 Z," Australian NBL/Perth Wildcats v SE Melbourne Phoenix",36069264,COMBINED_TOTAL,262424503,Total Points,7017824,Under,115.5,LOSER,0,179,Perth Wildcats,v SE Melbourne Phoenix,-21,79,100,1.01,,,1.01,,,1.01,,,,
2026-09-20 00:00:00.000 Z," Australian NBL/Perth Wildcats v SE Melbourne Phoenix",36069264,COMBINED_TOTAL,262424503,Total Points,7017823,Over,115.5,WINNER,1,179,Perth Wildcats,v SE Melbourne Phoenix,-21,79,100,,,,,,,,,,,
2026-09-20 00:00:00.000 Z," Australian NBL/Perth Wildcats v SE Melbourne Phoenix",36069264,COMBINED_TOTAL,262424503,Total Points,7017824,Under,116.5,LOSER,0,179,Perth Wildcats,v SE Melbourne Phoenix,-21,79,100,1.01,,,1.01,,,1.01,,,,
2026-09-20 00:00:00.000 Z," Australian NBL/Perth Wildcats v SE Melbourne Phoenix",36069264,COMBINED_TOTAL,262424503,Total Points,7017823,Over,116.5,WINNER,1,179,Perth Wildcats,v SE Melbourne Phoenix,-21,79,100,,,,,,,,,,,
2026-09-20 00:00:00.000 Z," Australian NBL/Perth Wildcats v SE Melbourne Phoenix",36069264,COMBINED_TOTAL,262424503,Total Points,7017824,Under,117.5,LOSER,0,179,Perth Wildcats,v SE Melbourne Phoenix,-21,79,100,1.01,,,1.01,,,1.01,,,,
2026-09-20 00:00:00.000 Z," Australian NBL/Perth Wildcats v SE Melbourne Phoenix",36069264,COMBINED_TOTAL,262424503,Total Points,7017823,Over,117.5,WINNER,1,179,Perth Wildcats,v SE Melbourne Phoenix,-21,79,100,,,,,,,,,,,
2026-09-20 00:00:00.000 Z," Australian NBL/Perth Wildcats v SE Melbourne Phoenix",36069264,COMBINED_TOTAL,262424503,Total Points,7017824,Under,118.5,LOSER,0,179,Perth Wildcats,v SE Melbourne Phoenix,-21,79,100,1.01,,,1.01,,,1.01,,,,
2026-09-20 00:00:00.000 Z," Australian NBL/Perth Wildcats v SE Melbourne Phoenix",36069264,COMBINED_TOTAL,262424503,Total Points,7017823,Over,118.5,WINNER,1,179,Perth Wildcats,v SE Melbourne Phoenix,-21,79,100,,,,,,,,,,,
2026-09-20 00:00:00.000 Z," Australian NBL/Perth Wildcats v SE Melbourne Phoenix",36069264,COMBINED_TOTAL,262424503,Total Points,7017824,Under,119.5,LOSER,0,179,Perth Wildcats,v SE Melbourne Phoenix,-21,79,100,1.01,,,1.01,,,1.01,,,,
2026-09-20 00:00:00.000 Z," Australian NBL/Perth Wildcats v SE Melbourne Phoenix",36069264,COMBINED_TOTAL,262424503,Total Points,7017823,Over,119.5,WINNER,1,179,Perth Wildcats,v SE Melbourne Phoenix,-21,79,100,,,,,,,,,,,
2026-09-20 00:00:00.000 Z," Australian NBL/Perth Wildcats v SE Melbourne Phoenix",36069264,COMBINED_TOTAL,262424503,Total Points,7017824,Under,120.5,LOSER,0,179,Perth Wildcats,v SE Melbourne Phoenix,-21,79,100,1.01,,,1.01,,,1.01,,,,
2026-09-20 00:00:00.000 Z," Australian NBL/Perth Wildcats v SE Melbourne Phoenix",36069264,COMBINED_TOTAL,262424503,Total Points,7017823,Over,120.5,WINNER,1,179,Perth Wildcats,v SE Melbourne Phoenix,-21,79,100,,,,,,,,,,,
2026-09-20 00:00:00.000 Z," Australian NBL/Perth Wildcats v SE Melbourne Phoenix",36069264,COMBINED_TOTAL,262424503,Total Points,7017824,Under,121.5,LOSER,0,179,Perth Wildcats,v SE Melbourne Phoenix,-21,79,100,1.01,,,1.01,,,1.01,,,,
2026-09-20 00:00:00.000 Z," Australian NBL/Perth Wildcats v SE Melbourne Phoenix",36069264,COMBINED_TOTAL,262424503,Total Points,7017823,Over,121.5,WINNER,1,179,Perth Wildcats,v SE Melbourne Phoenix,-21,79,100,,,,,,,,,,,
2026-09-20 00:00:00.000 Z," Australian NBL/Perth Wildcats v SE Melbourne Phoenix",36069264,COMBINED_TOTAL,262424503,Total Points,7017824,Under,122.5,LOSER,0,179,Perth Wildcats,v SE Melbourne Phoenix,-21,79,100,1.01,,,1.01,,,1.01,,,,
2026-09-20 00:00:00.000 Z," Australian NBL/Perth Wildcats v SE Melbourne Phoenix",36069264,COMBINED_TOTAL,262424503,Total Points,7017823,Over,122.5,WINNER,1,179,Perth Wildcats,v SE Melbourne Phoenix,-21,79,100,,,,,,,,,,,
2026-09-20 00:00:00.000 Z," Australian NBL/Perth Wildcats v SE Melbourne Phoenix",36069264,COMBINED_TOTAL,262424503,Total Points,7017824,Under,123.5,LOSER,0,179,Perth Wildcats,v SE Melbourne Phoenix,-21,79,100,1.01,,,1.01,,,1.01,,,,
2026-09-20 00:00:00.000 Z," Australian NBL/Perth Wildcats v SE Melbourne Phoenix",36069264,COMBINED_TOTAL,262424503,Total Points,7017823,Over,123.5,WINNER,1,179,Perth Wildcats,v SE Melbourne Phoenix,-21,79,100,,,,,,,,,,,
2026-09-20 00:00:00.000 Z," Australian NBL/Perth Wildcats v SE Melbourne Phoenix",36069264,COMBINED_TOTAL,262424503,Total Points,7017824,Under,124.5,LOSER,0,179,Perth Wildcats,v SE Melbourne Phoenix,-21,79,100,1.01,,,1.01,,,1.01,,,,
2026-09-20 00:00:00.000 Z," Australian NBL/Perth Wildcats v SE Melbourne Phoenix",36069264,COMBINED_TOTAL,262424503,Total Points,7017823,Over,124.5,WINNER,1,179,Perth Wildcats,v SE Melbourne Phoenix,-21,79,100,,,,,,,,,,,
2026-09-20 00:00:00.000 Z," Australian NBL/Perth Wildcats v SE Melbourne Phoenix",36069264,COMBINED_TOTAL,262424503,Total Points,7017824,Under,125.5,LOSER,0,179,Perth Wildcats,v SE Melbourne Phoenix,-21,79,100,1.01,,,1.01,,,1.01,,,,
2026-09-20 00:00:00.000 Z," Australian NBL/Perth Wildcats v SE Melbourne Phoenix",36069264,COMBINED_TOTAL,262424503,Total Points,7017823,Over,125.5,WINNER,1,179,Perth Wildcats,v SE Melbourne Phoenix,-21,79,100,,,,,,,,,,,
2026-09-20 00:00:00.000 Z," Australian NBL/Perth Wildcats v SE Melbourne Phoenix",36069264,COMBINED_TOTAL,262424503,Total Points,7017824,Under,126.5,LOSER,0,179,Perth Wildcats,v SE Melbourne Phoenix,-21,79,100,1.01,,,1.01,,,1.01,,,,
2026-09-20 00:00:00.000 Z," Australian NBL/Perth Wildcats v SE Melbourne Phoenix",36069264,COMBINED_TOTAL,262424503,Total Points,7017823,Over,126.5,WINNER,1,179,Perth Wildcats,v SE Melbourne Phoenix,-21,79,100,,,,,,,,,,,
2026-09-20 00:00:00.000 Z," Australian NBL/Perth Wildcats v SE Melbourne Phoenix",36069264,COMBINED_TOTAL,262424503,Total Points,7017824,Under,127.5,LOSER,0,179,Perth Wildcats,v SE Melbourne Phoenix,-21,79,100,1.01,,,1.01,,,1.01,,,,
2026-09-20 00:00:00.000 Z," Australian NBL/Perth Wildcats v SE Melbourne Phoenix",36069264,COMBINED_TOTAL,262424503,Total Points,7017823,Over,127.5,WINNER,1,179,Perth Wildcats,v SE Melbourne Phoenix,-21,79,100,,,,,,,,,,,
2026-09-20 00:00:00.000 Z," Australian NBL/Perth Wildcats v SE Melbourne Phoenix",36069264,COMBINED_TOTAL,262424503,Total Points,7017824,Under,128.5,LOSER,0,179,Perth Wildcats,v SE Melbourne Phoenix,-21,79,100,1.01,,,1.01,,,1.01,,,,
2026-09-20 00:00:00.000 Z," Australian NBL/Perth Wildcats v SE Melbourne Phoenix",36069264,COMBINED_TOTAL,262424503,Total Points,7017823,Over,128.5,WINNER,1,179,Perth Wildcats,v SE Melbourne Phoenix,-21,79,100,,,,,,,,,,,
2026-09-20 00:00:00.000 Z," Australian NBL/Perth Wildcats v SE Melbourne Phoenix",36069264,COMBINED_TOTAL,262424503,Total Points,7017824,Under,129.5,LOSER,0,179,Perth Wildcats,v SE Melbourne Phoenix,-21,79,100,1.01,,,1.01,,,1.01,,,,
2026-09-20 00:00:00.000 Z," Australian NBL/Perth Wildcats v SE Melbourne Phoenix",36069264,COMBINED_TOTAL,262424503,Total Points,7017823,Over,129.5,WINNER,1,179,Perth Wildcats,v SE Melbourne Phoenix,-21,79,100,,,,,,,,,,,
2026-09-20 00:00:00.000 Z," Australian NBL/Perth Wildcats v SE Melbourne Phoenix",36069264,COMBINED_TOTAL,262424503,Total Points,7017824,Under,130.5,LOSER,0,179,Perth Wildcats,v SE Melbourne Phoenix,-21,79,100,1.01,,,1.01,,,1.01,,,,
2026-09-20 00:00:00.000 Z," Australian NBL/Perth Wildcats v SE Melbourne Phoenix",36069264,COMBINED_TOTAL,262424503,Total Points,7017823,Over,130.5,WINNER,1,179,Perth Wildcats,v SE Melbourne Phoenix,-21,79,100,,,,,,,,,,,
2026-09-20 00:00:00.000 Z," Australian NBL/Perth Wildcats v SE Melbourne Phoenix",36069264,COMBINED_TOTAL,262424503,Total Points,7017824,Under,131.5,LOSER,0,179,Perth Wildcats,v SE Melbourne Phoenix,-21,79,100,1.01,,,1.01,,,1.01,,,,
2026-09-20 00:00:00.000 Z," Australian NBL/Perth Wildcats v SE Melbourne Phoenix",36069264,COMBINED_TOTAL,262424503,Total Points,7017823,Over,131.5,WINNER,1,179,Perth Wildcats,v SE Melbourne Phoenix,-21,79,100,,,,,,,,,,,
2026-09-20 00:00:00.000 Z," Australian NBL/Perth Wildcats v SE Melbourne Phoenix",36069264,COMBINED_TOTAL,262424503,Total Points,7017824,Under,132.5,LOSER,0,179,Perth Wildcats,v SE Melbourne Phoenix,-21,79,100,1.01,,,1.01,,,1.01,,,,
2026-09-20 00:00:00.000 Z," Australian NBL/Perth Wildcats v SE Melbourne Phoenix",36069264,COMBINED_TOTAL,262424503,Total Points,7017823,Over,132.5,WINNER,1,179,Perth Wildcats,v SE Melbourne Phoenix,-21,79,100,,,,,,,,,,,
2026-09-20 00:00:00.000 Z," Australian NBL/Perth Wildcats v SE Melbourne Phoenix",36069264,COMBINED_TOTAL,262424503,Total Points,7017824,Under,133.5,LOSER,0,179,Perth Wildcats,v SE Melbourne Phoenix,-21,79,100,1.01,,,1.01,,,1.01,,,,
2026-09-20 00:00:00.000 Z," Australian NBL/Perth Wildcats v SE Melbourne Phoenix",36069264,COMBINED_TOTAL,262424503,Total Points,7017823,Over,133.5,WINNER,1,179,Perth Wildcats,v SE Melbourne Phoenix,-21,79,100,,,,,,,,,,,
2026-09-20 00:00:00.000 Z," Australian NBL/Perth Wildcats v SE Melbourne Phoenix",36069264,COMBINED_TOTAL,262424503,Total Points,7017824,Under,134.5,LOSER,0,179,Perth Wildcats,v SE Melbourne Phoenix,-21,79,100,1.01,,,1.01,,,1.01,,,,
2026-09-20 00:00:00.000 Z," Australian NBL/Perth Wildcats v SE Melbourne Phoenix",36069264,COMBINED_TOTAL,262424503,Total Points,7017823,Over,134.5,WINNER,1,179,Perth Wildcats,v SE Melbourne Phoenix,-21,79,100,,,,,,,,,,,
2026-09-20 00:00:00.000 Z," Australian NBL/Perth Wildcats v SE Melbourne Phoenix",36069264,COMBINED_TOTAL,262424503,Total Points,7017824,Under,135.5,LOSER,0,179,Perth Wildcats,v SE Melbourne Phoenix,-21,79,100,1.01,,,1.01,,,1.01,,,,
2026-09-20 00:00:00.000 Z," Australian NBL/Perth Wildcats v SE Melbourne Phoenix",36069264,COMBINED_TOTAL,262424503,Total Points,7017823,Over,135.5,WINNER,1,179,Perth Wildcats,v SE Melbourne Phoenix,-21,79,100,,,,,,,,,,,
2026-09-20 00:00:00.000 Z," Australian NBL/Perth Wildcats v SE Melbourne Phoenix",36069264,COMBINED_TOTAL,262424503,Total Points,7017824,Under,136.5,LOSER,0,179,Perth Wildcats,v SE Melbourne Phoenix,-21,79,100,1.01,,,1.01,,,1.01,,,,
2026-09-20 00:00:00.000 Z," Australian NBL/Perth Wildcats v SE Melbourne Phoenix",36069264,COMBINED_TOTAL,262424503,Total Points,7017823,Over,136.5,WINNER,1,179,Perth Wildcats,v SE Melbourne Phoenix,-21,79,100,,,,,,,,,,,
2026-09-20 00:00:00.000 Z," Australian NBL/Perth Wildcats v SE Melbourne Phoenix",36069264,COMBINED_TOTAL,262424503,Total Points,7017824,Under,137.5,LOSER,0,179,Perth Wildcats,v SE Melbourne Phoenix,-21,79,100,1.01,,,1.01,,,1.01,,,,
2026-09-20 00:00:00.000 Z," Australian NBL/Perth Wildcats v SE Melbourne Phoenix",36069264,COMBINED_TOTAL,262424503,Total Points,7017823,Over,137.5,WINNER,1,179,Perth Wildcats,v SE Melbourne Phoenix,-21,79,100,,,,,,,,,,,
2026-09-20 00:00:00.000 Z," Australian NBL/Perth Wildcats v SE Melbourne Phoenix",36069264,COMBINED_TOTAL,262424503,Total Points,7017824,Under,138.5,LOSER,0,179,Perth Wildcats,v SE Melbourne Phoenix,-21,79,100,1.01,,,1.01,,,1.01,,,,
2026-09-20 00:00:00.000 Z," Australian NBL/Perth Wildcats v SE Melbourne Phoenix",36069264,COMBINED_TOTAL,262424503,Total Points,7017823,Over,138.5,WINNER,1,179,Perth Wildcats,v SE Melbourne Phoenix,-21,79,100,,,,,,,,,,,
2026-09-20 00:00:00.000 Z," Australian NBL/Perth Wildcats v SE Melbourne Phoenix",36069264,COMBINED_TOTAL,262424503,Total Points,7017824,Under,139.5,LOSER,0,179,Perth Wildcats,v SE Melbourne Phoenix,-21,79,100,1.01,,,1.01,,,1.01,,,,
2026-09-20 00:00:00.000 Z," Australian NBL/Perth Wildcats v SE Melbourne Phoenix",36069264,COMBINED_TOTAL,262424503,Total Points,7017823,Over,139.5,WINNER,1,179,Perth Wildcats,v SE Melbourne Phoenix,-21,79,100,,,,,,,,,,,
2026-09-20 00:00:00.000 Z," Australian NBL/Perth Wildcats v SE Melbourne Phoenix",36069264,COMBINED_TOTAL,262424503,Total Points,7017824,Under,140.5,LOSER,0,179,Perth Wildcats,v SE Melbourne Phoenix,-21,79,100,1.01,,,1.01,,,1.01,,,,
2026-09-20 00:00:00.000 Z," Australian NBL/Perth Wildcats v SE Melbourne Phoenix",36069264,COMBINED_TOTAL,262424503,Total Points,7017823,Over,140.5,WINNER,1,179,Perth Wildcats,v SE Melbourne Phoenix,-21,79,100,,,,,,,,,,,
2026-09-20 00:00:00.000 Z," Australian NBL/Perth Wildcats v SE Melbourne Phoenix",36069264,COMBINED_TOTAL,262424503,Total Points,7017824,Under,141.5,LOSER,0,179,Perth Wildcats,v SE Melbourne Phoenix,-21,79,100,1.01,,,1.01,,,1.01,,,,
2026-09-20 00:00:00.000 Z," Australian NBL/Perth Wildcats v SE Melbourne Phoenix",36069264,COMBINED_TOTAL,262424503,Total Points,7017823,Over,141.5,WINNER,1,179,Perth Wildcats,v SE Melbourne Phoenix,-21,79,100,,,,,,,,,,,
2026-09-20 00:00:00.000 Z," Australian NBL/Perth Wildcats v SE Melbourne Phoenix",36069264,COMBINED_TOTAL,262424503,Total Points,7017824,Under,142.5,LOSER,0,179,Perth Wildcats,v SE Melbourne Phoenix,-21,79,100,1.01,,,1.01,,,1.01,,,,
2026-09-20 00:00:00.000 Z," Australian NBL/Perth Wildcats v SE Melbourne Phoenix",36069264,COMBINED_TOTAL,262424503,Total Points,7017823,Over,142.5,WINNER,1,179,Perth Wildcats,v SE Melbourne Phoenix,-21,79,100,,,,,,,,,,,
2026-09-20 00:00:00.000 Z," Australian NBL/Perth Wildcats v SE Melbourne Phoenix",36069264,COMBINED_TOTAL,262424503,Total Points,7017824,Under,143.5,LOSER,0,179,Perth Wildcats,v SE Melbourne Phoenix,-21,79,100,1.01,,,1.01,,,1.01,,,,
2026-09-20 00:00:00.000 Z," Australian NBL/Perth Wildcats v SE Melbourne Phoenix",36069264,COMBINED_TOTAL,262424503,Total Points,7017823,Over,143.5,WINNER,1,179,Perth Wildcats,v SE Melbourne Phoenix,-21,79,100,,,,,,,,,,,
2026-09-20 00:00:00.000 Z," Australian NBL/Perth Wildcats v SE Melbourne Phoenix",36069264,COMBINED_TOTAL,262424503,Total Points,7017824,Under,144.5,LOSER,0,179,Perth Wildcats,v SE Melbourne Phoenix,-21,79,100,1.01,,,1.01,,,1.01,,,,
2026-09-20 00:00:00.000 Z," Australian NBL/Perth Wildcats v SE Melbourne Phoenix",36069264,COMBINED_TOTAL,262424503,Total Points,7017823,Over,144.5,WINNER,1,179,Perth Wildcats,v SE Melbourne Phoenix,-21,79,100,,,,,,,,,,,
2026-09-20 00:00:00.000 Z," Australian NBL/Perth Wildcats v SE Melbourne Phoenix",36069264,COMBINED_TOTAL,262424503,Total Points,7017824,Under,145.5,LOSER,0,179,Perth Wildcats,v SE Melbourne Phoenix,-21,79,100,1.01,,,1.01,,,1.01,,,,
2026-09-20 00:00:00.000 Z," Australian NBL/Perth Wildcats v SE Melbourne Phoenix",36069264,COMBINED_TOTAL,262424503,Total Points,7017823,Over,145.5,WINNER,1,179,Perth Wildcats,v SE Melbourne Phoenix,-21,79,100,,,,,,,,,,,
2026-09-20 00:00:00.000 Z," Australian NBL/Perth Wildcats v SE Melbourne Phoenix",36069264,COMBINED_TOTAL,262424503,Total Points,7017824,Under,146.5,LOSER,0,179,Perth Wildcats,v SE Melbourne Phoenix,-21,79,100,1.01,,,1.01,,,1.01,,,,
2026-09-20 00:00:00.000 Z," Australian NBL/Perth Wildcats v SE Melbourne Phoenix",36069264,COMBINED_TOTAL,262424503,Total Points,7017823,Over,146.5,WINNER,1,179,Perth Wildcats,v SE Melbourne Phoenix,-21,79,100,,,,,,,,,,,
2026-09-20 00:00:00.000 Z," Australian NBL/Perth Wildcats v SE Melbourne Phoenix",36069264,COMBINED_TOTAL,262424503,Total Points,7017824,Under,147.5,LOSER,0,179,Perth Wildcats,v SE Melbourne Phoenix,-21,79,100,1.01,,,1.01,,,1.01,,,,
2026-09-20 00:00:00.000 Z," Australian NBL/Perth Wildcats v SE Melbourne Phoenix",36069264,COMBINED_TOTAL,262424503,Total Points,7017823,Over,147.5,WINNER,1,179,Perth Wildcats,v SE Melbourne Phoenix,-21,79,100,,,,,,,,,,,
2026-09-20 00:00:00.000 Z," Australian NBL/Perth Wildcats v SE Melbourne Phoenix",36069264,COMBINED_TOTAL,262424503,Total Points,7017824,Under,148.5,LOSER,0,179,Perth Wildcats,v SE Melbourne Phoenix,-21,79,100,1.01,,,1.01,,,1.01,,,,
2026-09-20 00:00:00.000 Z," Australian NBL/Perth Wildcats v SE Melbourne Phoenix",36069264,COMBINED_TOTAL,262424503,Total Points,7017823,Over,148.5,WINNER,1,179,Perth Wildcats,v SE Melbourne Phoenix,-21,79,100,,,,,,,,,,,
2026-09-20 00:00:00.000 Z," Australian NBL/Perth Wildcats v SE Melbourne Phoenix",36069264,COMBINED_TOTAL,262424503,Total Points,7017824,Under,149.5,LOSER,0,179,Perth Wildcats,v SE Melbourne Phoenix,-21,79,100,1.01,,,1.01,,,1.01,,,,
2026-09-20 00:00:00.000 Z," Australian NBL/Perth Wildcats v SE Melbourne Phoenix",36069264,COMBINED_TOTAL,262424503,Total Points,7017823,Over,149.5,WINNER,1,179,Perth Wildcats,v SE Melbourne Phoenix,-21,79,100,,,,,,,,,,,
2026-09-20 00:00:00.000 Z," Australian NBL/Perth Wildcats v SE Melbourne Phoenix",36069264,COMBINED_TOTAL,262424503,Total Points,7017824,Under,150.5,LOSER,0,179,Perth Wildcats,v SE Melbourne Phoenix,-21,79,100,1.01,,,1.01,,,1.01,,,,
2026-09-20 00:00:00.000 Z," Australian NBL/Perth Wildcats v SE Melbourne Phoenix",36069264,COMBINED_TOTAL,262424503,Total Points,7017823,Over,150.5,WINNER,1,179,Perth Wildcats,v SE Melbourne Phoenix,-21,79,100,,,,,,,,,,,
2026-09-20 00:00:00.000 Z," Australian NBL/Perth Wildcats v SE Melbourne Phoenix",36069264,COMBINED_TOTAL,262424503,Total Points,7017824,Under,151.5,LOSER,0,179,Perth Wildcats,v SE Melbourne Phoenix,-21,79,100,1.01,,,1.01,,,1.01,,,,
2026-09-20 00:00:00.000 Z," Australian NBL/Perth Wildcats v SE Melbourne Phoenix",36069264,COMBINED_TOTAL,262424503,Total Points,7017823,Over,151.5,WINNER,1,179,Perth Wildcats,v SE Melbourne Phoenix,-21,79,100,,,,,,,,,,,
2026-09-20 00:00:00.000 Z," Australian NBL/Perth Wildcats v SE Melbourne Phoenix",36069264,COMBINED_TOTAL,262424503,Total Points,7017824,Under,152.5,LOSER,0,179,Perth Wildcats,v SE Melbourne Phoenix,-21,79,100,1.01,,,1.01,,,1.01,,,,
2026-09-20 00:00:00.000 Z," Australian NBL/Perth Wildcats v SE Melbourne Phoenix",36069264,COMBINED_TOTAL,262424503,Total Points,7017823,Over,152.5,WINNER,1,179,Perth Wildcats,v SE Melbourne Phoenix,-21,79,100,,,,,,,,,,,
2026-09-20 00:00:00.000 Z," Australian NBL/Perth Wildcats v SE Melbourne Phoenix",36069264,COMBINED_TOTAL,262424503,Total Points,7017824,Under,153.5,LOSER,0,179,Perth Wildcats,v SE Melbourne Phoenix,-21,79,100,1.01,,,1.01,,,1.01,,,,
2026-09-20 00:00:00.000 Z," Australian NBL/Perth Wildcats v SE Melbourne Phoenix",36069264,COMBINED_TOTAL,262424503,Total Points,7017823,Over,153.5,WINNER,1,179,Perth Wildcats,v SE Melbourne Phoenix,-21,79,100,,,,,,,,,,,
2026-09-20 00:00:00.000 Z," Australian NBL/Perth Wildcats v SE Melbourne Phoenix",36069264,COMBINED_TOTAL,262424503,Total Points,7017824,Under,154.5,LOSER,0,179,Perth Wildcats,v SE Melbourne Phoenix,-21,79,100,1.01,,,1.01,,,1.01,,,,
2026-09-20 00:00:00.000 Z," Australian NBL/Perth Wildcats v SE Melbourne Phoenix",36069264,COMBINED_TOTAL,262424503,Total Points,7017823,Over,154.5,WINNER,1,179,Perth Wildcats,v SE Melbourne Phoenix,-21,79,100,,,,,,,,,,,
2026-09-20 00:00:00.000 Z," Australian NBL/Perth Wildcats v SE Melbourne Phoenix",36069264,COMBINED_TOTAL,262424503,Total Points,7017824,Under,155.5,LOSER,0,179,Perth Wildcats,v SE Melbourne Phoenix,-21,79,100,1.01,,,1.01,,,1.01,,,,
2026-09-20 00:00:00.000 Z," Australian NBL/Perth Wildcats v SE Melbourne Phoenix",36069264,COMBINED_TOTAL,262424503,Total Points,7017823,Over,155.5,WINNER,1,179,Perth Wildcats,v SE Melbourne Phoenix,-21,79,100,,,,,,,,,,,
2026-09-20 00:00:00.000 Z," Australian NBL/Perth Wildcats v SE Melbourne Phoenix",36069264,COMBINED_TOTAL,262424503,Total Points,7017824,Under,156.5,LOSER,0,179,Perth Wildcats,v SE Melbourne Phoenix,-21,79,100,1.01,,,1.01,,,1.01,,,,
2026-09-20 00:00:00.000 Z," Australian NBL/Perth Wildcats v SE Melbourne Phoenix",36069264,COMBINED_TOTAL,262424503,Total Points,7017823,Over,156.5,WINNER,1,179,Perth Wildcats,v SE Melbourne Phoenix,-21,79,100,,,,,,,,,,,
2026-09-20 00:00:00.000 Z," Australian NBL/Perth Wildcats v SE Melbourne Phoenix",36069264,COMBINED_TOTAL,262424503,Total Points,7017824,Under,157.5,LOSER,0,179,Perth Wildcats,v SE Melbourne Phoenix,-21,79,100,1.01,,,1.01,,,1.01,,,,
2026-09-20 00:00:00.000 Z," Australian NBL/Perth Wildcats v SE Melbourne Phoenix",36069264,COMBINED_TOTAL,262424503,Total Points,7017823,Over,157.5,WINNER,1,179,Perth Wildcats,v SE Melbourne Phoenix,-21,79,100,,,,,,,,,,,
2026-09-20 00:00:00.000 Z," Australian NBL/Perth Wildcats v SE Melbourne Phoenix",36069264,COMBINED_TOTAL,262424503,Total Points,7017824,Under,158.5,LOSER,0,179,Perth Wildcats,v SE Melbourne Phoenix,-21,79,100,1.01,,,1.01,,,1.01,,,,
2026-09-20 00:00:00.000 Z," Australian NBL/Perth Wildcats v SE Melbourne Phoenix",36069264,COMBINED_TOTAL,262424503,Total Points,7017823,Over,158.5,WINNER,1,179,Perth Wildcats,v SE Melbourne Phoenix,-21,79,100,,,,,,,,,,,
2026-09-20 00:00:00.000 Z," Australian NBL/Perth Wildcats v SE Melbourne Phoenix",36069264,COMBINED_TOTAL,262424503,Total Points,7017824,Under,159.5,LOSER,0,179,Perth Wildcats,v SE Melbourne Phoenix,-21,79,100,1.01,,,1.01,,,1.01,,,,
2026-09-20 00:00:00.000 Z," Australian NBL/Perth Wildcats v SE Melbourne Phoenix",36069264,COMBINED_TOTAL,262424503,Total Points,7017823,Over,159.5,WINNER,1,179,Perth Wildcats,v SE Melbourne Phoenix,-21,79,100,,,,,,,,,,,
2026-09-20 00:00:00.000 Z," Australian NBL/Perth Wildcats v SE Melbourne Phoenix",36069264,COMBINED_TOTAL,262424503,Total Points,7017824,Under,160.5,LOSER,0,179,Perth Wildcats,v SE Melbourne Phoenix,-21,79,100,1.01,,,1.01,,,1.01,,,,
2026-09-20 00:00:00.000 Z," Australian NBL/Perth Wildcats v SE Melbourne Phoenix",36069264,COMBINED_TOTAL,262424503,Total Points,7017823,Over,160.5,WINNER,1,179,Perth Wildcats,v SE Melbourne Phoenix,-21,79,100,,,,,,,,,,,
2026-09-20 00:00:00.000 Z," Australian NBL/Perth Wildcats v SE Melbourne Phoenix",36069264,COMBINED_TOTAL,262424503,Total Points,7017824,Under,161.5,LOSER,0,179,Perth Wildcats,v SE Melbourne Phoenix,-21,79,100,1.01,,,1.01,,,1.01,,,,
2026-09-20 00:00:00.000 Z," Australian NBL/Perth Wildcats v SE Melbourne Phoenix",36069264,COMBINED_TOTAL,262424503,Total Points,7017823,Over,161.5,WINNER,1,179,Perth Wildcats,v SE Melbourne Phoenix,-21,79,100,,,,,,,,,,,
2026-09-20 00:00:00.000 Z," Australian NBL/Perth Wildcats v SE Melbourne Phoenix",36069264,COMBINED_TOTAL,262424503,Total Points,7017824,Under,162.5,LOSER,0,179,Perth Wildcats,v SE Melbourne Phoenix,-21,79,100,1.01,,,1.01,,,1.01,,,,
2026-09-20 00:00:00.000 Z," Australian NBL/Perth Wildcats v SE Melbourne Phoenix",36069264,COMBINED_TOTAL,262424503,Total Points,7017823,Over,162.5,WINNER,1,179,Perth Wildcats,v SE Melbourne Phoenix,-21,79,100,,,,,,,,,,,
2026-09-20 00:00:00.000 Z," Australian NBL/Perth Wildcats v SE Melbourne Phoenix",36069264,COMBINED_TOTAL,262424503,Total Points,7017824,Under,163.5,LOSER,0,179,Perth Wildcats,v SE Melbourne Phoenix,-21,79,100,1.01,,,1.01,,,1.01,,,,
2026-09-20 00:00:00.000 Z," Australian NBL/Perth Wildcats v SE Melbourne Phoenix",36069264,COMBINED_TOTAL,262424503,Total Points,7017823,Over,163.5,WINNER,1,179,Perth Wildcats,v SE Melbourne Phoenix,-21,79,100,,,,,,,,,,,
2026-09-20 00:00:00.000 Z," Australian NBL/Perth Wildcats v SE Melbourne Phoenix",36069264,COMBINED_TOTAL,262424503,Total Points,7017824,Under,164.5,LOSER,0,179,Perth Wildcats,v SE Melbourne Phoenix,-21,79,100,1.01,,,1.01,,,1.01,,,,
2026-09-20 00:00:00.000 Z," Australian NBL/Perth Wildcats v SE Melbourne Phoenix",36069264,COMBINED_TOTAL,262424503,Total Points,7017823,Over,164.5,WINNER,1,179,Perth Wildcats,v SE Melbourne Phoenix,-21,79,100,,,,,,,,,,,
2026-09-20 00:00:00.000 Z," Australian NBL/Perth Wildcats v SE Melbourne Phoenix",36069264,COMBINED_TOTAL,262424503,Total Points,7017824,Under,165.5,LOSER,0,179,Perth Wildcats,v SE Melbourne Phoenix,-21,79,100,1.01,,,1.01,,,1.01,,,,
2026-09-20 00:00:00.000 Z," Australian NBL/Perth Wildcats v SE Melbourne Phoenix",36069264,COMBINED_TOTAL,262424503,Total Points,7017823,Over,165.5,WINNER,1,179,Perth Wildcats,v SE Melbourne Phoenix,-21,79,100,1.01,,,1.01,,,1.01,,,,
2026-09-20 00:00:00.000 Z," Australian NBL/Perth Wildcats v SE Melbourne Phoenix",36069264,COMBINED_TOTAL,262424503,Total Points,7017824,Under,166.5,LOSER,0,179,Perth Wildcats,v SE Melbourne Phoenix,-21,79,100,1.01,,,1.01,,,1.01,,,,
2026-09-20 00:00:00.000 Z," Australian NBL/Perth Wildcats v SE Melbourne Phoenix",36069264,COMBINED_TOTAL,262424503,Total Points,7017823,Over,166.5,WINNER,1,179,Perth Wildcats,v SE Melbourne Phoenix,-21,79,100,1.02,,,1.02,,,1.02,,,,
2026-09-20 00:00:00.000 Z," Australian NBL/Perth Wildcats v SE Melbourne Phoenix",36069264,COMBINED_TOTAL,262424503,Total Points,7017824,Under,167.5,LOSER,0,179,Perth Wildcats,v SE Melbourne Phoenix,-21,79,100,1.01,,,1.01,,,1.01,,,,
2026-09-20 00:00:00.000 Z," Australian NBL/Perth Wildcats v SE Melbourne Phoenix",36069264,COMBINED_TOTAL,262424503,Total Points,7017823,Over,167.5,WINNER,1,179,Perth Wildcats,v SE Melbourne Phoenix,-21,79,100,1.03,,,1.03,,,1.03,,,,
2026-09-20 00:00:00.000 Z," Australian NBL/Perth Wildcats v SE Melbourne Phoenix",36069264,COMBINED_TOTAL,262424503,Total Points,7017824,Under,168.5,LOSER,0,179,Perth Wildcats,v SE Melbourne Phoenix,-21,79,100,1.01,,,1.01,,,1.01,,,,
2026-09-20 00:00:00.000 Z," Australian NBL/Perth Wildcats v SE Melbourne Phoenix",36069264,COMBINED_TOTAL,262424503,Total Points,7017823,Over,168.5,WINNER,1,179,Perth Wildcats,v SE Melbourne Phoenix,-21,79,100,1.04,,,1.04,,,1.04,,,,
2026-09-20 00:00:00.000 Z," Australian NBL/Perth Wildcats v SE Melbourne Phoenix",36069264,COMBINED_TOTAL,262424503,Total Points,7017824,Under,169.5,LOSER,0,179,Perth Wildcats,v SE Melbourne Phoenix,-21,79,100,1.01,,,1.01,,,1.01,,,,
2026-09-20 00:00:00.000 Z," Australian NBL/Perth Wildcats v SE Melbourne Phoenix",36069264,COMBINED_TOTAL,262424503,Total Points,7017823,Over,169.5,WINNER,1,179,Perth Wildcats,v SE Melbourne Phoenix,-21,79,100,1.05,,,1.05,,,1.05,,,,
2026-09-20 00:00:00.000 Z," Australian NBL/Perth Wildcats v SE Melbourne Phoenix",36069264,COMBINED_TOTAL,262424503,Total Points,7017824,Under,170.5,LOSER,0,179,Perth Wildcats,v SE Melbourne Phoenix,-21,79,100,1.01,,,1.01,,,1.01,,,,
2026-09-20 00:00:00.000 Z," Australian NBL/Perth Wildcats v SE Melbourne Phoenix",36069264,COMBINED_TOTAL,262424503,Total Points,7017823,Over,170.5,WINNER,1,179,Perth Wildcats,v SE Melbourne Phoenix,-21,79,100,1.06,,,1.06,,,1.06,,,,
2026-09-20 00:00:00.000 Z," Australian NBL/Perth Wildcats v SE Melbourne Phoenix",36069264,COMBINED_TOTAL,262424503,Total Points,7017824,Under,171.5,LOSER,0,179,Perth Wildcats,v SE Melbourne Phoenix,-21,79,100,1.01,,,1.01,,,1.01,,,,
2026-09-20 00:00:00.000 Z," Australian NBL/Perth Wildcats v SE Melbourne Phoenix",36069264,COMBINED_TOTAL,262424503,Total Points,7017823,Over,171.5,WINNER,1,179,Perth Wildcats,v SE Melbourne Phoenix,-21,79,100,1.07,,,1.07,,,1.07,,,,
2026-09-20 00:00:00.000 Z," Australian NBL/Perth Wildcats v SE Melbourne Phoenix",36069264,COMBINED_TOTAL,262424503,Total Points,7017824,Under,172.5,LOSER,0,179,Perth Wildcats,v SE Melbourne Phoenix,-21,79,100,1.01,,,1.01,,,1.01,,,,
2026-09-20 00:00:00.000 Z," Australian NBL/Perth Wildcats v SE Melbourne Phoenix",36069264,COMBINED_TOTAL,262424503,Total Points,7017823,Over,172.5,WINNER,1,179,Perth Wildcats,v SE Melbourne Phoenix,-21,79,100,1.08,,,1.08,,,1.08,,,,
2026-09-20 00:00:00.000 Z," Australian NBL/Perth Wildcats v SE Melbourne Phoenix",36069264,COMBINED_TOTAL,262424503,Total Points,7017824,Under,173.5,LOSER,0,179,Perth Wildcats,v SE Melbourne Phoenix,-21,79,100,1.01,,,1.01,,,1.01,,,,
2026-09-20 00:00:00.000 Z," Australian NBL/Perth Wildcats v SE Melbourne Phoenix",36069264,COMBINED_TOTAL,262424503,Total Points,7017823,Over,173.5,WINNER,1,179,Perth Wildcats,v SE Melbourne Phoenix,-21,79,100,1.09,,,1.09,,,1.09,,,,
2026-09-20 00:00:00.000 Z," Australian NBL/Perth Wildcats v SE Melbourne Phoenix",36069264,COMBINED_TOTAL,262424503,Total Points,7017824,Under,174.5,LOSER,0,179,Perth Wildcats,v SE Melbourne Phoenix,-21,79,100,,,,,,,,,,,
2026-09-20 00:00:00.000 Z," Australian NBL/Perth Wildcats v SE Melbourne Phoenix",36069264,COMBINED_TOTAL,262424503,Total Points,7017823,Over,174.5,WINNER,1,179,Perth Wildcats,v SE Melbourne Phoenix,-21,79,100,,,,,,,,,,8.75,
2026-09-20 00:00:00.000 Z," Australian NBL/Perth Wildcats v SE Melbourne Phoenix",36069264,COMBINED_TOTAL,262424503,Total Points,7017824,Under,175.5,LOSER,0,179,Perth Wildcats,v SE Melbourne Phoenix,-21,79,100,1.01,,,1.01,,,1.01,,,6.78,
2026-09-20 00:00:00.000 Z," Australian NBL/Perth Wildcats v SE Melbourne Phoenix",36069264,COMBINED_TOTAL,262424503,Total Points,7017823,Over,175.5,WINNER,1,179,Perth Wildcats,v SE Melbourne Phoenix,-21,79,100,1.12,,,1.12,,,1.11,,,,
2026-09-20 00:00:00.000 Z," Australian NBL/Perth Wildcats v SE Melbourne Phoenix",36069264,COMBINED_TOTAL,262424503,Total Points,7017824,Under,176.5,LOSER,0,179,Perth Wildcats,v SE Melbourne Phoenix,-21,79,100,1.01,,,1.01,,,1.01,,,,
2026-09-20 00:00:00.000 Z," Australian NBL/Perth Wildcats v SE Melbourne Phoenix",36069264,COMBINED_TOTAL,262424503,Total Points,7017823,Over,176.5,WINNER,1,179,Perth Wildcats,v SE Melbourne Phoenix,-21,79,100,1.14,,,1.14,,,1.12,,,,
2026-09-20 00:00:00.000 Z," Australian NBL/Perth Wildcats v SE Melbourne Phoenix",36069264,COMBINED_TOTAL,262424503,Total Points,7017824,Under,177.5,LOSER,0,179,Perth Wildcats,v SE Melbourne Phoenix,-21,79,100,1.01,,,1.01,,,1.01,,,,
2026-09-20 00:00:00.000 Z," Australian NBL/Perth Wildcats v SE Melbourne Phoenix",36069264,COMBINED_TOTAL,262424503,Total Points,7017823,Over,177.5,WINNER,1,179,Perth Wildcats,v SE Melbourne Phoenix,-21,79,100,1.16,,,1.16,,,1.13,,,1.61,
2026-09-20 00:00:00.000 Z," Australian NBL/Perth Wildcats v SE Melbourne Phoenix",36069264,COMBINED_TOTAL,262424503,Total Points,7017824,Under,178.5,LOSER,0,179,Perth Wildcats,v SE Melbourne Phoenix,-21,79,100,1.01,,,1.01,,,1.01,,,23.9,
2026-09-20 00:00:00.000 Z," Australian NBL/Perth Wildcats v SE Melbourne Phoenix",36069264,COMBINED_TOTAL,262424503,Total Points,7017823,Over,178.5,WINNER,1,179,Perth Wildcats,v SE Melbourne Phoenix,-21,79,100,1.18,,,1.18,,,1.15,,,,
2026-09-20 00:00:00.000 Z," Australian NBL/Perth Wildcats v SE Melbourne Phoenix",36069264,COMBINED_TOTAL,262424503,Total Points,7017823,Over,179.5,LOSER,0,179,Perth Wildcats,v SE Melbourne Phoenix,-21,79,100,1.2,,,1.2,,,1.17,,,,
2026-09-20 00:00:00.000 Z," Australian NBL/Perth Wildcats v SE Melbourne Phoenix",36069264,COMBINED_TOTAL,262424503,Total Points,7017824,Under,179.5,WINNER,1,179,Perth Wildcats,v SE Melbourne Phoenix,-21,79,100,1.01,,,1.01,,,1.01,,,,
2026-09-20 00:00:00.000 Z," Australian NBL/Perth Wildcats v SE Melbourne Phoenix",36069264,COMBINED_TOTAL,262424503,Total Points,7017823,Over,180.5,LOSER,0,179,Perth Wildcats,v SE Melbourne Phoenix,-21,79,100,1.22,,,1.22,,,1.19,,,206.9,
2026-09-20 00:00:00.000 Z," Australian NBL/Perth Wildcats v SE Melbourne Phoenix",36069264,COMBINED_TOTAL,262424503,Total Points,7017824,Under,180.5,WINNER,1,179,Perth Wildcats,v SE Melbourne Phoenix,-21,79,100,1.01,,,1.01,,,1.01,,,,
2026-09-20 00:00:00.000 Z," Australian NBL/Perth Wildcats v SE Melbourne Phoenix",36069264,COMBINED_TOTAL,262424503,Total Points,7017823,Over,181.5,LOSER,0,179,Perth Wildcats,v SE Melbourne Phoenix,-21,79,100,1.24,,,1.24,,,1.21,,,,
2026-09-20 00:00:00.000 Z," Australian NBL/Perth Wildcats v SE Melbourne Phoenix",36069264,COMBINED_TOTAL,262424503,Total Points,7017824,Under,181.5,WINNER,1,179,Perth Wildcats,v SE Melbourne Phoenix,-21,79,100,1.01,,,1.01,,,1.01,,,,
2026-09-20 00:00:00.000 Z," Australian NBL/Perth Wildcats v SE Melbourne Phoenix",36069264,COMBINED_TOTAL,262424503,Total Points,7017823,Over,182.5,LOSER,0,179,Perth Wildcats,v SE Melbourne Phoenix,-21,79,100,1.27,,,1.27,,,1.24,,,,
2026-09-20 00:00:00.000 Z," Australian NBL/Perth Wildcats v SE Melbourne Phoenix",36069264,COMBINED_TOTAL,262424503,Total Points,7017824,Under,182.5,WINNER,1,179,Perth Wildcats,v SE Melbourne Phoenix,-21,79,100,1.01,,,1.01,,,1.01,,,,
2026-09-20 00:00:00.000 Z," Australian NBL/Perth Wildcats v SE Melbourne Phoenix",36069264,COMBINED_TOTAL,262424503,Total Points,7017823,Over,183.5,LOSER,0,179,Perth Wildcats,v SE Melbourne Phoenix,-21,79,100,1.3,,,1.44,1.68,,1.27,,,,
2026-09-20 00:00:00.000 Z," Australian NBL/Perth Wildcats v SE Melbourne Phoenix",36069264,COMBINED_TOTAL,262424503,Total Points,7017824,Under,183.5,WINNER,1,179,Perth Wildcats,v SE Melbourne Phoenix,-21,79,100,1.01,,,2.48,3.3,,1.01,,,,
2026-09-20 00:00:00.000 Z," Australian NBL/Perth Wildcats v SE Melbourne Phoenix",36069264,COMBINED_TOTAL,262424503,Total Points,7017823,Over,184.5,LOSER,0,179,Perth Wildcats,v SE Melbourne Phoenix,-21,79,100,1.34,,,1.48,1.74,,1.3,,,,
2026-09-20 00:00:00.000 Z," Australian NBL/Perth Wildcats v SE Melbourne Phoenix",36069264,COMBINED_TOTAL,262424503,Total Points,7017824,Under,184.5,WINNER,1,179,Perth Wildcats,v SE Melbourne Phoenix,-21,79,100,1.01,,,2.34,3.1,,1.01,,,,
2026-09-20 00:00:00.000 Z," Australian NBL/Perth Wildcats v SE Melbourne Phoenix",36069264,COMBINED_TOTAL,262424503,Total Points,7017823,Over,185.5,LOSER,0,179,Perth Wildcats,v SE Melbourne Phoenix,-21,79,100,1.37,,,1.53,1.81,,1.34,,,177.68,
2026-09-20 00:00:00.000 Z," Australian NBL/Perth Wildcats v SE Melbourne Phoenix",36069264,COMBINED_TOTAL,262424503,Total Points,7017824,Under,185.5,WINNER,1,179,Perth Wildcats,v SE Melbourne Phoenix,-21,79,100,1.01,,,2.22,2.9,,1.01,,,,
2026-09-20 00:00:00.000 Z," Australian NBL/Perth Wildcats v SE Melbourne Phoenix",36069264,COMBINED_TOTAL,262424503,Total Points,7017823,Over,186.5,LOSER,0,179,Perth Wildcats,v SE Melbourne Phoenix,-21,79,100,1.41,,,1.57,1.89,,1.38,,,81.64,
2026-09-20 00:00:00.000 Z," Australian NBL/Perth Wildcats v SE Melbourne Phoenix",36069264,COMBINED_TOTAL,262424503,Total Points,7017824,Under,186.5,WINNER,1,179,Perth Wildcats,v SE Melbourne Phoenix,-21,79,100,1.01,,23.39,2.12,2.74,23.39,1.01,,23.39,23.39,2.36
2026-09-20 00:00:00.000 Z," Australian NBL/Perth Wildcats v SE Melbourne Phoenix",36069264,COMBINED_TOTAL,262424503,Total Points,7017823,Over,187.5,LOSER,0,179,Perth Wildcats,v SE Melbourne Phoenix,-21,79,100,1.72,1.79,,1.73,1.79,,1.42,,,,
2026-09-20 00:00:00.000 Z," Australian NBL/Perth Wildcats v SE Melbourne Phoenix",36069264,COMBINED_TOTAL,262424503,Total Points,7017824,Under,187.5,WINNER,1,179,Perth Wildcats,v SE Melbourne Phoenix,-21,79,100,2.26,2.4,,2.28,2.38,,1.01,,,,
2026-09-20 00:00:00.000 Z," Australian NBL/Perth Wildcats v SE Melbourne Phoenix",36069264,COMBINED_TOTAL,262424503,Total Points,7017823,Over,188.5,LOSER,0,179,Perth Wildcats,v SE Melbourne Phoenix,-21,79,100,1.8,1.87,112.46,1.8,1.86,112.46,1.73,1.79,112.46,112.46,1.83
2026-09-20 00:00:00.000 Z," Australian NBL/Perth Wildcats v SE Melbourne Phoenix",36069264,COMBINED_TOTAL,262424503,Total Points,7017824,Under,188.5,WINNER,1,179,Perth Wildcats,v SE Melbourne Phoenix,-21,79,100,2.16,2.26,,2.16,2.26,,2.26,2.36,,,
2026-09-20 00:00:00.000 Z," Australian NBL/Perth Wildcats v SE Melbourne Phoenix",36069264,COMBINED_TOTAL,262424503,Total Points,7017823,Over,189.5,LOSER,0,179,Perth Wildcats,v SE Melbourne Phoenix,-21,79,100,1.91,1.97,,1.9,1.94,,1.84,1.86,,,
2026-09-20 00:00:00.000 Z," Australian NBL/Perth Wildcats v SE Melbourne Phoenix",36069264,COMBINED_TOTAL,262424503,Total Points,7017824,Under,189.5,WINNER,1,179,Perth Wildcats,v SE Melbourne Phoenix,-21,79,100,2.02,2.12,,2.04,2.12,,2.14,2.24,,56.23,
2026-09-20 00:00:00.000 Z," Australian NBL/Perth Wildcats v SE Melbourne Phoenix",36069264,COMBINED_TOTAL,262424503,Total Points,7017823,Over,190.5,LOSER,0,179,Perth Wildcats,v SE Melbourne Phoenix,-21,79,100,2,2.08,,2,2.08,,1.93,1.96,,75,1.89
2026-09-20 00:00:00.000 Z," Australian NBL/Perth Wildcats v SE Melbourne Phoenix",36069264,COMBINED_TOTAL,262424503,Total Points,7017824,Under,190.5,WINNER,1,179,Perth Wildcats,v SE Melbourne Phoenix,-21,79,100,1.92,2,,1.92,2,,2.04,2.14,,,
2026-09-20 00:00:00.000 Z," Australian NBL/Perth Wildcats v SE Melbourne Phoenix",36069264,COMBINED_TOTAL,262424503,Total Points,7017823,Over,191.5,LOSER,0,179,Perth Wildcats,v SE Melbourne Phoenix,-21,79,100,2.12,2.22,,2.12,2.2,,1.98,2.08,,,
2026-09-20 00:00:00.000 Z," Australian NBL/Perth Wildcats v SE Melbourne Phoenix",36069264,COMBINED_TOTAL,262424503,Total Points,7017824,Under,191.5,WINNER,1,179,Perth Wildcats,v SE Melbourne Phoenix,-21,79,100,1.83,1.9,,1.84,1.89,,1.93,2.02,303.56,303.56,1.89
2026-09-20 00:00:00.000 Z," Australian NBL/Perth Wildcats v SE Melbourne Phoenix",36069264,COMBINED_TOTAL,262424503,Total Points,7017823,Over,192.5,LOSER,0,179,Perth Wildcats,v SE Melbourne Phoenix,-21,79,100,2.22,2.34,,2.22,2.32,,2.12,2.2,,,
2026-09-20 00:00:00.000 Z," Australian NBL/Perth Wildcats v SE Melbourne Phoenix",36069264,COMBINED_TOTAL,262424503,Total Points,7017824,Under,192.5,WINNER,1,179,Perth Wildcats,v SE Melbourne Phoenix,-21,79,100,1.75,1.81,,1.76,1.81,,1.83,1.91,80,80,1.85
2026-09-20 00:00:00.000 Z," Australian NBL/Perth Wildcats v SE Melbourne Phoenix",36069264,COMBINED_TOTAL,262424503,Total Points,7017823,Over,193.5,LOSER,0,179,Perth Wildcats,v SE Melbourne Phoenix,-21,79,100,,,,2.06,2.64,,2.24,2.34,,,
2026-09-20 00:00:00.000 Z," Australian NBL/Perth Wildcats v SE Melbourne Phoenix",36069264,COMBINED_TOTAL,262424503,Total Points,7017824,Under,193.5,WINNER,1,179,Perth Wildcats,v SE Melbourne Phoenix,-21,79,100,1.48,,,1.61,1.94,,1.75,1.81,,,
2026-09-20 00:00:00.000 Z," Australian NBL/Perth Wildcats v SE Melbourne Phoenix",36069264,COMBINED_TOTAL,262424503,Total Points,7017823,Over,194.5,LOSER,0,179,Perth Wildcats,v SE Melbourne Phoenix,-21,79,100,,,,2.16,2.78,,2.34,2.46,,,
2026-09-20 00:00:00.000 Z," Australian NBL/Perth Wildcats v SE Melbourne Phoenix",36069264,COMBINED_TOTAL,262424503,Total Points,7017824,Under,194.5,WINNER,1,179,Perth Wildcats,v SE Melbourne Phoenix,-21,79,100,1.44,,,1.56,1.86,,1.68,1.74,,,
2026-09-20 00:00:00.000 Z," Australian NBL/Perth Wildcats v SE Melbourne Phoenix",36069264,COMBINED_TOTAL,262424503,Total Points,7017823,Over,195.5,LOSER,0,179,Perth Wildcats,v SE Melbourne Phoenix,-21,79,100,,,,2.26,2.94,,,,,,
2026-09-20 00:00:00.000 Z," Australian NBL/Perth Wildcats v SE Melbourne Phoenix",36069264,COMBINED_TOTAL,262424503,Total Points,7017824,Under,195.5,WINNER,1,179,Perth Wildcats,v SE Melbourne Phoenix,-21,79,100,1.4,,,1.51,1.79,,1.43,,,,
2026-09-20 00:00:00.000 Z," Australian NBL/Perth Wildcats v SE Melbourne Phoenix",36069264,COMBINED_TOTAL,262424503,Total Points,7017823,Over,196.5,LOSER,0,179,Perth Wildcats,v SE Melbourne Phoenix,-21,79,100,,,,2.38,3.15,,,,,,
2026-09-20 00:00:00.000 Z," Australian NBL/Perth Wildcats v SE Melbourne Phoenix",36069264,COMBINED_TOTAL,262424503,Total Points,7017824,Under,196.5,WINNER,1,179,Perth Wildcats,v SE Melbourne Phoenix,-21,79,100,1.36,,,1.47,1.73,,1.39,,,,
2026-09-20 00:00:00.000 Z," Australian NBL/Perth Wildcats v SE Melbourne Phoenix",36069264,COMBINED_TOTAL,262424503,Total Points,7017823,Over,197.5,LOSER,0,179,Perth Wildcats,v SE Melbourne Phoenix,-21,79,100,,,,2.5,3.3,,,,,,
2026-09-20 00:00:00.000 Z," Australian NBL/Perth Wildcats v SE Melbourne Phoenix",36069264,COMBINED_TOTAL,262424503,Total Points,7017824,Under,197.5,WINNER,1,179,Perth Wildcats,v SE Melbourne Phoenix,-21,79,100,1.32,,,1.43,1.67,,1.36,,,,
2026-09-20 00:00:00.000 Z," Australian NBL/Perth Wildcats v SE Melbourne Phoenix",36069264,COMBINED_TOTAL,262424503,Total Points,7017823,Over,198.5,LOSER,0,179,Perth Wildcats,v SE Melbourne Phoenix,-21,79,100,,,,,,,,,,,
2026-09-20 00:00:00.000 Z," Australian NBL/Perth Wildcats v SE Melbourne Phoenix",36069264,COMBINED_TOTAL,262424503,Total Points,7017824,Under,198.5,WINNER,1,179,Perth Wildcats,v SE Melbourne Phoenix,-21,79,100,1.28,,,1.28,,,1.33,,,,
2026-09-20 00:00:00.000 Z," Australian NBL/Perth Wildcats v SE Melbourne Phoenix",36069264,COMBINED_TOTAL,262424503,Total Points,7017823,Over,199.5,LOSER,0,179,Perth Wildcats,v SE Melbourne Phoenix,-21,79,100,,,,,,,,,,,
2026-09-20 00:00:00.000 Z," Australian NBL/Perth Wildcats v SE Melbourne Phoenix",36069264,COMBINED_TOTAL,262424503,Total Points,7017824,Under,199.5,WINNER,1,179,Perth Wildcats,v SE Melbourne Phoenix,-21,79,100,1.25,,,1.25,,,1.3,,,,
2026-09-20 00:00:00.000 Z," Australian NBL/Perth Wildcats v SE Melbourne Phoenix",36069264,COMBINED_TOTAL,262424503,Total Points,7017823,Over,200.5,LOSER,0,179,Perth Wildcats,v SE Melbourne Phoenix,-21,79,100,,,,,,,,,,,
2026-09-20 00:00:00.000 Z," Australian NBL/Perth Wildcats v SE Melbourne Phoenix",36069264,COMBINED_TOTAL,262424503,Total Points,7017824,Under,200.5,WINNER,1,179,Perth Wildcats,v SE Melbourne Phoenix,-21,79,100,1.22,,,1.22,,,1.27,,,,
2026-09-20 00:00:00.000 Z," Australian NBL/Perth Wildcats v SE Melbourne Phoenix",36069264,COMBINED_TOTAL,262424503,Total Points,7017823,Over,201.5,LOSER,0,179,Perth Wildcats,v SE Melbourne Phoenix,-21,79,100,,,,,,,,,,,
2026-09-20 00:00:00.000 Z," Australian NBL/Perth Wildcats v SE Melbourne Phoenix",36069264,COMBINED_TOTAL,262424503,Total Points,7017824,Under,201.5,WINNER,1,179,Perth Wildcats,v SE Melbourne Phoenix,-21,79,100,1.2,,,1.2,,,1.24,,,,
2026-09-20 00:00:00.000 Z," Australian NBL/Perth Wildcats v SE Melbourne Phoenix",36069264,COMBINED_TOTAL,262424503,Total Points,7017823,Over,202.5,LOSER,0,179,Perth Wildcats,v SE Melbourne Phoenix,-21,79,100,,,,,,,,,,,
2026-09-20 00:00:00.000 Z," Australian NBL/Perth Wildcats v SE Melbourne Phoenix",36069264,COMBINED_TOTAL,262424503,Total Points,7017824,Under,202.5,WINNER,1,179,Perth Wildcats,v SE Melbourne Phoenix,-21,79,100,1.18,,,1.18,,,1.21,,,,
2026-09-20 00:00:00.000 Z," Australian NBL/Perth Wildcats v SE Melbourne Phoenix",36069264,COMBINED_TOTAL,262424503,Total Points,7017823,Over,203.5,LOSER,0,179,Perth Wildcats,v SE Melbourne Phoenix,-21,79,100,,,,,,,,,,,
2026-09-20 00:00:00.000 Z," Australian NBL/Perth Wildcats v SE Melbourne Phoenix",36069264,COMBINED_TOTAL,262424503,Total Points,7017824,Under,203.5,WINNER,1,179,Perth Wildcats,v SE Melbourne Phoenix,-21,79,100,1.16,,,1.16,,,1.18,,,,
2026-09-20 00:00:00.000 Z," Australian NBL/Perth Wildcats v SE Melbourne Phoenix",36069264,COMBINED_TOTAL,262424503,Total Points,7017823,Over,204.5,LOSER,0,179,Perth Wildcats,v SE Melbourne Phoenix,-21,79,100,,,,,,,,,,,
2026-09-20 00:00:00.000 Z," Australian NBL/Perth Wildcats v SE Melbourne Phoenix",36069264,COMBINED_TOTAL,262424503,Total Points,7017824,Under,204.5,WINNER,1,179,Perth Wildcats,v SE Melbourne Phoenix,-21,79,100,1.14,,,1.14,,,1.16,,,,
2026-09-20 00:00:00.000 Z," Australian NBL/Perth Wildcats v SE Melbourne Phoenix",36069264,COMBINED_TOTAL,262424503,Total Points,7017823,Over,205.5,LOSER,0,179,Perth Wildcats,v SE Melbourne Phoenix,-21,79,100,,,,,,,,,,,
2026-09-20 00:00:00.000 Z," Australian NBL/Perth Wildcats v SE Melbourne Phoenix",36069264,COMBINED_TOTAL,262424503,Total Points,7017824,Under,205.5,WINNER,1,179,Perth Wildcats,v SE Melbourne Phoenix,-21,79,100,1.12,,,1.12,,,1.14,,,,
2026-09-20 00:00:00.000 Z," Australian NBL/Perth Wildcats v SE Melbourne Phoenix",36069264,COMBINED_TOTAL,262424503,Total Points,7017823,Over,206.5,LOSER,0,179,Perth Wildcats,v SE Melbourne Phoenix,-21,79,100,,,,,,,,,,,
2026-09-20 00:00:00.000 Z," Australian NBL/Perth Wildcats v SE Melbourne Phoenix",36069264,COMBINED_TOTAL,262424503,Total Points,7017824,Under,206.5,WINNER,1,179,Perth Wildcats,v SE Melbourne Phoenix,-21,79,100,1.1,,,1.1,,,1.12,,,,
2026-09-20 00:00:00.000 Z," Australian NBL/Perth Wildcats v SE Melbourne Phoenix",36069264,COMBINED_TOTAL,262424503,Total Points,7017823,Over,207.5,LOSER,0,179,Perth Wildcats,v SE Melbourne Phoenix,-21,79,100,,,,,,,,,,,
2026-09-20 00:00:00.000 Z," Australian NBL/Perth Wildcats v SE Melbourne Phoenix",36069264,COMBINED_TOTAL,262424503,Total Points,7017824,Under,207.5,WINNER,1,179,Perth Wildcats,v SE Melbourne Phoenix,-21,79,100,1.09,,,1.09,,,1.1,,,,
2026-09-20 00:00:00.000 Z," Australian NBL/Perth Wildcats v SE Melbourne Phoenix",36069264,COMBINED_TOTAL,262424503,Total Points,7017823,Over,208.5,LOSER,0,179,Perth Wildcats,v SE Melbourne Phoenix,-21,79,100,,,,,,,,,,,
2026-09-20 00:00:00.000 Z," Australian NBL/Perth Wildcats v SE Melbourne Phoenix",36069264,COMBINED_TOTAL,262424503,Total Points,7017824,Under,208.5,WINNER,1,179,Perth Wildcats,v SE Melbourne Phoenix,-21,79,100,1.08,,,1.08,,,1.08,,,,
2026-09-20 00:00:00.000 Z," Australian NBL/Perth Wildcats v SE Melbourne Phoenix",36069264,COMBINED_TOTAL,262424503,Total Points,7017823,Over,209.5,LOSER,0,179,Perth Wildcats,v SE Melbourne Phoenix,-21,79,100,,,,,,,,,,,
2026-09-20 00:00:00.000 Z," Australian NBL/Perth Wildcats v SE Melbourne Phoenix",36069264,COMBINED_TOTAL,262424503,Total Points,7017824,Under,209.5,WINNER,1,179,Perth Wildcats,v SE Melbourne Phoenix,-21,79,100,1.07,,,1.07,,,1.07,,,,
2026-09-20 00:00:00.000 Z," Australian NBL/Perth Wildcats v SE Melbourne Phoenix",36069264,COMBINED_TOTAL,262424503,Total Points,7017823,Over,210.5,LOSER,0,179,Perth Wildcats,v SE Melbourne Phoenix,-21,79,100,,,,,,,,,,,
2026-09-20 00:00:00.000 Z," Australian NBL/Perth Wildcats v SE Melbourne Phoenix",36069264,COMBINED_TOTAL,262424503,Total Points,7017824,Under,210.5,WINNER,1,179,Perth Wildcats,v SE Melbourne Phoenix,-21,79,100,,,,,,,,,,,
2026-09-20 00:00:00.000 Z," Australian NBL/Perth Wildcats v SE Melbourne Phoenix",36069264,COMBINED_TOTAL,262424503,Total Points,7017823,Over,211.5,LOSER,0,179,Perth Wildcats,v SE Melbourne Phoenix,-21,79,100,,,,,,,,,,,
2026-09-20 00:00:00.000 Z," Australian NBL/Perth Wildcats v SE Melbourne Phoenix",36069264,COMBINED_TOTAL,262424503,Total Points,7017824,Under,211.5,WINNER,1,179,Perth Wildcats,v SE Melbourne Phoenix,-21,79,100,1.05,,,1.05,,,1.05,,,,
2026-09-20 00:00:00.000 Z," Australian NBL/Perth Wildcats v SE Melbourne Phoenix",36069264,COMBINED_TOTAL,262424503,Total Points,7017823,Over,212.5,LOSER,0,179,Perth Wildcats,v SE Melbourne Phoenix,-21,79,100,,,,,,,,,,,
2026-09-20 00:00:00.000 Z," Australian NBL/Perth Wildcats v SE Melbourne Phoenix",36069264,COMBINED_TOTAL,262424503,Total Points,7017824,Under,212.5,WINNER,1,179,Perth Wildcats,v SE Melbourne Phoenix,-21,79,100,1.04,,,1.04,,,1.04,,,,
2026-09-20 00:00:00.000 Z," Australian NBL/Perth Wildcats v SE Melbourne Phoenix",36069264,COMBINED_TOTAL,262424503,Total Points,7017823,Over,213.5,LOSER,0,179,Perth Wildcats,v SE Melbourne Phoenix,-21,79,100,,,,,,,,,,,
2026-09-20 00:00:00.000 Z," Australian NBL/Perth Wildcats v SE Melbourne Phoenix",36069264,COMBINED_TOTAL,262424503,Total Points,7017824,Under,213.5,WINNER,1,179,Perth Wildcats,v SE Melbourne Phoenix,-21,79,100,1.03,,,1.03,,,1.03,,,,
2026-09-20 00:00:00.000 Z," Australian NBL/Perth Wildcats v SE Melbourne Phoenix",36069264,COMBINED_TOTAL,262424503,Total Points,7017823,Over,214.5,LOSER,0,179,Perth Wildcats,v SE Melbourne Phoenix,-21,79,100,,,,,,,,,,,
2026-09-20 00:00:00.000 Z," Australian NBL/Perth Wildcats v SE Melbourne Phoenix",36069264,COMBINED_TOTAL,262424503,Total Points,7017824,Under,214.5,WINNER,1,179,Perth Wildcats,v SE Melbourne Phoenix,-21,79,100,1.02,,,1.02,,,1.02,,,,
2026-09-20 00:00:00.000 Z," Australian NBL/Perth Wildcats v SE Melbourne Phoenix",36069264,COMBINED_TOTAL,262424503,Total Points,7017823,Over,215.5,LOSER,0,179,Perth Wildcats,v SE Melbourne Phoenix,-21,79,100,,,,,,,,,,,
2026-09-20 00:00:00.000 Z," Australian NBL/Perth Wildcats v SE Melbourne Phoenix",36069264,COMBINED_TOTAL,262424503,Total Points,7017824,Under,215.5,WINNER,1,179,Perth Wildcats,v SE Melbourne Phoenix,-21,79,100,1.01,,,1.01,,,1.01,,,,
2026-09-20 00:00:00.000 Z," Australian NBL/Perth Wildcats v SE Melbourne Phoenix",36069264,COMBINED_TOTAL,262424503,Total Points,7017823,Over,216.5,LOSER,0,179,Perth Wildcats,v SE Melbourne Phoenix,-21,79,100,,,,,,,,,,,
2026-09-20 00:00:00.000 Z," Australian NBL/Perth Wildcats v SE Melbourne Phoenix",36069264,COMBINED_TOTAL,262424503,Total Points,7017824,Under,216.5,WINNER,1,179,Perth Wildcats,v SE Melbourne Phoenix,-21,79,100,,,,,,,,,,,
2026-09-20 00:00:00.000 Z," Australian NBL/Perth Wildcats v SE Melbourne Phoenix",36069264,COMBINED_TOTAL,262424503,Total Points,7017823,Over,217.5,LOSER,0,179,Perth Wildcats,v SE Melbourne Phoenix,-21,79,100,,,,,,,,,,,
2026-09-20 00:00:00.000 Z," Australian NBL/Perth Wildcats v SE Melbourne Phoenix",36069264,COMBINED_TOTAL,262424503,Total Points,7017824,Under,217.5,WINNER,1,179,Perth Wildcats,v SE Melbourne Phoenix,-21,79,100,,,,,,,,,,,
2026-09-20 00:00:00.000 Z," Australian NBL/Perth Wildcats v SE Melbourne Phoenix",36069264,COMBINED_TOTAL,262424503,Total Points,7017823,Over,218.5,LOSER,0,179,Perth Wildcats,v SE Melbourne Phoenix,-21,79,100,,,,,,,,,,,
2026-09-20 00:00:00.000 Z," Australian NBL/Perth Wildcats v SE Melbourne Phoenix",36069264,COMBINED_TOTAL,262424503,Total Points,7017824,Under,218.5,WINNER,1,179,Perth Wildcats,v SE Melbourne Phoenix,-21,79,100,,,,,,,,,,,
2026-09-20 00:00:00.000 Z," Australian NBL/Perth Wildcats v SE Melbourne Phoenix",36069264,COMBINED_TOTAL,262424503,Total Points,7017823,Over,219.5,LOSER,0,179,Perth Wildcats,v SE Melbourne Phoenix,-21,79,100,,,,,,,,,,,
2026-09-20 00:00:00.000 Z," Australian NBL/Perth Wildcats v SE Melbourne Phoenix",36069264,COMBINED_TOTAL,262424503,Total Points,7017824,Under,219.5,WINNER,1,179,Perth Wildcats,v SE Melbourne Phoenix,-21,79,100,,,,,,,,,,,
2026-09-20 00:00:00.000 Z," Australian NBL/Perth Wildcats v SE Melbourne Phoenix",36069264,COMBINED_TOTAL,262424503,Total Points,7017823,Over,220.5,LOSER,0,179,Perth Wildcats,v SE Melbourne Phoenix,-21,79,100,,,,,,,,,,,
2026-09-20 00:00:00.000 Z," Australian NBL/Perth Wildcats v SE Melbourne Phoenix",36069264,COMBINED_TOTAL,262424503,Total Points,7017824,Under,220.5,WINNER,1,179,Perth Wildcats,v SE Melbourne Phoenix,-21,79,100,,,,,,,,,,,
2026-09-20 00:00:00.000 Z," Australian NBL/Perth Wildcats v SE Melbourne Phoenix",36069264,COMBINED_TOTAL,262424503,Total Points,7017823,Over,221.5,LOSER,0,179,Perth Wildcats,v SE Melbourne Phoenix,-21,79,100,,,,,,,,,,,
2026-09-20 00:00:00.000 Z," Australian NBL/Perth Wildcats v SE Melbourne Phoenix",36069264,COMBINED_TOTAL,262424503,Total Points,7017824,Under,221.5,WINNER,1,179,Perth Wildcats,v SE Melbourne Phoenix,-21,79,100,,,,,,,,,,,
2026-09-20 00:00:00.000 Z," Australian NBL/Perth Wildcats v SE Melbourne Phoenix",36069264,COMBINED_TOTAL,262424503,Total Points,7017823,Over,222.5,LOSER,0,179,Perth Wildcats,v SE Melbourne Phoenix,-21,79,100,,,,,,,,,,,
2026-09-20 00:00:00.000 Z," Australian NBL/Perth Wildcats v SE Melbourne Phoenix",36069264,COMBINED_TOTAL,262424503,Total Points,7017824,Under,222.5,WINNER,1,179,Perth Wildcats,v SE Melbourne Phoenix,-21,79,100,,,,,,,,,,,
2026-09-20 00:00:00.000 Z," Australian NBL/Perth Wildcats v SE Melbourne Phoenix",36069264,COMBINED_TOTAL,262424503,Total Points,7017823,Over,223.5,LOSER,0,179,Perth Wildcats,v SE Melbourne Phoenix,-21,79,100,,,,,,,,,,,
2026-09-20 00:00:00.000 Z," Australian NBL/Perth Wildcats v SE Melbourne Phoenix",36069264,COMBINED_TOTAL,262424503,Total Points,7017824,Under,223.5,WINNER,1,179,Perth Wildcats,v SE Melbourne Phoenix,-21,79,100,,,,,,,,,,,
2026-09-20 00:00:00.000 Z," Australian NBL/Perth Wildcats v SE Melbourne Phoenix",36069264,COMBINED_TOTAL,262424503,Total Points,7017823,Over,224.5,LOSER,0,179,Perth Wildcats,v SE Melbourne Phoenix,-21,79,100,,,,,,,,,,,
2026-09-20 00:00:00.000 Z," Australian NBL/Perth Wildcats v SE Melbourne Phoenix",36069264,COMBINED_TOTAL,262424503,Total Points,7017824,Under,224.5,WINNER,1,179,Perth Wildcats,v SE Melbourne Phoenix,-21,79,100,,,,,,,,,,,
2026-09-20 00:00:00.000 Z," Australian NBL/Perth Wildcats v SE Melbourne Phoenix",36069264,COMBINED_TOTAL,262424503,Total Points,7017823,Over,225.5,LOSER,0,179,Perth Wildcats,v SE Melbourne Phoenix,-21,79,100,,,,,,,,,,,
2026-09-20 00:00:00.000 Z," Australian NBL/Perth Wildcats v SE Melbourne Phoenix",36069264,COMBINED_TOTAL,262424503,Total Points,7017824,Under,225.5,WINNER,1,179,Perth Wildcats,v SE Melbourne Phoenix,-21,79,100,,,,,,,,,,,
2026-09-20 00:00:00.000 Z," Australian NBL/Perth Wildcats v SE Melbourne Phoenix",36069264,COMBINED_TOTAL,262424503,Total Points,7017823,Over,226.5,LOSER,0,179,Perth Wildcats,v SE Melbourne Phoenix,-21,79,100,,,,,,,,,,,
2026-09-20 00:00:00.000 Z," Australian NBL/Perth Wildcats v SE Melbourne Phoenix",36069264,COMBINED_TOTAL,262424503,Total Points,7017824,Under,226.5,WINNER,1,179,Perth Wildcats,v SE Melbourne Phoenix,-21,79,100,,,,,,,,,,,
2026-09-20 00:00:00.000 Z," Australian NBL/Perth Wildcats v SE Melbourne Phoenix",36069264,COMBINED_TOTAL,262424503,Total Points,7017823,Over,227.5,LOSER,0,179,Perth Wildcats,v SE Melbourne Phoenix,-21,79,100,,,,,,,,,,,
2026-09-20 00:00:00.000 Z," Australian NBL/Perth Wildcats v SE Melbourne Phoenix",36069264,COMBINED_TOTAL,262424503,Total Points,7017824,Under,227.5,WINNER,1,179,Perth Wildcats,v SE Melbourne Phoenix,-21,79,100,,,,,,,,,,,
2026-09-20 00:00:00.000 Z," Australian NBL/Perth Wildcats v SE Melbourne Phoenix",36069264,COMBINED_TOTAL,262424503,Total Points,7017823,Over,228.5,LOSER,0,179,Perth Wildcats,v SE Melbourne Phoenix,-21,79,100,,,,,,,,,,,
2026-09-20 00:00:00.000 Z," Australian NBL/Perth Wildcats v SE Melbourne Phoenix",36069264,COMBINED_TOTAL,262424503,Total Points,7017824,Under,228.5,WINNER,1,179,Perth Wildcats,v SE Melbourne Phoenix,-21,79,100,,,,,,,,,,,
2026-09-20 00:00:00.000 Z," Australian NBL/Perth Wildcats v SE Melbourne Phoenix",36069264,COMBINED_TOTAL,262424503,Total Points,7017823,Over,229.5,LOSER,0,179,Perth Wildcats,v SE Melbourne Phoenix,-21,79,100,,,,,,,,,,,
2026-09-20 00:00:00.000 Z," Australian NBL/Perth Wildcats v SE Melbourne Phoenix",36069264,COMBINED_TOTAL,262424503,Total Points,7017824,Under,229.5,WINNER,1,179,Perth Wildcats,v SE Melbourne Phoenix,-21,79,100,,,,,,,,,,,
2026-09-20 00:00:00.000 Z," Australian NBL/Perth Wildcats v SE Melbourne Phoenix",36069264,COMBINED_TOTAL,262424503,Total Points,7017823,Over,230.5,LOSER,0,179,Perth Wildcats,v SE Melbourne Phoenix,-21,79,100,,,,,,,,,,,
2026-09-20 00:00:00.000 Z," Australian NBL/Perth Wildcats v SE Melbourne Phoenix",36069264,COMBINED_TOTAL,262424503,Total Points,7017824,Under,230.5,WINNER,1,179,Perth Wildcats,v SE Melbourne Phoenix,-21,79,100,,,,,,,,,,,
2026-09-20 00:00:00.000 Z," Australian NBL/Perth Wildcats v SE Melbourne Phoenix",36069264,COMBINED_TOTAL,262424503,Total Points,7017823,Over,231.5,LOSER,0,179,Perth Wildcats,v SE Melbourne Phoenix,-21,79,100,,,,,,,,,,,
2026-09-20 00:00:00.000 Z," Australian NBL/Perth Wildcats v SE Melbourne Phoenix",36069264,COMBINED_TOTAL,262424503,Total Points,7017824,Under,231.5,WINNER,1,179,Perth Wildcats,v SE Melbourne Phoenix,-21,79,100,,,,,,,,,,,
2026-09-20 00:00:00.000 Z," Australian NBL/Perth Wildcats v SE Melbourne Phoenix",36069264,COMBINED_TOTAL,262424503,Total Points,7017823,Over,232.5,LOSER,0,179,Perth Wildcats,v SE Melbourne Phoenix,-21,79,100,,,,,,,,,,,
2026-09-20 00:00:00.000 Z," Australian NBL/Perth Wildcats v SE Melbourne Phoenix",36069264,COMBINED_TOTAL,262424503,Total Points,7017824,Under,232.5,WINNER,1,179,Perth Wildcats,v SE Melbourne Phoenix,-21,79,100,,,,,,,,,,,
2026-09-20 00:00:00.000 Z," Australian NBL/Perth Wildcats v SE Melbourne Phoenix",36069264,COMBINED_TOTAL,262424503,Total Points,7017823,Over,233.5,LOSER,0,179,Perth Wildcats,v SE Melbourne Phoenix,-21,79,100,,,,,,,,,,,
2026-09-20 00:00:00.000 Z," Australian NBL/Perth Wildcats v SE Melbourne Phoenix",36069264,COMBINED_TOTAL,262424503,Total Points,7017824,Under,233.5,WINNER,1,179,Perth Wildcats,v SE Melbourne Phoenix,-21,79,100,,,,,,,,,,,
2026-09-20 00:00:00.000 Z," Australian NBL/Perth Wildcats v SE Melbourne Phoenix",36069264,COMBINED_TOTAL,262424503,Total Points,7017823,Over,234.5,LOSER,0,179,Perth Wildcats,v SE Melbourne Phoenix,-21,79,100,,,,,,,,,,,
2026-09-20 00:00:00.000 Z," Australian NBL/Perth Wildcats v SE Melbourne Phoenix",36069264,COMBINED_TOTAL,262424503,Total Points,7017824,Under,234.5,WINNER,1,179,Perth Wildcats,v SE Melbourne Phoenix,-21,79,100,,,,,,,,,,,
2026-09-20 00:00:00.000 Z," Australian NBL/Perth Wildcats v SE Melbourne Phoenix",36069264,COMBINED_TOTAL,262424503,Total Points,7017823,Over,235.5,LOSER,0,179,Perth Wildcats,v SE Melbourne Phoenix,-21,79,100,,,,,,,,,,,
2026-09-20 00:00:00.000 Z," Australian NBL/Perth Wildcats v SE Melbourne Phoenix",36069264,COMBINED_TOTAL,262424503,Total Points,7017824,Under,235.5,WINNER,1,179,Perth Wildcats,v SE Melbourne Phoenix,-21,79,100,,,,,,,,,,,
2026-09-20 00:00:00.000 Z," Australian NBL/Perth Wildcats v SE Melbourne Phoenix",36069264,COMBINED_TOTAL,262424503,Total Points,7017823,Over,236.5,LOSER,0,179,Perth Wildcats,v SE Melbourne Phoenix,-21,79,100,,,,,,,,,,,
2026-09-20 00:00:00.000 Z," Australian NBL/Perth Wildcats v SE Melbourne Phoenix",36069264,COMBINED_TOTAL,262424503,Total Points,7017824,Under,236.5,WINNER,1,179,Perth Wildcats,v SE Melbourne Phoenix,-21,79,100,,,,,,,,,,,
2026-09-20 00:00:00.000 Z," Australian NBL/Perth Wildcats v SE Melbourne Phoenix",36069264,COMBINED_TOTAL,262424503,Total Points,7017823,Over,237.5,LOSER,0,179,Perth Wildcats,v SE Melbourne Phoenix,-21,79,100,,,,,,,,,,,
2026-09-20 00:00:00.000 Z," Australian NBL/Perth Wildcats v SE Melbourne Phoenix",36069264,COMBINED_TOTAL,262424503,Total Points,7017824,Under,237.5,WINNER,1,179,Perth Wildcats,v SE Melbourne Phoenix,-21,79,100,,,,,,,,,,,
2026-09-20 00:00:00.000 Z," Australian NBL/Perth Wildcats v SE Melbourne Phoenix",36069264,COMBINED_TOTAL,262424503,Total Points,7017823,Over,238.5,LOSER,0,179,Perth Wildcats,v SE Melbourne Phoenix,-21,79,100,,,,,,,,,,,
2026-09-20 00:00:00.000 Z," Australian NBL/Perth Wildcats v SE Melbourne Phoenix",36069264,COMBINED_TOTAL,262424503,Total Points,7017824,Under,238.5,WINNER,1,179,Perth Wildcats,v SE Melbourne Phoenix,-21,79,100,,,,,,,,,,,
2026-09-20 00:00:00.000 Z," Australian NBL/Perth Wildcats v SE Melbourne Phoenix",36069264,COMBINED_TOTAL,262424503,Total Points,7017823,Over,239.5,LOSER,0,179,Perth Wildcats,v SE Melbourne Phoenix,-21,79,100,,,,,,,,,,,
2026-09-20 00:00:00.000 Z," Australian NBL/Perth Wildcats v SE Melbourne Phoenix",36069264,COMBINED_TOTAL,262424503,Total Points,7017824,Under,239.5,WINNER,1,179,Perth Wildcats,v SE Melbourne Phoenix,-21,79,100,,,,,,,,,,,
2026-09-20 00:00:00.000 Z," Australian NBL/Perth Wildcats v SE Melbourne Phoenix",36069264,COMBINED_TOTAL,262424503,Total Points,7017823,Over,240.5,LOSER,0,179,Perth Wildcats,v SE Melbourne Phoenix,-21,79,100,,,,,,,,,,,
2026-09-20 00:00:00.000 Z," Australian NBL/Perth Wildcats v SE Melbourne Phoenix",36069264,COMBINED_TOTAL,262424503,Total Points,7017824,Under,240.5,WINNER,1,179,Perth Wildcats,v SE Melbourne Phoenix,-21,79,100,,,,,,,,,,,
2026-09-20 00:00:00.000 Z," Australian NBL/Perth Wildcats v SE Melbourne Phoenix",36069264,COMBINED_TOTAL,262424503,Total Points,7017823,Over,241.5,LOSER,0,179,Perth Wildcats,v SE Melbourne Phoenix,-21,79,100,,,,,,,,,,,
2026-09-20 00:00:00.000 Z," Australian NBL/Perth Wildcats v SE Melbourne Phoenix",36069264,COMBINED_TOTAL,262424503,Total Points,7017824,Under,241.5,WINNER,1,179,Perth Wildcats,v SE Melbourne Phoenix,-21,79,100,,,,,,,,,,,
2026-09-20 00:00:00.000 Z," Australian NBL/Perth Wildcats v SE Melbourne Phoenix",36069264,COMBINED_TOTAL,262424503,Total Points,7017823,Over,242.5,LOSER,0,179,Perth Wildcats,v SE Melbourne Phoenix,-21,79,100,,,,,,,,,,,
2026-09-20 00:00:00.000 Z," Australian NBL/Perth Wildcats v SE Melbourne Phoenix",36069264,COMBINED_TOTAL,262424503,Total Points,7017824,Under,242.5,WINNER,1,179,Perth Wildcats,v SE Melbourne Phoenix,-21,79,100,,,,,,,,,,,
2026-09-20 00:00:00.000 Z," Australian NBL/Perth Wildcats v SE Melbourne Phoenix",36069264,COMBINED_TOTAL,262424503,Total Points,7017823,Over,243.5,LOSER,0,179,Perth Wildcats,v SE Melbourne Phoenix,-21,79,100,,,,,,,,,,,
2026-09-20 00:00:00.000 Z," Australian NBL/Perth Wildcats v SE Melbourne Phoenix",36069264,COMBINED_TOTAL,262424503,Total Points,7017824,Under,243.5,WINNER,1,179,Perth Wildcats,v SE Melbourne Phoenix,-21,79,100,,,,,,,,,,,
2026-09-20 00:00:00.000 Z," Australian NBL/Perth Wildcats v SE Melbourne Phoenix",36069264,COMBINED_TOTAL,262424503,Total Points,7017823,Over,244.5,LOSER,0,179,Perth Wildcats,v SE Melbourne Phoenix,-21,79,100,,,,,,,,,,,
2026-09-20 00:00:00.000 Z," Australian NBL/Perth Wildcats v SE Melbourne Phoenix",36069264,COMBINED_TOTAL,262424503,Total Points,7017824,Under,244.5,WINNER,1,179,Perth Wildcats,v SE Melbourne Phoenix,-21,79,100,,,,,,,,,,,
2026-09-20 00:00:00.000 Z," Australian NBL/Perth Wildcats v SE Melbourne Phoenix",36069264,COMBINED_TOTAL,262424503,Total Points,7017823,Over,245.5,LOSER,0,179,Perth Wildcats,v SE Melbourne Phoenix,-21,79,100,,,,,,,,,,,
2026-09-20 00:00:00.000 Z," Australian NBL/Perth Wildcats v SE Melbourne Phoenix",36069264,COMBINED_TOTAL,262424503,Total Points,7017824,Under,245.5,WINNER,1,179,Perth Wildcats,v SE Melbourne Phoenix,-21,79,100,,,,,,,,,,,
2026-09-20 00:00:00.000 Z," Australian NBL/Perth Wildcats v SE Melbourne Phoenix",36069264,COMBINED_TOTAL,262424503,Total Points,7017823,Over,246.5,LOSER,0,179,Perth Wildcats,v SE Melbourne Phoenix,-21,79,100,,,,,,,,,,,
2026-09-20 00:00:00.000 Z," Australian NBL/Perth Wildcats v SE Melbourne Phoenix",36069264,COMBINED_TOTAL,262424503,Total Points,7017824,Under,246.5,WINNER,1,179,Perth Wildcats,v SE Melbourne Phoenix,-21,79,100,,,,,,,,,,,
2026-09-20 00:00:00.000 Z," Australian NBL/Perth Wildcats v SE Melbourne Phoenix",36069264,COMBINED_TOTAL,262424503,Total Points,7017823,Over,247.5,LOSER,0,179,Perth Wildcats,v SE Melbourne Phoenix,-21,79,100,,,,,,,,,,,
2026-09-20 00:00:00.000 Z," Australian NBL/Perth Wildcats v SE Melbourne Phoenix",36069264,COMBINED_TOTAL,262424503,Total Points,7017824,Under,247.5,WINNER,1,179,Perth Wildcats,v SE Melbourne Phoenix,-21,79,100,,,,,,,,,,,
2026-09-20 00:00:00.000 Z," Australian NBL/Perth Wildcats v SE Melbourne Phoenix",36069264,COMBINED_TOTAL,262424503,Total Points,7017823,Over,248.5,LOSER,0,179,Perth Wildcats,v SE Melbourne Phoenix,-21,79,100,,,,,,,,,,,
2026-09-20 00:00:00.000 Z," Australian NBL/Perth Wildcats v SE Melbourne Phoenix",36069264,COMBINED_TOTAL,262424503,Total Points,7017824,Under,248.5,WINNER,1,179,Perth Wildcats,v SE Melbourne Phoenix,-21,79,100,,,,,,,,,,,
2026-09-20 00:00:00.000 Z," Australian NBL/Perth Wildcats v SE Melbourne Phoenix",36069264,COMBINED_TOTAL,262424503,Total Points,7017823,Over,249.5,LOSER,0,179,Perth Wildcats,v SE Melbourne Phoenix,-21,79,100,,,,,,,,,,,
2026-09-20 00:00:00.000 Z," Australian NBL/Perth Wildcats v SE Melbourne Phoenix",36069264,COMBINED_TOTAL,262424503,Total Points,7017824,Under,249.5,WINNER,1,179,Perth Wildcats,v SE Melbourne Phoenix,-21,79,100,,,,,,,,,,,
2026-09-20 00:00:00.000 Z," Australian NBL/Perth Wildcats v SE Melbourne Phoenix",36069264,COMBINED_TOTAL,262424503,Total Points,7017823,Over,250.5,LOSER,0,179,Perth Wildcats,v SE Melbourne Phoenix,-21,79,100,,,,,,,,,,,
2026-09-20 00:00:00.000 Z," Australian NBL/Perth Wildcats v SE Melbourne Phoenix",36069264,COMBINED_TOTAL,262424503,Total Points,7017824,Under,250.5,WINNER,1,179,Perth Wildcats,v SE Melbourne Phoenix,-21,79,100,,,,,,,,,,,
2026-09-20 00:00:00.000 Z," Australian NBL/Perth Wildcats v SE Melbourne Phoenix",36069264,COMBINED_TOTAL,262424503,Total Points,7017823,Over,251.5,LOSER,0,179,Perth Wildcats,v SE Melbourne Phoenix,-21,79,100,,,,,,,,,,,
2026-09-20 00:00:00.000 Z," Australian NBL/Perth Wildcats v SE Melbourne Phoenix",36069264,COMBINED_TOTAL,262424503,Total Points,7017824,Under,251.5,WINNER,1,179,Perth Wildcats,v SE Melbourne Phoenix,-21,79,100,,,,,,,,,,,
2026-09-20 00:00:00.000 Z," Australian NBL/Perth Wildcats v SE Melbourne Phoenix",36069264,COMBINED_TOTAL,262424503,Total Points,7017823,Over,252.5,LOSER,0,179,Perth Wildcats,v SE Melbourne Phoenix,-21,79,100,,,,,,,,,,,
2026-09-20 00:00:00.000 Z," Australian NBL/Perth Wildcats v SE Melbourne Phoenix",36069264,COMBINED_TOTAL,262424503,Total Points,7017824,Under,252.5,WINNER,1,179,Perth Wildcats,v SE Melbourne Phoenix,-21,79,100,,,,,,,,,,,
2026-09-20 00:00:00.000 Z," Australian NBL/Perth Wildcats v SE Melbourne Phoenix",36069264,COMBINED_TOTAL,262424503,Total Points,7017823,Over,253.5,LOSER,0,179,Perth Wildcats,v SE Melbourne Phoenix,-21,79,100,,,,,,,,,,,
2026-09-20 00:00:00.000 Z," Australian NBL/Perth Wildcats v SE Melbourne Phoenix",36069264,COMBINED_TOTAL,262424503,Total Points,7017824,Under,253.5,WINNER,1,179,Perth Wildcats,v SE Melbourne Phoenix,-21,79,100,,,,,,,,,,,
2026-09-20 00:00:00.000 Z," Australian NBL/Perth Wildcats v SE Melbourne Phoenix",36069264,COMBINED_TOTAL,262424503,Total Points,7017823,Over,254.5,LOSER,0,179,Perth Wildcats,v SE Melbourne Phoenix,-21,79,100,,,,,,,,,,,
2026-09-20 00:00:00.000 Z," Australian NBL/Perth Wildcats v SE Melbourne Phoenix",36069264,COMBINED_TOTAL,262424503,Total Points,7017824,Under,254.5,WINNER,1,179,Perth Wildcats,v SE Melbourne Phoenix,-21,79,100,,,,,,,,,,,
2026-09-20 00:00:00.000 Z," Australian NBL/Perth Wildcats v SE Melbourne Phoenix",36069264,COMBINED_TOTAL,262424503,Total Points,7017823,Over,255.5,LOSER,0,179,Perth Wildcats,v SE Melbourne Phoenix,-21,79,100,,,,,,,,,,,
2026-09-20 00:00:00.000 Z," Australian NBL/Perth Wildcats v SE Melbourne Phoenix",36069264,COMBINED_TOTAL,262424503,Total Points,7017824,Under,255.5,WINNER,1,179,Perth Wildcats,v SE Melbourne Phoenix,-21,79,100,,,,,,,,,,,
2026-09-20 00:00:00.000 Z," Australian NBL/Perth Wildcats v SE Melbourne Phoenix",36069264,COMBINED_TOTAL,262424503,Total Points,7017823,Over,256.5,LOSER,0,179,Perth Wildcats,v SE Melbourne Phoenix,-21,79,100,,,,,,,,,,,
2026-09-20 00:00:00.000 Z," Australian NBL/Perth Wildcats v SE Melbourne Phoenix",36069264,COMBINED_TOTAL,262424503,Total Points,7017824,Under,256.5,WINNER,1,179,Perth Wildcats,v SE Melbourne Phoenix,-21,79,100,,,,,,,,,,,
2026-09-20 00:00:00.000 Z," Australian NBL/Perth Wildcats v SE Melbourne Phoenix",36069264,COMBINED_TOTAL,262424503,Total Points,7017823,Over,257.5,LOSER,0,179,Perth Wildcats,v SE Melbourne Phoenix,-21,79,100,,,,,,,,,,,
2026-09-20 00:00:00.000 Z," Australian NBL/Perth Wildcats v SE Melbourne Phoenix",36069264,COMBINED_TOTAL,262424503,Total Points,7017824,Under,257.5,WINNER,1,179,Perth Wildcats,v SE Melbourne Phoenix,-21,79,100,,,,,,,,,,,
2026-09-20 00:00:00.000 Z," Australian NBL/Perth Wildcats v SE Melbourne Phoenix",36069264,COMBINED_TOTAL,262424503,Total Points,7017823,Over,258.5,LOSER,0,179,Perth Wildcats,v SE Melbourne Phoenix,-21,79,100,,,,,,,,,,,
2026-09-20 00:00:00.000 Z," Australian NBL/Perth Wildcats v SE Melbourne Phoenix",36069264,COMBINED_TOTAL,262424503,Total Points,7017824,Under,258.5,WINNER,1,179,Perth Wildcats,v SE Melbourne Phoenix,-21,79,100,,,,,,,,,,,
2026-09-20 00:00:00.000 Z," Australian NBL/Perth Wildcats v SE Melbourne Phoenix",36069264,COMBINED_TOTAL,262424503,Total Points,7017823,Over,259.5,LOSER,0,179,Perth Wildcats,v SE Melbourne Phoenix,-21,79,100,,,,,,,,,,,
2026-09-20 00:00:00.000 Z," Australian NBL/Perth Wildcats v SE Melbourne Phoenix",36069264,COMBINED_TOTAL,262424503,Total Points,7017824,Under,259.5,WINNER,1,179,Perth Wildcats,v SE Melbourne Phoenix,-21,79,100,,,,,,,,,,,
2026-09-20 00:00:00.000 Z," Australian NBL/Perth Wildcats v SE Melbourne Phoenix",36069264,COMBINED_TOTAL,262424503,Total Points,7017823,Over,260.5,LOSER,0,179,Perth Wildcats,v SE Melbourne Phoenix,-21,79,100,,,,,,,,,,,
2026-09-20 00:00:00.000 Z," Australian NBL/Perth Wildcats v SE Melbourne Phoenix",36069264,COMBINED_TOTAL,262424503,Total Points,7017824,Under,260.5,WINNER,1,179,Perth Wildcats,v SE Melbourne Phoenix,-21,79,100,,,,,,,,,,,
2026-09-20 00:00:00.000 Z," Australian NBL/Perth Wildcats v SE Melbourne Phoenix",36069264,COMBINED_TOTAL,262424503,Total Points,7017823,Over,261.5,LOSER,0,179,Perth Wildcats,v SE Melbourne Phoenix,-21,79,100,,,,,,,,,,,
2026-09-20 00:00:00.000 Z," Australian NBL/Perth Wildcats v SE Melbourne Phoenix",36069264,COMBINED_TOTAL,262424503,Total Points,7017824,Under,261.5,WINNER,1,179,Perth Wildcats,v SE Melbourne Phoenix,-21,79,100,,,,,,,,,,,
2026-09-20 00:00:00.000 Z," Australian NBL/Perth Wildcats v SE Melbourne Phoenix",36069264,COMBINED_TOTAL,262424503,Total Points,7017823,Over,262.5,LOSER,0,179,Perth Wildcats,v SE Melbourne Phoenix,-21,79,100,,,,,,,,,,,
2026-09-20 00:00:00.000 Z," Australian NBL/Perth Wildcats v SE Melbourne Phoenix",36069264,COMBINED_TOTAL,262424503,Total Points,7017824,Under,262.5,WINNER,1,179,Perth Wildcats,v SE Melbourne Phoenix,-21,79,100,,,,,,,,,,,
2026-09-20 00:00:00.000 Z," Australian NBL/Perth Wildcats v SE Melbourne Phoenix",36069264,COMBINED_TOTAL,262424503,Total Points,7017823,Over,263.5,LOSER,0,179,Perth Wildcats,v SE Melbourne Phoenix,-21,79,100,,,,,,,,,,,
2026-09-20 00:00:00.000 Z," Australian NBL/Perth Wildcats v SE Melbourne Phoenix",36069264,COMBINED_TOTAL,262424503,Total Points,7017824,Under,263.5,WINNER,1,179,Perth Wildcats,v SE Melbourne Phoenix,-21,79,100,,,,,,,,,,,
2026-09-20 00:00:00.000 Z," Australian NBL/Perth Wildcats v SE Melbourne Phoenix",36069264,COMBINED_TOTAL,262424503,Total Points,7017823,Over,264.5,LOSER,0,179,Perth Wildcats,v SE Melbourne Phoenix,-21,79,100,,,,,,,,,,,
2026-09-20 00:00:00.000 Z," Australian NBL/Perth Wildcats v SE Melbourne Phoenix",36069264,COMBINED_TOTAL,262424503,Total Points,7017824,Under,264.5,WINNER,1,179,Perth Wildcats,v SE Melbourne Phoenix,-21,79,100,,,,,,,,,,,
2026-09-20 00:00:00.000 Z," Australian NBL/Perth Wildcats v SE Melbourne Phoenix",36069264,COMBINED_TOTAL,262424503,Total Points,7017823,Over,265.5,LOSER,0,179,Perth Wildcats,v SE Melbourne Phoenix,-21,79,100,,,,,,,,,,,
2026-09-20 00:00:00.000 Z," Australian NBL/Perth Wildcats v SE Melbourne Phoenix",36069264,COMBINED_TOTAL,262424503,Total Points,7017824,Under,265.5,WINNER,1,179,Perth Wildcats,v SE Melbourne Phoenix,-21,79,100,,,,,,,,,,,
2026-09-20 00:00:00.000 Z," Australian NBL/Perth Wildcats v SE Melbourne Phoenix",36069264,COMBINED_TOTAL,262424503,Total Points,7017823,Over,266.5,LOSER,0,179,Perth Wildcats,v SE Melbourne Phoenix,-21,79,100,,,,,,,,,,,
2026-09-20 00:00:00.000 Z," Australian NBL/Perth Wildcats v SE Melbourne Phoenix",36069264,COMBINED_TOTAL,262424503,Total Points,7017824,Under,266.5,WINNER,1,179,Perth Wildcats,v SE Melbourne Phoenix,-21,79,100,,,,,,,,,,,
2026-09-20 00:00:00.000 Z," Australian NBL/Perth Wildcats v SE Melbourne Phoenix",36069264,COMBINED_TOTAL,262424503,Total Points,7017823,Over,267.5,LOSER,0,179,Perth Wildcats,v SE Melbourne Phoenix,-21,79,100,,,,,,,,,,,
2026-09-20 00:00:00.000 Z," Australian NBL/Perth Wildcats v SE Melbourne Phoenix",36069264,COMBINED_TOTAL,262424503,Total Points,7017824,Under,267.5,WINNER,1,179,Perth Wildcats,v SE Melbourne Phoenix,-21,79,100,,,,,,,,,,,
2026-09-20 00:00:00.000 Z," Australian NBL/Perth Wildcats v SE Melbourne Phoenix",36069264,COMBINED_TOTAL,262424503,Total Points,7017823,Over,268.5,LOSER,0,179,Perth Wildcats,v SE Melbourne Phoenix,-21,79,100,,,,,,,,,,,
2026-09-20 00:00:00.000 Z," Australian NBL/Perth Wildcats v SE Melbourne Phoenix",36069264,COMBINED_TOTAL,262424503,Total Points,7017824,Under,268.5,WINNER,1,179,Perth Wildcats,v SE Melbourne Phoenix,-21,79,100,,,,,,,,,,,
2026-09-20 00:00:00.000 Z," Australian NBL/Perth Wildcats v SE Melbourne Phoenix",36069264,COMBINED_TOTAL,262424503,Total Points,7017823,Over,269.5,LOSER,0,179,Perth Wildcats,v SE Melbourne Phoenix,-21,79,100,,,,,,,,,,,
2026-09-20 00:00:00.000 Z," Australian NBL/Perth Wildcats v SE Melbourne Phoenix",36069264,COMBINED_TOTAL,262424503,Total Points,7017824,Under,269.5,WINNER,1,179,Perth Wildcats,v SE Melbourne Phoenix,-21,79,100,,,,,,,,,,,
2026-09-20 00:00:00.000 Z," Australian NBL/Perth Wildcats v SE Melbourne Phoenix",36069264,COMBINED_TOTAL,262424503,Total Points,7017823,Over,270.5,LOSER,0,179,Perth Wildcats,v SE Melbourne Phoenix,-21,79,100,,,,,,,,,,,
2026-09-20 00:00:00.000 Z," Australian NBL/Perth Wildcats v SE Melbourne Phoenix",36069264,COMBINED_TOTAL,262424503,Total Points,7017824,Under,270.5,WINNER,1,179,Perth Wildcats,v SE Melbourne Phoenix,-21,79,100,,,,,,,,,,,
2026-09-20 00:00:00.000 Z," Australian NBL/Perth Wildcats v SE Melbourne Phoenix",36069264,COMBINED_TOTAL,262424503,Total Points,7017823,Over,271.5,LOSER,0,179,Perth Wildcats,v SE Melbourne Phoenix,-21,79,100,,,,,,,,,,,
2026-09-20 00:00:00.000 Z," Australian NBL/Perth Wildcats v SE Melbourne Phoenix",36069264,COMBINED_TOTAL,262424503,Total Points,7017824,Under,271.5,WINNER,1,179,Perth Wildcats,v SE Melbourne Phoenix,-21,79,100,,,,,,,,,,,
2026-09-20 00:00:00.000 Z," Australian NBL/Perth Wildcats v SE Melbourne Phoenix",36069264,COMBINED_TOTAL,262424503,Total Points,7017823,Over,272.5,LOSER,0,179,Perth Wildcats,v SE Melbourne Phoenix,-21,79,100,,,,,,,,,,,
2026-09-20 00:00:00.000 Z," Australian NBL/Perth Wildcats v SE Melbourne Phoenix",36069264,COMBINED_TOTAL,262424503,Total Points,7017824,Under,272.5,WINNER,1,179,Perth Wildcats,v SE Melbourne Phoenix,-21,79,100,,,,,,,,,,,
2026-09-20 00:00:00.000 Z," Australian NBL/Perth Wildcats v SE Melbourne Phoenix",36069264,COMBINED_TOTAL,262424503,Total Points,7017823,Over,273.5,LOSER,0,179,Perth Wildcats,v SE Melbourne Phoenix,-21,79,100,,,,,,,,,,,
2026-09-20 00:00:00.000 Z," Australian NBL/Perth Wildcats v SE Melbourne Phoenix",36069264,COMBINED_TOTAL,262424503,Total Points,7017824,Under,273.5,WINNER,1,179,Perth Wildcats,v SE Melbourne Phoenix,-21,79,100,,,,,,,,,,,
2026-09-20 00:00:00.000 Z," Australian NBL/Perth Wildcats v SE Melbourne Phoenix",36069264,COMBINED_TOTAL,262424503,Total Points,7017823,Over,274.5,LOSER,0,179,Perth Wildcats,v SE Melbourne Phoenix,-21,79,100,,,,,,,,,,,
2026-09-20 00:00:00.000 Z," Australian NBL/Perth Wildcats v SE Melbourne Phoenix",36069264,COMBINED_TOTAL,262424503,Total Points,7017824,Under,274.5,WINNER,1,179,Perth Wildcats,v SE Melbourne Phoenix,-21,79,100,,,,,,,,,,,
2026-09-20 00:00:00.000 Z," Australian NBL/Perth Wildcats v SE Melbourne Phoenix",36069264,COMBINED_TOTAL,262424503,Total Points,7017823,Over,275.5,LOSER,0,179,Perth Wildcats,v SE Melbourne Phoenix,-21,79,100,,,,,,,,,,,
2026-09-20 00:00:00.000 Z," Australian NBL/Perth Wildcats v SE Melbourne Phoenix",36069264,COMBINED_TOTAL,262424503,Total Points,7017824,Under,275.5,WINNER,1,179,Perth Wildcats,v SE Melbourne Phoenix,-21,79,100,,,,,,,,,,,
2026-09-20 00:00:00.000 Z," Australian NBL/Perth Wildcats v SE Melbourne Phoenix",36069264,COMBINED_TOTAL,262424503,Total Points,7017823,Over,276.5,LOSER,0,179,Perth Wildcats,v SE Melbourne Phoenix,-21,79,100,,,,,,,,,,,
2026-09-20 00:00:00.000 Z," Australian NBL/Perth Wildcats v SE Melbourne Phoenix",36069264,COMBINED_TOTAL,262424503,Total Points,7017824,Under,276.5,WINNER,1,179,Perth Wildcats,v SE Melbourne Phoenix,-21,79,100,,,,,,,,,,,
2026-09-20 00:00:00.000 Z," Australian NBL/Perth Wildcats v SE Melbourne Phoenix",36069264,COMBINED_TOTAL,262424503,Total Points,7017823,Over,277.5,LOSER,0,179,Perth Wildcats,v SE Melbourne Phoenix,-21,79,100,,,,,,,,,,,
2026-09-20 00:00:00.000 Z," Australian NBL/Perth Wildcats v SE Melbourne Phoenix",36069264,COMBINED_TOTAL,262424503,Total Points,7017824,Under,277.5,WINNER,1,179,Perth Wildcats,v SE Melbourne Phoenix,-21,79,100,,,,,,,,,,,
2026-09-20 00:00:00.000 Z," Australian NBL/Perth Wildcats v SE Melbourne Phoenix",36069264,COMBINED_TOTAL,262424503,Total Points,7017823,Over,278.5,LOSER,0,179,Perth Wildcats,v SE Melbourne Phoenix,-21,79,100,,,,,,,,,,,
2026-09-20 00:00:00.000 Z," Australian NBL/Perth Wildcats v SE Melbourne Phoenix",36069264,COMBINED_TOTAL,262424503,Total Points,7017824,Under,278.5,WINNER,1,179,Perth Wildcats,v SE Melbourne Phoenix,-21,79,100,,,,,,,,,,,
2026-09-20 00:00:00.000 Z," Australian NBL/Perth Wildcats v SE Melbourne Phoenix",36069264,COMBINED_TOTAL,262424503,Total Points,7017823,Over,279.5,LOSER,0,179,Perth Wildcats,v SE Melbourne Phoenix,-21,79,100,,,,,,,,,,,
2026-09-20 00:00:00.000 Z," Australian NBL/Perth Wildcats v SE Melbourne Phoenix",36069264,COMBINED_TOTAL,262424503,Total Points,7017824,Under,279.5,WINNER,1,179,Perth Wildcats,v SE Melbourne Phoenix,-21,79,100,,,,,,,,,,,
2026-09-20 00:00:00.000 Z," Australian NBL/Perth Wildcats v SE Melbourne Phoenix",36069264,COMBINED_TOTAL,262424503,Total Points,7017823,Over,280.5,LOSER,0,179,Perth Wildcats,v SE Melbourne Phoenix,-21,79,100,,,,,,,,,,,
2026-09-20 00:00:00.000 Z," Australian NBL/Perth Wildcats v SE Melbourne Phoenix",36069264,COMBINED_TOTAL,262424503,Total Points,7017824,Under,280.5,WINNER,1,179,Perth Wildcats,v SE Melbourne Phoenix,-21,79,100,,,,,,,,,,,
2026-09-20 00:00:00.000 Z," Australian NBL/Perth Wildcats v SE Melbourne Phoenix",36069264,COMBINED_TOTAL,262424503,Total Points,7017823,Over,281.5,LOSER,0,179,Perth Wildcats,v SE Melbourne Phoenix,-21,79,100,,,,,,,,,,,
2026-09-20 00:00:00.000 Z," Australian NBL/Perth Wildcats v SE Melbourne Phoenix",36069264,COMBINED_TOTAL,262424503,Total Points,7017824,Under,281.5,WINNER,1,179,Perth Wildcats,v SE Melbourne Phoenix,-21,79,100,,,,,,,,,,,
2026-09-20 00:00:00.000 Z," Australian NBL/Perth Wildcats v SE Melbourne Phoenix",36069264,COMBINED_TOTAL,262424503,Total Points,7017823,Over,282.5,LOSER,0,179,Perth Wildcats,v SE Melbourne Phoenix,-21,79,100,,,,,,,,,,,
2026-09-20 00:00:00.000 Z," Australian NBL/Perth Wildcats v SE Melbourne Phoenix",36069264,COMBINED_TOTAL,262424503,Total Points,7017824,Under,282.5,WINNER,1,179,Perth Wildcats,v SE Melbourne Phoenix,-21,79,100,,,,,,,,,,,
2026-09-20 00:00:00.000 Z," Australian NBL/Perth Wildcats v SE Melbourne Phoenix",36069264,COMBINED_TOTAL,262424503,Total Points,7017823,Over,283.5,LOSER,0,179,Perth Wildcats,v SE Melbourne Phoenix,-21,79,100,,,,,,,,,,,
2026-09-20 00:00:00.000 Z," Australian NBL/Perth Wildcats v SE Melbourne Phoenix",36069264,COMBINED_TOTAL,262424503,Total Points,7017824,Under,283.5,WINNER,1,179,Perth Wildcats,v SE Melbourne Phoenix,-21,79,100,,,,,,,,,,,
2026-09-20 00:00:00.000 Z," Australian NBL/Perth Wildcats v SE Melbourne Phoenix",36069264,COMBINED_TOTAL,262424503,Total Points,7017823,Over,284.5,LOSER,0,179,Perth Wildcats,v SE Melbourne Phoenix,-21,79,100,,,,,,,,,,,
2026-09-20 00:00:00.000 Z," Australian NBL/Perth Wildcats v SE Melbourne Phoenix",36069264,COMBINED_TOTAL,262424503,Total Points,7017824,Under,284.5,WINNER,1,179,Perth Wildcats,v SE Melbourne Phoenix,-21,79,100,,,,,,,,,,,
2026-09-20 00:00:00.000 Z," Australian NBL/Perth Wildcats v SE Melbourne Phoenix",36069264,COMBINED_TOTAL,262424503,Total Points,7017823,Over,285.5,LOSER,0,179,Perth Wildcats,v SE Melbourne Phoenix,-21,79,100,,,,,,,,,,,
2026-09-20 00:00:00.000 Z," Australian NBL/Perth Wildcats v SE Melbourne Phoenix",36069264,COMBINED_TOTAL,262424503,Total Points,7017824,Under,285.5,WINNER,1,179,Perth Wildcats,v SE Melbourne Phoenix,-21,79,100,,,,,,,,,,,
2026-09-20 00:00:00.000 Z," Australian NBL/Perth Wildcats v SE Melbourne Phoenix",36069264,COMBINED_TOTAL,262424503,Total Points,7017823,Over,286.5,LOSER,0,179,Perth Wildcats,v SE Melbourne Phoenix,-21,79,100,,,,,,,,,,,
2026-09-20 00:00:00.000 Z," Australian NBL/Perth Wildcats v SE Melbourne Phoenix",36069264,COMBINED_TOTAL,262424503,Total Points,7017824,Under,286.5,WINNER,1,179,Perth Wildcats,v SE Melbourne Phoenix,-21,79,100,,,,,,,,,,,
2026-09-20 00:00:00.000 Z," Australian NBL/Perth Wildcats v SE Melbourne Phoenix",36069264,COMBINED_TOTAL,262424503,Total Points,7017823,Over,287.5,LOSER,0,179,Perth Wildcats,v SE Melbourne Phoenix,-21,79,100,,,,,,,,,,,
2026-09-20 00:00:00.000 Z," Australian NBL/Perth Wildcats v SE Melbourne Phoenix",36069264,COMBINED_TOTAL,262424503,Total Points,7017824,Under,287.5,WINNER,1,179,Perth Wildcats,v SE Melbourne Phoenix,-21,79,100,,,,,,,,,,,
2026-09-20 00:00:00.000 Z," Australian NBL/Perth Wildcats v SE Melbourne Phoenix",36069264,COMBINED_TOTAL,262424503,Total Points,7017823,Over,288.5,LOSER,0,179,Perth Wildcats,v SE Melbourne Phoenix,-21,79,100,,,,,,,,,,,
2026-09-20 00:00:00.000 Z," Australian NBL/Perth Wildcats v SE Melbourne Phoenix",36069264,COMBINED_TOTAL,262424503,Total Points,7017824,Under,288.5,WINNER,1,179,Perth Wildcats,v SE Melbourne Phoenix,-21,79,100,,,,,,,,,,,
2026-09-20 00:00:00.000 Z," Australian NBL/Perth Wildcats v SE Melbourne Phoenix",36069264,COMBINED_TOTAL,262424503,Total Points,7017823,Over,289.5,LOSER,0,179,Perth Wildcats,v SE Melbourne Phoenix,-21,79,100,,,,,,,,,,,
2026-09-20 00:00:00.000 Z," Australian NBL/Perth Wildcats v SE Melbourne Phoenix",36069264,COMBINED_TOTAL,262424503,Total Points,7017824,Under,289.5,WINNER,1,179,Perth Wildcats,v SE Melbourne Phoenix,-21,79,100,,,,,,,,,,,
2026-09-20 00:00:00.000 Z," Australian NBL/Perth Wildcats v SE Melbourne Phoenix",36069264,COMBINED_TOTAL,262424503,Total Points,7017823,Over,290.5,LOSER,0,179,Perth Wildcats,v SE Melbourne Phoenix,-21,79,100,,,,,,,,,,,
2026-09-20 00:00:00.000 Z," Australian NBL/Perth Wildcats v SE Melbourne Phoenix",36069264,COMBINED_TOTAL,262424503,Total Points,7017824,Under,290.5,WINNER,1,179,Perth Wildcats,v SE Melbourne Phoenix,-21,79,100,,,,,,,,,,,
2026-09-20 00:00:00.000 Z," Australian NBL/Perth Wildcats v SE Melbourne Phoenix",36069264,COMBINED_TOTAL,262424503,Total Points,7017823,Over,291.5,LOSER,0,179,Perth Wildcats,v SE Melbourne Phoenix,-21,79,100,,,,,,,,,,,
2026-09-20 00:00:00.000 Z," Australian NBL/Perth Wildcats v SE Melbourne Phoenix",36069264,COMBINED_TOTAL,262424503,Total Points,7017824,Under,291.5,WINNER,1,179,Perth Wildcats,v SE Melbourne Phoenix,-21,79,100,,,,,,,,,,,
2026-09-20 00:00:00.000 Z," Australian NBL/Perth Wildcats v SE Melbourne Phoenix",36069264,COMBINED_TOTAL,262424503,Total Points,7017823,Over,292.5,LOSER,0,179,Perth Wildcats,v SE Melbourne Phoenix,-21,79,100,,,,,,,,,,,
2026-09-20 00:00:00.000 Z," Australian NBL/Perth Wildcats v SE Melbourne Phoenix",36069264,COMBINED_TOTAL,262424503,Total Points,7017824,Under,292.5,WINNER,1,179,Perth Wildcats,v SE Melbourne Phoenix,-21,79,100,,,,,,,,,,,
2026-09-20 00:00:00.000 Z," Australian NBL/Perth Wildcats v SE Melbourne Phoenix",36069264,COMBINED_TOTAL,262424503,Total Points,7017823,Over,293.5,LOSER,0,179,Perth Wildcats,v SE Melbourne Phoenix,-21,79,100,,,,,,,,,,,
2026-09-20 00:00:00.000 Z," Australian NBL/Perth Wildcats v SE Melbourne Phoenix",36069264,COMBINED_TOTAL,262424503,Total Points,7017824,Under,293.5,WINNER,1,179,Perth Wildcats,v SE Melbourne Phoenix,-21,79,100,,,,,,,,,,,
2026-09-20 00:00:00.000 Z," Australian NBL/Perth Wildcats v SE Melbourne Phoenix",36069264,COMBINED_TOTAL,262424503,Total Points,7017823,Over,294.5,LOSER,0,179,Perth Wildcats,v SE Melbourne Phoenix,-21,79,100,,,,,,,,,,,
2026-09-20 00:00:00.000 Z," Australian NBL/Perth Wildcats v SE Melbourne Phoenix",36069264,COMBINED_TOTAL,262424503,Total Points,7017824,Under,294.5,WINNER,1,179,Perth Wildcats,v SE Melbourne Phoenix,-21,79,100,,,,,,,,,,,
2026-09-20 00:00:00.000 Z," Australian NBL/Perth Wildcats v SE Melbourne Phoenix",36069264,COMBINED_TOTAL,262424503,Total Points,7017823,Over,295.5,LOSER,0,179,Perth Wildcats,v SE Melbourne Phoenix,-21,79,100,,,,,,,,,,,
2026-09-20 00:00:00.000 Z," Australian NBL/Perth Wildcats v SE Melbourne Phoenix",36069264,COMBINED_TOTAL,262424503,Total Points,7017824,Under,295.5,WINNER,1,179,Perth Wildcats,v SE Melbourne Phoenix,-21,79,100,,,,,,,,,,,
2026-09-20 00:00:00.000 Z," Australian NBL/Perth Wildcats v SE Melbourne Phoenix",36069264,COMBINED_TOTAL,262424503,Total Points,7017823,Over,296.5,LOSER,0,179,Perth Wildcats,v SE Melbourne Phoenix,-21,79,100,,,,,,,,,,,
2026-09-20 00:00:00.000 Z," Australian NBL/Perth Wildcats v SE Melbourne Phoenix",36069264,COMBINED_TOTAL,262424503,Total Points,7017824,Under,296.5,WINNER,1,179,Perth Wildcats,v SE Melbourne Phoenix,-21,79,100,,,,,,,,,,,
2026-09-20 00:00:00.000 Z," Australian NBL/Perth Wildcats v SE Melbourne Phoenix",36069264,COMBINED_TOTAL,262424503,Total Points,7017823,Over,297.5,LOSER,0,179,Perth Wildcats,v SE Melbourne Phoenix,-21,79,100,,,,,,,,,,,
2026-09-20 00:00:00.000 Z," Australian NBL/Perth Wildcats v SE Melbourne Phoenix",36069264,COMBINED_TOTAL,262424503,Total Points,7017824,Under,297.5,WINNER,1,179,Perth Wildcats,v SE Melbourne Phoenix,-21,79,100,,,,,,,,,,,
2026-09-20 00:00:00.000 Z," Australian NBL/Perth Wildcats v SE Melbourne Phoenix",36069264,COMBINED_TOTAL,262424503,Total Points,7017823,Over,298.5,LOSER,0,179,Perth Wildcats,v SE Melbourne Phoenix,-21,79,100,,,,,,,,,,,
2026-09-20 00:00:00.000 Z," Australian NBL/Perth Wildcats v SE Melbourne Phoenix",36069264,COMBINED_TOTAL,262424503,Total Points,7017824,Under,298.5,WINNER,1,179,Perth Wildcats,v SE Melbourne Phoenix,-21,79,100,,,,,,,,,,,
2026-09-20 00:00:00.000 Z," Australian NBL/Perth Wildcats v SE Melbourne Phoenix",36069264,COMBINED_TOTAL,262424503,Total Points,7017823,Over,299.5,LOSER,0,179,Perth Wildcats,v SE Melbourne Phoenix,-21,79,100,,,,,,,,,,,
2026-09-20 00:00:00.000 Z," Australian NBL/Perth Wildcats v SE Melbourne Phoenix",36069264,COMBINED_TOTAL,262424503,Total Points,7017824,Under,299.5,WINNER,1,179,Perth Wildcats,v SE Melbourne Phoenix,-21,79,100,,,,,,,,,,,
2026-09-20 00:00:00.000 Z," Australian NBL/Perth Wildcats v SE Melbourne Phoenix",36069264,COMBINED_TOTAL,262424503,Total Points,7017823,Over,300.5,LOSER,0,179,Perth Wildcats,v SE Melbourne Phoenix,-21,79,100,,,,,,,,,,,
2026-09-20 00:00:00.000 Z," Australian NBL/Perth Wildcats v SE Melbourne Phoenix",36069264,COMBINED_TOTAL,262424503,Total Points,7017824,Under,300.5,WINNER,1,179,Perth Wildcats,v SE Melbourne Phoenix,-21,79,100,,,,,,,,,,,
2026-09-20 00:00:00.000 Z," Australian NBL/Sydney Kings v Cairns Taipans",36069265,HANDICAP,262425022,Handicap,1196407,Sydney Kings,-35.5,LOSER,0,201,Sydney Kings,v Cairns Taipans,21,111,90,1.01,,,1.01,,,1.01,,,,
2026-09-20 00:00:00.000 Z," Australian NBL/Sydney Kings v Cairns Taipans",36069265,HANDICAP,262425022,Handicap,1196408,Cairns Taipans,-35.5,LOSER,0,201,Sydney Kings,v Cairns Taipans,21,111,90,1.01,,,1.01,,,1.01,,,,
2026-09-20 00:00:00.000 Z," Australian NBL/Sydney Kings v Cairns Taipans",36069265,HANDICAP,262425022,Handicap,1196408,Cairns Taipans,-34.5,LOSER,0,201,Sydney Kings,v Cairns Taipans,21,111,90,1.01,,,1.01,,,1.01,,,,
2026-09-20 00:00:00.000 Z," Australian NBL/Sydney Kings v Cairns Taipans",36069265,HANDICAP,262425022,Handicap,1196407,Sydney Kings,-34.5,LOSER,0,201,Sydney Kings,v Cairns Taipans,21,111,90,1.01,,,1.01,,,1.01,,,,
2026-09-20 00:00:00.000 Z," Australian NBL/Sydney Kings v Cairns Taipans",36069265,HANDICAP,262425022,Handicap,1196408,Cairns Taipans,-33.5,LOSER,0,201,Sydney Kings,v Cairns Taipans,21,111,90,1.01,,,1.01,,,1.01,,,,
2026-09-20 00:00:00.000 Z," Australian NBL/Sydney Kings v Cairns Taipans",36069265,HANDICAP,262425022,Handicap,1196407,Sydney Kings,-33.5,LOSER,0,201,Sydney Kings,v Cairns Taipans,21,111,90,1.01,,,1.01,,,1.01,,,,
2026-09-20 00:00:00.000 Z," Australian NBL/Sydney Kings v Cairns Taipans",36069265,HANDICAP,262425022,Handicap,1196408,Cairns Taipans,-32.5,LOSER,0,201,Sydney Kings,v Cairns Taipans,21,111,90,1.01,,,1.01,,,1.01,,,,
2026-09-20 00:00:00.000 Z," Australian NBL/Sydney Kings v Cairns Taipans",36069265,HANDICAP,262425022,Handicap,1196407,Sydney Kings,-32.5,LOSER,0,201,Sydney Kings,v Cairns Taipans,21,111,90,1.01,,,1.01,,,1.01,,,,
2026-09-20 00:00:00.000 Z," Australian NBL/Sydney Kings v Cairns Taipans",36069265,HANDICAP,262425022,Handicap,1196408,Cairns Taipans,-31.5,LOSER,0,201,Sydney Kings,v Cairns Taipans,21,111,90,1.01,,,1.01,,,1.01,,,,
2026-09-20 00:00:00.000 Z," Australian NBL/Sydney Kings v Cairns Taipans",36069265,HANDICAP,262425022,Handicap,1196407,Sydney Kings,-31.5,LOSER,0,201,Sydney Kings,v Cairns Taipans,21,111,90,1.01,,,1.01,,,1.01,,,,
2026-09-20 00:00:00.000 Z," Australian NBL/Sydney Kings v Cairns Taipans",36069265,HANDICAP,262425022,Handicap,1196408,Cairns Taipans,-30.5,LOSER,0,201,Sydney Kings,v Cairns Taipans,21,111,90,1.01,,,1.01,,,1.01,,,,
2026-09-20 00:00:00.000 Z," Australian NBL/Sydney Kings v Cairns Taipans",36069265,HANDICAP,262425022,Handicap,1196407,Sydney Kings,-30.5,LOSER,0,201,Sydney Kings,v Cairns Taipans,21,111,90,1.01,,,1.01,,,1.01,,,,
2026-09-20 00:00:00.000 Z," Australian NBL/Sydney Kings v Cairns Taipans",36069265,HANDICAP,262425022,Handicap,1196407,Sydney Kings,-29.5,LOSER,0,201,Sydney Kings,v Cairns Taipans,21,111,90,1.01,,,1.01,,,1.01,,,,
2026-09-20 00:00:00.000 Z," Australian NBL/Sydney Kings v Cairns Taipans",36069265,HANDICAP,262425022,Handicap,1196408,Cairns Taipans,-29.5,LOSER,0,201,Sydney Kings,v Cairns Taipans,21,111,90,1.01,,,1.01,,,1.01,,,,
2026-09-20 00:00:00.000 Z," Australian NBL/Sydney Kings v Cairns Taipans",36069265,HANDICAP,262425022,Handicap,1196407,Sydney Kings,-28.5,LOSER,0,201,Sydney Kings,v Cairns Taipans,21,111,90,1.01,,,1.01,,,1.01,,,,
2026-09-20 00:00:00.000 Z," Australian NBL/Sydney Kings v Cairns Taipans",36069265,HANDICAP,262425022,Handicap,1196408,Cairns Taipans,-28.5,LOSER,0,201,Sydney Kings,v Cairns Taipans,21,111,90,,,,,,,,,,,
2026-09-20 00:00:00.000 Z," Australian NBL/Sydney Kings v Cairns Taipans",36069265,HANDICAP,262425022,Handicap,1196407,Sydney Kings,-27.5,LOSER,0,201,Sydney Kings,v Cairns Taipans,21,111,90,1.01,,,1.01,,,1.01,,,,
2026-09-20 00:00:00.000 Z," Australian NBL/Sydney Kings v Cairns Taipans",36069265,HANDICAP,262425022,Handicap,1196408,Cairns Taipans,-27.5,LOSER,0,201,Sydney Kings,v Cairns Taipans,21,111,90,1.01,,,1.01,,,1.01,,,,
2026-09-20 00:00:00.000 Z," Australian NBL/Sydney Kings v Cairns Taipans",36069265,HANDICAP,262425022,Handicap,1196407,Sydney Kings,-26.5,LOSER,0,201,Sydney Kings,v Cairns Taipans,21,111,90,11,,,1.01,,,1.01,,,,
2026-09-20 00:00:00.000 Z," Australian NBL/Sydney Kings v Cairns Taipans",36069265,HANDICAP,262425022,Handicap,1196408,Cairns Taipans,-26.5,LOSER,0,201,Sydney Kings,v Cairns Taipans,21,111,90,1.01,,,1.01,,,1.01,,,,
2026-09-20 00:00:00.000 Z," Australian NBL/Sydney Kings v Cairns Taipans",36069265,HANDICAP,262425022,Handicap,1196408,Cairns Taipans,-25.5,LOSER,0,201,Sydney Kings,v Cairns Taipans,21,111,90,1.01,,,1.01,,,1.01,,,,
2026-09-20 00:00:00.000 Z," Australian NBL/Sydney Kings v Cairns Taipans",36069265,HANDICAP,262425022,Handicap,1196407,Sydney Kings,-25.5,LOSER,0,201,Sydney Kings,v Cairns Taipans,21,111,90,9.8,,,9.8,,,9.8,,,4.4,
2026-09-20 00:00:00.000 Z," Australian NBL/Sydney Kings v Cairns Taipans",36069265,HANDICAP,262425022,Handicap,1196408,Cairns Taipans,-24.5,LOSER,0,201,Sydney Kings,v Cairns Taipans,21,111,90,1.01,,,1.01,,,1.01,,,,
2026-09-20 00:00:00.000 Z," Australian NBL/Sydney Kings v Cairns Taipans",36069265,HANDICAP,262425022,Handicap,1196407,Sydney Kings,-24.5,LOSER,0,201,Sydney Kings,v Cairns Taipans,21,111,90,8.6,,,8.6,,,8.6,,,,
2026-09-20 00:00:00.000 Z," Australian NBL/Sydney Kings v Cairns Taipans",36069265,HANDICAP,262425022,Handicap,1196408,Cairns Taipans,-23.5,LOSER,0,201,Sydney Kings,v Cairns Taipans,21,111,90,1.01,,,1.01,,,1.01,,,,
2026-09-20 00:00:00.000 Z," Australian NBL/Sydney Kings v Cairns Taipans",36069265,HANDICAP,262425022,Handicap,1196407,Sydney Kings,-23.5,LOSER,0,201,Sydney Kings,v Cairns Taipans,21,111,90,7.6,32,,7.6,,,7.6,,,,
2026-09-20 00:00:00.000 Z," Australian NBL/Sydney Kings v Cairns Taipans",36069265,HANDICAP,262425022,Handicap,1196407,Sydney Kings,-22.5,LOSER,0,201,Sydney Kings,v Cairns Taipans,21,111,90,6.8,21,,6.8,21,,6.8,21,,,
2026-09-20 00:00:00.000 Z," Australian NBL/Sydney Kings v Cairns Taipans",36069265,HANDICAP,262425022,Handicap,1196408,Cairns Taipans,-22.5,LOSER,0,201,Sydney Kings,v Cairns Taipans,21,111,90,1.01,,,1.01,,,1.01,,,,
2026-09-20 00:00:00.000 Z," Australian NBL/Sydney Kings v Cairns Taipans",36069265,HANDICAP,262425022,Handicap,1196407,Sydney Kings,-21.5,LOSER,0,201,Sydney Kings,v Cairns Taipans,21,111,90,6,15,,6,15,,6,15,,22.64,
2026-09-20 00:00:00.000 Z," Australian NBL/Sydney Kings v Cairns Taipans",36069265,HANDICAP,262425022,Handicap,1196408,Cairns Taipans,-21.5,LOSER,0,201,Sydney Kings,v Cairns Taipans,21,111,90,1.01,,,1.01,,,1.01,,,,
2026-09-20 00:00:00.000 Z," Australian NBL/Sydney Kings v Cairns Taipans",36069265,HANDICAP,262425022,Handicap,1196408,Cairns Taipans,-20.5,LOSER,0,201,Sydney Kings,v Cairns Taipans,21,111,90,3,,,3,,,3,,,,
2026-09-20 00:00:00.000 Z," Australian NBL/Sydney Kings v Cairns Taipans",36069265,HANDICAP,262425022,Handicap,1196407,Sydney Kings,-20.5,WINNER,1,201,Sydney Kings,v Cairns Taipans,21,111,90,5.4,11.5,,5.4,14,,5.4,14,,,
2026-09-20 00:00:00.000 Z," Australian NBL/Sydney Kings v Cairns Taipans",36069265,HANDICAP,262425022,Handicap,1196408,Cairns Taipans,-19.5,LOSER,0,201,Sydney Kings,v Cairns Taipans,21,111,90,3,,,3,,,3,,,,
2026-09-20 00:00:00.000 Z," Australian NBL/Sydney Kings v Cairns Taipans",36069265,HANDICAP,262425022,Handicap,1196407,Sydney Kings,-19.5,WINNER,1,201,Sydney Kings,v Cairns Taipans,21,111,90,4.8,9.2,,4.8,11,,4.8,11,,51.62,
2026-09-20 00:00:00.000 Z," Australian NBL/Sydney Kings v Cairns Taipans",36069265,HANDICAP,262425022,Handicap,1196408,Cairns Taipans,-18.5,LOSER,0,201,Sydney Kings,v Cairns Taipans,21,111,90,3,,,3,,,3,,,,
2026-09-20 00:00:00.000 Z," Australian NBL/Sydney Kings v Cairns Taipans",36069265,HANDICAP,262425022,Handicap,1196407,Sydney Kings,-18.5,WINNER,1,201,Sydney Kings,v Cairns Taipans,21,111,90,4.3,7.6,,4.7,7.6,,4.7,7.6,,529.23,
2026-09-20 00:00:00.000 Z," Australian NBL/Sydney Kings v Cairns Taipans",36069265,HANDICAP,262425022,Handicap,1196408,Cairns Taipans,-17.5,LOSER,0,201,Sydney Kings,v Cairns Taipans,21,111,90,3,,,3,,,3,,,,
2026-09-20 00:00:00.000 Z," Australian NBL/Sydney Kings v Cairns Taipans",36069265,HANDICAP,262425022,Handicap,1196407,Sydney Kings,-17.5,WINNER,1,201,Sydney Kings,v Cairns Taipans,21,111,90,3.9,6.4,,3.9,7.2,,3.9,7.2,,203.74,
2026-09-20 00:00:00.000 Z," Australian NBL/Sydney Kings v Cairns Taipans",36069265,HANDICAP,262425022,Handicap,1196408,Cairns Taipans,-16.5,LOSER,0,201,Sydney Kings,v Cairns Taipans,21,111,90,3,,,3,,,3,,,,
2026-09-20 00:00:00.000 Z," Australian NBL/Sydney Kings v Cairns Taipans",36069265,HANDICAP,262425022,Handicap,1196407,Sydney Kings,-16.5,WINNER,1,201,Sydney Kings,v Cairns Taipans,21,111,90,3.5,5.4,,3.75,6,,3.75,6,,7.14,
2026-09-20 00:00:00.000 Z," Australian NBL/Sydney Kings v Cairns Taipans",36069265,HANDICAP,262425022,Handicap,1196408,Cairns Taipans,-15.5,LOSER,0,201,Sydney Kings,v Cairns Taipans,21,111,90,3,,,3,,,3,,,,
2026-09-20 00:00:00.000 Z," Australian NBL/Sydney Kings v Cairns Taipans",36069265,HANDICAP,262425022,Handicap,1196407,Sydney Kings,-15.5,WINNER,1,201,Sydney Kings,v Cairns Taipans,21,111,90,3.15,4.7,,3.35,5.1,,3.35,5.1,,244.44,
2026-09-20 00:00:00.000 Z," Australian NBL/Sydney Kings v Cairns Taipans",36069265,HANDICAP,262425022,Handicap,1196408,Cairns Taipans,-14.5,LOSER,0,201,Sydney Kings,v Cairns Taipans,21,111,90,3,,,3,,,3,,,,
2026-09-20 00:00:00.000 Z," Australian NBL/Sydney Kings v Cairns Taipans",36069265,HANDICAP,262425022,Handicap,1196407,Sydney Kings,-14.5,WINNER,1,201,Sydney Kings,v Cairns Taipans,21,111,90,2.88,4.1,,3.05,4.4,,3.05,4.4,,56.75,
2026-09-20 00:00:00.000 Z," Australian NBL/Sydney Kings v Cairns Taipans",36069265,HANDICAP,262425022,Handicap,1196408,Cairns Taipans,-13.5,LOSER,0,201,Sydney Kings,v Cairns Taipans,21,111,90,3,,,3,,,3,,,,
2026-09-20 00:00:00.000 Z," Australian NBL/Sydney Kings v Cairns Taipans",36069265,HANDICAP,262425022,Handicap,1196407,Sydney Kings,-13.5,WINNER,1,201,Sydney Kings,v Cairns Taipans,21,111,90,2.62,3.55,,2.7,3.9,,2.74,3.85,,915.63,
2026-09-20 00:00:00.000 Z," Australian NBL/Sydney Kings v Cairns Taipans",36069265,HANDICAP,262425022,Handicap,1196408,Cairns Taipans,-12.5,LOSER,0,201,Sydney Kings,v Cairns Taipans,21,111,90,3,,,3,,,3,,,,
2026-09-20 00:00:00.000 Z," Australian NBL/Sydney Kings v Cairns Taipans",36069265,HANDICAP,262425022,Handicap,1196407,Sydney Kings,-12.5,WINNER,1,201,Sydney Kings,v Cairns Taipans,21,111,90,2.6,2.88,,2.58,3.05,,2.58,2.98,,80.4,
2026-09-20 00:00:00.000 Z," Australian NBL/Sydney Kings v Cairns Taipans",36069265,HANDICAP,262425022,Handicap,1196408,Cairns Taipans,-11.5,LOSER,0,201,Sydney Kings,v Cairns Taipans,21,111,90,3,,,3,,,3,,,,
2026-09-20 00:00:00.000 Z," Australian NBL/Sydney Kings v Cairns Taipans",36069265,HANDICAP,262425022,Handicap,1196407,Sydney Kings,-11.5,WINNER,1,201,Sydney Kings,v Cairns Taipans,21,111,90,2.44,2.58,,2.56,2.72,,2.58,2.72,,52.09,
2026-09-20 00:00:00.000 Z," Australian NBL/Sydney Kings v Cairns Taipans",36069265,HANDICAP,262425022,Handicap,1196408,Cairns Taipans,-10.5,LOSER,0,201,Sydney Kings,v Cairns Taipans,21,111,90,3,,,3,,,3,,,,
2026-09-20 00:00:00.000 Z," Australian NBL/Sydney Kings v Cairns Taipans",36069265,HANDICAP,262425022,Handicap,1196407,Sydney Kings,-10.5,WINNER,1,201,Sydney Kings,v Cairns Taipans,21,111,90,2.26,2.38,,2.36,2.5,,2.38,2.5,,78.83,
2026-09-20 00:00:00.000 Z," Australian NBL/Sydney Kings v Cairns Taipans",36069265,HANDICAP,262425022,Handicap,1196408,Cairns Taipans,-9.5,LOSER,0,201,Sydney Kings,v Cairns Taipans,21,111,90,10.5,,,10.5,,,10.5,,,,
2026-09-20 00:00:00.000 Z," Australian NBL/Sydney Kings v Cairns Taipans",36069265,HANDICAP,262425022,Handicap,1196407,Sydney Kings,-9.5,WINNER,1,201,Sydney Kings,v Cairns Taipans,21,111,90,2.08,2.18,,2.16,2.28,,2.18,2.3,33,33,2.18
2026-09-20 00:00:00.000 Z," Australian NBL/Sydney Kings v Cairns Taipans",36069265,HANDICAP,262425022,Handicap,1196408,Cairns Taipans,-8.5,LOSER,0,201,Sydney Kings,v Cairns Taipans,21,111,90,9.6,,,9.6,,,9.6,,,,
2026-09-20 00:00:00.000 Z," Australian NBL/Sydney Kings v Cairns Taipans",36069265,HANDICAP,262425022,Handicap,1196407,Sydney Kings,-8.5,WINNER,1,201,Sydney Kings,v Cairns Taipans,21,111,90,1.91,1.99,10,1.98,2.1,10,1.99,2.1,121.72,151.72,1.91
2026-09-20 00:00:00.000 Z," Australian NBL/Sydney Kings v Cairns Taipans",36069265,HANDICAP,262425022,Handicap,1196408,Cairns Taipans,-7.5,LOSER,0,201,Sydney Kings,v Cairns Taipans,21,111,90,8.6,,,8.6,,,8.6,32,,,
2026-09-20 00:00:00.000 Z," Australian NBL/Sydney Kings v Cairns Taipans",36069265,HANDICAP,262425022,Handicap,1196407,Sydney Kings,-7.5,WINNER,1,201,Sydney Kings,v Cairns Taipans,21,111,90,1.78,1.85,,1.84,1.93,,1.85,1.94,,,
2026-09-20 00:00:00.000 Z," Australian NBL/Sydney Kings v Cairns Taipans",36069265,HANDICAP,262425022,Handicap,1196408,Cairns Taipans,-6.5,LOSER,0,201,Sydney Kings,v Cairns Taipans,21,111,90,7.6,28,,7.6,22,,7.6,22,,,
2026-09-20 00:00:00.000 Z," Australian NBL/Sydney Kings v Cairns Taipans",36069265,HANDICAP,262425022,Handicap,1196407,Sydney Kings,-6.5,WINNER,1,201,Sydney Kings,v Cairns Taipans,21,111,90,1.68,1.75,,1.73,1.81,,1.73,1.81,,,
2026-09-20 00:00:00.000 Z," Australian NBL/Sydney Kings v Cairns Taipans",36069265,HANDICAP,262425022,Handicap,1196408,Cairns Taipans,-5.5,LOSER,0,201,Sydney Kings,v Cairns Taipans,21,111,90,6.6,20,,6.6,16.5,,6.6,16.5,,,
2026-09-20 00:00:00.000 Z," Australian NBL/Sydney Kings v Cairns Taipans",36069265,HANDICAP,262425022,Handicap,1196407,Sydney Kings,-5.5,WINNER,1,201,Sydney Kings,v Cairns Taipans,21,111,90,1.56,1.67,,1.6,1.71,,1.56,1.71,,,
2026-09-20 00:00:00.000 Z," Australian NBL/Sydney Kings v Cairns Taipans",36069265,HANDICAP,262425022,Handicap,1196408,Cairns Taipans,-4.5,LOSER,0,201,Sydney Kings,v Cairns Taipans,21,111,90,6,14.5,,6,12,,5.4,12,,,
2026-09-20 00:00:00.000 Z," Australian NBL/Sydney Kings v Cairns Taipans",36069265,HANDICAP,262425022,Handicap,1196407,Sydney Kings,-4.5,WINNER,1,201,Sydney Kings,v Cairns Taipans,21,111,90,1.48,1.57,,1.48,1.61,,1.48,1.61,,,
2026-09-20 00:00:00.000 Z," Australian NBL/Sydney Kings v Cairns Taipans",36069265,HANDICAP,262425022,Handicap,1196408,Cairns Taipans,-3.5,LOSER,0,201,Sydney Kings,v Cairns Taipans,21,111,90,5.3,11,,5.3,9.6,,4.8,9.6,,,
2026-09-20 00:00:00.000 Z," Australian NBL/Sydney Kings v Cairns Taipans",36069265,HANDICAP,262425022,Handicap,1196407,Sydney Kings,-3.5,WINNER,1,201,Sydney Kings,v Cairns Taipans,21,111,90,1.35,1.56,,1.38,1.61,,1.38,1.61,,,
2026-09-20 00:00:00.000 Z," Australian NBL/Sydney Kings v Cairns Taipans",36069265,HANDICAP,262425022,Handicap,1196408,Cairns Taipans,-2.5,LOSER,0,201,Sydney Kings,v Cairns Taipans,21,111,90,4.7,9,,4.7,8.2,,4.3,8.2,,,
2026-09-20 00:00:00.000 Z," Australian NBL/Sydney Kings v Cairns Taipans",36069265,HANDICAP,262425022,Handicap,1196407,Sydney Kings,-2.5,WINNER,1,201,Sydney Kings,v Cairns Taipans,21,111,90,1.29,1.49,,1.32,1.53,,1.32,1.53,,,
2026-09-20 00:00:00.000 Z," Australian NBL/Sydney Kings v Cairns Taipans",36069265,HANDICAP,262425022,Handicap,1196408,Cairns Taipans,-1.5,LOSER,0,201,Sydney Kings,v Cairns Taipans,21,111,90,4.2,7.4,,4.2,6.8,,3.9,6.4,,,
2026-09-20 00:00:00.000 Z," Australian NBL/Sydney Kings v Cairns Taipans",36069265,HANDICAP,262425022,Handicap,1196407,Sydney Kings,-1.5,WINNER,1,201,Sydney Kings,v Cairns Taipans,21,111,90,1.24,1.42,,1.27,1.46,,1.26,1.46,,,
2026-09-20 00:00:00.000 Z," Australian NBL/Sydney Kings v Cairns Taipans",36069265,HANDICAP,262425022,Handicap,1196408,Cairns Taipans,-0.5,LOSER,0,201,Sydney Kings,v Cairns Taipans,21,111,90,3.85,6.2,,3.6,5.7,,3.6,5.7,,,
2026-09-20 00:00:00.000 Z," Australian NBL/Sydney Kings v Cairns Taipans",36069265,HANDICAP,262425022,Handicap,1196407,Sydney Kings,-0.5,WINNER,1,201,Sydney Kings,v Cairns Taipans,21,111,90,1.21,1.36,,1.21,1.36,3.75,1.23,1.4,3.75,3.75,1.36
2026-09-20 00:00:00.000 Z," Australian NBL/Sydney Kings v Cairns Taipans",36069265,HANDICAP,262425022,Handicap,1196408,Cairns Taipans,0.5,LOSER,0,201,Sydney Kings,v Cairns Taipans,21,111,90,3.85,6.2,,3.6,5.7,,3.6,5.7,,,
2026-09-20 00:00:00.000 Z," Australian NBL/Sydney Kings v Cairns Taipans",36069265,HANDICAP,262425022,Handicap,1196407,Sydney Kings,0.5,WINNER,1,201,Sydney Kings,v Cairns Taipans,21,111,90,1.2,1.36,,1.2,1.36,,1.22,1.4,,,
2026-09-20 00:00:00.000 Z," Australian NBL/Sydney Kings v Cairns Taipans",36069265,HANDICAP,262425022,Handicap,1196408,Cairns Taipans,1.5,LOSER,0,201,Sydney Kings,v Cairns Taipans,21,111,90,3.4,5.2,,3.2,4.8,,3.2,4.8,,,
2026-09-20 00:00:00.000 Z," Australian NBL/Sydney Kings v Cairns Taipans",36069265,HANDICAP,262425022,Handicap,1196407,Sydney Kings,1.5,WINNER,1,201,Sydney Kings,v Cairns Taipans,21,111,90,1.17,1.31,,1.17,1.34,,1.19,1.34,,,
2026-09-20 00:00:00.000 Z," Australian NBL/Sydney Kings v Cairns Taipans",36069265,HANDICAP,262425022,Handicap,1196408,Cairns Taipans,2.5,LOSER,0,201,Sydney Kings,v Cairns Taipans,21,111,90,3.1,4.5,,2.92,4.3,,2.92,4.1,,,
2026-09-20 00:00:00.000 Z," Australian NBL/Sydney Kings v Cairns Taipans",36069265,HANDICAP,262425022,Handicap,1196407,Sydney Kings,2.5,WINNER,1,201,Sydney Kings,v Cairns Taipans,21,111,90,1.15,1.27,,1.15,1.3,,1.14,1.3,,,
2026-09-20 00:00:00.000 Z," Australian NBL/Sydney Kings v Cairns Taipans",36069265,HANDICAP,262425022,Handicap,1196408,Cairns Taipans,3.5,LOSER,0,201,Sydney Kings,v Cairns Taipans,21,111,90,2.8,3.9,,2.66,3.65,,2.66,3.65,,,
2026-09-20 00:00:00.000 Z," Australian NBL/Sydney Kings v Cairns Taipans",36069265,HANDICAP,262425022,Handicap,1196407,Sydney Kings,3.5,WINNER,1,201,Sydney Kings,v Cairns Taipans,21,111,90,1.13,1.24,,1.13,1.24,,1.12,1.27,,,
2026-09-20 00:00:00.000 Z," Australian NBL/Sydney Kings v Cairns Taipans",36069265,HANDICAP,262425022,Handicap,1196408,Cairns Taipans,4.5,LOSER,0,201,Sydney Kings,v Cairns Taipans,21,111,90,2.72,3.1,,2.66,2.96,,2.66,2.98,,,
2026-09-20 00:00:00.000 Z," Australian NBL/Sydney Kings v Cairns Taipans",36069265,HANDICAP,262425022,Handicap,1196407,Sydney Kings,4.5,WINNER,1,201,Sydney Kings,v Cairns Taipans,21,111,90,1.11,1.21,,1.11,1.21,,1.11,1.24,,,
2026-09-20 00:00:00.000 Z," Australian NBL/Sydney Kings v Cairns Taipans",36069265,HANDICAP,262425022,Handicap,1196408,Cairns Taipans,5.5,LOSER,0,201,Sydney Kings,v Cairns Taipans,21,111,90,2.48,2.9,,2.42,2.9,,2.42,2.7,,,
2026-09-20 00:00:00.000 Z," Australian NBL/Sydney Kings v Cairns Taipans",36069265,HANDICAP,262425022,Handicap,1196407,Sydney Kings,5.5,WINNER,1,201,Sydney Kings,v Cairns Taipans,21,111,90,1.1,1.18,,1.1,1.18,,1.1,1.21,,,
2026-09-20 00:00:00.000 Z," Australian NBL/Sydney Kings v Cairns Taipans",36069265,HANDICAP,262425022,Handicap,1196408,Cairns Taipans,6.5,LOSER,0,201,Sydney Kings,v Cairns Taipans,21,111,90,2.34,2.46,,2.22,2.36,,2.24,2.36,,,
2026-09-20 00:00:00.000 Z," Australian NBL/Sydney Kings v Cairns Taipans",36069265,HANDICAP,262425022,Handicap,1196407,Sydney Kings,6.5,WINNER,1,201,Sydney Kings,v Cairns Taipans,21,111,90,1.08,1.16,,1.08,1.16,,1.09,1.16,,,
2026-09-20 00:00:00.000 Z," Australian NBL/Sydney Kings v Cairns Taipans",36069265,HANDICAP,262425022,Handicap,1196408,Cairns Taipans,7.5,LOSER,0,201,Sydney Kings,v Cairns Taipans,21,111,90,2.16,2.28,30,2.08,2.2,30,2.06,2.18,30,30,2.18
2026-09-20 00:00:00.000 Z," Australian NBL/Sydney Kings v Cairns Taipans",36069265,HANDICAP,262425022,Handicap,1196407,Sydney Kings,7.5,WINNER,1,201,Sydney Kings,v Cairns Taipans,21,111,90,1.07,1.14,,1.07,1.14,,1.07,1.14,,,
2026-09-20 00:00:00.000 Z," Australian NBL/Sydney Kings v Cairns Taipans",36069265,HANDICAP,262425022,Handicap,1196408,Cairns Taipans,8.5,LOSER,0,201,Sydney Kings,v Cairns Taipans,21,111,90,2,2.1,8.97,1.92,2.02,59.35,1.92,2.02,59.35,121.48,1.93
2026-09-20 00:00:00.000 Z," Australian NBL/Sydney Kings v Cairns Taipans",36069265,HANDICAP,262425022,Handicap,1196407,Sydney Kings,8.5,WINNER,1,201,Sydney Kings,v Cairns Taipans,21,111,90,1.06,1.13,,1.06,1.13,,1.06,1.13,,,
2026-09-20 00:00:00.000 Z," Australian NBL/Sydney Kings v Cairns Taipans",36069265,HANDICAP,262425022,Handicap,1196408,Cairns Taipans,9.5,LOSER,0,201,Sydney Kings,v Cairns Taipans,21,111,90,1.85,1.93,5.49,1.78,1.86,5.49,1.77,1.85,5.49,9.75,1.86
2026-09-20 00:00:00.000 Z," Australian NBL/Sydney Kings v Cairns Taipans",36069265,HANDICAP,262425022,Handicap,1196407,Sydney Kings,9.5,WINNER,1,201,Sydney Kings,v Cairns Taipans,21,111,90,1.05,1.11,,1.05,1.11,,1.05,1.11,,,
2026-09-20 00:00:00.000 Z," Australian NBL/Sydney Kings v Cairns Taipans",36069265,HANDICAP,262425022,Handicap,1196408,Cairns Taipans,10.5,LOSER,0,201,Sydney Kings,v Cairns Taipans,21,111,90,1.72,1.8,,1.67,1.74,,1.68,1.73,,33.46,
2026-09-20 00:00:00.000 Z," Australian NBL/Sydney Kings v Cairns Taipans",36069265,HANDICAP,262425022,Handicap,1196407,Sydney Kings,10.5,WINNER,1,201,Sydney Kings,v Cairns Taipans,21,111,90,1.04,,,1.04,,,1.04,,,,
2026-09-20 00:00:00.000 Z," Australian NBL/Sydney Kings v Cairns Taipans",36069265,HANDICAP,262425022,Handicap,1196408,Cairns Taipans,11.5,LOSER,0,201,Sydney Kings,v Cairns Taipans,21,111,90,1.63,1.7,,1.58,1.64,,1.58,1.64,,13.83,
2026-09-20 00:00:00.000 Z," Australian NBL/Sydney Kings v Cairns Taipans",36069265,HANDICAP,262425022,Handicap,1196407,Sydney Kings,11.5,WINNER,1,201,Sydney Kings,v Cairns Taipans,21,111,90,1.03,,,1.03,,,1.03,,,,
2026-09-20 00:00:00.000 Z," Australian NBL/Sydney Kings v Cairns Taipans",36069265,HANDICAP,262425022,Handicap,1196408,Cairns Taipans,12.5,LOSER,0,201,Sydney Kings,v Cairns Taipans,21,111,90,1.53,1.67,,1.5,1.67,,1.5,1.67,,45.79,
2026-09-20 00:00:00.000 Z," Australian NBL/Sydney Kings v Cairns Taipans",36069265,HANDICAP,262425022,Handicap,1196407,Sydney Kings,12.5,WINNER,1,201,Sydney Kings,v Cairns Taipans,21,111,90,1.02,,,1.02,,,1.02,,,,
2026-09-20 00:00:00.000 Z," Australian NBL/Sydney Kings v Cairns Taipans",36069265,HANDICAP,262425022,Handicap,1196408,Cairns Taipans,13.5,LOSER,0,201,Sydney Kings,v Cairns Taipans,21,111,90,1.38,1.63,,1.38,1.59,,1.38,1.57,,365.36,
2026-09-20 00:00:00.000 Z," Australian NBL/Sydney Kings v Cairns Taipans",36069265,HANDICAP,262425022,Handicap,1196407,Sydney Kings,13.5,WINNER,1,201,Sydney Kings,v Cairns Taipans,21,111,90,1.01,,,1.01,,,1.01,,,,
2026-09-20 00:00:00.000 Z," Australian NBL/Sydney Kings v Cairns Taipans",36069265,HANDICAP,262425022,Handicap,1196408,Cairns Taipans,14.5,LOSER,0,201,Sydney Kings,v Cairns Taipans,21,111,90,1.33,1.54,,1.33,1.5,,1.33,1.5,,27.74,
2026-09-20 00:00:00.000 Z," Australian NBL/Sydney Kings v Cairns Taipans",36069265,HANDICAP,262425022,Handicap,1196407,Sydney Kings,14.5,WINNER,1,201,Sydney Kings,v Cairns Taipans,21,111,90,,,,,,,,,,,
2026-09-20 00:00:00.000 Z," Australian NBL/Sydney Kings v Cairns Taipans",36069265,HANDICAP,262425022,Handicap,1196408,Cairns Taipans,15.5,LOSER,0,201,Sydney Kings,v Cairns Taipans,21,111,90,1.29,1.47,,1.29,1.44,,1.29,1.44,,317.83,
2026-09-20 00:00:00.000 Z," Australian NBL/Sydney Kings v Cairns Taipans",36069265,HANDICAP,262425022,Handicap,1196407,Sydney Kings,15.5,WINNER,1,201,Sydney Kings,v Cairns Taipans,21,111,90,,,,,,,,,,,
2026-09-20 00:00:00.000 Z," Australian NBL/Sydney Kings v Cairns Taipans",36069265,HANDICAP,262425022,Handicap,1196408,Cairns Taipans,16.5,LOSER,0,201,Sydney Kings,v Cairns Taipans,21,111,90,1.25,1.41,,1.25,1.38,,1.25,1.38,,74.54,
2026-09-20 00:00:00.000 Z," Australian NBL/Sydney Kings v Cairns Taipans",36069265,HANDICAP,262425022,Handicap,1196407,Sydney Kings,16.5,WINNER,1,201,Sydney Kings,v Cairns Taipans,21,111,90,,,,,,,,,,,
2026-09-20 00:00:00.000 Z," Australian NBL/Sydney Kings v Cairns Taipans",36069265,HANDICAP,262425022,Handicap,1196408,Cairns Taipans,17.5,LOSER,0,201,Sydney Kings,v Cairns Taipans,21,111,90,1.22,1.35,,1.22,1.32,,1.22,1.32,,29.9,
2026-09-20 00:00:00.000 Z," Australian NBL/Sydney Kings v Cairns Taipans",36069265,HANDICAP,262425022,Handicap,1196407,Sydney Kings,17.5,WINNER,1,201,Sydney Kings,v Cairns Taipans,21,111,90,,,,,,,,,,,
2026-09-20 00:00:00.000 Z," Australian NBL/Sydney Kings v Cairns Taipans",36069265,HANDICAP,262425022,Handicap,1196408,Cairns Taipans,18.5,LOSER,0,201,Sydney Kings,v Cairns Taipans,21,111,90,1.19,1.31,,1.18,1.29,,1.18,1.29,,285.06,
2026-09-20 00:00:00.000 Z," Australian NBL/Sydney Kings v Cairns Taipans",36069265,HANDICAP,262425022,Handicap,1196407,Sydney Kings,18.5,WINNER,1,201,Sydney Kings,v Cairns Taipans,21,111,90,,,,,1.68,3.22,,1.68,3.22,3.22,1.68
2026-09-20 00:00:00.000 Z," Australian NBL/Sydney Kings v Cairns Taipans",36069265,HANDICAP,262425022,Handicap,1196408,Cairns Taipans,19.5,LOSER,0,201,Sydney Kings,v Cairns Taipans,21,111,90,1.16,1.27,,1.15,1.25,,1.15,1.25,,282.55,
2026-09-20 00:00:00.000 Z," Australian NBL/Sydney Kings v Cairns Taipans",36069265,HANDICAP,262425022,Handicap,1196407,Sydney Kings,19.5,WINNER,1,201,Sydney Kings,v Cairns Taipans,21,111,90,,,,,,,,,,,
2026-09-20 00:00:00.000 Z," Australian NBL/Sydney Kings v Cairns Taipans",36069265,HANDICAP,262425022,Handicap,1196408,Cairns Taipans,20.5,LOSER,0,201,Sydney Kings,v Cairns Taipans,21,111,90,1.14,1.24,,1.13,1.22,,1.13,1.22,,69.87,
2026-09-20 00:00:00.000 Z," Australian NBL/Sydney Kings v Cairns Taipans",36069265,HANDICAP,262425022,Handicap,1196407,Sydney Kings,20.5,WINNER,1,201,Sydney Kings,v Cairns Taipans,21,111,90,,,,,,,,,,,
2026-09-20 00:00:00.000 Z," Australian NBL/Sydney Kings v Cairns Taipans",36069265,HANDICAP,262425022,Handicap,1196407,Sydney Kings,21.5,WINNER,1,201,Sydney Kings,v Cairns Taipans,21,111,90,,,,,,,,,,,
2026-09-20 00:00:00.000 Z," Australian NBL/Sydney Kings v Cairns Taipans",36069265,HANDICAP,262425022,Handicap,1196408,Cairns Taipans,21.5,WINNER,1,201,Sydney Kings,v Cairns Taipans,21,111,90,1.12,1.21,,1.11,1.19,,1.11,1.19,,16.44,
2026-09-20 00:00:00.000 Z," Australian NBL/Sydney Kings v Cairns Taipans",36069265,HANDICAP,262425022,Handicap,1196408,Cairns Taipans,22.5,WINNER,1,201,Sydney Kings,v Cairns Taipans,21,111,90,1.1,1.18,,1.1,1.18,,1.1,1.18,,4.02,
2026-09-20 00:00:00.000 Z," Australian NBL/Sydney Kings v Cairns Taipans",36069265,HANDICAP,262425022,Handicap,1196407,Sydney Kings,22.5,WINNER,1,201,Sydney Kings,v Cairns Taipans,21,111,90,,,,,,,,,,,
2026-09-20 00:00:00.000 Z," Australian NBL/Sydney Kings v Cairns Taipans",36069265,HANDICAP,262425022,Handicap,1196408,Cairns Taipans,23.5,WINNER,1,201,Sydney Kings,v Cairns Taipans,21,111,90,1.09,1.16,,1.09,1.16,,1.09,1.16,,,
2026-09-20 00:00:00.000 Z," Australian NBL/Sydney Kings v Cairns Taipans",36069265,HANDICAP,262425022,Handicap,1196407,Sydney Kings,23.5,WINNER,1,201,Sydney Kings,v Cairns Taipans,21,111,90,,,,,,,,,,,
2026-09-20 00:00:00.000 Z," Australian NBL/Sydney Kings v Cairns Taipans",36069265,HANDICAP,262425022,Handicap,1196407,Sydney Kings,24.5,WINNER,1,201,Sydney Kings,v Cairns Taipans,21,111,90,,,,,,,,,,,
2026-09-20 00:00:00.000 Z," Australian NBL/Sydney Kings v Cairns Taipans",36069265,HANDICAP,262425022,Handicap,1196408,Cairns Taipans,24.5,WINNER,1,201,Sydney Kings,v Cairns Taipans,21,111,90,1.08,1.14,,1.08,1.14,,1.08,1.14,,,
2026-09-20 00:00:00.000 Z," Australian NBL/Sydney Kings v Cairns Taipans",36069265,HANDICAP,262425022,Handicap,1196407,Sydney Kings,25.5,WINNER,1,201,Sydney Kings,v Cairns Taipans,21,111,90,,,,,,,,,,,
2026-09-20 00:00:00.000 Z," Australian NBL/Sydney Kings v Cairns Taipans",36069265,HANDICAP,262425022,Handicap,1196408,Cairns Taipans,25.5,WINNER,1,201,Sydney Kings,v Cairns Taipans,21,111,90,1.07,1.13,,1.07,1.13,,1.07,1.13,,,
2026-09-20 00:00:00.000 Z," Australian NBL/Sydney Kings v Cairns Taipans",36069265,HANDICAP,262425022,Handicap,1196408,Cairns Taipans,26.5,WINNER,1,201,Sydney Kings,v Cairns Taipans,21,111,90,1.06,1.11,,1.06,,,1.06,,,,
2026-09-20 00:00:00.000 Z," Australian NBL/Sydney Kings v Cairns Taipans",36069265,HANDICAP,262425022,Handicap,1196407,Sydney Kings,26.5,WINNER,1,201,Sydney Kings,v Cairns Taipans,21,111,90,,,,,,,,,,,
2026-09-20 00:00:00.000 Z," Australian NBL/Sydney Kings v Cairns Taipans",36069265,HANDICAP,262425022,Handicap,1196407,Sydney Kings,27.5,WINNER,1,201,Sydney Kings,v Cairns Taipans,21,111,90,,,,,,,,,,,
2026-09-20 00:00:00.000 Z," Australian NBL/Sydney Kings v Cairns Taipans",36069265,HANDICAP,262425022,Handicap,1196408,Cairns Taipans,27.5,WINNER,1,201,Sydney Kings,v Cairns Taipans,21,111,90,1.05,,,1.05,,,1.05,,,,
2026-09-20 00:00:00.000 Z," Australian NBL/Sydney Kings v Cairns Taipans",36069265,HANDICAP,262425022,Handicap,1196407,Sydney Kings,28.5,WINNER,1,201,Sydney Kings,v Cairns Taipans,21,111,90,,,,,,,,,,,
2026-09-20 00:00:00.000 Z," Australian NBL/Sydney Kings v Cairns Taipans",36069265,HANDICAP,262425022,Handicap,1196408,Cairns Taipans,28.5,WINNER,1,201,Sydney Kings,v Cairns Taipans,21,111,90,1.04,,,1.04,,,1.04,,,,
2026-09-20 00:00:00.000 Z," Australian NBL/Sydney Kings v Cairns Taipans",36069265,HANDICAP,262425022,Handicap,1196407,Sydney Kings,29.5,WINNER,1,201,Sydney Kings,v Cairns Taipans,21,111,90,,,,,,,,,,,
2026-09-20 00:00:00.000 Z," Australian NBL/Sydney Kings v Cairns Taipans",36069265,HANDICAP,262425022,Handicap,1196408,Cairns Taipans,29.5,WINNER,1,201,Sydney Kings,v Cairns Taipans,21,111,90,1.03,,,1.03,,,1.03,,,,
2026-09-20 00:00:00.000 Z," Australian NBL/Sydney Kings v Cairns Taipans",36069265,HANDICAP,262425022,Handicap,1196407,Sydney Kings,30.5,WINNER,1,201,Sydney Kings,v Cairns Taipans,21,111,90,,,,,,,,,,,
2026-09-20 00:00:00.000 Z," Australian NBL/Sydney Kings v Cairns Taipans",36069265,HANDICAP,262425022,Handicap,1196408,Cairns Taipans,30.5,WINNER,1,201,Sydney Kings,v Cairns Taipans,21,111,90,1.02,,,1.02,,,1.02,,,,
2026-09-20 00:00:00.000 Z," Australian NBL/Sydney Kings v Cairns Taipans",36069265,HANDICAP,262425022,Handicap,1196407,Sydney Kings,31.5,WINNER,1,201,Sydney Kings,v Cairns Taipans,21,111,90,,,,,,,,,,,
2026-09-20 00:00:00.000 Z," Australian NBL/Sydney Kings v Cairns Taipans",36069265,HANDICAP,262425022,Handicap,1196408,Cairns Taipans,31.5,WINNER,1,201,Sydney Kings,v Cairns Taipans,21,111,90,1.01,,,1.01,,,1.01,,,,
2026-09-20 00:00:00.000 Z," Australian NBL/Sydney Kings v Cairns Taipans",36069265,HANDICAP,262425022,Handicap,1196408,Cairns Taipans,32.5,WINNER,1,201,Sydney Kings,v Cairns Taipans,21,111,90,,,,,,,,,,,
2026-09-20 00:00:00.000 Z," Australian NBL/Sydney Kings v Cairns Taipans",36069265,HANDICAP,262425022,Handicap,1196407,Sydney Kings,32.5,WINNER,1,201,Sydney Kings,v Cairns Taipans,21,111,90,,,,,,,,,,,
2026-09-20 00:00:00.000 Z," Australian NBL/Sydney Kings v Cairns Taipans",36069265,HANDICAP,262425022,Handicap,1196408,Cairns Taipans,33.5,WINNER,1,201,Sydney Kings,v Cairns Taipans,21,111,90,,,,,,,,,,,
2026-09-20 00:00:00.000 Z," Australian NBL/Sydney Kings v Cairns Taipans",36069265,HANDICAP,262425022,Handicap,1196407,Sydney Kings,33.5,WINNER,1,201,Sydney Kings,v Cairns Taipans,21,111,90,,,,,,,,,,,
2026-09-20 00:00:00.000 Z," Australian NBL/Sydney Kings v Cairns Taipans",36069265,HANDICAP,262425022,Handicap,1196408,Cairns Taipans,34.5,WINNER,1,201,Sydney Kings,v Cairns Taipans,21,111,90,,,,,,,,,,,
2026-09-20 00:00:00.000 Z," Australian NBL/Sydney Kings v Cairns Taipans",36069265,HANDICAP,262425022,Handicap,1196407,Sydney Kings,34.5,WINNER,1,201,Sydney Kings,v Cairns Taipans,21,111,90,,,,,,,,,,,
2026-09-20 00:00:00.000 Z," Australian NBL/Sydney Kings v Cairns Taipans",36069265,HANDICAP,262425022,Handicap,1196407,Sydney Kings,35.5,WINNER,1,201,Sydney Kings,v Cairns Taipans,21,111,90,,,,,,,,,,,
2026-09-20 00:00:00.000 Z," Australian NBL/Sydney Kings v Cairns Taipans",36069265,HANDICAP,262425022,Handicap,1196408,Cairns Taipans,35.5,WINNER,1,201,Sydney Kings,v Cairns Taipans,21,111,90,,,,,,,,,,,
2026-09-20 00:00:00.000 Z," Australian NBL/Sydney Kings v Cairns Taipans",36069265,MATCH_ODDS,262425021,Match Odds,1196408,Cairns Taipans,0,LOSER,0,201,Sydney Kings,v Cairns Taipans,21,111,90,4.3,4.8,416.81,4.2,4.3,651.02,4.1,4.3,1548.6,3511.09,4.3
2026-09-20 00:00:00.000 Z," Australian NBL/Sydney Kings v Cairns Taipans",36069265,MATCH_ODDS,262425021,Match Odds,1196407,Sydney Kings,0,WINNER,1,201,Sydney Kings,v Cairns Taipans,21,111,90,1.28,1.3,2499.52,1.3,1.31,2694.66,1.3,1.31,4674.52,18393.97,1.3
2026-09-20 00:00:00.000 Z," Australian NBL/Sydney Kings v Cairns Taipans",36069265,MATCH_ODDS,262425205,Moneyline,1196408,Cairns Taipans,0,LOSER,0,201,Sydney Kings,v Cairns Taipans,21,111,90,,,,,,,,,,19.29,
2026-09-20 00:00:00.000 Z," Australian NBL/Sydney Kings v Cairns Taipans",36069265,MATCH_ODDS,262425205,Moneyline,1196407,Sydney Kings,0,WINNER,1,201,Sydney Kings,v Cairns Taipans,21,111,90,,,,,,,,,,84.66,
2026-09-20 00:00:00.000 Z," Australian NBL/Sydney Kings v Cairns Taipans",36069265,COMBINED_TOTAL,262424799,Total Points,7017824,Under,80.5,LOSER,0,201,Sydney Kings,v Cairns Taipans,21,111,90,1.01,,,1.01,,,1.01,,,,
2026-09-20 00:00:00.000 Z," Australian NBL/Sydney Kings v Cairns Taipans",36069265,COMBINED_TOTAL,262424799,Total Points,7017823,Over,80.5,WINNER,1,201,Sydney Kings,v Cairns Taipans,21,111,90,,,,,,,,,,,
2026-09-20 00:00:00.000 Z," Australian NBL/Sydney Kings v Cairns Taipans",36069265,COMBINED_TOTAL,262424799,Total Points,7017824,Under,81.5,LOSER,0,201,Sydney Kings,v Cairns Taipans,21,111,90,1.01,,,1.01,,,1.01,,,,
2026-09-20 00:00:00.000 Z," Australian NBL/Sydney Kings v Cairns Taipans",36069265,COMBINED_TOTAL,262424799,Total Points,7017823,Over,81.5,WINNER,1,201,Sydney Kings,v Cairns Taipans,21,111,90,,,,,,,,,,,
2026-09-20 00:00:00.000 Z," Australian NBL/Sydney Kings v Cairns Taipans",36069265,COMBINED_TOTAL,262424799,Total Points,7017824,Under,82.5,LOSER,0,201,Sydney Kings,v Cairns Taipans,21,111,90,1.01,,,1.01,,,1.01,,,,
2026-09-20 00:00:00.000 Z," Australian NBL/Sydney Kings v Cairns Taipans",36069265,COMBINED_TOTAL,262424799,Total Points,7017823,Over,82.5,WINNER,1,201,Sydney Kings,v Cairns Taipans,21,111,90,,,,,,,,,,,
2026-09-20 00:00:00.000 Z," Australian NBL/Sydney Kings v Cairns Taipans",36069265,COMBINED_TOTAL,262424799,Total Points,7017824,Under,83.5,LOSER,0,201,Sydney Kings,v Cairns Taipans,21,111,90,1.01,,,1.01,,,1.01,,,,
2026-09-20 00:00:00.000 Z," Australian NBL/Sydney Kings v Cairns Taipans",36069265,COMBINED_TOTAL,262424799,Total Points,7017823,Over,83.5,WINNER,1,201,Sydney Kings,v Cairns Taipans,21,111,90,,,,,,,,,,,
2026-09-20 00:00:00.000 Z," Australian NBL/Sydney Kings v Cairns Taipans",36069265,COMBINED_TOTAL,262424799,Total Points,7017824,Under,84.5,LOSER,0,201,Sydney Kings,v Cairns Taipans,21,111,90,1.01,,,1.01,,,1.01,,,,
2026-09-20 00:00:00.000 Z," Australian NBL/Sydney Kings v Cairns Taipans",36069265,COMBINED_TOTAL,262424799,Total Points,7017823,Over,84.5,WINNER,1,201,Sydney Kings,v Cairns Taipans,21,111,90,,,,,,,,,,,
2026-09-20 00:00:00.000 Z," Australian NBL/Sydney Kings v Cairns Taipans",36069265,COMBINED_TOTAL,262424799,Total Points,7017824,Under,85.5,LOSER,0,201,Sydney Kings,v Cairns Taipans,21,111,90,1.01,,,1.01,,,1.01,,,,
2026-09-20 00:00:00.000 Z," Australian NBL/Sydney Kings v Cairns Taipans",36069265,COMBINED_TOTAL,262424799,Total Points,7017823,Over,85.5,WINNER,1,201,Sydney Kings,v Cairns Taipans,21,111,90,,,,,,,,,,,
2026-09-20 00:00:00.000 Z," Australian NBL/Sydney Kings v Cairns Taipans",36069265,COMBINED_TOTAL,262424799,Total Points,7017824,Under,86.5,LOSER,0,201,Sydney Kings,v Cairns Taipans,21,111,90,1.01,,,1.01,,,1.01,,,,
2026-09-20 00:00:00.000 Z," Australian NBL/Sydney Kings v Cairns Taipans",36069265,COMBINED_TOTAL,262424799,Total Points,7017823,Over,86.5,WINNER,1,201,Sydney Kings,v Cairns Taipans,21,111,90,,,,,,,,,,,
2026-09-20 00:00:00.000 Z," Australian NBL/Sydney Kings v Cairns Taipans",36069265,COMBINED_TOTAL,262424799,Total Points,7017824,Under,87.5,LOSER,0,201,Sydney Kings,v Cairns Taipans,21,111,90,1.01,,,1.01,,,1.01,,,,
2026-09-20 00:00:00.000 Z," Australian NBL/Sydney Kings v Cairns Taipans",36069265,COMBINED_TOTAL,262424799,Total Points,7017823,Over,87.5,WINNER,1,201,Sydney Kings,v Cairns Taipans,21,111,90,,,,,,,,,,,
2026-09-20 00:00:00.000 Z," Australian NBL/Sydney Kings v Cairns Taipans",36069265,COMBINED_TOTAL,262424799,Total Points,7017824,Under,88.5,LOSER,0,201,Sydney Kings,v Cairns Taipans,21,111,90,1.01,,,1.01,,,1.01,,,,
2026-09-20 00:00:00.000 Z," Australian NBL/Sydney Kings v Cairns Taipans",36069265,COMBINED_TOTAL,262424799,Total Points,7017823,Over,88.5,WINNER,1,201,Sydney Kings,v Cairns Taipans,21,111,90,,,,,,,,,,,
2026-09-20 00:00:00.000 Z," Australian NBL/Sydney Kings v Cairns Taipans",36069265,COMBINED_TOTAL,262424799,Total Points,7017824,Under,89.5,LOSER,0,201,Sydney Kings,v Cairns Taipans,21,111,90,1.01,,,1.01,,,1.01,,,,
2026-09-20 00:00:00.000 Z," Australian NBL/Sydney Kings v Cairns Taipans",36069265,COMBINED_TOTAL,262424799,Total Points,7017823,Over,89.5,WINNER,1,201,Sydney Kings,v Cairns Taipans,21,111,90,,,,,,,,,,,
2026-09-20 00:00:00.000 Z," Australian NBL/Sydney Kings v Cairns Taipans",36069265,COMBINED_TOTAL,262424799,Total Points,7017824,Under,90.5,LOSER,0,201,Sydney Kings,v Cairns Taipans,21,111,90,1.01,,,1.01,,,1.01,,,,
2026-09-20 00:00:00.000 Z," Australian NBL/Sydney Kings v Cairns Taipans",36069265,COMBINED_TOTAL,262424799,Total Points,7017823,Over,90.5,WINNER,1,201,Sydney Kings,v Cairns Taipans,21,111,90,,,,,,,,,,,
2026-09-20 00:00:00.000 Z," Australian NBL/Sydney Kings v Cairns Taipans",36069265,COMBINED_TOTAL,262424799,Total Points,7017824,Under,91.5,LOSER,0,201,Sydney Kings,v Cairns Taipans,21,111,90,1.01,,,1.01,,,1.01,,,,
2026-09-20 00:00:00.000 Z," Australian NBL/Sydney Kings v Cairns Taipans",36069265,COMBINED_TOTAL,262424799,Total Points,7017823,Over,91.5,WINNER,1,201,Sydney Kings,v Cairns Taipans,21,111,90,,,,,,,,,,,
2026-09-20 00:00:00.000 Z," Australian NBL/Sydney Kings v Cairns Taipans",36069265,COMBINED_TOTAL,262424799,Total Points,7017824,Under,92.5,LOSER,0,201,Sydney Kings,v Cairns Taipans,21,111,90,1.01,,,1.01,,,1.01,,,,
2026-09-20 00:00:00.000 Z," Australian NBL/Sydney Kings v Cairns Taipans",36069265,COMBINED_TOTAL,262424799,Total Points,7017823,Over,92.5,WINNER,1,201,Sydney Kings,v Cairns Taipans,21,111,90,,,,,,,,,,,
2026-09-20 00:00:00.000 Z," Australian NBL/Sydney Kings v Cairns Taipans",36069265,COMBINED_TOTAL,262424799,Total Points,7017824,Under,93.5,LOSER,0,201,Sydney Kings,v Cairns Taipans,21,111,90,1.01,,,1.01,,,1.01,,,,
2026-09-20 00:00:00.000 Z," Australian NBL/Sydney Kings v Cairns Taipans",36069265,COMBINED_TOTAL,262424799,Total Points,7017823,Over,93.5,WINNER,1,201,Sydney Kings,v Cairns Taipans,21,111,90,,,,,,,,,,,
2026-09-20 00:00:00.000 Z," Australian NBL/Sydney Kings v Cairns Taipans",36069265,COMBINED_TOTAL,262424799,Total Points,7017824,Under,94.5,LOSER,0,201,Sydney Kings,v Cairns Taipans,21,111,90,1.01,,,1.01,,,1.01,,,,
2026-09-20 00:00:00.000 Z," Australian NBL/Sydney Kings v Cairns Taipans",36069265,COMBINED_TOTAL,262424799,Total Points,7017823,Over,94.5,WINNER,1,201,Sydney Kings,v Cairns Taipans,21,111,90,,,,,,,,,,,
2026-09-20 00:00:00.000 Z," Australian NBL/Sydney Kings v Cairns Taipans",36069265,COMBINED_TOTAL,262424799,Total Points,7017824,Under,95.5,LOSER,0,201,Sydney Kings,v Cairns Taipans,21,111,90,1.01,,,1.01,,,1.01,,,,
2026-09-20 00:00:00.000 Z," Australian NBL/Sydney Kings v Cairns Taipans",36069265,COMBINED_TOTAL,262424799,Total Points,7017823,Over,95.5,WINNER,1,201,Sydney Kings,v Cairns Taipans,21,111,90,,,,,,,,,,,
2026-09-20 00:00:00.000 Z," Australian NBL/Sydney Kings v Cairns Taipans",36069265,COMBINED_TOTAL,262424799,Total Points,7017824,Under,96.5,LOSER,0,201,Sydney Kings,v Cairns Taipans,21,111,90,1.01,,,1.01,,,1.01,,,,
2026-09-20 00:00:00.000 Z," Australian NBL/Sydney Kings v Cairns Taipans",36069265,COMBINED_TOTAL,262424799,Total Points,7017823,Over,96.5,WINNER,1,201,Sydney Kings,v Cairns Taipans,21,111,90,,,,,,,,,,,
2026-09-20 00:00:00.000 Z," Australian NBL/Sydney Kings v Cairns Taipans",36069265,COMBINED_TOTAL,262424799,Total Points,7017824,Under,97.5,LOSER,0,201,Sydney Kings,v Cairns Taipans,21,111,90,1.01,,,1.01,,,1.01,,,,
2026-09-20 00:00:00.000 Z," Australian NBL/Sydney Kings v Cairns Taipans",36069265,COMBINED_TOTAL,262424799,Total Points,7017823,Over,97.5,WINNER,1,201,Sydney Kings,v Cairns Taipans,21,111,90,,,,,,,,,,,
2026-09-20 00:00:00.000 Z," Australian NBL/Sydney Kings v Cairns Taipans",36069265,COMBINED_TOTAL,262424799,Total Points,7017824,Under,98.5,LOSER,0,201,Sydney Kings,v Cairns Taipans,21,111,90,1.01,,,1.01,,,1.01,,,,
2026-09-20 00:00:00.000 Z," Australian NBL/Sydney Kings v Cairns Taipans",36069265,COMBINED_TOTAL,262424799,Total Points,7017823,Over,98.5,WINNER,1,201,Sydney Kings,v Cairns Taipans,21,111,90,,,,,,,,,,,
2026-09-20 00:00:00.000 Z," Australian NBL/Sydney Kings v Cairns Taipans",36069265,COMBINED_TOTAL,262424799,Total Points,7017824,Under,99.5,LOSER,0,201,Sydney Kings,v Cairns Taipans,21,111,90,1.01,,,1.01,,,1.01,,,,
2026-09-20 00:00:00.000 Z," Australian NBL/Sydney Kings v Cairns Taipans",36069265,COMBINED_TOTAL,262424799,Total Points,7017823,Over,99.5,WINNER,1,201,Sydney Kings,v Cairns Taipans,21,111,90,,,,,,,,,,,
2026-09-20 00:00:00.000 Z," Australian NBL/Sydney Kings v Cairns Taipans",36069265,COMBINED_TOTAL,262424799,Total Points,7017824,Under,100.5,LOSER,0,201,Sydney Kings,v Cairns Taipans,21,111,90,1.01,,,1.01,,,1.01,,,,
2026-09-20 00:00:00.000 Z," Australian NBL/Sydney Kings v Cairns Taipans",36069265,COMBINED_TOTAL,262424799,Total Points,7017823,Over,100.5,WINNER,1,201,Sydney Kings,v Cairns Taipans,21,111,90,,,,,,,,,,,
2026-09-20 00:00:00.000 Z," Australian NBL/Sydney Kings v Cairns Taipans",36069265,COMBINED_TOTAL,262424799,Total Points,7017824,Under,101.5,LOSER,0,201,Sydney Kings,v Cairns Taipans,21,111,90,1.01,,,1.01,,,1.01,,,,
2026-09-20 00:00:00.000 Z," Australian NBL/Sydney Kings v Cairns Taipans",36069265,COMBINED_TOTAL,262424799,Total Points,7017823,Over,101.5,WINNER,1,201,Sydney Kings,v Cairns Taipans,21,111,90,,,,,,,,,,,
2026-09-20 00:00:00.000 Z," Australian NBL/Sydney Kings v Cairns Taipans",36069265,COMBINED_TOTAL,262424799,Total Points,7017824,Under,102.5,LOSER,0,201,Sydney Kings,v Cairns Taipans,21,111,90,1.01,,,1.01,,,1.01,,,,
2026-09-20 00:00:00.000 Z," Australian NBL/Sydney Kings v Cairns Taipans",36069265,COMBINED_TOTAL,262424799,Total Points,7017823,Over,102.5,WINNER,1,201,Sydney Kings,v Cairns Taipans,21,111,90,,,,,,,,,,,
2026-09-20 00:00:00.000 Z," Australian NBL/Sydney Kings v Cairns Taipans",36069265,COMBINED_TOTAL,262424799,Total Points,7017824,Under,103.5,LOSER,0,201,Sydney Kings,v Cairns Taipans,21,111,90,1.01,,,1.01,,,1.01,,,,
2026-09-20 00:00:00.000 Z," Australian NBL/Sydney Kings v Cairns Taipans",36069265,COMBINED_TOTAL,262424799,Total Points,7017823,Over,103.5,WINNER,1,201,Sydney Kings,v Cairns Taipans,21,111,90,,,,,,,,,,,
2026-09-20 00:00:00.000 Z," Australian NBL/Sydney Kings v Cairns Taipans",36069265,COMBINED_TOTAL,262424799,Total Points,7017824,Under,104.5,LOSER,0,201,Sydney Kings,v Cairns Taipans,21,111,90,1.01,,,1.01,,,1.01,,,,
2026-09-20 00:00:00.000 Z," Australian NBL/Sydney Kings v Cairns Taipans",36069265,COMBINED_TOTAL,262424799,Total Points,7017823,Over,104.5,WINNER,1,201,Sydney Kings,v Cairns Taipans,21,111,90,,,,,,,,,,,
2026-09-20 00:00:00.000 Z," Australian NBL/Sydney Kings v Cairns Taipans",36069265,COMBINED_TOTAL,262424799,Total Points,7017824,Under,105.5,LOSER,0,201,Sydney Kings,v Cairns Taipans,21,111,90,1.01,,,1.01,,,1.01,,,,
2026-09-20 00:00:00.000 Z," Australian NBL/Sydney Kings v Cairns Taipans",36069265,COMBINED_TOTAL,262424799,Total Points,7017823,Over,105.5,WINNER,1,201,Sydney Kings,v Cairns Taipans,21,111,90,,,,,,,,,,,
2026-09-20 00:00:00.000 Z," Australian NBL/Sydney Kings v Cairns Taipans",36069265,COMBINED_TOTAL,262424799,Total Points,7017824,Under,106.5,LOSER,0,201,Sydney Kings,v Cairns Taipans,21,111,90,1.01,,,1.01,,,1.01,,,,
2026-09-20 00:00:00.000 Z," Australian NBL/Sydney Kings v Cairns Taipans",36069265,COMBINED_TOTAL,262424799,Total Points,7017823,Over,106.5,WINNER,1,201,Sydney Kings,v Cairns Taipans,21,111,90,,,,,,,,,,,
2026-09-20 00:00:00.000 Z," Australian NBL/Sydney Kings v Cairns Taipans",36069265,COMBINED_TOTAL,262424799,Total Points,7017824,Under,107.5,LOSER,0,201,Sydney Kings,v Cairns Taipans,21,111,90,1.01,,,1.01,,,1.01,,,,
2026-09-20 00:00:00.000 Z," Australian NBL/Sydney Kings v Cairns Taipans",36069265,COMBINED_TOTAL,262424799,Total Points,7017823,Over,107.5,WINNER,1,201,Sydney Kings,v Cairns Taipans,21,111,90,,,,,,,,,,,
2026-09-20 00:00:00.000 Z," Australian NBL/Sydney Kings v Cairns Taipans",36069265,COMBINED_TOTAL,262424799,Total Points,7017824,Under,108.5,LOSER,0,201,Sydney Kings,v Cairns Taipans,21,111,90,1.01,,,1.01,,,1.01,,,,
2026-09-20 00:00:00.000 Z," Australian NBL/Sydney Kings v Cairns Taipans",36069265,COMBINED_TOTAL,262424799,Total Points,7017823,Over,108.5,WINNER,1,201,Sydney Kings,v Cairns Taipans,21,111,90,,,,,,,,,,,
2026-09-20 00:00:00.000 Z," Australian NBL/Sydney Kings v Cairns Taipans",36069265,COMBINED_TOTAL,262424799,Total Points,7017824,Under,109.5,LOSER,0,201,Sydney Kings,v Cairns Taipans,21,111,90,1.01,,,1.01,,,1.01,,,,
2026-09-20 00:00:00.000 Z," Australian NBL/Sydney Kings v Cairns Taipans",36069265,COMBINED_TOTAL,262424799,Total Points,7017823,Over,109.5,WINNER,1,201,Sydney Kings,v Cairns Taipans,21,111,90,,,,,,,,,,,
2026-09-20 00:00:00.000 Z," Australian NBL/Sydney Kings v Cairns Taipans",36069265,COMBINED_TOTAL,262424799,Total Points,7017824,Under,110.5,LOSER,0,201,Sydney Kings,v Cairns Taipans,21,111,90,1.01,,,1.01,,,1.01,,,,
2026-09-20 00:00:00.000 Z," Australian NBL/Sydney Kings v Cairns Taipans",36069265,COMBINED_TOTAL,262424799,Total Points,7017823,Over,110.5,WINNER,1,201,Sydney Kings,v Cairns Taipans,21,111,90,,,,,,,,,,,
2026-09-20 00:00:00.000 Z," Australian NBL/Sydney Kings v Cairns Taipans",36069265,COMBINED_TOTAL,262424799,Total Points,7017824,Under,111.5,LOSER,0,201,Sydney Kings,v Cairns Taipans,21,111,90,1.01,,,1.01,,,1.01,,,,
2026-09-20 00:00:00.000 Z," Australian NBL/Sydney Kings v Cairns Taipans",36069265,COMBINED_TOTAL,262424799,Total Points,7017823,Over,111.5,WINNER,1,201,Sydney Kings,v Cairns Taipans,21,111,90,,,,,,,,,,,
2026-09-20 00:00:00.000 Z," Australian NBL/Sydney Kings v Cairns Taipans",36069265,COMBINED_TOTAL,262424799,Total Points,7017824,Under,112.5,LOSER,0,201,Sydney Kings,v Cairns Taipans,21,111,90,1.01,,,1.01,,,1.01,,,,
2026-09-20 00:00:00.000 Z," Australian NBL/Sydney Kings v Cairns Taipans",36069265,COMBINED_TOTAL,262424799,Total Points,7017823,Over,112.5,WINNER,1,201,Sydney Kings,v Cairns Taipans,21,111,90,,,,,,,,,,,
2026-09-20 00:00:00.000 Z," Australian NBL/Sydney Kings v Cairns Taipans",36069265,COMBINED_TOTAL,262424799,Total Points,7017824,Under,113.5,LOSER,0,201,Sydney Kings,v Cairns Taipans,21,111,90,1.01,,,1.01,,,1.01,,,,
2026-09-20 00:00:00.000 Z," Australian NBL/Sydney Kings v Cairns Taipans",36069265,COMBINED_TOTAL,262424799,Total Points,7017823,Over,113.5,WINNER,1,201,Sydney Kings,v Cairns Taipans,21,111,90,,,,,,,,,,,
2026-09-20 00:00:00.000 Z," Australian NBL/Sydney Kings v Cairns Taipans",36069265,COMBINED_TOTAL,262424799,Total Points,7017824,Under,114.5,LOSER,0,201,Sydney Kings,v Cairns Taipans,21,111,90,1.01,,,1.01,,,1.01,,,,
2026-09-20 00:00:00.000 Z," Australian NBL/Sydney Kings v Cairns Taipans",36069265,COMBINED_TOTAL,262424799,Total Points,7017823,Over,114.5,WINNER,1,201,Sydney Kings,v Cairns Taipans,21,111,90,,,,,,,,,,,
2026-09-20 00:00:00.000 Z," Australian NBL/Sydney Kings v Cairns Taipans",36069265,COMBINED_TOTAL,262424799,Total Points,7017824,Under,115.5,LOSER,0,201,Sydney Kings,v Cairns Taipans,21,111,90,1.01,,,1.01,,,1.01,,,,
2026-09-20 00:00:00.000 Z," Australian NBL/Sydney Kings v Cairns Taipans",36069265,COMBINED_TOTAL,262424799,Total Points,7017823,Over,115.5,WINNER,1,201,Sydney Kings,v Cairns Taipans,21,111,90,,,,,,,,,,,
2026-09-20 00:00:00.000 Z," Australian NBL/Sydney Kings v Cairns Taipans",36069265,COMBINED_TOTAL,262424799,Total Points,7017824,Under,116.5,LOSER,0,201,Sydney Kings,v Cairns Taipans,21,111,90,1.01,,,1.01,,,1.01,,,,
2026-09-20 00:00:00.000 Z," Australian NBL/Sydney Kings v Cairns Taipans",36069265,COMBINED_TOTAL,262424799,Total Points,7017823,Over,116.5,WINNER,1,201,Sydney Kings,v Cairns Taipans,21,111,90,,,,,,,,,,,
2026-09-20 00:00:00.000 Z," Australian NBL/Sydney Kings v Cairns Taipans",36069265,COMBINED_TOTAL,262424799,Total Points,7017824,Under,117.5,LOSER,0,201,Sydney Kings,v Cairns Taipans,21,111,90,1.01,,,1.01,,,1.01,,,,
2026-09-20 00:00:00.000 Z," Australian NBL/Sydney Kings v Cairns Taipans",36069265,COMBINED_TOTAL,262424799,Total Points,7017823,Over,117.5,WINNER,1,201,Sydney Kings,v Cairns Taipans,21,111,90,,,,,,,,,,,
2026-09-20 00:00:00.000 Z," Australian NBL/Sydney Kings v Cairns Taipans",36069265,COMBINED_TOTAL,262424799,Total Points,7017824,Under,118.5,LOSER,0,201,Sydney Kings,v Cairns Taipans,21,111,90,1.01,,,1.01,,,1.01,,,,
2026-09-20 00:00:00.000 Z," Australian NBL/Sydney Kings v Cairns Taipans",36069265,COMBINED_TOTAL,262424799,Total Points,7017823,Over,118.5,WINNER,1,201,Sydney Kings,v Cairns Taipans,21,111,90,,,,,,,,,,,
2026-09-20 00:00:00.000 Z," Australian NBL/Sydney Kings v Cairns Taipans",36069265,COMBINED_TOTAL,262424799,Total Points,7017824,Under,119.5,LOSER,0,201,Sydney Kings,v Cairns Taipans,21,111,90,1.01,,,1.01,,,1.01,,,,
2026-09-20 00:00:00.000 Z," Australian NBL/Sydney Kings v Cairns Taipans",36069265,COMBINED_TOTAL,262424799,Total Points,7017823,Over,119.5,WINNER,1,201,Sydney Kings,v Cairns Taipans,21,111,90,,,,,,,,,,,
2026-09-20 00:00:00.000 Z," Australian NBL/Sydney Kings v Cairns Taipans",36069265,COMBINED_TOTAL,262424799,Total Points,7017824,Under,120.5,LOSER,0,201,Sydney Kings,v Cairns Taipans,21,111,90,1.01,,,1.01,,,1.01,,,,
2026-09-20 00:00:00.000 Z," Australian NBL/Sydney Kings v Cairns Taipans",36069265,COMBINED_TOTAL,262424799,Total Points,7017823,Over,120.5,WINNER,1,201,Sydney Kings,v Cairns Taipans,21,111,90,,,,,,,,,,,
2026-09-20 00:00:00.000 Z," Australian NBL/Sydney Kings v Cairns Taipans",36069265,COMBINED_TOTAL,262424799,Total Points,7017824,Under,121.5,LOSER,0,201,Sydney Kings,v Cairns Taipans,21,111,90,1.01,,,1.01,,,1.01,,,,
2026-09-20 00:00:00.000 Z," Australian NBL/Sydney Kings v Cairns Taipans",36069265,COMBINED_TOTAL,262424799,Total Points,7017823,Over,121.5,WINNER,1,201,Sydney Kings,v Cairns Taipans,21,111,90,,,,,,,,,,,
2026-09-20 00:00:00.000 Z," Australian NBL/Sydney Kings v Cairns Taipans",36069265,COMBINED_TOTAL,262424799,Total Points,7017824,Under,122.5,LOSER,0,201,Sydney Kings,v Cairns Taipans,21,111,90,1.01,,,1.01,,,1.01,,,,
2026-09-20 00:00:00.000 Z," Australian NBL/Sydney Kings v Cairns Taipans",36069265,COMBINED_TOTAL,262424799,Total Points,7017823,Over,122.5,WINNER,1,201,Sydney Kings,v Cairns Taipans,21,111,90,,,,,,,,,,,
2026-09-20 00:00:00.000 Z," Australian NBL/Sydney Kings v Cairns Taipans",36069265,COMBINED_TOTAL,262424799,Total Points,7017824,Under,123.5,LOSER,0,201,Sydney Kings,v Cairns Taipans,21,111,90,1.01,,,1.01,,,1.01,,,,
2026-09-20 00:00:00.000 Z," Australian NBL/Sydney Kings v Cairns Taipans",36069265,COMBINED_TOTAL,262424799,Total Points,7017823,Over,123.5,WINNER,1,201,Sydney Kings,v Cairns Taipans,21,111,90,,,,,,,,,,,
2026-09-20 00:00:00.000 Z," Australian NBL/Sydney Kings v Cairns Taipans",36069265,COMBINED_TOTAL,262424799,Total Points,7017824,Under,124.5,LOSER,0,201,Sydney Kings,v Cairns Taipans,21,111,90,1.01,,,1.01,,,1.01,,,,
2026-09-20 00:00:00.000 Z," Australian NBL/Sydney Kings v Cairns Taipans",36069265,COMBINED_TOTAL,262424799,Total Points,7017823,Over,124.5,WINNER,1,201,Sydney Kings,v Cairns Taipans,21,111,90,,,,,,,,,,,
2026-09-20 00:00:00.000 Z," Australian NBL/Sydney Kings v Cairns Taipans",36069265,COMBINED_TOTAL,262424799,Total Points,7017824,Under,125.5,LOSER,0,201,Sydney Kings,v Cairns Taipans,21,111,90,1.01,,,1.01,,,1.01,,,,
2026-09-20 00:00:00.000 Z," Australian NBL/Sydney Kings v Cairns Taipans",36069265,COMBINED_TOTAL,262424799,Total Points,7017823,Over,125.5,WINNER,1,201,Sydney Kings,v Cairns Taipans,21,111,90,,,,,,,,,,,
2026-09-20 00:00:00.000 Z," Australian NBL/Sydney Kings v Cairns Taipans",36069265,COMBINED_TOTAL,262424799,Total Points,7017824,Under,126.5,LOSER,0,201,Sydney Kings,v Cairns Taipans,21,111,90,1.01,,,1.01,,,1.01,,,,
2026-09-20 00:00:00.000 Z," Australian NBL/Sydney Kings v Cairns Taipans",36069265,COMBINED_TOTAL,262424799,Total Points,7017823,Over,126.5,WINNER,1,201,Sydney Kings,v Cairns Taipans,21,111,90,,,,,,,,,,,
2026-09-20 00:00:00.000 Z," Australian NBL/Sydney Kings v Cairns Taipans",36069265,COMBINED_TOTAL,262424799,Total Points,7017824,Under,127.5,LOSER,0,201,Sydney Kings,v Cairns Taipans,21,111,90,1.01,,,1.01,,,1.01,,,,
2026-09-20 00:00:00.000 Z," Australian NBL/Sydney Kings v Cairns Taipans",36069265,COMBINED_TOTAL,262424799,Total Points,7017823,Over,127.5,WINNER,1,201,Sydney Kings,v Cairns Taipans,21,111,90,,,,,,,,,,,
2026-09-20 00:00:00.000 Z," Australian NBL/Sydney Kings v Cairns Taipans",36069265,COMBINED_TOTAL,262424799,Total Points,7017824,Under,128.5,LOSER,0,201,Sydney Kings,v Cairns Taipans,21,111,90,1.01,,,1.01,,,1.01,,,,
2026-09-20 00:00:00.000 Z," Australian NBL/Sydney Kings v Cairns Taipans",36069265,COMBINED_TOTAL,262424799,Total Points,7017823,Over,128.5,WINNER,1,201,Sydney Kings,v Cairns Taipans,21,111,90,,,,,,,,,,,
2026-09-20 00:00:00.000 Z," Australian NBL/Sydney Kings v Cairns Taipans",36069265,COMBINED_TOTAL,262424799,Total Points,7017824,Under,129.5,LOSER,0,201,Sydney Kings,v Cairns Taipans,21,111,90,1.01,,,1.01,,,1.01,,,,
2026-09-20 00:00:00.000 Z," Australian NBL/Sydney Kings v Cairns Taipans",36069265,COMBINED_TOTAL,262424799,Total Points,7017823,Over,129.5,WINNER,1,201,Sydney Kings,v Cairns Taipans,21,111,90,,,,,,,,,,,
2026-09-20 00:00:00.000 Z," Australian NBL/Sydney Kings v Cairns Taipans",36069265,COMBINED_TOTAL,262424799,Total Points,7017824,Under,130.5,LOSER,0,201,Sydney Kings,v Cairns Taipans,21,111,90,1.01,,,1.01,,,1.01,,,,
2026-09-20 00:00:00.000 Z," Australian NBL/Sydney Kings v Cairns Taipans",36069265,COMBINED_TOTAL,262424799,Total Points,7017823,Over,130.5,WINNER,1,201,Sydney Kings,v Cairns Taipans,21,111,90,,,,,,,,,,,
2026-09-20 00:00:00.000 Z," Australian NBL/Sydney Kings v Cairns Taipans",36069265,COMBINED_TOTAL,262424799,Total Points,7017824,Under,131.5,LOSER,0,201,Sydney Kings,v Cairns Taipans,21,111,90,1.01,,,1.01,,,1.01,,,,
2026-09-20 00:00:00.000 Z," Australian NBL/Sydney Kings v Cairns Taipans",36069265,COMBINED_TOTAL,262424799,Total Points,7017823,Over,131.5,WINNER,1,201,Sydney Kings,v Cairns Taipans,21,111,90,,,,,,,,,,,
2026-09-20 00:00:00.000 Z," Australian NBL/Sydney Kings v Cairns Taipans",36069265,COMBINED_TOTAL,262424799,Total Points,7017824,Under,132.5,LOSER,0,201,Sydney Kings,v Cairns Taipans,21,111,90,1.01,,,1.01,,,1.01,,,,
2026-09-20 00:00:00.000 Z," Australian NBL/Sydney Kings v Cairns Taipans",36069265,COMBINED_TOTAL,262424799,Total Points,7017823,Over,132.5,WINNER,1,201,Sydney Kings,v Cairns Taipans,21,111,90,,,,,,,,,,,
2026-09-20 00:00:00.000 Z," Australian NBL/Sydney Kings v Cairns Taipans",36069265,COMBINED_TOTAL,262424799,Total Points,7017824,Under,133.5,LOSER,0,201,Sydney Kings,v Cairns Taipans,21,111,90,1.01,,,1.01,,,1.01,,,,
2026-09-20 00:00:00.000 Z," Australian NBL/Sydney Kings v Cairns Taipans",36069265,COMBINED_TOTAL,262424799,Total Points,7017823,Over,133.5,WINNER,1,201,Sydney Kings,v Cairns Taipans,21,111,90,,,,,,,,,,,
2026-09-20 00:00:00.000 Z," Australian NBL/Sydney Kings v Cairns Taipans",36069265,COMBINED_TOTAL,262424799,Total Points,7017824,Under,134.5,LOSER,0,201,Sydney Kings,v Cairns Taipans,21,111,90,1.01,,,1.01,,,1.01,,,,
2026-09-20 00:00:00.000 Z," Australian NBL/Sydney Kings v Cairns Taipans",36069265,COMBINED_TOTAL,262424799,Total Points,7017823,Over,134.5,WINNER,1,201,Sydney Kings,v Cairns Taipans,21,111,90,,,,,,,,,,,
2026-09-20 00:00:00.000 Z," Australian NBL/Sydney Kings v Cairns Taipans",36069265,COMBINED_TOTAL,262424799,Total Points,7017824,Under,135.5,LOSER,0,201,Sydney Kings,v Cairns Taipans,21,111,90,1.01,,,1.01,,,1.01,,,,
2026-09-20 00:00:00.000 Z," Australian NBL/Sydney Kings v Cairns Taipans",36069265,COMBINED_TOTAL,262424799,Total Points,7017823,Over,135.5,WINNER,1,201,Sydney Kings,v Cairns Taipans,21,111,90,,,,,,,,,,,
2026-09-20 00:00:00.000 Z," Australian NBL/Sydney Kings v Cairns Taipans",36069265,COMBINED_TOTAL,262424799,Total Points,7017824,Under,136.5,LOSER,0,201,Sydney Kings,v Cairns Taipans,21,111,90,1.01,,,1.01,,,1.01,,,,
2026-09-20 00:00:00.000 Z," Australian NBL/Sydney Kings v Cairns Taipans",36069265,COMBINED_TOTAL,262424799,Total Points,7017823,Over,136.5,WINNER,1,201,Sydney Kings,v Cairns Taipans,21,111,90,,,,,,,,,,,
2026-09-20 00:00:00.000 Z," Australian NBL/Sydney Kings v Cairns Taipans",36069265,COMBINED_TOTAL,262424799,Total Points,7017824,Under,137.5,LOSER,0,201,Sydney Kings,v Cairns Taipans,21,111,90,1.01,,,1.01,,,1.01,,,,
2026-09-20 00:00:00.000 Z," Australian NBL/Sydney Kings v Cairns Taipans",36069265,COMBINED_TOTAL,262424799,Total Points,7017823,Over,137.5,WINNER,1,201,Sydney Kings,v Cairns Taipans,21,111,90,,,,,,,,,,,
2026-09-20 00:00:00.000 Z," Australian NBL/Sydney Kings v Cairns Taipans",36069265,COMBINED_TOTAL,262424799,Total Points,7017824,Under,138.5,LOSER,0,201,Sydney Kings,v Cairns Taipans,21,111,90,1.01,,,1.01,,,1.01,,,,
2026-09-20 00:00:00.000 Z," Australian NBL/Sydney Kings v Cairns Taipans",36069265,COMBINED_TOTAL,262424799,Total Points,7017823,Over,138.5,WINNER,1,201,Sydney Kings,v Cairns Taipans,21,111,90,,,,,,,,,,,
2026-09-20 00:00:00.000 Z," Australian NBL/Sydney Kings v Cairns Taipans",36069265,COMBINED_TOTAL,262424799,Total Points,7017824,Under,139.5,LOSER,0,201,Sydney Kings,v Cairns Taipans,21,111,90,1.01,,,1.01,,,1.01,,,,
2026-09-20 00:00:00.000 Z," Australian NBL/Sydney Kings v Cairns Taipans",36069265,COMBINED_TOTAL,262424799,Total Points,7017823,Over,139.5,WINNER,1,201,Sydney Kings,v Cairns Taipans,21,111,90,,,,,,,,,,,
2026-09-20 00:00:00.000 Z," Australian NBL/Sydney Kings v Cairns Taipans",36069265,COMBINED_TOTAL,262424799,Total Points,7017824,Under,140.5,LOSER,0,201,Sydney Kings,v Cairns Taipans,21,111,90,1.01,,,1.01,,,1.01,,,,
2026-09-20 00:00:00.000 Z," Australian NBL/Sydney Kings v Cairns Taipans",36069265,COMBINED_TOTAL,262424799,Total Points,7017823,Over,140.5,WINNER,1,201,Sydney Kings,v Cairns Taipans,21,111,90,,,,,,,,,,,
2026-09-20 00:00:00.000 Z," Australian NBL/Sydney Kings v Cairns Taipans",36069265,COMBINED_TOTAL,262424799,Total Points,7017824,Under,141.5,LOSER,0,201,Sydney Kings,v Cairns Taipans,21,111,90,1.01,,,1.01,,,1.01,,,,
2026-09-20 00:00:00.000 Z," Australian NBL/Sydney Kings v Cairns Taipans",36069265,COMBINED_TOTAL,262424799,Total Points,7017823,Over,141.5,WINNER,1,201,Sydney Kings,v Cairns Taipans,21,111,90,,,,,,,,,,,
2026-09-20 00:00:00.000 Z," Australian NBL/Sydney Kings v Cairns Taipans",36069265,COMBINED_TOTAL,262424799,Total Points,7017824,Under,142.5,LOSER,0,201,Sydney Kings,v Cairns Taipans,21,111,90,1.01,,,1.01,,,1.01,,,,
2026-09-20 00:00:00.000 Z," Australian NBL/Sydney Kings v Cairns Taipans",36069265,COMBINED_TOTAL,262424799,Total Points,7017823,Over,142.5,WINNER,1,201,Sydney Kings,v Cairns Taipans,21,111,90,,,,,,,,,,,
2026-09-20 00:00:00.000 Z," Australian NBL/Sydney Kings v Cairns Taipans",36069265,COMBINED_TOTAL,262424799,Total Points,7017824,Under,143.5,LOSER,0,201,Sydney Kings,v Cairns Taipans,21,111,90,1.01,,,1.01,,,1.01,,,,
2026-09-20 00:00:00.000 Z," Australian NBL/Sydney Kings v Cairns Taipans",36069265,COMBINED_TOTAL,262424799,Total Points,7017823,Over,143.5,WINNER,1,201,Sydney Kings,v Cairns Taipans,21,111,90,,,,,,,,,,,
2026-09-20 00:00:00.000 Z," Australian NBL/Sydney Kings v Cairns Taipans",36069265,COMBINED_TOTAL,262424799,Total Points,7017824,Under,144.5,LOSER,0,201,Sydney Kings,v Cairns Taipans,21,111,90,1.01,,,1.01,,,1.01,,,,
2026-09-20 00:00:00.000 Z," Australian NBL/Sydney Kings v Cairns Taipans",36069265,COMBINED_TOTAL,262424799,Total Points,7017823,Over,144.5,WINNER,1,201,Sydney Kings,v Cairns Taipans,21,111,90,,,,,,,,,,,
2026-09-20 00:00:00.000 Z," Australian NBL/Sydney Kings v Cairns Taipans",36069265,COMBINED_TOTAL,262424799,Total Points,7017824,Under,145.5,LOSER,0,201,Sydney Kings,v Cairns Taipans,21,111,90,1.01,,,1.01,,,1.01,,,,
2026-09-20 00:00:00.000 Z," Australian NBL/Sydney Kings v Cairns Taipans",36069265,COMBINED_TOTAL,262424799,Total Points,7017823,Over,145.5,WINNER,1,201,Sydney Kings,v Cairns Taipans,21,111,90,,,,,,,,,,,
2026-09-20 00:00:00.000 Z," Australian NBL/Sydney Kings v Cairns Taipans",36069265,COMBINED_TOTAL,262424799,Total Points,7017824,Under,146.5,LOSER,0,201,Sydney Kings,v Cairns Taipans,21,111,90,1.01,,,1.01,,,1.01,,,,
2026-09-20 00:00:00.000 Z," Australian NBL/Sydney Kings v Cairns Taipans",36069265,COMBINED_TOTAL,262424799,Total Points,7017823,Over,146.5,WINNER,1,201,Sydney Kings,v Cairns Taipans,21,111,90,,,,,,,,,,,
2026-09-20 00:00:00.000 Z," Australian NBL/Sydney Kings v Cairns Taipans",36069265,COMBINED_TOTAL,262424799,Total Points,7017824,Under,147.5,LOSER,0,201,Sydney Kings,v Cairns Taipans,21,111,90,1.01,,,1.01,,,1.01,,,,
2026-09-20 00:00:00.000 Z," Australian NBL/Sydney Kings v Cairns Taipans",36069265,COMBINED_TOTAL,262424799,Total Points,7017823,Over,147.5,WINNER,1,201,Sydney Kings,v Cairns Taipans,21,111,90,,,,,,,,,,,
2026-09-20 00:00:00.000 Z," Australian NBL/Sydney Kings v Cairns Taipans",36069265,COMBINED_TOTAL,262424799,Total Points,7017824,Under,148.5,LOSER,0,201,Sydney Kings,v Cairns Taipans,21,111,90,2,,,2,,,2,,,,
2026-09-20 00:00:00.000 Z," Australian NBL/Sydney Kings v Cairns Taipans",36069265,COMBINED_TOTAL,262424799,Total Points,7017823,Over,148.5,WINNER,1,201,Sydney Kings,v Cairns Taipans,21,111,90,,,,,,,,,,,
2026-09-20 00:00:00.000 Z," Australian NBL/Sydney Kings v Cairns Taipans",36069265,COMBINED_TOTAL,262424799,Total Points,7017824,Under,149.5,LOSER,0,201,Sydney Kings,v Cairns Taipans,21,111,90,1.01,,,1.01,,,1.01,,,,
2026-09-20 00:00:00.000 Z," Australian NBL/Sydney Kings v Cairns Taipans",36069265,COMBINED_TOTAL,262424799,Total Points,7017823,Over,149.5,WINNER,1,201,Sydney Kings,v Cairns Taipans,21,111,90,,,,,,,,,,,
2026-09-20 00:00:00.000 Z," Australian NBL/Sydney Kings v Cairns Taipans",36069265,COMBINED_TOTAL,262424799,Total Points,7017824,Under,150.5,LOSER,0,201,Sydney Kings,v Cairns Taipans,21,111,90,1.01,,,1.01,,,1.01,,,,
2026-09-20 00:00:00.000 Z," Australian NBL/Sydney Kings v Cairns Taipans",36069265,COMBINED_TOTAL,262424799,Total Points,7017823,Over,150.5,WINNER,1,201,Sydney Kings,v Cairns Taipans,21,111,90,,,,,,,,,,,
2026-09-20 00:00:00.000 Z," Australian NBL/Sydney Kings v Cairns Taipans",36069265,COMBINED_TOTAL,262424799,Total Points,7017824,Under,151.5,LOSER,0,201,Sydney Kings,v Cairns Taipans,21,111,90,1.01,,,1.01,,,1.01,,,,
2026-09-20 00:00:00.000 Z," Australian NBL/Sydney Kings v Cairns Taipans",36069265,COMBINED_TOTAL,262424799,Total Points,7017823,Over,151.5,WINNER,1,201,Sydney Kings,v Cairns Taipans,21,111,90,,,,,,,,,,,
2026-09-20 00:00:00.000 Z," Australian NBL/Sydney Kings v Cairns Taipans",36069265,COMBINED_TOTAL,262424799,Total Points,7017824,Under,152.5,LOSER,0,201,Sydney Kings,v Cairns Taipans,21,111,90,1.01,,,1.01,,,1.01,,,,
2026-09-20 00:00:00.000 Z," Australian NBL/Sydney Kings v Cairns Taipans",36069265,COMBINED_TOTAL,262424799,Total Points,7017823,Over,152.5,WINNER,1,201,Sydney Kings,v Cairns Taipans,21,111,90,,,,,,,,,,,
2026-09-20 00:00:00.000 Z," Australian NBL/Sydney Kings v Cairns Taipans",36069265,COMBINED_TOTAL,262424799,Total Points,7017824,Under,153.5,LOSER,0,201,Sydney Kings,v Cairns Taipans,21,111,90,1.01,,,1.01,,,1.01,,,,
2026-09-20 00:00:00.000 Z," Australian NBL/Sydney Kings v Cairns Taipans",36069265,COMBINED_TOTAL,262424799,Total Points,7017823,Over,153.5,WINNER,1,201,Sydney Kings,v Cairns Taipans,21,111,90,,,,,,,,,,,
2026-09-20 00:00:00.000 Z," Australian NBL/Sydney Kings v Cairns Taipans",36069265,COMBINED_TOTAL,262424799,Total Points,7017824,Under,154.5,LOSER,0,201,Sydney Kings,v Cairns Taipans,21,111,90,1.01,,,1.01,,,1.01,,,,
2026-09-20 00:00:00.000 Z," Australian NBL/Sydney Kings v Cairns Taipans",36069265,COMBINED_TOTAL,262424799,Total Points,7017823,Over,154.5,WINNER,1,201,Sydney Kings,v Cairns Taipans,21,111,90,,,,,,,,,,,
2026-09-20 00:00:00.000 Z," Australian NBL/Sydney Kings v Cairns Taipans",36069265,COMBINED_TOTAL,262424799,Total Points,7017824,Under,155.5,LOSER,0,201,Sydney Kings,v Cairns Taipans,21,111,90,1.01,,,1.01,,,1.01,,,,
2026-09-20 00:00:00.000 Z," Australian NBL/Sydney Kings v Cairns Taipans",36069265,COMBINED_TOTAL,262424799,Total Points,7017823,Over,155.5,WINNER,1,201,Sydney Kings,v Cairns Taipans,21,111,90,,,,,,,,,,,
2026-09-20 00:00:00.000 Z," Australian NBL/Sydney Kings v Cairns Taipans",36069265,COMBINED_TOTAL,262424799,Total Points,7017824,Under,156.5,LOSER,0,201,Sydney Kings,v Cairns Taipans,21,111,90,1.01,,,1.01,,,1.01,,,,
2026-09-20 00:00:00.000 Z," Australian NBL/Sydney Kings v Cairns Taipans",36069265,COMBINED_TOTAL,262424799,Total Points,7017823,Over,156.5,WINNER,1,201,Sydney Kings,v Cairns Taipans,21,111,90,,,,,,,,,,,
2026-09-20 00:00:00.000 Z," Australian NBL/Sydney Kings v Cairns Taipans",36069265,COMBINED_TOTAL,262424799,Total Points,7017824,Under,157.5,LOSER,0,201,Sydney Kings,v Cairns Taipans,21,111,90,1.01,,,1.01,,,1.01,,,,
2026-09-20 00:00:00.000 Z," Australian NBL/Sydney Kings v Cairns Taipans",36069265,COMBINED_TOTAL,262424799,Total Points,7017823,Over,157.5,WINNER,1,201,Sydney Kings,v Cairns Taipans,21,111,90,,,,,,,,,,,
2026-09-20 00:00:00.000 Z," Australian NBL/Sydney Kings v Cairns Taipans",36069265,COMBINED_TOTAL,262424799,Total Points,7017824,Under,158.5,LOSER,0,201,Sydney Kings,v Cairns Taipans,21,111,90,1.01,,,1.01,,,1.01,,,,
2026-09-20 00:00:00.000 Z," Australian NBL/Sydney Kings v Cairns Taipans",36069265,COMBINED_TOTAL,262424799,Total Points,7017823,Over,158.5,WINNER,1,201,Sydney Kings,v Cairns Taipans,21,111,90,,,,,,,,,,,
2026-09-20 00:00:00.000 Z," Australian NBL/Sydney Kings v Cairns Taipans",36069265,COMBINED_TOTAL,262424799,Total Points,7017824,Under,159.5,LOSER,0,201,Sydney Kings,v Cairns Taipans,21,111,90,1.01,,,1.01,,,1.01,,,,
2026-09-20 00:00:00.000 Z," Australian NBL/Sydney Kings v Cairns Taipans",36069265,COMBINED_TOTAL,262424799,Total Points,7017823,Over,159.5,WINNER,1,201,Sydney Kings,v Cairns Taipans,21,111,90,1.01,,,1.01,,,1.01,,,,
2026-09-20 00:00:00.000 Z," Australian NBL/Sydney Kings v Cairns Taipans",36069265,COMBINED_TOTAL,262424799,Total Points,7017824,Under,160.5,LOSER,0,201,Sydney Kings,v Cairns Taipans,21,111,90,1.01,,,1.01,,,1.01,,,,
2026-09-20 00:00:00.000 Z," Australian NBL/Sydney Kings v Cairns Taipans",36069265,COMBINED_TOTAL,262424799,Total Points,7017823,Over,160.5,WINNER,1,201,Sydney Kings,v Cairns Taipans,21,111,90,1.02,,,1.02,,,1.02,,,,
2026-09-20 00:00:00.000 Z," Australian NBL/Sydney Kings v Cairns Taipans",36069265,COMBINED_TOTAL,262424799,Total Points,7017824,Under,161.5,LOSER,0,201,Sydney Kings,v Cairns Taipans,21,111,90,1.01,,,1.01,,,1.01,,,,
2026-09-20 00:00:00.000 Z," Australian NBL/Sydney Kings v Cairns Taipans",36069265,COMBINED_TOTAL,262424799,Total Points,7017823,Over,161.5,WINNER,1,201,Sydney Kings,v Cairns Taipans,21,111,90,1.03,,,1.03,,,1.03,,,,
2026-09-20 00:00:00.000 Z," Australian NBL/Sydney Kings v Cairns Taipans",36069265,COMBINED_TOTAL,262424799,Total Points,7017824,Under,162.5,LOSER,0,201,Sydney Kings,v Cairns Taipans,21,111,90,1.01,,,1.01,,,1.01,,,,
2026-09-20 00:00:00.000 Z," Australian NBL/Sydney Kings v Cairns Taipans",36069265,COMBINED_TOTAL,262424799,Total Points,7017823,Over,162.5,WINNER,1,201,Sydney Kings,v Cairns Taipans,21,111,90,1.04,,,1.04,,,1.04,,,,
2026-09-20 00:00:00.000 Z," Australian NBL/Sydney Kings v Cairns Taipans",36069265,COMBINED_TOTAL,262424799,Total Points,7017824,Under,163.5,LOSER,0,201,Sydney Kings,v Cairns Taipans,21,111,90,1.01,,,1.01,,,1.01,,,,
2026-09-20 00:00:00.000 Z," Australian NBL/Sydney Kings v Cairns Taipans",36069265,COMBINED_TOTAL,262424799,Total Points,7017823,Over,163.5,WINNER,1,201,Sydney Kings,v Cairns Taipans,21,111,90,1.05,,,1.05,,,1.05,,,,
2026-09-20 00:00:00.000 Z," Australian NBL/Sydney Kings v Cairns Taipans",36069265,COMBINED_TOTAL,262424799,Total Points,7017824,Under,164.5,LOSER,0,201,Sydney Kings,v Cairns Taipans,21,111,90,1.01,,,1.01,,,1.01,,,,
2026-09-20 00:00:00.000 Z," Australian NBL/Sydney Kings v Cairns Taipans",36069265,COMBINED_TOTAL,262424799,Total Points,7017823,Over,164.5,WINNER,1,201,Sydney Kings,v Cairns Taipans,21,111,90,1.06,,,1.06,,,1.06,,,,
2026-09-20 00:00:00.000 Z," Australian NBL/Sydney Kings v Cairns Taipans",36069265,COMBINED_TOTAL,262424799,Total Points,7017824,Under,165.5,LOSER,0,201,Sydney Kings,v Cairns Taipans,21,111,90,1.01,,,1.01,,,1.01,,,,
2026-09-20 00:00:00.000 Z," Australian NBL/Sydney Kings v Cairns Taipans",36069265,COMBINED_TOTAL,262424799,Total Points,7017823,Over,165.5,WINNER,1,201,Sydney Kings,v Cairns Taipans,21,111,90,1.07,,,1.07,,,1.07,,,,
2026-09-20 00:00:00.000 Z," Australian NBL/Sydney Kings v Cairns Taipans",36069265,COMBINED_TOTAL,262424799,Total Points,7017824,Under,166.5,LOSER,0,201,Sydney Kings,v Cairns Taipans,21,111,90,1.01,,,1.01,,,1.01,,,,
2026-09-20 00:00:00.000 Z," Australian NBL/Sydney Kings v Cairns Taipans",36069265,COMBINED_TOTAL,262424799,Total Points,7017823,Over,166.5,WINNER,1,201,Sydney Kings,v Cairns Taipans,21,111,90,1.08,,,1.08,,,1.08,,,,
2026-09-20 00:00:00.000 Z," Australian NBL/Sydney Kings v Cairns Taipans",36069265,COMBINED_TOTAL,262424799,Total Points,7017824,Under,167.5,LOSER,0,201,Sydney Kings,v Cairns Taipans,21,111,90,1.01,,,1.01,,,1.01,,,,
2026-09-20 00:00:00.000 Z," Australian NBL/Sydney Kings v Cairns Taipans",36069265,COMBINED_TOTAL,262424799,Total Points,7017823,Over,167.5,WINNER,1,201,Sydney Kings,v Cairns Taipans,21,111,90,1.09,,,1.09,,,1.09,,,,
2026-09-20 00:00:00.000 Z," Australian NBL/Sydney Kings v Cairns Taipans",36069265,COMBINED_TOTAL,262424799,Total Points,7017824,Under,168.5,LOSER,0,201,Sydney Kings,v Cairns Taipans,21,111,90,1.01,,,1.01,,,1.01,,,,
2026-09-20 00:00:00.000 Z," Australian NBL/Sydney Kings v Cairns Taipans",36069265,COMBINED_TOTAL,262424799,Total Points,7017823,Over,168.5,WINNER,1,201,Sydney Kings,v Cairns Taipans,21,111,90,1.1,,,1.1,,,1.1,,,,
2026-09-20 00:00:00.000 Z," Australian NBL/Sydney Kings v Cairns Taipans",36069265,COMBINED_TOTAL,262424799,Total Points,7017824,Under,169.5,LOSER,0,201,Sydney Kings,v Cairns Taipans,21,111,90,1.01,,,1.01,,,1.01,,,,
2026-09-20 00:00:00.000 Z," Australian NBL/Sydney Kings v Cairns Taipans",36069265,COMBINED_TOTAL,262424799,Total Points,7017823,Over,169.5,WINNER,1,201,Sydney Kings,v Cairns Taipans,21,111,90,1.11,,,1.11,,,1.11,,,,
2026-09-20 00:00:00.000 Z," Australian NBL/Sydney Kings v Cairns Taipans",36069265,COMBINED_TOTAL,262424799,Total Points,7017824,Under,170.5,LOSER,0,201,Sydney Kings,v Cairns Taipans,21,111,90,1.01,,,1.01,,,1.01,,,,
2026-09-20 00:00:00.000 Z," Australian NBL/Sydney Kings v Cairns Taipans",36069265,COMBINED_TOTAL,262424799,Total Points,7017823,Over,170.5,WINNER,1,201,Sydney Kings,v Cairns Taipans,21,111,90,1.13,,,1.13,,,1.12,,,,
2026-09-20 00:00:00.000 Z," Australian NBL/Sydney Kings v Cairns Taipans",36069265,COMBINED_TOTAL,262424799,Total Points,7017824,Under,171.5,LOSER,0,201,Sydney Kings,v Cairns Taipans,21,111,90,1.01,,,1.01,,,1.01,,,,
2026-09-20 00:00:00.000 Z," Australian NBL/Sydney Kings v Cairns Taipans",36069265,COMBINED_TOTAL,262424799,Total Points,7017823,Over,171.5,WINNER,1,201,Sydney Kings,v Cairns Taipans,21,111,90,1.15,,,1.15,,,1.13,,,,
2026-09-20 00:00:00.000 Z," Australian NBL/Sydney Kings v Cairns Taipans",36069265,COMBINED_TOTAL,262424799,Total Points,7017824,Under,172.5,LOSER,0,201,Sydney Kings,v Cairns Taipans,21,111,90,1.01,,,1.01,,,1.01,,,,
2026-09-20 00:00:00.000 Z," Australian NBL/Sydney Kings v Cairns Taipans",36069265,COMBINED_TOTAL,262424799,Total Points,7017823,Over,172.5,WINNER,1,201,Sydney Kings,v Cairns Taipans,21,111,90,1.17,,,1.17,,,1.14,,,,
2026-09-20 00:00:00.000 Z," Australian NBL/Sydney Kings v Cairns Taipans",36069265,COMBINED_TOTAL,262424799,Total Points,7017824,Under,173.5,LOSER,0,201,Sydney Kings,v Cairns Taipans,21,111,90,1.01,,,1.01,,,1.01,,,,
2026-09-20 00:00:00.000 Z," Australian NBL/Sydney Kings v Cairns Taipans",36069265,COMBINED_TOTAL,262424799,Total Points,7017823,Over,173.5,WINNER,1,201,Sydney Kings,v Cairns Taipans,21,111,90,1.19,,,1.19,,,1.16,,,,
2026-09-20 00:00:00.000 Z," Australian NBL/Sydney Kings v Cairns Taipans",36069265,COMBINED_TOTAL,262424799,Total Points,7017824,Under,174.5,LOSER,0,201,Sydney Kings,v Cairns Taipans,21,111,90,1.01,,,1.01,,,1.01,,,,
2026-09-20 00:00:00.000 Z," Australian NBL/Sydney Kings v Cairns Taipans",36069265,COMBINED_TOTAL,262424799,Total Points,7017823,Over,174.5,WINNER,1,201,Sydney Kings,v Cairns Taipans,21,111,90,1.21,,,1.21,,,1.18,,,,
2026-09-20 00:00:00.000 Z," Australian NBL/Sydney Kings v Cairns Taipans",36069265,COMBINED_TOTAL,262424799,Total Points,7017824,Under,175.5,LOSER,0,201,Sydney Kings,v Cairns Taipans,21,111,90,1.01,,,1.01,,,1.01,,,,
2026-09-20 00:00:00.000 Z," Australian NBL/Sydney Kings v Cairns Taipans",36069265,COMBINED_TOTAL,262424799,Total Points,7017823,Over,175.5,WINNER,1,201,Sydney Kings,v Cairns Taipans,21,111,90,1.23,,,1.23,,,1.2,,,,
2026-09-20 00:00:00.000 Z," Australian NBL/Sydney Kings v Cairns Taipans",36069265,COMBINED_TOTAL,262424799,Total Points,7017824,Under,176.5,LOSER,0,201,Sydney Kings,v Cairns Taipans,21,111,90,1.01,,,1.01,,,1.01,,,,
2026-09-20 00:00:00.000 Z," Australian NBL/Sydney Kings v Cairns Taipans",36069265,COMBINED_TOTAL,262424799,Total Points,7017823,Over,176.5,WINNER,1,201,Sydney Kings,v Cairns Taipans,21,111,90,1.25,,,1.25,,,1.22,,,,
2026-09-20 00:00:00.000 Z," Australian NBL/Sydney Kings v Cairns Taipans",36069265,COMBINED_TOTAL,262424799,Total Points,7017824,Under,177.5,LOSER,0,201,Sydney Kings,v Cairns Taipans,21,111,90,1.01,,,1.01,,,1.01,,,,
2026-09-20 00:00:00.000 Z," Australian NBL/Sydney Kings v Cairns Taipans",36069265,COMBINED_TOTAL,262424799,Total Points,7017823,Over,177.5,WINNER,1,201,Sydney Kings,v Cairns Taipans,21,111,90,1.28,,,1.28,,,1.24,1.42,1033.04,1033.04,1.42
2026-09-20 00:00:00.000 Z," Australian NBL/Sydney Kings v Cairns Taipans",36069265,COMBINED_TOTAL,262424799,Total Points,7017824,Under,178.5,LOSER,0,201,Sydney Kings,v Cairns Taipans,21,111,90,1.01,,,2.58,3.35,,2.6,3.45,,,
2026-09-20 00:00:00.000 Z," Australian NBL/Sydney Kings v Cairns Taipans",36069265,COMBINED_TOTAL,262424799,Total Points,7017823,Over,178.5,WINNER,1,201,Sydney Kings,v Cairns Taipans,21,111,90,1.31,,,1.42,1.64,,1.4,1.63,,,
2026-09-20 00:00:00.000 Z," Australian NBL/Sydney Kings v Cairns Taipans",36069265,COMBINED_TOTAL,262424799,Total Points,7017824,Under,179.5,LOSER,0,201,Sydney Kings,v Cairns Taipans,21,111,90,1.01,,,2.44,3.15,,2.5,3.25,,,
2026-09-20 00:00:00.000 Z," Australian NBL/Sydney Kings v Cairns Taipans",36069265,COMBINED_TOTAL,262424799,Total Points,7017823,Over,179.5,WINNER,1,201,Sydney Kings,v Cairns Taipans,21,111,90,1.35,,,1.46,1.7,,1.44,1.67,,,
2026-09-20 00:00:00.000 Z," Australian NBL/Sydney Kings v Cairns Taipans",36069265,COMBINED_TOTAL,262424799,Total Points,7017824,Under,180.5,LOSER,0,201,Sydney Kings,v Cairns Taipans,21,111,90,1.01,,91.32,2.3,2.96,91.32,2.36,3.05,91.32,91.32,2.3
2026-09-20 00:00:00.000 Z," Australian NBL/Sydney Kings v Cairns Taipans",36069265,COMBINED_TOTAL,262424799,Total Points,7017823,Over,180.5,WINNER,1,201,Sydney Kings,v Cairns Taipans,21,111,90,1.39,,170.56,1.51,1.76,170.56,1.49,1.73,170.56,170.56,1.71
2026-09-20 00:00:00.000 Z," Australian NBL/Sydney Kings v Cairns Taipans",36069265,COMBINED_TOTAL,262424799,Total Points,7017824,Under,181.5,LOSER,0,201,Sydney Kings,v Cairns Taipans,21,111,90,,,95.71,2.2,2.8,95.71,2.24,2.86,95.71,95.71,2.18
2026-09-20 00:00:00.000 Z," Australian NBL/Sydney Kings v Cairns Taipans",36069265,COMBINED_TOTAL,262424799,Total Points,7017823,Over,181.5,WINNER,1,201,Sydney Kings,v Cairns Taipans,21,111,90,1.43,,453.26,1.56,1.84,453.26,1.53,1.8,453.26,453.26,1.69
2026-09-20 00:00:00.000 Z," Australian NBL/Sydney Kings v Cairns Taipans",36069265,COMBINED_TOTAL,262424799,Total Points,7017824,Under,182.5,LOSER,0,201,Sydney Kings,v Cairns Taipans,21,111,90,2.32,2.42,,2.3,2.4,,2.38,2.52,,,
2026-09-20 00:00:00.000 Z," Australian NBL/Sydney Kings v Cairns Taipans",36069265,COMBINED_TOTAL,262424799,Total Points,7017823,Over,182.5,WINNER,1,201,Sydney Kings,v Cairns Taipans,21,111,90,1.7,1.76,302.85,1.71,1.77,302.85,1.66,1.72,306.85,306.85,1.66
2026-09-20 00:00:00.000 Z," Australian NBL/Sydney Kings v Cairns Taipans",36069265,COMBINED_TOTAL,262424799,Total Points,7017824,Under,183.5,LOSER,0,201,Sydney Kings,v Cairns Taipans,21,111,90,2.2,2.32,395.55,2.18,2.28,1047.8,2.26,2.38,1047.8,1047.8,2.18
2026-09-20 00:00:00.000 Z," Australian NBL/Sydney Kings v Cairns Taipans",36069265,COMBINED_TOTAL,262424799,Total Points,7017823,Over,183.5,WINNER,1,201,Sydney Kings,v Cairns Taipans,21,111,90,1.76,1.83,446.87,1.78,1.85,446.87,1.72,1.79,446.87,571.87,1.71
2026-09-20 00:00:00.000 Z," Australian NBL/Sydney Kings v Cairns Taipans",36069265,COMBINED_TOTAL,262424799,Total Points,7017824,Under,184.5,LOSER,0,201,Sydney Kings,v Cairns Taipans,21,111,90,2.06,2.16,301.7,2.06,2.16,416.04,2.14,2.26,419.88,571.9,2.18
2026-09-20 00:00:00.000 Z," Australian NBL/Sydney Kings v Cairns Taipans",36069265,COMBINED_TOTAL,262424799,Total Points,7017823,Over,184.5,WINNER,1,201,Sydney Kings,v Cairns Taipans,21,111,90,1.86,1.93,45.06,1.87,1.94,245.06,1.83,1.87,857.96,1390.97,1.85
2026-09-20 00:00:00.000 Z," Australian NBL/Sydney Kings v Cairns Taipans",36069265,COMBINED_TOTAL,262424799,Total Points,7017824,Under,185.5,LOSER,0,201,Sydney Kings,v Cairns Taipans,21,111,90,1.96,2.04,985.45,1.95,2.04,985.45,2.02,2.12,1750.06,1768.37,2.06
2026-09-20 00:00:00.000 Z," Australian NBL/Sydney Kings v Cairns Taipans",36069265,COMBINED_TOTAL,262424799,Total Points,7017823,Over,185.5,WINNER,1,201,Sydney Kings,v Cairns Taipans,21,111,90,1.96,2.04,491.07,1.97,2.06,491.07,1.95,1.97,1116.14,1135.49,1.95
2026-09-20 00:00:00.000 Z," Australian NBL/Sydney Kings v Cairns Taipans",36069265,COMBINED_TOTAL,262424799,Total Points,7017824,Under,186.5,LOSER,0,201,Sydney Kings,v Cairns Taipans,21,111,90,1.87,1.94,,1.86,1.93,,1.92,2,140.78,140.78,1.95
2026-09-20 00:00:00.000 Z," Australian NBL/Sydney Kings v Cairns Taipans",36069265,COMBINED_TOTAL,262424799,Total Points,7017823,Over,186.5,WINNER,1,201,Sydney Kings,v Cairns Taipans,21,111,90,2.06,2.16,,2.08,2.16,,2,2.1,,,
2026-09-20 00:00:00.000 Z," Australian NBL/Sydney Kings v Cairns Taipans",36069265,COMBINED_TOTAL,262424799,Total Points,7017824,Under,187.5,LOSER,0,201,Sydney Kings,v Cairns Taipans,21,111,90,1.78,1.85,337.37,1.79,1.84,337.37,1.83,1.91,337.37,337.37,1.8
2026-09-20 00:00:00.000 Z," Australian NBL/Sydney Kings v Cairns Taipans",36069265,COMBINED_TOTAL,262424799,Total Points,7017823,Over,187.5,WINNER,1,201,Sydney Kings,v Cairns Taipans,21,111,90,2.18,2.28,348.62,2.18,2.28,348.62,2.1,2.2,723.18,723.18,2.16
2026-09-20 00:00:00.000 Z," Australian NBL/Sydney Kings v Cairns Taipans",36069265,COMBINED_TOTAL,262424799,Total Points,7017824,Under,188.5,LOSER,0,201,Sydney Kings,v Cairns Taipans,21,111,90,1.72,1.78,,1.72,1.77,,1.76,1.83,,,
2026-09-20 00:00:00.000 Z," Australian NBL/Sydney Kings v Cairns Taipans",36069265,COMBINED_TOTAL,262424799,Total Points,7017823,Over,188.5,WINNER,1,201,Sydney Kings,v Cairns Taipans,21,111,90,2.28,2.38,,2.3,2.4,,2.2,2.32,1.84,1.84,2.3
2026-09-20 00:00:00.000 Z," Australian NBL/Sydney Kings v Cairns Taipans",36069265,COMBINED_TOTAL,262424799,Total Points,7017824,Under,189.5,LOSER,0,201,Sydney Kings,v Cairns Taipans,21,111,90,1.39,,,1.59,1.88,,1.61,1.92,,,
2026-09-20 00:00:00.000 Z," Australian NBL/Sydney Kings v Cairns Taipans",36069265,COMBINED_TOTAL,262424799,Total Points,7017823,Over,189.5,WINNER,1,201,Sydney Kings,v Cairns Taipans,21,111,90,,,,2.14,2.7,,2.08,2.64,,,
2026-09-20 00:00:00.000 Z," Australian NBL/Sydney Kings v Cairns Taipans",36069265,COMBINED_TOTAL,262424799,Total Points,7017824,Under,190.5,LOSER,0,201,Sydney Kings,v Cairns Taipans,21,111,90,1.36,,,1.54,1.81,,1.56,1.84,,,
2026-09-20 00:00:00.000 Z," Australian NBL/Sydney Kings v Cairns Taipans",36069265,COMBINED_TOTAL,262424799,Total Points,7017823,Over,190.5,WINNER,1,201,Sydney Kings,v Cairns Taipans,21,111,90,,,,2.24,2.86,,2.18,2.78,,,
2026-09-20 00:00:00.000 Z," Australian NBL/Sydney Kings v Cairns Taipans",36069265,COMBINED_TOTAL,262424799,Total Points,7017824,Under,191.5,LOSER,0,201,Sydney Kings,v Cairns Taipans,21,111,90,1.33,,,1.49,1.74,,1.51,1.77,,,
2026-09-20 00:00:00.000 Z," Australian NBL/Sydney Kings v Cairns Taipans",36069265,COMBINED_TOTAL,262424799,Total Points,7017823,Over,191.5,WINNER,1,201,Sydney Kings,v Cairns Taipans,21,111,90,,,,2.36,2.88,,2.3,2.88,,,
2026-09-20 00:00:00.000 Z," Australian NBL/Sydney Kings v Cairns Taipans",36069265,COMBINED_TOTAL,262424799,Total Points,7017824,Under,192.5,LOSER,0,201,Sydney Kings,v Cairns Taipans,21,111,90,1.3,,,1.45,1.68,,1.47,1.71,,,
2026-09-20 00:00:00.000 Z," Australian NBL/Sydney Kings v Cairns Taipans",36069265,COMBINED_TOTAL,262424799,Total Points,7017823,Over,192.5,WINNER,1,201,Sydney Kings,v Cairns Taipans,21,111,90,,,,2.48,3.25,,2.42,3.15,,,
2026-09-20 00:00:00.000 Z," Australian NBL/Sydney Kings v Cairns Taipans",36069265,COMBINED_TOTAL,262424799,Total Points,7017824,Under,193.5,LOSER,0,201,Sydney Kings,v Cairns Taipans,21,111,90,1.27,,,1.27,,,1.43,1.65,,,
2026-09-20 00:00:00.000 Z," Australian NBL/Sydney Kings v Cairns Taipans",36069265,COMBINED_TOTAL,262424799,Total Points,7017823,Over,193.5,WINNER,1,201,Sydney Kings,v Cairns Taipans,21,111,90,,,,,,,2.54,3.35,,,
2026-09-20 00:00:00.000 Z," Australian NBL/Sydney Kings v Cairns Taipans",36069265,COMBINED_TOTAL,262424799,Total Points,7017824,Under,194.5,LOSER,0,201,Sydney Kings,v Cairns Taipans,21,111,90,1.24,,,1.24,,,1.27,,,,
2026-09-20 00:00:00.000 Z," Australian NBL/Sydney Kings v Cairns Taipans",36069265,COMBINED_TOTAL,262424799,Total Points,7017823,Over,194.5,WINNER,1,201,Sydney Kings,v Cairns Taipans,21,111,90,,,,,,,,,,56.23,
2026-09-20 00:00:00.000 Z," Australian NBL/Sydney Kings v Cairns Taipans",36069265,COMBINED_TOTAL,262424799,Total Points,7017824,Under,195.5,LOSER,0,201,Sydney Kings,v Cairns Taipans,21,111,90,1.21,,,1.21,,,1.24,,,,
2026-09-20 00:00:00.000 Z," Australian NBL/Sydney Kings v Cairns Taipans",36069265,COMBINED_TOTAL,262424799,Total Points,7017823,Over,195.5,WINNER,1,201,Sydney Kings,v Cairns Taipans,21,111,90,,,,,,,,,,,
2026-09-20 00:00:00.000 Z," Australian NBL/Sydney Kings v Cairns Taipans",36069265,COMBINED_TOTAL,262424799,Total Points,7017824,Under,196.5,LOSER,0,201,Sydney Kings,v Cairns Taipans,21,111,90,1.19,,,1.19,,,1.21,,,,
2026-09-20 00:00:00.000 Z," Australian NBL/Sydney Kings v Cairns Taipans",36069265,COMBINED_TOTAL,262424799,Total Points,7017823,Over,196.5,WINNER,1,201,Sydney Kings,v Cairns Taipans,21,111,90,,,,,,,,,,,
2026-09-20 00:00:00.000 Z," Australian NBL/Sydney Kings v Cairns Taipans",36069265,COMBINED_TOTAL,262424799,Total Points,7017824,Under,197.5,LOSER,0,201,Sydney Kings,v Cairns Taipans,21,111,90,1.17,,,1.17,,,1.18,,,,
2026-09-20 00:00:00.000 Z," Australian NBL/Sydney Kings v Cairns Taipans",36069265,COMBINED_TOTAL,262424799,Total Points,7017823,Over,197.5,WINNER,1,201,Sydney Kings,v Cairns Taipans,21,111,90,,,,,,,,,,,
2026-09-20 00:00:00.000 Z," Australian NBL/Sydney Kings v Cairns Taipans",36069265,COMBINED_TOTAL,262424799,Total Points,7017824,Under,198.5,LOSER,0,201,Sydney Kings,v Cairns Taipans,21,111,90,1.15,,,1.15,,,1.16,,,,
2026-09-20 00:00:00.000 Z," Australian NBL/Sydney Kings v Cairns Taipans",36069265,COMBINED_TOTAL,262424799,Total Points,7017823,Over,198.5,WINNER,1,201,Sydney Kings,v Cairns Taipans,21,111,90,,,,,,,,,,,
2026-09-20 00:00:00.000 Z," Australian NBL/Sydney Kings v Cairns Taipans",36069265,COMBINED_TOTAL,262424799,Total Points,7017824,Under,199.5,LOSER,0,201,Sydney Kings,v Cairns Taipans,21,111,90,1.13,,,1.13,,,1.14,,,,
2026-09-20 00:00:00.000 Z," Australian NBL/Sydney Kings v Cairns Taipans",36069265,COMBINED_TOTAL,262424799,Total Points,7017823,Over,199.5,WINNER,1,201,Sydney Kings,v Cairns Taipans,21,111,90,,,,,,,,,,,
2026-09-20 00:00:00.000 Z," Australian NBL/Sydney Kings v Cairns Taipans",36069265,COMBINED_TOTAL,262424799,Total Points,7017824,Under,200.5,LOSER,0,201,Sydney Kings,v Cairns Taipans,21,111,90,1.11,,,1.11,,,1.12,,,,
2026-09-20 00:00:00.000 Z," Australian NBL/Sydney Kings v Cairns Taipans",36069265,COMBINED_TOTAL,262424799,Total Points,7017823,Over,200.5,WINNER,1,201,Sydney Kings,v Cairns Taipans,21,111,90,,,,,,,,,,,
2026-09-20 00:00:00.000 Z," Australian NBL/Sydney Kings v Cairns Taipans",36069265,COMBINED_TOTAL,262424799,Total Points,7017823,Over,201.5,LOSER,0,201,Sydney Kings,v Cairns Taipans,21,111,90,,,,,,,,,,,
2026-09-20 00:00:00.000 Z," Australian NBL/Sydney Kings v Cairns Taipans",36069265,COMBINED_TOTAL,262424799,Total Points,7017824,Under,201.5,WINNER,1,201,Sydney Kings,v Cairns Taipans,21,111,90,1.1,,,1.1,,,1.1,,,,
2026-09-20 00:00:00.000 Z," Australian NBL/Sydney Kings v Cairns Taipans",36069265,COMBINED_TOTAL,262424799,Total Points,7017823,Over,202.5,LOSER,0,201,Sydney Kings,v Cairns Taipans,21,111,90,,,,,,,,,,,
2026-09-20 00:00:00.000 Z," Australian NBL/Sydney Kings v Cairns Taipans",36069265,COMBINED_TOTAL,262424799,Total Points,7017824,Under,202.5,WINNER,1,201,Sydney Kings,v Cairns Taipans,21,111,90,1.09,,,1.09,,,1.09,,,,
2026-09-20 00:00:00.000 Z," Australian NBL/Sydney Kings v Cairns Taipans",36069265,COMBINED_TOTAL,262424799,Total Points,7017823,Over,203.5,LOSER,0,201,Sydney Kings,v Cairns Taipans,21,111,90,,,,,,,,,,136.43,
2026-09-20 00:00:00.000 Z," Australian NBL/Sydney Kings v Cairns Taipans",36069265,COMBINED_TOTAL,262424799,Total Points,7017824,Under,203.5,WINNER,1,201,Sydney Kings,v Cairns Taipans,21,111,90,1.08,,,1.08,,,1.08,,,,
2026-09-20 00:00:00.000 Z," Australian NBL/Sydney Kings v Cairns Taipans",36069265,COMBINED_TOTAL,262424799,Total Points,7017823,Over,204.5,LOSER,0,201,Sydney Kings,v Cairns Taipans,21,111,90,,,,,,,,,,,
2026-09-20 00:00:00.000 Z," Australian NBL/Sydney Kings v Cairns Taipans",36069265,COMBINED_TOTAL,262424799,Total Points,7017824,Under,204.5,WINNER,1,201,Sydney Kings,v Cairns Taipans,21,111,90,1.07,,,1.07,,,1.07,,,,
2026-09-20 00:00:00.000 Z," Australian NBL/Sydney Kings v Cairns Taipans",36069265,COMBINED_TOTAL,262424799,Total Points,7017823,Over,205.5,LOSER,0,201,Sydney Kings,v Cairns Taipans,21,111,90,,,,,,,,,,,
2026-09-20 00:00:00.000 Z," Australian NBL/Sydney Kings v Cairns Taipans",36069265,COMBINED_TOTAL,262424799,Total Points,7017824,Under,205.5,WINNER,1,201,Sydney Kings,v Cairns Taipans,21,111,90,1.06,,,1.06,,,1.06,,,20.09,
2026-09-20 00:00:00.000 Z," Australian NBL/Sydney Kings v Cairns Taipans",36069265,COMBINED_TOTAL,262424799,Total Points,7017823,Over,206.5,LOSER,0,201,Sydney Kings,v Cairns Taipans,21,111,90,,,,,,,,,,,
2026-09-20 00:00:00.000 Z," Australian NBL/Sydney Kings v Cairns Taipans",36069265,COMBINED_TOTAL,262424799,Total Points,7017824,Under,206.5,WINNER,1,201,Sydney Kings,v Cairns Taipans,21,111,90,1.05,,,1.05,,,1.05,,,,
2026-09-20 00:00:00.000 Z," Australian NBL/Sydney Kings v Cairns Taipans",36069265,COMBINED_TOTAL,262424799,Total Points,7017823,Over,207.5,LOSER,0,201,Sydney Kings,v Cairns Taipans,21,111,90,,,,,,,,,,,
2026-09-20 00:00:00.000 Z," Australian NBL/Sydney Kings v Cairns Taipans",36069265,COMBINED_TOTAL,262424799,Total Points,7017824,Under,207.5,WINNER,1,201,Sydney Kings,v Cairns Taipans,21,111,90,1.04,,,1.04,,,1.04,,,15.56,
2026-09-20 00:00:00.000 Z," Australian NBL/Sydney Kings v Cairns Taipans",36069265,COMBINED_TOTAL,262424799,Total Points,7017823,Over,208.5,LOSER,0,201,Sydney Kings,v Cairns Taipans,21,111,90,,,,,,,,,,,
2026-09-20 00:00:00.000 Z," Australian NBL/Sydney Kings v Cairns Taipans",36069265,COMBINED_TOTAL,262424799,Total Points,7017824,Under,208.5,WINNER,1,201,Sydney Kings,v Cairns Taipans,21,111,90,1.03,,,1.03,,,1.03,,,,
2026-09-20 00:00:00.000 Z," Australian NBL/Sydney Kings v Cairns Taipans",36069265,COMBINED_TOTAL,262424799,Total Points,7017823,Over,209.5,LOSER,0,201,Sydney Kings,v Cairns Taipans,21,111,90,,,,,,,,,,,
2026-09-20 00:00:00.000 Z," Australian NBL/Sydney Kings v Cairns Taipans",36069265,COMBINED_TOTAL,262424799,Total Points,7017824,Under,209.5,WINNER,1,201,Sydney Kings,v Cairns Taipans,21,111,90,1.02,,,1.02,,,1.02,,,,
2026-09-20 00:00:00.000 Z," Australian NBL/Sydney Kings v Cairns Taipans",36069265,COMBINED_TOTAL,262424799,Total Points,7017823,Over,210.5,LOSER,0,201,Sydney Kings,v Cairns Taipans,21,111,90,,,,,,,,,,,
2026-09-20 00:00:00.000 Z," Australian NBL/Sydney Kings v Cairns Taipans",36069265,COMBINED_TOTAL,262424799,Total Points,7017824,Under,210.5,WINNER,1,201,Sydney Kings,v Cairns Taipans,21,111,90,1.01,,,1.01,,,1.01,2,,,
2026-09-20 00:00:00.000 Z," Australian NBL/Sydney Kings v Cairns Taipans",36069265,COMBINED_TOTAL,262424799,Total Points,7017823,Over,211.5,LOSER,0,201,Sydney Kings,v Cairns Taipans,21,111,90,,,,,,,,,,,
2026-09-20 00:00:00.000 Z," Australian NBL/Sydney Kings v Cairns Taipans",36069265,COMBINED_TOTAL,262424799,Total Points,7017824,Under,211.5,WINNER,1,201,Sydney Kings,v Cairns Taipans,21,111,90,,,,,,,,,,,
2026-09-20 00:00:00.000 Z," Australian NBL/Sydney Kings v Cairns Taipans",36069265,COMBINED_TOTAL,262424799,Total Points,7017823,Over,212.5,LOSER,0,201,Sydney Kings,v Cairns Taipans,21,111,90,,,,,,,,,,,
2026-09-20 00:00:00.000 Z," Australian NBL/Sydney Kings v Cairns Taipans",36069265,COMBINED_TOTAL,262424799,Total Points,7017824,Under,212.5,WINNER,1,201,Sydney Kings,v Cairns Taipans,21,111,90,,,,,,,,,,,
2026-09-20 00:00:00.000 Z," Australian NBL/Sydney Kings v Cairns Taipans",36069265,COMBINED_TOTAL,262424799,Total Points,7017823,Over,213.5,LOSER,0,201,Sydney Kings,v Cairns Taipans,21,111,90,,,,,,,,,,,
2026-09-20 00:00:00.000 Z," Australian NBL/Sydney Kings v Cairns Taipans",36069265,COMBINED_TOTAL,262424799,Total Points,7017824,Under,213.5,WINNER,1,201,Sydney Kings,v Cairns Taipans,21,111,90,,,,,,,,,,,
2026-09-20 00:00:00.000 Z," Australian NBL/Sydney Kings v Cairns Taipans",36069265,COMBINED_TOTAL,262424799,Total Points,7017823,Over,214.5,LOSER,0,201,Sydney Kings,v Cairns Taipans,21,111,90,,,,,,,,,,,
2026-09-20 00:00:00.000 Z," Australian NBL/Sydney Kings v Cairns Taipans",36069265,COMBINED_TOTAL,262424799,Total Points,7017824,Under,214.5,WINNER,1,201,Sydney Kings,v Cairns Taipans,21,111,90,,,,,,,,,,,
2026-09-20 00:00:00.000 Z," Australian NBL/Sydney Kings v Cairns Taipans",36069265,COMBINED_TOTAL,262424799,Total Points,7017823,Over,215.5,LOSER,0,201,Sydney Kings,v Cairns Taipans,21,111,90,,,,,,,,,,,
2026-09-20 00:00:00.000 Z," Australian NBL/Sydney Kings v Cairns Taipans",36069265,COMBINED_TOTAL,262424799,Total Points,7017824,Under,215.5,WINNER,1,201,Sydney Kings,v Cairns Taipans,21,111,90,,,,,,,,,,,
2026-09-20 00:00:00.000 Z," Australian NBL/Sydney Kings v Cairns Taipans",36069265,COMBINED_TOTAL,262424799,Total Points,7017823,Over,216.5,LOSER,0,201,Sydney Kings,v Cairns Taipans,21,111,90,,,,,,,,,,,
2026-09-20 00:00:00.000 Z," Australian NBL/Sydney Kings v Cairns Taipans",36069265,COMBINED_TOTAL,262424799,Total Points,7017824,Under,216.5,WINNER,1,201,Sydney Kings,v Cairns Taipans,21,111,90,,,,,,,,,,,
2026-09-20 00:00:00.000 Z," Australian NBL/Sydney Kings v Cairns Taipans",36069265,COMBINED_TOTAL,262424799,Total Points,7017823,Over,217.5,LOSER,0,201,Sydney Kings,v Cairns Taipans,21,111,90,,,,,,,,,,,
2026-09-20 00:00:00.000 Z," Australian NBL/Sydney Kings v Cairns Taipans",36069265,COMBINED_TOTAL,262424799,Total Points,7017824,Under,217.5,WINNER,1,201,Sydney Kings,v Cairns Taipans,21,111,90,,,,,,,,,,,
2026-09-20 00:00:00.000 Z," Australian NBL/Sydney Kings v Cairns Taipans",36069265,COMBINED_TOTAL,262424799,Total Points,7017823,Over,218.5,LOSER,0,201,Sydney Kings,v Cairns Taipans,21,111,90,,,,,,,,,,,
2026-09-20 00:00:00.000 Z," Australian NBL/Sydney Kings v Cairns Taipans",36069265,COMBINED_TOTAL,262424799,Total Points,7017824,Under,218.5,WINNER,1,201,Sydney Kings,v Cairns Taipans,21,111,90,,,,,,,,,,,
2026-09-20 00:00:00.000 Z," Australian NBL/Sydney Kings v Cairns Taipans",36069265,COMBINED_TOTAL,262424799,Total Points,7017823,Over,219.5,LOSER,0,201,Sydney Kings,v Cairns Taipans,21,111,90,,,,,,,,,,,
2026-09-20 00:00:00.000 Z," Australian NBL/Sydney Kings v Cairns Taipans",36069265,COMBINED_TOTAL,262424799,Total Points,7017824,Under,219.5,WINNER,1,201,Sydney Kings,v Cairns Taipans,21,111,90,,,,,,,,,,,
2026-09-20 00:00:00.000 Z," Australian NBL/Sydney Kings v Cairns Taipans",36069265,COMBINED_TOTAL,262424799,Total Points,7017823,Over,220.5,LOSER,0,201,Sydney Kings,v Cairns Taipans,21,111,90,,,,,,,,,,,
2026-09-20 00:00:00.000 Z," Australian NBL/Sydney Kings v Cairns Taipans",36069265,COMBINED_TOTAL,262424799,Total Points,7017824,Under,220.5,WINNER,1,201,Sydney Kings,v Cairns Taipans,21,111,90,,,,,,,,,,,
2026-09-20 00:00:00.000 Z," Australian NBL/Sydney Kings v Cairns Taipans",36069265,COMBINED_TOTAL,262424799,Total Points,7017823,Over,221.5,LOSER,0,201,Sydney Kings,v Cairns Taipans,21,111,90,,,,,,,,,,,
2026-09-20 00:00:00.000 Z," Australian NBL/Sydney Kings v Cairns Taipans",36069265,COMBINED_TOTAL,262424799,Total Points,7017824,Under,221.5,WINNER,1,201,Sydney Kings,v Cairns Taipans,21,111,90,,,,,,,,,,,
2026-09-20 00:00:00.000 Z," Australian NBL/Sydney Kings v Cairns Taipans",36069265,COMBINED_TOTAL,262424799,Total Points,7017823,Over,222.5,LOSER,0,201,Sydney Kings,v Cairns Taipans,21,111,90,,,,,,,,,,,
2026-09-20 00:00:00.000 Z," Australian NBL/Sydney Kings v Cairns Taipans",36069265,COMBINED_TOTAL,262424799,Total Points,7017824,Under,222.5,WINNER,1,201,Sydney Kings,v Cairns Taipans,21,111,90,,,,,,,,,,,
2026-09-20 00:00:00.000 Z," Australian NBL/Sydney Kings v Cairns Taipans",36069265,COMBINED_TOTAL,262424799,Total Points,7017823,Over,223.5,LOSER,0,201,Sydney Kings,v Cairns Taipans,21,111,90,,,,,,,,,,,
2026-09-20 00:00:00.000 Z," Australian NBL/Sydney Kings v Cairns Taipans",36069265,COMBINED_TOTAL,262424799,Total Points,7017824,Under,223.5,WINNER,1,201,Sydney Kings,v Cairns Taipans,21,111,90,,,,,,,,,,,
2026-09-20 00:00:00.000 Z," Australian NBL/Sydney Kings v Cairns Taipans",36069265,COMBINED_TOTAL,262424799,Total Points,7017823,Over,224.5,LOSER,0,201,Sydney Kings,v Cairns Taipans,21,111,90,,,,,,,,,,,
2026-09-20 00:00:00.000 Z," Australian NBL/Sydney Kings v Cairns Taipans",36069265,COMBINED_TOTAL,262424799,Total Points,7017824,Under,224.5,WINNER,1,201,Sydney Kings,v Cairns Taipans,21,111,90,,,,,,,,,,,
2026-09-20 00:00:00.000 Z," Australian NBL/Sydney Kings v Cairns Taipans",36069265,COMBINED_TOTAL,262424799,Total Points,7017823,Over,225.5,LOSER,0,201,Sydney Kings,v Cairns Taipans,21,111,90,,,,,,,,,,,
2026-09-20 00:00:00.000 Z," Australian NBL/Sydney Kings v Cairns Taipans",36069265,COMBINED_TOTAL,262424799,Total Points,7017824,Under,225.5,WINNER,1,201,Sydney Kings,v Cairns Taipans,21,111,90,,,,,,,,,,,
2026-09-20 00:00:00.000 Z," Australian NBL/Sydney Kings v Cairns Taipans",36069265,COMBINED_TOTAL,262424799,Total Points,7017823,Over,226.5,LOSER,0,201,Sydney Kings,v Cairns Taipans,21,111,90,,,,,,,,,,,
2026-09-20 00:00:00.000 Z," Australian NBL/Sydney Kings v Cairns Taipans",36069265,COMBINED_TOTAL,262424799,Total Points,7017824,Under,226.5,WINNER,1,201,Sydney Kings,v Cairns Taipans,21,111,90,,,,,,,,,,,
2026-09-20 00:00:00.000 Z," Australian NBL/Sydney Kings v Cairns Taipans",36069265,COMBINED_TOTAL,262424799,Total Points,7017823,Over,227.5,LOSER,0,201,Sydney Kings,v Cairns Taipans,21,111,90,,,,,,,,,,,
2026-09-20 00:00:00.000 Z," Australian NBL/Sydney Kings v Cairns Taipans",36069265,COMBINED_TOTAL,262424799,Total Points,7017824,Under,227.5,WINNER,1,201,Sydney Kings,v Cairns Taipans,21,111,90,,,,,,,,,,,
2026-09-20 00:00:00.000 Z," Australian NBL/Sydney Kings v Cairns Taipans",36069265,COMBINED_TOTAL,262424799,Total Points,7017823,Over,228.5,LOSER,0,201,Sydney Kings,v Cairns Taipans,21,111,90,,,,,,,,,,,
2026-09-20 00:00:00.000 Z," Australian NBL/Sydney Kings v Cairns Taipans",36069265,COMBINED_TOTAL,262424799,Total Points,7017824,Under,228.5,WINNER,1,201,Sydney Kings,v Cairns Taipans,21,111,90,,,,,,,,,,,
2026-09-20 00:00:00.000 Z," Australian NBL/Sydney Kings v Cairns Taipans",36069265,COMBINED_TOTAL,262424799,Total Points,7017823,Over,229.5,LOSER,0,201,Sydney Kings,v Cairns Taipans,21,111,90,,,,,,,,,,,
2026-09-20 00:00:00.000 Z," Australian NBL/Sydney Kings v Cairns Taipans",36069265,COMBINED_TOTAL,262424799,Total Points,7017824,Under,229.5,WINNER,1,201,Sydney Kings,v Cairns Taipans,21,111,90,,,,,,,,,,,
2026-09-20 00:00:00.000 Z," Australian NBL/Sydney Kings v Cairns Taipans",36069265,COMBINED_TOTAL,262424799,Total Points,7017823,Over,230.5,LOSER,0,201,Sydney Kings,v Cairns Taipans,21,111,90,,,,,,,,,,,
2026-09-20 00:00:00.000 Z," Australian NBL/Sydney Kings v Cairns Taipans",36069265,COMBINED_TOTAL,262424799,Total Points,7017824,Under,230.5,WINNER,1,201,Sydney Kings,v Cairns Taipans,21,111,90,,,,,,,,,,,
2026-09-20 00:00:00.000 Z," Australian NBL/Sydney Kings v Cairns Taipans",36069265,COMBINED_TOTAL,262424799,Total Points,7017823,Over,231.5,LOSER,0,201,Sydney Kings,v Cairns Taipans,21,111,90,,,,,,,,,,,
2026-09-20 00:00:00.000 Z," Australian NBL/Sydney Kings v Cairns Taipans",36069265,COMBINED_TOTAL,262424799,Total Points,7017824,Under,231.5,WINNER,1,201,Sydney Kings,v Cairns Taipans,21,111,90,,,,,,,,,,,
2026-09-20 00:00:00.000 Z," Australian NBL/Sydney Kings v Cairns Taipans",36069265,COMBINED_TOTAL,262424799,Total Points,7017823,Over,232.5,LOSER,0,201,Sydney Kings,v Cairns Taipans,21,111,90,,,,,,,,,,,
2026-09-20 00:00:00.000 Z," Australian NBL/Sydney Kings v Cairns Taipans",36069265,COMBINED_TOTAL,262424799,Total Points,7017824,Under,232.5,WINNER,1,201,Sydney Kings,v Cairns Taipans,21,111,90,,,,,,,,,,,
2026-09-20 00:00:00.000 Z," Australian NBL/Sydney Kings v Cairns Taipans",36069265,COMBINED_TOTAL,262424799,Total Points,7017823,Over,233.5,LOSER,0,201,Sydney Kings,v Cairns Taipans,21,111,90,,,,,,,,,,,
2026-09-20 00:00:00.000 Z," Australian NBL/Sydney Kings v Cairns Taipans",36069265,COMBINED_TOTAL,262424799,Total Points,7017824,Under,233.5,WINNER,1,201,Sydney Kings,v Cairns Taipans,21,111,90,,,,,,,,,,,
2026-09-20 00:00:00.000 Z," Australian NBL/Sydney Kings v Cairns Taipans",36069265,COMBINED_TOTAL,262424799,Total Points,7017823,Over,234.5,LOSER,0,201,Sydney Kings,v Cairns Taipans,21,111,90,,,,,,,,,,,
2026-09-20 00:00:00.000 Z," Australian NBL/Sydney Kings v Cairns Taipans",36069265,COMBINED_TOTAL,262424799,Total Points,7017824,Under,234.5,WINNER,1,201,Sydney Kings,v Cairns Taipans,21,111,90,,,,,,,,,,,
2026-09-20 00:00:00.000 Z," Australian NBL/Sydney Kings v Cairns Taipans",36069265,COMBINED_TOTAL,262424799,Total Points,7017823,Over,235.5,LOSER,0,201,Sydney Kings,v Cairns Taipans,21,111,90,,,,,,,,,,,
2026-09-20 00:00:00.000 Z," Australian NBL/Sydney Kings v Cairns Taipans",36069265,COMBINED_TOTAL,262424799,Total Points,7017824,Under,235.5,WINNER,1,201,Sydney Kings,v Cairns Taipans,21,111,90,,,,,,,,,,,
2026-09-20 00:00:00.000 Z," Australian NBL/Sydney Kings v Cairns Taipans",36069265,COMBINED_TOTAL,262424799,Total Points,7017823,Over,236.5,LOSER,0,201,Sydney Kings,v Cairns Taipans,21,111,90,,,,,,,,,,,
2026-09-20 00:00:00.000 Z," Australian NBL/Sydney Kings v Cairns Taipans",36069265,COMBINED_TOTAL,262424799,Total Points,7017824,Under,236.5,WINNER,1,201,Sydney Kings,v Cairns Taipans,21,111,90,,,,,,,,,,,
2026-09-20 00:00:00.000 Z," Australian NBL/Sydney Kings v Cairns Taipans",36069265,COMBINED_TOTAL,262424799,Total Points,7017823,Over,237.5,LOSER,0,201,Sydney Kings,v Cairns Taipans,21,111,90,,,,,,,,,,,
2026-09-20 00:00:00.000 Z," Australian NBL/Sydney Kings v Cairns Taipans",36069265,COMBINED_TOTAL,262424799,Total Points,7017824,Under,237.5,WINNER,1,201,Sydney Kings,v Cairns Taipans,21,111,90,,,,,,,,,,,
2026-09-20 00:00:00.000 Z," Australian NBL/Sydney Kings v Cairns Taipans",36069265,COMBINED_TOTAL,262424799,Total Points,7017823,Over,238.5,LOSER,0,201,Sydney Kings,v Cairns Taipans,21,111,90,,,,,,,,,,,
2026-09-20 00:00:00.000 Z," Australian NBL/Sydney Kings v Cairns Taipans",36069265,COMBINED_TOTAL,262424799,Total Points,7017824,Under,238.5,WINNER,1,201,Sydney Kings,v Cairns Taipans,21,111,90,,,,,,,,,,,
2026-09-20 00:00:00.000 Z," Australian NBL/Sydney Kings v Cairns Taipans",36069265,COMBINED_TOTAL,262424799,Total Points,7017823,Over,239.5,LOSER,0,201,Sydney Kings,v Cairns Taipans,21,111,90,,,,,,,,,,,
2026-09-20 00:00:00.000 Z," Australian NBL/Sydney Kings v Cairns Taipans",36069265,COMBINED_TOTAL,262424799,Total Points,7017824,Under,239.5,WINNER,1,201,Sydney Kings,v Cairns Taipans,21,111,90,,,,,,,,,,,
2026-09-20 00:00:00.000 Z," Australian NBL/Sydney Kings v Cairns Taipans",36069265,COMBINED_TOTAL,262424799,Total Points,7017823,Over,240.5,LOSER,0,201,Sydney Kings,v Cairns Taipans,21,111,90,,,,,,,,,,,
2026-09-20 00:00:00.000 Z," Australian NBL/Sydney Kings v Cairns Taipans",36069265,COMBINED_TOTAL,262424799,Total Points,7017824,Under,240.5,WINNER,1,201,Sydney Kings,v Cairns Taipans,21,111,90,,,,,,,,,,,
2026-09-20 00:00:00.000 Z," Australian NBL/Sydney Kings v Cairns Taipans",36069265,COMBINED_TOTAL,262424799,Total Points,7017823,Over,241.5,LOSER,0,201,Sydney Kings,v Cairns Taipans,21,111,90,,,,,,,,,,,
2026-09-20 00:00:00.000 Z," Australian NBL/Sydney Kings v Cairns Taipans",36069265,COMBINED_TOTAL,262424799,Total Points,7017824,Under,241.5,WINNER,1,201,Sydney Kings,v Cairns Taipans,21,111,90,,,,,,,,,,,
2026-09-20 00:00:00.000 Z," Australian NBL/Sydney Kings v Cairns Taipans",36069265,COMBINED_TOTAL,262424799,Total Points,7017823,Over,242.5,LOSER,0,201,Sydney Kings,v Cairns Taipans,21,111,90,,,,,,,,,,,
2026-09-20 00:00:00.000 Z," Australian NBL/Sydney Kings v Cairns Taipans",36069265,COMBINED_TOTAL,262424799,Total Points,7017824,Under,242.5,WINNER,1,201,Sydney Kings,v Cairns Taipans,21,111,90,,,,,,,,,,,
2026-09-20 00:00:00.000 Z," Australian NBL/Sydney Kings v Cairns Taipans",36069265,COMBINED_TOTAL,262424799,Total Points,7017823,Over,243.5,LOSER,0,201,Sydney Kings,v Cairns Taipans,21,111,90,,,,,,,,,,,
2026-09-20 00:00:00.000 Z," Australian NBL/Sydney Kings v Cairns Taipans",36069265,COMBINED_TOTAL,262424799,Total Points,7017824,Under,243.5,WINNER,1,201,Sydney Kings,v Cairns Taipans,21,111,90,,,,,,,,,,,
2026-09-20 00:00:00.000 Z," Australian NBL/Sydney Kings v Cairns Taipans",36069265,COMBINED_TOTAL,262424799,Total Points,7017823,Over,244.5,LOSER,0,201,Sydney Kings,v Cairns Taipans,21,111,90,,,,,,,,,,,
2026-09-20 00:00:00.000 Z," Australian NBL/Sydney Kings v Cairns Taipans",36069265,COMBINED_TOTAL,262424799,Total Points,7017824,Under,244.5,WINNER,1,201,Sydney Kings,v Cairns Taipans,21,111,90,,,,,,,,,,,
2026-09-20 00:00:00.000 Z," Australian NBL/Sydney Kings v Cairns Taipans",36069265,COMBINED_TOTAL,262424799,Total Points,7017823,Over,245.5,LOSER,0,201,Sydney Kings,v Cairns Taipans,21,111,90,,,,,,,,,,,
2026-09-20 00:00:00.000 Z," Australian NBL/Sydney Kings v Cairns Taipans",36069265,COMBINED_TOTAL,262424799,Total Points,7017824,Under,245.5,WINNER,1,201,Sydney Kings,v Cairns Taipans,21,111,90,,,,,,,,,,,
2026-09-20 00:00:00.000 Z," Australian NBL/Sydney Kings v Cairns Taipans",36069265,COMBINED_TOTAL,262424799,Total Points,7017823,Over,246.5,LOSER,0,201,Sydney Kings,v Cairns Taipans,21,111,90,,,,,,,,,,,
2026-09-20 00:00:00.000 Z," Australian NBL/Sydney Kings v Cairns Taipans",36069265,COMBINED_TOTAL,262424799,Total Points,7017824,Under,246.5,WINNER,1,201,Sydney Kings,v Cairns Taipans,21,111,90,,,,,,,,,,,
2026-09-20 00:00:00.000 Z," Australian NBL/Sydney Kings v Cairns Taipans",36069265,COMBINED_TOTAL,262424799,Total Points,7017823,Over,247.5,LOSER,0,201,Sydney Kings,v Cairns Taipans,21,111,90,,,,,,,,,,,
2026-09-20 00:00:00.000 Z," Australian NBL/Sydney Kings v Cairns Taipans",36069265,COMBINED_TOTAL,262424799,Total Points,7017824,Under,247.5,WINNER,1,201,Sydney Kings,v Cairns Taipans,21,111,90,,,,,,,,,,,
2026-09-20 00:00:00.000 Z," Australian NBL/Sydney Kings v Cairns Taipans",36069265,COMBINED_TOTAL,262424799,Total Points,7017823,Over,248.5,LOSER,0,201,Sydney Kings,v Cairns Taipans,21,111,90,,,,,,,,,,,
2026-09-20 00:00:00.000 Z," Australian NBL/Sydney Kings v Cairns Taipans",36069265,COMBINED_TOTAL,262424799,Total Points,7017824,Under,248.5,WINNER,1,201,Sydney Kings,v Cairns Taipans,21,111,90,,,,,,,,,,,
2026-09-20 00:00:00.000 Z," Australian NBL/Sydney Kings v Cairns Taipans",36069265,COMBINED_TOTAL,262424799,Total Points,7017823,Over,249.5,LOSER,0,201,Sydney Kings,v Cairns Taipans,21,111,90,,,,,,,,,,,
2026-09-20 00:00:00.000 Z," Australian NBL/Sydney Kings v Cairns Taipans",36069265,COMBINED_TOTAL,262424799,Total Points,7017824,Under,249.5,WINNER,1,201,Sydney Kings,v Cairns Taipans,21,111,90,,,,,,,,,,,
2026-09-20 00:00:00.000 Z," Australian NBL/Sydney Kings v Cairns Taipans",36069265,COMBINED_TOTAL,262424799,Total Points,7017823,Over,250.5,LOSER,0,201,Sydney Kings,v Cairns Taipans,21,111,90,,,,,,,,,,,
2026-09-20 00:00:00.000 Z," Australian NBL/Sydney Kings v Cairns Taipans",36069265,COMBINED_TOTAL,262424799,Total Points,7017824,Under,250.5,WINNER,1,201,Sydney Kings,v Cairns Taipans,21,111,90,,,,,,,,,,,
2026-09-20 00:00:00.000 Z," Australian NBL/Sydney Kings v Cairns Taipans",36069265,COMBINED_TOTAL,262424799,Total Points,7017823,Over,251.5,LOSER,0,201,Sydney Kings,v Cairns Taipans,21,111,90,,,,,,,,,,,
2026-09-20 00:00:00.000 Z," Australian NBL/Sydney Kings v Cairns Taipans",36069265,COMBINED_TOTAL,262424799,Total Points,7017824,Under,251.5,WINNER,1,201,Sydney Kings,v Cairns Taipans,21,111,90,,,,,,,,,,,
2026-09-20 00:00:00.000 Z," Australian NBL/Sydney Kings v Cairns Taipans",36069265,COMBINED_TOTAL,262424799,Total Points,7017823,Over,252.5,LOSER,0,201,Sydney Kings,v Cairns Taipans,21,111,90,,,,,,,,,,,
2026-09-20 00:00:00.000 Z," Australian NBL/Sydney Kings v Cairns Taipans",36069265,COMBINED_TOTAL,262424799,Total Points,7017824,Under,252.5,WINNER,1,201,Sydney Kings,v Cairns Taipans,21,111,90,,,,,,,,,,,
2026-09-20 00:00:00.000 Z," Australian NBL/Sydney Kings v Cairns Taipans",36069265,COMBINED_TOTAL,262424799,Total Points,7017823,Over,253.5,LOSER,0,201,Sydney Kings,v Cairns Taipans,21,111,90,,,,,,,,,,,
2026-09-20 00:00:00.000 Z," Australian NBL/Sydney Kings v Cairns Taipans",36069265,COMBINED_TOTAL,262424799,Total Points,7017824,Under,253.5,WINNER,1,201,Sydney Kings,v Cairns Taipans,21,111,90,,,,,,,,,,,
2026-09-20 00:00:00.000 Z," Australian NBL/Sydney Kings v Cairns Taipans",36069265,COMBINED_TOTAL,262424799,Total Points,7017823,Over,254.5,LOSER,0,201,Sydney Kings,v Cairns Taipans,21,111,90,,,,,,,,,,,
2026-09-20 00:00:00.000 Z," Australian NBL/Sydney Kings v Cairns Taipans",36069265,COMBINED_TOTAL,262424799,Total Points,7017824,Under,254.5,WINNER,1,201,Sydney Kings,v Cairns Taipans,21,111,90,,,,,,,,,,,
2026-09-20 00:00:00.000 Z," Australian NBL/Sydney Kings v Cairns Taipans",36069265,COMBINED_TOTAL,262424799,Total Points,7017823,Over,255.5,LOSER,0,201,Sydney Kings,v Cairns Taipans,21,111,90,,,,,,,,,,,
2026-09-20 00:00:00.000 Z," Australian NBL/Sydney Kings v Cairns Taipans",36069265,COMBINED_TOTAL,262424799,Total Points,7017824,Under,255.5,WINNER,1,201,Sydney Kings,v Cairns Taipans,21,111,90,,,,,,,,,,,
2026-09-20 00:00:00.000 Z," Australian NBL/Sydney Kings v Cairns Taipans",36069265,COMBINED_TOTAL,262424799,Total Points,7017823,Over,256.5,LOSER,0,201,Sydney Kings,v Cairns Taipans,21,111,90,,,,,,,,,,,
2026-09-20 00:00:00.000 Z," Australian NBL/Sydney Kings v Cairns Taipans",36069265,COMBINED_TOTAL,262424799,Total Points,7017824,Under,256.5,WINNER,1,201,Sydney Kings,v Cairns Taipans,21,111,90,,,,,,,,,,,
2026-09-20 00:00:00.000 Z," Australian NBL/Sydney Kings v Cairns Taipans",36069265,COMBINED_TOTAL,262424799,Total Points,7017823,Over,257.5,LOSER,0,201,Sydney Kings,v Cairns Taipans,21,111,90,,,,,,,,,,,
2026-09-20 00:00:00.000 Z," Australian NBL/Sydney Kings v Cairns Taipans",36069265,COMBINED_TOTAL,262424799,Total Points,7017824,Under,257.5,WINNER,1,201,Sydney Kings,v Cairns Taipans,21,111,90,,,,,,,,,,,
2026-09-20 00:00:00.000 Z," Australian NBL/Sydney Kings v Cairns Taipans",36069265,COMBINED_TOTAL,262424799,Total Points,7017823,Over,258.5,LOSER,0,201,Sydney Kings,v Cairns Taipans,21,111,90,,,,,,,,,,,
2026-09-20 00:00:00.000 Z," Australian NBL/Sydney Kings v Cairns Taipans",36069265,COMBINED_TOTAL,262424799,Total Points,7017824,Under,258.5,WINNER,1,201,Sydney Kings,v Cairns Taipans,21,111,90,,,,,,,,,,,
2026-09-20 00:00:00.000 Z," Australian NBL/Sydney Kings v Cairns Taipans",36069265,COMBINED_TOTAL,262424799,Total Points,7017823,Over,259.5,LOSER,0,201,Sydney Kings,v Cairns Taipans,21,111,90,,,,,,,,,,,
2026-09-20 00:00:00.000 Z," Australian NBL/Sydney Kings v Cairns Taipans",36069265,COMBINED_TOTAL,262424799,Total Points,7017824,Under,259.5,WINNER,1,201,Sydney Kings,v Cairns Taipans,21,111,90,,,,,,,,,,,
2026-09-20 00:00:00.000 Z," Australian NBL/Sydney Kings v Cairns Taipans",36069265,COMBINED_TOTAL,262424799,Total Points,7017823,Over,260.5,LOSER,0,201,Sydney Kings,v Cairns Taipans,21,111,90,,,,,,,,,,,
2026-09-20 00:00:00.000 Z," Australian NBL/Sydney Kings v Cairns Taipans",36069265,COMBINED_TOTAL,262424799,Total Points,7017824,Under,260.5,WINNER,1,201,Sydney Kings,v Cairns Taipans,21,111,90,,,,,,,,,,,
2026-09-20 00:00:00.000 Z," Australian NBL/Sydney Kings v Cairns Taipans",36069265,COMBINED_TOTAL,262424799,Total Points,7017823,Over,261.5,LOSER,0,201,Sydney Kings,v Cairns Taipans,21,111,90,,,,,,,,,,,
2026-09-20 00:00:00.000 Z," Australian NBL/Sydney Kings v Cairns Taipans",36069265,COMBINED_TOTAL,262424799,Total Points,7017824,Under,261.5,WINNER,1,201,Sydney Kings,v Cairns Taipans,21,111,90,,,,,,,,,,,
2026-09-20 00:00:00.000 Z," Australian NBL/Sydney Kings v Cairns Taipans",36069265,COMBINED_TOTAL,262424799,Total Points,7017823,Over,262.5,LOSER,0,201,Sydney Kings,v Cairns Taipans,21,111,90,,,,,,,,,,,
2026-09-20 00:00:00.000 Z," Australian NBL/Sydney Kings v Cairns Taipans",36069265,COMBINED_TOTAL,262424799,Total Points,7017824,Under,262.5,WINNER,1,201,Sydney Kings,v Cairns Taipans,21,111,90,,,,,,,,,,,
2026-09-20 00:00:00.000 Z," Australian NBL/Sydney Kings v Cairns Taipans",36069265,COMBINED_TOTAL,262424799,Total Points,7017823,Over,263.5,LOSER,0,201,Sydney Kings,v Cairns Taipans,21,111,90,,,,,,,,,,,
2026-09-20 00:00:00.000 Z," Australian NBL/Sydney Kings v Cairns Taipans",36069265,COMBINED_TOTAL,262424799,Total Points,7017824,Under,263.5,WINNER,1,201,Sydney Kings,v Cairns Taipans,21,111,90,,,,,,,,,,,
2026-09-20 00:00:00.000 Z," Australian NBL/Sydney Kings v Cairns Taipans",36069265,COMBINED_TOTAL,262424799,Total Points,7017823,Over,264.5,LOSER,0,201,Sydney Kings,v Cairns Taipans,21,111,90,,,,,,,,,,,
2026-09-20 00:00:00.000 Z," Australian NBL/Sydney Kings v Cairns Taipans",36069265,COMBINED_TOTAL,262424799,Total Points,7017824,Under,264.5,WINNER,1,201,Sydney Kings,v Cairns Taipans,21,111,90,,,,,,,,,,,
2026-09-20 00:00:00.000 Z," Australian NBL/Sydney Kings v Cairns Taipans",36069265,COMBINED_TOTAL,262424799,Total Points,7017823,Over,265.5,LOSER,0,201,Sydney Kings,v Cairns Taipans,21,111,90,,,,,,,,,,,
2026-09-20 00:00:00.000 Z," Australian NBL/Sydney Kings v Cairns Taipans",36069265,COMBINED_TOTAL,262424799,Total Points,7017824,Under,265.5,WINNER,1,201,Sydney Kings,v Cairns Taipans,21,111,90,,,,,,,,,,,
2026-09-20 00:00:00.000 Z," Australian NBL/Sydney Kings v Cairns Taipans",36069265,COMBINED_TOTAL,262424799,Total Points,7017823,Over,266.5,LOSER,0,201,Sydney Kings,v Cairns Taipans,21,111,90,,,,,,,,,,,
2026-09-20 00:00:00.000 Z," Australian NBL/Sydney Kings v Cairns Taipans",36069265,COMBINED_TOTAL,262424799,Total Points,7017824,Under,266.5,WINNER,1,201,Sydney Kings,v Cairns Taipans,21,111,90,,,,,,,,,,,
2026-09-20 00:00:00.000 Z," Australian NBL/Sydney Kings v Cairns Taipans",36069265,COMBINED_TOTAL,262424799,Total Points,7017823,Over,267.5,LOSER,0,201,Sydney Kings,v Cairns Taipans,21,111,90,,,,,,,,,,,
2026-09-20 00:00:00.000 Z," Australian NBL/Sydney Kings v Cairns Taipans",36069265,COMBINED_TOTAL,262424799,Total Points,7017824,Under,267.5,WINNER,1,201,Sydney Kings,v Cairns Taipans,21,111,90,,,,,,,,,,,
2026-09-20 00:00:00.000 Z," Australian NBL/Sydney Kings v Cairns Taipans",36069265,COMBINED_TOTAL,262424799,Total Points,7017823,Over,268.5,LOSER,0,201,Sydney Kings,v Cairns Taipans,21,111,90,,,,,,,,,,,
2026-09-20 00:00:00.000 Z," Australian NBL/Sydney Kings v Cairns Taipans",36069265,COMBINED_TOTAL,262424799,Total Points,7017824,Under,268.5,WINNER,1,201,Sydney Kings,v Cairns Taipans,21,111,90,,,,,,,,,,,
2026-09-20 00:00:00.000 Z," Australian NBL/Sydney Kings v Cairns Taipans",36069265,COMBINED_TOTAL,262424799,Total Points,7017823,Over,269.5,LOSER,0,201,Sydney Kings,v Cairns Taipans,21,111,90,,,,,,,,,,,
2026-09-20 00:00:00.000 Z," Australian NBL/Sydney Kings v Cairns Taipans",36069265,COMBINED_TOTAL,262424799,Total Points,7017824,Under,269.5,WINNER,1,201,Sydney Kings,v Cairns Taipans,21,111,90,,,,,,,,,,,
2026-09-20 00:00:00.000 Z," Australian NBL/Sydney Kings v Cairns Taipans",36069265,COMBINED_TOTAL,262424799,Total Points,7017823,Over,270.5,LOSER,0,201,Sydney Kings,v Cairns Taipans,21,111,90,,,,,,,,,,,
2026-09-20 00:00:00.000 Z," Australian NBL/Sydney Kings v Cairns Taipans",36069265,COMBINED_TOTAL,262424799,Total Points,7017824,Under,270.5,WINNER,1,201,Sydney Kings,v Cairns Taipans,21,111,90,,,,,,,,,,,
2026-09-20 00:00:00.000 Z," Australian NBL/Sydney Kings v Cairns Taipans",36069265,COMBINED_TOTAL,262424799,Total Points,7017823,Over,271.5,LOSER,0,201,Sydney Kings,v Cairns Taipans,21,111,90,,,,,,,,,,,
2026-09-20 00:00:00.000 Z," Australian NBL/Sydney Kings v Cairns Taipans",36069265,COMBINED_TOTAL,262424799,Total Points,7017824,Under,271.5,WINNER,1,201,Sydney Kings,v Cairns Taipans,21,111,90,,,,,,,,,,,
2026-09-20 00:00:00.000 Z," Australian NBL/Sydney Kings v Cairns Taipans",36069265,COMBINED_TOTAL,262424799,Total Points,7017823,Over,272.5,LOSER,0,201,Sydney Kings,v Cairns Taipans,21,111,90,,,,,,,,,,,
2026-09-20 00:00:00.000 Z," Australian NBL/Sydney Kings v Cairns Taipans",36069265,COMBINED_TOTAL,262424799,Total Points,7017824,Under,272.5,WINNER,1,201,Sydney Kings,v Cairns Taipans,21,111,90,,,,,,,,,,,
2026-09-20 00:00:00.000 Z," Australian NBL/Sydney Kings v Cairns Taipans",36069265,COMBINED_TOTAL,262424799,Total Points,7017823,Over,273.5,LOSER,0,201,Sydney Kings,v Cairns Taipans,21,111,90,,,,,,,,,,,
2026-09-20 00:00:00.000 Z," Australian NBL/Sydney Kings v Cairns Taipans",36069265,COMBINED_TOTAL,262424799,Total Points,7017824,Under,273.5,WINNER,1,201,Sydney Kings,v Cairns Taipans,21,111,90,,,,,,,,,,,
2026-09-20 00:00:00.000 Z," Australian NBL/Sydney Kings v Cairns Taipans",36069265,COMBINED_TOTAL,262424799,Total Points,7017823,Over,274.5,LOSER,0,201,Sydney Kings,v Cairns Taipans,21,111,90,,,,,,,,,,,
2026-09-20 00:00:00.000 Z," Australian NBL/Sydney Kings v Cairns Taipans",36069265,COMBINED_TOTAL,262424799,Total Points,7017824,Under,274.5,WINNER,1,201,Sydney Kings,v Cairns Taipans,21,111,90,,,,,,,,,,,
2026-09-20 00:00:00.000 Z," Australian NBL/Sydney Kings v Cairns Taipans",36069265,COMBINED_TOTAL,262424799,Total Points,7017823,Over,275.5,LOSER,0,201,Sydney Kings,v Cairns Taipans,21,111,90,,,,,,,,,,,
2026-09-20 00:00:00.000 Z," Australian NBL/Sydney Kings v Cairns Taipans",36069265,COMBINED_TOTAL,262424799,Total Points,7017824,Under,275.5,WINNER,1,201,Sydney Kings,v Cairns Taipans,21,111,90,,,,,,,,,,,
2026-09-20 00:00:00.000 Z," Australian NBL/Sydney Kings v Cairns Taipans",36069265,COMBINED_TOTAL,262424799,Total Points,7017823,Over,276.5,LOSER,0,201,Sydney Kings,v Cairns Taipans,21,111,90,,,,,,,,,,,
2026-09-20 00:00:00.000 Z," Australian NBL/Sydney Kings v Cairns Taipans",36069265,COMBINED_TOTAL,262424799,Total Points,7017824,Under,276.5,WINNER,1,201,Sydney Kings,v Cairns Taipans,21,111,90,,,,,,,,,,,
2026-09-20 00:00:00.000 Z," Australian NBL/Sydney Kings v Cairns Taipans",36069265,COMBINED_TOTAL,262424799,Total Points,7017823,Over,277.5,LOSER,0,201,Sydney Kings,v Cairns Taipans,21,111,90,,,,,,,,,,,
2026-09-20 00:00:00.000 Z," Australian NBL/Sydney Kings v Cairns Taipans",36069265,COMBINED_TOTAL,262424799,Total Points,7017824,Under,277.5,WINNER,1,201,Sydney Kings,v Cairns Taipans,21,111,90,,,,,,,,,,,
2026-09-20 00:00:00.000 Z," Australian NBL/Sydney Kings v Cairns Taipans",36069265,COMBINED_TOTAL,262424799,Total Points,7017823,Over,278.5,LOSER,0,201,Sydney Kings,v Cairns Taipans,21,111,90,,,,,,,,,,,
2026-09-20 00:00:00.000 Z," Australian NBL/Sydney Kings v Cairns Taipans",36069265,COMBINED_TOTAL,262424799,Total Points,7017824,Under,278.5,WINNER,1,201,Sydney Kings,v Cairns Taipans,21,111,90,,,,,,,,,,,
2026-09-20 00:00:00.000 Z," Australian NBL/Sydney Kings v Cairns Taipans",36069265,COMBINED_TOTAL,262424799,Total Points,7017823,Over,279.5,LOSER,0,201,Sydney Kings,v Cairns Taipans,21,111,90,,,,,,,,,,,
2026-09-20 00:00:00.000 Z," Australian NBL/Sydney Kings v Cairns Taipans",36069265,COMBINED_TOTAL,262424799,Total Points,7017824,Under,279.5,WINNER,1,201,Sydney Kings,v Cairns Taipans,21,111,90,,,,,,,,,,,
2026-09-20 00:00:00.000 Z," Australian NBL/Sydney Kings v Cairns Taipans",36069265,COMBINED_TOTAL,262424799,Total Points,7017823,Over,280.5,LOSER,0,201,Sydney Kings,v Cairns Taipans,21,111,90,,,,,,,,,,,
2026-09-20 00:00:00.000 Z," Australian NBL/Sydney Kings v Cairns Taipans",36069265,COMBINED_TOTAL,262424799,Total Points,7017824,Under,280.5,WINNER,1,201,Sydney Kings,v Cairns Taipans,21,111,90,,,,,,,,,,,
2026-09-20 00:00:00.000 Z," Australian NBL/Sydney Kings v Cairns Taipans",36069265,COMBINED_TOTAL,262424799,Total Points,7017823,Over,281.5,LOSER,0,201,Sydney Kings,v Cairns Taipans,21,111,90,,,,,,,,,,,
2026-09-20 00:00:00.000 Z," Australian NBL/Sydney Kings v Cairns Taipans",36069265,COMBINED_TOTAL,262424799,Total Points,7017824,Under,281.5,WINNER,1,201,Sydney Kings,v Cairns Taipans,21,111,90,,,,,,,,,,,
2026-09-20 00:00:00.000 Z," Australian NBL/Sydney Kings v Cairns Taipans",36069265,COMBINED_TOTAL,262424799,Total Points,7017823,Over,282.5,LOSER,0,201,Sydney Kings,v Cairns Taipans,21,111,90,,,,,,,,,,,
2026-09-20 00:00:00.000 Z," Australian NBL/Sydney Kings v Cairns Taipans",36069265,COMBINED_TOTAL,262424799,Total Points,7017824,Under,282.5,WINNER,1,201,Sydney Kings,v Cairns Taipans,21,111,90,,,,,,,,,,,
2026-09-20 00:00:00.000 Z," Australian NBL/Sydney Kings v Cairns Taipans",36069265,COMBINED_TOTAL,262424799,Total Points,7017823,Over,283.5,LOSER,0,201,Sydney Kings,v Cairns Taipans,21,111,90,,,,,,,,,,,
2026-09-20 00:00:00.000 Z," Australian NBL/Sydney Kings v Cairns Taipans",36069265,COMBINED_TOTAL,262424799,Total Points,7017824,Under,283.5,WINNER,1,201,Sydney Kings,v Cairns Taipans,21,111,90,,,,,,,,,,,
2026-09-20 00:00:00.000 Z," Australian NBL/Sydney Kings v Cairns Taipans",36069265,COMBINED_TOTAL,262424799,Total Points,7017823,Over,284.5,LOSER,0,201,Sydney Kings,v Cairns Taipans,21,111,90,,,,,,,,,,,
2026-09-20 00:00:00.000 Z," Australian NBL/Sydney Kings v Cairns Taipans",36069265,COMBINED_TOTAL,262424799,Total Points,7017824,Under,284.5,WINNER,1,201,Sydney Kings,v Cairns Taipans,21,111,90,,,,,,,,,,,
2026-09-20 00:00:00.000 Z," Australian NBL/Sydney Kings v Cairns Taipans",36069265,COMBINED_TOTAL,262424799,Total Points,7017823,Over,285.5,LOSER,0,201,Sydney Kings,v Cairns Taipans,21,111,90,,,,,,,,,,,
2026-09-20 00:00:00.000 Z," Australian NBL/Sydney Kings v Cairns Taipans",36069265,COMBINED_TOTAL,262424799,Total Points,7017824,Under,285.5,WINNER,1,201,Sydney Kings,v Cairns Taipans,21,111,90,,,,,,,,,,,
2026-09-20 00:00:00.000 Z," Australian NBL/Sydney Kings v Cairns Taipans",36069265,COMBINED_TOTAL,262424799,Total Points,7017823,Over,286.5,LOSER,0,201,Sydney Kings,v Cairns Taipans,21,111,90,,,,,,,,,,,
2026-09-20 00:00:00.000 Z," Australian NBL/Sydney Kings v Cairns Taipans",36069265,COMBINED_TOTAL,262424799,Total Points,7017824,Under,286.5,WINNER,1,201,Sydney Kings,v Cairns Taipans,21,111,90,,,,,,,,,,,
2026-09-20 00:00:00.000 Z," Australian NBL/Sydney Kings v Cairns Taipans",36069265,COMBINED_TOTAL,262424799,Total Points,7017823,Over,287.5,LOSER,0,201,Sydney Kings,v Cairns Taipans,21,111,90,,,,,,,,,,,
2026-09-20 00:00:00.000 Z," Australian NBL/Sydney Kings v Cairns Taipans",36069265,COMBINED_TOTAL,262424799,Total Points,7017824,Under,287.5,WINNER,1,201,Sydney Kings,v Cairns Taipans,21,111,90,,,,,,,,,,,
2026-09-20 00:00:00.000 Z," Australian NBL/Sydney Kings v Cairns Taipans",36069265,COMBINED_TOTAL,262424799,Total Points,7017823,Over,288.5,LOSER,0,201,Sydney Kings,v Cairns Taipans,21,111,90,,,,,,,,,,,
2026-09-20 00:00:00.000 Z," Australian NBL/Sydney Kings v Cairns Taipans",36069265,COMBINED_TOTAL,262424799,Total Points,7017824,Under,288.5,WINNER,1,201,Sydney Kings,v Cairns Taipans,21,111,90,,,,,,,,,,,
2026-09-20 00:00:00.000 Z," Australian NBL/Sydney Kings v Cairns Taipans",36069265,COMBINED_TOTAL,262424799,Total Points,7017823,Over,289.5,LOSER,0,201,Sydney Kings,v Cairns Taipans,21,111,90,,,,,,,,,,,
2026-09-20 00:00:00.000 Z," Australian NBL/Sydney Kings v Cairns Taipans",36069265,COMBINED_TOTAL,262424799,Total Points,7017824,Under,289.5,WINNER,1,201,Sydney Kings,v Cairns Taipans,21,111,90,,,,,,,,,,,
2026-09-20 00:00:00.000 Z," Australian NBL/Sydney Kings v Cairns Taipans",36069265,COMBINED_TOTAL,262424799,Total Points,7017823,Over,290.5,LOSER,0,201,Sydney Kings,v Cairns Taipans,21,111,90,,,,,,,,,,,
2026-09-20 00:00:00.000 Z," Australian NBL/Sydney Kings v Cairns Taipans",36069265,COMBINED_TOTAL,262424799,Total Points,7017824,Under,290.5,WINNER,1,201,Sydney Kings,v Cairns Taipans,21,111,90,,,,,,,,,,,
2026-09-20 00:00:00.000 Z," Australian NBL/Sydney Kings v Cairns Taipans",36069265,COMBINED_TOTAL,262424799,Total Points,7017823,Over,291.5,LOSER,0,201,Sydney Kings,v Cairns Taipans,21,111,90,,,,,,,,,,,
2026-09-20 00:00:00.000 Z," Australian NBL/Sydney Kings v Cairns Taipans",36069265,COMBINED_TOTAL,262424799,Total Points,7017824,Under,291.5,WINNER,1,201,Sydney Kings,v Cairns Taipans,21,111,90,,,,,,,,,,,
2026-09-20 00:00:00.000 Z," Australian NBL/Sydney Kings v Cairns Taipans",36069265,COMBINED_TOTAL,262424799,Total Points,7017823,Over,292.5,LOSER,0,201,Sydney Kings,v Cairns Taipans,21,111,90,,,,,,,,,,,
2026-09-20 00:00:00.000 Z," Australian NBL/Sydney Kings v Cairns Taipans",36069265,COMBINED_TOTAL,262424799,Total Points,7017824,Under,292.5,WINNER,1,201,Sydney Kings,v Cairns Taipans,21,111,90,,,,,,,,,,,
2026-09-20 00:00:00.000 Z," Australian NBL/Sydney Kings v Cairns Taipans",36069265,COMBINED_TOTAL,262424799,Total Points,7017823,Over,293.5,LOSER,0,201,Sydney Kings,v Cairns Taipans,21,111,90,,,,,,,,,,,
2026-09-20 00:00:00.000 Z," Australian NBL/Sydney Kings v Cairns Taipans",36069265,COMBINED_TOTAL,262424799,Total Points,7017824,Under,293.5,WINNER,1,201,Sydney Kings,v Cairns Taipans,21,111,90,,,,,,,,,,,
2026-09-20 00:00:00.000 Z," Australian NBL/Sydney Kings v Cairns Taipans",36069265,COMBINED_TOTAL,262424799,Total Points,7017823,Over,294.5,LOSER,0,201,Sydney Kings,v Cairns Taipans,21,111,90,,,,,,,,,,,
2026-09-20 00:00:00.000 Z," Australian NBL/Sydney Kings v Cairns Taipans",36069265,COMBINED_TOTAL,262424799,Total Points,7017824,Under,294.5,WINNER,1,201,Sydney Kings,v Cairns Taipans,21,111,90,,,,,,,,,,,
2026-09-20 00:00:00.000 Z," Australian NBL/Sydney Kings v Cairns Taipans",36069265,COMBINED_TOTAL,262424799,Total Points,7017823,Over,295.5,LOSER,0,201,Sydney Kings,v Cairns Taipans,21,111,90,,,,,,,,,,,
2026-09-20 00:00:00.000 Z," Australian NBL/Sydney Kings v Cairns Taipans",36069265,COMBINED_TOTAL,262424799,Total Points,7017824,Under,295.5,WINNER,1,201,Sydney Kings,v Cairns Taipans,21,111,90,,,,,,,,,,,
2026-09-20 00:00:00.000 Z," Australian NBL/Sydney Kings v Cairns Taipans",36069265,COMBINED_TOTAL,262424799,Total Points,7017823,Over,296.5,LOSER,0,201,Sydney Kings,v Cairns Taipans,21,111,90,,,,,,,,,,,
2026-09-20 00:00:00.000 Z," Australian NBL/Sydney Kings v Cairns Taipans",36069265,COMBINED_TOTAL,262424799,Total Points,7017824,Under,296.5,WINNER,1,201,Sydney Kings,v Cairns Taipans,21,111,90,,,,,,,,,,,
2026-09-20 00:00:00.000 Z," Australian NBL/Sydney Kings v Cairns Taipans",36069265,COMBINED_TOTAL,262424799,Total Points,7017823,Over,297.5,LOSER,0,201,Sydney Kings,v Cairns Taipans,21,111,90,,,,,,,,,,,
2026-09-20 00:00:00.000 Z," Australian NBL/Sydney Kings v Cairns Taipans",36069265,COMBINED_TOTAL,262424799,Total Points,7017824,Under,297.5,WINNER,1,201,Sydney Kings,v Cairns Taipans,21,111,90,,,,,,,,,,,
2026-09-20 00:00:00.000 Z," Australian NBL/Sydney Kings v Cairns Taipans",36069265,COMBINED_TOTAL,262424799,Total Points,7017823,Over,298.5,LOSER,0,201,Sydney Kings,v Cairns Taipans,21,111,90,,,,,,,,,,,
2026-09-20 00:00:00.000 Z," Australian NBL/Sydney Kings v Cairns Taipans",36069265,COMBINED_TOTAL,262424799,Total Points,7017824,Under,298.5,WINNER,1,201,Sydney Kings,v Cairns Taipans,21,111,90,,,,,,,,,,,
2026-09-20 00:00:00.000 Z," Australian NBL/Sydney Kings v Cairns Taipans",36069265,COMBINED_TOTAL,262424799,Total Points,7017823,Over,299.5,LOSER,0,201,Sydney Kings,v Cairns Taipans,21,111,90,,,,,,,,,,,
2026-09-20 00:00:00.000 Z," Australian NBL/Sydney Kings v Cairns Taipans",36069265,COMBINED_TOTAL,262424799,Total Points,7017824,Under,299.5,WINNER,1,201,Sydney Kings,v Cairns Taipans,21,111,90,,,,,,,,,,,
2026-09-20 00:00:00.000 Z," Australian NBL/Sydney Kings v Cairns Taipans",36069265,COMBINED_TOTAL,262424799,Total Points,7017823,Over,300.5,LOSER,0,201,Sydney Kings,v Cairns Taipans,21,111,90,,,,,,,,,,,
2026-09-20 00:00:00.000 Z," Australian NBL/Sydney Kings v Cairns Taipans",36069265,COMBINED_TOTAL,262424799,Total Points,7017824,Under,300.5,WINNER,1,201,Sydney Kings,v Cairns Taipans,21,111,90,,,,,,,,,,,
