Date,Track,Race Name,Race,Market,Selection,Number,Horse,Rank,WIN_RESULT,WIN_BSP,PLACE_RESULT,PLACE_BSP
2026-09-01,Scone,R1 2200m CL1,1,261723489,38204104,9,Royal Princess,4,0,13.07,1,2.91
2026-09-01,Scone,R1 2200m CL1,1,261723489,96965607,8,Quirky Princess,3,0,11.5,0,3.05
2026-09-01,Scone,R1 2200m CL1,1,261723489,100263185,5,The Cristal,1,0,3.5,1,1.44
2026-09-01,Scone,R1 2200m CL1,1,261723489,101883753,6,Going By Train,5,0,120.0,0,17.5
2026-09-01,Scone,R1 2200m CL1,1,261723489,102177291,4,Joika,2,1,2.6,1,1.3
2026-09-01,Scone,R2 1300m Mdn,2,261723492,101609585,5,Malay Peninsula,3,0,9.0,0,2.41
2026-09-01,Scone,R2 1300m Mdn,2,261723492,102177293,1,Tasman Deel,1,0,8.6,1,3.85
2026-09-01,Scone,R2 1300m Mdn,2,261723492,102177294,3,Lope De Luna,4,0,38.0,0,5.62
2026-09-01,Scone,R2 1300m Mdn,2,261723492,102177297,8,Summer Force,2,1,2.68,1,1.29
2026-09-01,Scone,R2 1300m Mdn,2,261723492,102177299,10,May The Force,5,0,4.1,0,1.79
2026-09-01,Scone,R3 1400m CL1,3,261723495,1495875,1,Sculptor,3,0,68.49,0,8.2
2026-09-01,Scone,R3 1400m CL1,3,261723495,4751305,2,Heathcliff,1,0,2.29,1,1.3
2026-09-01,Scone,R3 1400m CL1,3,261723495,67855574,3,Supreme Statement,2,0,8.0,0,2.12
2026-09-01,Scone,R3 1400m CL1,3,261723495,93612579,8,Krystina Kerima,4,0,60.0,0,7.18
2026-09-01,Scone,R3 1400m CL1,3,261723495,101609610,7,Time To Commit,5,0,12.53,1,2.44
2026-09-01,Scone,R4 1100m Mdn,4,261723498,2966618,7,Punxsutawney Phil,2,1,1.66,1,1.25
2026-09-01,Scone,R4 1100m Mdn,4,261723498,3280970,3,Devil Dancer,4,0,100.0,0,6.0
2026-09-01,Scone,R4 1100m Mdn,4,261723498,73565887,2,Yeah Buddy,1,0,4.0,1,1.32
2026-09-01,Scone,R4 1100m Mdn,4,261723498,102177306,5,Mr Hugo,3,0,9.53,0,1.85
2026-09-01,Scone,R4 1100m Mdn,4,261723498,102177309,9,Solanke,5,0,65.0,0,6.4
2026-09-01,Scone,R5 1600m Hcap,5,261723501,3582769,5,Magic Merlin,3,0,2.7,1,1.41
2026-09-01,Scone,R5 1600m Hcap,5,261723501,40785583,7,Big Short,2,0,96.21,0,11.29
2026-09-01,Scone,R5 1600m Hcap,5,261723501,80091180,8,To Be Frank,4,0,23.52,0,3.81
2026-09-01,Scone,R5 1600m Hcap,5,261723501,86933927,1,King Jerry,5,1,3.35,1,1.31
2026-09-01,Scone,R5 1600m Hcap,5,261723501,102177312,3,Fan Harder,1,0,4.0,0,1.37
2026-09-01,Scone,R6 1100m Mdn,6,261723504,5039095,14,Alphabet,1,1,5.1,1,1.78
2026-09-01,Scone,R6 1100m Mdn,6,261723504,102177315,3,Party Rebel,2,0,3.4,1,1.84
2026-09-01,Scone,R6 1100m Mdn,6,261723504,102177322,12,Speed Encore,4,0,8.75,0,2.35
2026-09-01,Scone,R6 1100m Mdn,6,261723504,102177325,16,Dorset Lass,5,0,10.56,0,3.31
2026-09-01,Scone,R6 1100m Mdn,6,261723504,102177326,17,Street Lyric,3,0,10.61,1,2.5
2026-09-01,Scone,R7 1200m CL3,7,261723507,8774287,7,Nor Nor West,4,0,15.0,0,4.9
2026-09-01,Scone,R7 1200m CL3,7,261723507,58407047,2,Rockin Millie,5,0,19.0,1,5.5
2026-09-01,Scone,R7 1200m CL3,7,261723507,84431175,4,Beaumista,3,0,5.95,1,2.74
2026-09-01,Scone,R7 1200m CL3,7,261723507,85016807,5,Herman Said,1,1,4.3,1,1.87
2026-09-01,Scone,R7 1200m CL3,7,261723507,95022368,9,Myalaby,2,0,7.42,0,2.31
2026-09-01,Scone,R8 1000m Hcap,8,261723510,52467120,8,Simply Better,4,0,40.0,0,6.0
2026-09-01,Scone,R8 1000m Hcap,8,261723510,69675400,1,Nevermista,2,0,3.37,0,1.39
2026-09-01,Scone,R8 1000m Hcap,8,261723510,86388494,4,Panta Rhei,5,0,5.8,1,1.81
2026-09-01,Scone,R8 1000m Hcap,8,261723510,102177333,2,Cassiere,1,0,5.4,0,2.2
2026-09-01,Scone,R8 1000m Hcap,8,261723510,102177334,3,Cosmolicious,3,0,11.49,1,3.6
2026-09-01,Wodonga,R1 2050m Mdn,1,261723515,80091285,2,Good Lordy Me,2,0,2.97,1,1.28
2026-09-01,Wodonga,R1 2050m Mdn,1,261723515,102177705,3,King Kauffo,3,1,6.39,1,1.65
2026-09-01,Wodonga,R1 2050m Mdn,1,261723515,102177706,4,Maranoa Boy,4,0,3.78,1,1.28
2026-09-01,Wodonga,R1 2050m Mdn,1,261723515,102177707,6,Full Potential,5,0,171.27,0,24.15
2026-09-01,Wodonga,R1 2050m Mdn,1,261723515,102177708,8,Stelletta,1,0,4.2,0,1.33
2026-09-01,Wodonga,R2 1590m Mdn,2,261723523,85541497,6,Painted Wings,1,0,5.34,0,1.43
2026-09-01,Wodonga,R2 1590m Mdn,2,261723523,99983305,9,Very Famous,2,0,6.3,1,1.6
2026-09-01,Wodonga,R2 1590m Mdn,2,261723523,102177710,3,Titans Soul,5,0,23.0,1,3.44
2026-09-01,Wodonga,R2 1590m Mdn,2,261723523,102177713,8,Supreme Lass,4,0,26.0,0,4.24
2026-09-01,Wodonga,R2 1590m Mdn,2,261723523,102177714,10,Victrix Swan,3,0,1.86,0,1.1
2026-09-01,Wodonga,R3 1100m Mdn,3,261723531,101809073,8,Run Willy Run,1,1,2.15,1,1.4
2026-09-01,Wodonga,R3 1100m Mdn,3,261723531,102177715,1,Gojiboy,3,0,160.0,1,18.0
2026-09-01,Wodonga,R3 1100m Mdn,3,261723531,102177723,10,Relax The Spirit,4,0,25.13,0,4.6
2026-09-01,Wodonga,R3 1100m Mdn,3,261723531,102177724,12,Luminary Miss,2,0,4.5,0,1.57
2026-09-01,Wodonga,R3 1100m Mdn,3,261723531,102177725,13,He Xiangu,5,0,15.0,0,3.2
2026-09-01,Wodonga,R4 1300m Mdn,4,261723539,5276912,2,Bold Jester,1,1,1.46,1,1.1
2026-09-01,Wodonga,R4 1300m Mdn,4,261723539,82895835,4,Galagacisco,2,0,9.9,0,2.0
2026-09-01,Wodonga,R4 1300m Mdn,4,261723539,96219668,3,Deadly Devil,4,0,18.88,0,2.44
2026-09-01,Wodonga,R4 1300m Mdn,4,261723539,100749577,12,Scorching Beauty,3,0,13.5,1,2.43
2026-09-01,Wodonga,R4 1300m Mdn,4,261723539,102177727,13,Coachella Lass,5,0,58.0,0,5.68
2026-09-01,Wodonga,R5 1300m Hcap,5,261723547,42169582,1,Lord Domino,1,0,45.3,0,5.9
2026-09-01,Wodonga,R5 1300m Hcap,5,261723547,57450961,4,Decimus,3,0,180.0,0,15.5
2026-09-01,Wodonga,R5 1300m Hcap,5,261723547,81221520,2,Blondies Toronado,5,0,15.5,0,3.05
2026-09-01,Wodonga,R5 1300m Hcap,5,261723547,84733364,5,Kowhai,4,0,9.99,0,2.06
2026-09-01,Wodonga,R5 1300m Hcap,5,261723547,102177729,3,Brutify,2,0,2.29,1,1.26
2026-09-01,Wodonga,R6 1100m Hcap,6,261723555,72239680,1,Brial Rose,4,0,9.21,0,2.87
2026-09-01,Wodonga,R6 1100m Hcap,6,261723555,95963792,4,Party Doll,3,0,7.63,0,2.39
2026-09-01,Wodonga,R6 1100m Hcap,6,261723555,102177731,3,Sheanadh,2,1,4.8,1,1.79
2026-09-01,Wodonga,R6 1100m Hcap,6,261723555,102177732,5,Russian Sky,1,0,2.69,1,1.39
2026-09-01,Wodonga,R6 1100m Hcap,6,261723555,102177733,6,See You Then,5,0,30.0,0,5.69
2026-09-01,Wodonga,R7 1590m Hcap,7,261723563,52504276,2,Sheer Lunacy,3,0,8.8,0,2.04
2026-09-01,Wodonga,R7 1590m Hcap,7,261723563,57186191,8,Jayzeal,5,0,70.0,1,8.73
2026-09-01,Wodonga,R7 1590m Hcap,7,261723563,90523776,6,Majestic Deel,2,0,19.26,0,3.44
2026-09-01,Wodonga,R7 1590m Hcap,7,261723563,102177734,3,Star Royal,4,0,2.4,1,1.37
2026-09-01,Wodonga,R7 1590m Hcap,7,261723563,102177735,4,Two Sigma,1,1,4.2,1,1.53
2026-09-01,Wodonga,R8 2050m Hcap,8,261723571,74227087,7,Luckyheleft,4,0,15.01,0,4.58
2026-09-01,Wodonga,R8 2050m Hcap,8,261723571,74299073,8,Dreamstone,5,0,8.0,0,2.69
2026-09-01,Wodonga,R8 2050m Hcap,8,261723571,74338779,1,Lightning Flash,2,1,5.43,1,2.04
2026-09-01,Wodonga,R8 2050m Hcap,8,261723571,84223325,5,Phantoms Chase,3,0,11.5,0,3.2
2026-09-01,Wodonga,R8 2050m Hcap,8,261723571,86655436,2,Whistle Down,1,0,4.98,0,2.01
2026-09-02,Belmont,R1 1000m CL1,1,261775884,495472,2,On Cue,4,0,21.0,0,5.7
2026-09-02,Belmont,R1 1000m CL1,1,261775884,8314946,4,Guarantor,1,1,2.06,1,1.37
2026-09-02,Belmont,R1 1000m CL1,1,261775884,80301134,1,Hez Got The Safe,2,0,3.31,0,1.51
2026-09-02,Belmont,R1 1000m CL1,1,261775884,87164172,6,Varazze,5,0,68.13,0,18.81
2026-09-02,Belmont,R1 1000m CL1,1,261775884,92391473,5,Joyoh,3,0,6.6,1,2.74
2026-09-02,Belmont,R2 1400m Mdn,2,261775893,18463154,1,Energetic,5,0,58.52,0,7.0
2026-09-02,Belmont,R2 1400m Mdn,2,261775893,90568981,9,Boutique Belle,3,0,13.04,0,2.81
2026-09-02,Belmont,R2 1400m Mdn,2,261775893,101781635,3,Wrexham,4,0,41.97,1,5.6
2026-09-02,Belmont,R2 1400m Mdn,2,261775893,102292644,5,Just Yes,2,0,5.91,1,2.28
2026-09-02,Belmont,R2 1400m Mdn,2,261775893,102292650,13,Believe Again,1,0,3.65,0,1.87
2026-09-02,Belmont,R3 1200m Mdn,3,261775902,93022681,6,Bubbles In Rio,1,0,8.2,0,2.46
2026-09-02,Belmont,R3 1200m Mdn,3,261775902,101328673,3,Newhaven Prince,2,0,8.21,0,2.66
2026-09-02,Belmont,R3 1200m Mdn,3,261775902,102292654,1,Oscars No Grouch,5,0,3.39,0,1.62
2026-09-02,Belmont,R3 1200m Mdn,3,261775902,102292655,2,Faradio,4,0,10.74,0,3.15
2026-09-02,Belmont,R3 1200m Mdn,3,261775902,102292658,9,General Napoleon,3,0,14.0,0,4.03
2026-09-02,Belmont,R4 1200m Hcap,4,261775911,61804188,1,Under Influence,3,0,19.75,0,4.0
2026-09-02,Belmont,R4 1200m Hcap,4,261775911,73643265,7,Dubais Daughter,5,0,23.12,0,5.36
2026-09-02,Belmont,R4 1200m Hcap,4,261775911,86347925,3,Lucky I Am,2,0,2.66,0,1.4
2026-09-02,Belmont,R4 1200m Hcap,4,261775911,88070361,2,Champagne Crusader,4,1,4.41,1,1.77
2026-09-02,Belmont,R4 1200m Hcap,4,261775911,96802123,6,Cleanemup,1,0,7.2,0,2.04
2026-09-02,Belmont,R5 1700m CL1,5,261775920,80569850,6,Ginger And Tonic,2,0,12.66,0,3.24
2026-09-02,Belmont,R5 1700m CL1,5,261775920,83050659,7,Valanne Dawn,1,0,14.13,0,3.55
2026-09-02,Belmont,R5 1700m CL1,5,261775920,91486092,3,Jesa Lupa,3,0,8.6,0,2.98
2026-09-02,Belmont,R5 1700m CL1,5,261775920,94353255,10,Gaspardo,5,0,23.18,0,6.16
2026-09-02,Belmont,R5 1700m CL1,5,261775920,96220524,2,Gold Beau,4,0,8.31,1,2.76
2026-09-02,Belmont,R6 2200m Hcap,6,261775929,48403486,1,Here For Cheques,1,0,13.66,0,4.03
2026-09-02,Belmont,R6 2200m Hcap,6,261775929,98996702,7,Sister Mary,5,1,5.36,1,2.42
2026-09-02,Belmont,R6 2200m Hcap,6,261775929,99919915,12,Whiskers Harbour,4,0,14.7,1,4.35
2026-09-02,Belmont,R6 2200m Hcap,6,261775929,102292670,2,Argyle Star,3,0,7.11,0,2.67
2026-09-02,Belmont,R6 2200m Hcap,6,261775929,102292671,4,Eternal Romance,2,0,14.5,0,4.09
2026-09-02,Belmont,R7 1400m CL3,7,261775938,80973818,1,Centre Bond,1,0,7.0,0,2.32
2026-09-02,Belmont,R7 1400m CL3,7,261775938,85251262,8,Radiant Light,2,1,3.92,1,1.87
2026-09-02,Belmont,R7 1400m CL3,7,261775938,93168556,10,Cosmic Treat,4,0,12.47,1,3.36
2026-09-02,Belmont,R7 1400m CL3,7,261775938,99400031,9,Classic Ruler,3,0,4.89,0,1.92
2026-09-02,Belmont,R7 1400m CL3,7,261775938,102292674,6,Boussac,5,0,55.0,0,11.18
2026-09-02,Devonport,R1 1650m Hcap,1,261772517,4409968,6,Mateus,4,0,19.05,0,5.98
2026-09-02,Devonport,R1 1650m Hcap,1,261772517,40522052,2,Flossing,1,0,5.52,0,2.74
2026-09-02,Devonport,R1 1650m Hcap,1,261772517,42248710,4,Alpine Blast,3,0,16.12,0,4.7
2026-09-02,Devonport,R1 1650m Hcap,1,261772517,83378949,3,Eaglefurther,5,0,4.9,1,2.36
2026-09-02,Devonport,R1 1650m Hcap,1,261772517,87163993,1,Azonto,2,1,2.19,1,1.4
2026-09-02,Devonport,R2 1009m Hcap,2,261772523,5810744,1,Alpine Thunder,1,1,1.99,0,
2026-09-02,Devonport,R2 1009m Hcap,2,261772523,53679774,2,Bold Instinct,4,0,3.59,0,
2026-09-02,Devonport,R2 1009m Hcap,2,261772523,53679782,6,Volkanovski,2,0,7.19,0,
2026-09-02,Devonport,R2 1009m Hcap,2,261772523,91432818,5,Within Sight,3,0,15.08,0,
2026-09-02,Devonport,R3 1350m CL2,3,261772529,46080211,2,Bellsprout,4,1,12.81,1,4.1
2026-09-02,Devonport,R3 1350m CL2,3,261772529,79523333,4,Bella Chinkara,1,0,2.78,1,1.48
2026-09-02,Devonport,R3 1350m CL2,3,261772529,90210111,1,City Wok,3,0,1.93,0,1.24
2026-09-02,Devonport,R3 1350m CL2,3,261772529,91432776,5,Alpine Cowgirl,5,0,124.71,0,32.33
2026-09-02,Devonport,R3 1350m CL2,3,261772529,99731439,3,Fierce N Fabulous,2,0,17.58,0,4.88
2026-09-02,Devonport,R4 1350m Hcap,4,261772535,2318423,1,Stone Cold Stunner,2,0,10.0,0,3.85
2026-09-02,Devonport,R4 1350m Hcap,4,261772535,68637004,2,Kakia,1,0,14.5,0,4.94
2026-09-02,Devonport,R4 1350m Hcap,4,261772535,78977552,5,Stardarmus,4,1,2.46,1,1.72
2026-09-02,Devonport,R4 1350m Hcap,4,261772535,85251057,3,Simply Deep,3,0,3.26,1,1.68
2026-09-02,Devonport,R4 1350m Hcap,4,261772535,94409496,4,Shbourne Power,5,0,6.28,0,2.69
2026-09-02,Devonport,R5 1350m Mdn,5,261772541,776141,5,Sir William,5,0,7.51,0,2.5
2026-09-02,Devonport,R5 1350m Mdn,5,261772541,83940952,4,Harrata,4,0,8.4,0,2.68
2026-09-02,Devonport,R5 1350m Mdn,5,261772541,97242607,10,Symphony Queen,1,0,13.85,1,4.2
2026-09-02,Devonport,R5 1350m Mdn,5,261772541,102292201,7,Stollaway Ned,2,1,7.0,1,2.68
2026-09-02,Devonport,R5 1350m Mdn,5,261772541,102292202,9,Lyrebird Lady,3,0,5.4,1,1.89
2026-09-02,Devonport,R6 1009m Mdn,6,261772547,100454434,5,Peninsula Rose,2,0,27.0,0,3.17
2026-09-02,Devonport,R6 1009m Mdn,6,261772547,102292203,1,Mobilo,5,0,75.0,0,9.6
2026-09-02,Devonport,R6 1009m Mdn,6,261772547,102292207,6,Roland View,3,0,25.0,0,2.72
2026-09-02,Devonport,R6 1009m Mdn,6,261772547,102292209,8,Alkira,1,1,1.36,1,1.13
2026-09-02,Devonport,R6 1009m Mdn,6,261772547,102292211,10,Precious Illusion,4,0,12.08,0,2.18
2026-09-02,Devonport,R7 1150m Hcap,7,261772553,72914995,6,Wild Nights,3,0,17.5,0,4.2
2026-09-02,Devonport,R7 1150m Hcap,7,261772553,72915007,5,Eastcoast Miss,1,0,10.94,1,3.15
2026-09-02,Devonport,R7 1150m Hcap,7,261772553,76934393,2,Zoetes Rock,2,0,15.72,0,4.51
2026-09-02,Devonport,R7 1150m Hcap,7,261772553,79226499,4,Material Madam,4,0,12.5,0,3.85
2026-09-02,Devonport,R7 1150m Hcap,7,261772553,102292212,3,Billie The Great,5,0,6.34,0,2.51
2026-09-02,Devonport,R8 1650m Hcap,8,261772559,51616110,3,Zewinna,3,0,64.03,0,14.21
2026-09-02,Devonport,R8 1650m Hcap,8,261772559,54403347,1,Sushi Express,2,0,8.16,0,3.26
2026-09-02,Devonport,R8 1650m Hcap,8,261772559,74264576,6,Garcon Despoir,5,0,2.92,1,1.73
2026-09-02,Devonport,R8 1650m Hcap,8,261772559,90799081,2,Coal River,1,0,3.03,0,1.78
2026-09-02,Devonport,R8 1650m Hcap,8,261772559,92390198,5,The Longest Yard,4,1,6.96,1,2.94
2026-09-02,Devonport,R9 1880m CL1,9,261772565,80329683,7,Last Tremble,3,0,15.0,1,3.4
2026-09-02,Devonport,R9 1880m CL1,9,261772565,96720556,9,Thems The Breaks,1,1,7.02,1,1.93
2026-09-02,Devonport,R9 1880m CL1,9,261772565,99731422,1,Bruny Boy,5,0,13.0,0,3.59
2026-09-02,Devonport,R9 1880m CL1,9,261772565,99731423,2,Don Turboas,2,0,4.45,0,1.71
2026-09-02,Devonport,R9 1880m CL1,9,261772565,102292215,5,Bailed,4,1,2.8,1,1.43
2026-09-02,Ipswich,R2 1200m Mdn,2,261773143,94409352,10,Oregon Coast,2,0,1.98,0,1.13
2026-09-02,Ipswich,R2 1200m Mdn,2,261773143,102344394,1,Bacetti,4,0,164.18,0,9.8
2026-09-02,Ipswich,R2 1200m Mdn,2,261773143,102344395,2,Irreverent,1,1,3.18,1,1.17
2026-09-02,Ipswich,R2 1200m Mdn,2,261773143,102344397,4,Little Miss Classy,3,0,42.0,0,3.9
2026-09-02,Ipswich,R2 1200m Mdn,2,261773143,102344399,12,Stevies Spirit,5,0,11.0,1,1.96
2026-09-02,Ipswich,R3 1100m Hcap,3,261773152,64721254,10,Caxton Lass,4,0,9.7,0,2.92
2026-09-02,Ipswich,R3 1100m Hcap,3,261773152,76337191,3,Mishani Extreme,2,0,5.3,0,2.04
2026-09-02,Ipswich,R3 1100m Hcap,3,261773152,84181633,8,Fireforce,5,1,10.84,1,2.91
2026-09-02,Ipswich,R3 1100m Hcap,3,261773152,87805223,2,Jimmyinthejungle,3,0,9.0,0,3.06
2026-09-02,Ipswich,R3 1100m Hcap,3,261773152,100957726,5,Whispering Rogue,1,0,4.5,0,1.89
2026-09-02,Ipswich,R4 2000m Hcap,4,261773161,398982,2,Possibilities,1,0,3.57,0,1.56
2026-09-02,Ipswich,R4 2000m Hcap,4,261773161,77082547,6,Empire Of Art,4,0,5.7,0,1.86
2026-09-02,Ipswich,R4 2000m Hcap,4,261773161,77082547,6,Empire Of Art,5,0,5.7,0,1.86
2026-09-02,Ipswich,R4 2000m Hcap,4,261773161,78230193,11,Mosamour,3,0,15.5,0,4.1
2026-09-02,Ipswich,R4 2000m Hcap,4,261773161,102344671,5,Wounder,2,0,4.0,1,1.79
2026-09-02,Ipswich,R5 1700m CL1,5,261773170,78000171,6,Cantarito,4,1,3.35,1,1.43
2026-09-02,Ipswich,R5 1700m CL1,5,261773170,87454415,1,Deep Focus,1,0,3.7,0,1.59
2026-09-02,Ipswich,R5 1700m CL1,5,261773170,92161862,11,Sweet Pretender,3,0,14.0,1,3.27
2026-09-02,Ipswich,R5 1700m CL1,5,261773170,92460022,12,Tassorati,5,0,10.0,1,3.08
2026-09-02,Ipswich,R5 1700m CL1,5,261773170,101100626,5,Spot The Aussie,2,0,16.0,0,4.1
2026-09-02,Ipswich,R6 1200m CL5,6,261773179,6309730,3,Gospel Girl,1,1,3.2,1,1.45
2026-09-02,Ipswich,R6 1200m CL5,6,261773179,55533782,1,Addriel,3,0,14.25,0,3.51
2026-09-02,Ipswich,R6 1200m CL5,6,261773179,67222652,5,Exceed Speed,2,0,9.15,1,2.84
2026-09-02,Ipswich,R6 1200m CL5,6,261773179,77023725,8,Provance,4,0,11.5,0,2.82
2026-09-02,Ipswich,R6 1200m CL5,6,261773179,93022231,2,True Amor,5,0,6.4,0,2.44
2026-09-02,Ipswich,R7 1350m CL2,7,261773188,24113815,5,Saveur,3,0,38.95,0,6.96
2026-09-02,Ipswich,R7 1350m CL2,7,261773188,31977556,1,El Centro,4,0,6.4,0,1.98
2026-09-02,Ipswich,R7 1350m CL2,7,261773188,80399858,11,Gagnante Enchere,2,0,23.82,0,5.59
2026-09-02,Ipswich,R7 1350m CL2,7,261773188,102344719,2,Navy Nina,5,0,13.47,0,3.5
2026-09-02,Ipswich,R7 1350m CL2,7,261773188,102344720,3,Ready For Aimee,1,0,2.72,1,1.56
2026-09-02,Ipswich,R8 1350m CL2,8,261773197,78046057,1,Metaphorically,1,1,4.97,1,2.1
2026-09-02,Ipswich,R8 1350m CL2,8,261773197,81155960,3,Global Eclipse,2,0,3.25,1,1.46
2026-09-02,Ipswich,R8 1350m CL2,8,261773197,91807646,7,Kozak Prince,5,0,59.38,0,5.1
2026-09-02,Ipswich,R8 1350m CL2,8,261773197,102344726,9,Larusso,4,0,16.5,1,3.35
2026-09-02,Ipswich,R8 1350m CL2,8,261773197,102344728,12,Yabby Pump,3,0,4.1,0,2.0
2026-09-02,Ipswich,R1 1200m Mdn,1,261857741,97885982,5,Speedy Crown,3,0,4.1,0,
2026-09-02,Ipswich,R1 1200m Mdn,1,261857741,97885982,5,Speedy Crown,3,0,4.1,0,1.74
2026-09-02,Ipswich,R1 1200m Mdn,1,261857741,98180379,1,Farset,1,1,4.01,0,
2026-09-02,Ipswich,R1 1200m Mdn,1,261857741,98180379,1,Farset,1,1,4.01,1,1.77
2026-09-02,Ipswich,R1 1200m Mdn,1,261857741,102344492,2,Fidardo,4,0,18.8,1,3.84
2026-09-02,Ipswich,R1 1200m Mdn,1,261857741,102344492,2,Fidardo,4,0,18.8,0,
2026-09-02,Ipswich,R1 1200m Mdn,1,261857741,102344494,10,No Wallet Reg,2,0,16.5,0,
2026-09-02,Ipswich,R1 1200m Mdn,1,261857741,102344494,10,No Wallet Reg,2,0,16.5,0,4.1
2026-09-02,Ipswich,R1 1200m Mdn,1,261857741,102344495,11,Without A Net,5,0,8.91,0,2.91
2026-09-02,Ipswich,R1 1200m Mdn,1,261857741,102344495,11,Without A Net,5,0,8.91,0,
2026-09-02,Murray Bridge,R1 1200m 3yo,1,261773053,48048235,3,Sidebar,3,1,5.2,1,2.74
2026-09-02,Murray Bridge,R1 1200m 3yo,1,261773053,102292282,2,Leading Ride,1,0,5.57,0,2.57
2026-09-02,Murray Bridge,R1 1200m 3yo,1,261773053,102292283,4,The Obvious Child,5,0,2.78,1,2.02
2026-09-02,Murray Bridge,R1 1200m 3yo,1,261773053,102292284,5,Angry Berdi,4,0,6.6,0,2.66
2026-09-02,Murray Bridge,R1 1200m 3yo,1,261773053,102292285,6,Stormforge,2,0,9.66,0,3.5
2026-09-02,Murray Bridge,R2 1400m Mdn,2,261773062,101780250,1,Blazing Red,3,0,5.09,0,2.06
2026-09-02,Murray Bridge,R2 1400m Mdn,2,261773062,102292288,4,Dedset Magic,4,0,13.3,0,3.7
2026-09-02,Murray Bridge,R2 1400m Mdn,2,261773062,102292289,5,Ochre Spirit,1,0,150.16,0,32.33
2026-09-02,Murray Bridge,R2 1400m Mdn,2,261773062,102292293,10,Largs Legacy,2,0,6.89,1,2.36
2026-09-02,Murray Bridge,R2 1400m Mdn,2,261773062,102292295,12,Mahaler,5,1,5.4,1,2.06
2026-09-02,Murray Bridge,R3 1600m Mdn,3,261773071,80399849,4,Elrond,3,0,38.0,0,7.2
2026-09-02,Murray Bridge,R3 1600m Mdn,3,261773071,82078439,11,Or Am I,2,0,10.5,0,2.85
2026-09-02,Murray Bridge,R3 1600m Mdn,3,261773071,102292297,3,Didactic,4,0,24.88,1,6.2
2026-09-02,Murray Bridge,R3 1600m Mdn,3,261773071,102292298,7,Winstons Pride,1,0,2.89,1,1.33
2026-09-02,Murray Bridge,R3 1600m Mdn,3,261773071,102292299,9,Last Weeks Pay,5,0,5.03,0,2.05
2026-09-02,Murray Bridge,R4 900m Mdn,4,261773080,6094283,3,Defy Gravity,3,0,18.0,0,4.8
2026-09-02,Murray Bridge,R4 900m Mdn,4,261773080,80092576,1,Atomic Time,1,0,8.2,1,2.5
2026-09-02,Murray Bridge,R4 900m Mdn,4,261773080,102292300,2,Buffo,2,0,4.31,0,1.89
2026-09-02,Murray Bridge,R4 900m Mdn,4,261773080,102292303,6,Boldacious Poppy,5,0,100.0,0,19.5
2026-09-02,Murray Bridge,R4 900m Mdn,4,261773080,102292306,10,Scripted Love,4,0,34.0,0,8.0
2026-09-02,Murray Bridge,R5 1400m CL1,5,261773089,50479467,13,Win To Retire,2,0,20.0,1,5.1
2026-09-02,Murray Bridge,R5 1400m CL1,5,261773089,71436563,9,Magic Island,1,0,9.4,0,2.79
2026-09-02,Murray Bridge,R5 1400m CL1,5,261773089,97211469,12,Blue Isles,5,0,5.0,1,2.1
2026-09-02,Murray Bridge,R5 1400m CL1,5,261773089,102292313,1,Play Bouzouki,3,1,12.97,1,3.85
2026-09-02,Murray Bridge,R5 1400m CL1,5,261773089,102292314,2,Yarrawizardharry,4,0,9.27,0,3.65
2026-09-02,Murray Bridge,R6 1800m Hcap,6,261773098,2961935,3,Durham,3,1,2.44,1,1.37
2026-09-02,Murray Bridge,R6 1800m Hcap,6,261773098,45347983,7,Magnetic Edge,4,0,12.96,0,2.81
2026-09-02,Murray Bridge,R6 1800m Hcap,6,261773098,53858031,1,Bit Of A Rebel,5,0,7.21,1,2.1
2026-09-02,Murray Bridge,R6 1800m Hcap,6,261773098,92743416,8,Prince Lucifer,2,0,25.02,0,5.0
2026-09-02,Murray Bridge,R6 1800m Hcap,6,261773098,97631319,11,United Legend,1,0,13.53,0,3.29
2026-09-02,Murray Bridge,R7 1800m Hcap,7,261773107,1303636,9,Chance Taken,4,0,2.92,0,1.55
2026-09-02,Murray Bridge,R7 1800m Hcap,7,261773107,28224166,5,Yorokobi,3,0,9.51,1,3.35
2026-09-02,Murray Bridge,R7 1800m Hcap,7,261773107,38197582,1,Exalted Fire,2,0,27.0,0,4.87
2026-09-02,Murray Bridge,R7 1800m Hcap,7,261773107,77021263,11,Turned Loose,5,0,15.78,0,4.68
2026-09-02,Murray Bridge,R7 1800m Hcap,7,261773107,102292320,3,Tottori,1,1,10.53,1,2.84
2026-09-02,Murray Bridge,R8 1400m Hcap,8,261773116,2517804,8,Royal Fox,1,0,7.43,1,3.15
2026-09-02,Murray Bridge,R8 1400m Hcap,8,261773116,7533901,7,Final Countdown,3,1,4.7,1,2.32
2026-09-02,Murray Bridge,R8 1400m Hcap,8,261773116,64206045,3,Tannenburg,4,0,7.87,0,2.98
2026-09-02,Murray Bridge,R8 1400m Hcap,8,261773116,102292321,2,Somewhere Soon,2,0,11.5,1,3.26
2026-09-02,Murray Bridge,R8 1400m Hcap,8,261773116,102292324,10,Fashion Dog,5,0,12.5,0,3.6
2026-09-02,Murray Bridge,R9 1000m Hcap,9,261773125,58407138,8,Startide,3,0,6.07,0,2.74
2026-09-02,Murray Bridge,R9 1000m Hcap,9,261773125,62838929,7,Welcome Gypsy,1,0,10.5,0,3.43
2026-09-02,Murray Bridge,R9 1000m Hcap,9,261773125,93871021,4,Silvaloa,4,0,8.0,0,2.9
2026-09-02,Murray Bridge,R9 1000m Hcap,9,261773125,99531600,11,My Cherie Amor,5,0,91.4,0,18.9
2026-09-02,Murray Bridge,R9 1000m Hcap,9,261773125,102292328,15,Xtramagic,2,0,6.6,1,2.38
2026-09-02,Sandown,R1 1500m 3yo,1,261773505,1271291,6,Cajun,4,0,9.4,0,1.97
2026-09-02,Sandown,R1 1500m 3yo,1,261773505,92460190,7,Fine Sierra,5,0,24.23,1,3.8
2026-09-02,Sandown,R1 1500m 3yo,1,261773505,102292433,2,Boys Bounce,1,1,1.97,1,1.2
2026-09-02,Sandown,R1 1500m 3yo,1,261773505,102292435,4,Scarole,2,0,13.0,1,2.72
2026-09-02,Sandown,R1 1500m 3yo,1,261773505,102292436,5,Zoucity,3,0,5.07,0,1.45
2026-09-02,Sandown,R2 1000m 3yo,2,261773514,101164407,10,Superbec,1,0,7.4,1,2.3
2026-09-02,Sandown,R2 1000m 3yo,2,261773514,102292440,4,Indalo,3,0,3.55,0,1.63
2026-09-02,Sandown,R2 1000m 3yo,2,261773514,102292443,7,Novamira,5,0,9.85,0,2.84
2026-09-02,Sandown,R2 1000m 3yo,2,261773514,102292444,8,Ruby Guild,2,0,14.5,0,3.47
2026-09-02,Sandown,R2 1000m 3yo,2,261773514,102292445,9,Smoky Kitchen,4,1,3.47,1,1.54
2026-09-02,Sandown,R3 1300m 3yo,3,261773523,3672561,6,Tolaga Bay,4,1,4.4,1,2.08
2026-09-02,Sandown,R3 1300m 3yo,3,261773523,94985396,7,Madame Doubtfire,5,0,590.81,0,183.84
2026-09-02,Sandown,R3 1300m 3yo,3,261773523,102292447,1,Somethings Burnin,2,0,3.23,1,1.66
2026-09-02,Sandown,R3 1300m 3yo,3,261773523,102292448,2,Crudens Tycoon,3,0,16.73,0,4.69
2026-09-02,Sandown,R3 1300m 3yo,3,261773523,102292449,3,Greenwich Boy,1,0,2.27,0,1.45
2026-09-02,Sandown,R4 1200m Hcap,4,261773532,80300582,4,Dollar Shot,5,0,36.63,0,5.9
2026-09-02,Sandown,R4 1200m Hcap,4,261773532,92161951,6,Sea Poem,3,0,9.0,0,2.48
2026-09-02,Sandown,R4 1200m Hcap,4,261773532,96181206,5,Brutalina,2,0,11.5,0,2.93
2026-09-02,Sandown,R4 1200m Hcap,4,261773532,102292450,2,Princess Que,1,0,6.4,0,2.08
2026-09-02,Sandown,R4 1200m Hcap,4,261773532,102292452,8,Dirty Look,4,1,2.43,1,1.34
2026-09-02,Sandown,R5 2400m Hcap,5,261773541,944722,9,Aeolian,4,0,5.33,0,2.64
2026-09-02,Sandown,R5 2400m Hcap,5,261773541,1265758,2,Diwali,5,0,28.0,0,8.0
2026-09-02,Sandown,R5 2400m Hcap,5,261773541,5253251,3,Stop The Rock,2,0,11.5,0,3.65
2026-09-02,Sandown,R5 2400m Hcap,5,261773541,79891363,7,Leonchroi,3,1,7.53,1,2.91
2026-09-02,Sandown,R5 2400m Hcap,5,261773541,96219731,1,Go Daddy,1,0,9.39,0,2.91
2026-09-02,Sandown,R6 1000m Hcap,6,261773550,3361787,6,Educated,1,0,1.78,1,1.11
2026-09-02,Sandown,R6 1000m Hcap,6,261773550,74814649,11,Spirit Of Wealth,4,0,13.21,1,2.82
2026-09-02,Sandown,R6 1000m Hcap,6,261773550,80934131,8,Farcited,3,0,11.5,0,2.68
2026-09-02,Sandown,R6 1000m Hcap,6,261773550,88376626,9,Bedourie,2,0,26.0,0,4.7
2026-09-02,Sandown,R6 1000m Hcap,6,261773550,100920474,1,Snow Mercy,5,1,29.0,1,3.97
2026-09-02,Sandown,R7 1800m Hcap,7,261773559,44161298,3,Flash Feeling,5,0,95.0,0,16.3
2026-09-02,Sandown,R7 1800m Hcap,7,261773559,102292460,9,Emperor Tzu,1,1,3.62,1,1.73
2026-09-02,Sandown,R7 1800m Hcap,7,261773559,102292462,12,Killenaule,4,0,7.2,1,2.56
2026-09-02,Sandown,R7 1800m Hcap,7,261773559,102292463,13,Street Lark,2,0,8.06,0,2.19
2026-09-02,Sandown,R7 1800m Hcap,7,261773559,102292464,15,Realika,3,0,12.5,0,3.95
2026-09-02,Sandown,R8 1500m Hcap,8,261773568,59453477,2,Rhapsody Chic,2,0,44.57,0,9.4
2026-09-02,Sandown,R8 1500m Hcap,8,261773568,82896365,11,Cashout,5,0,4.43,1,2.01
2026-09-02,Sandown,R8 1500m Hcap,8,261773568,102292467,9,Veyepee,4,1,5.67,1,2.51
2026-09-02,Sandown,R8 1500m Hcap,8,261773568,102292468,13,Navy Heart,1,0,20.58,0,6.3
2026-09-02,Sandown,R8 1500m Hcap,8,261773568,102292469,15,Hi Val,3,0,11.0,0,3.57
2026-09-02,Warwick Farm,R1 1200m Hcap,1,261776165,101781727,1,Blessed Eagle,2,0,3.88,0,2.09
2026-09-02,Warwick Farm,R1 1200m Hcap,1,261776165,102292240,2,Katoto,4,0,7.8,0,2.98
2026-09-02,Warwick Farm,R1 1200m Hcap,1,261776165,102292245,7,Sequinned,1,1,4.82,1,2.35
2026-09-02,Warwick Farm,R1 1200m Hcap,1,261776165,102292246,8,Saffron Veil,3,0,6.3,1,2.44
2026-09-02,Warwick Farm,R1 1200m Hcap,1,261776165,102292246,8,Saffron Veil,5,0,6.3,1,2.44
2026-09-02,Warwick Farm,R2 1400m Mdn,2,261776174,6293954,10,Wonka,4,0,13.0,1,2.8
2026-09-02,Warwick Farm,R2 1400m Mdn,2,261776174,6566863,14,Sumac,3,0,14.36,0,3.46
2026-09-02,Warwick Farm,R2 1400m Mdn,2,261776174,102292247,1,Nomadic,2,0,25.81,0,5.11
2026-09-02,Warwick Farm,R2 1400m Mdn,2,261776174,102292248,2,Albert Palais,5,0,11.5,0,2.6
2026-09-02,Warwick Farm,R2 1400m Mdn,2,261776174,102292253,12,Sing Your Song,1,1,3.31,1,1.9
2026-09-02,Warwick Farm,R3 2200m Hcap,3,261776183,69420639,4,County Kilkenny,4,0,9.2,0,5.66
2026-09-02,Warwick Farm,R3 2200m Hcap,3,261776183,79802915,2,Forbidden Riff,1,0,4.82,1,1.98
2026-09-02,Warwick Farm,R3 2200m Hcap,3,261776183,81517347,3,Spenzalot,2,0,22.2,0,7.2
2026-09-02,Warwick Farm,R3 2200m Hcap,3,261776183,92459882,7,Proxima Centauri,5,0,9.95,0,3.72
2026-09-02,Warwick Farm,R3 2200m Hcap,3,261776183,101579251,1,Appeared,3,1,1.8,1,1.25
2026-09-02,Warwick Farm,R4 1600m Hcap,4,261776192,49332839,3,Leica Storm,3,0,3.1,0,1.54
2026-09-02,Warwick Farm,R4 1600m Hcap,4,261776192,73642652,9,Motoscafo,5,0,11.0,0,3.35
2026-09-02,Warwick Farm,R4 1600m Hcap,4,261776192,100164651,4,Winston Hills,2,0,17.0,0,4.11
2026-09-02,Warwick Farm,R4 1600m Hcap,4,261776192,102292261,5,Storm Season,1,0,6.38,1,2.17
2026-09-02,Warwick Farm,R4 1600m Hcap,4,261776192,102292262,7,Think Itz You,4,0,8.8,0,2.47
2026-09-02,Warwick Farm,R5 1400m Hcap,5,261776201,94136886,1,Hellbent On You,4,0,50.81,0,9.2
2026-09-02,Warwick Farm,R5 1400m Hcap,5,261776201,95514271,3,Samarelle,1,0,9.93,1,2.84
2026-09-02,Warwick Farm,R5 1400m Hcap,5,261776201,96747237,7,Kakadu Sunset,3,0,11.5,0,2.96
2026-09-02,Warwick Farm,R5 1400m Hcap,5,261776201,102292265,11,Queens Gamble,2,1,2.62,1,1.32
2026-09-02,Warwick Farm,R5 1400m Hcap,5,261776201,102292266,12,Thrill Hunter,5,0,27.0,0,5.0
2026-09-02,Warwick Farm,R6 1400m Hcap,6,261776210,4196138,11,Sociable,1,1,5.83,1,2.3
2026-09-02,Warwick Farm,R6 1400m Hcap,6,261776210,4196138,11,Sociable,2,1,5.83,1,2.3
2026-09-02,Warwick Farm,R6 1400m Hcap,6,261776210,6686918,5,Without Peer,3,0,12.69,0,4.74
2026-09-02,Warwick Farm,R6 1400m Hcap,6,261776210,93871150,2,Monte Veebee,5,0,20.77,0,3.82
2026-09-02,Warwick Farm,R6 1400m Hcap,6,261776210,102292272,13,Anthropoid,4,0,10.5,1,3.6
2026-09-02,Warwick Farm,R7 1000m Hcap,7,261776219,77428193,2,Action King,4,0,11.0,0,3.25
2026-09-02,Warwick Farm,R7 1000m Hcap,7,261776219,78432536,9,Rhia,3,0,10.0,0,2.97
2026-09-02,Warwick Farm,R7 1000m Hcap,7,261776219,80399524,6,Spartus,2,1,6.0,1,2.19
2026-09-02,Warwick Farm,R7 1000m Hcap,7,261776219,80569031,7,Manukau,1,0,5.01,0,2.28
2026-09-02,Warwick Farm,R7 1000m Hcap,7,261776219,102292273,3,Fuadee,5,0,9.7,0,2.99
2026-09-03,Coffs Harbour,R1 1412m Mdn,1,261837982,2496750,8,La Regina,3,0,11.5,0,2.1
2026-09-03,Coffs Harbour,R1 1412m Mdn,1,261837982,18855466,3,Kitsilano,5,0,193.29,0,25.0
2026-09-03,Coffs Harbour,R1 1412m Mdn,1,261837982,84733215,7,Birdy Girl,4,0,12.51,1,2.72
2026-09-03,Coffs Harbour,R1 1412m Mdn,1,261837982,102333039,5,Sorrenti,1,1,2.54,1,1.23
2026-09-03,Coffs Harbour,R1 1412m Mdn,1,261837982,102333040,6,Zweigelt,2,0,2.74,1,1.22
2026-09-03,Coffs Harbour,R2 1212m Mdn,2,261837985,96747083,7,Pietiero,5,0,46.87,0,5.8
2026-09-03,Coffs Harbour,R2 1212m Mdn,2,261837985,100486087,5,Kobi Express,4,0,42.0,0,5.42
2026-09-03,Coffs Harbour,R2 1212m Mdn,2,261837985,101384789,1,Rum And Kirk,1,0,3.49,1,1.34
2026-09-03,Coffs Harbour,R2 1212m Mdn,2,261837985,102333041,2,Insain Chaos,2,0,3.9,1,1.5
2026-09-03,Coffs Harbour,R2 1212m Mdn,2,261837985,102333044,6,Pearl Pendant,3,1,10.25,1,2.0
2026-09-03,Coffs Harbour,R3 1010m Mdn,3,261837988,93239444,7,Rubinsky,3,0,8.0,1,2.62
2026-09-03,Coffs Harbour,R3 1010m Mdn,3,261837988,96965555,3,Long Live,1,0,5.0,0,1.86
2026-09-03,Coffs Harbour,R3 1010m Mdn,3,261837988,97763276,1,Funky Cold Medina,4,0,16.25,1,3.5
2026-09-03,Coffs Harbour,R3 1010m Mdn,3,261837988,102333049,9,Irenova,5,0,15.5,0,3.46
2026-09-03,Coffs Harbour,R3 1010m Mdn,3,261837988,102333050,10,Pointy End,2,0,6.93,0,2.12
2026-09-03,Coffs Harbour,R4 1212m Hcap,4,261837991,60857635,5,Golden Copper,4,0,7.29,0,2.92
2026-09-03,Coffs Harbour,R4 1212m Hcap,4,261837991,71436417,3,Jewels Statement,3,0,6.4,0,2.74
2026-09-03,Coffs Harbour,R4 1212m Hcap,4,261837991,74571757,8,Cardsharp,1,0,7.0,1,2.4
2026-09-03,Coffs Harbour,R4 1212m Hcap,4,261837991,77687764,2,Patrioticintention,5,0,8.2,1,2.48
2026-09-03,Coffs Harbour,R4 1212m Hcap,4,261837991,89348529,9,A Touch From Fayt,2,0,4.06,0,1.63
2026-09-03,Coffs Harbour,R5 1212m CL1,5,261837994,84777727,5,Prince De Vega,2,0,7.6,1,2.1
2026-09-03,Coffs Harbour,R5 1212m CL1,5,261837994,87767484,2,Felis Chaus,1,0,3.46,1,2.16
2026-09-03,Coffs Harbour,R5 1212m CL1,5,261837994,90886253,3,Jade Trees,4,1,3.73,1,1.69
2026-09-03,Coffs Harbour,R5 1212m CL1,5,261837994,94448140,7,Stern Dispute,3,0,17.0,0,4.12
2026-09-03,Coffs Harbour,R5 1212m CL1,5,261837994,94735693,9,Dirty Does It,5,0,10.9,0,3.4
2026-09-03,Coffs Harbour,R6 1010m CL3,6,261837997,72354230,3,Ex Wife,5,0,15.0,1,4.5
2026-09-03,Coffs Harbour,R6 1010m CL3,6,261837997,73753968,9,The Lupercal,1,1,14.0,1,3.05
2026-09-03,Coffs Harbour,R6 1010m CL3,6,261837997,78229537,4,Humphree Bear,2,0,3.21,0,1.44
2026-09-03,Coffs Harbour,R6 1010m CL3,6,261837997,85813800,8,Aye Aye Skipper,4,0,61.3,0,7.8
2026-09-03,Coffs Harbour,R6 1010m CL3,6,261837997,96218949,1,Rich Star,3,0,2.98,1,1.43
2026-09-03,Coffs Harbour,R7 1612m Hcap,7,261838000,8500239,6,Secret Keeper,5,0,5.5,0,2.31
2026-09-03,Coffs Harbour,R7 1612m Hcap,7,261838000,8949780,4,Zucchero,1,0,5.1,0,1.99
2026-09-03,Coffs Harbour,R7 1612m Hcap,7,261838000,44185778,7,Ausbred Yahoo,4,0,12.16,0,3.32
2026-09-03,Coffs Harbour,R7 1612m Hcap,7,261838000,83940323,8,Artie Lady,2,0,10.18,0,3.8
2026-09-03,Coffs Harbour,R7 1612m Hcap,7,261838000,100262198,3,Venom Wolf,3,0,5.6,1,1.98
2026-09-03,Coffs Harbour,R8 808m Hcap,8,261838003,60528533,2,Cool Fizz,2,0,3.52,1,1.5
2026-09-03,Coffs Harbour,R8 808m Hcap,8,261838003,71651148,1,I Am Voodoo,1,0,5.15,1,1.71
2026-09-03,Coffs Harbour,R8 808m Hcap,8,261838003,81435780,4,Olufsen,3,0,14.91,0,3.7
2026-09-03,Coffs Harbour,,8,261838003,83834683,3,Close To Midnight,4,,,,
2026-09-03,Coffs Harbour,R8 808m Hcap,8,261838003,102333057,5,City Of Tears,5,0,3.73,0,1.63
2026-09-03,Mackay,R1 1560m 3yo,1,261838007,83903962,2,Gotcha Moment,2,0,6.0,1,2.32
2026-09-03,Mackay,R1 1560m 3yo,1,261838007,85777881,6,Hot Luci,1,0,56.6,0,14.0
2026-09-03,Mackay,R1 1560m 3yo,1,261838007,85777881,6,Hot Luci,3,0,56.6,0,14.0
2026-09-03,Mackay,R1 1560m 3yo,1,261838007,91158727,3,Shefflin,5,0,5.14,1,1.98
2026-09-03,Mackay,R1 1560m 3yo,1,261838007,102332994,5,Check One Two,4,0,13.0,0,3.1
2026-09-03,Mackay,R2 1100m 3yo,2,261838011,22154224,9,Proviseur,2,0,3.35,1,1.36
2026-09-03,Mackay,R2 1100m 3yo,2,261838011,91807543,12,Majestic Choice,1,0,16.0,0,2.92
2026-09-03,Mackay,R2 1100m 3yo,2,261838011,102333001,1,Auzangate,5,0,60.84,0,9.2
2026-09-03,Mackay,R2 1100m 3yo,2,261838011,102333002,2,Hooroo,4,1,2.26,1,1.23
2026-09-03,Mackay,,2,261838011,102333010,10,Cosmic Dynasty,3,,,,
2026-09-03,Mackay,R3 1300m CL6,3,261838015,828592,1,Contemporary,1,0,3.15,1,1.84
2026-09-03,Mackay,R3 1300m CL6,3,261838015,5689767,7,Lucky Lass,3,0,3.22,0,1.95
2026-09-03,Mackay,R3 1300m CL6,3,261838015,5689767,7,Lucky Lass,4,0,3.22,0,1.95
2026-09-03,Mackay,R3 1300m CL6,3,261838015,51636136,3,Kings Duty,5,0,8.83,0,4.14
2026-09-03,Mackay,R3 1300m CL6,3,261838015,87988209,2,The Extreme Cat,2,1,5.19,1,2.42
2026-09-03,Mackay,R4 1100m CL2,4,261838019,66733004,2,Adranos,1,0,3.33,0,1.29
2026-09-03,Mackay,R4 1100m CL2,4,261838019,69066746,1,Emilia Jane,2,0,8.21,0,1.92
2026-09-03,Mackay,R4 1100m CL2,4,261838019,86820542,4,Shipping Lane,5,0,20.0,1,4.79
2026-09-03,Mackay,R4 1100m CL2,4,261838019,94985056,5,Tara I Am,4,1,3.2,1,1.34
2026-09-03,Mackay,R4 1100m CL2,4,261838019,102333032,3,Lonhys Fabre,3,0,4.59,1,1.65
2026-09-03,Mackay,R5 1560m Hcap,5,261838023,39498884,2,Acrophobic,3,0,13.49,1,3.26
2026-09-03,Mackay,R5 1560m Hcap,5,261838023,50903460,10,Rajnish,4,0,80.0,0,9.53
2026-09-03,Mackay,R5 1560m Hcap,5,261838023,55818375,4,Upstart Legend,1,0,4.7,1,1.63
2026-09-03,Mackay,R5 1560m Hcap,5,261838023,79845015,8,Mr Shorty,5,0,85.0,0,13.5
2026-09-03,Mackay,R5 1560m Hcap,5,261838023,86275526,1,Red Hot Lizzie,2,1,2.24,1,1.4
2026-09-03,Mackay,R6 1200m Hcap,6,261838027,71373368,1,Sujeed,1,0,13.37,1,2.76
2026-09-03,Mackay,R6 1200m Hcap,6,261838027,78497718,7,Supid Date,3,0,4.64,1,1.43
2026-09-03,Mackay,R6 1200m Hcap,6,261838027,79524064,2,The Defender,2,1,1.96,1,1.19
2026-09-03,Mackay,R6 1200m Hcap,6,261838027,95621552,8,Tell Us Toll,4,0,103.6,0,13.0
2026-09-03,Mackay,R6 1200m Hcap,6,261838027,102333033,3,Heroic Talent,5,0,33.17,0,4.6
2026-09-03,Mackay,R7 1100m Hcap,7,261838031,1041635,7,Humble Hero,5,1,3.6,1,1.46
2026-09-03,Mackay,,7,261838031,11907714,6,La Petite Maison,4,,,,
2026-09-03,Mackay,R7 1100m Hcap,7,261838031,51455002,2,Dragons Snip,3,0,70.0,0,9.89
2026-09-03,Mackay,,7,261838031,87205980,1,Dalt Jaz,1,,,,
2026-09-03,Mackay,R7 1100m Hcap,7,261838031,101671343,12,Fabulean,2,0,7.8,1,2.14
2026-09-03,Northam,R1 2200m Mdn,1,261834259,86822128,7,Daisiesfortheladys,4,0,42.45,0,7.4
2026-09-03,Northam,R1 2200m Mdn,1,261834259,88928330,1,Obscentino,5,1,5.02,1,1.72
2026-09-03,Northam,R1 2200m Mdn,1,261834259,92744519,3,Major Magnus,2,0,2.88,1,1.3
2026-09-03,Northam,R1 2200m Mdn,1,261834259,99919888,4,Sylva Jack,1,0,4.59,0,1.64
2026-09-03,Northam,R1 2200m Mdn,1,261834259,102293829,9,Loose Foot,3,0,48.0,0,9.99
2026-09-03,Northam,R2 1100m 3yo,2,261834263,874830,5,Peak Tycoon,2,0,3.12,0,1.38
2026-09-03,Northam,,2,261834263,102293830,2,Second Draft,5,,,,
2026-09-03,Northam,R2 1100m 3yo,2,261834263,102293832,4,Supersmash,1,1,6.34,1,1.68
2026-09-03,Northam,R2 1100m 3yo,2,261834263,102293835,8,Splintabelle,4,0,3.13,1,1.4
2026-09-03,Northam,R2 1100m 3yo,2,261834263,102293836,9,Swing Dancer,3,0,40.1,0,5.59
2026-09-03,Northam,R3 1000m Mdn,3,261834267,88290394,3,Torque Of War,5,0,111.86,0,13.34
2026-09-03,Northam,R3 1000m Mdn,3,261834267,100921520,9,Gods Choice,1,0,2.2,0,1.21
2026-09-03,Northam,R3 1000m Mdn,3,261834267,101101354,1,Eye Of The Fly,4,0,19.5,0,3.5
2026-09-03,Northam,R3 1000m Mdn,3,261834267,102293839,5,Salve Regina,3,0,6.6,1,1.78
2026-09-03,Northam,R3 1000m Mdn,3,261834267,102293842,8,Dip It In A Dream,2,1,17.5,1,3.65
2026-09-03,Northam,R4 1100m Hcap,4,261834271,1216422,6,Mantua,2,0,4.0,0,1.51
2026-09-03,Northam,R4 1100m Hcap,4,261834271,92391471,3,Cawarra,1,0,5.36,1,2.03
2026-09-03,Northam,,4,261834271,101611506,9,Winter Bloom,4,,,,
2026-09-03,Northam,R4 1100m Hcap,4,261834271,102293844,2,State Of Fury,5,1,6.04,1,1.87
2026-09-03,Northam,R4 1100m Hcap,4,261834271,102293845,4,So Immaculate,3,0,18.0,0,4.35
2026-09-03,Northam,R5 1300m CL1,5,261834275,85982317,5,Playing Free,2,0,18.5,1,4.37
2026-09-03,Northam,R5 1300m CL1,5,261834275,100860888,10,Hello Veneta,4,1,6.0,1,2.28
2026-09-03,Northam,R5 1300m CL1,5,261834275,102293847,2,Gloranardo,5,0,7.0,0,2.44
2026-09-03,Northam,R5 1300m CL1,5,261834275,102293848,3,Dont Wink,1,0,4.3,0,1.69
2026-09-03,Northam,R5 1300m CL1,5,261834275,102293851,7,Silent Amarda,3,0,13.24,0,3.19
2026-09-03,Northam,R6 1600m Mdn,6,261834279,69932894,4,Rorys Revenge,4,0,120.0,0,18.0
2026-09-03,Northam,R6 1600m Mdn,6,261834279,93022600,7,Flavoursome,1,0,10.84,0,2.89
2026-09-03,Northam,R6 1600m Mdn,6,261834279,93827967,10,Pure N Simple,2,0,80.0,0,9.82
2026-09-03,Northam,R6 1600m Mdn,6,261834279,100862514,9,Ruthless Bloom,3,0,4.04,1,1.7
2026-09-03,Northam,R6 1600m Mdn,6,261834279,102293854,1,Saisoku,5,0,4.06,0,1.68
2026-09-03,Northam,R7 1600m CL3,7,261834283,3276036,2,Classic Impact,1,0,4.76,0,2.06
2026-09-03,Northam,R7 1600m CL3,7,261834283,62790785,9,Sandfire Rose,4,0,25.17,0,5.91
2026-09-03,Northam,R7 1600m CL3,7,261834283,65558554,10,Capable Angel,3,0,12.2,1,3.62
2026-09-03,Northam,R7 1600m CL3,7,261834283,79220502,5,Rebelnado,5,0,12.41,0,3.73
2026-09-03,Northam,R7 1600m CL3,7,261834283,101781643,1,Pure Mac,2,1,4.58,1,2.17
2026-09-03,Warrnambool,R1 1700m Mdn,1,261837920,76572733,4,Le Plus Rapide,5,1,10.0,1,2.26
2026-09-03,Warrnambool,R1 1700m Mdn,1,261837920,99171988,3,Helter Peltzer,3,0,25.81,0,5.51
2026-09-03,Warrnambool,R1 1700m Mdn,1,261837920,100454578,8,His Lady Bay,2,0,2.83,0,1.57
2026-09-03,Warrnambool,R1 1700m Mdn,1,261837920,101809066,7,All Moonlite,1,0,4.9,0,1.81
2026-09-03,Warrnambool,R1 1700m Mdn,1,261837920,102333072,5,Shaw Can Fly,4,0,8.59,0,2.55
2026-09-03,Warrnambool,R2 1200m 3yo,2,261837928,48143960,5,Persian Cat,4,0,15.0,0,3.28
2026-09-03,Warrnambool,R2 1200m 3yo,2,261837928,95964563,8,Silent Devotion,5,0,12.0,1,3.19
2026-09-03,Warrnambool,R2 1200m 3yo,2,261837928,102333074,1,Admirals Pointe,3,0,5.87,0,2.07
2026-09-03,Warrnambool,R2 1200m 3yo,2,261837928,102333075,2,Alchemistic,2,1,4.2,1,1.51
2026-09-03,Warrnambool,R2 1200m 3yo,2,261837928,102333076,3,Grifter,1,0,2.86,0,1.4
2026-09-03,Warrnambool,R3 1200m 3yo,3,261837936,90048770,9,Taajwar,5,0,80.09,0,11.0
2026-09-03,Warrnambool,R3 1200m 3yo,3,261837936,102333081,4,Ilberidinshotgun,1,0,5.22,0,1.83
2026-09-03,Warrnambool,R3 1200m 3yo,3,261837936,102333082,5,Mister Solly,3,0,4.44,1,1.77
2026-09-03,Warrnambool,R3 1200m 3yo,3,261837936,102333083,7,Prince Prestigious,4,0,29.0,0,5.55
2026-09-03,Warrnambool,R3 1200m 3yo,3,261837936,102333084,8,Star Rotation,2,1,4.86,1,1.74
2026-09-03,Warrnambool,R4 1400m Mdn,4,261837944,92504152,8,Just My Lot,3,0,2.46,1,1.1
2026-09-03,Warrnambool,R4 1400m Mdn,4,261837944,95621212,1,Captain Redbeard,1,1,2.8,1,1.17
2026-09-03,Warrnambool,R4 1400m Mdn,4,261837944,102333086,4,Pappa Ritch,5,0,45.04,1,4.5
2026-09-03,Warrnambool,,4,261837944,102333088,6,Belle Flamme,2,,,,
2026-09-03,Warrnambool,R4 1400m Mdn,4,261837944,102333089,11,Compassion,4,0,4.1,0,1.34
2026-09-03,Warrnambool,,5,261837952,4905547,1,Dubai Dancer,3,,,,
2026-09-03,Warrnambool,R5 1400m Hcap,5,261837952,78976647,3,Heed The Omens,1,0,29.9,0,5.5
2026-09-03,Warrnambool,R5 1400m Hcap,5,261837952,85445121,6,Break The Taboo,2,0,8.39,0,2.49
2026-09-03,Warrnambool,R5 1400m Hcap,5,261837952,97184667,7,Justibella,4,0,13.4,0,3.29
2026-09-03,Warrnambool,R5 1400m Hcap,5,261837952,102333090,5,Terralight,5,0,5.83,0,1.95
2026-09-03,Warrnambool,R6 1200m Hcap,6,261837960,85283548,3,Artistic Genius,3,1,6.4,1,1.96
2026-09-03,Warrnambool,R6 1200m Hcap,6,261837960,92537846,10,Imminent Storm,5,0,13.91,1,3.47
2026-09-03,Warrnambool,R6 1200m Hcap,6,261837960,102333091,4,Cinnamon Kiss,2,0,2.16,0,1.34
2026-09-03,Warrnambool,R6 1200m Hcap,6,261837960,102333092,6,Empress Rossa,4,0,7.6,0,2.42
2026-09-03,Warrnambool,R6 1200m Hcap,6,261837960,102333095,9,Fast N Inzaine,1,0,14.97,0,3.69
2026-09-03,Warrnambool,R7 2350m Hcap,7,261837968,6964929,5,Trump Card,1,0,6.8,0,2.44
2026-09-03,Warrnambool,R7 2350m Hcap,7,261837968,54138769,4,Semper Fortis,3,0,6.81,0,2.48
2026-09-03,Warrnambool,R7 2350m Hcap,7,261837968,78781138,10,Initial Moment,4,0,31.69,0,7.6
2026-09-03,Warrnambool,,7,261837968,93168011,8,Tupac,5,,,,
2026-09-03,Warrnambool,R7 2350m Hcap,7,261837968,102333097,12,Motiver,2,1,15.18,1,3.99
2026-09-03,Warrnambool,R8 1700m Hcap,8,261837976,706470,2,Adjudicate,5,0,41.03,0,8.2
2026-09-03,Warrnambool,,8,261837976,6080606,3,Placentia Bay,3,,,,
2026-09-03,Warrnambool,R8 1700m Hcap,8,261837976,51203424,9,Jackand,4,0,6.95,1,2.24
2026-09-03,Warrnambool,R8 1700m Hcap,8,261837976,88151098,14,Sephia,1,1,4.28,1,2.09
2026-09-03,Warrnambool,R8 1700m Hcap,8,261837976,93168037,8,Side Piece,2,0,19.5,0,4.8
2026-09-04,Birdsville,R1 1200m Mdn,1,261917776,76053549,2,Exceptional Rupert,3,0,15.38,0,5.09
2026-09-04,Birdsville,R1 1200m Mdn,1,261917776,89886183,5,Fillydelphia Miss,4,0,30.12,0,11.0
2026-09-04,Birdsville,R1 1200m Mdn,1,261917776,92504298,7,Barrythebarbaric,5,0,12.42,1,5.4
2026-09-04,Birdsville,R1 1200m Mdn,1,261917776,97983127,1,Crudo,2,1,2.78,1,1.71
2026-09-04,Birdsville,R1 1200m Mdn,1,261917776,101100611,6,Secret Suspicion,1,0,3.84,0,2.21
2026-09-04,Birdsville,R2 1600m Hcap,2,261917780,2796139,3,Able Seaman,5,0,17.02,0,5.22
2026-09-04,Birdsville,R2 1600m Hcap,2,261917780,86695092,5,Hi Frank,4,1,4.83,1,2.51
2026-09-04,Birdsville,R2 1600m Hcap,2,261917780,102333062,1,Smashing Rosie,1,0,3.4,0,1.79
2026-09-04,Birdsville,R2 1600m Hcap,2,261917780,102333063,2,Starlite Rebel,3,0,8.0,0,3.35
2026-09-04,Birdsville,R2 1600m Hcap,2,261917780,102333064,4,Mayor Of Kingston,2,0,3.42,1,1.91
2026-09-04,Birdsville,R3 1400m CL3,3,261917784,2335026,5,Miss Moneypenny,1,0,2.22,0,1.38
2026-09-04,Birdsville,R3 1400m CL3,3,261917784,80091301,6,Engeline,4,0,13.0,1,4.97
2026-09-04,Birdsville,R3 1400m CL3,3,261917784,95660048,3,Kijivu,5,0,14.0,0,4.9
2026-09-04,Birdsville,R3 1400m CL3,3,261917784,98146333,7,Forever A Diamond,2,1,4.14,1,1.95
2026-09-04,Birdsville,R3 1400m CL3,3,261917784,102333065,1,Quello Dorato,3,0,9.4,0,3.5
2026-09-04,Birdsville,R4 1200m CL1,4,261917788,3619057,6,Kindly,2,0,14.5,0,6.6
2026-09-04,Birdsville,R4 1200m CL1,4,261917788,80603390,4,Mlinzi,3,0,12.82,0,4.63
2026-09-04,Birdsville,R4 1200m CL1,4,261917788,91432723,5,Anders Kiss,1,0,4.22,0,2.2
2026-09-04,Birdsville,R4 1200m CL1,4,261917788,100721519,2,Boulevard Boy,5,0,10.79,1,4.2
2026-09-04,Birdsville,R4 1200m CL1,4,261917788,102333066,1,Farnesina,4,0,9.8,0,3.34
2026-09-04,Birdsville,R5 1200m CL5,5,261917792,2134160,2,Deferential,2,0,3.2,0,1.97
2026-09-04,Birdsville,R5 1200m CL5,5,261917792,5181303,5,Frawley,5,0,6.81,0,3.15
2026-09-04,Birdsville,R5 1200m CL5,5,261917792,51476211,6,Discreet Miss,3,0,55.0,0,16.5
2026-09-04,Birdsville,R5 1200m CL5,5,261917792,66543027,3,Ioane,4,0,9.2,1,4.0
2026-09-04,Birdsville,R5 1200m CL5,5,261917792,86695564,1,Great Cosmic,1,1,2.6,1,1.51
2026-09-04,Birdsville,R6 1000m Qlty,6,261917796,1539866,3,Kalashnikov,4,0,150.0,0,14.0
2026-09-04,Birdsville,R6 1000m Qlty,6,261917796,4591009,2,Revolt,5,0,2.73,1,1.32
2026-09-04,Birdsville,R6 1000m Qlty,6,261917796,42422276,4,Cochrane,2,0,6.66,1,1.78
2026-09-04,Birdsville,R6 1000m Qlty,6,261917796,49244111,8,Lucky Fortuna,3,0,29.27,0,4.7
2026-09-04,Birdsville,R6 1000m Qlty,6,261917796,74744664,5,Hello World,1,1,3.05,1,1.35
2026-09-04,Canberra,R1 1600m Hcap,1,261916786,55494146,1,Philadelphia Storm,2,0,44.0,0,7.4
2026-09-04,Canberra,R1 1600m Hcap,1,261916786,66511739,8,Give Me Joy,3,0,3.89,0,1.78
2026-09-04,Canberra,R1 1600m Hcap,1,261916786,66511739,8,Give Me Joy,5,0,3.89,0,1.78
2026-09-04,Canberra,R1 1600m Hcap,1,261916786,78756098,7,The Eyes Have It,4,0,7.8,0,2.3
2026-09-04,Canberra,R1 1600m Hcap,1,261916786,102366005,4,Feazabeel,1,1,3.46,1,1.5
2026-09-04,Canberra,R2 1000m Hcap,2,261916789,25863816,5,Vainstream,1,0,11.0,0,2.95
2026-09-04,Canberra,R2 1000m Hcap,2,261916789,45191825,2,Hello Jack,4,0,10.7,0,3.1
2026-09-04,Canberra,R2 1000m Hcap,2,261916789,61371314,10,Soho Sushi,2,0,53.91,1,6.6
2026-09-04,Canberra,R2 1000m Hcap,2,261916789,74813487,7,Santolini,3,0,42.08,0,6.06
2026-09-04,Canberra,R2 1000m Hcap,2,261916789,102366006,3,Inna Zou,5,1,7.9,1,2.64
2026-09-04,Canberra,R3 1000m Mdn,3,261916792,2702686,3,Souk,3,0,29.0,0,3.56
2026-09-04,Canberra,R3 1000m Mdn,3,261916792,82154016,10,Stormy Reign,5,0,70.0,0,5.3
2026-09-04,Canberra,R3 1000m Mdn,3,261916792,87415986,1,Defiance,1,1,2.37,1,1.28
2026-09-04,Canberra,R3 1000m Mdn,3,261916792,96694182,2,Groundcover,2,0,16.0,0,2.76
2026-09-04,Canberra,R3 1000m Mdn,3,261916792,102366008,4,Sweet Harry,4,0,2.56,1,1.23
2026-09-04,Canberra,R4 2000m CL1,4,261916795,92459873,2,Powerful Prayer,1,0,1.74,1,1.2
2026-09-04,Canberra,R4 2000m CL1,4,261916795,100693579,1,Pontiac,4,0,330.0,0,23.29
2026-09-04,Canberra,R4 2000m CL1,4,261916795,102366013,3,Cool As Popeye,5,0,19.0,0,3.33
2026-09-04,Canberra,R4 2000m CL1,4,261916795,102366014,4,Liyahs Girl,2,0,4.71,1,1.51
2026-09-04,Canberra,R4 2000m CL1,4,261916795,102366015,5,Star Turn Dancer,3,0,18.0,0,3.35
2026-09-04,Canberra,R5 1400m Hcap,5,261916798,2980786,2,Xerxes,5,0,16.5,0,4.76
2026-09-04,Canberra,R5 1400m Hcap,5,261916798,63640312,6,Mystic Diva,4,0,33.35,1,7.81
2026-09-04,Canberra,R5 1400m Hcap,5,261916798,92504113,4,Alabama Hussy,1,0,5.11,0,2.36
2026-09-04,Canberra,R5 1400m Hcap,5,261916798,102366018,3,Ikon Park,3,0,14.08,0,4.46
2026-09-04,Canberra,R5 1400m Hcap,5,261916798,102366025,20,Go Gazza,2,0,18.0,0,4.35
2026-09-04,Canberra,R6 1400m Mdn,6,261916801,102366026,1,Balmain Warrior,2,0,8.8,0,2.02
2026-09-04,Canberra,R6 1400m Mdn,6,261916801,102366027,4,Slaters Boy,4,0,95.0,0,13.04
2026-09-04,Canberra,R6 1400m Mdn,6,261916801,102366028,5,Waves Of Wisdom,3,0,16.5,0,3.0
2026-09-04,Canberra,R6 1400m Mdn,6,261916801,102366031,11,Beautiful You,1,1,1.96,1,1.4
2026-09-04,Canberra,R6 1400m Mdn,6,261916801,102366031,11,Beautiful You,5,1,1.96,1,1.4
2026-09-04,Canberra,R7 1300m Hcap,7,261916804,41675030,1,Who But Roo,3,0,10.09,0,3.1
2026-09-04,Canberra,R7 1300m Hcap,7,261916804,79291939,6,Cougars,2,0,3.3,0,1.6
2026-09-04,Canberra,R7 1300m Hcap,7,261916804,82077753,5,Alottosay,5,0,11.5,0,2.97
2026-09-04,Canberra,R7 1300m Hcap,7,261916804,97448945,7,Blow In,4,0,22.48,1,4.7
2026-09-04,Canberra,R7 1300m Hcap,7,261916804,101609957,8,Hurry Miss,1,1,3.7,1,1.84
2026-09-04,Canberra,R8 1200m CL2,8,261916807,61826544,1,Cholante,1,1,11.5,1,2.72
2026-09-04,Canberra,R8 1200m CL2,8,261916807,79802901,3,Kendalia,2,0,4.33,1,1.44
2026-09-04,Canberra,R8 1200m CL2,8,261916807,82376032,2,Cashbook,5,0,15.27,0,2.69
2026-09-04,Canberra,R8 1200m CL2,8,261916807,95300974,7,Pure Melody,3,0,1.98,0,1.16
2026-09-04,Canberra,R8 1200m CL2,8,261916807,102366036,6,Gem Tycoon,4,0,10.5,0,1.99
2026-09-04,Mornington,R1 1500m Mdn,1,261917513,92418005,2,Foxtrot Charlie,5,0,7.79,0,1.82
2026-09-04,Mornington,R1 1500m Mdn,1,261917513,102366508,3,Iamabadguy,4,1,4.95,1,1.72
2026-09-04,Mornington,R1 1500m Mdn,1,261917513,102366511,6,Top Conti,1,0,7.44,1,2.03
2026-09-04,Mornington,R1 1500m Mdn,1,261917513,102366513,10,Independant Lad,3,0,28.44,0,4.33
2026-09-04,Mornington,R1 1500m Mdn,1,261917513,102366514,11,Passio,2,0,2.21,1,1.26
2026-09-04,Mornington,R2 1200m Mdn,2,261917521,100749590,14,Absent,3,0,25.0,0,4.77
2026-09-04,Mornington,R2 1200m Mdn,2,261917521,101639640,15,Satoshi,2,0,5.96,0,2.24
2026-09-04,Mornington,R2 1200m Mdn,2,261917521,102366522,1,Kooralbyn,5,0,3.47,0,1.53
2026-09-04,Mornington,R2 1200m Mdn,2,261917521,102366523,2,Mykindakandy,1,1,5.05,1,1.73
2026-09-04,Mornington,R2 1200m Mdn,2,261917521,102366524,4,Zovozo,4,0,33.35,1,4.66
2026-09-04,Mornington,R3 1000m Mdn,3,261917529,90715900,9,Koko,1,1,6.17,1,1.57
2026-09-04,Mornington,R3 1000m Mdn,3,261917529,95880068,10,Servenia,4,0,34.0,0,5.0
2026-09-04,Mornington,R3 1000m Mdn,3,261917529,96965975,3,Flamingo Flyer,5,0,36.6,1,4.6
2026-09-04,Mornington,R3 1000m Mdn,3,261917529,102366535,4,Little Richo,3,0,16.45,0,3.09
2026-09-04,Mornington,R3 1000m Mdn,3,261917529,102366537,8,Haute,2,0,1.78,0,1.33
2026-09-04,Mornington,R4 1000m 3yo,4,261917537,826072,2,Come Together,2,1,2.9,1,1.45
2026-09-04,Mornington,R4 1000m 3yo,4,261917537,5126691,4,Lomu,4,0,9.44,1,2.13
2026-09-04,Mornington,R4 1000m 3yo,4,261917537,8490414,13,Oxford Street,3,0,18.39,0,3.95
2026-09-04,Mornington,R4 1000m 3yo,4,261917537,102366546,7,Stark Varg,5,0,50.51,0,9.2
2026-09-04,Mornington,R4 1000m 3yo,4,261917537,102366547,8,The Troubleshooter,1,0,5.31,0,1.82
2026-09-04,Mornington,R5 1000m Hcap,5,261917545,3755611,12,Volatile,2,0,12.93,1,2.9
2026-09-04,Mornington,R5 1000m Hcap,5,261917545,53946527,8,Fileeta,3,1,37.5,1,8.2
2026-09-04,Mornington,R5 1000m Hcap,5,261917545,86347731,11,Superliv,5,0,9.47,0,2.92
2026-09-04,Mornington,R5 1000m Hcap,5,261917545,102366554,1,Shes My Ex,1,0,2.45,0,1.46
2026-09-04,Mornington,R5 1000m Hcap,5,261917545,102366555,2,Blondies Award,4,0,13.44,0,3.05
2026-09-04,Mornington,R6 2030m Hcap,6,261917553,55782160,8,Amphactor,4,0,13.0,0,3.73
2026-09-04,Mornington,R6 2030m Hcap,6,261917553,65757405,7,Hollandia,5,0,36.74,0,7.26
2026-09-04,Mornington,R6 2030m Hcap,6,261917553,75638379,6,Foix,2,1,6.68,1,2.85
2026-09-04,Mornington,R6 2030m Hcap,6,261917553,88780101,1,Omamori,1,0,7.61,0,2.6
2026-09-04,Mornington,R6 2030m Hcap,6,261917553,94448675,12,Razanne,3,0,9.88,0,3.32
2026-09-04,Mornington,R7 1500m Hcap,7,261917561,3505964,5,Overpriced,4,0,15.0,1,3.75
2026-09-04,Mornington,R7 1500m Hcap,7,261917561,43016148,7,Diamanda,5,0,27.97,0,6.44
2026-09-04,Mornington,R7 1500m Hcap,7,261917561,51594203,2,Crown Crusher,3,0,13.81,0,3.35
2026-09-04,Mornington,R7 1500m Hcap,7,261917561,81489877,1,Stay Humble,1,0,2.76,0,1.48
2026-09-04,Mornington,R7 1500m Hcap,7,261917561,100164899,3,Meh Keffi,2,0,12.5,0,3.2
2026-09-04,Mornington,R8 1200m Hcap,8,261917569,14713248,12,Tsarine,2,1,7.14,1,2.39
2026-09-04,Mornington,R8 1200m Hcap,8,261917569,70323083,4,Glenfinnan,3,0,12.86,0,3.47
2026-09-04,Mornington,R8 1200m Hcap,8,261917569,90568665,11,Mauna Kea Miss,1,0,5.68,1,1.95
2026-09-04,Mornington,R8 1200m Hcap,8,261917569,92207624,1,Insain Harry,5,0,10.49,0,2.95
2026-09-04,Mornington,R8 1200m Hcap,8,261917569,102366573,5,Cattle Camp,4,0,2.51,0,1.38
2026-09-04,Mornington,R9 1200m Hcap,9,261917577,3865812,6,Stolen Art,4,0,16.34,1,3.67
2026-09-04,Mornington,R9 1200m Hcap,9,261917577,88465055,9,Ania,3,0,7.83,1,2.37
2026-09-04,Mornington,R9 1200m Hcap,9,261917577,98240959,11,Mamuno,2,0,4.12,0,1.79
2026-09-04,Mornington,R9 1200m Hcap,9,261917577,99809342,2,Firerated,5,0,8.4,0,2.56
2026-09-04,Mornington,R9 1200m Hcap,9,261917577,102366577,10,Chicago Blues,1,1,3.7,1,1.64
2026-09-04,Wyong,R1 1350m Mdn,1,261916830,3508927,9,Spud Gun,3,0,6.8,0,2.08
2026-09-04,Wyong,R1 1350m Mdn,1,261916830,77081961,5,What A Gent,2,0,8.2,1,1.88
2026-09-04,Wyong,R1 1350m Mdn,1,261916830,86820694,1,Algorithmic,1,1,3.43,1,1.48
2026-09-04,Wyong,R1 1350m Mdn,1,261916830,99241947,2,Classic Two,4,0,12.0,1,2.52
2026-09-04,Wyong,R1 1350m Mdn,1,261916830,102135007,4,Riga,5,0,3.3,0,1.67
2026-09-04,Wyong,R2 1200m Mdn,2,261916833,101131039,1,Written Doll,1,0,2.44,1,1.12
2026-09-04,Wyong,R2 1200m Mdn,2,261916833,102366060,3,Star Half,3,0,10.36,1,2.14
2026-09-04,Wyong,R2 1200m Mdn,2,261916833,102366061,4,Dragon Blood,2,1,2.77,1,1.23
2026-09-04,Wyong,R2 1200m Mdn,2,261916833,102366063,6,Hanzo Sword,5,0,38.0,0,5.12
2026-09-04,Wyong,R2 1200m Mdn,2,261916833,102366069,15,Lady Talea,4,0,30.0,0,3.78
2026-09-04,Wyong,R3 1100m CL1,3,261916836,6862753,6,Ballet Encore,3,0,13.0,0,2.85
2026-09-04,Wyong,R3 1100m CL1,3,261916836,97279518,4,Portico,4,0,3.1,0,1.3
2026-09-04,Wyong,R3 1100m CL1,3,261916836,102366070,7,Vain Temptress,2,0,5.23,1,2.4
2026-09-04,Wyong,R3 1100m CL1,3,261916836,102366072,9,Parthenon,5,0,12.08,0,3.5
2026-09-04,Wyong,R3 1100m CL1,3,261916836,102366073,11,Cosmic Order,1,1,14.0,1,3.35
2026-09-04,Wyong,R4 1350m Hcap,4,261916839,4387639,2,Copacabana,1,1,3.8,1,1.47
2026-09-04,Wyong,R4 1350m Hcap,4,261916839,42097905,8,Zaru,4,0,27.83,0,4.3
2026-09-04,Wyong,R4 1350m Hcap,4,261916839,66069602,3,Sharp Shock,2,0,40.0,0,4.4
2026-09-04,Wyong,R4 1350m Hcap,4,261916839,82115968,7,Magicon,5,0,79.23,0,7.53
2026-09-04,Wyong,R4 1350m Hcap,4,261916839,102366076,5,Ausbred Hedntail,3,0,1.82,0,1.18
2026-09-04,Wyong,R5 1200m Hcap,5,261916842,6101322,7,Olivia Twist,1,0,4.05,0,1.65
2026-09-04,Wyong,R5 1200m Hcap,5,261916842,9414071,8,Famoso,4,0,10.0,0,2.82
2026-09-04,Wyong,R5 1200m Hcap,5,261916842,71587447,2,Last Druid,3,0,10.39,0,2.74
2026-09-04,Wyong,R5 1200m Hcap,5,261916842,80300419,3,Silencio Porfavor,2,0,3.82,1,1.98
2026-09-04,Wyong,R5 1200m Hcap,5,261916842,102366078,9,Nova Centauri,5,0,15.5,1,3.21
2026-09-04,Wyong,R6 2100m Qlty,6,261916845,1236851,5,Elliptical,2,0,10.5,1,2.0
2026-09-04,Wyong,R6 2100m Qlty,6,261916845,43204175,6,Anythink Goes,4,0,23.0,1,2.99
2026-09-04,Wyong,R6 2100m Qlty,6,261916845,60151575,2,Matusalem,3,1,2.54,1,1.22
2026-09-04,Wyong,R6 2100m Qlty,6,261916845,93239728,3,Bella Montagna,5,0,5.9,0,1.61
2026-09-04,Wyong,R6 2100m Qlty,6,261916845,99731691,1,Eliyass,1,0,3.48,0,1.5
2026-09-04,Wyong,R7 1350m Hcap,7,261916848,70078422,3,Cigar Flick,1,0,9.8,0,2.87
2026-09-04,Wyong,R7 1350m Hcap,7,261916848,77427249,1,Oh Diamond Lil,5,0,5.81,0,2.34
2026-09-04,Wyong,R7 1350m Hcap,7,261916848,80091208,6,Just Glamourous,4,0,5.55,1,1.89
2026-09-04,Wyong,R7 1350m Hcap,7,261916848,95879044,7,Mareth,3,0,6.6,0,2.0
2026-09-04,Wyong,R7 1350m Hcap,7,261916848,102366080,4,Modella,2,1,2.9,1,1.48
2026-09-04,Wyong,R8 1600m Hcap,8,261916851,2520020,4,Charleroi,2,1,4.31,1,1.71
2026-09-04,Wyong,R8 1600m Hcap,8,261916851,2520020,4,Charleroi,3,1,4.31,1,1.71
2026-09-04,Wyong,R8 1600m Hcap,8,261916851,6670593,7,Inception,4,0,12.47,0,3.35
2026-09-04,Wyong,R8 1600m Hcap,8,261916851,69931541,6,Rush Attack,1,0,4.0,0,1.61
2026-09-04,Wyong,R8 1600m Hcap,8,261916851,71684953,2,Northern Eyes,5,0,10.0,1,2.36
2026-09-05,Belmont,R1 1400m 3yo,1,261918322,9342124,3,Marcos,3,0,5.39,0,1.83
2026-09-05,Belmont,R1 1400m 3yo,1,261918322,95881201,1,Properata,2,0,7.47,0,2.02
2026-09-05,Belmont,R1 1400m 3yo,1,261918322,102030378,5,Rocktex,5,1,31.55,1,5.1
2026-09-05,Belmont,R1 1400m 3yo,1,261918322,102367569,2,Gaintree,1,0,2.26,0,1.2
2026-09-05,Belmont,R1 1400m 3yo,1,261918322,102367570,4,Rogue Ruler,4,0,17.92,1,3.35
2026-09-05,Belmont,R2 1200m Hcap,2,261918331,59187557,9,Blue Can Talk,5,0,11.76,0,3.14
2026-09-05,Belmont,R2 1200m Hcap,2,261918331,69067404,2,Go Go Grommet,2,0,19.6,1,4.3
2026-09-05,Belmont,R2 1200m Hcap,2,261918331,101329863,5,Fantaxtic,4,1,7.33,1,2.24
2026-09-05,Belmont,R2 1200m Hcap,2,261918331,101611512,4,Gold Flakes,3,0,18.5,0,3.3
2026-09-05,Belmont,R2 1200m Hcap,2,261918331,101850088,6,So Si God,1,0,3.09,1,1.48
2026-09-05,Belmont,R3 1200m Hcap,3,261918340,73754682,2,Gods Gate,2,0,3.73,0,1.59
2026-09-05,Belmont,R3 1200m Hcap,3,261918340,83410189,1,Cannykev,5,0,29.0,0,4.1
2026-09-05,Belmont,R3 1200m Hcap,3,261918340,90800222,3,Mardusa,3,0,15.5,0,3.05
2026-09-05,Belmont,R3 1200m Hcap,3,261918340,102367622,7,Truly Loyal,1,1,2.75,1,1.29
2026-09-05,Belmont,R3 1200m Hcap,3,261918340,102367623,8,Farnova,4,0,28.65,0,5.4
2026-09-05,Belmont,R4 1000m Hcap,4,261918349,4437924,4,Swingman,1,0,4.6,1,1.59
2026-09-05,Belmont,R4 1000m Hcap,4,261918349,56322191,3,Pin Deep,4,0,4.17,1,1.54
2026-09-05,Belmont,R4 1000m Hcap,4,261918349,69391391,6,Pond Master,3,1,6.52,1,2.0
2026-09-05,Belmont,R4 1000m Hcap,4,261918349,78002263,1,Devine Belief,5,0,19.32,0,4.1
2026-09-05,Belmont,R4 1000m Hcap,4,261918349,79456572,5,Niccimota,2,0,3.18,0,1.34
2026-09-05,Belmont,R5 1600m Hcap,5,261918358,2141807,5,Double The Fun,4,0,10.36,1,2.97
2026-09-05,Belmont,R5 1600m Hcap,5,261918358,4013600,3,The Rocket,3,0,4.9,0,1.9
2026-09-05,Belmont,R5 1600m Hcap,5,261918358,7100524,1,Yes I Know,2,1,3.75,1,1.55
2026-09-05,Belmont,R5 1600m Hcap,5,261918358,101101372,7,Streak Of God,1,0,11.7,1,3.11
2026-09-05,Belmont,R5 1600m Hcap,5,261918358,102367624,8,Dirty Habits,5,0,5.6,0,2.16
2026-09-05,Belmont,R6 1400m Hcap,6,261918367,3937506,5,Silent Diva,4,0,3.3,1,1.47
2026-09-05,Belmont,R6 1400m Hcap,6,261918367,49766946,8,Ruler Rocket,3,0,203.14,0,24.27
2026-09-05,Belmont,R6 1400m Hcap,6,261918367,64547388,1,Currimundi,5,0,45.54,0,6.52
2026-09-05,Belmont,R6 1400m Hcap,6,261918367,79738524,6,Deel Her In,2,0,5.61,0,1.95
2026-09-05,Belmont,R6 1400m Hcap,6,261918367,102367630,11,Refemme No Angel,1,0,6.0,1,2.35
2026-09-05,Belmont,R7 1400m Listed,7,261918376,64737959,6,Correct Choice,4,0,5.46,0,1.88
2026-09-05,Belmont,R7 1400m Listed,7,261918376,65052229,2,Sensessional,3,0,16.62,0,3.59
2026-09-05,Belmont,R7 1400m Listed,7,261918376,67041030,9,Royal Toronado,1,0,3.23,1,1.63
2026-09-05,Belmont,R7 1400m Listed,7,261918376,81223935,3,Too Dardy,2,1,7.03,1,1.99
2026-09-05,Belmont,R7 1400m Listed,7,261918376,93871849,4,Charino,5,0,5.0,0,2.0
2026-09-05,Belmont,R8 2100m Hcap,8,261918385,12370170,8,Decision Maker,1,0,24.0,1,5.51
2026-09-05,Belmont,R8 2100m Hcap,8,261918385,53185125,7,Dark Looks,5,0,20.0,0,5.15
2026-09-05,Belmont,R8 2100m Hcap,8,261918385,86820827,13,Miss Veuve,3,1,4.7,1,2.01
2026-09-05,Belmont,R8 2100m Hcap,8,261918385,101386624,4,Chollima,2,0,19.05,0,4.6
2026-09-05,Belmont,R8 2100m Hcap,8,261918385,102367631,3,Starwalker,4,0,15.77,0,3.6
2026-09-05,Birdsville,R1 800m Hcap,1,261951090,45348546,3,Cripps Tonite,1,0,54.4,0,13.5
2026-09-05,Birdsville,R1 800m Hcap,1,261951090,59684604,5,Oakland Raider,4,0,4.75,1,2.0
2026-09-05,Birdsville,R1 800m Hcap,1,261951090,80362562,7,Milk Maid,5,0,7.2,0,3.21
2026-09-05,Birdsville,R1 800m Hcap,1,261951090,85814256,2,Lunessa,3,0,8.2,0,2.59
2026-09-05,Birdsville,R1 800m Hcap,1,261951090,101418947,1,Won For Vicki,2,1,2.11,1,1.47
2026-09-05,Birdsville,R2 1400m Hcap,2,261951094,2134160,2,Deferential,1,0,5.8,0,2.03
2026-09-05,Birdsville,R2 1400m Hcap,2,261951094,52670590,8,Starlite Rebel,5,0,36.0,0,5.97
2026-09-05,Birdsville,R2 1400m Hcap,2,261951094,58635408,3,Lucky Fortuna,2,0,4.6,1,1.59
2026-09-05,Birdsville,R2 1400m Hcap,2,261951094,65519779,6,Ioane,3,0,4.59,1,1.6
2026-09-05,Birdsville,R2 1400m Hcap,2,261951094,102333212,9,Discreet Miss,4,0,33.5,0,5.7
2026-09-05,Birdsville,R3 1400m Hcap,3,261951098,2186323,4,Able Seaman,4,0,27.34,0,6.17
2026-09-05,Birdsville,R3 1400m Hcap,3,261951098,38668609,3,Harlequin Field,1,1,11.67,1,3.41
2026-09-05,Birdsville,R3 1400m Hcap,3,261951098,86620752,2,Aussie Adaptor,2,0,3.13,0,1.83
2026-09-05,Birdsville,R3 1400m Hcap,3,261951098,88069254,8,Frothsay,5,0,17.5,0,4.51
2026-09-05,Birdsville,R3 1400m Hcap,3,261951098,100957488,1,Maravillas,3,0,6.8,0,2.11
2026-09-05,Birdsville,R4 1200m CL2,4,261951102,85017434,6,Imminent Boom,5,0,10.67,0,2.78
2026-09-05,Birdsville,R4 1200m CL2,4,261951102,94688366,2,Kijivu,3,0,5.26,0,1.68
2026-09-05,Birdsville,R4 1200m CL2,4,261951102,97211434,5,Forever A Diamond,1,1,2.99,1,1.41
2026-09-05,Birdsville,R4 1200m CL2,4,261951102,98709137,7,Bestov,4,0,38.92,0,7.0
2026-09-05,Birdsville,R4 1200m CL2,4,261951102,100721414,9,Anders Kiss,2,0,6.45,1,2.08
2026-09-05,Birdsville,R5 1000m Hcap,5,261951106,2740842,5,Noble Intent,3,0,5.15,0,2.65
2026-09-05,Birdsville,R5 1000m Hcap,5,261951106,5597305,4,Miami Vice,5,0,5.08,0,2.94
2026-09-05,Birdsville,R5 1000m Hcap,5,261951106,61895338,6,Mr Evans,2,0,7.36,1,3.09
2026-09-05,Birdsville,R5 1000m Hcap,5,261951106,67530709,3,Dusan,4,0,3.9,0,2.56
2026-09-05,Birdsville,R5 1000m Hcap,5,261951106,90287143,1,Yukan Rose,1,0,7.2,0,3.45
2026-09-05,Birdsville,,6,261951110,48672190,3,Liberty Steps,2,,,,
2026-09-05,Birdsville,,6,261951110,50294156,2,Green Shadows,1,,,,
2026-09-05,Birdsville,,6,261951110,77427842,6,Our Missile,3,,,,
2026-09-05,Birdsville,,6,261951110,78230257,4,Shisuta Bo,4,,,,
2026-09-05,Birdsville,,6,261951110,86347335,10,Grinzinger Bishop,5,,,,
2026-09-05,Birdsville,R7 1000m Hcap,7,261951114,7330012,1,Forgetaboutit,1,0,7.33,0,3.45
2026-09-05,Birdsville,R7 1000m Hcap,7,261951114,60568409,7,Karakaroo,5,0,11.67,0,5.41
2026-09-05,Birdsville,R7 1000m Hcap,7,261951114,62136164,6,Super Exceptional,4,1,3.11,1,1.89
2026-09-05,Birdsville,R7 1000m Hcap,7,261951114,74538377,5,Dancer For Money,3,0,7.71,1,3.56
2026-09-05,Birdsville,R7 1000m Hcap,7,261951114,102333217,2,Penrod,2,0,5.35,0,3.05
2026-09-05,Darwin,R1 1600m Hcap,1,261952065,381669,4,Bryce,5,0,27.0,0,8.46
2026-09-05,Darwin,R1 1600m Hcap,1,261952065,44781551,6,New Enterprise,3,0,10.5,0,3.6
2026-09-05,Darwin,R1 1600m Hcap,1,261952065,66732818,1,Biden Time,2,0,1.93,1,1.51
2026-09-05,Darwin,R1 1600m Hcap,1,261952065,74537346,2,Hell And Back,4,0,9.0,0,3.65
2026-09-05,Darwin,R1 1600m Hcap,1,261952065,81562196,3,Miami Baby,1,1,4.75,1,2.0
2026-09-05,Darwin,R2 1300m Hcap,2,261952068,4741433,2,Stormfront,3,0,14.08,0,3.35
2026-09-05,Darwin,R2 1300m Hcap,2,261952068,50880053,6,Hennessy Lad,4,0,15.01,0,3.43
2026-09-05,Darwin,R2 1300m Hcap,2,261952068,95579611,1,Struck Gold,1,0,4.83,1,1.71
2026-09-05,Darwin,R2 1300m Hcap,2,261952068,96938583,4,Rossanado,2,1,2.72,1,1.36
2026-09-05,Darwin,R2 1300m Hcap,2,261952068,102366262,5,Bruno Bruno,5,0,5.1,1,1.87
2026-09-05,Darwin,R3 1200m Hcap,3,261952071,26800090,3,Gravina,1,0,7.0,0,3.52
2026-09-05,Darwin,R3 1200m Hcap,3,261952071,48516530,1,Field Of Flutes,3,0,6.9,1,2.99
2026-09-05,Darwin,R3 1200m Hcap,3,261952071,50194965,6,Genetic Freak,4,1,13.09,1,5.72
2026-09-05,Darwin,R3 1200m Hcap,3,261952071,86347324,4,Devils Delight,5,0,5.93,0,3.63
2026-09-05,Darwin,R3 1200m Hcap,3,261952071,102366264,5,Lims Bighorn,2,0,4.0,0,2.44
2026-09-05,Darwin,R4 1100m Hcap,4,261952074,903942,4,Romantic Love,3,0,3.9,0,2.01
2026-09-05,Darwin,R4 1100m Hcap,4,261952074,3465393,3,Tigers Roar,2,0,5.35,1,3.34
2026-09-05,Darwin,R4 1100m Hcap,4,261952074,6388413,1,All Inclusive,5,0,7.4,0,2.98
2026-09-05,Darwin,R4 1100m Hcap,4,261952074,51576926,5,Field Of Praise,4,0,9.76,0,3.5
2026-09-05,Darwin,R4 1100m Hcap,4,261952074,90181634,2,Order Online,1,1,3.61,1,2.31
2026-09-05,Darwin,R5 1100m Hcap,5,261952077,391947,2,Physical Graffiti,5,0,23.0,0,7.8
2026-09-05,Darwin,R5 1100m Hcap,5,261952077,46790383,3,Starzam,1,0,9.2,0,3.55
2026-09-05,Darwin,R5 1100m Hcap,5,261952077,65460463,5,If I Was You,4,0,8.8,0,2.9
2026-09-05,Darwin,R5 1100m Hcap,5,261952077,102366266,1,Montjuic Magic,3,1,4.16,1,1.87
2026-09-05,Darwin,R5 1100m Hcap,5,261952077,102366267,4,Littlebourkestreet,2,0,2.08,1,1.49
2026-09-05,Darwin,R6 1000m Mdn,6,261952080,94136930,6,Milk Foam,5,0,24.33,0,8.8
2026-09-05,Darwin,R6 1000m Mdn,6,261952080,95344077,4,Opulent Oscar,2,0,4.81,0,2.26
2026-09-05,Darwin,R6 1000m Mdn,6,261952080,96966736,3,Meet Me At The Bar,3,1,2.36,1,1.57
2026-09-05,Darwin,R6 1000m Mdn,6,261952080,96967214,5,Saxon Beach,4,0,7.13,0,2.98
2026-09-05,Darwin,R6 1000m Mdn,6,261952080,102366268,7,Zoutara,1,0,17.5,1,5.8
2026-09-05,Eagle Farm,R1 1000m CL3,1,261920476,102366477,5,Angel Ladder,3,0,4.16,0,1.99
2026-09-05,Eagle Farm,R1 1000m CL3,1,261920476,102366478,8,Esha,4,0,6.67,0,2.42
2026-09-05,Eagle Farm,R1 1000m CL3,1,261920476,102366479,11,Get Ready Lass,5,1,9.03,1,2.65
2026-09-05,Eagle Farm,R1 1000m CL3,1,261920476,102366480,12,Forgotten Spirit,1,0,4.47,0,1.84
2026-09-05,Eagle Farm,R2 1000m CL6,2,261920485,4836177,1,Fleetwood,3,0,7.17,1,1.91
2026-09-05,Eagle Farm,R2 1000m CL6,2,261920485,65519906,3,Termagant,1,0,26.0,0,4.7
2026-09-05,Eagle Farm,R2 1000m CL6,2,261920485,76659064,5,Biancelli,5,0,4.0,1,1.94
2026-09-05,Eagle Farm,R2 1000m CL6,2,261920485,91354868,4,Moulin Miss,4,1,3.31,1,1.48
2026-09-05,Eagle Farm,R2 1000m CL6,2,261920485,102366483,2,Zoubaby,2,0,4.6,0,1.42
2026-09-05,Eagle Farm,R3 2400m Hcap,3,261920494,26883456,2,Chillaxing,3,0,11.8,1,3.78
2026-09-05,Eagle Farm,R3 2400m Hcap,3,261920494,62098286,1,Tapildoodledo,4,0,18.48,0,3.93
2026-09-05,Eagle Farm,R3 2400m Hcap,3,261920494,82603179,8,San Gabriel,5,0,14.0,0,3.37
2026-09-05,Eagle Farm,R3 2400m Hcap,3,261920494,82856520,5,Trapalanda,2,0,4.32,0,1.69
2026-09-05,Eagle Farm,R3 2400m Hcap,3,261920494,98882814,4,Captain Maverick,1,0,6.4,1,2.06
2026-09-05,Eagle Farm,R4 1200m Hcap,4,261920503,2250923,4,Rhetoric,2,0,5.61,0,2.42
2026-09-05,Eagle Farm,R4 1200m Hcap,4,261920503,51178411,2,Billionair Baby,3,0,33.33,0,7.4
2026-09-05,Eagle Farm,R4 1200m Hcap,4,261920503,74459898,11,Exuberance,4,0,14.53,0,4.52
2026-09-05,Eagle Farm,R4 1200m Hcap,4,261920503,76337229,14,She Ours,5,0,10.52,0,3.25
2026-09-05,Eagle Farm,R4 1200m Hcap,4,261920503,83409825,7,Thats Archies Girl,1,0,5.9,1,2.3
2026-09-05,Eagle Farm,R5 1800m Hcap,5,261920512,2522714,1,Capital Asset,4,0,7.07,0,2.5
2026-09-05,Eagle Farm,R5 1800m Hcap,5,261920512,72583573,3,Luton Hoo,2,0,10.5,0,3.1
2026-09-05,Eagle Farm,R5 1800m Hcap,5,261920512,73259246,7,Hot Majesty,3,0,4.35,1,1.8
2026-09-05,Eagle Farm,R5 1800m Hcap,5,261920512,74039576,2,Rock Hard Love,1,0,6.41,0,2.2
2026-09-05,Eagle Farm,R5 1800m Hcap,5,261920512,100920259,6,Think Like Paddy,5,0,8.69,1,2.7
2026-09-05,Eagle Farm,R6 1500m Hcap,6,261920521,4169451,1,Detrimental,5,0,11.78,1,3.2
2026-09-05,Eagle Farm,R6 1500m Hcap,6,261920521,67896751,4,Dontcha Think,3,0,17.0,0,3.84
2026-09-05,Eagle Farm,R6 1500m Hcap,6,261920521,91748102,7,Precise Star,2,1,2.08,1,1.28
2026-09-05,Eagle Farm,R6 1500m Hcap,6,261920521,102366487,10,Riez Souvent,1,0,13.7,0,3.3
2026-09-05,Eagle Farm,R6 1500m Hcap,6,261920521,102366488,11,Rochedale Hero,4,0,18.0,1,4.0
2026-09-05,Eagle Farm,R7 1400m CL6,7,261920530,49296655,8,Little Beginnings,3,0,15.5,0,6.94
2026-09-05,Eagle Farm,R7 1400m CL6,7,261920530,65789252,1,Fukubana,1,1,3.65,1,1.95
2026-09-05,Eagle Farm,R7 1400m CL6,7,261920530,65789252,1,Fukubana,5,1,3.65,1,1.95
2026-09-05,Eagle Farm,R7 1400m CL6,7,261920530,71342158,4,Mister Bianco,4,0,7.91,0,3.63
2026-09-05,Eagle Farm,R7 1400m CL6,7,261920530,76934432,9,Shelstein,2,0,3.75,0,1.99
2026-09-05,Eagle Farm,R8 1400m Hcap,8,261920539,57055609,5,Warby,5,0,13.53,0,2.92
2026-09-05,Eagle Farm,R8 1400m Hcap,8,261920539,91807906,12,Ser Joh,2,0,3.22,0,1.44
2026-09-05,Eagle Farm,R8 1400m Hcap,8,261920539,91807906,12,Ser Joh,3,0,3.22,0,1.44
2026-09-05,Eagle Farm,R8 1400m Hcap,8,261920539,92460278,6,Brindavan,1,0,2.49,1,1.22
2026-09-05,Eagle Farm,R8 1400m Hcap,8,261920539,92460278,6,Brindavan,4,0,2.49,1,1.22
2026-09-05,Eagle Farm,R9 1200m Hcap,9,261920548,646012,1,Manpower,4,0,4.11,0,1.64
2026-09-05,Eagle Farm,R9 1200m Hcap,9,261920548,90568216,4,Fire Bomber,2,1,8.4,1,2.12
2026-09-05,Eagle Farm,R9 1200m Hcap,9,261920548,102366495,2,Stormland,1,0,2.64,0,1.42
2026-09-05,Eagle Farm,R9 1200m Hcap,9,261920548,102366496,5,Tiz Worthy,3,0,33.6,1,5.9
2026-09-05,Eagle Farm,R9 1200m Hcap,9,261920548,102366496,5,Tiz Worthy,5,0,33.6,1,5.9
2026-09-05,Eagle Farm,R10 1200m Hcap,10,261920557,44011725,1,Nettuno,2,0,33.91,0,6.6
2026-09-05,Eagle Farm,R10 1200m Hcap,10,261920557,46602922,2,King Kapa,1,0,12.0,1,3.1
2026-09-05,Eagle Farm,R10 1200m Hcap,10,261920557,50903421,3,Hell,3,0,2.98,1,1.6
2026-09-05,Eagle Farm,R10 1200m Hcap,10,261920557,52670638,10,Millane,5,1,60.0,1,10.5
2026-09-05,Eagle Farm,R10 1200m Hcap,10,261920557,102366504,16,Amuseantes,4,0,4.99,0,1.77
2026-09-05,Gold Coast,R1 2224m Mdn,1,261949821,1044471,6,Disgruntled,3,0,5.8,0,2.15
2026-09-05,Gold Coast,R1 2224m Mdn,1,261949821,85472179,1,Kalamia King,4,0,13.4,0,3.51
2026-09-05,Gold Coast,R1 2224m Mdn,1,261949821,86820552,4,Ship Happens,5,0,14.99,0,2.88
2026-09-05,Gold Coast,R1 2224m Mdn,1,261949821,99493851,7,Five Of Us,2,0,4.6,0,1.78
2026-09-05,Gold Coast,R1 2224m Mdn,1,261949821,102402365,5,Desert Angel,1,0,30.0,1,5.63
2026-09-05,Gold Coast,R2 1400m Mdn,2,261949825,82602528,8,Paradise As Usual,3,0,65.0,0,9.2
2026-09-05,Gold Coast,R2 1400m Mdn,2,261949825,90524340,11,Silent Answer,5,0,24.24,0,5.5
2026-09-05,Gold Coast,R2 1400m Mdn,2,261949825,99493858,4,Agadoo,1,1,2.84,1,1.51
2026-09-05,Gold Coast,R2 1400m Mdn,2,261949825,101451552,6,Edge Of Infinity,2,0,11.0,0,2.96
2026-09-05,Gold Coast,R2 1400m Mdn,2,261949825,102402368,1,Wasai,4,0,37.14,1,8.2
2026-09-05,Gold Coast,R3 1800m CL1,3,261949829,688086,7,Explosive Power,2,0,20.4,0,4.1
2026-09-05,Gold Coast,R3 1800m CL1,3,261949829,71082715,5,All About Artie,3,0,44.24,1,8.6
2026-09-05,Gold Coast,R3 1800m CL1,3,261949829,76707775,14,Shedrivesabentley,5,1,10.33,1,2.82
2026-09-05,Gold Coast,R3 1800m CL1,3,261949829,88289952,2,Crypto Magic,4,0,65.0,0,9.8
2026-09-05,Gold Coast,R3 1800m CL1,3,261949829,94688265,6,Draw Attention,1,0,2.01,1,1.29
2026-09-05,Gold Coast,R4 1000m Hcap,4,261949833,39670499,1,Maximum Output,4,0,3.61,0,
2026-09-05,Gold Coast,R4 1000m Hcap,4,261949833,48872187,3,Krakarib,2,0,3.21,0,
2026-09-05,Gold Coast,R4 1000m Hcap,4,261949833,48872187,3,Krakarib,3,0,3.21,0,
2026-09-05,Gold Coast,R4 1000m Hcap,4,261949833,49739678,6,Bring Me Kash,5,1,4.31,0,
2026-09-05,Gold Coast,R4 1000m Hcap,4,261949833,56645016,5,Shako,1,0,4.4,0,
2026-09-05,Gold Coast,R5 1000m Hcap,5,261949837,15635818,3,Siglo De Oro,3,0,24.0,0,4.7
2026-09-05,Gold Coast,R5 1000m Hcap,5,261949837,58099847,8,Shapin Power,2,0,15.5,0,3.25
2026-09-05,Gold Coast,R5 1000m Hcap,5,261949837,64206080,1,Eagles Fire,4,0,4.2,1,1.65
2026-09-05,Gold Coast,R5 1000m Hcap,5,261949837,102402386,2,Il Fratello,5,0,6.8,1,1.93
2026-09-05,Gold Coast,R5 1000m Hcap,5,261949837,102402389,12,Quein Step,1,1,2.2,1,1.33
2026-09-05,Gold Coast,R6 1200m Hcap,6,261949841,4629695,3,Certified Copy,1,0,1.93,1,1.16
2026-09-05,Gold Coast,R6 1200m Hcap,6,261949841,51636654,8,Sukhbir,4,0,50.4,0,6.6
2026-09-05,Gold Coast,R6 1200m Hcap,6,261949841,57148407,2,Spirit Of Brodie,2,0,6.88,0,1.82
2026-09-05,Gold Coast,R6 1200m Hcap,6,261949841,61903108,1,Absolute Sunshine,3,1,12.39,1,2.49
2026-09-05,Gold Coast,R6 1200m Hcap,6,261949841,67039729,6,Lumens Lenny,5,0,9.24,0,2.18
2026-09-05,Gold Coast,R7 1400m CL3,7,261949845,7533424,3,Artful Persuasion,1,0,3.87,0,1.69
2026-09-05,Gold Coast,R7 1400m CL3,7,261949845,82856537,7,Hey Daisy,3,0,6.2,0,2.05
2026-09-05,Gold Coast,R7 1400m CL3,7,261949845,87163884,8,Warna,5,0,21.0,0,4.54
2026-09-05,Gold Coast,R7 1400m CL3,7,261949845,98482169,9,Too Darn Finesse,4,0,4.34,0,1.78
2026-09-05,Gold Coast,R7 1400m CL3,7,261949845,102402394,6,Dream Thinker,2,0,42.0,0,8.11
2026-09-05,Gold Coast,R8 1400m Hcap,8,261949849,3534690,11,Lady Windermere,3,0,7.93,1,3.0
2026-09-05,Gold Coast,R8 1400m Hcap,8,261949849,91354844,15,Red Samovar,2,0,7.39,0,2.76
2026-09-05,Gold Coast,R8 1400m Hcap,8,261949849,100262567,10,Out Of Luck,1,0,19.3,1,5.1
2026-09-05,Gold Coast,R8 1400m Hcap,8,261949849,101184092,7,Yes Donald Yes,5,1,3.95,1,1.84
2026-09-05,Gold Coast,R8 1400m Hcap,8,261949849,102402398,14,Peccavi,4,0,17.81,0,4.1
2026-09-05,Hawkesbury,R1 1000m Mdn,1,261949997,73027300,7,Winter Garden,5,0,68.64,0,17.5
2026-09-05,Hawkesbury,R1 1000m Mdn,1,261949997,95343731,5,Ready Made Heir,1,0,3.01,1,1.38
2026-09-05,Hawkesbury,R1 1000m Mdn,1,261949997,101639281,3,Silverwater Kid,3,0,8.09,0,1.93
2026-09-05,Hawkesbury,R1 1000m Mdn,1,261949997,102402921,2,Frosty Bangers,4,0,20.92,0,4.0
2026-09-05,Hawkesbury,R1 1000m Mdn,1,261949997,102402923,9,Our Noble Boy,2,1,20.7,1,3.9
2026-09-05,Hawkesbury,R2 1000m Mdn,2,261950000,97660654,1,Artemex,1,0,12.0,0,2.34
2026-09-05,Hawkesbury,R2 1000m Mdn,2,261950000,101354201,7,Mille Feuille,3,0,15.05,1,2.53
2026-09-05,Hawkesbury,R2 1000m Mdn,2,261950000,102402926,2,Czech Me,4,0,2.46,1,1.83
2026-09-05,Hawkesbury,R2 1000m Mdn,2,261950000,102402927,4,Flight Of Power,2,1,3.89,1,1.51
2026-09-05,Hawkesbury,R2 1000m Mdn,2,261950000,102402931,10,Imperial Royale,5,0,15.28,0,3.14
2026-09-05,Hawkesbury,R3 1300m CL1,3,261950003,8361128,7,Bright Promise,5,1,10.9,1,2.13
2026-09-05,Hawkesbury,R3 1300m CL1,3,261950003,84107339,1,Gilette,2,0,6.65,0,1.83
2026-09-05,Hawkesbury,R3 1300m CL1,3,261950003,94779870,4,Nafanua,1,0,3.34,1,1.42
2026-09-05,Hawkesbury,R3 1300m CL1,3,261950003,101639476,2,Oakfield Iowa,4,0,2.79,1,1.29
2026-09-05,Hawkesbury,R3 1300m CL1,3,261950003,102402932,3,Kurithea,3,0,16.5,0,2.3
2026-09-05,Hawkesbury,R4 1300m CL1,4,261950006,2467527,3,Gaultier,1,0,4.72,0,1.51
2026-09-05,Hawkesbury,R4 1300m CL1,4,261950006,3776003,7,Schumacher,2,0,4.7,1,1.47
2026-09-05,Hawkesbury,R4 1300m CL1,4,261950006,87676882,1,Superata,4,0,6.06,0,1.48
2026-09-05,Hawkesbury,R4 1300m CL1,4,261950006,102402933,2,Artie Steamer,5,1,19.01,1,4.1
2026-09-05,Hawkesbury,R4 1300m CL1,4,261950006,102402935,6,Harrybegood,3,0,3.1,1,1.37
2026-09-05,Hawkesbury,R5 1800m CL1,5,261950009,736916,2,Grafton Street,2,0,7.05,1,1.29
2026-09-05,Hawkesbury,R5 1800m CL1,5,261950009,98451535,3,Mister Rizz,1,1,1.36,1,1.1
2026-09-05,Hawkesbury,R5 1800m CL1,5,261950009,102402938,4,Gold Globe,4,0,29.0,0,2.32
2026-09-05,Hawkesbury,R5 1800m CL1,5,261950009,102402939,5,Girly Pop,5,0,55.0,1,3.65
2026-09-05,Hawkesbury,R5 1800m CL1,5,261950009,102402940,6,Kumbaya,3,0,32.0,0,2.1
2026-09-05,Hawkesbury,R6 1400m Mdn,6,261950012,100424548,1,Ancestral,5,0,8.35,1,1.85
2026-09-05,Hawkesbury,,6,261950012,102134901,8,Boston Glide,3,,,,
2026-09-05,Hawkesbury,,6,261950012,102292252,11,Satin Serenade,1,,,,
2026-09-05,Hawkesbury,R6 1400m Mdn,6,261950012,102402942,2,Chinta,2,0,20.41,0,4.3
2026-09-05,Hawkesbury,R6 1400m Mdn,6,261950012,102402946,6,Sourseane,4,0,3.68,1,1.44
2026-09-05,Hawkesbury,R7 1400m Hcap,7,261950015,15663642,6,All Star,5,1,3.85,1,1.58
2026-09-05,Hawkesbury,R7 1400m Hcap,7,261950015,23954940,1,Substantial,2,0,11.0,0,2.06
2026-09-05,Hawkesbury,R7 1400m Hcap,7,261950015,59186699,4,Agita,3,0,9.71,0,2.04
2026-09-05,Hawkesbury,R7 1400m Hcap,7,261950015,59186699,4,Agita,4,0,9.71,0,2.04
2026-09-05,Hawkesbury,R7 1400m Hcap,7,261950015,72134228,5,Prince Of Sorts,1,0,3.65,1,1.39
2026-09-05,Hawkesbury,R8 1400m Mdn,8,261950018,6053316,2,Tempestuous,2,0,7.6,0,3.05
2026-09-05,Hawkesbury,R8 1400m Mdn,8,261950018,96180594,3,Unbridled Storm,4,1,3.95,1,1.91
2026-09-05,Hawkesbury,R8 1400m Mdn,8,261950018,101183330,10,Pacific Titan,5,0,40.0,0,6.21
2026-09-05,Hawkesbury,R8 1400m Mdn,8,261950018,101384857,6,Dallas Duke,3,0,24.39,0,5.7
2026-09-05,Hawkesbury,R8 1400m Mdn,8,261950018,102402953,12,Stateroom,1,0,14.5,0,3.3
2026-09-05,Junction,R1 1400m Hcap,1,261953032,9212314,3,Royal Gap,3,0,6.13,0,3.25
2026-09-05,Junction,R1 1400m Hcap,1,261953032,25963189,1,Lacevinsky,1,1,8.59,1,3.9
2026-09-05,Junction,R1 1400m Hcap,1,261953032,85251084,5,Blowin Smoke,4,0,3.68,0,2.24
2026-09-05,Junction,R1 1400m Hcap,1,261953032,88069779,6,Dragonflies,5,0,70.0,0,21.0
2026-09-05,Junction,R1 1400m Hcap,1,261953032,99690827,4,Soaring Solo,2,0,5.1,0,2.5
2026-09-05,Junction,R2 1400m Mdn,2,261953036,49089159,4,Danea Rock,1,0,3.57,1,1.56
2026-09-05,Junction,R2 1400m Mdn,2,261953036,96967257,6,Gigi Gogo,2,0,11.26,0,3.24
2026-09-05,Junction,R2 1400m Mdn,2,261953036,102366857,2,Social Playboy,5,0,9.71,0,3.0
2026-09-05,Junction,R2 1400m Mdn,2,261953036,102366858,5,Coupe Deburj,3,1,2.96,1,1.53
2026-09-05,Junction,R2 1400m Mdn,2,261953036,102366859,7,Radio Silence,4,0,12.5,0,2.96
2026-09-05,Junction,R3 1400m Hcap,3,261953040,2974641,6,Space Ace,4,0,6.74,1,2.1
2026-09-05,Junction,R3 1400m Hcap,3,261953040,63404408,3,Deal Obtained,1,0,3.95,0,2.06
2026-09-05,Junction,R3 1400m Hcap,3,261953040,64575628,2,Le Troy,5,0,11.0,0,3.25
2026-09-05,Junction,R3 1400m Hcap,3,261953040,74460228,8,Jet Planes,2,1,5.38,1,2.28
2026-09-05,Junction,R3 1400m Hcap,3,261953040,102366863,1,Novatorio,3,0,32.05,0,9.64
2026-09-05,Junction,R4 1200m Hcap,4,261953044,60987521,3,Hot Puddin,2,0,12.5,0,3.15
2026-09-05,Junction,R4 1200m Hcap,4,261953044,76660351,2,Swishgobango,3,1,14.38,1,4.1
2026-09-05,Junction,R4 1200m Hcap,4,261953044,96748729,1,Mrs Kangaroo,4,0,4.1,1,1.94
2026-09-05,Junction,R4 1200m Hcap,4,261953044,98883312,5,Tedeschi,5,0,38.41,0,7.8
2026-09-05,Junction,R4 1200m Hcap,4,261953044,102366864,6,Dashing Diva,1,0,9.35,0,2.48
2026-09-05,Junction,R5 1200m Hcap,5,261953048,2395007,5,Mars Mission,1,0,3.13,0,1.83
2026-09-05,Junction,R5 1200m Hcap,5,261953048,43636835,2,Shooting Kontiki,3,0,12.21,1,4.2
2026-09-05,Junction,R5 1200m Hcap,5,261953048,74745956,1,Weapons Hot,4,0,8.77,0,3.63
2026-09-05,Junction,R5 1200m Hcap,5,261953048,78046826,7,Smart Return,5,0,6.8,0,3.51
2026-09-05,Junction,R5 1200m Hcap,5,261953048,83677427,4,Limahuli,2,0,6.8,0,3.15
2026-09-05,Junction,R6 1900m Hcap,6,261953052,2420901,2,Lutz,2,0,6.6,1,2.36
2026-09-05,Junction,R6 1900m Hcap,6,261953052,44913714,3,Tiffs Lad,1,0,5.28,1,1.88
2026-09-05,Junction,R6 1900m Hcap,6,261953052,64083592,7,Gondrinkin,5,0,5.79,0,2.25
2026-09-05,Junction,R6 1900m Hcap,6,261953052,68349219,6,Candlelight Sherif,4,1,8.0,1,2.34
2026-09-05,Junction,R6 1900m Hcap,6,261953052,72583982,9,Odin Omen,3,0,5.54,0,1.82
2026-09-05,Kempsey,R1 1000m Mdn,1,261950549,27550866,4,Dragons Beauty,2,0,39.55,0,9.47
2026-09-05,Kempsey,R1 1000m Mdn,1,261950549,95343723,1,Billybago,4,0,19.01,0,5.6
2026-09-05,Kempsey,R1 1000m Mdn,1,261950549,95384739,2,Checksnbalances,1,0,6.2,1,2.92
2026-09-05,Kempsey,R1 1000m Mdn,1,261950549,102402714,7,Touchatism,5,0,2.96,0,1.63
2026-09-05,Kempsey,R1 1000m Mdn,1,261950549,102402715,8,Valder,3,1,5.78,1,2.4
2026-09-05,Kempsey,R2 1450m Mdn,2,261950552,5740104,1,Fletcher,1,0,2.34,0,1.31
2026-09-05,Kempsey,R2 1450m Mdn,2,261950552,17982399,4,La Bella Rosa,3,1,4.8,1,1.48
2026-09-05,Kempsey,R2 1450m Mdn,2,261950552,101353742,6,Rips Law,2,0,8.96,0,2.24
2026-09-05,Kempsey,R2 1450m Mdn,2,261950552,102402716,2,Ronardo,5,0,11.5,0,3.5
2026-09-05,Kempsey,R2 1450m Mdn,2,261950552,102402717,3,Bon Batan,4,0,28.0,1,5.0
2026-09-05,Kempsey,R3 1450m Hcap,3,261950555,62908429,3,Hotzino,1,0,3.71,1,1.55
2026-09-05,Kempsey,R3 1450m Hcap,3,261950555,93871063,6,Enzoni,2,0,4.43,1,2.08
2026-09-05,Kempsey,R3 1450m Hcap,3,261950555,94182135,5,Tickle My Tosen,3,0,10.5,0,3.44
2026-09-05,Kempsey,R3 1450m Hcap,3,261950555,96118744,2,Narukami,4,0,9.4,0,2.84
2026-09-05,Kempsey,R3 1450m Hcap,3,261950555,101883372,1,Smokey Saint,5,0,6.94,0,2.17
2026-09-05,Kempsey,R4 1900m Hcap,4,261950558,3096514,7,Bianco Nero,3,0,11.74,0,5.0
2026-09-05,Kempsey,R4 1900m Hcap,4,261950558,43815914,1,Strobing,1,1,8.26,1,3.15
2026-09-05,Kempsey,R4 1900m Hcap,4,261950558,66790114,5,Flash Prince,5,0,5.4,0,3.75
2026-09-05,Kempsey,R4 1900m Hcap,4,261950558,76096003,3,Farraige,4,0,5.46,1,2.3
2026-09-05,Kempsey,R4 1900m Hcap,4,261950558,101384878,2,Bella Kathleen,2,0,3.38,0,1.81
2026-09-05,Kempsey,R5 1000m Hcap,5,261950561,3652595,3,Our Emily,1,0,8.43,1,3.34
2026-09-05,Kempsey,R5 1000m Hcap,5,261950561,84696165,7,Tesorino,3,1,2.31,1,1.56
2026-09-05,Kempsey,R5 1000m Hcap,5,261950561,85542177,1,Exceed Me,4,0,14.19,0,2.91
2026-09-05,Kempsey,R5 1000m Hcap,5,261950561,93167874,2,Son Of Eureka,2,0,16.24,1,5.6
2026-09-05,Kempsey,R5 1000m Hcap,5,261950561,93167874,2,Son Of Eureka,5,0,16.24,1,5.6
2026-09-05,Kempsey,R6 1250m Hcap,6,261950564,865814,6,Just One Look,2,1,15.21,1,3.6
2026-09-05,Kempsey,R6 1250m Hcap,6,261950564,41774532,7,Little Prophet,1,0,12.5,0,3.02
2026-09-05,Kempsey,R6 1250m Hcap,6,261950564,57916169,2,Class Revolution,5,0,15.0,0,3.75
2026-09-05,Kempsey,R6 1250m Hcap,6,261950564,60304902,1,Kenker,4,0,2.86,0,1.47
2026-09-05,Kempsey,R6 1250m Hcap,6,261950564,102402720,4,Cool Az Aletta,3,0,10.7,1,3.3
2026-09-05,Mildura,R1 2008m Mdn,1,261949287,90604935,8,Julep,2,0,5.52,1,2.04
2026-09-05,Mildura,R1 2008m Mdn,1,261949287,98735637,4,Spicy Apple,3,1,3.09,1,1.36
2026-09-05,Mildura,R1 2008m Mdn,1,261949287,101418951,2,Bouchereign,5,0,24.0,0,3.83
2026-09-05,Mildura,R1 2008m Mdn,1,261949287,102402768,5,Where Eagles Dare,1,0,3.49,0,1.43
2026-09-05,Mildura,R1 2008m Mdn,1,261949287,102402769,7,Ideas Galore,4,0,19.64,0,3.85
2026-09-05,Mildura,R2 1408m Mdn,2,261949294,82414285,6,Bouzys Babe,4,0,75.0,0,9.48
2026-09-05,Mildura,R2 1408m Mdn,2,261949294,98735474,3,Pierre Le Quill,1,0,14.07,1,2.96
2026-09-05,Mildura,R2 1408m Mdn,2,261949294,100721233,2,Mr Nipper,5,0,27.99,0,4.8
2026-09-05,Mildura,R2 1408m Mdn,2,261949294,101163339,8,Grand Millesime,2,0,1.77,0,1.17
2026-09-05,Mildura,R2 1408m Mdn,2,261949294,101163339,8,Grand Millesime,3,0,1.77,0,1.17
2026-09-05,Mildura,R3 1008m Mdn,3,261949301,11388227,10,Little Gangster,4,0,7.55,1,1.77
2026-09-05,Mildura,R3 1008m Mdn,3,261949301,79597409,8,Upinthecity,1,0,28.0,0,3.35
2026-09-05,Mildura,R3 1008m Mdn,3,261949301,98481971,7,Shamus In Pontivy,3,1,6.4,1,1.83
2026-09-05,Mildura,R3 1008m Mdn,3,261949301,101848607,9,Zukuro,2,0,11.59,0,2.32
2026-09-05,Mildura,R3 1008m Mdn,3,261949301,102402775,2,Our Mexican,5,0,270.0,0,34.79
2026-09-05,Mildura,R4 1008m Hcap,4,261949308,96966743,1,Surprisatic,4,1,5.26,1,1.95
2026-09-05,Mildura,R4 1008m Hcap,4,261949308,98418539,3,Marilyns Edge,2,0,5.1,0,2.31
2026-09-05,Mildura,R4 1008m Hcap,4,261949308,101219570,4,Royal Turf,1,0,7.8,1,2.78
2026-09-05,Mildura,R4 1008m Hcap,4,261949308,102402782,2,Up The Front,3,0,17.5,0,4.76
2026-09-05,Mildura,R4 1008m Hcap,4,261949308,102402784,8,Eclair Vitality,5,0,4.7,1,2.01
2026-09-05,Mildura,R5 1208m Hcap,5,261949315,43035125,2,Superset,1,0,5.3,0,2.14
2026-09-05,Mildura,R5 1208m Hcap,5,261949315,64997838,3,Attain,4,0,9.0,1,2.57
2026-09-05,Mildura,R5 1208m Hcap,5,261949315,91873061,4,Powering Away,3,0,15.47,0,4.04
2026-09-05,Mildura,R5 1208m Hcap,5,261949315,97211477,6,Power Of Time,5,0,6.87,0,2.41
2026-09-05,Mildura,R5 1208m Hcap,5,261949315,99983320,5,Packers Journey,2,1,3.79,1,1.72
2026-09-05,Mildura,R6 1408m Hcap,6,261949322,57625642,11,Queen Beira,5,0,32.0,0,7.0
2026-09-05,Mildura,R6 1408m Hcap,6,261949322,82856640,12,Drunken Sailor,2,0,12.0,1,3.48
2026-09-05,Mildura,R6 1408m Hcap,6,261949322,90568460,6,Paltinian,3,0,15.49,0,4.6
2026-09-05,Mildura,R6 1408m Hcap,6,261949322,93871019,1,Razzo Rosso,4,0,3.93,0,1.76
2026-09-05,Mildura,R6 1408m Hcap,6,261949322,102402787,2,The Cable Guy,1,1,3.13,1,1.51
2026-09-05,Mildura,R7 2008m Hcap,7,261949329,9426284,13,Flight Deck,4,0,56.77,1,9.8
2026-09-05,Mildura,R7 2008m Hcap,7,261949329,85213477,8,Aberlutely,5,0,3.96,1,1.6
2026-09-05,Mildura,R7 2008m Hcap,7,261949329,88733192,1,Fonn Power,1,0,4.5,0,1.93
2026-09-05,Mildura,R7 2008m Hcap,7,261949329,98996161,6,Intuitu,3,1,20.0,1,6.12
2026-09-05,Mildura,R7 2008m Hcap,7,261949329,102402790,3,Love Sparkles,2,0,7.0,0,2.26
2026-09-05,Morphettville,R1 1250m Mdn,1,261916856,10914112,9,Polar Eyes,2,0,9.6,0,2.34
2026-09-05,Morphettville,R1 1250m Mdn,1,261916856,93757230,8,Olivia Marie,5,1,3.24,1,1.55
2026-09-05,Morphettville,R1 1250m Mdn,1,261916856,100293036,6,Cosmic Shower,1,0,4.08,0,1.73
2026-09-05,Morphettville,R1 1250m Mdn,1,261916856,102366088,12,Fartoo Frisky,4,0,9.6,0,2.27
2026-09-05,Morphettville,R1 1250m Mdn,1,261916856,102366089,13,Make Me A Match,3,0,10.0,0,3.0
2026-09-05,Morphettville,R2 1000m Hcap,2,261916865,61861133,2,Deepfloat Diva,1,0,5.9,0,2.04
2026-09-05,Morphettville,R2 1000m Hcap,2,261916865,77688237,6,Vexatious Dancer,4,0,4.46,1,1.96
2026-09-05,Morphettville,R2 1000m Hcap,2,261916865,84911330,3,Light The Night,5,0,4.91,1,1.71
2026-09-05,Morphettville,R2 1000m Hcap,2,261916865,89966797,4,Shady Thinker,3,0,4.99,0,1.96
2026-09-05,Morphettville,R2 1000m Hcap,2,261916865,92995761,7,Bristler,2,1,7.6,1,2.42
2026-09-05,Morphettville,R3 1950m Hcap,3,261916874,46291714,1,Test The Law,2,0,42.0,0,6.38
2026-09-05,Morphettville,R3 1950m Hcap,3,261916874,92161210,5,Male Model,3,0,10.03,0,2.54
2026-09-05,Morphettville,R3 1950m Hcap,3,261916874,99398640,4,Jandami,5,0,10.5,0,2.76
2026-09-05,Morphettville,R3 1950m Hcap,3,261916874,102366090,2,Guru Warrior,4,0,5.09,0,1.79
2026-09-05,Morphettville,R3 1950m Hcap,3,261916874,102366092,7,Giggenbach,1,0,5.07,1,1.92
2026-09-05,Morphettville,R4 1000m Hcap,4,261916883,4967093,2,Codename,4,0,10.04,1,2.53
2026-09-05,Morphettville,R4 1000m Hcap,4,261916883,30111693,1,Grand Host,2,1,4.29,1,1.44
2026-09-05,Morphettville,R4 1000m Hcap,4,261916883,91807103,3,Vintage Star,1,0,4.16,0,1.76
2026-09-05,Morphettville,R4 1000m Hcap,4,261916883,94688268,4,Nicereine,3,0,3.98,1,1.71
2026-09-05,Morphettville,R4 1000m Hcap,4,261916883,99982933,8,The Magistrate,5,0,9.4,0,2.47
2026-09-05,Morphettville,R5 2250m Hcap,5,261916892,4309233,5,Smiling Assassin,2,0,20.0,0,5.2
2026-09-05,Morphettville,R5 2250m Hcap,5,261916892,24619694,2,Mangione,5,0,30.97,0,7.4
2026-09-05,Morphettville,R5 2250m Hcap,5,261916892,67530872,11,Oh Lovey No,3,0,44.0,0,10.38
2026-09-05,Morphettville,R5 2250m Hcap,5,261916892,99141769,13,Geetee Forty,4,0,9.0,0,3.3
2026-09-05,Morphettville,R5 2250m Hcap,5,261916892,99275252,3,Nothingelsematters,1,0,5.35,1,2.02
2026-09-05,Morphettville,R6 1400m Hcap,6,261916901,2732485,1,Embellisher,1,0,10.38,0,2.74
2026-09-05,Morphettville,R6 1400m Hcap,6,261916901,5531127,6,Victory Lane,4,0,29.36,0,7.0
2026-09-05,Morphettville,R6 1400m Hcap,6,261916901,8094756,8,Gin Rummy,5,0,5.5,1,1.96
2026-09-05,Morphettville,R6 1400m Hcap,6,261916901,41286234,7,Aitch Damico,2,0,110.0,1,18.45
2026-09-05,Morphettville,R6 1400m Hcap,6,261916901,62097626,2,Tapinforpar,3,0,10.33,0,2.87
2026-09-05,Morphettville,R7 1550m Hcap,7,261916910,44011361,6,Big Sue,5,0,15.87,1,4.11
2026-09-05,Morphettville,R7 1550m Hcap,7,261916910,71651327,4,Maxildo,4,0,6.03,0,2.32
2026-09-05,Morphettville,R7 1550m Hcap,7,261916910,88927669,9,His Finest Hour,1,0,13.04,0,3.77
2026-09-05,Morphettville,R7 1550m Hcap,7,261916910,90181239,8,El Tercero,2,0,6.38,0,2.48
2026-09-05,Morphettville,R7 1550m Hcap,7,261916910,102366096,2,Nicish,3,0,14.65,1,3.6
2026-09-05,Morphettville,,8,261916919,46836657,2,Jacks On Ice,5,,,,
2026-09-05,Morphettville,R8 1300m Hcap,8,261916919,69641819,6,Synchro,1,0,20.2,0,4.65
2026-09-05,Morphettville,R8 1300m Hcap,8,261916919,78231606,3,Chakado,3,1,3.21,1,1.69
2026-09-05,Morphettville,R8 1300m Hcap,8,261916919,87094029,1,Scandalize,4,0,11.16,0,3.23
2026-09-05,Morphettville,R8 1300m Hcap,8,261916919,102366099,12,Florey,2,0,6.22,0,2.26
2026-09-05,Morphettville,R9 1250m Hcap,9,261916928,52205076,1,Yasuke,3,0,14.04,0,3.93
2026-09-05,Morphettville,R9 1250m Hcap,9,261916928,70385772,8,Tripod Terror,4,0,32.0,0,6.8
2026-09-05,Morphettville,R9 1250m Hcap,9,261916928,78337073,9,Wind Rush,2,0,15.5,0,3.9
2026-09-05,Morphettville,R9 1250m Hcap,9,261916928,85064368,7,Zestiman,5,0,38.67,0,8.0
2026-09-05,Morphettville,R9 1250m Hcap,9,261916928,97953989,4,Common Interest,1,0,15.11,1,4.91
2026-09-05,Randwick,R1 1400m Hcap,1,261920235,49144121,1,Felix Majestic,1,0,3.62,1,1.51
2026-09-05,Randwick,R1 1400m Hcap,1,261920235,57148343,11,Kingston Charm,4,0,49.37,0,9.8
2026-09-05,Randwick,R1 1400m Hcap,1,261920235,63083925,2,Hellfire Express,3,0,36.0,0,8.0
2026-09-05,Randwick,R1 1400m Hcap,1,261920235,95918977,3,Dusty Bay,2,0,4.25,0,1.69
2026-09-05,Randwick,R1 1400m Hcap,1,261920235,101609935,14,Lady Pankhurst,5,0,19.5,0,4.56
2026-09-05,Randwick,R2 1200m CL3,2,261920244,81517334,7,Lady Olenna,1,0,16.11,0,4.15
2026-09-05,Randwick,R2 1200m CL3,2,261920244,102366438,2,Wayburn,2,0,6.43,0,2.5
2026-09-05,Randwick,R2 1200m CL3,2,261920244,102366439,4,Mrs Goldberg,3,0,4.4,0,1.79
2026-09-05,Randwick,R2 1200m CL3,2,261920244,102366440,8,Zumbo,4,0,23.0,0,5.3
2026-09-05,Randwick,R2 1200m CL3,2,261920244,102366442,17,Andrea,5,0,16.0,0,4.9
2026-09-05,Randwick,R3 1100m Hcap,3,261920253,9436243,2,Petticoat,5,0,10.52,0,3.17
2026-09-05,Randwick,R3 1100m Hcap,3,261920253,45191150,1,Kimberley Secrets,1,0,16.52,1,3.7
2026-09-05,Randwick,R3 1100m Hcap,3,261920253,63084588,12,West Of Dalby,4,0,27.4,1,6.0
2026-09-05,Randwick,R3 1100m Hcap,3,261920253,81519043,9,Scenic Point,3,0,4.5,0,2.08
2026-09-05,Randwick,R3 1100m Hcap,3,261920253,101781760,6,Scillato,2,0,8.0,0,2.63
2026-09-05,Randwick,R4 2400m Qlty,4,261920262,2483953,6,Sky Lab,4,0,23.97,0,4.78
2026-09-05,Randwick,R4 2400m Qlty,4,261920262,3018123,7,Amplify,1,0,8.72,1,2.22
2026-09-05,Randwick,R4 2400m Qlty,4,261920262,89921218,1,Thebudgiesmugla,2,0,3.87,0,1.5
2026-09-05,Randwick,R4 2400m Qlty,4,261920262,102366449,3,Sam Hawkens,3,0,8.4,0,2.33
2026-09-05,Randwick,R4 2400m Qlty,4,261920262,102366450,5,Fernao,5,0,6.0,1,1.99
2026-09-05,Randwick,R5 1200m Hcap,5,261920271,43969872,5,Do Ya Punk,5,0,661.74,0,140.23
2026-09-05,Randwick,R5 1200m Hcap,5,261920271,71403995,2,Bartolf,1,0,16.2,0,6.12
2026-09-05,Randwick,R5 1200m Hcap,5,261920271,81935687,10,Call Me Gorgeous,2,0,14.84,0,3.93
2026-09-05,Randwick,R5 1200m Hcap,5,261920271,99241595,15,Snack Bar,4,0,29.0,0,8.27
2026-09-05,Randwick,R5 1200m Hcap,5,261920271,102366455,17,Night Agent,3,0,4.5,0,2.24
2026-09-05,Randwick,R6 1200m Grp2,6,261920280,96938187,6,Bangkok Hottie,3,1,8.8,1,2.09
2026-09-05,Randwick,R6 1200m Grp2,6,261920280,101849115,2,Pembrey,1,0,2.15,0,1.35
2026-09-05,Randwick,R6 1200m Grp2,6,261920280,102366460,1,Chayan,4,0,8.2,0,2.26
2026-09-05,Randwick,R6 1200m Grp2,6,261920280,102366461,3,Chilly Girl,2,0,5.0,1,1.77
2026-09-05,Randwick,R6 1200m Grp2,6,261920280,102366464,8,Krasina,5,0,310.0,0,24.73
2026-09-05,Randwick,R7 1400m Grp2,7,261920289,1487696,3,Attica,4,0,14.45,1,3.3
2026-09-05,Randwick,R7 1400m Grp2,7,261920289,36423488,5,Private Eye,2,0,5.45,0,1.75
2026-09-05,Randwick,R7 1400m Grp2,7,261920289,67532044,2,Transatlantic,3,0,10.0,0,3.2
2026-09-05,Randwick,R7 1400m Grp2,7,261920289,81221422,7,Idle Flyer,5,0,2.8,0,1.28
2026-09-05,Randwick,R7 1400m Grp2,7,261920289,85813814,1,Headley Grange,1,1,3.82,1,1.57
2026-09-05,Randwick,R8 1000m Grp2,8,261920298,4696819,4,Tempted,2,1,2.22,1,1.24
2026-09-05,Randwick,R8 1000m Grp2,8,261920298,53858426,1,Headwall,1,0,5.69,1,1.72
2026-09-05,Randwick,R8 1000m Grp2,8,261920298,102366466,2,Marhoona,3,0,11.0,0,2.81
2026-09-05,Randwick,R8 1000m Grp2,8,261920298,102366467,5,Roselyns Star,5,0,10.02,0,2.34
2026-09-05,Randwick,R8 1000m Grp2,8,261920298,102366470,13,Signor Tortoni,4,0,25.0,0,5.02
2026-09-05,Randwick,R9 1600m Grp2,9,261920307,40835751,9,Fangirl,1,0,3.98,1,2.0
2026-09-05,Randwick,R9 1600m Grp2,9,261920307,40835751,9,Fangirl,2,0,3.98,1,2.0
2026-09-05,Randwick,R9 1600m Grp2,9,261920307,80091834,1,Ceolwulf,3,0,3.32,1,1.35
2026-09-05,Randwick,R9 1600m Grp2,9,261920307,82538606,4,Soul Of Spain,5,0,51.05,0,8.65
2026-09-05,Randwick,R9 1600m Grp2,9,261920307,85250507,10,Piggyback,4,0,44.07,0,5.99
2026-09-05,Randwick,R10 1600m Hcap,10,261920316,69902460,6,Franz Josef,3,0,35.88,0,7.82
2026-09-05,Randwick,R10 1600m Hcap,10,261920316,71404008,3,Fortune,4,0,46.14,0,5.77
2026-09-05,Randwick,R10 1600m Hcap,10,261920316,80935007,5,Sneaky Sunrise,2,0,18.49,0,3.36
2026-09-05,Randwick,R10 1600m Hcap,10,261920316,80935007,5,Sneaky Sunrise,5,0,18.49,0,3.36
2026-09-05,Randwick,R10 1600m Hcap,10,261920316,102366473,8,Starzintheireyes,1,0,2.52,1,1.52
2026-09-05,Sandown,R1 1500m 3yo,1,261917584,766027,6,Glide,3,0,12.35,0,4.78
2026-09-05,Sandown,R1 1500m 3yo,1,261917584,96938261,3,Cignetti,2,0,2.35,1,1.56
2026-09-05,Sandown,R1 1500m 3yo,1,261917584,100694806,1,Ko Phangan,1,0,5.25,0,2.12
2026-09-05,Sandown,R1 1500m 3yo,1,261917584,102366907,4,Lepolo,5,1,4.49,1,2.26
2026-09-05,Sandown,R1 1500m 3yo,1,261917584,102366908,5,Utopic Future,4,0,10.68,0,3.82
2026-09-05,Sandown,R2 1600m Hcap,2,261917593,83709893,6,Blue Willow,1,0,4.5,1,1.85
2026-09-05,Sandown,R2 1600m Hcap,2,261917593,85778606,4,Illyivy,3,0,8.8,0,3.1
2026-09-05,Sandown,R2 1600m Hcap,2,261917593,92997060,2,Celestial Zara,5,0,5.6,0,2.13
2026-09-05,Sandown,R2 1600m Hcap,2,261917593,101100980,7,Russian Duchess,4,0,14.24,0,4.0
2026-09-05,Sandown,R2 1600m Hcap,2,261917593,102366909,3,Jenni Gone Bonkers,2,0,5.0,1,1.91
2026-09-05,Sandown,R3 1000m Hcap,3,261917602,24128969,1,Beast Mode,3,0,11.43,0,2.84
2026-09-05,Sandown,R3 1000m Hcap,3,261917602,36834308,8,Tres Magnifique,2,0,3.01,1,1.46
2026-09-05,Sandown,R3 1000m Hcap,3,261917602,84511151,4,Behaviour,1,1,5.16,1,1.61
2026-09-05,Sandown,R3 1000m Hcap,3,261917602,97983969,7,Saluted,5,0,13.0,1,3.34
2026-09-05,Sandown,R3 1000m Hcap,3,261917602,102366910,3,Thanks Gorgeous,4,0,31.82,0,5.9
2026-09-05,Sandown,R4 1300m Hcap,4,261917611,8155723,3,Cruiserweight,2,0,2.86,1,1.33
2026-09-05,Sandown,R4 1300m Hcap,4,261917611,58069484,12,Ivans Hero,3,1,24.0,1,4.34
2026-09-05,Sandown,R4 1300m Hcap,4,261917611,78231156,5,Nics Choice,5,0,25.38,0,4.3
2026-09-05,Sandown,R4 1300m Hcap,4,261917611,88694265,11,Queen Christine,4,0,5.3,0,2.16
2026-09-05,Sandown,R4 1300m Hcap,4,261917611,102366913,4,Fundamental Nature,1,0,3.45,1,1.38
2026-09-05,Sandown,R5 1300m Listed,5,261917620,5653678,12,Saintly Dancer,2,0,5.94,0,2.33
2026-09-05,Sandown,R5 1300m Listed,5,261917620,101781675,6,Ghanas Akan,1,0,4.24,1,1.8
2026-09-05,Sandown,R5 1300m Listed,5,261917620,102366920,1,Grinzinger Heart,5,0,32.0,0,6.62
2026-09-05,Sandown,R5 1300m Listed,5,261917620,102366921,2,Rubis Choice,4,0,13.5,0,3.6
2026-09-05,Sandown,R5 1300m Listed,5,261917620,102366922,4,Pretty Baby,3,1,6.74,1,2.22
2026-09-05,Sandown,R6 1300m Listed,6,261917629,4360774,1,Tornado Valley,2,0,12.86,0,2.45
2026-09-05,Sandown,R6 1300m Listed,6,261917629,96455803,2,Closer To Free,1,0,3.74,0,1.66
2026-09-05,Sandown,R6 1300m Listed,6,261917629,102366926,3,Blind Raise,4,1,3.26,1,1.53
2026-09-05,Sandown,R6 1300m Listed,6,261917629,102366928,5,Wolf Gap,5,0,5.5,1,1.92
2026-09-05,Sandown,R6 1300m Listed,6,261917629,102366931,8,Shooting Brake,3,0,21.0,1,4.26
2026-09-05,Sandown,R7 1500m Hcap,7,261917638,1468718,12,Ten Commandments,5,0,6.22,0,1.98
2026-09-05,Sandown,R7 1500m Hcap,7,261917638,41119910,7,Pinstriped,2,0,10.5,1,2.1
2026-09-05,Sandown,R7 1500m Hcap,7,261917638,65023338,9,Freedom Rally,1,0,22.68,0,4.3
2026-09-05,Sandown,R7 1500m Hcap,7,261917638,74264573,2,Evaporate,3,1,2.27,1,1.19
2026-09-05,Sandown,R7 1500m Hcap,7,261917638,102366933,10,Zambardo,4,0,4.4,1,1.59
2026-09-05,Sandown,R8 1000m Grp1,8,261917647,1304943,4,Generosity,2,0,27.4,0,8.16
2026-09-05,Sandown,R8 1000m Grp1,8,261917647,60230027,1,Giga Kick,1,0,6.64,0,2.12
2026-09-05,Sandown,R8 1000m Grp1,8,261917647,60230028,2,Rothfire,4,0,39.3,0,7.97
2026-09-05,Sandown,R8 1000m Grp1,8,261917647,94985022,7,My Gladiola,3,1,11.63,1,3.31
2026-09-05,Sandown,R8 1000m Grp1,8,261917647,102366934,9,Cavalry Girl,5,0,9.09,1,2.94
2026-09-05,Sandown,,9,261917656,46240637,2,Here To Shock,5,,,,
2026-09-05,Sandown,,9,261917656,70385796,8,Klabel,4,,,,
2026-09-05,Sandown,,9,261917656,73221142,6,Persian Spirit,3,,,,
2026-09-05,Sandown,,9,261917656,77688559,3,Warnie,2,,,,
2026-09-05,Sandown,,9,261917656,102366938,11,Tennessee Bound,1,,,,
2026-09-05,Sandown,,10,261917665,6481854,4,Stay Silent,2,,,,
2026-09-05,Sandown,,10,261917665,82278025,5,Changing Colours,1,,,,
2026-09-05,Sandown,,10,261917665,102366939,11,Bur Dubai,5,,,,
2026-09-05,Sandown,,10,261917665,102366943,15,Somewhere,4,,,,
2026-09-05,Sandown,,10,261917665,102366945,18,Federer,3,,,,
2026-09-05,Toowoomba,R1 1220m Hcap,1,261949793,30463811,9,Igotcha,3,0,9.4,0,3.22
2026-09-05,Toowoomba,R1 1220m Hcap,1,261949793,64796305,4,Butt Heads,5,0,12.54,1,2.95
2026-09-05,Toowoomba,R1 1220m Hcap,1,261949793,65558469,13,Azuki,1,0,8.6,1,2.46
2026-09-05,Toowoomba,R1 1220m Hcap,1,261949793,79455772,6,Royal Bombadier,4,0,3.4,0,1.65
2026-09-05,Toowoomba,R1 1220m Hcap,1,261949793,102402829,1,Starboard,2,0,14.65,0,4.2
2026-09-05,Toowoomba,R2 1015m CL2,2,261949797,2588998,4,Vesper Lynd,1,0,17.97,0,3.63
2026-09-05,Toowoomba,R2 1015m CL2,2,261949797,73676985,11,Ilana The First,5,0,110.0,0,14.5
2026-09-05,Toowoomba,R2 1015m CL2,2,261949797,80399002,8,Ocean Joy,4,0,30.86,0,5.59
2026-09-05,Toowoomba,R2 1015m CL2,2,261949797,92504334,3,Im Lucky Two,3,0,2.15,1,1.28
2026-09-05,Toowoomba,R2 1015m CL2,2,261949797,101639388,7,Shahar,2,0,4.12,1,1.62
2026-09-05,Toowoomba,R3 1640m Hcap,3,261949801,51311812,4,Drialle,3,0,27.0,0,5.1
2026-09-05,Toowoomba,R3 1640m Hcap,3,261949801,62635207,2,Samurai Warrior,4,0,21.54,0,4.15
2026-09-05,Toowoomba,R3 1640m Hcap,3,261949801,83677431,5,Data Leak,1,0,7.78,0,2.2
2026-09-05,Toowoomba,R3 1640m Hcap,3,261949801,83903448,1,The Louvre,2,0,2.66,1,1.45
2026-09-05,Toowoomba,R3 1640m Hcap,3,261949801,100957101,8,Il Cubo,5,0,18.5,0,4.23
2026-09-05,Toowoomba,R4 2030m Hcap,4,261949805,68189713,10,Another Dazzler,5,0,5.57,0,2.04
2026-09-05,Toowoomba,R4 2030m Hcap,4,261949805,68598666,3,Brooklyn Daisy,2,0,16.82,1,4.2
2026-09-05,Toowoomba,R4 2030m Hcap,4,261949805,99025323,1,Power Of Success,3,0,11.67,1,2.73
2026-09-05,Toowoomba,R4 2030m Hcap,4,261949805,100262990,2,The Cops,4,0,4.51,0,1.68
2026-09-05,Toowoomba,R4 2030m Hcap,4,261949805,102402835,4,Good Philly,1,0,3.45,0,1.52
2026-09-05,Toowoomba,R5 1125m Mdn,5,261949809,71473570,5,Akku,3,0,14.0,0,2.9
2026-09-05,Toowoomba,R5 1125m Mdn,5,261949809,95022832,8,Head Of The River,1,0,2.25,1,1.25
2026-09-05,Toowoomba,R5 1125m Mdn,5,261949809,99141646,2,Dracarian,2,1,3.75,1,1.56
2026-09-05,Toowoomba,R5 1125m Mdn,5,261949809,102402839,9,Rothira,5,0,70.0,0,14.5
2026-09-05,Toowoomba,R5 1125m Mdn,5,261949809,102402846,16,One Of Them Girls,4,0,14.87,1,2.81
2026-09-05,Toowoomba,R6 1015m Hcap,6,261949813,2733765,1,Propaganda,1,1,1.29,1,1.13
2026-09-05,Toowoomba,R6 1015m Hcap,6,261949813,5041661,5,Wax On Wax Off,3,0,13.36,0,3.2
2026-09-05,Toowoomba,R6 1015m Hcap,6,261949813,102402847,3,Better Sweet,2,0,12.43,0,2.34
2026-09-05,Toowoomba,R6 1015m Hcap,6,261949813,102402848,4,Bent Bridge,4,0,28.78,0,5.97
2026-09-05,Toowoomba,R6 1015m Hcap,6,261949813,102402850,8,Hold My Hand,5,0,38.76,1,6.64
2026-09-05,Toowoomba,R7 1300m Mdn,7,261949817,102402851,2,Akira San,2,0,48.0,0,9.8
2026-09-05,Toowoomba,R7 1300m Mdn,7,261949817,102402851,2,Akira San,5,0,48.0,0,9.8
2026-09-05,Toowoomba,R7 1300m Mdn,7,261949817,102402855,9,Hawaiian Bloom,1,1,13.59,1,3.65
2026-09-05,Toowoomba,R7 1300m Mdn,7,261949817,102402855,9,Hawaiian Bloom,4,1,13.59,1,3.65
2026-09-05,Toowoomba,R7 1300m Mdn,7,261949817,102402856,10,Prince Sevres,3,0,13.5,0,3.6
2026-09-06,Bendigo,R5 1300m Mdn,5,261954202,70599773,9,Clux Star,4,0,5.0,1,2.16
2026-09-06,Bendigo,R5 1300m Mdn,5,261954202,84696626,4,Sarapo,1,1,3.5,1,1.56
2026-09-06,Bendigo,R5 1300m Mdn,5,261954202,97417149,5,Silky Seth,2,0,6.92,0,2.11
2026-09-06,Bendigo,R5 1300m Mdn,5,261954202,102403332,7,Windhowler,5,0,5.34,0,2.0
2026-09-06,Bendigo,R5 1300m Mdn,5,261954202,102403333,8,Youtellhimthat,3,0,9.12,0,2.54
2026-09-06,Bendigo,R6 1300m Mdn,6,261954210,88111631,9,Mystic Rapture,3,0,32.0,0,5.0
2026-09-06,Bendigo,R6 1300m Mdn,6,261954210,93239978,2,Brilliant Bull Ant,5,0,19.5,1,3.9
2026-09-06,Bendigo,R6 1300m Mdn,6,261954210,95540846,12,Sumaluv,2,1,11.44,1,2.69
2026-09-06,Bendigo,R6 1300m Mdn,6,261954210,102403338,1,Boss Bundle,1,0,4.97,0,1.83
2026-09-06,Bendigo,R6 1300m Mdn,6,261954210,102403342,6,Mr Spendedoe,4,0,4.3,1,1.72
2026-09-06,Bendigo,R7 1300m Hcap,7,261954218,69390310,9,Illuminance,2,0,9.8,0,2.56
2026-09-06,Bendigo,R7 1300m Hcap,7,261954218,78916361,1,Regal Might,1,0,4.9,1,2.16
2026-09-06,Bendigo,R7 1300m Hcap,7,261954218,102403349,6,Cyber Link,3,0,5.07,0,2.27
2026-09-06,Bendigo,R7 1300m Hcap,7,261954218,102403351,13,Shamansara,4,1,4.67,1,2.03
2026-09-06,Bendigo,R7 1300m Hcap,7,261954218,102403353,16,King Camelot,5,0,17.0,0,4.2
2026-09-06,Bendigo,R8 1600m Hcap,8,261954226,14899592,4,Invisible Magic,1,0,4.8,1,2.07
2026-09-06,Bendigo,R8 1600m Hcap,8,261954226,77020898,10,Callistemon,5,0,30.24,0,6.6
2026-09-06,Bendigo,R8 1600m Hcap,8,261954226,79523863,3,Omnic,2,0,3.14,1,1.5
2026-09-06,Bendigo,R8 1600m Hcap,8,261954226,90798568,1,Icaro,3,0,8.4,0,2.78
2026-09-06,Bendigo,R8 1600m Hcap,8,261954226,102403358,14,Is That All,4,0,10.63,0,2.92
2026-09-06,Bendigo,R9 1000m Hcap,9,261954234,1191842,12,Flying Fury,4,0,8.05,1,2.38
2026-09-06,Bendigo,R9 1000m Hcap,9,261954234,2644512,9,Soju,2,0,42.11,0,7.5
2026-09-06,Bendigo,R9 1000m Hcap,9,261954234,90457598,7,Kippis,1,1,5.2,1,1.76
2026-09-06,Bendigo,R9 1000m Hcap,9,261954234,97417142,11,Mull Of Kintyre,3,0,2.23,1,1.49
2026-09-06,Bendigo,R9 1000m Hcap,9,261954234,101579238,10,Announced Speed,5,0,23.93,0,3.64
2026-09-06,Bendigo,R10 1100m Hcap,10,261954242,3510281,14,Pure Passion,3,0,8.02,0,2.38
2026-09-06,Bendigo,R10 1100m Hcap,10,261954242,79195780,1,Alero,1,1,5.07,1,2.04
2026-09-06,Bendigo,R10 1100m Hcap,10,261954242,88611378,2,Delicate Lady,2,0,10.2,1,2.78
2026-09-06,Bendigo,R10 1100m Hcap,10,261954242,102403367,3,Lawborough,4,0,2.82,1,1.49
2026-09-06,Bendigo,R10 1100m Hcap,10,261954242,102403370,7,Humble Trader,5,0,11.0,0,3.06
2026-09-06,Gundagai,R2 1180m Mdn,2,261954069,81563449,2,Azucar,4,0,21.0,0,4.27
2026-09-06,Gundagai,R2 1180m Mdn,2,261954069,88150088,10,Nothing Special,1,0,12.47,1,4.1
2026-09-06,Gundagai,R2 1180m Mdn,2,261954069,100957308,12,Step Quick,2,1,9.39,1,2.69
2026-09-06,Gundagai,R2 1180m Mdn,2,261954069,101609512,5,Parkers Paradise,3,0,3.75,0,1.55
2026-09-06,Gundagai,R2 1180m Mdn,2,261954069,101883317,11,Pride Of Hazel,5,0,23.0,0,3.85
2026-09-06,Gundagai,R3 1800m Hcap,3,261954072,5371750,1,First Day,1,0,5.99,0,2.0
2026-09-06,Gundagai,R3 1800m Hcap,3,261954072,6106232,5,Win The Day,4,0,8.97,0,2.82
2026-09-06,Gundagai,R3 1800m Hcap,3,261954072,43798283,7,Ferrari Man,2,0,4.85,0,1.91
2026-09-06,Gundagai,R3 1800m Hcap,3,261954072,96218546,11,Cinephile,5,0,17.5,0,3.7
2026-09-06,Gundagai,R3 1800m Hcap,3,261954072,101384843,4,Tis No Man,3,0,7.8,0,3.2
2026-09-06,Gundagai,R4 1400m Mdn,4,261954075,95022716,8,Sensesational Star,3,0,15.03,1,3.47
2026-09-06,Gundagai,R4 1400m Mdn,4,261954075,97242416,7,Passing Through,4,1,7.43,1,2.46
2026-09-06,Gundagai,R4 1400m Mdn,4,261954075,102060682,11,El Cool Gee,2,0,2.22,1,1.26
2026-09-06,Gundagai,R4 1400m Mdn,4,261954075,102402734,4,Inzain Baby,5,0,12.5,0,2.66
2026-09-06,Gundagai,R4 1400m Mdn,4,261954075,102402735,6,Frosted Amber,1,0,5.4,0,1.84
2026-09-06,Gundagai,R5 1180m CL1,5,261954078,78229900,5,Bedda Mia,2,1,5.0,1,1.98
2026-09-06,Gundagai,,5,261954078,86056972,1,Elastane Miss,1,,,,
2026-09-06,Gundagai,R5 1180m CL1,5,261954078,87676766,11,Ta La Masca,3,0,19.0,0,5.04
2026-09-06,Gundagai,R5 1180m CL1,5,261954078,100262345,8,Dita Von,5,0,16.0,0,4.0
2026-09-06,Gundagai,R5 1180m CL1,5,261954078,100957301,4,Jungle Lights,4,0,4.2,1,1.66
2026-09-06,Gundagai,R6 1180m Hcap,6,261954081,841215,6,Lang Park,3,0,9.6,1,2.62
2026-09-06,Gundagai,R6 1180m Hcap,6,261954081,53183593,9,Spirits Burn Deep,2,1,3.2,1,1.54
2026-09-06,Gundagai,R6 1180m Hcap,6,261954081,63084145,1,Adolphus,1,0,18.03,0,5.2
2026-09-06,Gundagai,R6 1180m Hcap,6,261954081,93239632,3,Magnardo,4,0,12.58,0,3.05
2026-09-06,Gundagai,R6 1180m Hcap,6,261954081,102402743,4,Bessie La Belle,5,0,7.98,0,2.48
2026-09-06,Gundagai,R7 1400m Hcap,7,261954084,1017010,1,Big Opinion,1,0,6.8,0,2.48
2026-09-06,Gundagai,R7 1400m Hcap,7,261954084,1017010,1,Big Opinion,3,0,6.8,0,2.48
2026-09-06,Gundagai,R7 1400m Hcap,7,261954084,64206376,7,Belnera,2,0,8.2,0,2.46
2026-09-06,Gundagai,R7 1400m Hcap,7,261954084,77081580,10,Sundrop,5,1,6.46,1,2.16
2026-09-06,Gundagai,R7 1400m Hcap,7,261954084,101418686,6,Brass Monkeys,4,0,7.6,0,2.72
2026-09-06,Kalgoorlie,R1 1100m Mdn,1,261954342,9181803,1,Peanut Butter,5,0,10.5,1,3.05
2026-09-06,Kalgoorlie,R1 1100m Mdn,1,261954342,47489816,9,Splendida,2,0,11.96,0,3.56
2026-09-06,Kalgoorlie,R1 1100m Mdn,1,261954342,100862502,2,Panchos Place,3,1,4.13,1,1.86
2026-09-06,Kalgoorlie,R1 1100m Mdn,1,261954342,102403262,3,Vivalda,4,0,7.8,0,2.58
2026-09-06,Kalgoorlie,R1 1100m Mdn,1,261954342,102403266,8,Oceanetta,1,0,4.36,0,1.94
2026-09-06,Kalgoorlie,R2 1400m Mdn,2,261954346,5743202,3,Batista,2,0,6.87,0,2.43
2026-09-06,Kalgoorlie,R2 1400m Mdn,2,261954346,88111784,1,Prince Of Bondi,5,0,12.67,1,3.05
2026-09-06,Kalgoorlie,R2 1400m Mdn,2,261954346,96535397,5,Lord Arcadia,1,0,2.59,0,1.51
2026-09-06,Kalgoorlie,R2 1400m Mdn,2,261954346,99142324,2,Lord Momo,4,1,7.24,1,2.41
2026-09-06,Kalgoorlie,R2 1400m Mdn,2,261954346,102403270,11,Free Ride,3,0,14.99,0,3.91
2026-09-06,Kalgoorlie,R3 1200m CL2,3,261954350,90181621,6,Buon Amici,4,0,32.0,0,8.09
2026-09-06,Kalgoorlie,R3 1200m CL2,3,261954350,90568273,4,Gold Lilly,3,0,8.56,0,2.91
2026-09-06,Kalgoorlie,R3 1200m CL2,3,261954350,99399096,2,Tiger Tank,1,0,3.05,0,1.54
2026-09-06,Kalgoorlie,R3 1200m CL2,3,261954350,100957756,1,Morf,5,1,7.11,1,2.64
2026-09-06,Kalgoorlie,R3 1200m CL2,3,261954350,102403272,5,Viresha,2,0,17.5,0,4.3
2026-09-06,Kalgoorlie,R4 1400m CL2,4,261954354,1199006,5,Kutenai,1,0,24.4,0,7.0
2026-09-06,Kalgoorlie,R4 1400m CL2,4,261954354,71180767,4,Alotta Fighting,3,0,6.58,0,2.42
2026-09-06,Kalgoorlie,R4 1400m CL2,4,261954354,81182687,1,Sainty Cullity,4,0,18.0,0,4.54
2026-09-06,Kalgoorlie,R4 1400m CL2,4,261954354,97242802,6,Just Sublime,2,0,11.3,0,3.66
2026-09-06,Kalgoorlie,R4 1400m CL2,4,261954354,101419868,13,Favourite Songs,5,0,42.64,0,10.5
2026-09-06,Kalgoorlie,R5 1600m Hcap,5,261954358,28659058,6,Magic Will Reign,5,1,23.0,1,5.5
2026-09-06,Kalgoorlie,R5 1600m Hcap,5,261954358,40337645,4,High Precision,3,0,46.68,0,10.78
2026-09-06,Kalgoorlie,R5 1600m Hcap,5,261954358,62136619,1,Crunchy Nut,1,0,20.6,0,5.07
2026-09-06,Kalgoorlie,R5 1600m Hcap,5,261954358,65823452,2,Omerta Grace,2,0,23.65,0,5.44
2026-09-06,Kalgoorlie,R5 1600m Hcap,5,261954358,102403276,11,Royal Guardian,4,0,11.82,1,4.56
2026-09-06,Kalgoorlie,R6 1300m Hcap,6,261954362,3946805,9,Tacito,4,0,27.33,0,6.03
2026-09-06,Kalgoorlie,R6 1300m Hcap,6,261954362,27281046,6,Altar Boy,2,1,29.16,1,7.21
2026-09-06,Kalgoorlie,R6 1300m Hcap,6,261954362,85814016,5,Science Degree,3,0,5.0,1,1.99
2026-09-06,Kalgoorlie,R6 1300m Hcap,6,261954362,89622468,4,Rainline,1,0,3.76,0,1.83
2026-09-06,Kalgoorlie,R6 1300m Hcap,6,261954362,102403280,11,Playing Games,5,0,12.0,0,2.95
2026-09-06,Kalgoorlie,R7 1760m Cup,7,261954366,2901374,9,Opportunistic,1,1,1.97,1,1.23
2026-09-06,Kalgoorlie,R7 1760m Cup,7,261954366,9418344,7,Lillian,4,0,6.4,0,2.0
2026-09-06,Kalgoorlie,R7 1760m Cup,7,261954366,28064461,6,Lavalier,5,0,131.5,1,15.9
2026-09-06,Kalgoorlie,R7 1760m Cup,7,261954366,39679663,1,Ginger Baker,2,0,14.35,0,2.69
2026-09-06,Kalgoorlie,R7 1760m Cup,7,261954366,101166159,10,Outspoken Lad,3,0,13.22,0,3.23
2026-09-06,Kalgoorlie,R8 1200m Hcap,8,261954370,56253706,3,Dreamers Never Die,5,0,19.24,0,5.5
2026-09-06,Kalgoorlie,R8 1200m Hcap,8,261954370,73103728,8,Vomo Island,4,1,4.8,1,2.34
2026-09-06,Kalgoorlie,R8 1200m Hcap,8,261954370,80641256,4,Ripper Rupert,1,0,17.0,0,4.9
2026-09-06,Kalgoorlie,R8 1200m Hcap,8,261954370,98240700,5,Spangledstar,3,0,9.4,0,3.05
2026-09-06,Kalgoorlie,R8 1200m Hcap,8,261954370,102403282,9,Leniency,2,0,48.0,0,11.0
2026-09-06,Moree,R3 1600m CL1,3,261954093,49807167,1,Bit Of A Step,5,0,45.96,0,7.51
2026-09-06,Moree,R3 1600m CL1,3,261954093,62098100,4,Puissance Power,4,0,8.27,0,2.13
2026-09-06,Moree,R3 1600m CL1,3,261954093,67531578,8,Broadcast Boogie,3,0,55.0,1,8.2
2026-09-06,Moree,R3 1600m CL1,3,261954093,87205693,3,Nielsen Park,2,1,3.35,1,1.73
2026-09-06,Moree,R3 1600m CL1,3,261954093,102402896,11,Regalade,1,0,12.89,0,3.35
2026-09-06,Moree,R4 1200m CL1,4,261954096,3912274,1,Referees,1,0,2.23,1,1.28
2026-09-06,Moree,R4 1200m CL1,4,261954096,100487328,2,Quasimoto,5,0,14.5,0,2.94
2026-09-06,Moree,R4 1200m CL1,4,261954096,100749454,5,Marinera,2,0,9.62,0,3.35
2026-09-06,Moree,R4 1200m CL1,4,261954096,101609535,3,Lucky Ozzie,4,1,10.72,1,2.82
2026-09-06,Moree,R4 1200m CL1,4,261954096,102402897,6,Tiye,3,0,24.78,1,4.1
2026-09-06,Moree,R5 950m CL3,5,261954099,5102390,5,Kevin,4,0,24.37,0,4.8
2026-09-06,Moree,R5 950m CL3,5,261954099,49118404,9,Lost Media,5,0,119.59,0,18.5
2026-09-06,Moree,R5 950m CL3,5,261954099,71651398,1,Astapor,1,0,13.0,1,3.85
2026-09-06,Moree,R5 950m CL3,5,261954099,76753660,2,Zampano,3,0,9.4,0,3.0
2026-09-06,Moree,R5 950m CL3,5,261954099,89435569,7,Sort Cha Mess,2,1,3.45,1,1.7
2026-09-06,Moree,R6 1300m Hcap,6,261954102,402064,2,Tiger Town,4,0,18.13,0,5.7
2026-09-06,Moree,R6 1300m Hcap,6,261954102,66826139,7,Winged,2,1,7.4,1,2.31
2026-09-06,Moree,R6 1300m Hcap,6,261954102,72380300,10,Lesgo Don,3,0,8.32,0,2.53
2026-09-06,Moree,R6 1300m Hcap,6,261954102,74537345,1,My Name Is,1,0,18.0,0,5.9
2026-09-06,Moree,R6 1300m Hcap,6,261954102,102402904,5,Tysons Dream,5,0,80.0,0,19.0
2026-09-06,Moree,R7 1400m Cup,7,261954105,348905,1,Voracious,4,0,19.58,0,5.4
2026-09-06,Moree,R7 1400m Cup,7,261954105,28458543,12,Don Pedro,2,1,7.0,1,2.48
2026-09-06,Moree,R7 1400m Cup,7,261954105,56053809,7,Jacenza,3,0,40.3,0,11.0
2026-09-06,Moree,R7 1400m Cup,7,261954105,67855561,8,Shadow Dane,5,0,12.1,0,3.45
2026-09-06,Moree,R7 1400m Cup,7,261954105,85982006,6,Hibiki Harmony,1,0,12.85,0,3.41
2026-09-06,Moree,R8 950m Hcap,8,261954108,2910061,9,Cresta Run,1,0,13.5,0,3.2
2026-09-06,Moree,R8 950m Hcap,8,261954108,3084107,8,Super Sioux,2,0,12.0,0,3.7
2026-09-06,Moree,R8 950m Hcap,8,261954108,71941113,1,Inazuma Boy,3,0,6.2,1,2.2
2026-09-06,Moree,R8 950m Hcap,8,261954108,79489554,6,Speck,4,1,12.5,1,3.8
2026-09-06,Moree,R8 950m Hcap,8,261954108,101883558,7,Gitalong,5,0,4.62,0,2.18
2026-09-06,Sunshine Coast,R2 1200m Mdn,2,261954290,102403405,5,Cyber Boom,5,1,36.99,1,7.8
2026-09-06,Sunshine Coast,R2 1200m Mdn,2,261954290,102403407,7,Do A Little Dance,4,0,8.68,0,2.74
2026-09-06,Sunshine Coast,R2 1200m Mdn,2,261954290,102403408,8,Enuff Torque,3,0,22.0,0,5.3
2026-09-06,Sunshine Coast,R2 1200m Mdn,2,261954290,102403409,9,Hells Rein,2,0,17.0,0,4.32
2026-09-06,Sunshine Coast,R2 1200m Mdn,2,261954290,102403416,16,Kava Express,1,0,5.9,0,2.2
2026-09-06,Sunshine Coast,R3 1000m CL1,3,261954294,86976067,1,Moaksun,1,1,2.97,1,1.32
2026-09-06,Sunshine Coast,R3 1000m CL1,3,261954294,102402849,7,Mashean,3,0,8.39,0,2.19
2026-09-06,Sunshine Coast,R3 1000m CL1,3,261954294,102403419,4,Super Luck Dragon,2,0,11.46,0,2.93
2026-09-06,Sunshine Coast,R3 1000m CL1,3,261954294,102403421,8,Doubtwilly,5,0,2.8,0,1.39
2026-09-06,Sunshine Coast,R3 1000m CL1,3,261954294,102403422,10,Sun Sister,4,0,15.0,1,3.25
2026-09-06,Sunshine Coast,,4,261954298,79258701,5,Varejao,1,,,,
2026-09-06,Sunshine Coast,R4 1000m Mdn,4,261954298,86620285,1,Swaggering,5,0,24.74,0,4.5
2026-09-06,Sunshine Coast,R4 1000m Mdn,4,261954298,97211215,3,Vessey,3,0,12.0,0,2.86
2026-09-06,Sunshine Coast,R4 1000m Mdn,4,261954298,102403423,2,Imminent Appeal,2,0,10.57,1,2.7
2026-09-06,Sunshine Coast,R4 1000m Mdn,4,261954298,102403430,11,Pick The Lock,4,0,1.81,0,1.22
2026-09-06,Sunshine Coast,R5 2200m Hcap,5,261954302,2124985,1,Cigar Man,5,0,30.0,0,5.5
2026-09-06,Sunshine Coast,R5 2200m Hcap,5,261954302,61557478,3,Demarcay,2,0,6.95,1,2.22
2026-09-06,Sunshine Coast,R5 2200m Hcap,5,261954302,62432131,2,Tewkesbury,4,0,13.0,0,3.97
2026-09-06,Sunshine Coast,R5 2200m Hcap,5,261954302,71082718,11,Miss Dynamo,3,0,33.81,0,6.86
2026-09-06,Sunshine Coast,R5 2200m Hcap,5,261954302,84223319,4,Southby,1,0,3.14,0,1.58
2026-09-06,Sunshine Coast,R6 1000m CL4,6,261954306,963383,6,King Of The Jungle,5,0,40.9,0,5.17
2026-09-06,Sunshine Coast,R6 1000m CL4,6,261954306,74189370,1,Estrondo,2,0,16.5,0,2.09
2026-09-06,Sunshine Coast,R6 1000m CL4,6,261954306,80092068,12,Oohlalouvre,4,0,9.41,1,1.71
2026-09-06,Sunshine Coast,R6 1000m CL4,6,261954306,90799393,7,Contildas Love,3,0,26.0,1,2.71
2026-09-06,Sunshine Coast,R6 1000m CL4,6,261954306,101184087,5,Jimmys Brother,1,1,1.41,1,1.12
2026-09-06,Sunshine Coast,R7 1200m Hcap,7,261954310,3919196,11,Roaring Success,4,0,57.3,0,9.86
2026-09-06,Sunshine Coast,R7 1200m Hcap,7,261954310,63825884,4,Je Reve,5,0,23.39,0,5.6
2026-09-06,Sunshine Coast,R7 1200m Hcap,7,261954310,82940759,17,Half Moon Roo,3,1,12.51,1,3.48
2026-09-06,Sunshine Coast,R7 1200m Hcap,7,261954310,87805072,8,Moet At Midnight,2,0,6.8,0,2.41
2026-09-06,Sunshine Coast,R7 1200m Hcap,7,261954310,92161392,3,Inquisitor,1,0,4.5,0,1.9
2026-09-06,Sunshine Coast,R8 1400m Hcap,8,261954314,80363086,3,Entrusting,4,0,14.0,0,3.81
2026-09-06,Sunshine Coast,R8 1400m Hcap,8,261954314,83410037,2,Aldolfito,2,0,5.5,0,1.9
2026-09-06,Sunshine Coast,R8 1400m Hcap,8,261954314,86347343,10,Zaher,3,0,12.99,0,3.85
2026-09-06,Sunshine Coast,R8 1400m Hcap,8,261954314,102403449,15,Fifth Force,5,0,24.41,0,6.71
2026-09-06,Sunshine Coast,R8 1400m Hcap,8,261954314,102403450,16,La Rosetta,1,1,9.4,1,3.32
2026-09-07,Dubbo,R1 1600m CL1,1,261985601,51454251,2,Proper Twelve,1,1,4.12,1,1.64
2026-09-07,Dubbo,R1 1600m CL1,1,261985601,66544241,4,Sammaan City,3,0,3.9,0,1.55
2026-09-07,Dubbo,R1 1600m CL1,1,261985601,93320753,1,Media Spin,4,0,6.2,0,1.96
2026-09-07,Dubbo,R1 1600m CL1,1,261985601,102402792,5,Snow Dog,5,0,18.5,1,3.8
2026-09-07,Dubbo,R1 1600m CL1,1,261985601,102402793,7,Jenni La Rock,2,0,6.2,1,1.93
2026-09-07,Dubbo,R2 1000m Mdn,2,261985604,9672079,1,Best Defence,2,0,17.5,1,3.48
2026-09-07,Dubbo,R2 1000m Mdn,2,261985604,84431184,9,Tucklan,1,0,12.0,0,2.98
2026-09-07,Dubbo,R2 1000m Mdn,2,261985604,101579143,10,Mazort,4,1,2.57,1,1.39
2026-09-07,Dubbo,R2 1000m Mdn,2,261985604,102402795,3,Cooly Rocks,3,0,15.34,0,4.3
2026-09-07,Dubbo,R2 1000m Mdn,2,261985604,102402799,7,Shes Ourvalentine,5,0,17.5,0,4.29
2026-09-07,Dubbo,R3 1300m Mdn,3,261985607,16960687,2,Kojak,2,0,19.0,0,3.86
2026-09-07,Dubbo,R3 1300m Mdn,3,261985607,95660045,14,Supergrace,3,0,11.5,0,2.46
2026-09-07,Dubbo,R3 1300m Mdn,3,261985607,101609601,3,Peerless Son,1,0,2.37,0,1.21
2026-09-07,Dubbo,R3 1300m Mdn,3,261985607,102402807,4,Eclair Coming,5,0,882.5,0,108.77
2026-09-07,Dubbo,R3 1300m Mdn,3,261985607,102402812,12,Denises Gal,4,0,6.14,1,2.5
2026-09-07,Dubbo,R4 1400m Hcap,4,261985610,26596524,5,Hemsted,2,0,149.6,0,28.0
2026-09-07,Dubbo,R4 1400m Hcap,4,261985610,40285574,11,Blackhill Kitty,5,0,36.53,0,8.4
2026-09-07,Dubbo,R4 1400m Hcap,4,261985610,67855578,7,Miss Karis,1,1,6.64,1,2.52
2026-09-07,Dubbo,R4 1400m Hcap,4,261985610,74853078,3,Im Scarlett,4,0,26.0,1,6.5
2026-09-07,Dubbo,R4 1400m Hcap,4,261985610,91923803,2,Mrs Bull,3,0,5.7,1,2.56
2026-09-07,Dubbo,R5 1000m Hcap,5,261985613,72414768,8,Orsum,3,0,9.61,1,3.05
2026-09-07,Dubbo,R5 1000m Hcap,5,261985613,72989697,12,Notleanormean,4,0,176.52,0,13.26
2026-09-07,Dubbo,R5 1000m Hcap,5,261985613,84471959,2,Line Of Law,5,0,36.0,1,6.3
2026-09-07,Dubbo,R5 1000m Hcap,5,261985613,102402820,13,Pickaxe,2,0,130.0,0,19.5
2026-09-07,Dubbo,R5 1000m Hcap,5,261985613,102402823,16,Red Line Fever,1,0,23.63,0,4.4
2026-09-07,Dubbo,R6 2200m Hcap,6,261985616,1384692,7,Questionable,2,1,4.7,1,2.01
2026-09-07,Dubbo,R6 2200m Hcap,6,261985616,12870013,4,Vastly,1,0,12.0,0,4.25
2026-09-07,Dubbo,R6 2200m Hcap,6,261985616,60528055,9,Sellinya,5,0,228.56,0,27.12
2026-09-07,Dubbo,R6 2200m Hcap,6,261985616,71903660,2,It Is To Be,4,0,15.1,1,3.95
2026-09-07,Dubbo,R6 2200m Hcap,6,261985616,92206907,5,Lone Star Dream,3,0,6.13,0,2.05
2026-09-07,Dubbo,R7 1200m Hcap,7,261985619,35710127,9,Red Beryl,5,0,110.0,0,9.2
2026-09-07,Dubbo,R7 1200m Hcap,7,261985619,78230301,1,Crusader Kings,1,1,1.62,1,1.15
2026-09-07,Dubbo,R7 1200m Hcap,7,261985619,90603628,3,Wave Breaker,2,0,11.35,0,2.16
2026-09-07,Dubbo,R7 1200m Hcap,7,261985619,90847452,5,Crook,4,0,16.12,1,2.6
2026-09-07,Dubbo,R7 1200m Hcap,7,261985619,101418930,8,Deion,3,0,34.0,0,4.3
2026-09-07,Grafton,R1 1700m Mdn,1,261985622,63052635,4,Play It Cool,5,0,46.0,0,3.55
2026-09-07,Grafton,R1 1700m Mdn,1,261985622,70633085,5,Turpins Torment,3,0,37.55,1,2.61
2026-09-07,Grafton,R1 1700m Mdn,1,261985622,78230175,8,So Sain,2,0,8.86,1,1.43
2026-09-07,Grafton,R1 1700m Mdn,1,261985622,93612796,7,Latin Lights,1,1,1.32,1,1.06
2026-09-07,Grafton,R1 1700m Mdn,1,261985622,100920065,2,Fabulous Fiano,4,0,15.56,0,1.79
2026-09-07,Grafton,R2 1200m Mdn,2,261985625,3833132,8,Bucket List,4,0,19.88,0,4.37
2026-09-07,Grafton,R2 1200m Mdn,2,261985625,60037853,2,Dark Mode,5,0,8.2,0,2.17
2026-09-07,Grafton,R2 1200m Mdn,2,261985625,84471087,10,Qui Rouge,2,0,4.27,1,1.62
2026-09-07,Grafton,R2 1200m Mdn,2,261985625,102402748,1,Sarmat,1,0,8.2,0,2.64
2026-09-07,Grafton,R2 1200m Mdn,2,261985625,102402749,4,King Conquer,3,0,20.0,0,7.8
2026-09-07,Grafton,R3 2200m CL1,3,261985628,2375193,3,Righteous,2,0,5.8,0,2.52
2026-09-07,Grafton,R3 2200m CL1,3,261985628,58099944,4,Sir Zino,4,0,517.74,0,69.81
2026-09-07,Grafton,R3 2200m CL1,3,261985628,83903901,1,Ayasaki,5,1,9.0,1,3.33
2026-09-07,Grafton,R3 2200m CL1,3,261985628,85064077,8,Mahuika Maroi,3,0,4.3,1,2.14
2026-09-07,Grafton,R3 2200m CL1,3,261985628,88111487,6,Aurora Effect,1,0,2.1,0,1.37
2026-09-07,Grafton,R4 1000m Hcap,4,261985631,5863566,10,Miss Trump,2,0,1.82,1,1.27
2026-09-07,Grafton,R4 1000m Hcap,4,261985631,47240054,7,Devious Mind,5,0,48.0,0,6.09
2026-09-07,Grafton,R4 1000m Hcap,4,261985631,90714876,3,Prestige Pak,3,0,14.74,0,2.69
2026-09-07,Grafton,R4 1000m Hcap,4,261985631,91872106,1,Dizzy Dee,4,1,13.92,1,2.52
2026-09-07,Grafton,R4 1000m Hcap,4,261985631,91923696,2,Kates Tiara,1,0,6.38,1,1.77
2026-09-07,Grafton,R5 1600m CL1,5,261985634,88196329,4,Sunset Trail,4,0,9.68,0,2.84
2026-09-07,Grafton,R5 1600m CL1,5,261985634,96771948,6,Shes A Dame,5,0,8.82,1,2.8
2026-09-07,Grafton,R5 1600m CL1,5,261985634,98960219,5,Predict The Future,3,0,11.15,0,3.05
2026-09-07,Grafton,R5 1600m CL1,5,261985634,101163277,1,Kharif,2,0,5.52,0,2.23
2026-09-07,Grafton,R5 1600m CL1,5,261985634,102402755,7,Vostokova,1,0,8.4,0,3.25
2026-09-07,Grafton,R6 1200m Hcap,6,261985637,78047390,12,Copenhagen Cat,5,0,11.5,1,2.7
2026-09-07,Grafton,R6 1200m Hcap,6,261985637,86933767,3,Hayleys Rocket,1,0,3.6,0,1.4
2026-09-07,Grafton,R6 1200m Hcap,6,261985637,87805068,4,Vendemmia,3,1,3.84,1,1.53
2026-09-07,Grafton,R6 1200m Hcap,6,261985637,90457159,5,Doingiteasy,4,0,14.5,0,3.0
2026-09-07,Grafton,R6 1200m Hcap,6,261985637,94226138,8,Bellarata,2,0,6.07,0,2.2
2026-09-07,Grafton,R7 1400m Hcap,7,261985640,44037963,3,Hes A Copy Boy,5,0,40.0,0,5.52
2026-09-07,Grafton,R7 1400m Hcap,7,261985640,63609234,1,Nails And Pride,1,0,24.0,1,4.78
2026-09-07,Grafton,R7 1400m Hcap,7,261985640,64318844,8,Jukebox In Siberia,2,0,7.76,0,2.68
2026-09-07,Grafton,R7 1400m Hcap,7,261985640,98710684,13,Satin And Cash,4,1,3.31,1,1.54
2026-09-07,Grafton,R7 1400m Hcap,7,261985640,102402763,10,Spicy Wings,3,0,5.39,0,2.22
2026-09-07,Tatura,R1 1000m Mdn,1,261985645,9493423,16,Bordeaux,2,0,8.2,1,2.46
2026-09-07,Tatura,R1 1000m Mdn,1,261985645,98710253,13,Turbo Babaa,1,0,4.9,1,1.95
2026-09-07,Tatura,R1 1000m Mdn,1,261985645,102441192,3,Next Saturday,4,0,21.02,0,5.08
2026-09-07,Tatura,R1 1000m Mdn,1,261985645,102441193,4,Prestige Hellbent,3,0,12.16,0,2.95
2026-09-07,Tatura,R1 1000m Mdn,1,261985645,102441199,12,Velvet Morning,5,0,4.98,0,1.78
2026-09-07,Tatura,R2 1000m Mdn,2,261985653,4571531,1,Amarillo Sky,2,0,7.2,0,2.55
2026-09-07,Tatura,R2 1000m Mdn,2,261985653,102441207,7,Iron Stupa,5,0,9.19,1,2.7
2026-09-07,Tatura,R2 1000m Mdn,2,261985653,102441208,8,Ottalaus,3,0,3.56,0,1.64
2026-09-07,Tatura,R2 1000m Mdn,2,261985653,102441212,14,Ilovediamonds,1,0,5.1,1,1.97
2026-09-07,Tatura,R2 1000m Mdn,2,261985653,102441213,15,Adieu Grasse,4,1,6.21,1,2.05
2026-09-07,Tatura,R3 1450m Mdn,3,261985661,6099557,4,Masakari,2,0,3.69,1,1.43
2026-09-07,Tatura,R3 1450m Mdn,3,261985661,81812319,9,Media Brief,5,0,11.78,0,2.84
2026-09-07,Tatura,R3 1450m Mdn,3,261985661,93206762,12,Alarming,4,0,55.0,0,8.2
2026-09-07,Tatura,R3 1450m Mdn,3,261985661,96219668,3,Deadly Devil,3,0,16.5,0,3.0
2026-09-07,Tatura,R3 1450m Mdn,3,261985661,101354403,5,Prestige Zerprise,1,1,2.36,1,1.25
2026-09-07,Tatura,R4 1450m Hcap,4,261985669,81812329,7,Queen Amanjena,2,0,3.88,1,1.55
2026-09-07,Tatura,R4 1450m Hcap,4,261985669,100519778,1,Real Alliance,4,0,7.74,0,2.27
2026-09-07,Tatura,R4 1450m Hcap,4,261985669,102441219,2,Pomah,1,0,4.7,1,1.65
2026-09-07,Tatura,R4 1450m Hcap,4,261985669,102441221,5,Of The View,3,1,5.2,1,1.77
2026-09-07,Tatura,R4 1450m Hcap,4,261985669,102441222,6,Thats All Good,5,0,10.5,0,3.0
2026-09-07,Tatura,R5 1450m Hcap,5,261985677,89921207,5,Sir Loyne,2,0,6.2,0,1.96
2026-09-07,Tatura,R5 1450m Hcap,5,261985677,96747434,13,Savethebesttillast,4,0,15.36,1,3.4
2026-09-07,Tatura,R5 1450m Hcap,5,261985677,97886087,10,Ornos,1,0,3.55,0,1.45
2026-09-07,Tatura,R5 1450m Hcap,5,261985677,102441224,3,Murgasty,5,0,41.11,0,7.8
2026-09-07,Tatura,R5 1450m Hcap,5,261985677,102441226,9,Kastun Star,3,0,4.94,1,1.77
2026-09-07,Tatura,R6 1600m Hcap,6,261985685,4737464,2,Rogue Warrior,1,1,2.46,1,1.33
2026-09-07,Tatura,R6 1600m Hcap,6,261985685,57847390,13,Vegas On Fire,5,0,12.5,0,3.11
2026-09-07,Tatura,R6 1600m Hcap,6,261985685,96181534,1,Crown Of Russia,2,0,12.5,1,3.17
2026-09-07,Tatura,R6 1600m Hcap,6,261985685,98452124,8,Tiger Fox,3,0,13.5,0,3.16
2026-09-07,Tatura,R6 1600m Hcap,6,261985685,102441230,9,Tyndrum Gold,4,0,44.0,0,8.33
2026-09-07,Tatura,R7 1980m Hcap,7,261985693,3852706,2,Bertrand,2,0,9.45,0,3.38
2026-09-07,Tatura,R7 1980m Hcap,7,261985693,81264228,12,Belladramatic,4,0,12.3,0,3.64
2026-09-07,Tatura,R7 1980m Hcap,7,261985693,82895747,4,Saxon Blood,5,1,6.27,1,2.24
2026-09-07,Tatura,R7 1980m Hcap,7,261985693,85542474,10,Call Me Rhonda,3,0,8.61,0,2.94
2026-09-07,Tatura,R7 1980m Hcap,7,261985693,90048778,1,Mickio,1,0,6.35,1,2.24
2026-09-07,Tatura,R8 1000m Hcap,8,261985701,4475098,7,Do It Now,2,1,4.6,1,1.86
2026-09-07,Tatura,R8 1000m Hcap,8,261985701,14019705,8,Sheila,5,0,60.32,1,10.06
2026-09-07,Tatura,R8 1000m Hcap,8,261985701,52936610,1,Cumboogle,4,0,8.3,1,2.34
2026-09-07,Tatura,R8 1000m Hcap,8,261985701,69675100,3,Sophast,3,0,69.04,0,11.0
2026-09-07,Tatura,R8 1000m Hcap,8,261985701,92822498,9,Pacific Glamour,1,0,3.01,0,1.36
2026-09-08,Moe,R1 1108m Mdn,1,262061549,575567,3,Blue Parrot,2,0,9.14,0,2.32
2026-09-08,Moe,R1 1108m Mdn,1,262061549,102441329,8,Bohemian Blitz,5,0,2.27,1,1.33
2026-09-08,Moe,R1 1108m Mdn,1,262061549,102441330,9,Jourama,1,0,7.31,1,2.02
2026-09-08,Moe,R1 1108m Mdn,1,262061549,102441332,13,Shaadrille,4,1,5.63,1,1.81
2026-09-08,Moe,R1 1108m Mdn,1,262061549,102441333,15,La Velocita,3,0,21.68,0,3.9
2026-09-08,Moe,R2 1614m Mdn,2,262061557,865322,3,Doublet,1,0,4.15,1,1.43
2026-09-08,Moe,R2 1614m Mdn,2,262061557,2669100,2,Churchill Lane,5,0,16.28,0,3.17
2026-09-08,Moe,R2 1614m Mdn,2,262061557,93022163,4,Marron,2,1,1.98,1,1.18
2026-09-08,Moe,R2 1614m Mdn,2,262061557,99493472,12,Steal Away,3,0,33.19,0,4.85
2026-09-08,Moe,R2 1614m Mdn,2,262061557,102441338,9,Hot Opera,4,0,14.0,1,3.1
2026-09-08,Moe,R3 2069m Mdn,3,262061565,4269260,2,Belfast Boy,5,0,9.0,0,2.46
2026-09-08,Moe,R3 2069m Mdn,3,262061565,4289982,11,Jonquil,4,1,5.55,1,1.73
2026-09-08,Moe,R3 2069m Mdn,3,262061565,90798579,6,Raghnall,3,0,3.73,0,1.62
2026-09-08,Moe,R3 2069m Mdn,3,262061565,101386250,3,Bivvy,2,0,4.7,0,1.77
2026-09-08,Moe,R3 2069m Mdn,3,262061565,102441341,7,Wolves Den,1,0,5.16,1,1.72
2026-09-08,Moe,R4 2069m Hcap,4,262061573,52406550,2,Midnight Glow,2,0,5.4,0,2.05
2026-09-08,Moe,R4 2069m Hcap,4,262061573,53975255,1,Sir Rockford,3,0,12.48,0,3.4
2026-09-08,Moe,R4 2069m Hcap,4,262061573,56645183,5,Tactfull,5,1,11.0,1,3.3
2026-09-08,Moe,R4 2069m Hcap,4,262061573,102441344,4,Lady Elsa,1,0,5.66,1,2.4
2026-09-08,Moe,R4 2069m Hcap,4,262061573,102441348,13,Proven Record,4,0,6.27,0,2.06
2026-09-08,Moe,R5 1614m Hcap,5,262061581,43527120,8,Delightful Journey,3,0,7.4,0,2.66
2026-09-08,Moe,R5 1614m Hcap,5,262061581,51454609,1,Margies Boy,1,0,12.41,0,3.69
2026-09-08,Moe,R5 1614m Hcap,5,262061581,69902299,3,Great Prosperity,4,0,7.84,1,2.76
2026-09-08,Moe,R5 1614m Hcap,5,262061581,89966801,7,Bonnaroo,5,1,10.0,1,3.45
2026-09-08,Moe,R5 1614m Hcap,5,262061581,102441349,6,Savannah Chill,2,0,5.04,1,2.38
2026-09-08,Moe,R6 1008m Hcap,6,262061589,922122,6,Dirty Diana,2,0,2.89,1,1.47
2026-09-08,Moe,R6 1008m Hcap,6,262061589,39520011,10,Wind Dreamer,5,0,10.19,0,2.42
2026-09-08,Moe,R6 1008m Hcap,6,262061589,41307930,2,Burton Street,4,0,36.77,0,8.99
2026-09-08,Moe,R6 1008m Hcap,6,262061589,61408418,4,Machinist,3,0,5.8,0,2.06
2026-09-08,Moe,R6 1008m Hcap,6,262061589,73220554,3,Leantothemoon,1,1,6.24,1,2.25
2026-09-08,Moe,R7 1208m Hcap,7,262061597,2019727,9,Game Plan,4,0,7.6,0,2.45
2026-09-08,Moe,R7 1208m Hcap,7,262061597,90009777,3,Sub Gauge,5,0,8.8,0,2.99
2026-09-08,Moe,R7 1208m Hcap,7,262061597,90524362,1,King West,2,1,4.47,1,1.98
2026-09-08,Moe,R7 1208m Hcap,7,262061597,98709513,4,Victory Tune,1,0,5.17,1,1.8
2026-09-08,Moe,R7 1208m Hcap,7,262061597,102441356,14,Imminance,3,0,6.74,0,2.51
2026-09-08,Muswellbrook,R1 1000m Mdn,1,262056720,2026523,1,Hot Chestnut,2,0,140.0,0,15.32
2026-09-08,Muswellbrook,R1 1000m Mdn,1,262056720,6097731,3,Mind Bender,1,0,29.77,0,2.8
2026-09-08,Muswellbrook,R1 1000m Mdn,1,262056720,102441018,2,Little Bubbles,4,0,30.0,0,3.1
2026-09-08,Muswellbrook,R1 1000m Mdn,1,262056720,102441020,5,Peregrina Pearl,5,1,6.91,1,1.58
2026-09-08,Muswellbrook,R1 1000m Mdn,1,262056720,102441021,6,A Little Bit Dusty,3,0,1.42,1,1.1
2026-09-08,Muswellbrook,R2 1280m Hcap,2,262056723,3451764,4,African Diamond,2,0,5.7,0,1.94
2026-09-08,Muswellbrook,R2 1280m Hcap,2,262056723,66069586,2,Ensign Parker,1,0,4.53,0,1.6
2026-09-08,Muswellbrook,R2 1280m Hcap,2,262056723,78463644,6,Smart Jazz,5,0,15.0,0,3.36
2026-09-08,Muswellbrook,R2 1280m Hcap,2,262056723,79562791,3,Gelsey,3,0,14.21,0,4.1
2026-09-08,Muswellbrook,R2 1280m Hcap,2,262056723,95919716,5,Endless Applause,4,0,13.5,1,3.21
2026-09-08,Muswellbrook,R3 1500m Mdn,3,262056726,6808876,13,Burning Love,1,0,4.3,1,2.56
2026-09-08,Muswellbrook,R3 1500m Mdn,3,262056726,81889983,11,Redaluca Girl,4,0,30.0,0,4.25
2026-09-08,Muswellbrook,R3 1500m Mdn,3,262056726,91872191,10,Lindas Princess,5,0,3.65,1,1.51
2026-09-08,Muswellbrook,R3 1500m Mdn,3,262056726,95022353,4,The Prospect,3,1,3.27,1,1.57
2026-09-08,Muswellbrook,R3 1500m Mdn,3,262056726,102441025,3,Royal And Ready,2,0,18.56,0,4.2
2026-09-08,Muswellbrook,R4 1750m Hcap,4,262056729,65823503,1,Damascus Gate,2,0,8.65,0,2.11
2026-09-08,Muswellbrook,R4 1750m Hcap,4,262056729,84943370,4,Shootem Up,5,0,23.28,0,4.18
2026-09-08,Muswellbrook,R4 1750m Hcap,4,262056729,88419493,6,Backhander,4,0,8.4,1,2.93
2026-09-08,Muswellbrook,R4 1750m Hcap,4,262056729,91390700,5,Gemtiki,3,1,1.96,1,1.21
2026-09-08,Muswellbrook,R4 1750m Hcap,4,262056729,91432318,2,Astrogazer,1,0,11.5,1,3.38
2026-09-08,Muswellbrook,R5 1000m CL1,5,262056732,99770922,8,City Gold Speed,1,0,9.4,1,2.12
2026-09-08,Muswellbrook,R5 1000m CL1,5,262056732,100019566,13,Sigsaly,4,0,231.01,0,24.0
2026-09-08,Muswellbrook,R5 1000m CL1,5,262056732,102441031,1,Frostisen,3,0,12.89,0,3.29
2026-09-08,Muswellbrook,R5 1000m CL1,5,262056732,102441032,2,Amajicstar,2,1,2.54,1,1.41
2026-09-08,Muswellbrook,R5 1000m CL1,5,262056732,102441034,5,Watch Capital,5,0,36.29,0,8.4
2026-09-08,Muswellbrook,R6 1280m Mdn,6,262056735,2945641,2,Credibility,5,0,33.47,1,4.91
2026-09-08,Muswellbrook,R6 1280m Mdn,6,262056735,100660607,8,Bascilica Babe,2,0,10.0,0,3.0
2026-09-08,Muswellbrook,R6 1280m Mdn,6,262056735,101916950,1,Force March,4,1,1.97,1,1.32
2026-09-08,Muswellbrook,R6 1280m Mdn,6,262056735,102441038,3,Red Planet Bar,3,0,13.5,0,2.93
2026-09-08,Muswellbrook,R6 1280m Mdn,6,262056735,102441039,4,Magatama,1,0,11.0,0,2.7
2026-09-08,Muswellbrook,R7 1000m Hcap,7,262056738,39678771,4,In Spades,2,0,19.5,0,4.31
2026-09-08,Muswellbrook,R7 1000m Hcap,7,262056738,43379249,2,Iron Hat,5,0,17.77,1,3.64
2026-09-08,Muswellbrook,R7 1000m Hcap,7,262056738,45319615,1,No Statement,3,0,12.0,1,3.11
2026-09-08,Muswellbrook,R7 1000m Hcap,7,262056738,58962029,3,Struff,4,0,75.0,0,10.27
2026-09-08,Muswellbrook,R7 1000m Hcap,7,262056738,100454086,10,Kakoda,1,0,3.9,0,1.6
2026-09-08,Queanbeyan,R1 1600m CL1,1,262056741,90048835,2,Falstaffian,2,1,3.98,1,1.53
2026-09-08,Queanbeyan,R1 1600m CL1,1,262056741,97242537,6,Hellfighter,1,0,2.36,1,1.23
2026-09-08,Queanbeyan,R1 1600m CL1,1,262056741,102441285,1,Criteria,3,0,9.51,1,2.52
2026-09-08,Queanbeyan,R1 1600m CL1,1,262056741,102441286,5,Sabatina,5,0,13.89,0,2.4
2026-09-08,Queanbeyan,R1 1600m CL1,1,262056741,102441287,9,Iconic Promise,4,0,140.0,0,10.0
2026-09-08,Queanbeyan,R2 1460m Mdn,2,262056744,943749,4,Bullecourt,2,0,18.0,0,3.95
2026-09-08,Queanbeyan,R2 1460m Mdn,2,262056744,5993174,7,Monnie,4,0,40.0,0,6.2
2026-09-08,Queanbeyan,R2 1460m Mdn,2,262056744,78211750,3,Avalon Lady,5,0,10.5,0,2.78
2026-09-08,Queanbeyan,R2 1460m Mdn,2,262056744,100956997,5,Isotropic,1,0,2.71,1,1.45
2026-09-08,Queanbeyan,R2 1460m Mdn,2,262056744,102441289,8,Overshoot,3,0,13.0,0,3.75
2026-09-08,Queanbeyan,R3 1000m Mdn,3,262056747,424345,5,Wild Romeo,1,0,3.9,1,1.83
2026-09-08,Queanbeyan,R3 1000m Mdn,3,262056747,5246055,3,Another Harry,5,0,26.0,0,7.0
2026-09-08,Queanbeyan,R3 1000m Mdn,3,262056747,81221109,10,Kitty Jinks,4,0,80.0,0,10.69
2026-09-08,Queanbeyan,R3 1000m Mdn,3,262056747,102441291,2,Red Hot Rosie,3,0,3.8,0,1.5
2026-09-08,Queanbeyan,R3 1000m Mdn,3,262056747,102441292,4,Nutbush Dancer,2,0,15.0,0,3.1
2026-09-08,Queanbeyan,R4 900m CL1,4,262056750,79330430,7,Media Coverage,4,0,13.5,1,2.81
2026-09-08,Queanbeyan,R4 900m CL1,4,262056750,91692702,2,Liamena Avenue,2,0,8.0,0,2.28
2026-09-08,Queanbeyan,R4 900m CL1,4,262056750,91872962,9,Zeema,1,0,12.33,0,2.73
2026-09-08,Queanbeyan,R4 900m CL1,4,262056750,101671278,6,La Stiava,3,1,2.95,1,1.58
2026-09-08,Queanbeyan,R4 900m CL1,4,262056750,102441298,4,Cascata Spritz,5,0,46.0,0,6.6
2026-09-08,Queanbeyan,R5 1460m Hcap,5,262056753,1105979,2,Tillman,3,0,11.93,0,3.31
2026-09-08,Queanbeyan,R5 1460m Hcap,5,262056753,2340613,4,Feedback,1,0,11.78,1,3.87
2026-09-08,Queanbeyan,R5 1460m Hcap,5,262056753,47871170,1,Tidal Rush,2,0,35.42,0,7.0
2026-09-08,Queanbeyan,R5 1460m Hcap,5,262056753,82640770,7,Party It Down,5,0,6.0,1,2.33
2026-09-08,Queanbeyan,R5 1460m Hcap,5,262056753,102441299,3,Nagadec,4,0,6.6,0,2.38
2026-09-08,Queanbeyan,R6 1000m Hcap,6,262056756,61139271,8,Destructive Diva,3,0,32.0,1,8.0
2026-09-08,Queanbeyan,R6 1000m Hcap,6,262056756,81746475,4,Starlight Girl,5,0,9.86,0,3.1
2026-09-08,Queanbeyan,R6 1000m Hcap,6,262056756,82046801,3,Metallic Ruler,2,0,35.06,0,8.6
2026-09-08,Queanbeyan,R6 1000m Hcap,6,262056756,83903650,1,My Last Hooray,1,0,7.64,0,2.73
2026-09-08,Queanbeyan,R6 1000m Hcap,6,262056756,102441301,9,Magic Speed,4,0,3.58,0,1.72
2026-09-08,Queanbeyan,R7 1200m Hcap,7,262056759,38125436,5,Geostorm,2,0,22.0,0,4.93
2026-09-08,Queanbeyan,R7 1200m Hcap,7,262056759,44994133,11,Battle Abbey,5,0,19.13,0,5.68
2026-09-08,Queanbeyan,R7 1200m Hcap,7,262056759,77963809,2,Human Shield,4,0,6.6,0,2.46
2026-09-08,Queanbeyan,R7 1200m Hcap,7,262056759,90484995,8,Azzucca,1,0,4.3,1,1.78
2026-09-08,Queanbeyan,R7 1200m Hcap,7,262056759,102441304,12,Hell Of A Show,3,0,21.0,0,4.54
2026-09-08,Townsville,R1 1200m 3yo,1,262058819,96800433,8,Booming Belief,1,0,3.69,1,1.74
2026-09-08,Townsville,R1 1200m 3yo,1,262058819,102441133,5,Somemoreplease,2,0,11.78,0,3.92
2026-09-08,Townsville,R1 1200m 3yo,1,262058819,102441135,7,Wategos Bay,5,0,13.5,0,3.1
2026-09-08,Townsville,R1 1200m 3yo,1,262058819,102441138,11,Ostuni,4,0,30.0,0,6.01
2026-09-08,Townsville,R1 1200m 3yo,1,262058819,102441139,12,Raar,3,0,23.0,0,4.8
2026-09-08,Townsville,R2 1400m Mdn,2,262058823,1535292,7,Overland,1,0,2.71,1,1.39
2026-09-08,Townsville,R2 1400m Mdn,2,262058823,88419483,13,Power Cruise,4,0,21.0,0,4.6
2026-09-08,Townsville,R2 1400m Mdn,2,262058823,101183566,4,Its Showtime,3,0,8.4,0,2.6
2026-09-08,Townsville,R2 1400m Mdn,2,262058823,101184076,11,Lady Barbarossa,2,0,26.0,0,5.88
2026-09-08,Townsville,R2 1400m Mdn,2,262058823,102441147,14,Elles My Name,5,0,75.0,0,12.16
2026-09-08,Townsville,R3 1000m Hcap,3,262058827,36528548,3,Viburnum,5,0,15.5,0,3.41
2026-09-08,Townsville,R3 1000m Hcap,3,262058827,38018438,1,Master Montaro,2,1,6.0,1,2.07
2026-09-08,Townsville,R3 1000m Hcap,3,262058827,49144996,2,Impardoo,4,0,10.43,0,2.54
2026-09-08,Townsville,R3 1000m Hcap,3,262058827,82310398,8,Lowlands,3,0,3.6,0,1.54
2026-09-08,Townsville,R3 1000m Hcap,3,262058827,88375804,7,Hartshorn,1,0,3.97,1,1.6
2026-09-08,Townsville,R4 1000m Hcap,4,262058831,835296,5,Very Good,4,0,13.33,1,2.15
2026-09-08,Townsville,R4 1000m Hcap,4,262058831,79738037,2,Nottington Prince,2,0,11.62,1,2.56
2026-09-08,Townsville,R4 1000m Hcap,4,262058831,95343777,4,Touch Base,3,0,6.2,0,1.85
2026-09-08,Townsville,R4 1000m Hcap,4,262058831,102441148,6,Briginshaw,1,1,1.64,1,1.09
2026-09-08,Townsville,R4 1000m Hcap,4,262058831,102441152,11,Tarong,5,0,19.14,0,2.96
2026-09-08,Townsville,R5 1000m Hcap,5,262058835,879991,2,Singular,5,0,23.13,1,5.96
2026-09-08,Townsville,R5 1000m Hcap,5,262058835,61104680,13,Willingale,1,0,27.25,0,6.95
2026-09-08,Townsville,R5 1000m Hcap,5,262058835,62869701,1,Dance For Me Randy,2,0,9.2,0,2.74
2026-09-08,Townsville,R5 1000m Hcap,5,262058835,102441153,5,Babushka Miss,4,0,22.0,0,6.0
2026-09-08,Townsville,R5 1000m Hcap,5,262058835,102441156,11,Tambos Sister,3,0,3.67,0,1.91
2026-09-08,Townsville,R6 1000m CL3,6,262058839,50580884,8,Canny Prospect,3,0,8.65,1,2.13
2026-09-08,Townsville,R6 1000m CL3,6,262058839,83569108,1,Guac On,2,0,2.66,1,1.5
2026-09-08,Townsville,R6 1000m CL3,6,262058839,100262944,10,Extra Free,4,0,6.84,0,1.96
2026-09-08,Townsville,R6 1000m CL3,6,262058839,102441159,3,Unifies,5,0,10.83,0,2.63
2026-09-08,Townsville,R6 1000m CL3,6,262058839,102441160,7,Shes Speedy,1,0,12.35,0,2.77
2026-09-08,Townsville,R7 1200m Hcap,7,262058843,470061,9,Chartwell,2,1,5.28,1,1.99
2026-09-08,Townsville,R7 1200m Hcap,7,262058843,45737100,3,Demitasse,4,0,49.42,0,11.0
2026-09-08,Townsville,R7 1200m Hcap,7,262058843,79022183,2,Nolan,5,0,10.25,0,2.57
2026-09-08,Townsville,R7 1200m Hcap,7,262058843,94226200,1,Hot Digity Boom,1,0,3.4,1,1.56
2026-09-08,Townsville,R7 1200m Hcap,7,262058843,102441161,11,Five Star King,3,0,5.0,0,2.2
2026-09-08,Townsville,R8 1400m Hcap,8,262058847,26811942,5,Morning Sun,2,0,25.0,1,7.37
2026-09-08,Townsville,R8 1400m Hcap,8,262058847,78689156,8,Rock The Sunrise,1,1,5.2,1,2.11
2026-09-08,Townsville,R8 1400m Hcap,8,262058847,89060994,4,The Impeckable,4,0,14.5,0,3.98
2026-09-08,Townsville,R8 1400m Hcap,8,262058847,96800454,13,Manhattans,3,0,28.98,0,7.3
2026-09-08,Townsville,R8 1400m Hcap,8,262058847,99241199,14,Fools Play,5,0,20.0,0,4.64
2026-09-09,Belmont,R1 1200m CL1,1,262117091,2886355,1,Spanish Armada,4,0,7.11,0,2.68
2026-09-09,Belmont,R1 1200m CL1,1,262117091,17996541,6,Juniper,2,1,2.42,1,1.64
2026-09-09,Belmont,R1 1200m CL1,1,262117091,92391471,3,Cawarra,3,0,30.0,0,6.4
2026-09-09,Belmont,R1 1200m CL1,1,262117091,102561503,2,Vienna Calling,1,0,3.42,0,1.69
2026-09-09,Belmont,R1 1200m CL1,1,262117091,102561507,5,Arties Storm,5,0,10.87,1,3.88
2026-09-09,Belmont,R2 1200m Mdn,2,262117100,89920020,1,Wrexham,4,0,40.0,1,6.2
2026-09-09,Belmont,R2 1200m Mdn,2,262117100,101101351,12,Surefire Miss,5,0,220.0,0,24.0
2026-09-09,Belmont,R2 1200m Mdn,2,262117100,102030384,5,Jemconi,2,1,21.37,1,4.36
2026-09-09,Belmont,R2 1200m Mdn,2,262117100,102031682,6,Official Business,1,0,2.09,1,1.26
2026-09-09,Belmont,R2 1200m Mdn,2,262117100,102561520,7,Our Mane Man,3,0,6.03,0,1.82
2026-09-09,Belmont,R3 1200m Mdn,3,262117109,2602077,7,Gunning For Gold,3,0,10.55,1,2.83
2026-09-09,Belmont,R3 1200m Mdn,3,262117109,90181589,1,Call Me Invincible,2,0,3.48,1,1.39
2026-09-09,Belmont,R3 1200m Mdn,3,262117109,102561535,3,Arno River,4,0,12.66,0,3.14
2026-09-09,Belmont,,3,262117109,102561536,5,Just Petty Cash,5,,,,
2026-09-09,Belmont,R3 1200m Mdn,3,262117109,102561539,10,Second Draft,1,0,7.82,0,2.64
2026-09-09,Belmont,R4 1000m Hcap,4,262117118,89670875,9,Kute As Kan Be,5,0,17.44,1,2.39
2026-09-09,Belmont,R4 1000m Hcap,4,262117118,102561546,1,Empire Of Rome,3,0,70.0,0,8.2
2026-09-09,Belmont,R4 1000m Hcap,4,262117118,102561549,4,Star Martini,2,0,1.61,1,1.14
2026-09-09,Belmont,R4 1000m Hcap,4,262117118,102561550,5,Supersmash,4,1,8.46,1,1.78
2026-09-09,Belmont,R4 1000m Hcap,4,262117118,102561551,7,Mon Visage,1,0,13.0,0,1.97
2026-09-09,Belmont,R5 1000m CL3,5,262117127,1056701,2,Kings Drama,3,0,11.0,0,2.75
2026-09-09,Belmont,R5 1000m CL3,5,262117127,76248446,1,Last Stylebender,1,0,3.0,1,1.41
2026-09-09,Belmont,R5 1000m CL3,5,262117127,82080785,8,Snip Of Romance,5,0,27.93,0,5.4
2026-09-09,Belmont,R5 1000m CL3,5,262117127,83642854,6,Anaballistic,4,1,10.5,1,2.8
2026-09-09,Belmont,R5 1000m CL3,5,262117127,86555027,3,Yamashitas Gold,2,0,4.3,0,1.6
2026-09-09,Belmont,R6 1400m CL1,6,262117136,78689389,9,Rising Fame,2,0,8.8,0,2.76
2026-09-09,Belmont,R6 1400m CL1,6,262117136,80363813,2,Beaus A Lad,4,0,34.59,0,6.8
2026-09-09,Belmont,R6 1400m CL1,6,262117136,101781640,11,Perfume Princess,5,1,27.0,1,5.07
2026-09-09,Belmont,R6 1400m CL1,6,262117136,102561555,5,Hot Chix Lane,3,0,4.56,0,1.67
2026-09-09,Belmont,R6 1400m CL1,6,262117136,102561557,8,Cassandra,1,0,2.4,1,1.44
2026-09-09,Belmont,R7 1700m Hcap,7,262117145,76574742,2,Lien Hyphen,5,0,12.5,0,3.3
2026-09-09,Belmont,R7 1700m Hcap,7,262117145,84374361,6,Impressive Jewel,3,0,4.0,1,1.62
2026-09-09,Belmont,R7 1700m Hcap,7,262117145,94410206,7,The Nun,2,0,11.0,0,2.74
2026-09-09,Belmont,R7 1700m Hcap,7,262117145,102030402,1,Back To Bondi,1,1,3.61,1,1.63
2026-09-09,Belmont,R7 1700m Hcap,7,262117145,102561558,3,Rosie Can Run,4,0,6.25,1,2.3
2026-09-09,Belmont,R8 1300m CL3,8,262117154,79525318,2,Cleanemup,1,0,7.07,0,2.02
2026-09-09,Belmont,R8 1300m CL3,8,262117154,82538632,5,Polyvanova,5,0,16.9,1,4.1
2026-09-09,Belmont,R8 1300m CL3,8,262117154,90286877,1,Radiant Light,3,0,3.04,0,1.38
2026-09-09,Belmont,R8 1300m CL3,8,262117154,94921422,11,Cable Rock,4,1,6.6,1,2.21
2026-09-09,Belmont,R8 1300m CL3,8,262117154,102561560,8,Surround Me,2,0,4.5,0,1.77
2026-09-09,Devonport,R1 1150m CL3,1,262116198,3394875,3,Wild Dancer,4,0,50.0,0,8.0
2026-09-09,Devonport,R1 1150m CL3,1,262116198,75480959,1,Glory Mission,1,1,7.2,1,1.58
2026-09-09,Devonport,R1 1150m CL3,1,262116198,80438358,5,Outbush,5,0,65.0,0,9.6
2026-09-09,Devonport,R1 1150m CL3,1,262116198,93320637,6,Thickskinned,3,0,29.43,1,4.94
2026-09-09,Devonport,R1 1150m CL3,1,262116198,93320641,2,Ozonica,2,0,1.26,0,1.1
2026-09-09,Devonport,R2 1150m Mdn,2,262116204,98959661,4,Awesome Orphan,2,0,13.5,1,4.53
2026-09-09,Devonport,R2 1150m Mdn,2,262116204,102292204,2,Out Of The Sphere,4,1,2.86,1,1.83
2026-09-09,Devonport,R2 1150m Mdn,2,262116204,102560734,5,Blue Rendezvous,5,0,5.31,0,2.87
2026-09-09,Devonport,R2 1150m Mdn,2,262116204,102560735,6,Jock Rock,1,0,4.16,0,1.97
2026-09-09,Devonport,R2 1150m Mdn,2,262116204,102560736,7,Flying Further,3,0,12.0,0,4.5
2026-09-09,Devonport,R3 1650m Mdn,3,262116210,845463,4,Sir William,5,0,6.7,0,3.15
2026-09-09,Devonport,R3 1650m Mdn,3,262116210,85778561,1,Guber,4,0,9.75,0,4.6
2026-09-09,Devonport,R3 1650m Mdn,3,262116210,91432795,2,Nicalbi,3,1,16.66,1,7.2
2026-09-09,Devonport,R3 1650m Mdn,3,262116210,102560737,3,Shines Discreetly,2,0,5.3,0,3.29
2026-09-09,Devonport,R3 1650m Mdn,3,262116210,102560740,7,Lyrebird Lady,1,0,3.8,0,2.14
2026-09-09,Devonport,R4 1650m Hcap,4,262116216,42333126,1,Flossing,1,0,5.49,0,2.85
2026-09-09,Devonport,R4 1650m Hcap,4,262116216,68383567,5,Kireina Marubrah,4,0,8.29,1,3.43
2026-09-09,Devonport,R4 1650m Hcap,4,262116216,83119038,4,Al Maximus,5,0,5.48,0,2.8
2026-09-09,Devonport,R4 1650m Hcap,4,262116216,83378949,3,Eaglefurther,3,1,4.58,1,2.58
2026-09-09,Devonport,R4 1650m Hcap,4,262116216,99982995,6,Alpine Trout,2,0,24.0,0,7.89
2026-09-09,Devonport,R5 1150m Hcap,5,262116222,40113139,2,Alpine Wolf,2,0,10.0,0,3.07
2026-09-09,Devonport,R5 1150m Hcap,5,262116222,54670587,1,Tsunami Sam,4,0,15.5,0,4.7
2026-09-09,Devonport,R5 1150m Hcap,5,262116222,63161665,5,Cherokee Dancer,5,0,36.0,0,5.91
2026-09-09,Devonport,R5 1150m Hcap,5,262116222,89301814,4,Thoros Of Myr,3,0,9.73,0,2.53
2026-09-09,Devonport,R5 1150m Hcap,5,262116222,92702964,3,Hartman,1,0,1.42,1,1.23
2026-09-09,Devonport,R6 1150m CL1,6,262116228,796072,2,Party Day,5,0,4.07,0,1.92
2026-09-09,Devonport,R6 1150m CL1,6,262116228,1169696,9,Lady Fern,2,0,24.38,0,6.2
2026-09-09,Devonport,R6 1150m CL1,6,262116228,83379178,6,Brave Jet,4,1,4.3,1,1.85
2026-09-09,Devonport,R6 1150m CL1,6,262116228,100232740,4,Dissalto,3,0,8.05,1,2.6
2026-09-09,Devonport,R6 1150m CL1,6,262116228,102560742,3,Geegees Mercedes,1,0,8.51,1,2.68
2026-09-09,Devonport,R7 1350m CL1,7,262116234,74227017,5,Knights Reign,5,0,12.0,1,2.99
2026-09-09,Devonport,R7 1350m CL1,7,262116234,99731440,6,Nandi Clan,3,0,32.81,0,6.42
2026-09-09,Devonport,R7 1350m CL1,7,262116234,100232424,8,Snowdonia,1,1,13.46,1,3.46
2026-09-09,Devonport,R7 1350m CL1,7,262116234,102560745,2,Wolf Junior,2,0,2.83,1,1.34
2026-09-09,Devonport,R7 1350m CL1,7,262116234,102560746,4,Fierce N Fabulous,4,0,13.2,0,2.94
2026-09-09,Devonport,R8 1880m Hcap,8,262116240,28514003,7,Azonto,2,0,2.56,1,1.72
2026-09-09,Devonport,R8 1880m Hcap,8,262116240,42412988,5,Happy Clan,3,0,22.0,0,7.59
2026-09-09,Devonport,R8 1880m Hcap,8,262116240,59354807,2,The Longest Yard,4,0,5.8,0,2.64
2026-09-09,Devonport,R8 1880m Hcap,8,262116240,63859835,3,Shy Guy,5,1,11.92,1,3.91
2026-09-09,Devonport,R8 1880m Hcap,8,262116240,79767358,4,Zewinna,1,0,7.2,0,3.33
2026-09-09,Devonport,R9 1350m Hcap,9,262116246,4842074,2,Chicane,5,1,4.78,1,2.2
2026-09-09,Devonport,R9 1350m Hcap,9,262116246,5327476,3,Cool Heart,2,0,10.97,1,4.12
2026-09-09,Devonport,R9 1350m Hcap,9,262116246,41642203,5,Alpine Blast,3,0,10.43,0,4.1
2026-09-09,Devonport,R9 1350m Hcap,9,262116246,51177791,1,The Spirit Of Zero,4,0,6.6,0,3.1
2026-09-09,Devonport,R9 1350m Hcap,9,262116246,58671809,4,Thisismyturf,1,0,9.7,0,4.96
2026-09-09,Ipswich,R2 1350m 3yo,2,262115900,92460265,10,Win Star,1,0,2.12,1,1.19
2026-09-09,Ipswich,R2 1350m 3yo,2,262115900,102609270,1,Crazy Eights,3,0,9.6,0,2.24
2026-09-09,Ipswich,R2 1350m 3yo,2,262115900,102609271,2,Threeeyedwitch,2,0,13.92,1,2.38
2026-09-09,Ipswich,R2 1350m 3yo,2,262115900,102609276,7,Flying Mig,5,0,370.0,0,34.0
2026-09-09,Ipswich,R2 1350m 3yo,2,262115900,102609277,9,Hit A Lick,4,0,15.5,0,2.83
2026-09-09,Ipswich,R3 800m Hcap,3,262115909,54439635,1,Wondereach,1,0,5.5,1,2.43
2026-09-09,Ipswich,R3 800m Hcap,3,262115909,59186738,4,Vegas Raider,4,0,8.4,0,3.47
2026-09-09,Ipswich,R3 800m Hcap,3,262115909,67077185,6,Dont Call Me Honey,5,0,32.0,0,12.5
2026-09-09,Ipswich,R3 800m Hcap,3,262115909,72948467,3,State In Texas,2,1,2.78,1,1.72
2026-09-09,Ipswich,R3 800m Hcap,3,262115909,90755947,5,Diamantina Rose,3,0,3.26,0,2.14
2026-09-09,Ipswich,R4 1350m Hcap,4,262115918,1317604,1,Apollo Ten,2,0,75.0,0,8.02
2026-09-09,Ipswich,R4 1350m Hcap,4,262115918,78978448,11,Bolshevic Road,5,0,42.0,0,5.1
2026-09-09,Ipswich,R4 1350m Hcap,4,262115918,90524710,8,Lebanese,3,1,2.5,1,1.32
2026-09-09,Ipswich,R4 1350m Hcap,4,262115918,97631460,6,Kadesky,4,0,17.0,1,3.2
2026-09-09,Ipswich,R4 1350m Hcap,4,262115918,102609336,7,Till Dusk,1,0,9.09,0,2.14
2026-09-09,Ipswich,R5 1350m Hcap,5,262115927,51635953,3,Sir Beveridge,4,0,22.0,1,4.6
2026-09-09,Ipswich,R5 1350m Hcap,5,262115927,71651413,10,Poutchek,2,0,21.15,0,3.45
2026-09-09,Ipswich,R5 1350m Hcap,5,262115927,73676968,6,Royal Gladiator,5,0,7.6,1,2.14
2026-09-09,Ipswich,R5 1350m Hcap,5,262115927,76390685,1,Barrelling,1,0,1.69,0,1.26
2026-09-09,Ipswich,R5 1350m Hcap,5,262115927,94376231,8,Capital Chord,3,0,13.82,0,2.42
2026-09-09,Ipswich,R6 1200m CL1,6,262115936,84374054,1,Dyami,2,0,8.0,1,2.46
2026-09-09,Ipswich,R6 1200m CL1,6,262115936,85180891,6,Maquisa,3,0,7.9,0,2.22
2026-09-09,Ipswich,R6 1200m CL1,6,262115936,101328066,15,Katie Aine,4,0,4.45,0,2.12
2026-09-09,Ipswich,R6 1200m CL1,6,262115936,102609320,7,Murkado,1,0,3.01,1,1.5
2026-09-09,Ipswich,R6 1200m CL1,6,262115936,102609323,12,Sum Invictus,5,0,38.0,0,7.25
2026-09-09,Ipswich,R7 1100m Hcap,7,262115945,3232711,13,Meet George,3,0,6.2,1,1.95
2026-09-09,Ipswich,R7 1100m Hcap,7,262115945,28203651,8,Sequel,5,0,2.86,0,1.54
2026-09-09,Ipswich,R7 1100m Hcap,7,262115945,77020881,9,Vanessi,1,0,9.65,1,2.33
2026-09-09,Ipswich,R7 1100m Hcap,7,262115945,77020881,9,Vanessi,2,0,9.65,1,2.33
2026-09-09,Ipswich,R7 1100m Hcap,7,262115945,100957723,4,Yoweri,4,1,4.64,1,1.76
2026-09-09,Ipswich,R1 1710m Mdn,1,262197050,94181850,5,Lottery Link,2,0,8.6,1,1.65
2026-09-09,Ipswich,R1 1710m Mdn,1,262197050,94181850,5,Lottery Link,2,0,8.6,0,
2026-09-09,Ipswich,R1 1710m Mdn,1,262197050,102607756,10,Maremoto,4,0,3.68,1,1.34
2026-09-09,Ipswich,R1 1710m Mdn,1,262197050,102607756,10,Maremoto,4,0,3.68,0,
2026-09-09,Ipswich,R1 1710m Mdn,1,262197050,102609260,6,Rubicks Shadow,5,0,140.0,0,12.0
2026-09-09,Ipswich,R1 1710m Mdn,1,262197050,102609260,6,Rubicks Shadow,5,0,140.0,0,
2026-09-09,Ipswich,R1 1710m Mdn,1,262197050,102609262,11,Sir Arrogonce,1,1,2.01,0,
2026-09-09,Ipswich,R1 1710m Mdn,1,262197050,102609262,11,Sir Arrogonce,1,1,2.01,1,1.14
2026-09-09,Ipswich,R1 1710m Mdn,1,262197050,102609264,14,Konigstein,3,0,26.0,0,
2026-09-09,Ipswich,R1 1710m Mdn,1,262197050,102609264,14,Konigstein,3,0,26.0,0,3.37
2026-09-09,Murray Bridge,R1 2000m Mdn,1,262117163,48073742,6,Son Of Vadamos,3,0,7.89,0,3.18
2026-09-09,Murray Bridge,R1 2000m Mdn,1,262117163,78432319,5,Orchard Thief,5,0,150.0,0,32.77
2026-09-09,Murray Bridge,R1 2000m Mdn,1,262117163,102292296,2,Chilly Bro,4,0,16.0,0,5.9
2026-09-09,Murray Bridge,R1 2000m Mdn,1,262117163,102292297,3,Didactic,2,1,5.5,1,2.78
2026-09-09,Murray Bridge,R1 2000m Mdn,1,262117163,102292298,7,Winstons Pride,1,0,2.5,1,1.52
2026-09-09,Murray Bridge,R2 1600m Mdn,2,262117172,82602449,10,Pretty Morsel,4,0,19.81,1,4.21
2026-09-09,Murray Bridge,R2 1600m Mdn,2,262117172,89059889,8,Khorasan,3,0,5.49,0,1.77
2026-09-09,Murray Bridge,R2 1600m Mdn,2,262117172,90755564,3,Red Ripples,5,0,3.5,0,1.52
2026-09-09,Murray Bridge,R2 1600m Mdn,2,262117172,92743884,9,Or Am I,1,1,23.88,1,5.0
2026-09-09,Murray Bridge,R2 1600m Mdn,2,262117172,102560775,5,Blabber Mouth,2,0,13.0,0,3.16
2026-09-09,Murray Bridge,R3 1100m Mdn,3,262117181,101328177,3,Simply Mac,2,1,6.16,1,1.9
2026-09-09,Murray Bridge,R3 1100m Mdn,3,262117181,102560778,5,Bold Starlet,1,0,23.0,0,3.7
2026-09-09,Murray Bridge,R3 1100m Mdn,3,262117181,102560779,7,Secret Owl,3,0,94.96,0,10.5
2026-09-09,Murray Bridge,R3 1100m Mdn,3,262117181,102560780,8,Upsanddowns,5,0,16.38,1,3.64
2026-09-09,Murray Bridge,R3 1100m Mdn,3,262117181,102560781,9,Asternal Love,4,0,2.28,0,1.27
2026-09-09,Murray Bridge,R4 1100m Mdn,4,262117190,6890055,3,Never Pegasus,1,0,4.1,1,1.77
2026-09-09,Murray Bridge,R4 1100m Mdn,4,262117190,28763661,6,Danceable,5,0,85.0,0,13.5
2026-09-09,Murray Bridge,R4 1100m Mdn,4,262117190,101609881,11,Princess Daisy,4,0,3.16,0,1.38
2026-09-09,Murray Bridge,R4 1100m Mdn,4,262117190,102560787,5,Zerealm,2,1,6.29,1,1.8
2026-09-09,Murray Bridge,R4 1100m Mdn,4,262117190,102560790,10,Gladiac,3,0,10.97,0,2.68
2026-09-09,Murray Bridge,R5 1000m CL1,5,262117199,86275634,12,Reoffer,3,0,12.0,0,3.36
2026-09-09,Murray Bridge,R5 1000m CL1,5,262117199,86820484,6,Elegant Lilly,4,0,29.12,0,5.71
2026-09-09,Murray Bridge,R5 1000m CL1,5,262117199,94352793,11,Miss Kasei,5,0,24.0,0,6.0
2026-09-09,Murray Bridge,R5 1000m CL1,5,262117199,101163199,2,Finnbar Mccool,2,0,55.0,0,10.0
2026-09-09,Murray Bridge,R5 1000m CL1,5,262117199,102560796,9,Maysoonfly,1,0,15.0,1,3.9
2026-09-09,Murray Bridge,R6 1200m Hcap,6,262117208,4232560,9,Zenacity,4,0,11.5,0,3.3
2026-09-09,Murray Bridge,R6 1200m Hcap,6,262117208,70570704,10,Trantoro,3,0,9.6,1,3.05
2026-09-09,Murray Bridge,R6 1200m Hcap,6,262117208,81517765,7,Damelli,1,0,10.0,1,3.32
2026-09-09,Murray Bridge,R6 1200m Hcap,6,262117208,96115738,5,Pretty Perky,2,1,19.5,1,5.4
2026-09-09,Murray Bridge,R6 1200m Hcap,6,262117208,102560799,1,Gruelling,5,0,13.6,0,3.85
2026-09-09,Murray Bridge,R7 2000m Hcap,7,262117217,40272822,8,Stratum Pride,3,0,9.71,0,3.04
2026-09-09,Murray Bridge,R7 2000m Hcap,7,262117217,42571687,2,Badonkidonk,5,0,13.0,0,4.12
2026-09-09,Murray Bridge,R7 2000m Hcap,7,262117217,85250562,9,I Love This Song,2,0,14.0,1,4.01
2026-09-09,Murray Bridge,R7 2000m Hcap,7,262117217,86142923,4,Tee Eight,1,0,22.45,1,5.91
2026-09-09,Murray Bridge,R7 2000m Hcap,7,262117217,102560805,1,Valued,4,1,9.19,1,3.28
2026-09-09,Murray Bridge,R8 1600m Hcap,8,262117226,1440642,4,Royal Fox,1,0,5.7,1,2.25
2026-09-09,Murray Bridge,R8 1600m Hcap,8,262117226,7078831,12,Allegedly,5,0,12.34,0,3.66
2026-09-09,Murray Bridge,R8 1600m Hcap,8,262117226,64162233,3,Mr George,2,0,8.55,1,2.98
2026-09-09,Murray Bridge,R8 1600m Hcap,8,262117226,76246393,15,Archdeacon,4,0,51.37,0,10.87
2026-09-09,Murray Bridge,R8 1600m Hcap,8,262117226,102560808,10,I Am Ralph,3,1,15.01,1,4.55
2026-09-09,Randwick,R1 1800m Mdn,1,262112017,85719,1,Gentle Giant,5,1,4.42,1,1.88
2026-09-09,Randwick,R1 1800m Mdn,1,262112017,38204104,9,Royal Princess,2,0,13.5,0,3.77
2026-09-09,Randwick,R1 1800m Mdn,1,262112017,83709892,5,Wizards Star,3,0,16.5,1,3.5
2026-09-09,Randwick,R1 1800m Mdn,1,262112017,90603969,2,Leon Ruben,4,0,19.5,0,3.39
2026-09-09,Randwick,R1 1800m Mdn,1,262112017,101639304,10,Stitzer,1,0,2.79,0,1.59
2026-09-09,Randwick,R2 1550m Mdn,2,262112026,3619034,1,Caviar,4,0,4.3,0,1.89
2026-09-09,Randwick,R2 1550m Mdn,2,262112026,4175386,2,Unhinged,1,0,3.8,1,1.44
2026-09-09,Randwick,R2 1550m Mdn,2,262112026,5828848,4,Wonka,2,1,5.57,1,1.54
2026-09-09,Randwick,R2 1550m Mdn,2,262112026,95069636,9,Zoudeadly,3,0,26.0,0,4.75
2026-09-09,Randwick,R2 1550m Mdn,2,262112026,102134908,6,True Tone,5,0,7.44,0,2.0
2026-09-09,Randwick,R3 1150m 3yo,3,262112035,2322794,3,Threads,2,1,6.0,1,1.39
2026-09-09,Randwick,R3 1150m 3yo,3,262112035,3406315,8,Movie Star,3,0,26.0,0,2.74
2026-09-09,Randwick,R3 1150m 3yo,3,262112035,35453100,9,Rocks Or Diamonds,5,0,30.7,0,3.48
2026-09-09,Randwick,R3 1150m 3yo,3,262112035,102560634,6,I Am Justice,4,0,26.0,1,2.82
2026-09-09,Randwick,R3 1150m 3yo,3,262112035,102560635,7,Low Key,1,0,1.48,1,1.22
2026-09-09,Randwick,R4 1800m Hcap,4,262112044,2591511,5,Columbus,3,1,2.58,1,1.24
2026-09-09,Randwick,R4 1800m Hcap,4,262112044,12198264,2,Mazis,5,0,5.7,0,1.6
2026-09-09,Randwick,R4 1800m Hcap,4,262112044,100164916,1,Funchal,1,0,21.0,0,4.9
2026-09-09,Randwick,R4 1800m Hcap,4,262112044,101328336,10,Supreme Sovereign,2,0,4.56,1,1.76
2026-09-09,Randwick,R4 1800m Hcap,4,262112044,102560636,6,My Charm,4,0,46.0,1,7.2
2026-09-09,Randwick,R5 1550m Hcap,5,262112053,81848628,6,Pieratas Gem,2,0,7.22,0,1.74
2026-09-09,Randwick,R5 1550m Hcap,5,262112053,87205988,1,Nkosi,4,0,55.0,0,8.8
2026-09-09,Randwick,R5 1550m Hcap,5,262112053,92996720,7,King Of Dragons,5,0,16.13,0,3.9
2026-09-09,Randwick,R5 1550m Hcap,5,262112053,99919444,2,Deep Pleasure,1,0,1.9,0,1.24
2026-09-09,Randwick,R5 1550m Hcap,5,262112053,102560638,3,Koolibah,3,0,8.0,1,2.4
2026-09-09,Randwick,R6 1250m Hcap,6,262112062,1332975,4,Cafe Au Lait,1,0,5.8,0,1.6
2026-09-09,Randwick,R6 1250m Hcap,6,262112062,84471480,7,Regal Problem,4,1,1.85,1,1.2
2026-09-09,Randwick,R6 1250m Hcap,6,262112062,92161277,1,Titanium Miss,5,0,58.83,1,7.2
2026-09-09,Randwick,R6 1250m Hcap,6,262112062,96966701,6,Live,3,0,11.5,1,2.82
2026-09-09,Randwick,R6 1250m Hcap,6,262112062,102560642,11,Sphere,2,0,9.6,0,2.18
2026-09-09,Randwick,R7 1250m Hcap,7,262112071,1475443,3,Tough Guy,5,0,12.31,0,2.31
2026-09-09,Randwick,R7 1250m Hcap,7,262112071,72168199,4,Unstopabull,2,0,14.32,1,2.71
2026-09-09,Randwick,R7 1250m Hcap,7,262112071,72379117,7,Komodo Dragon,1,1,2.5,1,1.32
2026-09-09,Randwick,R7 1250m Hcap,7,262112071,87206002,5,Rivendell,3,0,3.54,0,1.5
2026-09-09,Randwick,R7 1250m Hcap,7,262112071,94098693,10,Siragusa,4,0,7.71,1,1.91
2026-09-09,Sandown,R1 1000m Hcap,1,262113585,53407547,7,Walter Spur,3,0,19.0,1,4.3
2026-09-09,Sandown,R1 1000m Hcap,1,262113585,61861448,6,Jakivy,1,1,8.32,1,2.61
2026-09-09,Sandown,R1 1000m Hcap,1,262113585,79330781,8,Pick N Mix,4,0,11.0,0,3.25
2026-09-09,Sandown,R1 1000m Hcap,1,262113585,84659346,5,Foxenberg,5,0,5.4,1,1.94
2026-09-09,Sandown,R1 1000m Hcap,1,262113585,95301221,10,Simply Steffi,2,0,5.7,0,1.98
2026-09-09,Sandown,R2 1200m 3yo,2,262113594,2033372,9,Stipulation,1,0,6.02,1,1.67
2026-09-09,Sandown,R2 1200m 3yo,2,262113594,35683029,1,Ace Strike,2,0,4.73,0,1.62
2026-09-09,Sandown,R2 1200m 3yo,2,262113594,102561074,3,Dispatches,4,0,21.0,0,3.5
2026-09-09,Sandown,R2 1200m 3yo,2,262113594,102561077,6,Full Confidence,3,0,4.4,1,1.59
2026-09-09,Sandown,R2 1200m 3yo,2,262113594,102561078,7,Huntrix,5,0,300.0,0,34.56
2026-09-09,Sandown,R3 2400m Hcap,3,262113603,51313133,11,Shes A Con,2,0,3.31,0,1.47
2026-09-09,Sandown,R3 2400m Hcap,3,262113603,68091248,1,Black Peppermint,3,0,8.24,0,2.54
2026-09-09,Sandown,R3 2400m Hcap,3,262113603,68826211,4,Jaykayann,4,0,14.01,1,4.28
2026-09-09,Sandown,R3 2400m Hcap,3,262113603,92996285,7,Legend Beast,5,0,8.37,0,2.63
2026-09-09,Sandown,R3 2400m Hcap,3,262113603,102561079,8,Chihuly,1,1,8.1,1,2.6
2026-09-09,Sandown,R4 1800m Hcap,4,262113612,4085850,4,Federer,2,0,5.73,1,1.32
2026-09-09,Sandown,R4 1800m Hcap,4,262113612,4085850,4,Federer,3,0,5.73,1,1.32
2026-09-09,Sandown,R4 1800m Hcap,4,262113612,82345364,8,Just Too Fly,5,0,29.58,0,4.38
2026-09-09,Sandown,R4 1800m Hcap,4,262113612,84629840,10,Emperor Tzu,1,1,3.46,1,1.15
2026-09-09,Sandown,R4 1800m Hcap,4,262113612,102561081,11,Gold Chariot,4,0,2.0,1,1.09
2026-09-09,Sandown,R5 1000m 3yo,5,262113621,6813944,2,Jacaranda,5,0,8.0,1,2.06
2026-09-09,Sandown,R5 1000m 3yo,5,262113621,99460162,1,Tales Of Time,2,1,1.93,1,1.22
2026-09-09,Sandown,R5 1000m 3yo,5,262113621,102561084,6,London Fields,4,0,50.0,0,8.8
2026-09-09,Sandown,R5 1000m 3yo,5,262113621,102561085,7,Mystical Realm,3,0,15.91,0,2.96
2026-09-09,Sandown,R5 1000m 3yo,5,262113621,102561087,10,Home Invasion,1,0,17.26,0,3.72
2026-09-09,Sandown,R6 1000m Hcap,6,262113630,860938,7,Egerton,2,0,18.0,0,4.64
2026-09-09,Sandown,R6 1000m Hcap,6,262113630,7633659,5,Romantic Miss,4,0,15.57,1,3.86
2026-09-09,Sandown,R6 1000m Hcap,6,262113630,23485104,9,Arabella Star,5,0,19.89,0,4.41
2026-09-09,Sandown,R6 1000m Hcap,6,262113630,93207382,6,Divine Dot,1,0,3.61,0,1.61
2026-09-09,Sandown,R6 1000m Hcap,6,262113630,102561088,4,Vain Champagne,3,0,11.55,0,3.09
2026-09-09,Sandown,R7 1300m Grp3,7,262113639,3395103,5,Amenable,5,0,9.06,1,2.2
2026-09-09,Sandown,R7 1300m Grp3,7,262113639,70385796,8,Klabel,4,0,23.16,0,4.2
2026-09-09,Sandown,R7 1300m Grp3,7,262113639,73221142,6,Persian Spirit,3,0,3.0,0,1.33
2026-09-09,Sandown,R7 1300m Grp3,7,262113639,77688559,3,Warnie,2,1,4.5,1,1.48
2026-09-09,Sandown,R7 1300m Grp3,7,262113639,102366938,11,Tennessee Bound,1,0,4.6,1,1.7
2026-09-09,Sandown,R8 1600m Hcap,8,262113648,6481854,4,Stay Silent,2,0,6.8,0,2.08
2026-09-09,Sandown,R8 1600m Hcap,8,262113648,80091909,9,Farhh Flung,3,0,16.47,0,3.47
2026-09-09,Sandown,R8 1600m Hcap,8,262113648,82278025,5,Changing Colours,1,1,2.18,1,1.27
2026-09-09,Sandown,R8 1600m Hcap,8,262113648,102366939,11,Bur Dubai,4,0,49.8,0,7.95
2026-09-09,Sandown,R8 1600m Hcap,8,262113648,102366943,15,Somewhere,5,0,8.0,1,2.22
2026-09-09,Sandown,R9 1400m Hcap,9,262113657,63164055,2,Savitri,2,0,2.48,0,1.38
2026-09-09,Sandown,R9 1400m Hcap,9,262113657,84182728,8,Hi Val,1,0,7.0,0,2.2
2026-09-09,Sandown,R9 1400m Hcap,9,262113657,91116099,3,Geffina,3,1,14.18,1,3.42
2026-09-09,Sandown,R9 1400m Hcap,9,262113657,102561090,6,Castellito,5,0,7.4,1,2.24
2026-09-09,Sandown,R9 1400m Hcap,9,262113657,102561092,12,Jenni You Think,4,0,10.0,1,2.43
2026-09-09,Sandown,R10 1400m Hcap,10,262113666,66240127,3,Kahhof,4,0,10.5,0,2.42
2026-09-09,Sandown,R10 1400m Hcap,10,262113666,75084847,10,Lovelycut,3,0,11.0,0,2.34
2026-09-09,Sandown,R10 1400m Hcap,10,262113666,94688662,2,Buccleuch,1,1,1.74,1,1.22
2026-09-09,Sandown,R10 1400m Hcap,10,262113666,94985024,6,Romantic Encounter,5,0,24.48,0,4.9
2026-09-09,Sandown,R10 1400m Hcap,10,262113666,102561095,14,Fear No Evil,2,0,32.07,1,5.9
2026-09-10,Bunbury,R1 1200m Mdn,1,262184746,1198176,10,Royal Reflection,3,1,2.12,1,1.24
2026-09-10,Bunbury,R1 1200m Mdn,1,262184746,102562588,3,Gods Enchantment,2,0,3.6,0,1.45
2026-09-10,Bunbury,R1 1200m Mdn,1,262184746,102562591,5,Biff Bam Boom,1,0,16.0,0,2.54
2026-09-10,Bunbury,R1 1200m Mdn,1,262184746,102562594,7,Marobi Express,5,0,85.55,0,10.5
2026-09-10,Bunbury,R1 1200m Mdn,1,262184746,102562595,8,Aura Magna,4,0,27.0,1,3.7
2026-09-10,Bunbury,R2 1675m Mdn,2,262184750,102031705,10,Back In The Fold,5,1,7.8,1,2.06
2026-09-10,Bunbury,R2 1675m Mdn,2,262184750,102562604,1,Mystacheeno,4,0,13.68,0,3.04
2026-09-10,Bunbury,R2 1675m Mdn,2,262184750,102562609,2,No Days Off,2,0,80.0,0,10.36
2026-09-10,Bunbury,R2 1675m Mdn,2,262184750,102562612,4,Flavoursome,3,0,16.0,1,3.39
2026-09-10,Bunbury,R2 1675m Mdn,2,262184750,102562613,5,Boutique Belle,1,0,1.83,1,1.17
2026-09-10,Bunbury,R3 1675m CL1,3,262184754,95581774,6,Heavenly Rapture,1,0,8.26,0,2.14
2026-09-10,Bunbury,R3 1675m CL1,3,262184754,96183106,5,Solo Vega,3,0,5.46,1,1.96
2026-09-10,Bunbury,R3 1675m CL1,3,262184754,101102547,3,The Scholar,5,1,8.57,1,2.8
2026-09-10,Bunbury,R3 1675m CL1,3,262184754,102562616,1,Barney Rommel,4,0,4.05,1,1.7
2026-09-10,Bunbury,R3 1675m CL1,3,262184754,102562618,7,Ah Kum,2,0,4.9,0,1.86
2026-09-10,Bunbury,R4 1100m Mdn,4,262184758,93775678,11,Jewel Of Zavala,1,0,90.0,0,15.5
2026-09-10,Bunbury,R4 1100m Mdn,4,262184758,100415053,2,Che Figata,3,0,11.64,0,3.39
2026-09-10,Bunbury,R4 1100m Mdn,4,262184758,101555009,7,Playa Del Sol,4,0,8.0,1,2.5
2026-09-10,Bunbury,R4 1100m Mdn,4,262184758,102562622,9,Champagne Talks,2,0,9.56,0,2.97
2026-09-10,Bunbury,R4 1100m Mdn,4,262184758,102562624,13,Pistone,5,1,2.88,1,1.64
2026-09-10,Bunbury,R5 1400m Mdn,5,262184762,96913545,3,Gilded Reign,4,0,16.33,0,4.49
2026-09-10,Bunbury,R5 1400m Mdn,5,262184762,100633664,1,Win For Buster,3,0,15.04,0,4.13
2026-09-10,Bunbury,R5 1400m Mdn,5,262184762,101328687,9,Sweet Issy,5,0,8.88,1,2.69
2026-09-10,Bunbury,R5 1400m Mdn,5,262184762,102562630,5,Zalis Gift,2,0,4.3,0,1.87
2026-09-10,Bunbury,R5 1400m Mdn,5,262184762,102562631,15,Playing Solo,1,1,4.89,1,1.98
2026-09-10,Bunbury,R6 1200m CL3,6,262184766,69067378,5,Run Pattie Run,1,0,18.5,1,4.48
2026-09-10,Bunbury,R6 1200m CL3,6,262184766,72583964,2,Hyperreal,4,0,13.08,0,3.0
2026-09-10,Bunbury,R6 1200m CL3,6,262184766,75046343,6,Admire The Girl,3,0,55.0,0,8.53
2026-09-10,Bunbury,R6 1200m CL3,6,262184766,82046882,7,Countess Of Kenna,5,0,48.81,0,9.78
2026-09-10,Bunbury,R6 1200m CL3,6,262184766,95344869,1,Lash Out,2,1,8.63,1,2.38
2026-09-10,Bunbury,R7 1400m CL5,7,262184770,50530135,5,Aintsobad,5,0,5.69,0,2.31
2026-09-10,Bunbury,R7 1400m CL5,7,262184770,69829962,3,More Than Enuff,3,0,19.93,0,5.69
2026-09-10,Bunbury,R7 1400m CL5,7,262184770,81563896,1,Dont Trust Judas,2,0,11.69,0,3.5
2026-09-10,Bunbury,R7 1400m CL5,7,262184770,89018031,10,Leaving Las Vegas,4,0,27.32,0,6.39
2026-09-10,Bunbury,R7 1400m CL5,7,262184770,90457931,2,Summers Legacy,1,0,6.4,0,2.5
2026-09-10,Hawkesbury,R1 1600m CL1,1,262184809,8136221,3,Hitch,4,0,3.6,1,1.45
2026-09-10,Hawkesbury,R1 1600m CL1,1,262184809,82602318,2,Costabit,2,0,7.2,0,1.73
2026-09-10,Hawkesbury,R1 1600m CL1,1,262184809,102600250,1,Philatelic,1,1,2.37,1,1.26
2026-09-10,Hawkesbury,R1 1600m CL1,1,262184809,102600251,4,Derry City Felix,5,0,29.7,1,3.65
2026-09-10,Hawkesbury,R1 1600m CL1,1,262184809,102600252,5,I Am Brave,3,0,10.5,0,2.0
2026-09-10,Hawkesbury,R2 2000m Hcap,2,262184812,66032949,1,Fays Angels,4,1,3.76,1,1.64
2026-09-10,Hawkesbury,R2 2000m Hcap,2,262184812,73138260,6,Green Pineapple,5,0,11.16,0,2.92
2026-09-10,Hawkesbury,R2 2000m Hcap,2,262184812,79292108,3,Laspirit Deeler,1,0,7.6,0,2.3
2026-09-10,Hawkesbury,R2 2000m Hcap,2,262184812,86620379,8,Vieste,2,0,44.0,0,6.2
2026-09-10,Hawkesbury,R2 2000m Hcap,2,262184812,99241449,4,Prefer Diamonds,3,0,2.81,1,1.36
2026-09-10,Hawkesbury,R3 1500m Mdn,3,262184815,1290580,1,Comanche Chief,2,0,2.53,1,1.24
2026-09-10,Hawkesbury,R3 1500m Mdn,3,262184815,6861533,2,Power Broker,1,1,2.62,1,1.33
2026-09-10,Hawkesbury,R3 1500m Mdn,3,262184815,19097809,3,Gold Earth,4,0,14.71,0,2.92
2026-09-10,Hawkesbury,R3 1500m Mdn,3,262184815,92537245,9,Warm Front,3,0,17.94,0,3.89
2026-09-10,Hawkesbury,R3 1500m Mdn,3,262184815,94447780,7,Navy Slippers,5,0,18.5,1,3.58
2026-09-10,Hawkesbury,R4 1100m Mdn,4,262184818,74240609,2,Moon Flash,2,0,25.0,0,4.6
2026-09-10,Hawkesbury,R4 1100m Mdn,4,262184818,101809885,7,Kiowa,4,0,100.0,0,12.5
2026-09-10,Hawkesbury,R4 1100m Mdn,4,262184818,102600255,3,Beyond The Reef,1,0,3.23,1,1.44
2026-09-10,Hawkesbury,R4 1100m Mdn,4,262184818,102600256,4,Clinger Power,3,0,14.48,0,2.83
2026-09-10,Hawkesbury,R4 1100m Mdn,4,262184818,102600258,9,Pailleron,5,1,3.51,1,1.45
2026-09-10,Hawkesbury,R5 1100m Mdn,5,262184821,1175956,10,Not On My Watch,1,1,1.59,1,1.09
2026-09-10,Hawkesbury,R5 1100m Mdn,5,262184821,96218537,3,Hellfire Henry,4,0,93.07,0,5.79
2026-09-10,Hawkesbury,R5 1100m Mdn,5,262184821,102600263,1,Camden Cove,2,0,3.67,0,1.27
2026-09-10,Hawkesbury,R5 1100m Mdn,5,262184821,102600264,5,Markos Port,3,0,92.32,1,7.95
2026-09-10,Hawkesbury,R5 1100m Mdn,5,262184821,102600270,14,Andhes Brave,5,0,120.0,0,6.64
2026-09-10,Hawkesbury,R6 1100m Hcap,6,262184824,50560259,1,Los Padres,3,0,9.96,1,2.57
2026-09-10,Hawkesbury,R6 1100m Hcap,6,262184824,86275556,2,Shalaa Gold,2,0,5.3,0,1.75
2026-09-10,Hawkesbury,R6 1100m Hcap,6,262184824,93574185,5,At Her Mercy,4,0,3.99,1,1.59
2026-09-10,Hawkesbury,R6 1100m Hcap,6,262184824,100487010,4,Mrs Flanders,5,0,6.62,0,2.16
2026-09-10,Hawkesbury,R6 1100m Hcap,6,262184824,102600273,6,Lady Of The Castle,1,1,4.49,1,1.68
2026-09-10,Hawkesbury,R7 1300m Mdn,7,262184827,102600274,1,Kawerau,2,0,38.17,0,5.77
2026-09-10,Hawkesbury,R7 1300m Mdn,7,262184827,102600276,3,Loreal Belle,3,0,9.4,0,2.58
2026-09-10,Hawkesbury,R7 1300m Mdn,7,262184827,102600277,5,Call Me Coach,5,1,4.45,1,2.24
2026-09-10,Hawkesbury,R7 1300m Mdn,7,262184827,102600278,7,Parisest Magic,4,0,51.75,0,7.14
2026-09-10,Hawkesbury,R7 1300m Mdn,7,262184827,102600280,10,Seminal,1,0,3.96,1,1.8
2026-09-10,Hawkesbury,R8 1400m Hcap,8,262184830,4322813,3,Stallone,2,0,7.8,1,1.81
2026-09-10,Hawkesbury,R8 1400m Hcap,8,262184830,59453109,2,Sunchyme,3,0,106.2,0,11.26
2026-09-10,Hawkesbury,R8 1400m Hcap,8,262184830,79843840,9,Divine Secrets,4,0,4.27,1,1.64
2026-09-10,Hawkesbury,R8 1400m Hcap,8,262184830,82788201,1,Caltsar,5,0,15.59,0,2.3
2026-09-10,Hawkesbury,R8 1400m Hcap,8,262184830,95579129,12,Concrete Storm,1,1,1.77,1,1.27
2026-09-10,Lismore,R1 1310m Mdn,1,262184632,1535949,8,Sweet September,4,0,8.6,0,1.69
2026-09-10,Lismore,R1 1310m Mdn,1,262184632,102599604,1,Quique,1,1,3.81,1,1.39
2026-09-10,Lismore,R1 1310m Mdn,1,262184632,102599605,2,Airhawk,2,0,4.27,1,1.4
2026-09-10,Lismore,R1 1310m Mdn,1,262184632,102599606,3,Harmonious Stride,3,0,2.75,0,1.31
2026-09-10,Lismore,R1 1310m Mdn,1,262184632,102599608,5,Togarashi,5,0,65.0,1,6.8
2026-09-10,Lismore,R2 1110m Mdn,2,262184635,102599610,1,Bay Of The South,1,0,3.1,0,1.45
2026-09-10,Lismore,R2 1110m Mdn,2,262184635,102599610,1,Bay Of The South,2,0,3.1,0,1.45
2026-09-10,Lismore,R2 1110m Mdn,2,262184635,102599611,2,Divinelle,4,0,6.45,1,1.84
2026-09-10,Lismore,R2 1110m Mdn,2,262184635,102599611,2,Divinelle,5,0,6.45,1,1.84
2026-09-10,Lismore,R2 1110m Mdn,2,262184635,102599619,12,Subsiding,3,0,5.66,0,1.94
2026-09-10,Lismore,R3 1110m Mdn,3,262184638,5120061,3,No Idea,2,0,3.67,1,1.33
2026-09-10,Lismore,R3 1110m Mdn,3,262184638,98417805,2,Hey Kalumba,5,0,33.56,0,5.47
2026-09-10,Lismore,R3 1110m Mdn,3,262184638,102599622,6,Angeleo,4,0,8.61,0,1.49
2026-09-10,Lismore,R3 1110m Mdn,3,262184638,102599625,10,Profiteurs Fil,1,1,1.65,1,1.19
2026-09-10,Lismore,,3,262184638,102599626,11,Raising Suspicion,3,,,,
2026-09-10,Lismore,R4 1110m Hcap,4,262184641,53680025,4,Lady Wardell,1,1,14.0,1,2.32
2026-09-10,Lismore,R4 1110m Hcap,4,262184641,75392481,6,Tonkatsu Goddess,4,0,28.0,1,3.8
2026-09-10,Lismore,R4 1110m Hcap,4,262184641,84147447,2,Poseidons Son,5,0,18.71,0,2.54
2026-09-10,Lismore,R4 1110m Hcap,4,262184641,94985399,1,Tiger Tie,2,0,2.46,0,1.25
2026-09-10,Lismore,R4 1110m Hcap,4,262184641,98214108,5,Dance Gavin Dance,3,0,2.56,1,1.19
2026-09-10,Lismore,R5 1210m CL3,5,262184644,28073885,6,Constellation,2,0,3.43,0,1.37
2026-09-10,Lismore,R5 1210m CL3,5,262184644,63026774,1,Lovewillcomelater,5,0,56.68,0,6.85
2026-09-10,Lismore,R5 1210m CL3,5,262184644,68890244,4,Enhance,1,0,8.8,1,2.45
2026-09-10,Lismore,R5 1210m CL3,5,262184644,91485542,7,Warrior Bae,4,0,3.35,1,1.36
2026-09-10,Lismore,R5 1210m CL3,5,262184644,101183206,3,Swifties,3,1,4.0,1,1.47
2026-09-10,Lismore,R6 1526m Hcap,6,262184647,39340384,6,Encouraged,4,0,4.7,0,2.04
2026-09-10,Lismore,R6 1526m Hcap,6,262184647,66069180,4,Golden Copper,2,0,10.09,0,3.2
2026-09-10,Lismore,R6 1526m Hcap,6,262184647,75480614,1,Caracoron,3,0,41.9,1,11.0
2026-09-10,Lismore,R6 1526m Hcap,6,262184647,92087700,3,Herald Angel,5,0,5.2,1,1.9
2026-09-10,Lismore,R6 1526m Hcap,6,262184647,102599633,2,Vixenette,1,1,8.84,1,3.0
2026-09-10,Lismore,R7 1310m Hcap,7,262184650,809667,4,Transgress,3,1,5.1,1,2.06
2026-09-10,Lismore,R7 1310m Hcap,7,262184650,809667,4,Transgress,4,1,5.1,1,2.06
2026-09-10,Lismore,R7 1310m Hcap,7,262184650,42070182,11,Atomic Selfie,5,0,16.0,0,3.98
2026-09-10,Lismore,R7 1310m Hcap,7,262184650,76051806,7,Stoinka,1,0,24.0,0,5.1
2026-09-10,Lismore,R7 1310m Hcap,7,262184650,102599634,3,Caishen,2,0,2.48,1,1.57
2026-09-10,Seymour,R1 1600m Mdn,1,262184655,102600019,2,Diesel Desmond,3,0,3.9,0,1.42
2026-09-10,Seymour,R1 1600m Mdn,1,262184655,102600023,4,Aerostatique,4,0,16.95,0,3.95
2026-09-10,Seymour,R1 1600m Mdn,1,262184655,102600029,8,Milvian Bridge,5,0,19.88,0,3.99
2026-09-10,Seymour,R1 1600m Mdn,1,262184655,102600030,9,Skua,2,1,4.0,1,1.5
2026-09-10,Seymour,R1 1600m Mdn,1,262184655,102600032,11,Miss Waititi,1,0,3.55,1,1.45
2026-09-10,Seymour,R2 1429m Mdn,2,262184663,1065519,5,Attorney General,5,0,30.0,0,4.6
2026-09-10,Seymour,R2 1429m Mdn,2,262184663,101781671,10,Zoehrer,1,1,2.22,1,1.26
2026-09-10,Seymour,R2 1429m Mdn,2,262184663,102600036,1,Hedjet,3,0,3.98,1,1.45
2026-09-10,Seymour,R2 1429m Mdn,2,262184663,102600037,2,Zverev,4,0,26.0,1,4.84
2026-09-10,Seymour,R2 1429m Mdn,2,262184663,102600038,4,Shiny Diamond,2,0,12.5,0,2.36
2026-09-10,Seymour,R3 1300m 3yo,3,262184671,2162244,7,Platinum Pearl,1,0,2.3,1,1.3
2026-09-10,Seymour,R3 1300m 3yo,3,262184671,102600043,1,Anglais,2,0,3.83,1,1.57
2026-09-10,Seymour,R3 1300m 3yo,3,262184671,102600046,4,Levate,3,0,33.48,0,5.8
2026-09-10,Seymour,R3 1300m 3yo,3,262184671,102600048,6,Nikitria,4,1,9.38,1,2.4
2026-09-10,Seymour,R3 1300m 3yo,3,262184671,102600050,9,Refuse To Curtsy,5,0,25.91,0,4.0
2026-09-10,Seymour,R4 1200m Mdn,4,262184679,9168094,6,Enea,2,0,2.5,1,1.2
2026-09-10,Seymour,R4 1200m Mdn,4,262184679,102600057,3,Tecknoking,5,0,32.75,0,4.5
2026-09-10,Seymour,R4 1200m Mdn,4,262184679,102600060,8,Good Feel,4,0,85.0,0,6.8
2026-09-10,Seymour,R4 1200m Mdn,4,262184679,102600061,10,Pinazaki,3,0,6.0,1,1.62
2026-09-10,Seymour,R4 1200m Mdn,4,262184679,102600062,11,Fiery Fun,1,1,3.22,1,1.34
2026-09-10,Seymour,R5 1200m Hcap,5,262184687,43326955,9,Smart Little Miss,1,0,19.64,0,2.96
2026-09-10,Seymour,R5 1200m Hcap,5,262184687,48672395,3,Powerbound,2,0,14.0,0,2.36
2026-09-10,Seymour,R5 1200m Hcap,5,262184687,90286948,2,Zourain,5,0,6.26,0,1.54
2026-09-10,Seymour,R5 1200m Hcap,5,262184687,91807587,8,Lyrics N Song,3,1,5.9,1,1.72
2026-09-10,Seymour,R5 1200m Hcap,5,262184687,95540851,1,Plunger,4,0,1.94,1,1.3
2026-09-10,Seymour,R6 2046m Hcap,6,262184695,3426503,4,Kiss My Rock,4,0,18.91,0,4.22
2026-09-10,Seymour,R6 2046m Hcap,6,262184695,65292609,5,Jenny The Beaver,3,0,13.61,0,3.25
2026-09-10,Seymour,R6 2046m Hcap,6,262184695,78432911,1,One Long Day,2,0,10.5,0,3.32
2026-09-10,Seymour,R6 2046m Hcap,6,262184695,82857869,7,Covert Thinking,1,1,4.95,1,2.06
2026-09-10,Seymour,R6 2046m Hcap,6,262184695,90457607,8,Mickio,5,0,19.11,0,4.12
2026-09-10,Seymour,R7 1600m Hcap,7,262184703,64084131,6,Cindy Falls,4,0,29.0,0,4.1
2026-09-10,Seymour,R7 1600m Hcap,7,262184703,70666124,1,Sound Of Jura,5,0,40.0,0,4.5
2026-09-10,Seymour,R7 1600m Hcap,7,262184703,71082649,3,Pariah Pearl,1,0,11.5,0,2.22
2026-09-10,Seymour,R7 1600m Hcap,7,262184703,96181504,5,Yauson,2,1,1.66,1,1.19
2026-09-10,Seymour,R7 1600m Hcap,7,262184703,102600067,8,Angland Lass,3,0,6.49,0,1.91
2026-09-10,Seymour,R8 1429m Hcap,8,262184711,4563016,9,Kandinsky,1,0,6.4,0,2.54
2026-09-10,Seymour,R8 1429m Hcap,8,262184711,57377781,5,Impending Shadow,2,0,6.22,0,2.09
2026-09-10,Seymour,R8 1429m Hcap,8,262184711,61724232,10,Tierra,4,0,28.25,1,6.41
2026-09-10,Seymour,R8 1429m Hcap,8,262184711,94615323,1,Master Of The Air,3,0,8.8,1,2.74
2026-09-10,Seymour,R8 1429m Hcap,8,262184711,102600072,7,Mr Butts Boats,5,0,17.5,0,4.08
2026-09-10,Warwick,R1 800m Mdn,1,262184718,4476665,10,Video Vixen,1,1,4.2,1,1.74
2026-09-10,Warwick,R1 800m Mdn,1,262184718,72199734,5,Demes Girl,5,0,14.5,0,3.75
2026-09-10,Warwick,R1 800m Mdn,1,262184718,92997057,4,Brazen Diva,4,0,15.9,1,4.11
2026-09-10,Warwick,R1 800m Mdn,1,262184718,100660791,8,Luminous Girl,2,0,3.88,0,1.93
2026-09-10,Warwick,R1 800m Mdn,1,262184718,102599884,7,Lulu A Natural,3,0,10.56,0,3.2
2026-09-10,Warwick,R2 800m Hcap,2,262184722,969535,1,Runaround Sue,1,0,7.2,0,2.24
2026-09-10,Warwick,R2 800m Hcap,2,262184722,61371503,2,Mr Wandji,4,0,42.0,0,7.0
2026-09-10,Warwick,R2 800m Hcap,2,262184722,98146440,9,Ever So Ready,3,0,8.04,1,2.56
2026-09-10,Warwick,R2 800m Hcap,2,262184722,102599889,10,I Am Gone,5,0,3.6,0,1.58
2026-09-10,Warwick,R2 800m Hcap,2,262184722,102599890,12,Chat Mignon,2,0,6.2,1,2.68
2026-09-10,Warwick,R3 1200m Mdn,3,262184726,92460043,17,City Bound,3,0,6.0,0,1.46
2026-09-10,Warwick,R3 1200m Mdn,3,262184726,94181852,2,Elnajeeb,2,1,2.86,1,1.2
2026-09-10,Warwick,R3 1200m Mdn,3,262184726,102599894,7,Zoubuca Shots,1,0,2.33,1,1.27
2026-09-10,Warwick,R3 1200m Mdn,3,262184726,102599898,13,Ritas Rose,5,0,168.93,0,18.4
2026-09-10,Warwick,R3 1200m Mdn,3,262184726,102599900,15,Mishani Senorita,4,0,28.0,1,3.65
2026-09-10,Warwick,R4 1500m CL3,4,262184730,1296459,6,Venturous,5,0,394.3,0,51.72
2026-09-10,Warwick,R4 1500m CL3,4,262184730,10488307,2,Heavenly Love,2,0,3.33,0,1.68
2026-09-10,Warwick,R4 1500m CL3,4,262184730,71403642,1,Luconi,3,0,4.1,0,2.1
2026-09-10,Warwick,R4 1500m CL3,4,262184730,72199755,5,Standlee,4,0,7.31,0,2.49
2026-09-10,Warwick,R4 1500m CL3,4,262184730,102599904,3,Larusso,1,0,11.5,1,3.0
2026-09-10,Warwick,R5 1100m Hcap,5,262184734,1147434,6,Little Vain,5,0,38.0,0,4.71
2026-09-10,Warwick,R5 1100m Hcap,5,262184734,81264556,2,Zarippa,2,1,6.6,1,1.84
2026-09-10,Warwick,R5 1100m Hcap,5,262184734,88069275,13,Final Voyage,3,0,16.07,1,3.1
2026-09-10,Warwick,R5 1100m Hcap,5,262184734,94136773,12,Icymiss,1,0,1.8,1,1.19
2026-09-10,Warwick,R5 1100m Hcap,5,262184734,102599907,5,King Of Geraldine,4,0,48.0,0,8.2
2026-09-10,Warwick,R6 1350m Hcap,6,262184738,52237997,3,Yes To Excess,1,0,14.34,1,4.6
2026-09-10,Warwick,R6 1350m Hcap,6,262184738,80362287,8,Rare Moon,5,0,8.8,0,2.83
2026-09-10,Warwick,R6 1350m Hcap,6,262184738,101883872,6,Artie Vainqueur,2,1,4.2,1,2.1
2026-09-10,Warwick,R6 1350m Hcap,6,262184738,102599912,1,Fiery Lass,4,0,5.27,0,2.17
2026-09-10,Warwick,R6 1350m Hcap,6,262184738,102599914,4,Heart N Power,3,0,7.2,0,2.25
2026-09-10,Warwick,R7 1350m Hcap,7,262184742,5770715,9,Uncle Russ,5,0,125.0,0,17.03
2026-09-10,Warwick,R7 1350m Hcap,7,262184742,35858047,3,Mister Selfie,4,0,22.41,0,5.05
2026-09-10,Warwick,,7,262184742,60779553,4,Coney Island Baby,1,,,,
2026-09-10,Warwick,R7 1350m Hcap,7,262184742,96747124,14,Water Lad,3,0,6.05,1,2.0
2026-09-10,Warwick,R7 1350m Hcap,7,262184742,102599922,16,Thiem,2,0,26.67,1,5.67
2026-09-11,Bordertown,R1 1550m Mdn,1,262235359,1456075,7,Karma Queen,3,0,7.2,0,2.38
2026-09-11,Bordertown,R1 1550m Mdn,1,262235359,64205537,5,Sir Aali,5,0,29.0,0,5.71
2026-09-11,Bordertown,R1 1550m Mdn,1,262235359,90252187,1,Black Hex,1,0,5.15,1,1.95
2026-09-11,Bordertown,R1 1550m Mdn,1,262235359,99141735,2,Caesours Tomb,4,0,10.6,1,3.05
2026-09-11,Bordertown,R1 1550m Mdn,1,262235359,102633355,6,Gradivus,2,0,3.35,0,1.64
2026-09-11,Bordertown,R2 1100m Mdn,2,262235365,81221617,4,Nic The Cash,5,0,21.0,0,4.3
2026-09-11,Bordertown,R2 1100m Mdn,2,262235365,82818905,7,Dont Say Do,4,0,28.93,0,5.18
2026-09-11,Bordertown,R2 1100m Mdn,2,262235365,92996764,9,Grand Millesime,1,0,4.1,0,1.69
2026-09-11,Bordertown,R2 1100m Mdn,2,262235365,96747407,2,Ilustrious Warrior,2,1,2.8,1,1.35
2026-09-11,Bordertown,R2 1100m Mdn,2,262235365,97693938,10,Just Comet,3,0,5.4,0,1.84
2026-09-11,Bordertown,R3 1550m Hcap,3,262235371,52900225,1,Decimus,2,0,14.5,0,3.35
2026-09-11,Bordertown,R3 1550m Hcap,3,262235371,63859088,4,Hallstatt,5,0,5.3,0,2.0
2026-09-11,Bordertown,R3 1550m Hcap,3,262235371,82603673,2,Flying Shelby,3,0,11.0,1,3.34
2026-09-11,Bordertown,R3 1550m Hcap,3,262235371,101450102,9,Urbanise,4,1,12.5,1,3.65
2026-09-11,Bordertown,R3 1550m Hcap,3,262235371,102633365,6,Splash Of White,1,0,10.0,0,2.68
2026-09-11,Bordertown,R4 1550m Hcap,4,262235377,3650123,11,Sazerac,5,1,8.6,1,3.2
2026-09-11,Bordertown,R4 1550m Hcap,4,262235377,54174394,3,Aussie Pharoah,4,0,12.46,0,3.96
2026-09-11,Bordertown,R4 1550m Hcap,4,262235377,84911331,4,Blue Isles,3,0,3.36,0,1.55
2026-09-11,Bordertown,R4 1550m Hcap,4,262235377,92966022,7,Unwind,2,0,12.07,0,3.3
2026-09-11,Bordertown,R4 1550m Hcap,4,262235377,102633367,8,Shalhavmusik,1,0,6.4,0,2.22
2026-09-11,Bordertown,R5 2000m Hcap,5,262235383,45565672,13,Vivacious Award,4,0,27.0,0,6.4
2026-09-11,Bordertown,R5 2000m Hcap,5,262235383,71082569,6,Divine Fire,2,0,5.5,1,2.26
2026-09-11,Bordertown,R5 2000m Hcap,5,262235383,72444294,2,Collated,5,0,7.2,0,2.61
2026-09-11,Bordertown,R5 2000m Hcap,5,262235383,92996593,7,Yorokobi,3,1,5.05,1,2.08
2026-09-11,Bordertown,R5 2000m Hcap,5,262235383,102633368,8,Fuwari,1,0,10.84,0,3.37
2026-09-11,Bordertown,R6 1300m Hcap,6,262235389,6508460,5,Forever Waiting,5,0,14.5,1,4.16
2026-09-11,Bordertown,R6 1300m Hcap,6,262235389,51809150,10,Impending Diamond,3,0,13.0,0,3.52
2026-09-11,Bordertown,R6 1300m Hcap,6,262235389,85250450,8,Miss Ellaneous,2,1,3.96,1,1.72
2026-09-11,Bordertown,R6 1300m Hcap,6,262235389,96966753,1,Switch Hit,1,0,6.53,1,2.51
2026-09-11,Bordertown,R6 1300m Hcap,6,262235389,101328208,4,Tour De Moon,4,0,28.0,0,6.83
2026-09-11,Bordertown,R7 1200m Hcap,7,262235395,7070196,2,Rob The Bank,1,0,5.1,0,2.04
2026-09-11,Bordertown,R7 1200m Hcap,7,262235395,26133178,6,Melissa Kate,2,0,8.67,0,2.66
2026-09-11,Bordertown,R7 1200m Hcap,7,262235395,44966327,8,Dougal Mckeen,3,0,34.38,0,7.6
2026-09-11,Bordertown,R7 1200m Hcap,7,262235395,51936153,9,Sports Choice,4,0,36.61,0,7.53
2026-09-11,Bordertown,R7 1200m Hcap,7,262235395,61068601,1,Outpost,5,0,6.2,1,2.18
2026-09-11,Bordertown,R8 1200m Hcap,8,262235401,36894922,4,Just Like Lisa,3,0,4.37,1,2.03
2026-09-11,Bordertown,R8 1200m Hcap,8,262235401,46862456,2,Exonumia,4,0,9.0,0,2.88
2026-09-11,Bordertown,R8 1200m Hcap,8,262235401,63296634,6,The Ice Cutter,5,0,7.5,0,2.42
2026-09-11,Bordertown,R8 1200m Hcap,8,262235401,101553694,1,Prodigal Lad,2,0,6.34,0,2.26
2026-09-11,Bordertown,R8 1200m Hcap,8,262235401,102633372,3,Affaire Vue,1,1,5.78,1,2.32
2026-09-11,Bordertown,R9 1200m Hcap,9,262235407,610031,4,Hedonist,2,0,21.09,0,6.8
2026-09-11,Bordertown,R9 1200m Hcap,9,262235407,44781536,11,Startide,4,0,6.15,1,2.24
2026-09-11,Bordertown,R9 1200m Hcap,9,262235407,58176909,10,Piwhane,5,0,11.05,0,2.99
2026-09-11,Bordertown,R9 1200m Hcap,9,262235407,78230144,2,Naralinga,3,1,4.47,1,1.91
2026-09-11,Bordertown,R9 1200m Hcap,9,262235407,79525341,5,Skytalker,1,0,6.54,1,2.36
2026-09-11,Geelong,R1 2400m Mdn,1,262239605,2770626,8,Sitar,4,0,27.95,0,6.1
2026-09-11,Geelong,R1 2400m Mdn,1,262239605,94098929,9,Sobine,3,0,9.2,0,2.67
2026-09-11,Geelong,R1 2400m Mdn,1,262239605,95343856,6,Gaelic Kiwi,2,0,16.5,0,4.1
2026-09-11,Geelong,R1 2400m Mdn,1,262239605,102633182,7,Grinding Away,5,0,10.98,0,3.0
2026-09-11,Geelong,R1 2400m Mdn,1,262239605,102633184,11,Eye Tracker,1,1,2.74,1,1.47
2026-09-11,Geelong,R2 1700m Mdn,2,262239613,93918202,7,His Lady Bay,4,0,36.22,0,5.63
2026-09-11,Geelong,R2 1700m Mdn,2,262239613,100721234,4,Unoyaself,3,0,23.88,0,4.94
2026-09-11,Geelong,R2 1700m Mdn,2,262239613,102633187,8,Rockzino,1,1,2.88,1,1.43
2026-09-11,Geelong,R2 1700m Mdn,2,262239613,102633189,12,Abaya,5,0,4.0,0,1.69
2026-09-11,Geelong,R2 1700m Mdn,2,262239613,102633191,14,Tears Of Happiness,2,0,8.16,0,2.77
2026-09-11,Geelong,R3 1200m CL1,3,262239621,81889979,8,Venetian Choice,5,0,10.5,0,2.65
2026-09-11,Geelong,R3 1200m CL1,3,262239621,102633193,1,Imperial Award,4,1,8.51,1,2.3
2026-09-11,Geelong,R3 1200m CL1,3,262239621,102633195,4,Lope De Lardo,3,0,16.5,0,3.55
2026-09-11,Geelong,R3 1200m CL1,3,262239621,102633196,5,Shapenapit,2,0,17.17,1,3.43
2026-09-11,Geelong,R3 1200m CL1,3,262239621,102633197,6,Bajaria,1,0,3.15,0,1.39
2026-09-11,Geelong,R4 1100m Mdn,4,262239629,94136431,10,Turbo Saint,2,1,3.89,1,1.78
2026-09-11,Geelong,R4 1100m Mdn,4,262239629,101163871,14,Woosh,5,0,26.0,0,6.82
2026-09-11,Geelong,R4 1100m Mdn,4,262239629,102633202,5,Home And A Bay,4,0,7.2,0,2.44
2026-09-11,Geelong,R4 1100m Mdn,4,262239629,102633207,12,Fort Sumter,1,0,8.8,0,2.8
2026-09-11,Geelong,R4 1100m Mdn,4,262239629,102633210,16,Faster Link,3,0,12.5,1,3.4
2026-09-11,Geelong,R5 1100m Mdn,5,262239637,1276431,5,Balance,1,1,1.79,1,1.19
2026-09-11,Geelong,R5 1100m Mdn,5,262239637,74338786,2,Sheer Panic,5,0,164.67,1,17.5
2026-09-11,Geelong,R5 1100m Mdn,5,262239637,102061495,4,Amorlight,3,0,6.33,1,1.74
2026-09-11,Geelong,R5 1100m Mdn,5,262239637,102633211,1,Mr Spendedoe,2,0,6.2,0,1.61
2026-09-11,Geelong,R5 1100m Mdn,5,262239637,102633215,9,Piccina,4,0,246.92,0,26.16
2026-09-11,Geelong,R6 1100m Hcap,6,262239645,744959,3,Moonraker,5,0,10.0,0,2.72
2026-09-11,Geelong,R6 1100m Hcap,6,262239645,65022887,5,Bine,2,0,25.0,1,4.2
2026-09-11,Geelong,R6 1100m Hcap,6,262239645,84431616,9,Its A Yes,4,1,6.73,1,2.12
2026-09-11,Geelong,R6 1100m Hcap,6,262239645,93871602,2,Tango Jewel,3,0,20.05,0,4.71
2026-09-11,Geelong,R6 1100m Hcap,6,262239645,102633224,10,Karren,1,0,1.98,1,1.31
2026-09-11,Geelong,R7 1300m Hcap,7,262239653,383950,3,Kingsbury,2,0,3.85,1,1.81
2026-09-11,Geelong,R7 1300m Hcap,7,262239653,64367593,10,Russian Front,1,0,19.7,0,4.9
2026-09-11,Geelong,R7 1300m Hcap,7,262239653,94448304,12,Licentious,5,0,10.23,0,3.14
2026-09-11,Geelong,R7 1300m Hcap,7,262239653,97725577,6,Night Guard,4,0,38.0,0,8.56
2026-09-11,Geelong,R7 1300m Hcap,7,262239653,102633227,4,The Flying Popov,3,0,10.72,0,3.45
2026-09-11,Geelong,R8 1700m Hcap,8,262239661,3490151,4,Mannerheim,4,0,24.92,0,5.35
2026-09-11,Geelong,R8 1700m Hcap,8,262239661,4066489,3,Stuntman,5,0,7.2,1,2.56
2026-09-11,Geelong,R8 1700m Hcap,8,262239661,6845910,2,Placentia Bay,1,0,3.6,1,1.52
2026-09-11,Geelong,R8 1700m Hcap,8,262239661,102135095,8,Stole Him,3,0,10.62,0,3.0
2026-09-11,Geelong,R8 1700m Hcap,8,262239661,102633229,1,Johnich,2,1,4.58,1,1.7
2026-09-11,Geelong,R9 1500m Hcap,9,262239669,3567531,2,Tanganyika,3,1,17.73,1,4.73
2026-09-11,Geelong,R9 1500m Hcap,9,262239669,6792843,1,Sacramental,4,0,14.0,0,3.62
2026-09-11,Geelong,R9 1500m Hcap,9,262239669,62432684,4,Jewel Bay,1,0,15.0,0,3.31
2026-09-11,Geelong,R9 1500m Hcap,9,262239669,100424520,6,Paramount Plus,2,0,5.39,0,2.18
2026-09-11,Geelong,R9 1500m Hcap,9,262239669,102633232,8,Island Boy,5,0,3.69,0,1.57
2026-09-11,Goulburn,R1 1100m Mdn,1,262235697,94135718,5,Shes Xee,3,0,145.16,0,8.39
2026-09-11,Goulburn,R1 1100m Mdn,1,262235697,100919845,3,Jenni Moo Moo,1,0,11.5,1,1.9
2026-09-11,Goulburn,R1 1100m Mdn,1,262235697,102632712,6,Bold Conquer,4,0,12.5,1,2.08
2026-09-11,Goulburn,R1 1100m Mdn,1,262235697,102632713,7,Boy Brutus,5,0,50.0,0,4.37
2026-09-11,Goulburn,R1 1100m Mdn,1,262235697,102632714,9,The Friskee Flash,2,0,36.0,0,2.64
2026-09-11,Goulburn,R2 1400m Mdn,2,262235700,1114102,9,Peoples Choice,3,0,13.0,0,4.1
2026-09-11,Goulburn,R2 1400m Mdn,2,262235700,6166355,6,Spain,2,1,1.41,1,1.2
2026-09-11,Goulburn,R2 1400m Mdn,2,262235700,93827183,10,Tatiana,5,0,30.23,0,5.02
2026-09-11,Goulburn,R2 1400m Mdn,2,262235700,94735803,1,Ausbred Eclipse,4,0,22.98,0,4.4
2026-09-11,Goulburn,R2 1400m Mdn,2,262235700,102632718,5,In Circles,1,0,7.8,1,2.26
2026-09-11,Goulburn,R3 1300m Hcap,3,262235703,25024783,4,Stormbringer,5,0,25.0,1,2.68
2026-09-11,Goulburn,R3 1300m Hcap,3,262235703,82857921,3,Chemtrail,3,0,19.0,0,3.23
2026-09-11,Goulburn,R3 1300m Hcap,3,262235703,95300983,6,Spread The Love,4,0,25.0,0,3.2
2026-09-11,Goulburn,R3 1300m Hcap,3,262235703,101883321,2,Peace Bird,2,1,3.05,1,1.19
2026-09-11,Goulburn,R3 1300m Hcap,3,262235703,102632723,10,Montresor,1,0,1.83,1,1.11
2026-09-11,Goulburn,R4 1200m Mdn,4,262235706,9539130,2,Three Wishes,5,0,65.0,0,8.2
2026-09-11,Goulburn,R4 1200m Mdn,4,262235706,101883746,3,Cosmic Echo,3,0,19.0,0,3.95
2026-09-11,Goulburn,R4 1200m Mdn,4,262235706,102632726,8,Centimetre,1,1,3.05,1,1.63
2026-09-11,Goulburn,R4 1200m Mdn,4,262235706,102632727,10,Outstrider,4,0,6.2,0,2.68
2026-09-11,Goulburn,R4 1200m Mdn,4,262235706,102632730,14,The Wildling,2,0,17.5,1,3.52
2026-09-11,Goulburn,R5 1300m CL1,5,262235709,3166839,4,Costalivin,3,0,6.7,1,2.78
2026-09-11,Goulburn,R5 1300m CL1,5,262235709,88968402,9,Wolf Island,2,1,5.7,1,1.98
2026-09-11,Goulburn,R5 1300m CL1,5,262235709,92241737,8,Nefradite,5,0,24.84,0,5.23
2026-09-11,Goulburn,R5 1300m CL1,5,262235709,98959852,2,Glenns Legacy,1,0,4.73,1,1.88
2026-09-11,Goulburn,R5 1300m CL1,5,262235709,102632737,1,Remys Bro,4,0,12.29,0,3.25
2026-09-11,Goulburn,R6 1100m CL2,6,262235712,66790544,4,Nymphadora,2,1,11.5,1,2.87
2026-09-11,Goulburn,R6 1100m CL2,6,262235712,88693767,3,Dee Dee Express,4,0,10.5,0,2.48
2026-09-11,Goulburn,R6 1100m CL2,6,262235712,91158040,6,Azure Angel,5,0,2.65,0,1.34
2026-09-11,Goulburn,R6 1100m CL2,6,262235712,101639327,1,Borderfall,3,0,3.81,1,1.5
2026-09-11,Goulburn,R6 1100m CL2,6,262235712,102134658,2,Willingham,1,0,27.0,1,4.74
2026-09-11,Goulburn,R7 1600m Hcap,7,262235715,54518231,7,Toussaint,1,1,3.6,1,1.79
2026-09-11,Goulburn,R7 1600m Hcap,7,262235715,55533373,5,More Mischief,5,0,18.0,0,4.71
2026-09-11,Goulburn,R7 1600m Hcap,7,262235715,80130008,9,Beauer,3,0,9.23,0,2.78
2026-09-11,Goulburn,R7 1600m Hcap,7,262235715,102632743,1,Luna Bay,2,0,9.2,0,2.6
2026-09-11,Goulburn,R7 1600m Hcap,7,262235715,102632744,12,Cha Cha Cha,4,0,11.5,1,3.7
2026-09-11,Sunshine Coast,R1 2200m CL1,1,262235617,96414159,5,Amelioration,2,0,2.4,0,1.51
2026-09-11,Sunshine Coast,R1 2200m CL1,1,262235617,97393420,2,Moana Nui,5,1,6.4,1,2.64
2026-09-11,Sunshine Coast,R1 2200m CL1,1,262235617,101418783,1,Sealord,1,0,4.2,0,2.12
2026-09-11,Sunshine Coast,R1 2200m CL1,1,262235617,102632389,3,Durness,4,0,16.91,0,5.4
2026-09-11,Sunshine Coast,R1 2200m CL1,1,262235617,102632391,6,Junostar,3,0,9.32,1,4.4
2026-09-11,Sunshine Coast,R2 1000m 3yo,2,262235624,751238,8,Catfish,1,0,16.5,0,4.5
2026-09-11,Sunshine Coast,R2 1000m 3yo,2,262235624,102345191,11,Pierantes,5,1,4.4,1,2.06
2026-09-11,Sunshine Coast,R2 1000m 3yo,2,262235624,102403417,17,Tramca,4,0,12.0,1,3.25
2026-09-11,Sunshine Coast,R2 1000m 3yo,2,262235624,102632396,7,Groening,2,0,22.0,0,5.3
2026-09-11,Sunshine Coast,R2 1000m 3yo,2,262235624,102632404,19,Mishani Rozay,3,0,32.0,0,6.6
2026-09-11,Sunshine Coast,R3 1000m CL5,3,262235631,1530348,1,Flywheel,5,0,40.0,0,12.25
2026-09-11,Sunshine Coast,R3 1000m CL5,3,262235631,44966432,2,Tonneofgrit,1,0,7.8,1,3.7
2026-09-11,Sunshine Coast,R3 1000m CL5,3,262235631,51502159,5,Chalice Well,3,0,3.23,0,1.91
2026-09-11,Sunshine Coast,R3 1000m CL5,3,262235631,61069632,3,Bonded Affair,4,1,4.0,1,2.25
2026-09-11,Sunshine Coast,R3 1000m CL5,3,262235631,61069636,7,King Of The Jungle,2,0,15.0,0,6.48
2026-09-11,Sunshine Coast,R4 1600m Hcap,4,262235638,47841865,4,Hulkamania,3,0,50.0,0,6.78
2026-09-11,Sunshine Coast,R4 1600m Hcap,4,262235638,63122440,1,Boondocks,5,0,7.82,1,2.16
2026-09-11,Sunshine Coast,R4 1600m Hcap,4,262235638,66487774,8,Becamo,4,1,8.62,1,2.35
2026-09-11,Sunshine Coast,R4 1600m Hcap,4,262235638,82154414,6,Holy Flash,2,0,4.4,0,1.77
2026-09-11,Sunshine Coast,R4 1600m Hcap,4,262235638,100486768,3,Wrigley Field,1,0,2.6,1,1.27
2026-09-11,Sunshine Coast,R5 1200m CL3,5,262235645,1235114,9,Influential,1,0,4.1,0,2.01
2026-09-11,Sunshine Coast,R5 1200m CL3,5,262235645,60815824,4,Razors,2,0,6.8,0,2.49
2026-09-11,Sunshine Coast,R5 1200m CL3,5,262235645,61104641,11,Bright Blonde,5,0,34.0,0,6.62
2026-09-11,Sunshine Coast,R5 1200m CL3,5,262235645,102632407,12,Cutepi,3,1,6.4,1,2.52
2026-09-11,Sunshine Coast,R5 1200m CL3,5,262235645,102632409,16,Miss Funny Honey,4,0,12.02,1,3.74
2026-09-11,Sunshine Coast,R6 1200m Mdn,6,262235652,102632414,9,Kiavela,1,0,8.33,0,2.47
2026-09-11,Sunshine Coast,,6,262235652,102632415,11,Storming Home,2,,,,
2026-09-11,Sunshine Coast,R6 1200m Mdn,6,262235652,102632418,14,Ember Royale,4,1,5.17,1,1.83
2026-09-11,Sunshine Coast,R6 1200m Mdn,6,262235652,102632420,16,Spirit Of Torque,3,0,4.25,0,1.75
2026-09-11,Sunshine Coast,R6 1200m Mdn,6,262235652,102632424,20,Machtig Havanagila,5,0,30.0,1,6.33
2026-09-11,Sunshine Coast,R7 1800m Hcap,7,262235659,68383123,5,Clubman,5,0,17.0,0,4.2
2026-09-11,Sunshine Coast,R7 1800m Hcap,7,262235659,72240396,1,Got Yourself A Gun,2,0,7.79,0,2.42
2026-09-11,Sunshine Coast,R7 1800m Hcap,7,262235659,72240396,1,Got Yourself A Gun,4,0,7.79,0,2.42
2026-09-11,Sunshine Coast,R7 1800m Hcap,7,262235659,74459388,9,Mad Ana,3,0,6.2,1,2.26
2026-09-11,Sunshine Coast,R7 1800m Hcap,7,262235659,84222439,6,Family Of League,1,0,4.2,0,1.86
2026-09-11,Sunshine Coast,R8 1800m Mdn,8,262235666,350329,5,Brass Band,2,0,5.15,1,2.11
2026-09-11,Sunshine Coast,R8 1800m Mdn,8,262235666,99493841,10,Missile Away,4,0,8.56,0,2.83
2026-09-11,Sunshine Coast,R8 1800m Mdn,8,262235666,101639370,4,Bobbys My Mate,3,0,6.8,0,2.39
2026-09-11,Sunshine Coast,R8 1800m Mdn,8,262235666,102632429,8,Kowloon Magnate,1,0,3.8,1,1.6
2026-09-11,Sunshine Coast,R8 1800m Mdn,8,262235666,102632431,11,Majestic Morn,5,0,20.0,0,5.37
2026-09-11,Tuncurry,R1 1000m Mdn,1,262235673,1421472,4,Ploughman,5,0,27.5,0,5.8
2026-09-11,Tuncurry,R1 1000m Mdn,1,262235673,2114654,8,Dynamic Diva,1,0,14.5,0,3.15
2026-09-11,Tuncurry,R1 1000m Mdn,1,262235673,101219047,11,Purple Prince,2,0,52.34,0,7.67
2026-09-11,Tuncurry,,1,262235673,102632337,1,All Too Mysterious,4,,,,
2026-09-11,Tuncurry,R1 1000m Mdn,1,262235673,102632342,12,Zous Apollo,3,0,4.84,0,2.04
2026-09-11,Tuncurry,R2 1200m Mdn,2,262235676,102632344,6,Usain Boss,4,0,5.0,1,1.81
2026-09-11,Tuncurry,R2 1200m Mdn,2,262235676,102632344,6,Usain Boss,5,0,5.0,1,1.81
2026-09-11,Tuncurry,R2 1200m Mdn,2,262235676,102632345,7,Wan Lost,2,0,3.73,1,1.83
2026-09-11,Tuncurry,R2 1200m Mdn,2,262235676,102632346,8,Kiss Of Gold,1,0,4.87,0,1.83
2026-09-11,Tuncurry,R2 1200m Mdn,2,262235676,102632346,8,Kiss Of Gold,3,0,4.87,0,1.83
2026-09-11,Tuncurry,R3 1400m Mdn,3,262235679,4272538,1,Sea Level,1,1,2.16,1,1.28
2026-09-11,Tuncurry,R3 1400m Mdn,3,262235679,4272538,1,Sea Level,2,1,2.16,1,1.28
2026-09-11,Tuncurry,R3 1400m Mdn,3,262235679,99206919,9,Fashion Spree,5,0,31.84,0,3.48
2026-09-11,Tuncurry,R3 1400m Mdn,3,262235679,100019654,3,Northy Lad,3,0,10.0,0,2.58
2026-09-11,Tuncurry,R3 1400m Mdn,3,262235679,102632348,2,Spicy Surprise,4,0,13.0,0,2.88
2026-09-11,Tuncurry,R4 1400m Hcap,4,262235682,61895196,3,Wandjad,2,1,5.1,1,1.88
2026-09-11,Tuncurry,R4 1400m Hcap,4,262235682,62558307,13,The Young Years,4,0,230.0,0,40.0
2026-09-11,Tuncurry,R4 1400m Hcap,4,262235682,65978098,2,Explosive Tycoon,3,0,12.28,0,3.53
2026-09-11,Tuncurry,R4 1400m Hcap,4,262235682,70927921,4,Dreymon,5,0,18.06,1,4.05
2026-09-11,Tuncurry,R4 1400m Hcap,4,262235682,95343733,1,Ready And Lucky,1,0,5.17,0,2.14
2026-09-11,Tuncurry,R5 2100m Hcap,5,262235685,43203390,6,Classic Deel,2,0,11.0,0,3.85
2026-09-11,Tuncurry,R5 2100m Hcap,5,262235685,48701563,7,Strobing,4,0,15.0,0,3.88
2026-09-11,Tuncurry,R5 2100m Hcap,5,262235685,75084006,10,Prince Is Game,1,0,6.4,0,2.24
2026-09-11,Tuncurry,R5 2100m Hcap,5,262235685,87806284,11,Purple Kitty,5,0,10.0,1,2.77
2026-09-11,Tuncurry,R5 2100m Hcap,5,262235685,102632354,4,Cant Recall One,3,1,3.1,1,1.79
2026-09-11,Tuncurry,R6 1600m CL2,6,262235688,82566359,5,Broadway Follies,4,0,18.5,0,4.53
2026-09-11,Tuncurry,R6 1600m CL2,6,262235688,85505578,1,Unreal Expectation,3,0,4.3,1,1.55
2026-09-11,Tuncurry,R6 1600m CL2,6,262235688,86620346,4,Super Sugoi,1,0,7.8,0,2.4
2026-09-11,Tuncurry,R6 1600m CL2,6,262235688,86933068,2,Erina,5,1,3.6,1,1.77
2026-09-11,Tuncurry,R6 1600m CL2,6,262235688,91807108,8,Pelevecchio,2,0,10.5,0,2.81
2026-09-11,Tuncurry,R7 1600m Hcap,7,262235691,4569288,8,Engine Room,4,0,6.8,0,2.22
2026-09-11,Tuncurry,R7 1600m Hcap,7,262235691,10508645,3,Montpellier,3,0,5.68,0,2.02
2026-09-11,Tuncurry,R7 1600m Hcap,7,262235691,78289965,6,Pier Pressure,5,0,32.16,1,7.28
2026-09-11,Tuncurry,R7 1600m Hcap,7,262235691,99207076,5,Zouna,1,0,3.55,0,1.51
2026-09-11,Tuncurry,R7 1600m Hcap,7,262235691,102632356,1,Its A Knockout,2,0,10.5,0,3.45
2026-09-11,Tuncurry,R8 1200m Hcap,8,262235694,1496954,3,Be Quiet,2,0,11.09,1,3.19
2026-09-11,Tuncurry,R8 1200m Hcap,8,262235694,54109664,1,Florino,1,0,28.0,0,5.01
2026-09-11,Tuncurry,R8 1200m Hcap,8,262235694,69675799,4,Kaihoko,4,0,7.26,0,2.2
2026-09-11,Tuncurry,R8 1200m Hcap,8,262235694,78781044,8,Cant Touch This,5,0,12.0,0,3.1
2026-09-11,Tuncurry,R8 1200m Hcap,8,262235694,102632363,13,Andrea,3,1,1.86,1,1.22
2026-09-12,Alice Springs,R1 1200m Hcap,1,262262559,431861,5,Snick,1,0,11.32,0,4.7
2026-09-12,Alice Springs,R1 1200m Hcap,1,262262559,59685498,1,Throw At Da Stumps,2,0,3.89,0,1.96
2026-09-12,Alice Springs,R1 1200m Hcap,1,262262559,63363317,6,Jackset,5,0,30.0,0,15.5
2026-09-12,Alice Springs,R1 1200m Hcap,1,262262559,66004806,3,Frankfurt,3,1,4.4,1,2.24
2026-09-12,Alice Springs,R1 1200m Hcap,1,262262559,80363163,2,Revolution Rising,4,0,5.7,0,2.72
2026-09-12,Alice Springs,R2 1200m Hcap,2,262262562,51958090,4,Iknowhatyouredoing,1,0,14.0,0,5.8
2026-09-12,Alice Springs,R2 1200m Hcap,2,262262562,63401985,1,River Frost,4,0,2.66,1,1.49
2026-09-12,Alice Springs,R2 1200m Hcap,2,262262562,78978200,5,Lean On Me,5,0,15.0,0,5.0
2026-09-12,Alice Springs,R2 1200m Hcap,2,262262562,81813123,2,Grinzinger Lass,3,0,5.22,0,2.54
2026-09-12,Alice Springs,R2 1200m Hcap,2,262262562,84181879,3,Stella Bystarlight,2,1,3.53,1,1.77
2026-09-12,Alice Springs,R3 1200m Hcap,3,262262565,4164711,4,Brat,2,0,3.64,0,1.97
2026-09-12,Alice Springs,R3 1200m Hcap,3,262262565,28631218,2,Luskin Hero,5,0,8.04,0,3.7
2026-09-12,Alice Springs,R3 1200m Hcap,3,262262565,47039735,3,Boy Big,4,0,12.51,1,5.0
2026-09-12,Alice Springs,R3 1200m Hcap,3,262262565,50195082,1,Bahama Bay,1,1,4.1,1,2.2
2026-09-12,Alice Springs,R3 1200m Hcap,3,262262565,51052650,6,Daniher,3,0,6.2,0,3.1
2026-09-12,Alice Springs,R4 1000m Hcap,4,262262568,71939974,5,Bonny Impact,4,0,32.9,0,6.6
2026-09-12,Alice Springs,R4 1000m Hcap,4,262262568,76246603,2,Tellez,3,0,5.0,0,1.45
2026-09-12,Alice Springs,R4 1000m Hcap,4,262262568,89018009,1,Golden Tunes,1,1,1.44,1,1.13
2026-09-12,Alice Springs,R4 1000m Hcap,4,262262568,89348168,3,Miss Top Gun,2,0,15.81,1,3.65
2026-09-12,Alice Springs,R5 1400m CL2,5,262262571,499689,2,Highstrung,4,0,11.54,0,4.23
2026-09-12,Alice Springs,R5 1400m CL2,5,262262571,74039722,5,Mummsie,2,1,3.25,1,1.82
2026-09-12,Alice Springs,R5 1400m CL2,5,262262571,97983952,3,High Ambitions,3,0,4.7,0,3.05
2026-09-12,Alice Springs,R5 1400m CL2,5,262262571,100232773,1,Laws Wars,1,0,5.19,1,2.28
2026-09-12,Alice Springs,R5 1400m CL2,5,262262571,102633234,4,Brazen Sailor,5,0,7.44,0,3.15
2026-09-12,Belmont,R1 1200m 3yo,1,262235722,94137501,1,Boy Crush,2,0,1.66,0,1.25
2026-09-12,Belmont,R1 1200m 3yo,1,262235722,96968310,7,Yamanex,5,0,10.55,1,3.3
2026-09-12,Belmont,R1 1200m 3yo,1,262235722,102634669,2,Swift Ruler,1,1,3.45,1,1.46
2026-09-12,Belmont,R1 1200m 3yo,1,262235722,102634672,5,Grey Ol Day,4,0,26.45,0,6.04
2026-09-12,Belmont,R1 1200m 3yo,1,262235722,102634673,6,Just Cant Say No,3,0,169.28,0,26.01
2026-09-12,Belmont,R2 1650m Hcap,2,262235731,25462900,2,Sowar,4,1,53.56,1,8.4
2026-09-12,Belmont,R2 1650m Hcap,2,262235731,42209475,5,Black For Cash,2,0,52.31,0,8.8
2026-09-12,Belmont,R2 1650m Hcap,2,262235731,48291189,4,Birds The Word,1,0,3.55,0,1.56
2026-09-12,Belmont,R2 1650m Hcap,2,262235731,73721036,3,All Grunt,5,0,9.39,0,2.46
2026-09-12,Belmont,R2 1650m Hcap,2,262235731,82858173,1,Memory Parade,3,0,5.27,1,1.68
2026-09-12,Belmont,R3 1400m Hcap,3,262235740,49684418,5,Sunny Honey,3,0,11.0,1,2.9
2026-09-12,Belmont,R3 1400m Hcap,3,262235740,72356077,4,Arcadia Knight,1,1,2.28,1,1.33
2026-09-12,Belmont,R3 1400m Hcap,3,262235740,72415529,7,Supernatural,5,0,6.08,0,1.96
2026-09-12,Belmont,R3 1400m Hcap,3,262235740,85713297,8,Yougivemechills,2,0,10.76,0,3.37
2026-09-12,Belmont,R3 1400m Hcap,3,262235740,102634674,6,Prospectors Pick,4,0,13.5,0,3.4
2026-09-12,Belmont,R4 1400m Hcap,4,262235749,77387230,4,Supido Express,3,0,14.26,0,3.88
2026-09-12,Belmont,R4 1400m Hcap,4,262235749,84374345,2,Mardusa,1,0,3.85,1,1.77
2026-09-12,Belmont,R4 1400m Hcap,4,262235749,94985834,1,Main Act,5,0,9.67,0,2.82
2026-09-12,Belmont,R4 1400m Hcap,4,262235749,101101372,7,Streak Of God,2,1,8.0,1,2.12
2026-09-12,Belmont,R4 1400m Hcap,4,262235749,102099545,8,Cosmic Waltz,4,0,3.06,1,1.51
2026-09-12,Belmont,R5 1400m Hcap,5,262235758,8963972,1,Bosun,3,1,2.46,1,1.32
2026-09-12,Belmont,R5 1400m Hcap,5,262235758,64737932,3,Our Rocky Bay,2,0,15.17,0,3.65
2026-09-12,Belmont,R5 1400m Hcap,5,262235758,88290417,7,Swift Talker,4,0,7.2,1,2.44
2026-09-12,Belmont,R5 1400m Hcap,5,262235758,99142063,14,Village Girl,5,0,61.14,0,8.8
2026-09-12,Belmont,R5 1400m Hcap,5,262235758,102634676,6,I Love Ya Money,1,0,4.5,0,1.56
2026-09-12,Belmont,R6 2200m Hcap,6,262235767,46345068,3,Musgrave,1,0,21.0,0,4.63
2026-09-12,Belmont,R6 2200m Hcap,6,262235767,86347919,6,Phat Chaps,2,0,11.5,0,3.42
2026-09-12,Belmont,R6 2200m Hcap,6,262235767,92391499,8,Eternal Romance,4,0,38.0,0,6.78
2026-09-12,Belmont,R6 2200m Hcap,6,262235767,102634681,1,Miss Veuve,5,0,2.53,0,1.4
2026-09-12,Belmont,R6 2200m Hcap,6,262235767,102634683,10,Abissi,3,0,8.4,1,2.74
2026-09-12,Belmont,R7 1200m Hcap,7,262235776,49089182,1,Snowdome,1,0,4.2,0,1.61
2026-09-12,Belmont,R7 1200m Hcap,7,262235776,57819764,9,Rissoles,2,0,3.35,1,1.38
2026-09-12,Belmont,R7 1200m Hcap,7,262235776,65895201,5,Ginnivan,4,0,11.77,1,3.16
2026-09-12,Belmont,R7 1200m Hcap,7,262235776,67533418,4,Triple Jay,5,0,55.0,0,8.4
2026-09-12,Belmont,R7 1200m Hcap,7,262235776,74572887,11,Haida Gwaii,3,1,4.33,1,1.86
2026-09-12,Belmont,R8 1200m Hcap,8,262235785,370379,13,Diamond Dancer,5,0,9.57,0,3.2
2026-09-12,Belmont,R8 1200m Hcap,8,262235785,4437924,4,Swingman,2,0,5.42,0,2.02
2026-09-12,Belmont,R8 1200m Hcap,8,262235785,18543968,7,Hurricane Harley,1,1,5.4,1,2.24
2026-09-12,Belmont,R8 1200m Hcap,8,262235785,79525329,8,Champagne Crusader,4,0,16.5,1,4.0
2026-09-12,Belmont,R8 1200m Hcap,8,262235785,84374349,6,Flash Dancer,3,0,37.86,0,6.6
2026-09-12,Carnarvon,R1 1750m Hcap,1,262263739,211052,1,Another Nephew,3,1,4.06,1,1.75
2026-09-12,Carnarvon,R1 1750m Hcap,1,262263739,2930958,8,Space Ace,5,0,15.0,0,3.65
2026-09-12,Carnarvon,R1 1750m Hcap,1,262263739,63610253,2,Big Shots,4,0,8.0,0,2.4
2026-09-12,Carnarvon,R1 1750m Hcap,1,262263739,66498643,4,Fries With That,1,0,3.9,1,1.57
2026-09-12,Carnarvon,R1 1750m Hcap,1,262263739,91746965,5,Lordgivemestrength,2,0,19.24,0,4.09
2026-09-12,Carnarvon,R2 1200m Hcap,2,262263743,747266,4,Red Rebel,5,0,3.95,0,2.01
2026-09-12,Carnarvon,R2 1200m Hcap,2,262263743,42343767,1,Galaxy Affair,4,0,15.64,0,6.6
2026-09-12,Carnarvon,R2 1200m Hcap,2,262263743,42483751,2,Cruise To Victory,2,1,3.12,1,2.0
2026-09-12,Carnarvon,R2 1200m Hcap,2,262263743,42537586,3,Prince Ragnar,1,0,12.88,0,4.6
2026-09-12,Carnarvon,R2 1200m Hcap,2,262263743,68827536,6,Weapons Hot,3,0,9.0,0,3.45
2026-09-12,Carnarvon,R3 1200m CL1,3,262263747,666943,8,Dashing Diva,3,0,15.5,0,3.6
2026-09-12,Carnarvon,R3 1200m CL1,3,262263747,65558598,10,Hot Nova,5,0,42.78,0,6.8
2026-09-12,Carnarvon,R3 1200m CL1,3,262263747,93022598,1,Magic Carats,2,0,2.95,1,1.57
2026-09-12,Carnarvon,R3 1200m CL1,3,262263747,96967255,3,Addictive Dream,1,1,10.5,1,3.1
2026-09-12,Carnarvon,R3 1200m CL1,3,262263747,102634220,2,Costa Star,4,0,4.75,1,1.7
2026-09-12,Carnarvon,R4 1000m Hcap,4,262263751,3084145,3,Mars Mission,1,1,7.18,1,2.08
2026-09-12,Carnarvon,R4 1000m Hcap,4,262263751,43310576,1,Shooting Kontiki,2,0,10.49,0,2.54
2026-09-12,Carnarvon,R4 1000m Hcap,4,262263751,62136620,2,Kimberley Currency,3,0,3.12,0,1.39
2026-09-12,Carnarvon,R4 1000m Hcap,4,262263751,77728389,8,Smart Return,4,0,13.0,0,2.74
2026-09-12,Carnarvon,R4 1000m Hcap,4,262263751,81749910,7,Lady Coco,5,0,22.41,1,4.7
2026-09-12,Carnarvon,R5 2000m Cup,5,262263755,44144711,1,Zadar Rock,5,0,6.4,0,2.47
2026-09-12,Carnarvon,R5 2000m Cup,5,262263755,45168941,8,Hard Questions,1,0,7.89,1,2.78
2026-09-12,Carnarvon,R5 2000m Cup,5,262263755,72585554,3,Kings Sicario,2,0,5.2,0,2.13
2026-09-12,Carnarvon,R5 2000m Cup,5,262263755,80571651,4,Pharoah Show,4,1,7.81,1,2.63
2026-09-12,Carnarvon,R5 2000m Cup,5,262263755,102634222,11,Star Testymony,3,0,5.72,0,2.18
2026-09-12,Carnarvon,R6 1400m Hcap,6,262263759,3761075,5,Western Impact,5,1,9.1,1,2.6
2026-09-12,Carnarvon,R6 1400m Hcap,6,262263759,51033292,4,Leading Taddy,3,0,7.0,0,2.64
2026-09-12,Carnarvon,R6 1400m Hcap,6,262263759,62840543,7,Soaring Solo,1,0,12.0,0,3.45
2026-09-12,Carnarvon,R6 1400m Hcap,6,262263759,73754705,3,Ironclad Boy,4,0,7.4,1,2.45
2026-09-12,Carnarvon,R6 1400m Hcap,6,262263759,102634223,1,Solar System,2,0,4.92,1,1.93
2026-09-12,Donald,R1 1620m Mdn,1,262264467,2934292,3,Philharmonic,3,1,6.19,1,2.25
2026-09-12,Donald,R1 1620m Mdn,1,262264467,101639264,7,Gasoline Rainbow,1,0,5.23,0,2.12
2026-09-12,Donald,R1 1620m Mdn,1,262264467,101809067,9,Lune Lumineuse,2,0,7.72,0,2.53
2026-09-12,Donald,R1 1620m Mdn,1,262264467,102668027,5,Sunday Vendetta,4,0,4.35,1,1.89
2026-09-12,Donald,R1 1620m Mdn,1,262264467,102668028,8,Lady Colonist,5,0,9.56,0,2.94
2026-09-12,Donald,R2 1350m Mdn,2,262264474,2287835,2,Sacre Bleu,5,0,40.0,0,6.2
2026-09-12,Donald,R2 1350m Mdn,2,262264474,87857861,5,Belle Flamme,2,0,3.96,1,1.71
2026-09-12,Donald,R2 1350m Mdn,2,262264474,98273720,12,You Said What,1,1,7.6,1,2.25
2026-09-12,Donald,R2 1350m Mdn,2,262264474,102668031,1,Millsys Award,3,0,2.55,0,1.44
2026-09-12,Donald,R2 1350m Mdn,2,262264474,102668034,7,Come Dancing,4,0,13.0,0,3.05
2026-09-12,Donald,R3 1200m Mdn,3,262264481,74538310,8,Shes Loaded,4,0,8.16,1,2.51
2026-09-12,Donald,R3 1200m Mdn,3,262264481,93871170,5,Dama Royale,1,0,5.6,0,1.91
2026-09-12,Donald,R3 1200m Mdn,3,262264481,99769560,1,Boulderoo,3,1,11.04,1,3.21
2026-09-12,Donald,R3 1200m Mdn,3,262264481,102668046,3,Sneaky Russian,2,0,4.22,0,2.04
2026-09-12,Donald,R3 1200m Mdn,3,262264481,102668054,14,Louella Fly,5,0,16.0,0,4.51
2026-09-12,Donald,R4 1200m Hcap,4,262264488,43016109,6,Yaki Ishi,4,0,12.5,0,3.75
2026-09-12,Donald,R4 1200m Hcap,4,262264488,51783933,4,Mutsuhito,5,0,13.5,0,3.95
2026-09-12,Donald,R4 1200m Hcap,4,262264488,78535263,10,Brutal World,2,1,6.8,1,2.52
2026-09-12,Donald,R4 1200m Hcap,4,262264488,89018809,1,Cosmic Charger,1,0,5.02,1,1.98
2026-09-12,Donald,R4 1200m Hcap,4,262264488,102668061,9,Dazelles,3,0,3.01,0,1.62
2026-09-12,Donald,R5 1000m Hcap,5,262264495,36795643,3,El Salto,1,0,2.43,1,1.36
2026-09-12,Donald,R5 1000m Hcap,5,262264495,38534415,2,Rockcliff,2,0,11.5,0,2.96
2026-09-12,Donald,R5 1000m Hcap,5,262264495,41332142,5,Raging Monkey,5,0,11.4,0,2.7
2026-09-12,Donald,R5 1000m Hcap,5,262264495,70890781,8,Steely Hustler,4,0,9.22,0,2.61
2026-09-12,Donald,R5 1000m Hcap,5,262264495,93206730,1,Gatsby Crown,3,0,6.8,1,2.39
2026-09-12,Donald,R6 2200m Hcap,6,262264502,2658450,10,El Sordo,5,0,16.5,0,3.83
2026-09-12,Donald,R6 2200m Hcap,6,262264502,45919458,5,Verifier,3,0,2.58,0,1.34
2026-09-12,Donald,R6 2200m Hcap,6,262264502,80679047,8,Forever Jeune,1,0,9.6,0,2.94
2026-09-12,Donald,R6 2200m Hcap,6,262264502,86347311,6,Kawa,2,0,4.77,0,1.81
2026-09-12,Donald,R6 2200m Hcap,6,262264502,102668062,1,Fiorowngood,4,1,19.3,1,4.3
2026-09-12,Donald,R7 1620m Hcap,7,262264509,4116207,2,Thoughtful,3,1,5.62,1,1.82
2026-09-12,Donald,R7 1620m Hcap,7,262264509,65860716,3,Bower Boy,1,0,5.43,0,1.96
2026-09-12,Donald,R7 1620m Hcap,7,262264509,76053739,6,Tudaya,2,0,5.59,1,1.96
2026-09-12,Donald,R7 1620m Hcap,7,262264509,83984742,12,Rivazza,4,0,25.57,0,6.0
2026-09-12,Donald,R7 1620m Hcap,7,262264509,96772948,7,Charlecote Mill,5,0,10.0,0,3.15
2026-09-12,Doomben,R4 1615m Hcap,4,262235486,53612246,2,Yet He Moves,5,0,40.83,0,6.49
2026-09-12,Doomben,R4 1615m Hcap,4,262235486,58371866,4,Noble Conqueror,4,0,24.93,0,4.8
2026-09-12,Doomben,R4 1615m Hcap,4,262235486,67531327,7,Nails Murphy,1,0,3.39,1,1.45
2026-09-12,Doomben,R4 1615m Hcap,4,262235486,70078241,5,Cunnamulla Fella,2,0,2.95,1,1.34
2026-09-12,Doomben,R4 1615m Hcap,4,262235486,81159285,1,Express Payment,3,1,6.18,1,1.93
2026-09-12,Doomben,R5 1110m Hcap,5,262235495,2486538,3,Facundo,1,0,4.3,1,1.42
2026-09-12,Doomben,R5 1110m Hcap,5,262235495,64796288,1,Mean Approach,3,0,7.53,1,1.92
2026-09-12,Doomben,R5 1110m Hcap,5,262235495,78212504,12,Streak Of Winning,5,0,16.5,0,3.9
2026-09-12,Doomben,R5 1110m Hcap,5,262235495,102633323,5,Gram,2,1,2.55,1,1.38
2026-09-12,Doomben,R5 1110m Hcap,5,262235495,102633324,13,Abender,4,0,9.78,0,2.42
2026-09-12,Doomben,R6 1110m Hcap,6,262235504,3627052,6,Cinque Terre,5,0,60.0,0,9.68
2026-09-12,Doomben,R6 1110m Hcap,6,262235504,72414229,7,Just Precious,4,1,9.72,1,2.46
2026-09-12,Doomben,R6 1110m Hcap,6,262235504,76389975,2,Cindersea,2,0,3.85,1,1.7
2026-09-12,Doomben,R6 1110m Hcap,6,262235504,94409582,11,Spiethtacular,1,0,3.1,1,1.54
2026-09-12,Doomben,R6 1110m Hcap,6,262235504,94688580,3,Dominant Darcy,3,0,4.95,0,1.85
2026-09-12,Doomben,R7 1350m Hcap,7,262235513,3692088,14,Starman,1,0,16.29,0,5.3
2026-09-12,Doomben,R7 1350m Hcap,7,262235513,94409231,11,She Moves Too,5,0,19.01,0,4.7
2026-09-12,Doomben,R7 1350m Hcap,7,262235513,102633329,6,Meldubious,3,0,4.05,0,1.74
2026-09-12,Doomben,R7 1350m Hcap,7,262235513,102633331,15,Listen Jani,2,0,5.2,0,1.93
2026-09-12,Doomben,R7 1350m Hcap,7,262235513,102633334,18,Headhunter,4,0,6.63,1,2.62
2026-09-12,Doomben,R8 1350m Hcap,8,262235522,5529204,10,Hopper,5,0,14.6,0,3.39
2026-09-12,Doomben,R8 1350m Hcap,8,262235522,43692428,6,Blazen Boots,2,0,28.13,0,6.77
2026-09-12,Doomben,R8 1350m Hcap,8,262235522,47637913,4,Castillian,4,0,15.52,0,3.6
2026-09-12,Doomben,R8 1350m Hcap,8,262235522,84431245,7,Blazing Harry,3,1,7.38,1,2.38
2026-09-12,Doomben,R8 1350m Hcap,8,262235522,84911396,8,Zouper Fund,1,0,2.45,1,1.28
2026-09-12,Doomben,R9 1110m 3yo,9,262235531,6551721,2,Apostle,1,0,12.0,0,3.95
2026-09-12,Doomben,R9 1110m 3yo,9,262235531,94985391,1,Swift Dragon,5,0,22.0,0,4.83
2026-09-12,Doomben,R9 1110m 3yo,9,262235531,102633336,3,Unloading,2,0,4.26,0,1.97
2026-09-12,Doomben,R9 1110m 3yo,9,262235531,102633337,4,High Prophet,4,1,10.25,1,2.71
2026-09-12,Doomben,R9 1110m 3yo,9,262235531,102633340,13,Huggie,3,0,9.6,1,2.98
2026-09-12,Doomben,R10 1110m Hcap,10,262235540,38155500,1,Band Of Brothers,4,0,8.37,0,2.55
2026-09-12,Doomben,R10 1110m Hcap,10,262235540,51784335,4,Fleetwood,3,0,6.4,1,2.14
2026-09-12,Doomben,R10 1110m Hcap,10,262235540,58635632,2,Epic Proportions,1,0,5.8,1,2.14
2026-09-12,Doomben,R10 1110m Hcap,10,262235540,71651392,7,Power Of The Brave,5,0,28.98,0,6.66
2026-09-12,Doomben,R10 1110m Hcap,10,262235540,79524578,6,Polyglot,2,1,4.0,1,1.73
2026-09-12,Flemington,R3 1100m Grp3,3,262233002,792959,7,Scintillation,5,0,21.86,1,4.7
2026-09-12,Flemington,R3 1100m Grp3,3,262233002,93207384,9,Lucky Brook,2,0,8.77,0,2.84
2026-09-12,Flemington,R3 1100m Grp3,3,262233002,94136432,1,Streisand,1,0,6.35,0,2.12
2026-09-12,Flemington,R3 1100m Grp3,3,262233002,97184820,2,Satono Glow,4,1,10.49,1,2.71
2026-09-12,Flemington,R3 1100m Grp3,3,262233002,102633536,4,Calamari Ring,3,0,22.1,0,4.5
2026-09-12,Flemington,R4 1100m Grp3,4,262233011,101610188,8,Organised Crime,3,0,19.5,0,3.8
2026-09-12,Flemington,R4 1100m Grp3,4,262233011,102633541,1,Paradoxium,4,1,3.97,1,1.72
2026-09-12,Flemington,R4 1100m Grp3,4,262233011,102633542,2,Hard Kick,5,0,9.0,0,2.51
2026-09-12,Flemington,R4 1100m Grp3,4,262233011,102633543,3,Big Sky,2,0,13.0,1,3.2
2026-09-12,Flemington,R4 1100m Grp3,4,262233011,102633545,6,Mbube,1,0,2.89,1,1.41
2026-09-12,Flemington,R5 2500m Grp3,5,262233020,72915988,7,Tajanis,5,0,65.41,0,9.12
2026-09-12,Flemington,R5 2500m Grp3,5,262233020,75393270,6,Shockletz,2,1,3.09,1,1.43
2026-09-12,Flemington,R5 2500m Grp3,5,262233020,83904252,3,Nearco Frod,3,0,7.81,0,2.26
2026-09-12,Flemington,R5 2500m Grp3,5,262233020,102633549,2,Litzdeel,1,0,4.18,0,1.62
2026-09-12,Flemington,R5 2500m Grp3,5,262233020,102633550,4,Jennivamoose,4,0,8.91,1,2.26
2026-09-12,Flemington,R6 1400m Listed,6,262233029,10987357,7,Fancify,1,0,5.4,0,2.19
2026-09-12,Flemington,R6 1400m Listed,6,262233029,64318520,5,Immediacy,4,0,100.53,0,16.0
2026-09-12,Flemington,R6 1400m Listed,6,262233029,67856695,1,Cafe Millenium,3,0,8.2,1,2.62
2026-09-12,Flemington,R6 1400m Listed,6,262233029,93827290,8,Sass Appeal,2,0,4.0,0,1.83
2026-09-12,Flemington,R6 1400m Listed,6,262233029,102633553,9,Aztec Ruler,5,0,40.0,0,9.4
2026-09-12,Flemington,R7 1200m Grp2,7,262233038,5760152,6,Abounding,3,0,28.97,0,5.3
2026-09-12,Flemington,R7 1200m Grp2,7,262233038,52872696,2,Arkansaw Kid,5,0,18.58,0,3.75
2026-09-12,Flemington,R7 1200m Grp2,7,262233038,61070024,3,Hedged,2,0,14.24,1,3.21
2026-09-12,Flemington,R7 1200m Grp2,7,262233038,70633068,13,Losesomewinmore,1,1,15.5,1,3.17
2026-09-12,Flemington,R7 1200m Grp2,7,262233038,96747491,14,De Bergerac,4,0,42.51,0,7.0
2026-09-12,Flemington,R8 1600m Grp1,8,262233047,58635655,7,Another Wil,3,0,199.84,1,18.01
2026-09-12,Flemington,R8 1600m Grp1,8,262233047,70385952,3,Light Infantry Man,1,0,64.86,0,6.11
2026-09-12,Flemington,R8 1600m Grp1,8,262233047,84471350,12,Sheza Alibi,4,1,1.66,1,1.09
2026-09-12,Flemington,R8 1600m Grp1,8,262233047,102633557,4,Sir Delius,2,0,6.45,0,1.55
2026-09-12,Flemington,R8 1600m Grp1,8,262233047,102633558,8,Autumn Boy,5,0,23.0,1,3.61
2026-09-12,Flemington,R9 1400m Grp2,9,262233056,60694964,6,Sea What I See,4,0,16.86,0,3.59
2026-09-12,Flemington,R9 1400m Grp2,9,262233056,90252465,1,Salty Pearl,2,0,9.2,0,2.29
2026-09-12,Flemington,R9 1400m Grp2,9,262233056,96496277,8,On Display,3,0,6.9,1,2.19
2026-09-12,Flemington,R9 1400m Grp2,9,262233056,102633559,4,Gold Coast Belle,5,0,2.31,0,1.36
2026-09-12,Flemington,R9 1400m Grp2,9,262233056,102633560,5,Coeur Volante,1,0,10.12,0,2.79
2026-09-12,Flemington,R10 1700m Hcap,10,262233065,50354345,12,St Lawrence,3,1,25.49,1,4.82
2026-09-12,Flemington,R10 1700m Hcap,10,262233065,89018793,15,Ziryab,2,0,9.0,1,2.96
2026-09-12,Flemington,R10 1700m Hcap,10,262233065,97211914,3,Land Legend,1,0,19.85,0,5.0
2026-09-12,Flemington,R10 1700m Hcap,10,262233065,102098438,13,Storm Leopard,5,0,2.8,0,1.56
2026-09-12,Flemington,R10 1700m Hcap,10,262233065,102633563,9,Justadeel,4,0,5.26,0,2.08
2026-09-12,Gold Coast,R2 1000m Mdn,2,262264519,76336157,3,Shaque Damour,4,0,40.0,0,4.74
2026-09-12,Gold Coast,R2 1000m Mdn,2,262264519,95920333,2,Magic Invader,3,0,10.95,1,1.94
2026-09-12,Gold Coast,R2 1000m Mdn,2,262264519,102667796,4,Varejao,2,0,8.8,0,1.91
2026-09-12,Gold Coast,R2 1000m Mdn,2,262264519,102667797,5,Cardonette,1,1,1.6,1,1.09
2026-09-12,Gold Coast,R2 1000m Mdn,2,262264519,102667801,12,Poised Tycoon,5,0,128.68,0,7.98
2026-09-12,Gold Coast,R3 1730m Hcap,3,262264523,53719584,6,California Grass,1,0,25.29,1,6.35
2026-09-12,Gold Coast,R3 1730m Hcap,3,262264523,69967457,2,All About Artie,3,0,2.98,0,1.61
2026-09-12,Gold Coast,R3 1730m Hcap,3,262264523,87805191,7,Monte Carlo Miss,4,0,4.89,0,2.04
2026-09-12,Gold Coast,R3 1730m Hcap,3,262264523,99493873,12,He Is The Kiss,5,0,30.0,1,5.14
2026-09-12,Gold Coast,R3 1730m Hcap,3,262264523,102667804,1,Weekend Artist,2,1,5.4,1,2.13
2026-09-12,Gold Coast,R4 1400m Hcap,4,262264527,1142190,4,Cape Crusader,4,1,9.49,1,2.8
2026-09-12,Gold Coast,R4 1400m Hcap,4,262264527,69421666,1,Slippin Jimmy,1,0,2.35,0,1.34
2026-09-12,Gold Coast,R4 1400m Hcap,4,262264527,69421666,1,Slippin Jimmy,2,0,2.35,0,1.34
2026-09-12,Gold Coast,R4 1400m Hcap,4,262264527,78465898,3,Deep Respect,3,0,3.45,1,1.52
2026-09-12,Gold Coast,R4 1400m Hcap,4,262264527,78465898,3,Deep Respect,5,0,3.45,1,1.52
2026-09-12,Gold Coast,R5 1200m Hcap,5,262264531,4422226,7,Homeric,3,0,7.85,0,2.24
2026-09-12,Gold Coast,R5 1200m Hcap,5,262264531,46990524,1,Purosangue,4,0,10.85,0,4.09
2026-09-12,Gold Coast,R5 1200m Hcap,5,262264531,64546240,10,Show Me The Stars,1,1,12.64,1,3.73
2026-09-12,Gold Coast,R5 1200m Hcap,5,262264531,88150504,9,Wildspitze,5,0,9.85,0,3.05
2026-09-12,Gold Coast,R5 1200m Hcap,5,262264531,99493184,5,La Profecia,2,0,4.31,1,1.68
2026-09-12,Gold Coast,R6 1800m CL3,6,262264535,81848194,4,Solidude,5,0,28.5,0,5.53
2026-09-12,Gold Coast,R6 1800m CL3,6,262264535,90567662,9,Naughty Nurse,3,0,11.5,0,2.51
2026-09-12,Gold Coast,R6 1800m CL3,6,262264535,92417760,2,Mishani Witness,2,0,5.3,1,1.82
2026-09-12,Gold Coast,R6 1800m CL3,6,262264535,97984891,7,Brain Wave,4,1,3.6,1,1.48
2026-09-12,Gold Coast,R6 1800m CL3,6,262264535,100164683,11,Power Reece,1,0,3.2,0,1.42
2026-09-12,Gold Coast,R7 1400m CL1,7,262264539,15708310,5,Divine Justice,2,0,7.28,1,2.5
2026-09-12,Gold Coast,R7 1400m CL1,7,262264539,84374215,1,Artistic Endeavour,1,1,3.95,1,1.67
2026-09-12,Gold Coast,R7 1400m CL1,7,262264539,102667811,3,Smashing Nova,5,0,10.09,0,2.69
2026-09-12,Gold Coast,R7 1400m CL1,7,262264539,102667812,7,Love To Torque,4,0,31.92,0,6.3
2026-09-12,Gold Coast,R7 1400m CL1,7,262264539,102667814,10,Mythology,3,0,3.67,1,1.56
2026-09-12,Gold Coast,R8 1200m Hcap,8,262264543,527964,6,Chilliwack,5,0,36.0,1,4.6
2026-09-12,Gold Coast,R8 1200m Hcap,8,262264543,65823062,5,Lumens Lenny,3,1,6.2,1,1.77
2026-09-12,Gold Coast,R8 1200m Hcap,8,262264543,96694951,10,Impact Zone,1,0,4.02,1,1.57
2026-09-12,Gold Coast,R8 1200m Hcap,8,262264543,102667821,13,River Ribble,4,0,14.08,0,3.64
2026-09-12,Gold Coast,R8 1200m Hcap,8,262264543,102667822,14,Sum Invictus,2,0,2.87,0,1.37
2026-09-12,Griffith,R1 1820m CL1,1,262258050,90009336,2,Lord Chapel,5,0,260.0,0,20.65
2026-09-12,Griffith,R1 1820m CL1,1,262258050,98735482,6,Numbersneverseen,4,0,60.0,0,5.1
2026-09-12,Griffith,R1 1820m CL1,1,262258050,100957662,8,Misil Beauty,2,0,17.03,1,2.3
2026-09-12,Griffith,R1 1820m CL1,1,262258050,102667754,3,Vasala,1,1,2.26,1,1.23
2026-09-12,Griffith,R1 1820m CL1,1,262258050,102667755,4,Bravo Six,3,0,2.37,0,1.15
2026-09-12,Griffith,R2 1200m Mdn,2,262258053,75795952,1,Brazen Martini,3,0,12.5,0,3.3
2026-09-12,Griffith,R2 1200m Mdn,2,262258053,81562007,6,Inquisitrix,4,0,104.49,0,48.0
2026-09-12,Griffith,R2 1200m Mdn,2,262258053,87205368,5,Flying Betty,5,0,26.1,1,7.0
2026-09-12,Griffith,R2 1200m Mdn,2,262258053,87805192,8,Pippie Pomar,1,1,2.66,1,1.36
2026-09-12,Griffith,R2 1200m Mdn,2,262258053,101883470,9,Some Comfort,2,0,4.8,0,2.22
2026-09-12,Griffith,R3 1200m Hcap,3,262258056,46625593,11,Kulina,2,0,7.4,0,2.08
2026-09-12,Griffith,R3 1200m Hcap,3,262258056,74038901,9,Roullottie,5,0,11.5,1,5.6
2026-09-12,Griffith,R3 1200m Hcap,3,262258056,75797201,4,Majestic Deel,4,0,10.36,0,2.9
2026-09-12,Griffith,R3 1200m Hcap,3,262258056,81848416,8,Artist,3,0,40.0,0,6.67
2026-09-12,Griffith,R3 1200m Hcap,3,262258056,87806272,1,Prince Rupert,1,0,9.6,0,2.77
2026-09-12,Griffith,R4 1350m CL1,4,262258059,712285,4,Memphis Tennessee,2,0,16.0,0,6.8
2026-09-12,Griffith,R4 1350m CL1,4,262258059,8348822,2,Anchor Down,3,0,8.68,0,2.34
2026-09-12,Griffith,R4 1350m CL1,4,262258059,76005218,7,Rasloc,4,0,6.8,1,2.82
2026-09-12,Griffith,R4 1350m CL1,4,262258059,76005218,7,Rasloc,5,0,6.8,1,2.82
2026-09-12,Griffith,R4 1350m CL1,4,262258059,85282884,6,Witch Of November,1,0,6.4,0,1.97
2026-09-12,Griffith,R5 1350m Cup,5,262258062,718946,4,Copperfield,1,0,9.91,0,2.38
2026-09-12,Griffith,R5 1350m Cup,5,262258062,1264613,5,Champions League,5,0,14.65,1,3.25
2026-09-12,Griffith,R5 1350m Cup,5,262258062,41589153,2,Epaullo Creed,3,0,5.2,0,2.02
2026-09-12,Griffith,R5 1350m Cup,5,262258062,43203592,3,Eamonns Memory,2,1,5.18,1,1.76
2026-09-12,Griffith,R5 1350m Cup,5,262258062,45541920,1,Fox Appeal,4,0,6.78,0,2.87
2026-09-12,Griffith,R6 1000m Hcap,6,262258065,233128,5,Cilento,2,1,4.45,1,1.91
2026-09-12,Griffith,R6 1000m Hcap,6,262258065,45022951,4,Monsoon Reins,4,0,6.89,1,1.7
2026-09-12,Griffith,R6 1000m Hcap,6,262258065,46862409,7,Mr Pointer,1,0,11.97,0,4.5
2026-09-12,Griffith,R6 1000m Hcap,6,262258065,90567547,2,Time Angel,5,0,3.95,1,1.64
2026-09-12,Griffith,R6 1000m Hcap,6,262258065,101639209,1,See You Then,3,0,12.4,0,4.3
2026-09-12,Kembla Grange,R2 1400m Mdn,2,262263260,86017830,4,Zousari,2,0,12.01,0,3.65
2026-09-12,Kembla Grange,R2 1400m Mdn,2,262263260,93757273,2,Creator Of World,3,0,12.0,0,3.3
2026-09-12,Kembla Grange,R2 1400m Mdn,2,262263260,101639288,1,Cap Dail,4,1,3.4,1,1.49
2026-09-12,Kembla Grange,R2 1400m Mdn,2,262263260,102667687,3,Unleash Harry,1,0,4.98,0,1.9
2026-09-12,Kembla Grange,R2 1400m Mdn,2,262263260,102667691,8,Cold Mist,5,0,10.23,0,2.81
2026-09-12,Kembla Grange,R3 1400m CL1,3,262263263,89623542,6,Hes Got Grunt,5,0,21.0,0,3.81
2026-09-12,Kembla Grange,R3 1400m CL1,3,262263263,90252107,1,Anthropoid,1,0,2.34,1,1.32
2026-09-12,Kembla Grange,R3 1400m CL1,3,262263263,96146301,2,Duck For Cover,4,0,5.16,0,1.58
2026-09-12,Kembla Grange,R3 1400m CL1,3,262263263,98417846,3,Broadway Street,2,0,4.93,1,1.48
2026-09-12,Kembla Grange,R3 1400m CL1,3,262263263,101451169,5,Green Winter,3,1,30.0,1,5.0
2026-09-12,Kembla Grange,R4 1200m Hcap,4,262263266,55383527,8,Temptation,1,1,2.26,1,1.39
2026-09-12,Kembla Grange,R4 1200m Hcap,4,262263266,86933070,4,Youre The Choice,3,0,13.0,0,2.5
2026-09-12,Kembla Grange,R4 1200m Hcap,4,262263266,102667696,1,Commanding Belle,5,0,100.0,0,6.71
2026-09-12,Kembla Grange,R4 1200m Hcap,4,262263266,102667697,2,Me Me,4,0,14.0,0,2.78
2026-09-12,Kembla Grange,R4 1200m Hcap,4,262263266,102667698,3,Uncertain Glory,2,0,3.8,1,1.31
2026-09-12,Kembla Grange,R5 1200m Hcap,5,262263269,2416448,4,Drumfire,1,0,5.27,0,1.62
2026-09-12,Kembla Grange,R5 1200m Hcap,5,262263269,60815815,3,Cmon Mate,5,0,23.0,0,3.95
2026-09-12,Kembla Grange,R5 1200m Hcap,5,262263269,68348072,7,Monte Maximus,2,0,13.42,0,3.2
2026-09-12,Kembla Grange,R5 1200m Hcap,5,262263269,78464197,10,Zoukerino,3,0,55.0,1,8.64
2026-09-12,Kembla Grange,R5 1200m Hcap,5,262263269,80025818,5,Bold And Blazen,4,0,5.9,1,2.44
2026-09-12,Kembla Grange,R6 1000m Mdn,6,262263272,2952916,6,Muscle Beach,5,0,40.92,0,5.7
2026-09-12,Kembla Grange,R6 1000m Mdn,6,262263272,3751617,5,Mayweather,2,0,21.78,0,3.6
2026-09-12,Kembla Grange,R6 1000m Mdn,6,262263272,77728504,2,Extreme Courage,4,0,43.54,0,5.2
2026-09-12,Kembla Grange,R6 1000m Mdn,6,262263272,101609966,9,Eviction Notice,1,0,3.6,1,1.4
2026-09-12,Kembla Grange,R6 1000m Mdn,6,262263272,102667703,11,Colheitas,3,0,145.8,0,12.0
2026-09-12,Kembla Grange,R7 1200m Mdn,7,262263275,102366067,12,Darn You,1,0,6.4,0,2.02
2026-09-12,Kembla Grange,R7 1200m Mdn,7,262263275,102667709,1,Nuclear Pete,2,0,32.0,0,3.65
2026-09-12,Kembla Grange,R7 1200m Mdn,7,262263275,102667712,5,Zynaro,3,0,7.4,0,1.91
2026-09-12,Kembla Grange,R7 1200m Mdn,7,262263275,102667714,9,Pulsator,4,1,3.45,1,1.7
2026-09-12,Kembla Grange,R7 1200m Mdn,7,262263275,102667723,20,Baqueira,5,0,66.33,0,7.87
2026-09-12,Kembla Grange,R8 1600m Hcap,8,262263278,63362477,6,Oneforian,3,0,18.83,0,3.87
2026-09-12,Kembla Grange,R8 1600m Hcap,8,262263278,86099384,12,Kirkuk,2,0,23.0,0,8.71
2026-09-12,Kembla Grange,R8 1600m Hcap,8,262263278,101418751,1,Canny Queen,5,0,17.39,0,4.1
2026-09-12,Kembla Grange,R8 1600m Hcap,8,262263278,102667727,11,Blenheim Girl,4,0,13.24,0,3.23
2026-09-12,Kembla Grange,R8 1600m Hcap,8,262263278,102667728,14,Smart Cry,1,0,6.6,1,2.03
2026-09-12,Mackay,R1 1100m Hcap,1,262269316,70930120,4,Holy Crown,1,0,9.6,1,3.75
2026-09-12,Mackay,R1 1100m Hcap,1,262269316,71223522,5,Chiaro Di Luna,4,0,6.82,0,2.73
2026-09-12,Mackay,R1 1100m Hcap,1,262269316,101183988,1,Harbour Chill,2,1,1.86,1,1.35
2026-09-12,Mackay,R1 1100m Hcap,1,262269316,102403080,2,Gotta Hero,3,0,8.8,0,4.0
2026-09-12,Mackay,R1 1100m Hcap,1,262269316,102668345,6,Watchya Language,5,0,18.0,0,7.77
2026-09-12,Mackay,R2 1100m Mdn,2,262269320,2411207,9,Wave Dancer,1,0,2.98,1,1.43
2026-09-12,Mackay,R2 1100m Mdn,2,262269320,96220205,4,Elegant Venus,5,1,3.46,1,1.38
2026-09-12,Mackay,R2 1100m Mdn,2,262269320,97416758,7,Moonspell,4,0,4.88,1,1.59
2026-09-12,Mackay,R2 1100m Mdn,2,262269320,102668348,5,Hope To Heaven,3,0,21.2,0,4.18
2026-09-12,Mackay,R2 1100m Mdn,2,262269320,102668351,11,Nicco Nota Fighter,2,0,10.5,0,2.2
2026-09-12,Mackay,R3 1200m Hcap,3,262269324,33024862,5,Magic In Me,1,0,6.8,1,3.4
2026-09-12,Mackay,R3 1200m Hcap,3,262269324,53975289,2,Brazen Breccia,2,0,32.0,0,15.3
2026-09-12,Mackay,R3 1200m Hcap,3,262269324,83409908,6,Supid Date,4,0,2.52,0,1.45
2026-09-12,Mackay,R3 1200m Hcap,3,262269324,83409908,6,Supid Date,5,0,2.52,0,1.45
2026-09-12,Mackay,R3 1200m Hcap,3,262269324,86057044,4,Maravillas,3,0,8.8,0,3.8
2026-09-12,Mackay,R4 1050m CL6,4,262269328,828592,1,Contemporary,1,1,2.18,1,1.4
2026-09-12,Mackay,R4 1050m CL6,4,262269328,58844494,5,Gilberts Gold,2,0,120.0,0,26.0
2026-09-12,Mackay,R4 1050m CL6,4,262269328,77021511,4,Woodstock Rock,5,0,5.4,1,2.06
2026-09-12,Mackay,R4 1050m CL6,4,262269328,86934167,3,Admitted,3,0,4.5,0,2.3
2026-09-12,Mackay,R4 1050m CL6,4,262269328,95385658,2,Sailors Rum,4,0,8.5,0,2.83
2026-09-12,Mackay,R5 1800m Hcap,5,262269332,10427361,6,I Want It All,3,0,6.8,1,2.47
2026-09-12,Mackay,R5 1800m Hcap,5,262269332,79803374,2,Batemans Bay,1,0,5.4,0,1.8
2026-09-12,Mackay,R5 1800m Hcap,5,262269332,88151089,1,Mr Shorty,2,0,33.7,0,6.04
2026-09-12,Mackay,R5 1800m Hcap,5,262269332,100200470,8,Tiger Rocket,5,0,65.64,0,13.5
2026-09-12,Mackay,R5 1800m Hcap,5,262269332,102668352,3,Shiny Love,4,1,1.66,1,1.17
2026-09-12,Mackay,R6 1300m Hcap,6,262269336,4073929,2,The Driller,5,0,10.5,0,4.5
2026-09-12,Mackay,R6 1300m Hcap,6,262269336,36306091,3,Sir Rocket,2,0,5.4,0,3.02
2026-09-12,Mackay,R6 1300m Hcap,6,262269336,59495860,6,Hes The One,3,0,9.82,1,3.95
2026-09-12,Mackay,R6 1300m Hcap,6,262269336,64084400,1,The Extreme Cat,1,0,2.88,0,1.62
2026-09-12,Mackay,R6 1300m Hcap,6,262269336,81221604,5,Unifies,4,1,4.9,1,2.53
2026-09-12,Morphettville,R2 1100m 3yo,2,262235197,1256351,4,Money Honey,1,0,3.22,0,1.82
2026-09-12,Morphettville,R2 1100m 3yo,2,262235197,97694772,3,Czech Out,4,0,22.0,0,5.6
2026-09-12,Morphettville,R2 1100m 3yo,2,262235197,100957210,5,Azytass,2,0,3.7,1,1.82
2026-09-12,Morphettville,R2 1100m 3yo,2,262235197,102098061,1,Barghest,3,1,8.8,1,2.42
2026-09-12,Morphettville,R2 1100m 3yo,2,262235197,102633645,2,Cha Ching King,5,0,23.0,0,4.9
2026-09-12,Morphettville,R3 2525m Hcap,3,262235206,9663950,7,High Society Girl,2,0,12.94,1,2.72
2026-09-12,Morphettville,R3 2525m Hcap,3,262235206,36332079,3,Royal Mile,1,0,15.0,0,3.45
2026-09-12,Morphettville,R3 2525m Hcap,3,262235206,76390450,5,Haaland,3,0,3.15,1,1.56
2026-09-12,Morphettville,R3 2525m Hcap,3,262235206,84982472,11,Harleynrose,4,0,18.07,0,4.4
2026-09-12,Morphettville,R3 2525m Hcap,3,262235206,90603947,12,I Love This Song,5,0,72.62,0,11.99
2026-09-12,Morphettville,R4 1050m Hcap,4,262235215,56939244,10,Fill A Promise,4,1,32.56,1,6.44
2026-09-12,Morphettville,R4 1050m Hcap,4,262235215,81221277,3,Shadow Eagle,3,0,15.0,0,3.53
2026-09-12,Morphettville,R4 1050m Hcap,4,262235215,92390339,6,Attain,1,0,23.0,0,4.13
2026-09-12,Morphettville,R4 1050m Hcap,4,262235215,96839362,8,Golden Cloud,2,0,15.5,0,3.45
2026-09-12,Morphettville,R4 1050m Hcap,4,262235215,102633654,13,Harmonic Dancer,5,0,1.73,1,1.22
2026-09-12,Morphettville,R5 1514m Hcap,5,262235224,66732816,13,Mrs Penny Cracker,4,0,17.13,0,3.6
2026-09-12,Morphettville,R5 1514m Hcap,5,262235224,82344591,15,Blakmax,2,0,49.44,0,12.0
2026-09-12,Morphettville,R5 1514m Hcap,5,262235224,92995762,1,Navy Rok,1,1,2.48,1,1.51
2026-09-12,Morphettville,R5 1514m Hcap,5,262235224,96965645,7,Scootathewoota,3,0,119.92,0,24.23
2026-09-12,Morphettville,R5 1514m Hcap,5,262235224,102633656,3,Dirty Deal,5,0,10.87,1,2.92
2026-09-12,Morphettville,R6 1514m Hcap,6,262235233,788564,2,Brave Star,3,0,16.5,0,4.0
2026-09-12,Morphettville,R6 1514m Hcap,6,262235233,3324096,4,Platinum Wolf,4,0,55.98,0,12.39
2026-09-12,Morphettville,R6 1514m Hcap,6,262235233,84982448,10,All Too Mysti,1,0,12.0,0,3.3
2026-09-12,Morphettville,R6 1514m Hcap,6,262235233,90524775,3,Freedom Flame,2,0,9.8,1,3.19
2026-09-12,Morphettville,R6 1514m Hcap,6,262235233,101163360,8,Australia Forever,5,0,8.4,0,2.53
2026-09-12,Morphettville,R7 1100m Listed,7,262235242,71403401,2,Sir Now,2,1,7.48,1,2.24
2026-09-12,Morphettville,R7 1100m Listed,7,262235242,87165046,6,Signature Scent,3,0,12.5,1,3.0
2026-09-12,Morphettville,R7 1100m Listed,7,262235242,102098419,4,Recommendation,1,0,13.0,0,3.05
2026-09-12,Morphettville,R7 1100m Listed,7,262235242,102633662,1,Smooth Chino,4,0,3.77,1,1.63
2026-09-12,Morphettville,R7 1100m Listed,7,262235242,102633663,3,Watchme Win,5,0,3.74,0,1.76
2026-09-12,Morphettville,R8 1800m Hcap,8,262235251,26583584,13,Shakespeare,2,0,62.77,0,13.15
2026-09-12,Morphettville,R8 1800m Hcap,8,262235251,62558825,14,Everlasting Kiss,5,0,75.41,0,15.07
2026-09-12,Morphettville,R8 1800m Hcap,8,262235251,67007969,2,Just A Brother,3,0,33.08,0,7.2
2026-09-12,Morphettville,R8 1800m Hcap,8,262235251,99459362,5,Regal Ripper,4,0,8.2,0,3.2
2026-09-12,Morphettville,R8 1800m Hcap,8,262235251,100454268,9,Tottori,1,0,14.95,0,4.0
2026-09-12,Morphettville,R9 1100m Hcap,9,262235260,71403423,6,Riche Damour,3,0,14.25,1,4.08
2026-09-12,Morphettville,R9 1100m Hcap,9,262235260,75018548,1,Raikoke,1,0,38.0,0,8.43
2026-09-12,Morphettville,R9 1100m Hcap,9,262235260,83050147,3,Sir Myka,2,0,10.0,0,3.33
2026-09-12,Morphettville,R9 1100m Hcap,9,262235260,85181021,2,From The Block,4,0,6.4,0,2.25
2026-09-12,Morphettville,R9 1100m Hcap,9,262235260,98451985,9,Bouncing Beyond,5,0,16.22,0,4.2
2026-09-12,Rosehill,R4 1800m Hcap,4,262233900,776117,9,Furious,3,0,25.67,0,5.3
2026-09-12,Rosehill,R4 1800m Hcap,4,262233900,39669756,1,Bold Mac,5,0,38.0,0,6.18
2026-09-12,Rosehill,R4 1800m Hcap,4,262233900,63324953,2,Star Vega,4,0,65.0,0,7.0
2026-09-12,Rosehill,R4 1800m Hcap,4,262233900,96938669,8,Savisanta,2,0,11.0,0,2.49
2026-09-12,Rosehill,R4 1800m Hcap,4,262233900,101848923,7,Mukhtalif,1,0,2.36,1,1.31
2026-09-12,Rosehill,R5 1500m Hcap,5,262233909,1144486,8,Transcend,4,0,4.39,1,1.93
2026-09-12,Rosehill,R5 1500m Hcap,5,262233909,102633146,3,Mr Verse,2,0,8.0,0,2.48
2026-09-12,Rosehill,R5 1500m Hcap,5,262233909,102633146,3,Mr Verse,3,0,8.0,0,2.48
2026-09-12,Rosehill,R5 1500m Hcap,5,262233909,102633147,5,Itazura,5,0,15.0,0,4.46
2026-09-12,Rosehill,R5 1500m Hcap,5,262233909,102633148,10,Beside The Ocean,1,0,9.6,0,2.99
2026-09-12,Rosehill,R6 1400m Grp3,6,262233918,1222134,12,Piedmont,3,0,24.0,0,5.51
2026-09-12,Rosehill,R6 1400m Grp3,6,262233918,102633152,2,Stormy Marco,2,0,10.5,1,2.84
2026-09-12,Rosehill,R6 1400m Grp3,6,262233918,102633152,2,Stormy Marco,4,0,10.5,1,2.84
2026-09-12,Rosehill,R6 1400m Grp3,6,262233918,102633153,3,Hidrix,1,0,16.0,0,4.1
2026-09-12,Rosehill,R6 1400m Grp3,6,262233918,102633158,11,Savagram,5,0,6.21,0,2.14
2026-09-12,Rosehill,R7 1200m Grp2,7,262233927,64367067,5,Gangsta Granny,4,0,7.0,1,2.16
2026-09-12,Rosehill,R7 1200m Grp2,7,262233927,65051693,8,Weeping Woman,2,0,3.51,0,1.6
2026-09-12,Rosehill,R7 1200m Grp2,7,262233927,102633161,2,Lazzura,1,0,3.25,1,1.43
2026-09-12,Rosehill,R7 1200m Grp2,7,262233927,102633162,3,Apocalyptic,3,0,10.5,0,1.99
2026-09-12,Rosehill,R7 1200m Grp2,7,262233927,102633163,10,Plaintiff,5,0,7.6,0,2.13
2026-09-12,Rosehill,R8 1200m Grp2,8,262233936,391962,1,Fireball,5,0,47.6,0,8.17
2026-09-12,Rosehill,R8 1200m Grp2,8,262233936,95579128,11,Central Europe,1,0,5.49,0,1.96
2026-09-12,Rosehill,R8 1200m Grp2,8,262233936,95579128,11,Central Europe,2,0,5.49,0,1.96
2026-09-12,Rosehill,R8 1200m Grp2,8,262233936,102633167,5,Warwoven,3,1,11.12,1,2.68
2026-09-12,Rosehill,R8 1200m Grp2,8,262233936,102633174,13,Castillo King,4,0,19.78,0,4.4
2026-09-12,Rosehill,R9 1300m Grp2,9,262233945,52147897,2,Militarize,2,0,60.0,0,10.0
2026-09-12,Rosehill,R9 1300m Grp2,9,262233945,54404293,3,Kovalica,3,0,185.96,0,17.1
2026-09-12,Rosehill,R9 1300m Grp2,9,262233945,65261303,1,Estadio Mestalla,5,0,43.8,0,8.0
2026-09-12,Rosehill,R9 1300m Grp2,9,262233945,74814660,9,Encap,4,0,14.11,0,3.0
2026-09-12,Rosehill,R9 1300m Grp2,9,262233945,88376300,6,Skyhook,1,1,2.04,1,1.39
2026-09-12,Rosehill,R10 1200m Hcap,10,262233954,3203329,3,Navy Pilot,5,0,13.0,1,3.0
2026-09-12,Rosehill,R10 1200m Hcap,10,262233954,78916339,6,Eagle Express,1,0,7.02,1,1.82
2026-09-12,Rosehill,R10 1200m Hcap,10,262233954,78916339,6,Eagle Express,3,0,7.02,1,1.82
2026-09-12,Rosehill,R10 1200m Hcap,10,262233954,102633178,7,World Alliance,2,0,34.0,0,7.8
2026-09-12,Rosehill,R10 1200m Hcap,10,262233954,102633179,10,Ruination,4,0,2.96,0,1.35
2026-09-12,Thangool,R1 800m Mdn,1,262269340,97242298,3,The Solicitor,2,1,1.47,1,1.14
2026-09-12,Thangool,R1 800m Mdn,1,262269340,97953740,6,Tricketts Jewel,5,0,4.8,1,1.69
2026-09-12,Thangool,R1 800m Mdn,1,262269340,101916872,1,Atlan,4,0,13.9,0,3.78
2026-09-12,Thangool,R1 800m Mdn,1,262269340,102668069,4,Dubious Babe,1,0,50.0,0,10.0
2026-09-12,Thangool,R1 800m Mdn,1,262269340,102668070,5,Royal Artist,3,0,30.0,0,7.95
2026-09-12,Thangool,R2 800m Hcap,2,262269344,69641500,3,I Am A Winner,2,0,3.56,1,2.04
2026-09-12,Thangool,R2 800m Hcap,2,262269344,86388522,6,Subsidise,4,0,13.82,0,5.69
2026-09-12,Thangool,R2 800m Hcap,2,262269344,102135413,1,Lunar Eight,3,0,3.6,0,1.84
2026-09-12,Thangool,R2 800m Hcap,2,262269344,102135413,1,Lunar Eight,5,0,3.6,0,1.84
2026-09-12,Thangool,R2 800m Hcap,2,262269344,102668071,2,Zedari,1,1,3.16,1,1.74
2026-09-12,Thangool,R3 1200m CL1,3,262269348,62064488,4,Joey Dor,5,0,6.6,0,3.62
2026-09-12,Thangool,R3 1200m CL1,3,262269348,80640172,1,Claw Machine,2,0,8.2,0,3.54
2026-09-12,Thangool,R3 1200m CL1,3,262269348,86934017,2,Craiglea Oreo,4,0,2.8,0,1.81
2026-09-12,Thangool,R3 1200m CL1,3,262269348,89347244,6,Super Talon,1,0,7.73,0,3.27
2026-09-12,Thangool,R3 1200m CL1,3,262269348,102668073,8,Stromboli Delight,3,1,6.52,1,2.56
2026-09-12,Thangool,R4 1200m Hcap,4,262269352,54612255,2,Good Lieutenant,4,0,9.37,0,2.26
2026-09-12,Thangool,R4 1200m Hcap,4,262269352,63324977,5,Cobbo,2,0,9.4,1,2.8
2026-09-12,Thangool,R4 1200m Hcap,4,262269352,68890651,6,Ellibaby,1,0,4.05,0,1.72
2026-09-12,Thangool,R4 1200m Hcap,4,262269352,70420978,3,Papasito,3,1,6.55,1,1.95
2026-09-12,Thangool,R4 1200m Hcap,4,262269352,77729185,11,Craiglea Merida,5,0,3.54,1,1.85
2026-09-12,Thangool,R5 1400m CL3,5,262269356,5593910,1,My Spy,3,0,19.77,0,2.26
2026-09-12,Thangool,R5 1400m CL3,5,262269356,43035550,6,General Wolffe,5,0,13.19,1,2.22
2026-09-12,Thangool,R5 1400m CL3,5,262269356,71904174,4,The Defender,1,1,1.54,1,1.16
2026-09-12,Thangool,R5 1400m CL3,5,262269356,79891031,8,Too Many Kisses,4,0,10.4,1,1.91
2026-09-12,Thangool,R5 1400m CL3,5,262269356,81602204,2,Bitter Spirit,2,0,14.15,0,2.31
2026-09-12,Toowoomba,R1 1000m Hcap,1,262263764,66826061,9,Thats An Extra,3,0,25.76,0,5.4
2026-09-12,Toowoomba,R1 1000m Hcap,1,262263764,66826061,9,Thats An Extra,4,0,25.76,0,5.4
2026-09-12,Toowoomba,R1 1000m Hcap,1,262263764,76390370,6,Jacka Stands Alone,5,0,10.76,1,3.0
2026-09-12,Toowoomba,R1 1000m Hcap,1,262263764,102667897,3,Blantons Run,2,0,13.68,1,3.1
2026-09-12,Toowoomba,R1 1000m Hcap,1,262263764,102667899,8,Mishani Extreme,1,1,4.27,1,1.71
2026-09-12,Toowoomba,R2 1200m 3yo,2,262263770,794143,2,Magritte,2,0,3.47,0,1.25
2026-09-12,Toowoomba,R2 1200m 3yo,2,262263770,102667901,1,Tuxedo Torpedo,4,0,31.17,1,3.57
2026-09-12,Toowoomba,R2 1200m 3yo,2,262263770,102667902,3,Oreillys Flight,1,1,2.28,1,1.12
2026-09-12,Toowoomba,R2 1200m 3yo,2,262263770,102667907,10,Mishani Cabello,3,0,11.5,1,2.33
2026-09-12,Toowoomba,R2 1200m 3yo,2,262263770,102667908,11,All Those Glitters,5,0,530.0,0,65.0
2026-09-12,Toowoomba,R3 1200m Mdn,3,262263776,86099132,10,Miss Ellyse,4,0,35.64,0,6.4
2026-09-12,Toowoomba,R3 1200m Mdn,3,262263776,97480180,3,Foxy Artist,3,0,7.18,0,2.0
2026-09-12,Toowoomba,R3 1200m Mdn,3,262263776,99531728,8,Testy Nic,1,0,2.4,1,1.27
2026-09-12,Toowoomba,R3 1200m Mdn,3,262263776,102134953,4,Daiane,2,1,4.4,1,1.52
2026-09-12,Toowoomba,R3 1200m Mdn,3,262263776,102667912,7,Heavenly Artist,5,0,12.0,1,2.98
2026-09-12,Toowoomba,R4 1200m Hcap,4,262263782,44011841,1,Jack Be Lucky,1,0,25.0,0,5.4
2026-09-12,Toowoomba,R4 1200m Hcap,4,262263782,44011841,1,Jack Be Lucky,2,0,25.0,0,5.4
2026-09-12,Toowoomba,R4 1200m Hcap,4,262263782,44011841,1,Jack Be Lucky,5,0,25.0,0,5.4
2026-09-12,Toowoomba,R4 1200m Hcap,4,262263782,56644892,7,King Jester,3,0,20.0,0,5.1
2026-09-12,Toowoomba,R4 1200m Hcap,4,262263782,68673797,3,Super Quick,4,0,17.26,1,4.38
2026-09-12,Toowoomba,R4 1200m Hcap,4,262263782,102667918,15,Jimmyinthejungle,1,0,8.8,0,3.1
2026-09-12,Toowoomba,R5 1650m Hcap,5,262263788,53913829,4,Araminta,1,0,50.0,0,10.5
2026-09-12,Toowoomba,R5 1650m Hcap,5,262263788,69323045,6,Touch Of Gracie,1,0,38.99,0,9.4
2026-09-12,Toowoomba,R5 1650m Hcap,5,262263788,69323045,6,Touch Of Gracie,2,0,38.99,0,9.4
2026-09-12,Toowoomba,R5 1650m Hcap,5,262263788,69323045,6,Touch Of Gracie,5,0,38.99,0,9.4
2026-09-12,Toowoomba,R5 1650m Hcap,5,262263788,90799391,9,Sweet Pretender,3,0,3.75,0,1.59
2026-09-12,Toowoomba,R5 1650m Hcap,5,262263788,91807772,15,Shot Down By Love,2,0,21.0,0,4.71
2026-09-12,Toowoomba,R5 1650m Hcap,5,262263788,102667925,16,Anyway You Want It,4,0,110.0,0,19.0
2026-09-12,Toowoomba,R6 1650m Mdn,6,262263794,91806994,8,Shrimpton,2,1,4.71,1,1.56
2026-09-12,Toowoomba,R6 1650m Mdn,6,262263794,100860556,7,Rose Of Chantilly,4,0,8.72,0,2.16
2026-09-12,Toowoomba,R6 1650m Mdn,6,262263794,100957104,1,Langdown Legacy,3,0,17.01,1,2.9
2026-09-12,Toowoomba,R6 1650m Mdn,6,262263794,102667926,3,Whiskey Warrior,1,0,2.27,1,1.27
2026-09-12,Toowoomba,,6,262263794,102667929,9,Wingeandwin,5,,,,
2026-09-13,Bathurst,R1 1400m Mdn,1,262291521,789443,8,Miss Maverick,3,0,4.0,1,1.47
2026-09-13,Bathurst,R1 1400m Mdn,1,262291521,80639135,7,La Chaparron,2,0,25.91,1,5.2
2026-09-13,Bathurst,R1 1400m Mdn,1,262291521,102177299,10,May The Force,1,1,3.35,1,1.61
2026-09-13,Bathurst,R1 1400m Mdn,1,262291521,102668187,2,Nortoko,5,0,80.0,0,8.18
2026-09-13,Bathurst,R1 1400m Mdn,1,262291521,102668189,9,Starry Runner,4,0,5.43,0,4.0
2026-09-13,Bathurst,R2 1200m Mdn,2,262291524,6096467,8,Thatsallshewrote,2,0,5.7,0,1.59
2026-09-13,Bathurst,R2 1200m Mdn,2,262291524,7535166,1,Macaroon,3,0,3.18,1,1.75
2026-09-13,Bathurst,R2 1200m Mdn,2,262291524,102668190,2,Ballet Noir,1,0,4.2,0,1.49
2026-09-13,Bathurst,R2 1200m Mdn,2,262291524,102668191,4,Orchid Boy,5,0,11.05,0,2.59
2026-09-13,Bathurst,R2 1200m Mdn,2,262291524,102668192,5,Prince Of Verona,4,1,11.0,1,2.76
2026-09-13,Bathurst,R3 1200m Hcap,3,262291527,2357647,7,Magenta Shores,4,0,7.0,0,2.28
2026-09-13,Bathurst,R3 1200m Hcap,3,262291527,61104816,6,Trifecta Ruby,2,1,43.41,1,8.0
2026-09-13,Bathurst,R3 1200m Hcap,3,262291527,84267144,2,Honey Slider,5,0,8.0,0,2.24
2026-09-13,Bathurst,R3 1200m Hcap,3,262291527,96912764,5,Fawlty Affairs,1,0,7.04,0,2.69
2026-09-13,Bathurst,R3 1200m Hcap,3,262291527,102668195,1,Jazz All Knight,3,0,7.0,1,2.5
2026-09-13,Bathurst,R4 1400m Hcap,4,262291530,35442687,10,Sunday,5,0,9.6,0,2.48
2026-09-13,Bathurst,R4 1400m Hcap,4,262291530,62591856,7,Zahdi,4,0,12.5,0,3.06
2026-09-13,Bathurst,R4 1400m Hcap,4,262291530,67503380,6,Yorkel,1,0,8.64,0,2.63
2026-09-13,Bathurst,R4 1400m Hcap,4,262291530,82856411,14,East Harlem,3,0,7.97,1,2.48
2026-09-13,Bathurst,R4 1400m Hcap,4,262291530,102668197,13,Jade Division,2,0,22.0,0,6.2
2026-09-13,Bathurst,R5 1800m Hcap,5,262291533,1279289,2,Voracious,2,0,14.37,1,3.25
2026-09-13,Bathurst,R5 1800m Hcap,5,262291533,39529938,4,Danish Fortune,5,0,18.0,0,4.87
2026-09-13,Bathurst,R5 1800m Hcap,5,262291533,68931122,3,Forbidden Riff,3,0,5.4,0,1.81
2026-09-13,Bathurst,R5 1800m Hcap,5,262291533,102668198,1,Inquiring Minds,1,0,3.54,1,1.64
2026-09-13,Bathurst,R5 1800m Hcap,5,262291533,102668199,5,Southerly Buster,4,0,6.52,0,2.26
2026-09-13,Bathurst,R6 1300m Hcap,6,262291536,43503672,2,Super Helpful,2,0,28.0,0,6.79
2026-09-13,Bathurst,R6 1300m Hcap,6,262291536,49765333,10,Atmospheric Rock,3,0,39.84,0,9.2
2026-09-13,Bathurst,R6 1300m Hcap,6,262291536,85506860,8,Micro Mikki,1,0,29.75,0,5.6
2026-09-13,Bathurst,R6 1300m Hcap,6,262291536,102668201,9,Tavolo,4,0,72.12,0,11.5
2026-09-13,Bathurst,R6 1300m Hcap,6,262291536,102668202,13,Ishikari,5,1,3.18,1,1.41
2026-09-13,Bathurst,,7,262291539,572040,5,Chamber Of Secrets,3,,,,
2026-09-13,Bathurst,,7,262291539,97211252,4,Hard Choice,1,,,,
2026-09-13,Bathurst,,7,262291539,99769462,11,Silver Agent,2,,,,
2026-09-13,Bathurst,,7,262291539,101579152,9,Elderberry Wine,4,,,,
2026-09-13,Bathurst,,7,262291539,102668207,2,Fearn Trick,5,,,,
2026-09-13,Coffs Harbour,R2 1218m Mdn,2,262291545,224840,5,Noadiah,3,0,15.0,0,5.2
2026-09-13,Coffs Harbour,R2 1218m Mdn,2,262291545,5167262,1,Bucket List,5,0,30.65,0,10.5
2026-09-13,Coffs Harbour,R2 1218m Mdn,2,262291545,101609514,7,Raguel,1,1,3.85,1,1.59
2026-09-13,Coffs Harbour,R2 1218m Mdn,2,262291545,102667642,3,Who Loves A Harley,4,0,4.36,1,2.06
2026-09-13,Coffs Harbour,R2 1218m Mdn,2,262291545,102667643,4,Miss Fic,2,0,4.86,0,2.62
2026-09-13,Coffs Harbour,R3 1014m Mdn,3,262291548,95344108,10,Magic Snitzel,1,0,2.26,0,1.31
2026-09-13,Coffs Harbour,R3 1014m Mdn,3,262291548,98482157,14,Keinbahs Gift,3,0,84.47,0,11.17
2026-09-13,Coffs Harbour,R3 1014m Mdn,3,262291548,100749196,1,Dream Invader,4,0,15.04,1,3.21
2026-09-13,Coffs Harbour,R3 1014m Mdn,3,262291548,102667650,11,Busterboy,5,0,6.32,0,1.92
2026-09-13,Coffs Harbour,R3 1014m Mdn,3,262291548,102667652,13,Gday Ausbred,2,0,18.87,0,4.3
2026-09-13,Coffs Harbour,R4 1218m CL1,4,262291551,82601894,1,Lord Vettori,4,0,18.0,0,4.2
2026-09-13,Coffs Harbour,R4 1218m CL1,4,262291551,83834675,8,Mini Angel,3,0,32.0,0,6.11
2026-09-13,Coffs Harbour,R4 1218m CL1,4,262291551,92116808,2,Torque So Hot,2,0,8.8,0,2.35
2026-09-13,Coffs Harbour,R4 1218m CL1,4,262291551,97724887,4,Felis Chaus,1,0,2.68,0,1.31
2026-09-13,Coffs Harbour,R4 1218m CL1,4,262291551,99809836,7,Dirty Does It,5,0,8.8,0,2.78
2026-09-13,Coffs Harbour,R5 1618m Hcap,5,262291554,42710892,12,Seething Chuck,2,0,13.13,0,3.04
2026-09-13,Coffs Harbour,R5 1618m Hcap,5,262291554,61592738,10,Monte Outlander,5,0,20.9,0,6.0
2026-09-13,Coffs Harbour,R5 1618m Hcap,5,262291554,71651160,2,Sukhbir,1,0,10.4,0,3.18
2026-09-13,Coffs Harbour,R5 1618m Hcap,5,262291554,84911314,1,Zou Big Boy,3,0,11.92,0,6.12
2026-09-13,Coffs Harbour,R5 1618m Hcap,5,262291554,102667658,9,Hotzino,4,0,6.6,0,2.47
2026-09-13,Coffs Harbour,R6 1014m Hcap,6,262291557,66826108,2,Iobject,3,0,85.0,0,12.45
2026-09-13,Coffs Harbour,R6 1014m Hcap,6,262291557,81221125,13,Sir Freddie,4,0,161.92,0,12.5
2026-09-13,Coffs Harbour,R6 1014m Hcap,6,262291557,83409368,6,Kirras Sister,5,0,3.67,0,1.86
2026-09-13,Coffs Harbour,R6 1014m Hcap,6,262291557,83445869,8,Miss Mercy,2,0,12.87,1,3.1
2026-09-13,Coffs Harbour,R6 1014m Hcap,6,262291557,90567942,1,Cool Fizz,1,0,10.0,0,2.27
2026-09-13,Coffs Harbour,R7 1318m Hcap,7,262291560,45787449,2,Lensman,2,0,23.46,1,3.9
2026-09-13,Coffs Harbour,R7 1318m Hcap,7,262291560,57809790,1,Barello,1,0,25.37,1,3.7
2026-09-13,Coffs Harbour,R7 1318m Hcap,7,262291560,69096448,7,Dark Stratum,4,0,65.0,0,9.8
2026-09-13,Coffs Harbour,R7 1318m Hcap,7,262291560,84222544,11,Fancy Shoulder,5,0,4.33,0,1.5
2026-09-13,Coffs Harbour,R7 1318m Hcap,7,262291560,101883375,15,Ausbred Yahoo,3,0,96.87,0,9.89
2026-09-13,Dalby,R2 2000m Hcap,2,262292729,1465375,2,Cardiologist,2,0,6.03,0,1.92
2026-09-13,Dalby,R2 2000m Hcap,2,262292729,61070032,7,Lord Protector,3,0,4.2,0,2.04
2026-09-13,Dalby,R2 2000m Hcap,2,262292729,70137419,1,Victory Command,1,0,18.5,1,4.7
2026-09-13,Dalby,R2 2000m Hcap,2,262292729,82856361,4,Power Of Success,4,1,5.04,1,1.98
2026-09-13,Dalby,R2 2000m Hcap,2,262292729,102668828,5,Trusty Bandit,5,0,5.9,0,2.42
2026-09-13,Dalby,R3 1400m Mdn,3,262292733,19097810,4,Royal Diplomat,1,1,2.43,1,1.25
2026-09-13,Dalby,R3 1400m Mdn,3,262292733,95879596,3,Mission Wise,2,0,5.2,0,1.52
2026-09-13,Dalby,R3 1400m Mdn,3,262292733,102668832,8,Staffo,3,0,7.05,0,1.68
2026-09-13,Dalby,R3 1400m Mdn,3,262292733,102668832,8,Staffo,4,0,7.05,0,1.68
2026-09-13,Dalby,R3 1400m Mdn,3,262292733,102668833,9,Good Skye,5,0,140.0,0,15.0
2026-09-13,Dalby,R4 1000m Hcap,4,262292737,2588998,4,Vesper Lynd,5,0,13.0,0,2.12
2026-09-13,Dalby,R4 1000m Hcap,4,262292737,4365639,1,Drums Of War,4,0,31.91,0,3.6
2026-09-13,Dalby,R4 1000m Hcap,4,262292737,96967937,3,Betterindanude,2,0,21.0,0,3.1
2026-09-13,Dalby,R4 1000m Hcap,4,262292737,102668838,6,Lady Willpower,1,1,1.56,1,1.12
2026-09-13,Dalby,R4 1000m Hcap,4,262292737,102668839,10,Master Miyagi,3,0,25.0,0,3.3
2026-09-13,Dalby,R5 1000m Hcap,5,262292741,6024027,2,Rum Diary,3,0,32.0,0,5.25
2026-09-13,Dalby,R5 1000m Hcap,5,262292741,86431445,1,Igotmymindonyou,2,0,4.6,1,1.73
2026-09-13,Dalby,R5 1000m Hcap,5,262292741,87806292,6,So Be Inspired,4,0,18.04,0,3.15
2026-09-13,Dalby,R5 1000m Hcap,5,262292741,89392101,3,Boomtime Now,5,0,12.5,0,3.0
2026-09-13,Dalby,R5 1000m Hcap,5,262292741,102668840,7,Zavega,1,1,1.94,1,1.23
2026-09-13,Dalby,R6 1400m Mdn,6,262292745,101418787,7,Lustful Belle,3,0,30.44,0,3.5
2026-09-13,Dalby,R6 1400m Mdn,6,262292745,102668842,4,Solo Hunter,1,1,2.22,1,1.11
2026-09-13,Dalby,R6 1400m Mdn,6,262292745,102668843,8,Queen Victorious,2,0,9.8,0,2.12
2026-09-13,Dalby,R6 1400m Mdn,6,262292745,102668843,8,Queen Victorious,5,0,9.8,0,2.12
2026-09-13,Dalby,R6 1400m Mdn,6,262292745,102668845,10,Wanna Kiss,4,0,9.0,0,1.73
2026-09-13,Dalby,R7 1400m Cup,7,262292749,45565496,7,Last Chance Saloon,1,0,4.94,1,1.8
2026-09-13,Dalby,R7 1400m Cup,7,262292749,50560804,14,Brechen,5,0,100.99,0,13.8
2026-09-13,Dalby,R7 1400m Cup,7,262292749,50758166,3,Don Pedro,4,1,2.92,1,1.31
2026-09-13,Dalby,R7 1400m Cup,7,262292749,73259167,4,Sir Carter,2,0,5.7,1,1.95
2026-09-13,Dalby,R7 1400m Cup,7,262292749,77082397,5,The Deputy,3,0,5.2,0,1.8
2026-09-13,Dalby,R8 1400m Hcap,8,262292753,1240944,2,Aolani,1,0,8.28,0,2.38
2026-09-13,Dalby,R8 1400m Hcap,8,262292753,92161461,8,Snugg,2,0,3.53,1,1.35
2026-09-13,Dalby,R8 1400m Hcap,8,262292753,101883380,11,Flying Birds,5,0,152.89,0,24.02
2026-09-13,Dalby,R8 1400m Hcap,8,262292753,102668853,13,Hello Dolly Diva,3,1,2.71,1,1.32
2026-09-13,Dalby,R8 1400m Hcap,8,262292753,102668854,14,Ceekays Choice,4,0,32.15,0,5.3
2026-09-13,Kilmore,R1 1600m Mdn,1,262294672,8394945,3,Challenging,1,0,4.57,0,2.16
2026-09-13,Kilmore,R1 1600m Mdn,1,262294672,94736116,11,Hot Spirit,3,0,14.89,1,3.54
2026-09-13,Kilmore,R1 1600m Mdn,1,262294672,97184716,7,Riverlea Prince,2,0,8.44,1,2.72
2026-09-13,Kilmore,R1 1600m Mdn,1,262294672,102668562,6,My Alpha Sonic,5,0,22.0,0,5.21
2026-09-13,Kilmore,R1 1600m Mdn,1,262294672,102668565,14,Clementaro,4,0,4.2,0,1.78
2026-09-13,Kilmore,R2 1100m Mdn,2,262294679,100232496,1,Diamond Mila,4,0,34.0,0,5.7
2026-09-13,Kilmore,R2 1100m Mdn,2,262294679,102668568,4,Bee Admired,2,0,6.18,1,1.93
2026-09-13,Kilmore,R2 1100m Mdn,2,262294679,102668569,5,Forward Ho,5,0,27.0,1,5.2
2026-09-13,Kilmore,R2 1100m Mdn,2,262294679,102668574,11,Tyrant Rex,1,0,2.75,0,1.38
2026-09-13,Kilmore,R2 1100m Mdn,2,262294679,102668575,13,Portland Rose,3,1,3.55,1,1.39
2026-09-13,Kilmore,R3 1450m Mdn,3,262294686,88151063,2,Cowboykickedfive,2,0,22.48,1,4.5
2026-09-13,Kilmore,R3 1450m Mdn,3,262294686,100957665,4,Swift Statement,4,0,3.26,0,1.37
2026-09-13,Kilmore,R3 1450m Mdn,3,262294686,102668583,1,Akari Spirit,3,0,9.27,1,2.48
2026-09-13,Kilmore,R3 1450m Mdn,3,262294686,102668587,8,Levent,5,0,15.76,0,3.63
2026-09-13,Kilmore,R3 1450m Mdn,3,262294686,102668588,10,Russian Rock,1,1,2.8,1,1.38
2026-09-13,Kilmore,R4 1450m Hcap,4,262294693,45942935,6,Mishima,3,0,6.8,1,3.2
2026-09-13,Kilmore,R4 1450m Hcap,4,262294693,63161562,7,Slate Ripper,2,0,4.53,0,2.14
2026-09-13,Kilmore,R4 1450m Hcap,4,262294693,64367598,9,Party At Arties,5,0,14.93,0,5.4
2026-09-13,Kilmore,R4 1450m Hcap,4,262294693,70170298,5,Scandoval,4,0,50.0,0,12.98
2026-09-13,Kilmore,R4 1450m Hcap,4,262294693,102668590,1,Sensational Ruler,1,1,3.37,1,1.94
2026-09-13,Kilmore,R5 1600m Hcap,5,262294700,57563557,9,Dane On Tour,1,0,8.2,1,3.0
2026-09-13,Kilmore,R5 1600m Hcap,5,262294700,58600671,1,Avonview,5,0,8.79,0,2.71
2026-09-13,Kilmore,R5 1600m Hcap,5,262294700,59453472,5,Cable De Vega,4,0,19.0,1,5.02
2026-09-13,Kilmore,R5 1600m Hcap,5,262294700,101639191,3,King Incanto,2,0,5.5,0,2.02
2026-09-13,Kilmore,R5 1600m Hcap,5,262294700,102668592,6,Dance Lady,3,1,16.92,1,4.6
2026-09-13,Kilmore,R6 2000m Hcap,6,262294707,40688390,11,I Could Do Better,5,0,16.75,0,4.3
2026-09-13,Kilmore,R6 2000m Hcap,6,262294707,63608970,13,Makusha,2,1,5.68,1,2.38
2026-09-13,Kilmore,R6 2000m Hcap,6,262294707,68638021,2,Larryoctane,1,0,9.81,1,3.5
2026-09-13,Kilmore,R6 2000m Hcap,6,262294707,84732821,10,Proven Record,4,0,13.89,0,3.76
2026-09-13,Kilmore,R6 2000m Hcap,6,262294707,101883497,9,Pro Velocity,3,0,11.5,1,3.53
2026-09-13,Kilmore,R7 1100m Hcap,7,262294714,20712304,1,Bring The Thunder,1,0,6.25,0,2.1
2026-09-13,Kilmore,R7 1100m Hcap,7,262294714,59917425,7,Pure Rain,5,0,26.75,0,6.0
2026-09-13,Kilmore,R7 1100m Hcap,7,262294714,65758061,4,Densetsu,3,0,34.19,0,7.4
2026-09-13,Kilmore,R7 1100m Hcap,7,262294714,69096871,6,Alpinova,4,0,6.8,0,2.66
2026-09-13,Kilmore,R7 1100m Hcap,7,262294714,102668596,2,True Prophet,2,0,7.77,1,2.55
2026-09-13,Northam,R1 1100m CL3,1,262295809,1216422,6,Mantua,4,0,13.5,0,5.0
2026-09-13,Northam,R1 1100m CL3,1,262295809,88378764,1,Whos Bent,3,1,3.9,1,2.4
2026-09-13,Northam,R1 1100m CL3,1,262295809,99919907,2,Great Promise,2,0,3.52,1,1.95
2026-09-13,Northam,R1 1100m CL3,1,262295809,102030380,3,Something Royal,5,0,7.2,0,3.0
2026-09-13,Northam,R1 1100m CL3,1,262295809,102668491,4,Spinarella,1,0,5.57,0,2.78
2026-09-13,Northam,R2 1000m 3yo,2,262295813,767852,1,Strut Your Stuff,4,0,14.5,0,3.71
2026-09-13,Northam,R2 1000m 3yo,2,262295813,1206050,2,Ken,5,0,13.01,0,3.45
2026-09-13,Northam,R2 1000m 3yo,2,262295813,95302631,6,London Rose,3,1,5.95,1,2.18
2026-09-13,Northam,R2 1000m 3yo,2,262295813,102668499,3,Phoenix Flaming,1,0,14.42,1,3.85
2026-09-13,Northam,R2 1000m 3yo,2,262295813,102668511,9,Dundee Lass,2,0,5.27,0,1.81
2026-09-13,Northam,R3 1000m Mdn,3,262295817,5401592,12,Chandra,5,0,17.56,1,4.65
2026-09-13,Northam,R3 1000m Mdn,3,262295817,79259117,1,Hold My Wine,2,0,6.53,1,2.55
2026-09-13,Northam,R3 1000m Mdn,3,262295817,96116840,2,Finitto Web,4,0,13.24,0,3.35
2026-09-13,Northam,R3 1000m Mdn,3,262295817,102031680,3,Salve Regina,1,0,3.89,0,1.64
2026-09-13,Northam,R3 1000m Mdn,3,262295817,102668521,7,Ceyone,3,0,9.75,0,2.91
2026-09-13,Northam,R4 1600m Mdn,4,262295821,80856835,1,Opal Nero,5,0,412.02,0,23.0
2026-09-13,Northam,R4 1600m Mdn,4,262295821,94985817,3,Costa Del Darlo,4,0,46.0,1,4.1
2026-09-13,Northam,R4 1600m Mdn,4,262295821,102668529,2,Just Yes,1,1,1.37,1,1.08
2026-09-13,Northam,R4 1600m Mdn,4,262295821,102668532,7,Pure N Simple,3,0,34.0,1,3.4
2026-09-13,Northam,R4 1600m Mdn,4,262295821,102668534,10,Believe Again,2,0,8.2,0,1.6
2026-09-13,Northam,R5 1400m CL1,5,262295825,6363550,2,Come On Emma,1,0,3.68,0,1.63
2026-09-13,Northam,R5 1400m CL1,5,262295825,89920008,5,Valanne Dawn,5,1,11.42,1,2.84
2026-09-13,Northam,R5 1400m CL1,5,262295825,94449067,4,Playing Free,2,0,4.16,0,1.56
2026-09-13,Northam,R5 1400m CL1,5,262295825,94615836,6,Moonshine Queen,4,0,11.51,1,2.96
2026-09-13,Northam,R5 1400m CL1,5,262295825,102668536,1,Show On The Road,3,0,4.07,1,1.59
2026-09-13,Northam,R6 1300m Mdn,6,262295829,3200949,3,Damage Control,4,0,34.0,0,7.86
2026-09-13,Northam,R6 1300m Mdn,6,262295829,92744600,1,Long Laugh,1,0,18.82,0,4.13
2026-09-13,Northam,R6 1300m Mdn,6,262295829,102292655,2,Faradio,3,0,3.4,1,1.63
2026-09-13,Northam,R6 1300m Mdn,6,262295829,102668541,12,Heyzous,2,0,4.75,0,2.18
2026-09-13,Northam,R6 1300m Mdn,6,262295829,102668544,15,Queens Elegance,5,0,15.39,0,4.2
2026-09-13,Northam,R7 2200m Hcap,7,262295833,3205687,2,Awesome Force,2,0,3.56,0,1.51
2026-09-13,Northam,R7 2200m Hcap,7,262295833,3813125,4,Hes Archie,4,0,8.84,1,3.23
2026-09-13,Northam,R7 2200m Hcap,7,262295833,69391411,8,Fioreyes,3,0,10.82,0,3.29
2026-09-13,Northam,R7 2200m Hcap,7,262295833,70823933,11,Tokyo Fire,5,0,8.34,0,2.63
2026-09-13,Northam,R7 2200m Hcap,7,262295833,102668545,3,Astonisher,1,0,23.55,0,6.45
2026-09-13,Sale,R3 1415m Mdn,3,262294827,347224,8,Galactic Girl,4,0,20.0,0,3.64
2026-09-13,Sale,R3 1415m Mdn,3,262294827,87858206,13,Zovozo,3,0,3.71,1,1.37
2026-09-13,Sale,R3 1415m Mdn,3,262294827,91873072,6,All Too Single,2,0,21.24,0,4.29
2026-09-13,Sale,R3 1415m Mdn,3,262294827,102667970,3,More Foxie,5,0,5.5,1,1.95
2026-09-13,Sale,R3 1415m Mdn,3,262294827,102667972,12,Zendarina,1,1,2.91,1,1.32
2026-09-13,Sale,R4 1206m Mdn,4,262294835,3033743,7,Lucky General,5,0,12.0,0,3.05
2026-09-13,Sale,R4 1206m Mdn,4,262294835,97449967,6,King Koruna,1,0,8.0,0,2.34
2026-09-13,Sale,R4 1206m Mdn,4,262294835,102600054,13,Getsmybloodrussian,2,1,20.41,1,4.65
2026-09-13,Sale,R4 1206m Mdn,4,262294835,102667974,1,Braemar Hill,3,0,7.91,1,2.84
2026-09-13,Sale,R4 1206m Mdn,4,262294835,102667979,11,Run Run Win,4,0,5.1,0,2.02
2026-09-13,Sale,R5 1206m Hcap,5,262294843,3155530,7,Fast Freddie,2,0,7.4,1,2.3
2026-09-13,Sale,R5 1206m Hcap,5,262294843,86586347,9,Legacy Bel,5,0,38.0,0,5.98
2026-09-13,Sale,R5 1206m Hcap,5,262294843,88376604,3,Duel Venture,3,0,19.5,0,3.75
2026-09-13,Sale,R5 1206m Hcap,5,262294843,101848608,10,Rhyme Dust,4,0,3.88,0,1.5
2026-09-13,Sale,R5 1206m Hcap,5,262294843,102667984,2,Wetumpka,1,1,2.34,1,1.3
2026-09-13,Sale,R6 1006m Hcap,6,262294851,1487217,1,Bold Print,2,0,6.6,1,2.26
2026-09-13,Sale,R6 1006m Hcap,6,262294851,85181072,7,Watten Assett,5,0,7.2,0,2.2
2026-09-13,Sale,R6 1006m Hcap,6,262294851,92161703,9,Asmita,1,0,6.0,1,1.84
2026-09-13,Sale,R6 1006m Hcap,6,262294851,95579663,8,Divine Empress,3,0,17.45,0,5.1
2026-09-13,Sale,R6 1006m Hcap,6,262294851,102667988,4,Exfortythree,4,0,5.0,0,1.81
2026-09-13,Sale,R7 1732m Hcap,7,262294859,82154,9,Left Hook,2,0,3.61,0,1.61
2026-09-13,Sale,R7 1732m Hcap,7,262294859,71403913,2,Corona Lad,1,0,7.4,1,2.85
2026-09-13,Sale,R7 1732m Hcap,7,262294859,91485457,1,Olney,3,0,12.0,1,3.24
2026-09-13,Sale,R7 1732m Hcap,7,262294859,94352779,6,Two Sigma,5,0,18.25,0,4.65
2026-09-13,Sale,R7 1732m Hcap,7,262294859,102667990,3,Fiery Deal,4,0,7.99,0,2.66
2026-09-13,Sale,R8 1415m Hcap,8,262294867,815460,2,Kings Coronation,2,0,15.26,0,3.87
2026-09-13,Sale,R8 1415m Hcap,8,262294867,2566909,10,You Never Can Tell,4,0,38.0,0,6.18
2026-09-13,Sale,R8 1415m Hcap,8,262294867,95343717,4,Finance Shogun,3,0,5.07,0,2.06
2026-09-13,Sale,R8 1415m Hcap,8,262294867,95514757,3,Let It Beel,5,0,9.6,1,2.6
2026-09-13,Sale,R8 1415m Hcap,8,262294867,102667992,6,Crocodile,1,0,4.2,1,1.79
2026-09-14,Corowa,R1 1400m Mdn,1,262300348,81016185,2,Son Of Rubick,1,0,5.83,0,1.91
2026-09-14,Corowa,R1 1400m Mdn,1,262300348,95022716,8,Sensesational Star,4,0,8.0,0,1.89
2026-09-14,Corowa,R1 1400m Mdn,1,262300348,97480272,4,Distant Stripes,2,0,9.68,1,2.33
2026-09-14,Corowa,R1 1400m Mdn,1,262300348,102177717,3,Wiser,5,1,6.05,1,1.68
2026-09-14,Corowa,R1 1400m Mdn,1,262300348,102667761,6,Gold Decree,3,0,2.82,1,1.54
2026-09-14,Corowa,R2 900m Mdn,2,262300351,95022112,2,Conargo,5,0,170.0,0,21.0
2026-09-14,Corowa,R2 900m Mdn,2,262300351,101163867,9,Mojo Junior,2,0,19.42,0,3.65
2026-09-14,Corowa,R2 900m Mdn,2,262300351,101163867,9,Mojo Junior,4,0,19.42,0,3.65
2026-09-14,Corowa,R2 900m Mdn,2,262300351,102667763,4,European,1,1,1.94,1,1.2
2026-09-14,Corowa,R2 900m Mdn,2,262300351,102667764,5,Brave Summit,3,0,6.0,0,2.4
2026-09-14,Corowa,R3 1600m Hcap,3,262300354,65051538,2,Canny Hell,1,0,3.95,1,2.02
2026-09-14,Corowa,R3 1600m Hcap,3,262300354,71436900,1,Blazing Sword,3,0,3.88,0,1.7
2026-09-14,Corowa,R3 1600m Hcap,3,262300354,77386404,5,Due Calzini,4,0,30.0,0,7.62
2026-09-14,Corowa,R3 1600m Hcap,3,262300354,86654131,6,Triptolemus,2,1,2.22,1,1.3
2026-09-14,Corowa,R4 1000m Hcap,4,262300357,13258777,2,Narcissist,5,1,2.74,1,1.49
2026-09-14,Corowa,R4 1000m Hcap,4,262300357,70666219,3,Starlight Girl,4,0,36.0,0,6.1
2026-09-14,Corowa,R4 1000m Hcap,4,262300357,89748218,7,Marine Girl,2,0,5.2,0,2.2
2026-09-14,Corowa,R4 1000m Hcap,4,262300357,102667770,4,Blue Akoya,1,0,11.0,1,2.82
2026-09-14,Corowa,R4 1000m Hcap,4,262300357,102667771,8,Pietro Road,3,0,25.0,0,4.7
2026-09-14,Corowa,R5 1200m Mdn,5,262300360,92241748,9,Surreal Grace,5,0,98.28,0,6.2
2026-09-14,Corowa,R5 1200m Mdn,5,262300360,97242448,7,Red Light Rachel,1,0,2.56,0,1.22
2026-09-14,Corowa,R5 1200m Mdn,5,262300360,99531775,1,Duke Of Zhou,2,0,16.0,0,3.0
2026-09-14,Corowa,R5 1200m Mdn,5,262300360,102177716,2,Royal Rhino,4,1,78.05,1,6.7
2026-09-14,Corowa,R5 1200m Mdn,5,262300360,102667775,11,Levens Hall,3,0,2.0,1,1.15
2026-09-14,Corowa,R6 1600m CL1,6,262300363,1080326,3,Chief Of War,3,0,1.78,1,1.2
2026-09-14,Corowa,R6 1600m CL1,6,262300363,93022318,2,Brass Monkeys,2,0,12.36,0,2.57
2026-09-14,Corowa,R6 1600m CL1,6,262300363,95620200,5,Scorched Lane,1,0,7.37,0,2.3
2026-09-14,Corowa,R6 1600m CL1,6,262300363,102134646,9,Whisper The Wind,5,0,110.76,0,9.8
2026-09-14,Corowa,R6 1600m CL1,6,262300363,102667780,12,Hold This,4,0,8.23,1,1.87
2026-09-14,Corowa,R7 1300m Hcap,7,262300366,68091523,8,Noir Vitesse,5,0,14.0,0,4.1
2026-09-14,Corowa,R7 1300m Hcap,7,262300366,76336656,3,Annotate,4,0,4.9,1,1.95
2026-09-14,Corowa,R7 1300m Hcap,7,262300366,80678491,4,Black Adam,3,0,6.84,0,2.3
2026-09-14,Corowa,R7 1300m Hcap,7,262300366,93789082,7,Mahmudah,1,0,4.8,0,1.98
2026-09-14,Corowa,R7 1300m Hcap,7,262300366,102667785,10,Ozzy The Equaliser,2,0,9.9,0,2.59
2026-09-14,Hamilton,R1 1200m Mdn,1,262300393,102697869,3,Bronx Brawler,4,0,7.6,0,2.14
2026-09-14,Hamilton,R1 1200m Mdn,1,262300393,102697870,4,Dun Dirt Sweet,5,0,18.5,0,4.3
2026-09-14,Hamilton,R1 1200m Mdn,1,262300393,102697871,6,High Falls,3,1,4.47,1,1.94
2026-09-14,Hamilton,R1 1200m Mdn,1,262300393,102697872,7,Japanese Moka,2,0,3.03,1,1.49
2026-09-14,Hamilton,R1 1200m Mdn,1,262300393,102697873,9,Quynh,1,0,8.99,0,2.38
2026-09-14,Hamilton,R2 1100m Mdn,2,262300401,992366,4,Smart And Mighty,4,0,153.26,0,21.0
2026-09-14,Hamilton,R2 1100m Mdn,2,262300401,7580738,13,Stomping Ground,3,0,10.4,0,2.35
2026-09-14,Hamilton,R2 1100m Mdn,2,262300401,95621451,5,Weasel Sea,2,0,2.84,1,1.38
2026-09-14,Hamilton,R2 1100m Mdn,2,262300401,102697876,6,Cool Aza Breeze,1,0,18.65,1,3.55
2026-09-14,Hamilton,R2 1100m Mdn,2,262300401,102697881,12,Extreme Turbo,5,1,3.2,1,1.49
2026-09-14,Hamilton,R3 1400m Mdn,3,262300409,97480461,11,Piklemegranmother,5,0,4.7,1,1.49
2026-09-14,Hamilton,R3 1400m Mdn,3,262300409,100231867,1,Asal,2,1,2.43,1,1.29
2026-09-14,Hamilton,R3 1400m Mdn,3,262300409,101184044,4,Mister Solly,1,0,7.4,1,1.93
2026-09-14,Hamilton,R3 1400m Mdn,3,262300409,102697885,10,Offngawn,3,0,23.0,0,4.3
2026-09-14,Hamilton,R3 1400m Mdn,3,262300409,102697886,14,Little Ally Bama,4,0,10.5,0,2.47
2026-09-14,Hamilton,R4 1600m Mdn,4,262300417,7406281,12,Rollinontheriver,5,0,60.0,0,5.87
2026-09-14,Hamilton,R4 1600m Mdn,4,262300417,90286834,5,Pete The Prophet,2,0,6.8,0,1.58
2026-09-14,Hamilton,R4 1600m Mdn,4,262300417,92242131,10,Just My Lot,1,1,1.47,1,1.08
2026-09-14,Hamilton,R4 1600m Mdn,4,262300417,102697888,8,Tamwood,4,0,28.0,1,3.15
2026-09-14,Hamilton,R4 1600m Mdn,4,262300417,102697890,13,Rubiboo,3,0,44.0,1,4.4
2026-09-14,Hamilton,R5 1600m Hcap,5,262300425,39457084,11,Spanish Snitzel,5,0,19.08,0,4.4
2026-09-14,Hamilton,R5 1600m Hcap,5,262300425,67855710,1,Side Piece,1,0,10.5,0,2.62
2026-09-14,Hamilton,R5 1600m Hcap,5,262300425,74744619,6,Designs Of Eight,2,0,4.2,1,1.57
2026-09-14,Hamilton,R5 1600m Hcap,5,262300425,81812329,7,Queen Amanjena,3,0,3.17,1,1.41
2026-09-14,Hamilton,R5 1600m Hcap,5,262300425,101131096,4,Cute Girl,4,1,6.6,1,2.1
2026-09-14,Hamilton,R6 2200m Hcap,6,262300433,2984501,3,Octahedron,5,0,6.39,1,1.85
2026-09-14,Hamilton,R6 2200m Hcap,6,262300433,64639877,9,Kawhia,4,0,16.5,0,4.4
2026-09-14,Hamilton,R6 2200m Hcap,6,262300433,72415642,7,Highland Glory,2,1,9.69,1,2.33
2026-09-14,Hamilton,R6 2200m Hcap,6,262300433,72444787,1,Hoodys Horse,3,0,4.59,0,1.72
2026-09-14,Hamilton,R6 2200m Hcap,6,262300433,81016251,4,Prince Of Byron,1,0,2.59,1,1.43
2026-09-14,Hamilton,R7 1100m Hcap,7,262300441,55205798,1,Kentahten,2,0,10.0,1,2.88
2026-09-14,Hamilton,R7 1100m Hcap,7,262300441,78781123,4,Secret Hell,1,0,10.0,1,2.95
2026-09-14,Hamilton,R7 1100m Hcap,7,262300441,86099514,8,Thaimor,4,1,5.43,1,2.12
2026-09-14,Hamilton,R7 1100m Hcap,7,262300441,102697893,2,Packers Journey,5,0,4.85,0,1.95
2026-09-14,Hamilton,R7 1100m Hcap,7,262300441,102697895,12,Simply Sassy,3,0,5.2,0,1.91
2026-09-14,Hamilton,R8 1400m Hcap,8,262300449,2560828,1,Strongside,4,0,24.97,0,5.1
2026-09-14,Hamilton,R8 1400m Hcap,8,262300449,42915598,12,State Of Maine,5,0,33.34,0,6.8
2026-09-14,Hamilton,R8 1400m Hcap,8,262300449,89592152,10,Racey Casey,3,1,3.71,1,1.64
2026-09-14,Hamilton,R8 1400m Hcap,8,262300449,96565513,6,Share The Stars,1,0,4.17,0,1.76
2026-09-14,Hamilton,R8 1400m Hcap,8,262300449,102697897,8,Brroosha,2,0,13.5,0,3.75
2026-09-14,Tamworth,R1 2100m Hcap,1,262300369,42392713,3,Big Short,2,0,30.31,0,6.6
2026-09-14,Tamworth,R1 2100m Hcap,1,262300369,75718036,1,Bonfidelity,5,0,15.97,0,4.82
2026-09-14,Tamworth,R1 2100m Hcap,1,262300369,83710023,2,Wolf Club,4,0,18.11,0,3.5
2026-09-14,Tamworth,R1 2100m Hcap,1,262300369,96747096,10,Quirky Princess,3,0,5.9,0,2.02
2026-09-14,Tamworth,R1 2100m Hcap,1,262300369,97725386,4,Heapys Legacy,1,0,2.69,1,1.39
2026-09-14,Tamworth,R2 1600m CL1,2,262300372,451306,10,Ominous,4,0,12.0,1,3.2
2026-09-14,Tamworth,R2 1600m CL1,2,262300372,66544241,4,Sammaan City,1,0,1.96,0,1.11
2026-09-14,Tamworth,R2 1600m CL1,2,262300372,70205702,1,Blazed Prince,2,1,6.4,1,1.9
2026-09-14,Tamworth,R2 1600m CL1,2,262300372,77427144,9,Moon Treaty,5,0,38.0,0,5.6
2026-09-14,Tamworth,R2 1600m CL1,2,262300372,102667592,2,Famahan,3,0,10.0,1,2.38
2026-09-14,Tamworth,R3 1400m Mdn,3,262300375,38405927,1,Akuma,5,0,76.96,0,13.61
2026-09-14,Tamworth,R3 1400m Mdn,3,262300375,95022349,7,Kenisis,3,0,11.5,1,2.18
2026-09-14,Tamworth,R3 1400m Mdn,3,262300375,102667598,3,Tasman Deel,1,0,3.85,0,1.34
2026-09-14,Tamworth,R3 1400m Mdn,3,262300375,102667602,11,Tigrios,2,1,2.31,1,1.2
2026-09-14,Tamworth,R3 1400m Mdn,3,262300375,102667603,12,Folkdance,4,0,7.01,0,2.97
2026-09-14,Tamworth,R4 1200m Mdn,4,262300378,89748713,2,Mongolian Master,5,0,9.6,1,2.3
2026-09-14,Tamworth,R4 1200m Mdn,4,262300378,94099084,1,Yeah Buddy,2,0,3.27,0,1.29
2026-09-14,Tamworth,,4,262300378,102667605,3,Crime Of Passion,1,,,,
2026-09-14,Tamworth,R4 1200m Mdn,4,262300378,102667608,7,Miss Adblue,4,0,162.79,0,19.8
2026-09-14,Tamworth,R4 1200m Mdn,4,262300378,102667610,9,Mr Hugo,3,0,4.6,0,1.64
2026-09-14,Tamworth,R5 1200m CL2,5,262300381,11122037,1,Dunquin,5,0,2.4,1,1.23
2026-09-14,Tamworth,R5 1200m CL2,5,262300381,55745969,4,Snatchreilly,3,0,32.38,0,6.6
2026-09-14,Tamworth,R5 1200m CL2,5,262300381,87164664,3,Golden Vader,4,0,9.2,0,2.17
2026-09-14,Tamworth,R5 1200m CL2,5,262300381,100956973,7,La Potenza,2,1,8.46,1,2.08
2026-09-14,Tamworth,R5 1200m CL2,5,262300381,102667616,2,Cosmolicious,1,0,4.24,0,1.56
2026-09-14,Tamworth,R6 1400m Hcap,6,262300384,55978673,4,Oenology,1,0,19.67,0,6.0
2026-09-14,Tamworth,R6 1400m Hcap,6,262300384,78713568,2,Hes My Warrior,2,0,8.4,0,2.81
2026-09-14,Tamworth,R6 1400m Hcap,6,262300384,79844139,1,Nomorenightshift,5,0,16.5,0,4.5
2026-09-14,Tamworth,R6 1400m Hcap,6,262300384,96495053,9,Yacht Girl,4,0,8.48,0,2.74
2026-09-14,Tamworth,R6 1400m Hcap,6,262300384,101579277,10,Supreme Statement,3,0,19.17,0,6.0
2026-09-14,Tamworth,R7 1000m Hcap,7,262300387,903679,1,Shaggy,4,0,2.37,1,1.23
2026-09-14,Tamworth,R7 1000m Hcap,7,262300387,1306349,5,Cresta Run,3,0,5.29,1,1.38
2026-09-14,Tamworth,R7 1000m Hcap,7,262300387,72414014,7,King Potter,2,0,2.66,0,1.3
2026-09-14,Tamworth,R7 1000m Hcap,7,262300387,82376418,9,Brighella,5,1,43.68,1,3.82
2026-09-14,Tamworth,,7,262300387,89100972,2,Not Written Off,1,,,,
2026-09-15,Bowen,R4 1200m Hcap,4,262365624,21948647,4,Real Key,2,0,12.36,0,5.6
2026-09-15,Bowen,R4 1200m Hcap,4,262365624,39498884,2,Acrophobic,1,0,4.0,0,2.15
2026-09-15,Bowen,R4 1200m Hcap,4,262365624,49547244,6,Flying Shamus,5,0,20.0,0,5.91
2026-09-15,Bowen,R4 1200m Hcap,4,262365624,66111065,7,Time To Prophet,3,1,7.2,1,3.35
2026-09-15,Bowen,R4 1200m Hcap,4,262365624,69421775,1,Hellish,4,0,3.18,0,1.87
2026-09-15,Bowen,R5 1000m Mdn,5,262365628,40284717,7,Pulsating,1,0,2.42,1,1.34
2026-09-15,Bowen,R5 1000m Mdn,5,262365628,65558467,11,Towers Hill,2,0,12.0,0,3.3
2026-09-15,Bowen,R5 1000m Mdn,5,262365628,86389058,5,Ceretti,3,1,5.81,1,1.89
2026-09-15,Bowen,R5 1000m Mdn,5,262365628,102135352,9,Belindas Rubi,5,0,10.89,0,2.56
2026-09-15,Bowen,R5 1000m Mdn,5,262365628,102333005,6,Queen Of Russia,4,0,12.31,1,3.39
2026-09-15,Bowen,R6 1000m Hcap,6,262365632,3508396,3,Laser Beam,5,0,10.5,1,2.73
2026-09-15,Bowen,R6 1000m Hcap,6,262365632,18953360,5,Hot Torque Invegas,1,0,6.67,0,2.06
2026-09-15,Bowen,R6 1000m Hcap,6,262365632,80329949,7,Spineless,3,0,19.68,0,5.14
2026-09-15,Bowen,R6 1000m Hcap,6,262365632,83050430,2,Excelboom,2,1,3.6,1,1.47
2026-09-15,Bowen,R6 1000m Hcap,6,262365632,102697775,1,Electric Brae,4,0,6.0,0,2.04
2026-09-15,Bowen,R7 1200m CL3,7,262365636,2601461,3,Impressionism,4,0,11.15,0,2.95
2026-09-15,Bowen,R7 1200m CL3,7,262365636,69352365,1,Better Breakout,3,0,11.0,0,3.3
2026-09-15,Bowen,R7 1200m CL3,7,262365636,69352365,1,Better Breakout,5,0,11.0,0,3.3
2026-09-15,Bowen,R7 1200m CL3,7,262365636,77729284,6,Fabulean,1,0,4.2,1,1.68
2026-09-15,Bowen,R7 1200m CL3,7,262365636,84399514,8,Zaya,2,0,16.0,0,3.48
2026-09-15,Moruya,R4 1435m CL1,4,262362250,93826724,5,Excuseme Mrofficer,5,0,22.0,0,4.0
2026-09-15,Moruya,R4 1435m CL1,4,262362250,100019148,7,Nikita Zou,3,0,4.06,1,1.81
2026-09-15,Moruya,R4 1435m CL1,4,262362250,102134865,1,Dubai Adventure,1,0,4.62,1,1.7
2026-09-15,Moruya,R4 1435m CL1,4,262362250,102697910,2,The Adige,4,0,14.48,0,2.96
2026-09-15,Moruya,R4 1435m CL1,4,262362250,102697911,4,Dunwithya,2,0,13.4,0,3.0
2026-09-15,Moruya,R5 1020m Hcap,5,262362253,73176585,1,Abstruse,1,1,8.06,1,2.88
2026-09-15,Moruya,R5 1020m Hcap,5,262362253,77427161,2,Nights Inferno,4,0,6.8,0,2.34
2026-09-15,Moruya,R5 1020m Hcap,5,262362253,90009095,6,Curly Bend,2,0,4.86,1,2.0
2026-09-15,Moruya,R5 1020m Hcap,5,262362253,93239828,8,Vereeva,3,0,10.5,0,2.46
2026-09-15,Moruya,R5 1020m Hcap,5,262362253,94447905,7,Our Cielo,5,0,8.2,0,3.75
2026-09-15,Moruya,R6 1660m Hcap,6,262362256,4827454,7,Flashy Icon,2,0,14.85,0,4.17
2026-09-15,Moruya,R6 1660m Hcap,6,262362256,4827454,7,Flashy Icon,3,0,14.85,0,4.17
2026-09-15,Moruya,R6 1660m Hcap,6,262362256,78432286,1,Sacred Mistress,1,0,8.2,0,2.82
2026-09-15,Moruya,R6 1660m Hcap,6,262362256,94098916,3,The Arrow,5,0,4.5,0,1.92
2026-09-15,Moruya,R6 1660m Hcap,6,262362256,94447902,2,Brazen Crime,4,0,12.85,0,3.65
2026-09-15,Moruya,R7 1210m Hcap,7,262362259,3867602,5,Barbarossa,3,0,5.79,0,2.22
2026-09-15,Moruya,R7 1210m Hcap,7,262362259,47462118,8,Rubi Air,2,0,38.83,1,5.78
2026-09-15,Moruya,R7 1210m Hcap,7,262362259,58711613,10,Spirits Burn Deep,4,0,4.62,0,1.86
2026-09-15,Moruya,R7 1210m Hcap,7,262362259,72878666,3,Cougars,1,0,4.36,0,1.57
2026-09-15,Moruya,R7 1210m Hcap,7,262362259,75797019,2,Dumebi,5,1,5.6,1,2.1
2026-09-15,Wellington,R5 1600m Hcap,5,262413568,3676783,11,Aoife,3,1,18.75,1,3.56
2026-09-15,Wellington,R5 1600m Hcap,5,262413568,60528055,9,Sellinya,2,0,19.65,0,4.19
2026-09-15,Wellington,R5 1600m Hcap,5,262413568,62685433,1,Lady Tino,1,0,44.08,0,7.14
2026-09-15,Wellington,R5 1600m Hcap,5,262413568,70927837,8,Bill Peyto,4,0,9.14,0,2.17
2026-09-15,Wellington,R5 1600m Hcap,5,262413568,102697958,6,Way To Divine,5,0,8.42,1,2.37
2026-09-15,Wellington,R6 900m Hcap,6,262413571,53183613,13,Bobbys Secret,2,0,134.75,1,11.14
2026-09-15,Wellington,R6 900m Hcap,6,262413571,72167525,11,Emphatic Bel,3,0,19.5,0,3.42
2026-09-15,Wellington,R6 900m Hcap,6,262413571,85541592,1,Denman Force,4,0,5.9,1,1.53
2026-09-15,Wellington,R6 900m Hcap,6,262413571,87805445,4,Angies Sister,1,1,1.62,1,1.09
2026-09-15,Wellington,R6 900m Hcap,6,262413571,102697959,6,Pattera,5,0,10.0,0,2.02
2026-09-15,Wellington,R7 1400m CL1,7,262413574,63640209,6,Notleanormean,1,0,42.46,0,6.4
2026-09-15,Wellington,R7 1400m CL1,7,262413574,81563815,1,Written Gold,4,0,29.0,0,7.6
2026-09-15,Wellington,R7 1400m CL1,7,262413574,86976057,2,Panelli,3,0,1.94,1,1.25
2026-09-15,Wellington,R7 1400m CL1,7,262413574,89707936,5,Vendor,2,0,16.49,0,3.59
2026-09-15,Wellington,R7 1400m CL1,7,262413574,102402791,3,Puissance Power,5,0,14.26,1,3.12
2026-09-15,Wellington,R8 1100m Hcap,8,262413577,27046754,8,Shipshape,4,0,60.0,0,8.8
2026-09-15,Wellington,R8 1100m Hcap,8,262413577,37433805,7,Heavenly Kiss,5,0,9.84,0,2.87
2026-09-15,Wellington,R8 1100m Hcap,8,262413577,53612257,2,Capital Mac,2,0,14.68,0,4.3
2026-09-15,Wellington,R8 1100m Hcap,8,262413577,80130680,5,Beauty Edge,1,0,21.95,0,6.0
2026-09-15,Wellington,R8 1100m Hcap,8,262413577,86099387,4,Light Infantry,3,0,8.2,1,2.21
2026-09-15,Wodonga,R4 1200m Hcap,4,262365725,1124993,4,Paparazzo,3,0,11.61,1,2.52
2026-09-15,Wodonga,R4 1200m Hcap,4,262365725,51476794,1,Titan Of Choice,1,0,11.5,0,2.7
2026-09-15,Wodonga,R4 1200m Hcap,4,262365725,83410010,9,Koolatah Queen,2,0,3.0,0,1.38
2026-09-15,Wodonga,R4 1200m Hcap,4,262365725,93871027,3,Divazou,5,0,13.6,0,3.45
2026-09-15,Wodonga,R4 1200m Hcap,4,262365725,102697843,5,Hells Diamond,4,0,8.0,1,2.46
2026-09-15,Wodonga,R5 1590m Hcap,5,262365733,2224446,2,Aka Daka,1,1,2.72,1,1.29
2026-09-15,Wodonga,R5 1590m Hcap,5,262365733,65823248,7,Qubella,3,0,17.5,1,3.42
2026-09-15,Wodonga,R5 1590m Hcap,5,262365733,82078443,4,Spietata,4,0,28.77,1,3.97
2026-09-15,Wodonga,R5 1590m Hcap,5,262365733,102697845,1,Murgasty,5,0,53.19,0,8.12
2026-09-15,Wodonga,R5 1590m Hcap,5,262365733,102697846,3,Hotei Senshi,2,0,3.16,0,1.41
2026-09-15,Wodonga,R6 1400m Hcap,6,262365741,3680193,5,Hustle,1,0,12.0,0,2.82
2026-09-15,Wodonga,R6 1400m Hcap,6,262365741,46836436,4,Hells Itch,3,0,55.0,1,8.8
2026-09-15,Wodonga,R6 1400m Hcap,6,262365741,50560795,1,Isdell,2,0,17.5,1,3.83
2026-09-15,Wodonga,R6 1400m Hcap,6,262365741,57593503,3,Lord Domino,5,0,87.97,0,13.28
2026-09-15,Wodonga,R6 1400m Hcap,6,262365741,81264208,7,Brutify,4,0,2.74,0,1.44
2026-09-15,Wodonga,R7 1100m Hcap,7,262365749,33561503,5,Yellowknife,5,0,8.72,1,2.88
2026-09-15,Wodonga,R7 1100m Hcap,7,262365749,75120008,1,Hells Son,2,0,21.0,1,4.0
2026-09-15,Wodonga,R7 1100m Hcap,7,262365749,89018837,6,Shellys Legacy,3,0,9.2,0,2.72
2026-09-15,Wodonga,R7 1100m Hcap,7,262365749,97764240,7,The Birthday Party,4,0,9.37,0,3.12
2026-09-15,Wodonga,R7 1100m Hcap,7,262365749,102135100,3,Forever With Ned,1,1,2.66,1,1.38
2026-09-16,Balaklava,R1 1400m 3yo,1,262410438,28051005,1,Sidebar,3,0,10.5,0,
2026-09-16,Balaklava,R1 1400m 3yo,1,262410438,95879866,6,Churchill Rose,2,0,10.5,1,
2026-09-16,Balaklava,R1 1400m 3yo,1,262410438,102292283,4,The Obvious Child,1,0,4.9,0,
2026-09-16,Balaklava,R1 1400m 3yo,1,262410438,102810332,2,Tikkamos,5,1,2.01,1,
2026-09-16,Balaklava,R1 1400m 3yo,1,262410438,102810333,5,Leading Ride,4,0,10.98,0,
2026-09-16,Balaklava,R2 1600m Mdn,2,262410447,1476590,3,Karma Queen,4,0,20.11,0,6.8
2026-09-16,Balaklava,R2 1600m Mdn,2,262410447,93278708,6,Pretty Morsel,2,0,9.76,0,3.85
2026-09-16,Balaklava,R2 1600m Mdn,2,262410447,101848206,5,Last Weeks Pay,5,0,6.15,0,3.2
2026-09-16,Balaklava,R2 1600m Mdn,2,262410447,102810334,2,Sky Deel,1,0,15.6,0,6.0
2026-09-16,Balaklava,R2 1600m Mdn,2,262410447,102810335,4,Largs Legacy,3,1,2.3,1,1.62
2026-09-16,Balaklava,R3 1300m Mdn,3,262410456,84107476,3,Strong Minded,2,1,4.4,1,1.64
2026-09-16,Balaklava,R3 1300m Mdn,3,262410456,95228244,4,The Punk Rocker,5,0,40.38,0,5.4
2026-09-16,Balaklava,R3 1300m Mdn,3,262410456,102810337,5,Willebob,3,0,7.8,1,1.94
2026-09-16,Balaklava,R3 1300m Mdn,3,262410456,102810339,7,Glacial Fire,4,0,9.63,1,2.48
2026-09-16,Balaklava,R3 1300m Mdn,3,262410456,102810340,8,Majestic Fury,1,0,2.32,0,1.29
2026-09-16,Balaklava,R4 1050m Mdn,4,262410465,6325928,3,Simply Sid,4,0,5.66,1,2.12
2026-09-16,Balaklava,R4 1050m Mdn,4,262410465,80092576,1,Atomic Time,2,0,11.5,0,3.1
2026-09-16,Balaklava,R4 1050m Mdn,4,262410465,94984525,5,Total Love,1,0,10.5,0,3.23
2026-09-16,Balaklava,R4 1050m Mdn,4,262410465,100424493,9,Canny Miss,3,1,4.34,1,1.97
2026-09-16,Balaklava,R4 1050m Mdn,4,262410465,102810343,7,Blazing Missile,5,0,29.85,1,6.26
2026-09-16,Balaklava,R5 1050m Hcap,5,262410474,43350605,3,The Magistrate,3,0,3.2,1,1.51
2026-09-16,Balaklava,R5 1050m Hcap,5,262410474,70965729,6,Zuetoro,4,1,8.2,1,2.68
2026-09-16,Balaklava,R5 1050m Hcap,5,262410474,72096863,1,Eclair Vitality,1,0,4.47,0,1.71
2026-09-16,Balaklava,R5 1050m Hcap,5,262410474,92995786,8,Wendouree,2,0,13.5,0,3.5
2026-09-16,Balaklava,R5 1050m Hcap,5,262410474,102810353,2,Hes A Cool Cat,5,0,8.92,0,2.73
2026-09-16,Balaklava,R6 1050m Hcap,6,262410483,2495872,8,Rich Lady,1,0,8.0,1,2.6
2026-09-16,Balaklava,R6 1050m Hcap,6,262410483,36894922,4,Just Like Lisa,4,0,7.4,0,2.5
2026-09-16,Balaklava,R6 1050m Hcap,6,262410483,59957051,5,One Kind,3,0,47.97,0,11.0
2026-09-16,Balaklava,R6 1050m Hcap,6,262410483,93468116,6,Reoffer,5,0,7.58,1,2.3
2026-09-16,Balaklava,R6 1050m Hcap,6,262410483,102810355,2,Vercelli,2,0,8.83,0,2.68
2026-09-16,Balaklava,R7 2200m Hcap,7,262410492,4237636,12,Geetee Forty,2,1,8.66,1,2.44
2026-09-16,Balaklava,R7 2200m Hcap,7,262410492,37433527,8,Magnetic Edge,5,0,20.0,0,5.13
2026-09-16,Balaklava,R7 2200m Hcap,7,262410492,45191111,4,Chartin,4,0,7.8,0,2.9
2026-09-16,Balaklava,R7 2200m Hcap,7,262410492,100957224,3,Suit Of Wands,3,0,4.7,1,2.01
2026-09-16,Balaklava,R7 2200m Hcap,7,262410492,102810358,9,Tee Eight,1,0,11.75,0,3.5
2026-09-16,Balaklava,R8 1200m Hcap,8,262410501,52670365,4,Nasho,4,0,30.88,0,6.18
2026-09-16,Balaklava,R8 1200m Hcap,8,262410501,62294312,3,Santastico,1,0,20.0,1,4.6
2026-09-16,Balaklava,R8 1200m Hcap,8,262410501,86347008,12,Zarkana,2,0,2.66,1,1.48
2026-09-16,Balaklava,R8 1200m Hcap,8,262410501,95301332,5,Bayou Music,5,0,13.72,0,3.64
2026-09-16,Balaklava,R8 1200m Hcap,8,262410501,102810359,8,Embellisher,3,0,4.8,0,1.7
2026-09-16,Balaklava,R9 1600m Cup,9,262410510,2956883,4,Williamsburg,2,0,17.0,0,4.79
2026-09-16,Balaklava,R9 1600m Cup,9,262410510,50880095,5,Bamyan Buddha,3,0,18.0,1,5.8
2026-09-16,Balaklava,R9 1600m Cup,9,262410510,51784036,1,Air Assault,4,0,10.35,1,3.28
2026-09-16,Balaklava,R9 1600m Cup,9,262410510,102810361,11,Cicala,1,0,3.58,0,1.81
2026-09-16,Balaklava,R9 1600m Cup,9,262410510,102810362,13,Kirkliston Blu,5,0,308.35,0,58.21
2026-09-16,Balaklava,R10 1400m Hcap,10,262410519,65292455,4,Prodigal Lad,4,0,8.59,0,2.53
2026-09-16,Balaklava,R10 1400m Hcap,10,262410519,74571807,8,Koratora,1,0,9.8,1,3.22
2026-09-16,Balaklava,R10 1400m Hcap,10,262410519,78756243,5,Royal Scripture,3,0,13.0,0,4.2
2026-09-16,Balaklava,R10 1400m Hcap,10,262410519,94352738,3,Uptown Monk,2,1,3.48,1,1.7
2026-09-16,Balaklava,R10 1400m Hcap,10,262410519,102810369,11,Fashion Dog,5,0,16.21,0,3.86
2026-09-16,Belmont,R1 1200m Mdn,1,262411870,9427229,8,Roger,2,1,1.48,1,1.11
2026-09-16,Belmont,R1 1200m Mdn,1,262411870,90181589,1,Call Me Invincible,1,0,5.8,1,1.28
2026-09-16,Belmont,R1 1200m Mdn,1,262411870,100165012,2,Win For Buster,3,0,13.0,0,1.94
2026-09-16,Belmont,R1 1200m Mdn,1,262411870,102810726,6,General Napoleon,4,0,43.01,1,3.99
2026-09-16,Belmont,R1 1200m Mdn,1,262411870,102810727,9,Helluva Promise,5,0,50.0,0,5.3
2026-09-16,Belmont,R2 1200m Mdn,2,262411879,3114326,3,Cachaca,2,0,16.33,0,3.3
2026-09-16,Belmont,R2 1200m Mdn,2,262411879,83837855,1,Rocking In Vegas,3,0,14.5,1,2.48
2026-09-16,Belmont,R2 1200m Mdn,2,262411879,95881209,10,Treasured Legacy,5,1,1.66,1,1.22
2026-09-16,Belmont,R2 1200m Mdn,2,262411879,102810732,7,Budino,4,0,37.79,0,4.8
2026-09-16,Belmont,R2 1200m Mdn,2,262411879,102810734,9,Vaulting Spirit,1,0,8.8,0,2.13
2026-09-16,Belmont,R3 1000m CL1,3,262411888,13018609,7,Star Martini,3,0,4.62,1,2.02
2026-09-16,Belmont,R3 1000m CL1,3,262411888,74459757,2,Espinho,1,0,12.5,0,3.8
2026-09-16,Belmont,R3 1000m CL1,3,262411888,97726354,4,Wiluna Lass,2,1,5.09,1,3.05
2026-09-16,Belmont,R3 1000m CL1,3,262411888,102810736,1,Bonditram,4,0,8.64,0,4.3
2026-09-16,Belmont,R3 1000m CL1,3,262411888,102810737,3,Joyoh,5,0,2.78,0,1.62
2026-09-16,Belmont,R4 1650m Hcap,4,262411897,2865262,3,Boussac,2,0,25.07,1,4.3
2026-09-16,Belmont,R4 1650m Hcap,4,262411897,67231998,7,Capable Angel,5,0,29.98,0,5.11
2026-09-16,Belmont,R4 1650m Hcap,4,262411897,84374632,5,Cheeto,1,0,1.87,0,1.17
2026-09-16,Belmont,R4 1650m Hcap,4,262411897,93240252,1,Polyvanova,4,0,16.2,0,3.4
2026-09-16,Belmont,R4 1650m Hcap,4,262411897,102561554,4,Javelin Strike,3,0,11.34,0,2.62
2026-09-16,Belmont,R5 1650m CL1,5,262411906,5171718,3,About Turn,5,0,28.0,0,4.7
2026-09-16,Belmont,R5 1650m CL1,5,262411906,92744594,5,Jesa Lupa,3,0,5.0,0,1.85
2026-09-16,Belmont,R5 1650m CL1,5,262411906,92967286,1,King Of The Town,1,0,2.86,1,1.4
2026-09-16,Belmont,R5 1650m CL1,5,262411906,94945419,4,Gold Beau,2,0,6.15,0,1.88
2026-09-16,Belmont,R5 1650m CL1,5,262411906,102810740,2,Point Gibraltar,4,0,7.4,0,2.02
2026-09-16,Belmont,R6 1400m CL3,6,262411915,3776559,4,Acta Non Verba,5,0,18.0,1,4.24
2026-09-16,Belmont,R6 1400m CL3,6,262411915,64547390,1,Atlantis Beach,2,0,55.0,0,7.29
2026-09-16,Belmont,R6 1400m CL3,6,262411915,85982341,3,Whats The Point,4,0,22.51,0,4.34
2026-09-16,Belmont,R6 1400m CL3,6,262411915,101555032,2,Cosmic Gem,3,0,3.62,0,1.51
2026-09-16,Belmont,R6 1400m CL3,6,262411915,102810742,7,Streamlined,1,1,2.4,1,1.32
2026-09-16,Belmont,R7 1400m CL3,7,262411924,3090907,1,Ocean Goddess,3,0,7.65,1,2.31
2026-09-16,Belmont,R7 1400m CL3,7,262411924,68639041,8,Right To Silence,1,0,10.5,0,2.97
2026-09-16,Belmont,R7 1400m CL3,7,262411924,86277144,10,Amarlie Miss,4,0,23.59,0,4.81
2026-09-16,Belmont,R7 1400m CL3,7,262411924,87379957,4,Cosmic Treat,2,0,6.61,0,1.92
2026-09-16,Belmont,R7 1400m CL3,7,262411924,87379972,2,Choux Shoe,5,0,24.99,0,5.3
2026-09-16,Canterbury,R1 1100m 3yo,1,262413407,6301565,7,Vatican,3,0,9.23,1,2.24
2026-09-16,Canterbury,R1 1100m 3yo,1,262413407,6301565,7,Vatican,4,0,9.23,1,2.24
2026-09-16,Canterbury,R1 1100m 3yo,1,262413407,102810137,1,Crescent King,2,1,3.08,1,1.61
2026-09-16,Canterbury,R1 1100m 3yo,1,262413407,102810139,4,Keen To Exceed,1,0,4.01,0,1.55
2026-09-16,Canterbury,R1 1100m 3yo,1,262413407,102810141,8,Better By Far,5,0,5.1,1,2.04
2026-09-16,Canterbury,R2 1250m 3yo,2,262413416,97693982,9,Affari,4,0,12.5,1,2.18
2026-09-16,Canterbury,R2 1250m 3yo,2,262413416,102810145,4,Dr Know,2,0,5.0,0,1.55
2026-09-16,Canterbury,R2 1250m 3yo,2,262413416,102810147,6,Saffron Veil,1,1,2.1,1,1.11
2026-09-16,Canterbury,R2 1250m 3yo,2,262413416,102810149,11,Stellar Cipher,5,0,83.14,0,7.29
2026-09-16,Canterbury,R2 1250m 3yo,2,262413416,102810150,12,Caloocan Beauty,3,0,4.32,1,1.7
2026-09-16,Canterbury,R3 1900m Hcap,3,262413425,58069259,2,Fioprospero,3,0,16.59,1,3.35
2026-09-16,Canterbury,R3 1900m Hcap,3,262413425,68157189,1,Doradus,2,1,2.37,1,1.45
2026-09-16,Canterbury,R3 1900m Hcap,3,262413425,83191893,6,Millie De Lune,1,0,12.75,1,3.6
2026-09-16,Canterbury,R3 1900m Hcap,3,262413425,102810155,3,Standard Deviation,5,0,5.26,0,1.62
2026-09-16,Canterbury,R3 1900m Hcap,3,262413425,102810156,7,Supreme Sovereign,4,0,11.64,0,2.94
2026-09-16,Canterbury,,4,262413434,42412802,10,Imatruestar,3,,,,
2026-09-16,Canterbury,R4 1250m Hcap,4,262413434,67935462,3,Unstopabull,4,1,4.03,1,1.51
2026-09-16,Canterbury,R4 1250m Hcap,4,262413434,68384211,2,Snack Bar,1,0,4.2,0,1.69
2026-09-16,Canterbury,R4 1250m Hcap,4,262413434,102810158,5,Magical Moments,5,0,5.41,1,2.05
2026-09-16,Canterbury,R4 1250m Hcap,4,262413434,102810161,14,West Of Dalby,2,0,10.79,0,3.34
2026-09-16,Canterbury,R5 1100m Hcap,5,262413443,4978264,4,Albany Road,3,0,11.96,1,2.33
2026-09-16,Canterbury,R5 1100m Hcap,5,262413443,59354716,7,Pokerjack,5,0,60.0,0,6.25
2026-09-16,Canterbury,R5 1100m Hcap,5,262413443,88111465,2,Fierce,4,0,3.0,1,1.35
2026-09-16,Canterbury,R5 1100m Hcap,5,262413443,102810162,1,Tremonti,2,0,55.0,0,6.9
2026-09-16,Canterbury,R5 1100m Hcap,5,262413443,102810163,8,Whatalegacy,1,1,2.24,1,1.28
2026-09-16,Canterbury,R6 1100m Hcap,6,262413452,77020885,2,Flightcrew,1,0,10.67,0,2.24
2026-09-16,Canterbury,R6 1100m Hcap,6,262413452,79294056,1,Bremel,4,0,70.0,0,9.6
2026-09-16,Canterbury,R6 1100m Hcap,6,262413452,96912774,9,Blitzgal,5,0,18.0,0,3.2
2026-09-16,Canterbury,R6 1100m Hcap,6,262413452,102810168,5,Taxation,2,0,1.51,1,1.15
2026-09-16,Canterbury,R6 1100m Hcap,6,262413452,102810172,12,Hellabella,3,0,20.02,0,3.63
2026-09-16,Canterbury,R7 1550m Hcap,7,262413461,8067242,1,Commodus,1,0,280.0,0,25.53
2026-09-16,Canterbury,R7 1550m Hcap,7,262413461,88732889,7,Fierceness,3,1,7.09,1,1.92
2026-09-16,Canterbury,R7 1550m Hcap,7,262413461,97480330,8,Pappa Blue,4,0,11.74,0,2.54
2026-09-16,Canterbury,R7 1550m Hcap,7,262413461,102810178,5,Cobra Club,2,0,3.14,1,1.7
2026-09-16,Canterbury,R7 1550m Hcap,7,262413461,102810180,11,King Of Dragons,5,0,4.47,1,3.45
2026-09-16,Caulfield,R1 1500m Mdn,1,262412913,102810483,3,Mehsun,4,0,6.21,0,1.86
2026-09-16,Caulfield,R1 1500m Mdn,1,262412913,102810485,5,Melbourne Boy,1,0,7.99,1,2.66
2026-09-16,Caulfield,R1 1500m Mdn,1,262412913,102810486,6,Saint Fox,5,0,4.0,0,1.79
2026-09-16,Caulfield,R1 1500m Mdn,1,262412913,102810487,7,Scarole,3,1,4.45,1,1.81
2026-09-16,Caulfield,R1 1500m Mdn,1,262412913,102810488,8,Zoucity,2,0,10.71,0,2.48
2026-09-16,Caulfield,R2 1600m 3yo,2,262412922,2335018,7,Prevention,4,0,10.0,0,2.82
2026-09-16,Caulfield,R2 1600m 3yo,2,262412922,40397105,4,All Business,2,1,4.78,1,1.74
2026-09-16,Caulfield,R2 1600m 3yo,2,262412922,73259235,3,En Flique,5,0,14.0,0,3.25
2026-09-16,Caulfield,R2 1600m 3yo,2,262412922,90048841,8,Kiwi Jenni,3,0,18.08,1,4.1
2026-09-16,Caulfield,R2 1600m 3yo,2,262412922,102810489,1,Naina,1,0,4.04,1,1.58
2026-09-16,Caulfield,R3 1100m 3yo,3,262412931,3085406,8,Sound System,4,0,15.0,0,2.91
2026-09-16,Caulfield,R3 1100m 3yo,3,262412931,5126691,4,Lomu,5,0,16.5,1,3.18
2026-09-16,Caulfield,R3 1100m 3yo,3,262412931,96182165,9,Valaroso,3,0,2.87,1,1.33
2026-09-16,Caulfield,R3 1100m 3yo,3,262412931,101781666,3,Inner Gold,1,1,3.92,1,1.58
2026-09-16,Caulfield,R3 1100m 3yo,3,262412931,102810490,1,Cab Franc,2,0,4.33,0,1.76
2026-09-16,Caulfield,R4 1100m 3yo,4,262412940,95301216,5,Handee,3,1,7.0,1,2.36
2026-09-16,Caulfield,R4 1100m 3yo,4,262412940,97449209,8,Nialah,2,0,10.48,0,3.24
2026-09-16,Caulfield,R4 1100m 3yo,4,262412940,102810496,3,Egyptian Dancer,1,0,3.27,0,1.74
2026-09-16,Caulfield,R4 1100m 3yo,4,262412940,102810498,9,Ruby Guild,5,0,29.34,0,7.4
2026-09-16,Caulfield,R4 1100m 3yo,4,262412940,102810499,10,Sisterly,4,0,18.5,0,5.51
2026-09-16,Caulfield,R5 1800m Hcap,5,262412949,930841,8,Killenaule,1,0,2.06,1,1.24
2026-09-16,Caulfield,R5 1800m Hcap,5,262412949,8300610,6,Rip Current,5,0,23.25,0,4.8
2026-09-16,Caulfield,R5 1800m Hcap,5,262412949,94984958,11,Shanoni,3,0,13.5,0,3.2
2026-09-16,Caulfield,R5 1800m Hcap,5,262412949,101386251,5,Talkin Stern,4,0,9.94,0,2.66
2026-09-16,Caulfield,R5 1800m Hcap,5,262412949,102810507,4,Yamato Satona,2,0,9.7,0,2.69
2026-09-16,Caulfield,R6 1000m Hcap,6,262412958,4058801,11,Cabriole,3,1,2.44,1,1.49
2026-09-16,Caulfield,R6 1000m Hcap,6,262412958,17767997,1,Castellar,1,0,8.4,0,2.5
2026-09-16,Caulfield,R6 1000m Hcap,6,262412958,77927834,7,Jennyanydots,5,0,64.0,0,9.01
2026-09-16,Caulfield,R6 1000m Hcap,6,262412958,83155575,12,Sun Setting,2,0,5.5,1,1.81
2026-09-16,Caulfield,R6 1000m Hcap,6,262412958,85251003,2,Always Enuff,4,0,33.83,0,6.6
2026-09-16,Caulfield,R7 1500m Hcap,7,262412967,66732832,4,Rhapsody Chic,3,0,75.33,0,7.42
2026-09-16,Caulfield,R7 1500m Hcap,7,262412967,68348570,3,Angland,2,0,12.5,1,2.5
2026-09-16,Caulfield,R7 1500m Hcap,7,262412967,92390348,9,Katsumi Orochi,4,0,8.9,0,1.98
2026-09-16,Caulfield,R7 1500m Hcap,7,262412967,102810512,8,Inkantosstar,1,1,1.63,1,1.14
2026-09-16,Caulfield,R7 1500m Hcap,7,262412967,102810513,11,The Benchmark,5,0,12.0,0,2.15
2026-09-16,Caulfield,R8 1200m Hcap,8,262412976,81221631,1,Primal Spirit,3,0,19.26,0,5.2
2026-09-16,Caulfield,R8 1200m Hcap,8,262412976,82603749,7,Attachments,4,0,6.81,1,2.57
2026-09-16,Caulfield,R8 1200m Hcap,8,262412976,86555029,5,Express Class,1,0,16.22,0,4.71
2026-09-16,Caulfield,R8 1200m Hcap,8,262412976,94352769,3,Loud Charlie,2,1,11.17,1,3.42
2026-09-16,Caulfield,R8 1200m Hcap,8,262412976,102810516,11,The Volta,5,0,4.25,0,2.03
2026-09-16,Doomben,R1 1350m Mdn,1,262409841,7135972,3,Geisha Gal,4,0,18.0,0,3.1
2026-09-16,Doomben,R1 1350m Mdn,1,262409841,89392569,4,Kobability,5,1,15.0,1,3.12
2026-09-16,Doomben,R1 1350m Mdn,1,262409841,102344394,1,Bacetti,3,0,9.54,1,2.06
2026-09-16,Doomben,R1 1350m Mdn,1,262409841,102810184,5,Zephyr Song,2,0,7.91,1,1.95
2026-09-16,Doomben,R1 1350m Mdn,1,262409841,102810186,7,Oregon Coast,1,0,1.85,0,1.14
2026-09-16,Doomben,R2 1350m Mdn,2,262409850,1233894,5,Indigo Star,1,1,10.35,1,2.36
2026-09-16,Doomben,R2 1350m Mdn,2,262409850,96414172,3,Fidardo,3,0,6.69,1,1.93
2026-09-16,Doomben,R2 1350m Mdn,2,262409850,101553596,7,Prophet Of Destiny,2,0,12.25,1,2.77
2026-09-16,Doomben,R2 1350m Mdn,2,262409850,102810190,8,Speedy Crown,5,0,4.25,0,1.6
2026-09-16,Doomben,R2 1350m Mdn,2,262409850,102810191,9,Cedrela,4,0,2.55,0,1.4
2026-09-16,Doomben,R3 1110m 3yo,3,262409859,3474206,3,Network,3,0,23.12,0,4.4
2026-09-16,Doomben,R3 1110m 3yo,3,262409859,96967263,1,Bodmin Moor,2,0,26.0,0,3.95
2026-09-16,Doomben,R3 1110m 3yo,3,262409859,102810195,5,Wilco,5,0,5.58,0,2.32
2026-09-16,Doomben,R3 1110m 3yo,3,262409859,102810206,16,Settle This,1,0,8.4,0,2.6
2026-09-16,Doomben,R3 1110m 3yo,3,262409859,102810207,17,Jolayna Dash,4,0,64.95,0,9.29
2026-09-16,Doomben,R4 2000m Hcap,4,262409868,6377382,7,Cantarito,3,0,9.42,0,2.78
2026-09-16,Doomben,R4 2000m Hcap,4,262409868,72679735,1,Marenaro,5,0,24.0,0,5.6
2026-09-16,Doomben,R4 2000m Hcap,4,262409868,77022998,5,Jemoma Alpilage,1,0,11.0,0,2.94
2026-09-16,Doomben,R4 2000m Hcap,4,262409868,84911311,6,Rosso Levanto,2,0,4.81,0,1.96
2026-09-16,Doomben,R4 2000m Hcap,4,262409868,99241996,13,Wounder,4,0,2.7,1,1.43
2026-09-16,Doomben,R5 1600m CL2,5,262409877,901445,2,Abraham,4,0,9.4,0,2.48
2026-09-16,Doomben,R5 1600m CL2,5,262409877,67477527,5,Toro Strike,1,0,2.76,1,1.36
2026-09-16,Doomben,R5 1600m CL2,5,262409877,84911307,8,Saveur,3,0,21.0,0,3.74
2026-09-16,Doomben,R5 1600m CL2,5,262409877,91873084,1,Global Eclipse,2,1,3.48,1,1.4
2026-09-16,Doomben,R5 1600m CL2,5,262409877,101384822,7,Tulong,5,0,8.2,0,2.12
2026-09-16,Doomben,R6 1350m CL3,6,262409886,2745131,2,Enforceable,3,0,5.92,1,1.85
2026-09-16,Doomben,R6 1350m CL3,6,262409886,12259460,4,Lockyer,2,1,3.08,1,1.43
2026-09-16,Doomben,R6 1350m CL3,6,262409886,77082461,1,Celestial Blaze,1,0,4.94,0,1.76
2026-09-16,Doomben,R6 1350m CL3,6,262409886,94921220,6,Castello Grande,5,0,95.0,0,13.0
2026-09-16,Doomben,R6 1350m CL3,6,262409886,98517222,8,Twisted Queen,4,0,22.64,1,5.5
2026-09-16,Doomben,R7 1110m CL2,7,262409895,92207517,2,No Fooling,1,0,7.62,0,2.54
2026-09-16,Doomben,R7 1110m CL2,7,262409895,102810214,5,Boss Mode,2,1,6.8,1,1.94
2026-09-16,Doomben,R7 1110m CL2,7,262409895,102810215,6,Dontcha Luver,3,0,2.42,0,1.49
2026-09-16,Doomben,R7 1110m CL2,7,262409895,102810216,8,Mercatello,5,0,34.0,0,6.8
2026-09-16,Doomben,R7 1110m CL2,7,262409895,102810217,9,Tasman Bay,4,0,9.2,1,3.0
2026-09-16,Launceston,R1 1400m Hcap,1,262412785,1285545,1,Tuskegee,5,0,8.43,0,3.3
2026-09-16,Launceston,R1 1400m Hcap,1,262412785,52670212,5,Sir Jag,4,0,36.13,0,11.5
2026-09-16,Launceston,R1 1400m Hcap,1,262412785,62432259,4,Stardarmus,2,0,3.3,0,1.8
2026-09-16,Launceston,R1 1400m Hcap,1,262412785,93320655,2,Simply Deep,1,1,4.5,1,1.99
2026-09-16,Launceston,R1 1400m Hcap,1,262412785,95809365,3,Shbourne Power,3,0,3.18,1,1.81
2026-09-16,Launceston,R2 1100m Mdn,2,262412791,102292206,4,Miss Strat,2,0,9.05,0,2.8
2026-09-16,Launceston,R2 1100m Mdn,2,262412791,102810317,2,Toorak Lad,3,0,5.96,0,2.18
2026-09-16,Launceston,R2 1100m Mdn,2,262412791,102810318,3,Lin Thizzy,1,1,8.6,1,2.68
2026-09-16,Launceston,R2 1100m Mdn,2,262412791,102810319,5,Roland View,5,0,27.16,1,5.2
2026-09-16,Launceston,R2 1100m Mdn,2,262412791,102810322,10,Popsy Doodle,4,0,100.0,0,27.32
2026-09-16,Launceston,R3 1400m Mdn,3,262412797,3999449,3,Sir William,4,1,3.86,1,1.7
2026-09-16,Launceston,R3 1400m Mdn,3,262412797,83984782,2,Harrata,5,0,21.99,0,4.2
2026-09-16,Launceston,R3 1400m Mdn,3,262412797,95384842,7,Unfiltered,2,0,3.4,1,1.5
2026-09-16,Launceston,R3 1400m Mdn,3,262412797,98708787,5,Sorell Eagles,3,0,23.0,0,5.1
2026-09-16,Launceston,R3 1400m Mdn,3,262412797,102810327,8,Symphony Queen,1,0,5.93,1,1.86
2026-09-16,Launceston,R4 1400m CL2,4,262412803,78432283,6,Royal Detective,2,0,4.8,1,1.83
2026-09-16,Launceston,R4 1400m CL2,4,262412803,85507404,1,Alpine Fury,3,1,5.6,1,2.2
2026-09-16,Launceston,R4 1400m CL2,4,262412803,88069306,5,Thems The Breaks,1,0,4.73,0,1.89
2026-09-16,Launceston,R4 1400m CL2,4,262412803,91115331,7,Brave Jet,4,0,6.4,0,2.23
2026-09-16,Launceston,R4 1400m CL2,4,262412803,102810328,3,Rippington,5,0,8.85,0,2.68
2026-09-16,Launceston,R5 1100m CL1,5,262412809,90603682,9,Celestial Glow,3,0,31.08,0,6.0
2026-09-16,Launceston,R5 1100m CL1,5,262412809,92459819,3,Geegees Ace,1,0,12.5,0,3.3
2026-09-16,Launceston,R5 1100m CL1,5,262412809,94984052,2,Just Plain Nuts,5,0,2.82,1,1.54
2026-09-16,Launceston,R5 1100m CL1,5,262412809,95263512,5,Miss Lyra,4,0,8.83,1,2.74
2026-09-16,Launceston,R5 1100m CL1,5,262412809,102810329,7,Dissalto,2,0,7.58,0,2.6
2026-09-16,Launceston,R6 1600m CL1,6,262412815,3647429,9,South Georgia,5,0,22.61,0,4.9
2026-09-16,Launceston,R6 1600m CL1,6,262412815,79523333,4,Bella Chinkara,2,0,8.52,0,2.46
2026-09-16,Launceston,R6 1600m CL1,6,262412815,93496652,3,Vinraam,4,0,4.53,0,1.69
2026-09-16,Launceston,R6 1600m CL1,6,262412815,100919944,2,Bailed,3,0,3.55,1,1.6
2026-09-16,Launceston,R6 1600m CL1,6,262412815,101671531,8,Outsidethesquare,1,1,7.4,1,2.36
2026-09-16,Launceston,R7 1200m Hcap,7,262412821,50560822,6,The Wizard King,1,0,7.7,0,2.29
2026-09-16,Launceston,R7 1200m Hcap,7,262412821,63026388,3,Gee Gees Me Boy,2,0,34.56,1,6.6
2026-09-16,Launceston,R7 1200m Hcap,7,262412821,74493571,4,Billie The Great,4,0,8.19,1,2.36
2026-09-16,Launceston,R7 1200m Hcap,7,262412821,81477891,9,Zuni,5,0,4.8,0,1.96
2026-09-16,Launceston,R7 1200m Hcap,7,262412821,92995812,2,Megalita,3,0,3.24,0,1.53
2026-09-17,Beaudesert,R1 1650m Mdn,1,262467075,1060521,1,Elroy,4,0,34.21,0,5.0
2026-09-17,Beaudesert,R1 1650m Mdn,1,262467075,98240399,4,Prince Sevres,5,0,111.74,0,11.0
2026-09-17,Beaudesert,R1 1650m Mdn,1,262467075,101671254,11,Too Mars,2,1,4.9,1,1.54
2026-09-17,Beaudesert,R1 1650m Mdn,1,262467075,102839613,3,Mahmoa,3,0,3.72,0,1.34
2026-09-17,Beaudesert,R1 1650m Mdn,1,262467075,102839616,8,Wasai,1,0,2.37,1,1.18
2026-09-17,Beaudesert,R2 1650m Hcap,2,262467079,40285017,2,The Catch,2,1,7.2,1,2.21
2026-09-17,Beaudesert,R2 1650m Hcap,2,262467079,54339899,1,Capo Strada,3,0,29.03,0,4.59
2026-09-17,Beaudesert,R2 1650m Hcap,2,262467079,80640505,5,The Torque Factor,5,0,3.25,1,1.45
2026-09-17,Beaudesert,R2 1650m Hcap,2,262467079,83904023,4,Bate,4,0,8.8,0,2.3
2026-09-17,Beaudesert,R2 1650m Hcap,2,262467079,102839617,3,Navy Nina,1,0,2.92,1,1.33
2026-09-17,Beaudesert,R3 1200m CL4,3,262467083,4756118,2,Certified Copy,2,0,3.03,1,1.36
2026-09-17,Beaudesert,R3 1200m CL4,3,262467083,75313763,5,Esprit Du Jour,1,0,4.0,0,1.63
2026-09-17,Beaudesert,R3 1200m CL4,3,262467083,80300708,7,Music Fever,4,1,4.53,1,1.74
2026-09-17,Beaudesert,R3 1200m CL4,3,262467083,88651181,4,Vacillation,5,0,29.44,0,5.53
2026-09-17,Beaudesert,R3 1200m CL4,3,262467083,88733249,1,Outakandy,3,0,12.39,1,2.81
2026-09-17,Beaudesert,R4 1100m Mdn,4,262467087,3027292,4,Mystic Meadow,4,0,12.0,0,2.81
2026-09-17,Beaudesert,R4 1100m Mdn,4,262467087,5651224,2,Star Of Paris,1,0,3.17,0,1.44
2026-09-17,Beaudesert,R4 1100m Mdn,4,262467087,87805302,9,Spoilt Rotten,2,0,6.77,0,2.02
2026-09-17,Beaudesert,R4 1100m Mdn,4,262467087,102839622,7,Langan,5,1,11.67,1,2.64
2026-09-17,Beaudesert,R4 1100m Mdn,4,262467087,102839623,8,No Wallet Reg,3,0,3.01,1,1.33
2026-09-17,Beaudesert,R5 1100m Mdn,5,262467091,86554842,7,Emphatique,1,0,4.0,1,1.28
2026-09-17,Beaudesert,R5 1100m Mdn,5,262467091,98643595,12,Adora Djons,3,1,1.77,1,1.1
2026-09-17,Beaudesert,R5 1100m Mdn,5,262467091,102061368,4,Bellouise,5,0,180.0,0,28.31
2026-09-17,Beaudesert,R5 1100m Mdn,5,262467091,102839628,1,Star Of Ascot,4,0,21.05,0,3.42
2026-09-17,Beaudesert,R5 1100m Mdn,5,262467091,102839633,8,Our Combination,2,0,19.05,0,2.69
2026-09-17,Beaudesert,R6 1100m Hcap,6,262467095,42162270,5,Top Bird,2,0,12.38,0,4.2
2026-09-17,Beaudesert,R6 1100m Hcap,6,262467095,64086005,3,Je Reve,5,0,6.19,1,1.85
2026-09-17,Beaudesert,R6 1100m Hcap,6,262467095,70169575,8,Calvary,3,0,6.8,0,2.4
2026-09-17,Beaudesert,R6 1100m Hcap,6,262467095,70169575,8,Calvary,4,0,6.8,0,2.4
2026-09-17,Beaudesert,R6 1100m Hcap,6,262467095,89592129,2,Inquisitor,1,0,24.55,0,6.11
2026-09-17,Beaudesert,R7 1400m Hcap,7,262467099,65558439,5,Azuki,1,1,2.56,1,1.4
2026-09-17,Beaudesert,R7 1400m Hcap,7,262467099,65558439,5,Azuki,2,1,2.56,1,1.4
2026-09-17,Beaudesert,R7 1400m Hcap,7,262467099,67077142,4,Archers Reign,4,0,11.0,0,3.03
2026-09-17,Beaudesert,R7 1400m Hcap,7,262467099,71684617,9,Moet At Midnight,3,0,6.65,0,2.32
2026-09-17,Beaudesert,R7 1400m Hcap,7,262467099,86655122,7,Lord Danilo,5,0,22.78,0,4.72
2026-09-17,Beaudesert,R8 1400m Hcap,8,262467103,2224134,1,Little Vain,4,1,15.59,1,3.63
2026-09-17,Beaudesert,R8 1400m Hcap,8,262467103,31814349,5,Cracker Essgee,5,0,17.38,0,4.03
2026-09-17,Beaudesert,R8 1400m Hcap,8,262467103,53148552,13,Rubaahy,3,0,22.0,0,5.0
2026-09-17,Beaudesert,R8 1400m Hcap,8,262467103,68930940,3,Water Lad,1,0,2.24,0,1.32
2026-09-17,Beaudesert,R8 1400m Hcap,8,262467103,88027929,7,Secret Rose,2,0,9.74,0,2.65
2026-09-17,Beaudesert,R9 1400m CL2,9,262467107,72167417,10,Effies Joy,5,0,12.32,0,2.69
2026-09-17,Beaudesert,R9 1400m CL2,9,262467107,91807648,9,Cheerful Cat,2,0,12.02,1,2.7
2026-09-17,Beaudesert,R9 1400m CL2,9,262467107,91807648,9,Cheerful Cat,3,0,12.02,1,2.7
2026-09-17,Beaudesert,R9 1400m CL2,9,262467107,99398683,4,Weekend Spirit,4,0,7.04,0,2.07
2026-09-17,Beaudesert,R9 1400m CL2,9,262467107,102839639,1,Kozak Prince,1,0,17.17,0,3.85
2026-09-17,Bunbury,R1 1100m 3yo,1,262465864,874830,5,Peak Tycoon,1,0,10.23,0,1.95
2026-09-17,Bunbury,R1 1100m 3yo,1,262465864,102811649,1,Tex N Cee,2,0,6.03,1,1.65
2026-09-17,Bunbury,R1 1100m 3yo,1,262465864,102811650,4,Swing Bar,5,0,43.43,1,5.2
2026-09-17,Bunbury,R1 1100m 3yo,1,262465864,102811651,6,Angel Express,3,1,1.8,1,1.17
2026-09-17,Bunbury,R1 1100m 3yo,1,262465864,102811652,7,Dinky Double,4,0,7.95,0,1.85
2026-09-17,Bunbury,R2 1200m CL1,2,262465868,83837868,7,The Lucky Chip,3,0,60.0,0,13.5
2026-09-17,Bunbury,R2 1200m CL1,2,262465868,102099535,4,Ruthless Angel,1,0,7.12,0,2.46
2026-09-17,Bunbury,R2 1200m CL1,2,262465868,102811655,3,Tag Time,2,1,1.53,1,1.23
2026-09-17,Bunbury,R2 1200m CL1,2,262465868,102811656,5,More Heroic,4,0,24.0,0,6.8
2026-09-17,Bunbury,R2 1200m CL1,2,262465868,102811657,6,Eye Of The Sun,5,0,12.5,1,3.73
2026-09-17,Bunbury,R3 2013m Mdn,3,262465872,4369699,10,Chief Commander,1,0,33.5,0,6.38
2026-09-17,Bunbury,R3 2013m Mdn,3,262465872,98996364,4,Hesnotallthere,2,0,5.69,0,1.91
2026-09-17,Bunbury,R3 2013m Mdn,3,262465872,100396908,3,Sylva Jack,5,0,22.0,0,5.0
2026-09-17,Bunbury,R3 2013m Mdn,3,262465872,101808345,8,Forever Victorious,4,0,3.35,1,1.58
2026-09-17,Bunbury,R3 2013m Mdn,3,262465872,102031690,2,Saisoku,3,0,7.06,1,2.26
2026-09-17,Bunbury,R4 1100m Mdn,4,262465876,77962910,1,Extreme Ruler,5,0,9.8,0,2.8
2026-09-17,Bunbury,R4 1100m Mdn,4,262465876,102811662,7,Champagne Talks,1,1,9.2,1,2.88
2026-09-17,Bunbury,R4 1100m Mdn,4,262465876,102811663,8,Vino Miss,3,0,6.32,0,2.45
2026-09-17,Bunbury,R4 1100m Mdn,4,262465876,102811668,13,Prophecy Girl,4,0,19.39,1,4.69
2026-09-17,Bunbury,R4 1100m Mdn,4,262465876,102811669,14,Lunaris,2,0,3.6,0,1.77
2026-09-17,Bunbury,R5 1400m Mdn,5,262465880,96116852,10,Fortgang,5,0,32.85,0,5.13
2026-09-17,Bunbury,R5 1400m Mdn,5,262465880,96183107,7,Poppys Roses,3,0,2.88,1,1.43
2026-09-17,Bunbury,R5 1400m Mdn,5,262465880,102292662,13,Farnessa,2,0,10.5,0,2.76
2026-09-17,Bunbury,R5 1400m Mdn,5,262465880,102811670,2,Wardikcar,4,0,4.05,1,1.6
2026-09-17,Bunbury,R5 1400m Mdn,5,262465880,102811674,12,God Be Quick,1,1,6.21,1,1.93
2026-09-17,Bunbury,R6 1400m Mdn,6,262465884,69351990,8,Hamadryad,5,0,15.64,1,2.96
2026-09-17,Bunbury,R6 1400m Mdn,6,262465884,80856840,6,Diamond Choux,2,0,15.0,1,2.59
2026-09-17,Bunbury,R6 1400m Mdn,6,262465884,102292654,1,Oscars No Grouch,1,0,4.9,0,1.74
2026-09-17,Bunbury,R6 1400m Mdn,6,262465884,102811676,4,State Of Boom,3,1,20.0,1,3.27
2026-09-17,Bunbury,R6 1400m Mdn,6,262465884,102811679,11,Moose,4,0,1.83,0,1.28
2026-09-17,Bunbury,R7 1685m CL3,7,262465888,67325539,7,Sandfire Rose,2,1,27.0,1,6.0
2026-09-17,Bunbury,R7 1685m CL3,7,262465888,78781645,11,Mavis Myrtle,5,0,8.6,0,2.84
2026-09-17,Bunbury,R7 1685m CL3,7,262465888,79220502,5,Rebelnado,4,0,17.5,0,5.24
2026-09-17,Bunbury,R7 1685m CL3,7,262465888,82278104,1,Point Rocks,3,0,5.9,0,2.25
2026-09-17,Bunbury,R7 1685m CL3,7,262465888,88611559,4,Bondi Star,1,0,3.4,1,1.69
2026-09-17,Bunbury,R8 1200m CL5,8,262465892,61070603,8,Gold Vancouver,5,0,32.09,0,8.0
2026-09-17,Bunbury,R8 1200m CL5,8,262465892,77082238,5,Seindeel,2,0,23.0,0,5.91
2026-09-17,Bunbury,R8 1200m CL5,8,262465892,80027542,11,Return Of The Mach,1,0,3.85,1,1.74
2026-09-17,Bunbury,R8 1200m CL5,8,262465892,86555027,3,Yamashitas Gold,3,0,12.23,1,3.7
2026-09-17,Bunbury,R8 1200m CL5,8,262465892,95581780,7,Spank Appeal,4,0,16.12,0,4.24
2026-09-17,Illawarra Grange,R1 1450m Mdn,1,262464867,7415935,7,Confucius,2,0,5.7,0,1.97
2026-09-17,Illawarra Grange,R1 1450m Mdn,1,262464867,100632173,1,Albert Palais,4,0,2.62,0,1.28
2026-09-17,Illawarra Grange,R1 1450m Mdn,1,262464867,102029764,12,Palm Tree,1,0,11.5,1,3.03
2026-09-17,Illawarra Grange,R1 1450m Mdn,1,262464867,102839320,4,Ancestral,5,0,19.57,0,3.85
2026-09-17,Illawarra Grange,R1 1450m Mdn,1,262464867,102839321,5,Hozumi,3,1,3.1,1,1.32
2026-09-17,Illawarra Grange,R2 1150m Mdn,2,262464870,6963025,6,Slander,2,1,1.82,1,1.31
2026-09-17,Illawarra Grange,R2 1150m Mdn,2,262464870,96965554,1,Coco Dior,1,0,6.45,0,1.78
2026-09-17,Illawarra Grange,R2 1150m Mdn,2,262464870,98060464,7,Blue Meteor,5,0,12.44,0,2.56
2026-09-17,Illawarra Grange,R2 1150m Mdn,2,262464870,102839328,4,Star Of Indigo,4,0,30.0,0,5.65
2026-09-17,Illawarra Grange,R2 1150m Mdn,2,262464870,102839332,11,Pomelo Chamomile,3,0,32.0,0,4.43
2026-09-17,Illawarra Grange,R3 1300m Mdn,3,262464873,51223425,3,Phlox,5,0,9.0,0,2.83
2026-09-17,Illawarra Grange,R3 1300m Mdn,3,262464873,99141845,4,Satonos Shout,2,0,4.25,0,2.04
2026-09-17,Illawarra Grange,R3 1300m Mdn,3,262464873,99141845,4,Satonos Shout,3,0,4.25,0,2.04
2026-09-17,Illawarra Grange,R3 1300m Mdn,3,262464873,102839340,10,Yes We Have,4,0,19.0,0,4.83
2026-09-17,Illawarra Grange,R3 1300m Mdn,3,262464873,102839341,11,Aladdins Girl,1,1,8.0,1,2.5
2026-09-17,Illawarra Grange,R4 1200m CL1,4,262464876,81307657,12,Mercantilist,3,0,34.08,0,6.93
2026-09-17,Illawarra Grange,R4 1200m CL1,4,262464876,82154166,6,Iron Fury,1,0,7.6,0,2.89
2026-09-17,Illawarra Grange,R4 1200m CL1,4,262464876,102839351,8,Turf Fever,4,0,11.0,0,3.11
2026-09-17,Illawarra Grange,R4 1200m CL1,4,262464876,102839351,8,Turf Fever,5,0,11.0,0,3.11
2026-09-17,Illawarra Grange,R4 1200m CL1,4,262464876,102839353,13,Vittozzi,2,0,4.02,1,1.82
2026-09-17,Illawarra Grange,R5 1450m CL1,5,262464879,2009355,13,Ouragan,4,0,27.0,1,6.2
2026-09-17,Illawarra Grange,R5 1450m CL1,5,262464879,95384791,2,Varjak,2,0,4.2,1,1.73
2026-09-17,Illawarra Grange,R5 1450m CL1,5,262464879,100487013,11,Yvonnes Joy,1,0,11.5,0,2.94
2026-09-17,Illawarra Grange,R5 1450m CL1,5,262464879,102839357,3,Dirty Summer,5,0,9.95,0,3.25
2026-09-17,Illawarra Grange,R5 1450m CL1,5,262464879,102839359,6,Spill It,3,0,9.46,0,3.1
2026-09-17,Illawarra Grange,R6 1450m Hcap,6,262464882,62355257,3,Laurel Hill,2,0,28.0,0,4.2
2026-09-17,Illawarra Grange,R6 1450m Hcap,6,262464882,70705212,1,Satness,4,0,18.28,0,3.5
2026-09-17,Illawarra Grange,R6 1450m Hcap,6,262464882,85713005,11,Beverly Hills,3,0,6.63,1,2.12
2026-09-17,Illawarra Grange,R6 1450m Hcap,6,262464882,85713005,11,Beverly Hills,5,0,6.63,1,2.12
2026-09-17,Illawarra Grange,R6 1450m Hcap,6,262464882,102839363,4,Glastonbury Girl,1,0,1.72,1,1.21
2026-09-17,Illawarra Grange,R7 1150m Hcap,7,262464885,2943360,12,Punxsutawney Phil,2,1,3.65,1,1.24
2026-09-17,Illawarra Grange,R7 1150m Hcap,7,262464885,80025836,6,Sneaky Sofia,1,0,85.0,0,7.16
2026-09-17,Illawarra Grange,R7 1150m Hcap,7,262464885,101916962,4,St Johann,5,0,4.0,0,1.5
2026-09-17,Illawarra Grange,R7 1150m Hcap,7,262464885,102839365,5,Lucand Magic,3,0,2.42,0,1.29
2026-09-17,Illawarra Grange,R7 1150m Hcap,7,262464885,102839367,11,Dragon Blood,4,0,16.0,1,2.24
2026-09-17,Mornington,R1 1200m Mdn,1,262463585,97631391,1,Flamingo Flyer,2,0,14.99,0,3.3
2026-09-17,Mornington,R1 1200m Mdn,1,262463585,99275228,11,Adakite,3,0,2.58,1,1.27
2026-09-17,Mornington,R1 1200m Mdn,1,262463585,102667976,3,Salarae,4,0,6.6,1,2.16
2026-09-17,Mornington,R1 1200m Mdn,1,262463585,102839536,2,Acharnee,5,0,13.0,0,2.94
2026-09-17,Mornington,R1 1200m Mdn,1,262463585,102839539,6,Mo,1,0,6.46,0,2.86
2026-09-17,Mornington,,2,262463593,102839542,1,Just Basil,4,,,,
2026-09-17,Mornington,R2 1500m Mdn,2,262463593,102839543,2,Socium,2,0,23.0,0,2.9
2026-09-17,Mornington,R2 1500m Mdn,2,262463593,102839545,4,Top Conti,1,1,1.74,1,1.1
2026-09-17,Mornington,R2 1500m Mdn,2,262463593,102839550,10,Vantaa,5,0,3.6,1,1.27
2026-09-17,Mornington,R2 1500m Mdn,2,262463593,102839551,11,Aryna,3,0,64.01,0,5.96
2026-09-17,Mornington,R3 1000m Mdn,3,262463601,302055,2,Silver Snow,4,0,100.0,0,7.8
2026-09-17,Mornington,R3 1000m Mdn,3,262463601,92743612,5,Ostrom,2,0,47.7,1,4.8
2026-09-17,Mornington,R3 1000m Mdn,3,262463601,101848490,8,Golden Cicada,1,0,42.0,0,4.58
2026-09-17,Mornington,R3 1000m Mdn,3,262463601,102839553,4,Inner Thoughts,3,0,140.0,0,10.5
2026-09-17,Mornington,R3 1000m Mdn,3,262463601,102839556,10,Chapel Belle,5,0,28.07,0,4.2
2026-09-17,Mornington,R4 3080m Hcap,4,262463609,51615873,5,Midnight Glow,4,1,17.0,1,3.55
2026-09-17,Mornington,R4 3080m Hcap,4,262463609,60528878,11,El Sordo,5,0,15.5,0,3.8
2026-09-17,Mornington,R4 3080m Hcap,4,262463609,64367567,4,Genrichero,1,0,3.7,1,1.66
2026-09-17,Mornington,R4 3080m Hcap,4,262463609,67259569,2,Salsita,2,0,3.61,0,1.6
2026-09-17,Mornington,R4 3080m Hcap,4,262463609,82078864,7,Motiver,3,0,11.0,0,3.05
2026-09-17,Mornington,R5 2050m Hcap,5,262463617,4746730,3,Lightning Flash,4,0,15.0,0,3.96
2026-09-17,Mornington,R5 2050m Hcap,5,262463617,57593507,8,Fam Gorman,3,0,14.5,0,4.52
2026-09-17,Mornington,R5 2050m Hcap,5,262463617,65089774,7,Tactfull,5,0,17.5,0,4.3
2026-09-17,Mornington,R5 2050m Hcap,5,262463617,91114924,10,Staphani,2,0,7.26,0,2.56
2026-09-17,Mornington,R5 2050m Hcap,5,262463617,102839563,14,Saveadateforme,1,1,5.03,1,2.08
2026-09-17,Mornington,R6 1000m Hcap,6,262463625,74774093,4,Bella Cinque,3,0,6.2,0,2.28
2026-09-17,Mornington,R6 1000m Hcap,6,262463625,75436832,1,Helluva Barty,2,0,31.3,0,5.8
2026-09-17,Mornington,R6 1000m Hcap,6,262463625,90568648,8,Koko,4,0,4.73,1,2.03
2026-09-17,Mornington,R6 1000m Hcap,6,262463625,102839565,9,Ladhar,1,0,4.26,0,1.86
2026-09-17,Mornington,R6 1000m Hcap,6,262463625,102839566,10,Presscode,5,1,6.63,1,2.42
2026-09-17,Mornington,R7 1200m Hcap,7,262463633,49116980,10,Turnaquid,5,0,42.0,0,9.2
2026-09-17,Mornington,R7 1200m Hcap,7,262463633,68091268,6,Ranakye,4,0,14.95,0,4.0
2026-09-17,Mornington,R7 1200m Hcap,7,262463633,69642468,3,Volatile,1,0,6.6,1,2.7
2026-09-17,Mornington,R7 1200m Hcap,7,262463633,89435877,11,Sistine Tunnel,2,0,10.23,1,3.3
2026-09-17,Mornington,R7 1200m Hcap,7,262463633,101917159,4,Sonic Surge,3,0,8.26,0,2.62
2026-09-17,Mornington,R8 1500m Hcap,8,262463641,606445,1,Eye For An Eye,3,0,23.19,0,5.75
2026-09-17,Mornington,R8 1500m Hcap,8,262463641,51032024,11,Diamanda,4,0,38.0,0,7.0
2026-09-17,Mornington,R8 1500m Hcap,8,262463641,85712849,3,Rock Them Jools,2,0,12.0,1,3.17
2026-09-17,Mornington,R8 1500m Hcap,8,262463641,101131073,5,Mr Sioux,1,0,3.91,0,1.92
2026-09-17,Mornington,R8 1500m Hcap,8,262463641,102839574,9,Farside,5,0,24.79,0,5.9
2026-09-18,Ballarat,R1 1000m 3yo,1,262533545,5102986,7,Epponnee Rae,3,0,56.44,1,10.12
2026-09-18,Ballarat,R1 1000m 3yo,1,262533545,98214167,10,Je Suis Beyonce,5,0,5.0,0,1.82
2026-09-18,Ballarat,R1 1000m 3yo,1,262533545,102870350,1,Boy From Zadar,4,0,24.0,0,5.05
2026-09-18,Ballarat,R1 1000m 3yo,1,262533545,102870355,8,Gas Station Rose,1,1,3.89,1,1.58
2026-09-18,Ballarat,R1 1000m 3yo,1,262533545,102870356,9,Gold Bijoux,2,0,11.0,0,3.27
2026-09-18,Ballarat,R2 1200m Mdn,2,262533553,102870361,1,Dextrose,5,0,130.0,0,20.06
2026-09-18,Ballarat,R2 1200m Mdn,2,262533553,102870362,3,Sealand,4,0,11.59,0,3.22
2026-09-18,Ballarat,R2 1200m Mdn,2,262533553,102870366,7,Fine And Sunny,2,0,11.0,0,3.6
2026-09-18,Ballarat,R2 1200m Mdn,2,262533553,102870368,9,Miss Graff,1,0,6.2,0,2.06
2026-09-18,Ballarat,R2 1200m Mdn,2,262533553,102870371,12,Superbec,3,1,2.83,1,1.49
2026-09-18,Ballarat,R3 1200m Mdn,3,262533569,93239978,2,Brilliant Bull Ant,4,0,32.0,1,4.75
2026-09-18,Ballarat,R3 1200m Mdn,3,262533569,96800101,1,Black Aces,3,0,230.0,0,30.0
2026-09-18,Ballarat,R3 1200m Mdn,3,262533569,97243035,5,Egyptian Thorn,1,0,12.0,0,3.02
2026-09-18,Ballarat,R3 1200m Mdn,3,262533569,102870377,10,Core Business,5,0,32.76,0,6.6
2026-09-18,Ballarat,R3 1200m Mdn,3,262533569,102870378,11,Keen Observer,2,0,3.35,1,1.6
2026-09-18,Ballarat,R4 2000m Mdn,4,262533585,99730825,8,Rock Catcher,2,0,24.0,0,5.8
2026-09-18,Ballarat,R4 2000m Mdn,4,262533585,102870383,3,Knucklehead,3,0,20.32,0,4.69
2026-09-18,Ballarat,R4 2000m Mdn,4,262533585,102870386,7,Only Opera,4,1,9.2,1,2.61
2026-09-18,Ballarat,R4 2000m Mdn,4,262533585,102870388,11,Cold Shower,5,0,50.0,1,13.0
2026-09-18,Ballarat,R4 2000m Mdn,4,262533585,102870390,13,Expensive Taste,1,0,4.78,0,2.14
2026-09-18,Ballarat,R5 2000m Hcap,5,262533601,52435629,6,Roaring Engine,2,0,57.97,0,15.0
2026-09-18,Ballarat,R5 2000m Hcap,5,262533601,84733793,2,Ahab,4,0,8.4,0,2.44
2026-09-18,Ballarat,R5 2000m Hcap,5,262533601,91806998,4,Deny Entry,3,0,3.4,0,1.57
2026-09-18,Ballarat,R5 2000m Hcap,5,262533601,98482449,5,Hawk Power,5,0,44.0,0,8.8
2026-09-18,Ballarat,R5 2000m Hcap,5,262533601,102870394,8,Melek,1,0,3.69,1,1.8
2026-09-18,Ballarat,R6 1000m Hcap,6,262533617,1372526,6,Yolo,2,1,3.52,1,1.71
2026-09-18,Ballarat,R6 1000m Hcap,6,262533617,56089307,1,Commands Success,1,0,17.0,0,4.5
2026-09-18,Ballarat,R6 1000m Hcap,6,262533617,57654875,11,Divine Vicky,3,0,30.75,0,7.2
2026-09-18,Ballarat,R6 1000m Hcap,6,262533617,90567777,4,Astari,4,0,24.0,0,5.3
2026-09-18,Ballarat,R6 1000m Hcap,6,262533617,102870403,12,Formidable Force,5,0,41.13,0,8.48
2026-09-18,Ballarat,R7 1200m Hcap,7,262533633,58371841,11,Smart Little Miss,1,0,32.0,1,7.2
2026-09-18,Ballarat,R7 1200m Hcap,7,262533633,75165357,6,Victoris,2,0,15.5,0,4.6
2026-09-18,Ballarat,R7 1200m Hcap,7,262533633,92207624,1,Insain Harry,3,0,8.8,0,2.68
2026-09-18,Ballarat,R7 1200m Hcap,7,262533633,95919099,7,Star Rotation,4,0,32.12,0,6.53
2026-09-18,Ballarat,R7 1200m Hcap,7,262533633,102870405,8,Bardias Dream,5,0,6.25,0,2.2
2026-09-18,Ballarat,R8 1600m Hcap,8,262533650,3231672,6,Ten Commandments,2,1,3.44,1,1.74
2026-09-18,Ballarat,R8 1600m Hcap,8,262533650,66580120,5,Wymark,5,0,22.0,1,5.2
2026-09-18,Ballarat,R8 1600m Hcap,8,262533650,69576804,3,Craig,4,0,18.5,0,5.2
2026-09-18,Ballarat,R8 1600m Hcap,8,262533650,71404042,2,Al Duca,1,0,4.21,1,1.92
2026-09-18,Ballarat,R8 1600m Hcap,8,262533650,102870409,4,Statuario,3,0,24.32,0,5.1
2026-09-18,Ballarat,R9 1500m Hcap,9,262533666,8537357,3,Almost An Angel,3,0,11.0,0,2.79
2026-09-18,Ballarat,R9 1500m Hcap,9,262533666,102870417,1,Russian Duchess,2,0,9.2,0,2.78
2026-09-18,Ballarat,R9 1500m Hcap,9,262533666,102870418,4,Fast N Inzaine,5,0,27.19,1,5.8
2026-09-18,Ballarat,R9 1500m Hcap,9,262533666,102870419,5,La Barrita,1,1,3.61,1,1.6
2026-09-18,Ballarat,R9 1500m Hcap,9,262533666,102870420,6,Notified,4,0,10.24,0,3.0
2026-09-18,Canberra,R1 2000m CL1,1,262533519,72892135,2,Unmatched,1,0,9.64,0,4.12
2026-09-18,Canberra,R1 2000m CL1,1,262533519,91692694,4,Courting Emily,3,0,4.07,0,2.34
2026-09-18,Canberra,R1 2000m CL1,1,262533519,102870112,1,Liyahs Girl,2,0,3.28,1,1.67
2026-09-18,Canberra,R1 2000m CL1,1,262533519,102870113,3,Star Turn Dancer,4,1,6.2,1,3.4
2026-09-18,Canberra,R1 2000m CL1,1,262533519,102870114,5,Going By Train,5,0,12.12,0,4.66
2026-09-18,Canberra,R2 1200m Hcap,2,262533522,52936126,1,Battle Abbey,3,0,16.99,0,4.67
2026-09-18,Canberra,R2 1200m Hcap,2,262533522,73404224,6,Theos Choice,1,0,17.52,0,4.65
2026-09-18,Canberra,R2 1200m Hcap,2,262533522,79843944,8,Finns The Icon,5,0,18.62,0,5.93
2026-09-18,Canberra,R2 1200m Hcap,2,262533522,102870116,3,Showtime Maggie,2,1,5.78,1,2.44
2026-09-18,Canberra,R2 1200m Hcap,2,262533522,102870117,4,Minks Written,4,0,7.49,0,2.64
2026-09-18,Canberra,R3 1600m Hcap,3,262533525,487057,1,Mighty Myrtle,2,0,5.8,1,2.59
2026-09-18,Canberra,R3 1600m Hcap,3,262533525,64051184,5,Miss Stalwart,3,0,4.05,0,1.98
2026-09-18,Canberra,R3 1600m Hcap,3,262533525,77927371,3,Gatchan,5,0,36.01,0,9.7
2026-09-18,Canberra,R3 1600m Hcap,3,262533525,78463606,6,Spurline,4,0,18.06,0,5.26
2026-09-18,Canberra,R3 1600m Hcap,3,262533525,95879607,2,Feazabeel,1,1,2.02,1,1.39
2026-09-18,Canberra,R4 1000m Mdn,4,262533528,1172496,2,Wild Romeo,2,0,23.97,0,2.72
2026-09-18,Canberra,R4 1000m Mdn,4,262533528,5341688,6,Another Harry,1,0,126.28,0,8.64
2026-09-18,Canberra,R4 1000m Mdn,4,262533528,99171718,10,Entirely Oak,3,0,46.0,0,4.6
2026-09-18,Canberra,R4 1000m Mdn,4,262533528,102870119,3,Lucsain,4,0,1.35,1,1.19
2026-09-18,Canberra,R4 1000m Mdn,4,262533528,102870121,5,Mr Xplode,5,1,19.18,1,2.6
2026-09-18,Canberra,R5 1000m Hcap,5,262533531,48458063,10,Prophet Time,1,0,27.99,1,4.91
2026-09-18,Canberra,R5 1000m Hcap,5,262533531,59146454,11,Vainstream,3,0,46.15,0,8.2
2026-09-18,Canberra,R5 1000m Hcap,5,262533531,80170596,7,Shes The Key,4,0,13.0,0,3.06
2026-09-18,Canberra,R5 1000m Hcap,5,262533531,90286393,3,Shaft Attack,2,0,4.6,1,1.97
2026-09-18,Canberra,R5 1000m Hcap,5,262533531,96747145,6,Inchyra,5,0,8.4,0,2.52
2026-09-18,Canberra,R6 1300m Mdn,6,262533534,4061396,12,Machrihanish,2,0,6.48,1,1.46
2026-09-18,Canberra,R6 1300m Mdn,6,262533534,97660408,1,First Assault,3,1,13.0,1,2.48
2026-09-18,Canberra,R6 1300m Mdn,6,262533534,98771809,3,Roy Kelton,5,0,42.08,0,5.0
2026-09-18,Canberra,R6 1300m Mdn,6,262533534,102839325,11,Hello Gday,1,0,1.47,1,1.09
2026-09-18,Canberra,R6 1300m Mdn,6,262533534,102839325,11,Hello Gday,4,0,1.47,1,1.09
2026-09-18,Canberra,R7 1000m Qlty,7,262533537,5056893,5,Action King,3,0,4.46,1,1.79
2026-09-18,Canberra,R7 1000m Qlty,7,262533537,56016487,9,Keikoku,5,1,11.78,1,2.96
2026-09-18,Canberra,R7 1000m Qlty,7,262533537,56016488,10,Tai Lung,1,0,48.0,0,9.09
2026-09-18,Canberra,R7 1000m Qlty,7,262533537,69576775,1,Fine Vintage,2,0,25.0,0,5.91
2026-09-18,Canberra,R7 1000m Qlty,7,262533537,87205873,2,Vellas Best,4,0,3.01,0,1.51
2026-09-18,Canberra,R8 1300m CL2,8,262533540,818821,1,Famoso,3,0,8.0,0,2.19
2026-09-18,Canberra,R8 1300m CL2,8,262533540,7197375,14,Share The Joy,5,0,148.1,0,17.5
2026-09-18,Canberra,R8 1300m CL2,8,262533540,83710054,12,Tulipwood,2,1,18.5,1,3.45
2026-09-18,Canberra,R8 1300m CL2,8,262533540,97918958,10,Judiths Revenge,1,0,2.41,0,1.3
2026-09-18,Canberra,R8 1300m CL2,8,262533540,100232301,11,Kendalia,4,0,5.72,1,1.85
2026-09-18,Newcastle,R1 1850m CL1,1,262540970,94409222,5,Think Itz You,1,1,3.5,1,1.65
2026-09-18,Newcastle,R1 1850m CL1,1,262540970,94985414,4,Tacitly,2,0,4.98,1,1.67
2026-09-18,Newcastle,R1 1850m CL1,1,262540970,102134868,3,Sonic Bender,4,0,7.4,1,2.35
2026-09-18,Newcastle,R1 1850m CL1,1,262540970,102870228,8,Ocean Predator,3,0,12.5,0,4.43
2026-09-18,Newcastle,R1 1850m CL1,1,262540970,102870229,12,What Shes Having,5,0,16.6,0,4.0
2026-09-18,Newcastle,R2 1400m Mdn,2,262540973,922259,4,River Jordan,5,0,42.0,0,4.4
2026-09-18,Newcastle,R2 1400m Mdn,2,262540973,5630857,7,Lafite,4,0,10.5,1,1.98
2026-09-18,Newcastle,R2 1400m Mdn,2,262540973,7704778,3,Frankies Boy,2,0,18.75,0,3.1
2026-09-18,Newcastle,R2 1400m Mdn,2,262540973,10476765,2,Nomadic,3,0,9.8,0,1.7
2026-09-18,Newcastle,R2 1400m Mdn,2,262540973,102870230,1,Federalist,1,1,1.37,1,1.12
2026-09-18,Newcastle,R3 1400m Mdn,3,262540976,102600275,2,Made In Italy,2,0,11.49,1,1.81
2026-09-18,Newcastle,R3 1400m Mdn,3,262540976,102870235,3,Satin Serenade,1,0,3.01,1,1.22
2026-09-18,Newcastle,R3 1400m Mdn,3,262540976,102870236,6,Waiheke Rose,3,0,2.18,0,1.14
2026-09-18,Newcastle,R3 1400m Mdn,3,262540976,102870239,11,Your Colour,4,1,39.34,1,4.58
2026-09-18,Newcastle,R3 1400m Mdn,3,262540976,102870242,14,Valiant Dreamer,5,0,100.0,0,8.6
2026-09-18,Newcastle,R4 900m Hcap,4,262540979,39921174,3,Melanite,5,0,12.5,1,3.6
2026-09-18,Newcastle,R4 900m Hcap,4,262540979,73220679,6,Not Written Off,3,0,27.0,0,5.2
2026-09-18,Newcastle,R4 900m Hcap,4,262540979,73676904,1,Generous Harry,4,1,3.0,1,1.63
2026-09-18,Newcastle,R4 900m Hcap,4,262540979,76705954,9,Miss Trentino,2,0,9.2,0,2.6
2026-09-18,Newcastle,R4 900m Hcap,4,262540979,80569598,2,Spartus,1,0,4.5,0,1.74
2026-09-18,Newcastle,R5 1400m Grp3,5,262540982,63296698,1,Infancy,2,0,10.81,0,3.45
2026-09-18,Newcastle,R5 1400m Grp3,5,262540982,68598667,5,Perfumist,3,1,3.8,1,1.82
2026-09-18,Newcastle,R5 1400m Grp3,5,262540982,102870246,2,Churchills Choice,5,0,5.68,0,2.31
2026-09-18,Newcastle,R5 1400m Grp3,5,262540982,102870248,6,Polymnia,1,0,5.6,1,2.1
2026-09-18,Newcastle,R5 1400m Grp3,5,262540982,102870249,10,Mareth,4,0,14.5,1,3.6
2026-09-18,Newcastle,R6 2300m Grp3,6,262540985,1236851,5,Elliptical,1,0,19.6,0,2.0
2026-09-18,Newcastle,R6 2300m Grp3,6,262540985,3018123,7,Amplify,3,0,80.0,0,4.2
2026-09-18,Newcastle,R6 2300m Grp3,6,262540985,6176411,1,Changingoftheguard,4,0,19.91,0,2.6
2026-09-18,Newcastle,R6 2300m Grp3,6,262540985,92742920,6,Aethelwulf,2,1,1.22,1,1.08
2026-09-18,Newcastle,R6 2300m Grp3,6,262540985,93239728,3,Bella Montagna,5,0,14.5,1,1.95
2026-09-18,Newcastle,R7 1500m Grp3,7,262540988,53148536,1,Tavi Time,5,0,17.11,0,3.74
2026-09-18,Newcastle,R7 1500m Grp3,7,262540988,63610142,9,Imintowin,1,0,8.0,1,2.04
2026-09-18,Newcastle,R7 1500m Grp3,7,262540988,67289651,2,Vivy Air,2,0,24.59,0,4.1
2026-09-18,Newcastle,R7 1500m Grp3,7,262540988,86057203,8,Fully Lit,3,1,6.4,1,2.2
2026-09-18,Newcastle,R7 1500m Grp3,7,262540988,102870253,12,Mr Miller,4,0,1.91,1,1.23
2026-09-18,Newcastle,R8 1500m Hcap,8,262540991,52466679,7,Sharp Shock,5,0,16.15,1,5.3
2026-09-18,Newcastle,R8 1500m Hcap,8,262540991,64832902,4,Shamedy,4,0,5.74,0,2.16
2026-09-18,Newcastle,R8 1500m Hcap,8,262540991,82115812,5,Red Rags To Bulls,3,0,3.9,1,1.72
2026-09-18,Newcastle,R8 1500m Hcap,8,262540991,92460139,8,Motoscafo,1,0,8.06,0,2.38
2026-09-18,Newcastle,R8 1500m Hcap,8,262540991,102870257,14,Jacenza,2,1,15.0,1,4.19
2026-09-18,Townsville,R1 1200m 3yo,1,262533169,2145319,3,Far And Wide,4,0,3.23,0,
2026-09-18,Townsville,R1 1200m 3yo,1,262533169,102870205,1,Briginshaw,1,1,4.8,0,
2026-09-18,Townsville,R1 1200m 3yo,1,262533169,102870206,2,Worthy Gem,2,0,6.87,0,
2026-09-18,Townsville,R1 1200m 3yo,1,262533169,102870207,5,Red Scentsation,3,0,3.3,0,
2026-09-18,Townsville,R2 1609m Mdn,2,262533173,1503675,4,Overland,1,0,3.12,1,1.47
2026-09-18,Townsville,R2 1609m Mdn,2,262533173,81775522,3,Gotcha Moment,3,0,6.93,0,2.34
2026-09-18,Townsville,R2 1609m Mdn,2,262533173,97210915,10,Elles My Name,5,0,46.0,0,7.0
2026-09-18,Townsville,R2 1609m Mdn,2,262533173,98735723,2,Bush Etiquette,2,0,24.0,0,4.85
2026-09-18,Townsville,R2 1609m Mdn,2,262533173,102870211,6,Roth Authority,4,0,3.92,1,1.55
2026-09-18,Townsville,R3 1000m Hcap,3,262533177,58882514,1,Airborne Hotdog,4,0,12.27,0,3.65
2026-09-18,Townsville,R3 1000m Hcap,3,262533177,59917411,5,Looming One,5,1,26.89,1,6.23
2026-09-18,Townsville,R3 1000m Hcap,3,262533177,66580381,9,Bella Ace,1,0,11.0,0,4.2
2026-09-18,Townsville,R3 1000m Hcap,3,262533177,85064331,2,Tipped Off,3,0,11.5,0,3.6
2026-09-18,Townsville,R3 1000m Hcap,3,262533177,86346488,12,Nordic Invader,2,0,36.95,0,8.2
2026-09-18,Townsville,R4 1400m Hcap,4,262533181,53148121,4,Turn Bird,1,0,18.5,1,4.0
2026-09-18,Townsville,R4 1400m Hcap,4,262533181,62356067,6,Canberra Legend,5,0,12.05,0,3.74
2026-09-18,Townsville,R4 1400m Hcap,4,262533181,63026775,3,Free Carry,3,0,6.01,0,2.27
2026-09-18,Townsville,R4 1400m Hcap,4,262533181,83191330,2,Tambos Justice,2,0,4.13,1,1.74
2026-09-18,Townsville,R4 1400m Hcap,4,262533181,83834847,7,Colleano,4,0,6.94,0,2.26
2026-09-18,Townsville,R5 1400m CL1,5,262533185,81848871,2,Khals,3,0,15.41,0,3.35
2026-09-18,Townsville,R5 1400m CL1,5,262533185,90568177,7,Heroic Delaneys,1,0,90.0,0,12.0
2026-09-18,Townsville,R5 1400m CL1,5,262533185,97917616,9,Shes A Sweet Star,2,0,15.33,0,3.28
2026-09-18,Townsville,R5 1400m CL1,5,262533185,102870219,6,Dark Fae,4,0,5.0,0,1.74
2026-09-18,Townsville,R5 1400m CL1,5,262533185,102870220,8,Red Feathers,5,0,2.17,0,1.33
2026-09-18,Townsville,R6 1200m Hcap,6,262533189,5955739,6,Avenue Montaigne,1,0,7.26,0,2.37
2026-09-18,Townsville,R6 1200m Hcap,6,262533189,75392907,2,Brave Agenda,5,0,16.7,0,5.1
2026-09-18,Townsville,R6 1200m Hcap,6,262533189,77613362,7,Kickoff,4,0,4.03,1,1.84
2026-09-18,Townsville,R6 1200m Hcap,6,262533189,84982118,4,Dance For Me Randy,2,0,9.4,0,3.0
2026-09-18,Townsville,R6 1200m Hcap,6,262533189,102870223,10,Zeamaize,3,0,5.54,0,2.34
2026-09-18,Townsville,R7 1609m Hcap,7,262533193,1483400,6,Twin Turbo,2,0,9.0,0,3.32
2026-09-18,Townsville,R7 1609m Hcap,7,262533193,40470184,11,Vouchers,5,0,8.22,0,2.88
2026-09-18,Townsville,R7 1609m Hcap,7,262533193,52670728,3,Betta Al,1,0,20.0,0,5.8
2026-09-18,Townsville,R7 1609m Hcap,7,262533193,70705266,1,Eagle Warrior,4,0,17.5,1,5.21
2026-09-18,Townsville,R7 1609m Hcap,7,262533193,93206593,9,Convo,3,0,10.11,1,3.15
2026-09-18,Townsville,R8 1000m CL5,8,262533197,520533,3,Chartwell,1,0,9.0,1,1.95
2026-09-18,Townsville,R8 1000m CL5,8,262533197,2452808,2,New Hampshire,5,0,148.8,0,16.0
2026-09-18,Townsville,R8 1000m CL5,8,262533197,8369683,7,Materialist,4,0,11.5,0,2.28
2026-09-18,Townsville,R8 1000m CL5,8,262533197,66240011,1,Khumbila,2,0,26.0,0,3.61
2026-09-18,Townsville,R8 1000m CL5,8,262533197,102870226,13,Kitema,3,0,196.22,0,22.75
2026-09-19,Belmont,R1 1000m 3yo,1,262533312,93537905,1,Dawn Dancer,2,1,2.01,1,1.19
2026-09-19,Belmont,R1 1000m 3yo,1,262533312,97886233,2,Anaconda Jones,1,0,7.59,1,2.02
2026-09-19,Belmont,R1 1000m 3yo,1,262533312,98710571,10,Luna Will Do,3,0,4.3,1,1.41
2026-09-19,Belmont,R1 1000m 3yo,1,262533312,102871223,6,Supersmash,5,0,19.0,0,3.25
2026-09-19,Belmont,R1 1000m 3yo,1,262533312,102871226,9,Miss Ajax,4,0,42.0,0,6.4
2026-09-19,Belmont,R2 1000m Hcap,2,262533321,2068204,2,Lets Talk,2,1,5.3,1,1.87
2026-09-19,Belmont,R2 1000m Hcap,2,262533321,62295319,5,Wicked Venom,3,0,6.2,0,2.25
2026-09-19,Belmont,R2 1000m Hcap,2,262533321,84983483,4,Lucky I Am,5,0,8.54,1,2.41
2026-09-19,Belmont,R2 1000m Hcap,2,262533321,91746962,6,Fantaxtic,4,0,5.4,1,2.04
2026-09-19,Belmont,R2 1000m Hcap,2,262533321,102871227,3,Ripper Farooq,1,0,6.31,0,2.27
2026-09-19,Belmont,R3 1200m Hcap,3,262533330,4420100,4,Six Shooter,5,1,10.68,1,2.98
2026-09-19,Belmont,R3 1200m Hcap,3,262533330,6880973,6,Rally The Troops,3,0,19.98,0,4.85
2026-09-19,Belmont,R3 1200m Hcap,3,262533330,64343971,1,Ginnivan,2,0,3.72,0,1.57
2026-09-19,Belmont,R3 1200m Hcap,3,262533330,86276152,7,Hey Pino,4,0,7.0,0,2.34
2026-09-19,Belmont,R3 1200m Hcap,3,262533330,102871228,8,Country God,1,0,6.53,1,1.9
2026-09-19,Belmont,R4 1600m Hcap,4,262533339,70928691,4,Correct Choice,4,1,7.44,1,2.42
2026-09-19,Belmont,R4 1600m Hcap,4,262533339,74815242,2,Royal Toronado,1,0,3.66,1,1.54
2026-09-19,Belmont,R4 1600m Hcap,4,262533339,75085387,3,Arcadia Park,3,0,12.15,0,3.2
2026-09-19,Belmont,R4 1600m Hcap,4,262533339,80363827,6,Memory Parade,5,0,10.61,0,2.44
2026-09-19,Belmont,R4 1600m Hcap,4,262533339,102871229,1,Too Dardy,2,0,5.41,1,1.9
2026-09-19,Belmont,R5 1000m Hcap,5,262533348,57810032,2,Pin Deep,4,0,2.89,1,1.32
2026-09-19,Belmont,R5 1000m Hcap,5,262533348,64206798,8,Under Influence,5,0,40.0,0,6.1
2026-09-19,Belmont,R5 1000m Hcap,5,262533348,83119794,4,Niccimota,3,0,4.25,1,1.63
2026-09-19,Belmont,R5 1000m Hcap,5,262533348,102871231,6,Split The Gee,2,0,13.05,0,2.82
2026-09-19,Belmont,R5 1000m Hcap,5,262533348,102871232,7,Too Darn Stormy,1,0,9.84,0,2.83
2026-09-19,Belmont,R6 1400m Hcap,6,262533357,3937506,5,Silent Diva,3,1,3.85,1,1.4
2026-09-19,Belmont,R6 1400m Hcap,6,262533357,68124973,7,Centre Bond,4,0,28.0,0,4.6
2026-09-19,Belmont,R6 1400m Hcap,6,262533357,88928370,2,Amjaad,2,0,12.02,0,2.64
2026-09-19,Belmont,R6 1400m Hcap,6,262533357,92162327,3,Redback Flyer,5,0,25.79,0,4.5
2026-09-19,Belmont,R6 1400m Hcap,6,262533357,102871234,9,Truly Loyal,1,0,2.18,1,1.29
2026-09-19,Belmont,R7 1200m Hcap,7,262533366,183916,4,Diamond Dancer,2,0,16.0,0,3.95
2026-09-19,Belmont,R7 1200m Hcap,7,262533366,1146440,3,Kings Drama,4,0,36.6,0,7.4
2026-09-19,Belmont,R7 1200m Hcap,7,262533366,51141366,1,Cavallo Red,5,0,73.2,0,13.0
2026-09-19,Belmont,R7 1200m Hcap,7,262533366,54612927,5,Go Go Grommet,3,0,65.0,0,11.06
2026-09-19,Belmont,R7 1200m Hcap,7,262533366,94615837,9,So Si God,1,0,17.5,1,4.1
2026-09-19,Belmont,R8 1600m Hcap,8,262533375,53089434,6,Here For Cheques,3,0,36.57,0,7.2
2026-09-19,Belmont,R8 1600m Hcap,8,262533375,93240237,5,Cosmic Waltz,2,0,3.66,0,1.67
2026-09-19,Belmont,R8 1600m Hcap,8,262533375,101781644,2,Back To Bondi,1,1,7.95,1,2.48
2026-09-19,Belmont,R8 1600m Hcap,8,262533375,102871238,4,Double The Fun,4,0,3.83,0,1.63
2026-09-19,Belmont,R8 1600m Hcap,8,262533375,102871239,9,Dirty Habits,5,0,13.43,0,3.81
2026-09-19,Bowraville,R2 1000m CL1,2,262560227,80974114,8,Shes A Wild One,5,0,28.0,1,4.5
2026-09-19,Bowraville,R2 1000m CL1,2,262560227,90714888,3,Dirty Does It,1,0,2.43,0,1.34
2026-09-19,Bowraville,R2 1000m CL1,2,262560227,98481954,7,Midwest Princess,2,0,11.5,0,2.48
2026-09-19,Bowraville,R2 1000m CL1,2,262560227,102900611,1,Miss Wildcat,3,1,13.5,1,2.62
2026-09-19,Bowraville,R2 1000m CL1,2,262560227,102900611,1,Miss Wildcat,4,1,13.5,1,2.62
2026-09-19,Bowraville,R3 1000m Hcap,3,262560230,26908969,5,Brazen Brando,2,0,6.2,0,1.34
2026-09-19,Bowraville,R3 1000m Hcap,3,262560230,55244020,2,Wheres The Fire,3,1,2.64,1,1.21
2026-09-19,Bowraville,R3 1000m Hcap,3,262560230,60816284,1,Dis Is Heaven,1,0,3.52,1,1.28
2026-09-19,Bowraville,R3 1000m Hcap,3,262560230,102900614,3,Blue Dane,4,0,4.82,1,2.62
2026-09-19,Bowraville,R3 1000m Hcap,3,262560230,102900614,3,Blue Dane,5,0,4.82,1,2.62
2026-09-19,Bowraville,R4 2200m Hcap,4,262560233,52061170,1,Farraige,3,0,11.0,1,4.08
2026-09-19,Bowraville,R4 2200m Hcap,4,262560233,58407406,3,Dipierdomenico,2,1,2.71,1,1.73
2026-09-19,Bowraville,R4 2200m Hcap,4,262560233,62097519,8,Firealarm,4,0,13.0,0,5.12
2026-09-19,Bowraville,R4 2200m Hcap,4,262560233,82344027,2,Caledonian,1,0,4.21,0,2.14
2026-09-19,Bowraville,R4 2200m Hcap,4,262560233,102900615,4,Cannystep,5,0,13.5,0,6.2
2026-09-19,Bowraville,R5 1370m Mdn,5,262560236,94135793,1,Bon Batan,5,0,27.0,0,3.95
2026-09-19,Bowraville,R5 1370m Mdn,5,262560236,97660675,3,Checksnbalances,2,0,3.47,0,1.46
2026-09-19,Bowraville,R5 1370m Mdn,5,262560236,101609508,8,Sizzling Suzie,4,0,11.5,0,2.88
2026-09-19,Bowraville,R5 1370m Mdn,5,262560236,102900617,5,Strenuous,1,1,1.92,1,1.18
2026-09-19,Bowraville,R5 1370m Mdn,5,262560236,102900618,9,Ronardo,3,0,15.5,1,2.68
2026-09-19,Bowraville,R6 1370m Cup,6,262560239,8195217,5,Xtra Approval,2,0,11.0,0,3.59
2026-09-19,Bowraville,R6 1370m Cup,6,262560239,41930155,2,Ostracised,5,0,16.09,0,5.3
2026-09-19,Bowraville,R6 1370m Cup,6,262560239,53408028,7,Introducing,4,0,29.0,0,7.8
2026-09-19,Bowraville,R6 1370m Cup,6,262560239,63609234,1,Nails And Pride,1,0,8.49,0,2.6
2026-09-19,Bowraville,R6 1370m Cup,6,262560239,83677152,4,Get Some Fun,3,0,3.35,1,1.55
2026-09-19,Bowraville,R7 1370m Hcap,7,262560242,48638475,10,Saskatoon Berry,3,0,30.67,0,5.36
2026-09-19,Bowraville,R7 1370m Hcap,7,262560242,53751224,9,Cowgirl Lilly,5,0,44.44,0,21.07
2026-09-19,Bowraville,R7 1370m Hcap,7,262560242,60304902,1,Kenker,2,0,3.87,1,2.2
2026-09-19,Bowraville,R7 1370m Hcap,7,262560242,102900621,6,Releasethewolves,4,0,9.1,1,2.3
2026-09-19,Bowraville,R7 1370m Hcap,7,262560242,102900622,7,Enzoni,1,0,3.87,0,1.76
2026-09-19,Caulfield,R4 1400m Grp2,4,262532673,5700271,10,Saintly Dancer,2,0,8.15,1,2.65
2026-09-19,Caulfield,R4 1400m Grp2,4,262532673,96455447,9,Icelady,4,1,7.76,1,2.52
2026-09-19,Caulfield,R4 1400m Grp2,4,262532673,102870769,5,Profligate,1,0,4.15,1,1.84
2026-09-19,Caulfield,R4 1400m Grp2,4,262532673,102870770,6,Portinari,3,0,4.38,0,2.09
2026-09-19,Caulfield,R4 1400m Grp2,4,262532673,102870772,12,Mystical Realm,5,0,29.09,0,6.4
2026-09-19,Caulfield,R5 1400m Grp3,5,262532682,4360774,1,Tornado Valley,4,0,18.24,1,3.95
2026-09-19,Caulfield,R5 1400m Grp3,5,262532682,5526156,2,American Eagle,1,0,6.54,1,2.08
2026-09-19,Caulfield,R5 1400m Grp3,5,262532682,102366926,3,Blind Raise,2,1,2.47,1,1.3
2026-09-19,Caulfield,R5 1400m Grp3,5,262532682,102366928,5,Wolf Gap,3,0,4.99,0,1.85
2026-09-19,Caulfield,R5 1400m Grp3,5,262532682,102870776,8,Vallice,5,0,47.56,0,8.2
2026-09-19,Caulfield,R6 1200m Grp3,6,262532691,78001288,6,Hearcomesthestar,5,0,38.0,0,6.85
2026-09-19,Caulfield,R6 1200m Grp3,6,262532691,80934121,2,Inkaruna,4,0,23.49,1,4.43
2026-09-19,Caulfield,R6 1200m Grp3,6,262532691,96496360,10,Bridal Waltz,3,0,2.02,1,1.33
2026-09-19,Caulfield,R6 1200m Grp3,6,262532691,102870778,3,Point Barrow,1,1,9.03,1,2.48
2026-09-19,Caulfield,R6 1200m Grp3,6,262532691,102870779,4,Custom,2,0,7.57,0,2.08
2026-09-19,Caulfield,R7 1800m Grp1,7,262532700,1386415,7,Middle Earth,2,0,140.0,0,10.96
2026-09-19,Caulfield,R7 1800m Grp1,7,262532700,6061614,6,Birdman,4,1,9.25,1,1.87
2026-09-19,Caulfield,R7 1800m Grp1,7,262532700,51270965,8,Kingswood,5,0,17.5,0,3.45
2026-09-19,Caulfield,R7 1800m Grp1,7,262532700,58313061,5,Cosmic Crusader,3,0,2.38,1,1.2
2026-09-19,Caulfield,R7 1800m Grp1,7,262532700,74814658,1,Lindermann,1,0,3.12,0,1.39
2026-09-19,Caulfield,R8 2000m Grp3,8,262532709,7533388,3,Saint George,1,0,4.3,1,1.94
2026-09-19,Caulfield,R8 2000m Grp3,8,262532709,60779844,10,Soulcombe,3,0,132.58,0,29.0
2026-09-19,Caulfield,R8 2000m Grp3,8,262532709,102098434,14,Zahrann,2,1,3.22,1,1.58
2026-09-19,Caulfield,R8 2000m Grp3,8,262532709,102870782,8,Okita Soushi,5,0,471.69,0,75.0
2026-09-19,Caulfield,R8 2000m Grp3,8,262532709,102870783,11,Deakin,4,0,7.92,0,2.4
2026-09-19,Caulfield,R9 1400m Grp1,9,262532718,1158775,1,Tom Kitten,3,0,35.98,0,6.65
2026-09-19,Caulfield,R9 1400m Grp1,9,262532718,69390520,5,Angel Capital,4,1,6.25,1,2.47
2026-09-19,Caulfield,R9 1400m Grp1,9,262532718,84431259,7,Warnie,2,0,18.0,0,4.44
2026-09-19,Caulfield,R9 1400m Grp1,9,262532718,88968382,6,Lady Shenandoah,5,0,7.02,0,2.51
2026-09-19,Caulfield,R9 1400m Grp1,9,262532718,102870789,11,Sabaj,1,0,22.0,0,6.4
2026-09-19,Caulfield,R10 1400m Hcap,10,262532727,69642880,1,Jennis Meadow,4,0,116.6,0,15.5
2026-09-19,Caulfield,R10 1400m Hcap,10,262532727,76336657,7,Porter,3,0,6.23,0,2.03
2026-09-19,Caulfield,R10 1400m Hcap,10,262532727,94409636,12,Supernima,5,0,25.0,0,4.5
2026-09-19,Caulfield,R10 1400m Hcap,10,262532727,100164927,17,Cruiserweight,1,0,2.54,0,1.57
2026-09-19,Caulfield,R10 1400m Hcap,10,262532727,100164927,17,Cruiserweight,2,0,2.54,0,1.57
2026-09-19,Darwin,R1 1300m Hcap,1,262586446,3999384,4,Kessler,4,1,3.45,1,1.66
2026-09-19,Darwin,R1 1300m Hcap,1,262586446,53946777,3,Dummy Spit,1,0,6.0,0,1.79
2026-09-19,Darwin,R1 1300m Hcap,1,262586446,66732818,1,Biden Time,3,0,6.8,1,2.2
2026-09-19,Darwin,R1 1300m Hcap,1,262586446,67231989,2,Percussion Prince,5,0,15.44,0,3.2
2026-09-19,Darwin,R1 1300m Hcap,1,262586446,78976349,5,Press Express,2,0,3.86,1,1.53
2026-09-19,Darwin,R2 1200m CL2,2,262586449,6809476,2,All Inclusive,3,1,2.46,1,1.58
2026-09-19,Darwin,R2 1200m CL2,2,262586449,92161605,3,Tee Galleria,2,0,6.8,0,2.58
2026-09-19,Darwin,R2 1200m CL2,2,262586449,97726353,4,Bit Tired Actually,5,0,16.5,0,6.91
2026-09-19,Darwin,R2 1200m CL2,2,262586449,102098303,1,Order Online,1,0,3.54,1,1.69
2026-09-19,Darwin,R2 1200m CL2,2,262586449,102870610,5,Red Extreme,4,0,14.87,0,5.32
2026-09-19,Darwin,R3 1000m Hcap,3,262586452,2411457,5,Cable Boy,4,0,20.0,0,5.6
2026-09-19,Darwin,R3 1000m Hcap,3,262586452,40546388,3,Rising Sphere,5,0,14.04,0,4.1
2026-09-19,Darwin,R3 1000m Hcap,3,262586452,43691709,4,Flying Annie,3,0,13.5,0,4.29
2026-09-19,Darwin,R3 1000m Hcap,3,262586452,48489183,2,Field Of Flutes,2,0,6.2,1,1.95
2026-09-19,Darwin,R3 1000m Hcap,3,262586452,86347325,1,Wild Beau,1,1,1.69,1,1.22
2026-09-19,Darwin,R4 1000m Hcap,4,262586455,8529335,3,Predicting,5,1,7.0,1,3.1
2026-09-19,Darwin,R4 1000m Hcap,4,262586455,80934990,4,Pafitis,4,0,10.79,1,4.9
2026-09-19,Darwin,R4 1000m Hcap,4,262586455,93827324,6,Sassy Abbey,3,0,6.8,0,3.15
2026-09-19,Darwin,R4 1000m Hcap,4,262586455,102870611,1,Meet Me At The Bar,1,0,3.8,0,1.99
2026-09-19,Darwin,R4 1000m Hcap,4,262586455,102870612,5,Snappy Sweetheart,2,0,3.46,0,1.88
2026-09-19,Eagle Farm,R3 1200m Hcap,3,262531849,47871432,1,Bunker Hut,1,0,5.0,1,1.54
2026-09-19,Eagle Farm,R3 1200m Hcap,3,262531849,85445424,2,Caspernova,2,0,4.34,1,1.38
2026-09-19,Eagle Farm,R3 1200m Hcap,3,262531849,85445424,2,Caspernova,4,0,4.34,1,1.38
2026-09-19,Eagle Farm,,3,262531849,102870625,7,Termagant,3,,,,
2026-09-19,Eagle Farm,,3,262531849,102870625,7,Termagant,5,,,,
2026-09-19,Eagle Farm,R4 1200m 3yo,4,262531858,100632119,13,Summer Sensation,2,0,20.88,0,3.65
2026-09-19,Eagle Farm,R4 1200m 3yo,4,262531858,102870628,2,Boomtown Fox,5,0,80.0,0,12.5
2026-09-19,Eagle Farm,R4 1200m 3yo,4,262531858,102870630,5,Budda Bar,4,0,12.5,1,3.25
2026-09-19,Eagle Farm,R4 1200m 3yo,4,262531858,102870631,6,Graffitude,1,1,3.71,1,1.65
2026-09-19,Eagle Farm,R4 1200m 3yo,4,262531858,102870639,19,Monarchal,3,0,55.0,0,10.64
2026-09-19,Eagle Farm,R5 1000m CL3,5,262531867,8447801,1,Imperial Force,2,0,9.2,0,1.76
2026-09-19,Eagle Farm,R5 1000m CL3,5,262531867,8447801,1,Imperial Force,4,0,9.2,0,1.76
2026-09-19,Eagle Farm,R5 1000m CL3,5,262531867,81016200,10,Quein Step,3,0,4.92,1,1.3
2026-09-19,Eagle Farm,R5 1000m CL3,5,262531867,101553627,6,Esha,1,1,1.57,1,1.16
2026-09-19,Eagle Farm,R5 1000m CL3,5,262531867,102870642,3,The Pool Boy,5,0,37.76,0,3.6
2026-09-19,Eagle Farm,R6 1200m Hcap,6,262531876,1549116,9,Royal Air Force,4,0,12.06,0,2.97
2026-09-19,Eagle Farm,R6 1200m Hcap,6,262531876,78047574,1,Midnight Spirit,1,0,4.29,1,1.69
2026-09-19,Eagle Farm,R6 1200m Hcap,6,262531876,78047574,1,Midnight Spirit,3,0,4.29,1,1.69
2026-09-19,Eagle Farm,R6 1200m Hcap,6,262531876,101639366,4,Tiz Worthy,5,1,7.1,1,2.22
2026-09-19,Eagle Farm,R6 1200m Hcap,6,262531876,102870643,7,Kokatahi,2,0,4.2,1,1.65
2026-09-19,Eagle Farm,R7 2400m Hcap,7,262531885,2124985,1,Cigar Man,2,1,7.26,1,2.8
2026-09-19,Eagle Farm,R7 2400m Hcap,7,262531885,60568402,5,Whatjeudoin,4,0,4.55,0,2.06
2026-09-19,Eagle Farm,R7 2400m Hcap,7,262531885,67259549,7,Forty Times,5,0,9.87,0,3.0
2026-09-19,Eagle Farm,R7 2400m Hcap,7,262531885,96496346,15,California Grass,1,0,11.81,0,3.2
2026-09-19,Eagle Farm,R7 2400m Hcap,7,262531885,102870651,18,Mana Combat,3,0,5.13,1,2.12
2026-09-19,Eagle Farm,R8 1000m CL1,8,262531894,49364915,6,Ciphertext,5,0,14.0,0,2.16
2026-09-19,Eagle Farm,R8 1000m CL1,8,262531894,77688133,1,Vanessi,1,1,6.91,1,1.46
2026-09-19,Eagle Farm,R8 1000m CL1,8,262531894,78000795,8,Life After Love,4,0,6.8,0,1.74
2026-09-19,Eagle Farm,R8 1000m CL1,8,262531894,102870655,5,Idleonby,2,0,30.0,1,4.35
2026-09-19,Eagle Farm,R8 1000m CL1,8,262531894,102870657,11,Olivoni,3,0,1.71,1,1.15
2026-09-19,Echuca,R3 2112m Mdn,3,262559980,9339736,12,Under Control,4,0,5.4,1,1.89
2026-09-19,Echuca,R3 2112m Mdn,3,262559980,82895284,2,Fantastic Beast,5,0,16.5,0,3.65
2026-09-19,Echuca,R3 2112m Mdn,3,262559980,90604935,8,Julep,3,0,11.0,0,2.64
2026-09-19,Echuca,R3 2112m Mdn,3,262559980,102900845,4,Precambrian,2,1,2.66,1,1.37
2026-09-19,Echuca,R3 2112m Mdn,3,262559980,102900846,5,Rough Act,1,0,10.42,0,2.64
2026-09-19,Echuca,R4 2112m Hcap,4,262559987,47463302,5,Makusha,1,0,2.23,1,1.36
2026-09-19,Echuca,R4 2112m Hcap,4,262559987,76097783,7,Acheter,4,0,5.2,0,2.12
2026-09-19,Echuca,R4 2112m Hcap,4,262559987,86347292,1,Black Rutile,3,0,9.79,0,2.68
2026-09-19,Echuca,R4 2112m Hcap,4,262559987,92207561,8,Dashing Donkey,5,0,22.42,0,4.39
2026-09-19,Echuca,R4 2112m Hcap,4,262559987,92703291,2,Phantoms Chase,2,0,11.5,1,2.94
2026-09-19,Echuca,R5 1412m Hcap,5,262559994,45942935,6,Mishima,3,0,15.5,0,3.9
2026-09-19,Echuca,R5 1412m Hcap,5,262559994,78944562,8,Mutsuhito,4,0,13.0,0,3.54
2026-09-19,Echuca,R5 1412m Hcap,5,262559994,86306790,7,Lisa Lass,2,0,3.04,0,1.7
2026-09-19,Echuca,R5 1412m Hcap,5,262559994,91158734,9,Crackerjack Hatch,5,0,7.8,0,2.66
2026-09-19,Echuca,R5 1412m Hcap,5,262559994,95880040,5,Savethebesttillast,1,0,6.26,1,2.2
2026-09-19,Echuca,R6 1009m Hcap,6,262560001,37431009,2,El Salto,2,0,5.04,0,2.0
2026-09-19,Echuca,R6 1009m Hcap,6,262560001,46472195,6,Soobooma,1,0,8.13,0,2.69
2026-09-19,Echuca,R6 1009m Hcap,6,262560001,65291753,1,La Cache A Vin,4,0,32.41,0,7.2
2026-09-19,Echuca,R6 1009m Hcap,6,262560001,67325469,5,Whiskey And Beer,5,0,9.8,0,3.83
2026-09-19,Echuca,R6 1009m Hcap,6,262560001,98240891,3,American Russ,3,0,4.9,1,1.95
2026-09-19,Echuca,R7 1209m Hcap,7,262560008,26827473,3,Manchego,1,1,2.46,1,1.45
2026-09-19,Echuca,R7 1209m Hcap,7,262560008,80603980,2,Harry Devil,3,0,10.89,0,2.58
2026-09-19,Echuca,R7 1209m Hcap,7,262560008,93168168,1,Shamateur,4,0,15.66,0,3.4
2026-09-19,Echuca,R7 1209m Hcap,7,262560008,102900851,6,Adiuro,5,0,24.0,0,5.6
2026-09-19,Echuca,R7 1209m Hcap,7,262560008,102900853,10,Hidden Witness,2,0,3.75,1,1.53
2026-09-19,Gold Coast,R3 2200m Hcap,3,262533423,17311401,6,Barcelo,4,0,30.0,0,5.82
2026-09-19,Gold Coast,R3 2200m Hcap,3,262533423,52621497,5,Roguery,2,0,15.91,0,3.5
2026-09-19,Gold Coast,R3 2200m Hcap,3,262533423,54704620,4,Thats Molly,5,0,34.0,0,6.4
2026-09-19,Gold Coast,R3 2200m Hcap,3,262533423,62098286,1,Tapildoodledo,3,0,30.0,0,5.93
2026-09-19,Gold Coast,R3 2200m Hcap,3,262533423,77386391,3,Captain Maverick,1,0,3.55,1,1.64
2026-09-19,Gold Coast,R4 1200m Hcap,4,262533432,57450888,4,Lion Class,5,0,150.0,0,16.19
2026-09-19,Gold Coast,R4 1200m Hcap,4,262533432,86893226,5,Berezka,1,1,7.55,1,2.01
2026-09-19,Gold Coast,R4 1200m Hcap,4,262533432,91432583,10,Strada Varenna,2,0,3.0,1,1.42
2026-09-19,Gold Coast,R4 1200m Hcap,4,262533432,91432583,10,Strada Varenna,4,0,3.0,1,1.42
2026-09-19,Gold Coast,R4 1200m Hcap,4,262533432,97393431,7,Dark Arts,3,0,15.5,0,3.39
2026-09-19,Gold Coast,R5 1700m CL6,5,262533441,1040903,2,Naval Seal,3,0,16.28,1,2.28
2026-09-19,Gold Coast,R5 1700m CL6,5,262533441,1043255,6,Precise Star,5,1,1.27,1,1.06
2026-09-19,Gold Coast,R5 1700m CL6,5,262533441,52385217,3,Make A Call,2,0,27.17,0,2.99
2026-09-19,Gold Coast,,5,262533441,84911303,1,North Pole,1,,,,
2026-09-19,Gold Coast,R5 1700m CL6,5,262533441,86620647,4,Rock Hard Love,4,0,16.22,1,2.59
2026-09-19,Gold Coast,R6 1000m Hcap,6,262533450,8998343,6,The Fixer,3,0,12.44,0,2.9
2026-09-19,Gold Coast,R6 1000m Hcap,6,262533450,61069632,3,Bonded Affair,5,0,10.46,1,3.2
2026-09-19,Gold Coast,R6 1000m Hcap,6,262533450,80399600,4,Medals,4,0,37.38,0,6.8
2026-09-19,Gold Coast,R6 1000m Hcap,6,262533450,88420181,12,Spirit Of Barty,1,1,2.67,1,1.51
2026-09-19,Gold Coast,R6 1000m Hcap,6,262533450,93206959,9,Greyzous,2,0,3.9,0,1.8
2026-09-19,Gold Coast,R7 1400m Hcap,7,262533459,2209812,1,Grand Impact,1,0,2.54,0,1.45
2026-09-19,Gold Coast,R7 1400m Hcap,7,262533459,2209812,1,Grand Impact,2,0,2.54,0,1.45
2026-09-19,Gold Coast,R7 1400m Hcap,7,262533459,57055609,5,Warby,3,1,23.0,1,4.2
2026-09-19,Gold Coast,R7 1400m Hcap,7,262533459,61895274,4,Sir Artie,5,0,10.51,0,2.89
2026-09-19,Gold Coast,R7 1400m Hcap,7,262533459,78756081,6,Boom Torque,4,0,9.9,0,2.72
2026-09-19,Gold Coast,R8 1400m Hcap,8,262533468,5022063,7,Hopper,4,0,15.0,0,3.68
2026-09-19,Gold Coast,R8 1400m Hcap,8,262533468,61903108,1,Absolute Sunshine,3,0,29.44,0,5.3
2026-09-19,Gold Coast,R8 1400m Hcap,8,262533468,91116424,10,Aldolfito,5,0,22.8,1,4.87
2026-09-19,Gold Coast,R8 1400m Hcap,8,262533468,96938672,11,Bingi,1,0,13.0,0,3.01
2026-09-19,Gold Coast,R8 1400m Hcap,8,262533468,102870536,8,Moonan Quartz,2,0,9.0,1,2.99
2026-09-19,Gold Coast,R9 1400m Hcap,9,262533477,75119090,3,Carravilla,3,0,8.76,1,2.31
2026-09-19,Gold Coast,R9 1400m Hcap,9,262533477,91354872,13,Miss Funny Honey,4,0,29.0,0,5.4
2026-09-19,Gold Coast,R9 1400m Hcap,9,262533477,91354872,13,Miss Funny Honey,5,0,29.0,0,5.4
2026-09-19,Gold Coast,R9 1400m Hcap,9,262533477,97242993,8,Hurricane Lu,1,0,1.96,1,1.23
2026-09-19,Gold Coast,R9 1400m Hcap,9,262533477,97885991,2,Pocketmoney,2,0,13.5,0,2.82
2026-09-19,Gold Coast,R10 1200m Hcap,10,262533486,76659808,10,Gospel Girl,2,0,11.5,0,2.5
2026-09-19,Gold Coast,R10 1200m Hcap,10,262533486,79524475,6,Surprise Honey,3,0,2.5,0,1.25
2026-09-19,Gold Coast,R10 1200m Hcap,10,262533486,83050448,3,Fabulantes,4,0,5.6,1,1.7
2026-09-19,Gold Coast,R10 1200m Hcap,10,262533486,93207260,1,Hell,1,0,4.41,1,1.66
2026-09-19,Gold Coast,R10 1200m Hcap,10,262533486,102870541,5,Mister Bianco,5,1,10.5,1,2.36
2026-09-19,Morphettville,R3 1250m Hcap,3,262533594,1170950,3,Jack The Lad,4,0,65.0,0,19.9
2026-09-19,Morphettville,R3 1250m Hcap,3,262533594,80091242,2,Darknconfidential,3,0,85.0,0,26.75
2026-09-19,Morphettville,R3 1250m Hcap,3,262533594,90251974,6,Light The Night,5,0,2.68,1,1.77
2026-09-19,Morphettville,R3 1250m Hcap,3,262533594,94136689,7,Teardrop Rotation,2,0,15.94,0,5.5
2026-09-19,Morphettville,R3 1250m Hcap,3,262533594,102870495,5,Dancing Storm,1,0,9.4,0,3.25
2026-09-19,Morphettville,R4 1000m CL2,4,262533612,3263721,5,Super Choice,4,0,8.6,0,2.18
2026-09-19,Morphettville,R4 1000m CL2,4,262533612,4967093,2,Codename,5,0,8.82,0,1.92
2026-09-19,Morphettville,R4 1000m CL2,4,262533612,9164613,3,Tennessee Spirit,2,1,3.0,1,1.6
2026-09-19,Morphettville,R4 1000m CL2,4,262533612,82602454,8,Madam Jeanette,3,0,3.27,1,1.44
2026-09-19,Morphettville,R4 1000m CL2,4,262533612,100860673,9,Zoutrail,1,0,8.15,0,1.9
2026-09-19,Morphettville,R5 1956m Hcap,5,262533630,4243615,7,Capulet,4,0,34.0,0,5.4
2026-09-19,Morphettville,R5 1956m Hcap,5,262533630,74813674,1,Arugamama,3,0,24.13,0,4.68
2026-09-19,Morphettville,R5 1956m Hcap,5,262533630,75313881,3,Oxford Blue,2,0,9.16,0,2.61
2026-09-19,Morphettville,R5 1956m Hcap,5,262533630,102366090,2,Guru Warrior,5,0,4.3,1,1.67
2026-09-19,Morphettville,R5 1956m Hcap,5,262533630,102870499,6,Giggenbach,1,1,6.0,1,1.97
2026-09-19,Morphettville,R6 1400m Hcap,6,262533647,51294965,6,Justicas Bonus,1,0,14.4,1,3.55
2026-09-19,Morphettville,R6 1400m Hcap,6,262533647,58371422,4,Ironbar,5,0,13.0,0,3.21
2026-09-19,Morphettville,R6 1400m Hcap,6,262533647,64763592,5,Zestiman,4,0,6.4,0,2.33
2026-09-19,Morphettville,R6 1400m Hcap,6,262533647,95228259,2,Bargain Boy,2,0,2.75,1,1.52
2026-09-19,Morphettville,R6 1400m Hcap,6,262533647,102870500,9,Prestige Zerprise,3,1,11.5,1,3.25
2026-09-19,Morphettville,R7 1556m Hcap,7,262533665,41145422,6,Aitch Damico,4,0,19.28,0,4.23
2026-09-19,Morphettville,R7 1556m Hcap,7,262533665,71403417,10,Percidian,5,0,6.37,0,2.17
2026-09-19,Morphettville,R7 1556m Hcap,7,262533665,97211500,5,Somewhere Soon,3,1,4.49,1,1.95
2026-09-19,Morphettville,R7 1556m Hcap,7,262533665,102098079,1,Flying Brant,2,0,6.0,0,2.15
2026-09-19,Morphettville,R7 1556m Hcap,7,262533665,102870501,3,Regal Ripper,1,0,4.6,0,1.99
2026-09-19,Morphettville,R8 1400m Hcap,8,262533680,64575164,8,Trantoro,5,0,11.5,0,3.23
2026-09-19,Morphettville,R8 1400m Hcap,8,262533680,96413038,5,Piwhane,3,0,24.0,0,5.66
2026-09-19,Morphettville,R8 1400m Hcap,8,262533680,100363860,1,Diversity,2,1,8.8,1,2.98
2026-09-19,Morphettville,R8 1400m Hcap,8,262533680,102633369,3,Stolen Kiss,4,0,12.13,1,3.91
2026-09-19,Morphettville,R8 1400m Hcap,8,262533680,102870506,9,Chica Astuta,1,0,3.55,1,1.68
2026-09-19,Morphettville,R9 1400m Hcap,9,262533689,6321018,4,Dirty Old Town,4,1,6.46,1,2.1
2026-09-19,Morphettville,R9 1400m Hcap,9,262533689,57411562,8,Mansiere,5,0,15.0,1,3.65
2026-09-19,Morphettville,R9 1400m Hcap,9,262533689,68063565,5,Hard Prince,1,0,18.5,0,4.3
2026-09-19,Morphettville,R9 1400m Hcap,9,262533689,91432590,7,Shady Thinker,3,0,6.6,1,2.39
2026-09-19,Morphettville,R9 1400m Hcap,9,262533689,102366096,2,Nicish,2,0,3.15,0,1.58
2026-09-19,Mount Magnet,,1,262558695,599565,1,Any Questions,1,,,,
2026-09-19,Mount Magnet,,1,262558695,89592592,5,Eight Count,3,,,,
2026-09-19,Mount Magnet,,1,262558695,101329854,4,Donatally,4,,,,
2026-09-19,Mount Magnet,,1,262558695,102870963,3,Tedeschi,2,,,,
2026-09-19,Mount Magnet,,1,262558695,102870964,7,Tiny Champion,5,,,,
2026-09-19,Mount Magnet,,2,262558699,874611,3,Intoxicating,3,,,,
2026-09-19,Mount Magnet,,2,262558699,3361531,2,Repeater,2,,,,
2026-09-19,Mount Magnet,,2,262558699,56645014,1,Fameux,1,,,,
2026-09-19,Mount Magnet,,2,262558699,62034641,5,Hot Puddin,5,,,,
2026-09-19,Mount Magnet,,2,262558699,65895202,6,If I Din Havadime,4,,,,
2026-09-19,Mount Magnet,,3,262558703,674247,7,Power To Rule,5,,,,
2026-09-19,Mount Magnet,,3,262558703,1455038,2,Size Matters,3,,,,
2026-09-19,Mount Magnet,,3,262558703,29481460,4,Populism,4,,,,
2026-09-19,Mount Magnet,,3,262558703,41222609,5,Schuhbeck,2,,,,
2026-09-19,Mount Magnet,,3,262558703,48291180,3,Raging Beauty,1,,,,
2026-09-19,Mount Magnet,,4,262558707,55244412,1,Climb On Top,2,,,,
2026-09-19,Mount Magnet,,4,262558707,57308648,3,Lost Gravity,5,,,,
2026-09-19,Mount Magnet,,4,262558707,63571085,2,Simply Rosso,1,,,,
2026-09-19,Mount Magnet,,4,262558707,64575612,6,Shasfa,4,,,,
2026-09-19,Mount Magnet,,4,262558707,83378996,4,Our Kiwi Princess,3,,,,
2026-09-19,Mount Magnet,,5,262558711,229917,5,Forbidden Apple,2,,,,
2026-09-19,Mount Magnet,,5,262558711,60491791,1,Ruler Rocket,1,,,,
2026-09-19,Mount Magnet,,5,262558711,76660351,2,Swishgobango,5,,,,
2026-09-19,Mount Magnet,,5,262558711,85507521,3,Blowin Smoke,3,,,,
2026-09-19,Mount Magnet,,5,262558711,99428285,6,Le Troy,4,,,,
2026-09-19,Mount Magnet,,6,262558715,211052,1,Another Nephew,2,,,,
2026-09-19,Mount Magnet,,6,262558715,8442893,2,Got Lucky,3,,,,
2026-09-19,Mount Magnet,,6,262558715,18739886,3,Mystical Man,4,,,,
2026-09-19,Mount Magnet,,6,262558715,65487992,4,One Punch,5,,,,
2026-09-19,Mount Magnet,,6,262558715,102870967,6,Solo Vega,1,,,,
2026-09-19,Newcastle,R2 1250m Mdn,2,262560468,519905,1,Babyfaced Assassin,4,0,42.0,0,4.6
2026-09-19,Newcastle,R2 1250m Mdn,2,262560468,1000321,4,Gridlock,2,1,8.0,1,1.72
2026-09-19,Newcastle,R2 1250m Mdn,2,262560468,99983842,7,Klocke,1,0,1.41,1,1.04
2026-09-19,Newcastle,R2 1250m Mdn,2,262560468,102901053,8,Moose Head,3,0,80.0,0,5.9
2026-09-19,Newcastle,R2 1250m Mdn,2,262560468,102901055,10,My Welcomestranger,5,0,70.0,1,5.5
2026-09-19,Newcastle,R3 1250m Mdn,3,262560471,102097489,6,Esnaad,4,0,7.07,1,1.48
2026-09-19,Newcastle,R3 1250m Mdn,3,262560471,102901059,2,Koibito,1,0,2.76,1,1.48
2026-09-19,Newcastle,R3 1250m Mdn,3,262560471,102901060,3,Mumbai Maharani,3,0,8.18,0,2.12
2026-09-19,Newcastle,R3 1250m Mdn,3,262560471,102901061,4,Party Rebel,2,1,4.3,1,1.42
2026-09-19,Newcastle,R3 1250m Mdn,3,262560471,102901062,5,Enchantic,5,0,42.0,0,7.2
2026-09-19,Newcastle,R4 2300m Hcap,4,262560474,41296625,5,Mr Fabulous,5,0,18.0,0,4.3
2026-09-19,Newcastle,R4 2300m Hcap,4,262560474,73754226,4,Kosuke,4,0,15.27,0,4.0
2026-09-19,Newcastle,R4 2300m Hcap,4,262560474,93871155,2,Spenzalot,3,1,5.6,1,1.91
2026-09-19,Newcastle,R4 2300m Hcap,4,262560474,100018894,7,Joika,1,0,3.2,1,1.84
2026-09-19,Newcastle,R4 2300m Hcap,4,262560474,102901070,11,My Greek God,2,0,17.0,0,3.93
2026-09-19,Newcastle,R5 900m Hcap,5,262560477,41018419,7,No Statement,1,0,10.5,0,2.84
2026-09-19,Newcastle,R5 900m Hcap,5,262560477,62660207,4,Princess Cruizer,4,0,4.4,0,1.59
2026-09-19,Newcastle,R5 900m Hcap,5,262560477,75046954,1,Gunroom,3,0,12.0,0,2.84
2026-09-19,Newcastle,R5 900m Hcap,5,262560477,94181141,2,Just Awesome,2,1,2.26,1,1.46
2026-09-19,Newcastle,R5 900m Hcap,5,262560477,102901072,6,Wheres The Circus,5,0,23.0,1,5.4
2026-09-19,Newcastle,R6 1300m Hcap,6,262560480,12951926,7,Oryx,2,0,14.61,0,3.67
2026-09-19,Newcastle,R6 1300m Hcap,6,262560480,67325417,8,A Pound Of Salt,3,0,55.0,0,7.23
2026-09-19,Newcastle,R6 1300m Hcap,6,262560480,82602609,4,Silencio Porfavor,1,0,3.11,1,1.51
2026-09-19,Newcastle,R6 1300m Hcap,6,262560480,102901076,13,Nafanua,4,0,19.18,0,4.1
2026-09-19,Newcastle,R6 1300m Hcap,6,262560480,102901076,13,Nafanua,5,0,19.18,0,4.1
2026-09-19,Newcastle,R7 1250m Hcap,7,262560483,9135653,2,Saint Emilion,4,0,9.8,0,3.89
2026-09-19,Newcastle,R7 1250m Hcap,7,262560483,65758075,1,Art Volant,1,0,13.5,1,4.26
2026-09-19,Newcastle,R7 1250m Hcap,7,262560483,94136864,8,Beaumista,3,0,15.0,0,3.84
2026-09-19,Newcastle,R7 1250m Hcap,7,262560483,100749651,13,Alphabet,2,0,6.06,0,2.06
2026-09-19,Newcastle,R7 1250m Hcap,7,262560483,102901080,15,Goodnyou,5,0,16.0,1,3.8
2026-09-19,Randwick,R5 1400m Grp3,5,262534163,581602,12,Taken,2,0,46.95,0,10.5
2026-09-19,Randwick,R5 1400m Grp3,5,262534163,3607061,4,Linebacker,1,0,5.89,0,2.37
2026-09-19,Randwick,R5 1400m Grp3,5,262534163,85813814,1,Headley Grange,4,0,5.04,1,1.82
2026-09-19,Randwick,R5 1400m Grp3,5,262534163,86057169,8,Sixties,3,0,4.74,0,2.08
2026-09-19,Randwick,R5 1400m Grp3,5,262534163,87454416,6,Formal Display,5,0,9.6,0,2.91
2026-09-19,Randwick,R6 2000m Grp2,6,262534172,6887959,6,Travolta,2,0,15.56,0,3.55
2026-09-19,Randwick,R6 2000m Grp2,6,262534172,6887959,6,Travolta,3,0,15.56,0,3.55
2026-09-19,Randwick,R6 2000m Grp2,6,262534172,95301636,14,Piggyback,5,0,16.79,0,3.78
2026-09-19,Randwick,R6 2000m Grp2,6,262534172,95879029,12,Juja Kibo,4,0,7.2,1,2.48
2026-09-19,Randwick,R6 2000m Grp2,6,262534172,102870447,2,Eliyass,1,0,7.45,0,2.94
2026-09-19,Randwick,R7 1400m Grp2,7,262534181,97393666,1,Bangkok Hottie,2,1,3.97,1,1.6
2026-09-19,Randwick,R7 1400m Grp2,7,262534181,102870449,2,Chilly Girl,1,0,4.61,0,1.71
2026-09-19,Randwick,R7 1400m Grp2,7,262534181,102870450,3,Striking Alibi,4,0,3.1,1,1.43
2026-09-19,Randwick,R7 1400m Grp2,7,262534181,102870452,7,Queens Gamble,5,0,17.86,0,3.8
2026-09-19,Randwick,R7 1400m Grp2,7,262534181,102870453,8,Sequinned,3,0,17.5,0,3.6
2026-09-19,Randwick,R8 1600m Grp2,8,262534190,336038,4,Autumn Glow,1,1,1.18,1,1.09
2026-09-19,Randwick,R8 1600m Grp2,8,262534190,814491,2,Gringotts,2,0,16.73,0,2.22
2026-09-19,Randwick,R8 1600m Grp2,8,262534190,75084719,5,Aeliana,5,0,36.0,1,4.7
2026-09-19,Randwick,R8 1600m Grp2,8,262534190,80091834,1,Ceolwulf,4,0,22.77,0,3.35
2026-09-19,Randwick,R8 1600m Grp2,8,262534190,96747477,6,Idle Flyer,3,0,42.0,0,6.6
2026-09-19,Randwick,R9 1100m Grp2,9,262534199,20849427,9,Kings Secret,4,0,20.18,1,3.99
2026-09-19,Randwick,R9 1100m Grp2,9,262534199,40688074,5,Mazu,3,1,28.13,1,6.18
2026-09-19,Randwick,R9 1100m Grp2,9,262534199,46291539,3,Headwall,1,0,3.35,0,1.39
2026-09-19,Randwick,R9 1100m Grp2,9,262534199,70325021,4,Jokers Grin,5,0,8.0,0,2.72
2026-09-19,Randwick,R9 1100m Grp2,9,262534199,88376297,2,Joliestar,2,0,3.85,1,1.67
2026-09-19,Randwick,R10 1100m Hcap,10,262534208,4237717,4,Hidden Motive,4,0,18.11,0,5.14
2026-09-19,Randwick,R10 1100m Hcap,10,262534208,93496841,5,Ice Kool,5,0,5.0,0,2.2
2026-09-19,Randwick,R10 1100m Hcap,10,262534208,102870459,13,Shes An Artist,1,0,8.85,1,2.77
2026-09-19,Randwick,R10 1100m Hcap,10,262534208,102870460,17,Amazing Eagle,2,0,8.8,0,2.49
2026-09-19,Randwick,R10 1100m Hcap,10,262534208,102870461,18,Sylph,3,0,5.0,1,2.16
2026-09-19,Wagga,R2 1400m Mdn,2,262559922,7173292,2,Saker Falcon,3,1,2.98,1,1.37
2026-09-19,Wagga,R2 1400m Mdn,2,262559922,86306487,6,Icon Dream,1,0,40.0,0,4.2
2026-09-19,Wagga,R2 1400m Mdn,2,262559922,88732835,1,Demanda,4,0,94.27,0,36.0
2026-09-19,Wagga,R2 1400m Mdn,2,262559922,102900684,5,Dingle,5,0,8.8,1,2.48
2026-09-19,Wagga,R2 1400m Mdn,2,262559922,102900687,9,El Cool Gee,2,0,3.7,1,1.3
2026-09-19,Wagga,R3 2000m Hcap,3,262559925,5007732,7,Pharoahs Daughter,3,0,3.04,0,1.98
2026-09-19,Wagga,R3 2000m Hcap,3,262559925,9567509,10,Miss Defy,5,0,13.08,1,4.0
2026-09-19,Wagga,R3 2000m Hcap,3,262559925,71684760,4,It Is To Be,4,0,10.19,0,2.87
2026-09-19,Wagga,R3 2000m Hcap,3,262559925,73719689,5,Justifiably,1,0,11.0,1,3.25
2026-09-19,Wagga,R3 2000m Hcap,3,262559925,101639191,3,King Incanto,2,0,8.48,0,2.42
2026-09-19,Wagga,R4 1400m CL3,4,262559928,1321722,4,Steves Way,5,0,17.0,0,4.46
2026-09-19,Wagga,R4 1400m CL3,4,262559928,91157503,11,Belnera,2,0,14.58,0,4.4
2026-09-19,Wagga,R4 1400m CL3,4,262559928,99493481,1,Super Paradise,3,0,12.85,0,3.85
2026-09-19,Wagga,R4 1400m CL3,4,262559928,102134659,5,Hellberg,4,0,36.0,1,5.9
2026-09-19,Wagga,R4 1400m CL3,4,262559928,102600071,3,Ollandia Beach,1,0,5.6,0,2.14
2026-09-19,Wagga,R5 1600m Hcap,5,262559931,49244133,6,Ferrari Man,2,0,5.66,1,1.78
2026-09-19,Wagga,R5 1600m Hcap,5,262559931,71145698,7,Perfectly Good,3,0,14.0,0,3.25
2026-09-19,Wagga,R5 1600m Hcap,5,262559931,82818867,9,Cinephile,4,0,14.37,1,2.71
2026-09-19,Wagga,R5 1600m Hcap,5,262559931,82818867,9,Cinephile,5,0,14.37,1,2.71
2026-09-19,Wagga,R5 1600m Hcap,5,262559931,101671270,4,Ikon Park,1,0,4.76,0,1.6
2026-09-19,Wagga,R6 1200m Hcap,6,262559934,5876775,5,Time For Snow,3,0,11.0,0,4.2
2026-09-19,Wagga,R6 1200m Hcap,6,262559934,8646755,6,Vinari,5,0,3.35,0,1.72
2026-09-19,Wagga,R6 1200m Hcap,6,262559934,48015142,4,Sheila,2,0,42.0,0,7.81
2026-09-19,Wagga,R6 1200m Hcap,6,262559934,96146207,3,Kennys Swans,1,0,2.89,1,1.5
2026-09-19,Wagga,R6 1200m Hcap,6,262559934,102900691,9,I Am Mamwaazel,4,1,170.0,1,19.39
2026-09-19,Wagga,R7 1000m CL1,7,262559937,95620197,2,Elastane Miss,1,0,5.2,0,1.82
2026-09-19,Wagga,R7 1000m CL1,7,262559937,102900693,1,Winter Hail,4,0,3.46,0,1.73
2026-09-19,Wagga,R7 1000m CL1,7,262559937,102900694,3,Calais Bliss,3,0,11.64,1,2.96
2026-09-19,Wagga,R7 1000m CL1,7,262559937,102900697,7,Lujaego,2,0,6.51,1,2.09
2026-09-19,Wagga,R7 1000m CL1,7,262559937,102900699,10,Silver Top Ridge,5,0,20.4,0,5.48
2026-09-20,Alice Springs,R1 1100m Hcap,1,262586022,789674,7,Snick,3,0,25.0,0,4.3
2026-09-20,Alice Springs,R1 1100m Hcap,1,262586022,78944550,3,Bons A Lad,1,0,5.71,0,1.94
2026-09-20,Alice Springs,R1 1100m Hcap,1,262586022,101219555,9,Millionaire Lover,2,0,5.22,1,2.0
2026-09-20,Alice Springs,R1 1100m Hcap,1,262586022,102870507,4,Bodmin Boy,4,0,19.5,0,4.5
2026-09-20,Alice Springs,R1 1100m Hcap,1,262586022,102870508,8,Mapleton Hill,5,0,12.0,0,3.3
2026-09-20,Alice Springs,R2 1000m Hcap,2,262586025,1447266,4,Down The Wicket,3,0,11.0,0,4.33
2026-09-20,Alice Springs,R2 1000m Hcap,2,262586025,7094221,2,Verbosity,4,0,7.99,0,3.48
2026-09-20,Alice Springs,R2 1000m Hcap,2,262586025,26420686,1,Rock Of Kryptonite,1,0,6.55,0,3.15
2026-09-20,Alice Springs,R2 1000m Hcap,2,262586025,70385768,3,Dyer,2,1,3.19,1,2.07
2026-09-20,Alice Springs,R2 1000m Hcap,2,262586025,79292448,6,Miss Top Gun,5,0,7.89,0,3.6
2026-09-20,Alice Springs,R3 1400m Hcap,3,262586028,53407748,7,Nasha,3,0,11.61,0,2.49
2026-09-20,Alice Springs,R3 1400m Hcap,3,262586028,66032908,5,Cours Vite,5,0,15.68,1,3.72
2026-09-20,Alice Springs,R3 1400m Hcap,3,262586028,67533494,1,Kieffer,1,0,5.66,0,1.99
2026-09-20,Alice Springs,R3 1400m Hcap,3,262586028,93537122,3,Lean On Me,4,0,6.36,1,2.19
2026-09-20,Alice Springs,R3 1400m Hcap,3,262586028,102870509,2,Mummsie,2,1,2.4,1,1.51
2026-09-20,Alice Springs,R4 1400m Hcap,4,262586031,44562485,2,Flying Start,4,0,7.21,0,3.33
2026-09-20,Alice Springs,R4 1400m Hcap,4,262586031,50195082,1,Bahama Bay,1,0,2.75,0,1.61
2026-09-20,Alice Springs,R4 1400m Hcap,4,262586031,53088721,5,Magarten,2,0,4.94,0,2.42
2026-09-20,Alice Springs,R4 1400m Hcap,4,262586031,82080115,6,Grinzinger Lass,3,0,9.23,0,4.4
2026-09-20,Alice Springs,R4 1400m Hcap,4,262586031,95880848,3,Matron Samsing,5,0,11.41,1,5.0
2026-09-20,Armidale,R2 1300m Mdn,2,262592863,822898,3,Ridgeback,2,0,18.28,0,2.7
2026-09-20,Armidale,R2 1300m Mdn,2,262592863,5424229,5,Highland Dancer,3,1,4.2,1,1.31
2026-09-20,Armidale,R2 1300m Mdn,2,262592863,82940730,6,Lulu A Natural,5,0,50.0,0,5.7
2026-09-20,Armidale,R2 1300m Mdn,2,262592863,93573789,4,Thirty Degrees,4,0,7.78,1,1.6
2026-09-20,Armidale,R2 1300m Mdn,2,262592863,98273541,9,Duskaura,1,0,1.81,1,1.18
2026-09-20,Armidale,R3 1900m CL1,3,262592866,4486071,1,Compadre,3,0,36.0,0,5.91
2026-09-20,Armidale,R3 1900m CL1,3,262592866,75481288,6,Slugworth,2,0,13.0,0,2.96
2026-09-20,Armidale,R3 1900m CL1,3,262592866,88693905,7,Aurora Effect,1,0,2.92,0,1.3
2026-09-20,Armidale,R3 1900m CL1,3,262592866,94136757,2,Fabs Cuz,4,0,3.84,1,1.5
2026-09-20,Armidale,R3 1900m CL1,3,262592866,101609596,11,Share Our Secret,5,0,7.4,0,2.42
2026-09-20,Armidale,R4 1100m Mdn,4,262592869,2325756,2,Bundoran,1,0,5.07,1,1.69
2026-09-20,Armidale,R4 1100m Mdn,4,262592869,75118579,12,Totally Underrated,5,0,9.6,1,3.15
2026-09-20,Armidale,R4 1100m Mdn,4,262592869,78046233,10,Little Bubbles,2,0,5.72,0,2.26
2026-09-20,Armidale,R4 1100m Mdn,4,262592869,102900599,1,Tommyzacat,3,1,30.0,1,6.46
2026-09-20,Armidale,R4 1100m Mdn,4,262592869,102900603,11,Ruairi,4,0,4.0,0,1.68
2026-09-20,Armidale,R5 1300m Hcap,5,262592872,6920124,2,Surpasser,2,0,13.7,0,3.9
2026-09-20,Armidale,R5 1300m Hcap,5,262592872,63926324,7,Extreme Merger,5,0,8.6,0,3.65
2026-09-20,Armidale,R5 1300m Hcap,5,262592872,65823520,10,Sharpen The Knives,4,0,19.34,0,4.08
2026-09-20,Armidale,R5 1300m Hcap,5,262592872,85541516,1,Set To Prophet,1,0,3.84,1,1.55
2026-09-20,Armidale,R5 1300m Hcap,5,262592872,93466727,11,Tickle My Tosen,3,0,20.71,0,5.6
2026-09-20,Armidale,R6 1400m CL1,6,262592875,6712568,9,Tralee,2,1,6.52,1,2.2
2026-09-20,Armidale,R6 1400m CL1,6,262592875,11196588,4,Northern Eagle,3,0,5.8,0,2.48
2026-09-20,Armidale,R6 1400m CL1,6,262592875,92117410,2,Velia,1,0,5.29,0,1.91
2026-09-20,Armidale,R6 1400m CL1,6,262592875,92504371,8,Tamieka Warrior,5,0,10.0,1,2.62
2026-09-20,Armidale,R6 1400m CL1,6,262592875,102900606,10,Celestial Bell,4,0,19.34,0,4.63
2026-09-20,Armidale,R7 1100m Hcap,7,262592878,52435583,5,Soobooco,1,1,7.6,1,2.72
2026-09-20,Armidale,R7 1100m Hcap,7,262592878,55533422,1,Dune And Dusted,5,0,18.85,1,5.5
2026-09-20,Armidale,R7 1100m Hcap,7,262592878,66544245,3,My Name Is,3,0,33.29,0,7.17
2026-09-20,Armidale,R7 1100m Hcap,7,262592878,85813749,13,Desert Cougar,4,0,62.72,0,12.9
2026-09-20,Armidale,R7 1100m Hcap,7,262592878,100454084,6,Demarcate,2,0,4.77,1,2.04
2026-09-20,Bairnsdale,R2 1000m Mdn,2,262592483,2352340,9,Alvear,5,0,7.81,0,2.44
2026-09-20,Bairnsdale,R2 1000m Mdn,2,262592483,102901324,3,Heavy Is The Head,2,0,6.22,1,2.04
2026-09-20,Bairnsdale,R2 1000m Mdn,2,262592483,102901331,14,Kooralbyn,1,1,7.6,1,2.42
2026-09-20,Bairnsdale,R2 1000m Mdn,2,262592483,102901332,15,Genki Girl,3,0,3.35,0,1.55
2026-09-20,Bairnsdale,R2 1000m Mdn,2,262592483,102901334,17,Zouie,4,0,76.91,0,10.5
2026-09-20,Bairnsdale,R3 1200m Mdn,3,262592490,84374169,2,Pierrobid,5,0,60.0,0,9.15
2026-09-20,Bairnsdale,R3 1200m Mdn,3,262592490,102901339,6,Ilovediamonds,3,0,7.76,0,2.01
2026-09-20,Bairnsdale,R3 1200m Mdn,3,262592490,102901341,8,Theatrical Queen,1,0,7.62,0,2.35
2026-09-20,Bairnsdale,R3 1200m Mdn,3,262592490,102901342,9,Prestige Hellbent,2,0,15.0,1,2.97
2026-09-20,Bairnsdale,R3 1200m Mdn,3,262592490,102901343,10,Prime Force,4,0,4.8,1,1.81
2026-09-20,Bairnsdale,R4 1200m Hcap,4,262592497,50195102,12,Nicking Gracie,3,0,8.27,0,2.86
2026-09-20,Bairnsdale,R4 1200m Hcap,4,262592497,63609299,2,Mont Saint Michel,5,0,6.22,0,2.41
2026-09-20,Bairnsdale,R4 1200m Hcap,4,262592497,85854822,3,Punic War,4,1,9.03,1,3.22
2026-09-20,Bairnsdale,R4 1200m Hcap,4,262592497,92504711,1,Pull My Finger,2,0,5.12,1,2.08
2026-09-20,Bairnsdale,R4 1200m Hcap,4,262592497,102098285,5,Mordialloc Beach,1,0,12.0,0,4.24
2026-09-20,Bairnsdale,R5 2200m Hcap,5,262592504,853524,3,Phoenician,4,0,8.75,1,2.43
2026-09-20,Bairnsdale,,5,262592504,82857496,1,Luckyheleft,2,,,,
2026-09-20,Bairnsdale,R5 2200m Hcap,5,262592504,85213477,8,Aberlutely,3,0,3.94,1,1.61
2026-09-20,Bairnsdale,R5 2200m Hcap,5,262592504,101163889,6,Pro Velocity,1,0,3.68,0,1.52
2026-09-20,Bairnsdale,R5 2200m Hcap,5,262592504,102901351,5,Najle,5,0,26.02,0,5.53
2026-09-20,Bairnsdale,R6 1600m Hcap,6,262592511,43548328,10,Dane On Tour,2,1,4.03,1,1.7
2026-09-20,Bairnsdale,,6,262592511,53371669,11,New York Scandal,1,,,,
2026-09-20,Bairnsdale,R6 1600m Hcap,6,262592511,59453472,5,Cable De Vega,4,0,20.0,0,5.05
2026-09-20,Bairnsdale,R6 1600m Hcap,6,262592511,82788444,1,Abrafo,5,0,8.37,0,2.8
2026-09-20,Bairnsdale,R6 1600m Hcap,6,262592511,92537565,9,Cuban Dawn,3,0,25.0,0,5.92
2026-09-20,Bairnsdale,R7 1000m Hcap,7,262592518,35524458,8,The Cruiser,5,0,8.0,0,2.54
2026-09-20,Bairnsdale,R7 1000m Hcap,7,262592518,52237932,12,Night Eruption,4,0,19.69,0,5.43
2026-09-20,Bairnsdale,R7 1000m Hcap,7,262592518,54973739,6,Epicus,1,0,10.77,0,3.01
2026-09-20,Bairnsdale,R7 1000m Hcap,7,262592518,72878652,7,Lauras Gold,2,0,18.15,0,5.3
2026-09-20,Bairnsdale,R7 1000m Hcap,7,262592518,102901356,10,Heartattack Jack,3,0,11.08,0,3.2
2026-09-20,Bendigo,R2 1500m Mdn,2,262592534,102901005,2,Gilgeous,5,0,20.68,1,2.92
2026-09-20,Bendigo,R2 1500m Mdn,2,262592534,102901007,4,Murshidi,1,0,8.8,1,1.62
2026-09-20,Bendigo,R2 1500m Mdn,2,262592534,102901008,5,Passio,3,0,17.16,0,2.14
2026-09-20,Bendigo,R2 1500m Mdn,2,262592534,102901009,6,Restrict Me Not,4,0,75.0,0,8.77
2026-09-20,Bendigo,R2 1500m Mdn,2,262592534,102901010,8,Written Empire,2,1,1.45,1,1.09
2026-09-20,Bendigo,R3 1400m Mdn,3,262592542,5998942,2,Classic Gem,1,1,1.71,1,1.18
2026-09-20,Bendigo,R3 1400m Mdn,3,262592542,49586020,6,Open Fire,5,0,42.0,0,5.75
2026-09-20,Bendigo,R3 1400m Mdn,3,262592542,100721714,12,Novamira,2,0,6.33,0,1.74
2026-09-20,Bendigo,R3 1400m Mdn,3,262592542,102600055,14,Teen Torque,4,0,13.5,0,2.64
2026-09-20,Bendigo,R3 1400m Mdn,3,262592542,102901016,11,Endemic,3,0,75.0,1,10.0
2026-09-20,Bendigo,R4 1000m Mdn,4,262592551,98018424,1,Dimachaerus,2,0,40.0,0,1.94
2026-09-20,Bendigo,R4 1000m Mdn,4,262592551,102901018,4,Last Piece,5,0,397.83,0,12.0
2026-09-20,Bendigo,R4 1000m Mdn,4,262592551,102901020,6,Saturn Sky,3,1,1.22,1,1.05
2026-09-20,Bendigo,R4 1000m Mdn,4,262592551,102901023,9,Five Knights,1,0,90.0,1,3.0
2026-09-20,Bendigo,R4 1000m Mdn,4,262592551,102901024,10,Miss Dividend,4,0,7.0,1,1.14
2026-09-20,Bendigo,R5 1100m Hcap,5,262592559,61337009,10,Xtramagic,4,0,15.81,0,3.5
2026-09-20,Bendigo,R5 1100m Hcap,5,262592559,86976350,7,Kamezali,3,0,28.0,0,5.2
2026-09-20,Bendigo,R5 1100m Hcap,5,262592559,88611377,1,Tapo,2,0,4.98,0,2.05
2026-09-20,Bendigo,R5 1100m Hcap,5,262592559,102901026,2,Iced Poppy,5,1,5.3,1,1.88
2026-09-20,Bendigo,R5 1100m Hcap,5,262592559,102901028,8,Farakta,1,0,2.98,1,1.48
2026-09-20,Bendigo,R6 1300m CL1,6,262592567,4609810,5,The Muffin Man,3,0,12.5,0,2.89
2026-09-20,Bendigo,R6 1300m CL1,6,262592567,71473962,1,Endless Summer,2,0,8.01,1,2.01
2026-09-20,Bendigo,R6 1300m CL1,6,262592567,87379611,4,Mister Martini,5,0,13.82,0,2.78
2026-09-20,Bendigo,R6 1300m CL1,6,262592567,102901030,3,Bella Verona,1,1,1.89,1,1.27
2026-09-20,Bendigo,R6 1300m CL1,6,262592567,102901032,7,Hydrothermal,4,0,9.0,1,2.38
2026-09-20,Bendigo,R7 1400m Hcap,7,262592576,11146432,4,Untapped,5,0,6.8,1,2.1
2026-09-20,Bendigo,R7 1400m Hcap,7,262592576,53111834,1,Hes Beset,4,0,64.78,0,10.33
2026-09-20,Bendigo,R7 1400m Hcap,7,262592576,94950347,8,Brutalina,1,0,7.75,0,2.66
2026-09-20,Bendigo,R7 1400m Hcap,7,262592576,102901036,14,Our Justify,3,1,2.54,1,1.35
2026-09-20,Bendigo,,7,262592576,102901038,16,Viva Mauricio,2,,,,
2026-09-20,Bendigo,R8 1600m Hcap,8,262592584,3465538,2,Cable Dancer,5,0,50.0,1,9.8
2026-09-20,Bendigo,R8 1600m Hcap,8,262592584,64546688,6,Eishaa,3,1,9.14,1,3.12
2026-09-20,Bendigo,R8 1600m Hcap,8,262592584,80856306,8,Navy Heart,2,0,8.2,0,2.54
2026-09-20,Bendigo,R8 1600m Hcap,8,262592584,87768175,14,Fearless Writer,1,0,15.59,0,3.95
2026-09-20,Bendigo,R8 1600m Hcap,8,262592584,102901040,3,Yahoo Bar,4,0,5.0,0,2.32
2026-09-20,Kalgoorlie,R1 1200m Mdn,1,262586178,9181803,1,Peanut Butter,5,0,7.11,1,2.47
2026-09-20,Kalgoorlie,R1 1200m Mdn,1,262586178,46292478,2,Energetic,1,0,3.75,0,1.66
2026-09-20,Kalgoorlie,R1 1200m Mdn,1,262586178,101419855,3,Cobar Sky,3,0,16.2,0,3.76
2026-09-20,Kalgoorlie,R1 1200m Mdn,1,262586178,101419856,4,Vivalda,2,0,7.06,0,2.42
2026-09-20,Kalgoorlie,R1 1200m Mdn,1,262586178,102901293,8,Paul Party,4,0,23.0,0,4.0
2026-09-20,Kalgoorlie,R2 1600m Mdn,2,262586182,4388045,5,Racy Rascal,5,0,11.52,1,4.97
2026-09-20,Kalgoorlie,R2 1600m Mdn,2,262586182,81520204,2,Pembeton,1,1,4.85,1,2.67
2026-09-20,Kalgoorlie,R2 1600m Mdn,2,262586182,88111784,1,Prince Of Bondi,2,0,4.49,0,2.22
2026-09-20,Kalgoorlie,R2 1600m Mdn,2,262586182,98240693,3,Billy The Boss,4,0,6.17,0,2.99
2026-09-20,Kalgoorlie,R2 1600m Mdn,2,262586182,102901295,4,Batista,3,0,4.6,0,2.46
2026-09-20,Kalgoorlie,R3 1600m CL2,3,262586186,9390187,2,Royal Guardian,1,0,3.45,0,1.64
2026-09-20,Kalgoorlie,R3 1600m CL2,3,262586186,82567703,7,Just Sublime,3,0,14.5,0,4.2
2026-09-20,Kalgoorlie,R3 1600m CL2,3,262586186,83410177,3,Sainty Cullity,4,0,7.4,0,2.4
2026-09-20,Kalgoorlie,R3 1600m CL2,3,262586186,83941036,6,Alotta Fighting,2,0,23.21,0,5.87
2026-09-20,Kalgoorlie,R3 1600m CL2,3,262586186,84182160,4,Lanta,5,0,8.6,1,2.56
2026-09-20,Kalgoorlie,R4 1300m CL2,4,262586190,1197494,13,Luminous Lady,5,0,8.2,0,3.0
2026-09-20,Kalgoorlie,R4 1300m CL2,4,262586190,4058630,6,Offshore,4,0,13.81,0,4.55
2026-09-20,Kalgoorlie,R4 1300m CL2,4,262586190,4217180,2,Midnight Star,2,0,6.0,0,2.44
2026-09-20,Kalgoorlie,R4 1300m CL2,4,262586190,98240706,5,Slippery Fish,3,0,26.96,0,7.0
2026-09-20,Kalgoorlie,R4 1300m CL2,4,262586190,102901298,9,Viresha,1,0,38.0,0,9.2
2026-09-20,Kalgoorlie,R5 1300m Hcap,5,262586194,51204009,3,Boab Boy,5,0,23.0,0,5.6
2026-09-20,Kalgoorlie,R5 1300m Hcap,5,262586194,59082933,1,Dont Wait For Luck,3,0,4.2,0,1.93
2026-09-20,Kalgoorlie,R5 1300m Hcap,5,262586194,70634492,10,Playing Games,4,0,12.63,0,3.26
2026-09-20,Kalgoorlie,R5 1300m Hcap,5,262586194,72585553,2,Close At Hand,2,0,7.0,1,2.14
2026-09-20,Kalgoorlie,R5 1300m Hcap,5,262586194,85814016,5,Science Degree,1,1,5.65,1,2.08
2026-09-20,Kalgoorlie,R6 2100m Hcap,6,262586198,2700381,2,Opportunistic,1,0,3.05,1,1.36
2026-09-20,Kalgoorlie,R6 2100m Hcap,6,262586198,39679663,1,Ginger Baker,2,0,15.82,0,3.4
2026-09-20,Kalgoorlie,R6 2100m Hcap,6,262586198,43379179,4,Currimundi,4,0,48.5,0,7.76
2026-09-20,Kalgoorlie,R6 2100m Hcap,6,262586198,44012449,8,Outspoken Lad,3,0,12.14,0,3.29
2026-09-20,Kalgoorlie,R6 2100m Hcap,6,262586198,48702114,3,Citino,5,0,25.0,1,5.0
2026-09-20,Kalgoorlie,R7 1400m Hcap,7,262586202,1156424,1,Scottish Laird,5,0,12.5,0,3.75
2026-09-20,Kalgoorlie,R7 1400m Hcap,7,262586202,2496207,2,Tacito,2,0,5.95,1,2.29
2026-09-20,Kalgoorlie,R7 1400m Hcap,7,262586202,40274311,3,Kelora,1,0,10.5,0,3.4
2026-09-20,Kalgoorlie,R7 1400m Hcap,7,262586202,47591286,4,Leniency,3,0,27.0,0,7.26
2026-09-20,Kalgoorlie,R7 1400m Hcap,7,262586202,98240700,5,Spangledstar,4,0,14.0,0,4.9
2026-09-20,Mount Gambier,R1 1200m Mdn,1,262586078,74264144,8,Goochee Gal,5,0,44.0,1,8.0
2026-09-20,Mount Gambier,R1 1200m Mdn,1,262586078,82376731,7,Fake Fiction,1,0,2.66,0,1.37
2026-09-20,Mount Gambier,R1 1200m Mdn,1,262586078,86620506,3,Nicaloha,4,0,4.1,1,1.72
2026-09-20,Mount Gambier,R1 1200m Mdn,1,262586078,99459517,5,Viperstrike,2,0,6.6,0,1.95
2026-09-20,Mount Gambier,R1 1200m Mdn,1,262586078,101639257,6,Brazen Queen,3,1,14.92,1,3.1
2026-09-20,Mount Gambier,R2 1400m Mdn,2,262586084,100019278,7,Resilient Ruby,2,0,8.64,0,2.71
2026-09-20,Mount Gambier,R2 1400m Mdn,2,262586084,102097696,6,Peyton Jane,3,1,4.35,1,1.73
2026-09-20,Mount Gambier,R2 1400m Mdn,2,262586084,102900856,1,Iamthedevilselbow,1,0,4.6,1,1.69
2026-09-20,Mount Gambier,R2 1400m Mdn,2,262586084,102900857,2,Taajwar,5,0,6.4,1,2.16
2026-09-20,Mount Gambier,R2 1400m Mdn,2,262586084,102900859,9,Spotlight On Curly,4,0,17.5,0,4.3
2026-09-20,Mount Gambier,R3 900m Hcap,3,262586090,27615471,2,Old Time Rock,1,1,2.86,1,1.69
2026-09-20,Mount Gambier,R3 900m Hcap,3,262586090,43837435,5,Nudge Em Along,2,0,5.62,0,2.66
2026-09-20,Mount Gambier,R3 900m Hcap,3,262586090,46495734,4,Shooting For Stars,4,0,3.35,0,2.0
2026-09-20,Mount Gambier,R3 900m Hcap,3,262586090,89591555,3,Unique Poet,5,0,10.0,1,4.4
2026-09-20,Mount Gambier,R3 900m Hcap,3,262586090,92504500,6,Sunset Prayer,3,0,9.61,0,5.2
2026-09-20,Mount Gambier,R4 1550m Hcap,4,262586096,2129366,5,Deficit,1,0,19.0,0,5.0
2026-09-20,Mount Gambier,R4 1550m Hcap,4,262586096,73443114,8,Black Bugatti,2,0,15.5,0,4.4
2026-09-20,Mount Gambier,R4 1550m Hcap,4,262586096,77023740,1,Flying Shelby,5,0,30.0,0,7.2
2026-09-20,Mount Gambier,R4 1550m Hcap,4,262586096,101639270,16,Dodgy Element,3,0,7.4,0,3.15
2026-09-20,Mount Gambier,R4 1550m Hcap,4,262586096,102900861,4,Coastal Whispers,4,0,20.0,0,5.73
2026-09-20,Mount Gambier,R5 1200m Hcap,5,262586102,37059843,6,Salsbury Hill,3,0,21.41,0,5.3
2026-09-20,Mount Gambier,R5 1200m Hcap,5,262586102,48048950,5,Scenic Host,1,0,13.31,0,3.23
2026-09-20,Mount Gambier,R5 1200m Hcap,5,262586102,56357619,8,Anrushka,5,0,35.27,0,7.4
2026-09-20,Mount Gambier,R5 1200m Hcap,5,262586102,78566623,1,Naralinga,4,0,3.3,1,1.37
2026-09-20,Mount Gambier,R5 1200m Hcap,5,262586102,102900863,2,Halliwell,2,0,6.36,0,2.16
2026-09-20,Mount Gambier,R6 3150m Hcap,6,262586108,1265758,2,Diwali,1,0,3.99,0,1.73
2026-09-20,Mount Gambier,R6 3150m Hcap,6,262586108,54777624,1,Farag,3,0,11.0,0,3.01
2026-09-20,Mount Gambier,R6 3150m Hcap,6,262586108,67039239,4,Hula Beat,4,0,11.0,0,3.25
2026-09-20,Mount Gambier,R6 3150m Hcap,6,262586108,93206495,8,The Victorious,5,0,16.55,0,4.65
2026-09-20,Mount Gambier,R6 3150m Hcap,6,262586108,102900864,3,Hemi Two Barrell,2,0,9.62,0,3.3
2026-09-20,Mount Gambier,R7 1400m Hcap,7,262586114,39602575,9,Loose Lip Lloyd,4,0,12.0,0,4.8
2026-09-20,Mount Gambier,R7 1400m Hcap,7,262586114,65260467,7,Forever Waiting,3,0,6.0,0,2.58
2026-09-20,Mount Gambier,R7 1400m Hcap,7,262586114,78756263,6,Captain Joolian,1,0,8.34,0,2.76
2026-09-20,Mount Gambier,R7 1400m Hcap,7,262586114,87767647,5,Stargust,2,0,8.66,1,2.88
2026-09-20,Mount Gambier,R7 1400m Hcap,7,262586114,102900868,15,Detnaw,5,0,27.71,0,6.4
2026-09-20,Nowra,,1,262593273,81517341,8,Stormy Reign,2,,,,
2026-09-20,Nowra,R1 1400m Mdn,1,262593273,94226118,5,Pride Of Hazel,3,0,5.51,1,1.64
2026-09-20,Nowra,R1 1400m Mdn,1,262593273,95620662,6,Rawano,5,0,12.92,0,2.51
2026-09-20,Nowra,R1 1400m Mdn,1,262593273,100957094,1,Hard Yards,1,0,2.71,0,1.81
2026-09-20,Nowra,R1 1400m Mdn,1,262593273,102900797,7,Rosary Sister,4,1,5.46,1,1.74
2026-09-20,Nowra,R2 1200m CL1,2,262593276,87415986,1,Defiance,1,1,1.44,1,1.13
2026-09-20,Nowra,R2 1200m CL1,2,262593276,88732841,9,Azzucca,3,0,32.0,0,2.8
2026-09-20,Nowra,R2 1200m CL1,2,262593276,93959289,7,Initiate,5,0,87.44,0,6.8
2026-09-20,Nowra,R2 1200m CL1,2,262593276,102900798,2,Brucey,4,0,11.0,0,2.0
2026-09-20,Nowra,R2 1200m CL1,2,262593276,102900800,11,Bound To Fire,2,0,85.0,1,7.25
2026-09-20,Nowra,R3 1200m Mdn,3,262593279,2236675,6,Power Hungry,2,0,12.5,0,2.7
2026-09-20,Nowra,R3 1200m Mdn,3,262593279,91157284,4,Frosty Bangers,5,1,22.0,1,3.9
2026-09-20,Nowra,R3 1200m Mdn,3,262593279,96965548,9,Bold Bucks,1,0,2.2,1,1.24
2026-09-20,Nowra,R3 1200m Mdn,3,262593279,102900802,7,Soviet Storm,3,0,15.0,0,3.0
2026-09-20,Nowra,R3 1200m Mdn,3,262593279,102900803,8,The Hard Road,4,0,38.0,0,5.7
2026-09-20,Nowra,R4 1600m Hcap,4,262593282,3874361,5,Snap Decision,1,1,4.7,1,2.17
2026-09-20,Nowra,R4 1600m Hcap,4,262593282,51009302,4,More Mischief,5,0,5.3,1,2.46
2026-09-20,Nowra,R4 1600m Hcap,4,262593282,82641086,2,Showmara,3,0,4.2,1,1.87
2026-09-20,Nowra,R4 1600m Hcap,4,262593282,102402731,6,Malinga Missile,2,0,13.48,0,3.9
2026-09-20,Nowra,R4 1600m Hcap,4,262593282,102900809,13,Kotaishi,4,0,19.62,0,5.38
2026-09-20,Nowra,R5 1200m Mdn,5,262593285,102402931,10,Imperial Royale,3,1,5.6,1,1.56
2026-09-20,Nowra,R5 1200m Mdn,5,262593285,102632724,1,Kiss Of Gold,1,0,11.5,0,2.07
2026-09-20,Nowra,R5 1200m Mdn,5,262593285,102900812,7,Akatoa,4,0,3.56,1,1.35
2026-09-20,Nowra,R5 1200m Mdn,5,262593285,102900814,11,Mille Feuille,2,0,2.36,1,1.15
2026-09-20,Nowra,R5 1200m Mdn,5,262593285,102900817,15,Choosy,5,0,157.92,0,13.0
2026-09-20,Nowra,R6 1100m Hcap,6,262593288,37121318,8,Ulysses Blue,1,0,9.0,0,3.29
2026-09-20,Nowra,R6 1100m Hcap,6,262593288,64318595,11,Time And Rhythm,4,1,5.1,1,1.73
2026-09-20,Nowra,R6 1100m Hcap,6,262593288,68414350,5,Vereeva,2,0,9.8,1,2.9
2026-09-20,Nowra,R6 1100m Hcap,6,262593288,69931537,3,You Wish,3,0,7.94,1,2.88
2026-09-20,Nowra,R6 1100m Hcap,6,262593288,73176840,12,Santolini,5,0,54.0,0,9.35
2026-09-20,Nowra,R7 1400m Hcap,7,262593291,1284121,2,Champions League,5,0,102.8,0,14.0
2026-09-20,Nowra,R7 1400m Hcap,7,262593291,66032374,1,Brazil,4,0,26.71,0,5.04
2026-09-20,Nowra,R7 1400m Hcap,7,262593291,89920960,3,Stormbringer,1,0,6.92,1,1.66
2026-09-20,Nowra,R7 1400m Hcap,7,262593291,91872187,4,Superata,2,1,2.75,1,1.55
2026-09-20,Nowra,R7 1400m Hcap,7,262593291,102900820,11,Lady Capitalist,3,0,4.18,0,1.79
2026-09-20,Sunshine Coast,R3 1800m CL2,3,262586140,84659236,2,Golden Smile,1,0,5.4,1,1.96
2026-09-20,Sunshine Coast,R3 1800m CL2,3,262586140,88927617,1,Old Faithful,5,0,4.9,0,1.81
2026-09-20,Sunshine Coast,R3 1800m CL2,3,262586140,102061351,3,Empress Aspen,3,0,7.8,0,2.73
2026-09-20,Sunshine Coast,R3 1800m CL2,3,262586140,102901385,4,Family Of League,2,1,5.46,1,2.28
2026-09-20,Sunshine Coast,R3 1800m CL2,3,262586140,102901386,6,Shedrivesabentley,4,0,8.0,0,2.4
2026-09-20,Sunshine Coast,R4 1600m Hcap,4,262586144,78756322,5,Sir Goldalot,4,0,5.98,1,1.89
2026-09-20,Sunshine Coast,R4 1600m Hcap,4,262586144,86620342,4,Pour Benn,5,0,20.0,0,4.5
2026-09-20,Sunshine Coast,R4 1600m Hcap,4,262586144,95918951,9,Peccavi,1,0,4.26,0,1.54
2026-09-20,Sunshine Coast,R4 1600m Hcap,4,262586144,99171947,8,Makamae,2,0,4.4,1,1.94
2026-09-20,Sunshine Coast,R4 1600m Hcap,4,262586144,101781595,3,Isla Delilah,3,0,20.0,0,4.42
2026-09-20,Sunshine Coast,R5 1200m CL1,5,262586148,88111021,5,Smudged,2,0,3.96,0,1.86
2026-09-20,Sunshine Coast,R5 1200m CL1,5,262586148,88967274,7,Decorative,5,0,34.0,0,6.2
2026-09-20,Sunshine Coast,R5 1200m CL1,5,262586148,97242364,10,Paciera,4,0,11.92,0,3.43
2026-09-20,Sunshine Coast,R5 1200m CL1,5,262586148,100720983,8,Shahar,3,0,15.22,1,3.42
2026-09-20,Sunshine Coast,R5 1200m CL1,5,262586148,102901388,1,Dont Doubt Missy,1,0,3.2,1,1.43
2026-09-20,Sunshine Coast,R6 1000m Hcap,6,262586152,35909493,4,Indefensible,5,0,22.0,0,3.8
2026-09-20,Sunshine Coast,R6 1000m Hcap,6,262586152,75119132,2,Contildas Love,3,0,17.5,0,2.86
2026-09-20,Sunshine Coast,R6 1000m Hcap,6,262586152,85016831,3,Gambler,1,1,4.9,1,1.37
2026-09-20,Sunshine Coast,R6 1000m Hcap,6,262586152,90181282,6,Cabaletto,2,0,18.5,1,2.97
2026-09-20,Sunshine Coast,R6 1000m Hcap,6,262586152,102901393,1,Jimmys Brother,4,0,1.81,1,1.18
2026-09-20,Sunshine Coast,R7 1400m Hcap,7,262586156,693627,1,Italian Riviera,5,0,26.0,0,6.4
2026-09-20,Sunshine Coast,R7 1400m Hcap,7,262586156,1501518,9,Smoke On The Water,4,1,3.25,1,1.85
2026-09-20,Sunshine Coast,R7 1400m Hcap,7,262586156,49807173,2,Dontcha Think,3,0,12.09,1,3.36
2026-09-20,Sunshine Coast,R7 1400m Hcap,7,262586156,65460108,4,Seneschal,1,0,11.0,0,2.96
2026-09-20,Sunshine Coast,R7 1400m Hcap,7,262586156,88069388,8,Holy Flash,2,0,9.13,0,2.78
2026-09-20,Sunshine Coast,R8 1200m CL1,8,262586160,779073,3,Keep It Real,2,0,1.97,1,1.26
2026-09-20,Sunshine Coast,R8 1200m CL1,8,262586160,4587578,9,Busker,4,0,17.55,0,3.43
2026-09-20,Sunshine Coast,R8 1200m CL1,8,262586160,80362939,4,Mishani Prince,3,1,24.0,1,5.4
2026-09-20,Sunshine Coast,R8 1200m CL1,8,262586160,87454908,2,Godtfred Kirk,1,0,6.0,1,1.83
2026-09-20,Sunshine Coast,R8 1200m CL1,8,262586160,102402832,10,Rumble Town,5,0,14.0,0,2.95
2026-09-21,Grafton,R1 1720m Mdn,1,262624134,2924270,1,Armoury,5,0,31.17,0,10.2
2026-09-21,Grafton,R1 1720m Mdn,1,262624134,61861439,6,Turpins Torment,2,0,3.33,0,1.83
2026-09-21,Grafton,R1 1720m Mdn,1,262624134,81263354,2,Brass Band,1,1,3.09,1,1.83
2026-09-21,Grafton,R1 1720m Mdn,1,262624134,82788203,5,Savanna Golden Boy,3,0,20.49,0,5.31
2026-09-21,Grafton,R1 1720m Mdn,1,262624134,88420238,3,Fabulous Fiano,4,0,4.75,0,2.28
2026-09-21,Grafton,R2 1015m Mdn,2,262624137,2836835,8,Exit Strategy,3,0,15.99,0,4.09
2026-09-21,Grafton,R2 1015m Mdn,2,262624137,86099446,1,Arabian Legacy,5,0,280.0,0,40.0
2026-09-21,Grafton,R2 1015m Mdn,2,262624137,87495496,7,Dellucy,2,0,54.15,0,6.2
2026-09-21,Grafton,R2 1015m Mdn,2,262624137,102900954,6,Universal Energy,4,0,4.1,0,1.86
2026-09-21,Grafton,R2 1015m Mdn,2,262624137,102900955,9,Brief Authority,1,1,2.7,1,1.28
2026-09-21,Grafton,R3 1190m Mdn,3,262624140,86854668,8,Deep Affection,2,0,10.61,0,3.25
2026-09-21,Grafton,R3 1190m Mdn,3,262624140,101384789,1,Rum And Kirk,1,0,3.76,0,1.54
2026-09-21,Grafton,R3 1190m Mdn,3,262624140,102900965,3,Interactive,4,0,11.78,0,2.97
2026-09-21,Grafton,R3 1190m Mdn,3,262624140,102900971,12,Jennibelle,3,0,9.52,1,2.39
2026-09-21,Grafton,R3 1190m Mdn,3,262624140,102900974,15,Qui Rouge,5,0,5.5,0,2.08
2026-09-21,Grafton,R4 1190m Hcap,4,262624143,16708481,8,Fun Sponge,3,0,25.28,0,4.7
2026-09-21,Grafton,R4 1190m Hcap,4,262624143,65519869,7,The Lupercal,4,0,8.4,1,2.36
2026-09-21,Grafton,R4 1190m Hcap,4,262624143,65977951,5,Custo,1,1,3.32,1,1.41
2026-09-21,Grafton,R4 1190m Hcap,4,262624143,84982050,6,Humphree Bear,5,0,6.07,0,1.84
2026-09-21,Grafton,R4 1190m Hcap,4,262624143,86620094,4,Battle Of Vienna,2,0,3.98,1,1.56
2026-09-21,Grafton,R5 2230m Hcap,5,262624146,55533116,2,Cenotes,1,0,44.0,0,7.4
2026-09-21,Grafton,R5 2230m Hcap,5,262624146,60694967,9,Lord Protector,3,0,2.72,0,1.55
2026-09-21,Grafton,R5 2230m Hcap,5,262624146,76958692,4,Sun Topaze,5,0,39.13,0,5.79
2026-09-21,Grafton,R5 2230m Hcap,5,262624146,93870981,6,Fierce Luva,2,1,4.87,1,1.81
2026-09-21,Grafton,R5 2230m Hcap,5,262624146,96771718,7,Purple Kitty,4,0,9.16,0,3.1
2026-09-21,Grafton,R6 1015m CL2,6,262624149,28516199,3,Wishful Thinker,2,0,9.94,0,2.88
2026-09-21,Grafton,R6 1015m CL2,6,262624149,74338565,4,Amayas Secret,5,0,13.05,0,3.18
2026-09-21,Grafton,R6 1015m CL2,6,262624149,85813772,7,Hayleys Rocket,3,0,11.15,0,2.88
2026-09-21,Grafton,R6 1015m CL2,6,262624149,98146440,9,Ever So Ready,1,1,2.78,1,1.43
2026-09-21,Grafton,R6 1015m CL2,6,262624149,102900983,12,Monaco Flyer,4,0,10.39,0,2.62
2026-09-21,Grafton,R7 1420m CL1,7,262624152,3912274,1,Referees,1,0,3.15,0,1.54
2026-09-21,Grafton,R7 1420m CL1,7,262624152,81184236,10,Cosmic Coco,5,0,26.47,0,5.41
2026-09-21,Grafton,R7 1420m CL1,7,262624152,91530816,11,Gold Puma,4,0,49.49,1,8.1
2026-09-21,Grafton,R7 1420m CL1,7,262624152,101183197,3,Star Of Winston,3,1,5.27,1,1.92
2026-09-21,Grafton,R7 1420m CL1,7,262624152,102900985,5,Russian Escape,2,0,15.98,0,3.13
2026-09-21,Narromine,R1 1300m Mdn,1,262624155,4389939,12,Silver Dream,2,0,2.26,0,1.35
2026-09-21,Narromine,R1 1300m Mdn,1,262624155,9473273,3,Quaint,5,0,4.7,0,2.07
2026-09-21,Narromine,R1 1300m Mdn,1,262624155,97211255,11,Kneel Down,3,0,11.0,1,2.67
2026-09-21,Narromine,R1 1300m Mdn,1,262624155,102901084,6,Meldirer,4,0,12.5,1,2.86
2026-09-21,Narromine,R1 1300m Mdn,1,262624155,102901086,8,Cooly Rocks,1,1,18.5,1,3.35
2026-09-21,Narromine,R2 1600m CL1,2,262624158,7814255,7,Aphelion,3,0,15.5,0,4.35
2026-09-21,Narromine,R2 1600m CL1,2,262624158,75758074,4,Broadcast Boogie,1,0,12.34,0,3.16
2026-09-21,Narromine,R2 1600m CL1,2,262624158,84943157,1,Bawnaglen,2,0,67.66,0,15.5
2026-09-21,Narromine,R2 1600m CL1,2,262624158,97211251,3,Snow Dog,4,1,3.15,1,1.53
2026-09-21,Narromine,R2 1600m CL1,2,262624158,102901093,13,King Kramer,5,0,34.0,0,8.01
2026-09-21,Narromine,R3 1100m Mdn,3,262624161,4268624,4,The Beast,1,0,3.65,1,1.59
2026-09-21,Narromine,R3 1100m Mdn,3,262624161,6474200,12,Velvet Sky,5,0,10.0,0,2.74
2026-09-21,Narromine,R3 1100m Mdn,3,262624161,102901095,3,Sutton Storm,2,1,3.9,1,1.68
2026-09-21,Narromine,R3 1100m Mdn,3,262624161,102901099,13,Finance Work,4,0,17.89,0,3.33
2026-09-21,Narromine,R3 1100m Mdn,3,262624161,102901100,14,French Riviera,3,0,17.5,0,4.1
2026-09-21,Narromine,R4 1600m Hcap,4,262624164,3409256,6,Aoife,4,1,11.81,1,3.94
2026-09-21,Narromine,R4 1600m Hcap,4,262624164,78046370,5,Mrs Bull,2,0,6.07,1,1.9
2026-09-21,Narromine,R4 1600m Hcap,4,262624164,82414405,2,Proclivity,1,0,6.08,0,1.98
2026-09-21,Narromine,R4 1600m Hcap,4,262624164,85017472,7,Casterly Rock,5,0,38.0,0,7.2
2026-09-21,Narromine,R4 1600m Hcap,4,262624164,102901103,13,Proper Twelve,3,0,4.6,1,2.22
2026-09-21,Narromine,R5 1100m Hcap,5,262624167,6897715,3,Nor Nor West,3,1,3.3,1,1.52
2026-09-21,Narromine,R5 1100m Hcap,5,262624167,46494867,10,Dupenny,2,0,39.95,0,8.6
2026-09-21,Narromine,R5 1100m Hcap,5,262624167,54704561,2,Divine Sinner,1,0,13.01,0,3.81
2026-09-21,Narromine,R5 1100m Hcap,5,262624167,68673905,13,Adviser,4,0,19.0,0,4.58
2026-09-21,Narromine,R5 1100m Hcap,5,262624167,102901105,4,Talakai,5,0,5.24,1,2.4
2026-09-21,Narromine,R6 1300m Hcap,6,262624170,36409643,4,Feirme Prince,4,0,42.8,0,8.4
2026-09-21,Narromine,R6 1300m Hcap,6,262624170,55818463,8,Chestime,2,0,3.07,1,1.58
2026-09-21,Narromine,R6 1300m Hcap,6,262624170,74853297,6,Wanda River,1,0,7.4,0,2.38
2026-09-21,Narromine,R6 1300m Hcap,6,262624170,78083534,13,Lang Park,3,0,13.65,0,4.41
2026-09-21,Narromine,R6 1300m Hcap,6,262624170,87206165,1,Glowing Rapids,5,0,13.5,0,4.4
2026-09-21,Narromine,R7 1200m CL1,7,262624173,86654535,2,The Contractor,5,0,25.78,0,6.02
2026-09-21,Narromine,R7 1200m CL1,7,262624173,92537244,7,Mega Pixel,2,1,29.72,1,5.66
2026-09-21,Narromine,R7 1200m CL1,7,262624173,102901112,8,Quasimoto,4,0,18.5,1,4.23
2026-09-21,Narromine,R7 1200m CL1,7,262624173,102901113,10,Inyun,1,0,5.96,0,2.58
2026-09-21,Narromine,R7 1200m CL1,7,262624173,102901116,13,Archaic Force,3,0,16.0,1,4.03
2026-09-21,Warrnambool,R1 2000m Mdn,1,262624298,28498468,8,Massalia,5,0,16.58,0,3.55
2026-09-21,Warrnambool,R1 2000m Mdn,1,262624298,65051850,2,Cold Train,3,0,31.96,0,5.7
2026-09-21,Warrnambool,R1 2000m Mdn,1,262624298,102098279,10,King Snitz,1,1,1.85,1,1.17
2026-09-21,Warrnambool,R1 2000m Mdn,1,262624298,102933621,3,Halemo,2,0,8.13,0,2.14
2026-09-21,Warrnambool,R1 2000m Mdn,1,262624298,102933622,11,Winter Arc,4,0,14.0,0,3.22
2026-09-21,Warrnambool,R2 1400m 3yo,2,262624305,102933623,1,Bow And Ammo,3,0,6.59,1,2.03
2026-09-21,Warrnambool,R2 1400m 3yo,2,262624305,102933626,5,Mellavac,2,0,26.0,0,4.12
2026-09-21,Warrnambool,R2 1400m 3yo,2,262624305,102933628,7,Mossquillo,4,0,47.27,0,7.0
2026-09-21,Warrnambool,R2 1400m 3yo,2,262624305,102933629,8,Prime Pattern,1,1,2.21,1,1.22
2026-09-21,Warrnambool,R2 1400m 3yo,2,262624305,102933630,9,Endless Fury,5,0,40.42,0,6.78
2026-09-21,Warrnambool,R3 1200m Mdn,3,262624312,691435,7,Grifter,1,1,2.9,1,1.23
2026-09-21,Warrnambool,R3 1200m Mdn,3,262624312,89392612,1,Big Vee,2,0,2.81,1,1.16
2026-09-21,Warrnambool,R3 1200m Mdn,3,262624312,102933632,4,Prince Iadora,3,0,15.5,0,2.84
2026-09-21,Warrnambool,R3 1200m Mdn,3,262624312,102933633,6,Tikiela,5,0,60.0,1,7.0
2026-09-21,Warrnambool,R3 1200m Mdn,3,262624312,102933634,8,Blue Catchu,4,0,4.99,0,1.45
2026-09-21,Warrnambool,R4 1200m Hcap,4,262624319,218773,8,Flying Fury,2,0,3.85,1,1.31
2026-09-21,Warrnambool,R4 1200m Hcap,4,262624319,76753767,2,Its A Yes,1,0,2.22,1,1.15
2026-09-21,Warrnambool,,4,262624319,90485491,3,Buzitup,5,,,,
2026-09-21,Warrnambool,R4 1200m Hcap,4,262624319,102933635,4,Grassmere Jewel,4,0,311.68,0,35.72
2026-09-21,Warrnambool,R4 1200m Hcap,4,262624319,102933636,5,Chantra,3,0,17.31,0,2.42
2026-09-21,Warrnambool,R5 1000m Mdn,5,262624326,7728514,7,Getaway,1,0,3.39,0,1.45
2026-09-21,Warrnambool,R5 1000m Mdn,5,262624326,85541243,10,Upinthecity,5,1,66.73,1,9.07
2026-09-21,Warrnambool,R5 1000m Mdn,5,262624326,95620627,9,Rebel Jen,4,0,23.0,0,4.33
2026-09-21,Warrnambool,R5 1000m Mdn,5,262624326,102933639,6,Russian Into It,2,0,7.8,0,2.11
2026-09-21,Warrnambool,R5 1000m Mdn,5,262624326,102933641,11,Villa Grande,3,0,2.7,1,1.4
2026-09-21,Warrnambool,R6 1000m Hcap,6,262624333,42010583,3,Bifrost,1,0,5.52,1,1.93
2026-09-21,Warrnambool,R6 1000m Hcap,6,262624333,95022671,5,Lonstar,2,0,9.7,0,2.89
2026-09-21,Warrnambool,R6 1000m Hcap,6,262624333,102441234,2,Ziggy Bama,5,1,3.38,1,1.51
2026-09-21,Warrnambool,R6 1000m Hcap,6,262624333,102933642,1,Nicereine,4,0,9.4,0,3.07
2026-09-21,Warrnambool,R6 1000m Hcap,6,262624333,102933643,6,Becauseyoure Mine,3,0,10.5,0,3.0
2026-09-21,Warrnambool,R7 1400m Hcap,7,262624340,6231843,7,Imminent Storm,5,0,19.99,1,3.66
2026-09-21,Warrnambool,R7 1400m Hcap,7,262624340,78976647,3,Heed The Omens,1,0,13.0,0,3.1
2026-09-21,Warrnambool,R7 1400m Hcap,7,262624340,90485484,2,Magnetic Chess,2,0,2.34,0,1.29
2026-09-21,Warrnambool,R7 1400m Hcap,7,262624340,96182158,13,Torn,4,0,15.37,0,3.3
2026-09-21,Warrnambool,R7 1400m Hcap,7,262624340,102933644,4,Captain Redbeard,3,1,4.38,1,1.65
2026-09-21,Warrnambool,R8 1700m Hcap,8,262624347,2060038,3,Kingsford,3,0,10.82,0,3.23
2026-09-21,Warrnambool,R8 1700m Hcap,8,262624347,92504163,12,Princess Sakiko,4,0,19.09,0,4.51
2026-09-21,Warrnambool,R8 1700m Hcap,8,262624347,95022696,7,Sakakibara,5,0,55.33,0,12.83
2026-09-21,Warrnambool,R8 1700m Hcap,8,262624347,102933646,4,Both Sides Now,2,0,6.8,0,2.54
2026-09-21,Warrnambool,R8 1700m Hcap,8,262624347,102933647,8,Sephia,1,0,4.59,0,1.95
2026-09-22,Emerald,R1 1000m Mdn,1,262627765,77688820,12,Saint Anns,5,1,2.36,1,1.28
2026-09-22,Emerald,R1 1000m Mdn,1,262627765,89623713,6,Eminen,2,0,8.2,1,2.18
2026-09-22,Emerald,R1 1000m Mdn,1,262627765,94447754,9,Early Edition,4,0,31.42,0,4.83
2026-09-22,Emerald,R1 1000m Mdn,1,262627765,102933194,5,Graphien,3,0,24.46,0,4.4
2026-09-22,Emerald,R1 1000m Mdn,1,262627765,102933196,11,Loquito,1,0,9.2,0,2.32
2026-09-22,Emerald,R2 1630m Hcap,2,262627769,2570357,5,Nitrogen,4,0,9.33,0,3.5
2026-09-22,Emerald,R2 1630m Hcap,2,262627769,49116967,2,Final Comment,1,0,16.3,1,5.2
2026-09-22,Emerald,R2 1630m Hcap,2,262627769,65229722,9,Panda Drum,2,1,6.4,1,2.56
2026-09-22,Emerald,R2 1630m Hcap,2,262627769,81848835,7,Masali Raffa,5,0,26.0,0,9.2
2026-09-22,Emerald,R2 1630m Hcap,2,262627769,89623721,1,Pride Of Savabella,3,0,1.84,0,1.32
2026-09-22,Emerald,R3 1280m Hcap,3,262627773,12357003,6,Out Of Aces,2,0,12.6,1,2.78
2026-09-22,Emerald,R3 1280m Hcap,3,262627773,44209512,3,Lonergy,4,0,8.6,1,2.03
2026-09-22,Emerald,R3 1280m Hcap,3,262627773,73482523,4,Lunar Eight,3,0,3.15,0,1.43
2026-09-22,Emerald,R3 1280m Hcap,3,262627773,99656670,7,Ozzie Invader,5,0,50.0,0,8.4
2026-09-22,Emerald,R3 1280m Hcap,3,262627773,102933197,8,Eastcoast Hussler,1,0,12.0,0,2.88
2026-09-22,Emerald,R4 1200m CL6,4,262627778,39388100,1,Bayerische,5,0,20.21,0,3.58
2026-09-22,Emerald,R4 1200m CL6,4,262627778,74079017,5,Woodstock Rock,4,1,4.41,1,1.52
2026-09-22,Emerald,R4 1200m CL6,4,262627778,81848734,9,Ichiberu,2,0,28.66,0,6.2
2026-09-22,Emerald,R4 1200m CL6,4,262627778,101639499,8,Astapor,1,0,4.5,0,1.73
2026-09-22,Emerald,R4 1200m CL6,4,262627778,102933199,10,Ellibaby,3,0,4.49,1,1.58
2026-09-22,Emerald,R5 1200m CL1,5,262627782,710194,6,Take Three,4,0,32.0,1,5.0
2026-09-22,Emerald,R5 1200m CL1,5,262627782,77613850,3,Brutal Lass,3,0,8.0,0,2.19
2026-09-22,Emerald,R5 1200m CL1,5,262627782,82670623,5,Heroic Talent,5,0,12.0,1,2.29
2026-09-22,Emerald,R5 1200m CL1,5,262627782,102333002,2,Hooroo,2,1,1.87,1,1.19
2026-09-22,Emerald,R5 1200m CL1,5,262627782,102933203,13,Boom Crusher,1,0,32.0,0,4.26
2026-09-22,Emerald,R6 1000m Hcap,6,262627786,3683794,1,Pre Eminence,1,0,12.0,0,2.79
2026-09-22,Emerald,R6 1000m Hcap,6,262627786,48908093,10,Tokyo Sins,2,0,55.0,0,6.95
2026-09-22,Emerald,R6 1000m Hcap,6,262627786,53719994,2,Outback Action,3,0,9.95,0,2.34
2026-09-22,Emerald,R6 1000m Hcap,6,262627786,72443580,9,Sailors Rum,4,0,4.4,0,1.56
2026-09-22,Emerald,R6 1000m Hcap,6,262627786,90287121,3,Sunnycoast,5,0,3.05,1,1.5
2026-09-22,Emerald,R7 1000m Hcap,7,262627790,1418615,1,High Security,1,0,55.0,0,11.5
2026-09-22,Emerald,R7 1000m Hcap,7,262627790,78464511,5,Gunboat,3,0,36.68,0,9.0
2026-09-22,Emerald,R7 1000m Hcap,7,262627790,102933204,2,Twoexcel,5,0,10.98,1,3.68
2026-09-22,Emerald,R7 1000m Hcap,7,262627790,102933205,3,Im Stellar,4,0,8.44,0,2.41
2026-09-22,Emerald,R7 1000m Hcap,7,262627790,102933209,11,Anthropology,2,0,3.65,1,1.6
2026-09-22,Leeton,R1 1900m CL1,1,262627990,90009336,2,Lord Chapel,5,0,336.66,0,33.24
2026-09-22,Leeton,R1 1900m CL1,1,262627990,96800243,6,Titans Soul,3,0,6.23,0,1.76
2026-09-22,Leeton,R1 1900m CL1,1,262627990,100957662,8,Misil Beauty,4,0,18.0,0,3.05
2026-09-22,Leeton,R1 1900m CL1,1,262627990,102366013,3,Cool As Popeye,2,1,3.62,1,1.47
2026-09-22,Leeton,R1 1900m CL1,1,262627990,102667753,1,King Kauffo,1,0,2.74,1,1.22
2026-09-22,Leeton,R2 1050m Mdn,2,262627993,3186933,1,The Major,5,0,6.4,0,3.02
2026-09-22,Leeton,R2 1050m Mdn,2,262627993,101639207,10,Shes Xee,2,0,14.0,0,3.3
2026-09-22,Leeton,R2 1050m Mdn,2,262627993,102933006,2,Alice Alice,1,1,6.0,1,2.07
2026-09-22,Leeton,R2 1050m Mdn,2,262627993,102933009,6,Flo Jo The Eskimo,3,0,5.96,1,1.91
2026-09-22,Leeton,R2 1050m Mdn,2,262627993,102933009,6,Flo Jo The Eskimo,4,0,5.96,1,1.91
2026-09-22,Leeton,R3 1150m Mdn,3,262627996,72443474,7,Lull Us Away,3,0,5.68,1,1.81
2026-09-22,Leeton,R3 1150m Mdn,3,262627996,84399500,9,Tassy Fox,2,0,5.87,0,1.85
2026-09-22,Leeton,R3 1150m Mdn,3,262627996,87205368,5,Flying Betty,5,0,19.26,1,3.75
2026-09-22,Leeton,R3 1150m Mdn,3,262627996,96965821,4,Mighty Mozzie,4,0,190.69,0,29.6
2026-09-22,Leeton,R3 1150m Mdn,3,262627996,102402735,6,Frosted Amber,1,0,2.86,0,1.44
2026-09-22,Leeton,R4 1600m Hcap,4,262627999,1058269,2,Sundrop,1,0,10.36,0,3.25
2026-09-22,Leeton,R4 1600m Hcap,4,262627999,66032859,8,Bold Tyrant,2,0,72.28,0,15.82
2026-09-22,Leeton,R4 1600m Hcap,4,262627999,66580373,7,Special Prophet,5,0,6.0,1,3.1
2026-09-22,Leeton,R4 1600m Hcap,4,262627999,80971941,5,Take The Chance,3,1,2.95,1,1.71
2026-09-22,Leeton,R4 1600m Hcap,4,262627999,102933016,6,Tsarina Diamonds,4,0,16.5,0,5.3
2026-09-22,Leeton,R5 1150m Hcap,5,262628002,1409149,1,Big Day Out,2,0,13.57,0,5.4
2026-09-22,Leeton,R5 1150m Hcap,5,262628002,38534869,2,Zethus,1,0,5.84,1,3.15
2026-09-22,Leeton,R5 1150m Hcap,5,262628002,61630843,5,Metallic Ruler,5,0,15.51,0,5.24
2026-09-22,Leeton,R5 1150m Hcap,5,262628002,66825996,6,Pretty Penguin,4,1,3.16,1,1.76
2026-09-22,Leeton,R5 1150m Hcap,5,262628002,75758916,7,Struggle Street,3,0,7.74,0,4.1
2026-09-22,Leeton,R6 1150m CL2,6,262628005,2578351,2,Party Boss,1,1,2.0,1,1.17
2026-09-22,Leeton,R6 1150m CL2,6,262628005,81848416,8,Artist,5,0,270.0,0,23.93
2026-09-22,Leeton,R6 1150m CL2,6,262628005,89348495,1,Cashbook,3,0,12.99,0,2.5
2026-09-22,Leeton,R6 1150m CL2,6,262628005,101883163,4,Royal Rhino,4,0,8.88,0,2.46
2026-09-22,Leeton,R6 1150m CL2,6,262628005,102933017,3,Melodee Rose,2,0,4.16,0,1.39
2026-09-22,Leeton,R7 1050m Hcap,7,262628008,38698021,5,Swift Hit,2,0,9.0,0,2.82
2026-09-22,Leeton,R7 1050m Hcap,7,262628008,41332011,9,Martha Lavinia,5,0,245.83,0,75.0
2026-09-22,Leeton,R7 1050m Hcap,7,262628008,59146454,11,Vainstream,3,0,7.19,1,2.06
2026-09-22,Leeton,R7 1050m Hcap,7,262628008,83940752,7,Lightning Lizard,4,0,22.61,0,4.92
2026-09-22,Leeton,R7 1050m Hcap,7,262628008,102933019,1,Postwar,1,0,2.7,0,1.37
2026-09-22,Swan Hill,R1 1600m Mdn,1,262627910,3423689,1,Alarming,3,0,153.29,0,15.5
2026-09-22,Swan Hill,R1 1600m Mdn,1,262627910,100957363,4,My Alpha Sonic,5,0,32.0,0,4.35
2026-09-22,Swan Hill,R1 1600m Mdn,1,262627910,101418952,3,King Fleance,4,0,5.04,1,1.42
2026-09-22,Swan Hill,R1 1600m Mdn,1,262627910,102403332,7,Windhowler,2,0,3.98,1,1.38
2026-09-22,Swan Hill,R1 1600m Mdn,1,262627910,102933688,10,Oceans Fouroseven,1,1,2.34,1,1.21
2026-09-22,Swan Hill,R2 1200m Mdn,2,262627918,276842,7,Green To Gold,3,0,21.11,0,3.82
2026-09-22,Swan Hill,R2 1200m Mdn,2,262627918,5228379,2,Desert Oak,4,0,27.22,0,4.8
2026-09-22,Swan Hill,R2 1200m Mdn,2,262627918,101553783,10,Silent Devotion,1,0,2.34,0,1.19
2026-09-22,Swan Hill,R2 1200m Mdn,2,262627918,102933689,1,Count Chevalier,5,0,13.37,1,3.0
2026-09-22,Swan Hill,R2 1200m Mdn,2,262627918,102933690,3,Do The Dirty,2,0,14.0,1,2.5
2026-09-22,Swan Hill,R3 1200m Mdn,3,262627927,92161694,11,Platinum Rush,2,0,13.0,1,1.94
2026-09-22,Swan Hill,R3 1200m Mdn,3,262627927,93871572,5,So Star,1,1,1.35,1,1.07
2026-09-22,Swan Hill,R3 1200m Mdn,3,262627927,102403338,1,Boss Bundle,4,0,18.0,0,2.24
2026-09-22,Swan Hill,R3 1200m Mdn,3,262627927,102933694,3,Invisible Caravan,5,0,48.84,0,4.7
2026-09-22,Swan Hill,R3 1200m Mdn,3,262627927,102933695,6,Ted Percy,3,0,65.72,1,5.8
2026-09-22,Swan Hill,R4 975m Hcap,4,262627934,47016680,5,Epic Centre,2,0,7.3,0,2.24
2026-09-22,Swan Hill,R4 975m Hcap,4,262627934,69323069,8,Simply Luscious,5,0,22.0,0,4.72
2026-09-22,Swan Hill,R4 975m Hcap,4,262627934,83080269,3,Up The Front,1,0,4.82,1,1.57
2026-09-22,Swan Hill,R4 975m Hcap,4,262627934,86099800,7,Reward The Sheriff,4,0,7.58,0,2.36
2026-09-22,Swan Hill,R4 975m Hcap,4,262627934,89435990,1,Monix,3,1,4.56,1,1.7
2026-09-22,Swan Hill,R5 975m Mdn,5,262627941,587324,11,Assisi,1,0,9.8,0,2.62
2026-09-22,Swan Hill,R5 975m Mdn,5,262627941,98995233,7,Chasing Atlantis,5,0,11.06,0,3.03
2026-09-22,Swan Hill,R5 975m Mdn,5,262627941,102098268,12,Explosive Magic,4,0,3.15,1,1.4
2026-09-22,Swan Hill,R5 975m Mdn,5,262627941,102933703,3,Maynard,2,0,7.0,0,2.32
2026-09-22,Swan Hill,R5 975m Mdn,5,262627941,102933707,9,Mcphillips,3,1,3.92,1,1.71
2026-09-22,Swan Hill,R6 2400m Hcap,6,262627948,52466997,6,Highland Glory,4,0,13.5,0,2.91
2026-09-22,Swan Hill,R6 2400m Hcap,6,262627948,56127217,7,Verifier,1,0,4.48,1,1.64
2026-09-22,Swan Hill,R6 2400m Hcap,6,262627948,79330914,4,Fonn Power,2,0,3.27,0,1.51
2026-09-22,Swan Hill,R6 2400m Hcap,6,262627948,82278038,5,Dandruff,5,1,9.99,1,2.99
2026-09-22,Swan Hill,R6 2400m Hcap,6,262627948,102933708,2,Compressing,3,0,7.82,0,2.44
2026-09-22,Swan Hill,R7 1600m Hcap,7,262627955,5121397,12,Habitual,3,0,2.34,0,1.4
2026-09-22,Swan Hill,R7 1600m Hcap,7,262627955,9075002,2,Blacklist,1,0,26.0,0,5.3
2026-09-22,Swan Hill,R7 1600m Hcap,7,262627955,49765359,1,Baby Rider,5,0,202.4,0,40.0
2026-09-22,Swan Hill,R7 1600m Hcap,7,262627955,62135509,8,Callistemon,4,0,8.28,0,2.45
2026-09-22,Swan Hill,R7 1600m Hcap,7,262627955,102933711,11,Brazen Warrior,2,0,28.0,0,5.26
2026-09-22,Swan Hill,R8 1300m Hcap,8,262627962,88376582,8,Decanted,1,0,4.3,1,2.04
2026-09-22,Swan Hill,R8 1300m Hcap,8,262627962,93168047,10,Mamuno,4,0,6.4,0,2.2
2026-09-22,Swan Hill,R8 1300m Hcap,8,262627962,93612822,6,Late Harvest,3,0,10.97,0,3.55
2026-09-22,Swan Hill,R8 1300m Hcap,8,262627962,101420329,2,Royal Infantry,2,1,10.5,1,3.25
2026-09-22,Swan Hill,R8 1300m Hcap,8,262627962,102933719,15,Pick A Symphony,5,0,8.85,0,3.0
2026-09-22,Taree,R1 1615m Mdn,1,262627968,831493,2,Dont Tell Harry,5,0,13.47,0,3.0
2026-09-22,Taree,R1 1615m Mdn,1,262627968,91872191,10,Lindas Princess,4,0,6.17,0,1.93
2026-09-22,Taree,R1 1615m Mdn,1,262627968,99206919,9,Fashion Spree,2,1,7.82,1,2.32
2026-09-22,Taree,R1 1615m Mdn,1,262627968,102933440,6,Tasman Deel,1,0,2.27,1,1.27
2026-09-22,Taree,R1 1615m Mdn,1,262627968,102933441,8,Birdy Girl,3,0,18.5,0,3.54
2026-09-22,Taree,R2 1008m Mdn,2,262627971,95620744,5,Rubinsky,1,0,2.89,1,1.2
2026-09-22,Taree,,2,262627971,98996185,1,Harveys Turn,4,,,,
2026-09-22,Taree,R2 1008m Mdn,2,262627971,102933443,3,Dream A Little,5,0,17.0,0,2.58
2026-09-22,Taree,R2 1008m Mdn,2,262627971,102933447,10,Tiggsy,3,0,2.38,1,1.14
2026-09-22,Taree,R2 1008m Mdn,2,262627971,102933450,13,Langlo Crossing,2,1,11.9,1,2.26
2026-09-22,Taree,R3 1008m CL3,3,262627974,63859393,9,Sir Freddie,5,0,116.42,0,14.13
2026-09-22,Taree,R3 1008m CL3,3,262627974,76289873,3,Calido Magic,1,0,4.76,0,1.78
2026-09-22,Taree,R3 1008m CL3,3,262627974,79802974,6,Broken Wings,3,0,8.4,0,2.31
2026-09-22,Taree,R3 1008m CL3,3,262627974,96218949,1,Rich Star,4,0,3.36,1,1.34
2026-09-22,Taree,R3 1008m CL3,3,262627974,102933454,4,Ex Wife,2,0,5.41,1,1.85
2026-09-22,Taree,R4 1313m Mdn,4,262627977,5080390,7,Columbo,1,1,3.65,1,1.51
2026-09-22,Taree,R4 1313m Mdn,4,262627977,5558632,5,Simmering,2,0,9.0,0,3.6
2026-09-22,Taree,R4 1313m Mdn,4,262627977,102933455,3,Rupertano,5,0,8.2,1,3.05
2026-09-22,Taree,R4 1313m Mdn,4,262627977,102933456,6,Talk About Layla,4,0,11.69,0,2.9
2026-09-22,Taree,R4 1313m Mdn,4,262627977,102933462,15,Magatama,3,0,5.26,1,1.75
2026-09-22,Taree,R5 1413m Hcap,5,262627980,65978098,2,Explosive Tycoon,4,0,15.1,1,3.93
2026-09-22,Taree,R5 1413m Hcap,5,262627980,71374941,12,The Young Years,3,0,207.8,0,22.71
2026-09-22,Taree,R5 1413m Hcap,5,262627980,82310322,5,Phoenix Power,5,0,14.5,0,3.24
2026-09-22,Taree,R5 1413m Hcap,5,262627980,95384766,8,Alabama Charm,2,0,2.9,1,1.36
2026-09-22,Taree,R5 1413m Hcap,5,262627980,102933465,1,Prince De Vega,1,0,5.57,0,2.0
2026-09-22,Taree,R6 1615m Hcap,6,262627983,76246611,7,Ready And Lucky,1,0,8.15,0,2.3
2026-09-22,Taree,R6 1615m Hcap,6,262627983,86820555,9,Kurithea,3,0,4.03,1,1.77
2026-09-22,Taree,R6 1615m Hcap,6,262627983,92996568,6,Zou Big Boy,5,1,28.07,1,6.0
2026-09-22,Taree,R6 1615m Hcap,6,262627983,93239485,5,Bellevue,2,0,8.4,0,2.7
2026-09-22,Taree,R6 1615m Hcap,6,262627983,100292602,8,Gemtiki,4,0,5.92,0,2.09
2026-09-22,Taree,R7 1263m CL3,7,262627986,68959276,2,Grassburn,2,0,9.84,0,2.28
2026-09-22,Taree,R7 1263m CL3,7,262627986,72948971,7,Roses Imminente,3,0,7.61,0,2.08
2026-09-22,Taree,R7 1263m CL3,7,262627986,83868195,3,Purple Rose,5,0,6.53,1,2.16
2026-09-22,Taree,R7 1263m CL3,7,262627986,95022368,9,Myalaby,1,0,10.35,0,2.54
2026-09-22,Taree,R7 1263m CL3,7,262627986,102933468,4,Ellofadude,4,1,1.99,1,1.23
2026-09-23,Eagle Farm,R1 1500m 3yo,1,262696789,9092537,6,Until Next Time,5,0,64.21,0,8.0
2026-09-23,Eagle Farm,R1 1500m 3yo,1,262696789,92504370,7,Win Star,1,1,1.3,1,1.15
2026-09-23,Eagle Farm,R1 1500m 3yo,1,262696789,96721534,5,Anders Dream,4,0,81.73,0,11.0
2026-09-23,Eagle Farm,R1 1500m 3yo,1,262696789,103057359,3,Great Times Ahead,2,0,7.4,1,1.65
2026-09-23,Eagle Farm,R1 1500m 3yo,1,262696789,103057360,4,Wurzburg,3,0,23.25,0,3.9
2026-09-23,Eagle Farm,R2 1800m Mdn,2,262696798,3616578,8,Whiskey Warrior,4,0,5.6,0,1.88
2026-09-23,Eagle Farm,R2 1800m Mdn,2,262696798,64721261,1,Blood Red,5,0,85.0,0,11.0
2026-09-23,Eagle Farm,R2 1800m Mdn,2,262696798,86389051,4,Kalamia King,2,0,19.0,1,4.19
2026-09-23,Eagle Farm,R2 1800m Mdn,2,262696798,99769730,5,Kowloon Magnate,1,1,5.6,1,1.83
2026-09-23,Eagle Farm,R2 1800m Mdn,2,262696798,100519724,11,Maremoto,3,0,2.71,1,1.4
2026-09-23,Eagle Farm,R3 1200m Hcap,3,262696807,4544288,1,Breezin,3,0,8.6,0,1.97
2026-09-23,Eagle Farm,R3 1200m Hcap,3,262696807,101781621,2,Ready For Aimee,1,0,3.5,0,1.36
2026-09-23,Eagle Farm,R3 1200m Hcap,3,262696807,103057365,5,Exuberance,2,0,6.55,1,1.68
2026-09-23,Eagle Farm,R3 1200m Hcap,3,262696807,103057366,7,Pearls In June,4,0,3.35,1,1.46
2026-09-23,Eagle Farm,R3 1200m Hcap,3,262696807,103057366,7,Pearls In June,5,0,3.35,1,1.46
2026-09-23,Eagle Farm,R4 1000m Mdn,4,262696816,87205999,1,Disparate,4,0,11.5,0,3.1
2026-09-23,Eagle Farm,R4 1000m Mdn,4,262696816,91485576,8,Buttercup,1,0,6.89,1,2.22
2026-09-23,Eagle Farm,R4 1000m Mdn,4,262696816,103057368,4,Speedy Crown,5,0,5.56,0,1.86
2026-09-23,Eagle Farm,R4 1000m Mdn,4,262696816,103057371,10,Final Crusade,2,1,4.0,1,1.59
2026-09-23,Eagle Farm,R4 1000m Mdn,4,262696816,103057372,11,Hell Or Heaven,3,0,4.9,1,1.66
2026-09-23,Eagle Farm,R5 1800m Hcap,5,262696825,64546202,5,Boondocks,2,0,10.5,0,3.05
2026-09-23,Eagle Farm,R5 1800m Hcap,5,262696825,67077054,4,Becamo,5,1,10.0,1,2.99
2026-09-23,Eagle Farm,R5 1800m Hcap,5,262696825,74039701,6,Hot Majesty,1,0,4.4,0,1.56
2026-09-23,Eagle Farm,R5 1800m Hcap,5,262696825,86432295,3,Moonshine Run,4,0,10.5,0,2.66
2026-09-23,Eagle Farm,R5 1800m Hcap,5,262696825,87454415,1,Deep Focus,3,0,18.5,0,4.6
2026-09-23,Eagle Farm,R6 1200m Hcap,6,262696834,993763,1,Bat Out Of Hell,1,1,4.2,1,1.75
2026-09-23,Eagle Farm,R6 1200m Hcap,6,262696834,3163566,6,Meet George,4,0,7.54,0,2.28
2026-09-23,Eagle Farm,R6 1200m Hcap,6,262696834,25684511,7,Dyami,3,0,10.24,1,2.77
2026-09-23,Eagle Farm,R6 1200m Hcap,6,262696834,76573232,5,Fireforce,5,0,7.18,0,2.2
2026-09-23,Eagle Farm,R6 1200m Hcap,6,262696834,96116305,10,Quickzou,2,0,4.89,1,2.12
2026-09-23,Eagle Farm,R7 1400m CL1,7,262696843,2467527,3,Gaultier,2,0,7.0,1,2.57
2026-09-23,Eagle Farm,R7 1400m CL1,7,262696843,78535197,9,Maquisa,1,0,5.95,1,2.06
2026-09-23,Eagle Farm,R7 1400m CL1,7,262696843,94376231,8,Capital Chord,3,0,18.5,0,5.0
2026-09-23,Eagle Farm,R7 1400m CL1,7,262696843,94688604,12,Swanfels,4,0,6.26,0,2.19
2026-09-23,Eagle Farm,R7 1400m CL1,7,262696843,101848345,1,Elnajeeb,5,0,7.61,0,3.31
2026-09-23,Gawler,R1 1500m Mdn,1,262694212,4355379,8,Fiery Moon,5,0,1000.0,0,140.0
2026-09-23,Gawler,R1 1500m Mdn,1,262694212,82344113,2,Elrond,2,0,44.0,0,6.05
2026-09-23,Gawler,R1 1500m Mdn,1,262694212,94098915,7,Snobbery,3,0,24.6,0,5.27
2026-09-23,Gawler,R1 1500m Mdn,1,262694212,95343657,3,Lunar Vista,4,1,2.37,1,1.3
2026-09-23,Gawler,R1 1500m Mdn,1,262694212,102366088,12,Fartoo Frisky,1,0,3.88,1,1.6
2026-09-23,Gawler,R2 1100m Mdn,2,262694221,102560779,7,Secret Owl,3,0,43.95,0,6.07
2026-09-23,Gawler,R2 1100m Mdn,2,262694221,103057328,1,Dashing Red Star,5,0,17.59,1,3.41
2026-09-23,Gawler,R2 1100m Mdn,2,262694221,103057329,2,Never Pegasus,1,0,3.61,0,1.53
2026-09-23,Gawler,,2,262694221,103057331,4,Danceable,4,,,,
2026-09-23,Gawler,R2 1100m Mdn,2,262694221,103057332,5,Kayla Kruzen,2,1,8.9,1,2.25
2026-09-23,Gawler,R3 2100m CL1,3,262694230,87676706,6,Extra Chill,2,0,3.28,0,1.29
2026-09-23,Gawler,R3 2100m CL1,3,262694230,94226194,7,Lafont,1,1,4.8,1,1.77
2026-09-23,Gawler,R3 2100m CL1,3,262694230,94780217,9,Triora,5,0,60.0,0,9.8
2026-09-23,Gawler,R3 2100m CL1,3,262694230,101553682,1,Didactic,3,0,20.35,1,5.5
2026-09-23,Gawler,R3 2100m CL1,3,262694230,101780270,2,Empirestateofmind,4,0,10.9,0,3.15
2026-09-23,Gawler,R4 1500m Hcap,4,262694239,66033006,7,Magic Island,2,0,9.82,0,2.96
2026-09-23,Gawler,R4 1500m Hcap,4,262694239,102633372,3,Affaire Vue,1,1,3.98,1,1.86
2026-09-23,Gawler,R4 1500m Hcap,4,262694239,103057342,1,Shes Ternacious,5,0,15.0,0,3.87
2026-09-23,Gawler,R4 1500m Hcap,4,262694239,103057343,2,Spangled Sipper,3,0,6.13,0,2.04
2026-09-23,Gawler,R4 1500m Hcap,4,262694239,103057344,5,Kalosyni,4,0,7.6,1,2.86
2026-09-23,Gawler,R5 1100m Hcap,5,262694248,8094666,7,Rob The Bank,3,0,17.0,0,4.7
2026-09-23,Gawler,R5 1100m Hcap,5,262694248,52900241,11,One Kind,2,0,137.32,1,27.6
2026-09-23,Gawler,R5 1100m Hcap,5,262694248,64493810,2,Magic Field,5,0,14.5,0,3.75
2026-09-23,Gawler,R5 1100m Hcap,5,262694248,77385664,1,Dampen,4,1,5.0,1,1.91
2026-09-23,Gawler,R5 1100m Hcap,5,262694248,103057346,8,Whoops A Daisy,1,0,6.4,1,2.23
2026-09-23,Gawler,R6 1200m CL1,6,262694257,92161679,13,Miss Kasei,5,0,11.5,0,3.8
2026-09-23,Gawler,R6 1200m CL1,6,262694257,98959777,3,Ilustrious Warrior,2,0,4.45,0,1.81
2026-09-23,Gawler,R6 1200m CL1,6,262694257,103057348,2,Silvaloa,3,1,13.5,1,4.03
2026-09-23,Gawler,R6 1200m CL1,6,262694257,103057350,5,Hells On Fire,4,0,6.2,0,2.2
2026-09-23,Gawler,R6 1200m CL1,6,262694257,103057351,6,Damelli,1,0,10.5,0,3.75
2026-09-23,Gawler,R7 1500m Hcap,7,262694266,1440642,4,Royal Fox,1,0,7.8,0,2.82
2026-09-23,Gawler,R7 1500m Hcap,7,262694266,39307621,1,Star Casino,3,0,14.78,0,4.7
2026-09-23,Gawler,R7 1500m Hcap,7,262694266,39428377,2,Exalted Fire,2,0,8.4,0,2.94
2026-09-23,Gawler,R7 1500m Hcap,7,262694266,56253626,9,Taupo Tiger,5,1,8.67,1,3.27
2026-09-23,Gawler,R7 1500m Hcap,7,262694266,86346888,5,Tour De Moon,4,0,19.5,0,5.43
2026-09-23,Geelong,R1 1125m Mdn,1,262689096,7156832,5,First Act,1,0,9.71,0,1.98
2026-09-23,Geelong,R1 1125m Mdn,1,262689096,103057478,1,Montostratus,5,0,88.71,0,21.8
2026-09-23,Geelong,R1 1125m Mdn,1,262689096,103057480,3,Servenia,2,0,15.19,0,2.7
2026-09-23,Geelong,R1 1125m Mdn,1,262689096,103057481,4,Big Lap,4,0,4.47,1,1.69
2026-09-23,Geelong,R1 1125m Mdn,1,262689096,103057483,7,Avery Anna,3,1,6.78,1,1.75
2026-09-23,Geelong,R2 1525m Mdn,2,262689134,2650216,10,True Rebel,2,1,1.95,1,1.08
2026-09-23,Geelong,R2 1525m Mdn,2,262689134,96967156,9,Rising Nine Top,3,0,50.0,0,3.75
2026-09-23,Geelong,R2 1525m Mdn,2,262689134,103057485,2,Top Rich,4,0,59.17,0,5.7
2026-09-23,Geelong,R2 1525m Mdn,2,262689134,103057486,6,Kissattack,5,0,157.45,0,9.4
2026-09-23,Geelong,R2 1525m Mdn,2,262689134,103057488,8,Meness,1,0,2.32,1,1.09
2026-09-23,Geelong,R3 1425m 3yo,3,262689153,101183823,9,Roebuck Plane,3,0,15.0,1,2.73
2026-09-23,Geelong,R3 1425m 3yo,3,262689153,103057490,2,Delahra,2,0,33.63,0,3.91
2026-09-23,Geelong,R3 1425m 3yo,3,262689153,103057491,3,Fringilla,4,0,3.6,1,1.36
2026-09-23,Geelong,R3 1425m 3yo,3,262689153,103057493,11,Star Je Taime,5,0,20.0,0,3.0
2026-09-23,Geelong,R3 1425m 3yo,3,262689153,103057494,12,Stipulation,1,1,1.86,1,1.18
2026-09-23,Geelong,R4 1325m Mdn,4,262689167,80719146,13,Tanabata,4,0,20.0,0,3.2
2026-09-23,Geelong,R4 1325m Mdn,4,262689167,95879494,6,Sirvaldane,3,0,24.0,0,3.42
2026-09-23,Geelong,R4 1325m Mdn,4,262689167,96219333,2,Discover Lupino,5,1,19.86,1,2.99
2026-09-23,Geelong,R4 1325m Mdn,4,262689167,97417149,5,Silky Seth,2,0,13.4,1,2.64
2026-09-23,Geelong,R4 1325m Mdn,4,262689167,103057497,9,Conquer The World,1,0,2.04,1,1.17
2026-09-23,Geelong,R5 1325m Hcap,5,262689181,2831833,3,Victory Tune,1,0,8.2,1,2.8
2026-09-23,Geelong,R5 1325m Hcap,5,262689181,93536711,2,Cyber Link,4,1,4.3,1,2.2
2026-09-23,Geelong,R5 1325m Hcap,5,262689181,95579003,11,Sumaluv,3,0,16.43,0,4.44
2026-09-23,Geelong,R5 1325m Hcap,5,262689181,95660029,8,Aradeo,5,0,3.75,1,1.6
2026-09-23,Geelong,R5 1325m Hcap,5,262689181,97660812,6,Prestige Ole,2,0,10.0,0,3.21
2026-09-23,Geelong,R6 2440m Hcap,6,262689195,435580,2,Dragoon,2,0,5.0,1,1.79
2026-09-23,Geelong,R6 2440m Hcap,6,262689195,19278893,1,Dictionary,1,0,21.0,0,3.9
2026-09-23,Geelong,R6 2440m Hcap,6,262689195,82344527,7,Chihuly,4,0,6.6,0,1.95
2026-09-23,Geelong,R6 2440m Hcap,6,262689195,92460194,4,Black Peppermint,5,0,7.04,1,2.16
2026-09-23,Geelong,R6 2440m Hcap,6,262689195,103057505,6,Autumnheat,3,1,3.25,1,1.48
2026-09-23,Geelong,R7 1525m Hcap,7,262689207,5078784,4,Rogue Warrior,5,0,29.0,0,4.3
2026-09-23,Geelong,R7 1525m Hcap,7,262689207,54612764,6,Superstock,4,0,26.0,1,4.72
2026-09-23,Geelong,R7 1525m Hcap,7,262689207,61861415,5,Shes Pretty Rich,2,0,52.58,0,9.33
2026-09-23,Geelong,R7 1525m Hcap,7,262689207,87094119,2,Stay Humble,1,0,5.6,1,1.8
2026-09-23,Geelong,R7 1525m Hcap,7,262689207,96289550,10,Sarapo,3,0,24.0,0,3.95
2026-09-23,Geelong,R8 1125m Hcap,8,262689220,3245180,12,Pure Passion,3,0,10.09,1,2.56
2026-09-23,Geelong,R8 1125m Hcap,8,262689220,6442886,4,Sun Devil,2,0,11.5,0,3.15
2026-09-23,Geelong,R8 1125m Hcap,8,262689220,83904238,5,Rosangela,4,0,11.45,0,2.56
2026-09-23,Geelong,R8 1125m Hcap,8,262689220,86347398,8,Its A Yes,5,0,2.31,0,1.28
2026-09-23,Geelong,R8 1125m Hcap,8,262689220,92161951,6,Sea Poem,1,0,8.0,1,2.3
2026-09-23,Northam,R1 1000m CL3,1,262691881,870418,7,Mantua,4,0,26.25,0,8.64
2026-09-23,Northam,R1 1000m CL3,1,262691881,4673082,2,Rise To Glory,2,0,2.47,0,1.6
2026-09-23,Northam,R1 1000m CL3,1,262691881,76248446,1,Last Stylebender,1,1,3.3,1,1.62
2026-09-23,Northam,R1 1000m CL3,1,262691881,79844703,3,Limahuli,3,0,30.0,0,12.0
2026-09-23,Northam,R1 1000m CL3,1,262691881,103058497,5,Something Royal,5,0,9.2,0,3.6
2026-09-23,Northam,R2 1100m Mdn,2,262691890,7224385,2,Official Business,1,1,2.42,1,1.25
2026-09-23,Northam,R2 1100m Mdn,2,262691890,39967794,8,Seven No Trumps,3,0,11.0,0,2.86
2026-09-23,Northam,R2 1100m Mdn,2,262691890,96183109,1,Firearm,2,0,19.97,1,4.39
2026-09-23,Northam,R2 1100m Mdn,2,262691890,103058498,3,Frosted Warrior,5,0,16.0,0,3.75
2026-09-23,Northam,R2 1100m Mdn,2,262691890,103058507,14,More Darling,4,0,7.48,0,2.57
2026-09-23,Northam,R3 1600m Mdn,3,262691899,101555006,2,Wrexham,1,0,10.5,0,2.95
2026-09-23,Northam,R3 1600m Mdn,3,262691899,103058508,1,Faradio,3,0,3.65,1,1.46
2026-09-23,Northam,R3 1600m Mdn,3,262691899,103058509,3,Rorys Revenge,2,1,4.1,1,1.63
2026-09-23,Northam,R3 1600m Mdn,3,262691899,103058510,4,Rock Silver,4,0,22.01,0,4.2
2026-09-23,Northam,R3 1600m Mdn,3,262691899,103058511,6,Mesa Grande,5,0,300.0,0,42.0
2026-09-23,Northam,R4 1300m Mdn,4,262691908,5130953,13,Mon Visage,4,0,17.48,0,4.3
2026-09-23,Northam,R4 1300m Mdn,4,262691908,100862483,1,Lets Go Jarpo,3,0,32.0,0,7.62
2026-09-23,Northam,R4 1300m Mdn,4,262691908,103058516,8,Grey Ol Day,5,1,2.71,1,1.52
2026-09-23,Northam,R4 1300m Mdn,4,262691908,103058517,9,Run Rupert Run,2,0,5.8,1,2.2
2026-09-23,Northam,R4 1300m Mdn,4,262691908,103058520,14,Majestic Mirage,1,0,18.03,1,4.7
2026-09-23,Northam,R5 1300m Mdn,5,262691917,774546,7,Strut Your Stuff,4,0,18.0,0,4.2
2026-09-23,Northam,R5 1300m Mdn,5,262691917,96748988,6,Unanswered,1,0,6.4,1,2.24
2026-09-23,Northam,R5 1300m Mdn,5,262691917,103058521,2,War Trail,5,0,14.06,0,3.97
2026-09-23,Northam,R5 1300m Mdn,5,262691917,103058522,3,Xelcimus,3,0,5.9,0,2.07
2026-09-23,Northam,R5 1300m Mdn,5,262691917,103058525,9,Empire Of Rome,2,1,64.01,1,10.94
2026-09-23,Northam,R6 2200m Hcap,6,262691926,38111093,4,Olden,4,1,3.86,1,1.84
2026-09-23,Northam,R6 2200m Hcap,6,262691926,68325563,8,Hes Archie,5,0,15.5,0,4.35
2026-09-23,Northam,R6 2200m Hcap,6,262691926,75314632,10,Ah Kum,3,0,9.25,0,3.24
2026-09-23,Northam,R6 2200m Hcap,6,262691926,89886764,5,Dandys Gem,2,0,19.0,1,4.85
2026-09-23,Northam,R6 2200m Hcap,6,262691926,95581774,6,Heavenly Rapture,1,0,5.8,0,2.31
2026-09-23,Northam,R7 1400m CL5,7,262691935,56451949,1,Decoration,3,1,4.2,1,1.69
2026-09-23,Northam,R7 1400m CL5,7,262691935,59887589,2,Dont Trust Judas,2,0,15.2,1,4.1
2026-09-23,Northam,R7 1400m CL5,7,262691935,75046374,6,Pure Obsession,5,0,10.5,0,3.05
2026-09-23,Northam,R7 1400m CL5,7,262691935,96497984,7,Choux Shoe,4,0,15.9,0,4.1
2026-09-23,Northam,R7 1400m CL5,7,262691935,103058533,3,Summers Legacy,1,0,7.99,0,2.2
2026-09-23,Northam,R8 1400m CL1,8,262691944,81946823,12,One Target,5,0,14.2,0,3.84
2026-09-23,Northam,R8 1400m CL1,8,262691944,102561553,1,Hey True Blue,1,0,16.5,0,4.7
2026-09-23,Northam,R8 1400m CL1,8,262691944,103058534,6,Hot Chix Lane,2,0,6.71,1,2.32
2026-09-23,Northam,R8 1400m CL1,8,262691944,103058535,7,Jemconi,4,0,4.1,1,1.8
2026-09-23,Northam,R8 1400m CL1,8,262691944,103058537,11,Playing Solo,3,0,8.28,0,2.86
2026-09-23,Warwick Farm,R1 1200m Mdn,1,262689463,931670,5,Lux,4,0,28.0,0,5.7
2026-09-23,Warwick Farm,R1 1200m Mdn,1,262689463,3578424,1,Double Vision,2,0,7.2,0,2.34
2026-09-23,Warwick Farm,R1 1200m Mdn,1,262689463,53459351,7,Mystical,3,0,11.0,0,2.42
2026-09-23,Warwick Farm,R1 1200m Mdn,1,262689463,57777278,2,Love Story,5,0,2.38,1,1.38
2026-09-23,Warwick Farm,R1 1200m Mdn,1,262689463,103057274,6,Movie Star,1,0,10.5,0,2.08
2026-09-23,Warwick Farm,,2,262689472,4569718,6,Peyton,1,,,,
2026-09-23,Warwick Farm,R2 1200m 3yo,2,262689472,8248090,7,Reachin Out,2,0,4.48,0,1.65
2026-09-23,Warwick Farm,R2 1200m 3yo,2,262689472,103057278,3,Blessed Eagle,4,1,2.88,1,1.7
2026-09-23,Warwick Farm,R2 1200m 3yo,2,262689472,103057280,5,Satin Summer,3,0,39.07,0,6.69
2026-09-23,Warwick Farm,R2 1200m 3yo,2,262689472,103057281,8,Consulate,5,0,30.72,0,5.45
2026-09-23,Warwick Farm,R3 2140m Hcap,3,262689481,63640294,4,Majorian,2,0,15.5,0,4.1
2026-09-23,Warwick Farm,R3 2140m Hcap,3,262689481,74300337,8,Lugarno,3,0,15.4,0,3.95
2026-09-23,Warwick Farm,R3 2140m Hcap,3,262689481,90285912,2,Pierro Lad,1,0,4.2,1,1.65
2026-09-23,Warwick Farm,R3 2140m Hcap,3,262689481,102560636,6,My Charm,4,0,8.4,0,2.53
2026-09-23,Warwick Farm,R3 2140m Hcap,3,262689481,103057287,9,Supreme Sovereign,5,0,7.6,1,2.34
2026-09-23,Warwick Farm,R4 1600m Hcap,4,262689490,62098120,1,Pier Pressure,3,0,10.54,1,2.64
2026-09-23,Warwick Farm,R4 1600m Hcap,4,262689490,80399009,9,Sneaky Choice,5,0,8.0,0,2.29
2026-09-23,Warwick Farm,R4 1600m Hcap,4,262689490,83379299,4,Storm Season,2,0,4.28,1,1.72
2026-09-23,Warwick Farm,R4 1600m Hcap,4,262689490,89060358,5,Burn The Sky,4,0,9.4,0,2.61
2026-09-23,Warwick Farm,R4 1600m Hcap,4,262689490,103057290,7,Samarelle,1,1,3.49,1,1.41
2026-09-23,Warwick Farm,R5 1600m Hcap,5,262689499,6686918,5,Without Peer,3,0,18.13,1,4.3
2026-09-23,Warwick Farm,R5 1600m Hcap,5,262689499,48907705,9,Leica Storm,1,0,5.2,0,1.87
2026-09-23,Warwick Farm,R5 1600m Hcap,5,262689499,92460655,3,Botanical Boy,2,1,3.95,1,1.67
2026-09-23,Warwick Farm,R5 1600m Hcap,5,262689499,94226170,8,Hallowed Halls,5,0,11.5,0,3.25
2026-09-23,Warwick Farm,R5 1600m Hcap,5,262689499,103057291,7,Cobra Club,4,0,6.04,0,2.06
2026-09-23,Warwick Farm,R6 1300m Hcap,6,262689508,6773254,13,Cafe Au Lait,5,0,13.5,0,3.8
2026-09-23,Warwick Farm,R6 1300m Hcap,6,262689508,49914852,2,Felix Majestic,4,0,4.75,1,2.2
2026-09-23,Warwick Farm,R6 1300m Hcap,6,262689508,90798436,4,Bartolf,3,0,5.8,0,1.82
2026-09-23,Warwick Farm,R6 1300m Hcap,6,262689508,92743820,11,Alabama Fox,1,0,5.5,1,1.92
2026-09-23,Warwick Farm,R6 1300m Hcap,6,262689508,103057292,6,Call Me Gorgeous,2,0,4.18,0,1.58
2026-09-23,Warwick Farm,R7 1200m Hcap,7,262689517,69674985,9,Lets Go Again,5,0,16.0,1,3.29
2026-09-23,Warwick Farm,R7 1200m Hcap,7,262689517,94615325,6,Little Iris,2,0,11.0,0,3.2
2026-09-23,Warwick Farm,R7 1200m Hcap,7,262689517,103057293,1,Scillato,4,0,7.6,0,2.48
2026-09-23,Warwick Farm,R7 1200m Hcap,7,262689517,103057296,10,Agatha,3,0,4.31,1,2.1
2026-09-23,Warwick Farm,R7 1200m Hcap,7,262689517,103057299,14,Pin Up Sheila,1,0,3.3,0,1.87
2026-09-24,Goulburn,R1 1400m Mdn,1,262749143,3502394,4,Invasion,2,0,16.02,0,2.86
2026-09-24,Goulburn,R1 1400m Mdn,1,262749143,100019674,5,Red Planet Bar,5,0,19.68,1,3.1
2026-09-24,Goulburn,R1 1400m Mdn,1,262749143,103089882,1,Markos Port,1,0,2.93,1,1.42
2026-09-24,Goulburn,R1 1400m Mdn,1,262749143,103089883,2,Stratford,4,1,2.54,1,1.12
2026-09-24,Goulburn,R1 1400m Mdn,1,262749143,103089884,6,Scoish Maloish,3,0,15.01,0,2.6
2026-09-24,Goulburn,R2 1100m Hcap,2,262749146,66294904,4,Destructive Diva,4,0,111.2,0,16.0
2026-09-24,Goulburn,R2 1100m Hcap,2,262749146,82857921,3,Chemtrail,2,0,5.18,1,2.02
2026-09-24,Goulburn,R2 1100m Hcap,2,262749146,96533956,1,Harry The Thief,1,1,4.3,1,1.87
2026-09-24,Goulburn,R2 1100m Hcap,2,262749146,103089886,5,Vain Temptress,3,0,3.85,0,1.65
2026-09-24,Goulburn,R2 1100m Hcap,2,262749146,103089886,5,Vain Temptress,5,0,3.85,0,1.65
2026-09-24,Goulburn,R3 1500m CL2,3,262749149,2650557,3,Skirmish,4,0,7.6,1,2.62
2026-09-24,Goulburn,R3 1500m CL2,3,262749149,102632739,5,Daylite,5,0,4.6,0,1.71
2026-09-24,Goulburn,R3 1500m CL2,3,262749149,103089887,2,Divine Secrets,2,0,5.1,0,1.75
2026-09-24,Goulburn,R3 1500m CL2,3,262749149,103089887,2,Divine Secrets,3,0,5.1,0,1.75
2026-09-24,Goulburn,R3 1500m CL2,3,262749149,103089888,6,Pure Melody,1,0,14.64,0,3.19
2026-09-24,Goulburn,R4 1300m CL2,4,262749152,7854492,8,Zoe,1,0,7.6,0,2.5
2026-09-24,Goulburn,R4 1300m CL2,4,262749152,81563452,5,Alabama Hussy,2,0,15.54,0,3.4
2026-09-24,Goulburn,R4 1300m CL2,4,262749152,96747138,4,Wolf Island,3,1,4.2,1,1.8
2026-09-24,Goulburn,R4 1300m CL2,4,262749152,103089890,2,Okami Star,4,0,8.4,1,2.5
2026-09-24,Goulburn,R4 1300m CL2,4,262749152,103089891,3,Star Minerva,5,0,2.98,1,1.7
2026-09-24,Goulburn,R5 1200m Mdn,5,262749155,3149575,10,Solar Orbit,3,0,68.23,0,9.18
2026-09-24,Goulburn,R5 1200m Mdn,5,262749155,80640522,6,Jenni Moo Moo,1,0,7.2,0,1.83
2026-09-24,Goulburn,R5 1200m Mdn,5,262749155,103089893,1,Regor,2,0,2.43,1,1.32
2026-09-24,Goulburn,R5 1200m Mdn,5,262749155,103089895,4,Boy Brutus,4,0,34.0,0,4.8
2026-09-24,Goulburn,R5 1200m Mdn,5,262749155,103089896,5,Knights Bounty,5,0,80.26,0,9.96
2026-09-24,Goulburn,R6 1100m Mdn,6,262749158,6514954,2,Artfull,3,0,12.0,0,2.32
2026-09-24,Goulburn,R6 1100m Mdn,6,262749158,94735732,1,Alabama Showdown,2,1,2.69,1,1.2
2026-09-24,Goulburn,R6 1100m Mdn,6,262749158,103089900,3,Camden Cove,1,0,3.39,1,1.28
2026-09-24,Goulburn,R6 1100m Mdn,6,262749158,103089901,6,Rapid Reigns,5,0,19.5,0,4.19
2026-09-24,Goulburn,R6 1100m Mdn,6,262749158,103089902,7,Spokesperson,4,0,5.42,1,1.57
2026-09-24,Goulburn,R7 1100m CL1,7,262749161,4871745,3,Classic Touch,5,0,29.0,0,2.44
2026-09-24,Goulburn,R7 1100m CL1,7,262749161,68931116,9,Slay Queen,4,0,34.0,0,2.75
2026-09-24,Goulburn,R7 1100m CL1,7,262749161,99493148,1,Glenns Legacy,3,0,18.34,0,1.86
2026-09-24,Goulburn,R7 1100m CL1,7,262749161,103089908,11,Willingham,1,0,28.58,1,2.2
2026-09-24,Goulburn,R7 1100m CL1,7,262749161,103089908,11,Willingham,2,0,28.58,1,2.2
2026-09-24,Hawkesbury,R1 1000m Mdn,1,262751391,96800070,1,Chumpakidd,3,0,24.0,0,4.13
2026-09-24,Hawkesbury,R1 1000m Mdn,1,262751391,103089939,4,Artemex,1,1,2.7,1,1.29
2026-09-24,Hawkesbury,R1 1000m Mdn,1,262751391,103089939,4,Artemex,2,1,2.7,1,1.29
2026-09-24,Hawkesbury,R1 1000m Mdn,1,262751391,103089942,7,Laughing Moons,4,0,7.27,1,1.8
2026-09-24,Hawkesbury,R1 1000m Mdn,1,262751391,103089942,7,Laughing Moons,5,0,7.27,1,1.8
2026-09-24,Hawkesbury,R2 1300m Mdn,2,262751394,3412828,11,Spud Gun,4,0,84.19,0,8.25
2026-09-24,Hawkesbury,R2 1300m Mdn,2,262751394,50713448,1,Hungry,5,0,6.2,0,2.45
2026-09-24,Hawkesbury,R2 1300m Mdn,2,262751394,103089944,2,Lion Hunt,1,1,1.69,1,1.09
2026-09-24,Hawkesbury,R2 1300m Mdn,2,262751394,103089947,5,Banner Banner,2,0,12.5,1,2.24
2026-09-24,Hawkesbury,R2 1300m Mdn,2,262751394,103089948,6,Bascilica Babe,3,0,15.97,1,2.46
2026-09-24,Hawkesbury,R3 1500m Mdn,3,262751397,96747461,12,Farcolo,5,0,95.11,0,6.65
2026-09-24,Hawkesbury,R3 1500m Mdn,3,262751397,100019686,11,Castelique,4,0,26.43,0,2.78
2026-09-24,Hawkesbury,R3 1500m Mdn,3,262751397,101916952,3,In Circles,2,0,26.98,1,2.78
2026-09-24,Hawkesbury,R3 1500m Mdn,3,262751397,103089953,10,True Tone,1,0,1.5,1,1.09
2026-09-24,Hawkesbury,R3 1500m Mdn,3,262751397,103089954,13,Moonlit Wings,3,0,5.7,0,1.45
2026-09-24,Hawkesbury,R4 1500m CL1,4,262751400,89623783,5,The Prospect,3,0,14.46,0,2.55
2026-09-24,Hawkesbury,R4 1500m CL1,4,262751400,91872969,2,Broadway Street,2,0,3.15,0,1.27
2026-09-24,Hawkesbury,R4 1500m CL1,4,262751400,95514250,6,Ouragan,1,0,2.28,1,1.21
2026-09-24,Hawkesbury,R4 1500m CL1,4,262751400,102134926,4,Ribble Lace,5,0,11.3,1,2.11
2026-09-24,Hawkesbury,R4 1500m CL1,4,262751400,103089955,3,Dubai Adventure,4,1,18.5,1,3.15
2026-09-24,Hawkesbury,R5 1800m Hcap,5,262751403,90285929,6,Kirkuk,1,0,8.24,1,2.54
2026-09-24,Hawkesbury,R5 1800m Hcap,5,262751403,94950146,2,Valentiago,3,0,4.3,1,1.53
2026-09-24,Hawkesbury,R5 1800m Hcap,5,262751403,99241961,3,Grunge,5,0,14.49,0,3.82
2026-09-24,Hawkesbury,R5 1800m Hcap,5,262751403,100487068,5,Prefer Diamonds,4,0,5.9,0,2.02
2026-09-24,Hawkesbury,R5 1800m Hcap,5,262751403,102366075,1,Oakfield Alaska,2,0,8.94,0,2.75
2026-09-24,Hawkesbury,R6 1400m Hcap,6,262751406,373816,1,General Soho,4,0,108.71,0,13.19
2026-09-24,Hawkesbury,R6 1400m Hcap,6,262751406,59957779,10,Blow In,1,1,10.02,1,2.9
2026-09-24,Hawkesbury,R6 1400m Hcap,6,262751406,74813500,7,Tavolo,2,0,9.64,1,2.7
2026-09-24,Hawkesbury,R6 1400m Hcap,6,262751406,76052416,2,Prince Of Sorts,5,0,5.9,0,1.86
2026-09-24,Hawkesbury,R6 1400m Hcap,6,262751406,102366076,5,Ausbred Hedntail,3,0,2.46,1,1.22
2026-09-24,Hawkesbury,R7 1100m Hcap,7,262751409,8321084,4,Edge Of Midnight,5,0,194.41,0,16.36
2026-09-24,Hawkesbury,R7 1100m Hcap,7,262751409,41512460,11,Lady Shenanigans,4,0,150.09,0,13.1
2026-09-24,Hawkesbury,R7 1100m Hcap,7,262751409,103089958,1,I Am Adonis,1,0,2.4,1,1.37
2026-09-24,Hawkesbury,R7 1100m Hcap,7,262751409,103089959,6,Portico,2,0,9.8,1,2.16
2026-09-24,Hawkesbury,R7 1100m Hcap,7,262751409,103089961,9,Flight Of Power,3,1,3.9,1,1.35
2026-09-24,Moe,R1 2400m Mdn,1,262748929,71651275,5,Fantastic Beast,3,0,12.5,0,3.41
2026-09-24,Moe,R1 2400m Mdn,1,262748929,90798579,6,Raghnall,1,0,4.09,1,1.67
2026-09-24,Moe,R1 2400m Mdn,1,262748929,101219536,8,Churchillena,4,0,7.0,0,2.1
2026-09-24,Moe,R1 2400m Mdn,1,262748929,101848464,1,Baldoni,5,0,4.3,0,1.71
2026-09-24,Moe,R1 2400m Mdn,1,262748929,102441341,7,Wolves Den,2,1,6.15,1,2.11
2026-09-24,Moe,R2 2050m Mdn,2,262748937,2462430,8,Thinking Positive,4,0,19.54,0,3.8
2026-09-24,Moe,R2 2050m Mdn,2,262748937,80091285,2,Good Lordy Me,3,0,5.6,0,1.71
2026-09-24,Moe,R2 2050m Mdn,2,262748937,82310441,3,Grey Sabre,5,0,42.59,1,6.66
2026-09-24,Moe,R2 2050m Mdn,2,262748937,103090133,5,Ashina,2,0,12.21,1,2.83
2026-09-24,Moe,R2 2050m Mdn,2,262748937,103090136,10,Jean Georges,1,1,2.0,1,1.2
2026-09-24,Moe,R3 1000m 3yo,3,262748945,3648184,6,Truant,2,0,3.4,1,1.29
2026-09-24,Moe,R3 1000m 3yo,3,262748945,8150902,3,Mr Natural,1,0,2.3,0,1.23
2026-09-24,Moe,R3 1000m 3yo,3,262748945,103090138,5,Transcritical,3,0,38.42,0,5.3
2026-09-24,Moe,R3 1000m 3yo,3,262748945,103090139,7,Chocolate Freckles,4,0,128.26,0,14.0
2026-09-24,Moe,R3 1000m 3yo,3,262748945,103090142,10,Roseatic,5,1,5.0,1,1.52
2026-09-24,Moe,R4 1100m Mdn,4,262748953,95540829,1,Big Kapow,2,0,3.54,1,1.39
2026-09-24,Moe,R4 1100m Mdn,4,262748953,102061497,7,Piccina,4,0,36.0,0,4.5
2026-09-24,Moe,R4 1100m Mdn,4,262748953,102901335,18,La Velocita,3,0,65.86,1,6.7
2026-09-24,Moe,R4 1100m Mdn,4,262748953,103090144,8,Canticle,1,0,4.2,0,1.51
2026-09-24,Moe,R4 1100m Mdn,4,262748953,103090145,9,Fervently,5,1,2.69,1,1.3
2026-09-24,Moe,R5 1600m Hcap,5,262748961,79257679,5,Love Sparkles,3,0,25.71,0,4.75
2026-09-24,Moe,R5 1600m Hcap,5,262748961,85445461,3,Savannah Chill,5,1,5.7,1,2.0
2026-09-24,Moe,R5 1600m Hcap,5,262748961,100721731,6,Dolce Carolina,4,0,7.2,0,2.33
2026-09-24,Moe,R5 1600m Hcap,5,262748961,101219338,1,Aubaine,1,0,3.17,0,1.66
2026-09-24,Moe,R5 1600m Hcap,5,262748961,103090152,2,Super Mirage,2,0,5.5,0,2.19
2026-09-24,Moe,R6 2400m Hcap,6,262748969,2545325,5,North Terrace,5,0,22.98,0,5.37
2026-09-24,Moe,R6 2400m Hcap,6,262748969,6934476,2,Trump Card,2,0,21.65,0,5.0
2026-09-24,Moe,R6 2400m Hcap,6,262748969,63161559,1,Hollandia,3,0,8.8,1,2.49
2026-09-24,Moe,R6 2400m Hcap,6,262748969,100232522,6,Power Pivot,4,0,6.6,1,2.07
2026-09-24,Moe,R6 2400m Hcap,6,262748969,103090155,8,Prince Of Byron,1,1,3.37,1,1.69
2026-09-24,Moe,R7 1000m Hcap,7,262748977,523679,7,Dirty Diana,2,0,5.52,1,1.83
2026-09-24,Moe,R7 1000m Hcap,7,262748977,49977378,2,Midnight Devil,1,0,3.49,1,1.5
2026-09-24,Moe,R7 1000m Hcap,7,262748977,82603052,4,Ballistic Blue,5,0,11.0,0,3.12
2026-09-24,Moe,R7 1000m Hcap,7,262748977,89101700,5,Marilyns Edge,3,1,4.87,1,1.91
2026-09-24,Moe,R7 1000m Hcap,7,262748977,92784135,6,Ruby Avenue,4,0,11.0,0,3.05
2026-09-24,Moe,R8 1200m Hcap,8,262748985,44011793,14,Lulu Darling,2,0,14.98,0,3.8
2026-09-24,Moe,R8 1200m Hcap,8,262748985,60415282,11,Russian Benefits,5,0,17.96,0,4.6
2026-09-24,Moe,R8 1200m Hcap,8,262748985,68568487,6,Russian Front,1,0,2.96,0,1.55
2026-09-24,Moe,R8 1200m Hcap,8,262748985,69967593,4,Ranakye,4,0,6.4,0,2.15
2026-09-24,Moe,R8 1200m Hcap,8,262748985,103090160,15,Three Point Turn,3,0,9.4,1,2.86
2026-09-24,Warwick,R1 800m 3yo,1,262748563,3058472,10,Russian Fantasy,3,0,26.0,0,4.1
2026-09-24,Warwick,R1 800m 3yo,1,262748563,95580082,9,Night Market,1,1,1.74,1,1.13
2026-09-24,Warwick,R1 800m 3yo,1,262748563,101130991,13,Disco Diamond,5,0,132.35,0,13.5
2026-09-24,Warwick,R1 800m 3yo,1,262748563,103090061,1,Mishani Honour,4,0,50.0,0,6.4
2026-09-24,Warwick,R1 800m 3yo,1,262748563,103090067,8,Xplain This,2,0,5.82,0,2.02
2026-09-24,Warwick,R2 1350m Mdn,2,262748567,83313137,5,Poised Tycoon,4,0,4.9,1,1.73
2026-09-24,Warwick,R2 1350m Mdn,2,262748567,92504375,1,Cautionary Tail,1,0,2.19,0,1.24
2026-09-24,Warwick,R2 1350m Mdn,2,262748567,101883856,8,Divinelle,2,1,6.96,1,1.75
2026-09-24,Warwick,R2 1350m Mdn,2,262748567,101883856,8,Divinelle,3,1,6.96,1,1.75
2026-09-24,Warwick,R2 1350m Mdn,2,262748567,103090074,11,Heavenly Artist,5,0,8.8,1,2.02
2026-09-24,Warwick,R3 1350m Mdn,3,262748571,83118606,8,Ellofaby,3,0,65.0,0,7.0
2026-09-24,Warwick,R3 1350m Mdn,3,262748571,86933128,3,Okanui,5,1,70.11,1,8.6
2026-09-24,Warwick,R3 1350m Mdn,3,262748571,97885983,6,Worthy Stunnah,4,0,2.61,1,1.24
2026-09-24,Warwick,R3 1350m Mdn,3,262748571,98214087,1,Foxy Artist,2,0,16.44,0,2.68
2026-09-24,Warwick,R3 1350m Mdn,3,262748571,103090079,5,Testy Nic,1,0,2.68,0,1.2
2026-09-24,Warwick,R4 1100m Mdn,4,262748575,62433803,1,Freeman Fury,3,0,27.32,0,5.77
2026-09-24,Warwick,R4 1100m Mdn,4,262748575,95022832,8,Head Of The River,1,0,2.5,1,1.32
2026-09-24,Warwick,R4 1100m Mdn,4,262748575,96219714,3,Pressure Switch,4,0,13.5,0,3.1
2026-09-24,Warwick,R4 1100m Mdn,4,262748575,102097606,7,Gancedo,2,1,32.0,1,5.9
2026-09-24,Warwick,R4 1100m Mdn,4,262748575,103090084,9,Mishani Senorita,5,0,5.1,1,1.65
2026-09-24,Warwick,R5 1500m Hcap,5,262748579,198903,3,Kingsland,2,0,4.9,1,1.55
2026-09-24,Warwick,R5 1500m Hcap,5,262748579,10488307,2,Heavenly Love,4,0,4.6,0,1.79
2026-09-24,Warwick,R5 1500m Hcap,5,262748579,59383376,1,Drialle,1,0,12.0,0,3.4
2026-09-24,Warwick,R5 1500m Hcap,5,262748579,82376277,8,Standlee,3,1,4.2,1,1.76
2026-09-24,Warwick,R5 1500m Hcap,5,262748579,91872806,10,So You Can Torque,5,0,15.0,0,3.25
2026-09-24,Warwick,R6 1200m Hcap,6,262748583,9255220,5,Sir Maurice,1,0,7.67,1,2.28
2026-09-24,Warwick,R6 1200m Hcap,6,262748583,55494186,3,Rothgo,4,0,3.84,0,1.8
2026-09-24,Warwick,R6 1200m Hcap,6,262748583,60528500,1,Galway Hussler,5,0,14.06,0,3.95
2026-09-24,Warwick,R6 1200m Hcap,6,262748583,100396513,8,Brechen,3,0,18.99,1,4.47
2026-09-24,Warwick,R6 1200m Hcap,6,262748583,103090095,6,Miss De Medici,2,0,4.1,0,1.69
2026-09-24,Warwick,R7 1200m Hcap,7,262748587,2744884,6,Copper Star,5,0,11.82,1,3.82
2026-09-24,Warwick,R7 1200m Hcap,7,262748587,70421389,16,Salchow,1,0,10.5,0,3.25
2026-09-24,Warwick,R7 1200m Hcap,7,262748587,74300661,12,Territory Ash,2,0,17.61,0,4.2
2026-09-24,Warwick,R7 1200m Hcap,7,262748587,93574162,9,Im Lucky Two,4,0,7.49,0,2.52
2026-09-24,Warwick,R7 1200m Hcap,7,262748587,102061380,4,Thunderous,3,0,7.4,1,3.25
2026-09-24,Warwick,R8 1350m CL2,8,262748591,2352034,11,Switchblade,2,0,13.0,1,3.34
2026-09-24,Warwick,R8 1350m CL2,8,262748591,80399876,2,Mr Bubbaluski,1,0,6.4,0,2.24
2026-09-24,Warwick,R8 1350m CL2,8,262748591,85250882,8,Lowestoft,5,0,22.0,0,5.08
2026-09-24,Warwick,R8 1350m CL2,8,262748591,101781619,10,Somethin In Orange,4,0,7.4,0,2.4
2026-09-24,Warwick,R8 1350m CL2,8,262748591,103090105,6,Im Nelson,3,0,4.53,0,1.78
2026-09-25,Coleraine,R1 1400m Mdn,1,262830402,101451771,1,An Poitin Still,5,0,7.38,0,3.2
2026-09-25,Coleraine,R1 1400m Mdn,1,262830402,101848595,7,Shujinko,3,0,6.8,0,2.34
2026-09-25,Coleraine,R1 1400m Mdn,1,262830402,102333082,5,Mister Solly,1,0,10.39,0,2.84
2026-09-25,Coleraine,R1 1400m Mdn,1,262830402,103126732,4,Millsys Award,4,0,5.09,1,2.08
2026-09-25,Coleraine,R1 1400m Mdn,1,262830402,103126737,9,Terrestrial Light,2,1,4.9,1,1.95
2026-09-25,Coleraine,R2 1600m Mdn,2,262830409,90252187,1,Black Hex,5,0,25.0,0,4.7
2026-09-25,Coleraine,R2 1600m Mdn,2,262830409,93871478,5,La Reel Deal,2,1,18.5,1,4.26
2026-09-25,Coleraine,R2 1600m Mdn,2,262830409,103126756,4,Khan Capital,3,0,10.5,0,2.78
2026-09-25,Coleraine,R2 1600m Mdn,2,262830409,103126759,8,Gasoline Rainbow,1,0,2.46,0,1.36
2026-09-25,Coleraine,R2 1600m Mdn,2,262830409,103126762,14,Miss Delightful,4,0,16.5,1,3.76
2026-09-25,Coleraine,R3 1600m Hcap,3,262830416,5443044,1,Newcombe,1,0,5.5,1,1.99
2026-09-25,Coleraine,R3 1600m Hcap,3,262830416,44037940,10,State Of Maine,2,0,12.78,0,3.85
2026-09-25,Coleraine,R3 1600m Hcap,3,262830416,56053616,4,Hydrogen Power,3,0,21.0,0,4.9
2026-09-25,Coleraine,R3 1600m Hcap,3,262830416,71940638,2,Paltinian,5,0,23.55,1,5.7
2026-09-25,Coleraine,R3 1600m Hcap,3,262830416,86306806,7,Tudaya,4,0,6.4,0,2.48
2026-09-25,Coleraine,R4 1000m Hcap,4,262830423,38523369,9,Kasami,4,0,24.0,0,3.85
2026-09-25,Coleraine,R4 1000m Hcap,4,262830423,52966856,3,Frose,5,0,10.15,0,2.64
2026-09-25,Coleraine,R4 1000m Hcap,4,262830423,57563318,2,Ambello,2,0,2.3,1,1.31
2026-09-25,Coleraine,R4 1000m Hcap,4,262830423,97763509,1,Caribbean Villa,3,0,7.0,1,2.3
2026-09-25,Coleraine,R4 1000m Hcap,4,262830423,103126764,5,Shyleah,1,0,11.54,0,2.74
2026-09-25,Coleraine,R5 2250m Hcap,5,262830430,3110866,2,Mannerheim,2,0,7.36,0,2.66
2026-09-25,Coleraine,R5 2250m Hcap,5,262830430,54138769,4,Semper Fortis,3,0,8.6,0,3.13
2026-09-25,Coleraine,R5 2250m Hcap,5,262830430,71436496,7,Digari,1,0,4.52,0,1.95
2026-09-25,Coleraine,R5 2250m Hcap,5,262830430,103126767,5,Fuwari,5,0,9.25,0,2.89
2026-09-25,Coleraine,R5 2250m Hcap,5,262830430,103126768,6,Initial Moment,4,0,14.0,1,4.62
2026-09-25,Coleraine,R6 1800m Hcap,6,262830437,10280210,6,Cool Star,5,0,7.8,1,2.46
2026-09-25,Coleraine,R6 1800m Hcap,6,262830437,79258088,13,Whistler Girl,3,1,4.7,1,2.06
2026-09-25,Coleraine,R6 1800m Hcap,6,262830437,81601714,1,Jaz Tycoon,1,0,14.39,0,4.3
2026-09-25,Coleraine,R6 1800m Hcap,6,262830437,88465025,2,Blackhill Boy,2,0,30.0,0,7.0
2026-09-25,Coleraine,R6 1800m Hcap,6,262830437,103126771,9,Idling Behind,4,0,13.5,1,4.0
2026-09-25,Coleraine,R7 1800m Hcap,7,262830444,507553,5,Aftermath,5,0,19.5,0,4.16
2026-09-25,Coleraine,R7 1800m Hcap,7,262830444,43669027,4,Virtuous Circle,2,0,14.0,1,3.85
2026-09-25,Coleraine,R7 1800m Hcap,7,262830444,68599395,10,Omnic,1,0,3.67,1,1.61
2026-09-25,Coleraine,R7 1800m Hcap,7,262830444,77020831,7,Catani Gardens,4,0,39.83,0,8.2
2026-09-25,Coleraine,R7 1800m Hcap,7,262830444,101848901,3,Chief Little Rock,3,0,9.2,0,3.0
2026-09-25,Coleraine,R8 1300m Hcap,8,262830451,68415638,1,Interjection,1,0,16.5,0,4.3
2026-09-25,Coleraine,R8 1300m Hcap,8,262830451,79022465,9,Racey Casey,2,0,3.25,1,1.56
2026-09-25,Coleraine,R8 1300m Hcap,8,262830451,79022487,6,The Daily Planet,4,0,14.5,0,3.6
2026-09-25,Coleraine,R8 1300m Hcap,8,262830451,87857865,7,Thinking Sensation,3,1,5.7,1,1.99
2026-09-25,Coleraine,R8 1300m Hcap,8,262830451,103126773,10,Battle Of The Ice,5,0,19.22,0,5.15
2026-09-25,Cranbourne,R1 1400m 3yo,1,262830238,103125793,2,Call Me Coach,2,1,1.42,1,1.12
2026-09-25,Cranbourne,R1 1400m 3yo,1,262830238,103125794,3,Crudens Tycoon,1,0,5.1,1,1.6
2026-09-25,Cranbourne,R1 1400m 3yo,1,262830238,103125797,6,Shameful Impulse,4,0,17.7,0,3.65
2026-09-25,Cranbourne,R1 1400m 3yo,1,262830238,103125798,7,Quynh,3,0,19.78,0,4.59
2026-09-25,Cranbourne,R2 1400m Mdn,2,262830247,977725,9,Hierarchy,1,1,2.48,1,1.24
2026-09-25,Cranbourne,R2 1400m Mdn,2,262830247,96720966,3,Handsome Missile,3,0,14.85,1,2.42
2026-09-25,Cranbourne,R2 1400m Mdn,2,262830247,102600061,10,Pinazaki,4,0,4.5,0,1.49
2026-09-25,Cranbourne,R2 1400m Mdn,2,262830247,103125803,7,Circus Moon,5,0,20.7,0,3.53
2026-09-25,Cranbourne,,2,262830247,103125805,11,The Underquoter,2,,,,
2026-09-25,Cranbourne,R3 1200m 3yo,3,262830256,101848909,9,Shooting Brake,1,0,4.4,0,1.56
2026-09-25,Cranbourne,R3 1200m 3yo,3,262830256,103125809,1,Faster Link,5,0,17.5,0,3.6
2026-09-25,Cranbourne,R3 1200m 3yo,3,262830256,103125810,3,Kotahitanga,2,0,3.05,1,1.61
2026-09-25,Cranbourne,R3 1200m 3yo,3,262830256,103125811,4,Late Night Wonder,3,0,17.5,0,4.36
2026-09-25,Cranbourne,R3 1200m 3yo,3,262830256,103125819,14,Pursuit,4,0,5.1,0,1.74
2026-09-25,Cranbourne,R4 2025m Hcap,4,262830265,7358588,1,Ocean Bay,5,0,3.35,1,1.44
2026-09-25,Cranbourne,R4 2025m Hcap,4,262830265,74459919,6,Realika,3,0,8.4,0,2.05
2026-09-25,Cranbourne,R4 2025m Hcap,4,262830265,75393214,5,Pariah Pearl,2,1,10.14,1,2.68
2026-09-25,Cranbourne,R4 2025m Hcap,4,262830265,93466590,3,Covert Thinking,1,0,3.21,1,1.43
2026-09-25,Cranbourne,R4 2025m Hcap,4,262830265,103125820,4,The Devil In Her,4,0,10.22,0,2.67
2026-09-25,Cranbourne,R5 2500m Hcap,5,262830274,1367406,1,Euphoric,1,0,7.8,0,2.42
2026-09-25,Cranbourne,R5 2500m Hcap,5,262830274,55713728,2,Jaykayann,2,0,7.6,0,2.38
2026-09-25,Cranbourne,R5 2500m Hcap,5,262830274,69323089,8,Shes A Con,4,1,4.79,1,1.68
2026-09-25,Cranbourne,R5 2500m Hcap,5,262830274,101131112,4,Foix,3,0,5.32,1,1.91
2026-09-25,Cranbourne,R5 2500m Hcap,5,262830274,101610148,5,Thunderbolt Way,5,0,5.5,0,2.08
2026-09-25,Cranbourne,R6 955m Hcap,6,262830283,2212032,11,Tower Bridge,4,0,11.0,0,3.3
2026-09-25,Cranbourne,R6 955m Hcap,6,262830283,2401765,2,Bold Print,2,0,15.83,0,4.7
2026-09-25,Cranbourne,R6 955m Hcap,6,262830283,85017584,3,Foxenberg,5,0,12.46,1,3.02
2026-09-25,Cranbourne,R6 955m Hcap,6,262830283,101781695,1,Farcited,1,0,10.93,0,3.3
2026-09-25,Cranbourne,R6 955m Hcap,6,262830283,103125822,4,Magnabelle Royale,3,1,4.2,1,1.83
2026-09-25,Cranbourne,R7 1400m Hcap,7,262830292,90568661,3,Stage N Screen,1,0,27.78,0,5.7
2026-09-25,Cranbourne,R7 1400m Hcap,7,262830292,103125827,2,Romantic Encounter,4,0,12.0,1,2.99
2026-09-25,Cranbourne,R7 1400m Hcap,7,262830292,103125829,11,A Diva,3,0,11.0,0,3.27
2026-09-25,Cranbourne,R7 1400m Hcap,7,262830292,103125830,12,Dirty Look,5,1,2.32,1,1.37
2026-09-25,Cranbourne,R7 1400m Hcap,7,262830292,103125831,14,Escarpa,2,0,12.5,0,3.35
2026-09-25,Cranbourne,R8 1600m Hcap,8,262830301,808220,7,Kings Coronation,4,0,17.21,0,3.15
2026-09-25,Cranbourne,R8 1600m Hcap,8,262830301,69968054,6,Pure Grunt,2,0,110.31,0,18.99
2026-09-25,Cranbourne,R8 1600m Hcap,8,262830301,92460625,3,Gold Chariot,1,0,1.91,0,1.14
2026-09-25,Cranbourne,R8 1600m Hcap,8,262830301,98882958,9,Finance Shogun,5,0,9.6,1,2.62
2026-09-25,Cranbourne,R8 1600m Hcap,8,262830301,103125836,11,Kastun Star,3,1,7.63,1,2.06
2026-09-25,Darwin,R1 1100m Mdn,1,262835325,93612808,1,Brave Heritage,3,0,5.3,0,2.56
2026-09-25,Darwin,R1 1100m Mdn,1,262835325,96181835,4,Lady Fireball,4,0,8.8,0,4.0
2026-09-25,Darwin,R1 1100m Mdn,1,262835325,100049427,3,Perfect Link,1,0,2.58,0,1.78
2026-09-25,Darwin,R1 1100m Mdn,1,262835325,103126111,5,Milk Foam,5,0,11.5,0,4.1
2026-09-25,Darwin,R1 1100m Mdn,1,262835325,103126112,6,Zoutara,2,1,5.47,1,2.6
2026-09-25,Darwin,R2 1000m Hcap,2,262835328,80934990,4,Pafitis,3,0,4.25,1,2.14
2026-09-25,Darwin,R2 1000m Hcap,2,262835328,83080251,2,Predicting,4,0,5.2,0,2.5
2026-09-25,Darwin,R2 1000m Hcap,2,262835328,87165153,6,Snappy Sweetheart,5,0,3.55,0,2.08
2026-09-25,Darwin,R2 1000m Hcap,2,262835328,93206940,1,Gunnie Gunfighter,2,0,13.0,0,5.81
2026-09-25,Darwin,R2 1000m Hcap,2,262835328,96966736,3,Meet Me At The Bar,1,1,11.5,1,4.0
2026-09-25,Darwin,R3 1300m Hcap,3,262835331,46675625,1,Galaxy General,3,1,5.3,1,3.15
2026-09-25,Darwin,R3 1300m Hcap,3,262835331,54901080,6,Funnyifitwon,2,0,38.0,0,9.6
2026-09-25,Darwin,R3 1300m Hcap,3,262835331,65823244,3,Brazen Bon,5,0,5.97,0,2.6
2026-09-25,Darwin,R3 1300m Hcap,3,262835331,73404650,2,Mr Marrakech,4,0,4.9,1,2.81
2026-09-25,Darwin,R3 1300m Hcap,3,262835331,97660765,4,If I Was You,1,0,3.3,0,1.78
2026-09-25,Darwin,R4 1200m Hcap,4,262835334,1334106,2,Rivkin,1,0,8.28,0,3.5
2026-09-25,Darwin,R4 1200m Hcap,4,262835334,57883518,1,Convincebility,2,0,6.8,0,2.78
2026-09-25,Darwin,R4 1200m Hcap,4,262835334,76959638,3,Bruno Bruno,5,0,3.9,1,2.02
2026-09-25,Darwin,R4 1200m Hcap,4,262835334,82602306,4,Bons Your Back,4,0,9.4,0,3.7
2026-09-25,Darwin,R4 1200m Hcap,4,262835334,85181046,5,Littlebourkestreet,3,1,2.82,1,1.79
2026-09-25,Darwin,R5 1200m Hcap,5,262835337,888088,3,Debating,1,1,3.15,1,1.5
2026-09-25,Darwin,R5 1200m Hcap,5,262835337,11826453,1,Im A Dreamer,2,0,15.76,0,3.85
2026-09-25,Darwin,R5 1200m Hcap,5,262835337,61861454,2,Dummy Spit,3,0,5.3,0,1.86
2026-09-25,Darwin,R5 1200m Hcap,5,262835337,85541475,6,Sass,5,0,6.47,1,1.9
2026-09-25,Darwin,R5 1200m Hcap,5,262835337,96965642,8,Charlie Magic,4,0,16.24,0,4.1
2026-09-25,Darwin,R6 1600m Hcap,6,262835340,4232621,3,Stormfront,2,0,4.9,1,2.68
2026-09-25,Darwin,R6 1600m Hcap,6,262835340,63363817,4,Awash,1,0,6.02,0,2.88
2026-09-25,Darwin,R6 1600m Hcap,6,262835340,65520752,2,Lims Bighorn,5,1,5.26,1,2.8
2026-09-25,Darwin,R6 1600m Hcap,6,262835340,79294055,7,Miami Baby,4,0,18.0,0,6.4
2026-09-25,Darwin,R6 1600m Hcap,6,262835340,83155496,6,Biden Time,3,0,8.6,0,4.56
2026-09-25,Darwin,R7 1600m Hcap,7,262835343,2914016,3,Fury,3,0,4.3,1,2.38
2026-09-25,Darwin,R7 1600m Hcap,7,262835343,39008755,1,Gravina,1,0,29.0,0,10.35
2026-09-25,Darwin,R7 1600m Hcap,7,262835343,46968314,6,Starzam,4,0,13.21,0,5.3
2026-09-25,Darwin,R7 1600m Hcap,7,262835343,50997970,5,Hennessy Lad,2,1,7.18,1,3.46
2026-09-25,Darwin,R7 1600m Hcap,7,262835343,100396707,2,Rossanado,5,0,3.44,0,1.82
2026-09-25,Ewan,R1 1200m Mdn,1,262835448,90010007,7,Sheza Barbarossa,5,0,160.0,0,24.0
2026-09-25,Ewan,R1 1200m Mdn,1,262835448,91116088,5,Majestic Choice,3,0,11.0,0,3.21
2026-09-25,Ewan,R1 1200m Mdn,1,262835448,95838143,2,Moonya Lad,1,0,3.76,1,1.6
2026-09-25,Ewan,R1 1200m Mdn,1,262835448,101671331,8,Stylish Rosie,4,1,3.85,1,1.7
2026-09-25,Ewan,R1 1200m Mdn,1,262835448,103125967,4,Auroras Belt,2,0,7.3,0,2.48
2026-09-25,Ewan,R2 1000m Hcap,2,262835452,28101167,5,To Love Somebody,2,0,21.0,0,4.9
2026-09-25,Ewan,R2 1000m Hcap,2,262835452,66331522,3,Speedy Target,4,0,6.2,1,2.46
2026-09-25,Ewan,R2 1000m Hcap,2,262835452,72609462,9,Willingale,1,1,4.57,1,1.75
2026-09-25,Ewan,R2 1000m Hcap,2,262835452,74853225,8,Spineless,5,0,19.47,0,5.3
2026-09-25,Ewan,R2 1000m Hcap,2,262835452,92996614,12,Mr Damage,3,0,4.4,0,1.85
2026-09-25,Ewan,R3 1000m Qlty,3,262835456,946415,2,Hellish,3,0,10.28,0,3.1
2026-09-25,Ewan,R3 1000m Qlty,3,262835456,41997779,3,Cochrane,4,0,5.09,1,1.86
2026-09-25,Ewan,R3 1000m Qlty,3,262835456,70965611,5,Hartshorn,2,0,6.71,0,2.26
2026-09-25,Ewan,R3 1000m Qlty,3,262835456,73676980,6,I Am A Marvel,1,0,14.5,0,3.79
2026-09-25,Ewan,R3 1000m Qlty,3,262835456,97157174,8,Guac On,5,0,8.2,1,2.98
2026-09-25,Ewan,R4 1750m Hcap,4,262835460,3372315,6,Medal,4,0,2.97,1,1.88
2026-09-25,Ewan,R4 1750m Hcap,4,262835460,47692279,1,Mission House,2,0,11.38,0,4.4
2026-09-25,Ewan,R4 1750m Hcap,4,262835460,67259523,7,Engeline,5,0,15.31,0,5.6
2026-09-25,Ewan,R4 1750m Hcap,4,262835460,73221188,4,Rock The Sunrise,1,1,3.52,1,1.91
2026-09-25,Ewan,R4 1750m Hcap,4,262835460,94181894,3,Garinion Righ,3,0,13.73,0,5.6
2026-09-25,Ewan,R5 1750m Hcap,5,262835464,23721482,4,Vouchers,1,0,4.23,0,1.68
2026-09-25,Ewan,R5 1750m Hcap,5,262835464,41729795,1,Airwaves,5,1,6.51,1,2.09
2026-09-25,Ewan,R5 1750m Hcap,5,262835464,91530925,8,Khamis,4,0,7.34,1,2.49
2026-09-25,Ewan,R5 1750m Hcap,5,262835464,92996596,5,Mayor Of Kingston,2,0,3.52,1,1.59
2026-09-25,Ewan,,5,262835464,103125974,2,Convo,3,,,,
2026-09-25,Ewan,R6 1200m CL4,6,262835468,58371167,3,Russian Summer,5,0,12.5,0,2.89
2026-09-25,Ewan,R6 1200m CL4,6,262835468,62632566,1,Ask Me Mate,1,0,4.17,0,1.72
2026-09-25,Ewan,R6 1200m CL4,6,262835468,77688038,2,Novela,4,0,3.58,1,1.61
2026-09-25,Ewan,R6 1200m CL4,6,262835468,80856612,7,Tigon Princess,2,0,33.86,0,6.57
2026-09-25,Ewan,R6 1200m CL4,6,262835468,92087951,4,Bancory Bay,3,0,10.0,1,2.66
2026-09-25,Ewan,R7 1300m Hcap,7,262835472,4234375,4,Mordecai,3,0,25.43,0,5.7
2026-09-25,Ewan,R7 1300m Hcap,7,262835472,74572206,1,Bubblesnfroth,2,0,16.17,0,4.3
2026-09-25,Ewan,R7 1300m Hcap,7,262835472,81307707,8,Accept Power,5,0,25.0,0,5.8
2026-09-25,Ewan,R7 1300m Hcap,7,262835472,97693328,6,Bonnie Bouquet,4,0,10.34,0,3.3
2026-09-25,Ewan,R7 1300m Hcap,7,262835472,98996131,5,Shes A Beauty,1,0,6.97,1,2.24
2026-09-25,Launceston,R1 1400m CL1,1,262831724,84982638,12,The Pirate Queen,4,0,23.83,0,5.77
2026-09-25,Launceston,R1 1400m CL1,1,262831724,87094102,4,Knights Reign,3,0,11.5,0,2.98
2026-09-25,Launceston,R1 1400m CL1,1,262831724,91432812,11,Celestial Glow,5,0,20.05,0,4.29
2026-09-25,Launceston,R1 1400m CL1,1,262831724,100232412,1,Fuel On The Fire,2,0,6.93,1,2.2
2026-09-25,Launceston,R1 1400m CL1,1,262831724,102560745,2,Wolf Junior,1,0,2.27,1,1.33
2026-09-25,Launceston,R2 1200m Mdn,2,262831730,79257775,4,Toorak Lad,3,1,3.65,1,1.57
2026-09-25,Launceston,R2 1200m Mdn,2,262831730,93320638,9,Shbourne Rising,5,0,16.5,1,3.91
2026-09-25,Launceston,R2 1200m Mdn,2,262831730,101781708,12,Precious Illusion,4,0,10.25,0,2.56
2026-09-25,Launceston,R2 1200m Mdn,2,262831730,103090015,2,Red Winter,1,0,5.51,0,2.17
2026-09-25,Launceston,R2 1200m Mdn,2,262831730,103090020,11,Ezydoit,2,0,5.97,1,2.22
2026-09-25,Launceston,R3 1400m Mdn,3,262831736,95384842,7,Unfiltered,3,1,4.1,1,1.7
2026-09-25,Launceston,R3 1400m Mdn,3,262831736,98213976,4,Sorell Eagles,4,0,16.31,0,3.8
2026-09-25,Launceston,R3 1400m Mdn,3,262831736,98708788,6,Timely Needs,2,0,9.07,1,2.64
2026-09-25,Launceston,R3 1400m Mdn,3,262831736,102810327,8,Symphony Queen,1,0,3.27,0,1.49
2026-09-25,Launceston,R3 1400m Mdn,3,262831736,103090021,2,Shines Discreetly,5,0,13.0,0,3.71
2026-09-25,Launceston,R4 1400m Hcap,4,262831742,68637007,6,Geegee Strawberry,1,0,21.04,0,4.55
2026-09-25,Launceston,R4 1400m Hcap,4,262831742,69641722,1,Kakia,2,0,9.34,1,2.38
2026-09-25,Launceston,R4 1400m Hcap,4,262831742,72988530,9,Within Sight,3,0,47.82,0,9.8
2026-09-25,Launceston,R4 1400m Hcap,4,262831742,80438375,7,Snowdonia,4,0,6.0,1,1.94
2026-09-25,Launceston,R4 1400m Hcap,4,262831742,97210715,3,Whos In Dev,5,0,2.35,0,1.26
2026-09-25,Launceston,R5 1600m CL3,5,262831748,80026517,3,Only Old Once,5,0,39.11,0,6.6
2026-09-25,Launceston,R5 1600m CL3,5,262831748,89921569,4,Regal Hunter,4,0,5.37,1,1.69
2026-09-25,Launceston,R5 1600m CL3,5,262831748,100519509,7,Outsidethesquare,2,0,3.0,1,1.43
2026-09-25,Launceston,R5 1600m CL3,5,262831748,103090023,1,Sir Jag,1,0,9.34,0,2.49
2026-09-25,Launceston,R5 1600m CL3,5,262831748,103090024,2,Henley Extreme,3,1,4.24,1,1.62
2026-09-25,Launceston,R6 1100m CL1,6,262831754,84982633,6,Geegees Mercedes,2,0,10.15,0,3.15
2026-09-25,Launceston,R6 1100m CL1,6,262831754,90523885,10,Super Snippy,5,0,16.64,0,3.7
2026-09-25,Launceston,R6 1100m CL1,6,262831754,92702969,7,Miss Lyra,3,0,4.1,1,1.81
2026-09-25,Launceston,R6 1100m CL1,6,262831754,95919761,1,Just Plain Nuts,1,1,3.15,1,1.48
2026-09-25,Launceston,R6 1100m CL1,6,262831754,96495041,2,Course Of Action,4,0,30.0,1,7.0
2026-09-25,Launceston,R7 1100m Hcap,7,262831760,5988248,5,Alpine Thunder,3,0,18.76,0,3.95
2026-09-25,Launceston,R7 1100m Hcap,7,262831760,50997872,2,Thoros Of Myr,4,0,36.0,0,7.4
2026-09-25,Launceston,R7 1100m Hcap,7,262831760,82047641,3,Cherokee Dancer,2,0,65.5,0,8.0
2026-09-25,Launceston,R7 1100m Hcap,7,262831760,86102010,7,Zany Girl,1,0,2.96,1,1.27
2026-09-25,Launceston,R7 1100m Hcap,7,262831760,103090029,10,Mastretta,5,0,12.36,1,2.8
2026-09-25,Launceston,R8 1200m CL3,8,262831766,4925279,5,Artillery Fire,4,0,8.29,0,2.44
2026-09-25,Launceston,R8 1200m CL3,8,262831766,76658861,6,Fighting For Gold,1,1,4.0,1,1.61
2026-09-25,Launceston,R8 1200m CL3,8,262831766,81223838,2,Benefitsofmine,5,0,4.2,1,1.4
2026-09-25,Launceston,R8 1200m CL3,8,262831766,90799059,4,Southern Auroras,2,0,14.39,0,3.0
2026-09-25,Launceston,R8 1200m CL3,8,262831766,103090031,1,Ozonica,3,0,3.76,1,1.5
2026-09-25,Launceston,R9 2100m Hcap,9,262831772,49807161,1,Happy Clan,2,0,7.35,0,3.03
2026-09-25,Launceston,R9 2100m Hcap,9,262831772,52204767,3,Johnnie Pinch,1,0,2.84,0,1.77
2026-09-25,Launceston,R9 2100m Hcap,9,262831772,67855269,5,Native Clan,4,1,6.2,1,2.93
2026-09-25,Launceston,R9 2100m Hcap,9,262831772,97693969,2,Merlin Beach,3,0,4.92,1,2.22
2026-09-25,Launceston,R9 2100m Hcap,9,262831772,99982995,6,Alpine Trout,5,0,41.76,0,14.0
2026-09-25,Lismore,R1 1526m Mdn,1,262830177,62808823,5,Play It Cool,4,0,19.0,0,5.7
2026-09-25,Lismore,R1 1526m Mdn,1,262830177,90286937,1,Airhawk,5,1,10.0,1,4.2
2026-09-25,Lismore,R1 1526m Mdn,1,262830177,95263149,2,Sarmat,1,0,2.06,0,1.45
2026-09-25,Lismore,R1 1526m Mdn,1,262830177,103125447,6,So Sain,2,0,6.5,0,2.71
2026-09-25,Lismore,R1 1526m Mdn,1,262830177,103125449,8,Prestige Exotic,3,0,6.02,0,2.61
2026-09-25,Lismore,R2 2110m Hcap,2,262830180,2375193,3,Righteous,4,0,10.74,1,2.47
2026-09-25,Lismore,R2 2110m Hcap,2,262830180,36853036,8,Seeress,5,1,8.8,1,2.48
2026-09-25,Lismore,R2 2110m Hcap,2,262830180,62432131,2,Tewkesbury,1,0,2.56,1,1.37
2026-09-25,Lismore,R2 2110m Hcap,2,262830180,75480614,1,Caracoron,2,0,4.79,0,1.57
2026-09-25,Lismore,R2 2110m Hcap,2,262830180,82538233,6,Our Sparky,3,0,8.0,0,1.97
2026-09-25,Lismore,R3 1310m Hcap,3,262830183,57809790,1,Barello,1,0,9.28,0,2.88
2026-09-25,Lismore,R3 1310m Hcap,3,262830183,75434871,3,In The Fine Print,3,0,12.0,0,4.1
2026-09-25,Lismore,R3 1310m Hcap,3,262830183,76051806,7,Stoinka,2,0,29.95,0,6.4
2026-09-25,Lismore,R3 1310m Hcap,3,262830183,90457159,5,Doingiteasy,5,0,9.4,1,2.52
2026-09-25,Lismore,R3 1310m Hcap,3,262830183,90567937,2,Spicy Wings,4,0,4.1,0,2.05
2026-09-25,Lismore,R4 1410m CL3,4,262830186,809667,4,Transgress,2,0,3.15,0,1.47
2026-09-25,Lismore,R4 1410m CL3,4,262830186,53345542,3,Dark Chill,4,0,42.21,0,8.8
2026-09-25,Lismore,R4 1410m CL3,4,262830186,59082780,6,Jukebox In Siberia,1,1,23.7,1,5.0
2026-09-25,Lismore,R4 1410m CL3,4,262830186,84659246,1,Enhance,3,0,7.99,1,2.22
2026-09-25,Lismore,R4 1410m CL3,4,262830186,91692512,2,Jade Trees,5,0,3.3,0,1.46
2026-09-25,Lismore,R5 1210m Mdn,5,262830189,95580075,8,Coastal Boom,3,0,4.0,0,1.66
2026-09-25,Lismore,R5 1210m Mdn,5,262830189,98771968,1,Filthy,5,0,8.02,1,2.62
2026-09-25,Lismore,R5 1210m Mdn,5,262830189,103125454,7,Symbolise,1,0,42.0,0,7.8
2026-09-25,Lismore,R5 1210m Mdn,5,262830189,103125457,11,Yotei,4,0,3.76,1,1.55
2026-09-25,Lismore,R5 1210m Mdn,5,262830189,103125458,12,Aurora Blaze,2,1,7.65,1,2.28
2026-09-25,Lismore,R6 1210m CL1,6,262830192,96455453,1,Super Luck Dragon,4,0,40.15,0,4.79
2026-09-25,Lismore,R6 1210m CL1,6,262830192,97984866,5,Profiteurs Fil,1,0,1.41,1,1.15
2026-09-25,Lismore,,6,262830192,102402386,2,Il Fratello,5,,,,
2026-09-25,Lismore,R6 1210m CL1,6,262830192,103125466,4,Nine Mill,2,0,13.15,0,2.39
2026-09-25,Lismore,R6 1210m CL1,6,262830192,103125467,6,Bellarata,3,1,5.14,1,1.36
2026-09-25,Lismore,R7 1526m Hcap,7,262830195,60451571,3,Mickeys Medal,1,0,10.5,0,2.94
2026-09-25,Lismore,R7 1526m Hcap,7,262830195,65788408,2,Fukubana,2,0,4.81,1,1.84
2026-09-25,Lismore,R7 1526m Hcap,7,262830195,85017498,8,Carravilla,5,1,4.77,1,2.34
2026-09-25,Lismore,R7 1526m Hcap,7,262830195,100694637,5,Sosino,4,0,20.0,0,5.3
2026-09-25,Lismore,R7 1526m Hcap,7,262830195,103125474,12,Giapponese,3,0,5.64,0,2.18
2026-09-25,Lismore,R8 1210m Hcap,8,262830198,53112425,10,Lady Wardell,2,0,8.4,1,3.2
2026-09-25,Lismore,R8 1210m Hcap,8,262830198,62098310,5,Beaux Rumble,3,0,21.0,0,5.0
2026-09-25,Lismore,R8 1210m Hcap,8,262830198,68638011,6,Poseidons Son,4,0,32.0,0,8.0
2026-09-25,Lismore,R8 1210m Hcap,8,262830198,103125475,7,Cindersea,1,0,3.1,0,1.47
2026-09-25,Lismore,R8 1210m Hcap,8,262830198,103125477,13,Kingdom Undersiege,5,0,7.6,1,3.1
2026-09-25,Scone,R1 900m Mdn,1,262828584,5827083,1,Mainstay,1,1,1.37,1,1.06
2026-09-25,Scone,R1 900m Mdn,1,262828584,41919841,3,Boa Vista,2,0,17.5,1,1.89
2026-09-25,Scone,R1 900m Mdn,1,262828584,97660665,8,Spice Trail,5,0,5.8,0,1.28
2026-09-25,Scone,R1 900m Mdn,1,262828584,103125591,2,Apache Command,4,0,114.32,0,4.37
2026-09-25,Scone,R1 900m Mdn,1,262828584,103125594,7,Our Astute Lass,3,0,65.0,1,3.39
2026-09-25,Scone,R2 1400m Mdn,2,262828587,38405927,1,Akuma,3,0,25.09,0,3.0
2026-09-25,Scone,R2 1400m Mdn,2,262828587,100749461,8,Rockn On Uptown,4,0,30.0,0,3.4
2026-09-25,Scone,R2 1400m Mdn,2,262828587,103125596,4,Lope De Luna,2,1,2.46,1,1.15
2026-09-25,Scone,R2 1400m Mdn,2,262828587,103125597,5,Still Onit,5,0,24.0,0,3.4
2026-09-25,Scone,R2 1400m Mdn,2,262828587,103125599,9,A Little Bit Dusty,1,0,2.22,1,1.13
2026-09-25,Scone,R3 1600m CL2,3,262828590,78000244,6,Coella,4,0,40.19,0,5.6
2026-09-25,Scone,R3 1600m CL2,3,262828590,87205693,3,Nielsen Park,2,0,7.2,1,1.71
2026-09-25,Scone,R3 1600m CL2,3,262828590,95300772,1,Magic Merlin,1,1,3.1,1,1.38
2026-09-25,Scone,R3 1600m CL2,3,262828590,102667593,5,Supreme Statement,5,0,12.5,0,2.64
2026-09-25,Scone,R3 1600m CL2,3,262828590,103125601,4,Think Back,3,0,2.36,1,1.22
2026-09-25,Scone,R4 1300m CL1,4,262828593,78046048,2,Expido,1,0,3.65,1,1.46
2026-09-25,Scone,R4 1300m CL1,4,262828593,96219086,4,The Warrior,3,0,15.5,0,2.45
2026-09-25,Scone,R4 1300m CL1,4,262828593,101916950,1,Force March,5,1,3.35,1,1.33
2026-09-25,Scone,R4 1300m CL1,4,262828593,103125604,7,Summer Force,2,0,3.32,1,1.37
2026-09-25,Scone,R4 1300m CL1,4,262828593,103125606,9,Rosie I Am,4,0,330.4,0,46.0
2026-09-25,Scone,R5 1100m Mdn,5,262828596,6779699,1,Crime Of Passion,2,0,8.03,1,1.87
2026-09-25,Scone,R5 1100m Mdn,5,262828596,101883423,11,Cool Art,5,0,90.73,0,9.33
2026-09-25,Scone,R5 1100m Mdn,5,262828596,102632343,3,Prince Of Poetry,4,0,173.31,0,29.25
2026-09-25,Scone,R5 1100m Mdn,5,262828596,103125609,5,Shuda Known,3,1,2.32,1,1.33
2026-09-25,Scone,R5 1100m Mdn,5,262828596,103125612,12,Girl About Town,1,0,4.5,1,1.52
2026-09-25,Scone,R6 900m Hcap,6,262828599,53719377,4,Mr Trackside,2,0,17.04,0,3.6
2026-09-25,Scone,R6 900m Hcap,6,262828599,62685292,13,La Pelago,4,0,15.63,0,3.5
2026-09-25,Scone,R6 900m Hcap,6,262828599,86142695,6,Bonoyster,3,0,2.32,1,1.25
2026-09-25,Scone,R6 900m Hcap,6,262828599,86695593,7,Bally Isle,5,0,36.0,0,6.73
2026-09-25,Scone,R6 900m Hcap,6,262828599,100693183,8,Big Lon,1,0,5.48,0,1.72
2026-09-25,Scone,R7 1400m Hcap,7,262828602,582981,12,Mr Chips,4,0,7.37,0,2.53
2026-09-25,Scone,R7 1400m Hcap,7,262828602,43401117,5,Ring Ahoy,5,0,192.89,0,21.21
2026-09-25,Scone,R7 1400m Hcap,7,262828602,63296750,2,Zamborghini,2,0,40.44,1,8.7
2026-09-25,Scone,R7 1400m Hcap,7,262828602,83154696,9,Lady Olenna,1,0,4.09,0,1.71
2026-09-25,Scone,R7 1400m Hcap,7,262828602,85250203,3,Pensativa,3,0,20.17,0,4.15
2026-09-25,Scone,R8 1200m Hcap,8,262828605,44389198,2,Manage The Cycle,1,0,27.55,0,6.65
2026-09-25,Scone,R8 1200m Hcap,8,262828605,68930913,5,Orsum,4,0,5.82,1,2.02
2026-09-25,Scone,R8 1200m Hcap,8,262828605,77020713,3,Panta Rhei,5,1,3.4,1,1.53
2026-09-25,Scone,R8 1200m Hcap,8,262828605,102870427,15,Laizabout,3,0,7.8,0,2.46
2026-09-25,Scone,R8 1200m Hcap,8,262828605,103125622,9,City Gold Speed,2,0,6.37,0,2.0
2026-09-25,Sunshine Coast,R1 1200m Mdn,1,262832068,103125700,1,Mission Of Joy,2,1,2.85,1,1.37
2026-09-25,Sunshine Coast,R1 1200m Mdn,1,262832068,103125702,3,Seaticflash,1,0,7.54,1,2.12
2026-09-25,Sunshine Coast,R1 1200m Mdn,1,262832068,103125706,10,Miss Kit Kat,5,0,36.0,0,5.05
2026-09-25,Sunshine Coast,R1 1200m Mdn,1,262832068,103125708,12,Sheza Boom,3,0,2.87,1,1.37
2026-09-25,Sunshine Coast,R2 1200m Mdn,2,262832072,5637910,4,Monotone,1,1,1.72,1,1.19
2026-09-25,Sunshine Coast,R2 1200m Mdn,2,262832072,77927993,16,Shaque Damour,4,0,20.01,1,3.65
2026-09-25,Sunshine Coast,R2 1200m Mdn,2,262832072,103125712,6,Jungle Wonder,2,0,27.0,0,4.1
2026-09-25,Sunshine Coast,R2 1200m Mdn,2,262832072,103125715,10,Varejao,3,0,23.0,0,3.7
2026-09-25,Sunshine Coast,R2 1200m Mdn,2,262832072,103125720,15,No Wallet Reg,5,0,7.12,1,1.88
2026-09-25,Sunshine Coast,R3 1200m CL5,3,262832076,6377484,12,Crackenthorpe,3,0,4.17,1,1.93
2026-09-25,Sunshine Coast,R3 1200m CL5,3,262832076,40775784,10,Super Daisy,4,0,9.84,0,3.9
2026-09-25,Sunshine Coast,R3 1200m CL5,3,262832076,64546523,6,Mishani Crown,2,1,2.86,1,1.62
2026-09-25,Sunshine Coast,R3 1200m CL5,3,262832076,79258740,4,Bews,5,0,21.0,0,11.35
2026-09-25,Sunshine Coast,R3 1200m CL5,3,262832076,103125721,7,Streak Of Winning,1,0,5.8,0,2.58
2026-09-25,Sunshine Coast,R4 1000m Hcap,4,262832080,65787827,5,Moaksun,4,0,5.85,0,1.72
2026-09-25,Sunshine Coast,R4 1000m Hcap,4,262832080,93206936,2,Sweet Hesitation,2,0,29.61,0,5.15
2026-09-25,Sunshine Coast,R4 1000m Hcap,4,262832080,103125723,1,Oohlalouvre,1,1,2.7,1,1.31
2026-09-25,Sunshine Coast,R4 1000m Hcap,4,262832080,103125724,3,Impact Zone,5,0,5.6,1,1.98
2026-09-25,Sunshine Coast,R4 1000m Hcap,4,262832080,103125725,6,Cryptic Beauty,3,0,3.87,1,1.52
2026-09-25,Sunshine Coast,R5 1400m Hcap,5,262832084,19167442,9,Divine Justice,5,1,3.43,1,1.7
2026-09-25,Sunshine Coast,R5 1400m Hcap,5,262832084,69096509,8,Coney Island Baby,1,0,21.69,0,5.6
2026-09-25,Sunshine Coast,R5 1400m Hcap,5,262832084,71342177,13,Poutchek,4,0,27.33,0,6.2
2026-09-25,Sunshine Coast,R5 1400m Hcap,5,262832084,84222473,7,Caishen,3,0,10.12,1,2.95
2026-09-25,Sunshine Coast,R5 1400m Hcap,5,262832084,103125727,14,Red Samovar,2,0,3.9,0,1.83
2026-09-25,Sunshine Coast,R6 1800m CL1,6,262832088,6219547,8,Lane Changer,1,0,9.09,0,2.81
2026-09-25,Sunshine Coast,R6 1800m CL1,6,262832088,77645992,7,Ready To Drink,5,0,14.0,0,3.8
2026-09-25,Sunshine Coast,R6 1800m CL1,6,262832088,82375969,9,Lord Danilo,4,0,16.0,1,3.51
2026-09-25,Sunshine Coast,R6 1800m CL1,6,262832088,89348521,4,Amelioration,3,1,2.77,1,1.4
2026-09-25,Sunshine Coast,R6 1800m CL1,6,262832088,97416826,3,Kharif,2,0,9.22,0,2.62
2026-09-25,Sunshine Coast,R7 1000m Mdn,7,262832092,101553585,10,Itsall About Mary,4,0,16.12,0,3.3
2026-09-25,Sunshine Coast,R7 1000m Mdn,7,262832092,102403402,1,Andrille,3,0,21.0,0,4.28
2026-09-25,Sunshine Coast,R7 1000m Mdn,7,262832092,102632398,12,Poetic Belle,5,0,10.5,1,2.72
2026-09-25,Sunshine Coast,R7 1000m Mdn,7,262832092,102810199,9,Flaressence,1,1,2.05,1,1.24
2026-09-25,Sunshine Coast,R7 1000m Mdn,7,262832092,103125733,8,Bold Nomad,2,0,4.6,0,1.83
2026-09-26,Belmont,R1 1000m Hcap,1,262834658,685051,7,Storm Lord,5,0,140.32,0,32.0
2026-09-26,Belmont,R1 1000m Hcap,1,262834658,46837344,6,Melody Fair,4,0,29.97,0,9.03
2026-09-26,Belmont,R1 1000m Hcap,1,262834658,80027512,3,Bosisto,3,0,4.2,0,2.36
2026-09-26,Belmont,R1 1000m Hcap,1,262834658,83313442,4,Anaballistic,2,1,4.3,1,2.1
2026-09-26,Belmont,R1 1000m Hcap,1,262834658,85713317,2,Lucky I Am,1,0,3.14,1,1.7
2026-09-26,Belmont,R2 1400m 3yo,2,262834667,9420937,5,Roger,3,1,6.47,1,2.26
2026-09-26,Belmont,R2 1400m 3yo,2,262834667,98960863,1,Swift Ruler,1,0,3.55,1,1.51
2026-09-26,Belmont,R2 1400m 3yo,2,262834667,103127536,2,Rocktex,2,0,20.0,0,4.22
2026-09-26,Belmont,R2 1400m 3yo,2,262834667,103127537,3,Rogue Ruler,4,0,8.2,1,2.54
2026-09-26,Belmont,R2 1400m 3yo,2,262834667,103127538,4,Mr Mellon,5,0,11.0,0,3.5
2026-09-26,Belmont,R3 1200m Hcap,3,262834676,86820775,1,Champagne Crusader,3,0,3.0,0,1.37
2026-09-26,Belmont,R3 1200m Hcap,3,262834676,96968291,8,So Si God,1,1,3.14,1,1.34
2026-09-26,Belmont,R3 1200m Hcap,3,262834676,103127541,4,Strideaway,2,0,28.45,1,5.1
2026-09-26,Belmont,R3 1200m Hcap,3,262834676,103127543,9,Delzee,5,0,6.4,1,2.34
2026-09-26,Belmont,R3 1200m Hcap,3,262834676,103127544,10,Great Promise,4,0,18.5,0,3.35
2026-09-26,Belmont,R4 2200m Hcap,4,262834685,2414762,9,Decision Maker,4,0,19.0,0,4.59
2026-09-26,Belmont,R4 2200m Hcap,4,262834685,73105087,2,All Grunt,2,0,8.87,1,2.62
2026-09-26,Belmont,R4 2200m Hcap,4,262834685,76660373,6,Chollima,3,0,5.8,0,1.95
2026-09-26,Belmont,R4 2200m Hcap,4,262834685,81157221,4,Starwalker,5,0,10.55,1,2.55
2026-09-26,Belmont,R4 2200m Hcap,4,262834685,90569150,3,Miss Veuve,1,1,3.3,1,1.59
2026-09-26,Belmont,R5 1600m Hcap,5,262834694,43528246,6,Supernatural,2,0,7.39,0,2.12
2026-09-26,Belmont,R5 1600m Hcap,5,262834694,46969798,2,Olys Choice,3,0,17.5,1,3.04
2026-09-26,Belmont,R5 1600m Hcap,5,262834694,61524717,1,Arcadia Knight,4,0,6.4,0,1.81
2026-09-26,Belmont,R5 1600m Hcap,5,262834694,83837869,9,Rosie Can Run,5,0,44.0,0,5.5
2026-09-26,Belmont,R5 1600m Hcap,5,262834694,103127545,7,Silent Diva,1,1,1.92,1,1.23
2026-09-26,Belmont,R6 1600m Hcap,6,262834703,8963972,1,Bosun,2,0,1.84,0,1.21
2026-09-26,Belmont,R6 1600m Hcap,6,262834703,64123110,12,Village Girl,5,0,229.29,0,21.44
2026-09-26,Belmont,R6 1600m Hcap,6,262834703,66240673,5,Our Rocky Bay,4,0,40.0,0,6.55
2026-09-26,Belmont,R6 1600m Hcap,6,262834703,103127546,3,Swift Talker,3,0,6.4,0,1.83
2026-09-26,Belmont,R6 1600m Hcap,6,262834703,103127547,7,I Love Ya Money,1,1,10.81,1,2.45
2026-09-26,Belmont,R7 1200m Hcap,7,262834712,21560854,12,Like Clockwork,1,1,1.76,1,1.21
2026-09-26,Belmont,R7 1200m Hcap,7,262834712,66733944,7,Kraken Time,4,0,6.8,0,1.97
2026-09-26,Belmont,R7 1200m Hcap,7,262834712,79994189,3,Horcrux,3,0,7.8,1,2.12
2026-09-26,Belmont,R7 1200m Hcap,7,262834712,90253339,6,Rolling Ruler,5,0,29.0,0,3.86
2026-09-26,Belmont,R7 1200m Hcap,7,262834712,94137513,8,Street Band,2,0,24.42,1,3.89
2026-09-26,Belmont,R8 1400m Hcap,8,262834721,88070372,6,Gods Gate,3,0,14.48,0,4.09
2026-09-26,Belmont,R8 1400m Hcap,8,262834721,92676902,7,Supido Express,5,0,40.0,0,8.2
2026-09-26,Belmont,R8 1400m Hcap,8,262834721,97631774,1,Snow God,2,0,6.6,0,2.5
2026-09-26,Belmont,R8 1400m Hcap,8,262834721,103127549,3,Streak Of God,1,1,4.94,1,1.94
2026-09-26,Belmont,R8 1400m Hcap,8,262834721,103127550,9,Streamlined,4,0,3.25,1,1.71
2026-09-26,Canberra,R2 1200m Hcap,2,262868105,2513682,6,Rose Aye,1,1,2.34,1,1.33
2026-09-26,Canberra,R2 1200m Hcap,2,262868105,79802920,11,Stupendo,4,0,22.0,1,5.1
2026-09-26,Canberra,R2 1200m Hcap,2,262868105,91432567,4,Hell Of A Fox,5,0,12.0,0,3.35
2026-09-26,Canberra,R2 1200m Hcap,2,262868105,94735808,3,Graceful Ellen,2,0,6.8,1,2.14
2026-09-26,Canberra,R2 1200m Hcap,2,262868105,103158953,7,Cholante,3,0,9.4,0,2.8
2026-09-26,Canberra,R3 1000m Hcap,3,262868108,20849957,3,Vainstream,4,0,4.76,1,1.94
2026-09-26,Canberra,R3 1000m Hcap,3,262868108,81562412,5,Media Coverage,2,0,11.5,0,3.58
2026-09-26,Canberra,R3 1000m Hcap,3,262868108,83154663,6,Soho Sushi,1,0,8.98,0,2.58
2026-09-26,Canberra,R3 1000m Hcap,3,262868108,96534296,2,Prophet Time,5,0,4.87,0,2.5
2026-09-26,Canberra,R3 1000m Hcap,3,262868108,103158955,1,Drama Dodger,3,1,12.62,1,3.23
2026-09-26,Canberra,R4 1600m Mdn,4,262868111,79767381,6,Avalon Lady,5,1,3.15,1,1.58
2026-09-26,Canberra,R4 1600m Mdn,4,262868111,95022954,4,Better Bloom,4,0,5.08,0,1.98
2026-09-26,Canberra,R4 1600m Mdn,4,262868111,100019654,3,Northy Lad,1,0,3.53,0,1.55
2026-09-26,Canberra,R4 1600m Mdn,4,262868111,103158956,2,Milchel,2,0,9.6,0,2.62
2026-09-26,Canberra,R4 1600m Mdn,4,262868111,103158957,7,Fulminas Legacy,3,0,18.95,0,4.2
2026-09-26,Canberra,R5 2000m Hcap,5,262868114,1437375,2,Tabor,4,0,11.97,0,2.94
2026-09-26,Canberra,R5 2000m Hcap,5,262868114,71619133,6,Unmatched,3,1,4.4,1,1.9
2026-09-26,Canberra,R5 2000m Hcap,5,262868114,76052286,3,It Is To Be,2,0,4.0,1,1.68
2026-09-26,Canberra,R5 2000m Hcap,5,262868114,79802914,1,Brazen Crime,1,0,4.95,0,2.06
2026-09-26,Canberra,R5 2000m Hcap,5,262868114,91807077,8,Evokes,5,0,7.0,1,2.38
2026-09-26,Canberra,R6 1200m Mdn,6,262868117,869558,5,Dont Back Down,5,0,60.0,0,10.0
2026-09-26,Canberra,R6 1200m Mdn,6,262868117,79330426,1,Entirely Oak,4,0,6.72,0,2.13
2026-09-26,Canberra,R6 1200m Mdn,6,262868117,97242423,2,Hellfire Henry,1,0,2.52,0,1.39
2026-09-26,Canberra,R6 1200m Mdn,6,262868117,103158960,9,Nutbush Dancer,3,0,12.76,0,3.35
2026-09-26,Canberra,R6 1200m Mdn,6,262868117,103158963,13,Amahtrom,2,0,25.0,1,5.48
2026-09-26,Dubbo,,1,262899379,58672084,15,Box Of Crackers,1,,,,
2026-09-26,Gold Coast,R2 1000m Mdn,2,262868859,2507261,5,Texas,1,0,5.74,1,3.38
2026-09-26,Gold Coast,R2 1000m Mdn,2,262868859,4334136,7,Dirty Harry,4,1,7.25,1,3.67
2026-09-26,Gold Coast,R2 1000m Mdn,2,262868859,69334282,6,Captain Blood,3,0,8.2,0,3.65
2026-09-26,Gold Coast,R2 1000m Mdn,2,262868859,81562908,1,King Of Valhalla,2,0,6.75,0,3.03
2026-09-26,Gold Coast,R2 1000m Mdn,2,262868859,86389057,3,Magic Invader,5,0,3.23,0,1.88
2026-09-26,Gold Coast,R3 1800m Hcap,3,262868863,56089753,1,Chayse N Artie,5,0,11.0,1,3.25
2026-09-26,Gold Coast,R3 1800m Hcap,3,262868863,84732843,8,Got Yourself A Gun,4,0,34.0,0,8.16
2026-09-26,Gold Coast,R3 1800m Hcap,3,262868863,86347369,4,Dracena,1,0,4.9,0,1.94
2026-09-26,Gold Coast,R3 1800m Hcap,3,262868863,86347369,4,Dracena,3,0,4.9,0,1.94
2026-09-26,Gold Coast,R3 1800m Hcap,3,262868863,103159119,5,Dream Thinker,2,0,5.81,0,1.89
2026-09-26,Gold Coast,R4 1400m Hcap,4,262868867,659163,2,Cape Crusader,2,0,9.0,0,2.3
2026-09-26,Gold Coast,R4 1400m Hcap,4,262868867,57883765,3,Little Beginnings,1,1,4.97,1,1.96
2026-09-26,Gold Coast,R4 1400m Hcap,4,262868867,57883765,3,Little Beginnings,4,1,4.97,1,1.96
2026-09-26,Gold Coast,R4 1400m Hcap,4,262868867,79803829,5,The Catch,5,0,14.54,1,3.08
2026-09-26,Gold Coast,R4 1400m Hcap,4,262868867,100720875,7,Awaygoesthebunny,3,0,4.0,0,1.6
2026-09-26,Gold Coast,R5 1000m CL4,5,262868871,2917152,5,Propaganda,1,1,1.75,1,1.19
2026-09-26,Gold Coast,R5 1000m CL4,5,262868871,2917152,5,Propaganda,2,1,1.75,1,1.19
2026-09-26,Gold Coast,R5 1000m CL4,5,262868871,78001748,3,The Bear,5,0,25.0,0,4.5
2026-09-26,Gold Coast,R5 1000m CL4,5,262868871,82153886,1,Pareto,3,0,6.79,0,1.9
2026-09-26,Gold Coast,R5 1000m CL4,5,262868871,93207345,2,The Gambling Greek,4,0,13.0,1,2.64
2026-09-26,Gold Coast,R6 1200m CL2,6,262868875,13237644,4,Immediate,2,0,6.87,0,1.78
2026-09-26,Gold Coast,R6 1200m CL2,6,262868875,76959652,1,Carnegie Hill,5,0,11.0,0,2.42
2026-09-26,Gold Coast,R6 1200m CL2,6,262868875,83409412,5,Carbonara,3,0,7.6,1,2.34
2026-09-26,Gold Coast,R6 1200m CL2,6,262868875,97393418,3,Champagne Lane,1,1,2.68,1,1.4
2026-09-26,Gold Coast,R6 1200m CL2,6,262868875,103159122,2,Col Burn,4,0,4.23,1,1.57
2026-09-26,Gold Coast,R7 1400m Hcap,7,262868879,73482639,3,Duke Of Camden,5,0,3.2,1,1.36
2026-09-26,Gold Coast,R7 1400m Hcap,7,262868879,87093520,2,Chicago King,4,0,3.7,1,1.57
2026-09-26,Gold Coast,R7 1400m Hcap,7,262868879,103159125,9,Till Dusk,1,1,3.61,1,1.47
2026-09-26,Gold Coast,R7 1400m Hcap,7,262868879,103159125,9,Till Dusk,2,1,3.61,1,1.47
2026-09-26,Gold Coast,R7 1400m Hcap,7,262868879,103159125,9,Till Dusk,3,1,3.61,1,1.47
2026-09-26,Gold Coast,R8 1000m Hcap,8,262868883,8032790,1,Aeternum,4,0,14.5,0,4.1
2026-09-26,Gold Coast,,8,262868883,58099847,8,Shapin Power,5,,,,
2026-09-26,Gold Coast,R8 1000m Hcap,8,262868883,89886227,15,Extreme Spirit,1,0,5.2,1,2.08
2026-09-26,Gold Coast,R8 1000m Hcap,8,262868883,101883867,6,Zavega,3,1,2.94,1,1.42
2026-09-26,Gold Coast,R8 1000m Hcap,8,262868883,103159129,2,I Am Gone,2,0,16.5,0,4.9
2026-09-26,Kembla Grange,R2 1400m CL1,2,262868145,1363538,6,Pulsator,2,1,2.52,1,1.22
2026-09-26,Kembla Grange,R2 1400m CL1,2,262868145,3180285,3,Audit,5,0,129.99,0,14.0
2026-09-26,Kembla Grange,R2 1400m CL1,2,262868145,90324340,7,Blue Eyed Brigid,3,0,13.68,1,2.6
2026-09-26,Kembla Grange,R2 1400m CL1,2,262868145,94352255,2,Cap Dail,4,0,5.84,0,1.41
2026-09-26,Kembla Grange,R2 1400m CL1,2,262868145,103159509,5,Montresor,1,0,2.78,1,1.1
2026-09-26,Kembla Grange,R3 1600m Mdn,3,262868148,95879041,9,Nomadic,1,1,2.24,1,1.33
2026-09-26,Kembla Grange,R3 1600m Mdn,3,262868148,97631224,4,Kawerau,3,0,38.24,0,5.4
2026-09-26,Kembla Grange,R3 1600m Mdn,3,262868148,102134890,3,Buongiorno,2,0,14.27,1,2.7
2026-09-26,Kembla Grange,R3 1600m Mdn,3,262868148,103159511,6,Van Hoven,4,0,4.94,1,1.99
2026-09-26,Kembla Grange,R3 1600m Mdn,3,262868148,103159513,8,Kiviska,5,0,4.5,0,1.48
2026-09-26,Kembla Grange,R4 1400m Mdn,4,262868151,102134901,8,Boston Glide,3,0,28.0,1,5.25
2026-09-26,Kembla Grange,R4 1400m Mdn,4,262868151,103159515,2,Loreal Belle,4,0,9.6,0,2.94
2026-09-26,Kembla Grange,R4 1400m Mdn,4,262868151,103159517,4,Vision In A Dream,2,0,3.69,1,1.54
2026-09-26,Kembla Grange,R4 1400m Mdn,4,262868151,103159519,7,Moordyup,1,0,4.18,0,1.9
2026-09-26,Kembla Grange,R4 1400m Mdn,4,262868151,103159522,12,The Wildling,5,0,10.0,0,2.49
2026-09-26,Kembla Grange,R5 1200m Mdn,5,262868154,10003925,2,Gianluca,5,0,213.44,0,34.0
2026-09-26,Kembla Grange,R5 1200m Mdn,5,262868154,78781753,1,Brutal Advance,3,0,9.0,1,1.62
2026-09-26,Kembla Grange,R5 1200m Mdn,5,262868154,101639284,7,Bound For Pattaya,2,0,53.16,0,6.81
2026-09-26,Kembla Grange,R5 1200m Mdn,5,262868154,103159527,11,Beyond The Reef,4,0,6.6,1,1.55
2026-09-26,Kembla Grange,R5 1200m Mdn,5,262868154,103159528,12,Screen Icon,1,1,1.56,1,1.11
2026-09-26,Kembla Grange,R6 1600m Hcap,6,262868157,49063308,3,Satness,1,1,7.36,1,3.3
2026-09-26,Kembla Grange,R6 1600m Hcap,6,262868157,64367243,4,Tom Cruising,4,0,8.61,0,3.88
2026-09-26,Kembla Grange,R6 1600m Hcap,6,262868157,71342667,2,Fabrice,5,0,15.0,0,7.61
2026-09-26,Kembla Grange,R6 1600m Hcap,6,262868157,94950145,1,Feazabeel,2,0,4.04,1,2.07
2026-09-26,Kembla Grange,R6 1600m Hcap,6,262868157,101183335,5,Erina,3,0,4.8,0,3.1
2026-09-26,Kembla Grange,R7 2000m CL1,7,262868160,255374,3,Gentle Giant,4,0,15.0,0,4.52
2026-09-26,Kembla Grange,R7 2000m CL1,7,262868160,90524777,6,Luna Bay,1,0,9.4,0,2.7
2026-09-26,Kembla Grange,R7 2000m CL1,7,262868160,94984406,11,Legaselli,2,0,4.5,0,1.92
2026-09-26,Kembla Grange,R7 2000m CL1,7,262868160,103159530,2,Derry City Felix,5,0,12.5,0,3.23
2026-09-26,Kembla Grange,R7 2000m CL1,7,262868160,103159533,13,Stitzer,3,0,3.85,0,1.84
2026-09-26,Kembla Grange,R8 1200m Hcap,8,262868163,1469979,5,Be Quiet,1,0,4.1,0,1.59
2026-09-26,Kembla Grange,R8 1200m Hcap,8,262868163,77728517,2,Dances With Hooves,2,0,12.5,0,2.97
2026-09-26,Kembla Grange,R8 1200m Hcap,8,262868163,79524569,6,Peleus,5,1,3.5,1,1.51
2026-09-26,Kembla Grange,R8 1200m Hcap,8,262868163,91203535,12,Azure Angel,4,0,18.88,1,4.6
2026-09-26,Kembla Grange,R8 1200m Hcap,8,262868163,96965568,10,Me Me,3,0,5.3,1,1.91
2026-09-26,Longreach,R1 1200m Mdn,1,262867316,1125142,7,Simply Smashing,5,0,65.0,0,14.5
2026-09-26,Longreach,R1 1200m Mdn,1,262867316,4051328,3,Coronation Day,1,0,2.3,1,1.4
2026-09-26,Longreach,R1 1200m Mdn,1,262867316,51031985,2,Bel Song,2,1,5.1,1,2.56
2026-09-26,Longreach,R1 1200m Mdn,1,262867316,102933194,5,Graphien,4,0,14.0,0,4.9
2026-09-26,Longreach,R1 1200m Mdn,1,262867316,103159440,4,Fyansford Flyer,3,0,3.76,0,1.71
2026-09-26,Longreach,R2 1000m Hcap,2,262867320,61593211,3,Boomroux,3,1,2.61,1,1.66
2026-09-26,Longreach,R2 1000m Hcap,2,262867320,70632903,5,Salt Lake Betty,2,0,5.19,0,3.0
2026-09-26,Longreach,R2 1000m Hcap,2,262867320,85017434,6,Imminent Boom,5,0,12.04,1,3.9
2026-09-26,Longreach,R2 1000m Hcap,2,262867320,90287143,1,Yukan Rose,1,0,17.0,0,5.3
2026-09-26,Longreach,R2 1000m Hcap,2,262867320,99206459,7,Penrod,4,0,10.69,0,3.85
2026-09-26,Longreach,R3 1000m CL3,3,262867324,3328811,1,Noble Intent,1,0,7.15,0,2.98
2026-09-26,Longreach,R3 1000m CL3,3,262867324,70102485,3,Royalify,2,0,1.9,1,1.37
2026-09-26,Longreach,R3 1000m CL3,3,262867324,75914453,7,Tell Us Toll,4,0,9.8,0,3.8
2026-09-26,Longreach,R3 1000m CL3,3,262867324,80026496,4,Galath,3,0,10.67,0,3.7
2026-09-26,Longreach,R3 1000m CL3,3,262867324,103159442,5,Kensingtons Jewel,5,1,21.0,1,7.6
2026-09-26,Longreach,R4 1200m Hcap,4,262867328,3772420,3,Peninsula,2,0,4.4,0,1.98
2026-09-26,Longreach,R4 1200m Hcap,4,262867328,27202512,2,Scorched Land,1,0,8.4,1,3.7
2026-09-26,Longreach,R4 1200m Hcap,4,262867328,65601430,1,The Hanger Cat,5,0,24.4,0,10.5
2026-09-26,Longreach,R4 1200m Hcap,4,262867328,67856302,5,Im Zac,4,0,2.94,0,1.79
2026-09-26,Longreach,R4 1200m Hcap,4,262867328,97242962,7,Inquisitive Legend,3,1,6.6,1,2.96
2026-09-26,Longreach,R5 1300m CL5,5,262867332,511123,1,Cold One,1,0,27.01,0,5.5
2026-09-26,Longreach,R5 1300m CL5,5,262867332,1075407,5,Desert Star,2,0,12.14,0,2.66
2026-09-26,Longreach,R5 1300m CL5,5,262867332,2134160,2,Deferential,3,0,10.94,0,2.74
2026-09-26,Longreach,R5 1300m CL5,5,262867332,48489296,4,Schmoozer,5,1,7.35,1,2.3
2026-09-26,Longreach,R5 1300m CL5,5,262867332,66032811,9,You Kay Squeeze,4,0,9.3,0,2.63
2026-09-26,Longreach,R6 1200m Hcap,6,262867336,5931532,7,Forgetaboutit,5,0,9.65,0,3.25
2026-09-26,Longreach,R6 1200m Hcap,6,262867336,37582794,12,Freddie Eddie,3,0,31.77,0,6.2
2026-09-26,Longreach,R6 1200m Hcap,6,262867336,51432500,11,Valiant Joan,2,1,6.21,1,2.42
2026-09-26,Longreach,R6 1200m Hcap,6,262867336,77729294,9,Run Freda Run,4,0,14.93,0,4.6
2026-09-26,Longreach,R6 1200m Hcap,6,262867336,80718243,1,Tahkian Bubbles,1,0,17.0,0,4.6
2026-09-26,Longreach,R7 1600m Hcap,7,262867340,50294156,2,Green Shadows,1,1,8.4,1,2.76
2026-09-26,Longreach,R7 1600m Hcap,7,262867340,53183617,1,Testator Silens,4,0,8.24,1,2.56
2026-09-26,Longreach,R7 1600m Hcap,7,262867340,55745963,5,Little Cointreau,5,0,3.7,0,1.62
2026-09-26,Longreach,R7 1600m Hcap,7,262867340,82117013,9,Bold Smuggler,3,0,36.6,0,7.4
2026-09-26,Longreach,R7 1600m Hcap,7,262867340,84223181,10,Final Mission,2,0,22.0,1,5.32
2026-09-26,Mingenew,R1 1400m Hcap,1,262870066,2991371,5,Blitz,3,0,10.27,0,3.47
2026-09-26,Mingenew,R1 1400m Hcap,1,262870066,103127139,1,Quick Cookie,1,1,1.49,1,1.26
2026-09-26,Mingenew,R1 1400m Hcap,1,262870066,103127140,2,Danea Rock,2,0,11.0,1,3.37
2026-09-26,Mingenew,R1 1400m Hcap,1,262870066,103127141,4,Tiny Champion,4,0,25.0,0,5.8
2026-09-26,Mingenew,R1 1400m Hcap,1,262870066,103127142,6,Sweet Eyes,5,0,12.32,0,3.2
2026-09-26,Mingenew,R2 1200m Mdn,2,262870070,599565,1,Any Questions,5,0,10.59,1,3.05
2026-09-26,Mingenew,R2 1200m Mdn,2,262870070,2458506,10,Als Gal,2,0,5.87,0,2.22
2026-09-26,Mingenew,R2 1200m Mdn,2,262870070,77387045,5,Dixie Princess,3,0,25.17,0,6.8
2026-09-26,Mingenew,R2 1200m Mdn,2,262870070,91873330,8,Raylana,4,0,4.58,1,1.74
2026-09-26,Mingenew,R2 1200m Mdn,2,262870070,97480978,2,Kallahti,1,0,7.29,0,2.8
2026-09-26,Mingenew,R3 1200m Hcap,3,262870074,874611,3,Intoxicating,4,0,6.75,1,2.26
2026-09-26,Mingenew,R3 1200m Hcap,3,262870074,3492716,10,Golden Opera,5,0,18.5,0,5.4
2026-09-26,Mingenew,R3 1200m Hcap,3,262870074,60816314,1,Pretty Devine,1,0,3.59,0,1.68
2026-09-26,Mingenew,R3 1200m Hcap,3,262870074,80026754,5,Addictive Dream,3,1,8.19,1,2.32
2026-09-26,Mingenew,R3 1200m Hcap,3,262870074,99428285,6,Le Troy,2,0,10.68,0,3.15
2026-09-26,Mingenew,R4 1200m Hcap,4,262870078,25963189,1,Lacevinsky,5,0,28.0,0,5.2
2026-09-26,Mingenew,R4 1200m Hcap,4,262870078,48198537,2,Kote,1,0,3.12,0,1.62
2026-09-26,Mingenew,R4 1200m Hcap,4,262870078,51454856,3,Fameux,4,0,8.8,0,2.66
2026-09-26,Mingenew,R4 1200m Hcap,4,262870078,65895209,4,Ruler Rocket,2,1,6.4,1,2.42
2026-09-26,Mingenew,R4 1200m Hcap,4,262870078,83378995,5,Shooting Kontiki,3,0,23.0,0,4.1
2026-09-26,Mingenew,R5 2000m Cup,5,262870082,3661118,7,Space Ace,3,0,14.74,0,6.6
2026-09-26,Mingenew,R5 2000m Cup,5,262870082,8442893,2,Got Lucky,2,0,15.75,1,5.6
2026-09-26,Mingenew,R5 2000m Cup,5,262870082,18739886,3,Mystical Man,5,0,7.6,0,2.54
2026-09-26,Mingenew,R5 2000m Cup,5,262870082,53719992,1,Hard Questions,1,1,3.16,1,1.35
2026-09-26,Mingenew,R5 2000m Cup,5,262870082,61105114,5,Fries With That,4,0,5.6,0,1.8
2026-09-26,Mingenew,R6 1400m Hcap,6,262870086,3726845,4,Western Impact,4,0,5.4,1,1.87
2026-09-26,Mingenew,R6 1400m Hcap,6,262870086,5598699,3,One Punch,2,0,11.28,0,3.55
2026-09-26,Mingenew,R6 1400m Hcap,6,262870086,77302739,6,Sunshine Tafe,3,0,12.5,0,3.27
2026-09-26,Mingenew,R6 1400m Hcap,6,262870086,77962903,1,Repeater,1,1,2.9,1,1.58
2026-09-26,Mingenew,R6 1400m Hcap,6,262870086,100695101,7,Blowin Smoke,5,0,10.05,1,2.88
2026-09-26,Mornington,R3 1200m Hcap,3,262829854,78756388,1,Keep Your Cool,2,0,6.6,0,2.14
2026-09-26,Mornington,R3 1200m Hcap,3,262829854,93827281,9,Moby Dick,5,0,12.5,0,3.59
2026-09-26,Mornington,R3 1200m Hcap,3,262829854,103126136,2,Space Rider,3,0,17.51,1,4.8
2026-09-26,Mornington,R3 1200m Hcap,3,262829854,103126138,6,Ferivia,4,0,22.84,1,5.8
2026-09-26,Mornington,R3 1200m Hcap,3,262829854,103126139,10,Naval Academy,1,0,5.29,0,2.03
2026-09-26,Mornington,R4 1000m Hcap,4,262829863,16325390,7,Tres Magnifique,1,0,2.6,1,1.47
2026-09-26,Mornington,R4 1000m Hcap,4,262829863,60694983,3,Perilous Fighter,5,0,60.0,0,10.82
2026-09-26,Mornington,R4 1000m Hcap,4,262829863,83904245,6,Harry Got Styles,2,0,7.05,0,2.34
2026-09-26,Mornington,R4 1000m Hcap,4,262829863,89347607,9,Saluted,3,0,8.6,1,2.3
2026-09-26,Mornington,R4 1000m Hcap,4,262829863,96181141,4,Charcoals,4,0,18.0,0,3.84
2026-09-26,Mornington,R5 2000m Hcap,5,262829872,950801,9,House Of Lords,5,0,39.07,0,9.04
2026-09-26,Mornington,R5 2000m Hcap,5,262829872,43836740,4,Lincoln Rocks,4,0,8.8,0,3.05
2026-09-26,Mornington,R5 2000m Hcap,5,262829872,67855313,1,Ziryab,3,1,11.33,1,3.08
2026-09-26,Mornington,R5 2000m Hcap,5,262829872,79803765,6,Bur Dubai,1,0,23.46,0,5.26
2026-09-26,Mornington,R5 2000m Hcap,5,262829872,103126144,7,Federer,2,0,4.6,0,2.03
2026-09-26,Mornington,R6 2400m Listed,6,262829881,40210411,2,Taramansour,4,0,57.93,0,11.35
2026-09-26,Mornington,R6 2400m Listed,6,262829881,86933085,5,Sunset Park,5,0,5.7,1,2.16
2026-09-26,Mornington,R6 2400m Listed,6,262829881,89709249,10,Leonchroi,3,0,2.62,0,1.5
2026-09-26,Mornington,R6 2400m Listed,6,262829881,103126148,7,Go Daddy,1,0,11.91,0,3.0
2026-09-26,Mornington,R6 2400m Listed,6,262829881,103126149,9,Beach Pad,2,0,8.6,1,2.83
2026-09-26,Mornington,R7 1200m Hcap,7,262829890,78231588,11,Sun Setting,1,0,9.0,0,1.67
2026-09-26,Mornington,,7,262829890,80362104,8,Hankee Alpha,2,,,,
2026-09-26,Mornington,R7 1200m Hcap,7,262829890,97184665,3,Concord Connie,3,0,1.42,1,1.07
2026-09-26,Mornington,R7 1200m Hcap,7,262829890,103126151,1,Terilee,5,0,46.75,1,4.54
2026-09-26,Mornington,R7 1200m Hcap,7,262829890,103126156,14,Kippis,4,0,20.86,0,2.77
2026-09-26,Mornington,R8 1600m Hcap,8,262829899,64575061,5,Flying Valley,1,0,13.5,0,2.91
2026-09-26,Mornington,R8 1600m Hcap,8,262829899,78944566,10,Mr Verse,3,0,8.0,0,2.34
2026-09-26,Mornington,R8 1600m Hcap,8,262829899,103126159,14,Victorious Spirit,4,0,13.73,0,3.01
2026-09-26,Mornington,R8 1600m Hcap,8,262829899,103126159,14,Victorious Spirit,5,0,13.73,0,3.01
2026-09-26,Mornington,R8 1600m Hcap,8,262829899,103126160,15,Veyepee,2,1,1.97,1,1.23
2026-09-26,Murray Bridge,R1 1000m 3yo,1,262831871,92161110,2,Czech Out,4,1,8.77,1,1.96
2026-09-26,Murray Bridge,R1 1000m 3yo,1,262831871,103125892,7,Our Brave Boy,1,0,1.78,1,1.17
2026-09-26,Murray Bridge,R1 1000m 3yo,1,262831871,103125895,11,Bolshoi Bella,5,0,25.0,0,4.46
2026-09-26,Murray Bridge,R1 1000m 3yo,1,262831871,103125896,12,Crazyaboutzou,3,0,45.92,0,7.4
2026-09-26,Murray Bridge,R1 1000m 3yo,1,262831871,103125897,13,Farnace,2,0,15.48,1,3.76
2026-09-26,Murray Bridge,R2 1200m CL2,2,262831880,62033188,4,Skytalker,2,0,12.5,0,3.92
2026-09-26,Murray Bridge,R2 1200m CL2,2,262831880,78976363,12,Tripod Terror,4,0,12.61,0,3.32
2026-09-26,Murray Bridge,R2 1200m CL2,2,262831880,80398908,3,Purfect Line,1,0,5.43,0,2.25
2026-09-26,Murray Bridge,R2 1200m CL2,2,262831880,90457601,5,Obucci,3,0,7.22,0,2.48
2026-09-26,Murray Bridge,R2 1200m CL2,2,262831880,103125905,9,Golden Cloud,5,1,5.01,1,2.01
2026-09-26,Murray Bridge,R3 1200m Hcap,3,262831889,68450226,1,Jilladora,5,0,20.74,0,6.63
2026-09-26,Murray Bridge,R3 1200m Hcap,3,262831889,72414326,9,Riche Damour,3,0,8.0,1,2.7
2026-09-26,Murray Bridge,R3 1200m Hcap,3,262831889,91432428,6,Mostly For Show,2,0,11.5,0,4.11
2026-09-26,Murray Bridge,R3 1200m Hcap,3,262831889,103125911,5,Tiptop Tori,4,0,13.88,0,3.95
2026-09-26,Murray Bridge,R3 1200m Hcap,3,262831889,103125912,8,Sir Myka,1,0,9.92,0,3.42
2026-09-26,Murray Bridge,R4 1600m Hcap,4,262831898,36105483,3,Just A Brother,4,0,94.51,0,15.97
2026-09-26,Murray Bridge,R4 1600m Hcap,4,262831898,76934321,5,Asal,1,0,7.75,0,2.6
2026-09-26,Murray Bridge,R4 1600m Hcap,4,262831898,82857347,6,Classy Claret,2,0,38.57,0,9.17
2026-09-26,Murray Bridge,R4 1600m Hcap,4,262831898,83118877,7,Collated,3,0,43.47,0,9.17
2026-09-26,Murray Bridge,R4 1600m Hcap,4,262831898,103125915,11,Uptown Monk,5,0,4.06,1,1.96
2026-09-26,Murray Bridge,R5 2500m Hcap,5,262831907,69865809,8,High Society Girl,5,0,12.12,0,3.05
2026-09-26,Murray Bridge,R5 2500m Hcap,5,262831907,76390450,5,Haaland,2,0,6.2,0,2.22
2026-09-26,Murray Bridge,R5 2500m Hcap,5,262831907,89018028,10,Suit Of Wands,1,0,12.5,0,3.55
2026-09-26,Murray Bridge,R5 2500m Hcap,5,262831907,103125917,6,Nottolook,3,1,2.89,1,1.67
2026-09-26,Murray Bridge,R5 2500m Hcap,5,262831907,103125918,7,Princess Painton,4,0,12.2,0,3.8
2026-09-26,Murray Bridge,R6 1400m Hcap,6,262831916,7873598,15,Final Countdown,5,1,7.71,1,3.14
2026-09-26,Murray Bridge,R6 1400m Hcap,6,262831916,55013039,3,Yasuke,4,0,16.7,0,4.35
2026-09-26,Murray Bridge,R6 1400m Hcap,6,262831916,85472316,2,Mansiere,3,0,16.23,0,4.26
2026-09-26,Murray Bridge,R6 1400m Hcap,6,262831916,103125924,7,Common Interest,2,0,5.54,0,2.43
2026-09-26,Murray Bridge,R6 1400m Hcap,6,262831916,103125925,9,Florey,1,0,4.96,1,2.45
2026-09-26,Murray Bridge,R7 1100m Hcap,7,262831925,558587,11,Megs Magic,4,0,8.2,0,2.81
2026-09-26,Murray Bridge,R7 1100m Hcap,7,262831925,37150034,7,Blanc Visage,3,0,5.0,1,1.94
2026-09-26,Murray Bridge,R7 1100m Hcap,7,262831925,61337160,1,Alaa Plenty,2,0,7.0,0,2.62
2026-09-26,Murray Bridge,R7 1100m Hcap,7,262831925,103125933,12,Royal Turf,1,0,7.75,0,2.62
2026-09-26,Murray Bridge,R7 1100m Hcap,7,262831925,103125935,14,Aloha Blue,5,0,31.55,0,6.4
2026-09-26,Murray Bridge,R8 1000m Hcap,8,262831934,89435656,11,Surprisatic,5,0,13.0,0,4.01
2026-09-26,Murray Bridge,R8 1000m Hcap,8,262831934,99206653,9,Omaha Dawn,4,0,9.0,0,2.79
2026-09-26,Murray Bridge,R8 1000m Hcap,8,262831934,103125940,14,Daisydoo,3,0,3.23,0,1.74
2026-09-26,Murray Bridge,R8 1000m Hcap,8,262831934,103125941,16,Never Ordinary,2,0,9.96,0,3.2
2026-09-26,Murray Bridge,R8 1000m Hcap,8,262831934,103125942,18,Up The Den,1,1,14.0,1,4.2
2026-09-26,Murray Bridge,R9 1600m Hcap,9,262831943,78290234,6,Geffina,2,0,20.92,0,4.93
2026-09-26,Murray Bridge,R9 1600m Hcap,9,262831943,80362499,4,Inevitable Award,4,0,12.0,0,3.75
2026-09-26,Murray Bridge,R9 1600m Hcap,9,262831943,85778258,1,Snoopy Now,5,0,6.6,1,2.15
2026-09-26,Murray Bridge,R9 1600m Hcap,9,262831943,90209916,13,Hard Prince,1,0,11.36,0,3.15
2026-09-26,Murray Bridge,R9 1600m Hcap,9,262831943,103125946,11,Freedom Flame,3,1,4.0,1,1.69
2026-09-26,Rosehill,R3 2400m Grp3,3,262835096,5245297,4,Amplify,1,0,10.77,1,3.64
2026-09-26,Rosehill,R3 2400m Grp3,3,262835096,92460124,2,Bella Montagna,4,0,3.2,0,2.02
2026-09-26,Rosehill,R3 2400m Grp3,3,262835096,102366449,3,Sam Hawkens,5,0,11.34,0,5.5
2026-09-26,Rosehill,R3 2400m Grp3,3,262835096,102366450,5,Fernao,2,0,11.5,0,3.3
2026-09-26,Rosehill,R3 2400m Grp3,3,262835096,103126040,1,So You Are,3,1,2.62,1,1.46
2026-09-26,Rosehill,R4 1900m Hcap,4,262835105,90252485,13,Savisanta,3,0,50.0,0,8.02
2026-09-26,Rosehill,R4 1900m Hcap,4,262835105,98213931,6,Pinhole,5,1,16.5,1,3.65
2026-09-26,Rosehill,R4 1900m Hcap,4,262835105,103126042,2,Bear On The Loose,1,0,32.65,0,7.4
2026-09-26,Rosehill,R4 1900m Hcap,4,262835105,103126043,3,Starzintheireyes,2,0,2.14,1,1.25
2026-09-26,Rosehill,R4 1900m Hcap,4,262835105,103126044,8,Mister Rizz,4,0,6.8,0,2.34
2026-09-26,Rosehill,R5 1400m Hcap,5,262835114,5775028,10,Karinska,5,0,97.07,0,13.5
2026-09-26,Rosehill,R5 1400m Hcap,5,262835114,73443774,9,World Alliance,4,0,98.87,0,15.0
2026-09-26,Rosehill,R5 1400m Hcap,5,262835114,84629621,3,Cross Tasman,1,0,4.86,1,1.46
2026-09-26,Rosehill,R5 1400m Hcap,5,262835114,87805380,11,Ruination,3,0,8.4,1,2.0
2026-09-26,Rosehill,R5 1400m Hcap,5,262835114,93537345,12,Pillow Fight,2,0,16.0,0,3.55
2026-09-26,Rosehill,R6 1100m Grp3,6,262835123,7627902,1,Blue Door,1,1,2.02,1,1.19
2026-09-26,Rosehill,R6 1100m Grp3,6,262835123,92996706,2,Half Pipe,4,0,13.89,0,2.88
2026-09-26,Rosehill,R6 1100m Grp3,6,262835123,96181124,4,Outspan,5,0,85.0,1,10.0
2026-09-26,Rosehill,R6 1100m Grp3,6,262835123,103126048,3,Omolong,2,0,5.78,0,1.6
2026-09-26,Rosehill,R6 1100m Grp3,6,262835123,103126049,7,Ciarons Star,3,0,9.77,1,1.89
2026-09-26,Rosehill,R7 1400m Grp2,7,262835132,70890258,4,Gangsta Granny,3,0,6.2,0,1.64
2026-09-26,Rosehill,R7 1400m Grp2,7,262835132,73259080,8,Modella,2,0,7.08,1,1.93
2026-09-26,Rosehill,R7 1400m Grp2,7,262835132,87454385,1,Lazzura,1,1,2.28,1,1.15
2026-09-26,Rosehill,R7 1400m Grp2,7,262835132,88069672,3,Verona Rose,5,0,19.0,1,3.4
2026-09-26,Rosehill,R7 1400m Grp2,7,262835132,103126050,6,Surfin Bird,4,0,5.4,0,2.0
2026-09-26,Rosehill,R8 1400m Grp1,8,262835141,5389450,1,Guest House,1,0,2.86,0,1.48
2026-09-26,Rosehill,R8 1400m Grp1,8,262835141,93757735,4,Warwoven,2,1,6.2,1,1.91
2026-09-26,Rosehill,R8 1400m Grp1,8,262835141,94688156,2,Campione Ditalia,4,0,65.0,0,10.5
2026-09-26,Rosehill,R8 1400m Grp1,8,262835141,103089856,5,St Gotthard,3,0,3.95,1,1.51
2026-09-26,Rosehill,R8 1400m Grp1,8,262835141,103089863,10,Central Europe,5,0,48.0,0,8.18
2026-09-26,Rosehill,R9 1500m Grp2,9,262835150,36297193,1,Private Eye,3,0,6.8,1,1.45
2026-09-26,Rosehill,R9 1500m Grp2,9,262835150,49914881,5,Kovalica,2,0,55.0,0,6.6
2026-09-26,Rosehill,R9 1500m Grp2,9,262835150,50713351,3,Estadio Mestalla,4,0,12.0,1,1.84
2026-09-26,Rosehill,R9 1500m Grp2,9,262835150,94409355,10,Sovereign Hill,5,0,16.24,0,3.24
2026-09-26,Rosehill,R9 1500m Grp2,9,262835150,96496347,2,Skyhook,1,1,1.63,1,1.12
2026-09-26,Rosehill,R10 1100m Hcap,10,262835159,52236979,2,Kimberley Secrets,4,0,5.7,0,1.8
2026-09-26,Rosehill,R10 1100m Hcap,10,262835159,69421346,6,Lulumon,3,0,36.0,1,6.4
2026-09-26,Rosehill,R10 1100m Hcap,10,262835159,81812887,14,Jasmin Rouge,1,0,24.0,0,6.8
2026-09-26,Rosehill,R10 1100m Hcap,10,262835159,103126052,1,Farnicle,2,0,6.6,0,2.2
2026-09-26,Rosehill,R10 1100m Hcap,10,262835159,103126058,17,Lull,5,0,18.5,0,5.7
2026-09-26,Toowoomba,R1 1300m Hcap,1,262835359,71223187,1,Fire And Light,2,0,9.43,0,2.84
2026-09-26,Toowoomba,R1 1300m Hcap,1,262835359,74538039,10,Perle De Chocolat,5,0,3.95,1,1.93
2026-09-26,Toowoomba,R1 1300m Hcap,1,262835359,82603945,6,Thats Archies Girl,1,0,4.0,0,1.71
2026-09-26,Toowoomba,R1 1300m Hcap,1,262835359,82603945,6,Thats Archies Girl,4,0,4.0,0,1.71
2026-09-26,Toowoomba,R1 1300m Hcap,1,262835359,102668852,9,Deep Tiara,3,0,15.99,0,3.34
2026-09-26,Toowoomba,R2 1625m Hcap,2,262835368,2197659,2,Capital Asset,3,0,14.67,0,3.18
2026-09-26,Toowoomba,R2 1625m Hcap,2,262835368,83677438,7,The Louvre,4,1,2.64,1,1.32
2026-09-26,Toowoomba,R2 1625m Hcap,2,262835368,102633319,11,Barbray,1,0,3.7,1,1.43
2026-09-26,Toowoomba,R2 1625m Hcap,2,262835368,102633319,11,Barbray,2,0,3.7,1,1.43
2026-09-26,Toowoomba,R2 1625m Hcap,2,262835368,103126787,9,Mirra Impact,5,0,8.12,1,1.9
2026-09-26,Toowoomba,R3 1625m Hcap,3,262835377,69352355,1,Bluepinot,1,1,4.51,1,1.88
2026-09-26,Toowoomba,R3 1625m Hcap,3,262835377,69352355,1,Bluepinot,2,1,4.51,1,1.88
2026-09-26,Toowoomba,R3 1625m Hcap,3,262835377,75638083,2,Luton Hoo,4,0,14.43,0,3.4
2026-09-26,Toowoomba,R3 1625m Hcap,3,262835377,75638083,2,Luton Hoo,5,0,14.43,0,3.4
2026-09-26,Toowoomba,R3 1625m Hcap,3,262835377,103126790,13,Galway Flyer,3,0,4.42,0,1.87
2026-09-26,Toowoomba,R4 1000m Hcap,4,262835386,87676806,4,Air We Go,5,0,71.39,0,9.67
2026-09-26,Toowoomba,R4 1000m Hcap,4,262835386,89019047,7,Yoweri,3,0,6.16,1,1.88
2026-09-26,Toowoomba,R4 1000m Hcap,4,262835386,102366477,5,Angel Ladder,2,0,14.0,0,3.26
2026-09-26,Toowoomba,R4 1000m Hcap,4,262835386,102870534,10,Howdoyouzou,1,1,3.2,1,1.43
2026-09-26,Toowoomba,R4 1000m Hcap,4,262835386,103126799,16,Dr Farthing,4,0,2.79,0,1.33
2026-09-26,Toowoomba,R5 1300m Hcap,5,262835395,63084461,4,Rimbaud,1,0,4.93,0,2.0
2026-09-26,Toowoomba,R5 1300m Hcap,5,262835395,78212435,5,Irama,3,0,8.0,1,2.25
2026-09-26,Toowoomba,R5 1300m Hcap,5,262835395,93022231,2,True Amor,2,0,17.0,0,4.0
2026-09-26,Toowoomba,R5 1300m Hcap,5,262835395,93022231,2,True Amor,4,0,17.0,0,4.0
2026-09-26,Toowoomba,R5 1300m Hcap,5,262835395,103126804,16,Superalloy,5,1,5.43,1,1.9
2026-09-26,Toowoomba,R6 1200m Hcap,6,262835404,64796288,1,Mean Approach,2,1,4.25,1,1.91
2026-09-26,Toowoomba,R6 1200m Hcap,6,262835404,64796288,1,Mean Approach,3,1,4.25,1,1.91
2026-09-26,Toowoomba,R6 1200m Hcap,6,262835404,66790140,6,Estrondo,1,0,15.5,0,3.9
2026-09-26,Toowoomba,R6 1200m Hcap,6,262835404,76934432,9,Shelstein,5,0,13.26,0,3.38
2026-09-26,Toowoomba,R6 1200m Hcap,6,262835404,92460054,10,Amuseantes,4,0,4.7,0,1.9
2026-09-26,Toowoomba,R7 1200m 3yo,7,262835413,2337634,5,Watchman,2,0,15.4,0,3.85
2026-09-26,Toowoomba,R7 1200m 3yo,7,262835413,88564560,7,Esperanza,3,0,10.0,0,2.94
2026-09-26,Toowoomba,R7 1200m 3yo,7,262835413,94985391,1,Swift Dragon,5,0,49.85,0,7.8
2026-09-26,Toowoomba,R7 1200m 3yo,7,262835413,97983589,3,High Prophet,1,0,2.6,1,1.36
2026-09-26,Toowoomba,R7 1200m 3yo,7,262835413,103126808,4,Ashkirk,4,1,5.47,1,1.74
2026-09-26,Toowoomba,,8,262835422,48637989,12,Millane,2,,,,
2026-09-26,Toowoomba,R8 1200m Qlty,8,262835422,58635632,2,Epic Proportions,1,0,19.41,0,3.98
2026-09-26,Toowoomba,R8 1200m Qlty,8,262835422,63402934,5,Restonica,4,0,11.09,0,3.37
2026-09-26,Toowoomba,R8 1200m Qlty,8,262835422,65293024,4,Esjay,5,0,9.71,0,3.22
2026-09-26,Toowoomba,R8 1200m Qlty,8,262835422,89265256,1,Brave Monarch,3,0,4.81,1,2.32
2026-09-26,Toowoomba,R9 2000m Qlty,9,262835431,5706314,1,Unlimited,1,0,8.2,0,2.84
2026-09-26,Toowoomba,R9 2000m Qlty,9,262835431,51936236,6,The Right Way,3,0,15.0,0,4.6
2026-09-26,Toowoomba,R9 2000m Qlty,9,262835431,66758657,4,Cavalry Man,4,1,12.51,1,3.8
2026-09-26,Toowoomba,R9 2000m Qlty,9,262835431,75313384,12,Diamond Show,2,0,5.2,0,2.09
2026-09-26,Toowoomba,R9 2000m Qlty,9,262835431,89347998,10,Chillaxing,5,0,6.43,0,2.61
2026-09-26,Toowoomba,R10 1300m CL6,10,262835440,2317490,2,Facundo,1,0,6.4,0,1.82
2026-09-26,Toowoomba,R10 1300m CL6,10,262835440,64574989,8,Off The Press,2,0,2.74,1,1.22
2026-09-26,Toowoomba,R10 1300m CL6,10,262835440,64574989,8,Off The Press,3,0,2.74,1,1.22
2026-09-26,Toowoomba,R10 1300m CL6,10,262835440,71436575,11,Outweighed,4,0,36.0,0,4.9
2026-09-26,Toowoomba,R10 1300m CL6,10,262835440,103126817,12,Sir Winnie,5,0,3.15,1,1.39
2026-09-27,Caulfield,R3 2000m Grp3,3,262830785,32643165,6,Smokin Romans,3,0,27.0,0,6.13
2026-09-27,Caulfield,R3 2000m Grp3,3,262830785,43798266,3,Detonator Jack,1,0,14.91,0,3.95
2026-09-27,Caulfield,R3 2000m Grp3,3,262830785,81221555,4,Land Legend,2,0,15.7,0,4.5
2026-09-27,Caulfield,R3 2000m Grp3,3,262830785,103126834,1,Royal Supremacy,5,1,5.2,1,2.13
2026-09-27,Caulfield,R3 2000m Grp3,3,262830785,103126836,10,See That Storm,4,0,4.8,1,2.06
2026-09-27,Caulfield,R4 1200m Grp3,4,262830794,1127459,5,Scintillation,1,0,7.89,1,2.56
2026-09-27,Caulfield,R4 1200m Grp3,4,262830794,95879032,2,Chayan,3,0,3.89,0,1.73
2026-09-27,Caulfield,R4 1200m Grp3,4,262830794,100920466,1,Ghanas Akan,2,0,10.58,0,2.75
2026-09-27,Caulfield,R4 1200m Grp3,4,262830794,103126841,3,Calamari Ring,4,0,21.91,0,4.22
2026-09-27,Caulfield,,4,262830794,103126843,7,Lucky Brook,5,,,,
2026-09-27,Caulfield,R5 1600m Grp2,5,262830803,2424221,1,Mr Brightside,1,0,5.48,0,2.28
2026-09-27,Caulfield,R5 1600m Grp2,5,262830803,48458877,5,Pride Of Jenni,2,1,1.93,1,1.46
2026-09-27,Caulfield,R5 1600m Grp2,5,262830803,64959041,3,Another Wil,4,0,7.0,0,2.81
2026-09-27,Caulfield,R5 1600m Grp2,5,262830803,89019092,6,Treasurethe Moment,5,0,11.5,1,3.95
2026-09-27,Caulfield,R5 1600m Grp2,5,262830803,98960175,4,Zambardo,3,0,12.5,0,4.1
2026-09-27,Caulfield,R6 1600m Grp2,6,262830812,5123921,10,Lara Antipova,1,0,2.47,0,1.47
2026-09-27,Caulfield,R6 1600m Grp2,6,262830812,95301627,2,Hidrix,4,0,27.11,0,5.0
2026-09-27,Caulfield,R6 1600m Grp2,6,262830812,95879604,5,Somethings Burnin,3,0,10.0,1,2.6
2026-09-27,Caulfield,R6 1600m Grp2,6,262830812,102098049,1,Diameter,2,1,3.9,1,1.55
2026-09-27,Caulfield,R6 1600m Grp2,6,262830812,102810487,7,Scarole,5,0,13.0,1,3.2
2026-09-27,Caulfield,R7 1600m Grp2,7,262830821,69128501,4,Sea What I See,3,0,8.0,0,2.04
2026-09-27,Caulfield,R7 1600m Grp2,7,262830821,75914670,2,Too Darn Discreet,5,0,7.05,1,2.14
2026-09-27,Caulfield,R7 1600m Grp2,7,262830821,79292992,12,Moonlight Circus,4,0,40.0,0,5.03
2026-09-27,Caulfield,R7 1600m Grp2,7,262830821,82278025,5,Changing Colours,1,1,3.72,1,1.5
2026-09-27,Caulfield,R7 1600m Grp2,7,262830821,103126848,1,Sass Appeal,2,0,2.49,1,1.33
2026-09-27,Caulfield,R8 1200m Grp1,8,262830830,492250,2,Pericles,3,0,37.36,0,8.63
2026-09-27,Caulfield,R8 1200m Grp1,8,262830830,60230027,1,Giga Kick,1,0,18.5,0,4.2
2026-09-27,Caulfield,R8 1200m Grp1,8,262830830,80329218,11,My Gladiola,5,0,15.26,0,4.26
2026-09-27,Caulfield,R8 1200m Grp1,8,262830830,103126851,3,Jimmysstar,2,1,5.9,1,2.45
2026-09-27,Caulfield,R8 1200m Grp1,8,262830830,103126852,8,Napoleonic,4,0,10.58,0,3.93
2026-09-27,Caulfield,R9 1440m Listed,9,262830839,4738169,12,Royal Insignia,1,0,10.26,0,2.61
2026-09-27,Caulfield,R9 1440m Listed,9,262830839,36700754,4,Here To Shock,3,0,14.29,0,3.13
2026-09-27,Caulfield,R9 1440m Listed,9,262830839,56253657,5,Regal Zeus,5,1,35.99,1,6.4
2026-09-27,Caulfield,R9 1440m Listed,9,262830839,91807596,10,Run Harry Run,4,0,12.23,1,2.85
2026-09-27,Caulfield,R9 1440m Listed,9,262830839,103126855,13,Buccleuch,2,0,2.6,0,1.56
2026-09-27,Dubbo,R5 2200m Hcap,5,262899391,2413925,5,Questionable,1,0,2.4,1,1.28
2026-09-27,Dubbo,R5 2200m Hcap,5,262899391,3150791,7,Bellman,4,0,53.73,0,12.2
2026-09-27,Dubbo,R5 2200m Hcap,5,262899391,62685433,1,Lady Tino,2,0,42.0,0,7.08
2026-09-27,Dubbo,R5 2200m Hcap,5,262899391,76096003,3,Farraige,5,0,9.94,1,2.42
2026-09-27,Dubbo,R5 2200m Hcap,5,262899391,90603605,4,Backhander,3,1,5.6,1,1.9
2026-09-27,Dubbo,R6 1300m CL1,6,262899394,572040,5,Chamber Of Secrets,4,0,2.66,0,1.36
2026-09-27,Dubbo,R6 1300m CL1,6,262899394,65204345,14,Geewiz Johnny,5,0,580.0,0,45.32
2026-09-27,Dubbo,R6 1300m CL1,6,262899394,92504545,2,Tigletta,1,0,3.27,0,1.36
2026-09-27,Dubbo,R6 1300m CL1,6,262899394,103159484,1,Wootten It Be Nice,2,0,34.0,1,5.17
2026-09-27,Dubbo,R6 1300m CL1,6,262899394,103159487,12,Silver Agent,3,0,78.99,0,13.11
2026-09-27,Dubbo,R7 1100m CL2,7,262899397,4361554,4,Kevin,4,0,125.21,0,12.17
2026-09-27,Dubbo,R7 1100m CL2,7,262899397,67477049,5,Marvel Man,1,0,4.6,0,1.72
2026-09-27,Dubbo,R7 1100m CL2,7,262899397,74935409,8,Super Infinity,2,0,3.05,1,1.56
2026-09-27,Dubbo,R7 1100m CL2,7,262899397,84510985,6,Nevermista,3,0,21.0,0,4.7
2026-09-27,Dubbo,R7 1100m CL2,7,262899397,103159490,12,Manoora,5,0,9.2,1,2.36
2026-09-27,Dubbo,R8 1100m Hcap,8,262899400,861576,6,Shaggy,2,0,18.5,0,3.6
2026-09-27,Dubbo,R8 1100m Hcap,8,262899400,53447043,3,Elson Boy,5,0,40.0,0,8.6
2026-09-27,Dubbo,R8 1100m Hcap,8,262899400,73526759,7,Wherestheprofit,1,1,3.25,1,1.46
2026-09-27,Dubbo,R8 1100m Hcap,8,262899400,85506860,8,Micro Mikki,4,0,4.8,1,1.82
2026-09-27,Dubbo,R8 1100m Hcap,8,262899400,91807201,5,Crusader Kings,3,0,3.87,0,1.59
2026-09-27,Dubbo,R9 1600m Cup,9,262899403,6607708,2,Stay Silent,2,0,19.39,0,4.7
2026-09-27,Dubbo,R9 1600m Cup,9,262899403,10151614,5,Montpellier,3,0,5.3,0,2.05
2026-09-27,Dubbo,R9 1600m Cup,9,262899403,86346861,6,Puntin,4,1,5.6,1,2.42
2026-09-27,Dubbo,R9 1600m Cup,9,262899403,88694326,4,Spicy Lu,5,0,14.0,0,4.03
2026-09-27,Dubbo,R9 1600m Cup,9,262899403,103159498,3,Its A Knockout,1,0,14.44,1,4.0
2026-09-27,Dubbo,R10 1300m Hcap,10,262899406,1371636,1,Lang Park,2,0,6.6,0,2.18
2026-09-27,Dubbo,R10 1300m Hcap,10,262899406,6337128,6,Shipshape,3,0,28.0,0,5.1
2026-09-27,Dubbo,R10 1300m Hcap,10,262899406,42217989,16,Ultra White,5,0,160.0,0,30.0
2026-09-27,Dubbo,R10 1300m Hcap,10,262899406,62869321,11,Moon Zone,4,1,12.02,1,3.6
2026-09-27,Dubbo,R10 1300m Hcap,10,262899406,103159503,8,Jagerschnitzel,1,0,3.33,1,1.5
2026-09-27,Port Macquarie,R2 1004m CL1,2,262899412,70599695,8,Lily Bobtail,2,0,46.0,0,5.81
2026-09-27,Port Macquarie,R2 1004m CL1,2,262899412,81888846,4,Prize Writer,4,0,16.92,0,2.94
2026-09-27,Port Macquarie,R2 1004m CL1,2,262899412,91432057,5,Dirty Does It,3,0,3.6,1,1.4
2026-09-27,Port Macquarie,R2 1004m CL1,2,262899412,101163296,3,Dont,5,0,22.0,0,3.5
2026-09-27,Port Macquarie,R2 1004m CL1,2,262899412,103159264,2,Triple Yes,1,1,2.42,1,1.3
2026-09-27,Port Macquarie,R3 1506m Mdn,3,262899415,5653778,1,Purple Haze,1,0,1.81,1,1.19
2026-09-27,Port Macquarie,R3 1506m Mdn,3,262899415,8875363,3,Warm Front,2,1,9.0,1,2.16
2026-09-27,Port Macquarie,R3 1506m Mdn,3,262899415,78232825,8,Red Deer,4,0,9.22,0,2.22
2026-09-27,Port Macquarie,R3 1506m Mdn,3,262899415,103159270,11,So Fortunate,3,0,15.57,1,3.4
2026-09-27,Port Macquarie,R3 1506m Mdn,3,262899415,103159272,14,Einsteins Theory,5,0,35.34,0,4.9
2026-09-27,Port Macquarie,R4 1204m Hcap,4,262899418,58453450,2,Coco Dreaming,2,0,9.89,0,2.55
2026-09-27,Port Macquarie,R4 1204m Hcap,4,262899418,68323053,8,Under Twenty Two,4,1,17.41,1,5.54
2026-09-27,Port Macquarie,R4 1204m Hcap,4,262899418,71436419,6,Aye Aye Skipper,1,0,4.72,1,2.16
2026-09-27,Port Macquarie,R4 1204m Hcap,4,262899418,103159273,4,A Touch From Fayt,3,0,12.71,0,2.84
2026-09-27,Port Macquarie,R4 1204m Hcap,4,262899418,103159274,7,Nomomeikushi,5,0,19.0,0,6.0
2026-09-27,Port Macquarie,R5 1204m Hcap,5,262899421,58844511,2,Take The Jackpot,3,0,20.0,0,3.12
2026-09-27,Port Macquarie,R5 1204m Hcap,5,262899421,68673839,7,Fancy Shoulder,4,0,5.0,1,1.83
2026-09-27,Port Macquarie,R5 1204m Hcap,5,262899421,79258699,4,Newy,1,1,2.2,1,1.39
2026-09-27,Port Macquarie,R5 1204m Hcap,5,262899421,95228134,5,Contaldo,5,0,50.0,0,10.62
2026-09-27,Port Macquarie,R5 1204m Hcap,5,262899421,97509349,1,Savvyrocker,2,0,10.8,0,2.38
2026-09-27,Port Macquarie,R6 1506m Hcap,6,262899424,40522144,10,Seething Chuck,4,0,54.46,0,9.92
2026-09-27,Port Macquarie,R6 1506m Hcap,6,262899424,44965911,3,Lensman,3,0,5.0,1,1.8
2026-09-27,Port Macquarie,R6 1506m Hcap,6,262899424,67077144,7,Golden Copper,5,1,11.42,1,3.33
2026-09-27,Port Macquarie,R6 1506m Hcap,6,262899424,80438273,6,Listins Lass,1,0,2.78,1,1.39
2026-09-27,Port Macquarie,R6 1506m Hcap,6,262899424,100487067,4,Broadway Follies,2,0,9.2,0,2.9
2026-09-27,Port Macquarie,R7 1808m Hcap,7,262899427,6512890,8,Sound And Vision,2,0,25.64,0,4.8
2026-09-27,Port Macquarie,R7 1808m Hcap,7,262899427,55533115,1,Casino Bear,5,0,46.0,0,6.91
2026-09-27,Port Macquarie,R7 1808m Hcap,7,262899427,68348248,3,Rothrock,4,0,11.5,1,2.62
2026-09-27,Port Macquarie,R7 1808m Hcap,7,262899427,81812248,6,Pelevecchio,3,0,11.69,0,3.7
2026-09-27,Port Macquarie,R7 1808m Hcap,7,262899427,84431189,2,Hibiki Harmony,1,0,2.72,0,1.57
2026-09-27,Port Macquarie,R8 1004m Hcap,8,262899430,1249828,6,What A Rush,4,0,6.2,0,2.8
2026-09-27,Port Macquarie,R8 1004m Hcap,8,262899430,1294183,4,Debussy,5,0,50.0,0,6.83
2026-09-27,Port Macquarie,R8 1004m Hcap,8,262899430,38276539,2,Buck Pharoah,2,0,34.38,0,5.32
2026-09-27,Port Macquarie,R8 1004m Hcap,8,262899430,62728575,3,Damas,3,0,3.75,1,1.64
2026-09-27,Port Macquarie,R8 1004m Hcap,8,262899430,101131066,7,Denial,1,0,5.0,0,2.37
2026-09-27,Strathalbyn,R1 1350m Mdn,1,262901700,82818905,7,Dont Say Do,2,0,19.68,0,3.2
2026-09-27,Strathalbyn,R1 1350m Mdn,1,262901700,91027080,5,The Punk Rocker,3,0,11.5,0,2.23
2026-09-27,Strathalbyn,R1 1350m Mdn,1,262901700,100454259,11,Polar Eyes,1,0,2.04,1,1.18
2026-09-27,Strathalbyn,R1 1350m Mdn,1,262901700,101100575,1,Caesours Tomb,5,0,28.0,0,4.71
2026-09-27,Strathalbyn,R1 1350m Mdn,1,262901700,103159190,10,Magic Voyager,4,1,47.44,1,8.53
2026-09-27,Strathalbyn,R2 1200m Mdn,2,262901706,80934276,5,Nic The Cash,1,0,48.0,0,9.4
2026-09-27,Strathalbyn,R2 1200m Mdn,2,262901706,102292300,2,Buffo,3,0,9.24,1,3.1
2026-09-27,Strathalbyn,R2 1200m Mdn,2,262901706,103159207,12,Make Me A Match,2,1,3.59,1,1.59
2026-09-27,Strathalbyn,R2 1200m Mdn,2,262901706,103159210,15,Intimus,5,0,5.83,1,1.82
2026-09-27,Strathalbyn,R2 1200m Mdn,2,262901706,103159213,18,Go Ask Alice,4,0,60.0,0,10.2
2026-09-27,Strathalbyn,R3 1350m Hcap,3,262901712,41060861,3,Victory Lane,2,0,7.8,0,2.3
2026-09-27,Strathalbyn,R3 1350m Hcap,3,262901712,48615083,10,Archdeacon,4,0,21.0,1,3.9
2026-09-27,Strathalbyn,R3 1350m Hcap,3,262901712,54704520,1,Justicas Bonus,1,0,2.71,0,1.39
2026-09-27,Strathalbyn,,3,262901712,100721157,6,Hubristic,5,,,,
2026-09-27,Strathalbyn,R3 1350m Hcap,3,262901712,103159214,7,Sangue Rosso,3,0,11.41,0,2.7
2026-09-27,Strathalbyn,R4 1200m Hcap,4,262901718,830976,8,Dodd,4,0,11.52,0,5.23
2026-09-27,Strathalbyn,R4 1200m Hcap,4,262901718,7320267,5,Rob The Bank,2,0,5.3,0,2.76
2026-09-27,Strathalbyn,R4 1200m Hcap,4,262901718,63893241,3,Big Mav,1,0,3.35,1,2.2
2026-09-27,Strathalbyn,R4 1200m Hcap,4,262901718,86388067,2,Sacred Chord,3,1,5.8,1,3.4
2026-09-27,Strathalbyn,R4 1200m Hcap,4,262901718,92504497,1,Rocktagon,5,0,16.73,0,5.93
2026-09-27,Strathalbyn,R5 1200m Hcap,5,262901724,66487837,4,Exalted Kate,4,0,11.0,0,3.2
2026-09-27,Strathalbyn,R5 1200m Hcap,5,262901724,68637334,6,De Luca,1,0,4.88,0,1.86
2026-09-27,Strathalbyn,R5 1200m Hcap,5,262901724,79524091,1,Zenacity,5,0,9.9,1,2.6
2026-09-27,Strathalbyn,R5 1200m Hcap,5,262901724,96912263,5,Dazelles,3,0,5.15,1,2.02
2026-09-27,Strathalbyn,R5 1200m Hcap,5,262901724,103159215,2,Bonfire Girl,2,1,12.29,1,3.66
2026-09-27,Strathalbyn,R6 2050m Hcap,6,262901730,11209340,1,Theodor,5,0,10.95,1,3.7
2026-09-27,Strathalbyn,R6 2050m Hcap,6,262901730,45191111,4,Chartin,2,0,5.31,0,2.28
2026-09-27,Strathalbyn,R6 2050m Hcap,6,262901730,45347983,7,Magnetic Edge,3,0,12.36,1,3.27
2026-09-27,Strathalbyn,R6 2050m Hcap,6,262901730,95384945,6,Here Comes Ruby,4,0,29.0,0,7.26
2026-09-27,Strathalbyn,R6 2050m Hcap,6,262901730,103159217,2,Tottori,1,1,4.47,1,1.89
2026-09-27,Strathalbyn,R7 1600m CL1,7,262901736,87113,7,Heat Of The Night,4,0,10.86,0,2.73
2026-09-27,Strathalbyn,R7 1600m CL1,7,262901736,80678339,9,Splash Of White,2,0,27.0,0,6.39
2026-09-27,Strathalbyn,R7 1600m CL1,7,262901736,83641696,4,Our Beau,3,0,3.28,1,1.41
2026-09-27,Strathalbyn,R7 1600m CL1,7,262901736,103159218,1,Darci Lane,1,1,4.1,1,1.78
2026-09-27,Strathalbyn,R7 1600m CL1,7,262901736,103159220,5,Or Am I,5,0,22.94,0,4.7
2026-09-27,Sunshine Coast,R2 1400m Hcap,2,262901676,6235402,5,Welcome Advice,3,0,4.43,0,2.37
2026-09-27,Sunshine Coast,R2 1400m Hcap,2,262901676,76007205,4,Destinys Summit,5,0,28.85,0,8.6
2026-09-27,Sunshine Coast,R2 1400m Hcap,2,262901676,81264160,2,Wanted Hillbilly,2,0,10.5,0,4.16
2026-09-27,Sunshine Coast,R2 1400m Hcap,2,262901676,84374215,1,Artistic Endeavour,1,1,3.14,1,1.83
2026-09-27,Sunshine Coast,R2 1400m Hcap,2,262901676,99493857,3,Weekend Spirit,4,0,13.5,1,5.16
2026-09-27,Sunshine Coast,R3 1400m Mdn,3,262901680,22791447,12,Victoria,4,0,29.53,1,5.94
2026-09-27,Sunshine Coast,R3 1400m Mdn,3,262901680,103159835,2,Bound For Moscow,5,0,9.6,0,2.48
2026-09-27,Sunshine Coast,R3 1400m Mdn,3,262901680,103159836,3,Enuff Torque,2,0,20.0,0,3.57
2026-09-27,Sunshine Coast,R3 1400m Mdn,3,262901680,103159842,9,Spirit Of Torque,3,0,12.5,1,2.64
2026-09-27,Sunshine Coast,R3 1400m Mdn,3,262901680,103159843,10,Syrinx,1,0,4.01,0,1.56
2026-09-27,Sunshine Coast,R4 1000m Hcap,4,262901684,49332175,6,Wondereach,1,0,6.82,1,2.44
2026-09-27,Sunshine Coast,R4 1000m Hcap,4,262901684,54404701,2,Chakra Boy,3,0,3.87,0,1.85
2026-09-27,Sunshine Coast,R4 1000m Hcap,4,262901684,66543392,4,Heartoni,2,0,3.79,0,1.58
2026-09-27,Sunshine Coast,R4 1000m Hcap,4,262901684,79524481,7,Bring Me Kash,4,1,11.0,1,3.0
2026-09-27,Sunshine Coast,R4 1000m Hcap,4,262901684,80026574,5,State In Texas,5,0,15.0,1,3.5
2026-09-27,Sunshine Coast,R5 1600m CL3,5,262901688,1307339,6,Cardiologist,5,0,37.58,0,5.56
2026-09-27,Sunshine Coast,R5 1600m CL3,5,262901688,58177008,7,Fifth Force,4,0,30.0,1,4.4
2026-09-27,Sunshine Coast,R5 1600m CL3,5,262901688,71144924,3,Prochester,1,1,1.92,1,1.18
2026-09-27,Sunshine Coast,R5 1600m CL3,5,262901688,77963777,4,Thinking Gold,2,0,6.8,1,1.73
2026-09-27,Sunshine Coast,R5 1600m CL3,5,262901688,87676759,2,Castello Grande,3,0,8.24,0,1.94
2026-09-27,Sunshine Coast,R6 1200m Hcap,6,262901692,68599501,2,Bit Of Grunt,2,0,17.43,0,4.26
2026-09-27,Sunshine Coast,R6 1200m Hcap,6,262901692,73676968,6,Royal Gladiator,3,0,6.6,1,2.16
2026-09-27,Sunshine Coast,R6 1200m Hcap,6,262901692,78001464,1,Cressbrook,4,0,8.67,0,2.71
2026-09-27,Sunshine Coast,R6 1200m Hcap,6,262901692,80399858,11,Gagnante Enchere,1,0,19.62,1,3.95
2026-09-27,Sunshine Coast,R6 1200m Hcap,6,262901692,84943390,4,Cuesta,5,0,4.28,0,1.88
2026-09-27,Sunshine Coast,R7 1800m Hcap,7,262901696,77339672,2,Draw Attention,1,1,1.72,1,1.14
2026-09-27,Sunshine Coast,R7 1800m Hcap,7,262901696,83903478,8,Giddy Gans Joy,4,0,34.0,0,4.2
2026-09-27,Sunshine Coast,R7 1800m Hcap,7,262901696,103159846,5,Mad Ana,3,0,5.29,0,1.55
2026-09-27,Sunshine Coast,R7 1800m Hcap,7,262901696,103159846,5,Mad Ana,5,0,5.29,0,1.55
2026-09-27,Sunshine Coast,R7 1800m Hcap,7,262901696,103159847,10,Sweet Pretender,2,0,8.8,0,2.0
2026-09-28,Bunbury,R1 1000m 3yo,1,262934059,42998297,7,Mr Kaplan,1,0,10.78,0,2.97
2026-09-28,Bunbury,R1 1000m 3yo,1,262934059,100632725,2,Magnificent Malcom,5,0,23.47,0,3.85
2026-09-28,Bunbury,R1 1000m 3yo,1,262934059,101808335,5,Aura Magna,4,0,8.4,0,2.3
2026-09-28,Bunbury,R1 1000m 3yo,1,262934059,103159791,6,Divine Mirage,2,0,17.0,0,3.8
2026-09-28,Bunbury,,1,262934059,103159792,8,Prophecy Girl,3,,,,
2026-09-28,Bunbury,R2 1100m Mdn,2,262934063,80131277,1,Profound Benefit,4,0,23.08,0,4.4
2026-09-28,Bunbury,R2 1100m Mdn,2,262934063,102810739,6,Latina Melody,3,0,10.5,0,2.69
2026-09-28,Bunbury,R2 1100m Mdn,2,262934063,103058527,11,My Malena,1,0,2.89,0,1.44
2026-09-28,Bunbury,R2 1100m Mdn,2,262934063,103159798,8,Cartier Glow,2,0,3.85,1,1.8
2026-09-28,Bunbury,R2 1100m Mdn,2,262934063,103159800,10,Bondex,5,0,40.0,1,7.0
2026-09-28,Bunbury,R3 1400m Mdn,3,262934067,2485372,5,Hamadryad,5,0,7.27,0,2.28
2026-09-28,Bunbury,R3 1400m Mdn,3,262934067,83345043,2,Twisted Trickster,3,0,4.57,0,2.07
2026-09-28,Bunbury,R3 1400m Mdn,3,262934067,103159802,1,Agent Remington,2,0,5.91,0,2.23
2026-09-28,Bunbury,R3 1400m Mdn,3,262934067,103159807,8,Fortgang,4,0,69.1,0,11.5
2026-09-28,Bunbury,R3 1400m Mdn,3,262934067,103159809,12,Ze Deel,1,0,5.6,1,2.1
2026-09-28,Bunbury,R4 2025m Mdn,4,262934071,4342852,9,Flavoursome,4,0,18.0,0,4.24
2026-09-28,Bunbury,R4 2025m Mdn,4,262934071,95536061,5,Mystacheeno,5,0,17.99,0,3.58
2026-09-28,Bunbury,R4 2025m Mdn,4,262934071,96116846,10,Boutique Belle,1,0,4.5,0,1.64
2026-09-28,Bunbury,R4 2025m Mdn,4,262934071,100862507,11,Forever Victorious,3,1,3.03,1,1.38
2026-09-28,Bunbury,R4 2025m Mdn,4,262934071,102293854,1,Saisoku,2,0,5.82,1,2.04
2026-09-28,Bunbury,R5 1000m CL1,5,262934075,86820760,5,The Mighty Bell,2,1,12.0,1,2.6
2026-09-28,Bunbury,R5 1000m CL1,5,262934075,95302631,6,London Rose,3,0,1.91,1,1.25
2026-09-28,Bunbury,R5 1000m CL1,5,262934075,102810736,1,Bonditram,1,0,4.9,1,1.44
2026-09-28,Bunbury,R5 1000m CL1,5,262934075,103159815,2,Nailedem,5,0,10.22,0,2.42
2026-09-28,Bunbury,R5 1000m CL1,5,262934075,103159817,4,Londons Rascal,4,0,23.0,0,3.75
2026-09-28,Bunbury,R6 1400m Mdn,6,262934079,937157,12,All The Rage,5,0,28.0,0,6.4
2026-09-28,Bunbury,R6 1400m Mdn,6,262934079,83837855,1,Rocking In Vegas,3,0,10.0,1,3.01
2026-09-28,Bunbury,R6 1400m Mdn,6,262934079,91028020,7,Zalis Gift,2,0,9.8,0,3.15
2026-09-28,Bunbury,R6 1400m Mdn,6,262934079,94945421,8,Diamond Choux,4,0,22.0,1,5.6
2026-09-28,Bunbury,R6 1400m Mdn,6,262934079,102811669,14,Lunaris,1,0,8.1,0,3.05
2026-09-28,Bunbury,R7 1695m CL1,7,262934083,3242656,5,Awesome Force,2,0,17.5,1,3.03
2026-09-28,Bunbury,R7 1695m CL1,7,262934083,102668536,1,Show On The Road,5,0,28.4,0,4.0
2026-09-28,Bunbury,R7 1695m CL1,7,262934083,103159824,6,Back In The Fold,3,0,44.0,0,5.8
2026-09-28,Bunbury,R7 1695m CL1,7,262934083,103159825,11,Royal Reflection,1,0,1.49,1,1.21
2026-09-28,Bunbury,R7 1695m CL1,7,262934083,103159827,14,Solo Vega,4,0,26.0,0,3.65
2026-09-28,Bunbury,R8 1200m CL3,8,262934087,9105488,3,Guarantor,5,0,16.93,0,5.5
2026-09-28,Bunbury,R8 1200m CL3,8,262934087,86276147,7,Surround Me,1,0,6.8,0,2.31
2026-09-28,Bunbury,R8 1200m CL3,8,262934087,98213865,1,Yamashitas Gold,2,0,8.77,0,3.05
2026-09-28,Bunbury,R8 1200m CL3,8,262934087,103159828,2,Girls On Fire,4,0,30.0,0,6.8
2026-09-28,Bunbury,R8 1200m CL3,8,262934087,103159829,4,Espinho,3,0,17.82,0,5.1
2026-09-28,Kilmore,R1 1450m 3yo,1,262933088,102403320,1,Bloomin Rich,5,0,26.0,0,5.5
2026-09-28,Kilmore,R1 1450m 3yo,1,262933088,102600050,9,Refuse To Curtsy,1,1,2.32,1,1.28
2026-09-28,Kilmore,R1 1450m 3yo,1,262933088,103192555,6,Musical Journey,2,0,15.5,0,3.5
2026-09-28,Kilmore,R1 1450m 3yo,1,262933088,103192557,10,Regal Banter,3,0,12.0,0,3.3
2026-09-28,Kilmore,R1 1450m 3yo,1,262933088,103192559,13,Levent,4,0,9.77,1,2.54
2026-09-28,Kilmore,R2 1450m Mdn,2,262933096,340349,4,Galactic Girl,5,0,23.86,0,3.4
2026-09-28,Kilmore,R2 1450m Mdn,2,262933096,6212608,5,Girt By Sea,3,0,12.29,1,2.44
2026-09-28,Kilmore,R2 1450m Mdn,2,262933096,79258059,12,Mystic Rapture,4,0,32.0,0,4.0
2026-09-28,Kilmore,R2 1450m Mdn,2,262933096,101553793,8,Skydream,1,1,3.2,1,1.28
2026-09-28,Kilmore,R2 1450m Mdn,2,262933096,103192564,9,Anglais,2,0,1.94,1,1.11
2026-09-28,Kilmore,R3 1200m Mdn,3,262933104,4943642,3,Interrogate,3,0,21.36,0,3.3
2026-09-28,Kilmore,R3 1200m Mdn,3,262933104,50169735,4,See Me No More,5,0,79.18,0,9.26
2026-09-28,Kilmore,R3 1200m Mdn,3,262933104,101219544,11,Jourama,2,0,4.4,0,1.44
2026-09-28,Kilmore,R3 1200m Mdn,3,262933104,103192569,7,Shes Loaded,4,0,27.0,1,3.45
2026-09-28,Kilmore,R3 1200m Mdn,3,262933104,103192574,14,Star Of Macedon,1,1,1.86,1,1.17
2026-09-28,Kilmore,R4 1100m Mdn,4,262933112,95880065,3,Prestige Erick,2,0,9.05,0,2.12
2026-09-28,Kilmore,R4 1100m Mdn,4,262933112,96219715,6,Weasel Sea,1,0,5.45,1,1.5
2026-09-28,Kilmore,R4 1100m Mdn,4,262933112,103192585,11,Bohemian Blitz,4,0,10.5,1,2.25
2026-09-28,Kilmore,R4 1100m Mdn,4,262933112,103192586,12,Hes On Point,5,1,1.87,1,1.22
2026-09-28,Kilmore,R4 1100m Mdn,4,262933112,103192588,14,Soho Miss,3,0,10.03,0,2.36
2026-09-28,Kilmore,R5 1100m CL1,5,262933120,5438932,2,Royal Rendezvous,1,0,3.25,1,1.48
2026-09-28,Kilmore,R5 1100m CL1,5,262933120,103192589,1,Cattle Camp,4,0,6.08,0,1.97
2026-09-28,Kilmore,R5 1100m CL1,5,262933120,103192592,6,Our Yonglee,5,0,7.8,0,2.15
2026-09-28,Kilmore,R5 1100m CL1,5,262933120,103192593,8,Knurl,3,0,36.83,0,5.3
2026-09-28,Kilmore,R5 1100m CL1,5,262933120,103192596,12,Lagunanini,2,0,6.08,0,2.1
2026-09-28,Kilmore,R6 2000m Hcap,6,262933128,92784100,8,Razanne,2,0,5.42,1,2.06
2026-09-28,Kilmore,R6 2000m Hcap,6,262933128,96181534,1,Crown Of Russia,1,0,6.2,0,2.16
2026-09-28,Kilmore,R6 2000m Hcap,6,262933128,102633231,11,Kawa,3,1,5.23,1,2.15
2026-09-28,Kilmore,R6 2000m Hcap,6,262933128,103192597,2,Murgasty,5,0,18.5,0,4.81
2026-09-28,Kilmore,R6 2000m Hcap,6,262933128,103192598,14,Stole Him,4,0,8.64,1,2.98
2026-09-28,Kilmore,R7 1600m Hcap,7,262933136,55494140,10,Real Alliance,2,0,22.0,0,5.6
2026-09-28,Kilmore,R7 1600m Hcap,7,262933136,72915658,4,Switch Hit,3,0,3.68,1,1.92
2026-09-28,Kilmore,,7,262933136,83642522,14,New York Scandal,5,,,,
2026-09-28,Kilmore,R7 1600m Hcap,7,262933136,103192600,3,Sensational Ruler,1,0,12.0,0,3.6
2026-09-28,Kilmore,R7 1600m Hcap,7,262933136,103192601,6,Egerton Reef,4,0,8.2,0,2.7
2026-09-28,Kilmore,R8 1200m Hcap,8,262933144,86275911,4,Tango Jewel,2,0,8.4,0,2.31
2026-09-28,Kilmore,R8 1200m Hcap,8,262933144,86620735,15,Swing Your Magic,5,0,70.0,0,8.66
2026-09-28,Kilmore,R8 1200m Hcap,8,262933144,97726026,11,Swift Circle,3,0,27.0,0,4.84
2026-09-28,Kilmore,R8 1200m Hcap,8,262933144,103192604,9,Mr Butts Boats,4,0,22.45,0,4.7
2026-09-28,Kilmore,R8 1200m Hcap,8,262933144,103192606,13,Bajaria,1,1,2.32,1,1.35
2026-09-28,Tamworth,R1 2100m Hcap,1,262930983,74853264,2,Coto De Caza,5,0,32.63,1,6.51
2026-09-28,Tamworth,R1 2100m Hcap,1,262930983,91203524,4,Calzino,2,0,7.2,0,1.74
2026-09-28,Tamworth,R1 2100m Hcap,1,262930983,92207025,1,Fulmen Filou,3,0,19.32,1,2.78
2026-09-28,Tamworth,R1 2100m Hcap,1,262930983,103158867,3,Joika,1,0,1.89,0,1.17
2026-09-28,Tamworth,R1 2100m Hcap,1,262930983,103158868,5,Immortal Rose,4,1,5.6,1,1.84
2026-09-28,Tamworth,R2 1200m Mdn,2,262930986,744471,6,Boot Hill,3,0,9.0,0,2.32
2026-09-28,Tamworth,R2 1200m Mdn,2,262930986,91923683,3,Hidden Detail,2,0,19.93,1,3.28
2026-09-28,Tamworth,R2 1200m Mdn,2,262930986,101609583,1,Mongolian Master,1,0,5.8,0,1.78
2026-09-28,Tamworth,R2 1200m Mdn,2,262930986,103158871,5,Midnight Amour,5,0,110.0,0,20.83
2026-09-28,Tamworth,R2 1200m Mdn,2,262930986,103158873,8,Syllable,4,0,2.17,1,1.28
2026-09-28,Tamworth,R3 1400m Mdn,3,262930989,613050,1,Bradford,1,1,1.31,1,1.12
2026-09-28,Tamworth,R3 1400m Mdn,3,262930989,95963809,8,Kenisis,3,0,10.92,1,1.52
2026-09-28,Tamworth,R3 1400m Mdn,3,262930989,102441025,3,Royal And Ready,5,0,121.38,0,6.8
2026-09-28,Tamworth,R3 1400m Mdn,3,262930989,102632344,6,Usain Boss,2,0,8.2,1,1.37
2026-09-28,Tamworth,R3 1400m Mdn,3,262930989,102667599,4,The Last Romanov,4,0,70.0,0,3.5
2026-09-28,Tamworth,R4 1400m CL2,4,262930992,11122037,1,Dunquin,2,0,2.79,0,1.32
2026-09-28,Tamworth,R4 1400m CL2,4,262930992,80933806,6,Nugget Smart,3,1,7.0,1,1.89
2026-09-28,Tamworth,R4 1400m CL2,4,262930992,81812161,3,Hinto,5,0,5.2,1,1.75
2026-09-28,Tamworth,R4 1400m CL2,4,262930992,96771717,5,Yacht Girl,1,0,8.91,0,2.8
2026-09-28,Tamworth,R4 1400m CL2,4,262930992,98240510,4,Endless Applause,4,0,9.89,1,2.3
2026-09-28,Tamworth,R5 1600m Hcap,5,262930995,43204179,4,Big Short,1,0,8.2,0,2.68
2026-09-28,Tamworth,R5 1600m Hcap,5,262930995,64796378,2,Need A Miracle,4,1,4.79,1,1.78
2026-09-28,Tamworth,R5 1600m Hcap,5,262930995,74300754,5,Blazed Prince,3,0,8.4,0,2.5
2026-09-28,Tamworth,R5 1600m Hcap,5,262930995,84911314,1,Zou Big Boy,2,0,6.2,0,2.1
2026-09-28,Tamworth,R5 1600m Hcap,5,262930995,88693907,9,Elite Delight,5,0,15.34,0,3.95
2026-09-28,Tamworth,R6 1200m Hcap,6,262930998,62432840,3,Taipan Legend,1,0,3.15,0,1.58
2026-09-28,Tamworth,R6 1200m Hcap,6,262930998,69675799,4,Kaihoko,3,0,5.63,0,2.01
2026-09-28,Tamworth,R6 1200m Hcap,6,262930998,80130051,2,Hellcibell,2,0,9.2,1,2.3
2026-09-28,Tamworth,R6 1200m Hcap,6,262930998,101916713,10,Hes My Warrior,5,0,10.93,1,2.62
2026-09-28,Tamworth,R6 1200m Hcap,6,262930998,103158879,7,Concoction,4,0,5.79,0,1.78
2026-09-28,Tamworth,R7 1000m CL3,7,262931001,3646564,1,Irish Jig,2,0,6.15,0,1.98
2026-09-28,Tamworth,R7 1000m CL3,7,262931001,76753660,2,Zampano,1,0,2.91,1,1.37
2026-09-28,Tamworth,R7 1000m CL3,7,262931001,86275557,3,Olufsen,5,0,25.86,1,4.51
2026-09-28,Tamworth,R7 1000m CL3,7,262931001,92783752,4,Brighella,3,1,9.68,1,2.98
2026-09-28,Tamworth,R7 1000m CL3,7,262931001,92783752,4,Brighella,4,1,9.68,1,2.98
2026-09-28,Wagga,R1 1400m Mdn,1,262934403,6172561,6,Colorado Sun,1,1,3.0,1,1.68
2026-09-28,Wagga,R1 1400m Mdn,1,262934403,9167045,4,Ultrasonic,3,0,12.0,0,2.89
2026-09-28,Wagga,R1 1400m Mdn,1,262934403,76572722,3,Gold Decree,5,0,5.5,1,2.02
2026-09-28,Wagga,R1 1400m Mdn,1,262934403,86018537,8,Isotropic,2,0,5.8,0,1.97
2026-09-28,Wagga,R1 1400m Mdn,1,262934403,99769747,2,The Ultimate Star,4,0,15.21,0,3.81
2026-09-28,Wagga,R2 2000m Hcap,2,262934406,55494146,1,Philadelphia Storm,1,0,11.57,1,4.2
2026-09-28,Wagga,R2 2000m Hcap,2,262934406,78229890,2,Helluva Soiree,3,0,9.0,0,4.2
2026-09-28,Wagga,R2 2000m Hcap,2,262934406,87856571,6,Prophets Promise,4,0,6.61,0,2.84
2026-09-28,Wagga,R2 2000m Hcap,2,262934406,88150092,4,That A Boy,5,0,6.49,0,3.55
2026-09-28,Wagga,R2 2000m Hcap,2,262934406,90603743,8,Malinga Missile,2,1,5.5,1,2.64
2026-09-28,Wagga,R3 1600m Hcap,3,262934409,5807299,8,Chief Of War,3,1,3.1,1,1.64
2026-09-28,Wagga,R3 1600m Hcap,3,262934409,55533569,5,A Boy Named Soo,5,0,26.59,0,11.5
2026-09-28,Wagga,R3 1600m Hcap,3,262934409,69931517,6,Midnight Affair,4,0,6.76,0,3.1
2026-09-28,Wagga,R3 1600m Hcap,3,262934409,88419372,7,Spread The Love,1,0,3.09,1,1.75
2026-09-28,Wagga,R3 1600m Hcap,3,262934409,103159142,2,Rocco Lini,2,0,7.0,0,2.59
2026-09-28,Wagga,R4 1000m Hcap,4,262934412,65860653,2,Ditterich,1,0,9.8,1,2.49
2026-09-28,Wagga,R4 1000m Hcap,4,262934412,67896765,5,Dolly,5,0,7.8,0,2.52
2026-09-28,Wagga,R4 1000m Hcap,4,262934412,70169743,6,Helluva Teen,2,0,8.8,1,2.56
2026-09-28,Wagga,R4 1000m Hcap,4,262934412,83312810,1,Bombay Boom,3,0,3.44,0,1.49
2026-09-28,Wagga,R4 1000m Hcap,4,262934412,96965655,3,Blue Akoya,4,0,12.0,0,2.98
2026-09-28,Wagga,,5,262934415,2189521,8,Vespasian,5,,,,
2026-09-28,Wagga,R5 1600m Mdn,5,262934415,3760420,3,Hold This,1,0,7.6,1,1.84
2026-09-28,Wagga,R5 1600m Mdn,5,262934415,6099557,4,Masakari,4,0,18.5,0,3.42
2026-09-28,Wagga,R5 1600m Mdn,5,262934415,93574042,5,Ring Of Fire,2,1,6.76,1,1.9
2026-09-28,Wagga,R5 1600m Mdn,5,262934415,102668583,1,Akari Spirit,3,0,3.05,1,1.44
2026-09-28,Wagga,R6 1200m Mdn,6,262934418,98925340,3,Duke Of Zhou,4,0,19.5,1,3.65
2026-09-28,Wagga,R6 1200m Mdn,6,262934418,103159149,2,Denbury,3,0,6.0,0,1.88
2026-09-28,Wagga,R6 1200m Mdn,6,262934418,103159150,4,Choc Chip,1,1,2.86,1,1.28
2026-09-28,Wagga,R6 1200m Mdn,6,262934418,103159155,9,Pure Warrior,2,0,13.38,1,2.68
2026-09-28,Wagga,R6 1200m Mdn,6,262934418,103159156,10,Shezrushin,5,0,5.1,0,1.92
2026-09-28,Wagga,R7 1200m CL3,7,262934421,84399674,10,Teresprit,2,0,42.0,0,3.61
2026-09-28,Wagga,R7 1200m CL3,7,262934421,85541248,5,Bonnie Murringo,1,0,1.74,0,1.17
2026-09-28,Wagga,R7 1200m CL3,7,262934421,94447913,7,Diamond Frost,5,0,26.0,0,3.25
2026-09-28,Wagga,R7 1200m CL3,7,262934421,100486263,2,Rocket Rudee,4,0,34.76,0,4.9
2026-09-28,Wagga,R7 1200m CL3,7,262934421,103159159,8,Dee Dee Express,3,0,10.0,1,2.26
2026-09-29,Grafton,R1 2220m Hcap,1,262963913,37455518,3,Nature Boy,5,0,9.62,0,3.3
2026-09-29,Grafton,R1 2220m Hcap,1,262963913,58788744,6,Bolero,4,0,8.76,1,2.58
2026-09-29,Grafton,R1 2220m Hcap,1,262963913,59496774,2,Dipierdomenico,3,0,11.89,0,2.56
2026-09-29,Grafton,R1 2220m Hcap,1,262963913,61407890,1,Sun Topaze,2,1,9.14,1,2.64
2026-09-29,Grafton,R1 2220m Hcap,1,262963913,95069249,4,Lone Star Dream,1,0,3.97,0,1.66
2026-09-29,Grafton,R2 1006m Mdn,2,262963916,81221405,5,Parting The Seas,4,0,7.0,0,1.98
2026-09-29,Grafton,R2 1006m Mdn,2,262963916,97242757,13,Simply Sonnet,2,0,65.0,1,7.5
2026-09-29,Grafton,R2 1006m Mdn,2,262963916,100749196,1,Dream Invader,3,0,7.81,0,2.01
2026-09-29,Grafton,R2 1006m Mdn,2,262963916,103192427,2,Exo Murano,5,0,42.0,0,5.07
2026-09-29,Grafton,R2 1006m Mdn,2,262963916,103192429,4,Harveys Turn,1,1,14.5,1,3.1
2026-09-29,Grafton,R3 1410m Mdn,3,262963919,2945641,2,Credibility,2,0,4.4,1,1.46
2026-09-29,Grafton,R3 1410m Mdn,3,262963919,7689725,4,Macc,3,0,25.1,0,8.56
2026-09-29,Grafton,R3 1410m Mdn,3,262963919,91158248,3,Luminized,5,0,61.46,0,11.4
2026-09-29,Grafton,R3 1410m Mdn,3,262963919,93574522,6,Steady On,4,1,5.34,1,1.68
2026-09-29,Grafton,R3 1410m Mdn,3,262963919,103192433,11,Dark Martian,1,0,3.4,0,1.51
2026-09-29,Grafton,R4 1106m Hcap,4,262963922,41664000,2,Geegee Jet By,3,0,24.0,0,4.8
2026-09-29,Grafton,R4 1106m Hcap,4,262963922,51784283,9,Iobject,4,0,164.81,0,21.57
2026-09-29,Grafton,R4 1106m Hcap,4,262963922,63893821,10,Gerety,2,0,60.0,1,7.81
2026-09-29,Grafton,R4 1106m Hcap,4,262963922,73404253,6,The Lupercal,1,0,7.2,1,2.12
2026-09-29,Grafton,R4 1106m Hcap,4,262963922,85813786,7,Humphree Bear,5,1,6.6,1,2.14
2026-09-29,Grafton,R5 1175m Mdn,5,262963925,4219540,10,Miss Show Stopper,1,0,34.89,0,5.36
2026-09-29,Grafton,R5 1175m Mdn,5,262963925,102667642,3,Who Loves A Harley,4,0,13.5,1,2.54
2026-09-29,Grafton,R5 1175m Mdn,5,262963925,103192439,9,Miss Fic,3,0,23.0,1,3.65
2026-09-29,Grafton,R5 1175m Mdn,5,262963925,103192440,11,No Sound,5,0,8.3,0,2.3
2026-09-29,Grafton,R5 1175m Mdn,5,262963925,103192442,14,Scrambling,2,1,1.76,1,1.17
2026-09-29,Grafton,R6 1181m CL2,6,262963928,77465140,8,Copenhagen Cat,3,0,3.45,0,1.4
2026-09-29,Grafton,R6 1181m CL2,6,262963928,80398948,9,Rainbow Lass,5,0,36.0,0,6.8
2026-09-29,Grafton,R6 1181m CL2,6,262963928,82376023,11,Picupstixx,2,0,17.5,0,3.5
2026-09-29,Grafton,R6 1181m CL2,6,262963928,90755938,4,Hard As Brok,1,0,4.4,0,1.94
2026-09-29,Grafton,R6 1181m CL2,6,262963928,95919071,3,City Of Tears,4,0,6.4,1,2.06
2026-09-29,Grafton,R7 1610m CL2,7,262963931,71374936,6,Class Revolution,3,0,23.0,0,5.5
2026-09-29,Grafton,R7 1610m CL2,7,262963931,92116807,1,Herald Angel,2,1,4.4,1,1.71
2026-09-29,Grafton,R7 1610m CL2,7,262963931,97242508,3,Shes A Dame,5,0,8.06,1,2.39
2026-09-29,Grafton,R7 1610m CL2,7,262963931,103192444,2,Valouri,1,0,3.35,1,1.64
2026-09-29,Grafton,R7 1610m CL2,7,262963931,103192448,12,Pineto Lad,4,0,12.5,0,3.35
2026-09-29,Grafton,R8 1410m Hcap,8,262963934,10442757,3,Zucchero,3,0,16.5,0,4.9
2026-09-29,Grafton,R8 1410m Hcap,8,262963934,85897337,6,Sunset Trail,1,0,4.8,1,1.88
2026-09-29,Grafton,R8 1410m Hcap,8,262963934,86388518,1,Vendemmia,2,0,7.36,1,2.05
2026-09-29,Grafton,R8 1410m Hcap,8,262963934,94448140,7,Stern Dispute,4,1,9.92,1,3.6
2026-09-29,Grafton,R8 1410m Hcap,8,262963934,103192449,2,Lord Vettori,5,0,4.64,0,1.86
2026-09-29,Tatura,R1 1100m Mdn,1,262965109,3933530,4,Court Jester,4,0,9.44,0,2.28
2026-09-29,Tatura,R1 1100m Mdn,1,262965109,6608038,3,Bordeaux,1,0,9.8,0,2.61
2026-09-29,Tatura,R1 1100m Mdn,1,262965109,102633206,11,Firmnhigh,2,0,6.99,0,2.1
2026-09-29,Tatura,R1 1100m Mdn,1,262965109,103192587,13,Plinian,5,0,20.42,1,4.7
2026-09-29,Tatura,R1 1100m Mdn,1,262965109,103192617,7,Rentier,3,0,7.47,1,2.26
2026-09-29,Tatura,R2 1100m Mdn,2,262965117,9307392,6,Fully Funded,1,0,4.5,0,1.64
2026-09-29,Tatura,R2 1100m Mdn,2,262965117,102667776,12,Snitzel Tycoon,2,0,3.35,1,1.33
2026-09-29,Tatura,R2 1100m Mdn,2,262965117,102668569,5,Forward Ho,4,0,5.86,1,1.63
2026-09-29,Tatura,R2 1100m Mdn,2,262965117,103192621,3,Bettys Rubble,5,0,240.0,0,27.0
2026-09-29,Tatura,R2 1100m Mdn,2,262965117,103192623,9,I Am Algadon,3,1,4.65,1,1.67
2026-09-29,Tatura,R3 1600m Mdn,3,262965125,2341126,7,Vespasian,1,0,2.37,0,1.27
2026-09-29,Tatura,R3 1600m Mdn,3,262965125,85180905,11,Who I Think I Am,3,0,8.08,1,2.57
2026-09-29,Tatura,R3 1600m Mdn,3,262965125,95621439,3,Just Basil,5,0,18.5,0,3.6
2026-09-29,Tatura,R3 1600m Mdn,3,262965125,98451876,6,Thinkimacelebrity,4,0,5.66,0,1.79
2026-09-29,Tatura,R3 1600m Mdn,3,262965125,103192627,12,The Cellist,2,1,10.5,1,2.8
2026-09-29,Tatura,R4 1450m CL1,4,262965133,2650434,3,Strongside,3,0,16.57,0,3.91
2026-09-29,Tatura,R4 1450m CL1,4,262965133,72915950,8,Mayeki,5,1,23.0,1,4.97
2026-09-29,Tatura,R4 1450m CL1,4,262965133,94486512,6,Mahmudah,2,0,6.8,0,2.38
2026-09-29,Tatura,R4 1450m CL1,4,262965133,97417161,1,Baganov,1,0,3.9,1,1.62
2026-09-29,Tatura,R4 1450m CL1,4,262965133,99769593,9,Carnival Riches,4,0,3.88,0,1.86
2026-09-29,Tatura,R5 1450m Hcap,5,262965141,92997080,4,No Overtaking,2,0,12.25,1,2.9
2026-09-29,Tatura,R5 1450m Hcap,5,262965141,103192635,1,Pomah,1,0,3.07,0,1.34
2026-09-29,Tatura,R5 1450m Hcap,5,262965141,103192636,2,Spex,5,1,5.38,1,1.98
2026-09-29,Tatura,R5 1450m Hcap,5,262965141,103192637,3,Sinister Sauce,4,0,5.49,0,1.91
2026-09-29,Tatura,R5 1450m Hcap,5,262965141,103192638,5,Queen Amanjena,3,0,5.06,0,1.71
2026-09-29,Tatura,R6 1450m Hcap,6,262965149,41749384,5,Lord Domino,2,0,32.0,0,6.17
2026-09-29,Tatura,R6 1450m Hcap,6,262965149,67324654,7,Positivo,1,0,8.49,0,2.63
2026-09-29,Tatura,R6 1450m Hcap,6,262965149,74039651,1,Annotate,5,1,7.8,1,2.47
2026-09-29,Tatura,R6 1450m Hcap,6,262965149,92418006,3,Immortalised,3,0,2.97,0,1.49
2026-09-29,Tatura,R6 1450m Hcap,6,262965149,103192643,10,Savethebesttillast,4,0,13.53,1,3.2
2026-09-29,Tatura,R7 1100m Hcap,7,262965157,62393219,5,Turnaquid,4,0,25.06,0,4.6
2026-09-29,Tatura,R7 1100m Hcap,7,262965157,71867283,8,Asmita,1,0,3.6,0,1.52
2026-09-29,Tatura,R7 1100m Hcap,7,262965157,100293077,10,Smash Blue,5,0,23.0,0,5.17
2026-09-29,Tatura,R7 1100m Hcap,7,262965157,103192645,1,Sheanadh,3,0,10.03,1,2.92
2026-09-29,Tatura,R7 1100m Hcap,7,262965157,103192647,4,Sugar Schnapps,2,0,3.18,1,1.56
2026-09-29,Tatura,R8 1000m Hcap,8,262965165,52936610,1,Cumboogle,3,0,4.04,0,1.81
2026-09-29,Tatura,R8 1000m Hcap,8,262965165,64342572,2,Hells Son,4,0,26.0,0,6.18
2026-09-29,Tatura,R8 1000m Hcap,8,262965165,88465049,9,Noble Style,2,0,8.0,0,2.88
2026-09-29,Tatura,R8 1000m Hcap,8,262965165,99531752,15,Flying Mean,1,0,6.33,0,2.26
2026-09-29,Tatura,R8 1000m Hcap,8,262965165,103192650,7,Golden Pulse,5,0,13.3,0,4.5
2026-09-30,Balaklava,R1 1300m CL1,1,263031772,86057102,3,Testing One Two,5,0,14.1,0,6.27
2026-09-30,Balaklava,R1 1300m CL1,1,263031772,101328208,4,Tour De Moon,2,1,7.73,1,3.11
2026-09-30,Balaklava,R1 1300m CL1,1,263031772,103312823,1,Synthesise,1,0,2.41,1,1.53
2026-09-30,Balaklava,R1 1300m CL1,1,263031772,103312824,5,My Cherie Amor,4,0,38.63,0,13.0
2026-09-30,Balaklava,R1 1300m CL1,1,263031772,103312825,6,Hells On Fire,3,0,3.66,0,1.87
2026-09-30,Balaklava,R2 1400m Mdn,2,263031781,80092576,1,Atomic Time,3,1,8.0,1,2.16
2026-09-30,Balaklava,R2 1400m Mdn,2,263031781,82602449,10,Pretty Morsel,2,0,4.6,1,1.54
2026-09-30,Balaklava,R2 1400m Mdn,2,263031781,102633358,6,Aviation Heiress,5,0,170.0,0,20.0
2026-09-30,Balaklava,R2 1400m Mdn,2,263031781,102810337,5,Willebob,4,0,2.92,0,1.25
2026-09-30,Balaklava,R2 1400m Mdn,2,263031781,103312827,8,Leading Ride,1,0,4.29,0,1.5
2026-09-30,Balaklava,R3 1050m Mdn,3,263031790,6325928,3,Simply Sid,2,1,2.93,1,1.44
2026-09-30,Balaklava,R3 1050m Mdn,3,263031790,96747221,9,Nolabell,5,0,6.83,1,2.6
2026-09-30,Balaklava,R3 1050m Mdn,3,263031790,103312829,4,Babylon Blue,4,0,18.5,0,4.1
2026-09-30,Balaklava,R3 1050m Mdn,3,263031790,103312830,5,Blazing Missile,3,0,7.4,0,2.16
2026-09-30,Balaklava,R3 1050m Mdn,3,263031790,103312831,6,Charles Bridge,1,0,4.8,0,2.17
2026-09-30,Balaklava,R4 1050m Mdn,4,263031799,6890055,3,Never Pegasus,1,0,3.94,0,1.56
2026-09-30,Balaklava,R4 1050m Mdn,4,263031799,102029854,9,Via Niccolina,4,0,12.03,1,2.4
2026-09-30,Balaklava,R4 1050m Mdn,4,263031799,103312835,4,Total Love,3,0,39.87,0,5.3
2026-09-30,Balaklava,R4 1050m Mdn,4,263031799,103312836,5,Fast Food,2,1,2.97,1,1.36
2026-09-30,Balaklava,,4,263031799,103312839,8,One Special Girl,5,,,,
2026-09-30,Balaklava,R5 1400m Hcap,5,263031808,46345067,2,Blakmax,2,0,34.25,0,5.71
2026-09-30,Balaklava,R5 1400m Hcap,5,263031808,59146135,3,Gruelling,4,0,3.65,1,1.4
2026-09-30,Balaklava,R5 1400m Hcap,5,263031808,93206458,4,Chillcuz,1,0,3.49,1,1.39
2026-09-30,Balaklava,R5 1400m Hcap,5,263031808,103312842,1,Demiquaver,3,0,28.57,0,6.36
2026-09-30,Balaklava,R5 1400m Hcap,5,263031808,103312843,5,Unpraised,5,0,20.0,0,3.95
2026-09-30,Balaklava,R6 1600m Hcap,6,263031817,5486728,4,Stolen Kiss,1,1,4.75,1,1.78
2026-09-30,Balaklava,R6 1600m Hcap,6,263031817,39307621,1,Star Casino,2,0,5.3,1,1.99
2026-09-30,Balaklava,R6 1600m Hcap,6,263031817,41296150,3,Yorokobi,4,0,4.3,1,1.74
2026-09-30,Balaklava,R6 1600m Hcap,6,263031817,83984804,2,Queen Beira,5,0,25.0,0,5.63
2026-09-30,Balaklava,R6 1600m Hcap,6,263031817,100693740,5,Gazelle,3,0,6.48,0,2.12
2026-09-30,Balaklava,R7 1050m Hcap,7,263031826,714571,3,Squad,1,0,7.78,0,2.66
2026-09-30,Balaklava,R7 1050m Hcap,7,263031826,45565648,2,Gusmao,2,0,120.0,0,13.82
2026-09-30,Balaklava,R7 1050m Hcap,7,263031826,49949188,10,The Magistrate,5,0,16.5,0,3.75
2026-09-30,Balaklava,R7 1050m Hcap,7,263031826,87676731,5,All Shot,3,0,12.41,0,3.1
2026-09-30,Balaklava,R7 1050m Hcap,7,263031826,88465053,1,Over Yonder,4,0,11.47,1,3.25
2026-09-30,Ballarat,R1 1000m 3yo,1,263032707,4424707,3,Epponnee Rae,5,0,62.77,0,7.0
2026-09-30,Ballarat,R1 1000m 3yo,1,263032707,5858774,9,Scoville,4,0,9.05,1,2.18
2026-09-30,Ballarat,R1 1000m 3yo,1,263032707,7032569,1,Aroused,3,1,2.16,1,1.35
2026-09-30,Ballarat,R1 1000m 3yo,1,263032707,103313035,2,Egyptian Dancer,2,0,5.17,0,1.65
2026-09-30,Ballarat,,1,263032707,103313039,10,Semantics,1,,,,
2026-09-30,Ballarat,R2 2016m Mdn,2,263032716,100721736,12,Courting,3,0,6.34,1,2.58
2026-09-30,Ballarat,R2 2016m Mdn,2,263032716,102633191,14,Tears Of Happiness,1,0,4.5,0,1.98
2026-09-30,Ballarat,R2 2016m Mdn,2,263032716,102667950,2,Lollies Galore,2,0,15.3,0,4.1
2026-09-30,Ballarat,R2 2016m Mdn,2,263032716,102870390,13,Expensive Taste,4,0,5.7,1,2.21
2026-09-30,Ballarat,R2 2016m Mdn,2,263032716,103313041,5,Unoyaself,5,0,17.5,0,5.15
2026-09-30,Ballarat,R3 1400m Mdn,3,263032725,4221963,14,So Royal,5,1,8.0,1,2.52
2026-09-30,Ballarat,R3 1400m Mdn,3,263032725,96534631,3,Paramount War,3,0,140.0,0,17.0
2026-09-30,Ballarat,R3 1400m Mdn,3,263032725,102667974,1,Braemar Hill,2,0,5.33,1,1.92
2026-09-30,Ballarat,R3 1400m Mdn,3,263032725,103313050,11,Full Confidence,1,0,2.47,0,1.44
2026-09-30,Ballarat,R3 1400m Mdn,3,263032725,103313054,16,Levate,4,0,11.64,1,3.35
2026-09-30,Ballarat,R4 1400m Hcap,4,263032734,4791875,1,Comic Hero,2,0,29.0,0,5.4
2026-09-30,Ballarat,R4 1400m Hcap,4,263032734,83605077,12,Venetian Choice,4,1,6.0,1,2.0
2026-09-30,Ballarat,R4 1400m Hcap,4,263032734,85213461,11,Share The Stars,5,0,30.6,0,5.62
2026-09-30,Ballarat,R4 1400m Hcap,4,263032734,103313056,3,Tempt The Gods,3,0,13.51,1,3.65
2026-09-30,Ballarat,R4 1400m Hcap,4,263032734,103313057,10,Lope De Lardo,1,0,12.76,1,3.23
2026-09-30,Ballarat,R5 1600m Hcap,5,263032743,140883,8,Revolver,5,0,46.0,0,6.0
2026-09-30,Ballarat,R5 1600m Hcap,5,263032743,96181504,5,Yauson,3,1,1.97,1,1.26
2026-09-30,Ballarat,R5 1600m Hcap,5,263032743,97242958,10,Easy Dun,4,0,34.0,0,5.2
2026-09-30,Ballarat,R5 1600m Hcap,5,263032743,103313059,9,Crocodile,1,0,4.7,1,1.59
2026-09-30,Ballarat,R5 1600m Hcap,5,263032743,103313060,11,Jenni You Think,2,0,6.73,1,1.87
2026-09-30,Ballarat,R6 1200m 3yo,6,263032752,95228162,2,Inner Gold,3,0,9.83,1,2.74
2026-09-30,Ballarat,R6 1200m 3yo,6,263032752,103313063,6,Wonderful Sky,5,0,12.23,0,3.04
2026-09-30,Ballarat,R6 1200m 3yo,6,263032752,103313065,8,Handee,1,0,4.7,0,1.77
2026-09-30,Ballarat,R6 1200m 3yo,6,263032752,103313067,10,Mull Of Kintyre,4,0,8.6,0,2.25
2026-09-30,Ballarat,R6 1200m 3yo,6,263032752,103313070,13,Home Invasion,2,0,24.36,0,5.4
2026-09-30,Ballarat,R7 1200m Hcap,7,263032761,59620350,1,Delivering,2,0,36.98,0,5.56
2026-09-30,Ballarat,R7 1200m Hcap,7,263032761,74493797,2,Primal Spirit,3,0,19.63,1,3.76
2026-09-30,Ballarat,R7 1200m Hcap,7,263032761,94060398,9,Stormbender,5,0,7.52,0,2.06
2026-09-30,Ballarat,R7 1200m Hcap,7,263032761,95579001,8,Carriedo,4,0,4.17,1,1.6
2026-09-30,Ballarat,R7 1200m Hcap,7,263032761,99398751,4,Sulek,1,0,3.93,0,1.49
2026-09-30,Ballarat,R8 1000m Hcap,8,263032770,2082145,4,Yolo,1,1,3.97,1,1.74
2026-09-30,Ballarat,R8 1000m Hcap,8,263032770,62868537,2,Just Bolts,5,0,17.0,0,4.5
2026-09-30,Ballarat,R8 1000m Hcap,8,263032770,80640523,7,Nostra Bella,4,0,24.12,0,6.25
2026-09-30,Ballarat,R8 1000m Hcap,8,263032770,92390315,1,Bold Bordeaux,3,0,9.04,0,2.86
2026-09-30,Ballarat,R8 1000m Hcap,8,263032770,103313081,15,Les Garcons,2,0,32.0,0,8.48
2026-09-30,Doomben,R1 1350m Mdn,1,263031578,1392138,8,Network,1,0,11.63,1,2.82
2026-09-30,Doomben,R1 1350m Mdn,1,263031578,102030216,5,Crazy Eights,5,0,5.8,0,1.76
2026-09-30,Doomben,R1 1350m Mdn,1,263031578,103313003,1,Imminent Appeal,3,1,2.35,1,1.28
2026-09-30,Doomben,R1 1350m Mdn,1,263031578,103313006,6,Konigstein,4,0,59.91,1,8.6
2026-09-30,Doomben,R1 1350m Mdn,1,263031578,103313008,11,Zephyr Song,2,0,5.17,0,1.64
2026-09-30,Doomben,R2 2240m Hcap,2,263031587,66032866,3,Whatjeudoin,4,1,6.2,1,3.14
2026-09-30,Doomben,R2 2240m Hcap,2,263031587,77645923,4,Iconify,1,0,4.5,0,2.24
2026-09-30,Doomben,R2 2240m Hcap,2,263031587,87205478,5,Power Of Success,2,0,5.2,0,2.41
2026-09-30,Doomben,R2 2240m Hcap,2,263031587,92390306,6,Ayasaki,5,0,13.42,1,5.6
2026-09-30,Doomben,R2 2240m Hcap,2,263031587,103313011,1,Super Fair,3,0,3.25,0,1.75
2026-09-30,Doomben,R3 1650m CL4,3,263031596,51636660,7,Sir Beveridge,5,0,14.5,0,2.46
2026-09-30,Doomben,R3 1650m CL4,3,263031596,88651300,1,Perfect Play,1,1,2.47,1,1.16
2026-09-30,Doomben,R3 1650m CL4,3,263031596,90524693,3,Burleigh Magic,3,0,9.36,1,1.74
2026-09-30,Doomben,R3 1650m CL4,3,263031596,92504745,5,Twisted Queen,2,0,2.8,1,1.22
2026-09-30,Doomben,R3 1650m CL4,3,263031596,102599633,2,Vixenette,4,0,23.0,0,3.0
2026-09-30,Doomben,R4 1200m 3yo,4,263031605,103313013,2,Defiant Code,2,0,26.0,0,4.23
2026-09-30,Doomben,R4 1200m 3yo,4,263031605,103313017,6,Ready Set Tergo,5,0,14.93,0,3.03
2026-09-30,Doomben,R4 1200m 3yo,4,263031605,103313019,9,Tiny Light,3,1,1.85,1,1.2
2026-09-30,Doomben,R4 1200m 3yo,4,263031605,103313024,14,Cavalluna,4,0,12.57,0,3.15
2026-09-30,Doomben,R4 1200m 3yo,4,263031605,103313028,18,Jolayna Dash,1,0,10.67,0,2.24
2026-09-30,Doomben,R5 1200m CL3,5,263031614,54867166,6,Influential,4,0,9.26,0,2.29
2026-09-30,Doomben,R5 1200m CL3,5,263031614,54867166,6,Influential,5,0,9.26,0,2.29
2026-09-30,Doomben,R5 1200m CL3,5,263031614,78231743,4,Street Chase,3,0,6.37,1,1.93
2026-09-30,Doomben,R5 1200m CL3,5,263031614,80131547,9,Spiethtacular,1,1,3.06,1,1.33
2026-09-30,Doomben,R5 1200m CL3,5,263031614,88069838,10,Southern Heiress,2,0,4.43,1,1.73
2026-09-30,Doomben,R6 1350m Hcap,6,263031623,606869,11,Starman,3,0,6.86,0,2.17
2026-09-30,Doomben,R6 1350m Hcap,6,263031623,10053966,3,Lockyer,4,1,2.8,1,1.42
2026-09-30,Doomben,R6 1350m Hcap,6,263031623,82603060,1,Zouper Fund,2,0,4.43,1,1.56
2026-09-30,Doomben,R6 1350m Hcap,6,263031623,96116297,10,She Moves Too,5,0,8.0,0,2.23
2026-09-30,Doomben,R6 1350m Hcap,6,263031623,103313030,6,Celestial Blaze,1,0,18.15,0,3.84
2026-09-30,Doomben,R7 1110m CL1,7,263031632,61034167,8,Ciphertext,5,0,25.0,0,5.4
2026-09-30,Doomben,R7 1110m CL1,7,263031632,89886208,7,Cardonette,4,1,3.0,1,1.58
2026-09-30,Doomben,R7 1110m CL1,7,263031632,95344777,9,Conformity,1,0,10.0,0,2.8
2026-09-30,Doomben,R7 1110m CL1,7,263031632,103313033,10,Duke Of Albemarle,3,0,12.31,0,3.15
2026-09-30,Doomben,R7 1110m CL1,7,263031632,103313034,12,Savage Sequel,2,0,6.29,0,2.24
2026-09-30,Geraldton,R1 1400m Hcap,1,263036663,44389627,3,Keytrade,4,0,21.0,0,7.14
2026-09-30,Geraldton,R1 1400m Hcap,1,263036663,50836053,4,Lieutenant Dunbar,2,1,3.22,1,1.93
2026-09-30,Geraldton,R1 1400m Hcap,1,263036663,71652089,6,Forbidden Apple,5,0,18.31,0,6.2
2026-09-30,Geraldton,R1 1400m Hcap,1,263036663,89709486,1,Cantilever,3,0,8.25,0,3.65
2026-09-30,Geraldton,R1 1400m Hcap,1,263036663,103313212,2,Prince Epaulette,1,0,2.67,1,1.58
2026-09-30,Geraldton,R2 1400m Mdn,2,263036672,94060755,7,Dancing Spirit,2,0,9.6,0,2.29
2026-09-30,Geraldton,R2 1400m Mdn,2,263036672,98387588,3,Black Irish,4,0,15.94,1,3.0
2026-09-30,Geraldton,R2 1400m Mdn,2,263036672,101555017,2,Beston Street,3,0,2.26,1,1.22
2026-09-30,Geraldton,R2 1400m Mdn,2,263036672,103313216,8,Beaumont Miss,1,1,3.35,1,1.33
2026-09-30,Geraldton,R2 1400m Mdn,2,263036672,103313218,10,Gout,5,0,44.51,0,5.58
2026-09-30,Geraldton,R3 1400m CL2,3,263036681,71587614,7,Tiger Line,4,0,15.0,0,3.15
2026-09-30,Geraldton,R3 1400m CL2,3,263036681,72583964,2,Hyperreal,1,1,2.79,1,1.36
2026-09-30,Geraldton,R3 1400m CL2,3,263036681,82117590,1,Dutch Por,2,0,6.8,0,2.38
2026-09-30,Geraldton,R3 1400m CL2,3,263036681,99428285,6,Le Troy,5,0,12.5,1,3.45
2026-09-30,Geraldton,R3 1400m CL2,3,263036681,103313219,4,Magic Carats,3,0,4.01,1,1.44
2026-09-30,Geraldton,,4,263036690,6514486,3,Auburn,4,,,,
2026-09-30,Geraldton,,4,263036690,76707729,6,Summer Mood,3,,,,
2026-09-30,Geraldton,R4 1100m Mdn,4,263036690,82117582,1,Il Bello Beals,1,0,6.03,1,1.87
2026-09-30,Geraldton,R4 1100m Mdn,4,263036690,85712997,2,Aldezor,2,1,3.73,1,1.37
2026-09-30,Geraldton,R4 1100m Mdn,4,263036690,97886384,7,Diamas,5,0,3.59,0,1.4
2026-09-30,Geraldton,R5 1200m CL1,5,263036699,78213266,10,Weaponize,1,0,6.17,0,2.37
2026-09-30,Geraldton,R5 1200m CL1,5,263036699,90848766,6,Noble Touch,5,0,9.02,0,2.74
2026-09-30,Geraldton,R5 1200m CL1,5,263036699,94639911,1,Blood Saint,2,0,9.4,1,3.05
2026-09-30,Geraldton,R5 1200m CL1,5,263036699,94985831,8,Romance Calling,3,0,16.85,1,4.1
2026-09-30,Geraldton,R5 1200m CL1,5,263036699,98883332,9,Ellovaman,4,0,9.0,0,2.82
2026-09-30,Geraldton,R6 1100m Hcap,6,263036708,42202580,3,Gold Keeper,1,0,4.2,0,1.52
2026-09-30,Geraldton,R6 1100m Hcap,6,263036708,42901728,1,Prince Ragnar,3,0,3.78,0,1.53
2026-09-30,Geraldton,R6 1100m Hcap,6,263036708,74815268,2,Onemoretwomany,4,0,10.36,1,2.82
2026-09-30,Geraldton,R6 1100m Hcap,6,263036708,87456416,7,Oracle Son,5,1,14.59,1,3.85
2026-09-30,Geraldton,R6 1100m Hcap,6,263036708,103313227,8,Snippy Sean,2,0,6.0,1,2.11
2026-09-30,Geraldton,R7 1100m Hcap,7,263036717,874760,2,In Situ,4,1,4.1,1,1.84
2026-09-30,Geraldton,R7 1100m Hcap,7,263036717,67788240,10,Smart Return,3,0,14.5,0,3.65
2026-09-30,Geraldton,R7 1100m Hcap,7,263036717,81475132,6,Leonardo Da Grey,1,0,6.31,0,2.26
2026-09-30,Geraldton,R7 1100m Hcap,7,263036717,89265488,5,Pats Last Bang,5,0,19.85,0,4.81
2026-09-30,Geraldton,R7 1100m Hcap,7,263036717,93022677,3,Truly Gallant,2,0,19.07,0,4.7
2026-09-30,Rosehill,R1 1400m 3yo,1,263032471,100019680,13,Snitzels Girl,2,0,14.0,0,2.06
2026-09-30,Rosehill,R1 1400m 3yo,1,263032471,103159506,3,Iommi,4,0,7.34,1,2.0
2026-09-30,Rosehill,R1 1400m 3yo,1,263032471,103312887,9,Low Key,1,1,1.63,1,1.17
2026-09-30,Rosehill,R1 1400m 3yo,1,263032471,103312890,14,Victorious Ruler,3,0,20.0,0,3.75
2026-09-30,Rosehill,R1 1400m 3yo,1,263032471,103312894,18,Biarritz,5,0,78.67,0,7.36
2026-09-30,Rosehill,R2 1200m 3yo,2,263032480,969754,1,Quarterback,4,0,40.0,1,3.9
2026-09-30,Rosehill,R2 1200m 3yo,2,263032480,103312898,4,Geryon,3,0,17.0,0,2.5
2026-09-30,Rosehill,R2 1200m 3yo,2,263032480,103312902,10,Bravira,5,0,26.0,0,4.1
2026-09-30,Rosehill,R2 1200m 3yo,2,263032480,103312910,18,Affari,1,0,1.95,1,1.1
2026-09-30,Rosehill,R2 1200m 3yo,2,263032480,103312910,18,Affari,2,0,1.95,1,1.1
2026-09-30,Rosehill,R3 1400m Hcap,3,263032489,3879123,7,Stallone,1,0,3.65,0,1.54
2026-09-30,Rosehill,R3 1400m Hcap,3,263032489,4549221,4,Azarax,4,0,12.74,1,2.87
2026-09-30,Rosehill,R3 1400m Hcap,3,263032489,103312912,6,Siragusa,5,0,6.02,0,1.65
2026-09-30,Rosehill,R3 1400m Hcap,3,263032489,103312913,9,Anthropoid,3,0,5.0,1,1.62
2026-09-30,Rosehill,R3 1400m Hcap,3,263032489,103312914,10,Concrete Storm,2,1,4.8,1,1.66
2026-09-30,Rosehill,R4 2400m Hcap,4,263032498,36395951,7,Mr Fabulous,5,0,40.0,0,6.98
2026-09-30,Rosehill,R4 2400m Hcap,4,263032498,81517347,3,Spenzalot,3,0,15.16,0,3.75
2026-09-30,Rosehill,R4 2400m Hcap,4,263032498,85813717,6,County Kilkenny,4,0,9.6,0,4.28
2026-09-30,Rosehill,R4 2400m Hcap,4,263032498,91873158,2,Kenmare Bay,1,1,1.99,1,1.31
2026-09-30,Rosehill,R4 2400m Hcap,4,263032498,101849102,4,Golden Century,2,0,3.51,1,2.1
2026-09-30,Rosehill,R5 1800m Hcap,5,263032507,87205988,1,Nkosi,5,0,18.5,0,5.0
2026-09-30,Rosehill,R5 1800m Hcap,5,263032507,87544290,12,Shanoni,1,0,6.6,0,2.4
2026-09-30,Rosehill,R5 1800m Hcap,5,263032507,89968163,3,Funchal,3,0,98.17,0,20.0
2026-09-30,Rosehill,R5 1800m Hcap,5,263032507,103312916,4,Think Itz You,2,1,5.4,1,1.91
2026-09-30,Rosehill,R5 1800m Hcap,5,263032507,103312917,6,Hallowed Halls,4,0,5.12,0,1.88
2026-09-30,Rosehill,R6 1300m Hcap,6,263032516,92161277,1,Titanium Miss,5,0,26.55,1,4.4
2026-09-30,Rosehill,R6 1300m Hcap,6,263032516,103312920,2,Regal Problem,4,0,1.89,0,1.16
2026-09-30,Rosehill,R6 1300m Hcap,6,263032516,103312923,10,Live,1,0,12.0,0,2.51
2026-09-30,Rosehill,R6 1300m Hcap,6,263032516,103312928,17,Ertijaaj,2,1,7.0,1,1.85
2026-09-30,Rosehill,R6 1300m Hcap,6,263032516,103312928,17,Ertijaaj,3,1,7.0,1,1.85
2026-09-30,Rosehill,R7 1200m Hcap,7,263032525,55494239,13,West Of Dalby,2,1,8.84,1,2.97
2026-09-30,Rosehill,R7 1200m Hcap,7,263032525,73177161,3,Snack Bar,1,0,7.97,0,2.5
2026-09-30,Rosehill,R7 1200m Hcap,7,263032525,89623776,10,Taxation,5,0,19.18,0,5.3
2026-09-30,Rosehill,R7 1200m Hcap,7,263032525,96912783,4,Metallic Cat,3,0,4.2,1,2.18
2026-09-30,Rosehill,R7 1200m Hcap,7,263032525,103312931,11,Duke Of Arrakis,4,0,13.0,0,4.8
