Tipster_Name,MeetingDate,TrackName,Content,International_Meeting,Racing_Code,Race,Selection,BettingStrategy,MarketType,RP,SelectionName,Stake,BestBet,Market_ID,Selection_ID,MBR,RESULT,BSP,PROFIT_BSP,PROFIT_BSP_RP,PROFIT_BESTBET
Michael Tye,1/06/2026,Sandown Park,EXPERT TIPS,FALSE,Greyhounds,2,7,BACK,WIN,$1.68,7. Maxi Grin,2,,258765744,95965495,8,1,1.42,0.77,0.00,0.00
Michael Tye,1/06/2026,Sandown Park,EXPERT TIPS,FALSE,Greyhounds,4,3,BACK,WIN,$1.90,3. Paw Xerox ,4,BEST BET,258765754,96183674,8,0,2.44,-4.00,-4.00,-4.00
Brett & Darren Carroll,1/06/2026,Stawell,EXPERT TIPS,FALSE,Harness,1,6,BACK,WIN,$2.40,6. Delightful Reyna,1,,258764904,98996693,8,0,1.93,-1.00,0.00,0.00
Brett & Darren Carroll,1/06/2026,Stawell,EXPERT TIPS,FALSE,Harness,1,6,BACK,WIN,$2.50,6. Delightful Reyna ,1,,258764904,98996693,8,0,1.93,-1.00,0.00,0.00
Brett & Darren Carroll,1/06/2026,Stawell,EXPERT TIPS,FALSE,Harness,4,5,BACK,WIN,$2.50,5. Mattyo,1,,258764910,56409272,8,0,3.97,-1.00,-1.00,0.00
Brett & Darren Carroll,1/06/2026,Stawell,EXPERT TIPS,FALSE,Harness,5,2,BACK,WIN,$1.80,2. Isthisthereallife,2,BEST BET,258764912,97726712,8,1,1.68,1.25,0.00,1.25
Brett & Darren Carroll,1/06/2026,Stawell,EXPERT TIPS,FALSE,Harness,7,4,BACK,WIN,$2.40,4. Jansen,2,,258764916,97803899,8,0,2.99,-2.00,-2.00,0.00
Ryan Spice,2/06/2026,Albion Park,EXPERT TIPS,FALSE,Harness,3,6,BACK,WIN,$1.90,6. Shankys Shot,3,BEST BET,258787697,97762587,8,0,3.03,-3.00,-3.00,-3.00
Ryan Spice,2/06/2026,Albion Park,EXPERT TIPS,FALSE,Harness,6,9,BACK,WIN,$3.00,9. Barlor Heaven,2,BEST BET,258787703,90526444,8,0,1.74,-2.00,0.00,-2.00
Mitch Lewis,2/06/2026,Kembla Grange,EXPERT TIPS,FALSE,Thoroughbred,4,1,BACK,WIN,$2.40,1. Smoke N Darts,2,,258763102,98417849,10,1,4.1,5.58,5.58,0.00
Mitch Lewis,2/06/2026,Kembla Grange,EXPERT TIPS,FALSE,Thoroughbred,7,1,BACK,WIN,$3.00,1. Presides,2,BEST BET,258763111,69352349,10,1,3,3.60,3.60,3.60
Will Norman,2/06/2026,Menangle,EXPERT TIPS,FALSE,Harness,1,6,BACK,WIN,$1.50,6. Gladiatrix,2,,258793607,5237327,8,1,1.56,1.03,1.03,0.00
Will Norman,2/06/2026,Menangle,EXPERT TIPS,FALSE,Harness,5,1,BACK,WIN,$1.50,1. Peachesncream,1,,258793619,99002724,8,1,4.24,2.98,2.98,0.00
Will Norman,2/06/2026,Menangle,EXPERT TIPS,FALSE,Harness,7,5,BACK,WIN,$1.70,5. Perfectdelight,2,BEST BET,258793625,79771647,8,1,2.29,2.37,2.37,2.37
Will Norman,2/06/2026,Menangle,EXPERT TIPS,FALSE,Harness,9,7,LAY,WIN,$5.00,7. Cya Art,1,,258793631,38686861,8,0,14.06,0.07,0.00,0.00
Brett & Darren Carroll,2/06/2026,Shepparton,EXPERT TIPS,FALSE,Harness,2,4,BACK,WIN,$4.00,4. Miss Joplin,1,,258790755,79067476,8,0,13,-1.00,-1.00,0.00
Brett & Darren Carroll,2/06/2026,Shepparton,EXPERT TIPS,FALSE,Harness,5,8,BACK,WIN,$2.50,8. Hitch To His Star,2,BEST BET,258790761,81889611,8,0,2.42,-2.00,0.00,-2.00
Brett & Darren Carroll,2/06/2026,Shepparton,EXPERT TIPS,FALSE,Harness,6,3,BACK,WIN,$4.00,3. Interestinme,1,,258790763,98996743,8,0,7.82,-1.00,-1.00,0.00
Brett & Darren Carroll,2/06/2026,Shepparton,EXPERT TIPS,FALSE,Harness,9,7,BACK,WIN,$1.40,7. Katie Lorraine,3,BEST BET,258790769,98996747,8,1,1.32,0.88,0.00,0.88
Michael Tye,3/06/2026,Ballarat,EXPERT TIPS,FALSE,Greyhounds,10,8,LAY,WIN,$7.00,8. Leap Of Faith,2,,258825316,70079516,8,1,9.4,-2.00,0.00,0.00
Michael Tye,3/06/2026,Ballarat,EXPERT TIPS,FALSE,Greyhounds,10,8,LAY,PLACE,$7.00,8. Leap Of Faith,2,,258825317,70079516,8,1,2.39,-2.00,-2.00,0.00
Michael Tye,3/06/2026,Ballarat,EXPERT TIPS,FALSE,Greyhounds,12,4,LAY,WIN,$3.00,4. Mile A Minute ,2,,258825326,67821709,8,1,3.02,-2.00,0.00,0.00
Michael Tye,3/06/2026,Ballarat,EXPERT TIPS,FALSE,Greyhounds,2,8,BACK,WIN,$1.65,8. Lilly Zoom ,4,BEST BET,258825276,87454494,8,1,1.79,2.91,2.91,2.91
Michael Tye,3/06/2026,Ballarat,EXPERT TIPS,FALSE,Greyhounds,6,8,BACK,WIN,$2.25,8. Upended ,3,,258825296,89489409,8,1,1.79,2.18,0.00,0.00
Michael Tye,3/06/2026,Ballarat,EXPERT TIPS,FALSE,Greyhounds,6,5,LAY,WIN,$3.20,5. Mother Georgia ,3,BEST BET,258825296,91027742,8,0,2.87,1.48,1.48,1.48
Michael Tye,3/06/2026,Ballarat,EXPERT TIPS,FALSE,Greyhounds,7,1,BACK,WIN,$1.45,1. Hurricane ,4,,258825301,93828007,8,0,1.75,-4.00,-4.00,0.00
Michael Tye,3/06/2026,Ballarat,EXPERT TIPS,FALSE,Greyhounds,8,3,LAY,WIN,$4.40,3. Crackerjack Ralf ,2,,258825306,99142370,8,1,4.41,-2.00,0.00,0.00
Brett & Darren Carroll,3/06/2026,Bendigo,EXPERT TIPS,FALSE,Harness,2,4,BACK,WIN,$3.00,4. Dreamtime Nala,2,,258824442,64547761,8,1,1.75,1.38,0.00,0.00
Brett & Darren Carroll,3/06/2026,Bendigo,EXPERT TIPS,FALSE,Harness,4,8,BACK,WIN,$3.00,8. Tivoli,1,,258824446,4774370,8,1,2.92,1.77,0.00,0.00
Brett & Darren Carroll,3/06/2026,Bendigo,EXPERT TIPS,FALSE,Harness,6,1,LAY,WIN,$7.00,1. Shazza Love,1,,258824450,95965242,8,0,7.87,0.13,0.00,0.00
Brett & Darren Carroll,3/06/2026,Bendigo,EXPERT TIPS,FALSE,Harness,8,6,BACK,WIN,$2.50,6. Royal Appointment,2,BEST BET,258824454,4669929,8,0,2.3,-2.00,0.00,-2.00
Jackson Oldham,3/06/2026,Sandown,EXPERT TIPS,FALSE,Thoroughbred,8,7,BACK,WIN,$2.40,7. Rodriquez,2,BEST BET,258790742,90286836,8,0,2.64,-2.00,-2.00,-2.00
Jackson Oldham,3/06/2026,Sandown,EXPERT TIPS,FALSE,Thoroughbred,8,12,LAY,WIN,$6.95,12. Lauberhorn,2,BEST BET,258790742,8970834,8,1,6.21,-2.00,-2.00,-2.00
Mitch Lewis,3/06/2026,Warwick Farm,EXPERT TIPS,FALSE,Thoroughbred,2,8,BACK,WIN,$1.80,8. Our Huntress,3,,258790784,91806884,10,0,3.01,-3.00,-3.00,0.00
Mitch Lewis,3/06/2026,Warwick Farm,EXPERT TIPS,FALSE,Thoroughbred,4,2,BACK,WIN,$2.20,2. Hovland,3,BEST BET,258790802,78289954,10,1,3.19,5.91,5.91,5.91
Mitch Lewis,3/06/2026,Warwick Farm,EXPERT TIPS,FALSE,Thoroughbred,7,6,BACK,WIN,$6.00,6. Formal,1,,258790829,80398998,10,0,4.02,-1.00,0.00,0.00
Mitch Lewis,3/06/2026,Warwick Farm,EXPERT TIPS,FALSE,Thoroughbred,7,6,BACK,PLACE,$6.00,6. Formal,1,,258790830,80398998,10,0,2.24,-1.00,0.00,0.00
Brett & Darren Carroll,4/06/2026,Kilmore,EXPERT TIPS,FALSE,Harness,2,6,BACK,WIN,$2.00,6. Big Nik,2,BEST BET,258848387,99142301,8,0,4.57,-2.00,-2.00,-2.00
Brett & Darren Carroll,4/06/2026,Kilmore,EXPERT TIPS,FALSE,Harness,4,10,BACK,WIN,$3.50,10. Tobys Shout,1,,258848391,73793683,8,0,2.69,-1.00,0.00,0.00
Brett & Darren Carroll,4/06/2026,Kilmore,EXPERT TIPS,FALSE,Harness,7,4,BACK,WIN,$2.00,4. Ijustcantseeit,1,,258848397,99142308,8,1,2.46,1.34,1.34,0.00
Michael Tye,4/06/2026,Sandown Park,EXPERT TIPS,FALSE,Greyhounds,10,2,BACK,WIN,$2.40,2. Shes Saintly ,1,,258851614,94736763,8,0,2.37,-1.00,0.00,0.00
Michael Tye,4/06/2026,Sandown Park,EXPERT TIPS,FALSE,Greyhounds,11,4,LAY,WIN,$2.50,4. Quest For Storm ,2,,258851619,97157486,8,1,3.17,-2.00,0.00,0.00
Michael Tye,4/06/2026,Sandown Park,EXPERT TIPS,FALSE,Greyhounds,2,5,LAY,WIN,$4.25,5. Paw Raelia ,2,BEST BET,258851571,99149610,8,0,3.7,0.68,0.68,0.68
Michael Tye,4/06/2026,Sandown Park,EXPERT TIPS,FALSE,Greyhounds,3,2,BACK,WIN,$1.40,2. Aydens Warrior ,2,,258851576,73919517,8,0,1.2,-2.00,0.00,0.00
Michael Tye,4/06/2026,Sandown Park,EXPERT TIPS,FALSE,Greyhounds,5,1,BACK,WIN,$2.30,1. Paw Zhana,3,BEST BET,258851587,93537302,8,1,1.82,2.26,0.00,2.26
Michael Tye,4/06/2026,Sandown Park,EXPERT TIPS,FALSE,Greyhounds,7,1,BACK,WIN,$1.33,1. Inclination ,3,,258851599,5205593,8,0,1.41,-3.00,-3.00,0.00
Michael Tye,4/06/2026,Sandown Park,EXPERT TIPS,FALSE,Greyhounds,9,2,BACK,WIN,$2.05,2. Paw Oswald ,1,,258851609,72642116,8,1,1.86,0.79,0.00,0.00
Michael Tye,5/06/2026,Bendigo,EXPERT TIPS,FALSE,Greyhounds,10,8,BACK,WIN,$5.00,8. Mepunga Lara ,2,,258884368,83052248,8,0,8.93,-2.00,-2.00,0.00
Michael Tye,5/06/2026,Bendigo,EXPERT TIPS,FALSE,Greyhounds,10,8,BACK,PLACE,$5.00,8. Mepunga Lara ,2,,258884369,83052248,8,0,3.01,-2.00,0.00,0.00
Michael Tye,5/06/2026,Bendigo,EXPERT TIPS,FALSE,Greyhounds,11,1,LAY,WIN,$2.25,1. Vista Weird,3,,258884373,83570515,8,1,1.92,-3.00,-3.00,0.00
Michael Tye,5/06/2026,Bendigo,EXPERT TIPS,FALSE,Greyhounds,3,6,BACK,WIN,$1.68,6. Dewana Family ,3,,258884333,99207548,8,0,1.58,-3.00,0.00,0.00
Michael Tye,5/06/2026,Bendigo,EXPERT TIPS,FALSE,Greyhounds,4,2,LAY,WIN,$4.80,2. Precious Robe ,2,,258884338,99207553,8,0,11.67,0.17,0.00,0.00
Michael Tye,5/06/2026,Bendigo,EXPERT TIPS,FALSE,Greyhounds,6,6,BACK,WIN,$3.00,6. Midnight Phantom ,3,BEST BET,258884348,92967387,8,0,2.95,-3.00,0.00,-3.00
Michael Tye,5/06/2026,Bendigo,EXPERT TIPS,FALSE,Greyhounds,9,2,LAY,WIN,$4.40,2. Amron Toy ,2,,258884363,89593120,8,0,2.55,1.19,1.19,0.00
Rory Flanagan,5/06/2026,Epsom,EXPERT TIPS,TRUE,Thoroughbred,1,6,BACK,WIN,,Naanas Shadow,2,,258862167,82514069,6,1,5.64,8.72,8.72,0.00
Rory Flanagan,5/06/2026,Epsom,EXPERT TIPS,TRUE,Thoroughbred,1,14,BACK,WIN,,Alfa Duplicate,1,,258862167,83917095,6,0,19.5,-1.00,-1.00,0.00
Rory Flanagan,5/06/2026,Epsom,EXPERT TIPS,TRUE,Thoroughbred,2,5,BACK,WIN,,Possessive,3,,258862176,5917427,6,0,3.8,-3.00,-3.00,0.00
Rory Flanagan,5/06/2026,Epsom,EXPERT TIPS,TRUE,Thoroughbred,3,4,BACK,WIN,,Persica,3,,258862183,27619890,6,0,4,-3.00,-3.00,0.00
Rory Flanagan,5/06/2026,Epsom,EXPERT TIPS,TRUE,Thoroughbred,4,16,BACK,WIN,,Sallaal,2,,258862197,74990349,6,1,3.79,5.25,5.25,0.00
Rory Flanagan,5/06/2026,Epsom,EXPERT TIPS,TRUE,Thoroughbred,5,2,BACK,WIN,,Amelia Earhart,4,BEST BET,258862190,15996,6,0,3.05,-4.00,-4.00,-4.00
Rory Flanagan,5/06/2026,Epsom,EXPERT TIPS,TRUE,Thoroughbred,6,12,BACK,WIN,$2.70,Celeborn,5,BEST BET,258862213,70430550,6,0,6.2,-5.00,-5.00,-5.00
Brett & Darren Carroll,5/06/2026,Geelong,EXPERT TIPS,FALSE,Harness,3,4,BACK,WIN,$1.80,4. With Aplomb,3,BEST BET,258879089,71724267,8,1,1.91,2.51,2.51,2.51
Brett & Darren Carroll,5/06/2026,Geelong,EXPERT TIPS,FALSE,Harness,5,2,BACK,WIN,$2.50,2. Look At Her,1,,258879095,934470,8,0,4.06,-1.00,-1.00,0.00
Brett & Darren Carroll,5/06/2026,Geelong,EXPERT TIPS,FALSE,Harness,7,8,BACK,WIN,$2.00,8. Remembrance Time,2,,258879101,99172351,8,1,2.17,2.15,2.15,0.00
Brett & Darren Carroll,5/06/2026,Geelong,EXPERT TIPS,FALSE,Harness,9,6,BACK,WIN,$1.40,6. Bond Girl,2,,258879107,39509306,8,1,1.55,1.01,1.01,0.00
Scott Hill,5/06/2026,Gloucester Park,EXPERT TIPS,FALSE,Harness,3,1,BACK,WIN,$2.50,1. Spyglass,2,,258885002,5099973,8,1,4.4,6.26,6.26,0.00
Scott Hill,5/06/2026,Gloucester Park,EXPERT TIPS,FALSE,Harness,4,4,BACK,WIN,$3.30,4. Mad Monday,1,,258885005,69422472,8,0,6.49,-1.00,-1.00,0.00
Scott Hill,5/06/2026,Gloucester Park,EXPERT TIPS,FALSE,Harness,5,4,BACK,WIN,$3.00,4. Im Massimo,1,,258885008,71872096,8,0,3.7,-1.00,-1.00,0.00
Scott Hill,5/06/2026,Gloucester Park,EXPERT TIPS,FALSE,Harness,6,4,BACK,WIN,$2.20,4. Gully Gum,2,,258885011,49244835,8,1,1.85,1.56,0.00,0.00
Scott Hill,5/06/2026,Gloucester Park,EXPERT TIPS,FALSE,Harness,7,12,BACK,WIN,$3.30,12. Kinky,1,,258885014,72383609,8,0,2.47,-1.00,0.00,0.00
Scott Hill,5/06/2026,Gloucester Park,EXPERT TIPS,FALSE,Harness,8,9,BACK,WIN,$1.85,9. American Eyes,3,BEST BET,258885017,99182096,8,1,1.87,2.40,2.40,2.40
Scott Hill,5/06/2026,Gloucester Park,EXPERT TIPS,FALSE,Harness,9,2,LAY,WIN,$3.00,2. Double Parked,3,,258885020,1106153,8,1,2.3,-3.00,-3.00,0.00
Will Norman,5/06/2026,Newcastle,EXPERT TIPS,FALSE,Harness,2,5,LAY,WIN,$6.00,5. Carramar Olam,1,,258878439,70929432,8,0,5.6,0.20,0.20,0.00
Will Norman,5/06/2026,Newcastle,EXPERT TIPS,FALSE,Harness,3,5,LAY,WIN,$2.50,5. Saint Crusader,1,,258878442,3552185,8,1,2.22,-1.00,-1.00,0.00
Will Norman,5/06/2026,Newcastle,EXPERT TIPS,FALSE,Harness,5,5,BACK,WIN,$5.00,5. Lockitineddy,1,,258878448,78792242,8,0,5.62,-1.00,-1.00,0.00
Will Norman,5/06/2026,Newcastle,EXPERT TIPS,FALSE,Harness,6,4,BACK,WIN,$5.00,4. War Western,1,,258878451,46814991,8,0,4.2,-1.00,0.00,0.00
Will Norman,5/06/2026,Newcastle,EXPERT TIPS,FALSE,Harness,8,4,BACK,WIN,$1.70,4. Lachies Ideal,2,BEST BET,258878457,82592175,8,0,2.06,-2.00,-2.00,-2.00
Jackson Oldham,5/06/2026,Swan Hill,EXPERT TIPS,FALSE,Thoroughbred,3,3,BACK,WIN,$2.10,3. Aqua Storm,2,BEST BET,258850904,3663352,8,0,2.38,-2.00,-2.00,-2.00
Ryan Spice,6/06/2026,Albion Park,EXPERT TIPS,FALSE,Harness,2,5,BACK,WIN,$1.40,5. Sweet On Lexy,5,BEST BET,258890913,71598641,8,1,1.16,0.74,0.00,0.74
Ryan Spice,6/06/2026,Albion Park,EXPERT TIPS,FALSE,Harness,3,1,BACK,PLACE,$1.90,1. Flying Colours,2,,258890917,3810463,8,1,1.72,1.32,0.00,0.00
Ryan Spice,6/06/2026,Albion Park,EXPERT TIPS,FALSE,Harness,4,6,BACK,PLACE,$2.00,6. Attachment,2,,258890920,46946842,8,1,2.26,2.32,2.32,0.00
Ryan Spice,6/06/2026,Albion Park,EXPERT TIPS,FALSE,Harness,6,2,LAY,PLACE,$4.00,2. Punters Jewel,1,BEST BET,258890926,70593965,8,0,7,0.15,0.00,0.15
Ryan Spice,6/06/2026,Albion Park,EXPERT TIPS,FALSE,Harness,7,1,BACK,PLACE,$1.80,1. Tremendous Sensation,2,,258890929,71374522,8,1,1.3,0.55,0.00,0.00
Ryan Spice,6/06/2026,Albion Park,EXPERT TIPS,FALSE,Harness,8,2,BACK,WIN,$1.80,2. Luvareschs,3,,258890931,52407256,8,1,1.18,0.50,0.00,0.00
Terry Leighton,6/06/2026,Belmont,EXPERT TIPS,FALSE,Thoroughbred,1,4,BACK,WIN,$2.90,4. Overdrive,1,,258852366,4021256,8,0,2.72,-1.00,0.00,0.00
Terry Leighton,6/06/2026,Belmont,EXPERT TIPS,FALSE,Thoroughbred,1,2,BACK,WIN,$5.60,2. Empress Of India,1,,258852366,63552378,8,1,8.32,6.73,6.73,0.00
Terry Leighton,6/06/2026,Belmont,EXPERT TIPS,FALSE,Thoroughbred,10,15,BACK,WIN,$2.50,15. Like Clockwork,3,,258852447,5370535,8,0,3.2,-3.00,-3.00,0.00
Terry Leighton,6/06/2026,Belmont,EXPERT TIPS,FALSE,Thoroughbred,4,2,BACK,WIN,$1.70,2. Mr Karadec,4,BEST BET,258852393,99207878,8,0,2.1,-4.00,-4.00,-4.00
Terry Leighton,6/06/2026,Belmont,EXPERT TIPS,FALSE,Thoroughbred,6,4,BACK,WIN,$2.25,4. Poblano,2,,258852411,7880696,8,1,2.48,2.72,2.72,0.00
Terry Leighton,6/06/2026,Belmont,EXPERT TIPS,FALSE,Thoroughbred,9,3,BACK,WIN,$3.30,3. Charino,3,BEST BET,258852438,93240259,8,1,5.1,11.32,11.32,11.32
Terry Leighton,6/06/2026,Belmont,EXPERT TIPS,FALSE,Thoroughbred,9,11,BACK,WIN,$3.30,11. Nicciana,1,BEST BET,258852438,99207903,8,0,3.03,-1.00,0.00,-1.00
Trent Crebbin,6/06/2026,Eagle Farm,EXPERT TIPS,FALSE,Thoroughbred,7,4,BACK,WIN,$4.00,4. Sun God,2,,258852293,92460161,8,0,5.61,-2.00,-2.00,0.00
Trent Crebbin,6/06/2026,Eagle Farm,EXPERT TIPS,FALSE,Thoroughbred,8,1,BACK,WIN,$3.30,1. Panova,3,,258852302,99171656,8,0,4.89,-3.00,-3.00,0.00
Trent Crebbin,6/06/2026,Eagle Farm,EXPERT TIPS,FALSE,Thoroughbred,8,11,BACK,WIN,$9.00,11. Parvenu ,1,,258852302,748533,8,0,9.73,-1.00,-1.00,0.00
Trent Crebbin,6/06/2026,Eagle Farm,EXPERT TIPS,FALSE,Thoroughbred,9,10,BACK,WIN,$4.00,10. King Of Sparta,3,,258852311,99207115,8,0,11,-3.00,-3.00,0.00
Tom Haylock,6/06/2026,Eagle Farm,EXPERT TIPS,FALSE,Thoroughbred,9,10,BACK,WIN,,10. King Of Sparta,2,BEST BET,258852311,99207115,8,0,11,-2.00,-2.00,-2.00
Trent Crebbin,6/06/2026,Eagle Farm,EXPERT TIPS,FALSE,Thoroughbred,9,4,BACK,WIN,$9.00,4. Zou Sensation,1,,258852311,45919500,8,0,14.72,-1.00,-1.00,0.00
Rory Flanagan,6/06/2026,Epsom,EXPERT TIPS,TRUE,Thoroughbred,1,5,BACK,WIN,,Never So Brave,4,,258889431,57419600,6,0,3.35,-4.00,-4.00,0.00
Rory Flanagan,6/06/2026,Epsom,EXPERT TIPS,TRUE,Thoroughbred,2,1,BACK,WIN,,Sparks Fly,3,,258889438,799025,6,1,4.35,9.45,9.45,0.00
Rory Flanagan,6/06/2026,Epsom,EXPERT TIPS,TRUE,Thoroughbred,3,5,BACK,WIN,,Jan Brueghel,3,,258889444,44868,6,0,3.8,-3.00,-3.00,0.00
Rory Flanagan,6/06/2026,Epsom,EXPERT TIPS,TRUE,Thoroughbred,8,3,BACK,WIN,,Fine Interview,4,BEST BET,258889476,60661825,6,0,3.44,-4.00,-4.00,-4.00
Ben Asgari,6/06/2026,Flemington,EXPERT TIPS,FALSE,Thoroughbred,2,13,LAY,WIN,$5.00,13. Madiyya,2,,258850815,99207165,8,0,6.1,0.36,0.00,0.00
Trent Crebbin,6/06/2026,Flemington,EXPERT TIPS,FALSE,Thoroughbred,2,13,BACK,WIN,$3.25,13. Madiyya,2,,258850815,99207165,8,0,6.1,-2.00,-2.00,0.00
Trent Crebbin,6/06/2026,Flemington,EXPERT TIPS,FALSE,Thoroughbred,3,1,BACK,WIN,$3.50,1. Flying Done,2,BEST BET,258854432,90886273,8,0,5.4,-2.00,-2.00,-2.00
Ben Asgari,6/06/2026,Flemington,EXPERT TIPS,FALSE,Thoroughbred,5,1,BACK,WIN,$6.00,1. Miss Aria,1,,258850842,69642891,8,0,6.2,-1.00,-1.00,0.00
Ben Asgari,6/06/2026,Flemington,EXPERT TIPS,FALSE,Thoroughbred,5,1,BACK,PLACE,$6.00,1. Miss Aria,1,,258850843,69642891,8,0,1.86,-1.00,0.00,0.00
Ben Asgari,6/06/2026,Flemington,EXPERT TIPS,FALSE,Thoroughbred,6,4,BACK,WIN,$3.50,4. Elouyou,3,BEST BET,258850851,63161551,8,0,5.82,-3.00,-3.00,-3.00
Ben Asgari,6/06/2026,Flemington,EXPERT TIPS,FALSE,Thoroughbred,6,9,BACK,WIN,$3.50,9. Spione,3,BEST BET,258850851,76659085,8,0,3.56,-3.00,-3.00,-3.00
Brett & Darren Carroll,6/06/2026,Melton,EXPERT TIPS,FALSE,Harness,3,2,BACK,WIN,$1.80,2. Prettyboy Harry,3,BEST BET,258890888,59724081,8,0,2.03,-3.00,-3.00,-3.00
Brett & Darren Carroll,6/06/2026,Melton,EXPERT TIPS,FALSE,Harness,4,9,BACK,WIN,$2.00,9. Sweet Ideal,1,,258890891,84401472,8,0,5.8,-1.00,-1.00,0.00
Brett & Darren Carroll,6/06/2026,Melton,EXPERT TIPS,FALSE,Harness,6,4,BACK,WIN,$2.20,4. Ringer Wells,1,,258890897,81186888,8,0,3.44,-1.00,-1.00,0.00
Brett & Darren Carroll,6/06/2026,Melton,EXPERT TIPS,FALSE,Harness,7,5,BACK,WIN,$1.80,5. Luvtobeuptome,3,,258890900,86018686,8,1,1.98,2.70,2.70,0.00
Brett & Darren Carroll,6/06/2026,Melton,EXPERT TIPS,FALSE,Harness,9,2,BACK,WIN,$1.60,2. Dynamitedan,2,,258890906,99172398,8,1,1.39,0.72,0.00,0.00
Will Norman,6/06/2026,Menangle,EXPERT TIPS,FALSE,Harness,2,1,BACK,WIN,$2.00,1. Cynical,2,,258890857,6683696,8,0,2.48,-2.00,-2.00,0.00
Will Norman,6/06/2026,Menangle,EXPERT TIPS,FALSE,Harness,3,1,LAY,WIN,$3.50,1. Happy Too Ya,1,,258890860,73378354,8,0,11.23,0.09,0.00,0.00
Will Norman,6/06/2026,Menangle,EXPERT TIPS,FALSE,Harness,4,5,BACK,WIN,$3.50,5. Frankiromar,1,,258890863,86034989,8,1,4.8,3.50,3.50,0.00
Will Norman,6/06/2026,Menangle,EXPERT TIPS,FALSE,Harness,6,1,LAY,WIN,$5.00,1. Soho Americano,1,,258890869,81780426,8,0,4.9,0.24,0.24,0.00
Will Norman,6/06/2026,Menangle,EXPERT TIPS,FALSE,Harness,7,6,BACK,WIN,$1.70,6. Zeus Lightning,2,BEST BET,258890872,86555842,8,0,2.06,-2.00,-2.00,-2.00
Will Norman,6/06/2026,Menangle,EXPERT TIPS,FALSE,Harness,8,8,LAY,WIN,$6.00,8. Draw a Dream,1,,258890875,95816515,8,0,9.01,0.11,0.00,0.00
Lachlan Mosley,6/06/2026,Morphettville,EXPERT TIPS,FALSE,Thoroughbred,2,6,BACK,WIN,,6. Navy Rok ,2,,258850961,99206646,8,0,5.76,-2.00,-2.00,0.00
Lachlan Mosley,6/06/2026,Morphettville,EXPERT TIPS,FALSE,Thoroughbred,2,6,BACK,PLACE,,6. Navy Rok ,2,,258850962,99206646,8,0,2.21,-2.00,-2.00,0.00
Lachlan Mosley,6/06/2026,Morphettville,EXPERT TIPS,FALSE,Thoroughbred,3,8,BACK,WIN,,8. Skadoosh,2,,258850970,91432430,8,0,6.35,-2.00,-2.00,0.00
Lachlan Mosley,6/06/2026,Morphettville,EXPERT TIPS,FALSE,Thoroughbred,3,8,BACK,PLACE,,8. Skadoosh,2,,258850971,91432430,8,1,2.11,2.04,2.04,0.00
Lachlan Mosley,6/06/2026,Morphettville,EXPERT TIPS,FALSE,Thoroughbred,5,4,BACK,WIN,,4. Halliwell,2,,258850988,696959,8,0,7,-2.00,-2.00,0.00
Lachlan Mosley,6/06/2026,Morphettville,EXPERT TIPS,FALSE,Thoroughbred,5,4,BACK,PLACE,,4. Halliwell,2,,258850989,696959,8,1,2.67,3.07,3.07,0.00
Lachlan Mosley,6/06/2026,Morphettville,EXPERT TIPS,FALSE,Thoroughbred,6,7,BACK,WIN,,7. Attain ,2,,258850997,8907334,8,0,5.48,-2.00,-2.00,0.00
Lachlan Mosley,6/06/2026,Morphettville,EXPERT TIPS,FALSE,Thoroughbred,6,7,BACK,PLACE,,7. Attain ,2,,258850998,8907334,8,0,2.18,-2.00,-2.00,0.00
Lachlan Mosley,6/06/2026,Morphettville,EXPERT TIPS,FALSE,Thoroughbred,7,9,BACK,WIN,,9. Mystic Wonder ,2,BEST BET,258851006,96965662,8,1,7.06,11.15,11.15,11.15
Lachlan Mosley,6/06/2026,Morphettville,EXPERT TIPS,FALSE,Thoroughbred,7,9,BACK,PLACE,,9. Mystic Wonder ,2,BEST BET,258851007,96965662,8,1,2.6,2.94,2.94,2.94
Lachlan Mosley,6/06/2026,Morphettville,EXPERT TIPS,FALSE,Thoroughbred,8,4,BACK,WIN,,4. Lingani ,3,,258851015,78756240,8,1,3.65,7.31,7.31,0.00
Lachlan Mosley,6/06/2026,Morphettville,EXPERT TIPS,FALSE,Thoroughbred,9,12,BACK,WIN,,12. My Ruby ,2,,258851024,50353591,8,0,25.02,-2.00,-2.00,0.00
Lachlan Mosley,6/06/2026,Morphettville,EXPERT TIPS,FALSE,Thoroughbred,9,6,BACK,WIN,,6. Garcon Renard ,2,,258851024,78432316,8,0,6.2,-2.00,-2.00,0.00
Mitch Lewis,6/06/2026,Randwick,EXPERT TIPS,FALSE,Thoroughbred,4,10,LAY,WIN,$5.00,10. Nasebah,1,,258851074,99207052,10,0,2.54,0.58,0.58,0.00
Mitch Lewis,6/06/2026,Randwick,EXPERT TIPS,FALSE,Thoroughbred,5,11,BACK,WIN,$3.00,11. Sunsprite,3,,258851083,99207055,10,0,3.65,-3.00,-3.00,0.00
Mitch Lewis,6/06/2026,Randwick,EXPERT TIPS,FALSE,Thoroughbred,6,6,BACK,WIN,$2.20,6. Ice Kool,4,BEST BET,258851092,99207056,10,1,2.38,4.97,4.97,4.97
Mitch Lewis,6/06/2026,Randwick,EXPERT TIPS,FALSE,Thoroughbred,8,4,BACK,WIN,$5.00,4. Accredited,1,,258851110,57883487,10,0,5.72,-1.00,-1.00,0.00
Stephen Christie,7/06/2026,Hobart,EXPERT TIPS,FALSE,Thoroughbred,1,8,BACK,WIN,$3.20,8. Wounded Eagle,2,,258891825,99206606,8,0,3.15,-2.00,0.00,0.00
Stephen Christie,7/06/2026,Hobart,EXPERT TIPS,FALSE,Thoroughbred,1,10,BACK,WIN,$6.00,10. Da Silver Flash,1,,258891825,94645436,8,0,4.8,-1.00,0.00,0.00
Stephen Christie,7/06/2026,Hobart,EXPERT TIPS,FALSE,Thoroughbred,2,10,BACK,WIN,$3.10,10. Geegees Mercedes ,1,,258891831,90603683,8,1,3.65,2.44,2.44,0.00
Stephen Christie,7/06/2026,Hobart,EXPERT TIPS,FALSE,Thoroughbred,3,1,BACK,WIN,$4.25,1. Happy Clan,1,,258891837,49807161,8,0,4.1,-1.00,0.00,0.00
Stephen Christie,7/06/2026,Hobart,EXPERT TIPS,FALSE,Thoroughbred,4,8,BACK,WIN,$3.50,8. Flying Billie,1,,258891843,51454557,8,1,2.72,1.58,0.00,0.00
Stephen Christie,7/06/2026,Hobart,EXPERT TIPS,FALSE,Thoroughbred,5,11,BACK,WIN,$3.75,11. Zuni ,2,,258891849,98213997,8,0,5.41,-2.00,-2.00,0.00
Stephen Christie,7/06/2026,Hobart,EXPERT TIPS,FALSE,Thoroughbred,5,11,BACK,PLACE,$3.75,11. Zuni ,2,,258891850,98213997,8,0,2.04,-2.00,0.00,0.00
Stephen Christie,7/06/2026,Hobart,EXPERT TIPS,FALSE,Thoroughbred,6,3,LAY,WIN,$5.50,3. Lawrenny Boys,2,,258891855,92995805,8,0,2.22,1.51,1.51,0.00
Stephen Christie,7/06/2026,Hobart,EXPERT TIPS,FALSE,Thoroughbred,7,1,BACK,WIN,$5.00,1. Just A Needs,1,,258891861,52405980,8,0,9,-1.00,-1.00,0.00
Stephen Christie,7/06/2026,Hobart,EXPERT TIPS,FALSE,Thoroughbred,7,1,BACK,PLACE,$5.00,1. Just A Needs,1,,258891862,52405980,8,0,2.72,-1.00,0.00,0.00
Stephen Christie,7/06/2026,Hobart,EXPERT TIPS,FALSE,Thoroughbred,8,6,BACK,WIN,$6.50,6. No Access,2,,258891867,49513211,8,0,8.23,-2.00,-2.00,0.00
Stephen Christie,7/06/2026,Hobart,EXPERT TIPS,FALSE,Thoroughbred,8,4,BACK,WIN,$3.90,4. Fluffys Girl,2,,258891867,1524468,8,0,4.1,-2.00,-2.00,0.00
Braden Howlett,7/06/2026,Launceston,EXPERT TIPS,FALSE,Harness,1,1,BACK,WIN,$4.00,1. EVERYTHING BUT THE,2,,258933131,94100183,8,1,3.59,4.77,0.00,0.00
Braden Howlett,7/06/2026,Launceston,EXPERT TIPS,FALSE,Harness,10,5,BACK,WIN,$2.20,5. GOBSMACKED,3,BEST BET,258933149,1073282,8,0,2.5,-3.00,-3.00,-3.00
Braden Howlett,7/06/2026,Launceston,EXPERT TIPS,FALSE,Harness,2,3,BACK,WIN,$3.50,3. SHOOBEES SPIRIT,2,,258933133,50932079,8,0,4.43,-2.00,-2.00,0.00
Braden Howlett,7/06/2026,Launceston,EXPERT TIPS,FALSE,Harness,3,8,BACK,WIN,$11.00,8. MONTGOMERY BURNS,1,,258933135,64164186,8,0,21.54,-1.00,-1.00,0.00
Braden Howlett,7/06/2026,Launceston,EXPERT TIPS,FALSE,Harness,3,8,BACK,PLACE,$11.00,8. MONTGOMERY BURNS,1,,258933136,64164186,8,1,5,3.68,0.00,0.00
Braden Howlett,7/06/2026,Launceston,EXPERT TIPS,FALSE,Harness,4,10,BACK,WIN,$3.50,10. IMPERIAL SANZ,2,,258933137,75061220,8,1,2.48,2.72,0.00,0.00
Braden Howlett,7/06/2026,Launceston,EXPERT TIPS,FALSE,Harness,5,5,BACK,WIN,$2.00,5. BETTABLACK TIGER,3,,258933139,72892134,8,1,1.69,1.90,0.00,0.00
Braden Howlett,7/06/2026,Launceston,EXPERT TIPS,FALSE,Harness,6,4,BACK,WIN,$3.00,4. LADY IN LINE,3,,258933141,41947714,8,0,2.89,-3.00,0.00,0.00
Braden Howlett,7/06/2026,Launceston,EXPERT TIPS,FALSE,Harness,7,5,BACK,WIN,$7.00,5. HIGH BELIEVER,1,,258933143,2213850,8,0,5.03,-1.00,0.00,0.00
Braden Howlett,7/06/2026,Launceston,EXPERT TIPS,FALSE,Harness,7,2,BACK,WIN,$5.00,2. IMA LITTLE NEEDY,1,,258933143,92118458,8,1,4.2,2.94,0.00,0.00
Braden Howlett,7/06/2026,Launceston,EXPERT TIPS,FALSE,Harness,8,8,BACK,WIN,$7.00,8. SPORTZSILK,1,,258933145,87733559,8,0,6.2,-1.00,0.00,0.00
Braden Howlett,7/06/2026,Launceston,EXPERT TIPS,FALSE,Harness,9,6,BACK,WIN,$5.00,6. CENTURIAN MISS,1,,258933147,541345,8,0,5.55,-1.00,-1.00,0.00
Braden Howlett,7/06/2026,Launceston,EXPERT TIPS,FALSE,Harness,9,6,BACK,PLACE,$5.00,6. CENTURIAN MISS,1,,258933148,541345,8,0,2.94,-1.00,0.00,0.00
Mitch Lewis,8/06/2026,Canterbury,EXPERT TIPS,FALSE,Thoroughbred,3,1,BACK,WIN,$2.00,1. Hello Captain,4,BEST BET,258934153,99241583,10,1,1.8,2.88,0.00,2.88
Mitch Lewis,8/06/2026,Canterbury,EXPERT TIPS,FALSE,Thoroughbred,4,1,BACK,WIN,$4.00,1. Deepwater Artist,2,,258934162,99241589,10,0,5.1,-2.00,-2.00,0.00
Scott Hill,8/06/2026,Pinjarra,EXPERT TIPS,FALSE,Harness,3,11,BACK,WIN,$3.30,11. The Sea Siren,1,,258964411,99253278,8,0,3.97,-1.00,-1.00,0.00
Scott Hill,8/06/2026,Pinjarra,EXPERT TIPS,FALSE,Harness,4,4,BACK,WIN,$2.50,4. Sonic Seelster,2,,258964413,63132688,8,0,6.79,-2.00,-2.00,0.00
Scott Hill,8/06/2026,Pinjarra,EXPERT TIPS,FALSE,Harness,5,5,BACK,WIN,$2.20,5. Captain Said So,2,,258964415,69942690,8,0,2.14,-2.00,0.00,0.00
Scott Hill,8/06/2026,Pinjarra,EXPERT TIPS,FALSE,Harness,6,1,BACK,WIN,$4.00,1. Il Bandito,1,,258964417,13089204,8,0,3.45,-1.00,0.00,0.00
Scott Hill,8/06/2026,Pinjarra,EXPERT TIPS,FALSE,Harness,7,2,LAY,WIN,$3.30,2. Our Crunch Time,3,,258964419,94383729,8,0,3.7,1.02,0.00,0.00
Scott Hill,8/06/2026,Pinjarra,EXPERT TIPS,FALSE,Harness,8,1,BACK,WIN,$3.00,1. Lou Lamour,1,,258964421,72213588,8,0,3.1,-1.00,-1.00,0.00
Scott Hill,8/06/2026,Pinjarra,EXPERT TIPS,FALSE,Harness,9,6,BACK,WIN,$2.20,6. Boujee Boy,2,BEST BET,258964423,91816137,8,1,2.32,2.43,2.43,2.43
Jackson Oldham,8/06/2026,Mornington,EXPERT TIPS,FALSE,Thoroughbred,2,2,BACK,WIN,$2.60,2. Blue Shield,2,BEST BET,258932881,99275231,8,0,3.17,-2.00,-2.00,-2.00
Jackson Oldham,8/06/2026,Mornington,EXPERT TIPS,FALSE,Thoroughbred,5,3,LAY,WIN,$7.50,3. Stage N Screen,2,BEST BET,258932905,90568661,8,0,4.79,0.49,0.49,0.49
Michael Tye,8/06/2026,Sandown Park,EXPERT TIPS,FALSE,Greyhounds,1,1,BACK,WIN,$2.00,1. Tandanya ,1,,258966367,96999219,8,1,2.27,1.17,1.17,0.00
Michael Tye,8/06/2026,Sandown Park,EXPERT TIPS,FALSE,Greyhounds,2,6,BACK,WIN,$1.45,6. Lakeview Pear ,2,,258966372,98773722,8,1,1.14,0.26,0.00,0.00
Michael Tye,8/06/2026,Sandown Park,EXPERT TIPS,FALSE,Greyhounds,5,3,BACK,WIN,$2.40,3. Dusen Luna ,2,,258966387,99275474,8,0,1.7,-2.00,0.00,0.00
Michael Tye,8/06/2026,Sandown Park,EXPERT TIPS,FALSE,Greyhounds,8,3,BACK,WIN,$2.15,3. All I See ,3,BEST BET,258966402,98387890,8,1,3.89,7.98,7.98,7.98
Michael Tye,8/06/2026,Sandown Park,EXPERT TIPS,FALSE,Greyhounds,9,5,LAY,WIN,$3.75,5. Creating ,1,BEST BET,258966407,99275479,8,0,3.8,0.33,0.00,0.33
Brett & Darren Carroll,8/06/2026,Warragul,EXPERT TIPS,FALSE,Harness,4,6,BACK,WIN,$1.90,6. Mista Walker,3,BEST BET,258964399,52697831,8,1,2.24,3.42,3.42,3.42
Brett & Darren Carroll,8/06/2026,Warragul,EXPERT TIPS,FALSE,Harness,6,4,BACK,WIN,$1.80,4. The Preacher,2,,258964403,51636669,8,1,1.57,1.05,0.00,0.00
Ryan Spice,9/06/2026,Albion Park,EXPERT TIPS,FALSE,Harness,2,2,BACK,WIN,$1.80,2. Fredidrivsamercury,2,,258999548,99253286,8,1,2.03,1.90,1.90,0.00
Ryan Spice,9/06/2026,Albion Park,EXPERT TIPS,FALSE,Harness,3,7,BACK,WIN,$2.00,7. Ikigai,2,,258999550,68930982,8,1,1.54,0.99,0.00,0.00
Ryan Spice,9/06/2026,Albion Park,EXPERT TIPS,FALSE,Harness,5,1,BACK,WIN,$2.00,1. Warrawee Flyer,3,BEST BET,258999554,39967766,8,1,1.95,2.62,0.00,2.62
Ryan Spice,9/06/2026,Albion Park,EXPERT TIPS,FALSE,Harness,9,4,LAY,PLACE,$3.50,4. Dragon,1,BEST BET,258999563,6382679,8,1,3.1,-1.00,-1.00,-1.00
Scott Hill,9/06/2026,Gloucester Park,EXPERT TIPS,FALSE,Harness,1,5,BACK,WIN,$3.30,5. Chefs Kiss,1,,258999589,97450233,8,1,8.16,6.59,6.59,0.00
Scott Hill,9/06/2026,Gloucester Park,EXPERT TIPS,FALSE,Harness,4,11,BACK,WIN,$4.00,11. By Gee By Jingo,1,,258999598,83392183,8,0,4.61,-1.00,-1.00,0.00
Scott Hill,9/06/2026,Gloucester Park,EXPERT TIPS,FALSE,Harness,5,1,BACK,WIN,$1.50,1. Queen Of All,3,BEST BET,258999601,99253300,8,0,2.38,-3.00,-3.00,-3.00
Scott Hill,9/06/2026,Gloucester Park,EXPERT TIPS,FALSE,Harness,6,8,LAY,WIN,$4.00,8. Hunger Strike,3,,258999604,465935,8,0,5.01,0.69,0.00,0.00
Scott Hill,9/06/2026,Gloucester Park,EXPERT TIPS,FALSE,Harness,7,3,BACK,WIN,$4.00,3. My Little Big Man,1,,258999607,42612468,8,0,3.82,-1.00,0.00,0.00
Will Norman,9/06/2026,Menangle,EXPERT TIPS,FALSE,Harness,3,8,BACK,WIN,$1.30,8. Soho Piastri,3,,258999529,97490018,8,1,1.19,0.52,0.00,0.00
Will Norman,9/06/2026,Menangle,EXPERT TIPS,FALSE,Harness,4,1,BACK,WIN,$2.50,1. Agentofgoodintent,2,BEST BET,258999532,88434611,8,0,3.15,-2.00,-2.00,-2.00
Will Norman,9/06/2026,Menangle,EXPERT TIPS,FALSE,Harness,6,9,BACK,WIN,$1.40,9. Maxo Mighty,2,,258999538,98493917,8,1,1.32,0.59,0.00,0.00
Brett & Darren Carroll,9/06/2026,Shepparton,EXPERT TIPS,FALSE,Harness,1,7,BACK,WIN,$3.00,7. Madam Reactor,1,,258999280,23390531,8,1,3.41,2.22,2.22,0.00
Brett & Darren Carroll,9/06/2026,Shepparton,EXPERT TIPS,FALSE,Harness,2,2,BACK,WIN,$1.50,2. Flight Loutenant,3,BEST BET,258999282,99242951,8,1,1.65,1.79,1.79,1.79
Brett & Darren Carroll,9/06/2026,Shepparton,EXPERT TIPS,FALSE,Harness,6,3,BACK,WIN,$1.70,3. Andretti,2,,258999290,4477384,8,1,1.78,1.44,1.44,0.00
Brett & Darren Carroll,10/06/2026,Bendigo,EXPERT TIPS,FALSE,Harness,1,2,BACK,WIN,$2.40,2. Our Princess Di,1,,259018659,51241910,8,0,1.95,-1.00,0.00,0.00
Brett & Darren Carroll,10/06/2026,Bendigo,EXPERT TIPS,FALSE,Harness,2,3,BACK,WIN,$2.80,3. Alabama May,1,,259018661,84107884,8,0,2.29,-1.00,0.00,0.00
Brett & Darren Carroll,10/06/2026,Bendigo,EXPERT TIPS,FALSE,Harness,3,8,BACK,WIN,$1.80,8. Banos,3,BEST BET,259018663,99275665,8,1,2.42,3.92,3.92,3.92
Brett & Darren Carroll,10/06/2026,Bendigo,EXPERT TIPS,FALSE,Harness,4,9,BACK,WIN,$2.00,9. Zihuatanejo,2,,259018665,99275672,8,1,3.14,3.94,3.94,0.00
Brett & Darren Carroll,10/06/2026,Bendigo,EXPERT TIPS,FALSE,Harness,9,1,BACK,WIN,$2.80,1. Direct Command,1,,259018675,46260881,8,1,3.1,1.93,1.93,0.00
Lachlan Mosley,10/06/2026,Mount Gambier,EXPERT TIPS,FALSE,Thoroughbred,7,9,BACK,WIN,,9. I Am Ralph ,1,,258999264,82602462,8,0,16.76,-1.00,-1.00,0.00
Lachlan Mosley,10/06/2026,Mount Gambier,EXPERT TIPS,FALSE,Thoroughbred,7,9,BACK,PLACE,,9. I Am Ralph ,1,,258999265,82602462,8,1,4.06,2.82,2.82,0.00
Lachlan Mosley,10/06/2026,Mount Gambier,EXPERT TIPS,FALSE,Thoroughbred,8,2,BACK,WIN,,2. Robert The Puss ,2,,258999273,44590763,8,0,7.72,-2.00,-2.00,0.00
Lachlan Mosley,10/06/2026,Mount Gambier,EXPERT TIPS,FALSE,Thoroughbred,8,2,BACK,PLACE,,2. Robert The Puss ,2,,258999274,44590763,8,1,2.93,3.55,3.55,0.00
Mitch Lewis,10/06/2026,Randwick,EXPERT TIPS,FALSE,Thoroughbred,4,9,BACK,WIN,$3.20,9. Jarrito,2,,258999456,90885267,10,1,4.7,6.66,6.66,0.00
Mitch Lewis,10/06/2026,Randwick,EXPERT TIPS,FALSE,Thoroughbred,5,4,BACK,WIN,$5.00,4. Deep Pleasure,1,,258999465,99398610,10,0,4.71,-1.00,0.00,0.00
Mitch Lewis,10/06/2026,Randwick,EXPERT TIPS,FALSE,Thoroughbred,7,1,BACK,WIN,$2.00,1. Supermassive,3,BEST BET,258999483,99398615,10,1,3.38,6.43,6.43,6.43
Jackson Oldham,10/06/2026,Sale,EXPERT TIPS,FALSE,Thoroughbred,6,5,LAY,WIN,$4.75,5. Princess Mess,2,BEST BET,258999401,99398749,8,0,3.05,0.90,0.90,0.90
Jackson Oldham,10/06/2026,Sale,EXPERT TIPS,FALSE,Thoroughbred,8,6,BACK,WIN,$8.00,6. Golden Hips,1,BEST BET,258999419,88376595,8,0,9.88,-1.00,-1.00,-1.00
Michael Tye,10/06/2026,The Meadows,EXPERT TIPS,FALSE,Greyhounds,1,6,BACK,WIN,$2.80,6. Saffron Monsoon,1,,259019191,98216285,8,0,2.97,-1.00,-1.00,0.00
Michael Tye,10/06/2026,The Meadows,EXPERT TIPS,FALSE,Greyhounds,4,2,BACK,WIN,$2.25,2. Outsides ,2,,259019206,80641154,8,0,1.77,-2.00,0.00,0.00
Michael Tye,10/06/2026,The Meadows,EXPERT TIPS,FALSE,Greyhounds,5,2,BACK,WIN,$13.00,2. Starborn ,2,BEST BET,259019211,92823085,8,0,15,-2.00,-2.00,-2.00
Michael Tye,10/06/2026,The Meadows,EXPERT TIPS,FALSE,Greyhounds,7,8,LAY,WIN,$4.40,8. Paw Qwerty ,2,BEST BET,259019221,94137923,8,0,4.2,0.58,0.58,0.58
Michael Tye,10/06/2026,The Meadows,EXPERT TIPS,FALSE,Greyhounds,8,4,BACK,WIN,$1.75,4. Biscottino,2,,259019226,99399311,8,1,1.85,1.56,1.56,0.00
Brett & Darren Carroll,11/06/2026,Ballarat,EXPERT TIPS,FALSE,Harness,1,7,BACK,WIN,$1.55,7. The Final Dance,3,BEST BET,259054448,90211098,8,1,1.46,1.27,0.00,1.27
Brett & Darren Carroll,11/06/2026,Ballarat,EXPERT TIPS,FALSE,Harness,6,2,BACK,WIN,$1.90,2. Exotic Chester,2,,259054458,99288343,8,1,5.21,7.75,7.75,0.00
Brett & Darren Carroll,11/06/2026,Ballarat,EXPERT TIPS,FALSE,Harness,8,3,BACK,WIN,$1.90,3. Robert John,2,,259054462,72989592,8,1,1.79,1.45,0.00,0.00
Mitch Lewis,11/06/2026,Gosford,EXPERT TIPS,FALSE,Thoroughbred,1,2,BACK,WIN,$2.80,2. Encryptix,2,,259019619,97725054,10,0,3.35,-2.00,-2.00,0.00
Mitch Lewis,11/06/2026,Gosford,EXPERT TIPS,FALSE,Thoroughbred,3,5,BACK,WIN,$5.00,5. Rainbow Charlie,2,,259019625,99427772,10,0,11.04,-2.00,-2.00,0.00
Mitch Lewis,11/06/2026,Gosford,EXPERT TIPS,FALSE,Thoroughbred,5,7,BACK,WIN,$3.00,7. Ivy Legend,2,BEST BET,259019631,82856515,10,1,5.73,8.51,8.51,8.51
Michael Tye,11/06/2026,Sandown Park,EXPERT TIPS,FALSE,Greyhounds,2,2,BACK,WIN,$2.25,2. Mi Amigo Diablo,2,,259054538,99427735,8,0,1.73,-2.00,0.00,0.00
Michael Tye,11/06/2026,Sandown Park,EXPERT TIPS,FALSE,Greyhounds,5,2,LAY,WIN,$4.40,2. Goblin ,2,BEST BET,259054553,94780298,8,0,4.6,0.51,0.00,0.51
Michael Tye,11/06/2026,Sandown Park,EXPERT TIPS,FALSE,Greyhounds,7,5,LAY,WIN,$5.50,5. Statue Of Time ,1,,259054563,77647281,8,0,7.18,0.15,0.00,0.00
Michael Tye,11/06/2026,Sandown Park,EXPERT TIPS,FALSE,Greyhounds,8,5,BACK,WIN,$2.00,5. Hes A Pearl ,4,BEST BET,259054568,86821520,8,0,2.04,-4.00,-4.00,-4.00
Michael Tye,11/06/2026,Sandown Park,EXPERT TIPS,FALSE,Greyhounds,9,1,BACK,WIN,$2.45,1. Corban Yaxley ,2,,259054573,99427740,8,1,1.98,1.80,0.00,0.00
Jackson Oldham,11/06/2026,Seymour,EXPERT TIPS,FALSE,Thoroughbred,1,10,BACK,WIN,$2.00,10. Vivarini,2,BEST BET,259019858,92743873,8,0,2.12,-2.00,-2.00,-2.00
Jackson Oldham,11/06/2026,Seymour,EXPERT TIPS,FALSE,Thoroughbred,3,2,LAY,WIN,$5.00,2. Gran Paradiso,2,BEST BET,259019876,2297846,8,1,4.28,-2.00,-2.00,-2.00
Jackson Oldham,12/06/2026,Ballarat,EXPERT TIPS,FALSE,Thoroughbred,2,2,BACK,WIN,$2.45,2. Circus Circus,2,BEST BET,259056809,88968482,8,0,3.35,-2.00,-2.00,-2.00
Jackson Oldham,12/06/2026,Ballarat,EXPERT TIPS,FALSE,Thoroughbred,5,2,LAY,WIN,$5.50,2. Big Rooster,2,BEST BET,259056833,90485490,8,1,4,-2.00,-2.00,-2.00
Michael Tye,12/06/2026,Bendigo,EXPERT TIPS,FALSE,Greyhounds,1,7,LAY,WIN,$3.30,7. Impetuously ,2,BEST BET,259082109,99429387,8,0,3.5,0.74,0.00,0.74
Michael Tye,12/06/2026,Bendigo,EXPERT TIPS,FALSE,Greyhounds,11,6,BACK,WIN,$3.40,6. Flaming Smooth ,3,BEST BET,259082159,87207956,8,1,3.18,6.02,0.00,6.02
Michael Tye,12/06/2026,Bendigo,EXPERT TIPS,FALSE,Greyhounds,3,8,BACK,WIN,$5.00,8. Yandama,2,,259082119,99429400,8,0,4.5,-2.00,0.00,0.00
Michael Tye,12/06/2026,Bendigo,EXPERT TIPS,FALSE,Greyhounds,5,1,BACK,WIN,$7.00,1. Balding Sandy ,1,,259082129,85854795,8,0,6.84,-1.00,0.00,0.00
Michael Tye,12/06/2026,Bendigo,EXPERT TIPS,FALSE,Greyhounds,9,5,BACK,WIN,$2.15,5. Dewana Lynette,2,,259082149,99429413,8,0,2.95,-2.00,-2.00,0.00
Scott Hill,12/06/2026,Gloucester Park,EXPERT TIPS,FALSE,Harness,1,8,BACK,WIN,$2.50,8. Elite Fleet ,2,,259081542,89943066,8,0,5.3,-2.00,-2.00,0.00
Scott Hill,12/06/2026,Gloucester Park,EXPERT TIPS,FALSE,Harness,2,11,BACK,WIN,$4.00,11. Rellim,1,,259081545,96728532,8,0,7.16,-1.00,-1.00,0.00
Scott Hill,12/06/2026,Gloucester Park,EXPERT TIPS,FALSE,Harness,2,7,LAY,PLACE,$2.00,7. Final Collect,3,,259081546,44735746,8,1,1.63,-3.00,-3.00,0.00
Scott Hill,12/06/2026,Gloucester Park,EXPERT TIPS,FALSE,Harness,3,1,BACK,PLACE,$1.30,1. Sugar Street ,3,,259081549,8914586,8,0,1.67,-3.00,-3.00,0.00
Scott Hill,12/06/2026,Gloucester Park,EXPERT TIPS,FALSE,Harness,4,8,BACK,WIN,$1.20,8. Rumble Strip,5,,259081551,88435017,8,0,2,-5.00,-5.00,0.00
Scott Hill,12/06/2026,Gloucester Park,EXPERT TIPS,FALSE,Harness,5,3,BACK,WIN,$3.30,3. Petes Honour ,1,,259081554,60827360,8,0,9.29,-1.00,-1.00,0.00
Scott Hill,12/06/2026,Gloucester Park,EXPERT TIPS,FALSE,Harness,6,1,BACK,WIN,$2.20,1. Opal Hunter,2,,259081557,68613011,8,1,3.95,5.43,5.43,0.00
Scott Hill,12/06/2026,Gloucester Park,EXPERT TIPS,FALSE,Harness,7,3,BACK,WIN,$1.85,3. Stormy Vista ,3,,259081560,78266898,8,1,2.05,2.90,2.90,0.00
Scott Hill,12/06/2026,Gloucester Park,EXPERT TIPS,FALSE,Harness,9,6,BACK,WIN,$3.00,6. Fakenit ,1,,259081566,81489983,8,0,4.15,-1.00,-1.00,0.00
Brett & Darren Carroll,12/06/2026,Melton,EXPERT TIPS,FALSE,Harness,1,3,BACK,WIN,$2.00,3. Secret Service Agent,2,BEST BET,259084325,81519858,8,1,1.58,1.07,0.00,1.07
Brett & Darren Carroll,12/06/2026,Melton,EXPERT TIPS,FALSE,Harness,2,4,BACK,WIN,$3.00,4. Spirited Gigi,1,,259084328,97481346,8,0,5,-1.00,-1.00,0.00
Brett & Darren Carroll,12/06/2026,Melton,EXPERT TIPS,FALSE,Harness,5,2,BACK,WIN,$1.50,2. Tactically Perfect,3,,259084337,99429328,8,1,1.61,1.68,1.68,0.00
Will Norman,12/06/2026,Newcastle,EXPERT TIPS,FALSE,Harness,1,10,BACK,WIN,$4.00,10. Karaoke King,1,,259078532,57362865,8,0,3.63,-1.00,0.00,0.00
Will Norman,12/06/2026,Newcastle,EXPERT TIPS,FALSE,Harness,4,9,LAY,WIN,$2.20,9. Better Eclipse,1,,259078541,40520164,8,0,2.2,0.77,0.77,0.00
Will Norman,12/06/2026,Newcastle,EXPERT TIPS,FALSE,Harness,6,2,BACK,WIN,$3.50,2. War Western,2,BEST BET,259078547,63027849,8,0,3.95,-2.00,-2.00,-2.00
Ryan Spice,13/06/2026,Albion Park,EXPERT TIPS,FALSE,Harness,2,4,BACK,WIN,$1.90,4. Sweet On Lexy,3,,259128715,84738848,8,0,1.76,-3.00,0.00,0.00
Ryan Spice,13/06/2026,Albion Park,EXPERT TIPS,FALSE,Harness,3,2,BACK,WIN,$1.30,2. Final Deadline,5,BEST BET,259128718,93576607,8,1,1.16,0.74,0.00,0.74
Ryan Spice,13/06/2026,Albion Park,EXPERT TIPS,FALSE,Harness,3,8,BACK,PLACE,$1.80,8. Fate Awaits,2,,259128719,71598642,8,0,1.45,-2.00,0.00,0.00
Ryan Spice,13/06/2026,Albion Park,EXPERT TIPS,FALSE,Harness,5,3,BACK,PLACE,$2.50,3. Platinum Jewel,2,,259128725,53218806,8,0,2.21,-2.00,0.00,0.00
Ryan Spice,13/06/2026,Albion Park,EXPERT TIPS,FALSE,Harness,5,9,LAY,PLACE,$4.00,9. Tough Shaz,1,BEST BET,259128725,53884378,8,0,4.3,0.28,0.00,0.28
Ryan Spice,13/06/2026,Albion Park,EXPERT TIPS,FALSE,Harness,6,8,BACK,WIN,$10.00,8. Regazzo Di Tilly,1,,259128727,45134886,8,1,15.11,12.98,12.98,0.00
Terry Leighton,13/06/2026,Belmont,EXPERT TIPS,FALSE,Thoroughbred,3,10,BACK,WIN,$5.50,10. Speed Bubble,2,,259056369,99460985,8,1,17,29.44,29.44,0.00
Terry Leighton,13/06/2026,Belmont,EXPERT TIPS,FALSE,Thoroughbred,3,10,BACK,PLACE,$5.50,10. Speed Bubble,2,,259056370,99460985,8,1,4.1,5.70,0.00,0.00
Terry Leighton,13/06/2026,Belmont,EXPERT TIPS,FALSE,Thoroughbred,5,10,BACK,WIN,$3.30,10. Hoba West,2,,259056377,92744631,8,0,5.4,-2.00,-2.00,0.00
Terry Leighton,13/06/2026,Belmont,EXPERT TIPS,FALSE,Thoroughbred,6,9,BACK,WIN,$12.00,9. Leetron,1,,259056381,85507979,8,0,23,-1.00,-1.00,0.00
Terry Leighton,13/06/2026,Belmont,EXPERT TIPS,FALSE,Thoroughbred,7,9,BACK,WIN,$4.10,9. Antique Queen,2,,259056385,69067968,8,0,6.11,-2.00,-2.00,0.00
Terry Leighton,13/06/2026,Belmont,EXPERT TIPS,FALSE,Thoroughbred,7,9,BACK,PLACE,$4.10,9. Antique Queen,2,,259056386,69067968,8,0,2,-2.00,0.00,0.00
Terry Leighton,13/06/2026,Belmont,EXPERT TIPS,FALSE,Thoroughbred,8,4,BACK,WIN,$1.90,4. Opportunistic,5,BEST BET,259056389,3828168,8,0,2.09,-5.00,-5.00,-5.00
Trent Crebbin,13/06/2026,Eagle Farm,EXPERT TIPS,FALSE,Thoroughbred,1,2,BACK,WIN,$2.00,2. Yellow Jersey,3,,259054764,7213799,8,0,3.1,-3.00,-3.00,0.00
Trent Crebbin,13/06/2026,Eagle Farm,EXPERT TIPS,FALSE,Thoroughbred,7,4,BACK,WIN,$2.10,4. Tron Bolt,3,BEST BET,259054818,98387512,8,1,2.04,2.87,0.00,2.87
Trent Crebbin,13/06/2026,Eagle Farm,EXPERT TIPS,FALSE,Thoroughbred,8,7,BACK,WIN,$5.00,7. Headley Grange,2,,259054827,88694196,8,0,4.78,-2.00,0.00,0.00
Trent Crebbin,13/06/2026,Eagle Farm,EXPERT TIPS,FALSE,Thoroughbred,8,4,BACK,WIN,$10.00,4. Another Wil,1,,259054827,74814522,8,0,15.41,-1.00,-1.00,0.00
Brett & Darren Carroll,13/06/2026,Melton,EXPERT TIPS,FALSE,Harness,2,3,BACK,WIN,$1.80,3. Artigas,3,BEST BET,259102751,1202806,8,1,1.8,2.21,2.21,2.21
Lachlan Mosley,13/06/2026,Murray Bridge,EXPERT TIPS,FALSE,Thoroughbred,1,3,BACK,WIN,,3. Sir Now ,2,,259054634,81812228,8,1,2.3,2.39,2.39,0.00
Lachlan Mosley,13/06/2026,Murray Bridge,EXPERT TIPS,FALSE,Thoroughbred,2,1,BACK,WIN,,1. Brave Hustler ,3,,259054643,99459344,8,0,1.81,-3.00,-3.00,0.00
Lachlan Mosley,13/06/2026,Murray Bridge,EXPERT TIPS,FALSE,Thoroughbred,2,4,BACK,PLACE,,4. Le Morne ,2,,259054644,585640,8,0,17.5,-2.00,-2.00,0.00
Lachlan Mosley,13/06/2026,Murray Bridge,EXPERT TIPS,FALSE,Thoroughbred,5,10,BACK,WIN,,10. Bolted In ,2,,259054670,90798543,8,0,16.4,-2.00,-2.00,0.00
Lachlan Mosley,13/06/2026,Murray Bridge,EXPERT TIPS,FALSE,Thoroughbred,5,10,BACK,PLACE,,10. Bolted In ,2,,259054671,90798543,8,0,3.89,-2.00,-2.00,0.00
Lachlan Mosley,13/06/2026,Murray Bridge,EXPERT TIPS,FALSE,Thoroughbred,6,2,BACK,WIN,,2. Cockatoo Rose ,2,,259054679,99459378,8,0,5.21,-2.00,-2.00,0.00
Lachlan Mosley,13/06/2026,Murray Bridge,EXPERT TIPS,FALSE,Thoroughbred,6,2,BACK,PLACE,,2. Cockatoo Rose ,2,,259054680,99459378,8,0,2.07,-2.00,-2.00,0.00
Lachlan Mosley,13/06/2026,Murray Bridge,EXPERT TIPS,FALSE,Thoroughbred,9,3,BACK,WIN,,3. Falaise ,2,,259054706,1184280,8,0,25.36,-2.00,-2.00,0.00
Lachlan Mosley,13/06/2026,Murray Bridge,EXPERT TIPS,FALSE,Thoroughbred,9,3,BACK,PLACE,,3. Falaise ,2,,259054707,1184280,8,0,5.94,-2.00,-2.00,0.00
Ben Asgari,13/06/2026,Sandown,EXPERT TIPS,FALSE,Thoroughbred,1,7,BACK,WIN,$2.20,7. Stars Of Dom,3,,259055273,99460167,8,0,3.15,-3.00,-3.00,0.00
Trent Crebbin,13/06/2026,Sandown,EXPERT TIPS,FALSE,Thoroughbred,4,2,BACK,WIN,$2.30,2. Clevor Trever,3,BEST BET,259055300,99460180,8,1,1.87,2.40,0.00,2.40
Jackson Oldham,13/06/2026,Sandown,EXPERT TIPS,FALSE,Thoroughbred,4,2,BACK,WIN,$1.95,2. Clevor Trever,2,BEST BET,259055300,99460180,8,1,1.87,1.60,0.00,1.60
Nick Noonan,13/06/2026,Sandown,EXPERT TIPS,FALSE,Thoroughbred,4,2,BACK,WIN,,2. Clevor Trever,1,BEST BET,259055300,99460180,8,1,1.87,0.80,0.80,0.80
Nick Noonan,13/06/2026,Sandown,EXPERT TIPS,FALSE,Thoroughbred,5,7,BACK,WIN,,7. Grid Girl,1,,259055309,2759551,8,0,5,-1.00,-1.00,0.00
Nick Noonan,13/06/2026,Sandown,EXPERT TIPS,FALSE,Thoroughbred,6,8,BACK,WIN,,8. Nimbustwothousand,1,,259055318,75355081,8,0,5.64,-1.00,-1.00,0.00
Trent Crebbin,13/06/2026,Sandown,EXPERT TIPS,FALSE,Thoroughbred,7,5,BACK,WIN,$3.00,5. Simurgh,2,,259055327,3070310,8,0,3.7,-2.00,-2.00,0.00
Ben Asgari,13/06/2026,Sandown,EXPERT TIPS,FALSE,Thoroughbred,7,5,BACK,WIN,$2.50,5. Simurgh,3,BEST BET,259055327,3070310,8,0,3.7,-3.00,-3.00,-3.00
Nick Noonan,13/06/2026,Sandown,EXPERT TIPS,FALSE,Thoroughbred,7,2,BACK,WIN,,2. Go Daddy,1,,259055327,99460191,8,0,15,-1.00,-1.00,0.00
Jackson Oldham,13/06/2026,Sandown,EXPERT TIPS,FALSE,Thoroughbred,8,8,LAY,WIN,$4.25,8. Makdane,2,BEST BET,259055336,82116421,8,0,3.01,0.92,0.92,0.92
Lachlan Mosley,14/06/2026,Balaklava,EXPERT TIPS,FALSE,Thoroughbred,1,12,BACK,WIN,,12. Vega Now ,2,,259106888,99531597,8,0,3.2,-2.00,-2.00,0.00
Lachlan Mosley,14/06/2026,Balaklava,EXPERT TIPS,FALSE,Thoroughbred,1,12,BACK,PLACE,,12. Vega Now ,2,,259106889,99531597,8,1,1.49,0.90,0.90,0.00
Lachlan Mosley,14/06/2026,Balaklava,EXPERT TIPS,FALSE,Thoroughbred,4,1,BACK,WIN,,1. Mr Ribtickler ,2,,259106906,99141744,8,0,12,-2.00,-2.00,0.00
Lachlan Mosley,14/06/2026,Balaklava,EXPERT TIPS,FALSE,Thoroughbred,4,1,BACK,PLACE,,1. Mr Ribtickler ,2,,259106907,99141744,8,0,3.1,-2.00,-2.00,0.00
Lachlan Mosley,14/06/2026,Balaklava,EXPERT TIPS,FALSE,Thoroughbred,5,1,BACK,WIN,,1. Nostryia,2,,259106912,51958128,8,0,6.6,-2.00,-2.00,0.00
Lachlan Mosley,14/06/2026,Balaklava,EXPERT TIPS,FALSE,Thoroughbred,5,1,BACK,PLACE,,1. Nostryia,2,,259106913,51958128,8,1,2.3,2.39,2.39,0.00
Lachlan Mosley,14/06/2026,Balaklava,EXPERT TIPS,FALSE,Thoroughbred,8,8,BACK,WIN,,8. Silver Chaos ,2,,259106930,86654468,8,1,3.49,4.58,4.58,0.00
Brett & Darren Carroll,14/06/2026,Cranbourne,EXPERT TIPS,FALSE,Harness,3,1,BACK,WIN,$2.00,1. Swaywithsierra,2,BEST BET,259129331,90604901,8,0,2.51,-2.00,-2.00,-2.00
Brett & Darren Carroll,14/06/2026,Cranbourne,EXPERT TIPS,FALSE,Harness,5,8,BACK,WIN,$3.00,8. Quick Crunch,1,,259129335,84107893,8,1,6,4.60,4.60,0.00
Stephen Christie,14/06/2026,Devonport,EXPERT TIPS,FALSE,Thoroughbred,1,6,BACK,WIN,$3.80,6. Last Tremble,2,,259104305,81477877,8,0,6.73,-2.00,-2.00,0.00
Stephen Christie,14/06/2026,Devonport,EXPERT TIPS,FALSE,Thoroughbred,1,6,BACK,PLACE,$3.80,6. Last Tremble,2,,259104306,81477877,8,0,2.18,-2.00,0.00,0.00
Stephen Christie,14/06/2026,Devonport,EXPERT TIPS,FALSE,Thoroughbred,3,8,BACK,WIN,$5.00,8. Cant Catch Chilli,1,,259104317,97693963,8,0,7.42,-1.00,-1.00,0.00
Stephen Christie,14/06/2026,Devonport,EXPERT TIPS,FALSE,Thoroughbred,4,3,BACK,WIN,$3.80,3. Its Jagger Time,1,,259104323,64763004,8,0,10.14,-1.00,-1.00,0.00
Stephen Christie,14/06/2026,Devonport,EXPERT TIPS,FALSE,Thoroughbred,4,6,BACK,WIN,$3.80,6. Taroona,1,,259104323,79523335,8,1,5.77,4.39,4.39,0.00
Stephen Christie,14/06/2026,Devonport,EXPERT TIPS,FALSE,Thoroughbred,5,5,BACK,WIN,$3.80,5. Knights Reign,1,,259104329,74227017,8,0,3.25,-1.00,0.00,0.00
Stephen Christie,14/06/2026,Devonport,EXPERT TIPS,FALSE,Thoroughbred,7,1,BACK,WIN,$5.00,1. Tsunami Sam,1,,259104341,54670587,8,0,15.05,-1.00,-1.00,0.00
Braden Howlett,14/06/2026,Hobart,EXPERT TIPS,FALSE,Harness,1,8,BACK,PLACE,$2.80,8. MONEYS NO ISSUE,2,,259129363,56018757,8,0,3.75,-2.00,-2.00,0.00
Braden Howlett,14/06/2026,Hobart,EXPERT TIPS,FALSE,Harness,2,2,BACK,WIN,$2.50,2. ZOE ELLA,2,,259129364,86587689,8,0,2.25,-2.00,0.00,0.00
Braden Howlett,14/06/2026,Hobart,EXPERT TIPS,FALSE,Harness,3,6,BACK,WIN,$1.70,6. LADY IN LINE,4,,259129366,41409066,8,0,1.35,-4.00,0.00,0.00
Braden Howlett,14/06/2026,Hobart,EXPERT TIPS,FALSE,Harness,4,1,BACK,WIN,$5.00,1. HAMMER DAN,1,,259129368,52436247,8,0,3.16,-1.00,0.00,0.00
Braden Howlett,14/06/2026,Hobart,EXPERT TIPS,FALSE,Harness,5,4,BACK,WIN,$1.50,4. BARBARY TALES,4,,259129370,84402225,8,0,1.58,-4.00,-4.00,0.00
Braden Howlett,14/06/2026,Hobart,EXPERT TIPS,FALSE,Harness,6,6,BACK,WIN,$2.50,6. RAINBOW RANGER,2,,259129372,99430942,8,1,2.35,2.48,0.00,0.00
Braden Howlett,14/06/2026,Hobart,EXPERT TIPS,FALSE,Harness,7,5,BACK,WIN,$1.80,5. SHES ALLABOUTLUV,2,,259129374,99430943,8,1,2.1,2.02,2.02,0.00
Braden Howlett,14/06/2026,Hobart,EXPERT TIPS,FALSE,Harness,8,6,BACK,WIN,$2.50,6. IYLAC CHAMBER,4,BEST BET,259129376,99430945,8,1,2.18,4.34,0.00,4.34
Mitch Lewis,13/06/2026,Rosehill,EXPERT TIPS,FALSE,Thoroughbred,4,5,LAY,WIN,$6.00,5. Nobler,2,BEST BET,259055868,99459633,10,1,2.96,-2.00,-2.00,-2.00
Mitch Lewis,13/06/2026,Rosehill,EXPERT TIPS,FALSE,Thoroughbred,5,6,BACK,WIN,$2.50,6. Surfs Up,3,,259055877,4008643,10,1,3.75,7.43,7.43,0.00
Mitch Lewis,13/06/2026,Rosehill,EXPERT TIPS,FALSE,Thoroughbred,9,9,BACK,WIN,$5.00,9. Swiftie Harriet,2,,259055913,92161952,10,0,8.4,-2.00,-2.00,0.00
Brett & Darren Carroll,15/06/2026,Charlton,EXPERT TIPS,FALSE,Harness,2,2,BACK,WIN,$1.90,2. Yapper,3,BEST BET,259157170,99529939,8,0,1.87,-3.00,0.00,-3.00
Brett & Darren Carroll,15/06/2026,Charlton,EXPERT TIPS,FALSE,Harness,3,6,BACK,WIN,$2.00,6. Walkin Understarz,2,,259157172,99288347,8,0,2.38,-2.00,-2.00,0.00
Scott Hill,15/06/2026,Pinjarra,EXPERT TIPS,FALSE,Harness,2,1,BACK,WIN,$2.20,1. Rockabilly Joe,2,,259157184,99521171,8,0,1.73,-2.00,0.00,0.00
Scott Hill,15/06/2026,Pinjarra,EXPERT TIPS,FALSE,Harness,4,1,BACK,WIN,$2.00,1. Westburn Rockstar,2,,259157188,99521183,8,0,2.15,-2.00,-2.00,0.00
Scott Hill,15/06/2026,Pinjarra,EXPERT TIPS,FALSE,Harness,5,2,BACK,WIN,$1.85,2. Philthejug,3,BEST BET,259157190,59779957,8,0,3.22,-3.00,-3.00,-3.00
Scott Hill,15/06/2026,Pinjarra,EXPERT TIPS,FALSE,Harness,6,2,BACK,WIN,$2.00,2. Mister Constitution ,2,,259157192,43382613,8,0,3.2,-2.00,-2.00,0.00
Scott Hill,15/06/2026,Pinjarra,EXPERT TIPS,FALSE,Harness,8,9,LAY,WIN,$2.50,9. Raklou,3,,259157196,63324759,8,1,2.95,-3.00,0.00,0.00
Michael Tye,15/06/2026,Sandown Park,EXPERT TIPS,FALSE,Greyhounds,10,1,LAY,WIN,$2.00,1. Barooga Jim ,2,BEST BET,259159040,90288919,8,1,1.94,-2.00,-2.00,-2.00
Michael Tye,15/06/2026,Sandown Park,EXPERT TIPS,FALSE,Greyhounds,11,1,LAY,WIN,$5.50,1. Ocean Gold ,2,,259159045,93789459,8,0,3.67,0.69,0.69,0.00
Michael Tye,15/06/2026,Sandown Park,EXPERT TIPS,FALSE,Greyhounds,2,1,LAY,WIN,$5.00,1. Saffron Monsoon ,2,,259159000,97632115,8,0,2.02,1.80,1.80,0.00
Michael Tye,15/06/2026,Sandown Park,EXPERT TIPS,FALSE,Greyhounds,2,1,LAY,PLACE,$5.00,1. Saffron Monsoon ,2,,259159001,97632115,8,1,1.25,-2.00,-2.00,0.00
Michael Tye,15/06/2026,Sandown Park,EXPERT TIPS,FALSE,Greyhounds,3,4,BACK,WIN,$1.65,4. Mepunga Phantom,2,BEST BET,259159005,99531962,8,1,1.76,1.40,1.40,1.40
Michael Tye,15/06/2026,Sandown Park,EXPERT TIPS,FALSE,Greyhounds,4,4,BACK,WIN,$2.65,4. Starborn,3,,259159010,93239857,8,1,3.65,7.31,7.31,0.00
Michael Tye,15/06/2026,Sandown Park,EXPERT TIPS,FALSE,Greyhounds,8,4,BACK,WIN,$2.45,4. Mepunga Whiskey ,2,,259159030,96913795,8,1,2.86,3.42,3.42,0.00
Scott Hill,16/06/2026,Gloucester Park,EXPERT TIPS,FALSE,Harness,3,6,BACK,WIN,$3.00,6. Joey James,1,,259182307,36709328,8,0,3.98,-1.00,-1.00,0.00
Scott Hill,16/06/2026,Gloucester Park,EXPERT TIPS,FALSE,Harness,4,6,BACK,WIN,$2.80,6. Poppyonthebeach,2,,259182310,70902824,8,0,3.05,-2.00,-2.00,0.00
Scott Hill,16/06/2026,Gloucester Park,EXPERT TIPS,FALSE,Harness,5,3,BACK,WIN,$1.85,3. Kinky,3,BEST BET,259182313,67909018,8,0,3.69,-3.00,-3.00,-3.00
Scott Hill,16/06/2026,Gloucester Park,EXPERT TIPS,FALSE,Harness,6,7,BACK,WIN,$1.50,7. By Gee By Jingo,5,,259182316,80107577,8,0,2.18,-5.00,-5.00,0.00
Scott Hill,16/06/2026,Gloucester Park,EXPERT TIPS,FALSE,Harness,8,1,LAY,WIN,$3.00,1. Drop The Ace,3,,259182322,86905485,8,0,4.08,0.90,0.00,0.00
Will Norman,16/06/2026,Menangle,EXPERT TIPS,FALSE,Harness,1,2,BACK,WIN,$1.80,2. Watts Up The Hill,1,,259182221,84267105,8,1,3,1.84,1.84,0.00
Will Norman,16/06/2026,Menangle,EXPERT TIPS,FALSE,Harness,6,6,BACK,WIN,$1.60,6. You Are My Wish,2,BEST BET,259182236,85543981,8,0,1.87,-2.00,-2.00,-2.00
Will Norman,16/06/2026,Menangle,EXPERT TIPS,FALSE,Harness,8,4,BACK,WIN,$2.50,4. Michaywey,1,,259182242,81224741,8,0,2.62,-1.00,-1.00,0.00
Rory Flanagan,16/06/2026,Royal Ascot,EXPERT TIPS,TRUE,Thoroughbred,1,6,BACK,WIN,,Notable Speech,5,BEST BET,259166434,65310817,6,0,3.4,-5.00,-5.00,-5.00
Rory Flanagan,16/06/2026,Royal Ascot,EXPERT TIPS,TRUE,Thoroughbred,2,5,LAY,WIN,,Confucius ,3,,259166441,19866987,6,0,3.2,1.28,1.28,0.00
Rory Flanagan,16/06/2026,Royal Ascot,EXPERT TIPS,TRUE,Thoroughbred,2,10,BACK,WIN,,Great Barrier Reef,1,,259166441,2506247,6,1,8.4,6.96,6.96,0.00
Rory Flanagan,16/06/2026,Royal Ascot,EXPERT TIPS,TRUE,Thoroughbred,2,17,BACK,WIN,,Rulers Pride,1,,259166441,18772288,6,0,9.41,-1.00,-1.00,0.00
Rory Flanagan,16/06/2026,Royal Ascot,EXPERT TIPS,TRUE,Thoroughbred,3,8,BACK,WIN,,Night Raider,1,,259166449,10509287,6,0,6,-1.00,-1.00,0.00
Rory Flanagan,16/06/2026,Royal Ascot,EXPERT TIPS,TRUE,Thoroughbred,3,13,BACK,WIN,,Asfoora,1,,259166449,39810667,6,0,17.5,-1.00,-1.00,0.00
Rory Flanagan,16/06/2026,Royal Ascot,EXPERT TIPS,TRUE,Thoroughbred,3,9,BACK,WIN,,Overpass,3,,259166449,39151505,6,0,5.69,-3.00,-3.00,0.00
Rory Flanagan,16/06/2026,Royal Ascot,EXPERT TIPS,TRUE,Thoroughbred,3,9,BACK,PLACE,,Overpass,3,,259166450,39151505,6,1,2.8,5.08,5.08,0.00
Rory Flanagan,16/06/2026,Royal Ascot,EXPERT TIPS,TRUE,Thoroughbred,4,2,BACK,WIN,,Gstaad,3,,259166456,2036409,6,0,3.48,-3.00,-3.00,0.00
Rory Flanagan,16/06/2026,Royal Ascot,EXPERT TIPS,TRUE,Thoroughbred,4,5,BACK,WIN,,Puerto Rico,1,,259166456,1236349,6,0,21,-1.00,-1.00,0.00
Rory Flanagan,16/06/2026,Royal Ascot,EXPERT TIPS,TRUE,Thoroughbred,5,16,BACK,WIN,,Puturhandstogether,2,,259166464,62442468,6,0,6.75,-2.00,-2.00,0.00
Rory Flanagan,16/06/2026,Royal Ascot,EXPERT TIPS,TRUE,Thoroughbred,5,6,BACK,WIN,,Mordor,1,,259166464,935982,6,0,84.48,-1.00,-1.00,0.00
Rory Flanagan,16/06/2026,Royal Ascot,EXPERT TIPS,TRUE,Thoroughbred,5,6,BACK,PLACE,,Mordor,1,,259166466,935982,6,0,7.84,-1.00,-1.00,0.00
Rory Flanagan,16/06/2026,Royal Ascot,EXPERT TIPS,TRUE,Thoroughbred,7,14,BACK,WIN,,Sing Us A Song,1,,259166481,11409621,6,0,7.56,-1.00,-1.00,0.00
Rory Flanagan,16/06/2026,Royal Ascot,EXPERT TIPS,TRUE,Thoroughbred,7,1,BACK,WIN,,Ascending,1,,259166481,16502307,6,0,8.8,-1.00,-1.00,0.00
Brett & Darren Carroll,16/06/2026,Shepparton,EXPERT TIPS,FALSE,Harness,2,11,BACK,WIN,$3.50,11. Major Eastwood,1,,259182270,99493964,8,0,8.68,-1.00,-1.00,0.00
Brett & Darren Carroll,16/06/2026,Shepparton,EXPERT TIPS,FALSE,Harness,3,9,BACK,WIN,$2.50,9. Im Dustee,1,,259182272,72201747,8,1,2.03,0.95,0.00,0.00
Brett & Darren Carroll,16/06/2026,Shepparton,EXPERT TIPS,FALSE,Harness,6,5,BACK,WIN,$1.90,5. Dusty Philtra,2,BEST BET,259182278,99493969,8,0,1.55,-2.00,0.00,-2.00
Brett & Darren Carroll,17/06/2026,Bendigo,EXPERT TIPS,FALSE,Harness,1,5,BACK,WIN,$1.55,5. Quatro Moth,3,,259208784,83325724,8,0,1.2,-3.00,0.00,0.00
Brett & Darren Carroll,17/06/2026,Bendigo,EXPERT TIPS,FALSE,Harness,2,6,BACK,WIN,$2.80,6. Alcatraz Girl,1,,259208786,51296058,8,0,8.4,-1.00,-1.00,0.00
Brett & Darren Carroll,17/06/2026,Bendigo,EXPERT TIPS,FALSE,Harness,3,10,BACK,WIN,$2.50,10. Very Tempting,1,,259208788,19167796,8,0,3.04,-1.00,-1.00,0.00
Brett & Darren Carroll,17/06/2026,Bendigo,EXPERT TIPS,FALSE,Harness,6,4,BACK,WIN,$1.70,4. Tryx Vixen,3,BEST BET,259208794,86935410,8,1,1.64,1.77,0.00,1.77
Mitch Lewis,17/06/2026,Canterbury,EXPERT TIPS,FALSE,Thoroughbred,2,2,BACK,WIN,$2.50,2. Demerzel,3,BEST BET,259185753,99656725,10,1,3.5,6.75,6.75,6.75
Mitch Lewis,17/06/2026,Canterbury,EXPERT TIPS,FALSE,Thoroughbred,4,7,BACK,WIN,$2.20,7. Claudel,2,,259185771,99656746,10,0,2.44,-2.00,-2.00,0.00
Mitch Lewis,17/06/2026,Canterbury,EXPERT TIPS,FALSE,Thoroughbred,5,4,LAY,WIN,$5.00,4. Mo Chroi,1,BEST BET,259185780,2841624,10,1,2.7,-1.00,-1.00,-1.00
Mitch Lewis,17/06/2026,Canterbury,EXPERT TIPS,FALSE,Thoroughbred,7,4,BACK,WIN,$5.00,4. Madrina,1,,259185798,90285928,10,0,7.29,-1.00,-1.00,0.00
Jackson Oldham,17/06/2026,Caulfield,EXPERT TIPS,FALSE,Thoroughbred,7,4,BACK,WIN,$3.75,4. Saluted,2,BEST BET,259186974,82857600,8,0,3.81,-2.00,-2.00,-2.00
Jackson Oldham,17/06/2026,Caulfield,EXPERT TIPS,FALSE,Thoroughbred,8,15,LAY,WIN,$5.50,15. Silver Magnate ,2,BEST BET,259186982,99656972,8,0,3.89,0.64,0.64,0.64
Rory Flanagan,17/06/2026,Royal Ascot,EXPERT TIPS,TRUE,Thoroughbred,1,5,BACK,WIN,,Celtic Dispute,1,,259190132,97449708,6,0,41.22,-1.00,-1.00,0.00
Rory Flanagan,17/06/2026,Royal Ascot,EXPERT TIPS,TRUE,Thoroughbred,1,22,BACK,WIN,,Senorita Bonita,2,,259190132,13297861,6,0,11.5,-2.00,-2.00,0.00
Rory Flanagan,17/06/2026,Royal Ascot,EXPERT TIPS,TRUE,Thoroughbred,1,26,BACK,WIN,,Victorious,1,,259190132,9331,6,1,4.72,3.50,3.50,0.00
Rory Flanagan,17/06/2026,Royal Ascot,EXPERT TIPS,TRUE,Thoroughbred,2,4,BACK,WIN,,Limestone,2,,259190140,2368856,6,1,4.91,7.35,7.35,0.00
Rory Flanagan,17/06/2026,Royal Ascot,EXPERT TIPS,TRUE,Thoroughbred,2,2,BACK,WIN,,Del Maro,1,,259190140,87144654,6,0,15.5,-1.00,-1.00,0.00
Rory Flanagan,17/06/2026,Royal Ascot,EXPERT TIPS,TRUE,Thoroughbred,2,2,BACK,PLACE,,Del Maro,1,,259190141,87144654,6,1,4,2.82,2.82,0.00
Rory Flanagan,17/06/2026,Royal Ascot,EXPERT TIPS,TRUE,Thoroughbred,3,10,BACK,WIN,,Friendly Soul,2,,259190146,63557681,6,0,5.4,-2.00,-2.00,0.00
Rory Flanagan,17/06/2026,Royal Ascot,EXPERT TIPS,TRUE,Thoroughbred,4,6,BACK,WIN,,Ombudsman,5,BEST BET,259190153,188385,6,1,2.19,5.59,5.59,5.59
Rory Flanagan,17/06/2026,Royal Ascot,EXPERT TIPS,TRUE,Thoroughbred,5,8,BACK,WIN,,EBTs Guard,2,,259190160,56776811,6,0,26.87,-2.00,-2.00,0.00
Rory Flanagan,17/06/2026,Royal Ascot,EXPERT TIPS,TRUE,Thoroughbred,5,4,BACK,WIN,,No Retreat,1,,259190160,21690,6,0,90.94,-1.00,-1.00,0.00
Rory Flanagan,17/06/2026,Royal Ascot,EXPERT TIPS,TRUE,Thoroughbred,5,22,BACK,WIN,,Blue RC,1,,259190160,81236585,6,0,55,-1.00,-1.00,0.00
Rory Flanagan,17/06/2026,Royal Ascot,EXPERT TIPS,TRUE,Thoroughbred,5,8,BACK,PLACE,,EBTs Guard,2,,259190162,56776811,6,1,5.9,9.21,9.21,0.00
Rory Flanagan,17/06/2026,Royal Ascot,EXPERT TIPS,TRUE,Thoroughbred,5,4,BACK,PLACE,,No Retreat,1,,259190162,21690,6,0,14.15,-1.00,-1.00,0.00
Rory Flanagan,17/06/2026,Royal Ascot,EXPERT TIPS,TRUE,Thoroughbred,5,22,BACK,PLACE,,Blue RC,1,,259190162,81236585,6,1,10.5,8.93,8.93,0.00
Rory Flanagan,17/06/2026,Royal Ascot,EXPERT TIPS,TRUE,Thoroughbred,7,17,BACK,WIN,,Sergei Diaghilev,3,,259190178,98493740,6,0,4.49,-3.00,-3.00,0.00
Michael Tye,17/06/2026,The Meadows,EXPERT TIPS,FALSE,Greyhounds,1,7,BACK,WIN,$1.85,7. Archie Thomas ,3,BEST BET,259209870,99658571,8,0,1.84,-3.00,0.00,-3.00
Michael Tye,17/06/2026,The Meadows,EXPERT TIPS,FALSE,Greyhounds,10,2,BACK,WIN,$1.95,2. No Stop Signs ,1,,259209915,98419104,8,0,1.99,-1.00,-1.00,0.00
Michael Tye,17/06/2026,The Meadows,EXPERT TIPS,FALSE,Greyhounds,2,8,LAY,PLACE,$2.80,8. Aston Louise ,1,,259209876,99658574,8,0,2.37,0.67,0.67,0.00
Michael Tye,17/06/2026,The Meadows,EXPERT TIPS,FALSE,Greyhounds,3,3,BACK,WIN,$7.50,3. Victory Barry,1,,259209880,93496930,8,0,6.37,-1.00,0.00,0.00
Michael Tye,17/06/2026,The Meadows,EXPERT TIPS,FALSE,Greyhounds,3,3,BACK,PLACE,$7.50,3. Victory Barry,1,,259209881,93496930,8,1,1.59,0.54,0.00,0.00
Michael Tye,17/06/2026,The Meadows,EXPERT TIPS,FALSE,Greyhounds,6,4,LAY,WIN,$3.35,4. Tribeca ,2,BEST BET,259209895,82046977,8,1,3.9,-2.00,0.00,-2.00
Michael Tye,17/06/2026,The Meadows,EXPERT TIPS,FALSE,Greyhounds,8,2,BACK,WIN,$1.95,2. Radar OReilly ,1,,259209905,95385687,8,0,1.65,-1.00,0.00,0.00
Mitch Lewis,18/06/2026,Gosford,EXPERT TIPS,FALSE,Thoroughbred,2,2,BACK,WIN,$2.70,2. Kunis,2,BEST BET,259209554,99690546,10,0,4.1,-2.00,-2.00,-2.00
Mitch Lewis,18/06/2026,Gosford,EXPERT TIPS,FALSE,Thoroughbred,6,2,BACK,WIN,$3.00,2. Menthon,2,,259209566,99690560,10,1,3.51,4.52,4.52,0.00
Brett & Darren Carroll,18/06/2026,Kilmore,EXPERT TIPS,FALSE,Harness,2,3,BACK,WIN,$2.20,3. My Ultimate Mateo,1,,259216407,99657640,8,0,2.2,-1.00,-1.00,0.00
Brett & Darren Carroll,18/06/2026,Kilmore,EXPERT TIPS,FALSE,Harness,6,8,BACK,WIN,$1.80,8. Crippa,3,BEST BET,259216415,99657648,8,1,1.58,1.60,0.00,1.60
Jackson Oldham,18/06/2026,Moe,EXPERT TIPS,FALSE,Thoroughbred,2,6,LAY,WIN,$3.55,6. Foxsky,2,BEST BET,259209481,99275235,8,1,2.85,-2.00,-2.00,-2.00
Jackson Oldham,18/06/2026,Moe,EXPERT TIPS,FALSE,Thoroughbred,3,1,BACK,WIN,$4.00,1. Bold Jester,1,BEST BET,259209489,4646269,8,0,5.7,-1.00,-1.00,-1.00
Rory Flanagan,18/06/2026,Royal Ascot,EXPERT TIPS,TRUE,Thoroughbred,1,3,BACK,WIN,,Nola Soul,2,,259222354,98464180,6,1,5.75,8.93,8.93,0.00
Rory Flanagan,18/06/2026,Royal Ascot,EXPERT TIPS,TRUE,Thoroughbred,2,8,BACK,WIN,,Cannes,3,,259222361,8497806,6,0,5.07,-3.00,-3.00,0.00
Rory Flanagan,18/06/2026,Royal Ascot,EXPERT TIPS,TRUE,Thoroughbred,2,8,BACK,WIN,,Atomic City,1,,259222361,70933974,6,0,34,-1.00,-1.00,0.00
Rory Flanagan,18/06/2026,Royal Ascot,EXPERT TIPS,TRUE,Thoroughbred,2,12,BACK,WIN,,Into The Light,2,,259222361,3062139,6,0,6.75,-2.00,-2.00,0.00
Rory Flanagan,18/06/2026,Royal Ascot,EXPERT TIPS,TRUE,Thoroughbred,3,1,BACK,WIN,,Brilliant Star,1,,259222370,2090,6,0,26,-1.00,-1.00,0.00
Rory Flanagan,18/06/2026,Royal Ascot,EXPERT TIPS,TRUE,Thoroughbred,3,2,BACK,WIN,,Composing,2,,259222370,2096221,6,0,8.27,-2.00,-2.00,0.00
Rory Flanagan,18/06/2026,Royal Ascot,EXPERT TIPS,TRUE,Thoroughbred,4,10,BACK,WIN,,Scandinavia,4,BEST BET,259222377,839847,6,1,2.66,6.24,6.24,6.24
Rory Flanagan,18/06/2026,Royal Ascot,EXPERT TIPS,TRUE,Thoroughbred,4,7,BACK,WIN,,Carmers,1,,259222377,83391429,6,0,34,-1.00,-1.00,0.00
Rory Flanagan,18/06/2026,Royal Ascot,EXPERT TIPS,TRUE,Thoroughbred,6,3,BACK,WIN,,Endorsement,4,,259222383,552,6,0,2.48,-4.00,-4.00,0.00
Michael Tye,18/06/2026,Sandown Park,EXPERT TIPS,FALSE,Greyhounds,1,7,BACK,WIN,$3.50,7. Tandanya ,2,,259221279,99658597,8,1,6.2,9.57,9.57,0.00
Michael Tye,18/06/2026,Sandown Park,EXPERT TIPS,FALSE,Greyhounds,11,7,BACK,WIN,$2.55,7. Weblec Memphis ,2,BEST BET,259221329,84148035,8,0,4.94,-2.00,-2.00,-2.00
Michael Tye,18/06/2026,Sandown Park,EXPERT TIPS,FALSE,Greyhounds,3,3,BACK,WIN,$4.00,3. Little Monkey,2,,259221289,99658602,8,0,2.62,-2.00,0.00,0.00
Michael Tye,18/06/2026,Sandown Park,EXPERT TIPS,FALSE,Greyhounds,4,6,LAY,WIN,$5.00,6. Neo Devere ,1,,259221294,81438622,8,0,4.2,0.29,0.29,0.00
Michael Tye,18/06/2026,Sandown Park,EXPERT TIPS,FALSE,Greyhounds,6,7,LAY,WIN,$7.50,7. Paw Matic,1,,259221304,93758315,8,0,15.5,0.06,0.00,0.00
Michael Tye,18/06/2026,Sandown Park,EXPERT TIPS,FALSE,Greyhounds,6,7,LAY,PLACE,$7.50,7. Paw Matic,1,,259221305,93758315,8,0,5.66,0.20,0.20,0.00
Michael Tye,18/06/2026,Sandown Park,EXPERT TIPS,FALSE,Greyhounds,7,4,LAY,WIN,$4.40,4. Keep Rolling ,2,BEST BET,259221309,84431458,8,1,4.34,-2.00,-2.00,-2.00
Michael Tye,18/06/2026,Sandown Park,EXPERT TIPS,FALSE,Greyhounds,8,3,LAY,WIN,$5.50,3. Accredited ,2,,259221314,82046975,8,0,5.1,0.45,0.45,0.00
Michael Tye,19/06/2026,Bendigo,EXPERT TIPS,FALSE,Greyhounds,1,8,BACK,WIN,$2.60,8. Gamora Bale ,2,,259253418,99732514,8,1,2.54,2.83,0.00,0.00
Michael Tye,19/06/2026,Bendigo,EXPERT TIPS,FALSE,Greyhounds,10,7,BACK,PLACE,$1.52,7. Heard Your Words ,2,,259253464,83679646,8,1,1.46,0.85,0.00,0.00
Michael Tye,19/06/2026,Bendigo,EXPERT TIPS,FALSE,Greyhounds,11,7,BACK,WIN,$2.40,7. Idyllic James ,2,,259253468,69967724,8,1,2.26,2.32,0.00,0.00
Michael Tye,19/06/2026,Bendigo,EXPERT TIPS,FALSE,Greyhounds,4,3,BACK,WIN,$2.30,3. Hokkaido Express,2,BEST BET,259253433,88466275,8,1,1.99,1.82,0.00,1.82
Michael Tye,19/06/2026,Bendigo,EXPERT TIPS,FALSE,Greyhounds,6,1,LAY,WIN,$4.00,1. How High ,2,BEST BET,259253443,4585437,8,0,2.59,1.16,1.16,1.16
Michael Tye,19/06/2026,Bendigo,EXPERT TIPS,FALSE,Greyhounds,8,7,BACK,WIN,$3.45,7. Hartland Willow ,1,,259253453,96968281,8,0,4.66,-1.00,-1.00,0.00
Jackson Oldham,19/06/2026,Geelong,EXPERT TIPS,FALSE,Thoroughbred,4,5,BACK,WIN,$2.00,5. French Gift ,2,BEST BET,259243441,4352049,8,0,2.13,-2.00,-2.00,-2.00
Scott Hill,19/06/2026,Gloucester Park,EXPERT TIPS,FALSE,Harness,1,10,BACK,PLACE,$2.00,10. Minor Catastrophe,2,,259252136,28864919,8,1,1.68,1.25,0.00,0.00
Scott Hill,19/06/2026,Gloucester Park,EXPERT TIPS,FALSE,Harness,10,8,LAY,WIN,$3.00,8. Katama,3,,259252162,99729897,8,0,5.9,0.56,0.00,0.00
Scott Hill,19/06/2026,Gloucester Park,EXPERT TIPS,FALSE,Harness,3,1,BACK,WIN,$3.30,1. Delulu,1,,259252141,79863822,8,0,5.22,-1.00,-1.00,0.00
Scott Hill,19/06/2026,Gloucester Park,EXPERT TIPS,FALSE,Harness,5,10,BACK,PLACE,$3.30,10. Paroquet,1,,259252148,43389074,8,0,4.8,-1.00,-1.00,0.00
Scott Hill,19/06/2026,Gloucester Park,EXPERT TIPS,FALSE,Harness,6,4,BACK,WIN,$2.20,4. Final Collect ,2,,259252150,50324012,8,0,3.95,-2.00,-2.00,0.00
Scott Hill,19/06/2026,Gloucester Park,EXPERT TIPS,FALSE,Harness,8,6,BACK,WIN,$1.65,6. Art Ideal ,3,BEST BET,259252156,78714345,8,1,1.97,2.68,2.68,2.68
Brett & Darren Carroll,19/06/2026,Mildura,EXPERT TIPS,FALSE,Harness,3,3,BACK,WIN,$1.80,3. Watch It Happen,2,,259251686,66581355,8,0,1.23,-2.00,0.00,0.00
Brett & Darren Carroll,19/06/2026,Mildura,EXPERT TIPS,FALSE,Harness,4,5,BACK,WIN,$1.60,5. Wow You Can Dance,3,BEST BET,259251688,35523858,8,1,1.14,0.39,0.00,0.39
Brett & Darren Carroll,19/06/2026,Mildura,EXPERT TIPS,FALSE,Harness,6,6,BACK,WIN,$1.90,6. Sweet Lucy Lou,1,,259251692,99690995,8,0,2.28,-1.00,-1.00,0.00
Will Norman,19/06/2026,Newcastle,EXPERT TIPS,FALSE,Harness,1,8,LAY,WIN,$5.00,8. Clara Rocks,1,,259251632,81519859,8,0,7,0.15,0.00,0.00
Will Norman,19/06/2026,Newcastle,EXPERT TIPS,FALSE,Harness,10,9,BACK,WIN,$5.00,9. Slick And Suave,1,,259251659,72694445,8,0,4.52,-1.00,0.00,0.00
Will Norman,19/06/2026,Newcastle,EXPERT TIPS,FALSE,Harness,2,7,LAY,WIN,$4.00,7. Lochinvar Jag,1,,259251635,43970102,8,0,2.73,0.53,0.53,0.00
Will Norman,19/06/2026,Newcastle,EXPERT TIPS,FALSE,Harness,7,6,BACK,WIN,$1.70,6. Media Mogul,2,BEST BET,259251650,89061623,8,0,2.15,-2.00,-2.00,-2.00
Rory Flanagan,19/06/2026,Royal Ascot,EXPERT TIPS,TRUE,Thoroughbred,2,15,BACK,WIN,,Wise Approach,1,,259252814,83060707,6,0,24.18,-1.00,-1.00,0.00
Rory Flanagan,19/06/2026,Royal Ascot,EXPERT TIPS,TRUE,Thoroughbred,2,10,BACK,WIN,,Outfielder,1,,259252814,10424161,6,0,28,-1.00,-1.00,0.00
Rory Flanagan,19/06/2026,Royal Ascot,EXPERT TIPS,TRUE,Thoroughbred,2,21,BACK,WIN,,Venetian Sun,4,,259252814,83755064,6,1,2.6,6.02,6.02,0.00
Rory Flanagan,19/06/2026,Royal Ascot,EXPERT TIPS,TRUE,Thoroughbred,3,4,BACK,WIN,,Warrant Holder,2,,259252822,79863183,6,0,5.2,-2.00,-2.00,0.00
Rory Flanagan,19/06/2026,Royal Ascot,EXPERT TIPS,TRUE,Thoroughbred,3,11,BACK,WIN,,Opportunity,2,,259252822,1069990,6,1,8.4,13.91,13.91,0.00
Rory Flanagan,19/06/2026,Royal Ascot,EXPERT TIPS,TRUE,Thoroughbred,3,8,BACK,WIN,,French Duke,1,,259252822,62041211,6,0,31.64,-1.00,-1.00,0.00
Rory Flanagan,19/06/2026,Royal Ascot,EXPERT TIPS,TRUE,Thoroughbred,3,8,BACK,PLACE,,French Duke,1,,259252824,62041211,6,0,4.93,-1.00,-1.00,0.00
Rory Flanagan,19/06/2026,Royal Ascot,EXPERT TIPS,TRUE,Thoroughbred,4,4,BACK,WIN,,Precise,5,BEST BET,259252831,35873075,6,1,1.74,3.48,3.48,3.48
Rory Flanagan,19/06/2026,Royal Ascot,EXPERT TIPS,TRUE,Thoroughbred,6,2,BACK,WIN,,Causeway,4,,259252837,452611,6,1,2.26,4.74,4.74,0.00
Terry Leighton,20/06/2026,Belmont,EXPERT TIPS,FALSE,Thoroughbred,1,6,BACK,WIN,$3.60,6. Ace Queen Suited,2,,259250269,98710569,8,0,5.62,-2.00,-2.00,0.00
Terry Leighton,20/06/2026,Belmont,EXPERT TIPS,FALSE,Thoroughbred,1,10,BACK,WIN,$5.50,10. In Good Nicc,1,,259250269,99732730,8,1,6.4,4.97,4.97,0.00
Terry Leighton,20/06/2026,Belmont,EXPERT TIPS,FALSE,Thoroughbred,3,6,BACK,WIN,$4.20,6. Eternal Wine,2,,259250287,94921403,8,0,5.62,-2.00,-2.00,0.00
Terry Leighton,20/06/2026,Belmont,EXPERT TIPS,FALSE,Thoroughbred,4,11,BACK,WIN,$4.50,11. Think Pink Daze,2,,259250296,86822131,8,0,7,-2.00,-2.00,0.00
Terry Leighton,20/06/2026,Belmont,EXPERT TIPS,FALSE,Thoroughbred,4,8,BACK,WIN,$4.50,8. Special Counsel,2,,259250296,99732738,8,0,11.79,-2.00,-2.00,0.00
Terry Leighton,20/06/2026,Belmont,EXPERT TIPS,FALSE,Thoroughbred,5,9,BACK,WIN,$3.80,9. Atlantic Spirit,2,,259250305,68123679,8,0,6.96,-2.00,-2.00,0.00
Terry Leighton,20/06/2026,Belmont,EXPERT TIPS,FALSE,Thoroughbred,5,10,BACK,WIN,$6.50,10. Baby Pearl,1,,259250305,99732743,8,1,6.2,4.78,0.00,0.00
Terry Leighton,20/06/2026,Belmont,EXPERT TIPS,FALSE,Thoroughbred,6,14,BACK,WIN,$3.35,14. Brazen Butcher,3,,259250314,82538643,8,0,4.04,-3.00,-3.00,0.00
Terry Leighton,20/06/2026,Belmont,EXPERT TIPS,FALSE,Thoroughbred,7,15,BACK,WIN,$4.40,15. Like Clockwork,2,,259250323,5370535,8,0,6,-2.00,-2.00,0.00
Terry Leighton,20/06/2026,Belmont,EXPERT TIPS,FALSE,Thoroughbred,7,11,BACK,WIN,$8.00,11. Prince Of Dala,1,,259250323,99732755,8,0,14,-1.00,-1.00,0.00
Terry Leighton,20/06/2026,Belmont,EXPERT TIPS,FALSE,Thoroughbred,8,7,BACK,WIN,$9.70,7. Cold Shizzle,1,,259250332,45737840,8,0,29,-1.00,-1.00,0.00
Terry Leighton,20/06/2026,Belmont,EXPERT TIPS,FALSE,Thoroughbred,8,7,BACK,PLACE,$9.70,7. Cold Shizzle,1,,259250333,45737840,8,0,3.97,-1.00,0.00,0.00
Trent Crebbin,20/06/2026,Flemington,EXPERT TIPS,FALSE,Thoroughbred,2,1,BACK,WIN,$2.50,1. Decalogue,3,BEST BET,259245095,95514261,8,1,4.03,8.36,8.36,8.36
Jackson Oldham,20/06/2026,Flemington,EXPERT TIPS,FALSE,Thoroughbred,4,4,LAY,WIN,$5.00,4. Choir Point ,2,BEST BET,259245113,99731737,8,0,4.82,0.48,0.48,0.48
Jackson Oldham,20/06/2026,Flemington,EXPERT TIPS,FALSE,Thoroughbred,5,8,BACK,WIN,$2.15,8. Ten Commandments ,2,BEST BET,259245122,56873018,8,1,2.31,2.41,2.41,2.41
Trent Crebbin,20/06/2026,Flemington,EXPERT TIPS,FALSE,Thoroughbred,6,4,BACK,WIN,$8.00,4. Its A Knockout,1,,259245131,99731748,8,0,10.64,-1.00,-1.00,0.00
Trent Crebbin,20/06/2026,Flemington,EXPERT TIPS,FALSE,Thoroughbred,7,4,BACK,WIN,$3.50,4. Losesomewinmore,2,,259245140,87165050,8,0,3.93,-2.00,-2.00,0.00
Nick Noonan,20/06/2026,Flemington,EXPERT TIPS,FALSE,Thoroughbred,7,7,BACK,WIN,,4. Losesomewinmore,1,,259245140,87165050,8,0,3.93,-1.00,-1.00,0.00
Nick Noonan,20/06/2026,Flemington,EXPERT TIPS,FALSE,Thoroughbred,8,12,BACK,WIN,,12. Seafall,1,,259245149,64205968,8,1,6.8,5.34,5.34,0.00
Nick Noonan,20/06/2026,Flemington,EXPERT TIPS,FALSE,Thoroughbred,9,8,BACK,WIN,,8. Paddypie,1,,259245158,99731758,8,0,3.05,-1.00,-1.00,0.00
Trent Crebbin,20/06/2026,Ipswich,EXPERT TIPS,FALSE,Thoroughbred,6,1,BACK,WIN,$3.75,1. Navy Pilot,1,,259244224,2979960,8,0,7.41,-1.00,-1.00,0.00
Trent Crebbin,20/06/2026,Ipswich,EXPERT TIPS,FALSE,Thoroughbred,6,14,BACK,WIN,$17.00,14. Scrumptious,1,,259244224,99731794,8,0,76.13,-1.00,-1.00,0.00
Trent Crebbin,20/06/2026,Ipswich,EXPERT TIPS,FALSE,Thoroughbred,6,14,BACK,PLACE,$17.00,14. Scrumptious,1,,259244225,99731794,8,0,11.82,-1.00,0.00,0.00
Will Norman,20/06/2026,Menangle,EXPERT TIPS,FALSE,Harness,1,2,BACK,WIN,$4.00,2. Huta,1,,259279073,65789509,8,0,4.14,-1.00,-1.00,0.00
Will Norman,20/06/2026,Menangle,EXPERT TIPS,FALSE,Harness,3,1,LAY,WIN,$8.00,1. Soho Americano,1,,259279079,81780426,8,0,8.39,0.12,0.00,0.00
Will Norman,20/06/2026,Menangle,EXPERT TIPS,FALSE,Harness,4,7,BACK,WIN,$2.50,7. The Niteshift,2,BEST BET,259279082,99658943,8,1,2,1.84,0.00,1.84
Will Norman,20/06/2026,Menangle,EXPERT TIPS,FALSE,Harness,8,9,BACK,WIN,$2.70,9. Hilldale Hilton,1,,259279094,99658951,8,1,3.76,2.54,2.54,0.00
Lachlan Mosley,20/06/2026,Morphettville,EXPERT TIPS,FALSE,Thoroughbred,5,5,BACK,WIN,,5. Garcon Renard ,2,,259243555,84107487,8,0,5.8,-2.00,-2.00,0.00
Lachlan Mosley,20/06/2026,Morphettville,EXPERT TIPS,FALSE,Thoroughbred,5,5,BACK,PLACE,,5. Garcon Renard ,2,,259243556,84107487,8,0,2.2,-2.00,-2.00,0.00
Lachlan Mosley,20/06/2026,Morphettville,EXPERT TIPS,FALSE,Thoroughbred,6,12,BACK,WIN,,12. No Mans Land ,2,,259243565,6273350,8,0,6.33,-2.00,-2.00,0.00
Lachlan Mosley,20/06/2026,Morphettville,EXPERT TIPS,FALSE,Thoroughbred,6,12,BACK,PLACE,,12. No Mans Land ,2,,259243566,6273350,8,0,2.72,-2.00,-2.00,0.00
Lachlan Mosley,20/06/2026,Morphettville,EXPERT TIPS,FALSE,Thoroughbred,8,8,BACK,WIN,,8. Mesrour ,1,,259243583,80362459,8,0,9.8,-1.00,-1.00,0.00
Lachlan Mosley,20/06/2026,Morphettville,EXPERT TIPS,FALSE,Thoroughbred,8,8,BACK,PLACE,,8. Mesrour ,1,,259243584,80362459,8,0,3.72,-1.00,-1.00,0.00
Lachlan Mosley,20/06/2026,Morphettville,EXPERT TIPS,FALSE,Thoroughbred,9,1,BACK,WIN,,1. Miso,2,,259243592,51295200,8,0,11.7,-2.00,-2.00,0.00
Lachlan Mosley,20/06/2026,Morphettville,EXPERT TIPS,FALSE,Thoroughbred,9,2,BACK,WIN,,2. Free Beer ,1,,259243592,4256479,8,0,13.5,-1.00,-1.00,0.00
Mitch Lewis,20/06/2026,Randwick,EXPERT TIPS,FALSE,Thoroughbred,2,8,BACK,WIN,$3.00,8. Perfect Justice,3,BEST BET,259243312,1017942,10,0,3,-3.00,-3.00,-3.00
Mitch Lewis,20/06/2026,Randwick,EXPERT TIPS,FALSE,Thoroughbred,5,1,BACK,WIN,$8.00,1. Bravissima,1,,259243339,4355654,10,0,16.5,-1.00,-1.00,0.00
Mitch Lewis,20/06/2026,Randwick,EXPERT TIPS,FALSE,Thoroughbred,5,1,BACK,PLACE,$8.00,1. Bravissima,1,,259243340,4355654,10,0,3.23,-1.00,0.00,0.00
Mitch Lewis,20/06/2026,Randwick,EXPERT TIPS,FALSE,Thoroughbred,8,2,LAY,WIN,$7.50,2. Bustling,1,BEST BET,259243366,3711079,10,0,5.5,0.20,0.20,0.20
Mitch Lewis,20/06/2026,Randwick,EXPERT TIPS,FALSE,Thoroughbred,9,12,BACK,WIN,$3.00,12. Midnight Dynamite,2,,259243375,99731693,10,1,3.14,3.85,3.85,0.00
Ryan Spice,20/06/2026,Redcliffe,EXPERT TIPS,FALSE,Harness,1,8,BACK,PLACE,$3.00,8. Fire Raiser,2,,259279409,83902923,8,0,7.03,-2.00,-2.00,0.00
Ryan Spice,20/06/2026,Redcliffe,EXPERT TIPS,FALSE,Harness,10,2,BACK,WIN,$1.30,2. Double It Harry,5,BEST BET,259279440,81565930,8,1,1.18,0.83,0.00,0.83
Ryan Spice,20/06/2026,Redcliffe,EXPERT TIPS,FALSE,Harness,3,4,BACK,WIN,$1.50,4. Greased Lightnin,5,BEST BET,259279414,91115805,8,0,1.59,-5.00,-5.00,-5.00
Ryan Spice,20/06/2026,Redcliffe,EXPERT TIPS,FALSE,Harness,5,11,BACK,WIN,$4.00,11. Alwaysbjoy,2,,259279422,99666235,8,0,6.23,-2.00,-2.00,0.00
Ryan Spice,20/06/2026,Redcliffe,EXPERT TIPS,FALSE,Harness,6,9,BACK,WIN,$5.00,9. Nymbal,2,,259279426,99253160,8,1,15.08,25.91,25.91,0.00
Ryan Spice,20/06/2026,Redcliffe,EXPERT TIPS,FALSE,Harness,7,1,BACK,WIN,$1.60,1. Cool And Classy,4,,259279429,72592817,8,1,1.44,1.62,0.00,0.00
Ryan Spice,20/06/2026,Redcliffe,EXPERT TIPS,FALSE,Harness,9,7,BACK,PLACE,$2.00,7. Two Ticks,2,,259279438,6084234,8,1,1.9,1.66,0.00,0.00
Rory Flanagan,20/06/2026,Royal Ascot,EXPERT TIPS,TRUE,Thoroughbred,1,3,BACK,WIN,,Carry The Flag,4,,259278477,62913058,6,0,4.3,-4.00,-4.00,0.00
Rory Flanagan,20/06/2026,Royal Ascot,EXPERT TIPS,TRUE,Thoroughbred,2,6,BACK,WIN,,Jan Brueghel,3,,259278485,44868,6,0,9.33,-3.00,-3.00,0.00
Rory Flanagan,20/06/2026,Royal Ascot,EXPERT TIPS,TRUE,Thoroughbred,2,3,BACK,WIN,,Ethical Diamond,1,,259278485,54746210,6,0,10.93,-1.00,-1.00,0.00
Rory Flanagan,20/06/2026,Royal Ascot,EXPERT TIPS,TRUE,Thoroughbred,3,17,BACK,WIN,,Joliestar,4,,259278493,53373587,6,0,3.5,-4.00,-4.00,0.00
Rory Flanagan,20/06/2026,Royal Ascot,EXPERT TIPS,TRUE,Thoroughbred,3,14,BACK,WIN,,Satono Reve,2,,259278493,46362041,6,0,3.39,-2.00,-2.00,0.00
Rory Flanagan,20/06/2026,Royal Ascot,EXPERT TIPS,TRUE,Thoroughbred,4,7,BACK,WIN,,Catullus,2,,259278501,68152,6,0,15.31,-2.00,-2.00,0.00
Rory Flanagan,20/06/2026,Royal Ascot,EXPERT TIPS,TRUE,Thoroughbred,4,9,BACK,WIN,,Into The Sky,1,,259278501,28261794,6,0,6.6,-1.00,-1.00,0.00
Rory Flanagan,20/06/2026,Royal Ascot,EXPERT TIPS,TRUE,Thoroughbred,5,4,BACK,WIN,,Double Rush,3,,259278509,38925288,6,1,8.29,20.56,20.56,0.00
Rory Flanagan,20/06/2026,Royal Ascot,EXPERT TIPS,TRUE,Thoroughbred,6,12,BACK,WIN,,Lost Boys,5,BEST BET,259278525,87177913,6,1,3.24,10.53,10.53,10.53
Rory Flanagan,20/06/2026,Royal Ascot,EXPERT TIPS,TRUE,Thoroughbred,7,9,BACK,WIN,,Le Destrier,3,,259278518,48291580,6,0,4.8,-3.00,-3.00,0.00
Rory Flanagan,20/06/2026,Royal Ascot,EXPERT TIPS,TRUE,Thoroughbred,7,6,BACK,WIN,,French Master,1,,259278518,9057,6,0,15.7,-1.00,-1.00,0.00
Stephen Christie,21/06/2026,Hobart,EXPERT TIPS,FALSE,Thoroughbred,1,3,BACK,WIN,$4.00,3. Called Through,2,,259280673,91692341,8,0,3.65,-2.00,0.00,0.00
Stephen Christie,21/06/2026,Hobart,EXPERT TIPS,FALSE,Thoroughbred,2,5,BACK,WIN,$3.80,5. Gold Armour,2,,259280679,99731426,8,0,7.5,-2.00,-2.00,0.00
Stephen Christie,21/06/2026,Hobart,EXPERT TIPS,FALSE,Thoroughbred,3,10,BACK,WIN,$3.50,10. Vabuiagi ,1,,259280685,91692340,8,0,11.77,-1.00,-1.00,0.00
Stephen Christie,21/06/2026,Hobart,EXPERT TIPS,FALSE,Thoroughbred,4,7,BACK,WIN,$5.00,7. Bella Chinkara,2,,259280691,84431524,8,0,9.6,-2.00,-2.00,0.00
Stephen Christie,21/06/2026,Hobart,EXPERT TIPS,FALSE,Thoroughbred,4,7,BACK,PLACE,$5.00,7. Bella Chinkara,2,,259280692,84431524,8,0,3.07,-2.00,0.00,0.00
Stephen Christie,21/06/2026,Hobart,EXPERT TIPS,FALSE,Thoroughbred,6,8,BACK,WIN,$6.50,8. Hububbajahn,2,,259280703,76246215,8,0,11,-2.00,-2.00,0.00
Stephen Christie,21/06/2026,Hobart,EXPERT TIPS,FALSE,Thoroughbred,6,8,BACK,PLACE,$6.50,8. Hububbajahn,2,,259280704,76246215,8,1,3.7,4.97,0.00,0.00
Stephen Christie,21/06/2026,Hobart,EXPERT TIPS,FALSE,Thoroughbred,7,11,BACK,WIN,$6.50,11. Purr Sefanee,1,,259280709,85778570,8,0,14,-1.00,-1.00,0.00
Stephen Christie,21/06/2026,Hobart,EXPERT TIPS,FALSE,Thoroughbred,8,1,BACK,WIN,$3.75,1. In The Ocean,1,,259280715,72642074,8,0,6.15,-1.00,-1.00,0.00
Stephen Christie,21/06/2026,Hobart,EXPERT TIPS,FALSE,Thoroughbred,8,15,BACK,WIN,$7.50,15. Tassie Power,1,,259280715,99731452,8,0,5.67,-1.00,0.00,0.00
Stephen Christie,21/06/2026,Hobart,EXPERT TIPS,FALSE,Thoroughbred,9,3,BACK,WIN,$3.25,3. Flying Billie,1,,259280721,50880951,8,0,2.74,-1.00,0.00,0.00
Stephen Christie,21/06/2026,Hobart,EXPERT TIPS,FALSE,Thoroughbred,9,11,BACK,WIN,$6.80,11. Araya Sunshine,1,,259280721,71903761,8,0,12.5,-1.00,-1.00,0.00
Braden Howlett,21/06/2026,Launceston,EXPERT TIPS,FALSE,Harness,1,1,BACK,WIN,$2.20,1. PREPARATION,2,,259323935,6297636,8,0,2.51,-2.00,-2.00,0.00
Braden Howlett,21/06/2026,Launceston,EXPERT TIPS,FALSE,Harness,10,1,BACK,WIN,$2.50,1. KEEPERS IDEAL,3,BEST BET,259323953,70387664,8,0,4.77,-3.00,-3.00,-3.00
Braden Howlett,21/06/2026,Launceston,EXPERT TIPS,FALSE,Harness,2,1,BACK,WIN,$2.40,1. HAVEYOUMETMAYNARD,3,,259323937,98937378,8,1,2.12,3.09,0.00,0.00
Braden Howlett,21/06/2026,Launceston,EXPERT TIPS,FALSE,Harness,2,5,BACK,WIN,$2.40,5. PETERS THE DREAM,1,,259323937,99694139,8,0,6.9,-1.00,-1.00,0.00
Braden Howlett,21/06/2026,Launceston,EXPERT TIPS,FALSE,Harness,3,1,BACK,WIN,$3.50,1. GLENVIEW LANIKAI,1,,259323939,82592288,8,0,5.88,-1.00,-1.00,0.00
Braden Howlett,21/06/2026,Launceston,EXPERT TIPS,FALSE,Harness,4,1,BACK,WIN,$2.50,1. ZIHUATANEJO,3,,259323941,99694143,8,0,1.74,-3.00,0.00,0.00
Braden Howlett,21/06/2026,Launceston,EXPERT TIPS,FALSE,Harness,5,7,BACK,WIN,$3.00,7. SHES ALLABOUTLUV,3,,259323943,89110900,8,1,2.92,5.30,0.00,0.00
Braden Howlett,21/06/2026,Launceston,EXPERT TIPS,FALSE,Harness,5,3,BACK,WIN,$4.50,3. SABINE,1,,259323943,80067166,8,0,4.12,-1.00,0.00,0.00
Braden Howlett,21/06/2026,Launceston,EXPERT TIPS,FALSE,Harness,6,8,BACK,WIN,$8.00,8. SWEET AMOUR,1,,259323945,57115834,8,0,15.21,-1.00,-1.00,0.00
Braden Howlett,21/06/2026,Launceston,EXPERT TIPS,FALSE,Harness,6,8,BACK,PLACE,$8.00,8. SWEET AMOUR,1,,259323946,57115834,8,0,3.75,-1.00,0.00,0.00
Braden Howlett,21/06/2026,Launceston,EXPERT TIPS,FALSE,Harness,7,10,BACK,WIN,$3.50,10. IMPERIAL SANZ,2,,259323947,75061220,8,1,4.3,6.07,6.07,0.00
Braden Howlett,21/06/2026,Launceston,EXPERT TIPS,FALSE,Harness,8,10,BACK,WIN,$7.00,10. ASTORMZABREWEN,1,,259323949,99694157,8,0,19.5,-1.00,-1.00,0.00
Braden Howlett,21/06/2026,Launceston,EXPERT TIPS,FALSE,Harness,9,8,BACK,WIN,$2.50,8. CUZZY BRO,2,,259323951,6587682,8,0,3.73,-2.00,-2.00,0.00
Brett & Darren Carroll,20/06/2026,Melton,EXPERT TIPS,FALSE,Harness,4,6,BACK,WIN,$1.70,6. Most Exciting,3,BEST BET,259279197,99172393,8,0,1.27,-3.00,0.00,-3.00
Brett & Darren Carroll,20/06/2026,Melton,EXPERT TIPS,FALSE,Harness,9,6,BACK,WIN,$1.80,6. Vytis,2,,259279212,1103499,8,1,1.56,1.03,0.00,0.00
Brett & Darren Carroll,22/06/2026,Horsham,EXPERT TIPS,FALSE,Harness,5,1,BACK,WIN,$2.40,1. Imallattitude,2,,259345547,97243230,8,0,3.94,-2.00,-2.00,0.00
Brett & Darren Carroll,22/06/2026,Horsham,EXPERT TIPS,FALSE,Harness,7,7,BACK,WIN,$2.80,7. Blackrange Glory,2,,259345551,47872256,8,0,3.74,-2.00,-2.00,0.00
Brett & Darren Carroll,22/06/2026,Horsham,EXPERT TIPS,FALSE,Harness,8,11,BACK,WIN,$1.90,11. Black Opal Jack,3,BEST BET,259345553,82311250,8,0,2.22,-3.00,-3.00,-3.00
Scott Hill,22/06/2026,Pinjarra,EXPERT TIPS,FALSE,Harness,2,2,BACK,WIN,$1.40,2. Scandaleyes ,5,BEST BET,259343532,99783286,8,1,1.7,3.22,3.22,3.22
Scott Hill,22/06/2026,Pinjarra,EXPERT TIPS,FALSE,Harness,3,5,BACK,WIN,$1.50,5. Ekara Navajo,3,,259343534,49349993,8,0,1.95,-3.00,-3.00,0.00
Scott Hill,22/06/2026,Pinjarra,EXPERT TIPS,FALSE,Harness,5,12,BACK,WIN,$2.00,12. Major Disco,3,,259343538,99783289,8,0,2.76,-3.00,-3.00,0.00
Scott Hill,22/06/2026,Pinjarra,EXPERT TIPS,FALSE,Harness,8,9,BACK,WIN,$1.85,9. Swizzlestick,3,,259343544,53727806,8,0,3.1,-3.00,-3.00,0.00
Scott Hill,22/06/2026,Pinjarra,EXPERT TIPS,FALSE,Harness,9,7,LAY,WIN,$3.00,7. From Tigerland ,3,,259343546,96794024,8,0,3.25,1.23,0.00,0.00
Michael Tye,22/06/2026,Sandown Park,EXPERT TIPS,FALSE,Greyhounds,1,5,BACK,WIN,$1.70,5. Mepunga Rocket ,2,,259346929,99809857,8,0,1.18,-2.00,0.00,0.00
Michael Tye,22/06/2026,Sandown Park,EXPERT TIPS,FALSE,Greyhounds,3,6,BACK,WIN,$3.85,6. Victory Barry ,2,,259346939,94061437,8,0,5.45,-2.00,-2.00,0.00
Michael Tye,22/06/2026,Sandown Park,EXPERT TIPS,FALSE,Greyhounds,5,7,BACK,WIN,$4.60,7. Gorringe ,2,,259346949,88290488,8,0,12.83,-2.00,-2.00,0.00
Michael Tye,22/06/2026,Sandown Park,EXPERT TIPS,FALSE,Greyhounds,6,3,BACK,WIN,$2.00,3. So He Thinks ,3,BEST BET,259346954,91531339,8,1,2.54,4.25,4.25,4.25
Michael Tye,22/06/2026,Sandown Park,EXPERT TIPS,FALSE,Greyhounds,8,7,LAY,WIN,$3.65,7. Vincent Bale ,2,BEST BET,259346964,65757178,8,0,2.92,0.96,0.96,0.96
Michael Tye,22/06/2026,Sandown Park,EXPERT TIPS,FALSE,Greyhounds,9,1,LAY,WIN,$3.25,1. Full Noise ,2,,259346969,3661303,8,0,2.24,1.48,1.48,0.00
Ryan Spice,23/06/2026,Albion Park,EXPERT TIPS,FALSE,Harness,1,5,BACK,WIN,$1.50,5. Havtimemajor,3,BEST BET,259352186,99782238,8,1,1.05,0.14,0.00,0.14
Ryan Spice,23/06/2026,Albion Park,EXPERT TIPS,FALSE,Harness,5,6,BACK,WIN,$4.00,6. Pocket Book,1,,259352194,28708215,8,0,4.72,-1.00,-1.00,0.00
Ryan Spice,23/06/2026,Albion Park,EXPERT TIPS,FALSE,Harness,7,3,BACK,WIN,$1.30,3. Zeus Lightning,5,BEST BET,259352198,88612583,8,1,1.07,0.32,0.00,0.32
Ryan Spice,23/06/2026,Albion Park,EXPERT TIPS,FALSE,Harness,8,8,BACK,WIN,$1.80,8. Ohoka Dream,2,,259352200,99782242,8,1,1.48,0.88,0.00,0.00
Jackson Oldham,23/06/2026,Echuca,EXPERT TIPS,FALSE,Thoroughbred,3,3,BACK,WIN,$2.00,3. Signed For,2,BEST BET,259346875,99809482,8,0,2.91,-2.00,-2.00,-2.00
Jackson Oldham,23/06/2026,Echuca,EXPERT TIPS,FALSE,Thoroughbred,3,7,LAY,WIN,$11.00,7. Cabaret Queen,2,BEST BET,259346875,99809483,8,0,15.93,0.12,0.00,0.12
Scott Hill,23/06/2026,Gloucester Park,EXPERT TIPS,FALSE,Harness,1,5,BACK,WIN,$2.20,5. GameTime ,2,,259352203,37261719,8,1,3.61,4.80,4.80,0.00
Scott Hill,23/06/2026,Gloucester Park,EXPERT TIPS,FALSE,Harness,2,4,BACK,WIN,$3.30,4. Frankensteinsbride,1,,259352206,63335832,8,1,3.87,2.64,2.64,0.00
Scott Hill,23/06/2026,Gloucester Park,EXPERT TIPS,FALSE,Harness,3,5,BACK,WIN,$2.80,5. Alfa Jess,1,,259352209,99782175,8,0,2.68,-1.00,0.00,0.00
Scott Hill,23/06/2026,Gloucester Park,EXPERT TIPS,FALSE,Harness,4,2,BACK,WIN,$2.00,2. Miss Vincenza ,2,,259352212,69110537,8,0,1.67,-2.00,0.00,0.00
Scott Hill,23/06/2026,Gloucester Park,EXPERT TIPS,FALSE,Harness,5,8,LAY,WIN,$3.00,8. Rakero Raider ,3,,259352215,68385523,8,0,2.82,1.52,1.52,0.00
Scott Hill,23/06/2026,Gloucester Park,EXPERT TIPS,FALSE,Harness,8,5,BACK,WIN,$1.50,5. Dawson Shard ,5,BEST BET,259352224,49950480,8,0,2.35,-5.00,-5.00,-5.00
Will Norman,23/06/2026,Menangle,EXPERT TIPS,FALSE,Harness,1,5,LAY,WIN,$6.00,5. Tarentaise,1,,259352117,66582736,8,0,4.3,0.28,0.28,0.00
Will Norman,23/06/2026,Menangle,EXPERT TIPS,FALSE,Harness,5,7,BACK,WIN,$1.80,7. Agentofgoodintent,2,BEST BET,259352129,90288967,8,0,2.26,-2.00,-2.00,-2.00
Will Norman,23/06/2026,Menangle,EXPERT TIPS,FALSE,Harness,6,6,BACK,WIN,$3.00,6. Lils Nightmare,1,,259352132,45874980,8,0,1.82,-1.00,0.00,0.00
Will Norman,23/06/2026,Menangle,EXPERT TIPS,FALSE,Harness,7,2,LAY,WIN,$3.50,2. Luv The Nitelife,1,,259352135,99782170,8,0,5.7,0.20,0.00,0.00
Brett & Darren Carroll,23/06/2026,Shepparton,EXPERT TIPS,FALSE,Harness,1,9,BACK,WIN,$1.90,9. Flight Loutenant,1,,259352169,96750330,8,0,3.5,-1.00,-1.00,0.00
Brett & Darren Carroll,23/06/2026,Shepparton,EXPERT TIPS,FALSE,Harness,2,1,BACK,WIN,$2.00,1. Major Eastwood,2,,259352171,99771291,8,1,3.94,5.41,5.41,0.00
Brett & Darren Carroll,23/06/2026,Shepparton,EXPERT TIPS,FALSE,Harness,3,9,BACK,WIN,$1.90,9. Co Captain,2,BEST BET,259352173,94099280,8,0,1.63,-2.00,0.00,-2.00
Brett & Darren Carroll,23/06/2026,Shepparton,EXPERT TIPS,FALSE,Harness,5,8,BACK,WIN,$2.40,8. Very Tempting,1,,259352177,48489630,8,0,2.47,-1.00,-1.00,0.00
Brett & Darren Carroll,24/06/2026,Bendigo,EXPERT TIPS,FALSE,Harness,10,8,BACK,WIN,$2.50,8. Ripping Ronaldo,1,,259372930,99810554,8,0,6.63,-1.00,-1.00,0.00
Brett & Darren Carroll,24/06/2026,Bendigo,EXPERT TIPS,FALSE,Harness,7,9,BACK,WIN,$2.00,9. Watch Your Back,3,BEST BET,259372923,68570321,8,1,4.8,10.49,10.49,10.49
Michael Tye,24/06/2026,The Meadows,EXPERT TIPS,FALSE,Greyhounds,4,1,BACK,WIN,$2.75,1. Wyong Houston,1,,259374022,83120422,8,0,3.21,-1.00,-1.00,0.00
Michael Tye,24/06/2026,The Meadows,EXPERT TIPS,FALSE,Greyhounds,5,5,BACK,WIN,$1.65,5. Impetuously ,2,,259374027,98960778,8,1,1.24,0.44,0.00,0.00
Michael Tye,24/06/2026,The Meadows,EXPERT TIPS,FALSE,Greyhounds,7,2,BACK,WIN,$2.45,2. Socialism,2,BEST BET,259374037,96495528,8,0,2.18,-2.00,0.00,-2.00
Michael Tye,24/06/2026,The Meadows,EXPERT TIPS,FALSE,Greyhounds,8,6,LAY,WIN,$5.00,6. Victory Exam ,2,BEST BET,259374042,92162577,8,0,6.66,0.33,0.00,0.33
Mitch Lewis,24/06/2026,Warwick Farm,EXPERT TIPS,FALSE,Thoroughbred,3,1,LAY,WIN,$4.00,1. Crossways,1,BEST BET,259370307,99919431,10,0,4.6,0.25,0.00,0.25
Mitch Lewis,24/06/2026,Warwick Farm,EXPERT TIPS,FALSE,Thoroughbred,5,6,BACK,WIN,$3.00,6. Mrs Maree,3,BEST BET,259370325,97416831,10,1,7.6,17.82,17.82,17.82
Mitch Lewis,24/06/2026,Warwick Farm,EXPERT TIPS,FALSE,Thoroughbred,6,13,BACK,WIN,$3.50,13. Airworthy,2,,259370334,99919451,10,0,5.74,-2.00,-2.00,0.00
Brett & Darren Carroll,25/06/2026,Ballarat,EXPERT TIPS,FALSE,Harness,3,8,BACK,WIN,$2.50,8. Blue Miki,1,,259422694,87988640,8,0,8.8,-1.00,-1.00,0.00
Brett & Darren Carroll,25/06/2026,Ballarat,EXPERT TIPS,FALSE,Harness,7,4,BACK,WIN,$1.70,4. Reign Em In,3,BEST BET,259422702,50663449,8,1,1.23,0.63,0.00,0.63
Jackson Oldham,25/06/2026,Bendigo,EXPERT TIPS,FALSE,Thoroughbred,3,7,BACK,WIN,$3.66,7. Iberian Lynx,1,BEST BET,259398035,99951942,8,0,3.53,-1.00,0.00,-1.00
Michael Tye,25/06/2026,Sandown Park,EXPERT TIPS,FALSE,Greyhounds,1,1,BACK,WIN,$3.35,1. Tandanya ,3,,259423423,96999219,8,0,4.98,-3.00,-3.00,0.00
Michael Tye,25/06/2026,Sandown Park,EXPERT TIPS,FALSE,Greyhounds,10,2,LAY,WIN,$3.25,2. Sweet Bee,2,BEST BET,259423468,41163873,8,0,2.25,1.47,1.47,1.47
Michael Tye,25/06/2026,Sandown Park,EXPERT TIPS,FALSE,Greyhounds,11,8,LAY,WIN,$2.25,8. Mepunga Turbo ,2,,259423473,99931358,8,0,1.82,2.24,2.24,0.00
Michael Tye,25/06/2026,Sandown Park,EXPERT TIPS,FALSE,Greyhounds,2,1,BACK,WIN,$2.50,1. Phantom Quartz ,3,,259423428,99399302,8,1,2.14,3.15,0.00,0.00
Michael Tye,25/06/2026,Sandown Park,EXPERT TIPS,FALSE,Greyhounds,3,8,BACK,WIN,$1.60,8. Mepunga Phantom,3,,259423433,99931354,8,0,7.25,-3.00,-3.00,0.00
Michael Tye,25/06/2026,Sandown Park,EXPERT TIPS,FALSE,Greyhounds,4,8,BACK,WIN,$3.15,8. Tripped Out ,2,,259423438,96913992,8,1,4.97,7.30,7.30,0.00
Michael Tye,25/06/2026,Sandown Park,EXPERT TIPS,FALSE,Greyhounds,8,1,BACK,WIN,$1.55,1. Paw Oswald ,2,,259423458,72990310,8,1,1.29,0.53,0.00,0.00
Lachlan Mosley,26/06/2026,Balaklava,EXPERT TIPS,FALSE,Thoroughbred,4,9,BACK,WIN,,9. Star Serpent ,2,,259424547,99919590,8,0,7,-2.00,-2.00,0.00
Lachlan Mosley,26/06/2026,Balaklava,EXPERT TIPS,FALSE,Thoroughbred,4,9,BACK,PLACE,,9. Star Serpent ,2,,259424548,99919590,8,0,2.12,-2.00,-2.00,0.00
Lachlan Mosley,26/06/2026,Balaklava,EXPERT TIPS,FALSE,Thoroughbred,5,10,BACK,WIN,,10. Prancing Fool,2,,259424553,99919593,8,0,10,-2.00,-2.00,0.00
Lachlan Mosley,26/06/2026,Balaklava,EXPERT TIPS,FALSE,Thoroughbred,5,10,BACK,PLACE,,10. Prancing Fool,2,,259424554,99919593,8,1,2.47,2.70,2.70,0.00
Lachlan Mosley,26/06/2026,Balaklava,EXPERT TIPS,FALSE,Thoroughbred,7,2,BACK,WIN,,2. Silver Chaos ,3,BEST BET,259424565,77082631,8,0,2.68,-3.00,-3.00,-3.00
Michael Tye,26/06/2026,Bendigo,EXPERT TIPS,FALSE,Greyhounds,1,5,BACK,WIN,$2.40,5. Torpedo Giblet ,2,,259458226,99984468,8,0,3.78,-2.00,-2.00,0.00
Michael Tye,26/06/2026,Bendigo,EXPERT TIPS,FALSE,Greyhounds,11,2,BACK,WIN,$2.75,2. Paw Vada ,3,BEST BET,259458276,82788589,8,1,2.63,4.50,0.00,4.50
Michael Tye,26/06/2026,Bendigo,EXPERT TIPS,FALSE,Greyhounds,3,8,BACK,WIN,$4.00,8. Go Home Girl ,2,,259458236,99984479,8,0,3.26,-2.00,0.00,0.00
Michael Tye,26/06/2026,Bendigo,EXPERT TIPS,FALSE,Greyhounds,4,7,LAY,WIN,$4.85,7. Daddy Cool ,2,,259458241,82579903,8,1,3.8,-2.00,-2.00,0.00
Michael Tye,26/06/2026,Bendigo,EXPERT TIPS,FALSE,Greyhounds,5,2,BACK,WIN,$8.00,2. Sir Dodge ,2,,259458246,73644535,8,0,14.86,-2.00,-2.00,0.00
Michael Tye,26/06/2026,Bendigo,EXPERT TIPS,FALSE,Greyhounds,6,2,LAY,WIN,$4.50,2. Elite One ,2,BEST BET,259458251,2315756,8,0,3.56,0.72,0.72,0.72
Michael Tye,26/06/2026,Bendigo,EXPERT TIPS,FALSE,Greyhounds,9,1,LAY,WIN,$5.00,1. Paw Danger ,1,,259458266,95579536,8,1,2.76,-1.00,-1.00,0.00
Scott Hill,26/06/2026,Gloucester Park,EXPERT TIPS,FALSE,Harness,1,2,BACK,WIN,$1.80,2. Charivari,2,,259456620,99981007,8,0,2.02,-2.00,-2.00,0.00
Scott Hill,26/06/2026,Gloucester Park,EXPERT TIPS,FALSE,Harness,2,1,LAY,WIN,$4.40,1. TheLittle master,3,,259456623,75765272,8,1,4.76,-3.00,0.00,0.00
Scott Hill,26/06/2026,Gloucester Park,EXPERT TIPS,FALSE,Harness,3,2,BACK,WIN,$3.00,2. Ultimate Miki,1,,259456626,88043227,8,0,4.4,-1.00,-1.00,0.00
Scott Hill,26/06/2026,Gloucester Park,EXPERT TIPS,FALSE,Harness,4,4,BACK,WIN,$2.00,4. Sweet Pins,3,BEST BET,259456629,90230340,8,1,2.6,4.42,4.42,4.42
Brett & Darren Carroll,26/06/2026,Melton,EXPERT TIPS,FALSE,Harness,1,6,BACK,WIN,$1.50,6. Banos,3,BEST BET,259454822,99952590,8,0,1.23,-3.00,0.00,-3.00
Brett & Darren Carroll,26/06/2026,Melton,EXPERT TIPS,FALSE,Harness,5,3,BACK,WIN,$3.50,3. Met With A Shrug,1,,259454834,99952604,8,0,14.25,-1.00,-1.00,0.00
Brett & Darren Carroll,26/06/2026,Melton,EXPERT TIPS,FALSE,Harness,7,5,BACK,WIN,$1.60,5. Phoenix Rex,1,,259454840,99952608,8,1,1.67,0.62,0.62,0.00
Will Norman,26/06/2026,Newcastle,EXPERT TIPS,FALSE,Harness,2,4,BACK,WIN,$2.10,4. Major Icon,2,,259452394,46969175,8,0,3.39,-2.00,-2.00,0.00
Will Norman,26/06/2026,Newcastle,EXPERT TIPS,FALSE,Harness,3,9,BACK,PLACE,$2.50,9. Radiant Amber,1,,259452398,2520285,8,1,1.93,0.86,0.00,0.00
Will Norman,26/06/2026,Newcastle,EXPERT TIPS,FALSE,Harness,6,4,BACK,WIN,$1.60,4. Conciliate,2,BEST BET,259452406,5725872,8,0,1.78,-2.00,-2.00,-2.00
Ryan Spice,27/06/2026,Albion Park,EXPERT TIPS,FALSE,Harness,1,8,BACK,PLACE,$3.00,8. Call To Order,3,,259480938,1332567,8,1,3.88,7.95,7.95,0.00
Ryan Spice,27/06/2026,Albion Park,EXPERT TIPS,FALSE,Harness,2,8,BACK,PLACE,$2.50,8. Braventreacherous,3,,259480941,87095972,8,1,2.2,3.31,0.00,0.00
Ryan Spice,27/06/2026,Albion Park,EXPERT TIPS,FALSE,Harness,3,1,BACK,PLACE,$3.00,1. Betterthan Popsy,2,,259480944,40718023,8,0,1.85,-2.00,0.00,0.00
Ryan Spice,27/06/2026,Albion Park,EXPERT TIPS,FALSE,Harness,4,3,BACK,WIN,$2.50,3. Cool And CLassy,3,,259480946,67909036,8,1,1.89,2.46,0.00,0.00
Ryan Spice,27/06/2026,Albion Park,EXPERT TIPS,FALSE,Harness,5,3,BACK,WIN,$1.80,3. Tokyo Rose,3,,259480949,60452806,8,0,1.64,-3.00,0.00,0.00
Ryan Spice,27/06/2026,Albion Park,EXPERT TIPS,FALSE,Harness,7,8,BACK,PLACE,$2.00,8. Showmethetanlines,3,,259480956,94228019,8,1,2.25,3.45,3.45,0.00
Terry Leighton,27/06/2026,Belmont,EXPERT TIPS,FALSE,Thoroughbred,3,7,BACK,WIN,$3.10,7. Yorga Pride,2,,259430881,99984499,8,0,4.89,-2.00,-2.00,0.00
Terry Leighton,27/06/2026,Belmont,EXPERT TIPS,FALSE,Thoroughbred,3,9,BACK,WIN,$7.50,9. Eliteone,1,,259430881,72642863,8,0,13.09,-1.00,-1.00,0.00
Terry Leighton,27/06/2026,Belmont,EXPERT TIPS,FALSE,Thoroughbred,4,9,BACK,WIN,$11.00,9. Get Out Mick,1,,259430890,85251257,8,0,42,-1.00,-1.00,0.00
Terry Leighton,27/06/2026,Belmont,EXPERT TIPS,FALSE,Thoroughbred,4,9,BACK,PLACE,$11.00,9. Get Out Mick,1,,259430891,85251257,8,1,5.2,3.86,0.00,0.00
Terry Leighton,27/06/2026,Belmont,EXPERT TIPS,FALSE,Thoroughbred,6,5,BACK,WIN,$2.10,5. Antique Queen,4,BEST BET,259430908,68416636,8,0,2.75,-4.00,-4.00,-4.00
Terry Leighton,27/06/2026,Belmont,EXPERT TIPS,FALSE,Thoroughbred,7,13,BACK,WIN,$2.80,13. With Discretion,3,,259430917,87769001,8,0,6.68,-3.00,-3.00,0.00
Terry Leighton,27/06/2026,Belmont,EXPERT TIPS,FALSE,Thoroughbred,8,7,BACK,WIN,$2.00,7. Correct Choice,3,BEST BET,259430926,64163962,8,1,2.4,3.86,3.86,3.86
Terry Leighton,27/06/2026,Belmont,EXPERT TIPS,FALSE,Thoroughbred,8,3,BACK,WIN,$4.90,3. Battle Commander,2,BEST BET,259430926,27346971,8,0,6.8,-2.00,-2.00,-2.00
Trent Crebbin,27/06/2026,Caulfield,EXPERT TIPS,FALSE,Thoroughbred,2,4,BACK,WIN,$5.00,4. Takeko,1,,259424285,79803144,8,0,9.6,-1.00,-1.00,0.00
Nick Noonan,27/06/2026,Caulfield,EXPERT TIPS,FALSE,Thoroughbred,2,12,BACK,WIN,,12. Next Step Iowa,1,,259424285,92504748,8,0,3.17,-1.00,-1.00,0.00
Nick Noonan,27/06/2026,Caulfield,EXPERT TIPS,FALSE,Thoroughbred,3,6,BACK,WIN,,6. Our Justify ,1,,259424294,99983784,8,0,14.5,-1.00,-1.00,0.00
Trent Crebbin,27/06/2026,Caulfield,EXPERT TIPS,FALSE,Thoroughbred,4,5,BACK,WIN,$3.50,5. Skippers Canyon,2,,259424303,4587938,8,0,5.79,-2.00,-2.00,0.00
Nick Noonan,27/06/2026,Caulfield,EXPERT TIPS,FALSE,Thoroughbred,5,6,BACK,WIN,,6. Nellie Leylax,2,,259424312,95919186,8,1,6.41,9.95,9.95,0.00
Trent Crebbin,27/06/2026,Caulfield,EXPERT TIPS,FALSE,Thoroughbred,6,11,BACK,WIN,$8.00,11. Fly By Light,1,,259424321,99983798,8,0,15.5,-1.00,-1.00,0.00
Jackson Oldham,27/06/2026,Caulfield,EXPERT TIPS,FALSE,Thoroughbred,6,13,BACK,WIN,$3.00,13. Set Me Loose,2,BEST BET,259424321,99983799,8,0,3.7,-2.00,-2.00,-2.00
Nick Noonan,27/06/2026,Caulfield,EXPERT TIPS,FALSE,Thoroughbred,6,12,BACK,WIN,,12. Satin Diva ,1,,259424321,85778518,8,0,13.89,-1.00,-1.00,0.00
Trent Crebbin,27/06/2026,Caulfield,EXPERT TIPS,FALSE,Thoroughbred,7,15,BACK,WIN,$3.50,15. Madiyya,3,BEST BET,259424330,99983811,8,0,3.91,-3.00,-3.00,-3.00
Trent Crebbin,27/06/2026,Caulfield,EXPERT TIPS,FALSE,Thoroughbred,9,4,BACK,WIN,$4.50,4. Winnasedge,1,,259424348,73443632,8,1,4.57,3.28,3.28,0.00
Trent Crebbin,27/06/2026,Caulfield,EXPERT TIPS,FALSE,Thoroughbred,9,11,BACK,WIN,$9.00,11. Naval Academy,1,,259424348,90181269,8,0,11.76,-1.00,-1.00,0.00
Rory Flanagan,27/06/2026,Curragh,EXPERT TIPS,TRUE,Thoroughbred,3,4,BACK,WIN,,Rion Rubette,2,,259459308,71446751,6,0,13.37,-2.00,-2.00,0.00
Rory Flanagan,27/06/2026,Curragh,EXPERT TIPS,TRUE,Thoroughbred,3,11,BACK,WIN,,Meriden,2,,259459308,5483354,6,1,5.3,8.08,8.08,0.00
Rory Flanagan,27/06/2026,Curragh,EXPERT TIPS,TRUE,Thoroughbred,4,7,BACK,WIN,,Sun Goddess,5,BEST BET,259459315,6491522,6,1,1.37,1.74,1.74,1.74
Rory Flanagan,27/06/2026,Curragh,EXPERT TIPS,TRUE,Thoroughbred,5,2,BACK,WIN,,Estrange,2,,259459322,73000140,6,1,2.54,2.90,2.90,0.00
Rory Flanagan,27/06/2026,Curragh,EXPERT TIPS,TRUE,Thoroughbred,7,11,BACK,WIN,,The Pipers Call,2,,259459336,84381870,6,0,3.89,-2.00,-2.00,0.00
Rory Flanagan,27/06/2026,Curragh,EXPERT TIPS,TRUE,Thoroughbred,7,14,BACK,WIN,,Real Encounter,1,,259459336,86034529,6,0,4.41,-1.00,-1.00,0.00
Rory Flanagan,27/06/2026,Curragh,EXPERT TIPS,TRUE,Thoroughbred,8,7,BACK,WIN,,Starborn Legend,3,,259459349,99152308,6,0,5.9,-3.00,-3.00,0.00
Trent Crebbin,27/06/2026,Eagle Farm,EXPERT TIPS,FALSE,Thoroughbred,7,2,BACK,WIN,$2.00,2. Sun God,3,,259431939,83903671,8,1,2.45,4.00,4.00,0.00
Tom Haylock,27/06/2026,Eagle Farm,EXPERT TIPS,FALSE,Thoroughbred,7,2,BACK,WIN,$1.90,2. Sun God,4,BEST BET,259431939,83903671,8,1,2.45,5.34,5.34,5.34
Trent Crebbin,27/06/2026,Eagle Farm,EXPERT TIPS,FALSE,Thoroughbred,8,6,BACK,WIN,$4.50,6. Gerringong,1,,259431948,89018383,8,0,4.9,-1.00,-1.00,0.00
Brett & Darren Carroll,27/06/2026,Melton,EXPERT TIPS,FALSE,Harness,6,8,BACK,WIN,$1.70,8. Hoppy,4,BEST BET,259475174,69830048,8,1,2.5,5.52,5.52,5.52
Will Norman,27/06/2026,Menangle,EXPERT TIPS,FALSE,Harness,1,8,BACK,WIN,$4.00,8. Nocturnal,1,,259478368,12781292,8,1,3.21,2.03,0.00,0.00
Will Norman,27/06/2026,Menangle,EXPERT TIPS,FALSE,Harness,4,1,LAY,WIN,$7.00,1. Mike Ross,1,,259478377,68827028,8,0,9.65,0.11,0.00,0.00
Will Norman,27/06/2026,Menangle,EXPERT TIPS,FALSE,Harness,6,7,BACK,WIN,$2.00,7. Ubetcha Tigerpie,1,,259478383,54635785,8,0,2.07,-1.00,-1.00,0.00
Will Norman,27/06/2026,Menangle,EXPERT TIPS,FALSE,Harness,7,9,LAY,WIN,$4.50,9. Isla Rochelle,1,,259478386,92118507,8,1,3.22,-1.00,-1.00,0.00
Will Norman,27/06/2026,Menangle,EXPERT TIPS,FALSE,Harness,9,8,BACK,WIN,$2.20,8. No Notthebuttons,2,BEST BET,259478392,88652087,8,1,2.84,3.39,3.39,3.39
Lachlan Mosley,27/06/2026,Morphettville,EXPERT TIPS,FALSE,Thoroughbred,1,7,BACK,WIN,,7. Empire Grace ,1,,259424358,89059914,8,0,13.5,-1.00,-1.00,0.00
Lachlan Mosley,27/06/2026,Morphettville,EXPERT TIPS,FALSE,Thoroughbred,1,7,BACK,PLACE,,7. Empire Grace ,1,,259424359,89059914,8,0,3.35,-1.00,-1.00,0.00
Lachlan Mosley,27/06/2026,Morphettville,EXPERT TIPS,FALSE,Thoroughbred,2,5,BACK,WIN,,5. Mystic Wonder ,2,,259424367,83641888,8,0,6.27,-2.00,-2.00,0.00
Lachlan Mosley,27/06/2026,Morphettville,EXPERT TIPS,FALSE,Thoroughbred,2,5,BACK,PLACE,,5. Mystic Wonder ,2,,259424368,83641888,8,1,2.35,2.48,2.48,0.00
Lachlan Mosley,27/06/2026,Morphettville,EXPERT TIPS,FALSE,Thoroughbred,4,7,BACK,WIN,,7. Pure Bliss ,1,,259424385,6187343,8,0,36,-1.00,-1.00,0.00
Lachlan Mosley,27/06/2026,Morphettville,EXPERT TIPS,FALSE,Thoroughbred,4,7,BACK,PLACE,,7. Pure Bliss ,1,,259424386,6187343,8,0,5.9,-1.00,-1.00,0.00
Lachlan Mosley,27/06/2026,Morphettville,EXPERT TIPS,FALSE,Thoroughbred,5,3,BACK,WIN,,3. Power Plan,1,,259424394,99982910,8,0,48,-1.00,-1.00,0.00
Lachlan Mosley,27/06/2026,Morphettville,EXPERT TIPS,FALSE,Thoroughbred,5,3,BACK,PLACE,,3. Power Plan,1,,259424395,99982910,8,0,8.4,-1.00,-1.00,0.00
Lachlan Mosley,27/06/2026,Morphettville,EXPERT TIPS,FALSE,Thoroughbred,6,8,BACK,WIN,,8. Live Forever ,1,,259424403,95022662,8,0,18.17,-1.00,-1.00,0.00
Lachlan Mosley,27/06/2026,Morphettville,EXPERT TIPS,FALSE,Thoroughbred,6,8,BACK,PLACE,,8. Live Forever ,1,,259424404,95022662,8,0,3.56,-1.00,-1.00,0.00
Lachlan Mosley,27/06/2026,Morphettville,EXPERT TIPS,FALSE,Thoroughbred,7,4,BACK,WIN,,4. Anotherhouse ,2,,259424412,62355453,8,0,6.2,-2.00,-2.00,0.00
Lachlan Mosley,27/06/2026,Morphettville,EXPERT TIPS,FALSE,Thoroughbred,9,15,BACK,WIN,,15. Torrita,2,,259424430,99982945,8,0,13.5,-2.00,-2.00,0.00
Lachlan Mosley,27/06/2026,Morphettville,EXPERT TIPS,FALSE,Thoroughbred,9,15,BACK,PLACE,,15. Torrita,2,,259424431,99982945,8,0,3.74,-2.00,-2.00,0.00
Mitch Lewis,27/06/2026,Rosehill,EXPERT TIPS,FALSE,Thoroughbred,10,9,LAY,WIN,$9.00,9. Mawjood,1,BEST BET,259424680,82344965,10,0,15.5,0.06,0.00,0.06
Mitch Lewis,27/06/2026,Rosehill,EXPERT TIPS,FALSE,Thoroughbred,3,6,BACK,WIN,$8.00,6. All The Way Mae,1,,259424617,9335579,10,0,10.5,-1.00,-1.00,0.00
Mitch Lewis,27/06/2026,Rosehill,EXPERT TIPS,FALSE,Thoroughbred,3,6,BACK,PLACE,$8.00,6. All The Way Mae,1,,259424618,9335579,10,0,2.96,-1.00,0.00,0.00
Mitch Lewis,27/06/2026,Rosehill,EXPERT TIPS,FALSE,Thoroughbred,4,6,BACK,WIN,$3.00,6. Tarzing,3,BEST BET,259424626,92784104,10,1,4.47,9.37,9.37,9.37
Mitch Lewis,27/06/2026,Rosehill,EXPERT TIPS,FALSE,Thoroughbred,5,2,BACK,WIN,$10.00,2. Flying Embers,1,,259424635,93026140,10,0,18.17,-1.00,-1.00,0.00
Mitch Lewis,27/06/2026,Rosehill,EXPERT TIPS,FALSE,Thoroughbred,5,2,BACK,PLACE,$10.00,2. Flying Embers,1,,259424636,93026140,10,0,6.2,-1.00,0.00,0.00
Mitch Lewis,27/06/2026,Rosehill,EXPERT TIPS,FALSE,Thoroughbred,9,14,BACK,WIN,$4.00,14. Sanctified,2,,259424671,99983095,10,0,3.78,-2.00,0.00,0.00
Brett & Darren Carroll,28/06/2026,Cranbourne,EXPERT TIPS,FALSE,Harness,2,7,BACK,WIN,$1.90,7. Bettor Punter,2,,259533724,96566313,8,1,1.98,1.80,1.80,0.00
Brett & Darren Carroll,28/06/2026,Cranbourne,EXPERT TIPS,FALSE,Harness,3,6,BACK,WIN,$1.50,6. Remembrance Time,3,BEST BET,259533726,99984134,8,0,1.21,-3.00,0.00,-3.00
Brett & Darren Carroll,28/06/2026,Cranbourne,EXPERT TIPS,FALSE,Harness,4,2,BACK,WIN,$2.50,2. Aspen Belle,1,,259533728,99984137,8,0,37.46,-1.00,-1.00,0.00
Rory Flanagan,28/06/2026,Curragh,EXPERT TIPS,TRUE,Thoroughbred,2,10,BACK,WIN,,Red Evolution,1,,259486797,69684423,6,0,10.75,-1.00,-1.00,0.00
Rory Flanagan,28/06/2026,Curragh,EXPERT TIPS,TRUE,Thoroughbred,3,1,BACK,WIN,,Big Gossey,2,,259486806,26451320,6,1,3.65,4.98,4.98,0.00
Rory Flanagan,28/06/2026,Curragh,EXPERT TIPS,TRUE,Thoroughbred,5,3,BACK,WIN,,Purview ,5,BEST BET,259486820,76676755,6,1,2.17,5.50,5.50,5.50
Rory Flanagan,28/06/2026,Curragh,EXPERT TIPS,TRUE,Thoroughbred,6,1,LAY,WIN,,Alcantor,4,,259486826,56256375,6,0,2.99,1.89,1.89,0.00
Rory Flanagan,28/06/2026,Curragh,EXPERT TIPS,TRUE,Thoroughbred,7,2,BACK,WIN,,Benvenuto Cellini,4,,259486833,39255894,6,1,3.45,9.21,9.21,0.00
Rory Flanagan,28/06/2026,Curragh,EXPERT TIPS,TRUE,Thoroughbred,8,8,BACK,WIN,,Rolltight,1,,259486840,84993359,6,0,6.6,-1.00,-1.00,0.00
Rory Flanagan,28/06/2026,Curragh,EXPERT TIPS,TRUE,Thoroughbred,8,8,BACK,PLACE,,Rolltight,1,,259486842,84993359,6,0,2.14,-1.00,-1.00,0.00
Rory Flanagan,28/06/2026,Curragh,EXPERT TIPS,TRUE,Thoroughbred,9,11,BACK,WIN,,Obscenity,2,,259486849,87429187,6,0,5.2,-2.00,-2.00,0.00
Rory Flanagan,28/06/2026,Curragh,EXPERT TIPS,TRUE,Thoroughbred,9,7,BACK,WIN,,Factual Fact,1,,259486849,53727779,6,0,6.4,-1.00,-1.00,0.00
Stephen Christie,28/06/2026,Devonport,EXPERT TIPS,FALSE,Thoroughbred,1,5,BACK,WIN,$7.50,5. Last Tremble,1,,259477366,99982982,8,0,11.5,-1.00,-1.00,0.00
Stephen Christie,28/06/2026,Devonport,EXPERT TIPS,FALSE,Thoroughbred,2,3,BACK,WIN,$12.00,3. Cool As You,1,,259477372,98959664,8,0,17.77,-1.00,-1.00,0.00
Stephen Christie,28/06/2026,Devonport,EXPERT TIPS,FALSE,Thoroughbred,2,3,BACK,PLACE,$12.00,3. Cool As You,1,,259477373,98959664,8,0,3.01,-1.00,0.00,0.00
Stephen Christie,28/06/2026,Devonport,EXPERT TIPS,FALSE,Thoroughbred,3,1,BACK,WIN,$2.80,1. Turbo Chook ,2,,259477378,89017651,8,0,2.47,-2.00,0.00,0.00
Stephen Christie,28/06/2026,Devonport,EXPERT TIPS,FALSE,Thoroughbred,4,2,BACK,WIN,$2.75,2. Its Jagger Time,2,,259477384,96938970,8,1,2.08,1.99,0.00,0.00
Stephen Christie,28/06/2026,Devonport,EXPERT TIPS,FALSE,Thoroughbred,5,4,BACK,WIN,$2.20,4. Houlihan,2,,259477390,99982992,8,0,3.27,-2.00,-2.00,0.00
Stephen Christie,28/06/2026,Devonport,EXPERT TIPS,FALSE,Thoroughbred,6,5,BACK,WIN,$2.75,5. Billie The Great ,2,,259477396,75354785,8,0,3.68,-2.00,-2.00,0.00
Stephen Christie,28/06/2026,Devonport,EXPERT TIPS,FALSE,Thoroughbred,7,5,BACK,WIN,$3.75,5. Tikken,2,,259477402,73792882,8,0,4.12,-2.00,-2.00,0.00
Stephen Christie,28/06/2026,Devonport,EXPERT TIPS,FALSE,Thoroughbred,7,2,BACK,WIN,$5.50,2. Tuskegee,1,,259477402,1508181,8,0,8.4,-1.00,-1.00,0.00
Stephen Christie,28/06/2026,Devonport,EXPERT TIPS,FALSE,Thoroughbred,8,4,BACK,WIN,$6.50,4. Tideford,1,,259477408,67894581,8,0,21.33,-1.00,-1.00,0.00
Braden Howlett,28/06/2026,Hobart,EXPERT TIPS,FALSE,Harness,1,8,BACK,WIN,$5.00,8. OH NO NEVER AGAIN,2,,259530059,80026682,8,0,9.57,-2.00,-2.00,0.00
Braden Howlett,28/06/2026,Hobart,EXPERT TIPS,FALSE,Harness,2,2,BACK,WIN,$2.80,2. WAVES OF CHANCE,3,,259530061,96149106,8,1,2.62,4.47,0.00,0.00
Braden Howlett,28/06/2026,Hobart,EXPERT TIPS,FALSE,Harness,3,6,BACK,WIN,$4.50,6. CENTURIAN MISS,2,,259530063,541345,8,1,6.41,9.95,9.95,0.00
Braden Howlett,28/06/2026,Hobart,EXPERT TIPS,FALSE,Harness,4,8,BACK,WIN,$4.00,8. MISS COLLANN,2,,259530065,67328252,8,0,14.19,-2.00,-2.00,0.00
Braden Howlett,28/06/2026,Hobart,EXPERT TIPS,FALSE,Harness,5,1,BACK,WIN,$1.40,1. AFFAMATO,4,,259530067,99954387,8,1,1.23,0.85,0.00,0.00
Braden Howlett,28/06/2026,Hobart,EXPERT TIPS,FALSE,Harness,6,4,BACK,WIN,$1.20,4. BANJO STAR,5,,259530069,99954388,8,1,1.04,0.18,0.00,0.00
Braden Howlett,28/06/2026,Hobart,EXPERT TIPS,FALSE,Harness,7,4,BACK,WIN,$1.04,4. AUSTON,5,BEST BET,259530071,99954391,8,1,1.02,0.09,0.00,0.09
Brett & Darren Carroll,29/06/2026,Maryborough,EXPERT TIPS,FALSE,Harness,3,7,BACK,WIN,$2.00,7. Five Cent,2,,259538151,96938764,8,0,9,-2.00,-2.00,0.00
Brett & Darren Carroll,29/06/2026,Maryborough,EXPERT TIPS,FALSE,Harness,7,3,BACK,WIN,$2.00,3. Imallattitude,3,BEST BET,259538159,87510931,8,0,3.47,-3.00,-3.00,-3.00
Scott Hill,29/06/2026,Pinjarra,EXPERT TIPS,FALSE,Harness,4,2,BACK,WIN,$2.00,2. Lady Of Leith ,2,,259538643,93876692,8,0,2.65,-2.00,-2.00,0.00
Scott Hill,29/06/2026,Pinjarra,EXPERT TIPS,FALSE,Harness,5,1,BACK,WIN,$3.30,1. Visiting Hours ,1,,259538645,69175031,8,0,7.42,-1.00,-1.00,0.00
Scott Hill,29/06/2026,Pinjarra,EXPERT TIPS,FALSE,Harness,6,1,BACK,WIN,$2.00,1. Oakley,2,,259538647,89592832,8,0,2.48,-2.00,-2.00,0.00
Scott Hill,29/06/2026,Pinjarra,EXPERT TIPS,FALSE,Harness,7,5,BACK,WIN,$6.50,5. Stormyskyes,1,,259538649,27483260,8,0,12.82,-1.00,-1.00,0.00
Scott Hill,29/06/2026,Pinjarra,EXPERT TIPS,FALSE,Harness,7,1,LAY,WIN,$3.00,1. ISeeubaby,3,,259538649,70611468,8,0,2.68,1.64,1.64,0.00
Scott Hill,29/06/2026,Pinjarra,EXPERT TIPS,FALSE,Harness,8,10,BACK,WIN,$8.00,10. Master Remi,1,,259538651,58919447,8,0,15.21,-1.00,-1.00,0.00
Michael Tye,29/06/2026,Sandown Park,EXPERT TIPS,FALSE,Greyhounds,1,1,BACK,WIN,$2.00,1. Refuted ,2,,259555513,100049717,8,1,1.7,1.29,0.00,0.00
Michael Tye,29/06/2026,Sandown Park,EXPERT TIPS,FALSE,Greyhounds,3,7,BACK,WIN,$2.85,7. Dusen Luna ,2,,259555523,98709310,8,0,5,-2.00,-2.00,0.00
Michael Tye,29/06/2026,Sandown Park,EXPERT TIPS,FALSE,Greyhounds,4,8,BACK,WIN,$4.40,8. Aston Teresa,2,,259555528,78000210,8,0,4.07,-2.00,0.00,0.00
Michael Tye,29/06/2026,Sandown Park,EXPERT TIPS,FALSE,Greyhounds,6,2,BACK,WIN,$8.00,2. Turn Up Turbo ,2,,259555538,91808667,8,0,11.5,-2.00,-2.00,0.00
Michael Tye,29/06/2026,Sandown Park,EXPERT TIPS,FALSE,Greyhounds,6,4,BACK,WIN,$8.50,4. Paw Bennett ,1,,259555538,86390158,8,0,10.5,-1.00,-1.00,0.00
Michael Tye,29/06/2026,Sandown Park,EXPERT TIPS,FALSE,Greyhounds,7,7,BACK,WIN,$4.00,7. Gorringe ,2,BEST BET,259555543,88290488,8,0,5.2,-2.00,-2.00,-2.00
Michael Tye,29/06/2026,Sandown Park,EXPERT TIPS,FALSE,Greyhounds,7,1,LAY,WIN,$3.85,1. Hey Presto ,2,BEST BET,259555543,77614407,8,1,3.89,-2.00,0.00,-2.00
Ryan Spice,30/06/2026,Albion Park,EXPERT TIPS,FALSE,Harness,1,4,BACK,WIN,$1.50,4. Iconic Image,3,BEST BET,259572685,86285494,8,1,1.64,1.77,1.77,1.77
Ryan Spice,30/06/2026,Albion Park,EXPERT TIPS,FALSE,Harness,4,4,BACK,WIN,$2.20,4. Red Bull Bernie,2,,259572691,86669923,8,1,2.52,2.80,2.80,0.00
Ryan Spice,30/06/2026,Albion Park,EXPERT TIPS,FALSE,Harness,5,5,BACK,WIN,$5.00,5. Oyster Stride,1,,259572693,11282315,8,0,5.93,-1.00,-1.00,0.00
Jackson Oldham,30/06/2026,Ballarat,EXPERT TIPS,FALSE,Thoroughbred,3,11,BACK,WIN,$2.40,11. Orchid Sky,2,BEST BET,259538878,100049803,8,0,3.31,-2.00,-2.00,-2.00
Jackson Oldham,30/06/2026,Ballarat,EXPERT TIPS,FALSE,Thoroughbred,4,4,LAY,WIN,$5.00,4. Pantoja,2,BEST BET,259538886,75392994,8,0,4.37,0.55,0.55,0.55
Scott Hill,30/06/2026,Gloucester Park,EXPERT TIPS,FALSE,Harness,1,3,BACK,WIN,$2.20,3. Synchronizer,2,,259572716,57819767,8,0,2.02,-2.00,0.00,0.00
Scott Hill,30/06/2026,Gloucester Park,EXPERT TIPS,FALSE,Harness,3,1,BACK,WIN,$1.65,1. Alfa Jess,3,BEST BET,259572722,82131456,8,0,2.12,-3.00,-3.00,-3.00
Scott Hill,30/06/2026,Gloucester Park,EXPERT TIPS,FALSE,Harness,5,7,BACK,WIN,$10.00,7. Sound Wave ,1,,259572728,190692,8,0,20.72,-1.00,-1.00,0.00
Scott Hill,30/06/2026,Gloucester Park,EXPERT TIPS,FALSE,Harness,6,2,LAY,WIN,$2.20,2. Full Swing Denario,3,,259572731,67832471,8,0,1.67,4.12,4.12,0.00
Scott Hill,30/06/2026,Gloucester Park,EXPERT TIPS,FALSE,Harness,7,1,BACK,WIN,$4.00,1. Expressing ,1,,259572734,97762498,8,0,8.36,-1.00,-1.00,0.00
Will Norman,30/06/2026,Menangle,EXPERT TIPS,FALSE,Harness,1,6,BACK,WIN,$2.00,6. Frankythefrenchman,2,BEST BET,259572622,62789664,8,1,1.62,1.14,0.00,1.14
Brett & Darren Carroll,30/06/2026,Shepparton,EXPERT TIPS,FALSE,Harness,3,5,BACK,WIN,$2.00,5. Arraps,2,,259572675,37513369,8,0,2.55,-2.00,-2.00,0.00
Brett & Darren Carroll,30/06/2026,Shepparton,EXPERT TIPS,FALSE,Harness,4,6,BACK,WIN,$2.00,6. The Trawler,3,BEST BET,259572677,93574576,8,1,1.9,2.48,0.00,2.48
Brett & Darren Carroll,30/06/2026,Shepparton,EXPERT TIPS,FALSE,Harness,6,2,BACK,WIN,$2.40,2. Bossalini,1,,259572681,100020277,8,0,3.45,-1.00,-1.00,0.00
