Tipster_Name,MeetingDate,TrackName,Content,International_Meeting,Racing_Code,Race,Selection,BettingStrategy,MarketType,RP,SelectionName,Stake,BestBet,Market_ID,Selection_ID,MBR,RESULT,BSP,PROFIT_BSP,PROFIT_BSP_RP,PROFIT_BESTBET
Brett & Darren Carroll,1/07/2026,Bendigo,EXPERT TIPS,FALSE,Harness,3,8,BACK,WIN,$2.00,8. Little Miss Morgan,2,,259604330,89709485,8,1,4.21,5.91,5.91,0.00
Brett & Darren Carroll,1/07/2026,Bendigo,EXPERT TIPS,FALSE,Harness,4,2,BACK,WIN,$2.20,2. Cool Story,2,,259604332,100050177,8,1,3.17,3.99,3.99,0.00
Brett & Darren Carroll,1/07/2026,Bendigo,EXPERT TIPS,FALSE,Harness,5,9,BACK,WIN,$1.40,9. My Ultimate Barney,4,BEST BET,259604334,92996505,8,1,1.06,0.22,0.00,0.22
Mitch Lewis,1/07/2026,Randwick,EXPERT TIPS,FALSE,Thoroughbred,3,3,BACK,WIN,$3.00,3. Ballpark,2,,259574130,98240990,10,1,2.5,2.70,0.00,0.00
Mitch Lewis,1/07/2026,Randwick,EXPERT TIPS,FALSE,Thoroughbred,5,8,LAY,WIN,$8.50,8. Perfect Picture,1,BEST BET,259574148,7296602,10,0,21.7,0.04,0.00,0.04
Mitch Lewis,1/07/2026,Randwick,EXPERT TIPS,FALSE,Thoroughbred,7,1,BACK,WIN,$3.00,1. Huon,3,BEST BET,259574166,56807291,10,1,2.98,5.35,0.00,5.35
Jackson Oldham,1/07/2026,Sandown,EXPERT TIPS,FALSE,Thoroughbred,2,2,BACK,WIN,$2.80,2. Off Their Perch,1,BEST BET,259574183,100164890,8,0,2.71,-1.00,0.00,-1.00
Jackson Oldham,1/07/2026,Sandown,EXPERT TIPS,FALSE,Thoroughbred,6,13,LAY,WIN,$5.90,13. Cinturato,2,BEST BET,259574219,100164910,8,0,5.62,0.40,0.40,0.40
Michael Tye,1/07/2026,The Meadows,EXPERT TIPS,FALSE,Greyhounds,1,7,BACK,WIN,$2.00,7. Coin Flip ,3,,259600456,98644438,8,0,1.99,-3.00,0.00,0.00
Michael Tye,1/07/2026,The Meadows,EXPERT TIPS,FALSE,Greyhounds,10,7,LAY,WIN,$4.00,7. Cheeky Meeki ,2,BEST BET,259600501,97694148,8,0,4.03,0.61,0.00,0.61
Michael Tye,1/07/2026,The Meadows,EXPERT TIPS,FALSE,Greyhounds,3,7,BACK,WIN,$6.75,7. Romantic Red ,2,,259600466,74079999,8,0,14.5,-2.00,-2.00,0.00
Michael Tye,1/07/2026,The Meadows,EXPERT TIPS,FALSE,Greyhounds,4,4,BACK,WIN,$2.90,4. Blink And Miss ,3,BEST BET,259600471,100165967,8,1,5.64,12.81,12.81,12.81
Michael Tye,1/07/2026,The Meadows,EXPERT TIPS,FALSE,Greyhounds,6,1,LAY,WIN,$6.75,1. Ripper Rae ,1,,259600481,98961623,8,0,10,0.10,0.00,0.00
Michael Tye,1/07/2026,The Meadows,EXPERT TIPS,FALSE,Greyhounds,9,5,BACK,WIN,$2.00,5. My Mate Leo ,2,,259600496,92677476,8,1,1.96,1.77,0.00,0.00
Mitch Lewis,2/07/2026,Hawkesbury,EXPERT TIPS,FALSE,Thoroughbred,5,6,BACK,WIN,$3.00,6. Seven Days,3,BEST BET,259601883,8960158,10,0,4.03,-3.00,-3.00,-3.00
Mitch Lewis,2/07/2026,Hawkesbury,EXPERT TIPS,FALSE,Thoroughbred,6,2,BACK,WIN,$2.50,2. Funshow,2,,259601886,98735000,10,1,4,5.40,5.40,0.00
Brett & Darren Carroll,2/07/2026,Kilmore,EXPERT TIPS,FALSE,Harness,1,8,BACK,WIN,$2.40,8. Dona Amalia,2,,259636368,59620561,8,0,3.3,-2.00,-2.00,0.00
Brett & Darren Carroll,2/07/2026,Kilmore,EXPERT TIPS,FALSE,Harness,3,9,BACK,WIN,$1.80,9. Covered In Gold,3,BEST BET,259636372,90189695,8,1,2.05,2.90,2.90,2.90
Brett & Darren Carroll,2/07/2026,Kilmore,EXPERT TIPS,FALSE,Harness,4,1,BACK,WIN,$2.00,1. Alloa,3,,259636374,100179389,8,1,2.99,5.49,5.49,0.00
Brett & Darren Carroll,2/07/2026,Kilmore,EXPERT TIPS,FALSE,Harness,5,2,BACK,WIN,$1.50,2. Bungy,3,,259636376,7373418,8,1,1.64,1.77,1.77,0.00
Michael Tye,2/07/2026,Sandown Park,EXPERT TIPS,FALSE,Greyhounds,1,1,BACK,PLACE,$1.38,1. Mister Rico ,2,,259636613,100166062,8,1,1.24,0.44,0.00,0.00
Michael Tye,2/07/2026,Sandown Park,EXPERT TIPS,FALSE,Greyhounds,2,2,BACK,WIN,$3.15,2. Tandanya ,3,BEST BET,259636617,100166064,8,0,4.2,-3.00,-3.00,-3.00
Michael Tye,2/07/2026,Sandown Park,EXPERT TIPS,FALSE,Greyhounds,3,7,BACK,WIN,$3.35,7. Wonderful Work ,2,,259636622,98961639,8,0,3.45,-2.00,-2.00,0.00
Michael Tye,2/07/2026,Sandown Park,EXPERT TIPS,FALSE,Greyhounds,4,1,BACK,WIN,$1.26,1. Dramatical ,3,,259636627,94410177,8,1,1.25,0.69,0.00,0.00
Michael Tye,2/07/2026,Sandown Park,EXPERT TIPS,FALSE,Greyhounds,6,6,BACK,WIN,$4.00,6. Avengement ,2,,259636637,88301885,8,0,4.6,-2.00,-2.00,0.00
Michael Tye,2/07/2026,Sandown Park,EXPERT TIPS,FALSE,Greyhounds,6,2,LAY,WIN,$2.40,2. Paw Oswald ,2,BEST BET,259636637,72642116,8,0,2.26,1.46,1.46,1.46
Michael Tye,2/07/2026,Sandown Park,EXPERT TIPS,FALSE,Greyhounds,8,7,BACK,WIN,$3.35,7. Tripped Out ,2,,259636647,91808148,8,0,3.74,-2.00,-2.00,0.00
Michael Tye,3/07/2026,Bendigo,EXPERT TIPS,FALSE,Greyhounds,2,7,BACK,WIN,$1.50,7. Canya Talk Now ,4,BEST BET,259669934,100233367,8,1,1.62,2.28,2.28,2.28
Michael Tye,3/07/2026,Bendigo,EXPERT TIPS,FALSE,Greyhounds,3,8,BACK,WIN,$4.40,8. Kris Bar Imogen ,1,,259669939,99495487,8,0,4.28,-1.00,0.00,0.00
Michael Tye,3/07/2026,Bendigo,EXPERT TIPS,FALSE,Greyhounds,5,3,BACK,WIN,$3.00,3. Aston Gozo,2,,259669949,68674764,8,0,2.66,-2.00,0.00,0.00
Michael Tye,3/07/2026,Bendigo,EXPERT TIPS,FALSE,Greyhounds,7,4,LAY,WIN,$4.40,4. Flying Maverick ,2,,259669959,92418363,8,0,3.47,0.74,0.74,0.00
Michael Tye,3/07/2026,Bendigo,EXPERT TIPS,FALSE,Greyhounds,8,8,BACK,WIN,$2.00,8. Aston Aquitaine ,3,,259669964,99172135,8,1,1.79,2.18,0.00,0.00
Michael Tye,3/07/2026,Bendigo,EXPERT TIPS,FALSE,Greyhounds,9,3,LAY,WIN,$3.40,3. Deep State ,2,BEST BET,259669969,91873771,8,0,2.42,1.30,1.30,1.30
Scott Hill,3/07/2026,Gloucester Park,EXPERT TIPS,FALSE,Harness,1,3,BACK,WIN,$4.00,3. Stormyskyes,1,,259669074,27408239,8,0,8.11,-1.00,-1.00,0.00
Scott Hill,3/07/2026,Gloucester Park,EXPERT TIPS,FALSE,Harness,10,2,LAY,PLACE,$2.50,2. Stirup Iron Jack ,3,,259669102,41840452,8,1,2.62,-3.00,0.00,0.00
Scott Hill,3/07/2026,Gloucester Park,EXPERT TIPS,FALSE,Harness,2,3,BACK,WIN,$3.00,3. Beyond The Sea ,1,,259669077,40198182,8,0,1.99,-1.00,0.00,0.00
Scott Hill,3/07/2026,Gloucester Park,EXPERT TIPS,FALSE,Harness,3,3,BACK,WIN,$3.30,3. Sweet Coco,1,,259669080,70933890,8,0,6.42,-1.00,-1.00,0.00
Scott Hill,3/07/2026,Gloucester Park,EXPERT TIPS,FALSE,Harness,4,5,BACK,WIN,$1.65,5. Bettors Pride,3,BEST BET,259669083,90762757,8,1,2.18,3.26,3.26,3.26
Scott Hill,3/07/2026,Gloucester Park,EXPERT TIPS,FALSE,Harness,8,3,BACK,WIN,$2.00,3. Flyin Disco,3,,259669095,53651544,8,0,2.83,-3.00,-3.00,0.00
Brett & Darren Carroll,3/07/2026,Mildura,EXPERT TIPS,FALSE,Harness,4,3,BACK,WIN,$1.90,3. Miss Nashville,1,,259665275,100231092,8,1,1.48,0.44,0.00,0.00
Brett & Darren Carroll,3/07/2026,Mildura,EXPERT TIPS,FALSE,Harness,6,5,BACK,WIN,$2.00,5. Sneaky Philtra,2,BEST BET,259665279,71981385,8,0,2.53,-2.00,-2.00,-2.00
Brett & Darren Carroll,3/07/2026,Mildura,EXPERT TIPS,FALSE,Harness,7,9,BACK,WIN,$3.00,9. Whitehaven Beach,1,,259665281,15693114,8,1,5.5,4.14,4.14,0.00
Will Norman,3/07/2026,Newcastle,EXPERT TIPS,FALSE,Harness,3,10,BACK,WIN,$2.20,10. Tooram Cee Cee,1,,259665128,70422338,8,0,2.32,-1.00,-1.00,0.00
Will Norman,3/07/2026,Newcastle,EXPERT TIPS,FALSE,Harness,4,8,LAY,WIN,$4.00,8. Pure Grunt,1,,259665131,96537195,8,0,2.92,0.48,0.48,0.00
Will Norman,3/07/2026,Newcastle,EXPERT TIPS,FALSE,Harness,5,3,BACK,WIN,$3.40,3. Petes Crunch Time,1,,259665134,73798317,8,0,2.31,-1.00,0.00,0.00
Will Norman,3/07/2026,Newcastle,EXPERT TIPS,FALSE,Harness,8,10,BACK,WIN,$7.00,10. Yesnomaybeso,1,BEST BET,259665143,26748112,8,0,3.67,-1.00,0.00,-1.00
Will Norman,3/07/2026,Newcastle,EXPERT TIPS,FALSE,Harness,8,10,BACK,PLACE,$7.00,10. Yesnomaybeso,1,BEST BET,259665144,26748112,8,1,1.66,0.61,0.00,0.61
Ryan Spice,4/07/2026,Albion Park,EXPERT TIPS,FALSE,Harness,3,3,BACK,PLACE,$1.50,3. Rockinwithattitude,3,,259721923,60452402,8,1,1.33,0.91,0.00,0.00
Ryan Spice,4/07/2026,Albion Park,EXPERT TIPS,FALSE,Harness,4,1,BACK,WIN,$2.00,1. Triedtotellya,4,,259692889,47210813,8,0,2.28,-4.00,-4.00,0.00
Ryan Spice,4/07/2026,Albion Park,EXPERT TIPS,FALSE,Harness,5,2,BACK,WIN,$1.50,2. Gus,4,,259692892,5562518,8,1,1.53,1.95,1.95,0.00
Ryan Spice,4/07/2026,Albion Park,EXPERT TIPS,FALSE,Harness,6,5,BACK,WIN,$1.10,5. Leap To Fame,5,BEST BET,259692895,43016022,8,1,1.11,0.51,0.51,0.51
Ryan Spice,4/07/2026,Albion Park,EXPERT TIPS,FALSE,Harness,6,8,LAY,PLACE,$2.80,8. Dangerous,1,BEST BET,259692896,45490626,8,0,2.08,0.85,0.85,0.85
Ryan Spice,4/07/2026,Albion Park,EXPERT TIPS,FALSE,Harness,7,3,BACK,PLACE,$3.00,3. Sassy Galleon,2,,259692899,92089539,8,0,5.1,-2.00,-2.00,0.00
NICK NOONAN,4/07/2026,Flemington,EXPERT TIPS,FALSE,Thoroughbred,1,3,BACK,WIN,,3. Star Of Macedon,1,BEST BET,259635748,100232649,8,0,3.3,-1.00,-1.00,-1.00
Trent Crebbin,4/07/2026,Flemington,EXPERT TIPS,FALSE,Thoroughbred,2,2,BACK,WIN,$3.00,2. Marwooba,2,,259635748,100232648,8,1,3.5,4.60,4.60,0.00
Jackson Oldham,4/07/2026,Flemington,EXPERT TIPS,FALSE,Thoroughbred,2,3,LAY,WIN,$3.95,3. Star Of Macedon,2,BEST BET,259635748,100232649,8,0,3.3,0.80,0.80,0.80
Trent Crebbin,4/07/2026,Flemington,EXPERT TIPS,FALSE,Thoroughbred,3,1,BACK,WIN,$4.50,1. Fancify,1,,259635757,63363898,8,0,12,-1.00,-1.00,0.00
Trent Crebbin,4/07/2026,Flemington,EXPERT TIPS,FALSE,Thoroughbred,4,3,BACK,WIN,$7.50,3. Rainsun,2,,259635766,100232656,8,0,9.05,-2.00,-2.00,0.00
NICK NOONAN,4/07/2026,Flemington,EXPERT TIPS,FALSE,Thoroughbred,4,16,BACK,WIN,,16. Pressurised,1,,259635766,100232665,8,0,75,-1.00,-1.00,0.00
Trent Crebbin,4/07/2026,Flemington,EXPERT TIPS,FALSE,Thoroughbred,4,13,BACK,WIN,$5.00,13. Sunsprite,2,,259635766,98709095,8,0,15.34,-2.00,-2.00,0.00
NICK NOONAN,4/07/2026,Flemington,EXPERT TIPS,FALSE,Thoroughbred,7,3,BACK,WIN,,3. Al Duca,1,,259635793,79455984,8,0,3,-1.00,-1.00,0.00
Jackson Oldham,4/07/2026,Flemington,EXPERT TIPS,FALSE,Thoroughbred,7,3,BACK,WIN,$2.45,3. Al Duca,2,BEST BET,259635793,79455984,8,0,3,-2.00,-2.00,-2.00
Trent Crebbin,4/07/2026,Flemington,EXPERT TIPS,FALSE,Thoroughbred,8,13,BACK,WIN,$3.00,13. Chains Of Love,2,,259635802,100232678,8,0,4.7,-2.00,-2.00,0.00
NICK NOONAN,4/07/2026,Flemington,EXPERT TIPS,FALSE,Thoroughbred,8,9,BACK,WIN,,9. Ludlum,1,,259635802,100232676,8,0,11.09,-1.00,-1.00,0.00
Trent Crebbin,4/07/2026,Flemington,EXPERT TIPS,FALSE,Thoroughbred,9,1,BACK,WIN,$2.90,1. Clevor Trever,3,BEST BET,259635811,92418016,8,1,3.54,7.01,7.01,7.01
Brett & Darren Carroll,4/07/2026,Melton,EXPERT TIPS,FALSE,Harness,1,7,BACK,WIN,$1.80,7. Hoppy,3,BEST BET,259691635,70855741,8,1,1.87,2.40,2.40,2.40
Brett & Darren Carroll,4/07/2026,Melton,EXPERT TIPS,FALSE,Harness,2,1,BACK,WIN,$2.20,1. Ijustcalledtosay,1,,259691638,88330784,8,1,1.31,0.29,0.00,0.00
Brett & Darren Carroll,4/07/2026,Melton,EXPERT TIPS,FALSE,Harness,4,2,BACK,WIN,$2.20,2. Telern Lofty,2,,259691644,100231312,8,0,5.99,-2.00,-2.00,0.00
Brett & Darren Carroll,4/07/2026,Melton,EXPERT TIPS,FALSE,Harness,7,9,BACK,WIN,$1.70,9. Fairplay,2,,259691653,81747861,8,1,1.89,1.64,1.64,0.00
Will Norman,4/07/2026,Menangle,EXPERT TIPS,FALSE,Harness,1,6,BACK,WIN,$2.70,6. Huta ,2,,259693974,64208079,8,1,1.83,1.53,0.00,0.00
Will Norman,4/07/2026,Menangle,EXPERT TIPS,FALSE,Harness,3,2,BACK,WIN,$1.60,2. The Niteshift,2,BEST BET,259693980,96232416,8,0,1.94,-2.00,-2.00,-2.00
Lachlan Mosley,4/07/2026,Murray Bridge,EXPERT TIPS,FALSE,Thoroughbred,1,15,BACK,WIN,,15. Grand Millesime,2,,259636674,100232320,8,0,12,-2.00,-2.00,0.00
Lachlan Mosley,4/07/2026,Murray Bridge,EXPERT TIPS,FALSE,Thoroughbred,1,6,BACK,WIN,,6. No Bail,1,,259636674,95228246,8,0,24,-1.00,-1.00,0.00
Lachlan Mosley,4/07/2026,Murray Bridge,EXPERT TIPS,FALSE,Thoroughbred,1,16,BACK,WIN,,16. Navy Rok,1,,259636674,100232321,8,0,13.14,-1.00,-1.00,0.00
Lachlan Mosley,4/07/2026,Murray Bridge,EXPERT TIPS,FALSE,Thoroughbred,3,8,BACK,WIN,,8. Fiabesca,2,,259636692,81517766,8,0,7.39,-2.00,-2.00,0.00
Lachlan Mosley,4/07/2026,Murray Bridge,EXPERT TIPS,FALSE,Thoroughbred,3,8,BACK,PLACE,,8. Fiabesca,2,,259636693,81517766,8,0,1.69,-2.00,-2.00,0.00
Lachlan Mosley,4/07/2026,Murray Bridge,EXPERT TIPS,FALSE,Thoroughbred,4,4,BACK,WIN,,4. Budjik Boy ,1,,259636701,65292594,8,0,9.8,-1.00,-1.00,0.00
Lachlan Mosley,4/07/2026,Murray Bridge,EXPERT TIPS,FALSE,Thoroughbred,4,4,BACK,PLACE,,4. Budjik Boy ,1,,259636702,65292594,8,0,2.82,-1.00,-1.00,0.00
Lachlan Mosley,4/07/2026,Murray Bridge,EXPERT TIPS,FALSE,Thoroughbred,6,1,BACK,WIN,,1. Brave Star ,2,,259636719,7151469,8,1,10,16.56,16.56,0.00
Lachlan Mosley,4/07/2026,Murray Bridge,EXPERT TIPS,FALSE,Thoroughbred,6,1,BACK,PLACE,,1. Brave Star ,2,,259636720,7151469,8,1,2.98,3.64,3.64,0.00
Lachlan Mosley,4/07/2026,Murray Bridge,EXPERT TIPS,FALSE,Thoroughbred,7,5,BACK,WIN,,5. Jacks On Ice ,2,,259636728,99731367,8,0,8.6,-2.00,-2.00,0.00
Lachlan Mosley,4/07/2026,Murray Bridge,EXPERT TIPS,FALSE,Thoroughbred,7,5,BACK,PLACE,,5. Jacks On Ice ,2,,259636729,99731367,8,0,1.84,-2.00,-2.00,0.00
Lachlan Mosley,4/07/2026,Murray Bridge,EXPERT TIPS,FALSE,Thoroughbred,8,1,BACK,WIN,,1. Halliwell,2,,259636737,85181027,8,0,4.96,-2.00,-2.00,0.00
Lachlan Mosley,4/07/2026,Murray Bridge,EXPERT TIPS,FALSE,Thoroughbred,8,1,BACK,PLACE,,1. Halliwell,2,,259636738,85181027,8,0,1.8,-2.00,-2.00,0.00
Lachlan Mosley,4/07/2026,Murray Bridge,EXPERT TIPS,FALSE,Thoroughbred,9,1,BACK,WIN,,1. Free Beer ,2,,259636746,6067769,8,0,9.72,-2.00,-2.00,0.00
Lachlan Mosley,4/07/2026,Murray Bridge,EXPERT TIPS,FALSE,Thoroughbred,9,1,BACK,PLACE,,1. Free Beer ,2,,259636747,6067769,8,0,3.01,-2.00,-2.00,0.00
Mitch Lewis,4/07/2026,Rosehill,EXPERT TIPS,FALSE,Thoroughbred,1,5,LAY,WIN,$7.00,5. Island Dec,1,BEST BET,259636802,100232578,10,0,3.25,0.40,0.40,0.40
Mitch Lewis,4/07/2026,Rosehill,EXPERT TIPS,FALSE,Thoroughbred,10,5,BACK,WIN,$3.00,5. Supermassive,2,BEST BET,259636883,92161272,10,0,3.15,-2.00,-2.00,-2.00
Mitch Lewis,4/07/2026,Rosehill,EXPERT TIPS,FALSE,Thoroughbred,3,3,BACK,WIN,$5.00,3. Satin Summer,1,,259636820,100232596,10,0,7,-1.00,-1.00,0.00
Mitch Lewis,4/07/2026,Rosehill,EXPERT TIPS,FALSE,Thoroughbred,3,3,BACK,PLACE,$5.00,3. Satin Summer,1,,259636821,100232596,10,1,2.06,0.95,0.00,0.00
Mitch Lewis,4/07/2026,Rosehill,EXPERT TIPS,FALSE,Thoroughbred,6,5,BACK,WIN,$3.50,5. Polyglot,2,,259636847,78977067,10,1,2.93,3.47,0.00,0.00
Mitch Lewis,4/07/2026,Rosehill,EXPERT TIPS,FALSE,Thoroughbred,8,12,BACK,WIN,$2.50,12. Smashing Time,2,,259636865,78230985,10,0,3.18,-2.00,-2.00,0.00
Rory Flanagan,4/07/2026,Sandown,EXPERT TIPS,TRUE,Thoroughbred,2,7,BACK,WIN,,Indalo,4,,259673382,25803,6,1,3.75,10.34,10.34,0.00
Rory Flanagan,4/07/2026,Sandown,EXPERT TIPS,TRUE,Thoroughbred,2,6,BACK,WIN,,Classic,1,,259673382,11984943,6,0,10.36,-1.00,-1.00,0.00
Rory Flanagan,4/07/2026,Sandown,EXPERT TIPS,TRUE,Thoroughbred,4,5,BACK,WIN,,Constitution River,5,BEST BET,259673398,85791140,6,1,1.92,4.32,4.32,4.32
Rory Flanagan,4/07/2026,Sandown,EXPERT TIPS,TRUE,Thoroughbred,6,3,BACK,WIN,,Loblolly,1,,259673411,70856165,6,0,9,-1.00,-1.00,0.00
Rory Flanagan,4/07/2026,Sandown,EXPERT TIPS,TRUE,Thoroughbred,7,3,BACK,WIN,,Flying Frontier,1,,259673418,52123545,6,0,8.8,-1.00,-1.00,0.00
Tom Haylock,4/07/2026,Sunshine Coast,EXPERT TIPS,FALSE,Thoroughbred,8,8,BACK,WIN,,8. Gerringong,1,,259638225,83642474,8,0,4.99,-1.00,-1.00,0.00
darren carroll,5/07/2026,Cranbourne,EXPERT TIPS,FALSE,Harness,4,2,BACK,WIN,$1.80,2. Dot Ball,2,,259722595,76248401,8,1,2.66,3.05,3.05,0.00
darren carroll,5/07/2026,Cranbourne,EXPERT TIPS,FALSE,Harness,8,3,BACK,WIN,$2.00,3. Cloudy Canyon,2,BEST BET,259722603,100292151,8,1,4.58,6.59,6.59,6.59
Stephen Christie,5/07/2026,Hobart,EXPERT TIPS,FALSE,Thoroughbred,1,6,BACK,WIN,$1.90,6. Thems The Breaks,4,,259693820,86346773,8,0,2,-4.00,-4.00,0.00
Stephen Christie,5/07/2026,Hobart,EXPERT TIPS,FALSE,Thoroughbred,4,4,BACK,WIN,$3.00,4. The Little Bay,2,,259693838,93826771,8,0,4.76,-2.00,-2.00,0.00
Stephen Christie,5/07/2026,Hobart,EXPERT TIPS,FALSE,Thoroughbred,5,10,BACK,WIN,$1.90,10. Momentslikethese,2,,259693844,37454821,8,0,2.08,-2.00,-2.00,0.00
Michael Tye,6/07/2026,Ballarat,EXPERT TIPS,FALSE,Greyhounds,1,6,BACK,WIN,2,6. Adrenaline Burst ,3,BEST BET,259757352,100300471,8,1,1.32,0.88,0.00,0.88
Michael Tye,6/07/2026,Ballarat,EXPERT TIPS,FALSE,Greyhounds,11,7,LAY,WIN,2,7. Warrens Ledger ,2,,259757402,91028412,8,0,1.8,2.30,2.30,0.00
Michael Tye,6/07/2026,Ballarat,EXPERT TIPS,FALSE,Greyhounds,2,8,BACK,PLACE,2.25,8. Tribal Advisor ,2,,259757358,95063686,8,0,6.4,-2.00,-2.00,0.00
Michael Tye,6/07/2026,Ballarat,EXPERT TIPS,FALSE,Greyhounds,5,7,BACK,WIN,2.75,7. Indian Prince ,1,,259757372,95880493,8,0,2.16,-1.00,0.00,0.00
Michael Tye,6/07/2026,Ballarat,EXPERT TIPS,FALSE,Greyhounds,6,1,BACK,WIN,4.6,1. Paw Jerry ,1,,259757377,94779719,8,0,16.5,-1.00,-1.00,0.00
Michael Tye,6/07/2026,Ballarat,EXPERT TIPS,FALSE,Greyhounds,7,3,LAY,WIN,4.4,3. Tickets ,3,BEST BET,259757382,3281554,8,0,4.76,0.73,0.00,0.73
Brett & Darren Carroll,6/07/2026,Charlton,EXPERT TIPS,FALSE,Harness,2,1,BACK,WIN,2.4,1. Myrtle May,1,,259751091,92537929,8,0,4.3,-1.00,-1.00,0.00
Brett & Darren Carroll,6/07/2026,Charlton,EXPERT TIPS,FALSE,Harness,5,4,BACK,WIN,2.2,4. Hungry Hogarth,1,,259751097,65822642,8,0,3.45,-1.00,-1.00,0.00
Brett & Darren Carroll,6/07/2026,Charlton,EXPERT TIPS,FALSE,Harness,6,9,BACK,WIN,1.9,9. Aspen Belle,3,BEST BET,259751099,100292176,8,1,2.29,3.56,3.56,3.56
Scott Hill,6/07/2026,Pinjarra,EXPERT TIPS,FALSE,Harness,1,2,BACK,WIN,2,2. Jimmys Rainbow,2,,259750777,100292297,8,0,2.51,-2.00,-2.00,0.00
Scott Hill,6/07/2026,Pinjarra,EXPERT TIPS,FALSE,Harness,2,1,BACK,WIN,3.3,1. The Beat ,1,,259750779,57926048,8,0,2.88,-1.00,0.00,0.00
Scott Hill,6/07/2026,Pinjarra,EXPERT TIPS,FALSE,Harness,3,6,BACK,WIN,2,6. Bumrah,2,,259750781,38124221,8,1,1.6,1.10,0.00,0.00
Scott Hill,6/07/2026,Pinjarra,EXPERT TIPS,FALSE,Harness,5,3,BACK,WIN,2,3. He Is Talking,2,,259750785,92466579,8,1,2.19,2.19,2.19,0.00
Scott Hill,6/07/2026,Pinjarra,EXPERT TIPS,FALSE,Harness,6,6,LAY,WIN,3.3,6. Float My Boat,3,,259750787,5628708,8,0,3.89,0.96,0.00,0.00
Scott Hill,6/07/2026,Pinjarra,EXPERT TIPS,FALSE,Harness,7,7,BACK,WIN,4,7. My Little Big Man,1,,259750789,50353154,8,1,4.14,2.89,2.89,0.00
Ryan Spice,7/07/2026,Albion Park,EXPERT TIPS,FALSE,Harness,1,1,BACK,WIN,1.5,1. Matt Dan,3,BEST BET,259783236,100292419,8,0,1.7,-3.00,-3.00,-3.00
Ryan Spice,7/07/2026,Albion Park,EXPERT TIPS,FALSE,Harness,10,9,BACK,WIN,2.8,9. Hes No Romeo,2,,259783254,93789721,8,1,3.58,4.75,4.75,0.00
Ryan Spice,7/07/2026,Albion Park,EXPERT TIPS,FALSE,Harness,9,1,BACK,WIN,2,1. Mahindi,3,BEST BET,259783252,51759968,8,0,1.77,-3.00,0.00,-3.00
Jackson Oldham,7/07/2026,Ballarat,EXPERT TIPS,FALSE,Thoroughbred,3,6,BACK,WIN,3.4,6. Filigree Shadow,1,BEST BET,259754602,99983312,8,0,5.27,-1.00,-1.00,-1.00
Brett & Darren Carroll,7/07/2026,Echuca,EXPERT TIPS,FALSE,Harness,1,2,BACK,WIN,2.5,2. Jetaway Saint,2,,259783220,72135086,8,0,3.35,-2.00,-2.00,0.00
Brett & Darren Carroll,7/07/2026,Echuca,EXPERT TIPS,FALSE,Harness,6,4,BACK,WIN,2,4. Stolen One,2,BEST BET,259783230,96455974,8,0,3.44,-2.00,-2.00,-2.00
Brett & Darren Carroll,7/07/2026,Echuca,EXPERT TIPS,FALSE,Harness,7,4,BACK,WIN,1.9,4. Clives Girl,2,,259783232,62145109,8,0,1.28,-2.00,0.00,0.00
Scott Hill,7/07/2026,Gloucester Park,EXPERT TIPS,FALSE,Harness,2,11,BACK,WIN,4,11. Duncan Twentytwo,1,,259783272,82860309,8,0,9,-1.00,-1.00,0.00
Scott Hill,7/07/2026,Gloucester Park,EXPERT TIPS,FALSE,Harness,4,2,BACK,WIN,2,2. Prince Of Tribeca,2,BEST BET,259783278,100292520,8,1,1.92,1.69,0.00,1.69
Will Norman,7/07/2026,Menangle,EXPERT TIPS,FALSE,Harness,1,5,LAY,WIN,6,5. Alpha Stride,1,,259781856,96537226,8,0,6.6,0.16,0.00,0.00
Will Norman,7/07/2026,Menangle,EXPERT TIPS,FALSE,Harness,4,6,LAY,WIN,6,6. Louise Luck,1,,259781865,78567539,8,1,6.22,-1.00,0.00,0.00
Will Norman,7/07/2026,Menangle,EXPERT TIPS,FALSE,Harness,6,7,LAY,WIN,4,7. Business In Heaven,1,,259781871,67506579,8,0,4.67,0.25,0.00,0.00
Will Norman,7/07/2026,Menangle,EXPERT TIPS,FALSE,Harness,9,5,BACK,WIN,7,5. Cash And Bling,1,BEST BET,259781880,70180897,8,0,10.5,-1.00,-1.00,-1.00
Will Norman,7/07/2026,Menangle,EXPERT TIPS,FALSE,Harness,9,5,BACK,PLACE,7,5. Cash And Bling,1,BEST BET,259781881,70180897,8,0,2.21,-1.00,0.00,-1.00
Lachlan Mosley,7/07/2026,Murray Bridge,EXPERT TIPS,FALSE,Thoroughbred,2,16,BACK,WIN,,16. Let Me Shine ,1,,259756116,100164757,8,0,46.41,-1.00,-1.00,0.00
Lachlan Mosley,7/07/2026,Murray Bridge,EXPERT TIPS,FALSE,Thoroughbred,2,16,BACK,PLACE,,16. Let Me Shine ,1,,259756117,100164757,8,0,8.78,-1.00,-1.00,0.00
Lachlan Mosley,7/07/2026,Murray Bridge,EXPERT TIPS,FALSE,Thoroughbred,4,7,BACK,WIN,,7. Rikki Rikkardo ,2,,259756128,80856186,8,1,4.9,7.18,7.18,0.00
Lachlan Mosley,7/07/2026,Murray Bridge,EXPERT TIPS,FALSE,Thoroughbred,6,6,BACK,WIN,,6. Gazelle ,2,,259756140,5950252,8,1,4.77,6.94,6.94,0.00
Lachlan Mosley,7/07/2026,Murray Bridge,EXPERT TIPS,FALSE,Thoroughbred,6,6,BACK,PLACE,,6. Gazelle ,2,,259756141,5950252,8,1,1.89,1.64,1.64,0.00
Lachlan Mosley,7/07/2026,Murray Bridge,EXPERT TIPS,FALSE,Thoroughbred,7,11,BACK,WIN,,11. Bellentia ,2,,259756146,83050171,8,0,7,-2.00,-2.00,0.00
Lachlan Mosley,7/07/2026,Murray Bridge,EXPERT TIPS,FALSE,Thoroughbred,7,11,BACK,PLACE,,11. Bellentia ,2,,259756147,83050171,8,0,2.3,-2.00,-2.00,0.00
Mitch Lewis,7/07/2026,Muswellbrook,EXPERT TIPS,FALSE,Thoroughbred,1,1,BACK,WIN,2.5,1. Sambuca Sky,2,,259754397,100292582,10,0,6.57,-2.00,-2.00,0.00
Mitch Lewis,7/07/2026,Muswellbrook,EXPERT TIPS,FALSE,Thoroughbred,8,1,BACK,WIN,2.2,1. Condone,2,BEST BET,259754418,100262360,10,0,2.94,-2.00,-2.00,-2.00
Mitch Lewis,8/07/2026,Canterbury,EXPERT TIPS,FALSE,Thoroughbred,2,4,BACK,WIN,2,4. Sanctum,2,,259785412,4214786,10,0,2.74,-2.00,-2.00,0.00
Mitch Lewis,8/07/2026,Canterbury,EXPERT TIPS,FALSE,Thoroughbred,3,4,BACK,WIN,3,4. Lady Invictus,2,BEST BET,259785421,100396587,10,1,2.8,3.24,0.00,3.24
Mitch Lewis,8/07/2026,Canterbury,EXPERT TIPS,FALSE,Thoroughbred,5,5,BACK,WIN,5,5. Virgils Gift,1,,259785439,100396592,10,0,4.6,-1.00,0.00,0.00
Brett & Darren Carroll,8/07/2026,Kilmore,EXPERT TIPS,FALSE,Harness,2,5,BACK,WIN,1.55,5. Esthers Best,4,BEST BET,259789175,100293763,8,0,2.16,-4.00,-4.00,-4.00
Brett & Darren Carroll,8/07/2026,Kilmore,EXPERT TIPS,FALSE,Harness,3,1,BACK,WIN,2,1. Majestic Tooth,1,,259789177,49269072,8,0,6.4,-1.00,-1.00,0.00
Brett & Darren Carroll,8/07/2026,Kilmore,EXPERT TIPS,FALSE,Harness,6,3,BACK,WIN,2.8,3. Sambezia,1,,259789183,95344807,8,0,2.05,-1.00,0.00,0.00
Brett & Darren Carroll,8/07/2026,Kilmore,EXPERT TIPS,FALSE,Harness,7,4,BACK,WIN,2.8,4. Money Talks,1,,259789185,83410325,8,1,1.94,0.86,0.00,0.00
Lachlan Mosley,8/07/2026,Morphettville,EXPERT TIPS,FALSE,Thoroughbred,1,3,BACK,WIN,,3. Morlock ,2,,259784869,98882853,8,0,3.7,-2.00,-2.00,0.00
Lachlan Mosley,8/07/2026,Morphettville,EXPERT TIPS,FALSE,Thoroughbred,2,3,BACK,WIN,,3. Mr Ribtickler ,1,,259784878,93239917,8,0,20,-1.00,-1.00,0.00
Lachlan Mosley,8/07/2026,Morphettville,EXPERT TIPS,FALSE,Thoroughbred,2,3,BACK,PLACE,,3. Mr Ribtickler ,1,,259784879,93239917,8,0,5.7,-1.00,-1.00,0.00
Lachlan Mosley,8/07/2026,Morphettville,EXPERT TIPS,FALSE,Thoroughbred,5,2,BACK,WIN,,2. Precipice ,2,,259784905,91806741,8,0,11.02,-2.00,-2.00,0.00
Lachlan Mosley,8/07/2026,Morphettville,EXPERT TIPS,FALSE,Thoroughbred,5,2,BACK,PLACE,,2. Precipice ,2,,259784906,91806741,8,1,3.29,4.21,4.21,0.00
Lachlan Mosley,8/07/2026,Morphettville,EXPERT TIPS,FALSE,Thoroughbred,6,4,BACK,WIN,,4. Nostryia ,2,,259784914,51616004,8,0,7.52,-2.00,-2.00,0.00
Lachlan Mosley,8/07/2026,Morphettville,EXPERT TIPS,FALSE,Thoroughbred,6,4,BACK,PLACE,,4. Nostryia ,2,,259784915,51616004,8,1,2.98,3.64,3.64,0.00
Lachlan Mosley,8/07/2026,Morphettville,EXPERT TIPS,FALSE,Thoroughbred,8,3,BACK,WIN,,3. Garcon Renard ,2,,259784932,83569004,8,0,4.22,-2.00,-2.00,0.00
Jackson Oldham,8/07/2026,Sandown,EXPERT TIPS,FALSE,Thoroughbred,7,1,BACK,WIN,1.7,1. Tennessee Bound ,2,BEST BET,259784303,100396679,8,1,2.38,2.54,2.54,2.54
Michael Tye,8/07/2026,The Meadows,EXPERT TIPS,FALSE,Greyhounds,11,2,BACK,WIN,2,2. Promote Tilly ,2,,259797167,99276664,8,1,1.46,0.85,0.00,0.00
Michael Tye,8/07/2026,The Meadows,EXPERT TIPS,FALSE,Greyhounds,12,2,LAY,WIN,2,2. Devington ,2,,259797172,93022959,8,1,2.43,-2.00,0.00,0.00
Michael Tye,8/07/2026,The Meadows,EXPERT TIPS,FALSE,Greyhounds,3,1,BACK,WIN,2.1,1. Manila Panda ,2,,259797127,100397411,8,1,1.71,1.31,0.00,0.00
Michael Tye,8/07/2026,The Meadows,EXPERT TIPS,FALSE,Greyhounds,5,1,BACK,WIN,1.85,1. Zipping Columbus ,3,BEST BET,259797137,90524977,8,1,1.66,1.82,0.00,1.82
Michael Tye,8/07/2026,The Meadows,EXPERT TIPS,FALSE,Greyhounds,6,7,BACK,WIN,1.18,7. Organised Crime ,3,,259797142,100397414,8,1,1.09,0.25,0.00,0.00
Michael Tye,8/07/2026,The Meadows,EXPERT TIPS,FALSE,Greyhounds,8,1,BACK,WIN,1.75,1. Overland Boy ,3,,259797152,75131568,8,1,1.6,1.66,0.00,0.00
Michael Tye,8/07/2026,The Meadows,EXPERT TIPS,FALSE,Greyhounds,9,1,LAY,WIN,3.15,1. Jetty Jumper ,2,BEST BET,259797157,100397415,8,1,1.71,-2.00,-2.00,-2.00
Brett & Darren Carroll,9/07/2026,Ballarat,EXPERT TIPS,FALSE,Harness,1,11,BACK,WIN,1.2,11. Keayang Tweetybird,3,,259838273,100397749,8,0,1.9,-3.00,-3.00,0.00
Brett & Darren Carroll,9/07/2026,Ballarat,EXPERT TIPS,FALSE,Harness,2,2,LAY,WIN,9,2. Sioux Warrior,2,BEST BET,259838275,69066730,8,0,5.6,0.40,0.40,0.40
Brett & Darren Carroll,9/07/2026,Ballarat,EXPERT TIPS,FALSE,Harness,4,6,BACK,WIN,2.4,6. Blue Miki,1,,259838279,59620569,8,0,2.2,-1.00,0.00,0.00
Brett & Darren Carroll,9/07/2026,Ballarat,EXPERT TIPS,FALSE,Harness,5,6,BACK,WIN,2.5,6. Half As Tough,1,,259838281,100397756,8,0,8.12,-1.00,-1.00,0.00
Brett & Darren Carroll,9/07/2026,Ballarat,EXPERT TIPS,FALSE,Harness,5,3,BACK,WIN,2.8,3. Imallattitude,1,,259838281,87510931,8,0,3.4,-1.00,-1.00,0.00
Brett & Darren Carroll,9/07/2026,Ballarat,EXPERT TIPS,FALSE,Harness,6,7,BACK,WIN,1.75,7. Vance Lane,3,BEST BET,259838283,83192143,8,0,3.1,-3.00,-3.00,-3.00
Rory Flanagan,9/07/2026,Newmarket,EXPERT TIPS,TRUE,Thoroughbred,1,2,BACK,WIN,,Del Maro,4,,259821334,87144654,6,0,3.35,-4.00,-4.00,0.00
Rory Flanagan,9/07/2026,Newmarket,EXPERT TIPS,TRUE,Thoroughbred,2,3,BACK,WIN,,Inner City Blues,4,,259821339,99505078,6,1,2,3.76,3.76,0.00
Rory Flanagan,9/07/2026,Newmarket,EXPERT TIPS,TRUE,Thoroughbred,3,8,BACK,WIN,,Thunder Call,3,,259821344,90190181,6,0,7.89,-3.00,-3.00,0.00
Rory Flanagan,9/07/2026,Newmarket,EXPERT TIPS,TRUE,Thoroughbred,4,1,BACK,WIN,,Rebels Romance,5,BEST BET,259821350,36545291,6,1,1.8,3.76,3.76,3.76
Rory Flanagan,9/07/2026,Newmarket,EXPERT TIPS,TRUE,Thoroughbred,6,1,BACK,WIN,,Oxagon,1,,259821362,85791146,6,0,6.8,-1.00,-1.00,0.00
Jackson Oldham,9/07/2026,Sale,EXPERT TIPS,FALSE,Thoroughbred,4,1,LAY,WIN,4.6,1. Angels Gathering,2,BEST BET,259816087,85472268,8,0,5.1,0.45,0.00,0.45
Jackson Oldham,9/07/2026,Sale,EXPERT TIPS,FALSE,Thoroughbred,7,5,BACK,WIN,2.75,5. Too Tough,2,BEST BET,259816111,835490,8,0,3.05,-2.00,-2.00,-2.00
Michael Tye,9/07/2026,Sandown Park,EXPERT TIPS,FALSE,Greyhounds,1,8,LAY,WIN,3.85,8. Refuted,2,BEST BET,259842995,100397715,8,0,5.78,0.38,0.00,0.38
Michael Tye,9/07/2026,Sandown Park,EXPERT TIPS,FALSE,Greyhounds,12,7,BACK,WIN,5.75,7. Paw Vada ,2,,259843104,81812286,8,1,7.03,11.10,11.10,0.00
Michael Tye,9/07/2026,Sandown Park,EXPERT TIPS,FALSE,Greyhounds,2,1,BACK,WIN,3.4,1. Divine Feelings ,2,,259843000,95965080,8,0,3.52,-2.00,-2.00,0.00
Michael Tye,9/07/2026,Sandown Park,EXPERT TIPS,FALSE,Greyhounds,5,7,BACK,WIN,4,7. In Bloom,2,,259843015,89348057,8,0,3.21,-2.00,0.00,0.00
Michael Tye,9/07/2026,Sandown Park,EXPERT TIPS,FALSE,Greyhounds,6,2,BACK,WIN,4.6,2. Ascend Ecstatic ,2,,259843020,75019251,8,0,3.56,-2.00,0.00,0.00
Michael Tye,9/07/2026,Sandown Park,EXPERT TIPS,FALSE,Greyhounds,8,1,BACK,WIN,1.95,1. Hot Nanu,3,BEST BET,259843047,80570546,8,0,1.9,-3.00,0.00,-3.00
Michael Tye,9/07/2026,Sandown Park,EXPERT TIPS,FALSE,Greyhounds,9,2,BACK,WIN,1.68,2. Dapper Chap ,3,,259843060,84661733,8,0,1.38,-3.00,0.00,0.00
Scott Hill,10/07/2026,Gloucester Park,EXPERT TIPS,FALSE,Harness,10,7,BACK,WIN,1.85,7. Lincoln Lover,3,,259848598,81438006,8,0,2.96,-3.00,-3.00,0.00
Scott Hill,10/07/2026,Gloucester Park,EXPERT TIPS,FALSE,Harness,2,2,BACK,WIN,2,2. Up And Alive,2,,259848574,70107121,8,1,3.08,3.83,3.83,0.00
Scott Hill,10/07/2026,Gloucester Park,EXPERT TIPS,FALSE,Harness,3,1,BACK,WIN,1.65,1. Blaze Away ,3,BEST BET,259848577,6085657,8,0,2.24,-3.00,-3.00,-3.00
Scott Hill,10/07/2026,Gloucester Park,EXPERT TIPS,FALSE,Harness,6,1,BACK,WIN,2,1. Arionrock,3,,259848586,53186709,8,0,3.3,-3.00,-3.00,0.00
Scott Hill,10/07/2026,Gloucester Park,EXPERT TIPS,FALSE,Harness,8,12,BACK,WIN,2,12. Maddy Rocks,2,,259848592,52720704,8,0,2.12,-2.00,-2.00,0.00
Scott Hill,10/07/2026,Gloucester Park,EXPERT TIPS,FALSE,Harness,9,3,LAY,PLACE,3,3. Jingling Jewels,3,,259848596,45169782,8,1,3.68,-3.00,0.00,0.00
Michael Tye,10/07/2026,Geelong,EXPERT TIPS,FALSE,Greyhounds,11,3,BACK,WIN,3,3. Wyong Dallas ,1,,259849395,79804727,8,0,2.54,-1.00,0.00,0.00
Michael Tye,10/07/2026,Geelong,EXPERT TIPS,FALSE,Greyhounds,2,5,BACK,WIN,1.55,5. Immobiliser,4,BEST BET,259849348,100455298,8,1,1.57,2.10,2.10,2.10
Michael Tye,10/07/2026,Geelong,EXPERT TIPS,FALSE,Greyhounds,4,3,BACK,WIN,4.4,3. Miss Jo,1,,259849358,81307796,8,0,3.83,-1.00,0.00,0.00
Michael Tye,10/07/2026,Geelong,EXPERT TIPS,FALSE,Greyhounds,5,5,BACK,WIN,5.5,5. Romantic Red,2,,259849363,76248875,8,0,15.59,-2.00,-2.00,0.00
Michael Tye,10/07/2026,Geelong,EXPERT TIPS,FALSE,Greyhounds,7,7,BACK,WIN,1.68,7. Whiskey Whiskers ,4,,259849373,83570507,8,1,1.51,1.88,0.00,0.00
Michael Tye,10/07/2026,Geelong,EXPERT TIPS,FALSE,Greyhounds,8,4,BACK,WIN,2,4. Contradiction ,2,,259849378,84943941,8,1,2.74,3.20,3.20,0.00
Michael Tye,10/07/2026,Geelong,EXPERT TIPS,FALSE,Greyhounds,9,1,LAY,WIN,3,1. Imprint ,1,BEST BET,259849384,100455303,8,0,2.63,0.56,0.56,0.56
Brett & Darren Carroll,10/07/2026,Mildura,EXPERT TIPS,FALSE,Harness,1,4,BACK,WIN,2,4. Only Once Bitten,1,,259848477,40878800,8,0,3.05,-1.00,-1.00,0.00
Brett & Darren Carroll,10/07/2026,Mildura,EXPERT TIPS,FALSE,Harness,2,2,BACK,WIN,3,2. Nevs Dream,1,,259848479,49766886,8,0,4.4,-1.00,-1.00,0.00
Brett & Darren Carroll,10/07/2026,Mildura,EXPERT TIPS,FALSE,Harness,3,5,LAY,WIN,5,5. Dallas Miki,1,,259848481,41223018,8,0,3.9,0.32,0.32,0.00
Brett & Darren Carroll,10/07/2026,Mildura,EXPERT TIPS,FALSE,Harness,4,6,BACK,WIN,3,6. G B Brave,1,,259848483,69968044,8,0,3.41,-1.00,-1.00,0.00
Brett & Darren Carroll,10/07/2026,Mildura,EXPERT TIPS,FALSE,Harness,7,4,BACK,WIN,2.5,4. Sneaky Philtra,1,,259848489,73260138,8,1,2.12,1.03,0.00,0.00
Brett & Darren Carroll,10/07/2026,Mildura,EXPERT TIPS,FALSE,Harness,8,3,BACK,WIN,3,3. Starvin Marvin,2,BEST BET,259848491,2458884,8,0,2.01,-2.00,0.00,-2.00
Will Norman,10/07/2026,Newcastle,EXPERT TIPS,FALSE,Harness,1,4,BACK,WIN,8,4. Toolijooa Beach,1,,259848451,75315609,8,0,9.4,-1.00,-1.00,0.00
Will Norman,10/07/2026,Newcastle,EXPERT TIPS,FALSE,Harness,1,4,BACK,PLACE,8,4. Toolijooa Beach,1,,259848452,75315609,8,0,2.7,-1.00,0.00,0.00
Will Norman,10/07/2026,Newcastle,EXPERT TIPS,FALSE,Harness,5,6,BACK,WIN,1.7,6. South Seas Rock,2,,259848463,47208041,8,1,2.68,3.09,3.09,0.00
Will Norman,10/07/2026,Newcastle,EXPERT TIPS,FALSE,Harness,7,3,BACK,WIN,1.8,3. Tigerlicious,1,,259848469,6081363,8,0,1.82,-1.00,-1.00,0.00
Will Norman,10/07/2026,Newcastle,EXPERT TIPS,FALSE,Harness,8,1,LAY,WIN,7,1. Rocknroll Rocket,1,,259848472,79768502,8,1,7,-1.00,-1.00,0.00
Will Norman,10/07/2026,Newcastle,EXPERT TIPS,FALSE,Harness,9,6,BACK,WIN,5,6. A Little Dilemma,1,BEST BET,259848475,71121954,8,1,6.07,4.66,4.66,4.66
Will Norman,10/07/2026,Newcastle,EXPERT TIPS,FALSE,Harness,9,6,BACK,PLACE,5,6. A Little Dilemma,1,BEST BET,259848476,71121954,8,1,1.79,0.73,0.00,0.73
Rory Flanagan,10/07/2026,Newmarket,EXPERT TIPS,TRUE,Thoroughbred,1,2,BACK,WIN,,Laureate Crown,2,,259850039,85828146,6,0,7,-2.00,-2.00,0.00
Rory Flanagan,10/07/2026,Newmarket,EXPERT TIPS,TRUE,Thoroughbred,2,7,BACK,WIN,,Senorita Bonita,2,,259850046,13297861,6,1,3.36,4.44,4.44,0.00
Rory Flanagan,10/07/2026,Newmarket,EXPERT TIPS,TRUE,Thoroughbred,3,8,BACK,WIN,,Wine Dark Sea,5,BEST BET,259850053,577860,6,0,1.88,-5.00,-5.00,-5.00
Rory Flanagan,10/07/2026,Newmarket,EXPERT TIPS,TRUE,Thoroughbred,4,5,BACK,WIN,,Precise,5,BEST BET,259850059,35873075,6,0,1.93,-5.00,-5.00,-5.00
Rory Flanagan,10/07/2026,Newmarket,EXPERT TIPS,TRUE,Thoroughbred,6,3,BACK,WIN,,Twilight Calls,1,,259850073,31101808,6,1,11.62,9.98,9.98,0.00
Rory Flanagan,10/07/2026,Newmarket,EXPERT TIPS,TRUE,Thoroughbred,6,1,BACK,WIN,,Tatterstall,1,,259850073,45500454,6,0,10.5,-1.00,-1.00,0.00
Mitch Lewis,10/07/2026,Scone,EXPERT TIPS,FALSE,Thoroughbred,4,13,BACK,WIN,3,13. Flaunter,2,,259844119,5189336,10,0,7.5,-2.00,-2.00,0.00
Mitch Lewis,10/07/2026,Scone,EXPERT TIPS,FALSE,Thoroughbred,5,4,BACK,WIN,2,4. Maples,3,BEST BET,259844122,100454080,10,1,2.56,4.21,4.21,4.21
Ryan Spice,11/07/2026,Albion Park,EXPERT TIPS,FALSE,Harness,1,9,BACK,WIN,2,9. Tilly Dunnage,3,BEST BET,259893523,100403969,8,0,2.05,-3.00,-3.00,-3.00
Ryan Spice,11/07/2026,Albion Park,EXPERT TIPS,FALSE,Harness,2,4,BACK,PLACE,1.6,4. Nyack ,3,,259893527,52900454,8,1,1.48,1.32,0.00,0.00
Ryan Spice,11/07/2026,Albion Park,EXPERT TIPS,FALSE,Harness,3,2,BACK,PLACE,1.5,2. Arcee Phoenix,4,BEST BET,259893530,45897954,8,1,1.42,1.55,0.00,1.55
Ryan Spice,11/07/2026,Albion Park,EXPERT TIPS,FALSE,Harness,5,3,BACK,PLACE,4,3. Zealous Spur,1,,259893536,39734556,8,1,16.5,14.26,14.26,0.00
Ryan Spice,11/07/2026,Albion Park,EXPERT TIPS,FALSE,Harness,6,8,BACK,PLACE,1.5,8. The Janitor,3,BEST BET,259893539,74494248,8,0,1.23,-3.00,0.00,-3.00
Ryan Spice,11/07/2026,Albion Park,EXPERT TIPS,FALSE,Harness,7,6,BACK,WIN,2,6. Eye Keep Smiling,3,,259893541,48318673,8,0,2.36,-3.00,-3.00,0.00
Ryan Spice,11/07/2026,Albion Park,EXPERT TIPS,FALSE,Harness,8,2,BACK,WIN,3,2. Comeandsee,3,,259893544,99288337,8,0,3.33,-3.00,-3.00,0.00
Ryan Spice,11/07/2026,Albion Park,EXPERT TIPS,FALSE,Harness,8,1,BACK,WIN,4,1. Cardigan Jem,2,,259893544,97803881,8,0,2.92,-2.00,0.00,0.00
Terry Leighton,11/07/2026,Belmont,EXPERT TIPS,FALSE,Thoroughbred,2,3,BACK,WIN,7.5,3. Our Rocky Bay,1,,259846147,64737932,8,0,6.98,-1.00,0.00,0.00
Terry Leighton,11/07/2026,Belmont,EXPERT TIPS,FALSE,Thoroughbred,3,10,BACK,WIN,2.2,10. Deep Lyric,4,BEST BET,259846156,100455556,8,0,3.59,-4.00,-4.00,-4.00
Terry Leighton,11/07/2026,Belmont,EXPERT TIPS,FALSE,Thoroughbred,3,8,BACK,WIN,6.8,8. Heaven Specified,1,,259846156,90800225,8,0,13.23,-1.00,-1.00,0.00
Terry Leighton,11/07/2026,Belmont,EXPERT TIPS,FALSE,Thoroughbred,4,7,BACK,WIN,3,7. Brazen Butcher,2,,259846165,100455558,8,0,2.57,-2.00,0.00,0.00
Terry Leighton,11/07/2026,Belmont,EXPERT TIPS,FALSE,Thoroughbred,4,5,BACK,WIN,9,5. Catch The Red Eye,1,,259846165,46652131,8,0,18,-1.00,-1.00,0.00
Terry Leighton,11/07/2026,Belmont,EXPERT TIPS,FALSE,Thoroughbred,5,6,BACK,WIN,8,6. Kimberley Rose,1,,259846174,100455562,8,0,30,-1.00,-1.00,0.00
Terry Leighton,11/07/2026,Belmont,EXPERT TIPS,FALSE,Thoroughbred,5,3,BACK,WIN,3.8,3. Citino,2,,259846174,48702114,8,1,6.93,10.91,10.91,0.00
Terry Leighton,11/07/2026,Belmont,EXPERT TIPS,FALSE,Thoroughbred,8,3,BACK,WIN,6.3,3. Divine Inanna,2,,259846201,58314360,8,0,16.5,-2.00,-2.00,0.00
Terry Leighton,11/07/2026,Belmont,EXPERT TIPS,FALSE,Thoroughbred,8,5,BACK,WIN,,5. Triple The Chant,2,,259846201,100455577,8,0,14,-2.00,-2.00,0.00
Jackson Oldham,11/07/2026,Caulfield,EXPERT TIPS,FALSE,Thoroughbred,1,2,LAY,WIN,2.9,2. Angels Fury,2,BEST BET,259844030,100454743,8,1,1.75,-2.00,-2.00,-2.00
Trent Crebbin,11/07/2026,Caulfield,EXPERT TIPS,FALSE,Thoroughbred,3,2,BACK,WIN,6.5,2. Davida,1,BEST BET,259844048,11577054,8,0,12.99,-1.00,-1.00,-1.00
Nick Noonan,11/07/2026,Caulfield,EXPERT TIPS,FALSE,Thoroughbred,3,5,BACK,WIN,,5. Cruiserweight,1,BEST BET,259844048,8087150,8,1,3.14,1.97,1.97,1.97
Trent Crebbin,11/07/2026,Caulfield,EXPERT TIPS,FALSE,Thoroughbred,3,13,BACK,WIN,9,13. Beechworth,1,,259844048,100454762,8,0,18.53,-1.00,-1.00,0.00
Trent Crebbin,11/07/2026,Caulfield,EXPERT TIPS,FALSE,Thoroughbred,3,1,LAY,WIN,9,1. Like A Drifter,1,,259844048,92207040,8,0,4.7,0.25,0.25,0.00
Nick Noonan,11/07/2026,Caulfield,EXPERT TIPS,FALSE,Thoroughbred,4,6,BACK,WIN,,6. Lady Verity ,1,,259844057,87124069,8,0,4.48,-1.00,-1.00,0.00
Trent Crebbin,11/07/2026,Caulfield,EXPERT TIPS,FALSE,Thoroughbred,5,2,BACK,WIN,4.5,2. Sir Atlas,1,,259844066,55781946,8,0,8.6,-1.00,-1.00,0.00
Nick Noonan,11/07/2026,Caulfield,EXPERT TIPS,FALSE,Thoroughbred,5,12,BACK,WIN,,12. Amleto,1,,259844066,100454768,8,0,2.69,-1.00,-1.00,0.00
Jackson Oldham,11/07/2026,Caulfield,EXPERT TIPS,FALSE,Thoroughbred,5,12,BACK,WIN,2.35,12. Amleto,2,BEST BET,259844066,100454768,8,0,2.69,-2.00,-2.00,-2.00
Trent Crebbin,11/07/2026,Caulfield,EXPERT TIPS,FALSE,Thoroughbred,5,9,BACK,WIN,7,9. Prince Eric,1,,259844066,5306603,8,1,9.6,7.91,7.91,0.00
Nick Noonan,11/07/2026,Caulfield,EXPERT TIPS,FALSE,Thoroughbred,6,1,BACK,WIN,,1. Decalogue ,1,,259844075,95514261,8,0,2.66,-1.00,-1.00,0.00
Nick Noonan,11/07/2026,Caulfield,EXPERT TIPS,FALSE,Thoroughbred,7,9,BACK,WIN,,9. Bellatrix Star ,2,,259844084,74814521,8,0,13.71,-2.00,-2.00,0.00
Trent Crebbin,11/07/2026,Caulfield,EXPERT TIPS,FALSE,Thoroughbred,9,13,BACK,WIN,7,13. Fearless Freddy,1,,259844102,100454779,8,0,16.13,-1.00,-1.00,0.00
Brett & Darren Carroll,11/07/2026,Melton,EXPERT TIPS,FALSE,Harness,2,5,BACK,WIN,2,5. Alrighty,2,,259895392,90799936,8,1,1.85,1.56,0.00,0.00
Brett & Darren Carroll,11/07/2026,Melton,EXPERT TIPS,FALSE,Harness,2,10,BACK,WIN,5,10. Sebastians Boy,1,,259895392,55415106,8,0,13.61,-1.00,-1.00,0.00
Brett & Darren Carroll,11/07/2026,Melton,EXPERT TIPS,FALSE,Harness,6,4,BACK,WIN,2,4. Soho Darknstormy,1,,259895404,72950995,8,0,1.9,-1.00,0.00,0.00
Brett & Darren Carroll,11/07/2026,Melton,EXPERT TIPS,FALSE,Harness,6,1,BACK,PLACE,1.7,1. Springfield Affair,3,,259895405,30284912,8,0,2.46,-3.00,-3.00,0.00
Brett & Darren Carroll,11/07/2026,Melton,EXPERT TIPS,FALSE,Harness,7,5,BACK,WIN,2,5. Hoppy,2,,259895407,86143278,8,0,2.36,-2.00,-2.00,0.00
Brett & Darren Carroll,11/07/2026,Melton,EXPERT TIPS,FALSE,Harness,8,3,BACK,WIN,1.6,3. Remembrance Time,3,BEST BET,259895410,100452841,8,0,1.54,-3.00,0.00,-3.00
Will Norman,11/07/2026,Menangle,EXPERT TIPS,FALSE,Harness,1,2,BACK,WIN,1.8,2. Betterthancash,2,,259895614,54341266,8,0,3.15,-2.00,-2.00,0.00
Will Norman,11/07/2026,Menangle,EXPERT TIPS,FALSE,Harness,2,10,BACK,WIN,6,10. Vincenzo,1,,259895617,5800921,8,0,3.77,-1.00,0.00,0.00
Will Norman,11/07/2026,Menangle,EXPERT TIPS,FALSE,Harness,6,1,BACK,WIN,3.5,1. Jilliby Fabio,1,,259895630,77023584,8,0,16.71,-1.00,-1.00,0.00
Will Norman,11/07/2026,Menangle,EXPERT TIPS,FALSE,Harness,7,6,BACK,WIN,3.5,6. Grosso Naso,2,BEST BET,259895635,70081003,8,0,2.5,-2.00,0.00,-2.00
Rory Flanagan,11/07/2026,Newmarket,EXPERT TIPS,TRUE,Thoroughbred,2,7,BACK,WIN,,Shallow,2,,259874944,25094817,6,0,10.01,-2.00,-2.00,0.00
Rory Flanagan,11/07/2026,Newmarket,EXPERT TIPS,TRUE,Thoroughbred,2,2,BACK,WIN,,Song N Dance,2,,259874944,78024414,6,0,5.14,-2.00,-2.00,0.00
Rory Flanagan,11/07/2026,Newmarket,EXPERT TIPS,TRUE,Thoroughbred,3,1,BACK,WIN,,Tales Of Wisdom,2,,259874951,92470619,6,0,5.6,-2.00,-2.00,0.00
Rory Flanagan,11/07/2026,Newmarket,EXPERT TIPS,TRUE,Thoroughbred,3,7,BACK,WIN,,Wild Thoughts,1,,259874951,19844323,6,0,18.5,-1.00,-1.00,0.00
Rory Flanagan,11/07/2026,Newmarket,EXPERT TIPS,TRUE,Thoroughbred,4,1,BACK,WIN,,Royal Zabeel,2,,259874958,58383348,6,0,10.5,-2.00,-2.00,0.00
Rory Flanagan,11/07/2026,Newmarket,EXPERT TIPS,TRUE,Thoroughbred,4,8,BACK,WIN,,The Fingal Raven,1,,259874958,70053072,6,0,35.34,-1.00,-1.00,0.00
Rory Flanagan,11/07/2026,Newmarket,EXPERT TIPS,TRUE,Thoroughbred,4,14,BACK,WIN,,Physique,1,,259874958,816752,6,0,21,-1.00,-1.00,0.00
Rory Flanagan,11/07/2026,Newmarket,EXPERT TIPS,TRUE,Thoroughbred,5,3,BACK,WIN,,Al Hudaiba,4,,259874964,98464109,6,1,4.1,11.66,11.66,0.00
Rory Flanagan,11/07/2026,Newmarket,EXPERT TIPS,TRUE,Thoroughbred,6,4,BACK,WIN,,Double Rush,3,,259874971,38925288,6,0,9.8,-3.00,-3.00,0.00
Rory Flanagan,11/07/2026,Newmarket,EXPERT TIPS,TRUE,Thoroughbred,6,7,BACK,WIN,,Satono Reve,2,,259874971,46362041,6,0,3.34,-2.00,-2.00,0.00
Rory Flanagan,11/07/2026,Newmarket,EXPERT TIPS,TRUE,Thoroughbred,8,5,BACK,WIN,,Cape Fear,5,BEST BET,259874982,391258,6,0,1.97,-5.00,-5.00,-5.00
Mitch Lewis,11/07/2026,Randwick,EXPERT TIPS,FALSE,Thoroughbred,10,2,BACK,WIN,4,2. Swiftie Harriet,2,,259843998,91807096,10,0,6.37,-2.00,-2.00,0.00
Mitch Lewis,11/07/2026,Randwick,EXPERT TIPS,FALSE,Thoroughbred,3,3,BACK,WIN,8,3. Perfect Justice,1,BEST BET,259843935,762130,10,1,5.6,4.14,0.00,4.14
Mitch Lewis,11/07/2026,Randwick,EXPERT TIPS,FALSE,Thoroughbred,6,4,BACK,WIN,5,4. Prima Bella,1,,259843962,87379526,10,0,4.14,-1.00,0.00,0.00
Mitch Lewis,11/07/2026,Randwick,EXPERT TIPS,FALSE,Thoroughbred,9,2,BACK,WIN,4,2. Lugh,3,BEST BET,259843989,100454870,10,0,3.22,-3.00,0.00,-3.00
Stephen Christie,12/07/2026,Devonport,EXPERT TIPS,FALSE,Thoroughbred,3,7,BACK,WIN,5.5,7. Surf Soul,2,,259874700,80934278,8,0,6.24,-2.00,-2.00,0.00
Stephen Christie,12/07/2026,Devonport,EXPERT TIPS,FALSE,Thoroughbred,3,7,BACK,PLACE,5.5,7. Surf Soul,2,,259874701,80934278,8,0,1.96,-2.00,0.00,0.00
Stephen Christie,12/07/2026,Devonport,EXPERT TIPS,FALSE,Thoroughbred,5,9,BACK,WIN,5.8,9. Billie The Great,1,,259874712,95384853,8,0,15.5,-1.00,-1.00,0.00
Stephen Christie,12/07/2026,Devonport,EXPERT TIPS,FALSE,Thoroughbred,5,9,BACK,PLACE,5.8,9. Billie The Great,1,,259874713,95384853,8,1,2.55,1.43,0.00,0.00
Stephen Christie,12/07/2026,Devonport,EXPERT TIPS,FALSE,Thoroughbred,6,6,BACK,WIN,6,6. Cool Heart,1,,259874718,50880547,8,0,9.2,-1.00,-1.00,0.00
Stephen Christie,12/07/2026,Devonport,EXPERT TIPS,FALSE,Thoroughbred,6,6,BACK,PLACE,6,6. Cool Heart,1,,259874719,50880547,8,1,2.7,1.56,0.00,0.00
Stephen Christie,12/07/2026,Devonport,EXPERT TIPS,FALSE,Thoroughbred,7,3,BACK,WIN,2.8,3. Azonto,3,,259874724,96938971,8,0,4.56,-3.00,-3.00,0.00
Stephen Christie,12/07/2026,Devonport,EXPERT TIPS,FALSE,Thoroughbred,8,1,BACK,WIN,3.3,1. Dont Give Up,2,,259874730,87454507,8,1,3.45,4.51,4.51,0.00
Brett & Darren Carroll,12/07/2026,Terang,EXPERT TIPS,FALSE,Harness,5,6,BACK,WIN,3,6. Huxham Chubb,1,,259927010,79067598,8,1,2.03,0.95,0.00,0.00
Brett & Darren Carroll,12/07/2026,Terang,EXPERT TIPS,FALSE,Harness,6,4,BACK,WIN,2,4. Miss Muscle,2,,259927012,100455697,8,0,2.18,-2.00,-2.00,0.00
Brett & Darren Carroll,12/07/2026,Terang,EXPERT TIPS,FALSE,Harness,7,7,BACK,WIN,1.8,7. Gunforhire,3,BEST BET,259927014,87416714,8,0,3.6,-3.00,-3.00,-3.00
Brett & Darren Carroll,12/07/2026,Terang,EXPERT TIPS,FALSE,Harness,8,7,BACK,WIN,2.5,7. Keayang Phantom,2,,259927016,100455706,8,0,3.64,-2.00,-2.00,0.00
Scott Hill,13/07/2026,Pinjarra,EXPERT TIPS,FALSE,Harness,3,1,BACK,WIN,3,1. World Of Rock ,1,,259962917,100495178,8,0,12.88,-1.00,-1.00,0.00
Scott Hill,13/07/2026,Pinjarra,EXPERT TIPS,FALSE,Harness,4,3,BACK,WIN,4,3. Shecanplay,1,,259962919,72917814,8,0,13.5,-1.00,-1.00,0.00
Scott Hill,13/07/2026,Pinjarra,EXPERT TIPS,FALSE,Harness,5,1,BACK,WIN,2.2,1. Heavenly Bliss,2,,259962921,60860423,8,0,4.7,-2.00,-2.00,0.00
Scott Hill,13/07/2026,Pinjarra,EXPERT TIPS,FALSE,Harness,7,2,BACK,WIN,2.5,2. Ideal Diamond,2,,259962925,100027960,8,0,5.28,-2.00,-2.00,0.00
Scott Hill,13/07/2026,Pinjarra,EXPERT TIPS,FALSE,Harness,9,9,LAY,PLACE,2.2,9. Blameitonthenight,3,,259962930,15272474,8,1,4.13,-3.00,0.00,0.00
Michael Tye,13/07/2026,Sandown Park,EXPERT TIPS,FALSE,Greyhounds,1,6,BACK,WIN,2.45,6. Breach ,2,,259961938,100049720,8,1,2.26,2.32,0.00,0.00
Michael Tye,13/07/2026,Sandown Park,EXPERT TIPS,FALSE,Greyhounds,4,1,BACK,WIN,2.4,1. Snow Road ,3,,259961953,94984927,8,1,1.68,1.88,0.00,0.00
Michael Tye,13/07/2026,Sandown Park,EXPERT TIPS,FALSE,Greyhounds,5,2,BACK,WIN,2,2. Bold Assail ,3,BEST BET,259961958,97394742,8,1,1.75,2.07,0.00,2.07
Michael Tye,13/07/2026,Sandown Park,EXPERT TIPS,FALSE,Greyhounds,6,4,BACK,WIN,3.25,4. Cris Tessa ,2,,259961963,88466287,8,0,5.17,-2.00,-2.00,0.00
Michael Tye,13/07/2026,Sandown Park,EXPERT TIPS,FALSE,Greyhounds,8,5,LAY,WIN,2.2,5. Like A Rock ,2,BEST BET,259961973,6277622,8,0,2.4,1.31,0.00,1.31
Ryan Spice,14/07/2026,Albion Park,EXPERT TIPS,FALSE,Harness,1,5,BACK,WIN,2.4,5. Serena Love,2,,259995655,89970031,8,1,4.11,5.72,5.72,0.00
Ryan Spice,14/07/2026,Albion Park,EXPERT TIPS,FALSE,Harness,2,4,BACK,WIN,2.4,4. Harry The Hat,3,BEST BET,259995657,100292421,8,0,1.63,-3.00,0.00,-3.00
Ryan Spice,14/07/2026,Albion Park,EXPERT TIPS,FALSE,Harness,9,4,BACK,WIN,2,4. Luka Doncic,3,BEST BET,259995671,61931620,8,0,3.6,-3.00,-3.00,-3.00
Scott Hill,14/07/2026,Gloucester Park,EXPERT TIPS,FALSE,Harness,1,6,BACK,WIN,1.6,6. Bet Im Hot ,3,BEST BET,259995674,100495203,8,0,1.54,-3.00,0.00,-3.00
Scott Hill,14/07/2026,Gloucester Park,EXPERT TIPS,FALSE,Harness,2,6,LAY,WIN,4,6. Wicked Lover,3,,259995677,72961932,8,0,7.65,0.42,0.00,0.00
Scott Hill,14/07/2026,Gloucester Park,EXPERT TIPS,FALSE,Harness,3,3,BACK,WIN,4,3. Sound wave,1,,259995680,175088,8,0,14.43,-1.00,-1.00,0.00
Scott Hill,14/07/2026,Gloucester Park,EXPERT TIPS,FALSE,Harness,4,8,BACK,WIN,3.3,8. When In Vegas ,1,,259995683,11612818,8,0,4.53,-1.00,-1.00,0.00
Scott Hill,14/07/2026,Gloucester Park,EXPERT TIPS,FALSE,Harness,9,1,BACK,WIN,2.2,1. Spinner Of Yarns ,2,,259995698,45580896,8,0,5.4,-2.00,-2.00,0.00
Will Norman,14/07/2026,Menangle,EXPERT TIPS,FALSE,Harness,3,1,BACK,WIN,4.5,1. Last Lexus,1,,259995514,100495163,8,0,8.7,-1.00,-1.00,0.00
Will Norman,14/07/2026,Menangle,EXPERT TIPS,FALSE,Harness,4,1,BACK,WIN,2.5,1. Captain Ameliah,2,BEST BET,259995517,100495167,8,0,2.06,-2.00,0.00,-2.00
Brett & Darren Carroll,14/07/2026,Shepparton,EXPERT TIPS,FALSE,Harness,1,10,LAY,WIN,6,10. Whats The Tea,1,,259995639,43060076,8,0,8.69,0.12,0.00,0.00
Brett & Darren Carroll,14/07/2026,Shepparton,EXPERT TIPS,FALSE,Harness,3,5,BACK,WIN,1.5,5. Little Miss Morgan,4,BEST BET,259995643,100487780,8,0,1.59,-4.00,-4.00,-4.00
Brett & Darren Carroll,14/07/2026,Shepparton,EXPERT TIPS,FALSE,Harness,4,5,BACK,WIN,2,5. Capital Avenue,2,,259995645,100487784,8,0,2.26,-2.00,-2.00,0.00
Brett & Darren Carroll,14/07/2026,Shepparton,EXPERT TIPS,FALSE,Harness,6,2,BACK,WIN,3,2. Our Sweet Jeannie,1,,259995649,100487788,8,1,6.52,5.08,5.08,0.00
Brett & Darren Carroll,14/07/2026,Shepparton,EXPERT TIPS,FALSE,Harness,7,3,LAY,WIN,4,3. Clives Girl,1,,259995651,73405103,8,0,5.11,0.22,0.00,0.00
Brett & Darren Carroll,14/07/2026,Shepparton,EXPERT TIPS,FALSE,Harness,8,4,BACK,WIN,2.5,4. Maddaleez,1,,259995653,83985265,8,0,3.99,-1.00,-1.00,0.00
Lachlan Mosley,15/07/2026,Balaklava,EXPERT TIPS,FALSE,Thoroughbred,3,4,BACK,WIN,,4. Strong Minded ,2,,259996672,71082559,8,0,5.47,-2.00,-2.00,0.00
Lachlan Mosley,15/07/2026,Balaklava,EXPERT TIPS,FALSE,Thoroughbred,5,3,BACK,WIN,,3. Impending Diamond ,3,BEST BET,259996690,41988785,8,0,3.55,-3.00,-3.00,-3.00
Brett & Darren Carroll,15/07/2026,Melton,EXPERT TIPS,FALSE,Harness,1,3,BACK,WIN,2,3. Pistol Pearce,2,,260004447,83081308,8,0,3.8,-2.00,-2.00,0.00
Brett & Darren Carroll,15/07/2026,Melton,EXPERT TIPS,FALSE,Harness,1,9,BACK,WIN,4,9. Angels Watching,1,,260004447,75718815,8,0,4.18,-1.00,-1.00,0.00
Brett & Darren Carroll,15/07/2026,Melton,EXPERT TIPS,FALSE,Harness,2,8,LAY,WIN,9,8. Covered In Gold,2,BEST BET,260004450,2022513,8,0,5.65,0.40,0.40,0.40
Brett & Darren Carroll,15/07/2026,Melton,EXPERT TIPS,FALSE,Harness,3,3,LAY,WIN,9,3. Freak Out,2,,260004453,446833,8,1,6.98,-2.00,-2.00,0.00
Brett & Darren Carroll,15/07/2026,Melton,EXPERT TIPS,FALSE,Harness,5,8,BACK,WIN,1.8,8. Cool Story,3,BEST BET,260004459,70666776,8,1,1.86,2.37,2.37,2.37
Brett & Darren Carroll,15/07/2026,Melton,EXPERT TIPS,FALSE,Harness,5,3,BACK,WIN,5,3. Precious Belle,1,,260004459,2177110,8,0,5.8,-1.00,-1.00,0.00
Brett & Darren Carroll,15/07/2026,Melton,EXPERT TIPS,FALSE,Harness,7,4,BACK,WIN,1.9,4. Mynameisruby,1,,260004465,38344389,8,0,2.54,-1.00,-1.00,0.00
Brett & Darren Carroll,15/07/2026,Melton,EXPERT TIPS,FALSE,Harness,8,6,BACK,WIN,2,6. Joe Lou,1,,260004468,100293769,8,1,7.69,6.15,6.15,0.00
Jackson Oldham,15/07/2026,Sandown,EXPERT TIPS,FALSE,Thoroughbred,3,1,BACK,WIN,3.44,1. SIlent Shares ,2,BEST BET,259996769,100632361,8,1,3.58,4.75,4.75,4.75
Michael Tye,15/07/2026,The Meadows,EXPERT TIPS,FALSE,Greyhounds,1,1,LAY,WIN,3,1. Kiss For Cash,2,,260006308,99429391,8,0,3.13,0.86,0.00,0.00
Michael Tye,15/07/2026,The Meadows,EXPERT TIPS,FALSE,Greyhounds,11,8,LAY,WIN,4,8. Winning Ratio ,1,,260006358,82896611,8,0,2.35,0.68,0.68,0.00
Michael Tye,15/07/2026,The Meadows,EXPERT TIPS,FALSE,Greyhounds,4,1,BACK,WIN,1.85,1. Xaras Leon ,2,,260006323,99207552,8,1,1.46,0.85,0.00,0.00
Michael Tye,15/07/2026,The Meadows,EXPERT TIPS,FALSE,Greyhounds,6,3,LAY,WIN,3.85,3. Treble Beers ,2,BEST BET,260006333,83570159,8,1,4.39,-2.00,0.00,-2.00
Michael Tye,15/07/2026,The Meadows,EXPERT TIPS,FALSE,Greyhounds,8,7,LAY,WIN,4.8,7. Greysynd Sammy ,2,,260006343,70042864,8,0,2.4,1.31,1.31,0.00
Michael Tye,15/07/2026,The Meadows,EXPERT TIPS,FALSE,Greyhounds,9,6,BACK,WIN,1.68,6. Captain Easy,3,BEST BET,260006348,100633469,8,1,1.5,1.38,0.00,1.38
Mitch Lewis,15/07/2026,Warwick Farm,EXPERT TIPS,FALSE,Thoroughbred,3,3,BACK,WIN,3,3. Claudel,2,,259996513,100632193,10,0,3.5,-2.00,-2.00,0.00
Mitch Lewis,15/07/2026,Warwick Farm,EXPERT TIPS,FALSE,Thoroughbred,6,8,BACK,WIN,2.2,8. Jarrito,3,BEST BET,259996540,91748122,10,1,2.68,4.54,4.54,4.54
Jackson Oldham,16/07/2026,Cranbourne,EXPERT TIPS,FALSE,Thoroughbred,2,11,BACK,WIN,2.5,11. Majestic Son,2,BEST BET,260034517,100660954,8,0,2.13,-2.00,0.00,-2.00
Jackson Oldham,16/07/2026,Cranbourne,EXPERT TIPS,FALSE,Thoroughbred,4,14,LAY,WIN,3.6,14. From Yesterday,2,BEST BET,260034533,98925330,8,0,3.1,0.88,0.88,0.88
Mitch Lewis,16/07/2026,Kembla Grange,EXPERT TIPS,FALSE,Thoroughbred,7,1,BACK,WIN,2.5,1. Century Song,3,BEST BET,260034207,79843837,10,1,2.63,4.40,4.40,4.40
Mitch Lewis,16/07/2026,Kembla Grange,EXPERT TIPS,FALSE,Thoroughbred,8,4,BACK,WIN,3.5,4. Lets Go Again,2,,260034210,108353,10,1,3.5,4.50,4.50,0.00
Brett & Darren Carroll,16/07/2026,Kilmore,EXPERT TIPS,FALSE,Harness,3,9,BACK,WIN,2.5,9. Arraps,1,,260068334,38262856,8,0,3.35,-1.00,-1.00,0.00
Brett & Darren Carroll,16/07/2026,Kilmore,EXPERT TIPS,FALSE,Harness,4,2,BACK,WIN,1.5,2. Imon,3,BEST BET,260068336,100659576,8,1,1.09,0.25,0.00,0.25
Brett & Darren Carroll,16/07/2026,Kilmore,EXPERT TIPS,FALSE,Harness,5,7,LAY,WIN,6,7. Hitch To His Star,1,,260068338,80973853,8,0,11.44,0.09,0.00,0.00
Brett & Darren Carroll,16/07/2026,Kilmore,EXPERT TIPS,FALSE,Harness,6,1,BACK,WIN,2.4,1. Skybella,1,,260068340,100659580,8,0,1.83,-1.00,0.00,0.00
Brett & Darren Carroll,16/07/2026,Kilmore,EXPERT TIPS,FALSE,Harness,7,2,BACK,WIN,1.7,2. Farroh Joe,2,,260068342,97803882,8,1,2.23,2.26,2.26,0.00
Michael Tye,16/07/2026,Sandown Park,EXPERT TIPS,FALSE,Greyhounds,1,3,BACK,WIN,3.1,3. Little Monkey,2,,260072624,99658602,8,0,2.86,-2.00,0.00,0.00
Michael Tye,16/07/2026,Sandown Park,EXPERT TIPS,FALSE,Greyhounds,10,8,LAY,WIN,2.5,8. Wizard Watson,2,BEST BET,260072669,92390523,8,0,2.38,1.33,1.33,1.33
Michael Tye,16/07/2026,Sandown Park,EXPERT TIPS,FALSE,Greyhounds,11,1,LAY,WIN,2.4,1. Full Noise ,2,,260072674,3661303,8,1,1.58,-2.00,-2.00,0.00
Michael Tye,16/07/2026,Sandown Park,EXPERT TIPS,FALSE,Greyhounds,2,1,BACK,WIN,11,1. Count The Stars ,2,,260072629,79258600,8,0,4.16,-2.00,0.00,0.00
Michael Tye,16/07/2026,Sandown Park,EXPERT TIPS,FALSE,Greyhounds,4,5,BACK,WIN,1.95,5. In Bloom,3,BEST BET,260072639,7303759,8,1,1.54,1.49,0.00,1.49
Michael Tye,16/07/2026,Sandown Park,EXPERT TIPS,FALSE,Greyhounds,9,2,BACK,WIN,2.65,2. Wonderful Work ,2,,260072664,99399391,8,0,2.38,-2.00,0.00,0.00
Michael Tye,17/07/2026,Geelong,EXPERT TIPS,FALSE,Greyhounds,10,5,BACK,WIN,4.8,5. Sketchy Demos,1,,260095105,70247754,8,0,9.96,-1.00,-1.00,0.00
Michael Tye,17/07/2026,Geelong,EXPERT TIPS,FALSE,Greyhounds,2,3,BACK,WIN,3,3. Aston Morialta,3,,260095065,100693850,8,1,2.58,4.36,0.00,0.00
Michael Tye,17/07/2026,Geelong,EXPERT TIPS,FALSE,Greyhounds,4,2,BACK,WIN,3.15,2. Solid Groove,2,,260095075,99984476,8,1,2.48,2.72,0.00,0.00
Michael Tye,17/07/2026,Geelong,EXPERT TIPS,FALSE,Greyhounds,5,3,BACK,WIN,5,3. Blackpool Finn,2,,260095080,100455421,8,0,11,-2.00,-2.00,0.00
Michael Tye,17/07/2026,Geelong,EXPERT TIPS,FALSE,Greyhounds,7,2,BACK,WIN,1.85,2. Impetuously,3,BEST BET,260095090,100693861,8,1,2.43,3.95,3.95,3.95
Michael Tye,17/07/2026,Geelong,EXPERT TIPS,FALSE,Greyhounds,7,2,BACK,PLACE,1.85,2. Impetuously,3,BEST BET,260095091,100693861,8,1,1.46,1.27,0.00,1.27
Michael Tye,17/07/2026,Geelong,EXPERT TIPS,FALSE,Greyhounds,9,1,LAY,WIN,6,1. Idyllic James ,2,BEST BET,260095100,66204383,8,0,5.96,0.37,0.37,0.37
Scott Hill,17/07/2026,Gloucester Park,EXPERT TIPS,FALSE,Harness,1,8,BACK,WIN,1.65,8. Hez The Boss,3,,260094449,95546389,8,1,2.14,3.15,3.15,0.00
Scott Hill,17/07/2026,Gloucester Park,EXPERT TIPS,FALSE,Harness,10,2,BACK,WIN,2,2. Up And Alive ,3,BEST BET,260094476,70107121,8,0,2.65,-3.00,-3.00,-3.00
Scott Hill,17/07/2026,Gloucester Park,EXPERT TIPS,FALSE,Harness,2,5,BACK,WIN,5,5. True Grit,1,,260094452,4032493,8,0,19.5,-1.00,-1.00,0.00
Scott Hill,17/07/2026,Gloucester Park,EXPERT TIPS,FALSE,Harness,3,4,BACK,WIN,4,4. Ideal Interest ,1,,260094455,68170224,8,0,6.94,-1.00,-1.00,0.00
Scott Hill,17/07/2026,Gloucester Park,EXPERT TIPS,FALSE,Harness,5,4,BACK,WIN,3.3,4. Blaze Away ,1,,260094461,53126802,8,0,8.68,-1.00,-1.00,0.00
Scott Hill,17/07/2026,Gloucester Park,EXPERT TIPS,FALSE,Harness,8,3,BACK,WIN,2.2,3. Raklou,2,,260094470,99981009,8,0,4.44,-2.00,-2.00,0.00
Scott Hill,17/07/2026,Gloucester Park,EXPERT TIPS,FALSE,Harness,9,9,LAY,WIN,4,9. Curadh,3,,260094473,91125724,8,0,4.1,0.89,0.00,0.00
Brett & Darren Carroll,17/07/2026,Mildura,EXPERT TIPS,FALSE,Harness,1,2,BACK,WIN,2,2. Serg Blanco,2,BEST BET,260092737,44343438,8,1,1.57,1.05,0.00,1.05
Jackson Oldham,17/07/2026,Mildura,EXPERT TIPS,FALSE,Thoroughbred,3,2,BACK,WIN,1.7,2. Just Like Jagger ,2,BEST BET,260070537,19769709,8,0,1.66,-2.00,0.00,-2.00
Brett & Darren Carroll,17/07/2026,Mildura,EXPERT TIPS,FALSE,Harness,4,7,BACK,WIN,2.5,7. Sunshine Warrior,1,,260092743,6711946,8,0,5.6,-1.00,-1.00,0.00
Brett & Darren Carroll,17/07/2026,Mildura,EXPERT TIPS,FALSE,Harness,5,7,BACK,WIN,1.9,7. Eyesealittle,1,,260092745,91062274,8,0,5.56,-1.00,-1.00,0.00
Jackson Oldham,17/07/2026,Mildura,EXPERT TIPS,FALSE,Thoroughbred,6,4,LAY,WIN,5,4. Male Model,2,BEST BET,260070562,68383243,8,1,5.59,-2.00,0.00,-2.00
Brett & Darren Carroll,17/07/2026,Mildura,EXPERT TIPS,FALSE,Harness,7,10,BACK,WIN,1.5,10. Out To Stay,2,,260092749,92117364,8,0,1.64,-2.00,-2.00,0.00
Lachlan Mosley,17/07/2026,Murray Bridge,EXPERT TIPS,FALSE,Thoroughbred,2,6,BACK,WIN,,6. On Tik ,1,,260071843,75392012,8,0,15,-1.00,-1.00,0.00
Lachlan Mosley,17/07/2026,Murray Bridge,EXPERT TIPS,FALSE,Thoroughbred,2,6,BACK,PLACE,,6. On Tik ,1,,260071844,75392012,8,1,3.4,2.21,2.21,0.00
Lachlan Mosley,17/07/2026,Murray Bridge,EXPERT TIPS,FALSE,Thoroughbred,3,12,BACK,WIN,,12. Star Serpent ,1,,260071849,93206419,8,0,17.63,-1.00,-1.00,0.00
Lachlan Mosley,17/07/2026,Murray Bridge,EXPERT TIPS,FALSE,Thoroughbred,3,12,BACK,PLACE,,12. Star Serpent ,1,,260071850,93206419,8,0,4.1,-1.00,-1.00,0.00
Lachlan Mosley,17/07/2026,Murray Bridge,EXPERT TIPS,FALSE,Thoroughbred,4,9,BACK,WIN,,9. Navy Rok,3,BEST BET,260071855,100693627,8,0,2.03,-3.00,-3.00,-3.00
Lachlan Mosley,17/07/2026,Murray Bridge,EXPERT TIPS,FALSE,Thoroughbred,6,12,BACK,WIN,,12. Fiabesca ,2,,260071867,89669491,8,0,12.08,-2.00,-2.00,0.00
Lachlan Mosley,17/07/2026,Murray Bridge,EXPERT TIPS,FALSE,Thoroughbred,6,12,BACK,PLACE,,12. Fiabesca ,2,,260071868,89669491,8,0,3.75,-2.00,-2.00,0.00
Lachlan Mosley,17/07/2026,Murray Bridge,EXPERT TIPS,FALSE,Thoroughbred,7,4,BACK,WIN,,4. Nostryia ,2,,260071873,51616004,8,0,11.68,-2.00,-2.00,0.00
Lachlan Mosley,17/07/2026,Murray Bridge,EXPERT TIPS,FALSE,Thoroughbred,7,4,BACK,PLACE,,4. Nostryia ,2,,260071874,51616004,8,1,3.88,5.30,5.30,0.00
Will Norman,17/07/2026,Newcastle,EXPERT TIPS,FALSE,Harness,1,2,BACK,WIN,2,2. Stay Foolish,2,BEST BET,260095825,7817827,8,0,3.45,-2.00,-2.00,-2.00
Will Norman,17/07/2026,Newcastle,EXPERT TIPS,FALSE,Harness,2,2,LAY,WIN,5,2. Rocknroll Rocket,1,,260095828,90181431,8,0,7.49,0.14,0.00,0.00
Will Norman,17/07/2026,Newcastle,EXPERT TIPS,FALSE,Harness,6,5,BACK,WIN,2.2,5. Eye Can Ear Amour,2,,260095840,90716995,8,1,2.23,2.26,2.26,0.00
Will Norman,17/07/2026,Newcastle,EXPERT TIPS,FALSE,Harness,8,7,LAY,WIN,4,7. Maywyns Mighty Mac,1,,260095846,68350155,8,0,3.45,0.38,0.38,0.00
Ryan Spice,18/07/2026,Albion Park,EXPERT TIPS,FALSE,Harness,1,8,BACK,PLACE,1.5,8. Luvtobeuptome,3,,260073300,100659654,8,1,1.55,1.52,1.52,0.00
Ryan Spice,18/07/2026,Albion Park,EXPERT TIPS,FALSE,Harness,2,3,BACK,WIN,2,3. Fate Awaits,3,,260073302,67083323,8,0,2.1,-3.00,-3.00,0.00
Ryan Spice,18/07/2026,Albion Park,EXPERT TIPS,FALSE,Harness,3,6,BACK,WIN,4,6. Speak The Truth,2,,260073305,1194733,8,0,7.73,-2.00,-2.00,0.00
Ryan Spice,18/07/2026,Albion Park,EXPERT TIPS,FALSE,Harness,4,9,BACK,WIN,2.5,9. Sparkling Sea,4,BEST BET,260073308,4397166,8,0,2.62,-4.00,-4.00,-4.00
Ryan Spice,18/07/2026,Albion Park,EXPERT TIPS,FALSE,Harness,5,8,BACK,WIN,6,8. Rewatch,1,,260073311,95033150,8,0,5.6,-1.00,0.00,0.00
Ryan Spice,18/07/2026,Albion Park,EXPERT TIPS,FALSE,Harness,5,8,BACK,PLACE,2.2,8. Rewatch,3,,260073312,95033150,8,0,1.96,-3.00,0.00,0.00
Ryan Spice,18/07/2026,Albion Park,EXPERT TIPS,FALSE,Harness,6,1,BACK,WIN,5,1. Lux Aeterna,1,,260073314,71354292,8,0,4.2,-1.00,0.00,0.00
Ryan Spice,18/07/2026,Albion Park,EXPERT TIPS,FALSE,Harness,6,1,BACK,PLACE,1.8,1. Lux Aeterna,3,,260073315,71354292,8,1,1.63,1.74,0.00,0.00
Ryan Spice,18/07/2026,Albion Park,EXPERT TIPS,FALSE,Harness,7,8,BACK,WIN,8,8. Lovemeto,1,,260073317,53346738,8,0,12,-1.00,-1.00,0.00
Ryan Spice,18/07/2026,Albion Park,EXPERT TIPS,FALSE,Harness,7,8,BACK,PLACE,2.5,8. Lovemeto,3,,260073318,53346738,8,0,2.62,-3.00,-3.00,0.00
Terry Leighton,18/07/2026,Belmont,EXPERT TIPS,FALSE,Thoroughbred,1,7,BACK,WIN,7,7. Godspeed,1,,260076892,5245912,8,0,4.7,-1.00,0.00,0.00
Terry Leighton,18/07/2026,Belmont,EXPERT TIPS,FALSE,Thoroughbred,2,7,BACK,WIN,4.1,7. Snipers Son,2,,260076901,80678997,8,0,6.41,-2.00,-2.00,0.00
Terry Leighton,18/07/2026,Belmont,EXPERT TIPS,FALSE,Thoroughbred,3,3,BACK,WIN,1.75,3. Ladies Pro,3,,260076910,100695144,8,1,1.65,1.79,0.00,0.00
Terry Leighton,18/07/2026,Belmont,EXPERT TIPS,FALSE,Thoroughbred,6,4,BACK,WIN,7,4. Supernatural,1,,260076937,12474673,8,0,5.88,-1.00,0.00,0.00
Terry Leighton,18/07/2026,Belmont,EXPERT TIPS,FALSE,Thoroughbred,6,4,BACK,PLACE,7,4. Supernatural,1,,260076938,12474673,8,1,2.47,1.35,0.00,0.00
Terry Leighton,18/07/2026,Belmont,EXPERT TIPS,FALSE,Thoroughbred,7,9,BACK,WIN,2.05,9. Want A Winner,3,,260076946,86347933,8,0,2.7,-3.00,-3.00,0.00
Terry Leighton,18/07/2026,Belmont,EXPERT TIPS,FALSE,Thoroughbred,8,13,BACK,WIN,3.1,13. In Confidence,3,BEST BET,260076955,100695160,8,1,3.1,5.80,5.80,5.80
Trent Crebbin,18/07/2026,Flemington,EXPERT TIPS,FALSE,Thoroughbred,1,4,BACK,WIN,3,4. Delahra,1,,260072756,100694809,8,0,7.06,-1.00,-1.00,0.00
Ben Asgari,18/07/2026,Flemington,EXPERT TIPS,FALSE,Thoroughbred,3,3,BACK,WIN,4.5,3. Changing Colours,1,,260072774,93827208,8,1,4.58,3.29,3.29,0.00
Trent Crebbin,18/07/2026,Flemington,EXPERT TIPS,FALSE,Thoroughbred,4,3,BACK,WIN,6,3. Davida,1,,260072783,12645810,8,0,7,-1.00,-1.00,0.00
Nick Noonan,18/07/2026,Flemington,EXPERT TIPS,FALSE,Thoroughbred,4,11,BACK,WIN,,11. Salizou ,1,,260072783,100694820,8,1,27.04,23.96,23.96,0.00
Jackson Oldham,18/07/2026,Flemington,EXPERT TIPS,FALSE,Thoroughbred,4,3,BACK,WIN,4,3. Davida,2,BEST BET,260072783,12645810,8,0,7,-2.00,-2.00,-2.00
Ben Asgari,18/07/2026,Flemington,EXPERT TIPS,FALSE,Thoroughbred,4,3,BACK,WIN,6,3. Davida,1,,260072783,12645810,8,0,7,-1.00,-1.00,0.00
Ben Asgari,18/07/2026,Flemington,EXPERT TIPS,FALSE,Thoroughbred,4,3,BACK,PLACE,6,3. Davida,1,,260072784,12645810,8,0,2.46,-1.00,0.00,0.00
Trent Crebbin,18/07/2026,Flemington,EXPERT TIPS,FALSE,Thoroughbred,5,3,BACK,WIN,6,3. Flying Done,1,,260072792,84431116,8,0,8.94,-1.00,-1.00,0.00
Trent Crebbin,18/07/2026,Flemington,EXPERT TIPS,FALSE,Thoroughbred,6,3,BACK,WIN,3.5,3. Black Run,2,,260072801,35546173,8,0,9.33,-2.00,-2.00,0.00
Nick Noonan,18/07/2026,Flemington,EXPERT TIPS,FALSE,Thoroughbred,6,6,BACK,WIN,,6. Highland Blaze,2,,260072801,63326479,8,0,2.76,-2.00,-2.00,0.00
Ben Asgari,18/07/2026,Flemington,EXPERT TIPS,FALSE,Thoroughbred,7,3,BACK,WIN,7.5,3. Royal Insignia,1,,260072810,1514655,8,0,10.62,-1.00,-1.00,0.00
Trent Crebbin,18/07/2026,Flemington,EXPERT TIPS,FALSE,Thoroughbred,7,6,BACK,WIN,10,6. Betwitchery,1,,260072810,73991719,8,0,14.5,-1.00,-1.00,0.00
Ben Asgari,18/07/2026,Flemington,EXPERT TIPS,FALSE,Thoroughbred,8,2,BACK,WIN,5,2. Saint George,2,,260072819,7379756,8,1,5,7.36,7.36,0.00
Trent Crebbin,18/07/2026,Flemington,EXPERT TIPS,FALSE,Thoroughbred,8,2,BACK,WIN,5,2. Saint George,1,,260072819,7379756,8,1,5,3.68,3.68,0.00
Nick Noonan,18/07/2026,Flemington,EXPERT TIPS,FALSE,Thoroughbred,8,2,BACK,WIN,,2. Saint George,1,,260072819,7379756,8,1,5,3.68,3.68,0.00
Jackson Oldham,18/07/2026,Flemington,EXPERT TIPS,FALSE,Thoroughbred,8,12,LAY,WIN,8,12. Think Giant,3,BEST BET,260072819,100694838,8,0,5.73,0.58,0.58,0.58
Trent Crebbin,18/07/2026,Flemington,EXPERT TIPS,FALSE,Thoroughbred,8,1,BACK,WIN,8,1. Bankers Choice,1,,260072819,2441564,8,0,13.5,-1.00,-1.00,0.00
Tom Haylock,18/07/2026,Flemington,EXPERT TIPS,FALSE,Thoroughbred,8,12,LAY,WIN,,12. Think Giant,2,,260072819,100694838,8,0,5.73,0.39,0.39,0.00
Tom Haylock,18/07/2026,Flemington,EXPERT TIPS,FALSE,Thoroughbred,8,12,LAY,PLACE,,12. Think Giant,2,,260072820,100694838,8,0,2.47,1.25,1.25,0.00
Ben Asgari,18/07/2026,Flemington,EXPERT TIPS,FALSE,Thoroughbred,9,11,BACK,WIN,3,11. Street Artist,3,,260072828,88069483,8,0,2.83,-3.00,0.00,0.00
Trent Crebbin,18/07/2026,Flemington,EXPERT TIPS,FALSE,Thoroughbred,9,4,BACK,WIN,4.5,4. Prima Bella,1,,260072828,87379526,8,1,8.8,7.18,7.18,0.00
Nick Noonan,18/07/2026,Flemington,EXPERT TIPS,FALSE,Thoroughbred,9,11,BACK,WIN,,11. Street Artist ,1,,260072828,88069483,8,0,2.83,-1.00,-1.00,0.00
Ben Asgari,18/07/2026,Flemington,EXPERT TIPS,FALSE,Thoroughbred,9,2,BACK,WIN,9,2. Nimbustwothousand,1,,260072828,100694839,8,0,10.65,-1.00,-1.00,0.00
Ben Asgari,18/07/2026,Flemington,EXPERT TIPS,FALSE,Thoroughbred,9,13,LAY,WIN,6,13. Next Step Iowa,2,,260072828,100694841,8,0,5.1,0.45,0.45,0.00
Brett & Darren Carroll,18/07/2026,Melton,EXPERT TIPS,FALSE,Harness,2,5,BACK,WIN,2.8,5. No Money No Honey,1,,260120564,13427974,8,0,3.31,-1.00,-1.00,0.00
Brett & Darren Carroll,18/07/2026,Melton,EXPERT TIPS,FALSE,Harness,2,10,BACK,WIN,3.2,10. Kyvalley Michael,1,,260120564,70218229,8,0,5.16,-1.00,-1.00,0.00
Brett & Darren Carroll,18/07/2026,Melton,EXPERT TIPS,FALSE,Harness,5,7,BACK,WIN,1.8,7. Ijustcalledtosay,3,BEST BET,260120573,86018701,8,0,2.88,-3.00,-3.00,-3.00
Brett & Darren Carroll,18/07/2026,Melton,EXPERT TIPS,FALSE,Harness,6,2,LAY,WIN,2.2,2. The Art Of Success,2,BEST BET,260120576,100662584,8,1,1.27,-2.00,-2.00,-2.00
Brett & Darren Carroll,18/07/2026,Melton,EXPERT TIPS,FALSE,Harness,7,4,BACK,WIN,2,4. Keayang Phantom,1,,260120579,100662587,8,0,2.07,-1.00,-1.00,0.00
Will Norman,18/07/2026,Menangle,EXPERT TIPS,FALSE,Harness,1,7,BACK,WIN,2,7. No Notthebuttons,1,,260119848,85513632,8,0,1.44,-1.00,0.00,0.00
Will Norman,18/07/2026,Menangle,EXPERT TIPS,FALSE,Harness,3,5,BACK,WIN,4,5. I Got Chills,1,,260119854,83711831,8,0,5.7,-1.00,-1.00,0.00
Will Norman,18/07/2026,Menangle,EXPERT TIPS,FALSE,Harness,4,10,LAY,WIN,4,10. Sweet Ideal,1,,260119857,86307042,8,0,2.19,0.77,0.77,0.00
Will Norman,18/07/2026,Menangle,EXPERT TIPS,FALSE,Harness,5,7,BACK,WIN,1.6,7. Sao Paulo Simba,2,BEST BET,260119860,87209353,8,1,2.21,2.23,2.23,2.23
Lachlan Mosley,18/07/2026,Morphettville,EXPERT TIPS,FALSE,Thoroughbred,4,10,BACK,WIN,,10. Percidian,2,,260072865,71403417,8,0,12.27,-2.00,-2.00,0.00
Lachlan Mosley,18/07/2026,Morphettville,EXPERT TIPS,FALSE,Thoroughbred,4,1,BACK,WIN,,1. Big Sue ,2,,260072865,42248670,8,1,16,27.60,27.60,0.00
Lachlan Mosley,18/07/2026,Morphettville,EXPERT TIPS,FALSE,Thoroughbred,4,1,BACK,PLACE,,1. Big Sue ,2,,260072866,42248670,8,1,3.9,5.34,5.34,0.00
Lachlan Mosley,18/07/2026,Morphettville,EXPERT TIPS,FALSE,Thoroughbred,7,7,BACK,WIN,,7. Crown Mint ,2,,260072892,36120824,8,0,11.57,-2.00,-2.00,0.00
Lachlan Mosley,18/07/2026,Morphettville,EXPERT TIPS,FALSE,Thoroughbred,7,7,BACK,PLACE,,7. Crown Mint ,2,,260072893,36120824,8,0,3,-2.00,-2.00,0.00
Lachlan Mosley,18/07/2026,Morphettville,EXPERT TIPS,FALSE,Thoroughbred,8,9,BACK,WIN,,9. Dreams Fulfilled ,2,,260072901,100693741,8,0,17.83,-2.00,-2.00,0.00
Lachlan Mosley,18/07/2026,Morphettville,EXPERT TIPS,FALSE,Thoroughbred,8,9,BACK,PLACE,,9. Dreams Fulfilled ,2,,260072902,100693741,8,0,4.07,-2.00,-2.00,0.00
Lachlan Mosley,18/07/2026,Morphettville,EXPERT TIPS,FALSE,Thoroughbred,9,1,BACK,WIN,,1. Omaha Dawn ,2,,260072910,87676736,8,0,3.95,-2.00,-2.00,0.00
Lachlan Mosley,18/07/2026,Morphettville,EXPERT TIPS,FALSE,Thoroughbred,9,8,BACK,WIN,,8. Halliwell,1,,260072910,890829,8,0,22,-1.00,-1.00,0.00
Mitch Lewis,18/07/2026,Rosehill,EXPERT TIPS,FALSE,Thoroughbred,10,12,LAY,WIN,5,12. Columbia Blue,1,BEST BET,260070895,100694205,10,1,2.49,-1.00,-1.00,-1.00
Mitch Lewis,18/07/2026,Rosehill,EXPERT TIPS,FALSE,Thoroughbred,6,3,BACK,WIN,3,3. Sword Of Legacy,2,,260070859,100694189,10,1,2.23,2.21,0.00,0.00
Brett & Darren Carroll,19/07/2026,Cranbourne,EXPERT TIPS,FALSE,Harness,1,7,BACK,WIN,1.9,7. Rocky Pacific,1,,260136099,100720003,8,0,6.8,-1.00,-1.00,0.00
Brett & Darren Carroll,19/07/2026,Cranbourne,EXPERT TIPS,FALSE,Harness,3,5,BACK,WIN,1.9,5. Inexorable,2,,260136103,53751776,8,1,1.49,0.90,0.00,0.00
Brett & Darren Carroll,19/07/2026,Cranbourne,EXPERT TIPS,FALSE,Harness,4,4,BACK,WIN,2.2,4. Vivid Dream,1,,260136105,65732755,8,1,1.62,0.57,0.00,0.00
Brett & Darren Carroll,19/07/2026,Cranbourne,EXPERT TIPS,FALSE,Harness,5,6,BACK,WIN,2.4,6. Tommys Lookout,1,,260136107,90325162,8,0,4.75,-1.00,-1.00,0.00
Brett & Darren Carroll,19/07/2026,Cranbourne,EXPERT TIPS,FALSE,Harness,5,1,BACK,WIN,3.2,1. Hurricane Hooly,1,,260136107,69162521,8,0,4,-1.00,-1.00,0.00
Brett & Darren Carroll,19/07/2026,Cranbourne,EXPERT TIPS,FALSE,Harness,6,6,BACK,WIN,1.55,6. Skyvalley Boy,3,BEST BET,260136109,78047756,8,0,2.03,-3.00,-3.00,-3.00
Stephen Christie,19/07/2026,Hobart,EXPERT TIPS,FALSE,Thoroughbred,1,1,BACK,WIN,4,1. Authorised Access,1,,260121993,100693214,8,0,4.5,-1.00,-1.00,0.00
Stephen Christie,19/07/2026,Hobart,EXPERT TIPS,FALSE,Thoroughbred,2,4,BACK,WIN,2.7,4. Gold Armour ,1,,260121999,100232402,8,0,2.7,-1.00,-1.00,0.00
Stephen Christie,19/07/2026,Hobart,EXPERT TIPS,FALSE,Thoroughbred,2,5,BACK,WIN,3.8,5. Gold Tianna,1,,260121999,94688449,8,1,3.94,2.70,2.70,0.00
Stephen Christie,19/07/2026,Hobart,EXPERT TIPS,FALSE,Thoroughbred,4,6,BACK,WIN,5,6. Verhoeven,1,,260122011,89921570,8,0,6.8,-1.00,-1.00,0.00
Stephen Christie,19/07/2026,Hobart,EXPERT TIPS,FALSE,Thoroughbred,7,6,BACK,WIN,5,6. ShBourne Midnight,1,,260122029,80856600,8,0,5.17,-1.00,-1.00,0.00
Stephen Christie,19/07/2026,Hobart,EXPERT TIPS,FALSE,Thoroughbred,7,13,BACK,WIN,12.5,13. The Longest Yard,1,,260122029,100693243,8,0,18.5,-1.00,-1.00,0.00
Stephen Christie,19/07/2026,Hobart,EXPERT TIPS,FALSE,Thoroughbred,8,9,BACK,WIN,6.5,9. Thisismyturf ,1,,260122035,48198699,8,0,9.8,-1.00,-1.00,0.00
Stephen Christie,19/07/2026,Hobart,EXPERT TIPS,FALSE,Thoroughbred,8,6,BACK,WIN,6.5,6. Sir Jag,1,,260122035,76006059,8,0,6,-1.00,0.00,0.00
Scott Hill,20/07/2026,Gloucester Park,EXPERT TIPS,FALSE,Harness,1,5,BACK,WIN,$1.10,5. Kisora,5,BEST BET,260192325,100748345,8,0,1.92,-5.00,-5.00,-5.00
Scott Hill,20/07/2026,Gloucester Park,EXPERT TIPS,FALSE,Harness,4,10,BACK,WIN,$3.30,10. Travelban,1,,260192334,76055924,8,0,8.31,-1.00,-1.00,0.00
Scott Hill,20/07/2026,Gloucester Park,EXPERT TIPS,FALSE,Harness,5,4,BACK,WIN,$2.50,4. Whos The Dad,2,,260192337,38629274,8,0,4.1,-2.00,-2.00,0.00
Scott Hill,20/07/2026,Gloucester Park,EXPERT TIPS,FALSE,Harness,7,10,LAY,WIN,$5.00,10. Tommy Price ,3,,260192343,76407687,8,0,4.65,0.76,0.76,0.00
Scott Hill,20/07/2026,Gloucester Park,EXPERT TIPS,FALSE,Harness,8,5,BACK,WIN,$3.30,5. Ashby,1,,260192346,31373356,8,0,6.5,-1.00,-1.00,0.00
Michael Tye,20/07/2026,Sandown Park,EXPERT TIPS,FALSE,Greyhounds,10,4,BACK,WIN,$2.10,4. Paw Vortex,2,,260192239,73994328,8,1,1.75,1.38,0.00,0.00
Michael Tye,20/07/2026,Sandown Park,EXPERT TIPS,FALSE,Greyhounds,11,2,BACK,WIN,$1.70,2. Bandit Swagger ,4,BEST BET,260192244,96696336,8,1,1.5,1.84,0.00,1.84
Michael Tye,20/07/2026,Sandown Park,EXPERT TIPS,FALSE,Greyhounds,2,8,BACK,WIN,$1.65,8. Bold Thruster ,2,,260192199,100749835,8,0,1.98,-2.00,-2.00,0.00
Michael Tye,20/07/2026,Sandown Park,EXPERT TIPS,FALSE,Greyhounds,4,6,LAY,WIN,$2.50,6. Carry On Maci ,3,BEST BET,260192209,93022461,8,0,3.32,1.19,0.00,1.19
Michael Tye,20/07/2026,Sandown Park,EXPERT TIPS,FALSE,Greyhounds,5,3,BACK,WIN,$2.20,3. Mi Amigo Diablo ,2,,260192214,98709307,8,1,1.8,1.47,0.00,0.00
Michael Tye,20/07/2026,Sandown Park,EXPERT TIPS,FALSE,Greyhounds,8,1,BACK,WIN,$2.20,1. Motor City Rossi ,3,,260192229,72681060,8,0,1.81,-3.00,0.00,0.00
Jackson Oldham,21/07/2026,Moe,EXPERT TIPS,FALSE,Thoroughbred,3,10,BACK,WIN,$2.90,10. Seven Day Rebels,2,BEST BET,260192366,100749660,8,0,4.4,-2.00,-2.00,-2.00
Jackson Oldham,21/07/2026,Moe,EXPERT TIPS,FALSE,Thoroughbred,7,10,LAY,WIN,$4.80,10. My Bonnie Lassie,2,BEST BET,260192398,98214022,8,0,6.18,0.36,0.00,0.36
Scott Hill,21/07/2026,Narrogin,EXPERT TIPS,FALSE,Harness,1,10,BACK,WIN,$3.30,10. Local Resident ,1,,260196771,70892724,8,1,4.51,3.23,3.23,0.00
Scott Hill,21/07/2026,Narrogin,EXPERT TIPS,FALSE,Harness,2,8,BACK,WIN,$4.00,8. Major Buzz,1,,260196773,53893045,8,0,6.6,-1.00,-1.00,0.00
Scott Hill,21/07/2026,Narrogin,EXPERT TIPS,FALSE,Harness,3,6,LAY,PLACE,$2.50,6. Stirup Iron Jack,3,,260196776,37797482,8,0,6.57,0.50,0.00,0.00
Scott Hill,21/07/2026,Narrogin,EXPERT TIPS,FALSE,Harness,4,2,BACK,WIN,$2.80,2. Jaxon Morgan,2,,260196777,42036181,8,0,3,-2.00,-2.00,0.00
Scott Hill,21/07/2026,Narrogin,EXPERT TIPS,FALSE,Harness,8,2,BACK,WIN,$1.20,2. Ideal Headline,5,BEST BET,260196785,100748721,8,0,1.68,-5.00,-5.00,-5.00
Brett & Darren Carroll,21/07/2026,Shepparton,EXPERT TIPS,FALSE,Harness,1,9,BACK,WIN,$1.90,9. Iamawingate,2,,260196737,35833864,8,1,2.14,2.10,2.10,0.00
Brett & Darren Carroll,21/07/2026,Shepparton,EXPERT TIPS,FALSE,Harness,4,8,BACK,WIN,$1.70,8. Esthers Best,3,BEST BET,260196743,100722602,8,1,3.48,6.84,6.84,6.84
Brett & Darren Carroll,21/07/2026,Shepparton,EXPERT TIPS,FALSE,Harness,8,3,BACK,WIN,$2.00,3. Pleasure To Have,2,,260196751,100722608,8,1,2.98,3.64,3.64,0.00
Mitch Lewis,22/07/2026,Canterbury,EXPERT TIPS,FALSE,Thoroughbred,1,3,BACK,WIN,$3.00,3. The Little General,2,,260226116,100860581,10,0,3.88,-2.00,-2.00,0.00
Mitch Lewis,22/07/2026,Canterbury,EXPERT TIPS,FALSE,Thoroughbred,3,2,BACK,WIN,$2.00,2. Krasina,3,BEST BET,260226134,100860588,10,1,2.12,3.02,3.02,3.02
Mitch Lewis,22/07/2026,Canterbury,EXPERT TIPS,FALSE,Thoroughbred,7,5,BACK,WIN,$10.00,5. Stockholm,1,,260226170,59995080,10,0,32,-1.00,-1.00,0.00
Mitch Lewis,22/07/2026,Canterbury,EXPERT TIPS,FALSE,Thoroughbred,7,5,BACK,PLACE,$10.00,5. Stockholm,1,,260226171,59995080,10,0,6.68,-1.00,0.00,0.00
Brett & Darren Carroll,22/07/2026,Kilmore,EXPERT TIPS,FALSE,Harness,1,7,LAY,WIN,$8.00,7. Bettor Punter,2,BEST BET,260260797,96566313,8,0,18.89,0.10,0.00,0.10
Brett & Darren Carroll,22/07/2026,Kilmore,EXPERT TIPS,FALSE,Harness,3,8,BACK,WIN,$1.90,8. Joe Lou,1,,260260801,86018692,8,0,16.53,-1.00,-1.00,0.00
Brett & Darren Carroll,22/07/2026,Kilmore,EXPERT TIPS,FALSE,Harness,4,7,BACK,WIN,$2.80,7. Highview Hammer,1,,260260803,47638239,8,0,4.8,-1.00,-1.00,0.00
Brett & Darren Carroll,22/07/2026,Kilmore,EXPERT TIPS,FALSE,Harness,5,6,BACK,WIN,$1.45,6. The Last Trip,3,BEST BET,260260805,72240193,8,1,1.27,0.75,0.00,0.75
Brett & Darren Carroll,22/07/2026,Kilmore,EXPERT TIPS,FALSE,Harness,7,3,BACK,WIN,$2.40,3. Scar,1,,260260809,1319836,8,1,5.9,4.51,4.51,0.00
Brett & Darren Carroll,22/07/2026,Kilmore,EXPERT TIPS,FALSE,Harness,8,1,BACK,WIN,$2.00,1. Takao,1,,260260811,99657638,8,1,3.1,1.93,1.93,0.00
Lachlan Mosley,22/07/2026,Murray Bridge,EXPERT TIPS,FALSE,Thoroughbred,5,7,BACK,WIN,,7. Geetee Forty ,2,,260224966,3091688,8,0,7.2,-2.00,-2.00,0.00
Lachlan Mosley,22/07/2026,Murray Bridge,EXPERT TIPS,FALSE,Thoroughbred,5,7,BACK,PLACE,,7. Geetee Forty ,2,,260224967,3091688,8,0,2.83,-2.00,-2.00,0.00
Lachlan Mosley,22/07/2026,Murray Bridge,EXPERT TIPS,FALSE,Thoroughbred,7,3,BACK,WIN,,3. Spangled Sipper ,2,BEST BET,260224984,100860675,8,0,3.8,-2.00,-2.00,-2.00
Lachlan Mosley,22/07/2026,Murray Bridge,EXPERT TIPS,FALSE,Thoroughbred,7,3,BACK,PLACE,,3. Spangled Sipper ,2,BEST BET,260224985,100860675,8,1,1.78,1.44,1.44,1.44
Jackson Oldham,22/07/2026,Sandown,EXPERT TIPS,FALSE,Thoroughbred,1,5,BACK,WIN,$2.15,5. Saludar,2,BEST BET,260226043,100860800,8,0,2.52,-2.00,-2.00,-2.00
Jackson Oldham,22/07/2026,Sandown,EXPERT TIPS,FALSE,Thoroughbred,5,3,LAY,PLACE,$3.00,3. Mystic Reign,2,BEST BET,260226080,5908374,8,0,3.09,0.88,0.00,0.88
Michael Tye,22/07/2026,The Meadows,EXPERT TIPS,FALSE,Greyhounds,11,3,BACK,WIN,$3.15,3. Money Palace,2,,260260965,66790816,8,1,2.14,2.10,0.00,0.00
Michael Tye,22/07/2026,The Meadows,EXPERT TIPS,FALSE,Greyhounds,3,8,BACK,WIN,$2.00,8. Jewel Edition ,1,,260260925,100861993,8,0,1.91,-1.00,0.00,0.00
Michael Tye,22/07/2026,The Meadows,EXPERT TIPS,FALSE,Greyhounds,6,1,BACK,WIN,$3.25,1. Jazzy Hope ,1,,260260940,75394418,8,0,4.32,-1.00,-1.00,0.00
Michael Tye,22/07/2026,The Meadows,EXPERT TIPS,FALSE,Greyhounds,7,1,BACK,WIN,$1.38,1. Lush Hour ,4,BEST BET,260260945,94448502,8,0,1.34,-4.00,0.00,-4.00
Michael Tye,22/07/2026,The Meadows,EXPERT TIPS,FALSE,Greyhounds,8,8,LAY,WIN,$3.80,8. Red Hot Kermaro ,2,BEST BET,260260950,100861996,8,0,3.68,0.69,0.69,0.69
Michael Tye,22/07/2026,The Meadows,EXPERT TIPS,FALSE,Greyhounds,9,2,BACK,WIN,$2.00,2. Valenzuela ,2,,260260955,80027354,8,1,2.1,2.02,2.02,0.00
Brett & Darren Carroll,23/07/2026,Ballarat,EXPERT TIPS,FALSE,Harness,1,10,BACK,WIN,$2.80,10. Quick Crunch,1,,260296774,100866612,8,0,5.6,-1.00,-1.00,0.00
Brett & Darren Carroll,23/07/2026,Ballarat,EXPERT TIPS,FALSE,Harness,2,1,BACK,WIN,$1.80,1. Roseofthewinds,2,BEST BET,260296776,100866613,8,1,3.13,3.92,3.92,3.92
Brett & Darren Carroll,23/07/2026,Ballarat,EXPERT TIPS,FALSE,Harness,2,2,LAY,WIN,$11.00,2. Majestic Charma,2,BEST BET,260296776,82154534,8,0,4.31,0.56,0.56,0.56
Brett & Darren Carroll,23/07/2026,Ballarat,EXPERT TIPS,FALSE,Harness,5,3,BACK,WIN,$3.20,3. Rockella,1,,260296782,2262952,8,0,13,-1.00,-1.00,0.00
Brett & Darren Carroll,23/07/2026,Ballarat,EXPERT TIPS,FALSE,Harness,5,6,BACK,WIN,$2.50,6. Katunga Express,1,,260296782,66240465,8,0,2.6,-1.00,-1.00,0.00
Brett & Darren Carroll,23/07/2026,Ballarat,EXPERT TIPS,FALSE,Harness,6,7,BACK,PLACE,$2.00,7. The Fiery Sunset,2,,260296785,55747414,8,0,1.91,-2.00,0.00,0.00
Will Norman,23/07/2026,Penrith,EXPERT TIPS,FALSE,Harness,2,4,LAY,WIN,$10.00,4. For Sixes,1,,260297006,100866648,8,0,15.9,0.06,0.00,0.00
Will Norman,23/07/2026,Penrith,EXPERT TIPS,FALSE,Harness,4,10,BACK,WIN,$6.00,10. Promising,1,,260297012,3395898,8,0,11.74,-1.00,-1.00,0.00
Will Norman,23/07/2026,Penrith,EXPERT TIPS,FALSE,Harness,5,8,BACK,PLACE,$3.50,8. Dynamite Danni,1,,260297016,88564547,8,0,3.45,-1.00,0.00,0.00
Will Norman,23/07/2026,Penrith,EXPERT TIPS,FALSE,Harness,6,7,BACK,WIN,$7.00,7. Goodtime Bravo,1,BEST BET,260297018,47907342,8,0,22,-1.00,-1.00,-1.00
Will Norman,23/07/2026,Penrith,EXPERT TIPS,FALSE,Harness,6,7,BACK,PLACE,$7.00,7. Goodtime Bravo,1,BEST BET,260297019,47907342,8,0,3.55,-1.00,0.00,-1.00
Michael Tye,23/07/2026,Sandown Park,EXPERT TIPS,FALSE,Greyhounds,3,2,BACK,WIN,$4.40,2. Dusen Luna ,2,,260296262,99493924,8,0,7.6,-2.00,-2.00,0.00
Michael Tye,23/07/2026,Sandown Park,EXPERT TIPS,FALSE,Greyhounds,4,5,BACK,WIN,$2.20,5. Zelda Covilha,2,BEST BET,260296267,82788701,8,1,2.13,2.08,0.00,2.08
Michael Tye,23/07/2026,Sandown Park,EXPERT TIPS,FALSE,Greyhounds,5,7,BACK,WIN,$5.50,7. House Of Sins ,1,,260296272,95881957,8,0,6.4,-1.00,-1.00,0.00
Michael Tye,23/07/2026,Sandown Park,EXPERT TIPS,FALSE,Greyhounds,6,7,LAY,WIN,$5.00,7. Flying Ducati ,1,,260296277,100510212,8,1,3.94,-1.00,-1.00,0.00
Michael Tye,23/07/2026,Sandown Park,EXPERT TIPS,FALSE,Greyhounds,7,4,BACK,WIN,$7.50,4. Mepunga Rule ,2,,260296282,100866634,8,0,9,-2.00,-2.00,0.00
Michael Tye,23/07/2026,Sandown Park,EXPERT TIPS,FALSE,Greyhounds,8,3,LAY,WIN,$4.40,3. Galento,2,BEST BET,260296287,84374673,8,1,3.81,-2.00,-2.00,-2.00
Mitch Lewis,23/07/2026,Wyong,EXPERT TIPS,FALSE,Thoroughbred,5,4,BACK,WIN,$2.50,4. Capdiva,3,BEST BET,260259430,100884944,10,0,3.52,-3.00,-3.00,-3.00
Mitch Lewis,23/07/2026,Wyong,EXPERT TIPS,FALSE,Thoroughbred,7,6,BACK,WIN,$3.00,6. Waerea,2,,260259436,100884953,10,0,2.77,-2.00,0.00,0.00
Jackson Oldham,24/07/2026,Echuca,EXPERT TIPS,FALSE,Thoroughbred,3,2,LAY,WIN,$2.90,2. Colour Circle ,2,BEST BET,260297110,85542461,8,1,1.85,-2.00,-2.00,-2.00
Jackson Oldham,24/07/2026,Echuca,EXPERT TIPS,FALSE,Thoroughbred,5,1,BACK,WIN,$2.90,1. Forrest Gump,2,BEST BET,260297126,22740807,8,0,4.94,-2.00,-2.00,-2.00
Michael Tye,24/07/2026,Geelong,EXPERT TIPS,FALSE,Greyhounds,10,4,BACK,WIN,$3.00,4. Touch Of Sin ,1,,260322404,74266315,8,0,5.76,-1.00,-1.00,0.00
Michael Tye,24/07/2026,Geelong,EXPERT TIPS,FALSE,Greyhounds,2,2,BACK,WIN,$4.00,2. Cry Baby Giblet ,2,,260322364,100919820,8,0,4.2,-2.00,-2.00,0.00
Michael Tye,24/07/2026,Geelong,EXPERT TIPS,FALSE,Greyhounds,3,7,BACK,WIN,$2.10,7. Whizz Maximus ,2,,260322369,99919686,8,0,1.33,-2.00,0.00,0.00
Michael Tye,24/07/2026,Geelong,EXPERT TIPS,FALSE,Greyhounds,6,5,BACK,WIN,$1.68,5. Canya Talk Now ,3,,260322384,99207394,8,1,1.27,0.75,0.00,0.00
Michael Tye,24/07/2026,Geelong,EXPERT TIPS,FALSE,Greyhounds,7,8,BACK,WIN,$16.00,8. Out Of Elite ,1,,260322389,73992196,8,0,54.86,-1.00,-1.00,0.00
Michael Tye,24/07/2026,Geelong,EXPERT TIPS,FALSE,Greyhounds,8,7,BACK,WIN,$1.68,7. Upended ,4,BEST BET,260322394,86821328,8,1,1.38,1.40,0.00,1.40
Michael Tye,24/07/2026,Geelong,EXPERT TIPS,FALSE,Greyhounds,9,7,LAY,WIN,$5.25,7. Indy Grant ,2,BEST BET,260322399,87677243,8,0,9.61,0.21,0.00,0.21
Scott Hill,24/07/2026,Gloucester Park,EXPERT TIPS,FALSE,Harness,1,7,BACK,WIN,$3.30,7. Im Category Five,1,,260321569,85827736,8,0,4.2,-1.00,-1.00,0.00
Scott Hill,24/07/2026,Gloucester Park,EXPERT TIPS,FALSE,Harness,2,3,BACK,WIN,$5.00,3. Ideal Interest ,1,,260321572,77387868,8,0,8.02,-1.00,-1.00,0.00
Scott Hill,24/07/2026,Gloucester Park,EXPERT TIPS,FALSE,Harness,3,6,BACK,WIN,$1.85,6. Sweet Coco,3,,260321575,57848093,8,0,4.25,-3.00,-3.00,0.00
Scott Hill,24/07/2026,Gloucester Park,EXPERT TIPS,FALSE,Harness,4,1,LAY,WIN,$2.50,1. Captainshavtime,3,,260321578,80991740,8,0,2.48,1.86,1.86,0.00
Scott Hill,24/07/2026,Gloucester Park,EXPERT TIPS,FALSE,Harness,6,4,BACK,WIN,$2.50,4. Captains Creek,1,,260321584,72213591,8,0,3.14,-1.00,-1.00,0.00
Scott Hill,24/07/2026,Gloucester Park,EXPERT TIPS,FALSE,Harness,7,12,BACK,WIN,$2.20,12. Elite Fleet,2,,260321587,92786833,8,0,2.83,-2.00,-2.00,0.00
Scott Hill,24/07/2026,Gloucester Park,EXPERT TIPS,FALSE,Harness,9,9,BACK,WIN,$1.50,9. Captain Said So,3,BEST BET,260321593,98483485,8,1,1.71,1.96,1.96,1.96
Lachlan Mosley,24/07/2026,Naracoorte,LATE MAIL,FALSE,Thoroughbred,2,6,BACK,WIN,,6. Latibulate ,2,BEST BET,260297413,100860664,8,0,8.25,-2.00,-2.00,-2.00
Will Norman,24/07/2026,Newcastle,EXPERT TIPS,FALSE,Harness,1,1,LAY,WIN,$3.50,1. Rumour Stride,1,,260319934,90759174,8,0,2.41,0.65,0.65,0.00
Will Norman,24/07/2026,Newcastle,EXPERT TIPS,FALSE,Harness,4,9,BACK,WIN,$4.50,9. Mr Teddy,1,,260319943,45875856,8,0,6,-1.00,-1.00,0.00
Will Norman,24/07/2026,Newcastle,EXPERT TIPS,FALSE,Harness,5,6,BACK,WIN,$1.50,6. Pretty Privilege,2,BEST BET,260319946,100887450,8,0,1.89,-2.00,-2.00,-2.00
Will Norman,24/07/2026,Newcastle,EXPERT TIPS,FALSE,Harness,6,9,BACK,WIN,$1.50,9. Towering Fortune,2,,260319949,100887456,8,1,1.5,0.92,0.92,0.00
Will Norman,24/07/2026,Newcastle,EXPERT TIPS,FALSE,Harness,7,1,BACK,WIN,$4.50,1. My Kgari,1,,260319952,98644021,8,0,9.2,-1.00,-1.00,0.00
Brett & Darren Carroll,24/07/2026,Swan Hill,EXPERT TIPS,FALSE,Harness,1,5,BACK,WIN,$1.80,5. Serg Blanco,2,,260319703,39520217,8,0,1.47,-2.00,0.00,0.00
Brett & Darren Carroll,24/07/2026,Swan Hill,EXPERT TIPS,FALSE,Harness,3,3,BACK,WIN,$1.90,3. Capital Avenue,3,BEST BET,260319707,100886106,8,1,1.42,1.16,0.00,1.16
Brett & Darren Carroll,24/07/2026,Swan Hill,EXPERT TIPS,FALSE,Harness,4,4,BACK,WIN,$2.20,4. Don Crunch,1,,260319709,100886108,8,0,2.12,-1.00,0.00,0.00
Brett & Darren Carroll,24/07/2026,Swan Hill,EXPERT TIPS,FALSE,Harness,5,4,BACK,WIN,$2.00,4. Owen The Saints,1,,260319711,80440613,8,0,3.4,-1.00,-1.00,0.00
Brett & Darren Carroll,24/07/2026,Swan Hill,EXPERT TIPS,FALSE,Harness,6,9,BACK,WIN,$2.50,9. Sharp Interest,1,,260319713,83446595,8,0,3.85,-1.00,-1.00,0.00
Brett & Darren Carroll,24/07/2026,Swan Hill,EXPERT TIPS,FALSE,Harness,7,5,BACK,WIN,$1.90,5. Sneaky Philtra,2,,260319715,71981385,8,0,2.42,-2.00,-2.00,0.00
Brett & Darren Carroll,24/07/2026,Swan Hill,EXPERT TIPS,FALSE,Harness,8,6,BACK,WIN,$2.00,6. Sporting Rage,1,,260319717,50414617,8,0,4.03,-1.00,-1.00,0.00
Rory Flanagan,25/07/2026,Ascot,EXPERT TIPS,TRUE,Thoroughbred,2,3,BACK,WIN,,Dees Funny Girl,1,,260329639,98494228,6,0,10.96,-1.00,-1.00,0.00
Rory Flanagan,25/07/2026,Ascot,EXPERT TIPS,TRUE,Thoroughbred,2,8,BACK,WIN,,Moonrise,1,,260329639,898356,6,1,7.44,6.05,6.05,0.00
Rory Flanagan,25/07/2026,Ascot,EXPERT TIPS,TRUE,Thoroughbred,4,6,BACK,WIN,,Mezcala,3,,260329762,85725309,6,0,7.83,-3.00,-3.00,0.00
Rory Flanagan,25/07/2026,Ascot,EXPERT TIPS,TRUE,Thoroughbred,4,9,BACK,WIN,,Extremely Zain,2,,260329762,93104017,6,0,4.23,-2.00,-2.00,0.00
Rory Flanagan,25/07/2026,Ascot,EXPERT TIPS,TRUE,Thoroughbred,5,9,BACK,WIN,,Benvenuto Cellini,2,,260329778,39255894,6,0,6,-2.00,-2.00,0.00
Rory Flanagan,25/07/2026,Ascot,EXPERT TIPS,TRUE,Thoroughbred,5,4,BACK,WIN,,Masquerade Ball,2,,260329778,40957728,6,0,10,-2.00,-2.00,0.00
Rory Flanagan,25/07/2026,Ascot,EXPERT TIPS,TRUE,Thoroughbred,7,1,BACK,WIN,,Blue RC,4,BEST BET,260329785,81236585,6,0,5.5,-4.00,-4.00,-4.00
Rory Flanagan,25/07/2026,Ascot,EXPERT TIPS,TRUE,Thoroughbred,8,13,BACK,WIN,,Rhythm N Hooves,2,,260329799,53689639,6,0,11.5,-2.00,-2.00,0.00
Rory Flanagan,25/07/2026,Ascot,EXPERT TIPS,TRUE,Thoroughbred,8,4,BACK,WIN,,Bolo Neighs,1,,260329799,68937426,6,0,10,-1.00,-1.00,0.00
Terry Leighton,25/07/2026,Belmont,EXPERT TIPS,FALSE,Thoroughbred,1,9,BACK,WIN,$4.50,9. Gods Choice,2,,260299944,100921520,8,0,8.8,-2.00,-2.00,0.00
Terry Leighton,25/07/2026,Belmont,EXPERT TIPS,FALSE,Thoroughbred,1,9,BACK,PLACE,$4.50,9. Gods Choice,2,,260299945,100921520,8,0,2.81,-2.00,0.00,0.00
Terry Leighton,25/07/2026,Belmont,EXPERT TIPS,FALSE,Thoroughbred,3,9,BACK,WIN,$2.20,9. Long Service Leaf,2,,260299962,100921527,8,0,2.11,-2.00,0.00,0.00
Terry Leighton,25/07/2026,Belmont,EXPERT TIPS,FALSE,Thoroughbred,4,11,BACK,WIN,$4.90,11. Tidwell,2,BEST BET,260299971,100921531,8,1,15.62,26.90,26.90,26.90
Terry Leighton,25/07/2026,Belmont,EXPERT TIPS,FALSE,Thoroughbred,4,11,BACK,PLACE,$4.90,11. Tidwell,2,BEST BET,260299972,100921531,8,1,3.36,4.34,0.00,4.34
Terry Leighton,25/07/2026,Belmont,EXPERT TIPS,FALSE,Thoroughbred,5,15,BACK,WIN,$3.85,15. Zourun Run,2,,260299980,100921536,8,1,4.97,7.30,7.30,0.00
Terry Leighton,25/07/2026,Belmont,EXPERT TIPS,FALSE,Thoroughbred,6,15,BACK,WIN,$2.50,15. With Discretion,3,BEST BET,260299989,100695153,8,1,3,5.52,5.52,5.52
Terry Leighton,25/07/2026,Belmont,EXPERT TIPS,FALSE,Thoroughbred,6,3,BACK,WIN,$4.40,3. Kisses From Kelly,1,BEST BET,260299989,69323488,8,0,7.44,-1.00,-1.00,-1.00
Terry Leighton,25/07/2026,Belmont,EXPERT TIPS,FALSE,Thoroughbred,7,12,BACK,WIN,$2.80,12. Twisted Steel,2,,260299998,100921538,8,0,2.44,-2.00,0.00,0.00
NICK NOONAN,25/07/2026,Caulfield,EXPERT TIPS,FALSE,Thoroughbred,1,3,BACK,WIN,,3. Custom,1,,260297698,81747533,8,1,2.64,1.51,1.51,0.00
Jackson Oldham,25/07/2026,Caulfield,EXPERT TIPS,FALSE,Thoroughbred,1,3,BACK,WIN,$2.00,3. Custom,2,BEST BET,260297698,81747533,8,1,2.64,3.02,3.02,3.02
Ben Asgari,25/07/2026,Caulfield,EXPERT TIPS,FALSE,Thoroughbred,2,2,BACK,WIN,$7.00,2. Milsons Point,1,,260297707,92460186,8,0,21.03,-1.00,-1.00,0.00
Ben Asgari,25/07/2026,Caulfield,EXPERT TIPS,FALSE,Thoroughbred,2,2,BACK,PLACE,$7.00,2. Milsons Point,1,,260297708,92460186,8,0,4.26,-1.00,0.00,0.00
Trent Crebbin,25/07/2026,Caulfield,EXPERT TIPS,FALSE,Thoroughbred,5,1,BACK,WIN,$6.50,1. Jimmy The Bear,1,,260297734,940041,8,0,10.5,-1.00,-1.00,0.00
NICK NOONAN,25/07/2026,Caulfield,EXPERT TIPS,FALSE,Thoroughbred,5,7,BACK,WIN,,7. ST LAWRENCE ,1,,260297734,59685026,8,0,5.34,-1.00,-1.00,0.00
Trent Crebbin,25/07/2026,Caulfield,EXPERT TIPS,FALSE,Thoroughbred,5,7,BACK,WIN,$5.00,7. St Lawrence,2,BEST BET,260297734,59685026,8,0,5.34,-2.00,-2.00,-2.00
Ben Asgari,25/07/2026,Caulfield,EXPERT TIPS,FALSE,Thoroughbred,5,3,BACK,WIN,$10.00,3. Magnaspin,1,,260297734,45348219,8,0,14.74,-1.00,-1.00,0.00
Ben Asgari,25/07/2026,Caulfield,EXPERT TIPS,FALSE,Thoroughbred,5,3,BACK,PLACE,$10.00,3. Magnaspin,1,,260297735,45348219,8,1,2.94,1.78,0.00,0.00
Ben Asgari,25/07/2026,Caulfield,EXPERT TIPS,FALSE,Thoroughbred,6,7,BACK,WIN,$3.00,7. Kings Reflection,2,BEST BET,260297743,100920483,8,0,3.74,-2.00,-2.00,-2.00
Trent Crebbin,25/07/2026,Caulfield,EXPERT TIPS,FALSE,Thoroughbred,6,3,BACK,WIN,$4.00,3. Brillantezza,2,,260297743,100920481,8,0,5.91,-2.00,-2.00,0.00
NICK NOONAN,25/07/2026,Caulfield,EXPERT TIPS,FALSE,Thoroughbred,6,10,BACK,WIN,,10. Ferrario,1,,260297743,100920484,8,0,23.31,-1.00,-1.00,0.00
Trent Crebbin,25/07/2026,Caulfield,EXPERT TIPS,FALSE,Thoroughbred,6,10,BACK,WIN,$14.00,10. Ferrario,1,,260297743,100920484,8,0,23.31,-1.00,-1.00,0.00
Tom Haylock,25/07/2026,Caulfield,EXPERT TIPS,FALSE,Thoroughbred,7,3,BACK,WIN,,3. Zou Sensation,1,,260297752,75313870,8,0,7.2,-1.00,-1.00,0.00
Trent Crebbin,25/07/2026,Caulfield,EXPERT TIPS,FALSE,Thoroughbred,7,1,BACK,WIN,$2.80,1. Cosmic Crusader,1,,260297752,100920485,8,1,4.1,2.85,2.85,0.00
Jackson Oldham,25/07/2026,Caulfield,EXPERT TIPS,FALSE,Thoroughbred,7,1,LAY,WIN,$5.50,1. Cosmic Crusader ,2,BEST BET,260297752,100920485,8,1,4.1,-2.00,-2.00,-2.00
Trent Crebbin,25/07/2026,Caulfield,EXPERT TIPS,FALSE,Thoroughbred,7,3,BACK,WIN,$6.00,3. Zou Sensation,1,,260297752,75313870,8,0,7.2,-1.00,-1.00,0.00
Tom Haylock,25/07/2026,Caulfield,EXPERT TIPS,FALSE,Thoroughbred,7,1,BACK,WIN,,1. Cosmic Crusader,1,,260297752,100920485,8,1,4.1,2.85,2.85,0.00
Tom Haylock,25/07/2026,Caulfield,EXPERT TIPS,FALSE,Thoroughbred,7,3,BACK,PLACE,,3. Zou Sensation,2,,260297753,75313870,8,0,2.29,-2.00,-2.00,0.00
Ben Asgari,25/07/2026,Caulfield,EXPERT TIPS,FALSE,Thoroughbred,8,15,BACK,WIN,$5.50,15. Aeolian,1,,260297761,348944,8,0,4.87,-1.00,0.00,0.00
NICK NOONAN,25/07/2026,Caulfield,EXPERT TIPS,FALSE,Thoroughbred,8,10,BACK,WIN,,10. Beach Pad,1,,260297761,99983807,8,0,15,-1.00,-1.00,0.00
NICK NOONAN,25/07/2026,Caulfield,EXPERT TIPS,FALSE,Thoroughbred,9,2,BACK,WIN,,2. Cruiserweight,1,,260297770,100920489,8,0,1.83,-1.00,-1.00,0.00
Brett & Darren Carroll,25/07/2026,Melton,EXPERT TIPS,FALSE,Harness,1,1,BACK,PLACE,$1.70,1. Royal Appointment,3,,260335744,12033926,8,1,1.51,1.41,0.00,0.00
Brett & Darren Carroll,25/07/2026,Melton,EXPERT TIPS,FALSE,Harness,3,2,BACK,WIN,$2.20,2. Sebastians Waiting,1,,260335749,100886090,8,0,31.33,-1.00,-1.00,0.00
Brett & Darren Carroll,25/07/2026,Melton,EXPERT TIPS,FALSE,Harness,4,9,BACK,WIN,$1.70,9. Ijustcalledtosay,3,BEST BET,260335752,99952642,8,0,1.97,-3.00,-3.00,-3.00
Brett & Darren Carroll,25/07/2026,Melton,EXPERT TIPS,FALSE,Harness,7,1,BACK,WIN,$3.00,1. Evileye,1,,260335761,84696939,8,0,3.51,-1.00,-1.00,0.00
Will Norman,25/07/2026,Menangle,EXPERT TIPS,FALSE,Harness,1,1,BACK,WIN,$2.20,1. No Notthebuttons,2,,260335578,59724105,8,1,2.17,2.15,0.00,0.00
Will Norman,25/07/2026,Menangle,EXPERT TIPS,FALSE,Harness,3,11,LAY,WIN,$4.00,11. Glitter Aint Gold,1,,260335584,83846576,8,0,5.35,0.21,0.00,0.00
Will Norman,25/07/2026,Menangle,EXPERT TIPS,FALSE,Harness,5,1,BACK,WIN,$2.00,1. Sweet Ideal,2,BEST BET,260335590,100866638,8,1,2.92,3.53,3.53,3.53
Will Norman,25/07/2026,Menangle,EXPERT TIPS,FALSE,Harness,6,8,BACK,WIN,$1.60,8. Lux Aeterna,2,,260335593,60267725,8,1,1.77,1.42,1.42,0.00
Will Norman,25/07/2026,Menangle,EXPERT TIPS,FALSE,Harness,7,4,LAY,WIN,$6.00,4. Tiny Prancer,1,,260335596,100866642,8,0,5.93,0.19,0.19,0.00
Will Norman,25/07/2026,Menangle,EXPERT TIPS,FALSE,Harness,9,5,BACK,WIN,$4.00,5. Malibuu,1,,260335602,55831370,8,0,4.5,-1.00,-1.00,0.00
Lachlan Mosley,25/07/2026,Morphettville,EXPERT TIPS,FALSE,Thoroughbred,1,2,BACK,WIN,,2. Speedtail,2,,260297552,100920215,8,0,8.04,-2.00,-2.00,0.00
Lachlan Mosley,25/07/2026,Morphettville,EXPERT TIPS,FALSE,Thoroughbred,1,2,BACK,PLACE,,2. Speedtail,2,,260297553,100920215,8,0,2,-2.00,-2.00,0.00
Lachlan Mosley,25/07/2026,Morphettville,EXPERT TIPS,FALSE,Thoroughbred,2,8,BACK,WIN,,8. HarleyNRose ,1,,260297561,84696707,8,0,34.54,-1.00,-1.00,0.00
Lachlan Mosley,25/07/2026,Morphettville,EXPERT TIPS,FALSE,Thoroughbred,2,8,BACK,PLACE,,8. HarleyNRose ,1,,260297562,84696707,8,1,4.01,2.77,2.77,0.00
Lachlan Mosley,25/07/2026,Morphettville,EXPERT TIPS,FALSE,Thoroughbred,4,7,BACK,WIN,,7. Anotherhouse ,2,,260297579,61592881,8,0,4.75,-2.00,-2.00,0.00
Lachlan Mosley,25/07/2026,Morphettville,EXPERT TIPS,FALSE,Thoroughbred,4,7,BACK,PLACE,,7. Anotherhouse ,2,,260297580,61592881,8,1,2.02,1.88,1.88,0.00
Lachlan Mosley,25/07/2026,Morphettville,EXPERT TIPS,FALSE,Thoroughbred,5,1,BACK,WIN,,1. Oak Park Maddison,2,,260297588,99982920,8,0,6.8,-2.00,-2.00,0.00
Lachlan Mosley,25/07/2026,Morphettville,EXPERT TIPS,FALSE,Thoroughbred,5,1,BACK,PLACE,,1. Oak Park Maddison,2,,260297589,99982920,8,0,2.54,-2.00,-2.00,0.00
Lachlan Mosley,25/07/2026,Morphettville,EXPERT TIPS,FALSE,Thoroughbred,8,17,BACK,WIN,,17. New York Scandal,1,,260297615,100920233,8,0,14,-1.00,-1.00,0.00
Lachlan Mosley,25/07/2026,Morphettville,EXPERT TIPS,FALSE,Thoroughbred,8,17,BACK,PLACE,,17. New York Scandal,1,,260297616,100920233,8,0,4.23,-1.00,-1.00,0.00
Mitch Lewis,25/07/2026,Randwick,EXPERT TIPS,FALSE,Thoroughbred,1,3,BACK,WIN,$5.00,3. Scintillation,1,,260296380,607043,10,1,11,9.00,9.00,0.00
Mitch Lewis,25/07/2026,Randwick,EXPERT TIPS,FALSE,Thoroughbred,1,3,BACK,PLACE,$5.00,3. Scintillation,1,,260296381,607043,10,1,2.5,1.35,0.00,0.00
Mitch Lewis,25/07/2026,Randwick,EXPERT TIPS,FALSE,Thoroughbred,10,4,LAY,WIN,$8.00,4. Smashing Time,2,BEST BET,260296461,75392599,10,0,5.68,0.38,0.38,0.38
Mitch Lewis,25/07/2026,Randwick,EXPERT TIPS,FALSE,Thoroughbred,2,8,BACK,WIN,$5.00,8. Maples,1,,260296389,100920260,10,0,7.33,-1.00,-1.00,0.00
Mitch Lewis,25/07/2026,Randwick,EXPERT TIPS,FALSE,Thoroughbred,7,1,BACK,WIN,$2.50,1. Benevac,3,BEST BET,260296434,92417679,10,0,2.64,-3.00,-3.00,-3.00
Ben Asgari,25/07/2026,Randwick,EXPERT TIPS,FALSE,Thoroughbred,8,2,BACK,WIN,$9.00,2. Poison Chalice,1,,260296443,100920287,10,0,17.59,-1.00,-1.00,0.00
Ben Asgari,25/07/2026,Randwick,EXPERT TIPS,FALSE,Thoroughbred,8,2,BACK,PLACE,$9.00,2. Poison Chalice,1,,260296444,100920287,10,0,3.95,-1.00,0.00,0.00
Mitch Lewis,25/07/2026,Randwick,EXPERT TIPS,FALSE,Thoroughbred,9,5,BACK,WIN,$2.00,5. Ice Kool,4,,260296452,93496841,10,0,2.47,-4.00,-4.00,0.00
Tom Haylock,25/07/2026,Randwick,EXPERT TIPS,FALSE,Thoroughbred,9,6,BACK,WIN,,6. Hawker Hall,1,,260296452,82602586,10,1,6.47,4.92,4.92,0.00
Tom Haylock,25/07/2026,Randwick,EXPERT TIPS,FALSE,Thoroughbred,9,5,LAY,WIN,$2.60,5. Ice Kool,1,,260296452,93496841,10,0,2.47,0.61,0.61,0.00
Michael Tye,25/07/2026,The Meadows,EXPERT TIPS,FALSE,Greyhounds,10,8,BACK,WIN,$7.50,8. Paw Vada,2,,260354430,81222692,8,1,37.59,67.33,67.33,0.00
Michael Tye,25/07/2026,The Meadows,EXPERT TIPS,FALSE,Greyhounds,2,7,BACK,WIN,$2.40,7. Indy Marty ,4,BEST BET,260354390,100202167,8,0,2.32,-4.00,0.00,-4.00
Michael Tye,25/07/2026,The Meadows,EXPERT TIPS,FALSE,Greyhounds,3,4,BACK,WIN,$2.50,4. Hurricane ,4,,260354395,91808132,8,0,2.39,-4.00,0.00,0.00
Michael Tye,25/07/2026,The Meadows,EXPERT TIPS,FALSE,Greyhounds,4,1,LAY,WIN,$5.50,1. Deadly Cool ,2,BEST BET,260354400,92997343,8,1,3.86,-2.00,-2.00,-2.00
Michael Tye,25/07/2026,The Meadows,EXPERT TIPS,FALSE,Greyhounds,5,3,LAY,WIN,$4.60,3. Black Star Riot,1,,260354405,100921906,8,0,3.8,0.33,0.33,0.00
Michael Tye,25/07/2026,The Meadows,EXPERT TIPS,FALSE,Greyhounds,7,3,BACK,WIN,$3.00,3. Zipping Columbus ,2,,260354415,91116654,8,1,3.5,4.60,4.60,0.00
Michael Tye,25/07/2026,The Meadows,EXPERT TIPS,FALSE,Greyhounds,8,5,BACK,WIN,$2.10,5. Wrongly Accused ,3,,260354420,100921907,8,0,2.02,-3.00,0.00,0.00
Stephen Christie,26/07/2026,Devonport,EXPERT TIPS,FALSE,Thoroughbred,1,3,BACK,WIN,$1.65,3. Bruny Boy ,3,,260355771,100919945,8,1,2,2.76,2.76,0.00
Stephen Christie,26/07/2026,Devonport,EXPERT TIPS,FALSE,Thoroughbred,2,13,BACK,WIN,$3.25,13. Brutal Empire,2,,260355777,100919955,8,0,3.1,-2.00,0.00,0.00
Stephen Christie,26/07/2026,Devonport,EXPERT TIPS,FALSE,Thoroughbred,2,6,BACK,WIN,$5.50,6. Judge Royale,1,,260355777,100919950,8,0,15.5,-1.00,-1.00,0.00
Stephen Christie,26/07/2026,Devonport,EXPERT TIPS,FALSE,Thoroughbred,5,2,BACK,WIN,$4.00,2. The Spirit Of Zero ,2,,260355795,52204766,8,0,5.3,-2.00,-2.00,0.00
Stephen Christie,26/07/2026,Devonport,EXPERT TIPS,FALSE,Thoroughbred,5,2,BACK,PLACE,$4.00,2. The Spirit Of Zero ,2,,260355796,52204766,8,1,1.93,1.71,0.00,0.00
Stephen Christie,26/07/2026,Devonport,EXPERT TIPS,FALSE,Thoroughbred,6,3,LAY,WIN,$3.80,3. The Real Man,2,,260355801,94448595,8,1,2.26,-2.00,-2.00,0.00
Stephen Christie,26/07/2026,Devonport,EXPERT TIPS,FALSE,Thoroughbred,7,1,BACK,WIN,$5.50,1. Dennyson,1,,260355807,96146824,8,0,12.89,-1.00,-1.00,0.00
Stephen Christie,26/07/2026,Devonport,EXPERT TIPS,FALSE,Thoroughbred,7,1,BACK,PLACE,$5.50,1. Dennyson,1,,260355808,96146824,8,0,4.05,-1.00,0.00,0.00
Braden Howlett,26/07/2026,Hobart,EXPERT TIPS,FALSE,Harness,1,11,BACK,WIN,$2.20,11. ITSMENOTU,3,BEST BET,260401477,100887403,8,1,2.46,4.03,4.03,4.03
Braden Howlett,26/07/2026,Hobart,EXPERT TIPS,FALSE,Harness,2,1,BACK,WIN,$2.00,1. FOURTH RESPONSE,2,,260401479,77465967,8,1,1.85,1.56,0.00,0.00
Braden Howlett,26/07/2026,Hobart,EXPERT TIPS,FALSE,Harness,3,3,BACK,WIN,$1.50,3. GO DIVA,3,,260401481,100887415,8,1,1.28,0.77,0.00,0.00
Braden Howlett,26/07/2026,Hobart,EXPERT TIPS,FALSE,Harness,4,4,BACK,WIN,$5.00,4. GOODTIME OSCAR,1,,260401483,83348468,8,0,5.5,-1.00,-1.00,0.00
Braden Howlett,26/07/2026,Hobart,EXPERT TIPS,FALSE,Harness,4,4,BACK,PLACE,$5.00,4. GOODTIME OSCAR,1,,260401484,83348468,8,1,1.63,0.58,0.00,0.00
Braden Howlett,26/07/2026,Hobart,EXPERT TIPS,FALSE,Harness,5,2,BACK,WIN,$3.00,2. CALZO SNIPER,2,,260401485,100887421,8,0,3,-2.00,-2.00,0.00
Braden Howlett,26/07/2026,Hobart,EXPERT TIPS,FALSE,Harness,6,3,BACK,WIN,$3.00,3. CUSTOM HARLEY,2,,260401487,72136324,8,0,4.26,-2.00,-2.00,0.00
Braden Howlett,26/07/2026,Hobart,EXPERT TIPS,FALSE,Harness,7,1,LAY,WIN,$2.20,1. SABALENKA,3,,260401489,100887425,8,1,1.44,-3.00,-3.00,0.00
Braden Howlett,26/07/2026,Hobart,EXPERT TIPS,FALSE,Harness,8,1,BACK,WIN,$5.00,1. CRAYONS TO PERFUME,1,,260401492,79332190,8,1,3.95,2.71,0.00,0.00
Braden Howlett,26/07/2026,Hobart,EXPERT TIPS,FALSE,Harness,8,1,BACK,PLACE,$5.00,1. CRAYONS TO PERFUME,1,,260401493,79332190,8,1,2.24,1.14,0.00,0.00
Braden Howlett,26/07/2026,Hobart,EXPERT TIPS,FALSE,Harness,9,2,BACK,WIN,$1.15,2. SWEETHEART DIOR,5,,260401494,98926081,8,1,1.07,0.32,0.00,0.00
Scott Hill,27/07/2026,Gloucester Park,EXPERT TIPS,FALSE,Harness,1,6,BACK,WIN,$2.20,6. Pocket Of Dreams ,2,,260437054,697903,8,0,5.39,-2.00,-2.00,0.00
Scott Hill,27/07/2026,Gloucester Park,EXPERT TIPS,FALSE,Harness,3,3,BACK,WIN,$1.85,3. Ilikeitlikethat,3,,260437060,97254032,8,1,1.4,1.10,0.00,0.00
Scott Hill,27/07/2026,Gloucester Park,EXPERT TIPS,FALSE,Harness,5,5,LAY,WIN,$2.00,5. Seaside Serenade ,3,,260437066,21048917,8,0,1.73,3.78,3.78,0.00
Scott Hill,27/07/2026,Gloucester Park,EXPERT TIPS,FALSE,Harness,7,6,BACK,WIN,$3.30,6. When In Vegas,1,,260437072,75130901,8,1,4.3,3.04,3.04,0.00
Scott Hill,27/07/2026,Gloucester Park,EXPERT TIPS,FALSE,Harness,8,1,BACK,PLACE,$1.50,1. Sound Wave,3,,260437076,713572,8,1,1.7,1.93,1.93,0.00
Scott Hill,27/07/2026,Gloucester Park,EXPERT TIPS,FALSE,Harness,9,5,BACK,WIN,$1.85,5. My True Colours ,3,BEST BET,260437078,100992799,8,0,1.95,-3.00,-3.00,-3.00
Michael Tye,27/07/2026,Sandown Park,EXPERT TIPS,FALSE,Greyhounds,1,3,BACK,WIN,$2.25,3. Shes Seductive ,2,,260436456,100994142,8,0,1.93,-2.00,0.00,0.00
Michael Tye,27/07/2026,Sandown Park,EXPERT TIPS,FALSE,Greyhounds,3,1,BACK,WIN,$2.25,1. Holmes ,3,BEST BET,260436466,10550704,8,1,1.78,2.15,0.00,2.15
Michael Tye,27/07/2026,Sandown Park,EXPERT TIPS,FALSE,Greyhounds,4,1,BACK,WIN,$2.65,1. Dewana Half Tail,2,,260436471,98241158,8,1,1.97,1.78,0.00,0.00
Michael Tye,27/07/2026,Sandown Park,EXPERT TIPS,FALSE,Greyhounds,5,6,LAY,WIN,$4.40,6. Carry On Maci ,2,BEST BET,260436476,93022461,8,0,3.54,0.72,0.72,0.72
Michael Tye,27/07/2026,Sandown Park,EXPERT TIPS,FALSE,Greyhounds,5,3,BACK,WIN,$3.00,3. Wizard Watson ,2,,260436476,91027725,8,0,3.26,-2.00,-2.00,0.00
Michael Tye,27/07/2026,Sandown Park,EXPERT TIPS,FALSE,Greyhounds,8,5,BACK,WIN,$2.10,5. Radar OReilly ,2,,260436491,100703273,8,0,2.48,-2.00,-2.00,0.00
Scott Hill,28/07/2026,Bunbury,EXPERT TIPS,FALSE,Harness,1,8,BACK,WIN,$3.30,8. Xcelerator,1,,260467804,100992704,8,0,5.4,-1.00,-1.00,0.00
Scott Hill,28/07/2026,Bunbury,EXPERT TIPS,FALSE,Harness,3,2,BACK,WIN,$3.00,2. Allizee,1,,260467808,68170218,8,0,2.6,-1.00,0.00,0.00
Scott Hill,28/07/2026,Bunbury,EXPERT TIPS,FALSE,Harness,4,5,BACK,WIN,$2.20,5. Dawson Shard ,2,,260467810,49950480,8,0,3.65,-2.00,-2.00,0.00
Scott Hill,28/07/2026,Bunbury,EXPERT TIPS,FALSE,Harness,6,8,BACK,WIN,$3.30,8. Cloud Nine,2,,260467814,2807872,8,1,8.76,14.28,14.28,0.00
Scott Hill,28/07/2026,Bunbury,EXPERT TIPS,FALSE,Harness,7,6,LAY,WIN,$4.00,6. Iseeubaby,3,,260467816,66050051,8,0,3.75,1.00,1.00,0.00
Scott Hill,28/07/2026,Bunbury,EXPERT TIPS,FALSE,Harness,8,9,BACK,WIN,$1.30,9. Drill Sergeant ,5,BEST BET,260467818,219744,8,1,1.79,3.63,3.63,3.63
Rory Flanagan,28/07/2026,Goodwood,EXPERT TIPS,TRUE,Thoroughbred,1,13,BACK,WIN,,Rathgar,1,,260442494,47920488,6,0,21.46,-1.00,-1.00,0.00
Rory Flanagan,28/07/2026,Goodwood,EXPERT TIPS,TRUE,Thoroughbred,1,5,BACK,WIN,,Yabher,1,,260442494,73768917,6,0,9.09,-1.00,-1.00,0.00
Rory Flanagan,28/07/2026,Goodwood,EXPERT TIPS,TRUE,Thoroughbred,1,9,BACK,WIN,,Quai De Bethune,1,,260442494,73929078,6,0,14,-1.00,-1.00,0.00
Rory Flanagan,28/07/2026,Goodwood,EXPERT TIPS,TRUE,Thoroughbred,2,1,BACK,WIN,,Al Hudaiba,4,BEST BET,260442487,98464109,6,0,2.52,-4.00,-4.00,-4.00
Rory Flanagan,28/07/2026,Goodwood,EXPERT TIPS,TRUE,Thoroughbred,3,5,BACK,WIN,,Qirat,3,,260442503,59154542,6,0,5.36,-3.00,-3.00,0.00
Rory Flanagan,28/07/2026,Goodwood,EXPERT TIPS,TRUE,Thoroughbred,4,6,BACK,WIN,,Scandinavia,5,BEST BET,260442510,839847,6,1,2.46,6.86,6.86,6.86
Rory Flanagan,28/07/2026,Goodwood,EXPERT TIPS,TRUE,Thoroughbred,6,9,BACK,WIN,,Launch Sequence,4,,260442526,24436844,6,0,4.55,-4.00,-4.00,0.00
Rory Flanagan,28/07/2026,Goodwood,EXPERT TIPS,TRUE,Thoroughbred,8,16,BACK,WIN,,Zen Diva,2,,260442541,87740498,6,0,10.01,-2.00,-2.00,0.00
Brett & Darren Carroll,28/07/2026,Shepparton,EXPERT TIPS,FALSE,Harness,2,8,BACK,WIN,$2.50,8. Maurlen Compass,2,,260468924,100958248,8,1,2.52,2.80,2.80,0.00
Brett & Darren Carroll,28/07/2026,Shepparton,EXPERT TIPS,FALSE,Harness,3,8,BACK,WIN,$2.00,8. Ollies The Boss,2,,260468926,86655399,8,0,2.08,-2.00,-2.00,0.00
Brett & Darren Carroll,28/07/2026,Shepparton,EXPERT TIPS,FALSE,Harness,3,4,BACK,WIN,$3.50,4. King Saint,1,,260468926,79216589,8,1,2.99,1.83,0.00,0.00
Brett & Darren Carroll,28/07/2026,Shepparton,EXPERT TIPS,FALSE,Harness,8,7,BACK,WIN,$1.90,7. Skyvalley Boy,3,BEST BET,260468936,84733526,8,0,2.44,-3.00,-3.00,-3.00
Jackson Oldham,28/07/2026,Swan Hill,EXPERT TIPS,FALSE,Thoroughbred,3,7,BACK,WIN,$3.00,7. Budjik Queen ,2,BEST BET,260429490,100993262,8,1,2.63,3.00,0.00,3.00
Brett & Darren Carroll,29/07/2026,Ballarat,EXPERT TIPS,FALSE,Harness,6,5,BACK,WIN,$1.80,5. Themidnightexpress,2,,260504158,101028780,8,0,2.32,-2.00,-2.00,0.00
Brett & Darren Carroll,29/07/2026,Ballarat,EXPERT TIPS,FALSE,Harness,7,7,BACK,WIN,$1.90,7. Keayang Tweetybird,2,,260504160,91027970,8,0,3.21,-2.00,-2.00,0.00
Brett & Darren Carroll,29/07/2026,Ballarat,EXPERT TIPS,FALSE,Harness,8,1,BACK,WIN,$2.20,1. Minnie Mia,1,,260504162,91924806,8,1,1.75,0.69,0.00,0.00
Rory Flanagan,29/07/2026,Goodwood,EXPERT TIPS,TRUE,Thoroughbred,1,2,BACK,WIN,,Cannes,2,,260476603,8497806,6,0,6,-2.00,-2.00,0.00
Rory Flanagan,29/07/2026,Goodwood,EXPERT TIPS,TRUE,Thoroughbred,2,4,BACK,WIN,,Fast Track,2,,260476610,29279,6,0,4.79,-2.00,-2.00,0.00
Rory Flanagan,29/07/2026,Goodwood,EXPERT TIPS,TRUE,Thoroughbred,2,9,BACK,WIN,,Zigazig Ah,1,,260476610,99181593,6,0,11,-1.00,-1.00,0.00
Rory Flanagan,29/07/2026,Goodwood,EXPERT TIPS,TRUE,Thoroughbred,3,1,BACK,WIN,,Flora Of Bermuda,2,,260476617,55952943,6,1,4.3,6.20,6.20,0.00
Rory Flanagan,29/07/2026,Goodwood,EXPERT TIPS,TRUE,Thoroughbred,5,10,BACK,WIN,,Gstaad,2,,260476630,2036409,6,0,5.84,-2.00,-2.00,0.00
Rory Flanagan,29/07/2026,Goodwood,EXPERT TIPS,TRUE,Thoroughbred,5,4,BACK,WIN,,Opera Ballo,2,,260476630,79471566,6,0,5.15,-2.00,-2.00,0.00
Rory Flanagan,29/07/2026,Goodwood,EXPERT TIPS,TRUE,Thoroughbred,7,6,BACK,WIN,,Silver Ghost,1,,260476646,347363,6,0,26,-1.00,-1.00,0.00
Rory Flanagan,29/07/2026,Goodwood,EXPERT TIPS,TRUE,Thoroughbred,7,9,BACK,WIN,,Zarathos,1,,260476646,76590777,6,0,16.75,-1.00,-1.00,0.00
Rory Flanagan,29/07/2026,Goodwood,EXPERT TIPS,TRUE,Thoroughbred,7,18,BACK,WIN,,Oliver Show,2,,260476646,49278641,6,0,9.82,-2.00,-2.00,0.00
Rory Flanagan,29/07/2026,Goodwood,EXPERT TIPS,TRUE,Thoroughbred,7,18,BACK,PLACE,,Oliver Show,2,,260476648,49278641,6,1,2.82,3.42,3.42,0.00
Mitch Lewis,29/07/2026,Randwick,EXPERT TIPS,FALSE,Thoroughbred,3,8,BACK,WIN,$3.00,8. Eviction Notice,2,,260470551,101101125,10,0,2.42,-2.00,0.00,0.00
Mitch Lewis,29/07/2026,Randwick,EXPERT TIPS,FALSE,Thoroughbred,4,2,BACK,WIN,$3.00,2. Deep Pleasure,3,BEST BET,260470560,99919444,10,0,2.54,-3.00,0.00,-3.00
Mitch Lewis,29/07/2026,Randwick,EXPERT TIPS,FALSE,Thoroughbred,7,11,BACK,WIN,$5.00,11. Mamushka,1,,260470587,88289836,10,0,5.02,-1.00,-1.00,0.00
Mitch Lewis,29/07/2026,Randwick,EXPERT TIPS,FALSE,Thoroughbred,7,11,BACK,PLACE,$5.00,11. Mamushka,1,,260470588,88289836,10,0,1.85,-1.00,0.00,0.00
Jackson Oldham,29/07/2026,Sandown,EXPERT TIPS,FALSE,Thoroughbred,2,5,LAY,WIN,$7.50,5. Tower Bridge ,2,BEST BET,260468750,3625784,8,0,7.6,0.28,0.00,0.28
Jackson Oldham,29/07/2026,Sandown,EXPERT TIPS,FALSE,Thoroughbred,6,3,BACK,WIN,$2.15,3. Missapprehend ,2,BEST BET,260468786,101100976,8,0,3.19,-2.00,-2.00,-2.00
Lachlan Mosley,29/07/2026,Strathalbyn,EXPERT TIPS,FALSE,Thoroughbred,6,2,BACK,WIN,,2. No Mans Land ,2,,260467941,5899552,8,0,7.6,-2.00,-2.00,0.00
Lachlan Mosley,29/07/2026,Strathalbyn,EXPERT TIPS,FALSE,Thoroughbred,7,10,BACK,WIN,,10. Belle From Hell ,2,,260467950,82277811,8,0,14.4,-2.00,-2.00,0.00
Lachlan Mosley,29/07/2026,Strathalbyn,EXPERT TIPS,FALSE,Thoroughbred,7,10,BACK,PLACE,,10. Belle From Hell ,2,,260467951,82277811,8,1,3.75,5.06,5.06,0.00
Michael Tye,29/07/2026,The Meadows,EXPERT TIPS,FALSE,Greyhounds,1,4,BACK,WIN,$1.73,4. Bold Thruster ,2,,260508382,101101956,8,1,1.62,1.14,0.00,0.00
Michael Tye,29/07/2026,The Meadows,EXPERT TIPS,FALSE,Greyhounds,4,2,BACK,WIN,$1.45,2. Biscottino ,4,BEST BET,260508397,95581897,8,0,1.24,-4.00,0.00,-4.00
Michael Tye,29/07/2026,The Meadows,EXPERT TIPS,FALSE,Greyhounds,6,7,BACK,WIN,$3.15,7. Aston Barrister ,2,,260508407,95880501,8,0,5.55,-2.00,-2.00,0.00
Michael Tye,29/07/2026,The Meadows,EXPERT TIPS,FALSE,Greyhounds,7,6,BACK,WIN,$1.75,6. Mepunga Phantom ,4,,260508412,101101961,8,0,2.19,-4.00,-4.00,0.00
Michael Tye,29/07/2026,The Meadows,EXPERT TIPS,FALSE,Greyhounds,8,5,LAY,WIN,$2.60,5. Bandit Swagger,2,BEST BET,260508417,97184371,8,0,3.12,0.87,0.00,0.87
Jackson Oldham,30/07/2026,Bendigo,EXPERT TIPS,FALSE,Thoroughbred,5,9,BACK,WIN,$2.40,9. Our Justify ,2,BEST BET,260506718,101131105,8,0,3.52,-2.00,-2.00,-2.00
Rory Flanagan,30/07/2026,Goodwood,EXPERT TIPS,TRUE,Thoroughbred,1,12,BACK,WIN,,Ciarrai Abu,5,BEST BET,260515593,36050708,6,1,5.29,20.16,20.16,20.16
Rory Flanagan,30/07/2026,Goodwood,EXPERT TIPS,TRUE,Thoroughbred,2,7,BACK,WIN,,Mans Best Friend,3,,260515600,99991201,6,1,7.83,19.26,19.26,0.00
Rory Flanagan,30/07/2026,Goodwood,EXPERT TIPS,TRUE,Thoroughbred,2,4,BACK,WIN,,Flann Sunna,2,,260515600,99858691,6,0,2.14,-2.00,-2.00,0.00
Rory Flanagan,30/07/2026,Goodwood,EXPERT TIPS,TRUE,Thoroughbred,3,2,BACK,WIN,,Bay Of Brilliance,2,,260515606,87222234,6,0,3.65,-2.00,-2.00,0.00
Rory Flanagan,30/07/2026,Goodwood,EXPERT TIPS,TRUE,Thoroughbred,4,4,BACK,WIN,,Diamond Necklace,5,,260515612,1541170,6,1,1.87,4.09,4.09,0.00
Rory Flanagan,30/07/2026,Goodwood,EXPERT TIPS,TRUE,Thoroughbred,6,6,BACK,WIN,,The Bookkeeper,1,,260515627,47098620,6,0,5.54,-1.00,-1.00,0.00
Rory Flanagan,30/07/2026,Goodwood,EXPERT TIPS,TRUE,Thoroughbred,6,6,BACK,PLACE,,The Bookkeeper,1,,260515629,47098620,6,1,1.86,0.81,0.81,0.00
Rory Flanagan,30/07/2026,Goodwood,EXPERT TIPS,TRUE,Thoroughbred,8,2,BACK,WIN,,Exclusive Code,2,,260515643,15718910,6,1,3.6,4.89,4.89,0.00
Brett & Darren Carroll,30/07/2026,Kilmore,EXPERT TIPS,FALSE,Harness,1,3,BACK,WIN,$1.70,3. Delightful Miki,3,BEST BET,260542624,85445823,8,0,1.16,-3.00,0.00,-3.00
Brett & Darren Carroll,30/07/2026,Kilmore,EXPERT TIPS,FALSE,Harness,4,8,BACK,WIN,$2.40,8. Joe Lou,1,,260542630,86018692,8,1,5.5,4.14,4.14,0.00
Brett & Darren Carroll,30/07/2026,Kilmore,EXPERT TIPS,FALSE,Harness,5,1,BACK,PLACE,$1.80,1. Gatsby,1,,260542633,27755762,8,1,2.5,1.38,1.38,0.00
Brett & Darren Carroll,30/07/2026,Kilmore,EXPERT TIPS,FALSE,Harness,7,3,BACK,WIN,$2.00,3. Aldebaran Mistique,1,,260542636,90252672,8,1,1.67,0.62,0.00,0.00
Will Norman,30/07/2026,Penrith,EXPERT TIPS,FALSE,Harness,1,1,LAY,WIN,$7.00,1. Til Heavens Rockn,1,,260545846,70855746,8,1,6.57,-1.00,-1.00,0.00
Will Norman,30/07/2026,Penrith,EXPERT TIPS,FALSE,Harness,3,4,LAY,WIN,$3.00,4. Rock With The Best,1,,260545852,100231130,8,0,3.88,0.32,0.00,0.00
Will Norman,30/07/2026,Penrith,EXPERT TIPS,FALSE,Harness,5,9,BACK,WIN,$4.00,9. Davolas Legacy,1,BEST BET,260545858,92537930,8,0,4.4,-1.00,-1.00,-1.00
Michael Tye,30/07/2026,Sandown Park,EXPERT TIPS,FALSE,Greyhounds,10,4,BACK,WIN,$5.50,4. Paw Brutus ,2,,260543899,93240144,8,0,3.39,-2.00,0.00,0.00
Michael Tye,30/07/2026,Sandown Park,EXPERT TIPS,FALSE,Greyhounds,2,5,BACK,WIN,$2.85,5. Indy Melmen ,2,,260543859,96696328,8,1,5.1,7.54,7.54,0.00
Michael Tye,30/07/2026,Sandown Park,EXPERT TIPS,FALSE,Greyhounds,3,1,BACK,WIN,$2.85,1. Paw Stella ,3,,260543864,92746737,8,0,2.61,-3.00,0.00,0.00
Michael Tye,30/07/2026,Sandown Park,EXPERT TIPS,FALSE,Greyhounds,4,1,BACK,WIN,$1.78,1. Hurricane ,3,BEST BET,260543869,93828007,8,0,1.45,-3.00,0.00,-3.00
Michael Tye,30/07/2026,Sandown Park,EXPERT TIPS,FALSE,Greyhounds,5,1,BACK,WIN,$1.66,1. Amron Toy ,3,,260543874,89101563,8,1,1.37,1.02,0.00,0.00
Michael Tye,30/07/2026,Sandown Park,EXPERT TIPS,FALSE,Greyhounds,7,2,BACK,WIN,$1.62,2. Wrongly Accused ,3,,260543884,101103171,8,1,1.51,1.41,0.00,0.00
Michael Tye,30/07/2026,Sandown Park,EXPERT TIPS,FALSE,Greyhounds,7,8,LAY,WIN,$4.20,8. Off The Chart,3,BEST BET,260543884,4201740,8,0,5.72,0.58,0.00,0.58
Michael Tye,31/07/2026,Geelong,LATE MAIL,FALSE,Greyhounds,4,1,BACK,WIN,$1.75,1. Pure Silk ,3,BEST BET,260570686,101164876,8,0,1.95,-3.00,-3.00,-3.00
Michael Tye,31/07/2026,Geelong,LAY OF THE DAY,FALSE,Greyhounds,5,7,LAY,WIN,$4.20,7. Miss Jo ,2,BEST BET,260570691,81156618,8,0,2.4,1.31,1.31,1.31
Scott Hill,31/07/2026,Gloucester Park,EXPERT TIPS,FALSE,Harness,1,12,BACK,WIN,$2.20,12. D Mac,2,,260562399,4015040,8,0,2.59,-2.00,-2.00,0.00
Scott Hill,31/07/2026,Gloucester Park,EXPERT TIPS,FALSE,Harness,2,12,BACK,WIN,$5.00,12. Hillview Bondi,1,,260562402,40546510,8,0,9.48,-1.00,-1.00,0.00
Scott Hill,31/07/2026,Gloucester Park,EXPERT TIPS,FALSE,Harness,3,5,BACK,WIN,$3.00,5. Lucca ,1,,260562405,39951868,8,0,3.25,-1.00,-1.00,0.00
Scott Hill,31/07/2026,Gloucester Park,EXPERT TIPS,FALSE,Harness,5,4,BACK,WIN,$2.00,4. American Blaze,2,,260562411,83314647,8,1,1.6,1.10,0.00,0.00
Scott Hill,31/07/2026,Gloucester Park,EXPERT TIPS,FALSE,Harness,7,12,LAY,WIN,$5.00,12. Luvbite ,3,,260562417,4340713,8,0,5.54,0.61,0.00,0.00
Scott Hill,31/07/2026,Gloucester Park,EXPERT TIPS,FALSE,Harness,9,9,BACK,WIN,$2.00,9. Azione ,3,BEST BET,260562423,82131538,8,0,2.19,-3.00,-3.00,-3.00
Rory Flanagan,31/07/2026,Goodwood,EXPERT TIPS,TRUE,Thoroughbred,1,6,BACK,WIN,,Annabels Ghost,1,,260549073,67480900,6,0,12,-1.00,-1.00,0.00
Rory Flanagan,31/07/2026,Goodwood,EXPERT TIPS,TRUE,Thoroughbred,1,6,BACK,PLACE,,Annabels Ghost,1,,260549075,67480900,6,0,2.5,-1.00,-1.00,0.00
Rory Flanagan,31/07/2026,Goodwood,EXPERT TIPS,TRUE,Thoroughbred,2,6,BACK,WIN,,Talk Of New York,5,BEST BET,260549066,89895402,6,0,1.51,-5.00,-5.00,-5.00
Rory Flanagan,31/07/2026,Goodwood,EXPERT TIPS,TRUE,Thoroughbred,2,2,BACK,PLACE,,Catullus,2,,260549067,68152,6,0,3.95,-2.00,-2.00,0.00
Rory Flanagan,31/07/2026,Goodwood,EXPERT TIPS,TRUE,Thoroughbred,3,6,BACK,WIN,,Indalo,3,,260549082,25803,6,0,4.68,-3.00,-3.00,0.00
Rory Flanagan,31/07/2026,Goodwood,EXPERT TIPS,TRUE,Thoroughbred,3,4,BACK,WIN,,Mister Winston,1,,260549082,28319589,6,0,35.5,-1.00,-1.00,0.00
Rory Flanagan,31/07/2026,Goodwood,EXPERT TIPS,TRUE,Thoroughbred,3,4,BACK,PLACE,,Mister Winston,1,,260549084,28319589,6,0,6.18,-1.00,-1.00,0.00
Rory Flanagan,31/07/2026,Goodwood,EXPERT TIPS,TRUE,Thoroughbred,4,1,BACK,WIN,,Night Raider,4,,260549091,10509287,6,0,4,-4.00,-4.00,0.00
Rory Flanagan,31/07/2026,Goodwood,EXPERT TIPS,TRUE,Thoroughbred,6,9,BACK,WIN,,Innichen,2,,260549098,97043821,6,0,11.23,-2.00,-2.00,0.00
Rory Flanagan,31/07/2026,Goodwood,EXPERT TIPS,TRUE,Thoroughbred,6,3,BACK,WIN,,Revels,1,,260549098,98568699,6,1,18.14,16.11,16.11,0.00
Rory Flanagan,31/07/2026,Goodwood,EXPERT TIPS,TRUE,Thoroughbred,7,5,BACK,WIN,,Into The Light,4,,260549107,3062139,6,1,3.5,9.40,9.40,0.00
Rory Flanagan,31/07/2026,Goodwood,EXPERT TIPS,TRUE,Thoroughbred,8,6,BACK,WIN,,Room Fourteen,4,,260549113,89805283,6,0,4.4,-4.00,-4.00,0.00
Brett & Darren Carroll,31/07/2026,Mildura,EXPERT TIPS,FALSE,Harness,1,6,BACK,WIN,$2.00,6. Royal Appointment,2,,260562324,4669929,8,1,2.8,3.31,3.31,0.00
Brett & Darren Carroll,31/07/2026,Mildura,EXPERT TIPS,FALSE,Harness,2,2,BACK,WIN,$2.00,2. No Good Reason,1,,260562326,99429418,8,0,6.97,-1.00,-1.00,0.00
Brett & Darren Carroll,31/07/2026,Mildura,EXPERT TIPS,FALSE,Harness,4,7,BACK,WIN,$2.50,7. Whitehaven Beach,1,,260562330,16626158,8,0,9.47,-1.00,-1.00,0.00
Brett & Darren Carroll,31/07/2026,Mildura,EXPERT TIPS,FALSE,Harness,4,6,BACK,WIN,$3.00,6. Starvin Marvin,1,,260562330,1377688,8,0,4.7,-1.00,-1.00,0.00
Brett & Darren Carroll,31/07/2026,Mildura,EXPERT TIPS,FALSE,Harness,5,1,BACK,WIN,$1.80,1. Bandit Eyes,2,,260562332,5408432,8,1,1.98,1.80,1.80,0.00
Brett & Darren Carroll,31/07/2026,Mildura,EXPERT TIPS,FALSE,Harness,6,2,LAY,WIN,$5.00,2. The Ninja,1,,260562334,83446613,8,1,3.49,-1.00,-1.00,0.00
Brett & Darren Carroll,31/07/2026,Mildura,EXPERT TIPS,FALSE,Harness,8,8,BACK,WIN,$1.90,8. Sneaky Philtra,2,,260562338,72479342,8,1,2.1,2.02,2.02,0.00
Brett & Darren Carroll,31/07/2026,Mildura,EXPERT TIPS,FALSE,Harness,9,1,BACK,WIN,$1.40,1. Boystrous,3,BEST BET,260562340,101129836,8,0,2.09,-3.00,-3.00,-3.00
Will Norman,31/07/2026,Newcastle,EXPERT TIPS,FALSE,Harness,2,9,BACK,WIN,$4.00,9. Between Decks,1,,260562284,89308132,8,0,5.9,-1.00,-1.00,0.00
Will Norman,31/07/2026,Newcastle,EXPERT TIPS,FALSE,Harness,3,2,LAY,WIN,$6.00,2. Caulonia Courage,1,,260562287,37536518,8,1,6.8,-1.00,0.00,0.00
Will Norman,31/07/2026,Newcastle,EXPERT TIPS,FALSE,Harness,4,6,BACK,WIN,$4.00,6. Last Time Joe,1,,260562290,50169732,8,0,2.44,-1.00,0.00,0.00
Will Norman,31/07/2026,Newcastle,EXPERT TIPS,FALSE,Harness,5,7,BACK,WIN,$1.50,7. Gordons Ghost,2,BEST BET,260562293,101161622,8,1,1.48,0.88,0.00,0.88
Mitch Lewis,31/07/2026,Scone,EXPERT TIPS,FALSE,Thoroughbred,1,8,BACK,WIN,$2.50,8. First Embrace,3,,260545978,101163123,10,0,1.79,-3.00,0.00,0.00
Mitch Lewis,31/07/2026,Scone,EXPERT TIPS,FALSE,Thoroughbred,3,3,BACK,WIN,$6.00,3. Oakfield Missouri,2,,260545984,100454092,10,0,14.5,-2.00,-2.00,0.00
Mitch Lewis,31/07/2026,Scone,EXPERT TIPS,FALSE,Thoroughbred,3,3,BACK,PLACE,$6.00,3. Oakfield Missouri,2,,260545985,100454092,10,1,2.94,3.49,0.00,0.00
Mitch Lewis,31/07/2026,Scone,EXPERT TIPS,FALSE,Thoroughbred,7,6,BACK,WIN,$3.00,6. Ocean Tsunami,2,BEST BET,260545996,101163162,10,1,2.58,2.84,0.00,2.84
