Date,Track,Race Name,Race,Market,Selection,Number,Horse,Rank,WIN_RESULT,WIN_BSP,PLACE_RESULT,PLACE_BSP
2026-08-01,Belmont,R1 1200m Hcap,1,260545589,49514139,3,Capper Thirtynine,2,0.0,10.0,0.0,2.2
2026-08-01,Belmont,R1 1200m Hcap,1,260545589,52936664,1,Ice Pick Nick,3,0.0,35.92,0.0,5.6
2026-08-01,Belmont,R1 1200m Hcap,1,260545589,78689385,4,The Calabrese,4,0.0,3.36,1.0,1.23
2026-08-01,Belmont,R1 1200m Hcap,1,260545589,79525319,5,Want A Winner,1,0.0,2.6,1.0,1.24
2026-08-01,Belmont,R1 1200m Hcap,1,260545589,94886323,8,Hubbles Dragon,5,0.0,13.5,0.0,3.0
2026-08-01,Belmont,R2 1400m Hcap,2,260545598,5352710,5,In Confidence,1,1.0,1.25,1.0,1.03
2026-08-01,Belmont,R2 1400m Hcap,2,260545598,43204003,9,Kelora,5,0.0,170.0,0.0,7.0
2026-08-01,Belmont,R2 1400m Hcap,2,260545598,43352472,3,Birds The Word,3,0.0,16.6,1.0,1.92
2026-08-01,Belmont,R2 1400m Hcap,2,260545598,51958616,2,Odinaka,2,0.0,11.74,0.0,1.58
2026-08-01,Belmont,R2 1400m Hcap,2,260545598,89670913,4,Deel Her In,4,0.0,30.0,0.0,2.28
2026-08-01,Belmont,R3 1000m Hcap,3,260545607,4437924,4,Swingman,2,0.0,9.58,0.0,2.54
2026-08-01,Belmont,R3 1000m Hcap,3,260545607,4547826,7,Girls Day Out,3,0.0,8.65,1.0,2.67
2026-08-01,Belmont,R3 1000m Hcap,3,260545607,64343968,1,Sinful Living,4,0.0,31.88,0.0,5.0
2026-08-01,Belmont,R3 1000m Hcap,3,260545607,79456571,2,Amaroo Star,5,0.0,9.98,0.0,3.2
2026-08-01,Belmont,R3 1000m Hcap,3,260545607,101166143,6,Long Service Leaf,1,0.0,2.92,0.0,1.42
2026-08-01,Belmont,R4 1200m Hcap,4,260545616,46603521,8,Mia Gusto,4,0.0,33.77,1.0,8.01
2026-08-01,Belmont,R4 1200m Hcap,4,260545616,60491791,1,Ruler Rocket,2,0.0,30.0,0.0,5.95
2026-08-01,Belmont,R4 1200m Hcap,4,260545616,84983483,4,Lucky I Am,1,0.0,6.01,0.0,2.48
2026-08-01,Belmont,R4 1200m Hcap,4,260545616,89392681,5,Roaming America,3,0.0,9.8,0.0,3.4
2026-08-01,Belmont,R4 1200m Hcap,4,260545616,101166144,11,Cosmic Treat,5,0.0,6.81,0.0,2.08
2026-08-01,Belmont,R5 1300m 3yo,5,260545625,7274466,3,Godspeed,3,1.0,4.3,1.0,1.81
2026-08-01,Belmont,R5 1300m 3yo,5,260545625,100695129,1,Theyreallsisters,2,0.0,4.54,0.0,1.72
2026-08-01,Belmont,R5 1300m 3yo,5,260545625,101166146,2,Countersunk,5,0.0,16.59,0.0,3.41
2026-08-01,Belmont,R5 1300m 3yo,5,260545625,101166148,5,The Persian God,4,0.0,18.5,0.0,3.74
2026-08-01,Belmont,R5 1300m 3yo,5,260545625,101166151,9,Gods Hammer,1,0.0,3.08,0.0,1.5
2026-08-01,Belmont,R6 1200m Hcap,6,260545634,6314132,5,Yes I Know,4,1.0,12.62,1.0,2.68
2026-08-01,Belmont,R6 1200m Hcap,6,260545634,75436609,2,Ripper Farooq,2,0.0,16.0,0.0,3.45
2026-08-01,Belmont,R6 1200m Hcap,6,260545634,101166155,1,Sherpa Express,1,0.0,1.93,0.0,1.28
2026-08-01,Belmont,R6 1200m Hcap,6,260545634,101166156,10,Rock The Market,3,0.0,7.84,0.0,1.9
2026-08-01,Belmont,R6 1200m Hcap,6,260545634,101166157,12,Optimus Prime,5,0.0,13.0,0.0,2.86
2026-08-01,Belmont,R7 1400m Hcap,7,260545643,49089171,5,Rokanori,3,0.0,48.14,0.0,10.71
2026-08-01,Belmont,R7 1400m Hcap,7,260545643,56528646,3,Triple Jay,5,0.0,17.0,0.0,5.0
2026-08-01,Belmont,R7 1400m Hcap,7,260545643,73178775,1,Captain Pluto,1,0.0,15.5,0.0,4.4
2026-08-01,Belmont,R7 1400m Hcap,7,260545643,81814011,4,Angel Undercover,2,0.0,3.9,1.0,1.64
2026-08-01,Belmont,R7 1400m Hcap,7,260545643,101166158,8,Snippy Which,4,0.0,12.5,1.0,3.25
2026-08-01,Belmont,R8 1600m Hcap,8,260545652,45691070,3,Changing Guard,4,0.0,18.12,0.0,4.5
2026-08-01,Belmont,R8 1600m Hcap,8,260545652,50479456,6,Belle Journee,3,1.0,12.17,1.0,3.34
2026-08-01,Belmont,R8 1600m Hcap,8,260545652,62394588,9,Right To Silence,1,0.0,13.0,1.0,3.4
2026-08-01,Belmont,R8 1600m Hcap,8,260545652,72857770,2,Starwalker,5,0.0,95.0,0.0,12.62
2026-08-01,Belmont,R8 1600m Hcap,8,260545652,96913574,7,Showlas,2,0.0,7.22,0.0,2.46
2026-08-01,Broome,R1 1615m CL2,1,260571223,1541774,2,Karsavina,1,1.0,3.77,1.0,1.61
2026-08-01,Broome,R1 1615m CL2,1,260571223,53345692,7,Schuhbeck,5,0.0,17.95,1.0,3.85
2026-08-01,Broome,R1 1615m CL2,1,260571223,79738512,3,Aces To Win,4,0.0,5.87,0.0,1.82
2026-08-01,Broome,R1 1615m CL2,1,260571223,101165448,4,Angel Like You,2,0.0,20.78,0.0,4.78
2026-08-01,Broome,R1 1615m CL2,1,260571223,101165449,8,Spirit Of Luna,3,0.0,31.48,0.0,6.4
2026-08-01,Broome,R2 1200m Mdn,2,260571227,1218955,7,Belle Belle,3,0.0,25.36,0.0,5.37
2026-08-01,Broome,R2 1200m Mdn,2,260571227,72415025,5,Boutique Session,5,0.0,11.02,1.0,2.67
2026-08-01,Broome,R2 1200m Mdn,2,260571227,101165450,1,Glyda,4,0.0,17.91,0.0,3.63
2026-08-01,Broome,R2 1200m Mdn,2,260571227,101165451,2,Ole Grande,2,1.0,2.16,1.0,1.19
2026-08-01,Broome,R2 1200m Mdn,2,260571227,101165452,3,Areduet,1,0.0,6.49,0.0,2.08
2026-08-01,Broome,R3 1100m Hcap,3,260571231,4047405,2,Ocean Outlaw,3,0.0,7.0,0.0,1.87
2026-08-01,Broome,R3 1100m Hcap,3,260571231,57078009,5,City Of Sin,5,0.0,12.0,0.0,3.06
2026-08-01,Broome,R3 1100m Hcap,3,260571231,59085292,1,Fire The Guard,2,1.0,12.63,1.0,2.85
2026-08-01,Broome,R3 1100m Hcap,3,260571231,80399823,7,Sanctions,4,0.0,7.6,1.0,1.92
2026-08-01,Broome,R3 1100m Hcap,3,260571231,93757877,3,Dust Aside,1,0.0,2.14,1.0,1.24
2026-08-01,Broome,R4 1300m CL2,4,260571235,70139347,4,Coondle,2,1.0,3.65,1.0,1.34
2026-08-01,Broome,R4 1300m CL2,4,260571235,73178759,2,The Top Bar,3,0.0,6.08,1.0,1.72
2026-08-01,Broome,R4 1300m CL2,4,260571235,83231810,5,Solar System,4,0.0,11.24,1.0,2.58
2026-08-01,Broome,R4 1300m CL2,4,260571235,83569253,6,Bondi Queen,5,0.0,17.39,0.0,3.25
2026-08-01,Broome,R4 1300m CL2,4,260571235,100886390,1,Mohegan Ruler,1,0.0,3.28,0.0,1.31
2026-08-01,Broome,R5 1780m Hcap,5,260571239,41035519,4,Success Play,3,0.0,54.02,0.0,8.8
2026-08-01,Broome,R5 1780m Hcap,5,260571239,43352471,2,Capricorn Man,1,0.0,7.37,0.0,2.25
2026-08-01,Broome,R5 1780m Hcap,5,260571239,43637940,1,Lucky Landing,4,0.0,4.79,0.0,1.58
2026-08-01,Broome,R5 1780m Hcap,5,260571239,77614206,5,Whats The Point,2,0.0,2.97,1.0,1.48
2026-08-01,Broome,R5 1780m Hcap,5,260571239,84696881,8,Alotta Dane,5,1.0,15.5,1.0,3.8
2026-08-01,Broome,R6 1435m Hcap,6,260571243,3340863,7,Cable Boy,2,1.0,4.87,1.0,1.81
2026-08-01,Broome,R6 1435m Hcap,6,260571243,8575003,3,Kings Call,4,0.0,7.6,0.0,2.22
2026-08-01,Broome,R6 1435m Hcap,6,260571243,63610260,1,King Cartel,3,0.0,9.4,0.0,2.46
2026-08-01,Broome,R6 1435m Hcap,6,260571243,97631766,6,Great Edition,1,0.0,4.0,1.0,1.74
2026-08-01,Broome,R6 1435m Hcap,6,260571243,101165454,8,Big Shots,5,0.0,6.2,1.0,2.02
2026-08-01,Broome,R7 2070m Cup,7,260571249,11037184,4,Why Me,2,0.0,22.0,0.0,3.7
2026-08-01,Broome,R7 2070m Cup,7,260571249,51983400,1,Letsdeal,3,0.0,12.28,0.0,2.48
2026-08-01,Broome,R7 2070m Cup,7,260571249,53858692,5,Kings Sicario,1,1.0,9.2,1.0,2.32
2026-08-01,Broome,R7 2070m Cup,7,260571249,81157214,2,Pharoah Show,5,0.0,2.08,1.0,1.31
2026-08-01,Broome,R7 2070m Cup,7,260571249,85779322,9,Civvy Street,4,0.0,67.54,0.0,8.53
2026-08-01,Darwin,R2 1300m Hcap,2,260571395,1150650,6,Easy Red,4,0.0,3.65,1.0,1.81
2026-08-01,Darwin,R2 1300m Hcap,2,260571395,70350144,5,Your Not The Boss,2,0.0,17.5,0.0,3.6
2026-08-01,Darwin,R2 1300m Hcap,2,260571395,70891175,11,Lean On Me,1,0.0,215.98,0.0,27.71
2026-08-01,Darwin,R2 1300m Hcap,2,260571395,70891175,11,Lean On Me,2,0.0,215.98,0.0,27.71
2026-08-01,Darwin,R2 1300m Hcap,2,260571395,76336838,2,Rhesus,5,0.0,15.0,0.0,3.39
2026-08-01,Darwin,R2 1300m Hcap,2,260571395,77021664,10,Press Express,1,0.0,18.76,0.0,3.95
2026-08-01,Darwin,R2 1300m Hcap,2,260571395,101164224,3,Texture,3,1.0,3.02,1.0,1.49
2026-08-01,Darwin,R3 1300m Hcap,3,260571398,5806796,5,Struck Gold,4,0.0,6.48,1.0,2.08
2026-08-01,Darwin,R3 1300m Hcap,3,260571398,27693844,4,Gravina,2,0.0,35.78,1.0,7.92
2026-08-01,Darwin,R3 1300m Hcap,3,260571398,39428510,2,Cotehele,1,0.0,16.49,0.0,4.3
2026-08-01,Darwin,R3 1300m Hcap,3,260571398,74264346,11,Our Couver,5,0.0,25.45,0.0,4.4
2026-08-01,Darwin,R3 1300m Hcap,3,260571398,101164225,9,Lims Ida,3,0.0,32.0,0.0,6.2
2026-08-01,Darwin,R4 1200m Mdn,4,260571401,2537235,6,Warrego,2,0.0,3.8,0.0,1.77
2026-08-01,Darwin,R4 1200m Mdn,4,260571401,78977338,12,Zoutara,1,0.0,4.33,0.0,1.77
2026-08-01,Darwin,R4 1200m Mdn,4,260571401,85982121,9,Milk Foam,5,0.0,26.0,0.0,4.85
2026-08-01,Darwin,R4 1200m Mdn,4,260571401,101164227,5,Tee Galleria,3,1.0,7.0,1.0,2.34
2026-08-01,Darwin,R4 1200m Mdn,4,260571401,101164228,7,Flash Kermy,4,0.0,11.5,1.0,3.0
2026-08-01,Darwin,R5 1200m Hcap,5,260571404,43377939,2,Real Valentia,5,0.0,15.61,0.0,2.89
2026-08-01,Darwin,R5 1200m Hcap,5,260571404,45787609,1,Daniher,3,0.0,3.45,1.0,1.49
2026-08-01,Darwin,R5 1200m Hcap,5,260571404,46790383,3,Starzam,1,0.0,18.0,1.0,3.85
2026-08-01,Darwin,R5 1200m Hcap,5,260571404,49244111,8,Lucky Fortuna,4,0.0,2.84,0.0,1.28
2026-08-01,Darwin,R5 1200m Hcap,5,260571404,76612252,4,Mr Marrakech,2,0.0,7.5,0.0,2.08
2026-08-01,Darwin,R6 1000m Hcap,6,260571407,1295642,7,Debating,4,0.0,13.86,0.0,3.7
2026-08-01,Darwin,R6 1000m Hcap,6,260571407,46675501,9,Starspangledancer,3,0.0,19.05,0.0,4.6
2026-08-01,Darwin,R6 1000m Hcap,6,260571407,68637907,3,Tellez,2,1.0,15.5,1.0,4.1
2026-08-01,Darwin,R6 1000m Hcap,6,260571407,77339564,4,Dynamic Theory,1,0.0,5.7,1.0,2.03
2026-08-01,Darwin,R6 1000m Hcap,6,260571407,90886252,2,Dad Bod,5,0.0,9.2,0.0,2.71
2026-08-01,Darwin,R7 1200m Hcap,7,260571410,42010718,2,Boldinho,1,1.0,7.6,1.0,2.06
2026-08-01,Darwin,R7 1200m Hcap,7,260571410,49513690,5,Field Of Flutes,5,0.0,89.4,0.0,11.0
2026-08-01,Darwin,R7 1200m Hcap,7,260571410,64738840,11,Devils Delight,4,0.0,220.0,0.0,20.0
2026-08-01,Darwin,R7 1200m Hcap,7,260571410,71374498,9,Arizona Activist,3,0.0,70.0,0.0,8.4
2026-08-01,Darwin,R7 1200m Hcap,7,260571410,77427859,3,Balastier,2,0.0,1.9,0.0,1.38
2026-08-01,Doomben,R4 1200m 3yo,4,260544887,6263455,2,Slippin Away,5,0.0,5.7,0.0,1.91
2026-08-01,Doomben,R4 1200m 3yo,4,260544887,6276245,6,Cascading,2,0.0,2.8,1.0,1.26
2026-08-01,Doomben,R4 1200m 3yo,4,260544887,94615523,3,Syrian Diamond,3,0.0,8.8,0.0,1.94
2026-08-01,Doomben,R4 1200m 3yo,4,260544887,101163757,5,Hidden Whisper,1,0.0,16.06,0.0,3.35
2026-08-01,Doomben,R4 1200m 3yo,4,260544887,101163758,7,Missile Shot,4,0.0,3.9,1.0,1.71
2026-08-01,Doomben,R5 1200m CL3,5,260544896,659707,3,Braveheart,1,1.0,3.2,1.0,1.48
2026-08-01,Doomben,R5 1200m CL3,5,260544896,53447147,7,Razors,4,0.0,29.0,1.0,5.4
2026-08-01,Doomben,R5 1200m CL3,5,260544896,56645400,2,Blazing Harry,3,0.0,20.68,1.0,4.88
2026-08-01,Doomben,R5 1200m CL3,5,260544896,101163759,11,Stormland,2,0.0,3.26,0.0,1.51
2026-08-01,Doomben,R5 1200m CL3,5,260544896,101163759,11,Stormland,5,0.0,3.26,0.0,1.51
2026-08-01,Doomben,R6 1200m CL3,6,260544905,73720262,6,Exuberance,4,0.0,25.09,0.0,4.66
2026-08-01,Doomben,R6 1200m CL3,6,260544905,86893669,13,Berezka,1,0.0,7.8,0.0,1.98
2026-08-01,Doomben,R6 1200m CL3,6,260544905,90525474,10,Spirit Of Barty,2,0.0,4.82,1.0,1.68
2026-08-01,Doomben,R6 1200m CL3,6,260544905,92504392,4,Thats Archies Girl,5,0.0,42.0,1.0,5.5
2026-08-01,Doomben,R6 1200m CL3,6,260544905,101163761,1,Grinzinger Champ,3,1.0,2.0,1.0,1.24
2026-08-01,Doomben,R7 1630m Hcap,7,260544914,4288223,6,Perfect Play,2,0.0,10.38,1.0,2.4
2026-08-01,Doomben,R7 1630m Hcap,7,260544914,4288223,6,Perfect Play,3,0.0,10.38,1.0,2.4
2026-08-01,Doomben,R7 1630m Hcap,7,260544914,42170299,2,North Pole,4,0.0,7.8,0.0,2.0
2026-08-01,Doomben,R7 1630m Hcap,7,260544914,79524465,3,Cunnamulla Fella,5,1.0,4.6,1.0,1.59
2026-08-01,Doomben,R7 1630m Hcap,7,260544914,100454531,1,Daggers,1,0.0,2.41,0.0,1.28
2026-08-01,Doomben,R8 1110m Hcap,8,260544923,1034642,11,Town Crier,3,0.0,16.0,0.0,4.04
2026-08-01,Doomben,R8 1110m Hcap,8,260544923,39308731,3,King Kapa,5,0.0,23.85,0.0,4.5
2026-08-01,Doomben,R8 1110m Hcap,8,260544923,42491937,1,Hatchet,1,0.0,23.36,0.0,4.65
2026-08-01,Doomben,R8 1110m Hcap,8,260544923,58635632,2,Epic Proportions,2,1.0,32.88,1.0,7.6
2026-08-01,Doomben,R8 1110m Hcap,8,260544923,70323006,4,Taltarni Fields,4,0.0,12.65,1.0,3.13
2026-08-01,Doomben,R9 1350m Hcap,9,260544932,57305618,1,Boom Torque,2,0.0,15.04,0.0,3.57
2026-08-01,Doomben,R9 1350m Hcap,9,260544932,57305618,1,Boom Torque,3,0.0,15.04,0.0,3.57
2026-08-01,Doomben,R9 1350m Hcap,9,260544932,66543547,3,Ouroboros,1,0.0,3.76,1.0,1.79
2026-08-01,Doomben,R9 1350m Hcap,9,260544932,78464947,2,Manolo Bling,5,0.0,8.4,0.0,2.96
2026-08-01,Doomben,R9 1350m Hcap,9,260544932,80971976,12,Tornado Express,4,0.0,5.2,1.0,1.76
2026-08-01,Flemington,R4 1410m Hcap,4,260542021,8770227,11,Fear No Evil,2,0.0,5.43,0.0,2.11
2026-08-01,Flemington,R4 1410m Hcap,4,260542021,59995943,1,Kahhof,3,0.0,5.1,1.0,2.06
2026-08-01,Flemington,R4 1410m Hcap,4,260542021,86893380,2,Reset The Jazz,4,0.0,37.15,0.0,7.65
2026-08-01,Flemington,R4 1410m Hcap,4,260542021,101164410,4,Darkbonee,1,0.0,6.03,1.0,3.1
2026-08-01,Flemington,R4 1410m Hcap,4,260542021,101164418,18,El Tercero,5,0.0,7.0,0.0,2.34
2026-08-01,Flemington,R5 1410m Hcap,5,260542030,77645895,6,Takeko,2,0.0,11.0,0.0,3.3
2026-08-01,Flemington,R5 1410m Hcap,5,260542030,99399644,7,Cherish Me,1,0.0,6.2,1.0,2.24
2026-08-01,Flemington,R5 1410m Hcap,5,260542030,100632361,1,Silent Shares,4,0.0,9.91,1.0,2.96
2026-08-01,Flemington,R5 1410m Hcap,5,260542030,101164421,8,Stage N Screen,5,1.0,10.5,1.0,2.85
2026-08-01,Flemington,R5 1410m Hcap,5,260542030,101164423,10,Salizou,3,0.0,4.61,0.0,2.12
2026-08-01,Flemington,R6 1620m Hcap,6,260542039,62633113,5,Farhh Flung,5,0.0,12.14,1.0,3.01
2026-08-01,Flemington,R6 1620m Hcap,6,260542039,90604319,9,Kaleo,1,0.0,6.66,1.0,2.18
2026-08-01,Flemington,R6 1620m Hcap,6,260542039,92460193,1,Shockletz,2,0.0,11.5,0.0,3.85
2026-08-01,Flemington,R6 1620m Hcap,6,260542039,101164430,11,Angland,4,0.0,28.0,0.0,4.97
2026-08-01,Flemington,R6 1620m Hcap,6,260542039,101164431,14,Boltsaver,3,0.0,28.12,0.0,5.5
2026-08-01,Flemington,R7 1200m Grp3,7,260542048,10987357,7,Fancify,3,0.0,13.0,0.0,2.8
2026-08-01,Flemington,R7 1200m Grp3,7,260542048,10987357,7,Fancify,4,0.0,13.0,0.0,2.8
2026-08-01,Flemington,,7,260542048,13184290,1,War Machine,5,,,,
2026-08-01,Flemington,R7 1200m Grp3,7,260542048,39242436,3,Star Patrol,2,0.0,6.2,0.0,1.92
2026-08-01,Flemington,R7 1200m Grp3,7,260542048,52872696,2,Arkansaw Kid,1,0.0,5.1,1.0,2.1
2026-08-01,Flemington,R8 1410m Hcap,8,260542057,69576804,3,Craig,4,0.0,19.0,0.0,2.34
2026-08-01,Flemington,R8 1410m Hcap,8,260542057,84181865,1,Coeur Volante,5,0.0,13.5,0.0,1.72
2026-08-01,Flemington,R8 1410m Hcap,8,260542057,89018787,2,Rise At Dawn,3,0.0,6.05,1.0,1.21
2026-08-01,Flemington,,8,260542057,101164438,7,Duchess Zou,1,,,,
2026-08-01,Flemington,R8 1410m Hcap,8,260542057,101164440,10,Sass Appeal,2,1.0,1.49,1.0,1.11
2026-08-01,Flemington,R9 1100m Hcap,9,260542066,39722843,1,Along The River,5,0.0,16.85,1.0,3.31
2026-08-01,Flemington,R9 1100m Hcap,9,260542066,54404978,8,Charmed Run,3,0.0,19.22,0.0,4.81
2026-08-01,Flemington,R9 1100m Hcap,9,260542066,72642348,11,Just Like Gaby,1,1.0,3.91,1.0,1.8
2026-08-01,Flemington,R9 1100m Hcap,9,260542066,75118978,3,Naval Academy,2,0.0,6.43,1.0,2.58
2026-08-01,Flemington,R9 1100m Hcap,9,260542066,98146923,2,Moby Dick,4,0.0,12.27,0.0,3.2
2026-08-01,Gilgandra,R2 800m Hcap,2,260573152,45736972,4,Emphatic Bel,5,0.0,13.77,0.0,4.58
2026-08-01,Gilgandra,R2 800m Hcap,2,260573152,54670947,3,Beaunified,1,0.0,8.78,1.0,2.04
2026-08-01,Gilgandra,R2 800m Hcap,2,260573152,101183557,1,Hard Choice,3,0.0,28.0,0.0,5.41
2026-08-01,Gilgandra,R2 800m Hcap,2,260573152,101183558,2,Angies Sister,2,0.0,1.96,1.0,1.17
2026-08-01,Gilgandra,R2 800m Hcap,2,260573152,101183559,6,Blue Biddy,4,0.0,9.0,0.0,2.27
2026-08-01,Gilgandra,R3 1100m Hcap,3,260573155,2850508,3,Rivaldo,1,0.0,9.0,1.0,2.79
2026-08-01,Gilgandra,R3 1100m Hcap,3,260573155,72641803,8,Barrieanna,5,0.0,99.81,0.0,11.0
2026-08-01,Gilgandra,R3 1100m Hcap,3,260573155,75118156,6,My Crown,3,0.0,13.0,0.0,3.1
2026-08-01,Gilgandra,R3 1100m Hcap,3,260573155,82856103,7,Ready For Lift Off,4,0.0,17.0,0.0,3.51
2026-08-01,Gilgandra,R3 1100m Hcap,3,260573155,101183560,1,Lady Giovanna,2,1.0,4.1,1.0,1.53
2026-08-01,Gilgandra,R4 1100m Hcap,4,260573158,49296905,8,Ultra White,4,0.0,11.33,0.0,3.12
2026-08-01,Gilgandra,R4 1100m Hcap,4,260573158,59146725,4,Powderfinger,2,0.0,18.0,1.0,3.75
2026-08-01,Gilgandra,R4 1100m Hcap,4,260573158,77081775,7,Calmundi,5,0.0,24.69,0.0,5.6
2026-08-01,Gilgandra,R4 1100m Hcap,4,260573158,77465170,5,Johnny Boz,1,0.0,16.0,0.0,3.43
2026-08-01,Gilgandra,R4 1100m Hcap,4,260573158,100720786,3,Notabadchassis,3,0.0,11.5,0.0,4.2
2026-08-01,Gilgandra,R5 1280m Hcap,5,260573161,27870230,4,Toulon Factor,1,0.0,23.58,0.0,5.5
2026-08-01,Gilgandra,R5 1280m Hcap,5,260573161,37296022,2,Castlebar Road,3,1.0,3.88,1.0,1.89
2026-08-01,Gilgandra,R5 1280m Hcap,5,260573161,40050535,3,Red Beryl,4,0.0,19.67,0.0,4.9
2026-08-01,Gilgandra,R5 1280m Hcap,5,260573161,55859567,9,Maid In Dubai,2,0.0,3.67,0.0,1.57
2026-08-01,Gilgandra,R5 1280m Hcap,5,260573161,70666508,8,Cumnock,5,0.0,9.21,0.0,3.44
2026-08-01,Gilgandra,R6 1600m Hcap,6,260573164,3476517,13,Aoife,3,0.0,18.5,0.0,4.26
2026-08-01,Gilgandra,R6 1600m Hcap,6,260573164,60264351,8,Sellinya,5,0.0,70.26,0.0,17.0
2026-08-01,Gilgandra,R6 1600m Hcap,6,260573164,77688113,4,Phils Colours,1,0.0,13.67,0.0,5.0
2026-08-01,Gilgandra,R6 1600m Hcap,6,260573164,80091733,3,My Angel Shell,2,0.0,3.37,0.0,2.02
2026-08-01,Gilgandra,R6 1600m Hcap,6,260573164,85541638,5,Way To Divine,4,0.0,17.42,1.0,3.66
2026-08-01,Gold Coast,R4 1400m Hcap,4,260572632,4415471,4,Matawai,2,0.0,9.2,1.0,2.09
2026-08-01,Gold Coast,R4 1400m Hcap,4,260572632,47988846,5,Tuhinga,1,0.0,36.0,0.0,5.5
2026-08-01,Gold Coast,R4 1400m Hcap,4,260572632,49297297,2,Liberty Steps,3,0.0,6.6,1.0,1.81
2026-08-01,Gold Coast,R4 1400m Hcap,4,260572632,62840115,6,Nails And Pride,5,0.0,10.11,0.0,2.92
2026-08-01,Gold Coast,R4 1400m Hcap,4,260572632,76934408,1,Blitzburg,4,1.0,2.3,1.0,1.42
2026-08-01,Gold Coast,R5 1100m CL1,5,260572636,47268560,2,River Ribble,3,0.0,60.0,0.0,5.8
2026-08-01,Gold Coast,R5 1100m CL1,5,260572636,48552843,5,Ciphertext,4,0.0,5.3,1.0,1.29
2026-08-01,Gold Coast,R5 1100m CL1,5,260572636,90286586,11,Spiritof The Ocean,5,0.0,75.0,0.0,6.0
2026-08-01,Gold Coast,R5 1100m CL1,5,260572636,101183363,3,Over Spray,2,1.0,1.59,1.0,1.11
2026-08-01,Gold Coast,R5 1100m CL1,5,260572636,101183364,4,Sum Invictus,1,0.0,7.0,0.0,1.65
2026-08-01,Gold Coast,R6 1800m Hcap,6,260572640,4737504,11,Hideout,3,1.0,8.96,1.0,2.52
2026-08-01,Gold Coast,R6 1800m Hcap,6,260572640,47463170,12,Whisky Train,2,0.0,9.96,0.0,2.7
2026-08-01,Gold Coast,R6 1800m Hcap,6,260572640,62869667,4,Bovidae,4,0.0,8.2,0.0,2.4
2026-08-01,Gold Coast,R6 1800m Hcap,6,260572640,63123421,5,Old Song,1,0.0,4.2,0.0,1.75
2026-08-01,Gold Coast,R6 1800m Hcap,6,260572640,76246600,13,Contreras,5,0.0,103.0,0.0,12.16
2026-08-01,Gold Coast,R7 1200m Hcap,7,260572644,465887,8,Chilliwack,4,0.0,27.07,0.0,4.95
2026-08-01,Gold Coast,R7 1200m Hcap,7,260572644,7396145,6,Demitasse,3,1.0,33.18,1.0,8.2
2026-08-01,Gold Coast,R7 1200m Hcap,7,260572644,15264783,12,Immediate,2,0.0,2.97,1.0,1.65
2026-08-01,Gold Coast,R7 1200m Hcap,7,260572644,62432552,3,Hulkamania,5,0.0,59.31,0.0,11.34
2026-08-01,Gold Coast,R7 1200m Hcap,7,260572644,71180184,4,Lady Shotgun,1,0.0,19.5,1.0,5.2
2026-08-01,Gold Coast,R8 1400m Hcap,8,260572648,4859891,11,Summit,1,0.0,4.94,0.0,1.97
2026-08-01,Gold Coast,R8 1400m Hcap,8,260572648,76659397,13,Critical Time,5,0.0,17.5,0.0,4.4
2026-08-01,Gold Coast,R8 1400m Hcap,8,260572648,83118813,4,All About Artie,4,0.0,50.0,0.0,10.0
2026-08-01,Gold Coast,R8 1400m Hcap,8,260572648,92784282,8,Family Of League,2,0.0,10.5,0.0,3.35
2026-08-01,Gold Coast,R8 1400m Hcap,8,260572648,92784282,8,Family Of League,3,0.0,10.5,0.0,3.35
2026-08-01,Hamilton,R2 1600m Mdn,2,260572579,88330208,1,Boss Boy,1,1.0,2.2,1.0,1.51
2026-08-01,Hamilton,R2 1600m Mdn,2,260572579,99206836,4,French Palace,2,0.0,12.0,0.0,4.18
2026-08-01,Hamilton,R2 1600m Mdn,2,260572579,101184047,2,Specky Boy,5,0.0,4.51,1.0,2.24
2026-08-01,Hamilton,R2 1600m Mdn,2,260572579,101184048,3,Tear Apart,3,0.0,7.13,0.0,3.06
2026-08-01,Hamilton,R2 1600m Mdn,2,260572579,101184051,8,Winter Arc,4,0.0,9.6,0.0,3.55
2026-08-01,Hamilton,R3 2200m Mdn,3,260572586,88111612,1,Convaaya,1,0.0,2.62,0.0,1.67
2026-08-01,Hamilton,R3 2200m Mdn,3,260572586,91924370,3,Hes Electric,3,1.0,5.49,1.0,2.83
2026-08-01,Hamilton,R3 2200m Mdn,3,260572586,96289634,4,Imnodrummerboy,5,0.0,9.0,1.0,3.8
2026-08-01,Hamilton,R3 2200m Mdn,3,260572586,100957347,2,Dioscuri,4,0.0,15.93,0.0,5.6
2026-08-01,Hamilton,R3 2200m Mdn,3,260572586,101184053,8,Elegant Force,2,0.0,28.95,0.0,10.63
2026-08-01,Hamilton,R4 2200m Hcap,4,260572593,5405611,7,Christmas,2,0.0,4.4,0.0,2.06
2026-08-01,Hamilton,R4 2200m Hcap,4,260572593,41831332,4,Brynner,3,0.0,29.05,0.0,7.4
2026-08-01,Hamilton,R4 2200m Hcap,4,260572593,87806677,6,Irlandais,4,0.0,8.32,1.0,2.47
2026-08-01,Hamilton,R4 2200m Hcap,4,260572593,96800236,3,Tulchan,5,0.0,11.1,0.0,2.86
2026-08-01,Hamilton,R4 2200m Hcap,4,260572593,100486859,2,Starry Desert,1,0.0,9.99,0.0,3.38
2026-08-01,Hamilton,R5 1600m Hcap,5,260572600,44038025,3,Duhlata,2,0.0,12.5,0.0,3.75
2026-08-01,Hamilton,R5 1600m Hcap,5,260572600,55205945,4,Final Impact,3,0.0,12.0,0.0,3.4
2026-08-01,Hamilton,R5 1600m Hcap,5,260572600,75119172,9,Rivazza,5,0.0,11.8,0.0,3.25
2026-08-01,Hamilton,R5 1600m Hcap,5,260572600,96772948,7,Charlecote Mill,4,0.0,6.64,1.0,2.27
2026-08-01,Hamilton,R5 1600m Hcap,5,260572600,101184055,8,Vegas Dancer,1,0.0,8.46,0.0,3.15
2026-08-01,Hamilton,R6 1400m Hcap,6,260572607,4201107,4,Thoughtful,2,0.0,4.99,1.0,1.89
2026-08-01,Hamilton,R6 1400m Hcap,6,260572607,42256322,5,Danerich Dan,4,0.0,22.09,0.0,5.19
2026-08-01,Hamilton,R6 1400m Hcap,6,260572607,42900864,9,State Of Maine,5,0.0,9.79,0.0,2.47
2026-08-01,Hamilton,R6 1400m Hcap,6,260572607,51238485,2,Dark Harmony,1,0.0,5.5,0.0,2.18
2026-08-01,Hamilton,R6 1400m Hcap,6,260572607,70890757,1,Bruzani,3,0.0,4.59,1.0,2.02
2026-08-01,Hamilton,R7 1100m Hcap,7,260572614,40259898,4,Chelsea Toff,3,0.0,29.76,0.0,8.22
2026-08-01,Hamilton,R7 1100m Hcap,7,260572614,42859919,3,Kentahten,1,1.0,5.96,1.0,2.31
2026-08-01,Hamilton,R7 1100m Hcap,7,260572614,52237951,1,Rockcliff,2,0.0,10.52,0.0,3.4
2026-08-01,Hamilton,R7 1100m Hcap,7,260572614,61592928,2,Derelict,5,0.0,12.81,0.0,3.54
2026-08-01,Hamilton,R7 1100m Hcap,7,260572614,100721238,5,Night Colours,4,0.0,59.24,0.0,12.0
2026-08-01,Morphettville,R4 1250m Hcap,4,260546785,26967890,3,Indian Jewel,1,0.0,37.48,0.0,10.5
2026-08-01,Morphettville,R4 1250m Hcap,4,260546785,71082545,6,Brimarvi Rosemarie,5,0.0,6.93,0.0,2.32
2026-08-01,Morphettville,R4 1250m Hcap,4,260546785,101163349,5,Tahnee Territory,2,0.0,12.5,1.0,3.43
2026-08-01,Morphettville,R4 1250m Hcap,4,260546785,101163352,10,Hysterical Lady,4,0.0,19.94,1.0,5.4
2026-08-01,Morphettville,R4 1250m Hcap,4,260546785,101163353,12,Tully Hart,3,0.0,15.92,0.0,5.0
2026-08-01,Morphettville,R5 1561m Hcap,5,260546794,4151936,9,Capulet,2,0.0,70.0,0.0,10.0
2026-08-01,Morphettville,R5 1561m Hcap,5,260546794,4323279,7,Fast Tempo,5,0.0,3.23,0.0,1.55
2026-08-01,Morphettville,R5 1561m Hcap,5,260546794,69642496,11,Callistemon,1,0.0,19.31,0.0,4.16
2026-08-01,Morphettville,R5 1561m Hcap,5,260546794,81517791,8,Maxildo,4,1.0,5.35,1.0,2.16
2026-08-01,Morphettville,R5 1561m Hcap,5,260546794,92459856,3,Flaming Navy,3,0.0,17.67,0.0,5.79
2026-08-01,Morphettville,R6 1000m Hcap,6,260546803,70633039,6,Halliwell,3,0.0,9.4,0.0,3.05
2026-08-01,Morphettville,R6 1000m Hcap,6,260546803,72915690,5,Bristler,2,0.0,28.87,0.0,5.5
2026-08-01,Morphettville,R6 1000m Hcap,6,260546803,76572484,9,Daisydoo,4,0.0,5.3,0.0,2.14
2026-08-01,Morphettville,R6 1000m Hcap,6,260546803,89436002,1,Demojo,5,0.0,14.42,0.0,3.85
2026-08-01,Morphettville,R6 1000m Hcap,6,260546803,101163356,8,Vintage Star,1,0.0,19.0,1.0,4.5
2026-08-01,Morphettville,R7 1400m Hcap,7,260546812,3625633,2,Snow Patrol,1,0.0,89.8,0.0,15.5
2026-08-01,Morphettville,R7 1400m Hcap,7,260546812,51936091,5,Angry Skies,5,0.0,26.52,0.0,4.91
2026-08-01,Morphettville,R7 1400m Hcap,7,260546812,83312886,10,Cielao,4,0.0,7.6,0.0,2.68
2026-08-01,Morphettville,R7 1400m Hcap,7,260546812,101163358,8,Sought After,2,0.0,6.1,0.0,2.29
2026-08-01,Morphettville,R7 1400m Hcap,7,260546812,101163358,8,Sought After,3,0.0,6.1,0.0,2.29
2026-08-01,Morphettville,R8 1400m Hcap,8,260546821,2326931,4,Annihilate,3,0.0,31.71,0.0,5.66
2026-08-01,Morphettville,R8 1400m Hcap,8,260546821,72201339,5,Attain,1,0.0,28.15,0.0,6.39
2026-08-01,Morphettville,R8 1400m Hcap,8,260546821,81746624,1,Mellifluent,5,0.0,11.43,0.0,3.65
2026-08-01,Morphettville,R8 1400m Hcap,8,260546821,98959805,10,Impact Storm,4,0.0,30.0,0.0,6.6
2026-08-01,Morphettville,R8 1400m Hcap,8,260546821,101163359,3,Power Dancer,2,0.0,20.0,0.0,4.5
2026-08-01,Morphettville,R9 1250m Hcap,9,260546830,54138973,4,Tapinforpar,5,0.0,14.52,0.0,4.1
2026-08-01,Morphettville,R9 1250m Hcap,9,260546830,55494158,1,Superset,2,0.0,9.67,0.0,2.93
2026-08-01,Morphettville,R9 1250m Hcap,9,260546830,80934004,3,Grande Terre,4,0.0,11.29,0.0,3.38
2026-08-01,Morphettville,R9 1250m Hcap,9,260546830,82788482,2,Prevailed,3,0.0,5.02,0.0,2.26
2026-08-01,Morphettville,R9 1250m Hcap,9,260546830,101163362,12,Polunin,1,0.0,10.5,1.0,3.8
2026-08-01,Newcastle,R4 900m Hcap,4,260573176,82046929,2,Close To Midnight,1,0.0,5.1,1.0,2.28
2026-08-01,Newcastle,R4 900m Hcap,4,260573176,82818926,7,Super Sioux,3,0.0,20.0,0.0,3.26
2026-08-01,Newcastle,R4 900m Hcap,4,260573176,84181766,8,The Way Ahead,5,0.0,19.5,0.0,3.3
2026-08-01,Newcastle,R4 900m Hcap,4,260573176,100487022,4,Misty Veil,2,0.0,2.75,1.0,2.03
2026-08-01,Newcastle,R4 900m Hcap,4,260573176,101183321,5,Capsity,4,0.0,71.64,0.0,8.84
2026-08-01,Newcastle,R5 1400m Mdn,5,260573179,97885771,1,Cool Rupert,2,0.0,42.06,0.0,5.3
2026-08-01,Newcastle,R5 1400m Mdn,5,260573179,100263146,8,Oakfield Iowa,1,0.0,1.9,1.0,1.23
2026-08-01,Newcastle,R5 1400m Mdn,5,260573179,101183329,9,Dashing Triple,3,0.0,8.41,0.0,2.14
2026-08-01,Newcastle,R5 1400m Mdn,5,260573179,101183330,10,Pacific Titan,4,0.0,23.0,0.0,3.79
2026-08-01,Newcastle,R5 1400m Mdn,5,260573179,101183331,11,Revuelto,5,0.0,60.0,0.0,7.56
2026-08-01,Newcastle,R6 1200m CL1,6,260573182,496375,10,Damascus Calling,3,0.0,31.79,0.0,3.73
2026-08-01,Newcastle,R6 1200m CL1,6,260573182,700158,3,Heroic Deed,1,1.0,1.77,1.0,1.4
2026-08-01,Newcastle,R6 1200m CL1,6,260573182,74189313,8,Frankely Sublime,5,0.0,32.0,0.0,4.33
2026-08-01,Newcastle,R6 1200m CL1,6,260573182,101183334,2,Ausbred Hedntail,2,0.0,4.9,1.0,1.54
2026-08-01,Newcastle,R6 1200m CL1,6,260573182,101183337,14,On Her Word,4,0.0,190.0,0.0,11.0
2026-08-01,Newcastle,R7 1600m Hcap,7,260573185,40470405,3,Dr Evil,5,0.0,40.87,0.0,4.3
2026-08-01,Newcastle,R7 1600m Hcap,7,260573185,71684557,11,Red Rags To Bulls,1,1.0,1.66,1.0,1.35
2026-08-01,Newcastle,R7 1600m Hcap,7,260573185,77082445,12,Royal Chic,4,0.0,15.86,0.0,2.8
2026-08-01,Newcastle,R7 1600m Hcap,7,260573185,82018171,4,Ghost Walker,2,0.0,32.25,1.0,4.3
2026-08-01,Newcastle,R7 1600m Hcap,7,260573185,92783972,2,Southerly Buster,3,0.0,7.2,1.0,1.82
2026-08-01,Newcastle,R8 1400m Hcap,8,260573188,3344021,13,Diamond Model,4,0.0,7.57,0.0,2.72
2026-08-01,Newcastle,R8 1400m Hcap,8,260573188,64959071,2,First Landing,3,0.0,37.92,0.0,6.4
2026-08-01,Newcastle,R8 1400m Hcap,8,260573188,64959071,2,First Landing,5,0.0,37.92,0.0,6.4
2026-08-01,Newcastle,R8 1400m Hcap,8,260573188,100019570,3,Oakfield Utah,2,1.0,2.77,1.0,2.15
2026-08-01,Newcastle,R8 1400m Hcap,8,260573188,101183347,17,Cenotes,1,0.0,230.0,0.0,33.49
2026-08-01,Rosehill,R5 2000m Hcap,5,260542258,2785583,3,Mo Chroi,3,0.0,5.9,0.0,2.6
2026-08-01,Rosehill,R5 2000m Hcap,5,260542258,44993968,1,Anythink Goes,1,0.0,11.22,1.0,3.03
2026-08-01,Rosehill,R5 2000m Hcap,5,260542258,74493920,10,Horizons,2,1.0,8.21,1.0,2.46
2026-08-01,Rosehill,R5 2000m Hcap,5,260542258,101163973,7,Existential Bob,5,0.0,7.0,0.0,2.38
2026-08-01,Rosehill,R5 2000m Hcap,5,260542258,101163974,8,Velaris,4,0.0,5.19,0.0,2.12
2026-08-01,Rosehill,R6 1400m Hcap,6,260542268,28230716,5,Aye Aye Captain,2,1.0,3.81,1.0,1.53
2026-08-01,Rosehill,R6 1400m Hcap,6,260542268,51414182,3,Enviable,1,0.0,2.75,0.0,1.37
2026-08-01,Rosehill,R6 1400m Hcap,6,260542268,62840306,9,Pieratas Gem,4,0.0,6.96,1.0,1.89
2026-08-01,Rosehill,R6 1400m Hcap,6,260542268,84629456,1,Miss Busslinger,5,0.0,21.22,0.0,2.9
2026-08-01,Rosehill,R6 1400m Hcap,6,260542268,96495584,2,Ticklebelly,3,0.0,6.92,1.0,1.74
2026-08-01,Rosehill,R7 1400m Hcap,7,260542277,3692088,14,Starman,5,0.0,56.05,0.0,10.5
2026-08-01,Rosehill,R7 1400m Hcap,7,260542277,70138214,3,Supernima,3,0.0,9.14,0.0,2.76
2026-08-01,Rosehill,R7 1400m Hcap,7,260542277,70138214,3,Supernima,4,0.0,9.14,0.0,2.76
2026-08-01,Rosehill,R7 1400m Hcap,7,260542277,82896192,8,Tarzing,1,0.0,2.54,0.0,1.58
2026-08-01,Rosehill,R7 1400m Hcap,7,260542277,101163977,11,Steel Strike,2,1.0,11.25,1.0,3.2
2026-08-01,Rosehill,R8 1500m Hcap,8,260542286,28419098,11,Emirate,4,0.0,9.0,0.0,2.68
2026-08-01,Rosehill,R8 1500m Hcap,8,260542286,42010586,5,Bold Mac,5,0.0,48.0,0.0,7.25
2026-08-01,Rosehill,R8 1500m Hcap,8,260542286,45347616,4,Democracy Manifest,1,0.0,17.0,0.0,4.2
2026-08-01,Rosehill,R8 1500m Hcap,8,260542286,73103730,10,Its A Knockout,2,0.0,4.1,0.0,1.64
2026-08-01,Rosehill,R8 1500m Hcap,8,260542286,99242782,12,Narbold,3,0.0,6.11,1.0,2.16
2026-08-01,Rosehill,R9 1300m Hcap,9,260542295,51958005,1,Cigar Flick,2,0.0,8.0,0.0,2.86
2026-08-01,Rosehill,R9 1300m Hcap,9,260542295,87767996,14,Gatsbys,5,0.0,11.17,0.0,3.42
2026-08-01,Rosehill,R9 1300m Hcap,9,260542295,92161654,12,Althoff,3,0.0,12.33,1.0,4.1
2026-08-01,Rosehill,R9 1300m Hcap,9,260542295,100694195,16,Bandis Boy,4,0.0,19.12,0.0,5.73
2026-08-01,Rosehill,R9 1300m Hcap,9,260542295,101163982,15,World Alliance,1,0.0,19.91,0.0,5.31
2026-08-01,Rosehill,R10 1100m Hcap,10,260542304,62356071,2,Tristate,5,0.0,84.67,0.0,22.0
2026-08-01,Rosehill,R10 1100m Hcap,10,260542304,78977067,5,Polyglot,1,0.0,9.6,0.0,2.31
2026-08-01,Rosehill,R10 1100m Hcap,10,260542304,85713018,6,Sovereign Hill,4,0.0,46.53,0.0,7.6
2026-08-01,Rosehill,R10 1100m Hcap,10,260542304,101163985,12,Jarrito,2,0.0,2.0,0.0,1.48
2026-08-01,Rosehill,R10 1100m Hcap,10,260542304,101163986,16,Formal,3,0.0,22.75,0.0,3.35
2026-08-01,Toowoomba,R1 1300m Hcap,1,260570010,45461404,4,Fort William,3,0.0,7.51,1.0,2.0
2026-08-01,Toowoomba,R1 1300m Hcap,1,260570010,55205835,6,Rumbling Away,4,0.0,38.81,0.0,8.14
2026-08-01,Toowoomba,R1 1300m Hcap,1,260570010,55533299,2,North Of Eli,2,0.0,12.0,0.0,3.1
2026-08-01,Toowoomba,R1 1300m Hcap,1,260570010,65823365,1,Four Ace,5,1.0,7.01,1.0,2.36
2026-08-01,Toowoomba,R1 1300m Hcap,1,260570010,65823518,7,Royal Bombadier,1,0.0,3.31,1.0,1.45
2026-08-01,Toowoomba,R2 1000m CL3,2,260570014,3039506,7,Vesper Lynd,4,0.0,12.87,1.0,3.2
2026-08-01,Toowoomba,R2 1000m CL3,2,260570014,4097195,9,Goose Step,2,0.0,4.06,1.0,1.59
2026-08-01,Toowoomba,R2 1000m CL3,2,260570014,79196032,3,Breezin,1,1.0,2.44,1.0,1.3
2026-08-01,Toowoomba,R2 1000m CL3,2,260570014,81264160,2,Wanted Hillbilly,5,0.0,14.0,0.0,2.91
2026-08-01,Toowoomba,R2 1000m CL3,2,260570014,82895276,4,Snitzond,3,0.0,9.27,0.0,2.46
2026-08-01,Toowoomba,R3 1640m Hcap,3,260570018,2351776,1,Power Pack,5,0.0,5.0,1.0,1.74
2026-08-01,Toowoomba,R3 1640m Hcap,3,260570018,79562182,5,The Cops,2,0.0,3.8,0.0,1.66
2026-08-01,Toowoomba,R3 1640m Hcap,3,260570018,90568163,2,Madalsa,1,1.0,9.09,1.0,2.3
2026-08-01,Toowoomba,R3 1640m Hcap,3,260570018,100720986,9,Jorum,4,0.0,10.5,0.0,2.5
2026-08-01,Toowoomba,R3 1640m Hcap,3,260570018,101183240,3,Good Philly,3,0.0,4.09,1.0,1.53
2026-08-01,Toowoomba,R4 1110m Hcap,4,260570022,2683398,3,Ralphie,4,0.0,4.98,0.0,2.94
2026-08-01,Toowoomba,R4 1110m Hcap,4,260570022,52237476,5,King Jester,2,0.0,5.1,1.0,2.53
2026-08-01,Toowoomba,R4 1110m Hcap,4,260570022,52873344,6,Pantelone,5,0.0,56.34,0.0,16.0
2026-08-01,Toowoomba,R4 1110m Hcap,4,260570022,60568650,1,Invahir,1,1.0,2.91,1.0,1.77
2026-08-01,Toowoomba,R4 1110m Hcap,4,260570022,69675353,4,Enterprise Lucia,3,0.0,6.6,0.0,2.88
2026-08-01,Toowoomba,R5 1000m Mdn,5,260570026,71473570,5,Akku,1,0.0,5.45,1.0,1.6
2026-08-01,Toowoomba,R5 1000m Mdn,5,260570026,83378593,9,Kvas,3,1.0,1.74,1.0,1.14
2026-08-01,Toowoomba,R5 1000m Mdn,5,260570026,87805426,10,Mishpat,5,0.0,14.92,0.0,2.68
2026-08-01,Toowoomba,R5 1000m Mdn,5,260570026,101183241,1,I Wasonly Nineteen,2,0.0,9.4,0.0,2.71
2026-08-01,Toowoomba,R5 1000m Mdn,5,260570026,101183243,6,Enterprise Aloisia,4,0.0,82.37,0.0,9.8
2026-08-01,Toowoomba,R6 1050m 3yo,6,260570030,101183246,1,Power Hit,2,1.0,17.5,1.0,4.07
2026-08-01,Toowoomba,R6 1050m 3yo,6,260570030,101183247,2,Shoes And Socks,3,0.0,10.54,0.0,2.7
2026-08-01,Toowoomba,R6 1050m 3yo,6,260570030,101183249,4,Too Many Chiefs,4,0.0,8.95,0.0,3.0
2026-08-01,Toowoomba,R6 1050m 3yo,6,260570030,101183252,8,On The Cusp,1,0.0,2.13,1.0,1.18
2026-08-01,Toowoomba,R6 1050m 3yo,6,260570030,101183253,9,Pier Angel,5,0.0,21.08,0.0,5.0
2026-08-01,Toowoomba,R7 2175m Mdn,7,260570034,4532894,8,Spring Rain,5,0.0,14.76,0.0,4.1
2026-08-01,Toowoomba,R7 2175m Mdn,7,260570034,89392877,7,Flirting With Fire,2,0.0,6.25,0.0,2.44
2026-08-01,Toowoomba,R7 2175m Mdn,7,260570034,100720998,2,Acts Alone,1,0.0,20.3,0.0,5.7
2026-08-01,Toowoomba,R7 2175m Mdn,7,260570034,101183257,5,Josephine Of Tuffy,3,0.0,14.95,1.0,4.3
2026-08-01,Toowoomba,R7 2175m Mdn,7,260570034,101183258,9,Moana Nui,4,0.0,3.65,0.0,1.78
2026-08-01,Townsville,R4 1000m Hcap,4,260569986,63608910,2,Snitzaroo,5,0.0,26.0,0.0,6.4
2026-08-01,Townsville,R4 1000m Hcap,4,260569986,80678547,3,Airborne Hotdog,2,0.0,13.5,1.0,4.7
2026-08-01,Townsville,R4 1000m Hcap,4,260569986,96721577,5,Shes Speedy,1,1.0,4.99,1.0,2.37
2026-08-01,Townsville,R4 1000m Hcap,4,260569986,100262944,10,Extra Free,4,0.0,5.0,1.0,2.08
2026-08-01,Townsville,R4 1000m Hcap,4,260569986,101183590,13,Penrod,3,0.0,19.88,0.0,4.5
2026-08-01,Townsville,R5 1609m Hcap,5,260569990,36995552,4,Medal,5,0.0,32.96,0.0,9.4
2026-08-01,Townsville,R5 1609m Hcap,5,260569990,61371342,8,Lone Force,1,0.0,21.0,1.0,4.9
2026-08-01,Townsville,R5 1609m Hcap,5,260569990,64051765,5,Nippas Nightcap,4,1.0,34.1,1.0,8.4
2026-08-01,Townsville,R5 1609m Hcap,5,260569990,72240397,3,Eagle Warrior,2,0.0,49.88,0.0,15.0
2026-08-01,Townsville,R5 1609m Hcap,5,260569990,86695405,2,Ellis Beach,3,0.0,4.56,1.0,2.15
2026-08-01,Townsville,R6 1609m Hcap,6,260569994,28587768,1,Acrophobic,4,0.0,35.04,0.0,7.6
2026-08-01,Townsville,R6 1609m Hcap,6,260569994,62356067,6,Canberra Legend,5,0.0,23.75,1.0,4.94
2026-08-01,Townsville,R6 1609m Hcap,6,260569994,63609376,2,Free Carry,2,0.0,8.4,1.0,2.67
2026-08-01,Townsville,R6 1609m Hcap,6,260569994,70169987,3,Thats Molly,3,0.0,58.78,0.0,13.69
2026-08-01,Townsville,R6 1609m Hcap,6,260569994,101183599,4,Sigiriya Rock,1,0.0,8.0,0.0,3.0
2026-08-01,Townsville,R7 1000m Hcap,7,260569998,946415,2,Hellish,5,0.0,17.5,0.0,5.0
2026-08-01,Townsville,R7 1000m Hcap,7,260569998,41774864,1,Yes Dream,3,0.0,30.54,1.0,5.45
2026-08-01,Townsville,R7 1000m Hcap,7,260569998,74537602,10,Blue Stratum,1,0.0,5.0,0.0,2.08
2026-08-01,Townsville,R7 1000m Hcap,7,260569998,87205465,4,Russian Mint,2,1.0,4.42,1.0,1.87
2026-08-01,Townsville,R7 1000m Hcap,7,260569998,87495411,6,Almighty Jab,4,0.0,6.44,0.0,2.25
2026-08-01,Townsville,R8 1300m Hcap,8,260570002,3870775,8,Hyde Park,5,0.0,10.19,0.0,3.7
2026-08-01,Townsville,R8 1300m Hcap,8,260570002,73720434,3,Lean Eagle,2,0.0,10.47,0.0,3.16
2026-08-01,Townsville,R8 1300m Hcap,8,260570002,86620651,12,Colleano,3,0.0,22.16,0.0,4.83
2026-08-01,Townsville,R8 1300m Hcap,8,260570002,101183603,5,Tambos Justice,1,1.0,4.21,1.0,1.73
2026-08-01,Townsville,R8 1300m Hcap,8,260570002,101183604,10,Line Em Up Loui,4,0.0,4.4,0.0,1.92
2026-08-01,Townsville,,9,260570006,68674053,1,Bancory Bay,4,,,,
2026-08-01,Townsville,R9 1200m CL3,9,260570006,68890641,13,Kirikan,2,0.0,7.19,1.0,2.24
2026-08-01,Townsville,R9 1200m CL3,9,260570006,101183612,12,Hot Digity Boom,1,0.0,2.39,0.0,1.58
2026-08-01,Townsville,R9 1200m CL3,9,260570006,101183613,14,Write Your Own,5,0.0,35.96,0.0,6.78
2026-08-01,Townsville,R9 1200m CL3,9,260570006,101183615,16,Avenue Montaigne,3,0.0,6.49,1.0,2.48
2026-08-02,Forbes,R4 1100m CL2,4,260600738,4534379,2,Kevin,2,0.0,7.8,0.0,2.66
2026-08-02,Forbes,R4 1100m CL2,4,260600738,85283233,12,Spring Prospect,5,0.0,19.0,0.0,5.3
2026-08-02,Forbes,R4 1100m CL2,4,260600738,100019562,7,Bolo Miss,1,0.0,6.4,1.0,2.94
2026-08-02,Forbes,R4 1100m CL2,4,260600738,101183482,1,Dawn On Me,3,0.0,5.14,0.0,2.02
2026-08-02,Forbes,R4 1100m CL2,4,260600738,101183484,11,Reds City,4,0.0,58.44,0.0,11.0
2026-08-02,Forbes,R5 1400m CL1,5,260600741,51360576,1,Proper Twelve,4,0.0,3.96,1.0,2.22
2026-08-02,Forbes,R5 1400m CL1,5,260600741,92161691,5,Nielsen Park,2,0.0,13.0,1.0,3.95
2026-08-02,Forbes,R5 1400m CL1,5,260600741,92997050,7,Panelli,5,0.0,3.19,0.0,1.3
2026-08-02,Forbes,R5 1400m CL1,5,260600741,93871022,8,Wolf Island,1,0.0,6.6,0.0,1.83
2026-08-02,Forbes,R5 1400m CL1,5,260600741,94409489,13,Bulla Vinaka,3,0.0,16.37,0.0,3.83
2026-08-02,Forbes,R6 1200m Hcap,6,260600744,38534870,3,Rocket Tiger,4,0.0,43.51,0.0,6.6
2026-08-02,Forbes,R6 1200m Hcap,6,260600744,43986967,6,Miss Jennifer,5,0.0,15.14,0.0,3.72
2026-08-02,Forbes,R6 1200m Hcap,6,260600744,66580180,7,Atmospheric Rock,3,1.0,4.3,1.0,1.74
2026-08-02,Forbes,R6 1200m Hcap,6,260600744,83445674,2,Micro Mikki,2,0.0,3.7,1.0,1.84
2026-08-02,Forbes,R6 1200m Hcap,6,260600744,93022233,4,Zoutastic,1,0.0,7.25,0.0,2.66
2026-08-02,Forbes,R7 1600m Cup,7,260600747,854560,3,Voracious,3,1.0,10.64,1.0,2.86
2026-08-02,Forbes,R7 1600m Cup,7,260600747,49806712,11,Epaullo Creed,5,0.0,10.25,0.0,3.6
2026-08-02,Forbes,R7 1600m Cup,7,260600747,68890660,2,Zouna,1,0.0,5.0,1.0,1.87
2026-08-02,Forbes,R7 1600m Cup,7,260600747,74189335,1,Walking Painting,2,0.0,6.0,0.0,2.42
2026-08-02,Forbes,R7 1600m Cup,7,260600747,81848028,5,Acheson,4,0.0,5.14,0.0,2.17
2026-08-02,Forbes,R8 1400m Hcap,8,260600750,4221570,11,Invasive,3,0.0,34.03,0.0,5.55
2026-08-02,Forbes,R8 1400m Hcap,8,260600750,13198819,6,Casterly Rock,5,0.0,28.0,0.0,5.5
2026-08-02,Forbes,R8 1400m Hcap,8,260600750,68384457,2,Shipshape,1,0.0,20.0,0.0,5.4
2026-08-02,Forbes,R8 1400m Hcap,8,260600750,70928233,7,Cheap Shot,2,0.0,5.4,0.0,2.26
2026-08-02,Forbes,R8 1400m Hcap,8,260600750,101183496,16,Artist,4,0.0,450.0,0.0,36.48
2026-08-02,Port Hedland,R1 1200m Mdn,1,260601204,73721040,8,Likes To Chant,3,0.0,8.91,1.0,2.62
2026-08-02,Port Hedland,,1,260601204,82046877,7,Dark Opal,1,,,,
2026-08-02,Port Hedland,R1 1200m Mdn,1,260601204,86820793,1,Take The Field,2,1.0,2.76,1.0,1.52
2026-08-02,Port Hedland,R1 1200m Mdn,1,260601204,86822129,9,Leafice,5,0.0,13.14,0.0,4.54
2026-08-02,Port Hedland,R1 1200m Mdn,1,260601204,99207243,3,Minozza,4,0.0,6.4,1.0,2.15
2026-08-02,Port Hedland,R2 1200m Hcap,2,260601208,56645014,1,Fameux,4,1.0,11.36,1.0,2.87
2026-08-02,Port Hedland,R2 1200m Hcap,2,260601208,57305808,2,Imperialize,1,0.0,4.93,0.0,1.95
2026-08-02,Port Hedland,R2 1200m Hcap,2,260601208,67289481,5,La Signora Dane,3,0.0,3.95,1.0,1.72
2026-08-02,Port Hedland,R2 1200m Hcap,2,260601208,94353051,6,Denver Affair,2,0.0,7.16,0.0,2.42
2026-08-02,Port Hedland,R2 1200m Hcap,2,260601208,101165331,3,Calathinite,5,0.0,6.06,1.0,1.87
2026-08-02,Port Hedland,R3 1400m Hcap,3,260601212,52206613,2,Leading Taddy,2,0.0,7.94,0.0,3.45
2026-08-02,Port Hedland,R3 1400m Hcap,3,260601212,69390554,3,Cheddar Bob,4,0.0,9.69,0.0,2.94
2026-08-02,Port Hedland,R3 1400m Hcap,3,260601212,89592626,8,Crows,5,0.0,49.13,0.0,11.5
2026-08-02,Port Hedland,R3 1400m Hcap,3,260601212,91746966,10,Puro,3,0.0,34.0,1.0,7.8
2026-08-02,Port Hedland,R3 1400m Hcap,3,260601212,101165333,1,Playing Quest,1,1.0,5.2,1.0,1.93
2026-08-02,Port Hedland,R4 1600m Hcap,4,260601216,211052,1,Another Nephew,4,1.0,4.78,1.0,1.85
2026-08-02,Port Hedland,R4 1600m Hcap,4,260601216,211052,1,Another Nephew,5,1.0,4.78,1.0,1.85
2026-08-02,Port Hedland,R4 1600m Hcap,4,260601216,59386047,3,Oscar Winner,2,0.0,6.07,1.0,2.56
2026-08-02,Port Hedland,R4 1600m Hcap,4,260601216,83052825,5,Big Karri,3,0.0,8.2,0.0,2.96
2026-08-02,Port Hedland,R4 1600m Hcap,4,260601216,99732412,12,Tobian,1,0.0,30.52,0.0,6.02
2026-08-02,Port Hedland,R5 1200m Hcap,5,260601220,4596557,6,Catalpa,3,0.0,9.32,1.0,2.71
2026-08-02,Port Hedland,R5 1200m Hcap,5,260601220,42343767,1,Galaxy Affair,4,0.0,6.06,0.0,2.38
2026-08-02,Port Hedland,R5 1200m Hcap,5,260601220,50712829,4,Royalzel,5,0.0,4.8,1.0,1.75
2026-08-02,Port Hedland,R5 1200m Hcap,5,260601220,64343976,3,Bayezid,2,0.0,7.2,0.0,2.86
2026-08-02,Port Hedland,R5 1200m Hcap,5,260601220,101165334,8,Bartime,1,0.0,10.17,0.0,3.5
2026-08-02,Port Hedland,R6 2200m Cup,6,260601224,7855124,4,Reginald,5,0.0,12.81,0.0,3.96
2026-08-02,Port Hedland,R6 2200m Cup,6,260601224,46968635,8,Lutz,4,0.0,39.51,0.0,6.09
2026-08-02,Port Hedland,R6 2200m Cup,6,260601224,54612782,3,Manavendra,2,1.0,4.46,1.0,1.73
2026-08-02,Port Hedland,R6 2200m Cup,6,260601224,58138559,2,Dynamic One,3,0.0,8.06,0.0,2.93
2026-08-02,Port Hedland,R6 2200m Cup,6,260601224,65823479,6,Hafey,1,0.0,11.06,1.0,3.15
2026-08-02,Port Hedland,R7 1300m CL3,7,260601228,72240380,6,Missile Girl,4,0.0,8.51,0.0,3.03
2026-08-02,Port Hedland,R7 1300m CL3,7,260601228,84223676,4,Cassenite,1,0.0,4.01,1.0,1.92
2026-08-02,Port Hedland,,7,260601228,95228562,5,Tassort We Want,3,,,,
2026-08-02,Port Hedland,R7 1300m CL3,7,260601228,98960357,3,Rays Sauce,5,0.0,5.65,0.0,2.22
2026-08-02,Port Hedland,R7 1300m CL3,7,260601228,101165336,7,My Tea,2,0.0,7.11,1.0,2.23
2026-08-02,Sandown,R3 1200m Hcap,3,260601055,9608850,2,Conscience,1,0.0,5.29,1.0,2.22
2026-08-02,Sandown,R3 1200m Hcap,3,260601055,48290267,3,Smart Little Miss,3,0.0,24.0,0.0,8.6
2026-08-02,Sandown,R3 1200m Hcap,3,260601055,53882910,1,Apache Song,5,0.0,16.5,0.0,6.09
2026-08-02,Sandown,R3 1200m Hcap,3,260601055,89101656,4,Mauna Kea Miss,4,0.0,3.85,0.0,1.77
2026-08-02,Sandown,R3 1200m Hcap,3,260601055,101184029,5,Queen Christine,2,1.0,2.37,1.0,1.61
2026-08-02,Sandown,R4 4200m Stpl,4,260601063,467262,4,Hit The Road Jack,3,0.0,6.1,0.0,2.83
2026-08-02,Sandown,R4 4200m Stpl,4,260601063,39379302,3,The Mighty Spar,5,0.0,32.79,0.0,6.4
2026-08-02,Sandown,R4 4200m Stpl,4,260601063,46315497,1,Stern Idol,2,0.0,2.16,0.0,1.45
2026-08-02,Sandown,R4 4200m Stpl,4,260601063,55206279,2,Sing For Peace,1,1.0,3.64,1.0,1.99
2026-08-02,Sandown,R4 4200m Stpl,4,260601063,78000121,6,Raise The Note,4,0.0,87.73,0.0,10.5
2026-08-02,Sandown,R5 1200m Hcap,5,260601071,59620462,4,Talkin Italian,1,0.0,9.7,1.0,2.86
2026-08-02,Sandown,R5 1200m Hcap,5,260601071,77688633,3,Nics Choice,5,1.0,7.62,1.0,2.2
2026-08-02,Sandown,R5 1200m Hcap,5,260601071,81221631,1,Primal Spirit,2,0.0,11.0,1.0,3.32
2026-08-02,Sandown,R5 1200m Hcap,5,260601071,92676438,8,Russian Front,4,0.0,6.0,0.0,1.88
2026-08-02,Sandown,R5 1200m Hcap,5,260601071,98451869,2,Mongolian City,3,0.0,6.4,0.0,2.32
2026-08-02,Sandown,R6 2100m Hcap,6,260601079,58882790,5,Aristonous,3,0.0,15.2,0.0,3.27
2026-08-02,Sandown,R6 2100m Hcap,6,260601079,75718035,11,Giggenbach,2,0.0,5.22,0.0,1.91
2026-08-02,Sandown,R6 2100m Hcap,6,260601079,83710468,3,Eagle Angel,4,0.0,24.22,0.0,6.0
2026-08-02,Sandown,R6 2100m Hcap,6,260601079,101184031,8,Komito,1,0.0,2.41,0.0,1.46
2026-08-02,Sandown,R6 2100m Hcap,6,260601079,101184036,14,Dont Doubt Dare,5,0.0,13.0,0.0,3.1
2026-08-02,Sandown,R7 1600m Hcap,7,260601087,68157058,1,Morning Darling,3,0.0,23.0,1.0,2.19
2026-08-02,Sandown,R7 1600m Hcap,7,260601087,80064813,10,Two Sigma,2,0.0,6.8,0.0,1.26
2026-08-02,Sandown,R7 1600m Hcap,7,260601087,91026997,3,Zebra Finch,1,1.0,1.8,1.0,1.07
2026-08-02,Sandown,R7 1600m Hcap,7,260601087,101184039,5,Deny Entry,4,0.0,4.3,1.0,1.2
2026-08-02,Sandown,R8 1400m Hcap,8,260601095,2578393,5,Cobblestone Way,2,1.0,15.01,1.0,3.2
2026-08-02,Sandown,R8 1400m Hcap,8,260601095,88420237,2,Cinturato,1,0.0,2.63,1.0,1.36
2026-08-02,Sandown,R8 1400m Hcap,8,260601095,95301439,7,Terrortorian,4,0.0,8.71,0.0,2.52
2026-08-02,Sandown,R8 1400m Hcap,8,260601095,96720949,6,Blue Bandit,5,0.0,9.2,1.0,2.4
2026-08-02,Sandown,R8 1400m Hcap,8,260601095,101184042,9,Wolfess,3,0.0,19.35,0.0,3.95
2026-08-02,Sunshine Coast,R3 1400m Mdn,3,260601014,100487205,8,Amelioration,2,0.0,41.99,0.0,8.0
2026-08-02,Sunshine Coast,R3 1400m Mdn,3,260601014,101184071,2,Bobbys My Mate,5,0.0,24.89,0.0,6.24
2026-08-02,Sunshine Coast,R3 1400m Mdn,3,260601014,101184072,3,King Emperor,1,0.0,3.14,0.0,1.51
2026-08-02,Sunshine Coast,R3 1400m Mdn,3,260601014,101184076,11,Lady Barbarossa,4,0.0,85.0,0.0,13.08
2026-08-02,Sunshine Coast,R3 1400m Mdn,3,260601014,101184077,12,Red Samovar,3,1.0,3.25,1.0,1.6
2026-08-02,Sunshine Coast,R4 1800m CL4,4,260601018,49118387,10,Rocked,5,0.0,38.0,1.0,5.09
2026-08-02,Sunshine Coast,R4 1800m CL4,4,260601018,59768225,2,Chassagne,2,0.0,7.75,0.0,2.16
2026-08-02,Sunshine Coast,R4 1800m CL4,4,260601018,62136209,4,Big Ticket Boy,4,1.0,4.9,1.0,1.55
2026-08-02,Sunshine Coast,R4 1800m CL4,4,260601018,77963783,7,Makamae,3,0.0,3.6,0.0,1.45
2026-08-02,Sunshine Coast,R4 1800m CL4,4,260601018,82856362,6,Double Whammy,1,0.0,3.6,0.0,1.46
2026-08-02,Sunshine Coast,R5 1000m Hcap,5,260601022,2318817,2,Metal Man,2,0.0,3.55,0.0,1.36
2026-08-02,Sunshine Coast,R5 1000m Hcap,5,260601022,2318817,2,Metal Man,3,0.0,3.55,0.0,1.36
2026-08-02,Sunshine Coast,R5 1000m Hcap,5,260601022,83378641,4,Out Of Square,1,0.0,10.78,1.0,2.32
2026-08-02,Sunshine Coast,R5 1000m Hcap,5,260601022,100487218,9,Kiwi Raider,5,0.0,6.0,0.0,1.74
2026-08-02,Sunshine Coast,R5 1000m Hcap,5,260601022,101184087,5,Jimmys Brother,4,1.0,2.56,1.0,1.4
2026-08-02,Sunshine Coast,R6 1000m Hcap,6,260601026,84510978,6,Kemal,4,0.0,7.4,0.0,2.16
2026-08-02,Sunshine Coast,R6 1000m Hcap,6,260601026,90848387,1,Moroccan Wind,1,1.0,2.96,1.0,1.36
2026-08-02,Sunshine Coast,R6 1000m Hcap,6,260601026,100232468,4,Riva Damor,2,0.0,6.2,0.0,1.79
2026-08-02,Sunshine Coast,R6 1000m Hcap,6,260601026,101184089,2,Zouslayer,5,0.0,20.96,1.0,3.85
2026-08-02,Sunshine Coast,R6 1000m Hcap,6,260601026,101184090,5,Shahar,3,0.0,3.98,1.0,1.62
2026-08-02,Sunshine Coast,R7 1200m CL2,7,260601030,84629407,6,Carbonara,3,0.0,5.7,0.0,1.92
2026-08-02,Sunshine Coast,R7 1200m CL2,7,260601030,85445077,4,Kilonova,1,0.0,5.4,0.0,1.63
2026-08-02,Sunshine Coast,R7 1200m CL2,7,260601030,93466711,10,Monakeed,5,0.0,10.54,0.0,2.89
2026-08-02,Sunshine Coast,R7 1200m CL2,7,260601030,94409275,8,Navy Nina,4,1.0,4.82,1.0,2.0
2026-08-02,Sunshine Coast,R7 1200m CL2,7,260601030,101184091,3,Rochedale Hero,2,0.0,4.26,1.0,1.62
2026-08-02,Sunshine Coast,R8 1600m Hcap,8,260601034,52670223,6,Badda Boom Baby,3,0.0,5.0,0.0,2.15
2026-08-02,Sunshine Coast,R8 1600m Hcap,8,260601034,75355362,13,Ucelle,4,0.0,16.0,0.0,3.95
2026-08-02,Sunshine Coast,R8 1600m Hcap,8,260601034,83155710,10,Naughty Nurse,1,0.0,5.4,1.0,2.23
2026-08-02,Sunshine Coast,R8 1600m Hcap,8,260601034,86654335,9,Weekend Artist,5,1.0,10.0,1.0,3.41
2026-08-02,Sunshine Coast,R8 1600m Hcap,8,260601034,101184093,4,Kaffir Lily,2,0.0,6.8,0.0,2.67
2026-08-02,Wyong,R4 1100m Mdn,4,260600762,457796,1,Steel Will,1,1.0,1.49,1.0,1.06
2026-08-02,Wyong,R4 1100m Mdn,4,260600762,1441100,5,Esquire,4,0.0,17.5,1.0,2.1
2026-08-02,Wyong,R4 1100m Mdn,4,260600762,3041214,6,Ghostbuster,5,0.0,13.5,1.0,2.03
2026-08-02,Wyong,R4 1100m Mdn,4,260600762,101183823,9,Roebuck Plane,3,0.0,29.67,0.0,2.73
2026-08-02,Wyong,R5 1100m CL1,5,260600765,1082572,4,Seven Days,1,0.0,1.77,0.0,1.2
2026-08-02,Wyong,R5 1100m CL1,5,260600765,78046048,2,Expido,4,0.0,12.5,1.0,2.4
2026-08-02,Wyong,R5 1100m CL1,5,260600765,97763297,6,Rock Emperor,5,0.0,38.0,0.0,4.56
2026-08-02,Wyong,R5 1100m CL1,5,260600765,101183830,8,Cosmic Order,3,0.0,10.0,0.0,2.44
2026-08-02,Wyong,R5 1100m CL1,5,260600765,101183831,9,Big Lon,2,0.0,10.09,1.0,2.4
2026-08-02,Wyong,R6 1000m Hcap,6,260600768,903679,1,Shaggy,2,0.0,7.07,0.0,1.98
2026-08-02,Wyong,R6 1000m Hcap,6,260600768,56904794,9,Smiling Prophet,3,0.0,15.94,1.0,3.7
2026-08-02,Wyong,R6 1000m Hcap,6,260600768,67116840,2,Generous Harry,4,1.0,3.05,1.0,1.43
2026-08-02,Wyong,R6 1000m Hcap,6,260600768,88027921,7,Cool Waters,1,0.0,5.4,1.0,1.66
2026-08-02,Wyong,R6 1000m Hcap,6,260600768,101183833,4,Spare,5,0.0,6.0,0.0,2.14
2026-08-02,Wyong,R7 1300m Hcap,7,260600771,1499018,4,Sociable,1,0.0,3.84,1.0,1.61
2026-08-02,Wyong,R7 1300m Hcap,7,260600771,7290958,8,Irish Jig,5,0.0,9.02,0.0,3.45
2026-08-02,Wyong,R7 1300m Hcap,7,260600771,38946161,3,Danish Prince,2,0.0,9.0,0.0,2.65
2026-08-02,Wyong,R7 1300m Hcap,7,260600771,76052422,10,Turning Circle,3,0.0,10.23,0.0,2.56
2026-08-02,Wyong,R7 1300m Hcap,7,260600771,86620363,2,Cuban Cigar,4,1.0,4.7,1.0,1.73
2026-08-02,Wyong,R8 1630m Hcap,8,260600774,49297298,4,Zamborghini,1,0.0,14.5,0.0,3.54
2026-08-02,Wyong,R8 1630m Hcap,8,260600774,77021617,13,Bakerloo,5,0.0,95.0,0.0,11.0
2026-08-02,Wyong,R8 1630m Hcap,8,260600774,101183837,3,Whack Attack,2,0.0,3.19,0.0,1.82
2026-08-02,Wyong,R8 1630m Hcap,8,260600774,101183839,6,Yachiyo,3,0.0,6.2,0.0,2.16
2026-08-02,Wyong,R8 1630m Hcap,8,260600774,101183841,8,Costabit,4,0.0,5.5,0.0,2.22
2026-08-03,Darwin,R1 1200m Hcap,1,260599317,1330066,3,Rivkin,2,1.0,10.5,1.0,3.5
2026-08-03,Darwin,R1 1200m Hcap,1,260599317,49244111,8,Lucky Fortuna,3,0.0,5.32,1.0,1.88
2026-08-03,Darwin,R1 1200m Hcap,1,260599317,53345566,4,Starzam,1,0.0,7.58,0.0,2.5
2026-08-03,Darwin,R1 1200m Hcap,1,260599317,57883518,1,Convincebility,5,0.0,8.0,1.0,2.6
2026-08-03,Darwin,R1 1200m Hcap,1,260599317,68712933,2,Bons Your Back,4,0.0,3.73,0.0,1.52
2026-08-03,Darwin,R2 1200m Hcap,2,260599323,4811835,3,Frawley,4,0.0,36.81,0.0,6.2
2026-08-03,Darwin,R2 1200m Hcap,2,260599323,58569875,4,Funnyifitwon,1,0.0,20.0,0.0,4.8
2026-08-03,Darwin,R2 1200m Hcap,2,260599323,82538470,5,In No Doubt,5,0.0,55.45,0.0,11.0
2026-08-03,Darwin,R2 1200m Hcap,2,260599323,94027919,7,Texture,3,1.0,2.7,1.0,1.37
2026-08-03,Darwin,R2 1200m Hcap,2,260599323,101184503,14,Miami Baby,2,0.0,16.89,0.0,3.87
2026-08-03,Darwin,R3 1100m Hcap,3,260599329,6887193,7,Juice Box,5,0.0,20.0,0.0,4.21
2026-08-03,Darwin,R3 1100m Hcap,3,260599329,52237029,1,Jumping Power Two,4,0.0,9.8,0.0,3.1
2026-08-03,Darwin,R3 1100m Hcap,3,260599329,53486876,2,Patriotic King,3,0.0,20.77,0.0,4.92
2026-08-03,Darwin,R3 1100m Hcap,3,260599329,85181046,5,Littlebourkestreet,1,0.0,3.15,1.0,1.53
2026-08-03,Darwin,R3 1100m Hcap,3,260599329,97983963,4,Cavern,2,1.0,4.9,1.0,1.96
2026-08-03,Darwin,R4 1000m Hcap,4,260599335,37617908,5,Rising Sphere,1,0.0,31.39,1.0,5.66
2026-08-03,Darwin,R4 1000m Hcap,4,260599335,55013352,4,Arizona Activist,4,1.0,6.8,1.0,1.82
2026-08-03,Darwin,R4 1000m Hcap,4,260599335,67855324,3,Zourata,5,0.0,4.3,0.0,1.63
2026-08-03,Darwin,R4 1000m Hcap,4,260599335,70571003,10,Zing To Win,3,0.0,85.14,0.0,13.5
2026-08-03,Darwin,R4 1000m Hcap,4,260599335,75393253,9,Shirshov,2,0.0,3.48,0.0,1.53
2026-08-03,Darwin,R5 1600m Hcap,5,260599341,4672785,9,Able Seaman,1,0.0,41.91,0.0,9.0
2026-08-03,Darwin,R5 1600m Hcap,5,260599341,5087553,2,Merimbula,4,0.0,29.0,1.0,6.5
2026-08-03,Darwin,R5 1600m Hcap,5,260599341,66732818,1,Biden Time,2,0.0,2.24,0.0,1.35
2026-08-03,Darwin,R5 1600m Hcap,5,260599341,68450260,5,Faberge Tzar,5,0.0,9.97,0.0,2.86
2026-08-03,Darwin,R5 1600m Hcap,5,260599341,79802903,3,Rampazetto,3,0.0,28.79,0.0,5.6
2026-08-03,Darwin,R6 1600m Hcap,6,260599347,4818136,8,Ichiban,5,0.0,4.41,0.0,1.79
2026-08-03,Darwin,R6 1600m Hcap,6,260599347,40786181,13,Hettinger,3,1.0,16.52,1.0,4.37
2026-08-03,Darwin,R6 1600m Hcap,6,260599347,52900399,5,The Girls Boy,4,0.0,22.32,0.0,5.2
2026-08-03,Darwin,R6 1600m Hcap,6,260599347,61522483,3,Zondee,2,0.0,38.81,0.0,7.07
2026-08-03,Darwin,R6 1600m Hcap,6,260599347,101184513,14,Wine Barron,1,0.0,11.04,0.0,3.85
2026-08-03,Darwin,R7 1300m Hcap,7,260599353,54212697,4,Throw At Da Stumps,5,0.0,69.97,0.0,9.8
2026-08-03,Darwin,R7 1300m Hcap,7,260599353,59231014,3,Hebel,4,0.0,31.46,1.0,7.4
2026-08-03,Darwin,R7 1300m Hcap,7,260599353,65487404,2,Magarten,1,0.0,13.0,0.0,2.98
2026-08-03,Darwin,R7 1300m Hcap,7,260599353,85320236,5,Montjuic Magic,3,1.0,3.7,1.0,1.56
2026-08-03,Darwin,R7 1300m Hcap,7,260599353,87496276,1,Auxiliary,2,0.0,3.3,0.0,1.51
2026-08-03,Darwin,R8 1300m Hcap,8,260599359,3819572,8,Hammurabi,4,0.0,8.0,0.0,3.1
2026-08-03,Darwin,R8 1300m Hcap,8,260599359,7112692,7,Pirate,1,0.0,44.0,0.0,10.5
2026-08-03,Darwin,R8 1300m Hcap,8,260599359,61027178,11,Rhesus,5,0.0,29.0,0.0,5.8
2026-08-03,Darwin,R8 1300m Hcap,8,260599359,65204471,4,Crazy Brave,2,0.0,63.43,0.0,12.0
2026-08-03,Darwin,R8 1300m Hcap,8,260599359,101184516,9,If I Was You,3,1.0,4.54,1.0,2.04
2026-08-03,Darwin,R9 2050m Hcap,9,260599365,638960,1,Maldini,3,1.0,33.41,1.0,8.16
2026-08-03,Darwin,R9 2050m Hcap,9,260599365,62632443,9,Villa Seventynine,1,0.0,16.38,0.0,4.48
2026-08-03,Darwin,R9 2050m Hcap,9,260599365,65558551,6,King Akeed,2,0.0,33.01,0.0,6.6
2026-08-03,Darwin,R9 2050m Hcap,9,260599365,65732383,4,Bollon,5,0.0,3.35,0.0,1.98
2026-08-03,Darwin,R9 2050m Hcap,9,260599365,95809335,11,Garrix,4,0.0,8.99,0.0,3.0
2026-08-03,Darwin,R10 2050m Cup,10,260599371,9088058,11,Rematch,5,0.0,7.41,1.0,2.51
2026-08-03,Darwin,R10 2050m Cup,10,260599371,38765207,1,Casino Seventeen,2,0.0,13.78,0.0,4.27
2026-08-03,Darwin,R10 2050m Cup,10,260599371,45489128,6,Watadeel,1,1.0,17.0,1.0,6.15
2026-08-03,Darwin,R10 2050m Cup,10,260599371,75796823,7,Jimi Hendrix,3,0.0,15.5,0.0,4.6
2026-08-03,Darwin,R10 2050m Cup,10,260599371,81223775,2,Stormageddon,4,0.0,5.66,0.0,2.17
2026-08-03,Goulburn,R1 1100m Mdn,1,260639961,6107193,5,Stronghold,2,0.0,4.96,1.0,1.26
2026-08-03,Goulburn,R1 1100m Mdn,1,260639961,101183275,1,Kilakawai,5,0.0,51.36,0.0,3.89
2026-08-03,Goulburn,R1 1100m Mdn,1,260639961,101183278,6,Written In Munny,3,0.0,1.86,0.0,1.11
2026-08-03,Goulburn,,1,260639961,101183279,7,Legaselli,1,,,,
2026-08-03,Goulburn,R1 1100m Mdn,1,260639961,101183280,8,Savvy Diamond,4,1.0,6.2,1.0,1.8
2026-08-03,Goulburn,R2 1500m Mdn,2,260639964,101183284,1,Orange Tsunami,1,1.0,1.55,1.0,1.1
2026-08-03,Goulburn,R2 1500m Mdn,2,260639964,101183285,3,Milchel,3,0.0,10.89,1.0,2.04
2026-08-03,Goulburn,R2 1500m Mdn,2,260639964,101183286,4,Who I Think I Am,2,0.0,5.3,1.0,1.58
2026-08-03,Goulburn,R2 1500m Mdn,2,260639964,101183287,7,Prankaj,4,0.0,27.81,0.0,2.41
2026-08-03,Goulburn,R2 1500m Mdn,2,260639964,101183288,9,Follow That Dream,5,0.0,55.0,0.0,9.03
2026-08-03,Goulburn,R3 1400m CL2,3,260639967,2104792,6,Axiom,4,0.0,40.05,0.0,6.4
2026-08-03,Goulburn,R3 1400m CL2,3,260639967,4978680,10,Golden Warrior,5,0.0,310.0,0.0,27.64
2026-08-03,Goulburn,R3 1400m CL2,3,260639967,41222882,2,London Boy,3,0.0,2.8,1.0,1.39
2026-08-03,Goulburn,R3 1400m CL2,3,260639967,79523854,1,Kendalia,2,0.0,5.9,1.0,1.71
2026-08-03,Goulburn,R3 1400m CL2,3,260639967,98995845,3,Peace Bird,1,1.0,4.1,1.0,1.52
2026-08-03,Goulburn,R4 1200m Mdn,4,260639970,3637512,3,Highway Robbery,3,0.0,40.73,1.0,3.9
2026-08-03,Goulburn,R4 1200m Mdn,4,260639970,3637512,3,Highway Robbery,5,0.0,40.73,1.0,3.9
2026-08-03,Goulburn,R4 1200m Mdn,4,260639970,94447731,1,Brucey,1,1.0,1.81,1.0,1.17
2026-08-03,Goulburn,R4 1200m Mdn,4,260639970,101183292,8,Daylite,4,0.0,22.0,0.0,2.23
2026-08-03,Goulburn,R4 1200m Mdn,4,260639970,101183293,9,Boujee Gold,2,0.0,9.06,0.0,1.71
2026-08-03,Goulburn,R5 1200m CL3,5,260639973,82376430,10,Curly Bend,4,0.0,38.52,0.0,7.7
2026-08-03,Goulburn,R5 1200m CL3,5,260639973,88069034,5,The Eyes Have It,2,0.0,11.5,1.0,2.9
2026-08-03,Goulburn,R5 1200m CL3,5,260639973,89301679,9,I Am Brave,5,0.0,7.6,0.0,2.0
2026-08-03,Goulburn,R5 1200m CL3,5,260639973,90568007,2,Stormbringer,1,0.0,5.4,0.0,2.08
2026-08-03,Goulburn,R5 1200m CL3,5,260639973,101183295,1,Midnight Moose,3,0.0,5.04,1.0,1.96
2026-08-03,Goulburn,R6 1600m Hcap,6,260639976,63362473,9,Midnight Affair,2,1.0,6.2,1.0,2.27
2026-08-03,Goulburn,R6 1600m Hcap,6,260639976,63608760,4,Ferrari Man,1,0.0,9.31,0.0,3.65
2026-08-03,Goulburn,R6 1600m Hcap,6,260639976,83677092,12,Kisses For Jody,5,0.0,9.4,0.0,4.77
2026-08-03,Goulburn,R6 1600m Hcap,6,260639976,83903867,3,Astrogazer,4,0.0,9.46,0.0,3.5
2026-08-03,Goulburn,R6 1600m Hcap,6,260639976,101183299,1,Sir Tua,3,0.0,6.02,1.0,2.5
2026-08-03,Goulburn,R7 1100m Hcap,7,260639979,17526042,8,Vainstream,2,0.0,13.0,0.0,2.59
2026-08-03,Goulburn,R7 1100m Hcap,7,260639979,38629109,3,Bosco,1,1.0,2.76,1.0,1.6
2026-08-03,Goulburn,R7 1100m Hcap,7,260639979,47871170,1,Tidal Rush,3,0.0,50.0,1.0,8.41
2026-08-03,Goulburn,R7 1100m Hcap,7,260639979,82640772,9,Flying Chevrolet,4,0.0,16.0,0.0,3.45
2026-08-03,Goulburn,R7 1100m Hcap,7,260639979,95300998,7,Showtime Maggie,5,0.0,7.18,1.0,2.16
2026-08-03,Pakenham,R1 2200m Mdn,1,260641726,5139100,2,Crunch Time,2,0.0,4.9,0.0,1.74
2026-08-03,Pakenham,,1,260641726,74039969,1,Builtthiscity,3,,,,
2026-08-03,Pakenham,R1 2200m Mdn,1,260641726,78290322,3,Star Of Tennyson,4,0.0,7.87,0.0,2.29
2026-08-03,Pakenham,R1 2200m Mdn,1,260641726,94921070,6,Soul Mistress,1,1.0,1.71,1.0,1.11
2026-08-03,Pakenham,R1 2200m Mdn,1,260641726,101219332,4,Caitlins Punch,5,0.0,75.0,0.0,15.0
2026-08-03,Pakenham,R2 1600m Mdn,2,260641734,316745,6,Ominous,2,0.0,14.0,0.0,1.71
2026-08-03,Pakenham,R2 1600m Mdn,2,260641734,89669671,8,Royal Storm,5,0.0,139.67,1.0,7.8
2026-08-03,Pakenham,R2 1600m Mdn,2,260641734,89709228,4,Immortalised,3,0.0,22.0,0.0,2.21
2026-08-03,Pakenham,R2 1600m Mdn,2,260641734,92460625,3,Gold Chariot,1,1.0,1.3,1.0,1.06
2026-08-03,Pakenham,R2 1600m Mdn,2,260641734,101219336,7,Precambrian,4,0.0,122.03,0.0,7.6
2026-08-03,Pakenham,R3 1400m Mdn,3,260641742,101219338,1,Aubaine,1,0.0,11.0,1.0,2.83
2026-08-03,Pakenham,R3 1400m Mdn,3,260641742,101219339,4,Earthing,3,1.0,6.0,1.0,1.59
2026-08-03,Pakenham,R3 1400m Mdn,3,260641742,101219340,6,Fantastic Beast,4,0.0,55.0,0.0,7.46
2026-08-03,Pakenham,R3 1400m Mdn,3,260641742,101219341,9,Vallo,5,0.0,58.56,0.0,7.4
2026-08-03,Pakenham,R3 1400m Mdn,3,260641742,101219342,10,Dolce Carolina,2,0.0,18.31,0.0,3.53
2026-08-03,Pakenham,R4 1100m Mdn,4,260641750,94060383,1,All Too Single,3,0.0,26.0,0.0,5.2
2026-08-03,Pakenham,R4 1100m Mdn,4,260641750,96694529,10,Autumn Lover,2,1.0,4.3,1.0,1.56
2026-08-03,Pakenham,R4 1100m Mdn,4,260641750,101219350,2,Cosmic Shower,1,0.0,3.25,1.0,1.46
2026-08-03,Pakenham,R4 1100m Mdn,4,260641750,101219352,4,Mahrajan,5,0.0,3.75,0.0,1.55
2026-08-03,Pakenham,R4 1100m Mdn,4,260641750,101219358,11,Fine Sierra,4,0.0,32.38,0.0,5.42
2026-08-03,Pakenham,R5 1100m Hcap,5,260641758,630523,2,Margin Call,1,0.0,3.81,1.0,2.07
2026-08-03,Pakenham,R5 1100m Hcap,5,260641758,61861403,12,Trinitys Doro,5,0.0,105.37,0.0,21.0
2026-08-03,Pakenham,R5 1100m Hcap,5,260641758,85064339,1,Mafee,3,0.0,11.0,0.0,3.15
2026-08-03,Pakenham,R5 1100m Hcap,5,260641758,88376604,3,Duel Venture,4,0.0,7.82,1.0,2.7
2026-08-03,Pakenham,R5 1100m Hcap,5,260641758,99809349,7,Stormbourg,2,0.0,7.88,0.0,2.51
2026-08-03,Pakenham,R6 1600m Hcap,6,260641766,63122936,7,Iluvcoffee,3,0.0,13.0,0.0,3.8
2026-08-03,Pakenham,R6 1600m Hcap,6,260641766,101219370,1,Hulkster,1,0.0,3.29,1.0,1.54
2026-08-03,Pakenham,R6 1600m Hcap,6,260641766,101219372,4,Tolpuddle,2,0.0,19.21,1.0,4.98
2026-08-03,Pakenham,R6 1600m Hcap,6,260641766,101219373,9,Military Base,4,1.0,6.2,1.0,2.18
2026-08-03,Pakenham,R6 1600m Hcap,6,260641766,101219374,10,Outsidethesquare,5,0.0,16.5,0.0,4.6
2026-08-03,Pakenham,R7 1400m Hcap,7,260641774,28092703,6,Blondeau,2,0.0,16.61,0.0,3.8
2026-08-03,Pakenham,R7 1400m Hcap,7,260641774,80972439,2,Banknote Hustler,1,0.0,5.5,1.0,2.0
2026-08-03,Pakenham,R7 1400m Hcap,7,260641774,85712850,7,Double Pi,4,1.0,5.0,1.0,2.04
2026-08-03,Pakenham,R7 1400m Hcap,7,260641774,91807095,1,His Finest Hour,3,0.0,23.51,0.0,6.64
2026-08-03,Pakenham,R7 1400m Hcap,7,260641774,101219375,9,Fierce Dreams,5,0.0,27.0,0.0,6.0
2026-08-03,Pakenham,R8 2200m Hcap,8,260641782,51031993,2,Chihuly,1,0.0,4.72,0.0,1.76
2026-08-03,Pakenham,R8 2200m Hcap,8,260641782,53148504,12,Shes A Con,4,1.0,13.23,1.0,3.48
2026-08-03,Pakenham,R8 2200m Hcap,8,260641782,78755979,1,Verona Rupes,3,0.0,4.8,0.0,2.06
2026-08-03,Pakenham,R8 2200m Hcap,8,260641782,86586373,9,Shindy,5,0.0,13.0,0.0,3.5
2026-08-03,Pakenham,R8 2200m Hcap,8,260641782,99275252,3,Nothingelsematters,2,0.0,5.04,1.0,2.06
2026-08-04,Bairnsdale,R1 1600m Mdn,1,260646562,90210124,10,Pride Of Mandy,1,0.0,5.19,1.0,2.01
2026-08-04,Bairnsdale,R1 1600m Mdn,1,260646562,91432850,6,Hirarkee,4,0.0,32.0,1.0,5.89
2026-08-04,Bairnsdale,R1 1600m Mdn,1,260646562,98214016,11,Steal Away,2,0.0,12.67,0.0,3.68
2026-08-04,Bairnsdale,R1 1600m Mdn,1,260646562,101219533,4,Churchill Lane,5,0.0,7.75,0.0,2.38
2026-08-04,Bairnsdale,R1 1600m Mdn,1,260646562,101219535,7,King Tagaloa,3,0.0,5.07,0.0,1.98
2026-08-04,Bairnsdale,R2 1200m Mdn,2,260646570,66758677,5,Welkin Star,5,0.0,55.0,0.0,8.5
2026-08-04,Bairnsdale,R2 1200m Mdn,2,260646570,101219538,2,Comradeship,3,0.0,6.51,0.0,1.9
2026-08-04,Bairnsdale,R2 1200m Mdn,2,260646570,101219540,6,Lochend Princess,4,0.0,14.15,1.0,3.35
2026-08-04,Bairnsdale,R2 1200m Mdn,2,260646570,101219543,10,Graffitude,2,0.0,3.96,0.0,1.89
2026-08-04,Bairnsdale,R2 1200m Mdn,2,260646570,101219544,11,Jourama,1,0.0,3.5,0.0,1.48
2026-08-04,Bairnsdale,R3 1000m Mdn,3,260646578,100424486,1,Annule,5,0.0,36.16,0.0,6.2
2026-08-04,Bairnsdale,R3 1000m Mdn,3,260646578,101219551,3,Azzurri Queen,1,0.0,2.85,1.0,1.38
2026-08-04,Bairnsdale,R3 1000m Mdn,3,260646578,101219553,7,Xuxa Kiss,2,0.0,7.2,0.0,1.85
2026-08-04,Bairnsdale,R3 1000m Mdn,3,260646578,101219555,9,Millionaire Lover,3,0.0,5.7,1.0,1.94
2026-08-04,Bairnsdale,R3 1000m Mdn,3,260646578,101219556,10,Oxley Tycoon,4,1.0,3.7,1.0,1.61
2026-08-04,Bairnsdale,R4 2200m Mdn,4,260646586,43858363,1,Clydebank Robber,3,0.0,16.5,0.0,2.26
2026-08-04,Bairnsdale,R4 2200m Mdn,4,260646586,86388875,6,Hayai Tsuru,4,0.0,15.5,0.0,2.96
2026-08-04,Bairnsdale,R4 2200m Mdn,4,260646586,101219333,5,Chateau Dancer,1,1.0,1.83,1.0,1.14
2026-08-04,Bairnsdale,R4 2200m Mdn,4,260646586,101219561,3,Wyndstar,2,0.0,16.32,1.0,3.16
2026-08-04,Bairnsdale,R4 2200m Mdn,4,260646586,101219562,8,Now Perform,5,0.0,65.0,0.0,7.55
2026-08-04,Bairnsdale,R5 2200m Hcap,5,260646594,52503822,9,Mana Combat,5,0.0,12.65,0.0,3.45
2026-08-04,Bairnsdale,R5 2200m Hcap,5,260646594,75718106,4,Papal Army,1,0.0,10.94,0.0,3.25
2026-08-04,Bairnsdale,R5 2200m Hcap,5,260646594,88779522,7,Tee Eight,2,0.0,11.0,0.0,3.05
2026-08-04,Bairnsdale,R5 2200m Hcap,5,260646594,101219564,1,Winter Grace,4,0.0,5.19,1.0,2.07
2026-08-04,Bairnsdale,R5 2200m Hcap,5,260646594,101219566,8,Chateau Vega,3,0.0,3.95,0.0,2.04
2026-08-04,Bairnsdale,R6 1600m Hcap,6,260646602,871304,4,Forest Jim,5,0.0,14.0,0.0,4.7
2026-08-04,Bairnsdale,R6 1600m Hcap,6,260646602,60780650,9,Grand Sage,2,0.0,7.86,0.0,3.0
2026-08-04,Bairnsdale,R6 1600m Hcap,6,260646602,81563462,7,Pro Velocity,3,0.0,10.0,0.0,3.6
2026-08-04,Bairnsdale,R6 1600m Hcap,6,260646602,101219567,8,Almago,1,0.0,6.19,1.0,2.4
2026-08-04,Bairnsdale,R6 1600m Hcap,6,260646602,101219568,11,Preservator,4,0.0,11.5,0.0,3.06
2026-08-04,Bairnsdale,R7 1200m Hcap,7,260646610,47441509,10,Soobooma,2,0.0,26.12,0.0,6.2
2026-08-04,Bairnsdale,R7 1200m Hcap,7,260646610,65519739,6,Scholl Deep,4,0.0,18.36,0.0,3.81
2026-08-04,Bairnsdale,R7 1200m Hcap,7,260646610,93826815,5,Pantoja,3,1.0,4.9,1.0,2.2
2026-08-04,Bairnsdale,R7 1200m Hcap,7,260646610,99983317,1,Magnardo,1,0.0,3.71,1.0,1.7
2026-08-04,Bairnsdale,R7 1200m Hcap,7,260646610,101219571,8,Adiuro,5,0.0,17.0,1.0,3.91
2026-08-04,Bairnsdale,R8 1000m Hcap,8,260646618,2850256,8,Mont Saint Michel,5,0.0,29.0,1.0,5.05
2026-08-04,Bairnsdale,R8 1000m Hcap,8,260646618,50323067,12,Elly Dee,2,0.0,64.79,0.0,9.67
2026-08-04,Bairnsdale,R8 1000m Hcap,8,260646618,75796989,7,Dismantle,4,1.0,9.43,1.0,2.34
2026-08-04,Bairnsdale,R8 1000m Hcap,8,260646618,101219574,6,Poisonous,1,0.0,10.11,0.0,2.85
2026-08-04,Bairnsdale,R8 1000m Hcap,8,260646618,101219575,10,My China Plate,3,0.0,2.0,1.0,1.18
2026-08-04,Gundagai,R1 1180m Mdn,1,260643758,483686,1,Boots Malone,3,0.0,8.95,0.0,7.0
2026-08-04,Gundagai,R1 1180m Mdn,1,260643758,2586679,8,Thesandmancan,5,0.0,14.5,0.0,5.1
2026-08-04,Gundagai,R1 1180m Mdn,1,260643758,96454834,7,Inzain Baby,2,0.0,4.9,0.0,2.08
2026-08-04,Gundagai,R1 1180m Mdn,1,260643758,100920801,4,Imperial Valley,1,1.0,2.17,1.0,1.42
2026-08-04,Gundagai,R1 1180m Mdn,1,260643758,101218958,2,Canola Way,4,0.0,44.0,0.0,34.3
2026-08-04,Gundagai,R2 1800m Hcap,2,260643761,3581824,2,First Day,1,0.0,4.51,1.0,2.27
2026-08-04,Gundagai,R2 1800m Hcap,2,260643761,66825958,4,Dreamstone,2,0.0,5.81,0.0,3.1
2026-08-04,Gundagai,R2 1800m Hcap,2,260643761,78534752,6,Evokes,5,0.0,6.53,0.0,2.57
2026-08-04,Gundagai,R2 1800m Hcap,2,260643761,80170651,8,Silver Agent,3,0.0,14.5,0.0,5.12
2026-08-04,Gundagai,R2 1800m Hcap,2,260643761,100232309,1,Tabor,4,0.0,5.61,0.0,3.9
2026-08-04,Gundagai,R3 1400m Mdn,3,260643764,3785126,7,Broken Image,2,0.0,12.5,0.0,1.76
2026-08-04,Gundagai,R3 1400m Mdn,3,260643764,100396459,9,Justwatchher,4,0.0,20.0,0.0,2.28
2026-08-04,Gundagai,R3 1400m Mdn,3,260643764,100396459,9,Justwatchher,5,0.0,20.0,0.0,2.28
2026-08-04,Gundagai,R3 1400m Mdn,3,260643764,100721192,11,Krasavitsa,3,0.0,31.33,0.0,3.57
2026-08-04,Gundagai,R3 1400m Mdn,3,260643764,101218961,4,Siyaasi,1,1.0,1.32,1.0,1.12
2026-08-04,Gundagai,R4 1180m Mdn,4,260643767,89018813,9,Brilliant Beagle,4,0.0,4.7,1.0,1.81
2026-08-04,Gundagai,R4 1180m Mdn,4,260643767,96414178,12,Western Lights,3,0.0,10.06,0.0,2.32
2026-08-04,Gundagai,R4 1180m Mdn,4,260643767,97242755,11,Piratess,5,0.0,34.84,0.0,7.11
2026-08-04,Gundagai,R4 1180m Mdn,4,260643767,100519720,1,Better Bloom,1,0.0,2.84,0.0,1.54
2026-08-04,Gundagai,R4 1180m Mdn,4,260643767,101218964,4,On Her Merits,2,1.0,12.79,1.0,3.2
2026-08-04,Gundagai,R5 1000m CL1,5,260643770,86306360,8,Witch Of November,2,0.0,8.41,0.0,2.02
2026-08-04,Gundagai,R5 1000m CL1,5,260643770,89348498,6,Shes The Key,3,0.0,16.98,1.0,3.76
2026-08-04,Gundagai,R5 1000m CL1,5,260643770,99531185,3,Noteabeel,5,0.0,20.81,0.0,3.3
2026-08-04,Gundagai,R5 1000m CL1,5,260643770,101218970,2,Winter Hail,1,0.0,1.75,1.0,1.24
2026-08-04,Gundagai,R5 1000m CL1,5,260643770,101218971,4,Nefradite,4,0.0,10.0,0.0,2.9
2026-08-04,Gundagai,R6 1180m Hcap,6,260643773,1371636,1,Lang Park,1,0.0,5.4,0.0,2.76
2026-08-04,Gundagai,R6 1180m Hcap,6,260643773,4661680,4,Seguro,3,0.0,13.5,1.0,4.44
2026-08-04,Gundagai,R6 1180m Hcap,6,260643773,38937576,13,Magic Merv,5,0.0,32.0,0.0,5.6
2026-08-04,Gundagai,R6 1180m Hcap,6,260643773,70666162,3,Riverbend Unicorn,2,1.0,11.36,1.0,3.28
2026-08-04,Gundagai,R6 1180m Hcap,6,260643773,91115444,8,Teresprit,4,0.0,5.9,1.0,1.76
2026-08-04,Gundagai,R7 1400m Hcap,7,260643776,73404200,11,Jenni Divine,4,0.0,17.1,0.0,4.7
2026-08-04,Gundagai,R7 1400m Hcap,7,260643776,83409949,1,Tommy Flyer,3,0.0,5.9,0.0,1.92
2026-08-04,Gundagai,R7 1400m Hcap,7,260643776,83984494,12,Mishima,2,0.0,5.4,1.0,2.4
2026-08-04,Gundagai,R7 1400m Hcap,7,260643776,92996743,13,East Harlem,5,0.0,13.44,0.0,3.85
2026-08-04,Gundagai,R7 1400m Hcap,7,260643776,101218977,6,Ozzy The Equaliser,1,0.0,24.87,0.0,7.0
2026-08-04,Quirindi,R1 1450m Mdn,1,260643779,70633085,5,Turpins Torment,2,0.0,10.75,0.0,3.1
2026-08-04,Quirindi,R1 1450m Mdn,1,260643779,70666479,4,Tarrant County,3,0.0,9.5,0.0,2.41
2026-08-04,Quirindi,R1 1450m Mdn,1,260643779,82154015,9,Stormy Malice,4,0.0,12.87,0.0,3.05
2026-08-04,Quirindi,R1 1450m Mdn,1,260643779,95621243,2,Luke Skywalker,1,1.0,3.6,1.0,1.69
2026-08-04,Quirindi,R1 1450m Mdn,1,260643779,101219036,3,Share Our Secret,5,0.0,3.65,1.0,1.67
2026-08-04,Quirindi,R2 1100m Mdn,2,260643782,5768813,4,Highland Dancer,1,0.0,1.58,1.0,1.09
2026-08-04,Quirindi,R2 1100m Mdn,2,260643782,100693184,9,Fioggia,3,0.0,4.62,1.0,1.29
2026-08-04,Quirindi,R2 1100m Mdn,2,260643782,101219038,1,Bastianini,5,0.0,41.11,0.0,6.05
2026-08-04,Quirindi,,2,260643782,101219039,6,Magatama,2,,,,
2026-08-04,Quirindi,R2 1100m Mdn,2,260643782,101219040,8,Swift Franca,4,0.0,97.78,0.0,5.33
2026-08-04,Quirindi,R3 2000m Hcap,3,260643785,64796784,10,Lone Star Dream,3,0.0,8.0,1.0,3.95
2026-08-04,Quirindi,R3 2000m Hcap,3,260643785,73719696,7,Quick Buck,4,0.0,32.79,0.0,6.4
2026-08-04,Quirindi,R3 2000m Hcap,3,260643785,77963816,12,Think Im Irish,1,0.0,8.56,0.0,3.25
2026-08-04,Quirindi,R3 2000m Hcap,3,260643785,92537240,3,Calzino,2,0.0,5.7,1.0,2.36
2026-08-04,Quirindi,R3 2000m Hcap,3,260643785,101219044,11,Thundering Falcon,5,0.0,35.6,0.0,7.89
2026-08-04,Quirindi,R4 1600m CL1,4,260643788,3419117,8,Jupiter Hills,3,0.0,3.85,0.0,1.57
2026-08-04,Quirindi,R4 1600m CL1,4,260643788,84222952,3,Memphis Blue,5,0.0,6.39,0.0,2.46
2026-08-04,Quirindi,R4 1600m CL1,4,260643788,100232121,10,Sanbina,2,0.0,3.25,1.0,1.59
2026-08-04,Quirindi,R4 1600m CL1,4,260643788,101219045,5,Griffinstown Girl,4,0.0,55.0,0.0,8.67
2026-08-04,Quirindi,R4 1600m CL1,4,260643788,101219046,7,Immortal Rose,1,1.0,15.0,1.0,3.26
2026-08-04,Quirindi,R5 1450m Hcap,5,260643791,72988458,1,Oenology,1,0.0,8.51,0.0,2.42
2026-08-04,Quirindi,R5 1450m Hcap,5,260643791,73220481,9,Extreme Merger,5,0.0,15.01,0.0,3.93
2026-08-04,Quirindi,R5 1450m Hcap,5,260643791,83940634,3,Akauwheo,2,0.0,29.09,0.0,6.67
2026-08-04,Quirindi,R5 1450m Hcap,5,260643791,101219051,6,Giddy Up Griff,3,1.0,2.84,1.0,1.65
2026-08-04,Quirindi,R5 1450m Hcap,5,260643791,101219054,13,Freedom To Roam,4,0.0,13.88,0.0,3.86
2026-08-04,Quirindi,R6 1200m Hcap,6,260643794,28338943,3,Macleay,1,0.0,17.19,0.0,5.2
2026-08-04,Quirindi,R6 1200m Hcap,6,260643794,53913858,10,On Hold,5,0.0,78.31,0.0,10.96
2026-08-04,Quirindi,R6 1200m Hcap,6,260643794,60779447,6,Manage The Cycle,4,0.0,23.81,0.0,7.2
2026-08-04,Quirindi,R6 1200m Hcap,6,260643794,78713568,2,Hes My Warrior,3,0.0,4.3,1.0,1.66
2026-08-04,Quirindi,R6 1200m Hcap,6,260643794,81888745,5,Enniroc,2,0.0,6.2,0.0,2.17
2026-08-04,Quirindi,R7 1000m CL3,7,260643797,1328190,2,Singing Star,3,0.0,5.8,0.0,2.04
2026-08-04,Quirindi,R7 1000m CL3,7,260643797,76290438,6,Gelsey,5,0.0,9.17,0.0,2.48
2026-08-04,Quirindi,R7 1000m CL3,7,260643797,89623802,5,Altercation,4,1.0,10.0,1.0,2.72
2026-08-04,Quirindi,R7 1000m CL3,7,260643797,95919144,11,Northern Boogie,1,0.0,17.5,1.0,3.95
2026-08-04,Quirindi,R7 1000m CL3,7,260643797,101219057,4,Star Whisperer,2,0.0,2.78,1.0,1.79
2026-08-04,Warwick,R1 800m Mdn,1,260643802,86431445,1,Igotmymindonyou,3,0.0,7.63,0.0,2.48
2026-08-04,Warwick,R1 800m Mdn,1,260643802,92160837,6,Mashean,1,1.0,1.47,1.0,1.11
2026-08-04,Warwick,R1 800m Mdn,1,260643802,93206700,7,Staffo,5,0.0,27.0,0.0,5.87
2026-08-04,Warwick,R1 800m Mdn,1,260643802,101219426,5,Luminous Girl,2,0.0,24.0,1.0,4.43
2026-08-04,Warwick,R1 800m Mdn,1,260643802,101219428,11,Sepura Express,4,0.0,15.66,0.0,3.95
2026-08-04,Warwick,R2 800m Hcap,2,260643806,46520298,11,Rothero Essgee,3,0.0,123.38,0.0,15.0
2026-08-04,Warwick,R2 800m Hcap,2,260643806,46520298,11,Rothero Essgee,4,0.0,123.38,0.0,15.0
2026-08-04,Warwick,R2 800m Hcap,2,260643806,79524474,5,Territory Ash,1,0.0,12.05,0.0,2.48
2026-08-04,Warwick,R2 800m Hcap,2,260643806,89392101,3,Boomtime Now,5,0.0,4.35,0.0,1.91
2026-08-04,Warwick,R2 800m Hcap,2,260643806,101219429,2,Dont Touch,2,0.0,3.28,1.0,1.43
2026-08-04,Warwick,R3 1350m Mdn,3,260643810,4578512,4,Grandstander,1,0.0,5.54,0.0,2.14
2026-08-04,Warwick,R3 1350m Mdn,3,260643810,98995076,3,Bowling Harry,2,0.0,4.4,1.0,1.89
2026-08-04,Warwick,R3 1350m Mdn,3,260643810,101219432,6,Bodysnatcher,3,0.0,4.49,0.0,1.67
2026-08-04,Warwick,R3 1350m Mdn,3,260643810,101219434,8,Magnetic Island,5,0.0,9.38,0.0,3.95
2026-08-04,Warwick,R3 1350m Mdn,3,260643810,101219435,9,Beltone,4,0.0,34.74,0.0,7.11
2026-08-04,Warwick,R4 1350m Mdn,4,260643814,73483023,10,Desert Angel,3,0.0,7.39,0.0,2.39
2026-08-04,Warwick,R4 1350m Mdn,4,260643814,97724928,5,Sonic Flyer,1,0.0,8.35,0.0,2.08
2026-08-04,Warwick,R4 1350m Mdn,4,260643814,101219439,1,Oliverjohnny,2,1.0,3.0,1.0,1.49
2026-08-04,Warwick,R4 1350m Mdn,4,260643814,101219443,11,Jack The Boss,4,0.0,49.52,0.0,9.2
2026-08-04,Warwick,R4 1350m Mdn,4,260643814,101219445,14,The Hindustan,5,0.0,80.0,1.0,11.5
2026-08-04,Warwick,R5 1100m CL4,5,260643818,5970320,1,Wolfgang,4,0.0,8.96,0.0,2.88
2026-08-04,Warwick,R5 1100m CL4,5,260643818,62098305,4,Rothgo,5,1.0,10.3,1.0,3.22
2026-08-04,Warwick,,5,260643818,63926308,2,Dont Call Me Honey,2,,,,
2026-08-04,Warwick,R5 1100m CL4,5,260643818,75673390,3,Jacka Stands Alone,1,0.0,6.7,0.0,2.27
2026-08-04,Warwick,R5 1100m CL4,5,260643818,82641288,9,Miss De Medici,3,0.0,3.76,1.0,1.62
2026-08-04,Warwick,R6 1100m Hcap,6,260643822,67503439,14,Worldy Spirit,5,0.0,23.88,1.0,5.91
2026-08-04,Warwick,R6 1100m Hcap,6,260643822,80026562,5,Zarippa,2,1.0,3.9,1.0,1.71
2026-08-04,Warwick,R6 1100m Hcap,6,260643822,83050429,1,Brutal Glory,1,0.0,12.8,0.0,3.05
2026-08-04,Warwick,R6 1100m Hcap,6,260643822,85283350,10,Water Lad,4,0.0,12.23,0.0,3.29
2026-08-04,Warwick,R6 1100m Hcap,6,260643822,86389068,2,Einstag,3,0.0,4.69,0.0,2.28
2026-08-04,Warwick,R7 1100m Hcap,7,260643826,36154985,4,Cracker Essgee,2,0.0,18.62,0.0,5.0
2026-08-04,Warwick,R7 1100m Hcap,7,260643826,68930825,7,Beaus Girl,1,0.0,7.0,1.0,2.9
2026-08-04,Warwick,R7 1100m Hcap,7,260643826,68930825,7,Beaus Girl,3,0.0,7.0,1.0,2.9
2026-08-04,Warwick,R7 1100m Hcap,7,260643826,83080357,15,Vizstar,4,0.0,76.14,0.0,18.0
2026-08-04,Warwick,R7 1100m Hcap,7,260643826,85813662,3,Revantas,5,0.0,5.5,1.0,2.08
2026-08-04,Warwick,R8 1350m CL2,8,260643830,8883771,5,Heavenly Love,4,1.0,5.7,1.0,2.06
2026-08-04,Warwick,R8 1350m CL2,8,260643830,86586257,1,Larusso,1,0.0,7.0,0.0,2.65
2026-08-04,Warwick,R8 1350m CL2,8,260643830,87249248,9,Snugg,3,0.0,9.05,0.0,2.66
2026-08-04,Warwick,R8 1350m CL2,8,260643830,90604599,2,Romantic Bubble,5,0.0,5.5,0.0,2.22
2026-08-04,Warwick,R8 1350m CL2,8,260643830,96289321,4,Bole Le,2,0.0,4.75,0.0,1.78
2026-08-04,Warwick,R9 1500m Hcap,9,260643834,77082468,14,Billilicious,3,0.0,134.84,0.0,25.0
2026-08-04,Warwick,R9 1500m Hcap,9,260643834,89392628,5,Jotopeli,1,0.0,9.13,0.0,2.62
2026-08-04,Warwick,R9 1500m Hcap,9,260643834,92996082,10,Zousain Girl,2,0.0,4.3,1.0,1.97
2026-08-04,Warwick,R9 1500m Hcap,9,260643834,97631441,11,Rainbow Glitter,5,0.0,24.0,0.0,4.6
2026-08-04,Warwick,R9 1500m Hcap,9,260643834,101219458,1,Redcloud,4,1.0,3.2,1.0,1.59
2026-08-05,Belmont,R1 1300m Mdn,1,260719385,101328672,1,The Rocket,1,1.0,1.95,1.0,1.32
2026-08-05,Belmont,R1 1300m Mdn,1,260719385,101328673,3,Newhaven Prince,2,0.0,8.6,1.0,2.54
2026-08-05,Belmont,R1 1300m Mdn,1,260719385,101328674,6,All The Stars,3,0.0,10.42,0.0,2.56
2026-08-05,Belmont,R1 1300m Mdn,1,260719385,101328675,7,Mystacheeno,5,0.0,95.21,0.0,12.65
2026-08-05,Belmont,R1 1300m Mdn,1,260719385,101328684,18,Joe Be Cool,4,0.0,28.03,0.0,4.7
2026-08-05,Belmont,R2 1300m Mdn,2,260719394,4937240,2,About Turn,5,0.0,7.6,0.0,2.58
2026-08-05,Belmont,R2 1300m Mdn,2,260719394,18463154,1,Energetic,4,0.0,12.0,0.0,2.78
2026-08-05,Belmont,R2 1300m Mdn,2,260719394,88291620,8,Latorio,3,0.0,84.75,0.0,13.0
2026-08-05,Belmont,R2 1300m Mdn,2,260719394,101328686,5,Two Up Boom,1,0.0,2.34,1.0,1.37
2026-08-05,Belmont,R2 1300m Mdn,2,260719394,101328687,9,Sweet Issy,2,0.0,10.93,0.0,3.95
2026-08-05,Belmont,R3 1300m Hcap,3,260719403,5272446,1,Late Arrival,3,1.0,23.0,1.0,3.83
2026-08-05,Belmont,R3 1300m Hcap,3,260719403,7880696,4,Poblano,1,0.0,2.45,1.0,1.24
2026-08-05,Belmont,R3 1300m Hcap,3,260719403,48198537,2,Kote,5,0.0,17.0,0.0,3.85
2026-08-05,Belmont,R3 1300m Hcap,3,260719403,101328696,3,Desert Ora,2,0.0,2.94,1.0,1.4
2026-08-05,Belmont,R3 1300m Hcap,3,260719403,101328697,8,Californication,4,0.0,27.0,0.0,4.75
2026-08-05,Belmont,R4 1000m CL1,4,260719412,4656385,2,Dont Wink,1,0.0,5.09,1.0,1.97
2026-08-05,Belmont,R4 1000m CL1,4,260719412,79456574,7,Star Supreme,3,0.0,3.78,0.0,1.83
2026-08-05,Belmont,R4 1000m CL1,4,260719412,98146741,11,Snip Of Romance,4,1.0,7.8,1.0,2.26
2026-08-05,Belmont,R4 1000m CL1,4,260719412,100862480,4,Sharpassa,2,0.0,6.2,0.0,2.28
2026-08-05,Belmont,R4 1000m CL1,4,260719412,101328700,5,Another Chant,5,0.0,35.73,0.0,8.4
2026-08-05,Belmont,R5 1650m CL1,5,260719421,74265548,8,Across Generations,4,0.0,9.2,1.0,2.78
2026-08-05,Belmont,R5 1650m CL1,5,260719421,79562894,3,Global Trip,5,0.0,4.81,0.0,1.9
2026-08-05,Belmont,R5 1650m CL1,5,260719421,85779338,4,Rosie Can Run,3,1.0,4.05,1.0,1.71
2026-08-05,Belmont,R5 1650m CL1,5,260719421,87989938,7,Hello Veneta,2,0.0,9.6,0.0,3.45
2026-08-05,Belmont,R5 1650m CL1,5,260719421,101328702,1,Phat Chaps,1,0.0,6.39,1.0,2.31
2026-08-05,Belmont,R6 2200m Hcap,6,260719430,67223240,9,Dandys Gem,2,0.0,12.7,0.0,3.65
2026-08-05,Belmont,R6 2200m Hcap,6,260719430,72857746,5,Ilgiro Delmondo,3,0.0,17.5,0.0,4.9
2026-08-05,Belmont,R6 2200m Hcap,6,260719430,73027290,8,Shaula,4,0.0,16.67,0.0,4.92
2026-08-05,Belmont,R6 2200m Hcap,6,260719430,86621479,10,Flash Paddy,5,0.0,18.5,0.0,5.26
2026-08-05,Belmont,R6 2200m Hcap,6,260719430,101328707,4,Wild Things,1,1.0,3.4,1.0,1.72
2026-08-05,Belmont,R7 1400m CL3,7,260719439,74572913,7,Miss Wall Street,5,0.0,32.0,0.0,6.8
2026-08-05,Belmont,R7 1400m CL3,7,260719439,79804388,1,Just Walter John,2,0.0,4.07,0.0,1.89
2026-08-05,Belmont,R7 1400m CL3,7,260719439,85185549,3,Choux Shoe,1,0.0,4.33,1.0,1.84
2026-08-05,Belmont,R7 1400m CL3,7,260719439,90181637,2,Pure Obsession,4,0.0,24.17,0.0,6.6
2026-08-05,Belmont,R7 1400m CL3,7,260719439,101328711,9,Rebelnado,3,0.0,9.6,0.0,3.4
2026-08-05,Belmont,R8 1200m CL3,8,260719448,76338604,14,Hang Glider,3,0.0,35.31,0.0,9.0
2026-08-05,Belmont,R8 1200m CL3,8,260719448,79525318,2,Cleanemup,4,0.0,12.04,1.0,3.47
2026-08-05,Belmont,R8 1200m CL3,8,260719448,100633703,11,Vandoula Jet,5,0.0,14.7,0.0,3.96
2026-08-05,Belmont,R8 1200m CL3,8,260719448,101328712,7,Belaura Star,2,1.0,9.2,1.0,3.1
2026-08-05,Belmont,R8 1200m CL3,8,260719448,101328714,10,Divine Impact,1,0.0,27.0,0.0,7.2
2026-08-05,Canterbury,R1 1200m Mdn,1,260719192,6321147,9,Leonessa,5,0.0,6.63,0.0,2.04
2026-08-05,Canterbury,R1 1200m Mdn,1,260719192,11059053,5,Endeavour,2,0.0,16.09,0.0,4.9
2026-08-05,Canterbury,R1 1200m Mdn,1,260719192,101328307,2,Phantom Major,4,1.0,5.73,1.0,2.23
2026-08-05,Canterbury,R1 1200m Mdn,1,260719192,101328309,7,Maritime Magnate,3,0.0,21.0,0.0,4.8
2026-08-05,Canterbury,R1 1200m Mdn,1,260719192,101328310,8,Queens Gamble,1,0.0,5.21,1.0,1.83
2026-08-05,Canterbury,R2 1550m Hcap,2,260719201,9332157,3,Saloon Passage,5,0.0,14.5,0.0,1.92
2026-08-05,Canterbury,R2 1550m Hcap,2,260719201,91115295,1,Namaste,1,0.0,7.2,1.0,1.38
2026-08-05,Canterbury,R2 1550m Hcap,2,260719201,100200567,5,Viva Mauricio,3,0.0,15.0,0.0,2.31
2026-08-05,Canterbury,R2 1550m Hcap,2,260719201,101328313,4,My Charm,4,0.0,50.89,0.0,5.4
2026-08-05,Canterbury,R2 1550m Hcap,2,260719201,101328314,7,Glissando,2,1.0,1.39,1.0,1.08
2026-08-05,Canterbury,R3 1100m Hcap,3,260719210,38545521,3,King Gutho,1,0.0,27.0,0.0,5.06
2026-08-05,Canterbury,R3 1100m Hcap,3,260719210,74538028,2,Gambler,2,0.0,6.02,1.0,1.94
2026-08-05,Canterbury,R3 1100m Hcap,3,260719210,84629622,4,Harrys Evidence,4,1.0,3.37,1.0,1.64
2026-08-05,Canterbury,R3 1100m Hcap,3,260719210,101328315,6,The Little General,3,0.0,4.1,1.0,1.75
2026-08-05,Canterbury,R3 1100m Hcap,3,260719210,101328316,7,Famoso,5,0.0,28.1,0.0,5.18
2026-08-05,Canterbury,R4 1900m Hcap,4,260719219,34581154,8,Michelangelo,4,0.0,17.03,0.0,2.36
2026-08-05,Canterbury,R4 1900m Hcap,4,260719219,59453000,2,Kapakiri,3,0.0,18.0,0.0,2.47
2026-08-05,Canterbury,R4 1900m Hcap,4,260719219,68931122,3,Forbidden Riff,2,0.0,17.37,1.0,2.65
2026-08-05,Canterbury,R4 1900m Hcap,4,260719219,77386412,5,Dubai Warrior,5,0.0,60.0,1.0,4.8
2026-08-05,Canterbury,R4 1900m Hcap,4,260719219,92742920,6,Aethelwulf,1,1.0,1.31,1.0,1.13
2026-08-05,Canterbury,R5 1100m Hcap,5,260719228,71403727,15,Miss Emma,4,0.0,8.0,0.0,2.8
2026-08-05,Canterbury,R5 1100m Hcap,5,260719228,79803490,16,Not That Easy,2,0.0,19.46,0.0,4.9
2026-08-05,Canterbury,R5 1100m Hcap,5,260719228,79803490,16,Not That Easy,5,0.0,19.46,0.0,4.9
2026-08-05,Canterbury,R5 1100m Hcap,5,260719228,100694173,11,Dee Dee Express,3,0.0,9.77,1.0,3.18
2026-08-05,Canterbury,R5 1100m Hcap,5,260719228,101328325,6,Raskol,1,1.0,2.62,1.0,1.44
2026-08-05,Canterbury,R6 1250m Hcap,6,260719237,67477066,11,Useapin,2,0.0,20.27,0.0,3.25
2026-08-05,Canterbury,R6 1250m Hcap,6,260719237,68890869,1,Snack Bar,1,0.0,1.87,1.0,1.19
2026-08-05,Canterbury,R6 1250m Hcap,6,260719237,72641979,6,Clear Proof,4,1.0,4.2,1.0,1.35
2026-08-05,Canterbury,R6 1250m Hcap,6,260719237,73220568,10,Silencio Porfavor,5,0.0,12.68,1.0,2.45
2026-08-05,Canterbury,R6 1250m Hcap,6,260719237,99241600,2,Balkans,3,0.0,46.15,0.0,5.2
2026-08-05,Canterbury,R7 1550m Hcap,7,260719246,72850453,1,Conchiero,2,0.0,5.95,1.0,2.04
2026-08-05,Canterbury,R7 1550m Hcap,7,260719246,77020873,11,Sister Daae,1,0.0,7.75,1.0,2.19
2026-08-05,Canterbury,R7 1550m Hcap,7,260719246,95879023,5,Tenderize,3,0.0,14.5,0.0,2.86
2026-08-05,Canterbury,R7 1550m Hcap,7,260719246,101328335,7,Standard Deviation,4,0.0,18.0,0.0,4.48
2026-08-05,Canterbury,R7 1550m Hcap,7,260719246,101328337,12,Doradus,5,1.0,4.03,1.0,2.32
2026-08-05,Doomben,R1 1650m Mdn,1,260717049,85472179,1,Kalamia King,4,0.0,9.76,0.0,4.1
2026-08-05,Doomben,R1 1650m Mdn,1,260717049,91873210,8,Wingeandwin,3,0.0,11.49,0.0,4.1
2026-08-05,Doomben,R1 1650m Mdn,1,260717049,101328036,4,Wild Bean,5,0.0,15.5,0.0,7.0
2026-08-05,Doomben,R1 1650m Mdn,1,260717049,101328038,6,Highland Kitty,2,0.0,3.21,0.0,2.1
2026-08-05,Doomben,R1 1650m Mdn,1,260717049,101328039,7,Urban Princess,1,0.0,4.0,1.0,2.4
2026-08-05,Doomben,R2 1350m 3yo,2,260717058,1191474,2,Dragon Magic,2,1.0,6.2,1.0,1.69
2026-08-05,Doomben,R2 1350m 3yo,2,260717058,39868365,6,Ted Lasso,4,0.0,13.79,1.0,2.63
2026-08-05,Doomben,R2 1350m 3yo,2,260717058,101328041,3,Grieve Road,3,0.0,29.0,0.0,4.2
2026-08-05,Doomben,R2 1350m 3yo,2,260717058,101328044,8,Raging Raider,1,0.0,1.98,1.0,1.14
2026-08-05,Doomben,R2 1350m 3yo,2,260717058,101328045,9,Weona Satono,5,0.0,17.82,0.0,4.3
2026-08-05,Doomben,R3 1350m Mdn,3,260717067,123546,4,Had It All,2,1.0,4.43,1.0,1.74
2026-08-05,Doomben,R3 1350m Mdn,3,260717067,6786217,3,St Andrews,4,0.0,14.0,0.0,3.65
2026-08-05,Doomben,R3 1350m Mdn,3,260717067,36673065,1,Moscow Mule,1,0.0,2.59,1.0,1.3
2026-08-05,Doomben,R3 1350m Mdn,3,260717067,92504630,7,Lottery Link,5,0.0,15.0,0.0,3.6
2026-08-05,Doomben,R3 1350m Mdn,3,260717067,94136768,5,Prophet Of Destiny,3,0.0,20.84,0.0,4.5
2026-08-05,Doomben,R4 1650m Hcap,4,260717076,71109294,2,Carnegie Hill,3,0.0,10.77,1.0,3.13
2026-08-05,Doomben,R4 1650m Hcap,4,260717076,79561596,7,Mosamour,5,0.0,21.21,0.0,4.78
2026-08-05,Doomben,R4 1650m Hcap,4,260717076,80568705,8,Wounder,1,1.0,5.3,1.0,1.84
2026-08-05,Doomben,R4 1650m Hcap,4,260717076,86347370,6,Gagnante Enchere,4,0.0,7.4,0.0,2.34
2026-08-05,Doomben,R4 1650m Hcap,4,260717076,101328049,3,Rosso Levanto,2,0.0,4.1,1.0,1.83
2026-08-05,Doomben,R5 2060m CL3,5,260717085,6964929,5,Trump Card,2,0.0,4.65,0.0,1.77
2026-08-05,Doomben,R5 2060m CL3,5,260717085,90324342,2,Diamond Show,1,1.0,3.13,1.0,1.44
2026-08-05,Doomben,R5 2060m CL3,5,260717085,93168104,8,Sarahs Sonnets,4,0.0,4.3,1.0,1.59
2026-08-05,Doomben,R5 2060m CL3,5,260717085,101328050,7,Cast Party,3,0.0,12.81,1.0,3.55
2026-08-05,Doomben,R5 2060m CL3,5,260717085,101328053,12,Ocaldino,5,0.0,24.0,0.0,4.36
2026-08-05,Doomben,R6 1200m CL1,6,260717094,42070019,3,Abraham,2,0.0,14.5,0.0,3.51
2026-08-05,Doomben,R6 1200m CL1,6,260717094,84374054,1,Dyami,3,0.0,11.36,1.0,3.08
2026-08-05,Doomben,R6 1200m CL1,6,260717094,86976097,4,City Gold Field,4,0.0,6.09,0.0,2.02
2026-08-05,Doomben,R6 1200m CL1,6,260717094,94735903,6,Swift Duke,1,0.0,3.73,1.0,1.7
2026-08-05,Doomben,R6 1200m CL1,6,260717094,101328055,8,La Profecia,5,0.0,10.78,0.0,3.02
2026-08-05,Doomben,R7 1200m CL1,7,260717103,85250594,3,She Ours,3,0.0,30.89,0.0,6.09
2026-08-05,Doomben,R7 1200m CL1,7,260717103,101328059,1,Strada Varenna,2,0.0,4.95,0.0,2.54
2026-08-05,Doomben,R7 1200m CL1,7,260717103,101328060,4,Vanessi,1,0.0,14.0,0.0,3.4
2026-08-05,Doomben,R7 1200m CL1,7,260717103,101328061,5,Capital Chord,5,0.0,21.58,0.0,4.98
2026-08-05,Doomben,R7 1200m CL1,7,260717103,101328062,6,Dont Doubt Missy,4,0.0,5.24,1.0,2.32
2026-08-05,Doomben,R8 1350m CL3,8,260717112,3224563,2,Detrimental,4,0.0,8.61,0.0,2.48
2026-08-05,Doomben,R8 1350m CL3,8,260717112,6922171,6,Artful Persuasion,2,0.0,12.23,0.0,3.29
2026-08-05,Doomben,R8 1350m CL3,8,260717112,77728755,4,Shelstein,1,0.0,8.74,1.0,2.58
2026-08-05,Doomben,R8 1350m CL3,8,260717112,89265356,13,Flaxlands,5,0.0,6.7,0.0,2.24
2026-08-05,Doomben,R8 1350m CL3,8,260717112,101328072,5,Too Hot To Torque,3,0.0,9.72,0.0,3.25
2026-08-05,Hobart,R1 2100m Hcap,1,260719456,44364578,2,Happy Clan,1,0.0,6.6,0.0,2.9
2026-08-05,Hobart,R1 2100m Hcap,1,260719456,67324133,6,Native Clan,4,1.0,5.8,1.0,2.84
2026-08-05,Hobart,R1 2100m Hcap,1,260719456,83119038,4,Al Maximus,5,0.0,8.12,0.0,3.8
2026-08-05,Hobart,R1 2100m Hcap,1,260719456,87454507,1,Dont Give Up,2,0.0,6.86,0.0,3.16
2026-08-05,Hobart,R1 2100m Hcap,1,260719456,98708795,3,Merlin Beach,3,0.0,3.57,1.0,2.06
2026-08-05,Hobart,R2 1200m Mdn,2,260719462,99731426,5,Gold Armour,1,1.0,4.23,1.0,1.74
2026-08-05,Hobart,R2 1200m Mdn,2,260719462,100693214,1,Authorised Access,5,0.0,7.4,1.0,2.46
2026-08-05,Hobart,R2 1200m Mdn,2,260719462,101328409,2,Chefs Kiss,3,0.0,2.76,0.0,1.72
2026-08-05,Hobart,R2 1200m Mdn,2,260719462,101328411,8,Unfiltered,2,0.0,19.5,0.0,4.33
2026-08-05,Hobart,R2 1200m Mdn,2,260719462,101328412,12,Shbourne Rising,4,0.0,41.1,0.0,9.8
2026-08-05,Hobart,R3 1390m Hcap,3,260719468,37506640,1,Fighting Floyd,1,0.0,13.0,0.0,3.3
2026-08-05,Hobart,R3 1390m Hcap,3,260719468,46108824,7,Verbano,4,0.0,5.93,0.0,2.02
2026-08-05,Hobart,R3 1390m Hcap,3,260719468,56053544,2,Flying Billie,5,0.0,4.62,1.0,2.14
2026-08-05,Hobart,R3 1390m Hcap,3,260719468,59082994,3,Just A Needs,3,0.0,8.02,0.0,2.36
2026-08-05,Hobart,R3 1390m Hcap,3,260719468,91692347,4,Kakia,2,0.0,11.5,1.0,3.65
2026-08-05,Hobart,R4 1390m CL2,4,260719474,1085961,5,Coastal Strike,5,0.0,5.06,1.0,1.81
2026-08-05,Hobart,R4 1390m CL2,4,260719474,63551745,6,Ozturk,3,0.0,160.0,0.0,18.28
2026-08-05,Hobart,R4 1390m CL2,4,260719474,79803136,10,Sky Eagle,4,0.0,25.0,0.0,4.1
2026-08-05,Hobart,R4 1390m CL2,4,260719474,97210716,7,Royal Detective,2,0.0,4.4,1.0,1.79
2026-08-05,Hobart,R4 1390m CL2,4,260719474,101328422,1,Shbourne Power,1,1.0,4.0,1.0,1.65
2026-08-05,Hobart,R5 1200m Hcap,5,260719480,5873883,3,In The Ocean,4,0.0,2.87,1.0,1.71
2026-08-05,Hobart,R5 1200m Hcap,5,260719480,42412977,6,Nicco The Greek,3,0.0,22.0,0.0,9.13
2026-08-05,Hobart,R5 1200m Hcap,5,260719480,69903419,2,Alvarinho,1,1.0,6.59,1.0,2.77
2026-08-05,Hobart,R5 1200m Hcap,5,260719480,71145453,5,Furneaux,2,0.0,6.22,0.0,3.05
2026-08-05,Hobart,R5 1200m Hcap,5,260719480,94688446,4,Daytona Diva,5,0.0,4.3,0.0,2.39
2026-08-05,Hobart,R6 1000m Hcap,6,260719486,5810744,1,Alpine Thunder,3,0.0,4.67,0.0,1.74
2026-08-05,Hobart,R6 1000m Hcap,6,260719486,56089666,6,Within Sight,4,0.0,26.67,0.0,6.2
2026-08-05,Hobart,R6 1000m Hcap,6,260719486,72413960,4,Eastcoast Miss,2,0.0,12.0,0.0,3.2
2026-08-05,Hobart,R6 1000m Hcap,6,260719486,75354785,5,Billie The Great,5,1.0,4.08,1.0,1.67
2026-08-05,Hobart,R6 1000m Hcap,6,260719486,101328425,2,Geegees Missile,1,0.0,3.95,1.0,1.75
2026-08-05,Hobart,R7 1600m CL1,7,260719492,88069298,1,Don Turboas,1,0.0,2.47,0.0,1.48
2026-08-05,Hobart,R7 1600m CL1,7,260719492,92459821,7,The Little Bay,4,0.0,32.0,0.0,7.16
2026-08-05,Hobart,R7 1600m CL1,7,260719492,101328426,2,French Soul,5,0.0,11.0,0.0,3.29
2026-08-05,Hobart,R7 1600m CL1,7,260719492,101328430,11,Thems The Breaks,3,0.0,5.38,1.0,1.97
2026-08-05,Hobart,R7 1600m CL1,7,260719492,101328431,14,All Intrique,2,0.0,18.0,0.0,3.84
2026-08-05,Hobart,R8 1600m Hcap,8,260719498,42333126,1,Flossing,1,0.0,7.07,0.0,2.66
2026-08-05,Hobart,R8 1600m Hcap,8,260719498,51735825,2,Johnnie Pinch,3,0.0,7.38,0.0,2.33
2026-08-05,Hobart,R8 1600m Hcap,8,260719498,69389902,3,Sir Jag,4,0.0,4.59,1.0,1.84
2026-08-05,Hobart,R8 1600m Hcap,8,260719498,83677291,5,Thisismyturf,5,0.0,10.02,1.0,3.25
2026-08-05,Hobart,R8 1600m Hcap,8,260719498,89921569,4,Regal Hunter,2,0.0,6.0,0.0,2.29
2026-08-05,Hobart,R9 1200m CL2,9,260719504,787756,4,Tribal Council,4,0.0,11.88,0.0,3.0
2026-08-05,Hobart,R9 1200m CL2,9,260719504,81222056,1,Benefitsofmine,3,0.0,4.7,1.0,2.03
2026-08-05,Hobart,R9 1200m CL2,9,260719504,84431524,7,Bella Chinkara,2,0.0,8.2,0.0,2.8
2026-08-05,Hobart,R9 1200m CL2,9,260719504,101328439,3,Southern Auroras,1,1.0,4.8,1.0,2.08
2026-08-05,Hobart,R9 1200m CL2,9,260719504,101328440,11,Hububbajahn,5,0.0,8.6,1.0,3.22
2026-08-05,Murray Bridge,R1 1200m 3yo,1,260717121,88612583,3,Zeus Lightning,4,0.0,2.5,1.0,1.45
2026-08-05,Murray Bridge,R1 1200m 3yo,1,260717121,91115383,1,Dinah Beach,5,0.0,122.59,0.0,10.72
2026-08-05,Murray Bridge,R1 1200m 3yo,1,260717121,97694637,8,Image Artist,1,1.0,4.9,1.0,1.88
2026-08-05,Murray Bridge,R1 1200m 3yo,1,260717121,100957208,2,Favourite Chair,2,0.0,11.73,0.0,2.45
2026-08-05,Murray Bridge,R1 1200m 3yo,1,260717121,101328173,6,Fartoo Frisky,3,0.0,15.26,1.0,3.5
2026-08-05,Murray Bridge,R2 1000m Mdn,2,260717130,3664359,9,Sensational Secret,1,1.0,1.45,1.0,1.1
2026-08-05,Murray Bridge,R2 1000m Mdn,2,260717130,90755563,2,On Tik,4,0.0,38.0,0.0,3.95
2026-08-05,Murray Bridge,R2 1000m Mdn,2,260717130,101328177,3,Simply Mac,3,0.0,29.82,1.0,4.2
2026-08-05,Murray Bridge,R2 1000m Mdn,2,260717130,101328180,6,Just Comet,5,0.0,17.53,1.0,2.91
2026-08-05,Murray Bridge,R2 1000m Mdn,2,260717130,101328182,8,Secret Owl,2,0.0,126.55,0.0,11.0
2026-08-05,Murray Bridge,R3 1000m Mdn,3,260717139,4767180,8,Settle Petal,3,0.0,23.0,0.0,3.3
2026-08-05,Murray Bridge,R3 1000m Mdn,3,260717139,93278708,6,Pretty Morsel,4,0.0,30.0,0.0,4.07
2026-08-05,Murray Bridge,R3 1000m Mdn,3,260717139,93612690,9,Spartan Lass,2,0.0,14.23,0.0,3.11
2026-08-05,Murray Bridge,R3 1000m Mdn,3,260717139,101100575,1,Caesours Tomb,5,0.0,114.69,0.0,13.96
2026-08-05,Murray Bridge,R3 1000m Mdn,3,260717139,101328190,10,Super Wonder,1,0.0,2.02,1.0,1.28
2026-08-05,Murray Bridge,R4 1400m Mdn,4,260717148,94448612,13,Or Am I,3,0.0,17.04,0.0,3.5
2026-08-05,Murray Bridge,R4 1400m Mdn,4,260717148,100164743,1,A Time To Kill,1,0.0,3.4,0.0,1.8
2026-08-05,Murray Bridge,R4 1400m Mdn,4,260717148,101328194,3,Expecto Patronum,5,0.0,15.17,1.0,5.1
2026-08-05,Murray Bridge,R4 1400m Mdn,4,260717148,101328198,8,Tassoro,2,0.0,5.28,0.0,1.82
2026-08-05,Murray Bridge,R4 1400m Mdn,4,260717148,101328200,10,Goodlookin Guru,4,1.0,9.19,1.0,3.2
2026-08-05,Murray Bridge,R5 2000m CL1,5,260717157,4785629,10,Kohala,5,0.0,251.75,0.0,48.0
2026-08-05,Murray Bridge,R5 2000m CL1,5,260717157,15587190,2,Durham,3,0.0,5.0,0.0,2.1
2026-08-05,Murray Bridge,R5 2000m CL1,5,260717157,76706005,6,Suit Of Wands,4,0.0,8.11,1.0,2.86
2026-08-05,Murray Bridge,R5 2000m CL1,5,260717157,83940798,3,Empirestateofmind,1,0.0,50.0,1.0,11.5
2026-08-05,Murray Bridge,R5 2000m CL1,5,260717157,101328204,4,Heroic Rebel,2,0.0,8.8,0.0,3.01
2026-08-05,Murray Bridge,R6 1000m Hcap,6,260717166,15469667,1,Cool The Jets,1,0.0,17.85,0.0,4.35
2026-08-05,Murray Bridge,R6 1000m Hcap,6,260717166,47637149,6,The Magistrate,2,0.0,6.08,0.0,2.54
2026-08-05,Murray Bridge,R6 1000m Hcap,6,260717166,68091199,11,De Luca,5,0.0,18.07,0.0,4.44
2026-08-05,Murray Bridge,R6 1000m Hcap,6,260717166,91115400,9,Hes A Cool Cat,4,1.0,15.0,1.0,3.85
2026-08-05,Murray Bridge,R6 1000m Hcap,6,260717166,101328208,4,Tour De Moon,3,0.0,4.66,1.0,2.38
2026-08-05,Murray Bridge,R7 1400m Hcap,7,260717175,56905202,1,Captain Joolian,1,0.0,19.0,0.0,5.0
2026-08-05,Murray Bridge,R7 1400m Hcap,7,260717175,58711811,9,Shes Ternacious,3,1.0,13.13,1.0,3.74
2026-08-05,Murray Bridge,R7 1400m Hcap,7,260717175,74571807,8,Koratora,4,0.0,14.56,0.0,4.25
2026-08-05,Murray Bridge,R7 1400m Hcap,7,260717175,75717679,5,Dreams Fulfilled,2,0.0,11.75,1.0,3.4
2026-08-05,Murray Bridge,R7 1400m Hcap,7,260717175,99242105,4,Darci Lane,5,0.0,13.13,0.0,4.53
2026-08-05,Murray Bridge,R8 1600m Hcap,8,260717184,2782810,2,Royal Fox,1,0.0,7.0,0.0,2.64
2026-08-05,Murray Bridge,R8 1600m Hcap,8,260717184,45565672,13,Vivacious Award,3,0.0,25.87,0.0,6.37
2026-08-05,Murray Bridge,R8 1600m Hcap,8,260717184,91432433,4,Collated,2,1.0,6.8,1.0,2.66
2026-08-05,Murray Bridge,R8 1600m Hcap,8,260717184,92995784,6,Cosmic Spy,4,0.0,14.45,0.0,4.5
2026-08-05,Murray Bridge,R8 1600m Hcap,8,260717184,101328221,10,Toes In First,5,0.0,19.51,0.0,6.05
2026-08-06,Ballarat,R1 1400m 3yo,1,260754596,45347380,1,Corretto,2,0.0,6.24,1.0,2.45
2026-08-06,Ballarat,R1 1400m 3yo,1,260754596,101354396,3,Lepolo,4,1.0,2.39,1.0,1.7
2026-08-06,Ballarat,R1 1400m 3yo,1,260754596,101354397,4,Rising Nine Top,1,0.0,4.3,0.0,2.08
2026-08-06,Ballarat,R1 1400m 3yo,1,260754596,101354398,5,Tiger Fox,3,0.0,9.6,0.0,3.22
2026-08-06,Ballarat,R1 1400m 3yo,1,260754596,101354400,7,Dontdoubtdagoose,5,0.0,22.57,0.0,6.41
2026-08-06,Ballarat,R2 1500m Mdn,2,260754604,91485436,2,Etched In Blue,4,0.0,13.25,0.0,3.0
2026-08-06,Ballarat,R2 1500m Mdn,2,260754604,92161692,6,Shines Discreetly,3,0.0,34.0,0.0,5.3
2026-08-06,Ballarat,R2 1500m Mdn,2,260754604,99531783,1,Egerton Reef,2,1.0,4.86,1.0,1.65
2026-08-06,Ballarat,R2 1500m Mdn,2,260754604,100049786,10,Lancetta,1,0.0,2.64,1.0,1.53
2026-08-06,Ballarat,R2 1500m Mdn,2,260754604,100200683,11,Rubiboo,5,0.0,95.0,0.0,13.81
2026-08-06,Ballarat,R3 1000m Mdn,3,260754612,4245931,2,Strum,2,0.0,69.0,0.0,6.8
2026-08-06,Ballarat,R3 1000m Mdn,3,260754612,101354408,5,Naughty Jamie,5,0.0,32.06,1.0,5.44
2026-08-06,Ballarat,R3 1000m Mdn,3,260754612,101354411,9,Face The Wild,4,1.0,1.62,1.0,1.21
2026-08-06,Ballarat,R3 1000m Mdn,3,260754612,101354412,10,Isle Of Mona,1,0.0,17.7,1.0,3.26
2026-08-06,Ballarat,R3 1000m Mdn,3,260754612,101354414,12,What Once Was,3,0.0,8.8,0.0,2.02
2026-08-06,Gosford,R1 2100m Mdn,1,260754389,28605530,8,Royal Princess,3,0.0,12.5,0.0,3.75
2026-08-06,Gosford,R1 2100m Mdn,1,260754389,92117411,5,Honeyhill,5,0.0,16.5,0.0,4.89
2026-08-06,Gosford,R1 2100m Mdn,1,260754389,100487018,7,Reschs Milk,2,0.0,6.6,0.0,2.82
2026-08-06,Gosford,R1 2100m Mdn,1,260754389,101354193,1,Autafinna,1,0.0,1.75,1.0,1.31
2026-08-06,Gosford,R1 2100m Mdn,1,260754389,101354194,2,Chuckler,4,1.0,7.68,1.0,2.84
2026-08-06,Gosford,R2 1600m CL1,2,260754392,78781238,7,Olivia Mia,4,0.0,12.5,0.0,3.13
2026-08-06,Gosford,R2 1600m CL1,2,260754392,78944313,5,Powerful Prayer,2,0.0,3.19,0.0,1.74
2026-08-06,Gosford,R2 1600m CL1,2,260754392,101354195,1,Proxima Dea,1,1.0,1.96,1.0,1.32
2026-08-06,Gosford,R2 1600m CL1,2,260754392,101354196,6,Sirius Moss,3,0.0,9.91,1.0,3.33
2026-08-06,Gosford,R3 1100m Mdn,3,260754395,38913004,10,Temptation,4,0.0,1.88,1.0,1.39
2026-08-06,Gosford,R3 1100m Mdn,3,260754395,100454058,5,Count Du Money,5,1.0,8.0,1.0,2.55
2026-08-06,Gosford,R3 1100m Mdn,3,260754395,101354197,1,Unleash Harry,1,0.0,5.4,0.0,1.85
2026-08-06,Gosford,R3 1100m Mdn,3,260754395,101354198,2,In Circles,3,0.0,15.5,0.0,4.5
2026-08-06,Gosford,R3 1100m Mdn,3,260754395,101354199,3,Capdiva,2,0.0,21.0,0.0,5.76
2026-08-06,Moree,R1 950m Mdn,1,260754413,9619877,1,Haney,3,1.0,4.3,1.0,2.04
2026-08-06,Moree,R1 950m Mdn,1,260754413,86820692,5,Supergrace,1,0.0,14.5,1.0,4.3
2026-08-06,Moree,R1 950m Mdn,1,260754413,99770387,6,Squadrons,5,0.0,9.35,0.0,3.05
2026-08-06,Moree,R1 950m Mdn,1,260754413,101353738,2,Euphoric Miss,4,0.0,20.0,0.0,5.95
2026-08-06,Moree,R1 950m Mdn,1,260754413,101353740,8,Astra Via,2,0.0,1.96,0.0,1.35
2026-08-06,Moree,R2 1200m Mdn,2,260754416,4123926,7,By The Way,2,1.0,3.12,1.0,1.5
2026-08-06,Moree,R2 1200m Mdn,2,260754416,38405927,1,Akuma,5,0.0,95.0,0.0,7.4
2026-08-06,Moree,R2 1200m Mdn,2,260754416,52435582,3,Jukebox Edition,4,0.0,131.98,0.0,12.76
2026-08-06,Moree,R2 1200m Mdn,2,260754416,97184525,8,Side Quest,3,0.0,6.62,1.0,1.8
2026-08-06,Moree,R2 1200m Mdn,2,260754416,101353744,11,Flaunter,1,0.0,2.46,1.0,1.39
2026-08-06,Mount Isa,R1 1100m Mdn,1,260754435,89391936,4,Instigate,5,0.0,10.5,1.0,2.49
2026-08-06,Mount Isa,R1 1100m Mdn,1,260754435,98995844,2,Flying Giselle,3,0.0,3.7,0.0,1.49
2026-08-06,Mount Isa,R1 1100m Mdn,1,260754435,101353773,1,Macho Grande,2,0.0,9.4,0.0,2.86
2026-08-06,Mount Isa,R1 1100m Mdn,1,260754435,101353774,3,Illtellyouafter,4,0.0,34.95,0.0,6.45
2026-08-06,Mount Isa,R1 1100m Mdn,1,260754435,101353775,8,Perrieres,1,0.0,5.84,1.0,2.08
2026-08-06,Mount Isa,,2,260754439,2344100,1,Bitterblue,4,,,,
2026-08-06,Mount Isa,R2 1450m Hcap,2,260754439,48073688,2,Makanui,3,0.0,5.7,0.0,2.4
2026-08-06,Mount Isa,R2 1450m Hcap,2,260754439,55244366,3,The Wellian,2,0.0,7.8,0.0,3.25
2026-08-06,Mount Isa,R2 1450m Hcap,2,260754439,71587218,5,Cliodhna Maeve,1,0.0,11.74,0.0,5.35
2026-08-06,Mount Isa,R2 1450m Hcap,2,260754439,92965930,7,Lucy Lulu,5,0.0,11.5,0.0,4.6
2026-08-06,Mount Isa,R3 1450m CL3,3,260754443,73642866,2,Stokomo,1,0.0,2.66,1.0,1.67
2026-08-06,Mount Isa,R3 1450m CL3,3,260754443,93021944,4,Zephirine,2,1.0,3.44,1.0,1.84
2026-08-06,Mount Isa,R3 1450m CL3,3,260754443,95620749,3,Melaten,3,0.0,55.0,0.0,12.72
2026-08-06,Mount Isa,R3 1450m CL3,3,260754443,95621552,8,Tell Us Toll,4,0.0,8.3,0.0,3.2
2026-08-06,Mount Isa,R3 1450m CL3,3,260754443,98240443,1,Bondi Prophet,5,0.0,6.0,0.0,2.37
2026-08-06,Northam,R6 1300m CL1,6,260752963,9409686,5,Marcos,2,0.0,1.7,1.0,1.11
2026-08-06,Northam,R6 1300m CL1,6,260752963,92207895,7,Rising Fame,3,0.0,14.31,0.0,2.44
2026-08-06,Northam,R6 1300m CL1,6,260752963,93240434,9,Luna Ascending,4,0.0,32.27,0.0,4.03
2026-08-06,Northam,R6 1300m CL1,6,260752963,101329861,1,Flying Maradona,1,1.0,4.76,1.0,1.51
2026-08-06,Northam,R6 1300m CL1,6,260752963,101329862,3,Arties Storm,5,0.0,13.5,1.0,2.64
2026-08-06,Northam,R7 1100m CL5,7,260752967,677253,4,Desert Dancing,2,0.0,5.4,0.0,2.16
2026-08-06,Northam,R7 1100m CL5,7,260752967,1024516,2,Art Session,5,0.0,10.51,1.0,2.97
2026-08-06,Northam,R7 1100m CL5,7,260752967,2644606,1,Lets Talk,4,0.0,6.5,0.0,2.08
2026-08-06,Northam,R7 1100m CL5,7,260752967,79258351,7,Yamashitas Gold,3,0.0,6.53,1.0,2.47
2026-08-06,Northam,R7 1100m CL5,7,260752967,92461013,10,Return Of The Mach,1,0.0,6.94,0.0,2.6
2026-08-06,Northam,R8 1600m CL3,8,260752971,4594613,4,Cosmic Eclipse,3,0.0,12.0,0.0,3.52
2026-08-06,Northam,R8 1600m CL3,8,260752971,57810047,8,Lathams Wish,5,0.0,18.01,0.0,4.52
2026-08-06,Northam,R8 1600m CL3,8,260752971,91354641,1,Hanafubuki,1,0.0,7.16,0.0,2.76
2026-08-06,Northam,R8 1600m CL3,8,260752971,96939530,12,Side Show,4,0.0,14.68,0.0,4.75
2026-08-06,Northam,R8 1600m CL3,8,260752971,101329865,2,Eternal Romance,2,1.0,3.43,1.0,1.55
2026-08-07,Canberra,R5 1080m Mdn,5,260798605,5728767,3,The One,5,0.0,36.0,0.0,4.65
2026-08-07,Canberra,R5 1080m Mdn,5,260798605,100049328,7,Gunna Reign,4,0.0,499.0,0.0,24.18
2026-08-07,Canberra,R5 1080m Mdn,5,260798605,101384851,2,Lavender Rose,3,0.0,2.06,0.0,1.14
2026-08-07,Canberra,R5 1080m Mdn,5,260798605,101384852,4,Deeply,2,0.0,5.2,1.0,1.34
2026-08-07,Canberra,R5 1080m Mdn,5,260798605,101384855,9,La Stiava,1,1.0,4.1,1.0,1.3
2026-08-07,Canberra,R6 1080m Hcap,6,260798608,4226599,1,Action King,1,1.0,2.16,1.0,1.4
2026-08-07,Canberra,R6 1080m Hcap,6,260798608,6980295,6,Sunrise Ridge,4,0.0,10.0,1.0,3.18
2026-08-07,Canberra,R6 1080m Hcap,6,260798608,65487362,3,Hellinda,5,0.0,10.7,0.0,3.7
2026-08-07,Canberra,R6 1080m Hcap,6,260798608,77728004,2,Cougars,2,0.0,3.46,0.0,1.77
2026-08-07,Canberra,R6 1080m Hcap,6,260798608,84470976,4,Cholante,3,0.0,30.0,0.0,10.5
2026-08-07,Canberra,R7 1750m Hcap,7,260798611,1459432,7,Tillman,4,0.0,35.57,0.0,7.0
2026-08-07,Canberra,R7 1750m Hcap,7,260798611,59684997,1,Sunsource,3,0.0,14.0,0.0,3.57
2026-08-07,Canberra,R7 1750m Hcap,7,260798611,81848415,5,Devine Outcast,5,0.0,29.07,0.0,5.7
2026-08-07,Canberra,R7 1750m Hcap,7,260798611,82818858,2,Bombelleistic,1,1.0,3.9,1.0,1.85
2026-08-07,Canberra,R7 1750m Hcap,7,260798611,90603727,6,Flashy Icon,2,0.0,7.8,0.0,2.14
2026-08-07,Coffs Harbour,R5 1200m Hcap,5,260797871,421314,3,Oakfield Duke,2,1.0,19.0,1.0,3.05
2026-08-07,Coffs Harbour,R5 1200m Hcap,5,260797871,73259167,4,Sir Carter,4,0.0,8.76,0.0,2.3
2026-08-07,Coffs Harbour,R5 1200m Hcap,5,260797871,75480616,1,My Mums Toyboy,3,0.0,3.32,0.0,1.39
2026-08-07,Coffs Harbour,R5 1200m Hcap,5,260797871,83940277,6,Lunaite,1,0.0,2.17,1.0,1.24
2026-08-07,Coffs Harbour,R6 1200m CL3,6,260797874,4756118,2,Certified Copy,2,0.0,3.61,1.0,1.57
2026-08-07,Coffs Harbour,R6 1200m CL3,6,260797874,4756118,2,Certified Copy,3,0.0,3.61,1.0,1.57
2026-08-07,Coffs Harbour,R6 1200m CL3,6,260797874,91530805,4,Storm Merchant,4,0.0,4.93,0.0,1.99
2026-08-07,Coffs Harbour,R6 1200m CL3,6,260797874,101384871,13,Too Darn Finesse,1,1.0,5.1,1.0,1.93
2026-08-07,Coffs Harbour,R6 1200m CL3,6,260797874,101384873,15,Zucchero,5,0.0,13.0,0.0,3.42
2026-08-07,Coffs Harbour,R7 1600m Cup,7,260797877,41499850,1,Loch Eagle,3,0.0,21.0,1.0,3.71
2026-08-07,Coffs Harbour,R7 1600m Cup,7,260797877,58635619,3,Hollywood Hero,1,0.0,4.99,0.0,1.56
2026-08-07,Coffs Harbour,R7 1600m Cup,7,260797877,71436445,13,Time Quest,4,0.0,4.89,0.0,2.07
2026-08-07,Coffs Harbour,R7 1600m Cup,7,260797877,77688461,5,Mighty Ulysses,5,1.0,10.5,1.0,3.45
2026-08-07,Coffs Harbour,R7 1600m Cup,7,260797877,83642421,12,Perfect Justice,2,0.0,3.53,1.0,1.42
2026-08-07,Coffs Harbour,,8,260797880,61336539,12,Secret Keeper,4,,,,
2026-08-07,Coffs Harbour,R8 1600m CL2,8,260797880,67896724,10,Ausbred Yahoo,5,0.0,24.72,0.0,5.86
2026-08-07,Coffs Harbour,R8 1600m CL2,8,260797880,79456061,4,Love N Rockets,2,0.0,24.41,0.0,6.52
2026-08-07,Coffs Harbour,R8 1600m CL2,8,260797880,97725674,5,Satin And Cash,3,0.0,6.6,0.0,2.06
2026-08-07,Coffs Harbour,R8 1600m CL2,8,260797880,101384877,1,Vixenette,1,1.0,5.52,1.0,2.0
2026-08-07,Eagle Farm,R5 1200m Hcap,5,260801687,66826224,5,Arctic Legend,5,0.0,20.0,0.0,4.04
2026-08-07,Ipswich,R5 1666m Hcap,5,260804086,2741342,8,Loch Awe,3,0.0,5.9,0.0,2.19
2026-08-07,Ipswich,R5 1666m Hcap,5,260804086,46968300,5,Maple Door,5,0.0,25.11,1.0,5.8
2026-08-07,Ipswich,R5 1666m Hcap,5,260804086,86820548,10,Shedrivesabentley,4,0.0,11.71,0.0,3.95
2026-08-07,Ipswich,R5 1666m Hcap,5,260804086,90848379,4,Artistic Endeavour,1,0.0,4.08,0.0,1.74
2026-08-07,Ipswich,R5 1666m Hcap,5,260804086,92417760,2,Mishani Witness,2,1.0,6.32,1.0,2.32
2026-08-07,Ipswich,R6 1100m Hcap,6,260804090,60779656,3,Revalene,1,0.0,23.0,0.0,6.6
2026-08-07,Ipswich,R6 1100m Hcap,6,260804090,94448423,8,Run Lucy Run,2,0.0,5.88,0.0,2.05
2026-08-07,Ipswich,R6 1100m Hcap,6,260804090,101384824,11,Duke Of Camden,3,0.0,3.28,1.0,1.63
2026-08-07,Ipswich,R6 1100m Hcap,6,260804090,101384825,13,Cutepi,5,0.0,11.32,1.0,2.72
2026-08-07,Ipswich,R6 1100m Hcap,6,260804090,101384828,16,Mishani Extreme,4,0.0,4.32,0.0,1.81
2026-08-07,Ipswich,R7 1350m Hcap,7,260804094,6751256,6,Cantankerous,4,1.0,4.78,1.0,2.36
2026-08-07,Ipswich,R7 1350m Hcap,7,260804094,84376682,8,Switchblade,3,0.0,9.6,0.0,3.05
2026-08-07,Ipswich,R7 1350m Hcap,7,260804094,98240658,14,Hidden Future,1,0.0,7.15,0.0,2.58
2026-08-07,Ipswich,R7 1350m Hcap,7,260804094,99656675,11,Woot Woot,2,0.0,26.86,1.0,7.6
2026-08-07,Ipswich,R7 1350m Hcap,7,260804094,101384840,23,Mishani Undercover,5,0.0,6.9,0.0,2.88
2026-08-07,Kembla Grange,R3 2000m Hcap,3,260826749,70666692,1,Majorian,1,0.0,3.97,0.0,1.41
2026-08-07,Mount Gambier,R3 900m Hcap,3,260855896,25631946,8,Unlimited Ability,2,0.0,32.92,0.0,7.0
2026-08-07,Mount Gambier,R3 900m Hcap,3,260855896,46652342,5,Just Like Lisa,3,0.0,4.3,1.0,1.6
2026-08-07,Mount Gambier,R3 900m Hcap,3,260855896,57563328,6,Emmooki Magic,4,0.0,6.59,0.0,2.34
2026-08-07,Mount Gambier,R3 900m Hcap,3,260855896,65052269,4,Nankeen,1,0.0,4.17,0.0,1.57
2026-08-07,Mount Gambier,R3 900m Hcap,3,260855896,98959652,3,Tanna,5,0.0,4.43,1.0,1.68
2026-08-07,Mount Gambier,R4 2050m Hcap,4,260855902,67324694,6,Pianta,5,1.0,6.25,1.0,1.98
2026-08-07,Mount Gambier,R4 2050m Hcap,4,260855902,67855710,1,Side Piece,1,0.0,3.0,0.0,1.43
2026-08-07,Mount Gambier,R4 2050m Hcap,4,260855902,87416501,10,Duhlata,4,0.0,32.0,0.0,5.35
2026-08-07,Mount Gambier,R4 2050m Hcap,4,260855902,88968542,2,Wimmera Star,3,0.0,6.0,1.0,1.96
2026-08-07,Mount Gambier,R4 2050m Hcap,4,260855902,101450096,4,Fuwari,2,0.0,7.8,1.0,2.17
2026-08-07,Mount Gambier,R5 1300m Hcap,5,260855908,36901315,7,Melissa Kate,2,0.0,4.6,1.0,1.73
2026-08-07,Mount Gambier,R5 1300m Hcap,5,260855908,41774551,4,Detnaw,5,0.0,14.5,0.0,3.4
2026-08-07,Mount Gambier,R5 1300m Hcap,5,260855908,65519689,5,Lapilli,3,0.0,18.5,0.0,4.8
2026-08-07,Mount Gambier,R5 1300m Hcap,5,260855908,85777952,2,Stargust,1,1.0,3.25,1.0,1.57
2026-08-07,Mount Gambier,R5 1300m Hcap,5,260855908,101450102,9,Urbanise,4,0.0,17.0,0.0,4.7
2026-08-07,Mount Gambier,R6 1550m Hcap,6,260855914,749446,2,Hidden Bounty,3,0.0,5.21,1.0,2.21
2026-08-07,Mount Gambier,R6 1550m Hcap,6,260855914,60568701,3,Surfy Pete,4,0.0,18.99,0.0,5.5
2026-08-07,Mount Gambier,R6 1550m Hcap,6,260855914,71403915,4,Akitu,2,0.0,18.0,0.0,5.1
2026-08-07,Mount Gambier,R6 1550m Hcap,6,260855914,90847933,11,Limosa,5,1.0,9.65,1.0,3.3
2026-08-07,Mount Gambier,R6 1550m Hcap,6,260855914,101450121,10,Tallapoosa,1,0.0,5.02,0.0,1.85
2026-08-07,Mount Gambier,R7 1200m Hcap,7,260855920,79562923,2,Shout Me,5,0.0,29.81,0.0,6.6
2026-08-07,Mount Gambier,R7 1200m Hcap,7,260855920,85181027,1,Halliwell,1,0.0,11.9,0.0,3.4
2026-08-07,Mount Gambier,R7 1200m Hcap,7,260855920,94780227,5,Bancoora,4,0.0,23.0,1.0,4.96
2026-08-07,Mount Gambier,R7 1200m Hcap,7,260855920,101450126,6,Terralight,3,0.0,12.0,0.0,3.0
2026-08-07,Mount Gambier,R7 1200m Hcap,7,260855920,101450128,13,The Guava,2,0.0,17.24,0.0,4.4
2026-08-07,Seymour,R5 1200m Hcap,5,260800669,38534869,2,Zethus,1,0.0,16.0,0.0,4.64
2026-08-07,Seymour,R5 1200m Hcap,5,260800669,39868282,1,Da Nang Star,4,0.0,30.0,0.0,7.0
2026-08-07,Seymour,R5 1200m Hcap,5,260800669,69390310,9,Illuminance,3,0.0,4.14,1.0,1.89
2026-08-07,Seymour,R5 1200m Hcap,5,260800669,79562473,13,Bardias Dream,2,1.0,5.89,1.0,2.28
2026-08-07,Seymour,R5 1200m Hcap,5,260800669,89921336,4,Sub Gauge,5,0.0,18.14,0.0,4.68
2026-08-07,Seymour,R6 2000m Hcap,6,260800677,49547221,1,Saveadateforme,1,0.0,24.89,0.0,5.64
2026-08-07,Seymour,R6 2000m Hcap,6,260800677,61895983,7,Jenny The Beaver,4,1.0,17.03,1.0,4.2
2026-08-07,Seymour,R6 2000m Hcap,6,260800677,63404396,3,Governor King,5,0.0,3.36,0.0,1.86
2026-08-07,Seymour,R6 2000m Hcap,6,260800677,85017252,2,Omamori,2,0.0,7.0,0.0,2.73
2026-08-07,Seymour,R6 2000m Hcap,6,260800677,101386299,6,Fyreline,3,0.0,9.93,1.0,2.9
2026-08-07,Seymour,R7 1600m Hcap,7,260800685,73482859,2,Annotate,5,0.0,7.46,0.0,2.8
2026-08-07,Seymour,R7 1600m Hcap,7,260800685,89670035,3,Prestige Snitzel,2,0.0,35.39,0.0,8.02
2026-08-07,Seymour,R7 1600m Hcap,7,260800685,90798856,10,Kiwi Jenni,4,0.0,18.0,1.0,5.5
2026-08-07,Seymour,R7 1600m Hcap,7,260800685,92161203,6,Reina Isabella,1,0.0,7.0,0.0,2.64
2026-08-07,Seymour,R7 1600m Hcap,7,260800685,100487003,11,Crossoverkid,3,0.0,6.4,1.0,2.48
2026-08-07,Seymour,R8 1400m Hcap,8,260800693,48672451,5,Our Lone Star,4,0.0,49.66,0.0,8.12
2026-08-07,Seymour,R8 1400m Hcap,8,260800693,57883953,4,Shes Pretty Rich,1,0.0,21.0,0.0,4.75
2026-08-07,Seymour,R8 1400m Hcap,8,260800693,91061178,8,Victory Tune,2,0.0,10.5,0.0,3.12
2026-08-07,Seymour,R8 1400m Hcap,8,260800693,95579713,6,Camp Cable,5,1.0,11.02,1.0,3.25
2026-08-07,Seymour,R8 1400m Hcap,8,260800693,101386309,18,Swift Circle,3,0.0,7.1,0.0,2.75
2026-08-08,Alice Springs,R2 1200m CL2,2,260831086,1459023,1,Highstrung,3,1.0,4.05,1.0,1.9
2026-08-08,Alice Springs,R2 1200m CL2,2,260831086,95540832,6,Epic Jewel,4,0.0,12.2,0.0,5.4
2026-08-08,Alice Springs,R2 1200m CL2,2,260831086,97984637,3,Our Squamosa,2,0.0,3.05,0.0,2.09
2026-08-08,Alice Springs,R2 1200m CL2,2,260831086,100232874,4,Startyourengine,5,0.0,6.89,1.0,2.56
2026-08-08,Alice Springs,R2 1200m CL2,2,260831086,100920547,2,Riverina Waltz,1,0.0,6.44,0.0,2.52
2026-08-08,Alice Springs,R3 1200m Hcap,3,260831089,28631218,2,Luskin Hero,3,0.0,4.98,0.0,2.57
2026-08-08,Alice Springs,R3 1200m Hcap,3,260831089,36387007,4,Rock Of Kryptonite,1,0.0,26.49,0.0,9.4
2026-08-08,Alice Springs,R3 1200m Hcap,3,260831089,39317905,5,Real Valentia,5,0.0,6.8,1.0,3.15
2026-08-08,Alice Springs,R3 1200m Hcap,3,260831089,39595140,3,Delago Lad,4,0.0,4.5,0.0,3.26
2026-08-08,Alice Springs,R3 1200m Hcap,3,260831089,50195082,1,Bahama Bay,2,0.0,5.03,0.0,2.38
2026-08-08,Alice Springs,R4 1100m Hcap,4,260831092,27140276,3,Tango Stepz,1,1.0,12.29,1.0,4.3
2026-08-08,Alice Springs,R4 1100m Hcap,4,260831092,63161589,7,Lean On Me,5,0.0,12.29,0.0,4.3
2026-08-08,Alice Springs,R4 1100m Hcap,4,260831092,78000843,4,Revolution Rising,4,0.0,19.18,1.0,7.0
2026-08-08,Alice Springs,R4 1100m Hcap,4,260831092,85854820,1,High Ambitions,2,0.0,5.85,0.0,2.98
2026-08-08,Alice Springs,R4 1100m Hcap,4,260831092,90886252,2,Dad Bod,3,0.0,2.5,0.0,1.69
2026-08-08,Alice Springs,R5 1400m Hcap,5,260831095,38849765,3,Valley Prince,4,0.0,16.65,0.0,5.4
2026-08-08,Alice Springs,R5 1400m Hcap,5,260831095,53147767,1,Limited Risk,2,1.0,2.7,1.0,1.73
2026-08-08,Alice Springs,R5 1400m Hcap,5,260831095,86057261,5,Pub Crawl,5,0.0,5.93,0.0,2.82
2026-08-08,Alice Springs,R5 1400m Hcap,5,260831095,86388866,4,Dolce Damour,3,0.0,7.2,0.0,3.2
2026-08-08,Alice Springs,R5 1400m Hcap,5,260831095,86893400,2,Stella Bystarlight,1,0.0,4.08,1.0,2.08
2026-08-08,Alice Springs,R6 1400m Hcap,6,260831098,51360651,3,Cours Vite,5,0.0,18.52,0.0,6.6
2026-08-08,Alice Springs,R6 1400m Hcap,6,260831098,56016724,4,Capistan,4,0.0,8.0,0.0,3.15
2026-08-08,Alice Springs,R6 1400m Hcap,6,260831098,57047265,2,The Big Freeze,2,0.0,3.4,1.0,1.73
2026-08-08,Alice Springs,R6 1400m Hcap,6,260831098,63402220,1,Scissor Me Timbers,1,0.0,3.25,0.0,1.94
2026-08-08,Alice Springs,R6 1400m Hcap,6,260831098,97211434,5,Forever A Diamond,3,1.0,4.91,1.0,2.64
2026-08-08,Alice Springs,R7 1600m Hcap,7,260831101,534233,5,Mr Jones,5,0.0,6.36,1.0,3.2
2026-08-08,Alice Springs,R7 1600m Hcap,7,260831101,44591240,1,Flying Start,3,0.0,7.4,0.0,2.83
2026-08-08,Alice Springs,R7 1600m Hcap,7,260831101,66069562,3,Grinzinger Bishop,4,1.0,2.86,1.0,1.59
2026-08-08,Alice Springs,R7 1600m Hcap,7,260831101,69675019,4,Grinzinger Lass,2,0.0,8.6,0.0,3.41
2026-08-08,Alice Springs,R7 1600m Hcap,7,260831101,71904801,2,Highlands,1,0.0,4.58,0.0,2.26
2026-08-08,Belmont,R1 1000m 3yo,1,260803620,641289,2,Burning Bridges,4,0.0,7.0,0.0,2.4
2026-08-08,Belmont,R1 1000m 3yo,1,260803620,95881201,1,Properata,2,0.0,3.5,1.0,1.5
2026-08-08,Belmont,R1 1000m 3yo,1,260803620,97886234,3,Superrific,1,0.0,4.09,0.0,1.6
2026-08-08,Belmont,R1 1000m 3yo,1,260803620,101386618,6,Spinarella,3,1.0,11.71,1.0,2.72
2026-08-08,Belmont,R1 1000m 3yo,1,260803620,101386619,7,Manhattan Squeeze,5,0.0,15.0,1.0,3.5
2026-08-08,Belmont,R2 1400m Hcap,2,260803629,64737932,3,Our Rocky Bay,3,0.0,10.4,0.0,2.98
2026-08-08,Belmont,R2 1400m Hcap,2,260803629,82345361,5,Heaven Specified,1,1.0,4.13,1.0,1.8
2026-08-08,Belmont,R2 1400m Hcap,2,260803629,88070361,2,Champagne Crusader,4,0.0,12.9,0.0,3.55
2026-08-08,Belmont,R2 1400m Hcap,2,260803629,97726427,8,I Love Ya Money,2,0.0,4.2,1.0,1.8
2026-08-08,Belmont,R2 1400m Hcap,2,260803629,99688933,4,Articole,5,0.0,6.93,0.0,2.28
2026-08-08,Belmont,R3 2200m Hcap,3,260803638,1471814,7,Decision Maker,5,0.0,24.91,0.0,4.7
2026-08-08,Belmont,R3 2200m Hcap,3,260803638,58314343,1,Kisses From Kelly,4,0.0,8.47,1.0,2.1
2026-08-08,Belmont,R3 2200m Hcap,3,260803638,80641270,2,Our Mate Archie,2,0.0,13.0,0.0,3.17
2026-08-08,Belmont,R3 2200m Hcap,3,260803638,83903949,10,Shimonoseki,3,0.0,6.82,1.0,1.85
2026-08-08,Belmont,R3 2200m Hcap,3,260803638,101386623,3,With Discretion,1,0.0,2.02,0.0,1.18
2026-08-08,Belmont,R4 1000m Hcap,4,260803647,60695678,4,Last Stylebender,5,0.0,11.59,0.0,2.95
2026-08-08,Belmont,R4 1000m Hcap,4,260803647,88612719,7,Eternal Wine,3,0.0,9.27,1.0,2.48
2026-08-08,Belmont,R4 1000m Hcap,4,260803647,93466975,5,Mai Aloha,1,0.0,7.98,0.0,2.46
2026-08-08,Belmont,R4 1000m Hcap,4,260803647,96913554,2,Niccimota,4,1.0,7.2,1.0,2.74
2026-08-08,Belmont,R4 1000m Hcap,4,260803647,101386625,3,Too Darn Stormy,2,0.0,6.8,0.0,2.18
2026-08-08,Belmont,R5 1600m Hcap,5,260803656,11058940,2,Lillian,1,1.0,9.2,1.0,2.82
2026-08-08,Belmont,R5 1600m Hcap,5,260803656,72415529,7,Supernatural,4,0.0,7.44,1.0,3.1
2026-08-08,Belmont,R5 1600m Hcap,5,260803656,76574687,9,The Merryman,2,0.0,60.0,0.0,11.5
2026-08-08,Belmont,R5 1600m Hcap,5,260803656,77083361,4,Mt Shirataku,3,0.0,5.55,0.0,2.44
2026-08-08,Belmont,R5 1600m Hcap,5,260803656,94689328,6,All Grunt,5,0.0,6.04,0.0,2.34
2026-08-08,Belmont,R6 1400m Hcap,6,260803665,81747890,6,Refemme No Angel,4,0.0,8.19,1.0,2.99
2026-08-08,Belmont,R6 1400m Hcap,6,260803665,82604607,2,Deltason,1,0.0,11.17,0.0,2.96
2026-08-08,Belmont,R6 1400m Hcap,6,260803665,90800222,3,Mardusa,3,0.0,17.0,0.0,4.3
2026-08-08,Belmont,R6 1400m Hcap,6,260803665,101102540,8,Cinque Stelle,2,1.0,4.23,1.0,2.37
2026-08-08,Belmont,R6 1400m Hcap,6,260803665,101386632,7,Tidwell,5,0.0,3.75,0.0,1.68
2026-08-08,Belmont,R7 1200m Listed,7,260803674,44187239,2,Snowdome,5,0.0,8.74,1.0,2.62
2026-08-08,Belmont,R7 1200m Listed,7,260803674,65947115,10,Madhi Girl,1,0.0,3.55,0.0,1.66
2026-08-08,Belmont,R7 1200m Listed,7,260803674,80856821,9,Jaz Session,3,0.0,43.35,0.0,6.45
2026-08-08,Belmont,R7 1200m Listed,7,260803674,101386634,6,Immortal Bliss,2,1.0,3.03,1.0,1.52
2026-08-08,Belmont,R7 1200m Listed,7,260803674,101386637,13,Twisted Steel,4,0.0,8.01,0.0,2.49
2026-08-08,Belmont,R8 1200m Hcap,8,260803683,5192896,11,Allentown,3,0.0,23.0,0.0,5.77
2026-08-08,Belmont,R8 1200m Hcap,8,260803683,59187804,3,Asif,1,0.0,5.7,1.0,2.15
2026-08-08,Belmont,R8 1200m Hcap,8,260803683,87379979,6,Hey Pino,2,1.0,8.6,1.0,2.5
2026-08-08,Belmont,R8 1200m Hcap,8,260803683,100233665,10,Under Influence,5,0.0,41.01,0.0,9.21
2026-08-08,Belmont,R8 1200m Hcap,8,260803683,101386638,4,Zourun Run,4,0.0,4.5,1.0,1.75
2026-08-08,Casino,R4 1900m Hcap,4,260829287,43058238,8,Seething Chuck,1,0.0,14.27,0.0,3.57
2026-08-08,Casino,R4 1900m Hcap,4,260829287,67077216,9,Our Sparky,2,1.0,8.8,1.0,2.42
2026-08-08,Casino,R4 1900m Hcap,4,260829287,68157297,6,Mimessi,5,0.0,29.0,0.0,5.5
2026-08-08,Casino,R4 1900m Hcap,4,260829287,99770553,12,Motion A Nation,4,0.0,9.4,0.0,3.4
2026-08-08,Casino,R4 1900m Hcap,4,260829287,101419193,1,Mad Ana,3,0.0,9.6,0.0,3.1
2026-08-08,Casino,R5 1200m Hcap,5,260829290,1138076,5,Whiskey Miss,2,1.0,3.11,1.0,2.24
2026-08-08,Casino,R5 1200m Hcap,5,260829290,26323639,11,Righteous Brother,5,0.0,27.08,0.0,5.8
2026-08-08,Casino,R5 1200m Hcap,5,260829290,56904614,12,Cowgirl Lilly,1,0.0,23.4,0.0,4.6
2026-08-08,Casino,R5 1200m Hcap,5,260829290,61139954,4,Lolita,3,0.0,11.0,0.0,2.94
2026-08-08,Casino,R5 1200m Hcap,5,260829290,75757966,6,Diamondsaremio,4,0.0,11.5,0.0,2.8
2026-08-08,Casino,R6 1200m Hcap,6,260829293,62908429,3,Hotzino,3,0.0,8.77,0.0,2.27
2026-08-08,Casino,R6 1200m Hcap,6,260829293,82047169,12,Darling Take Care,1,0.0,5.1,1.0,1.77
2026-08-08,Casino,R6 1200m Hcap,6,260829293,85016759,5,Rainbow Lass,5,0.0,9.89,1.0,2.47
2026-08-08,Casino,R6 1200m Hcap,6,260829293,101419200,6,Celestial Bell,2,0.0,8.39,0.0,2.86
2026-08-08,Casino,R6 1200m Hcap,6,260829293,101419201,8,Devious Mind,4,1.0,5.03,1.0,2.06
2026-08-08,Casino,R7 1400m Hcap,7,260829296,781768,4,Hermanita,2,0.0,9.87,0.0,2.6
2026-08-08,Casino,R7 1400m Hcap,7,260829296,9493140,5,House Of Cards,4,1.0,8.2,1.0,2.46
2026-08-08,Casino,R7 1400m Hcap,7,260829296,78465898,3,Deep Respect,1,0.0,7.88,0.0,2.42
2026-08-08,Casino,R7 1400m Hcap,7,260829296,82641297,8,Awaygoesthebunny,5,0.0,14.0,1.0,3.45
2026-08-08,Casino,R7 1400m Hcap,7,260829296,86142710,1,Bodhi Boy,3,0.0,2.28,0.0,1.51
2026-08-08,Casino,R8 1400m CL3,8,260829299,58569545,2,Barello,1,1.0,4.2,1.0,1.99
2026-08-08,Casino,R8 1400m CL3,8,260829299,82376023,11,Picupstixx,5,0.0,16.17,0.0,3.6
2026-08-08,Casino,R8 1400m CL3,8,260829299,87206571,6,Keep It Loki,2,0.0,4.7,1.0,2.04
2026-08-08,Casino,R8 1400m CL3,8,260829299,101183216,10,Monarch Express,4,0.0,8.32,0.0,2.86
2026-08-08,Casino,R8 1400m CL3,8,260829299,101419207,13,Escape Beach,3,0.0,9.8,1.0,2.82
2026-08-08,Caulfield,R4 1600m Hcap,4,260800561,11577054,2,Davida,2,1.0,5.4,1.0,2.47
2026-08-08,Caulfield,R4 1600m Hcap,4,260800561,82078455,10,Street Lark,4,0.0,4.8,1.0,2.05
2026-08-08,Caulfield,R4 1600m Hcap,4,260800561,84182728,8,Hi Val,1,0.0,12.0,0.0,3.29
2026-08-08,Caulfield,R4 1600m Hcap,4,260800561,88069820,3,Lake Vostok,5,0.0,11.37,0.0,3.33
2026-08-08,Caulfield,R4 1600m Hcap,4,260800561,88376634,1,Palm Angel,3,0.0,19.0,0.0,4.5
2026-08-08,Caulfield,R5 1100m Hcap,5,260800570,52900171,4,Hes Beset,5,0.0,160.0,0.0,29.0
2026-08-08,Caulfield,R5 1100m Hcap,5,260800570,92995708,5,Behaviour,4,1.0,5.3,1.0,1.84
2026-08-08,Caulfield,R5 1100m Hcap,5,260800570,96182152,6,High On The Hill,1,0.0,4.45,1.0,1.98
2026-08-08,Caulfield,R5 1100m Hcap,5,260800570,101386411,12,Nordic Strike,2,0.0,11.5,0.0,3.6
2026-08-08,Caulfield,R5 1100m Hcap,5,260800570,101386413,14,Beautiful Bevy,3,0.0,6.46,0.0,2.34
2026-08-08,Caulfield,R6 1200m Hcap,6,260800579,509425,3,Stylish,3,0.0,8.94,0.0,1.92
2026-08-08,Caulfield,R6 1200m Hcap,6,260800579,56729490,8,Rhapsody Chic,4,0.0,130.0,0.0,10.99
2026-08-08,Caulfield,R6 1200m Hcap,6,260800579,58372158,5,Piastri,2,0.0,14.14,0.0,2.83
2026-08-08,Caulfield,R6 1200m Hcap,6,260800579,83868424,4,Betwitchery,5,0.0,5.11,0.0,1.56
2026-08-08,Caulfield,R6 1200m Hcap,6,260800579,87165047,9,Custom,1,0.0,1.82,1.0,1.12
2026-08-08,Caulfield,R7 1800m Hcap,7,260800588,114397,8,Perfect Ten,4,1.0,3.92,1.0,1.77
2026-08-08,Caulfield,R7 1800m Hcap,7,260800588,68348570,3,Angland,2,0.0,11.99,0.0,3.66
2026-08-08,Caulfield,R7 1800m Hcap,7,260800588,85982139,10,Oraqua,5,0.0,8.18,0.0,2.56
2026-08-08,Caulfield,R7 1800m Hcap,7,260800588,101386416,12,Censori,1,0.0,9.71,1.0,3.45
2026-08-08,Caulfield,R7 1800m Hcap,7,260800588,101386417,13,Zorros Flight,3,0.0,5.8,0.0,2.15
2026-08-08,Caulfield,R8 1800m Hcap,8,260800597,565689,6,Unlimited,4,0.0,23.69,0.0,4.41
2026-08-08,Caulfield,R8 1800m Hcap,8,260800597,565689,6,Unlimited,5,0.0,23.69,0.0,4.41
2026-08-08,Caulfield,R8 1800m Hcap,8,260800597,2441564,1,Bankers Choice,2,0.0,19.5,0.0,3.9
2026-08-08,Caulfield,R8 1800m Hcap,8,260800597,8682837,3,Glory Daze,1,0.0,12.5,0.0,2.68
2026-08-08,Caulfield,R8 1800m Hcap,8,260800597,83378655,5,Litzdeel,3,0.0,16.94,0.0,3.2
2026-08-08,Caulfield,R9 1500m Hcap,9,260800606,64546730,12,Keane Enuff,4,0.0,23.37,0.0,4.1
2026-08-08,Caulfield,R9 1500m Hcap,9,260800606,64575061,5,Flying Valley,2,0.0,8.4,0.0,2.0
2026-08-08,Caulfield,R9 1500m Hcap,9,260800606,71587454,11,Lovelycut,3,0.0,9.09,1.0,2.09
2026-08-08,Caulfield,R9 1500m Hcap,9,260800606,76572744,8,Changing Colours,1,1.0,1.74,1.0,1.18
2026-08-08,Caulfield,R9 1500m Hcap,9,260800606,101386421,6,Nations Call,5,0.0,25.83,1.0,3.99
2026-08-08,Eagle Farm,R4 1000m Hcap,4,260801678,94136982,1,Star Of Jamaica,1,0.0,4.8,0.0,1.62
2026-08-08,Eagle Farm,R4 1000m Hcap,4,260801678,98482571,5,Run Like A Girl,5,0.0,60.0,1.0,10.0
2026-08-08,Eagle Farm,R4 1000m Hcap,4,260801678,101163756,4,Boonie Boom,2,0.0,2.6,0.0,1.62
2026-08-08,Eagle Farm,R4 1000m Hcap,4,260801678,101386358,2,Touch Base,3,0.0,11.5,0.0,3.1
2026-08-08,Eagle Farm,R4 1000m Hcap,4,260801678,101386360,9,Another Champers,4,0.0,90.0,0.0,13.0
2026-08-08,Eagle Farm,R5 1200m Hcap,5,260801687,66826224,5,Arctic Legend,4,0.0,20.0,0.0,4.04
2026-08-08,Eagle Farm,R5 1200m Hcap,5,260801687,101386363,10,Manpower,2,0.0,4.16,1.0,1.56
2026-08-08,Eagle Farm,R5 1200m Hcap,5,260801687,101386363,10,Manpower,3,0.0,4.16,1.0,1.56
2026-08-08,Eagle Farm,R5 1200m Hcap,5,260801687,101386366,13,Neverenoughlego,5,1.0,2.35,1.0,1.3
2026-08-08,Eagle Farm,R5 1200m Hcap,5,260801687,101386367,14,Billionair Baby,1,0.0,42.0,1.0,5.67
2026-08-08,Eagle Farm,R6 1400m Hcap,6,260801696,62633275,3,Larrikin Rogue,1,0.0,11.36,1.0,3.29
2026-08-08,Eagle Farm,R6 1400m Hcap,6,260801696,62633275,3,Larrikin Rogue,2,0.0,11.36,1.0,3.29
2026-08-08,Eagle Farm,R6 1400m Hcap,6,260801696,67222658,2,Mean Approach,3,0.0,8.29,0.0,2.61
2026-08-08,Eagle Farm,R6 1400m Hcap,6,260801696,89708400,12,Irama,4,0.0,12.87,0.0,3.48
2026-08-08,Eagle Farm,R6 1400m Hcap,6,260801696,100454537,14,Wrigley Field,5,0.0,4.7,0.0,2.3
2026-08-08,Eagle Farm,R7 1600m Hcap,7,260801705,60490449,2,Viminele,2,0.0,13.71,1.0,3.45
2026-08-08,Eagle Farm,R7 1600m Hcap,7,260801705,66509364,3,High Dandy,1,0.0,6.4,0.0,2.21
2026-08-08,Eagle Farm,R7 1600m Hcap,7,260801705,81563984,1,Livalittle,5,0.0,6.24,1.0,2.15
2026-08-08,Eagle Farm,R7 1600m Hcap,7,260801705,84431238,6,Automne Tree,3,0.0,3.22,0.0,1.62
2026-08-08,Eagle Farm,R7 1600m Hcap,7,260801705,101386375,14,Hurricane Lu,4,0.0,7.97,0.0,2.78
2026-08-08,Eagle Farm,R8 1200m CL6,8,260801714,3063815,5,Facundo,4,0.0,12.0,1.0,3.35
2026-08-08,Eagle Farm,R8 1200m CL6,8,260801714,3683794,1,Pre Eminence,2,0.0,18.5,0.0,4.4
2026-08-08,Eagle Farm,R8 1200m CL6,8,260801714,71651404,11,Surprise Honey,3,1.0,7.77,1.0,2.6
2026-08-08,Eagle Farm,R8 1200m CL6,8,260801714,79456066,6,Ser Joh,5,0.0,15.5,1.0,4.0
2026-08-08,Eagle Farm,R8 1200m CL6,8,260801714,98960038,3,Bossed Up,1,0.0,6.48,0.0,2.02
2026-08-08,Eagle Farm,R9 1400m Hcap,9,260801723,4603354,3,Tenzing,3,0.0,131.78,0.0,22.0
2026-08-08,Eagle Farm,R9 1400m Hcap,9,260801723,45967633,9,Castillian,4,0.0,10.24,0.0,3.49
2026-08-08,Eagle Farm,R9 1400m Hcap,9,260801723,52546184,5,Rising Pacific,5,0.0,54.33,0.0,10.0
2026-08-08,Eagle Farm,R9 1400m Hcap,9,260801723,60816218,1,Anemacore,1,1.0,3.06,1.0,1.53
2026-08-08,Eagle Farm,R9 1400m Hcap,9,260801723,101386379,11,Express Payment,2,0.0,9.8,1.0,2.9
2026-08-08,Kembla Grange,R3 2000m Hcap,3,260826749,64084381,3,Kirkuk,4,0.0,11.5,1.0,2.24
2026-08-08,Kembla Grange,R3 2000m Hcap,3,260826749,70666692,1,Majorian,2,0.0,3.97,0.0,1.41
2026-08-08,Kembla Grange,R3 2000m Hcap,3,260826749,73991277,4,Longinus,3,0.0,3.2,1.0,1.33
2026-08-08,Kembla Grange,R3 2000m Hcap,3,260826749,101418724,2,Celebrity,1,1.0,3.21,1.0,1.31
2026-08-08,Kembla Grange,R3 2000m Hcap,3,260826749,101418725,6,Gemtiki,5,0.0,16.18,0.0,2.95
2026-08-08,Kembla Grange,R4 1200m Hcap,4,260826752,39955046,2,Satness,3,0.0,12.0,1.0,2.4
2026-08-08,Kembla Grange,R4 1200m Hcap,4,260826752,75046954,1,Gunroom,2,0.0,4.48,0.0,1.53
2026-08-08,Kembla Grange,R4 1200m Hcap,4,260826752,75796463,3,Zaragoza,1,1.0,2.5,1.0,1.19
2026-08-08,Kembla Grange,R4 1200m Hcap,4,260826752,75796463,3,Zaragoza,4,1.0,2.5,1.0,1.19
2026-08-08,Kembla Grange,R4 1200m Hcap,4,260826752,101418726,5,Up The Front,5,0.0,5.74,0.0,1.88
2026-08-08,Kembla Grange,R5 1400m Mdn,5,260826755,77386417,16,Nambi Ghima,2,0.0,17.18,0.0,3.55
2026-08-08,Kembla Grange,R5 1400m Mdn,5,260826755,101418727,3,Coral Cove,3,0.0,5.2,1.0,1.93
2026-08-08,Kembla Grange,R5 1400m Mdn,5,260826755,101418728,5,Flying Arabesque,4,0.0,9.06,0.0,2.55
2026-08-08,Kembla Grange,R5 1400m Mdn,5,260826755,101418729,6,Green Winter,5,1.0,7.37,1.0,2.46
2026-08-08,Kembla Grange,R5 1400m Mdn,5,260826755,101418733,11,Grand Carousel,1,0.0,8.67,1.0,3.0
2026-08-08,Kembla Grange,R6 1000m Mdn,6,260826758,101418739,2,Definition,5,0.0,11.5,0.0,2.94
2026-08-08,Kembla Grange,R6 1000m Mdn,6,260826758,101418743,10,Harrys Hussey,4,1.0,3.96,1.0,1.92
2026-08-08,Kembla Grange,R6 1000m Mdn,6,260826758,101418744,11,Majestic Legend,1,0.0,6.16,0.0,2.2
2026-08-08,Kembla Grange,R6 1000m Mdn,6,260826758,101418745,12,Piaffe,3,0.0,14.9,1.0,3.85
2026-08-08,Kembla Grange,R6 1000m Mdn,6,260826758,101418746,13,Yamashita,2,0.0,12.0,1.0,3.1
2026-08-08,Kembla Grange,R7 1400m Hcap,7,260826761,42879441,10,All Machiavellian,3,0.0,4.43,0.0,1.71
2026-08-08,Kembla Grange,R7 1400m Hcap,7,260826761,64575042,1,Leica Storm,1,0.0,15.5,1.0,4.5
2026-08-08,Kembla Grange,R7 1400m Hcap,7,260826761,65557361,2,Everido,5,1.0,6.4,1.0,2.18
2026-08-08,Kembla Grange,R7 1400m Hcap,7,260826761,90009069,5,Rocco Lini,4,0.0,11.5,0.0,2.99
2026-08-08,Kembla Grange,R7 1400m Hcap,7,260826761,101418749,9,October Star,2,0.0,19.26,0.0,4.79
2026-08-08,Kembla Grange,R8 1400m Hcap,8,260826764,449946,3,Mighty Myrtle,5,0.0,10.0,1.0,2.4
2026-08-08,Kembla Grange,R8 1400m Hcap,8,260826764,65261087,10,Peschiera,1,0.0,5.06,0.0,1.64
2026-08-08,Kembla Grange,R8 1400m Hcap,8,260826764,83676649,2,Cuesta,3,0.0,2.87,0.0,1.66
2026-08-08,Kembla Grange,R8 1400m Hcap,8,260826764,101418751,1,Canny Queen,2,1.0,12.96,1.0,3.6
2026-08-08,Kembla Grange,R8 1400m Hcap,8,260826764,101418753,8,Think I Do,4,0.0,14.0,0.0,3.15
2026-08-08,Mildura,R2 1400m Mdn,2,260829434,6457580,5,Spiderman,3,0.0,12.5,0.0,3.0
2026-08-08,Mildura,R2 1400m Mdn,2,260829434,91872561,1,Brazen Warrior,2,1.0,3.0,1.0,1.36
2026-08-08,Mildura,R2 1400m Mdn,2,260829434,92537804,2,Ilberidinshotgun,1,0.0,2.71,0.0,1.22
2026-08-08,Mildura,R2 1400m Mdn,2,260829434,101418953,7,Classic Cracker,5,0.0,21.0,0.0,3.65
2026-08-08,Mildura,R2 1400m Mdn,2,260829434,101418954,10,Massalia,4,0.0,21.57,1.0,3.75
2026-08-08,Mildura,R3 1100m Mdn,3,260829441,3025363,6,Roughnut,5,0.0,16.0,0.0,3.51
2026-08-08,Mildura,R3 1100m Mdn,3,260829441,75795952,1,Brazen Martini,4,0.0,79.98,0.0,10.5
2026-08-08,Mildura,R3 1100m Mdn,3,260829441,76006734,2,Four On The Floor,3,1.0,10.15,1.0,2.52
2026-08-08,Mildura,R3 1100m Mdn,3,260829441,83604936,4,Mysterious Master,2,0.0,4.67,1.0,1.64
2026-08-08,Mildura,R3 1100m Mdn,3,260829441,101418956,5,Pierre Le Quill,1,0.0,3.21,0.0,1.4
2026-08-08,Mildura,R4 1000m Hcap,4,260829448,865813,3,Popthebubbly,3,0.0,11.86,0.0,5.0
2026-08-08,Mildura,R4 1000m Hcap,4,260829448,4520578,6,The Last Judgement,5,0.0,23.49,0.0,7.8
2026-08-08,Mildura,R4 1000m Hcap,4,260829448,4967093,2,Codename,4,1.0,6.44,1.0,2.58
2026-08-08,Mildura,R4 1000m Hcap,4,260829448,69902305,4,Tornados Sister,2,0.0,4.3,0.0,1.9
2026-08-08,Mildura,R4 1000m Hcap,4,260829448,96966743,1,Surprisatic,1,0.0,2.13,1.0,1.36
2026-08-08,Mildura,R5 2000m Hcap,5,260829455,51332950,9,Fiorente Spritz,5,0.0,15.69,0.0,3.8
2026-08-08,Mildura,R5 2000m Hcap,5,260829455,72720610,3,Eight Under,3,0.0,11.38,0.0,3.05
2026-08-08,Mildura,R5 2000m Hcap,5,260829455,88733192,1,Fonn Power,1,0.0,2.18,1.0,1.26
2026-08-08,Mildura,R5 2000m Hcap,5,260829455,94950343,4,Intuitu,2,0.0,30.0,0.0,6.2
2026-08-08,Mildura,R5 2000m Hcap,5,260829455,101418959,5,Idling Behind,4,0.0,8.2,0.0,2.2
2026-08-08,Mildura,R6 1400m Hcap,6,260829462,46345067,2,Blakmax,5,0.0,14.0,0.0,4.7
2026-08-08,Mildura,R6 1400m Hcap,6,260829462,62432129,5,Hydrogen Power,3,0.0,15.71,0.0,3.8
2026-08-08,Mildura,R6 1400m Hcap,6,260829462,67531625,1,Attain,2,0.0,4.33,0.0,1.99
2026-08-08,Mildura,R6 1400m Hcap,6,260829462,77020193,6,Phoebe Buffay,1,0.0,3.85,1.0,1.78
2026-08-08,Mildura,R6 1400m Hcap,6,260829462,80300715,3,Tyndrum Gold,4,0.0,80.1,0.0,15.81
2026-08-08,Mildura,R7 1200m Hcap,7,260829469,65860716,3,Bower Boy,3,0.0,70.0,0.0,9.6
2026-08-08,Mildura,R7 1200m Hcap,7,260829469,82603653,2,Bakersbend,4,0.0,6.6,1.0,2.19
2026-08-08,Mildura,R7 1200m Hcap,7,260829469,90457600,4,Decanted,1,0.0,3.28,1.0,1.32
2026-08-08,Mildura,R7 1200m Hcap,7,260829469,101418962,1,Orthies Boys,2,1.0,2.66,1.0,1.24
2026-08-08,Mildura,R7 1200m Hcap,7,260829469,101418963,5,Stylish Sparkle,5,0.0,8.54,0.0,2.69
2026-08-08,Morphettville,R3 2057m Hcap,3,260803428,4575443,2,Stirrup Cup,4,0.0,26.53,0.0,4.74
2026-08-08,Morphettville,R3 2057m Hcap,3,260803428,4905528,10,Capulet,1,0.0,44.08,0.0,6.8
2026-08-08,Morphettville,R3 2057m Hcap,3,260803428,61337591,3,Test The Law,3,0.0,43.37,1.0,6.8
2026-08-08,Morphettville,R3 2057m Hcap,3,260803428,84107496,1,Placo,2,0.0,6.85,0.0,2.64
2026-08-08,Morphettville,R3 2057m Hcap,3,260803428,86620739,6,Flash Alice,5,0.0,3.85,0.0,1.82
2026-08-08,Morphettville,R4 1544m CL2,4,260803437,1106488,2,Golden Guru,1,0.0,4.3,0.0,1.94
2026-08-08,Morphettville,R4 1544m CL2,4,260803437,5161536,5,Paganini,5,0.0,8.0,1.0,2.55
2026-08-08,Morphettville,R4 1544m CL2,4,260803437,73991976,11,Magic Island,2,0.0,19.0,0.0,4.87
2026-08-08,Morphettville,R4 1544m CL2,4,260803437,92161117,6,Regal Ripper,3,1.0,4.0,1.0,1.91
2026-08-08,Morphettville,,4,260803437,93278711,7,Impact Storm,4,,,,
2026-08-08,Morphettville,R5 1050m Hcap,5,260803446,30111693,1,Grand Host,4,0.0,6.8,0.0,2.41
2026-08-08,Morphettville,R5 1050m Hcap,5,260803446,51594193,8,Imminance,3,0.0,11.58,0.0,3.0
2026-08-08,Morphettville,R5 1050m Hcap,5,260803446,63085151,6,Extremely Rowdy,1,1.0,4.29,1.0,1.99
2026-08-08,Morphettville,R5 1050m Hcap,5,260803446,70421061,12,One Kind,5,0.0,84.46,0.0,11.23
2026-08-08,Morphettville,R5 1050m Hcap,5,260803446,79738249,5,Miss Cotoletta,2,0.0,4.82,0.0,2.0
2026-08-08,Morphettville,R6 1100m Hcap,6,260803455,61861133,2,Deepfloat Diva,1,0.0,5.41,0.0,1.92
2026-08-08,Morphettville,R6 1100m Hcap,6,260803455,64205553,7,Vexatious Dancer,2,0.0,3.88,0.0,1.85
2026-08-08,Morphettville,R6 1100m Hcap,6,260803455,91354696,8,Light The Night,4,1.0,9.82,1.0,2.82
2026-08-08,Morphettville,R6 1100m Hcap,6,260803455,91432425,1,Bootlegger,5,0.0,16.5,1.0,3.6
2026-08-08,Morphettville,R6 1100m Hcap,6,260803455,100693728,5,Bouncing Beyond,3,0.0,22.08,0.0,4.02
2026-08-08,Morphettville,R7 1200m Grp3,7,260803464,68123676,5,Great Maximus,3,0.0,19.23,0.0,4.28
2026-08-08,Morphettville,R7 1200m Grp3,7,260803464,68123676,5,Great Maximus,4,0.0,19.23,0.0,4.28
2026-08-08,Morphettville,R7 1200m Grp3,7,260803464,70139781,2,Lims Saltoro,5,0.0,20.0,1.0,5.63
2026-08-08,Morphettville,R7 1200m Grp3,7,260803464,74459889,9,Vestas,1,0.0,23.0,0.0,6.33
2026-08-08,Morphettville,R7 1200m Grp3,7,260803464,81812228,3,Sir Now,2,1.0,5.4,1.0,2.1
2026-08-08,Morphettville,R8 1200m Hcap,8,260803473,39000252,5,Cool Magnum,5,0.0,13.0,1.0,3.43
2026-08-08,Morphettville,R8 1200m Hcap,8,260803473,76335247,8,Hooked On Wealth,3,0.0,7.0,0.0,2.22
2026-08-08,Morphettville,R8 1200m Hcap,8,260803473,78464531,7,Daisydoo,2,0.0,6.8,0.0,2.3
2026-08-08,Morphettville,R8 1200m Hcap,8,260803473,100920222,1,Sir Myka,1,0.0,9.2,0.0,3.1
2026-08-08,Morphettville,R8 1200m Hcap,8,260803473,101385091,13,Layin Up,4,0.0,21.85,0.0,5.4
2026-08-08,Morphettville,R9 1600m Hcap,9,260803482,5337143,9,Stolen Kiss,3,0.0,19.12,0.0,5.0
2026-08-08,Morphettville,R9 1600m Hcap,9,260803482,39078059,6,Crown Mint,4,0.0,28.0,0.0,5.94
2026-08-08,Morphettville,R9 1600m Hcap,9,260803482,65519829,10,Spangled Sipper,5,0.0,8.13,0.0,2.45
2026-08-08,Morphettville,R9 1600m Hcap,9,260803482,73991396,4,Wild Winner,2,0.0,73.82,0.0,11.5
2026-08-08,Morphettville,,9,260803482,100019381,15,Rogue Warrior,1,,,,
2026-08-08,Randwick,R5 1600m Hcap,5,260800144,70570815,1,The Creator,3,0.0,19.5,0.0,4.5
2026-08-08,Randwick,R5 1600m Hcap,5,260800144,71403659,8,Kenmare Bay,2,0.0,11.68,0.0,3.03
2026-08-08,Randwick,R5 1600m Hcap,5,260800144,77728645,9,Puntin,5,0.0,9.44,1.0,3.1
2026-08-08,Randwick,R5 1600m Hcap,5,260800144,82895245,7,Warrior For Peace,4,0.0,8.4,0.0,3.24
2026-08-08,Randwick,R5 1600m Hcap,5,260800144,101385070,11,Champagne Hero,1,0.0,4.1,0.0,1.76
2026-08-08,Randwick,R6 1000m Hcap,6,260800153,24128969,1,Beast Mode,2,0.0,5.69,1.0,2.23
2026-08-08,Randwick,R6 1000m Hcap,6,260800153,24128969,1,Beast Mode,3,0.0,5.69,1.0,2.23
2026-08-08,Randwick,R6 1000m Hcap,6,260800153,69129429,4,Celui,5,0.0,26.73,0.0,5.42
2026-08-08,Randwick,R6 1000m Hcap,6,260800153,75392602,8,Amazing Eagle,1,0.0,3.5,1.0,1.92
2026-08-08,Randwick,R6 1000m Hcap,6,260800153,81935687,10,Call Me Gorgeous,4,0.0,6.11,0.0,2.04
2026-08-08,Randwick,R7 1800m Hcap,7,260800162,4386915,14,Boniface,3,0.0,3.7,0.0,1.36
2026-08-08,Randwick,R7 1800m Hcap,7,260800162,4386915,14,Boniface,4,0.0,3.7,0.0,1.36
2026-08-08,Randwick,R7 1800m Hcap,7,260800162,86554680,5,Tazima,2,0.0,2.13,1.0,1.23
2026-08-08,Randwick,R7 1800m Hcap,7,260800162,99731691,1,Eliyass,1,1.0,45.57,1.0,6.63
2026-08-08,Randwick,R7 1800m Hcap,7,260800162,101385073,10,Tuff Tu Mus,5,0.0,55.0,0.0,8.56
2026-08-08,Randwick,R8 1200m Grp2,8,260800171,4150770,2,Ninja,5,1.0,6.33,1.0,1.72
2026-08-08,Randwick,R8 1200m Grp2,8,260800171,71404228,7,Gangsta Granny,2,0.0,4.1,0.0,1.38
2026-08-08,Randwick,R8 1200m Grp2,8,260800171,88069654,3,Napoleonic,4,0.0,9.21,1.0,1.98
2026-08-08,Randwick,R8 1200m Grp2,8,260800171,89886064,4,Midnight Dynamite,3,0.0,15.0,0.0,3.5
2026-08-08,Randwick,R8 1200m Grp2,8,260800171,94984422,1,Angel Capital,1,0.0,2.22,1.0,1.14
2026-08-08,Randwick,R9 1200m Hcap,9,260800180,63084588,12,West Of Dalby,1,0.0,17.68,0.0,5.2
2026-08-08,Randwick,R9 1200m Hcap,9,260800180,77022997,3,Scripted,2,0.0,5.2,0.0,1.79
2026-08-08,Randwick,R9 1200m Hcap,9,260800180,91115310,13,Ernaux,5,1.0,4.6,1.0,1.68
2026-08-08,Randwick,R9 1200m Hcap,9,260800180,91432579,2,Jellicious,3,0.0,11.01,1.0,3.42
2026-08-08,Randwick,R9 1200m Hcap,9,260800180,101385075,1,Mareth,4,0.0,5.55,1.0,1.97
2026-08-08,Randwick,R10 1200m Hcap,10,260800189,2964918,4,Watson,1,0.0,3.01,0.0,1.34
2026-08-08,Randwick,R10 1200m Hcap,10,260800189,56289147,7,Mafia,4,0.0,21.05,0.0,5.5
2026-08-08,Randwick,R10 1200m Hcap,10,260800189,72679686,11,Exit Fee,2,1.0,12.98,1.0,2.68
2026-08-08,Randwick,R10 1200m Hcap,10,260800189,82566364,1,Ready To Shine,5,0.0,19.5,0.0,4.2
2026-08-08,Randwick,R10 1200m Hcap,10,260800189,84629635,3,Columbia Blue,3,0.0,4.7,1.0,1.62
2026-08-08,Toowoomba,R1 1300m CL4,1,260830375,62840354,12,Rubaahy,3,0.0,30.0,0.0,5.82
2026-08-08,Toowoomba,R1 1300m CL4,1,260830375,68568072,4,Oriente,2,0.0,2.56,0.0,1.37
2026-08-08,Toowoomba,R1 1300m CL4,1,260830375,69128398,6,Thunder Award,1,1.0,9.54,1.0,2.46
2026-08-08,Toowoomba,R1 1300m CL4,1,260830375,69161916,11,Change The Deel,4,0.0,10.98,1.0,2.71
2026-08-08,Toowoomba,R1 1300m CL4,1,260830375,100019547,5,Lunar Eight,5,0.0,16.5,0.0,4.0
2026-08-08,Toowoomba,R2 1300m Hcap,2,260830381,55132074,7,Atomic Selfie,3,0.0,14.5,0.0,4.2
2026-08-08,Toowoomba,R2 1300m Hcap,2,260830381,55132074,7,Atomic Selfie,4,0.0,14.5,0.0,4.2
2026-08-08,Toowoomba,R2 1300m Hcap,2,260830381,72679526,12,Brave Emma,5,0.0,14.0,0.0,5.4
2026-08-08,Toowoomba,R2 1300m Hcap,2,260830381,82377192,2,Knowitall Frank,1,0.0,3.34,1.0,1.77
2026-08-08,Toowoomba,R2 1300m Hcap,2,260830381,82377192,2,Knowitall Frank,2,0.0,3.34,1.0,1.77
2026-08-08,Toowoomba,R3 1200m Hcap,3,260830387,52272241,10,Purezza,1,0.0,4.23,0.0,1.56
2026-08-08,Toowoomba,R3 1200m Hcap,3,260830387,57305652,1,The Little Pumper,2,0.0,3.45,0.0,1.47
2026-08-08,Toowoomba,R3 1200m Hcap,3,260830387,57305652,1,The Little Pumper,3,0.0,3.45,0.0,1.47
2026-08-08,Toowoomba,R3 1200m Hcap,3,260830387,71941131,6,Butt Heads,5,0.0,5.94,1.0,1.99
2026-08-08,Toowoomba,R3 1200m Hcap,3,260830387,101418782,11,Rubology,4,1.0,10.0,1.0,2.72
2026-08-08,Toowoomba,R4 1890m CL2,4,260830393,74300662,3,Blumstien,1,0.0,5.9,0.0,2.04
2026-08-08,Toowoomba,R4 1890m CL2,4,260830393,77728695,6,Shot Down By Love,2,0.0,11.78,0.0,2.76
2026-08-08,Toowoomba,R4 1890m CL2,4,260830393,95540805,4,Caitlin,3,0.0,9.51,0.0,3.4
2026-08-08,Toowoomba,R4 1890m CL2,4,260830393,101418783,1,Sealord,5,0.0,8.29,0.0,2.72
2026-08-08,Toowoomba,R4 1890m CL2,4,260830393,101418784,2,Empress Aspen,4,1.0,3.23,1.0,1.67
2026-08-08,Toowoomba,R5 1625m Hcap,5,260830399,27830632,4,The Catch,5,0.0,30.0,0.0,6.0
2026-08-08,Toowoomba,R5 1625m Hcap,5,260830399,41860268,5,Lip Sip Suk,1,0.0,130.0,0.0,17.31
2026-08-08,Toowoomba,R5 1625m Hcap,5,260830399,41860268,5,Lip Sip Suk,2,0.0,130.0,0.0,17.31
2026-08-08,Toowoomba,R5 1625m Hcap,5,260830399,41860268,5,Lip Sip Suk,4,0.0,130.0,0.0,17.31
2026-08-08,Toowoomba,R5 1625m Hcap,5,260830399,73754011,6,Madalsa,2,0.0,6.14,1.0,1.81
2026-08-08,Toowoomba,R5 1625m Hcap,5,260830399,84222600,7,Data Leak,1,0.0,9.56,1.0,2.28
2026-08-08,Toowoomba,R5 1625m Hcap,5,260830399,86099124,2,The Louvre,3,1.0,2.83,1.0,1.55
2026-08-08,Toowoomba,R6 1200m Mdn,6,260830405,72096885,3,Lyrical Gangster,2,0.0,6.4,1.0,1.89
2026-08-08,Toowoomba,R6 1200m Mdn,6,260830405,101418787,7,Lustful Belle,3,0.0,57.87,0.0,7.8
2026-08-08,Toowoomba,R6 1200m Mdn,6,260830405,101418788,8,Markham Miss,4,0.0,23.84,0.0,3.5
2026-08-08,Toowoomba,R6 1200m Mdn,6,260830405,101418788,8,Markham Miss,5,0.0,23.84,0.0,3.5
2026-08-08,Toowoomba,R6 1200m Mdn,6,260830405,101418790,10,Zephyr Song,1,0.0,2.01,0.0,1.39
2026-08-08,Toowoomba,R7 1890m Mdn,7,260830411,76053072,9,Alzurri,4,0.0,6.94,0.0,2.08
2026-08-08,Toowoomba,R7 1890m Mdn,7,260830411,76391390,10,Concador,2,0.0,9.0,0.0,2.94
2026-08-08,Toowoomba,R7 1890m Mdn,7,260830411,81477820,8,Yes Is The Answer,5,0.0,26.0,0.0,6.77
2026-08-08,Toowoomba,R7 1890m Mdn,7,260830411,91748012,1,Acts Alone,3,0.0,39.48,0.0,8.59
2026-08-08,Toowoomba,R7 1890m Mdn,7,260830411,100720856,5,Durness,1,0.0,7.06,1.0,2.53
2026-08-08,Townsville,R2 2000m Hcap,2,260830421,1354419,3,Cardiologist,4,0.0,11.5,0.0,4.81
2026-08-08,Townsville,R2 2000m Hcap,2,260830421,2465385,7,Medal,3,0.0,25.79,1.0,6.0
2026-08-08,Townsville,R2 2000m Hcap,2,260830421,63402894,4,Eagle Warrior,2,0.0,40.0,0.0,9.8
2026-08-08,Townsville,R2 2000m Hcap,2,260830421,78689156,8,Rock The Sunrise,1,0.0,8.0,0.0,3.51
2026-08-08,Townsville,R2 2000m Hcap,2,260830421,100262940,10,Eclipsion,5,0.0,7.0,0.0,2.86
2026-08-08,Townsville,R3 1000m Hcap,3,260830425,1330358,13,Winchester,2,0.0,35.78,0.0,9.4
2026-08-08,Townsville,R3 1000m Hcap,3,260830425,2431759,8,Impressionism,5,0.0,122.97,0.0,24.52
2026-08-08,Townsville,R3 1000m Hcap,3,260830425,78534948,9,Singular,1,0.0,25.0,0.0,6.4
2026-08-08,Townsville,R3 1000m Hcap,3,260830425,84146859,10,Thee Creek,4,1.0,4.4,1.0,2.22
2026-08-08,Townsville,R3 1000m Hcap,3,260830425,88693673,11,Dance For Me Randy,3,0.0,15.75,0.0,4.3
2026-08-08,Townsville,R4 1400m Hcap,4,260830429,73259059,1,Colours Of Autumn,1,0.0,26.0,0.0,5.1
2026-08-08,Townsville,R4 1400m Hcap,4,260830429,75392967,14,Miss Moneypenny,4,0.0,8.52,1.0,2.61
2026-08-08,Townsville,R4 1400m Hcap,4,260830429,79738322,9,Emilia Jane,2,0.0,6.4,0.0,2.6
2026-08-08,Townsville,R4 1400m Hcap,4,260830429,101418981,3,Lowlands,5,0.0,30.0,0.0,7.0
2026-08-08,Townsville,R4 1400m Hcap,4,260830429,101418982,7,Bianca Mia,3,1.0,2.62,1.0,1.67
2026-08-08,Townsville,R5 1609m Qlty,5,260830433,28373647,5,Blackthorn,4,0.0,85.1,0.0,6.4
2026-08-08,Townsville,R5 1609m Qlty,5,260830433,81812416,12,Sweet Pretender,2,0.0,15.19,1.0,2.46
2026-08-08,Townsville,R5 1609m Qlty,5,260830433,92504277,3,Aspen Cowboy,5,0.0,45.37,0.0,4.66
2026-08-08,Townsville,R5 1609m Qlty,5,260830433,100957059,2,Illegal Justice,1,1.0,1.34,1.0,1.09
2026-08-08,Townsville,R5 1609m Qlty,5,260830433,101418989,9,Faraway Downs,3,0.0,42.2,0.0,4.19
2026-08-08,Townsville,R6 2000m Qlty,6,260830437,51455077,4,Mahagoni,3,0.0,11.29,0.0,3.75
2026-08-08,Townsville,R6 2000m Qlty,6,260830437,53447366,1,Quothquan,1,0.0,8.75,0.0,2.74
2026-08-08,Townsville,R6 2000m Qlty,6,260830437,56126856,5,Smart Legend,4,0.0,9.14,0.0,2.88
2026-08-08,Townsville,R6 2000m Qlty,6,260830437,59082797,11,Kureder,2,0.0,230.0,0.0,34.22
2026-08-08,Townsville,R6 2000m Qlty,6,260830437,77688648,6,Leg Drive,5,1.0,5.68,1.0,2.12
2026-08-08,Townsville,R7 1300m Qlty,7,260830441,41601684,3,Yes Dream,5,0.0,33.54,0.0,7.34
2026-08-08,Townsville,R7 1300m Qlty,7,260830441,46240149,4,Northern Pride,2,0.0,187.61,0.0,34.37
2026-08-08,Townsville,R7 1300m Qlty,7,260830441,61337084,1,Speed Legend,4,0.0,63.26,0.0,13.21
2026-08-08,Townsville,R7 1300m Qlty,7,260830441,101419010,13,Tambos Justice,1,1.0,4.86,1.0,1.7
2026-08-08,Townsville,R7 1300m Qlty,7,260830441,101419012,16,Bold Comic,3,0.0,9.2,1.0,3.05
2026-08-08,Townsville,R8 1300m Hcap,8,260830445,24352896,6,Vouchers,4,0.0,22.69,0.0,5.59
2026-08-08,Townsville,R8 1300m Hcap,8,260830445,68450214,5,Tymon,5,0.0,107.55,0.0,18.5
2026-08-08,Townsville,R8 1300m Hcap,8,260830445,76391234,2,Bubblesnfroth,3,0.0,19.5,0.0,4.88
2026-08-08,Townsville,R8 1300m Hcap,8,260830445,81812417,15,Rowdash,2,0.0,180.0,0.0,27.0
2026-08-08,Townsville,R8 1300m Hcap,8,260830445,101419019,10,Navy Kiss,1,0.0,7.68,1.0,2.62
2026-08-09,Ballarat,R3 1200m Mdn,3,260858857,92161187,4,Neville Bartos,4,0.0,10.68,0.0,2.0
2026-08-09,Ballarat,R3 1200m Mdn,3,260858857,92676431,8,Platinum Rush,5,0.0,120.0,1.0,9.0
2026-08-09,Ballarat,R3 1200m Mdn,3,260858857,101420306,5,Winsilence,1,0.0,4.11,0.0,1.27
2026-08-09,Ballarat,R3 1200m Mdn,3,260858857,101420308,7,Offngawn,2,0.0,30.0,0.0,3.45
2026-08-09,Ballarat,R3 1200m Mdn,3,260858857,101420309,10,Gangland,3,0.0,1.69,0.0,1.15
2026-08-09,Ballarat,R4 1000m Mdn,4,260858866,99770301,7,Lady In Red,3,1.0,5.1,1.0,1.72
2026-08-09,Ballarat,R4 1000m Mdn,4,260858866,101420311,1,Ottalaus,1,0.0,4.2,1.0,1.71
2026-08-09,Ballarat,R4 1000m Mdn,4,260858866,101420312,2,Points For Effort,4,0.0,19.39,1.0,4.2
2026-08-09,Ballarat,R4 1000m Mdn,4,260858866,101420315,5,Bourdeto,5,0.0,5.45,0.0,2.08
2026-08-09,Ballarat,R4 1000m Mdn,4,260858866,101420316,6,Champagne Ladies,2,0.0,31.03,0.0,6.99
2026-08-09,Ballarat,,5,260858875,53088557,6,The Gov,4,,,,
2026-08-09,Ballarat,,5,260858875,73721158,3,Strike Gold,3,,,,
2026-08-09,Ballarat,,5,260858875,75436832,1,Helluva Barty,1,,,,
2026-08-09,Ballarat,,5,260858875,101420324,4,Blondies Award,2,,,,
2026-08-09,Ballarat,,5,260858875,101420325,5,Prince Marionette,5,,,,
2026-08-09,Ballarat,,6,260858884,85814358,6,Tomanado,5,,,,
2026-08-09,Ballarat,,6,260858884,92996280,2,Impending War,4,,,,
2026-08-09,Ballarat,,6,260858884,93827000,4,Bonfire Jimmy,1,,,,
2026-08-09,Ballarat,,6,260858884,94688273,7,Starmae,2,,,,
2026-08-09,Ballarat,,6,260858884,101420326,3,Razzo Rosso,3,,,,
2026-08-09,Ballarat,,7,260858893,6445386,6,Garfield,5,,,,
2026-08-09,Ballarat,,7,260858893,70705271,4,Real Alliance,2,,,,
2026-08-09,Ballarat,,7,260858893,75481314,1,Princeofnottingham,1,,,,
2026-08-09,Ballarat,,7,260858893,101420327,2,Takemetothemoon,4,,,,
2026-08-09,Ballarat,,7,260858893,101420328,5,Princess Sakiko,3,,,,
2026-08-09,Ballarat,,8,260858902,1037117,1,Aka Daka,1,,,,
2026-08-09,Ballarat,,8,260858902,3807028,4,Pacific Jewel,5,,,,
2026-08-09,Ballarat,,8,260858902,83641843,5,Slate Ripper,3,,,,
2026-08-09,Ballarat,,8,260858902,87454251,9,Everett,4,,,,
2026-08-09,Ballarat,,8,260858902,101420329,2,Royal Infantry,2,,,,
2026-08-09,Casterton,R3 3800m Stpl,3,260858932,4537025,4,Christmas,1,1.0,4.59,1.0,2.12
2026-08-09,Casterton,R3 3800m Stpl,3,260858932,5643966,2,Lucky Chance,4,0.0,3.1,0.0,1.99
2026-08-09,Casterton,R3 3800m Stpl,3,260858932,6614944,6,Goondiwindi,2,0.0,10.72,0.0,4.03
2026-08-09,Casterton,R3 3800m Stpl,3,260858932,40866311,1,Bazini,3,0.0,16.41,0.0,4.8
2026-08-09,Casterton,R3 3800m Stpl,3,260858932,71903865,5,Nightfall,5,0.0,24.55,0.0,7.2
2026-08-09,Casterton,R4 1200m Hcap,4,260858939,51958135,3,Ambello,5,0.0,4.79,0.0,2.12
2026-08-09,Casterton,R4 1200m Hcap,4,260858939,62633177,1,Hughie,1,1.0,2.68,1.0,1.77
2026-08-09,Casterton,R4 1200m Hcap,4,260858939,72680068,5,Alpinova,2,0.0,23.45,0.0,8.2
2026-08-09,Casterton,R4 1200m Hcap,4,260858939,80718603,2,Belmasai,3,0.0,21.0,0.0,6.2
2026-08-09,Casterton,R4 1200m Hcap,4,260858939,101419474,4,Symphonite,4,0.0,3.29,1.0,1.67
2026-08-09,Casterton,R5 1400m Mdn,5,260858946,96146801,9,War No More,3,0.0,36.0,0.0,4.5
2026-08-09,Casterton,R5 1400m Mdn,5,260858946,99025570,7,The Cable Guy,1,1.0,1.92,1.0,1.12
2026-08-09,Casterton,R5 1400m Mdn,5,260858946,99920700,2,Black Hex,4,0.0,21.0,0.0,3.45
2026-08-09,Casterton,R5 1400m Mdn,5,260858946,101419477,5,Fiorowngood,2,0.0,4.48,1.0,1.39
2026-08-09,Casterton,R5 1400m Mdn,5,260858946,101419480,11,Hill Cry,5,0.0,8.63,1.0,2.32
2026-08-09,Casterton,R6 1400m Hcap,6,260858953,1326264,5,Gargantuan,1,0.0,9.33,0.0,2.65
2026-08-09,Casterton,R6 1400m Hcap,6,260858953,51918399,3,Dark Harmony,4,0.0,4.7,0.0,1.74
2026-08-09,Casterton,R6 1400m Hcap,6,260858953,68091503,4,Mr Charismatic,3,0.0,6.6,1.0,2.25
2026-08-09,Casterton,R6 1400m Hcap,6,260858953,72444785,6,State Of Maine,2,0.0,3.46,0.0,1.42
2026-08-09,Casterton,R6 1400m Hcap,6,260858953,88464854,2,Stan Tough,5,0.0,38.0,0.0,7.4
2026-08-09,Casterton,R7 2000m Hcap,7,260858960,65052282,5,Smokin Rohie,3,0.0,4.19,1.0,1.72
2026-08-09,Casterton,R7 2000m Hcap,7,260858960,75797287,3,Flying Shelby,5,0.0,25.54,0.0,5.56
2026-08-09,Casterton,R7 2000m Hcap,7,260858960,76053739,6,Tudaya,2,0.0,13.6,0.0,4.1
2026-08-09,Casterton,R7 2000m Hcap,7,260858960,78944530,2,Digari,1,0.0,5.6,0.0,1.97
2026-08-09,Casterton,R7 2000m Hcap,7,260858960,97279738,10,I Could Do Better,4,1.0,15.61,1.0,4.4
2026-08-09,Kalgoorlie,R1 2132m Hcap,1,260858465,74040417,1,Omerta Grace,1,0.0,2.02,0.0,1.39
2026-08-09,Kalgoorlie,R1 2132m Hcap,1,260858465,77689051,6,The Candy Kid,4,1.0,12.5,1.0,4.0
2026-08-09,Kalgoorlie,R1 2132m Hcap,1,260858465,90286905,3,Jayashree,2,0.0,7.22,0.0,2.78
2026-08-09,Kalgoorlie,R1 2132m Hcap,1,260858465,99770466,2,Ideally,3,0.0,4.7,1.0,2.27
2026-08-09,Kalgoorlie,R1 2132m Hcap,1,260858465,101419853,4,Electric Bec,5,0.0,16.0,0.0,5.62
2026-08-09,Kalgoorlie,R2 1621m Mdn,2,260858469,85982330,8,Shimari,5,0.0,30.0,0.0,6.6
2026-08-09,Kalgoorlie,R2 1621m Mdn,2,260858469,88111784,1,Prince Of Bondi,2,0.0,8.21,1.0,2.12
2026-08-09,Kalgoorlie,R2 1621m Mdn,2,260858469,96938735,3,Mad Spitfire,4,1.0,9.16,1.0,2.1
2026-08-09,Kalgoorlie,R2 1621m Mdn,2,260858469,99142324,2,Lord Momo,1,0.0,2.52,0.0,1.36
2026-08-09,Kalgoorlie,R2 1621m Mdn,2,260858469,99770459,7,Gold Lilly,3,0.0,9.12,0.0,2.74
2026-08-09,Kalgoorlie,R3 1100m Mdn,3,260858473,94689316,10,Sippa Spritz,1,0.0,2.98,0.0,1.57
2026-08-09,Kalgoorlie,R3 1100m Mdn,3,260858473,101419855,3,Cobar Sky,5,0.0,14.14,0.0,3.6
2026-08-09,Kalgoorlie,R3 1100m Mdn,3,260858473,101419856,4,Vivalda,2,0.0,4.55,1.0,1.82
2026-08-09,Kalgoorlie,R3 1100m Mdn,3,260858473,101419857,6,Our Enchantress,3,0.0,11.31,0.0,3.05
2026-08-09,Kalgoorlie,R3 1100m Mdn,3,260858473,101419858,9,Dance Version,4,1.0,11.2,1.0,3.35
2026-08-09,Kalgoorlie,R4 1621m Hcap,4,260858477,26584142,2,Magic Will Reign,2,0.0,5.99,1.0,1.95
2026-08-09,Kalgoorlie,R4 1621m Hcap,4,260858477,68091263,3,Norwoods,3,0.0,19.57,0.0,4.84
2026-08-09,Kalgoorlie,R4 1621m Hcap,4,260858477,73793141,6,I Never Dreamed,5,0.0,4.16,1.0,1.77
2026-08-09,Kalgoorlie,R4 1621m Hcap,4,260858477,91390688,8,Rivercrest Magic,4,0.0,7.76,0.0,2.3
2026-08-09,Kalgoorlie,R4 1621m Hcap,4,260858477,101419861,5,Five Down,1,1.0,3.58,1.0,1.62
2026-08-09,Kalgoorlie,R5 1760m CL2,5,260858481,5743202,3,Batista,5,0.0,7.7,0.0,2.23
2026-08-09,Kalgoorlie,R5 1760m CL2,5,260858481,7015210,1,Must Be Nice,1,1.0,2.64,1.0,1.27
2026-08-09,Kalgoorlie,R5 1760m CL2,5,260858481,91432854,5,Subtle Power,3,0.0,10.0,0.0,2.38
2026-08-09,Kalgoorlie,R5 1760m CL2,5,260858481,100957750,4,Eternally Yours,4,0.0,26.42,0.0,5.15
2026-08-09,Kalgoorlie,R5 1760m CL2,5,260858481,101419862,2,Gold Enigma,2,0.0,3.6,0.0,1.59
2026-08-09,Kalgoorlie,R6 1400m Hcap,6,260858485,2997442,4,Tacito,5,0.0,21.82,0.0,7.0
2026-08-09,Kalgoorlie,R6 1400m Hcap,6,260858485,55494739,7,Playing Games,3,0.0,8.48,0.0,4.0
2026-08-09,Kalgoorlie,R6 1400m Hcap,6,260858485,70580537,3,Crunchy Nut,4,0.0,14.0,0.0,5.6
2026-08-09,Kalgoorlie,R6 1400m Hcap,6,260858485,74745332,6,Rainline,1,1.0,3.05,1.0,1.94
2026-08-09,Kalgoorlie,R6 1400m Hcap,6,260858485,85017416,1,The Jesters Son,2,0.0,13.04,1.0,5.47
2026-08-09,Kalgoorlie,R7 1200m Hcap,7,260858490,70892054,9,Spangledstar,3,1.0,36.9,1.0,6.85
2026-08-09,Kalgoorlie,R7 1200m Hcap,7,260858490,73483208,1,Science Degree,2,0.0,6.86,0.0,2.44
2026-08-09,Kalgoorlie,R7 1200m Hcap,7,260858490,85813994,7,Gibraltar Gold,1,0.0,4.92,0.0,2.15
2026-08-09,Kalgoorlie,R7 1200m Hcap,7,260858490,97450598,10,Dancewithme,4,0.0,11.82,1.0,3.83
2026-08-09,Kalgoorlie,R7 1200m Hcap,7,260858490,101419863,14,Simply Royalty,5,0.0,57.1,0.0,12.95
2026-08-09,Kalgoorlie,R8 1400m CL2,8,260858494,88420138,9,Acoustic Bubbles,5,0.0,19.83,0.0,4.98
2026-08-09,Kalgoorlie,R8 1400m CL2,8,260858494,100957756,1,Morf,2,0.0,12.5,0.0,4.1
2026-08-09,Kalgoorlie,R8 1400m CL2,8,260858494,101419864,7,Buon Amici,4,0.0,12.0,0.0,3.55
2026-08-09,Kalgoorlie,R8 1400m CL2,8,260858494,101419865,8,Viresha,3,0.0,21.2,0.0,5.4
2026-08-09,Kalgoorlie,R8 1400m CL2,8,260858494,101419866,11,White Hot,1,0.0,5.71,0.0,2.58
2026-08-09,Muswellbrook,R2 1280m Mdn,2,260859127,3921601,1,Im Flexible,1,0.0,9.2,0.0,2.86
2026-08-09,Muswellbrook,R2 1280m Mdn,2,260859127,82895286,5,Nulkaba Star,2,1.0,4.09,1.0,1.65
2026-08-09,Muswellbrook,R2 1280m Mdn,2,260859127,83409394,8,Zo Frilling,4,0.0,60.0,0.0,9.01
2026-08-09,Muswellbrook,R2 1280m Mdn,2,260859127,101163136,6,Shakespeares Girl,5,0.0,5.5,0.0,1.86
2026-08-09,Muswellbrook,R2 1280m Mdn,2,260859127,101418695,4,Tralee,3,0.0,11.49,1.0,2.61
2026-08-09,Muswellbrook,R3 1000m Mdn,3,260859130,97763292,2,Mr Cornstar,4,1.0,7.6,1.0,2.22
2026-08-09,Muswellbrook,R3 1000m Mdn,3,260859130,100660607,8,Bascilica Babe,5,0.0,7.0,0.0,2.18
2026-08-09,Muswellbrook,R3 1000m Mdn,3,260859130,101418698,4,Elska,1,0.0,3.65,1.0,1.66
2026-08-09,Muswellbrook,R3 1000m Mdn,3,260859130,101418699,5,Magatama,3,0.0,16.0,0.0,3.33
2026-08-09,Muswellbrook,R3 1000m Mdn,3,260859130,101418702,9,Cool Art,2,0.0,23.0,0.0,5.6
2026-08-09,Muswellbrook,R4 1280m Hcap,4,260859133,5114838,5,Coella,5,0.0,24.0,0.0,4.2
2026-08-09,Muswellbrook,R4 1280m Hcap,4,260859133,83940272,6,Lune Dexcellence,4,0.0,18.0,1.0,3.24
2026-08-09,Muswellbrook,R4 1280m Hcap,4,260859133,87858232,1,Maid In Dubai,2,0.0,18.48,0.0,4.2
2026-08-09,Muswellbrook,R4 1280m Hcap,4,260859133,101418703,2,Purple Rose,3,1.0,3.04,1.0,1.37
2026-08-09,Muswellbrook,R4 1280m Hcap,4,260859133,101418705,4,Wootten It Be Nice,1,0.0,2.74,0.0,1.24
2026-08-09,Muswellbrook,R5 1000m CL1,5,260859136,77081955,4,Archaic Force,2,0.0,26.61,0.0,3.4
2026-08-09,Muswellbrook,R5 1000m CL1,5,260859136,88419513,5,City Gold Speed,4,0.0,16.63,1.0,2.14
2026-08-09,Muswellbrook,R5 1000m CL1,5,260859136,100956941,1,Manoora,1,0.0,1.62,1.0,1.13
2026-08-09,Muswellbrook,R5 1000m CL1,5,260859136,101418706,2,Beyond The Sky,3,0.0,8.29,0.0,2.04
2026-08-09,Muswellbrook,R5 1000m CL1,5,260859136,101418707,3,Bellerata,5,1.0,5.7,1.0,1.6
2026-08-09,Muswellbrook,R6 1500m Hcap,6,260859139,43204157,6,Strobing,4,0.0,12.24,0.0,2.8
2026-08-09,Muswellbrook,R6 1500m Hcap,6,260859139,84222280,9,Incantress,2,0.0,12.6,0.0,4.9
2026-08-09,Muswellbrook,R6 1500m Hcap,6,260859139,91748120,5,Unreal Expectation,1,0.0,2.4,1.0,1.3
2026-08-09,Muswellbrook,R6 1500m Hcap,6,260859139,101418708,3,Invasive Dreams,5,1.0,6.8,1.0,1.95
2026-08-09,Muswellbrook,R6 1500m Hcap,6,260859139,101418709,8,Hinune,3,0.0,4.64,0.0,1.57
2026-08-09,Muswellbrook,R7 1000m Hcap,7,260859142,602019,2,Occult,5,0.0,4.4,0.0,1.28
2026-08-09,Muswellbrook,R7 1000m Hcap,7,260859142,2251063,6,Debussy,3,0.0,101.04,0.0,9.8
2026-08-09,Muswellbrook,R7 1000m Hcap,7,260859142,2485971,4,Cresta Run,2,0.0,5.9,1.0,1.5
2026-08-09,Muswellbrook,R7 1000m Hcap,7,260859142,72200174,10,Sapphire Kiss,4,0.0,24.63,0.0,2.72
2026-08-09,Muswellbrook,R7 1000m Hcap,7,260859142,73482819,1,Wherestheprofit,1,1.0,2.08,1.0,1.26
2026-08-09,Nowra,R1 1100m Mdn,1,260881545,7589511,4,Thirsty For More,1,0.0,36.0,0.0,5.9
2026-08-09,Sunshine Coast,R3 1600m CL4,3,260857101,54867160,2,Seneschal,2,0.0,3.68,0.0,1.43
2026-08-09,Sunshine Coast,R3 1600m CL4,3,260857101,59354753,7,Ready Azz Eva,5,0.0,7.11,1.0,1.77
2026-08-09,Sunshine Coast,R3 1600m CL4,3,260857101,66331393,1,Rock Hard Love,1,0.0,2.68,1.0,1.24
2026-08-09,Sunshine Coast,R3 1600m CL4,3,260857101,79066152,5,Mostro,4,0.0,45.34,0.0,6.7
2026-08-09,Sunshine Coast,R3 1600m CL4,3,260857101,101419494,4,Jemoma Alpilage,3,0.0,7.59,0.0,1.94
2026-08-09,Sunshine Coast,R4 1800m Hcap,4,260857105,2564021,3,Cigar Man,3,0.0,7.8,0.0,2.3
2026-08-09,Sunshine Coast,R4 1800m Hcap,4,260857105,61371882,4,Whatjeudoin,5,0.0,14.0,0.0,3.05
2026-08-09,Sunshine Coast,R4 1800m Hcap,4,260857105,74227772,1,Smart As Smart,2,0.0,6.4,1.0,1.97
2026-08-09,Sunshine Coast,R4 1800m Hcap,4,260857105,99171947,8,Makamae,1,0.0,2.74,1.0,1.49
2026-08-09,Sunshine Coast,R4 1800m Hcap,4,260857105,101419495,7,Kaffir Lily,4,0.0,7.17,0.0,2.16
2026-08-09,Sunshine Coast,R5 1200m Mdn,5,260857109,916280,1,Eddington,3,0.0,7.8,0.0,2.5
2026-08-09,Sunshine Coast,R5 1200m Mdn,5,260857109,2266494,7,Summer Sensation,1,0.0,3.3,1.0,1.58
2026-08-09,Sunshine Coast,R5 1200m Mdn,5,260857109,101184061,4,Enuff Torque,5,0.0,120.0,0.0,21.0
2026-08-09,Sunshine Coast,R5 1200m Mdn,5,260857109,101419501,9,Ember Royale,2,0.0,4.25,0.0,1.79
2026-08-09,Sunshine Coast,R5 1200m Mdn,5,260857109,101419505,14,Hit A Lick,4,0.0,120.0,1.0,13.48
2026-08-09,Sunshine Coast,R6 1000m Hcap,6,260857113,41408701,2,Maximum Output,5,0.0,7.93,0.0,2.68
2026-08-09,Sunshine Coast,R6 1000m Hcap,6,260857113,42335997,7,Thelwell,2,0.0,4.7,1.0,1.72
2026-08-09,Sunshine Coast,R6 1000m Hcap,6,260857113,49332175,6,Wondereach,1,0.0,3.39,0.0,1.72
2026-08-09,Sunshine Coast,R6 1000m Hcap,6,260857113,63084228,3,Holy Racket,3,0.0,20.16,0.0,5.1
2026-08-09,Sunshine Coast,R6 1000m Hcap,6,260857113,70421273,1,Chakra Boy,4,1.0,10.58,1.0,3.15
2026-08-09,Sunshine Coast,R7 1400m CL1,7,260857117,59768214,9,Exceed Perfection,3,0.0,8.4,0.0,2.98
2026-08-09,Sunshine Coast,R7 1400m CL1,7,260857117,68323022,3,Adranos,1,0.0,5.9,1.0,2.33
2026-08-09,Sunshine Coast,R7 1400m CL1,7,260857117,78756185,7,Divine Justice,2,0.0,7.63,0.0,2.41
2026-08-09,Sunshine Coast,R7 1400m CL1,7,260857117,92417690,4,Cantarito,4,0.0,10.25,1.0,2.93
2026-08-09,Sunshine Coast,R7 1400m CL1,7,260857117,92996531,13,Vanzadee,5,0.0,17.12,0.0,4.8
2026-08-09,Sunshine Coast,R8 1200m Hcap,8,260857121,3640330,10,Lady Windermere,4,0.0,17.5,1.0,3.8
2026-08-09,Sunshine Coast,R8 1200m Hcap,8,260857121,72680302,1,Limero,1,0.0,18.0,0.0,3.47
2026-08-09,Sunshine Coast,R8 1200m Hcap,8,260857121,97480663,13,Kelanoa,2,0.0,23.0,0.0,4.42
2026-08-09,Sunshine Coast,R8 1200m Hcap,8,260857121,101419510,5,Yes Donald Yes,3,0.0,2.76,1.0,1.46
2026-08-09,Sunshine Coast,R8 1200m Hcap,8,260857121,101419514,15,Starsarise,5,0.0,14.33,0.0,3.3
2026-08-10,Dubbo,R1 1320m Mdn,1,260880636,1129055,2,Prince Of Steel,3,0.0,55.73,0.0,9.54
2026-08-10,Dubbo,R1 1320m Mdn,1,260880636,76389153,7,Bloomin Hell,2,0.0,7.8,1.0,1.75
2026-08-10,Dubbo,R1 1320m Mdn,1,260880636,93320753,1,Media Spin,4,1.0,2.5,1.0,1.2
2026-08-10,Dubbo,R1 1320m Mdn,1,260880636,101418904,5,Herr Fritz,1,0.0,3.72,0.0,1.51
2026-08-10,Dubbo,R1 1320m Mdn,1,260880636,101418905,9,Forwarding,5,0.0,15.79,1.0,3.67
2026-08-10,Dubbo,R2 1120m Mdn,2,260880639,86275894,8,Midnight In Minori,1,1.0,5.7,1.0,2.3
2026-08-10,Dubbo,R2 1120m Mdn,2,260880639,101418907,2,Finance Work,4,0.0,6.53,0.0,2.04
2026-08-10,Dubbo,R2 1120m Mdn,2,260880639,101418909,4,Rewarding Mission,5,0.0,23.0,0.0,5.0
2026-08-10,Dubbo,R2 1120m Mdn,2,260880639,101418910,5,Spectacular Star,2,0.0,65.13,0.0,8.21
2026-08-10,Dubbo,R2 1120m Mdn,2,260880639,101418911,6,The Last Romanov,3,0.0,6.2,1.0,2.1
2026-08-10,Dubbo,R3 1620m Hcap,3,260880642,49244133,6,Ferrari Man,3,0.0,14.12,0.0,4.33
2026-08-10,Dubbo,R3 1620m Hcap,3,260880642,71404004,13,Commando Jack,4,0.0,12.5,0.0,3.31
2026-08-10,Dubbo,R3 1620m Hcap,3,260880642,85017472,7,Casterly Rock,5,0.0,50.87,0.0,9.09
2026-08-10,Dubbo,R3 1620m Hcap,3,260880642,89707896,4,Grande Diablo,1,0.0,9.6,1.0,2.88
2026-08-10,Dubbo,R3 1620m Hcap,3,260880642,99493321,1,Boncapo,2,0.0,2.81,1.0,1.5
2026-08-10,Dubbo,R4 1120m Hcap,4,260880645,2127710,1,Street Parade,1,0.0,9.62,0.0,3.16
2026-08-10,Dubbo,R4 1120m Hcap,4,260880645,62869313,2,Rothgate,2,0.0,12.0,0.0,3.35
2026-08-10,Dubbo,R4 1120m Hcap,4,260880645,77385782,9,Billabong Rose,5,0.0,70.0,1.0,11.5
2026-08-10,Dubbo,R4 1120m Hcap,4,260880645,86933954,7,Panta Rhei,3,0.0,5.8,0.0,2.08
2026-08-10,Dubbo,R4 1120m Hcap,4,260880645,101418919,8,Imastatement,4,0.0,15.0,0.0,3.9
2026-08-10,Dubbo,R5 1120m Hcap,5,260880648,59995075,6,Macchina Volante,5,0.0,170.0,0.0,22.2
2026-08-10,Dubbo,R5 1120m Hcap,5,260880648,73754236,4,Wave Breaker,4,0.0,10.5,1.0,2.39
2026-08-10,Dubbo,R5 1120m Hcap,5,260880648,77386539,7,Fetes Des Meres,1,0.0,5.2,0.0,1.98
2026-08-10,Dubbo,R5 1120m Hcap,5,260880648,101418924,11,Prince Of Sepang,2,0.0,17.91,0.0,3.8
2026-08-10,Dubbo,R5 1120m Hcap,5,260880648,101418926,13,Enniroc,3,0.0,6.8,0.0,2.17
2026-08-10,Dubbo,R6 1420m CL2,6,260880651,51360576,1,Proper Twelve,2,0.0,3.51,0.0,1.61
2026-08-10,Dubbo,R6 1420m CL2,6,260880651,60304934,11,Dreymon,5,0.0,9.4,1.0,2.36
2026-08-10,Dubbo,R6 1420m CL2,6,260880651,74814081,6,Jenni La Rock,3,0.0,11.37,0.0,2.92
2026-08-10,Dubbo,R6 1420m CL2,6,260880651,91060790,7,Vendor,1,0.0,9.8,0.0,2.39
2026-08-10,Dubbo,R6 1420m CL2,6,260880651,99531512,2,De Joker,4,0.0,3.75,0.0,1.55
2026-08-10,Dubbo,R7 1420m Cup,7,260880654,48702028,4,Jacenza,4,0.0,34.0,0.0,7.52
2026-08-10,Dubbo,R7 1420m Cup,7,260880654,63363670,5,Shamedy,1,0.0,6.64,0.0,2.41
2026-08-10,Dubbo,R7 1420m Cup,7,260880654,85982006,6,Hibiki Harmony,2,0.0,7.0,0.0,3.05
2026-08-10,Dubbo,R7 1420m Cup,7,260880654,91432330,14,Red Beryl,3,0.0,50.0,1.0,7.57
2026-08-10,Dubbo,R7 1420m Cup,7,260880654,101101135,10,Navy Steel,5,1.0,5.17,1.0,2.48
2026-08-10,Kilcoy,,1,260882889,5245906,1,Avgas,2,,,,
2026-08-10,Kilcoy,R1 1200m 3yo,1,260882889,100292830,9,Miss Informed,3,0.0,5.04,1.0,1.71
2026-08-10,Kilcoy,R1 1200m 3yo,1,260882889,100632115,8,Mishani Cabello,4,0.0,3.96,1.0,1.67
2026-08-10,Kilcoy,R1 1200m 3yo,1,260882889,101419610,4,Formal Affair,5,0.0,2.45,0.0,1.4
2026-08-10,Kilcoy,R1 1200m 3yo,1,260882889,101419612,7,La Premiere,1,1.0,3.45,1.0,1.49
2026-08-10,Kilcoy,R2 1900m Hcap,2,260882893,62136066,5,Ocaldino,2,0.0,5.83,0.0,1.76
2026-08-10,Kilcoy,R2 1900m Hcap,2,260882893,72916043,6,Trusty Bandit,3,1.0,2.14,1.0,1.25
2026-08-10,Kilcoy,R2 1900m Hcap,2,260882893,73370873,4,Cheerful Cat,1,0.0,8.0,1.0,1.9
2026-08-10,Kilcoy,R2 1900m Hcap,2,260882893,75966738,9,Ucelle,4,0.0,19.5,1.0,3.69
2026-08-10,Kilcoy,R2 1900m Hcap,2,260882893,100920019,3,Social Pariah,5,0.0,90.0,0.0,13.0
2026-08-10,Kilcoy,R3 1500m Hcap,3,260882897,58600672,2,Drialle,3,1.0,3.87,1.0,1.45
2026-08-10,Kilcoy,R3 1500m Hcap,3,260882897,82117734,8,Brooklyn Daisy,4,0.0,10.26,0.0,2.3
2026-08-10,Kilcoy,R3 1500m Hcap,3,260882897,83677434,5,Uluwatu,2,0.0,9.78,1.0,2.02
2026-08-10,Kilcoy,R3 1500m Hcap,3,260882897,85319985,6,Shape Of Water,5,0.0,7.02,0.0,1.94
2026-08-10,Kilcoy,R3 1500m Hcap,3,260882897,88651181,4,Vacillation,1,0.0,2.27,1.0,1.19
2026-08-10,Kilcoy,R4 1500m Mdn,4,260882901,84374223,11,Happy Coffee,3,0.0,26.0,0.0,4.47
2026-08-10,Kilcoy,R4 1500m Mdn,4,260882901,96495726,4,Rubicks Shadow,5,0.0,12.04,1.0,2.28
2026-08-10,Kilcoy,R4 1500m Mdn,4,260882901,100232221,1,Bartle Frere,4,0.0,5.4,1.0,1.58
2026-08-10,Kilcoy,R4 1500m Mdn,4,260882901,100957696,2,Shrewdness,2,0.0,16.5,0.0,3.27
2026-08-10,Kilcoy,R4 1500m Mdn,4,260882901,101419614,3,Enjector,1,0.0,1.82,0.0,1.12
2026-08-10,Kilcoy,R5 1500m CL1,5,260882905,90604597,5,Brain Wave,1,1.0,3.2,1.0,1.5
2026-08-10,Kilcoy,R5 1500m CL1,5,260882905,94779995,9,Skieda,2,0.0,17.67,1.0,3.63
2026-08-10,Kilcoy,R5 1500m CL1,5,260882905,98483139,12,Roxset,5,0.0,38.0,0.0,6.2
2026-08-10,Kilcoy,R5 1500m CL1,5,260882905,99242250,8,Piggietales,3,0.0,12.57,0.0,3.09
2026-08-10,Kilcoy,R5 1500m CL1,5,260882905,101419620,11,Lord Danilo,4,0.0,9.2,1.0,2.4
2026-08-10,Kilcoy,R6 1200m Hcap,6,260882909,44144267,5,Uncle Russ,4,0.0,92.6,0.0,12.75
2026-08-10,Kilcoy,R6 1200m Hcap,6,260882909,86389055,1,Whispering Rogue,2,0.0,3.63,1.0,1.3
2026-08-10,Kilcoy,R6 1200m Hcap,6,260882909,86933766,8,Zaindara,5,0.0,16.5,0.0,2.68
2026-08-10,Kilcoy,R6 1200m Hcap,6,260882909,97242358,4,Esprit Du Jour,1,0.0,2.0,1.0,1.16
2026-08-10,Kilcoy,R6 1200m Hcap,6,260882909,98146409,11,Usual Limits,3,0.0,21.4,0.0,3.6
2026-08-10,Kilcoy,R7 1200m Hcap,7,260882913,2848228,1,Copper Star,4,0.0,4.98,1.0,1.97
2026-08-10,Kilcoy,R7 1200m Hcap,7,260882913,63026449,5,Duke Of Lancaster,2,0.0,28.15,0.0,5.7
2026-08-10,Kilcoy,R7 1200m Hcap,7,260882913,81264559,13,Roaring Success,1,0.0,7.8,0.0,2.31
2026-08-10,Kilcoy,R7 1200m Hcap,7,260882913,97480445,6,Skellig Rock,5,0.0,9.93,0.0,2.94
2026-08-10,Kilcoy,R7 1200m Hcap,7,260882913,101419626,15,Calvary,3,1.0,7.6,1.0,2.46
2026-08-10,Nowra,R1 1100m Mdn,1,260881545,2166109,8,Power Hungry,4,0.0,4.8,1.0,1.58
2026-08-10,Nowra,R1 1100m Mdn,1,260881545,7589511,4,Thirsty For More,3,0.0,36.0,0.0,5.9
2026-08-10,Nowra,R1 1100m Mdn,1,260881545,79066121,10,Stock Road,5,0.0,13.78,0.0,3.3
2026-08-10,Nowra,R1 1100m Mdn,1,260881545,100454686,1,Pariah Time,2,0.0,4.21,1.0,1.63
2026-08-10,Nowra,R1 1100m Mdn,1,260881545,101418514,2,Life Young Ever,1,0.0,3.74,0.0,1.46
2026-08-10,Nowra,R2 1400m Mdn,2,260881548,21944529,1,Aquilino,3,0.0,20.0,1.0,3.03
2026-08-10,Nowra,R2 1400m Mdn,2,260881548,76430806,4,Step Quick,1,0.0,25.98,0.0,2.96
2026-08-10,Nowra,R2 1400m Mdn,2,260881548,100919849,11,Nikita Zou,4,0.0,45.75,1.0,5.1
2026-08-10,Nowra,R2 1400m Mdn,2,260881548,101418518,5,Belleistic Bonny,5,0.0,12.5,0.0,2.4
2026-08-10,Nowra,R2 1400m Mdn,2,260881548,101418519,9,Rockabye Roxy,2,1.0,1.55,1.0,1.12
2026-08-10,Nowra,R3 1000m Hcap,3,260881551,13218834,1,Getty,3,0.0,13.5,1.0,3.95
2026-08-10,Nowra,R3 1000m Hcap,3,260881551,68414350,5,Vereeva,5,0.0,14.5,1.0,3.5
2026-08-10,Nowra,R3 1000m Hcap,3,260881551,73220577,4,Drama Dodger,2,0.0,8.81,0.0,2.6
2026-08-10,Nowra,R3 1000m Hcap,3,260881551,75392042,3,Abstruse,1,1.0,3.67,1.0,1.54
2026-08-10,Nowra,R3 1000m Hcap,3,260881551,101418521,6,Dancing Mumma,4,0.0,15.0,0.0,3.94
2026-08-10,Nowra,R4 1600m Hcap,4,260881554,51414232,8,More Mischief,5,0.0,14.73,0.0,3.47
2026-08-10,Nowra,R4 1600m Hcap,4,260881554,67530552,11,Aranese,2,0.0,8.0,1.0,2.52
2026-08-10,Nowra,R4 1600m Hcap,4,260881554,80170612,5,That A Boy,3,0.0,28.68,0.0,8.0
2026-08-10,Nowra,R4 1600m Hcap,4,260881554,82857047,3,Tillstrom,4,0.0,8.97,0.0,3.1
2026-08-10,Nowra,R4 1600m Hcap,4,260881554,101418522,4,Fierceness,1,1.0,3.4,1.0,2.0
2026-08-10,Nowra,R5 1200m CL1,5,260881557,3935341,9,Costalivin,3,0.0,21.14,0.0,4.43
2026-08-10,Nowra,R5 1200m CL1,5,260881557,83313034,3,Ellismayne,2,0.0,4.6,1.0,1.63
2026-08-10,Nowra,R5 1200m CL1,5,260881557,87805367,6,Tessy Tee,4,0.0,11.03,0.0,2.39
2026-08-10,Nowra,R5 1200m CL1,5,260881557,95069359,7,Zougotme,5,0.0,19.58,0.0,3.46
2026-08-10,Nowra,R5 1200m CL1,5,260881557,101418526,8,Zou Force,1,1.0,3.15,1.0,1.68
2026-08-10,Nowra,R6 1100m Mdn,6,260881560,8361128,7,Bright Promise,5,1.0,9.0,1.0,2.32
2026-08-10,Nowra,R6 1100m Mdn,6,260881560,74538032,1,Alabama Charm,2,0.0,9.2,1.0,2.22
2026-08-10,Nowra,R6 1100m Mdn,6,260881560,89034845,6,Zinger,1,0.0,2.44,1.0,1.24
2026-08-10,Nowra,R6 1100m Mdn,6,260881560,98482381,4,Kapolei,4,0.0,4.91,0.0,1.98
2026-08-10,Nowra,R6 1100m Mdn,6,260881560,100721361,15,Denises Gal,3,0.0,24.0,0.0,3.46
2026-08-10,Nowra,R7 1400m Hcap,7,260881563,51636204,14,Karuta King,4,0.0,84.17,0.0,18.82
2026-08-10,Nowra,R7 1400m Hcap,7,260881563,67039336,1,A Book Of Days,2,0.0,23.0,0.0,5.05
2026-08-10,Nowra,R7 1400m Hcap,7,260881563,91485040,11,Shuttering,3,0.0,23.16,0.0,5.4
2026-08-10,Nowra,R7 1400m Hcap,7,260881563,101418533,2,Diamond Frost,5,1.0,19.5,1.0,4.1
2026-08-10,Nowra,R7 1400m Hcap,7,260881563,101418534,3,Royaltown,1,0.0,3.7,1.0,1.95
2026-08-10,Pakenham,R1 1200m Mdn,1,260883376,7590366,4,Liquid Asset,2,0.0,8.2,0.0,2.29
2026-08-10,Pakenham,R1 1200m Mdn,1,260883376,101386277,1,Crudens Tycoon,5,1.0,10.71,1.0,2.9
2026-08-10,Pakenham,R1 1200m Mdn,1,260883376,101451698,2,Hoi Village,4,0.0,24.87,0.0,5.0
2026-08-10,Pakenham,R1 1200m Mdn,1,260883376,101451702,7,Into The Music,3,0.0,11.58,0.0,2.98
2026-08-10,Pakenham,R1 1200m Mdn,1,260883376,101451703,8,Mirador,1,0.0,7.6,1.0,2.53
2026-08-10,Pakenham,R2 1400m Mdn,2,260883384,101328446,1,Activating,5,0.0,38.0,0.0,8.0
2026-08-10,Pakenham,R2 1400m Mdn,2,260883384,101328448,3,Crusading Knight,3,0.0,8.0,0.0,2.45
2026-08-10,Pakenham,R2 1400m Mdn,2,260883384,101451704,4,Utopic Future,4,1.0,15.5,1.0,3.81
2026-08-10,Pakenham,R2 1400m Mdn,2,260883384,101451705,5,La Reina Vega,1,0.0,1.38,1.0,1.14
2026-08-10,Pakenham,R2 1400m Mdn,2,260883384,101451706,6,Lady Puissance,2,0.0,19.5,0.0,4.04
2026-08-10,Pakenham,R3 1400m Mdn,3,260883392,9525426,4,Rip Current,2,1.0,5.35,1.0,2.0
2026-08-10,Pakenham,R3 1400m Mdn,3,260883392,101451707,1,Doublet,4,0.0,13.0,1.0,3.66
2026-08-10,Pakenham,R3 1400m Mdn,3,260883392,101451710,7,Auroras Belt,5,0.0,23.0,0.0,5.54
2026-08-10,Pakenham,R3 1400m Mdn,3,260883392,101451711,9,Peace Seeker,3,0.0,4.57,0.0,1.91
2026-08-10,Pakenham,R3 1400m Mdn,3,260883392,101451712,10,Hakusan,1,0.0,10.0,0.0,3.01
2026-08-10,Pakenham,R4 1600m Mdn,4,260883400,80569538,3,Bolshie,4,0.0,10.0,0.0,3.25
2026-08-10,Pakenham,R4 1600m Mdn,4,260883400,89709228,4,Immortalised,3,1.0,6.2,1.0,2.5
2026-08-10,Pakenham,R4 1600m Mdn,4,260883400,90568651,13,Stelletta,5,0.0,21.89,0.0,5.02
2026-08-10,Pakenham,R4 1600m Mdn,4,260883400,100749635,2,Bivvy,2,0.0,7.92,0.0,3.16
2026-08-10,Pakenham,R4 1600m Mdn,4,260883400,101451719,10,Rock Catcher,1,0.0,4.47,1.0,1.92
2026-08-10,Pakenham,R5 1000m Mdn,5,260883408,10911252,3,Midnight Man,2,0.0,17.0,0.0,4.6
2026-08-10,Pakenham,R5 1000m Mdn,5,260883408,28640922,7,Angelotti,4,0.0,17.0,0.0,3.24
2026-08-10,Pakenham,R5 1000m Mdn,5,260883408,38465784,9,La Velocita,5,0.0,70.0,0.0,9.55
2026-08-10,Pakenham,R5 1000m Mdn,5,260883408,94985105,5,Watten Assett,1,1.0,3.13,1.0,1.37
2026-08-10,Pakenham,R5 1000m Mdn,5,260883408,101451723,8,Eyes Of Blue,3,0.0,3.75,0.0,1.7
2026-08-10,Pakenham,R6 1000m Hcap,6,260883416,2570051,4,Bold Print,3,1.0,2.09,1.0,1.13
2026-08-10,Pakenham,R6 1000m Hcap,6,260883416,63363630,5,Fullproof,5,0.0,27.8,1.0,5.2
2026-08-10,Pakenham,R6 1000m Hcap,6,260883416,91061187,7,White Bear,2,0.0,54.08,0.0,10.0
2026-08-10,Pakenham,R6 1000m Hcap,6,260883416,91354637,2,Grouse Mountain,1,0.0,15.5,0.0,3.55
2026-08-10,Pakenham,R6 1000m Hcap,6,260883416,92784135,6,Ruby Avenue,4,0.0,6.33,0.0,1.82
2026-08-10,Pakenham,R7 1200m Hcap,7,260883424,60987402,7,Belmia,1,0.0,8.4,0.0,2.38
2026-08-10,Pakenham,R7 1200m Hcap,7,260883424,87544182,11,Ellmaknifico,5,0.0,80.0,0.0,8.8
2026-08-10,Pakenham,R7 1200m Hcap,7,260883424,99983317,1,Magnardo,2,1.0,1.65,1.0,1.17
2026-08-10,Pakenham,R7 1200m Hcap,7,260883424,100749678,6,Faceoff,4,0.0,32.0,0.0,3.95
2026-08-10,Pakenham,R7 1200m Hcap,7,260883424,101451728,3,Alpine Fox,3,0.0,16.0,0.0,3.05
2026-08-10,Pakenham,R8 1600m Hcap,8,260883432,9450219,3,Butterscotch,5,0.0,3.24,0.0,1.4
2026-08-10,Pakenham,R8 1600m Hcap,8,260883432,49063401,5,Fearless Writer,2,0.0,7.72,1.0,2.06
2026-08-10,Pakenham,R8 1600m Hcap,8,260883432,50658291,7,Dane On Tour,4,0.0,27.77,0.0,5.3
2026-08-10,Pakenham,R8 1600m Hcap,8,260883432,59082963,2,Bogues,1,1.0,4.06,1.0,1.71
2026-08-10,Pakenham,R8 1600m Hcap,8,260883432,101451733,6,Lady Elsa,3,0.0,8.0,0.0,2.14
2026-08-10,Pakenham,R9 1400m Hcap,9,260883440,1032151,8,Steadfast,4,0.0,38.24,0.0,8.95
2026-08-10,Pakenham,R9 1400m Hcap,9,260883440,5196409,4,You Never Can Tell,5,0.0,5.33,1.0,1.91
2026-08-10,Pakenham,R9 1400m Hcap,9,260883440,42400952,2,Titan Of Choice,1,1.0,5.13,1.0,1.85
2026-08-10,Pakenham,R9 1400m Hcap,9,260883440,67477346,1,Gallant Prince,3,0.0,12.5,0.0,3.51
2026-08-10,Pakenham,R9 1400m Hcap,9,260883440,92207652,5,Sotomayor,2,0.0,12.94,0.0,3.4
2026-08-11,Ballarat,R1 2100m Mdn,1,260958828,98995253,11,Preciousmore,2,1.0,7.05,1.0,1.88
2026-08-11,Ballarat,R1 2100m Mdn,1,260958828,99920691,6,Le Plus Rapide,1,0.0,2.12,0.0,1.17
2026-08-11,Ballarat,R1 2100m Mdn,1,260958828,100957348,3,Full Of Defiance,5,0.0,141.18,0.0,19.0
2026-08-11,Ballarat,R1 2100m Mdn,1,260958828,100993275,10,Eye Tracker,4,0.0,11.85,1.0,2.35
2026-08-11,Ballarat,R1 2100m Mdn,1,260958828,101219335,2,Fight Like A Raven,3,0.0,7.2,0.0,1.87
2026-08-11,Ballarat,R2 1200m Mdn,2,260958836,92504699,3,Inkantosstar,1,1.0,1.34,1.0,1.04
2026-08-11,Ballarat,R2 1200m Mdn,2,260958836,100993215,10,Tennessee Lights,4,0.0,19.0,0.0,1.92
2026-08-11,Ballarat,R2 1200m Mdn,2,260958836,100993217,12,Collectionneur,2,0.0,14.49,1.0,2.0
2026-08-11,Ballarat,R2 1200m Mdn,2,260958836,101354419,9,Sweet Allure,5,0.0,12.5,0.0,1.7
2026-08-11,Ballarat,R2 1200m Mdn,2,260958836,101451764,5,Roll On Big Red,3,0.0,120.0,1.0,6.8
2026-08-11,Ballarat,R3 1400m Hcap,3,260958844,53147741,1,Tick Tock Lady,1,0.0,91.61,0.0,14.5
2026-08-11,Ballarat,R3 1400m Hcap,3,260958844,101451767,2,Just Magic,3,0.0,2.58,0.0,1.3
2026-08-11,Ballarat,R3 1400m Hcap,3,260958844,101451767,2,Just Magic,4,0.0,2.58,0.0,1.3
2026-08-11,Ballarat,R3 1400m Hcap,3,260958844,101451769,4,Russian Duchess,2,1.0,3.92,1.0,1.49
2026-08-11,Ballarat,R3 1400m Hcap,3,260958844,101451770,8,Written Story,5,0.0,7.6,1.0,2.14
2026-08-11,Ballarat,R4 1500m Mdn,4,260958852,96772950,10,Norfolk Victory,5,0.0,39.78,0.0,7.57
2026-08-11,Ballarat,R4 1500m Mdn,4,260958852,101131101,12,Quick Finish,4,1.0,3.32,1.0,1.56
2026-08-11,Ballarat,R4 1500m Mdn,4,260958852,101451772,5,Crafty Queen,1,0.0,5.19,1.0,1.71
2026-08-11,Ballarat,R4 1500m Mdn,4,260958852,101451774,7,Just Swift,2,0.0,5.7,0.0,1.89
2026-08-11,Ballarat,R4 1500m Mdn,4,260958852,101451776,14,Master Fox,3,0.0,13.0,0.0,3.4
2026-08-11,Ballarat,R5 1500m Hcap,5,260958860,65388834,8,Swycho,1,1.0,5.8,1.0,2.2
2026-08-11,Ballarat,R5 1500m Hcap,5,260958860,78464488,6,Pick Wisely,3,0.0,10.5,1.0,2.71
2026-08-11,Ballarat,R5 1500m Hcap,5,260958860,82603767,9,Matrooshi,2,0.0,6.69,0.0,2.44
2026-08-11,Ballarat,R5 1500m Hcap,5,260958860,94735717,14,Eau De Cologne,4,0.0,5.65,0.0,2.2
2026-08-11,Ballarat,R5 1500m Hcap,5,260958860,95620628,2,No Greater Vue,5,0.0,3.98,0.0,1.58
2026-08-11,Ballarat,R6 1200m Hcap,6,260958868,65022967,1,Hellberg,1,0.0,10.8,0.0,2.89
2026-08-11,Ballarat,R6 1200m Hcap,6,260958868,78464532,8,Miss Top Gun,3,0.0,13.72,0.0,3.57
2026-08-11,Ballarat,R6 1200m Hcap,6,260958868,90568662,4,Battle Of The Ice,2,0.0,9.86,1.0,2.6
2026-08-11,Ballarat,R6 1200m Hcap,6,260958868,100993286,7,Aqua Storm,5,0.0,17.5,0.0,3.59
2026-08-11,Ballarat,R6 1200m Hcap,6,260958868,101451779,2,Thinking Sensation,4,0.0,4.07,1.0,1.44
2026-08-11,Ballarat,R7 1000m Hcap,7,260958876,53088557,6,The Gov,2,0.0,9.4,0.0,3.0
2026-08-11,Ballarat,R7 1000m Hcap,7,260958876,73721158,3,Strike Gold,4,0.0,9.28,0.0,2.92
2026-08-11,Ballarat,R7 1000m Hcap,7,260958876,75436832,1,Helluva Barty,1,0.0,11.0,1.0,3.0
2026-08-11,Ballarat,R7 1000m Hcap,7,260958876,101420323,2,Bring Me Power,5,0.0,3.5,0.0,1.57
2026-08-11,Ballarat,R7 1000m Hcap,7,260958876,101420324,4,Blondies Award,3,1.0,9.86,1.0,3.4
2026-08-11,Ballarat,R8 1200m Hcap,8,260958884,85814358,6,Tomanado,5,0.0,3.85,1.0,1.8
2026-08-11,Ballarat,R8 1200m Hcap,8,260958884,92996280,2,Impending War,1,0.0,3.22,0.0,1.74
2026-08-11,Ballarat,R8 1200m Hcap,8,260958884,93827000,4,Bonfire Jimmy,2,0.0,3.32,0.0,1.69
2026-08-11,Ballarat,R8 1200m Hcap,8,260958884,93827000,4,Bonfire Jimmy,3,0.0,3.32,0.0,1.69
2026-08-11,Ballarat,R8 1200m Hcap,8,260958884,101420326,3,Razzo Rosso,4,1.0,8.4,1.0,3.35
2026-08-11,Ballarat,R9 1500m Hcap,9,260958892,70705271,4,Real Alliance,2,0.0,8.57,0.0,2.25
2026-08-11,Ballarat,R9 1500m Hcap,9,260958892,75481314,1,Princeofnottingham,1,1.0,1.89,1.0,1.13
2026-08-11,Ballarat,R9 1500m Hcap,9,260958892,101420327,2,Takemetothemoon,4,0.0,22.0,1.0,3.98
2026-08-11,Ballarat,R9 1500m Hcap,9,260958892,101420328,5,Princess Sakiko,3,0.0,7.2,0.0,1.73
2026-08-11,Ballarat,R9 1500m Hcap,9,260958892,101420328,5,Princess Sakiko,5,0.0,7.2,0.0,1.73
2026-08-11,Ballarat,R10 1400m Hcap,10,260958900,1037117,1,Aka Daka,1,0.0,3.7,1.0,1.43
2026-08-11,Ballarat,R10 1400m Hcap,10,260958900,3807028,4,Pacific Jewel,2,0.0,4.14,0.0,1.75
2026-08-11,Ballarat,R10 1400m Hcap,10,260958900,83641843,5,Slate Ripper,4,0.0,17.5,0.0,4.25
2026-08-11,Ballarat,R10 1400m Hcap,10,260958900,87454251,9,Everett,5,0.0,43.39,0.0,9.0
2026-08-11,Ballarat,R10 1400m Hcap,10,260958900,101420329,2,Royal Infantry,3,0.0,4.42,1.0,1.74
2026-08-11,Ballina,R1 1590m Hcap,1,260925907,4683655,4,Montgomery,4,0.0,7.6,0.0,2.38
2026-08-11,Ballina,R1 1590m Hcap,1,260925907,70169722,1,Gavin,2,0.0,5.1,0.0,1.61
2026-08-11,Ballina,R1 1590m Hcap,1,260925907,80974122,8,Manhattan Dress,3,0.0,17.0,0.0,5.83
2026-08-11,Ballina,R1 1590m Hcap,1,260925907,85016735,2,Herald Angel,1,1.0,4.1,1.0,1.62
2026-08-11,Ballina,R1 1590m Hcap,1,260925907,91115820,6,Flash Prince,5,0.0,4.25,1.0,1.85
2026-08-11,Ballina,R2 1250m Mdn,2,260925910,86933770,6,Sorrenti,1,0.0,1.84,1.0,1.02
2026-08-11,Ballina,,2,260925910,93574166,3,Kobi Express,3,,,,
2026-08-11,Ballina,R2 1250m Mdn,2,260925910,94779741,1,Bang Its On,4,0.0,14.11,0.0,1.63
2026-08-11,Ballina,R2 1250m Mdn,2,260925910,99141606,2,In Bocca Al Lupe,5,0.0,36.0,1.0,2.7
2026-08-11,Ballina,R2 1250m Mdn,2,260925910,101451535,7,Tsunuki,2,1.0,3.25,1.0,1.26
2026-08-11,Ballina,R3 1000m Mdn,3,260925913,98018277,2,Funky Cold Medina,2,0.0,7.45,1.0,1.58
2026-08-11,Ballina,R3 1000m Mdn,3,260925913,101451540,5,Ashkirk,1,1.0,1.91,1.0,1.13
2026-08-11,Ballina,R3 1000m Mdn,3,260925913,101451542,7,Togarashi,5,0.0,170.0,0.0,15.0
2026-08-11,Ballina,R3 1000m Mdn,3,260925913,101451543,8,Checksnbalances,3,0.0,9.0,1.0,1.53
2026-08-11,Ballina,R3 1000m Mdn,3,260925913,101451546,11,Lucky Crimson,4,0.0,5.3,0.0,1.63
2026-08-11,Ballina,R4 1900m CL1,4,260925916,1034804,5,Triple Time,1,0.0,3.52,1.0,1.29
2026-08-11,Ballina,R4 1900m CL1,4,260925916,4672653,1,Coccinella,2,1.0,2.62,1.0,1.37
2026-08-11,Ballina,R4 1900m CL1,4,260925916,90287308,6,Whata Sort,4,0.0,45.64,0.0,5.7
2026-08-11,Ballina,R4 1900m CL1,4,260925916,91432066,12,Pressipitating,3,0.0,23.65,0.0,3.09
2026-08-11,Ballina,R4 1900m CL1,4,260925916,101451547,7,Mahuika Maroi,5,0.0,4.18,1.0,1.45
2026-08-11,Ballina,R5 1400m Mdn,5,260925919,95621218,11,Military Legend,5,1.0,5.1,1.0,1.78
2026-08-11,Ballina,R5 1400m Mdn,5,260925919,97885980,2,Listing Capital,2,0.0,5.02,0.0,1.91
2026-08-11,Ballina,R5 1400m Mdn,5,260925919,97954094,5,Wasai,1,0.0,4.2,1.0,1.61
2026-08-11,Ballina,R5 1400m Mdn,5,260925919,99919439,13,Stylish Edition,4,0.0,7.0,0.0,2.06
2026-08-11,Ballina,R5 1400m Mdn,5,260925919,101451554,12,Shes A Dame,3,1.0,8.4,1.0,2.47
2026-08-11,Ballina,R6 1300m Hcap,6,260925922,27473155,2,Tribbiani,3,0.0,6.8,1.0,1.83
2026-08-11,Ballina,R6 1300m Hcap,6,260925922,62176994,6,Golden Copper,5,0.0,5.0,0.0,2.28
2026-08-11,Ballina,R6 1300m Hcap,6,260925922,69901959,8,Thunderous,4,0.0,8.0,0.0,2.16
2026-08-11,Ballina,R6 1300m Hcap,6,260925922,82078320,9,Deep Stealth,1,0.0,3.05,1.0,1.35
2026-08-11,Ballina,R6 1300m Hcap,6,260925922,82078320,9,Deep Stealth,2,0.0,3.05,1.0,1.35
2026-08-11,Ballina,R7 1000m CL2,7,260925925,90285808,1,Immortal Storm,1,0.0,3.8,1.0,1.35
2026-08-11,Ballina,R7 1000m CL2,7,260925925,90285814,7,City Of Tears,4,0.0,16.73,0.0,3.75
2026-08-11,Ballina,R7 1000m CL2,7,260925925,91924398,11,Hi Tiago,5,0.0,24.75,0.0,3.17
2026-08-11,Ballina,R7 1000m CL2,7,260925925,100957723,4,Yoweri,3,1.0,4.2,1.0,1.61
2026-08-11,Ballina,R7 1000m CL2,7,260925925,101451557,6,Bluish Hue,2,0.0,3.1,1.0,1.25
2026-08-11,Ballina,R8 1250m Hcap,8,260925928,71940527,5,Vendemmia,3,0.0,15.96,1.0,4.36
2026-08-11,Ballina,R8 1250m Hcap,8,260925928,87206560,13,Vostokova,4,0.0,9.34,0.0,2.81
2026-08-11,Ballina,R8 1250m Hcap,8,260925928,87206560,13,Vostokova,5,0.0,9.34,0.0,2.81
2026-08-11,Ballina,R8 1250m Hcap,8,260925928,101451559,1,Rustic Tzar,2,0.0,14.87,0.0,4.5
2026-08-11,Ballina,R8 1250m Hcap,8,260925928,101451560,8,Brutal Miss,1,0.0,4.4,0.0,1.87
2026-08-11,Broome,R1 1435m CL2,1,260912642,41222609,5,Schuhbeck,4,0.0,6.6,1.0,2.58
2026-08-11,Broome,R1 1435m CL2,1,260912642,69352659,4,Matsoka,5,0.0,17.0,0.0,5.7
2026-08-11,Broome,R1 1435m CL2,1,260912642,69675514,3,Magic Shot,1,0.0,7.74,0.0,2.8
2026-08-11,Broome,R1 1435m CL2,1,260912642,72851106,1,The Top Bar,2,1.0,2.22,1.0,1.45
2026-08-11,Broome,R1 1435m CL2,1,260912642,101419695,2,Chantilly Girl,3,0.0,5.09,0.0,2.71
2026-08-11,Broome,R2 1000m CL2,2,260912646,76705949,1,Majestuoso Phoenix,1,1.0,2.21,1.0,1.42
2026-08-11,Broome,R2 1000m CL2,2,260912646,84223675,2,Rays Sauce,4,0.0,16.0,0.0,4.96
2026-08-11,Broome,R2 1000m CL2,2,260912646,100019779,5,Finado,2,0.0,3.25,1.0,1.84
2026-08-11,Broome,R2 1000m CL2,2,260912646,101419696,4,Ole Grande,3,0.0,14.5,0.0,4.3
2026-08-11,Broome,R2 1000m CL2,2,260912646,101419697,6,Working Class Girl,5,0.0,13.0,0.0,5.2
2026-08-11,Broome,R3 1300m Hcap,3,260912650,66296191,7,Percussion Prince,5,0.0,22.76,0.0,5.63
2026-08-11,Broome,R3 1300m Hcap,3,260912650,78932303,8,Sanctions,4,0.0,8.83,0.0,2.4
2026-08-11,Broome,R3 1300m Hcap,3,260912650,79022501,4,Rulesque,2,1.0,5.67,1.0,1.94
2026-08-11,Broome,R3 1300m Hcap,3,260912650,83940274,1,La Signora Dane,3,0.0,7.6,0.0,2.54
2026-08-11,Broome,R3 1300m Hcap,3,260912650,92207884,2,Dust Aside,1,0.0,3.48,1.0,1.53
2026-08-11,Broome,R4 1300m Hcap,4,260912654,8706685,6,Esquel,3,0.0,7.6,0.0,2.65
2026-08-11,Broome,R4 1300m Hcap,4,260912654,51982788,5,Adrett,5,0.0,14.52,0.0,3.41
2026-08-11,Broome,R4 1300m Hcap,4,260912654,83642858,4,Close Talker,2,0.0,13.46,0.0,3.1
2026-08-11,Broome,R4 1300m Hcap,4,260912654,92744529,3,Rommels Goddess,1,0.0,4.96,0.0,1.73
2026-08-11,Broome,R4 1300m Hcap,4,260912654,99207248,1,Star Power,4,0.0,10.94,1.0,3.14
2026-08-11,Broome,R5 1300m Hcap,5,260912658,1424529,3,Border Control,1,0.0,25.0,0.0,5.08
2026-08-11,Broome,R5 1300m Hcap,5,260912658,3860047,6,Now You See Me,3,1.0,2.19,1.0,1.34
2026-08-11,Broome,R5 1300m Hcap,5,260912658,42343767,1,Galaxy Affair,5,0.0,38.0,0.0,5.17
2026-08-11,Broome,R5 1300m Hcap,5,260912658,42483751,2,Cruise To Victory,2,0.0,4.27,0.0,1.42
2026-08-11,Broome,R5 1300m Hcap,5,260912658,76707743,4,Dug Another Hole,4,0.0,40.86,0.0,5.7
2026-08-11,Broome,R6 1100m Hcap,6,260912662,70079132,5,Delicate Ruler,4,0.0,11.29,0.0,2.92
2026-08-11,Broome,R6 1100m Hcap,6,260912662,70822195,1,Gift Of The Heart,5,1.0,11.92,1.0,3.45
2026-08-11,Broome,R6 1100m Hcap,6,260912662,73992547,3,Fire The Guard,1,0.0,3.54,1.0,1.69
2026-08-11,Broome,R6 1100m Hcap,6,260912662,93240254,9,Outlaw Music,3,0.0,10.5,0.0,3.05
2026-08-11,Broome,R6 1100m Hcap,6,260912662,101419699,6,Busters Girl,2,0.0,22.27,0.0,6.2
2026-08-11,Dalby,R1 1000m Mdn,1,260912505,42343617,4,Not Telling,1,1.0,1.41,1.0,1.08
2026-08-11,Dalby,R1 1000m Mdn,1,260912505,101451415,1,Aces Are Good,3,0.0,8.71,0.0,1.9
2026-08-11,Dalby,R1 1000m Mdn,1,260912505,101451416,2,Blueys Choice,5,0.0,55.0,1.0,4.6
2026-08-11,Dalby,R1 1000m Mdn,1,260912505,101451417,6,Divinelle,2,0.0,13.5,1.0,2.26
2026-08-11,Dalby,R1 1000m Mdn,1,260912505,101451421,10,Shakdam,4,0.0,33.77,0.0,3.51
2026-08-11,Dalby,R2 1400m Mdn,2,260912509,65292983,9,Summer Ready,5,0.0,12.0,0.0,3.3
2026-08-11,Dalby,R2 1400m Mdn,2,260912509,88419346,6,Magnetic Island,4,0.0,10.42,0.0,2.98
2026-08-11,Dalby,R2 1400m Mdn,2,260912509,89301736,8,Rose Of Chantilly,3,0.0,5.69,1.0,2.08
2026-08-11,Dalby,R2 1400m Mdn,2,260912509,92504323,2,Langdown Legacy,2,0.0,5.32,0.0,1.89
2026-08-11,Dalby,R2 1400m Mdn,2,260912509,101219431,5,Kaida Odori,1,0.0,4.21,1.0,1.74
2026-08-11,Dalby,R3 1400m Hcap,3,260912513,3416442,6,Lambertina,3,0.0,5.4,1.0,2.4
2026-08-11,Dalby,R3 1400m Hcap,3,260912513,59722816,2,Hoot N Holler,2,0.0,6.2,0.0,2.8
2026-08-11,Dalby,R3 1400m Hcap,3,260912513,63297465,9,Scruffy,5,1.0,2.5,1.0,1.55
2026-08-11,Dalby,R3 1400m Hcap,3,260912513,77427243,5,Anarita,1,0.0,4.89,0.0,2.5
2026-08-11,Dalby,R3 1400m Hcap,3,260912513,90798052,8,Extra Hands,4,0.0,18.73,0.0,5.8
2026-08-11,Dalby,R4 1200m CL3,4,260912517,62355362,9,Master Miyagi,5,0.0,56.15,0.0,6.8
2026-08-11,Dalby,R4 1200m CL3,4,260912517,71941136,1,Burleigh Magic,4,0.0,47.2,0.0,6.6
2026-08-11,Dalby,R4 1200m CL3,4,260912517,80092062,4,Zarippa,3,0.0,8.04,1.0,2.19
2026-08-11,Dalby,R4 1200m CL3,4,260912517,101451431,2,Miss De Medici,2,0.0,3.45,0.0,1.49
2026-08-11,Dalby,R4 1200m CL3,4,260912517,101451432,5,Deep Tiara,1,0.0,5.05,0.0,1.67
2026-08-11,Dalby,R5 1400m Hcap,5,260912521,51202787,5,Thief By Night,5,1.0,28.36,1.0,5.7
2026-08-11,Dalby,R5 1400m Hcap,5,260912521,69607554,1,Il Cubo,1,0.0,4.6,0.0,1.84
2026-08-11,Dalby,R5 1400m Hcap,5,260912521,83940994,7,Invisible Target,2,0.0,9.41,1.0,2.88
2026-08-11,Dalby,R5 1400m Hcap,5,260912521,99769717,3,Jacks And Soda,3,0.0,4.77,0.0,1.87
2026-08-11,Dalby,R5 1400m Hcap,5,260912521,101184089,2,Zouslayer,4,0.0,7.4,0.0,2.38
2026-08-11,Dalby,R6 1400m Hcap,6,260912525,69932114,8,Water Lad,4,1.0,12.0,1.0,2.52
2026-08-11,Dalby,R6 1400m Hcap,6,260912525,69932114,8,Water Lad,5,1.0,12.0,1.0,2.52
2026-08-11,Dalby,R6 1400m Hcap,6,260912525,91485000,1,Knowitall Frank,1,0.0,2.2,1.0,1.32
2026-08-11,Dalby,R6 1400m Hcap,6,260912525,98734806,6,Thiem,3,0.0,4.1,1.0,1.43
2026-08-11,Dalby,R6 1400m Hcap,6,260912525,101451433,5,Flying Celica,2,0.0,7.6,0.0,1.99
2026-08-11,Dalby,R7 1000m Hcap,7,260912529,51784580,6,Prince Of Diamonds,3,0.0,38.33,0.0,5.39
2026-08-11,Dalby,,7,260912529,82640778,7,Egypitians Reward,5,,,,
2026-08-11,Dalby,R7 1000m Hcap,7,260912529,90568806,2,Majestic Louvre,4,0.0,5.57,1.0,1.78
2026-08-11,Dalby,R7 1000m Hcap,7,260912529,99493178,10,Zavega,1,1.0,2.43,1.0,1.43
2026-08-11,Dalby,R7 1000m Hcap,7,260912529,101451435,1,Good Onya Champ,2,0.0,8.76,0.0,2.34
2026-08-11,Dalby,R8 1000m Hcap,8,260912533,42560985,1,Jemeldi,1,1.0,4.2,1.0,1.85
2026-08-11,Dalby,R8 1000m Hcap,8,260912533,53184054,5,Mr Wandji,2,0.0,8.81,0.0,2.74
2026-08-11,Dalby,R8 1000m Hcap,8,260912533,63085028,8,Booga Ray,3,0.0,18.72,0.0,5.3
2026-08-11,Dalby,R8 1000m Hcap,8,260912533,68930772,14,Mr Evans,4,0.0,11.0,1.0,3.44
2026-08-11,Dalby,R8 1000m Hcap,8,260912533,84471672,7,Za Hidden Dragon,5,0.0,150.0,0.0,23.04
2026-08-11,Hawkesbury,R1 1500m CL1,1,260912536,711778,1,Grafton Street,2,0.0,3.9,1.0,1.48
2026-08-11,Hawkesbury,R1 1500m CL1,1,260912536,35168328,6,Firework,3,0.0,13.5,0.0,3.1
2026-08-11,Hawkesbury,R1 1500m CL1,1,260912536,90285912,2,Pierro Lad,1,1.0,4.2,1.0,1.46
2026-08-11,Hawkesbury,R1 1500m CL1,1,260912536,94181133,4,Vasala,5,0.0,28.62,0.0,5.51
2026-08-11,Hawkesbury,R1 1500m CL1,1,260912536,101451165,5,Derry City Felix,4,0.0,11.14,0.0,3.0
2026-08-11,Hawkesbury,R2 1500m Mdn,2,260912539,4926847,9,Japan,4,0.0,28.0,0.0,4.52
2026-08-11,Hawkesbury,R2 1500m Mdn,2,260912539,92417673,6,Rouladen,5,0.0,10.24,0.0,2.5
2026-08-11,Hawkesbury,R2 1500m Mdn,2,260912539,100019660,5,Rapid Revenue,1,1.0,2.2,1.0,1.18
2026-08-11,Hawkesbury,R2 1500m Mdn,2,260912539,100660622,3,Copartner Pegasus,3,0.0,26.78,1.0,4.3
2026-08-11,Hawkesbury,R2 1500m Mdn,2,260912539,101451166,2,Buongiorno,2,0.0,5.69,1.0,2.0
2026-08-11,Hawkesbury,R3 1300m Mdn,3,260912542,2467527,3,Gaultier,2,0.0,2.26,1.0,1.29
2026-08-11,Hawkesbury,R3 1300m Mdn,3,260912542,2467527,3,Gaultier,3,0.0,2.26,1.0,1.29
2026-08-11,Hawkesbury,R3 1300m Mdn,3,260912542,93757279,8,Farfetched,1,1.0,2.97,1.0,1.21
2026-08-11,Hawkesbury,R3 1300m Mdn,3,260912542,101451170,7,Touching Hans,5,0.0,270.0,0.0,14.0
2026-08-11,Hawkesbury,R3 1300m Mdn,3,260912542,101451171,9,Kiss Of Gold,4,0.0,31.02,1.0,3.54
2026-08-11,Hawkesbury,R4 1300m CL1,4,260912545,3617185,9,Magenta Shores,5,0.0,55.0,0.0,4.2
2026-08-11,Hawkesbury,R4 1300m CL1,4,260912545,74300356,8,Damascus Calling,4,0.0,52.45,0.0,5.0
2026-08-11,Hawkesbury,R4 1300m CL1,4,260912545,87767513,4,Hard Jakka,3,0.0,11.5,0.0,2.18
2026-08-11,Hawkesbury,R4 1300m CL1,4,260912545,89708216,1,Waerea,1,1.0,1.27,1.0,1.05
2026-08-11,Hawkesbury,R4 1300m CL1,4,260912545,101131063,2,Dubai Adventure,2,0.0,23.0,1.0,2.64
2026-08-11,Hawkesbury,R5 1800m Hcap,5,260912548,5268980,3,Viewpoint,5,0.0,5.3,0.0,2.06
2026-08-11,Hawkesbury,R5 1800m Hcap,5,260912548,7189825,9,Inception,2,0.0,9.54,0.0,3.17
2026-08-11,Hawkesbury,R5 1800m Hcap,5,260912548,28246397,10,Tip Top Timing,4,0.0,33.76,0.0,6.5
2026-08-11,Hawkesbury,R5 1800m Hcap,5,260912548,73220343,1,Lugarno,3,0.0,8.56,0.0,2.59
2026-08-11,Hawkesbury,R5 1800m Hcap,5,260912548,77688430,7,Highborn Harry,1,0.0,4.9,1.0,1.71
2026-08-11,Hawkesbury,R6 1100m Mdn,6,260912551,1496497,8,Latest Flame,4,0.0,7.4,1.0,2.02
2026-08-11,Hawkesbury,R6 1100m Mdn,6,260912551,3104212,1,Mayweather,5,0.0,5.0,0.0,1.7
2026-08-11,Hawkesbury,R6 1100m Mdn,6,260912551,8529811,5,Union,1,0.0,5.0,1.0,1.52
2026-08-11,Hawkesbury,R6 1100m Mdn,6,260912551,101183276,2,Vain Temptress,3,1.0,5.88,1.0,3.91
2026-08-11,Hawkesbury,R6 1100m Mdn,6,260912551,101451179,9,Legaselli,2,0.0,4.44,0.0,1.63
2026-08-11,Hawkesbury,R7 1100m CL1,7,260912554,6862753,6,Ballet Encore,4,0.0,21.19,0.0,3.7
2026-08-11,Hawkesbury,R7 1100m CL1,7,260912554,65788977,10,Nymphadora,2,0.0,6.0,0.0,1.98
2026-08-11,Hawkesbury,R7 1100m CL1,7,260912554,96116327,3,Maidoff,5,0.0,6.4,0.0,2.04
2026-08-11,Hawkesbury,R7 1100m CL1,7,260912554,99241987,4,Willingham,3,0.0,35.11,0.0,7.0
2026-08-11,Hawkesbury,R7 1100m CL1,7,260912554,101451181,1,Castlejohn,1,1.0,3.72,1.0,1.53
2026-08-12,Bendigo,R1 1000m 3yo,1,260957842,762283,1,Come Together,2,0.0,2.54,1.0,1.52
2026-08-12,Bendigo,R1 1000m 3yo,1,260957842,5228379,2,Desert Oak,4,0.0,14.0,0.0,4.32
2026-08-12,Bendigo,R1 1000m 3yo,1,260957842,44233371,3,Gold Chalice,1,0.0,2.59,0.0,1.45
2026-08-12,Bendigo,R1 1000m 3yo,1,260957842,101553773,4,Hydro Rush,3,1.0,8.2,1.0,3.15
2026-08-12,Bendigo,R1 1000m 3yo,1,260957842,101553774,5,Little Bit,5,0.0,28.0,0.0,8.89
2026-08-12,Bendigo,R2 1000m Mdn,2,260957851,101553776,2,Five Knights,4,0.0,19.52,0.0,2.88
2026-08-12,Bendigo,R2 1000m Mdn,2,260957851,101553777,3,I Am Aria,1,1.0,1.73,1.0,1.14
2026-08-12,Bendigo,R2 1000m Mdn,2,260957851,101553778,5,Novamira,2,0.0,5.92,1.0,1.54
2026-08-12,Bendigo,R2 1000m Mdn,2,260957851,101553783,10,Silent Devotion,5,0.0,42.0,1.0,4.3
2026-08-12,Bendigo,R2 1000m Mdn,2,260957851,101553784,11,Sky Wytch,3,0.0,20.0,0.0,3.25
2026-08-12,Bendigo,R3 1600m Mdn,3,260957860,86057896,8,Valda Warrior,5,1.0,21.0,1.0,2.6
2026-08-12,Bendigo,R3 1600m Mdn,3,260957860,94780204,6,Only Opera,2,0.0,12.24,0.0,2.0
2026-08-12,Bendigo,R3 1600m Mdn,3,260957860,101553785,1,Koyuga Rip,3,0.0,17.0,1.0,2.48
2026-08-12,Bendigo,R3 1600m Mdn,3,260957860,101553787,3,Azulita,4,0.0,14.5,0.0,2.28
2026-08-12,Bendigo,R3 1600m Mdn,3,260957860,101553790,7,Rockzino,1,0.0,1.46,1.0,1.14
2026-08-12,Bendigo,R4 1300m Mdn,4,260957869,83642830,1,Diamond Eye,1,1.0,3.05,1.0,1.25
2026-08-12,Bendigo,R4 1300m Mdn,4,260957869,86820690,3,Highaboveme,5,0.0,26.0,0.0,4.23
2026-08-12,Bendigo,R4 1300m Mdn,4,260957869,101553792,5,Piccina,4,0.0,15.79,0.0,3.0
2026-08-12,Bendigo,R4 1300m Mdn,4,260957869,101553793,8,Skydream,3,0.0,3.35,1.0,1.31
2026-08-12,Bendigo,R4 1300m Mdn,4,260957869,101553796,11,Guardian Detective,2,0.0,5.05,0.0,1.89
2026-08-12,Bendigo,R5 1000m Hcap,5,260957878,73952251,2,Misty Legend,2,0.0,12.5,0.0,2.68
2026-08-12,Bendigo,R5 1000m Hcap,5,260957878,75084808,1,Antonito,3,0.0,23.0,0.0,4.83
2026-08-12,Bendigo,R5 1000m Hcap,5,260957878,94645484,7,Exfortythree,4,0.0,6.12,1.0,1.79
2026-08-12,Bendigo,R5 1000m Hcap,5,260957878,101553799,8,Fehmarn,5,1.0,4.4,1.0,1.99
2026-08-12,Bendigo,R5 1000m Hcap,5,260957878,101553801,10,Nicereine,1,0.0,3.0,1.0,1.4
2026-08-12,Bendigo,R6 1100m Hcap,6,260957887,78211925,4,Bine,1,0.0,10.5,1.0,2.54
2026-08-12,Bendigo,R6 1100m Hcap,6,260957887,98214197,1,Royal Lass,4,0.0,8.43,0.0,2.23
2026-08-12,Bendigo,R6 1100m Hcap,6,260957887,101553804,3,Tapo,3,0.0,10.77,0.0,2.73
2026-08-12,Bendigo,R6 1100m Hcap,6,260957887,101553806,7,Mrs Archibald,5,1.0,18.75,1.0,4.3
2026-08-12,Bendigo,R6 1100m Hcap,6,260957887,101553810,13,Gliding Lightening,2,0.0,8.25,0.0,2.36
2026-08-12,Bendigo,R7 1300m Hcap,7,260957896,45590876,2,Georgie Get Mad,5,0.0,14.88,1.0,3.5
2026-08-12,Bendigo,R7 1300m Hcap,7,260957896,99172006,6,Electric Elvis,1,1.0,3.25,1.0,1.46
2026-08-12,Bendigo,R7 1300m Hcap,7,260957896,101553811,1,Express Class,3,0.0,10.03,0.0,2.74
2026-08-12,Bendigo,R7 1300m Hcap,7,260957896,101553813,7,Magnetic Chess,4,0.0,6.2,1.0,2.16
2026-08-12,Bendigo,R7 1300m Hcap,7,260957896,101553816,16,Invisible Magic,2,0.0,19.0,0.0,5.04
2026-08-12,Bendigo,,8,260957905,51735755,11,Impending Shadow,4,,,,
2026-08-12,Bendigo,R8 1500m Hcap,8,260957905,75084569,6,Deadly Press,5,0.0,22.63,0.0,6.32
2026-08-12,Bendigo,R8 1500m Hcap,8,260957905,96455486,5,Blue Bandit,1,0.0,7.38,0.0,2.54
2026-08-12,Bendigo,R8 1500m Hcap,8,260957905,99171999,1,Rasp,3,1.0,11.7,1.0,3.28
2026-08-12,Bendigo,R8 1500m Hcap,8,260957905,101553821,8,Margies Boy,2,0.0,16.13,0.0,5.19
2026-08-12,Canterbury,R1 1200m 3yo,1,260958042,8340689,2,Lorax,2,0.0,2.5,0.0,1.2
2026-08-12,Canterbury,R1 1200m 3yo,1,260958042,101553495,1,Threads,1,0.0,8.8,1.0,1.62
2026-08-12,Canterbury,R1 1200m 3yo,1,260958042,101553496,3,Cantero,5,0.0,9.6,1.0,1.96
2026-08-12,Canterbury,R1 1200m 3yo,1,260958042,101553498,5,Onthetoe,4,0.0,28.0,0.0,3.4
2026-08-12,Canterbury,R1 1200m 3yo,1,260958042,101553500,7,Savagram,3,1.0,2.96,1.0,1.5
2026-08-12,Canterbury,R2 1200m 3yo,2,260958051,101553502,1,Wandas Spark,1,1.0,2.87,1.0,1.28
2026-08-12,Canterbury,R2 1200m 3yo,2,260958051,101553503,2,Sing Your Song,3,0.0,2.96,1.0,1.42
2026-08-12,Canterbury,R2 1200m 3yo,2,260958051,101553504,3,Affari,2,0.0,14.37,1.0,2.55
2026-08-12,Canterbury,,2,260958051,101553505,4,Caloocan Beauty,4,,,,
2026-08-12,Canterbury,R2 1200m 3yo,2,260958051,101553511,13,Yvonnes Joy,5,0.0,24.88,0.0,3.04
2026-08-12,Canterbury,R3 1900m Hcap,3,260958060,90756158,11,Kumbaya,2,0.0,5.9,1.0,1.5
2026-08-12,Canterbury,R3 1900m Hcap,3,260958060,92417632,1,Cheval De Bois,3,0.0,1.62,1.0,1.13
2026-08-12,Canterbury,,3,260958060,101553513,3,Sister Daae,1,,,,
2026-08-12,Canterbury,R3 1900m Hcap,3,260958060,101553515,6,Equinox Legend,5,1.0,7.8,1.0,1.94
2026-08-12,Canterbury,R3 1900m Hcap,3,260958060,101553519,16,Marsabit,4,0.0,30.0,0.0,3.15
2026-08-12,Canterbury,R4 1250m Hcap,4,260958069,80055713,3,Written Scandal,4,0.0,6.2,0.0,2.14
2026-08-12,Canterbury,R4 1250m Hcap,4,260958069,84911020,4,Kakadu Sunset,1,0.0,9.44,1.0,2.46
2026-08-12,Canterbury,R4 1250m Hcap,4,260958069,86654793,2,Oakfield Neptune,5,0.0,3.85,0.0,1.93
2026-08-12,Canterbury,R4 1250m Hcap,4,260958069,100424553,12,Tigroni,3,0.0,5.58,0.0,1.88
2026-08-12,Canterbury,R4 1250m Hcap,4,260958069,101553524,13,Jenni The Jet,2,0.0,12.09,1.0,3.38
2026-08-12,Canterbury,R5 1250m Hcap,5,260958078,938405,4,Clancy,1,0.0,9.55,0.0,2.63
2026-08-12,Canterbury,R5 1250m Hcap,5,260958078,7871489,3,Rivendell,5,0.0,8.13,0.0,2.34
2026-08-12,Canterbury,R5 1250m Hcap,5,260958078,9459866,8,Capture Me,3,0.0,2.52,0.0,1.39
2026-08-12,Canterbury,R5 1250m Hcap,5,260958078,67819584,10,Unstopabull,2,1.0,7.2,1.0,2.09
2026-08-12,Canterbury,R5 1250m Hcap,5,260958078,93871150,2,Monte Veebee,4,0.0,9.6,1.0,2.22
2026-08-12,Canterbury,R6 1100m Hcap,6,260958087,76389960,1,Inoue,4,0.0,2.96,0.0,1.33
2026-08-12,Canterbury,R6 1100m Hcap,6,260958087,80025803,2,Bremel,5,0.0,29.7,0.0,5.87
2026-08-12,Canterbury,R6 1100m Hcap,6,260958087,85541467,5,Miss Trentino,1,0.0,4.17,0.0,1.81
2026-08-12,Canterbury,R6 1100m Hcap,6,260958087,101553529,4,Sir Franklin,2,0.0,6.39,1.0,1.92
2026-08-12,Canterbury,R6 1100m Hcap,6,260958087,101553530,7,Shalaa Gold,3,0.0,17.0,0.0,3.54
2026-08-12,Canterbury,R7 1550m Hcap,7,260958096,348905,1,Voracious,5,0.0,46.0,0.0,4.7
2026-08-12,Canterbury,R7 1550m Hcap,7,260958096,474913,2,Anthracite,4,0.0,3.3,0.0,1.4
2026-08-12,Canterbury,R7 1550m Hcap,7,260958096,57113899,5,Forecaster,2,0.0,8.4,0.0,1.67
2026-08-12,Canterbury,R7 1550m Hcap,7,260958096,85282969,3,Barking Mad,3,0.0,2.02,1.0,1.21
2026-08-12,Canterbury,R7 1550m Hcap,7,260958096,101553534,9,Three Arrows,1,0.0,11.5,1.0,2.14
2026-08-12,Devonport,R1 1880m Mdn,1,260956672,89393219,1,Alla Rustica,3,0.0,42.0,0.0,6.22
2026-08-12,Devonport,R1 1880m Mdn,1,260956672,99459430,5,All Intrique,2,1.0,4.0,1.0,1.48
2026-08-12,Devonport,R1 1880m Mdn,1,260956672,100919944,2,Bailed,1,0.0,2.0,1.0,1.25
2026-08-12,Devonport,R1 1880m Mdn,1,260956672,101553560,6,Gym Princess,5,0.0,13.5,0.0,2.84
2026-08-12,Devonport,R1 1880m Mdn,1,260956672,101553562,8,White Star Suzie,4,0.0,20.94,0.0,3.03
2026-08-12,Devonport,R2 1009m Mdn,2,260956678,96181511,4,Equivaster,1,0.0,12.78,1.0,2.18
2026-08-12,Devonport,R2 1009m Mdn,2,260956678,100232395,2,Midway Point,4,0.0,20.46,0.0,2.96
2026-08-12,Devonport,R2 1009m Mdn,2,260956678,100454434,5,Peninsula Rose,3,0.0,103.05,0.0,8.4
2026-08-12,Devonport,R2 1009m Mdn,2,260956678,101553565,7,Brutal Empire,2,1.0,9.0,1.0,1.56
2026-08-12,Devonport,R2 1009m Mdn,2,260956678,101553569,12,Nicalbi,5,0.0,50.0,0.0,4.5
2026-08-12,Devonport,,3,260956684,69129121,8,Geegeeschaser,1,,,,
2026-08-12,Devonport,,3,260956684,95919761,1,Just Plain Nuts,3,,,,
2026-08-12,Devonport,,3,260956684,98959675,10,Mels Street Above,4,,,,
2026-08-12,Devonport,,3,260956684,101553573,3,Houlihan,2,,,,
2026-08-12,Devonport,,3,260956684,101553575,7,Super Snippy,5,,,,
2026-08-12,Devonport,,4,260956690,1285545,1,Tuskegee,5,,,,
2026-08-12,Devonport,,4,260956690,69389905,4,The Spirit Of Zero,3,,,,
2026-08-12,Devonport,,4,260956690,72167287,2,Quicken Up,4,,,,
2026-08-12,Devonport,,4,260956690,85251057,3,Simply Deep,2,,,,
2026-08-12,Devonport,,4,260956690,100919964,6,Stardarmus,1,,,,
2026-08-12,Devonport,,5,260956696,3124361,4,Little El,3,,,,
2026-08-12,Devonport,,5,260956696,74227017,5,Knights Reign,2,,,,
2026-08-12,Devonport,,5,260956696,84911033,7,Cavaretta,5,,,,
2026-08-12,Devonport,,5,260956696,97417413,8,Nunkeri,4,,,,
2026-08-12,Devonport,,5,260956696,99731439,3,Fierce N Fabulous,1,,,,
2026-08-12,Devonport,,6,260956702,880607,4,Coastal Strike,4,,,,
2026-08-12,Devonport,,6,260956702,87163993,1,Azonto,1,,,,
2026-08-12,Devonport,,6,260956702,96938958,9,Who Can It Be Now,5,,,,
2026-08-12,Devonport,,6,260956702,99459438,2,Regal Hunter,3,,,,
2026-08-12,Devonport,,6,260956702,101553578,3,Respite,2,,,,
2026-08-12,Devonport,,7,260956708,2257022,3,Stone Cold Stunner,1,,,,
2026-08-12,Devonport,,7,260956708,41198810,2,Sushi Express,2,,,,
2026-08-12,Devonport,,7,260956708,77688221,9,Garcon Despoir,3,,,,
2026-08-12,Devonport,,7,260956708,78916234,1,Blonde Star,5,,,,
2026-08-12,Devonport,,7,260956708,79767358,4,Zewinna,4,,,,
2026-08-12,Devonport,,8,260956714,51177792,2,Cherokee Dancer,4,,,,
2026-08-12,Devonport,,8,260956714,51454546,1,Thoros Of Myr,1,,,,
2026-08-12,Devonport,,8,260956714,55979227,4,Hartman,2,,,,
2026-08-12,Devonport,,8,260956714,58882616,3,Captain Cam,5,,,,
2026-08-12,Devonport,,8,260956714,98708800,5,The Real Man,3,,,,
2026-08-12,Eagle Farm,R1 1000m 3yo,1,260957741,4738149,4,Novelty,1,1.0,6.64,1.0,2.78
2026-08-12,Eagle Farm,R1 1000m 3yo,1,260957741,101553580,2,Cooper Chase,4,0.0,6.01,0.0,2.22
2026-08-12,Eagle Farm,R1 1000m 3yo,1,260957741,101553581,3,Lunanic,5,0.0,17.61,0.0,4.44
2026-08-12,Eagle Farm,R1 1000m 3yo,1,260957741,101553587,12,Win Star,3,0.0,6.81,0.0,2.71
2026-08-12,Eagle Farm,R1 1000m 3yo,1,260957741,101553588,13,Metric,2,0.0,7.34,1.0,2.3
2026-08-12,Eagle Farm,R2 1200m Mdn,2,260957750,101553593,2,Beat The Rap,4,1.0,2.51,1.0,1.53
2026-08-12,Eagle Farm,R2 1200m Mdn,2,260957750,101553594,4,Indamouse,1,0.0,19.5,0.0,4.3
2026-08-12,Eagle Farm,R2 1200m Mdn,2,260957750,101553596,7,Prophet Of Destiny,3,0.0,24.0,1.0,4.92
2026-08-12,Eagle Farm,R2 1200m Mdn,2,260957750,101553601,14,Threeeyedwitch,2,0.0,8.8,1.0,2.2
2026-08-12,Eagle Farm,R2 1200m Mdn,2,260957750,101553601,14,Threeeyedwitch,5,0.0,8.8,1.0,2.2
2026-08-12,Eagle Farm,R3 1200m Mdn,3,260957759,6179421,7,Irreverent,2,0.0,4.37,0.0,1.77
2026-08-12,Eagle Farm,R3 1200m Mdn,3,260957759,88420172,1,Agadoo,3,0.0,5.14,1.0,1.75
2026-08-12,Eagle Farm,R3 1200m Mdn,3,260957759,101553604,5,Emphatique,5,0.0,4.87,0.0,1.73
2026-08-12,Eagle Farm,R3 1200m Mdn,3,260957759,101553607,10,Pearls In June,4,1.0,6.13,1.0,2.26
2026-08-12,Eagle Farm,R3 1200m Mdn,3,260957759,101553614,17,Mediterra,1,0.0,9.79,1.0,2.85
2026-08-12,Eagle Farm,R4 1400m CL5,4,260957768,2083392,1,Last Command,2,0.0,8.06,0.0,2.14
2026-08-12,Eagle Farm,R4 1400m CL5,4,260957768,52842056,2,Naval Trader,1,0.0,14.03,0.0,3.27
2026-08-12,Eagle Farm,R4 1400m CL5,4,260957768,66487774,8,Becamo,5,0.0,75.0,0.0,11.0
2026-08-12,Eagle Farm,R4 1400m CL5,4,260957768,78265634,7,Puff N Harry,3,0.0,5.0,1.0,1.78
2026-08-12,Eagle Farm,R4 1400m CL5,4,260957768,80399591,5,Too Many Thoughts,4,0.0,3.05,1.0,1.43
2026-08-12,Eagle Farm,R5 1840m CL1,5,260957777,10713165,2,Barcelo,1,1.0,2.45,1.0,1.18
2026-08-12,Eagle Farm,R5 1840m CL1,5,260957777,77728732,9,Iconify,2,0.0,18.66,0.0,3.48
2026-08-12,Eagle Farm,R5 1840m CL1,5,260957777,90252017,6,Devine Squire,5,0.0,22.06,0.0,3.98
2026-08-12,Eagle Farm,R5 1840m CL1,5,260957777,93466720,10,Spot The Aussie,4,0.0,16.35,0.0,3.29
2026-08-12,Eagle Farm,R5 1840m CL1,5,260957777,101553615,3,Bon Riviere,3,0.0,3.66,1.0,1.38
2026-08-12,Eagle Farm,R6 1200m Hcap,6,260957786,2719545,1,Enforceable,5,0.0,4.3,1.0,1.69
2026-08-12,Eagle Farm,R6 1200m Hcap,6,260957786,67560809,7,Toro Strike,4,0.0,22.4,0.0,4.9
2026-08-12,Eagle Farm,R6 1200m Hcap,6,260957786,74774079,10,Siesta,3,0.0,3.1,0.0,1.51
2026-08-12,Eagle Farm,R6 1200m Hcap,6,260957786,83050255,8,Chatterley,2,0.0,12.0,0.0,3.0
2026-08-12,Eagle Farm,R6 1200m Hcap,6,260957786,101553619,2,Midnight Spirit,1,1.0,6.8,1.0,2.26
2026-08-12,Eagle Farm,R7 1000m CL3,7,260957795,82641389,8,Rose Noir,4,0.0,18.35,1.0,3.09
2026-08-12,Eagle Farm,R7 1000m CL3,7,260957795,85778221,7,Lights Of Paradise,5,0.0,12.21,0.0,3.38
2026-08-12,Eagle Farm,R7 1000m CL3,7,260957795,93827440,5,The Pool Boy,2,0.0,7.2,1.0,1.92
2026-08-12,Eagle Farm,R7 1000m CL3,7,260957795,101553622,6,Biancelli,1,0.0,3.22,0.0,1.46
2026-08-12,Eagle Farm,R7 1000m CL3,7,260957795,101553622,6,Biancelli,3,0.0,3.22,0.0,1.46
2026-08-12,Eagle Farm,R8 1000m CL6,8,260957804,68674380,3,Acres Away,1,0.0,27.48,0.0,4.7
2026-08-12,Eagle Farm,R8 1000m CL6,8,260957804,70170256,2,Tiger Tie,2,0.0,6.2,1.0,1.97
2026-08-12,Eagle Farm,R8 1000m CL6,8,260957804,94985138,1,Moonhaven,5,0.0,14.0,0.0,2.64
2026-08-12,Eagle Farm,R8 1000m CL6,8,260957804,101553627,6,Esha,3,1.0,1.99,1.0,1.27
2026-08-12,Eagle Farm,R8 1000m CL6,8,260957804,101553627,6,Esha,4,1.0,1.99,1.0,1.27
2026-08-12,Murray Bridge,R1 1200m Mdn,1,260958327,4318684,7,Divergent,4,1.0,4.7,1.0,1.59
2026-08-12,Murray Bridge,R1 1200m Mdn,1,260958327,8554311,3,Noahs Ark,5,0.0,7.27,0.0,2.0
2026-08-12,Murray Bridge,R1 1200m Mdn,1,260958327,89748707,2,Nic The Cash,3,0.0,118.74,0.0,15.86
2026-08-12,Murray Bridge,R1 1200m Mdn,1,260958327,91354694,5,Strong Minded,1,0.0,8.6,1.0,2.26
2026-08-12,Murray Bridge,R1 1200m Mdn,1,260958327,95301033,11,Shes Iconnic,2,0.0,2.38,1.0,1.36
2026-08-12,Murray Bridge,R2 1400m Mdn,2,260958336,3705140,12,Karma Queen,2,0.0,9.2,0.0,2.61
2026-08-12,Murray Bridge,R2 1400m Mdn,2,260958336,100164743,1,A Time To Kill,1,0.0,4.14,0.0,2.07
2026-08-12,Murray Bridge,R2 1400m Mdn,2,260958336,101553672,4,Dirty Deal,4,1.0,7.4,1.0,2.42
2026-08-12,Murray Bridge,R2 1400m Mdn,2,260958336,101553674,6,Ochre Spirit,3,0.0,22.82,0.0,6.8
2026-08-12,Murray Bridge,R2 1400m Mdn,2,260958336,101553679,13,Khorasan,5,0.0,7.63,1.0,2.63
2026-08-12,Murray Bridge,R3 1600m Mdn,3,260958345,93206419,12,Star Serpent,4,0.0,70.0,0.0,10.41
2026-08-12,Murray Bridge,R3 1600m Mdn,3,260958345,99242917,11,Mandarin,2,0.0,7.58,1.0,2.78
2026-08-12,Murray Bridge,R3 1600m Mdn,3,260958345,100019292,14,Written By Betsy,1,0.0,9.2,0.0,3.1
2026-08-12,Murray Bridge,R3 1600m Mdn,3,260958345,101100576,3,Iamthedevilselbow,3,0.0,12.0,0.0,3.5
2026-08-12,Murray Bridge,R3 1600m Mdn,3,260958345,101553686,7,Tear Apart,5,0.0,7.6,0.0,2.7
2026-08-12,Murray Bridge,R4 1200m CL1,4,260958354,1124263,4,No Mans Land,4,0.0,18.18,0.0,3.84
2026-08-12,Murray Bridge,R4 1200m CL1,4,260958354,87379576,11,Lunarshot,5,1.0,18.5,1.0,4.5
2026-08-12,Murray Bridge,R4 1200m CL1,4,260958354,93574438,7,Lots Of Torque,3,0.0,17.5,0.0,4.3
2026-08-12,Murray Bridge,R4 1200m CL1,4,260958354,99531605,3,Amical,2,0.0,3.5,0.0,1.65
2026-08-12,Murray Bridge,R4 1200m CL1,4,260958354,101553691,5,Tully Hart,1,0.0,6.85,0.0,2.41
2026-08-12,Murray Bridge,R5 1100m Hcap,5,260958363,38345415,4,Immediate Response,5,0.0,34.0,0.0,7.4
2026-08-12,Murray Bridge,R5 1100m Hcap,5,260958363,47907233,5,Refreshing,1,0.0,15.9,0.0,5.1
2026-08-12,Murray Bridge,R5 1100m Hcap,5,260958363,72583875,8,Aloha Blue,2,0.0,3.45,1.0,1.91
2026-08-12,Murray Bridge,R5 1100m Hcap,5,260958363,82819918,9,Briseis Eclipse,4,0.0,9.8,0.0,2.86
2026-08-12,Murray Bridge,R5 1100m Hcap,5,260958363,101553695,7,Whoops A Daisy,3,0.0,8.8,0.0,2.58
2026-08-12,Murray Bridge,R6 1400m Hcap,6,260958372,60415299,7,Turned Loose,3,0.0,15.94,0.0,4.22
2026-08-12,Murray Bridge,R6 1400m Hcap,6,260958372,66825976,8,Kiss And Kaboom,2,0.0,10.16,0.0,3.19
2026-08-12,Murray Bridge,R6 1400m Hcap,6,260958372,79524711,10,Unwind,4,0.0,8.8,0.0,2.55
2026-08-12,Murray Bridge,R6 1400m Hcap,6,260958372,101553696,1,Chillcuz,1,0.0,3.11,0.0,1.64
2026-08-12,Murray Bridge,R6 1400m Hcap,6,260958372,101553697,3,Aixoise,5,0.0,17.5,1.0,4.8
2026-08-12,Murray Bridge,R7 1400m Hcap,7,260958381,5929278,3,Zenacity,4,0.0,9.6,0.0,2.8
2026-08-12,Murray Bridge,R7 1400m Hcap,7,260958381,54738763,7,Allegedly,1,0.0,13.09,0.0,3.43
2026-08-12,Murray Bridge,R7 1400m Hcap,7,260958381,62135323,8,Fashion Dog,3,0.0,8.2,0.0,2.82
2026-08-12,Murray Bridge,R7 1400m Hcap,7,260958381,75119166,1,Ironbar,5,0.0,7.34,1.0,2.3
2026-08-12,Murray Bridge,R7 1400m Hcap,7,260958381,86099516,4,Territorian,2,1.0,3.6,1.0,1.61
2026-08-12,Murray Bridge,R8 2000m Hcap,8,260958390,38266103,4,Magnetic Edge,5,0.0,32.97,0.0,9.2
2026-08-12,Murray Bridge,R8 2000m Hcap,8,260958390,45541602,5,The True Believer,4,0.0,28.75,1.0,8.44
2026-08-12,Murray Bridge,R8 2000m Hcap,8,260958390,50478046,1,Eaglelou,2,0.0,14.73,0.0,5.86
2026-08-12,Murray Bridge,R8 2000m Hcap,8,260958390,87988178,15,Chartin,1,1.0,6.03,1.0,2.63
2026-08-12,Murray Bridge,R8 2000m Hcap,8,260958390,101553698,8,I Am Ralph,3,0.0,23.19,0.0,6.8
2026-08-12,Pinjarra,R1 1200m Mdn,1,260958642,92744600,1,Long Laugh,1,0.0,3.6,1.0,1.36
2026-08-12,Pinjarra,R1 1200m Mdn,1,260958642,101553888,2,Fennec Storm,5,1.0,39.3,1.0,6.88
2026-08-12,Pinjarra,R1 1200m Mdn,1,260958642,101553889,4,Wheres Timmy,3,0.0,2.74,0.0,1.44
2026-08-12,Pinjarra,R1 1200m Mdn,1,260958642,101553890,5,State Of Boom,2,0.0,20.0,0.0,4.2
2026-08-12,Pinjarra,R1 1200m Mdn,1,260958642,101553891,7,Forever Elite,4,0.0,75.0,0.0,11.0
2026-08-12,Pinjarra,R2 1200m Mdn,2,260958651,4103697,3,Celebratory,2,0.0,3.4,0.0,1.68
2026-08-12,Pinjarra,R2 1200m Mdn,2,260958651,83837855,1,Rocking In Vegas,3,0.0,12.5,1.0,2.96
2026-08-12,Pinjarra,R2 1200m Mdn,2,260958651,100632737,2,Oscars No Grouch,4,0.0,5.3,1.0,1.88
2026-08-12,Pinjarra,R2 1200m Mdn,2,260958651,100633672,7,Kentucky Drive,5,0.0,46.0,0.0,8.0
2026-08-12,Pinjarra,R2 1200m Mdn,2,260958651,101553900,10,Vienna Calling,1,1.0,6.67,1.0,2.05
2026-08-12,Pinjarra,R3 1200m Hcap,3,260958660,5133157,7,Wickiup,4,0.0,13.0,0.0,3.38
2026-08-12,Pinjarra,R3 1200m Hcap,3,260958660,100396879,2,Force Field,3,0.0,3.65,1.0,1.5
2026-08-12,Pinjarra,R3 1200m Hcap,3,260958660,101553906,3,Raw Umber,2,1.0,4.07,1.0,1.92
2026-08-12,Pinjarra,R3 1200m Hcap,3,260958660,101553907,4,Unanswered,1,0.0,16.5,1.0,3.29
2026-08-12,Pinjarra,R3 1200m Hcap,3,260958660,101553909,8,Dumpling,5,0.0,13.89,0.0,3.09
2026-08-12,Pinjarra,R4 1500m CL3,4,260958669,7180383,2,Too Much Talk,4,1.0,12.0,1.0,3.2
2026-08-12,Pinjarra,R4 1500m CL3,4,260958669,89060822,5,Streak Of God,1,0.0,4.68,0.0,1.72
2026-08-12,Pinjarra,R4 1500m CL3,4,260958669,101553912,1,Jazalot,3,0.0,8.2,1.0,2.64
2026-08-12,Pinjarra,R4 1500m CL3,4,260958669,101553913,3,Berry Blast,5,0.0,7.2,0.0,2.36
2026-08-12,Pinjarra,R4 1500m CL3,4,260958669,101553914,4,Back To Bondi,2,0.0,3.3,1.0,1.65
2026-08-12,Pinjarra,R5 1400m CL1,5,260958678,77083399,11,Ginger And Tonic,5,0.0,13.76,0.0,3.37
2026-08-12,Pinjarra,R5 1400m CL1,5,260958678,94736331,3,Cosmic Waltz,2,0.0,3.45,1.0,1.68
2026-08-12,Pinjarra,R5 1400m CL1,5,260958678,100695136,12,Axopar,3,0.0,8.6,0.0,2.8
2026-08-12,Pinjarra,R5 1400m CL1,5,260958678,101553915,6,Miss Defies Me,1,0.0,4.53,0.0,1.98
2026-08-12,Pinjarra,R5 1400m CL1,5,260958678,101553917,8,Alcabeel,4,0.0,24.0,0.0,5.6
2026-08-12,Pinjarra,R6 1600m Hcap,6,260958687,4571908,7,Elegant Ruler,5,0.0,5.36,0.0,1.78
2026-08-12,Pinjarra,R6 1600m Hcap,6,260958687,62634777,4,Here For Cheques,1,0.0,6.38,1.0,2.05
2026-08-12,Pinjarra,R6 1600m Hcap,6,260958687,62634799,5,Celebrity Prince,4,0.0,24.17,0.0,5.8
2026-08-12,Pinjarra,R6 1600m Hcap,6,260958687,84374361,6,Impressive Jewel,3,0.0,3.21,0.0,1.51
2026-08-12,Pinjarra,R6 1600m Hcap,6,260958687,93775706,1,Musgrave,2,0.0,8.11,0.0,2.84
2026-08-12,Pinjarra,R7 1800m CL1,7,260958696,3125102,7,Stolen,4,0.0,19.0,0.0,4.1
2026-08-12,Pinjarra,R7 1800m CL1,7,260958696,94182456,2,Barney Rommel,5,0.0,15.27,0.0,3.96
2026-08-12,Pinjarra,R7 1800m CL1,7,260958696,101553919,5,Acquired Taste,1,0.0,6.08,0.0,2.26
2026-08-12,Pinjarra,R7 1800m CL1,7,260958696,101553920,6,Whiskers Harbour,2,0.0,19.5,0.0,5.2
2026-08-12,Pinjarra,R7 1800m CL1,7,260958696,101553921,8,Al Unique,3,0.0,55.0,0.0,13.64
2026-08-12,Pinjarra,R8 1200m CL3,8,260958705,64764313,11,Hang Glider,5,0.0,28.6,0.0,6.8
2026-08-12,Pinjarra,R8 1200m CL3,8,260958705,80973818,1,Centre Bond,4,0.0,15.64,0.0,3.64
2026-08-12,Pinjarra,R8 1200m CL3,8,260958705,88928374,6,Surround Me,1,0.0,9.25,0.0,3.0
2026-08-12,Pinjarra,R8 1200m CL3,8,260958705,90715926,4,Miss Altair,3,0.0,14.78,0.0,4.6
2026-08-12,Pinjarra,R8 1200m CL3,8,260958705,94410206,7,The Nun,2,0.0,6.23,0.0,2.12
2026-08-13,Bunbury,R1 1000m 3yo,1,260992803,101554996,1,Big Red Zoom,4,1.0,2.97,1.0,1.46
2026-08-13,Bunbury,R1 1000m 3yo,1,260992803,101554998,3,Chix Obsession,5,0.0,20.0,0.0,5.0
2026-08-13,Bunbury,R1 1000m 3yo,1,260992803,101555000,5,What Have You Done,1,0.0,34.0,0.0,5.83
2026-08-13,Bunbury,R1 1000m 3yo,1,260992803,101555001,6,Amalies Rule,3,0.0,70.0,1.0,9.3
2026-08-13,Bunbury,R1 1000m 3yo,1,260992803,101555002,7,Buckshot Bandit,2,0.0,5.27,0.0,1.99
2026-08-13,Bunbury,R2 1000m Mdn,2,260992807,74300577,4,Bubbles In Rio,1,0.0,6.8,1.0,2.22
2026-08-13,Bunbury,R2 1000m Mdn,2,260992807,100019748,8,Dreams Of Diamonds,4,0.0,10.04,0.0,3.23
2026-08-13,Bunbury,R2 1000m Mdn,2,260992807,101555008,5,Arties Eclipse,3,1.0,11.0,1.0,3.3
2026-08-13,Bunbury,R2 1000m Mdn,2,260992807,101555010,9,Hot Chix Lane,2,0.0,4.48,1.0,1.99
2026-08-13,Bunbury,R2 1000m Mdn,2,260992807,101555011,10,Vino Miss,5,0.0,4.04,0.0,1.84
2026-08-13,Bunbury,R3 1690m Mdn,3,260992811,80641253,1,Pembeton,3,0.0,18.46,0.0,3.4
2026-08-13,Bunbury,R3 1690m Mdn,3,260992811,86820776,2,Phat Chaps,1,1.0,1.97,1.0,1.16
2026-08-13,Bunbury,R3 1690m Mdn,3,260992811,94060762,7,Saisoku,4,0.0,20.0,1.0,3.66
2026-08-13,Bunbury,R3 1690m Mdn,3,260992811,99688934,6,Fortunate Spirit,5,0.0,26.78,0.0,4.17
2026-08-13,Bunbury,R3 1690m Mdn,3,260992811,101555014,11,Trickster,2,0.0,3.36,1.0,1.39
2026-08-13,Bunbury,R4 1400m Mdn,4,260992815,101555017,2,Beston Street,4,0.0,6.6,0.0,2.36
2026-08-13,Bunbury,R4 1400m Mdn,4,260992815,101555019,5,Dancing Spirit,3,0.0,29.0,0.0,5.9
2026-08-13,Bunbury,R4 1400m Mdn,4,260992815,101555020,7,Sponge Cake,1,0.0,7.41,0.0,1.73
2026-08-13,Bunbury,R4 1400m Mdn,4,260992815,101555023,12,Capall Gasta,5,0.0,27.63,0.0,5.74
2026-08-13,Bunbury,R4 1400m Mdn,4,260992815,101555024,13,Super God,2,0.0,2.49,1.0,1.41
2026-08-13,Bunbury,R5 1400m Mdn,5,260992819,89060819,2,Sylva Jack,5,0.0,38.0,0.0,5.9
2026-08-13,Bunbury,R5 1400m Mdn,5,260992819,96183108,8,Vampi Queen,3,0.0,3.3,1.0,1.52
2026-08-13,Bunbury,R5 1400m Mdn,5,260992819,101555025,1,Newhaven Prince,1,0.0,2.41,0.0,1.31
2026-08-13,Bunbury,R5 1400m Mdn,5,260992819,101555030,14,Crypto Conqueror,4,0.0,23.0,0.0,4.81
2026-08-13,Bunbury,R5 1400m Mdn,5,260992819,101555031,15,Atsui Haru,2,0.0,8.2,1.0,2.04
2026-08-13,Bunbury,R6 1000m CL3,6,260992823,933697,8,Mantua,4,0.0,11.52,0.0,3.29
2026-08-13,Bunbury,R6 1000m CL3,6,260992823,70570998,6,Sunlit Fresco,5,0.0,10.52,0.0,2.76
2026-08-13,Bunbury,R6 1000m CL3,6,260992823,79220490,4,Something Royal,2,0.0,4.53,1.0,1.8
2026-08-13,Bunbury,R6 1000m CL3,6,260992823,88378764,1,Whos Bent,1,0.0,4.9,0.0,1.82
2026-08-13,Bunbury,R6 1000m CL3,6,260992823,100862482,2,Paint It Red,3,0.0,13.86,0.0,4.39
2026-08-13,Bunbury,R8 1400m CL5,8,260992831,50115602,6,Aintsobad,3,1.0,16.03,1.0,4.0
2026-08-13,Bunbury,R8 1400m CL5,8,260992831,57812725,4,Jelly Can Run,4,0.0,15.0,0.0,3.7
2026-08-13,Bunbury,R8 1400m CL5,8,260992831,61524731,2,Spectacular Park,5,0.0,70.94,0.0,11.23
2026-08-13,Bunbury,R8 1400m CL5,8,260992831,90485047,3,Friars Legacy,1,0.0,4.6,1.0,1.76
2026-08-13,Bunbury,R8 1400m CL5,8,260992831,101555034,7,Dark Avalanche,2,0.0,2.88,0.0,1.49
2026-08-13,Bunbury,R7 1200m CL1,7,261039135,3308241,10,Offshore,5,0.0,42.0,0.0,7.3
2026-08-13,Bunbury,R7 1200m CL1,7,261039135,3308241,10,Offshore,5,0.0,42.0,0.0,
2026-08-13,Bunbury,R7 1200m CL1,7,261039135,94182359,3,Eightyseven Lad,2,0.0,15.0,0.0,
2026-08-13,Bunbury,R7 1200m CL1,7,261039135,94182359,3,Eightyseven Lad,2,0.0,15.0,1.0,3.42
2026-08-13,Bunbury,R7 1200m CL1,7,261039135,96939526,1,Gods Cross,1,1.0,4.0,0.0,
2026-08-13,Bunbury,R7 1200m CL1,7,261039135,96939526,1,Gods Cross,1,1.0,4.0,1.0,1.57
2026-08-13,Bunbury,R7 1200m CL1,7,261039135,98643917,6,Silent Amarda,3,0.0,17.16,0.0,3.85
2026-08-13,Bunbury,R7 1200m CL1,7,261039135,98643917,6,Silent Amarda,3,0.0,17.16,0.0,
2026-08-13,Bunbury,R7 1200m CL1,7,261039135,100165020,4,Tiger Tank,4,0.0,12.0,1.0,3.09
2026-08-13,Bunbury,R7 1200m CL1,7,261039135,100165020,4,Tiger Tank,4,0.0,12.0,0.0,
2026-08-13,Moe,R1 2050m Mdn,1,260992995,11815352,7,Jonquil,3,0.0,12.31,1.0,3.05
2026-08-13,Moe,R1 2050m Mdn,1,260992995,80973073,2,King Tagaloa,2,1.0,11.0,1.0,2.89
2026-08-13,Moe,R1 2050m Mdn,1,260992995,91692501,4,Wyndstar,5,0.0,7.51,0.0,2.2
2026-08-13,Moe,R1 2050m Mdn,1,260992995,101579213,3,Ruskana,1,0.0,2.57,0.0,1.47
2026-08-13,Moe,R1 2050m Mdn,1,260992995,101579214,8,Lomenie,4,0.0,8.9,0.0,2.66
2026-08-13,Moe,R2 1600m Mdn,2,260993003,2669100,2,Churchill Lane,4,0.0,26.81,1.0,3.9
2026-08-13,Moe,R2 1600m Mdn,2,260993003,79021840,3,Good Lordy Me,3,0.0,5.88,0.0,1.61
2026-08-13,Moe,R2 1600m Mdn,2,260993003,83191485,4,Grey Sabre,5,0.0,85.0,0.0,9.4
2026-08-13,Moe,R2 1600m Mdn,2,260993003,84431119,6,Bellabama,1,1.0,1.64,1.0,1.09
2026-08-13,Moe,R2 1600m Mdn,2,260993003,100424501,8,Steal Away,2,0.0,28.0,0.0,3.85
2026-08-13,Moe,R3 1200m Mdn,3,260993011,5055454,4,The Comedian,1,0.0,5.3,0.0,2.4
2026-08-13,Moe,R3 1200m Mdn,3,260993011,99459666,2,Diamond Mila,4,0.0,13.61,0.0,3.35
2026-08-13,Moe,R3 1200m Mdn,3,260993011,101579223,8,Zendarina,2,0.0,7.89,1.0,2.79
2026-08-13,Moe,R3 1200m Mdn,3,260993011,101579225,11,Tauto Bar,3,1.0,5.51,1.0,2.34
2026-08-13,Moe,R3 1200m Mdn,3,260993011,101579230,18,Kilfearagh,5,0.0,30.16,0.0,8.28
2026-08-13,Moe,R4 1000m Mdn,4,260993019,41574475,5,La Velocita,2,0.0,19.0,0.0,3.82
2026-08-13,Moe,R4 1000m Mdn,4,260993019,77339700,3,Sheer Panic,5,0.0,18.0,0.0,3.62
2026-08-13,Moe,R4 1000m Mdn,4,260993019,101579234,4,Koko,1,0.0,2.46,1.0,1.36
2026-08-13,Moe,R4 1000m Mdn,4,260993019,101579238,10,Announced Speed,4,1.0,7.53,1.0,2.22
2026-08-13,Moe,R4 1000m Mdn,4,260993019,101579239,13,Written Charm,3,0.0,12.5,0.0,3.31
2026-08-13,Moe,R5 2050m Hcap,5,260993027,64318418,2,Luckyheleft,2,0.0,9.49,0.0,2.71
2026-08-13,Moe,R5 2050m Hcap,5,260993027,79330768,12,Aberlutely,3,0.0,5.92,1.0,2.16
2026-08-13,Moe,R5 2050m Hcap,5,260993027,94921069,4,Princess Painton,1,0.0,7.84,0.0,2.58
2026-08-13,Moe,R5 2050m Hcap,5,260993027,96938281,3,Mawhera,5,0.0,6.66,0.0,2.44
2026-08-13,Moe,R5 2050m Hcap,5,260993027,100454597,1,Outdrive,4,1.0,5.67,1.0,2.19
2026-08-13,Moe,R6 1600m Hcap,6,260993035,2844961,1,Square Deal,4,0.0,4.7,1.0,2.06
2026-08-13,Moe,R6 1600m Hcap,6,260993035,40259900,6,Diamanda,3,0.0,16.49,1.0,4.23
2026-08-13,Moe,R6 1600m Hcap,6,260993035,72201254,4,Ataegina,1,0.0,2.96,0.0,1.47
2026-08-13,Moe,R6 1600m Hcap,6,260993035,82856630,11,Pro Velocity,2,0.0,14.66,0.0,3.2
2026-08-13,Moe,R6 1600m Hcap,6,260993035,89393216,9,Setheus,5,0.0,9.49,0.0,3.15
2026-08-13,Moe,R7 1200m Hcap,7,260993043,41843760,2,Mojo Music,3,0.0,32.97,0.0,8.0
2026-08-13,Moe,R7 1200m Hcap,7,260993043,59453331,4,Turnaquid,5,0.0,9.42,1.0,2.9
2026-08-13,Moe,R7 1200m Hcap,7,260993043,64546332,3,Russian Front,2,0.0,4.52,0.0,2.06
2026-08-13,Moe,R7 1200m Hcap,7,260993043,82278011,6,Atella Miss,4,0.0,6.04,0.0,2.44
2026-08-13,Moe,R7 1200m Hcap,7,260993043,101579245,5,Get Honor,1,0.0,8.72,0.0,3.29
2026-08-13,Moe,R8 1000m Hcap,8,260993051,6220272,8,Do It Now,4,0.0,30.58,0.0,7.23
2026-08-13,Moe,R8 1000m Hcap,8,260993051,40041229,1,Nasraawy,1,1.0,5.24,1.0,2.08
2026-08-13,Moe,R8 1000m Hcap,8,260993051,92822498,9,Pacific Glamour,2,0.0,12.66,0.0,3.55
2026-08-13,Moe,R8 1000m Hcap,8,260993051,94984979,6,Lake Gillear,5,0.0,9.29,0.0,3.05
2026-08-13,Moe,R8 1000m Hcap,8,260993051,96772552,3,Bold Suitor,3,0.0,3.74,0.0,1.72
2026-08-13,Newcastle,R2 900m 3yo,2,260991582,93239694,1,Final Gift,1,0.0,48.0,0.0,8.02
2026-08-13,Newcastle,R2 900m 3yo,2,260991582,101579259,5,Esnaad,4,0.0,5.28,1.0,1.68
2026-08-13,Newcastle,R2 900m 3yo,2,260991582,101579261,7,Let There Be Drums,5,0.0,6.4,0.0,2.16
2026-08-13,Newcastle,R2 900m 3yo,2,260991582,101579263,10,Pure Ecstasy,3,0.0,19.51,1.0,3.35
2026-08-13,Newcastle,R2 900m 3yo,2,260991582,101579264,11,Simple Pleasures,2,0.0,8.02,0.0,2.12
2026-08-13,Newcastle,R3 900m CL1,3,260991585,63402053,5,Third Base,4,1.0,6.25,1.0,3.15
2026-08-13,Newcastle,R3 900m CL1,3,260991585,63402053,5,Third Base,5,1.0,6.25,1.0,3.15
2026-08-13,Newcastle,R3 900m CL1,3,260991585,88779410,1,Argyros,3,0.0,9.65,0.0,4.4
2026-08-13,Newcastle,R3 900m CL1,3,260991585,98734995,4,Cosmic Order,2,0.0,4.5,1.0,2.2
2026-08-13,Newcastle,R3 900m CL1,3,260991585,101163295,2,Aeternum,1,0.0,2.8,0.0,1.74
2026-08-13,Newcastle,R4 1600m Mdn,4,260991588,95879602,2,Gold Globe,1,1.0,1.44,1.0,1.13
2026-08-13,Newcastle,R4 1600m Mdn,4,260991588,100884932,6,Quadria,3,0.0,10.5,0.0,1.74
2026-08-13,Newcastle,R4 1600m Mdn,4,260991588,101579266,3,Heliconia,2,0.0,7.0,1.0,1.49
2026-08-13,Newcastle,R4 1600m Mdn,4,260991588,101579267,4,Miss Binman,5,0.0,35.12,0.0,3.23
2026-08-13,Newcastle,R4 1600m Mdn,4,260991588,101579268,7,Robbed By Rob,4,0.0,26.0,1.0,2.44
2026-08-13,Newcastle,R5 1250m Mdn,5,260991591,86017830,4,Zousari,4,0.0,44.0,1.0,6.0
2026-08-13,Newcastle,R5 1250m Mdn,5,260991591,94136929,5,Avon Calling,1,0.0,1.69,0.0,1.14
2026-08-13,Newcastle,R5 1250m Mdn,5,260991591,96720578,8,Plume,3,0.0,6.46,1.0,1.78
2026-08-13,Newcastle,R5 1250m Mdn,5,260991591,101579270,1,Real Mccoy,2,0.0,92.24,0.0,6.76
2026-08-13,Newcastle,R5 1250m Mdn,5,260991591,101579272,7,Photoshop,5,0.0,7.75,0.0,1.81
2026-08-13,Newcastle,R6 1400m CL1,6,260991594,1330010,8,Ouragan,3,0.0,11.27,1.0,2.42
2026-08-13,Newcastle,R6 1400m CL1,6,260991594,5100871,2,Woodrow,2,0.0,15.5,0.0,3.2
2026-08-13,Newcastle,R6 1400m CL1,6,260991594,88329918,1,Andron,5,0.0,8.67,0.0,2.32
2026-08-13,Newcastle,R6 1400m CL1,6,260991594,100487043,6,Im Relevant,4,1.0,10.1,1.0,2.43
2026-08-13,Newcastle,R6 1400m CL1,6,260991594,101579274,3,Lego Master,1,0.0,2.12,0.0,1.34
2026-08-13,Newcastle,R7 1250m Hcap,7,260991597,73443742,1,Sharp Shock,3,0.0,95.38,0.0,11.79
2026-08-13,Newcastle,R7 1250m Hcap,7,260991597,79195734,8,Divine Secrets,5,0.0,4.87,1.0,1.63
2026-08-13,Newcastle,R7 1250m Hcap,7,260991597,93239491,6,Herman Said,4,0.0,19.0,0.0,3.3
2026-08-13,Newcastle,R7 1250m Hcap,7,260991597,101579281,15,Asilah,1,0.0,1.96,1.0,1.17
2026-08-13,Newcastle,R7 1250m Hcap,7,260991597,101579281,15,Asilah,2,0.0,1.96,1.0,1.17
2026-08-13,Newcastle,R8 1600m Hcap,8,260991600,2493845,7,Tact,5,0.0,15.5,0.0,3.44
2026-08-13,Newcastle,R8 1600m Hcap,8,260991600,6239103,8,Uncle Harry,3,0.0,4.07,0.0,1.65
2026-08-13,Newcastle,R8 1600m Hcap,8,260991600,69931541,6,Rush Attack,1,0.0,4.9,1.0,1.86
2026-08-13,Newcastle,R8 1600m Hcap,8,260991600,77728750,1,Prince Of Sorts,2,0.0,4.1,0.0,1.7
2026-08-13,Newcastle,R8 1600m Hcap,8,260991600,78780924,5,Tom Cruising,4,0.0,17.0,1.0,3.8
2026-08-13,Rockhampton,R1 1200m 3yo,1,260992835,94985134,3,Gin N Juice,3,1.0,16.0,1.0,1.66
2026-08-13,Rockhampton,R1 1200m 3yo,1,260992835,100200470,8,Tiger Rocket,5,0.0,46.0,0.0,3.35
2026-08-13,Rockhampton,R1 1200m 3yo,1,260992835,101579003,2,Rattlesnakewhiskey,4,0.0,55.0,1.0,2.96
2026-08-13,Rockhampton,R1 1200m 3yo,1,260992835,101579004,4,Itsall About Mary,1,0.0,1.31,0.0,1.07
2026-08-13,Rockhampton,R1 1200m 3yo,1,260992835,101579006,6,Balkan Melody,2,0.0,9.72,1.0,1.41
2026-08-13,Rockhampton,R2 1400m CL5,2,260992839,55244200,2,Lonergy,5,0.0,13.85,0.0,4.5
2026-08-13,Rockhampton,R2 1400m CL5,2,260992839,62632566,1,Ask Me Mate,1,0.0,3.94,0.0,2.14
2026-08-13,Rockhampton,R2 1400m CL5,2,260992839,79523822,3,Warna,3,0.0,3.82,1.0,2.3
2026-08-13,Rockhampton,R2 1400m CL5,2,260992839,79561610,6,Hou Long Gwai,4,0.0,18.5,0.0,6.72
2026-08-13,Rockhampton,R2 1400m CL5,2,260992839,88779268,5,Presszora,2,0.0,10.14,0.0,5.16
2026-08-13,Rockhampton,R3 1050m Mdn,3,260992843,69066800,9,Three Tees,1,0.0,19.89,0.0,4.3
2026-08-13,Rockhampton,R3 1050m Mdn,3,260992843,89623713,6,Eminen,5,0.0,32.0,0.0,6.59
2026-08-13,Rockhampton,R3 1050m Mdn,3,260992843,95620887,3,British Navy,3,0.0,4.2,1.0,1.64
2026-08-13,Rockhampton,R3 1050m Mdn,3,260992843,101579008,4,Graphien,4,0.0,21.0,0.0,4.78
2026-08-13,Rockhampton,R3 1050m Mdn,3,260992843,101579009,5,Next Stop Jupiter,2,1.0,5.6,1.0,1.88
2026-08-13,Rockhampton,R4 1100m Hcap,4,260992847,1171081,6,Resurrected,4,0.0,30.0,0.0,9.8
2026-08-13,Rockhampton,R4 1100m Hcap,4,260992847,41988813,4,Hurtle,5,0.0,85.0,0.0,24.0
2026-08-13,Rockhampton,R4 1100m Hcap,4,260992847,50758166,3,Don Pedro,2,0.0,2.0,1.0,1.31
2026-08-13,Rockhampton,R4 1100m Hcap,4,260992847,53217568,2,Track Tale,1,1.0,3.85,1.0,1.77
2026-08-13,Rockhampton,R4 1100m Hcap,4,260992847,66732839,7,Pantelone,3,0.0,12.5,0.0,3.73
2026-08-13,Rockhampton,R5 1300m Hcap,5,260992851,63640629,1,Kings Duty,3,0.0,10.75,0.0,2.91
2026-08-13,Rockhampton,R5 1300m Hcap,5,260992851,90009895,9,Fitzroy Street,5,0.0,30.0,0.0,6.6
2026-08-13,Rockhampton,R5 1300m Hcap,5,260992851,96800449,7,Autumn Gale,4,0.0,3.71,1.0,1.67
2026-08-13,Rockhampton,R5 1300m Hcap,5,260992851,101579012,4,Bitter Spirit,2,0.0,3.82,0.0,1.56
2026-08-13,Rockhampton,R5 1300m Hcap,5,260992851,101579013,8,Ten Carat Lucy,1,1.0,7.94,1.0,2.19
2026-08-13,Rockhampton,R6 1500m Hcap,6,260992855,3063028,7,Nitrogen,3,0.0,17.55,0.0,4.4
2026-08-13,Rockhampton,R6 1500m Hcap,6,260992855,37932037,2,General Wolffe,2,0.0,7.8,0.0,1.91
2026-08-13,Rockhampton,R6 1500m Hcap,6,260992855,40977574,1,Encouraged,1,1.0,3.79,1.0,1.72
2026-08-13,Rockhampton,R6 1500m Hcap,6,260992855,56606397,6,Launch Mode,5,0.0,70.56,0.0,15.5
2026-08-13,Rockhampton,R6 1500m Hcap,6,260992855,101579014,4,Remember The Boys,4,0.0,4.0,1.0,1.73
2026-08-13,Rockhampton,R7 1100m CL1,7,260992859,88967265,2,Future Soldier,3,0.0,21.35,0.0,4.79
2026-08-13,Rockhampton,R7 1100m CL1,7,260992859,94136420,10,Tara I Am,1,1.0,6.45,1.0,2.2
2026-08-13,Rockhampton,R7 1100m CL1,7,260992859,100749376,1,Dialidae,2,0.0,4.1,0.0,1.9
2026-08-13,Rockhampton,R7 1100m CL1,7,260992859,101579017,4,Doubtwilly,5,0.0,10.93,1.0,3.27
2026-08-13,Rockhampton,R7 1100m CL1,7,260992859,101579018,5,Blue Toes,4,0.0,8.46,0.0,2.77
2026-08-14,Geelong,R1 2435m Mdn,1,261038124,48516924,9,Wings Of Love,3,1.0,12.72,1.0,3.15
2026-08-14,Geelong,R1 2435m Mdn,1,261038124,72134485,6,Bologna Baby,5,0.0,216.98,0.0,44.0
2026-08-14,Geelong,R1 2435m Mdn,1,261038124,92504159,4,Sea Danger,4,0.0,4.32,0.0,1.69
2026-08-14,Geelong,R1 2435m Mdn,1,261038124,100424497,3,Knights Emperor,2,0.0,5.96,0.0,2.47
2026-08-14,Geelong,R1 2435m Mdn,1,261038124,100486854,1,Gaelic Kiwi,1,0.0,3.97,1.0,1.5
2026-08-14,Geelong,R2 1425m Mdn,2,261038132,20507362,3,Just Like Jagger,4,0.0,3.08,0.0,1.35
2026-08-14,Geelong,R2 1425m Mdn,2,261038132,87454227,1,Diesel Desmond,2,0.0,4.54,0.0,1.87
2026-08-14,Geelong,R2 1425m Mdn,2,261038132,93022163,4,Marron,3,0.0,18.31,1.0,4.0
2026-08-14,Geelong,R2 1425m Mdn,2,261038132,101386251,5,Talkin Stern,1,1.0,5.89,1.0,2.0
2026-08-14,Geelong,R2 1425m Mdn,2,261038132,101610122,7,Saatchi,5,0.0,12.47,0.0,2.99
2026-08-14,Geelong,R3 1225m 3yo,3,261038140,101610126,1,Alchemistic,3,0.0,13.5,0.0,3.2
2026-08-14,Geelong,R3 1225m 3yo,3,261038140,101610127,2,Avengers,2,0.0,11.62,0.0,2.66
2026-08-14,Geelong,R3 1225m 3yo,3,261038140,101610130,5,Greenwich Boy,4,1.0,6.0,1.0,2.01
2026-08-14,Geelong,R3 1225m 3yo,3,261038140,101610131,6,Keen Observer,1,0.0,2.54,1.0,1.43
2026-08-14,Geelong,R3 1225m 3yo,3,261038140,101610135,12,I Am Justice,5,0.0,4.3,0.0,1.58
2026-08-14,Geelong,R4 1225m Mdn,4,261038148,347224,8,Galactic Girl,4,0.0,13.5,0.0,3.65
2026-08-14,Geelong,,4,261038148,98418497,11,Spirit Of Gaia,2,,,,
2026-08-14,Geelong,R4 1225m Mdn,4,261038148,99731467,1,Bjorson,1,0.0,5.76,0.0,1.87
2026-08-14,Geelong,R4 1225m Mdn,4,261038148,101610139,2,Mr Spendedoe,5,0.0,2.92,1.0,1.7
2026-08-14,Geelong,R4 1225m Mdn,4,261038148,101610143,10,Pomah,3,1.0,4.61,1.0,1.84
2026-08-14,Geelong,R5 1325m CL1,5,261038156,2335018,7,Prevention,5,1.0,21.0,1.0,3.35
2026-08-14,Geelong,R5 1325m CL1,5,261038156,87454908,2,Godtfred Kirk,2,0.0,7.99,0.0,1.63
2026-08-14,Geelong,,5,261038156,89393208,1,Lofty Thoughts,1,,,,
2026-08-14,Geelong,R5 1325m CL1,5,261038156,92460070,6,Tsarine,4,0.0,8.2,1.0,1.9
2026-08-14,Geelong,R5 1325m CL1,5,261038156,95579012,3,Lyrics N Song,3,0.0,1.84,0.0,1.15
2026-08-14,Geelong,R6 2435m Hcap,6,261038164,3281303,3,Winston,1,0.0,6.4,0.0,2.31
2026-08-14,Geelong,R6 2435m Hcap,6,261038164,64367567,4,Genrichero,2,0.0,10.5,0.0,3.05
2026-08-14,Geelong,R6 2435m Hcap,6,261038164,82603974,10,Amawasha,5,0.0,15.28,0.0,4.49
2026-08-14,Geelong,R6 2435m Hcap,6,261038164,101610148,5,Thunderbolt Way,3,1.0,7.2,1.0,2.58
2026-08-14,Geelong,R6 2435m Hcap,6,261038164,101610150,12,Power Pivot,4,0.0,5.42,1.0,2.08
2026-08-14,Geelong,R7 1225m Hcap,7,261038172,390470,5,National Code,3,0.0,6.92,1.0,2.38
2026-08-14,Geelong,R7 1225m Hcap,7,261038172,78000023,6,Ania,5,0.0,15.66,0.0,3.7
2026-08-14,Geelong,R7 1225m Hcap,7,261038172,85320170,4,Vilnius,2,0.0,20.0,0.0,4.66
2026-08-14,Geelong,R7 1225m Hcap,7,261038172,101610151,1,Fly By Light,1,1.0,3.88,1.0,1.96
2026-08-14,Geelong,R7 1225m Hcap,7,261038172,101610154,9,Lonstar,4,0.0,12.0,0.0,3.89
2026-08-14,Geelong,R8 1730m Hcap,8,261038180,819473,9,Hollandia,5,0.0,96.41,0.0,19.5
2026-08-14,Geelong,R8 1730m Hcap,8,261038180,72415673,17,Jackand,3,0.0,8.85,0.0,2.7
2026-08-14,Geelong,R8 1730m Hcap,8,261038180,77339696,7,Queensbury,4,0.0,7.04,0.0,2.55
2026-08-14,Geelong,R8 1730m Hcap,8,261038180,79523863,3,Omnic,1,0.0,3.96,1.0,1.72
2026-08-14,Geelong,R8 1730m Hcap,8,261038180,93239713,4,Covert Thinking,2,0.0,10.34,0.0,3.29
2026-08-14,Gunnedah,R1 1000m Mdn,1,261032819,334330,7,Miners Mate,3,0.0,2.78,1.0,1.34
2026-08-14,Gunnedah,R1 1000m Mdn,1,261032819,334330,7,Miners Mate,4,0.0,2.78,1.0,1.34
2026-08-14,Gunnedah,R1 1000m Mdn,1,261032819,334330,7,Miners Mate,5,0.0,2.78,1.0,1.34
2026-08-14,Gunnedah,,1,261032819,3606737,2,Im Flexible,3,,,,
2026-08-14,Gunnedah,R1 1000m Mdn,1,261032819,101609583,1,Mongolian Master,1,0.0,3.78,0.0,1.48
2026-08-14,Gunnedah,R1 1000m Mdn,1,261032819,101609587,8,Puffin,2,1.0,7.75,1.0,2.26
2026-08-14,Gunnedah,R2 1400m Mdn,2,261032822,39951852,8,Akuma,3,0.0,10.03,0.0,3.0
2026-08-14,Gunnedah,R2 1400m Mdn,2,261032822,65260450,11,Moon Treaty,2,0.0,11.5,1.0,2.98
2026-08-14,Gunnedah,R2 1400m Mdn,2,261032822,93239931,12,Rockn On Uptown,5,0.0,17.5,0.0,5.0
2026-08-14,Gunnedah,R2 1400m Mdn,2,261032822,101163135,2,High Grade,1,1.0,5.11,1.0,2.14
2026-08-14,Gunnedah,R2 1400m Mdn,2,261032822,101609594,14,Swift Franca,4,0.0,65.0,0.0,12.02
2026-08-14,Gunnedah,R3 1600m CL1,3,261032825,65823520,10,Sharpen The Knives,4,0.0,22.0,0.0,4.23
2026-08-14,Gunnedah,R3 1600m CL1,3,261032825,81747527,4,Nielsen Park,1,0.0,3.64,0.0,1.55
2026-08-14,Gunnedah,R3 1600m CL1,3,261032825,84147443,9,Risk Assessment,2,1.0,12.6,1.0,4.1
2026-08-14,Gunnedah,R3 1600m CL1,3,261032825,84147443,9,Risk Assessment,3,1.0,12.6,1.0,4.1
2026-08-14,Gunnedah,R3 1600m CL1,3,261032825,88111487,6,Aurora Effect,5,0.0,3.5,0.0,1.79
2026-08-14,Gunnedah,R4 1250m Mdn,4,261032828,515661,5,Takethemoneyandrun,4,0.0,32.73,0.0,6.45
2026-08-14,Gunnedah,R4 1250m Mdn,4,261032828,86388876,7,Miss Maverick,3,0.0,24.21,0.0,4.67
2026-08-14,Gunnedah,R4 1250m Mdn,4,261032828,101609602,6,First Embrace,1,0.0,4.18,1.0,1.6
2026-08-14,Gunnedah,R4 1250m Mdn,4,261032828,101609603,8,Street Force,5,1.0,4.05,1.0,1.89
2026-08-14,Gunnedah,R4 1250m Mdn,4,261032828,101609604,9,Supergrace,2,0.0,11.41,0.0,2.68
2026-08-14,Gunnedah,R5 1400m Hcap,5,261032831,6786565,2,Josephine,2,0.0,2.98,1.0,1.53
2026-08-14,Gunnedah,R5 1400m Hcap,5,261032831,6786565,2,Josephine,5,0.0,2.98,1.0,1.53
2026-08-14,Gunnedah,R5 1400m Hcap,5,261032831,87767000,8,Backhander,4,1.0,17.5,1.0,3.41
2026-08-14,Gunnedah,R5 1400m Hcap,5,261032831,96771716,4,Ichika,3,0.0,11.03,0.0,5.8
2026-08-14,Gunnedah,R5 1400m Hcap,5,261032831,99492508,3,Smart Buy,1,0.0,10.5,0.0,3.06
2026-08-14,Gunnedah,R6 1400m Hcap,6,261032834,3497031,5,Heathcliff,1,0.0,2.18,0.0,1.32
2026-08-14,Gunnedah,R6 1400m Hcap,6,261032834,65823503,1,Damascus Gate,5,0.0,9.35,1.0,2.76
2026-08-14,Gunnedah,R6 1400m Hcap,6,261032834,78463644,6,Smart Jazz,2,0.0,30.77,0.0,5.8
2026-08-14,Gunnedah,R6 1400m Hcap,6,261032834,82376396,2,Bolt Away Now,3,0.0,10.51,0.0,2.9
2026-08-14,Gunnedah,R6 1400m Hcap,6,261032834,101609613,8,Honey Slider,4,0.0,18.5,1.0,4.1
2026-08-14,Gunnedah,R7 1250m CL3,7,261032837,3646564,1,Irish Jig,1,0.0,4.8,0.0,2.16
2026-08-14,Gunnedah,R7 1250m CL3,7,261032837,49585132,9,Gelsey,5,0.0,11.0,0.0,2.96
2026-08-14,Gunnedah,R7 1250m CL3,7,261032837,82818928,12,Quick Sharp,4,0.0,8.8,0.0,3.15
2026-08-14,Gunnedah,R7 1250m CL3,7,261032837,97242117,3,Demarcate,3,0.0,14.72,0.0,4.9
2026-08-14,Gunnedah,R7 1250m CL3,7,261032837,99459205,4,Zoucratic,2,0.0,9.2,1.0,3.2
2026-08-14,Gunnedah,R8 1000m Hcap,8,261032840,6897715,3,Nor Nor West,4,0.0,3.65,0.0,1.99
2026-08-14,Gunnedah,R8 1000m Hcap,8,261032840,84982049,2,Soobooco,2,0.0,12.5,1.0,3.33
2026-08-14,Gunnedah,R8 1000m Hcap,8,261032840,96289328,6,Snatchreilly,3,0.0,26.03,0.0,6.2
2026-08-14,Gunnedah,R8 1000m Hcap,8,261032840,101609623,10,Octavian Treasure,1,1.0,13.72,1.0,3.94
2026-08-14,Gunnedah,R8 1000m Hcap,8,261032840,101609628,19,Adviser,5,0.0,60.7,1.0,10.0
2026-08-14,Ipswich,R1 800m Mdn,1,261037957,90848391,6,Luminous Girl,1,0.0,11.0,0.0,2.58
2026-08-14,Ipswich,R1 800m Mdn,1,261037957,95344639,7,Mishani Senorita,4,0.0,40.0,0.0,8.26
2026-08-14,Ipswich,R1 800m Mdn,1,261037957,101609554,1,Vega Five,3,0.0,6.6,0.0,2.46
2026-08-14,Ipswich,R1 800m Mdn,1,261037957,101609558,5,Love And Pain,5,0.0,6.4,1.0,2.16
2026-08-14,Ipswich,R1 800m Mdn,1,261037957,101609561,10,Lady Estelle,2,0.0,7.07,0.0,2.36
2026-08-14,Ipswich,R2 1666m Mdn,2,261037961,80640126,1,Brass Band,2,0.0,14.5,1.0,2.52
2026-08-14,Ipswich,R2 1666m Mdn,2,261037961,81848615,6,Steplika Lion,5,0.0,50.0,0.0,5.09
2026-08-14,Ipswich,R2 1666m Mdn,2,261037961,89265257,3,I Say I Say,3,0.0,4.08,1.0,1.32
2026-08-14,Ipswich,R2 1666m Mdn,2,261037961,101609562,5,King Emperor,1,1.0,1.99,1.0,1.23
2026-08-14,Ipswich,R2 1666m Mdn,2,261037961,101609563,9,Amazara,4,0.0,17.4,0.0,2.76
2026-08-14,Ipswich,R3 2150m Hcap,3,261037965,4397041,4,Power Pack,5,1.0,8.72,1.0,2.26
2026-08-14,Ipswich,R3 2150m Hcap,3,261037965,56053697,3,Kerkorian,2,0.0,4.3,1.0,1.59
2026-08-14,Ipswich,R3 2150m Hcap,3,261037965,79294108,9,Miss Dynamo,3,0.0,16.0,0.0,4.27
2026-08-14,Ipswich,R3 2150m Hcap,3,261037965,89017901,1,Chassagne,1,0.0,16.32,0.0,3.65
2026-08-14,Ipswich,R3 2150m Hcap,3,261037965,98482090,6,Launcher,4,0.0,6.19,0.0,2.1
2026-08-14,Ipswich,R4 800m Hcap,4,261037969,38745043,12,Top Bird,5,0.0,118.57,0.0,16.81
2026-08-14,Ipswich,R4 800m Hcap,4,261037969,83155671,3,Before Anyone Else,2,0.0,4.9,0.0,2.04
2026-08-14,Ipswich,R4 800m Hcap,4,261037969,86389070,5,Crypto Miss,1,0.0,4.79,1.0,2.18
2026-08-14,Ipswich,R4 800m Hcap,4,261037969,94736297,10,Mashean,4,0.0,5.4,0.0,2.14
2026-08-14,Ipswich,R4 800m Hcap,4,261037969,100720883,9,I Am Gone,3,0.0,12.0,0.0,4.03
2026-08-14,Ipswich,R5 1666m Hcap,5,261037973,54339899,1,Capo Strada,3,0.0,30.0,0.0,6.4
2026-08-14,Ipswich,R5 1666m Hcap,5,261037973,55244037,6,Yukanuma,5,0.0,22.0,0.0,4.83
2026-08-14,Ipswich,R5 1666m Hcap,5,261037973,67530421,2,Flying Bat,4,0.0,6.11,1.0,2.6
2026-08-14,Ipswich,R5 1666m Hcap,5,261037973,92784378,5,Luconi,1,0.0,3.89,1.0,1.77
2026-08-14,Ipswich,R5 1666m Hcap,5,261037973,99242282,4,Hazey Hill,2,0.0,7.5,0.0,2.33
2026-08-14,Ipswich,R6 1350m Hcap,6,261037977,909529,8,Kundabung,1,0.0,6.2,1.0,2.22
2026-08-14,Ipswich,R6 1350m Hcap,6,261037977,46862652,11,Echo Hunter,4,0.0,19.0,0.0,4.52
2026-08-14,Ipswich,R6 1350m Hcap,6,261037977,64546563,3,Heroic Miss,5,0.0,25.0,0.0,6.31
2026-08-14,Ipswich,R6 1350m Hcap,6,261037977,67937990,1,Holy Flash,3,0.0,5.0,0.0,1.99
2026-08-14,Ipswich,R6 1350m Hcap,6,261037977,78000243,4,Fiorsum Fred,2,0.0,9.32,0.0,3.22
2026-08-14,Ipswich,R7 1200m CL1,7,261037981,1542497,8,Transgress,3,0.0,46.0,0.0,5.2
2026-08-14,Ipswich,R7 1200m CL1,7,261037981,93466749,11,Forgotten Spirit,1,0.0,1.57,1.0,1.11
2026-08-14,Ipswich,R7 1200m CL1,7,261037981,94376262,2,Chiba,5,0.0,230.96,0.0,21.0
2026-08-14,Ipswich,R7 1200m CL1,7,261037981,101609569,3,Kinki Fish,4,0.0,9.0,0.0,2.06
2026-08-14,Ipswich,R7 1200m CL1,7,261037981,101609574,13,Tam Na Ghar,2,0.0,10.78,0.0,2.14
2026-08-14,Taree,R1 1000m Mdn,1,261038098,70322987,3,Fratianno,1,0.0,1.65,1.0,1.16
2026-08-14,Taree,R1 1000m Mdn,1,261038098,75965213,9,Suvathi,5,0.0,30.4,0.0,4.25
2026-08-14,Taree,R1 1000m Mdn,1,261038098,94687754,5,Cheating Lilibet,2,1.0,4.6,1.0,1.35
2026-08-14,Taree,R2 1250m Mdn,2,261038101,3714853,11,Love Goddess,5,0.0,5.44,0.0,2.47
2026-08-14,Taree,R2 1250m Mdn,2,261038101,100049333,10,Fashion Spree,3,0.0,23.0,0.0,4.52
2026-08-14,Taree,R2 1250m Mdn,2,261038101,101609511,3,Konomie,1,1.0,4.7,1.0,1.63
2026-08-14,Taree,R2 1250m Mdn,2,261038101,101609512,5,Parkers Paradise,2,0.0,10.0,0.0,2.7
2026-08-14,Taree,R2 1250m Mdn,2,261038101,101609518,16,Dont Tell Harry,4,0.0,11.89,0.0,4.3
2026-08-14,Taree,R3 1600m CL1,3,261038104,5444699,5,Surpasser,2,0.0,3.55,0.0,1.66
2026-08-14,Taree,R3 1600m CL1,3,261038104,84696168,3,Major Lightning,4,0.0,15.0,0.0,3.52
2026-08-14,Taree,R3 1600m CL1,3,261038104,97983163,4,Ordinary Angel,3,1.0,6.71,1.0,2.09
2026-08-14,Taree,R3 1600m CL1,3,261038104,100019683,7,Zenmode,5,0.0,14.0,0.0,3.65
2026-08-14,Taree,R3 1600m CL1,3,261038104,101609522,10,Kowloon Magnate,1,0.0,5.6,1.0,1.75
2026-08-14,Taree,R4 2000m Hcap,4,261038107,1135432,10,Quick Buck,5,0.0,22.83,0.0,5.4
2026-08-14,Taree,R4 2000m Hcap,4,261038107,86388470,5,Exorbitant Miss,2,1.0,6.6,1.0,2.46
2026-08-14,Taree,R4 2000m Hcap,4,261038107,100263187,9,Lone Star Dream,3,0.0,5.2,1.0,2.04
2026-08-14,Taree,R4 2000m Hcap,4,261038107,100720878,13,Mr Villa,4,0.0,15.0,1.0,3.75
2026-08-14,Taree,R4 2000m Hcap,4,261038107,101609527,12,Deep Drive,1,0.0,16.0,0.0,4.2
2026-08-14,Taree,R5 1400m CL2,5,261038110,83345480,2,Pelosa,5,0.0,16.0,0.0,6.2
2026-08-14,Taree,R5 1400m CL2,5,261038110,84222401,1,Star Prediction,1,0.0,11.0,0.0,3.36
2026-08-14,Taree,R5 1400m CL2,5,261038110,93573791,9,Whiskers,4,0.0,13.28,0.0,3.65
2026-08-14,Taree,R5 1400m CL2,5,261038110,99809839,12,Enzoni,3,0.0,28.22,0.0,7.4
2026-08-14,Taree,R5 1400m CL2,5,261038110,101609530,5,I Am Steffi,2,1.0,4.8,1.0,1.94
2026-08-14,Taree,R6 1000m Hcap,6,261038113,903679,1,Shaggy,3,0.0,1.99,1.0,1.35
2026-08-14,Taree,R6 1000m Hcap,6,261038113,1336915,8,Debussy,2,1.0,6.96,1.0,1.98
2026-08-14,Taree,R6 1000m Hcap,6,261038113,39171159,3,Ostracised,5,0.0,67.46,0.0,10.5
2026-08-14,Taree,R6 1000m Hcap,6,261038113,56357362,4,Angara,4,0.0,11.0,0.0,2.76
2026-08-14,Taree,,6,261038113,80130126,6,Beer Baron,1,,,,
2026-08-14,Taree,R7 1400m Hcap,7,261038116,428699,2,Just In Time,1,1.0,5.58,1.0,2.14
2026-08-14,Taree,R7 1400m Hcap,7,261038116,39979394,3,Zaru,3,0.0,8.09,1.0,2.99
2026-08-14,Taree,R7 1400m Hcap,7,261038116,74814502,9,Savvyrocker,4,0.0,10.92,0.0,2.7
2026-08-14,Taree,R7 1400m Hcap,7,261038116,86933096,5,Show Em Howl,2,0.0,2.7,1.0,1.35
2026-08-14,Taree,R7 1400m Hcap,7,261038116,101609534,1,Kaizad,5,0.0,44.36,0.0,7.8
2026-08-14,Taree,R8 1000m CL1,8,261038119,1008559,9,Wild Pharaoh,3,0.0,23.0,0.0,5.0
2026-08-14,Taree,R8 1000m CL1,8,261038119,67259565,7,Russian Escape,1,0.0,30.08,0.0,5.8
2026-08-14,Taree,R8 1000m CL1,8,261038119,81263854,4,Watch Capital,4,0.0,46.77,0.0,10.18
2026-08-14,Taree,R8 1000m CL1,8,261038119,91432057,5,Dirty Does It,5,0.0,4.7,1.0,1.78
2026-08-14,Taree,R8 1000m CL1,8,261038119,94135802,8,Exceed Me,2,0.0,26.0,0.0,4.5
2026-08-15,Belmont,R2 1000m Hcap,2,261041800,4547826,7,Girls Day Out,1,0.0,7.4,1.0,3.22
2026-08-15,Belmont,R2 1000m Hcap,2,261041800,5659704,6,Swingman,2,0.0,6.53,0.0,2.76
2026-08-15,Belmont,R2 1000m Hcap,2,261041800,64343971,1,Ginnivan,4,1.0,30.38,1.0,9.0
2026-08-15,Belmont,R2 1000m Hcap,2,261041800,73643271,2,Sinful Living,3,0.0,24.0,0.0,7.4
2026-08-15,Belmont,R2 1000m Hcap,2,261041800,80856829,3,Amaroo Star,5,0.0,13.5,0.0,4.4
2026-08-15,Belmont,R3 1400m Hcap,3,261041809,56606531,4,Exceltrain,4,0.0,17.02,1.0,2.93
2026-08-15,Belmont,R3 1400m Hcap,3,261041809,65732753,1,Angel Undercover,1,0.0,7.0,0.0,1.94
2026-08-15,Belmont,R3 1400m Hcap,3,261041809,84107593,8,Yes I Know,2,0.0,2.82,0.0,1.34
2026-08-15,Belmont,R3 1400m Hcap,3,261041809,85982319,7,The Crimson Pirate,3,0.0,5.32,1.0,1.81
2026-08-15,Belmont,R3 1400m Hcap,3,261041809,92744633,2,Charino,5,1.0,6.63,1.0,2.12
2026-08-15,Belmont,R4 2100m Hcap,4,261041818,1321943,3,Double The Fun,1,0.0,3.3,0.0,1.6
2026-08-15,Belmont,R4 2100m Hcap,4,261041818,1423821,1,Decision Maker,3,0.0,6.94,0.0,2.34
2026-08-15,Belmont,R4 2100m Hcap,4,261041818,81157221,4,Starwalker,4,1.0,15.57,1.0,3.84
2026-08-15,Belmont,R4 2100m Hcap,4,261041818,92784964,6,Eternal Romance,5,0.0,10.0,0.0,2.98
2026-08-15,Belmont,R4 2100m Hcap,4,261041818,93022678,5,Sweet Surrender,2,0.0,8.6,1.0,2.64
2026-08-15,Belmont,R5 1300m Hcap,5,261041827,60491791,1,Ruler Rocket,1,0.0,41.45,0.0,7.75
2026-08-15,Belmont,R5 1300m Hcap,5,261041827,65052254,6,Mia Gusto,4,0.0,54.21,0.0,11.0
2026-08-15,Belmont,R5 1300m Hcap,5,261041827,68124638,10,Right To Silence,5,0.0,33.13,0.0,6.4
2026-08-15,Belmont,R5 1300m Hcap,5,261041827,101611511,3,Gods Gate,3,0.0,4.93,1.0,1.9
2026-08-15,Belmont,R5 1300m Hcap,5,261041827,101611512,4,Gold Flakes,2,0.0,7.85,1.0,2.7
2026-08-15,Belmont,R6 1650m Hcap,6,261041836,1504059,5,Romantic Ruler,4,0.0,38.0,0.0,4.0
2026-08-15,Belmont,R6 1650m Hcap,6,261041836,5207660,2,In Confidence,3,0.0,1.52,1.0,1.12
2026-08-15,Belmont,R6 1650m Hcap,6,261041836,38328002,3,Ginger Green,2,0.0,11.97,1.0,2.28
2026-08-15,Belmont,R6 1650m Hcap,6,261041836,58817089,4,Prophet And Power,5,0.0,25.0,0.0,4.28
2026-08-15,Belmont,R6 1650m Hcap,6,261041836,82858173,1,Memory Parade,1,0.0,13.0,0.0,2.28
2026-08-15,Belmont,R7 1650m Hcap,7,261041845,11033302,11,Lillian,3,0.0,2.61,0.0,1.38
2026-08-15,Belmont,R7 1650m Hcap,7,261041845,42562009,7,Outspoken Lad,4,0.0,29.9,1.0,5.3
2026-08-15,Belmont,R7 1650m Hcap,7,261041845,51931602,5,Too Dardy,2,1.0,12.5,1.0,2.88
2026-08-15,Belmont,R7 1650m Hcap,7,261041845,64959782,6,Snippy Which,1,0.0,6.31,0.0,1.98
2026-08-15,Belmont,R7 1650m Hcap,7,261041845,65732773,4,Silver Eye,5,0.0,5.26,0.0,1.9
2026-08-15,Belmont,R8 1200m Hcap,8,261041854,9349693,1,Lord Shiva,5,1.0,7.0,1.0,2.49
2026-08-15,Belmont,R8 1200m Hcap,8,261041854,67858312,7,Ripper Farooq,1,0.0,13.5,0.0,3.97
2026-08-15,Belmont,R8 1200m Hcap,8,261041854,84374349,6,Flash Dancer,3,0.0,10.0,0.0,2.84
2026-08-15,Belmont,R8 1200m Hcap,8,261041854,91808582,2,Sherpa Express,2,0.0,15.24,0.0,4.14
2026-08-15,Belmont,R8 1200m Hcap,8,261041854,101611515,8,Belaura Star,4,0.0,19.7,0.0,4.46
2026-08-15,Broome,R2 1615m CL2,2,261065604,1274564,4,Moment In The Sun,5,0.0,12.54,0.0,2.46
2026-08-15,Broome,R2 1615m CL2,2,261065604,1541774,2,Karsavina,1,0.0,2.23,1.0,1.2
2026-08-15,Broome,R2 1615m CL2,2,261065604,58844502,3,Solar System,4,1.0,5.2,1.0,1.8
2026-08-15,Broome,R2 1615m CL2,2,261065604,78212649,5,Ezelove,3,0.0,48.16,0.0,9.6
2026-08-15,Broome,R2 1615m CL2,2,261065604,97659524,1,Hundred Yards,2,0.0,8.6,0.0,2.58
2026-08-15,Broome,R3 1200m CL2,3,261065608,66791412,5,Seeyouatthesession,3,0.0,17.0,0.0,4.03
2026-08-15,Broome,R3 1200m CL2,3,261065608,78932303,8,Sanctions,4,0.0,8.6,1.0,2.39
2026-08-15,Broome,R3 1200m CL2,3,261065608,84223675,2,Rays Sauce,5,0.0,4.15,1.0,1.66
2026-08-15,Broome,R3 1200m CL2,3,261065608,84223676,4,Cassenite,2,0.0,10.0,0.0,2.85
2026-08-15,Broome,R3 1200m CL2,3,261065608,100886390,1,Mohegan Ruler,1,0.0,7.4,0.0,2.18
2026-08-15,Broome,R4 2070m Hcap,4,261065612,576738,3,Wolfman,2,0.0,4.98,0.0,1.95
2026-08-15,Broome,R4 2070m Hcap,4,261065612,576738,3,Wolfman,3,0.0,4.98,0.0,1.95
2026-08-15,Broome,R4 2070m Hcap,4,261065612,50387337,6,Street Maschino,1,1.0,4.38,1.0,2.09
2026-08-15,Broome,R4 2070m Hcap,4,261065612,51219255,1,Magic Whistle,5,0.0,21.03,0.0,5.26
2026-08-15,Broome,R4 2070m Hcap,4,261065612,53409339,8,Beautiful Baroque,4,0.0,8.96,0.0,2.57
2026-08-15,Broome,R5 1435m Hcap,5,261065616,39859324,4,Oceans Jen,4,0.0,7.8,0.0,2.62
2026-08-15,Broome,R5 1435m Hcap,5,261065616,62661753,5,Canggu,1,0.0,10.54,0.0,3.2
2026-08-15,Broome,R5 1435m Hcap,5,261065616,68324932,1,Big Shots,2,1.0,6.8,1.0,2.24
2026-08-15,Broome,R5 1435m Hcap,5,261065616,72851117,7,Ima Wild Girl,3,0.0,17.1,0.0,5.7
2026-08-15,Broome,R5 1435m Hcap,5,261065616,99207606,3,Sempre,5,0.0,7.0,0.0,2.42
2026-08-15,Broome,R6 1300m Hcap,6,261065620,4374044,7,Catalpa,4,0.0,34.0,0.0,7.72
2026-08-15,Broome,R6 1300m Hcap,6,261065620,51918634,5,Mocha Dream,1,0.0,22.55,0.0,5.0
2026-08-15,Broome,R6 1300m Hcap,6,261065620,58313045,8,Fire The Guard,2,0.0,7.0,0.0,2.78
2026-08-15,Broome,R6 1300m Hcap,6,261065620,63085663,3,Climb On Top,5,1.0,22.0,1.0,6.8
2026-08-15,Broome,R6 1300m Hcap,6,261065620,101640183,12,Great Edition,3,0.0,6.38,1.0,2.33
2026-08-15,Broome,R7 2200m Cup,7,261065624,4859406,6,Ichiban,3,0.0,13.95,0.0,4.4
2026-08-15,Broome,R7 2200m Cup,7,261065624,40842746,8,Letsdeal,4,0.0,27.0,1.0,5.76
2026-08-15,Broome,R7 2200m Cup,7,261065624,47663459,3,Maxxi Bon,1,0.0,5.31,0.0,2.14
2026-08-15,Broome,R7 2200m Cup,7,261065624,49710816,11,Hafey,5,0.0,200.0,0.0,28.66
2026-08-15,Broome,R7 2200m Cup,7,261065624,55206869,12,Kings Sicario,2,1.0,5.84,1.0,2.3
2026-08-15,Broome,R8 1615m Hcap,8,261065628,45348840,8,Success Play,3,0.0,17.0,0.0,4.68
2026-08-15,Broome,R8 1615m Hcap,8,261065628,62790783,6,Rommels Goddess,4,0.0,8.84,0.0,2.6
2026-08-15,Broome,R8 1615m Hcap,8,261065628,70139354,3,Capricorn Man,1,0.0,24.0,0.0,5.78
2026-08-15,Broome,R8 1615m Hcap,8,261065628,78212903,4,Whats The Point,2,0.0,2.54,1.0,1.45
2026-08-15,Broome,R8 1615m Hcap,8,261065628,85779322,9,Civvy Street,5,0.0,20.26,0.0,5.02
2026-08-15,Caulfield,R5 1100m Grp3,5,261034954,4360774,1,Tornado Valley,3,0.0,10.41,0.0,2.38
2026-08-15,Caulfield,R5 1100m Grp3,5,261034954,4360774,1,Tornado Valley,5,0.0,10.41,0.0,2.38
2026-08-15,Caulfield,R5 1100m Grp3,5,261034954,96455803,2,Closer To Free,1,0.0,2.32,0.0,1.43
2026-08-15,Caulfield,R5 1100m Grp3,5,261034954,101610185,3,Hard Kick,4,1.0,9.34,1.0,2.8
2026-08-15,Caulfield,R5 1100m Grp3,5,261034954,101610186,4,Big Wigs,2,0.0,7.4,0.0,2.15
2026-08-15,Caulfield,R6 1100m Grp3,6,261034963,94984027,1,Lara Antipova,5,0.0,10.4,0.0,3.45
2026-08-15,Caulfield,R6 1100m Grp3,6,261034963,99460167,7,Stars Of Dom,3,0.0,17.0,0.0,4.0
2026-08-15,Caulfield,R6 1100m Grp3,6,261034963,101610192,5,Natural Fling,1,1.0,2.47,1.0,1.61
2026-08-15,Caulfield,R6 1100m Grp3,6,261034963,101610194,10,Riverina Lulu,2,0.0,8.0,0.0,2.8
2026-08-15,Caulfield,R6 1100m Grp3,6,261034963,101610198,15,Santa Barbara,4,0.0,25.04,0.0,4.88
2026-08-15,Caulfield,R7 1400m Grp2,7,261034972,36297193,1,Private Eye,1,0.0,3.3,1.0,1.44
2026-08-15,Caulfield,R7 1400m Grp2,7,261034972,61069728,12,Coeur Volante,5,0.0,14.0,0.0,3.18
2026-08-15,Caulfield,R7 1400m Grp2,7,261034972,62634787,7,Cosmic Crusader,3,1.0,3.08,1.0,1.46
2026-08-15,Caulfield,R7 1400m Grp2,7,261034972,73992285,6,Feroce,4,0.0,15.22,0.0,3.51
2026-08-15,Caulfield,R7 1400m Grp2,7,261034972,101610204,13,Ohope Wins,2,0.0,57.1,0.0,8.92
2026-08-15,Caulfield,R8 1200m Listed,8,261034981,45565425,7,Recommendation,1,0.0,9.06,1.0,2.72
2026-08-15,Caulfield,R8 1200m Listed,8,261034981,49514137,1,Arkansaw Kid,2,0.0,8.2,0.0,2.2
2026-08-15,Caulfield,R8 1200m Listed,8,261034981,80363091,9,Shadhavar,3,1.0,4.88,1.0,2.29
2026-08-15,Caulfield,R8 1200m Listed,8,261034981,84982419,2,Warnie,5,0.0,14.0,0.0,4.41
2026-08-15,Caulfield,R8 1200m Listed,8,261034981,101610205,10,Mcgaw,4,0.0,18.5,0.0,5.76
2026-08-15,Caulfield,R9 1600m Hcap,9,261034990,268683,1,Berkeley Square,5,0.0,50.71,0.0,7.8
2026-08-15,Caulfield,R9 1600m Hcap,9,261034990,43668876,2,Just Folk,3,0.0,7.55,1.0,2.0
2026-08-15,Caulfield,R9 1600m Hcap,9,261034990,69607011,4,Detonator Jack,2,0.0,9.6,1.0,2.38
2026-08-15,Caulfield,R9 1600m Hcap,9,261034990,70385952,3,Light Infantry Man,1,0.0,4.15,0.0,1.51
2026-08-15,Caulfield,R9 1600m Hcap,9,261034990,101610208,13,Darkbonee,4,1.0,2.92,1.0,1.42
2026-08-15,Doomben,R7 1200m Hcap,7,261033250,659707,3,Braveheart,2,1.0,3.45,1.0,1.4
2026-08-15,Doomben,R7 1200m Hcap,7,261033250,60528341,13,Lion Class,5,0.0,25.0,1.0,3.89
2026-08-15,Doomben,R7 1200m Hcap,7,261033250,70078400,7,True Amor,1,0.0,6.4,0.0,2.0
2026-08-15,Doomben,R7 1200m Hcap,7,261033250,101609925,8,Blazing Harry,3,0.0,3.05,1.0,1.43
2026-08-15,Doomben,R7 1200m Hcap,7,261033250,101609925,8,Blazing Harry,4,0.0,3.05,1.0,1.43
2026-08-15,Doomben,R8 1200m Hcap,8,261033259,6309730,3,Gospel Girl,2,0.0,6.77,1.0,1.93
2026-08-15,Doomben,R8 1200m Hcap,8,261033259,48638259,2,Acappella Sun,3,0.0,14.5,0.0,2.69
2026-08-15,Doomben,R8 1200m Hcap,8,261033259,100694632,6,Grinzinger Champ,1,1.0,2.21,1.0,1.17
2026-08-15,Doomben,R8 1200m Hcap,8,261033259,101609928,7,Tornado Express,4,0.0,8.4,0.0,2.05
2026-08-15,Doomben,R8 1200m Hcap,8,261033259,101609929,12,Nepravda,5,0.0,23.25,1.0,3.62
2026-08-15,Doomben,R9 1200m Hcap,9,261033268,2261733,7,Hell,5,0.0,3.2,0.0,1.65
2026-08-15,Doomben,R9 1200m Hcap,9,261033268,48401632,3,Pereille,2,0.0,5.3,1.0,1.86
2026-08-15,Doomben,R9 1200m Hcap,9,261033268,57883758,1,Epic Proportions,1,0.0,9.96,0.0,3.63
2026-08-15,Doomben,R9 1200m Hcap,9,261033268,86620680,12,Caspernova,4,0.0,12.42,0.0,3.46
2026-08-15,Doomben,R9 1200m Hcap,9,261033268,87164556,2,Nettuno,3,0.0,36.0,0.0,9.1
2026-08-15,Gold Coast,R4 2000m Hcap,4,261066271,66240139,3,Bovidae,5,0.0,12.0,0.0,3.17
2026-08-15,Gold Coast,R4 2000m Hcap,4,261066271,84659236,2,Golden Smile,1,0.0,7.4,0.0,2.9
2026-08-15,Gold Coast,R4 2000m Hcap,4,261066271,85813868,5,Weekend Artist,3,0.0,7.06,0.0,2.34
2026-08-15,Gold Coast,R4 2000m Hcap,4,261066271,97984891,7,Brain Wave,4,1.0,4.1,1.0,1.79
2026-08-15,Gold Coast,R4 2000m Hcap,4,261066271,98146452,1,Cast Party,2,0.0,3.35,1.0,1.68
2026-08-15,Gold Coast,R5 1540m Hcap,5,261066275,18250966,9,Namara,2,0.0,23.09,0.0,4.9
2026-08-15,Gold Coast,R5 1540m Hcap,5,261066275,58312721,6,Constant Cafe,3,0.0,8.8,0.0,3.0
2026-08-15,Gold Coast,R5 1540m Hcap,5,261066275,59186937,8,State A Fact,4,0.0,22.45,0.0,4.1
2026-08-15,Gold Coast,R5 1540m Hcap,5,261066275,62135266,2,He Is The Kiss,5,0.0,10.11,0.0,3.2
2026-08-15,Gold Coast,R5 1540m Hcap,5,261066275,87805191,7,Monte Carlo Miss,1,0.0,4.8,1.0,2.26
2026-08-15,Gold Coast,R6 1150m Hcap,6,261066279,2683398,3,Ralphie,5,0.0,14.48,0.0,2.94
2026-08-15,Gold Coast,R6 1150m Hcap,6,261066279,57148407,2,Spirit Of Brodie,2,1.0,3.78,1.0,1.82
2026-08-15,Gold Coast,R6 1150m Hcap,6,261066279,60779534,6,Mishani Ego,3,0.0,20.0,1.0,5.66
2026-08-15,Gold Coast,R6 1150m Hcap,6,261066279,61248929,5,Lady Shotgun,1,0.0,17.0,1.0,3.57
2026-08-15,Gold Coast,R6 1150m Hcap,6,261066279,61248932,8,Missile One,4,0.0,10.24,0.0,3.68
2026-08-15,Gold Coast,R7 1050m Hcap,7,261066283,2070435,5,Darth Invader,1,0.0,13.4,0.0,3.72
2026-08-15,Gold Coast,R7 1050m Hcap,7,261066283,63122452,4,Supidos Choice,2,1.0,14.4,1.0,3.54
2026-08-15,Gold Coast,R7 1050m Hcap,7,261066283,71651148,1,I Am Voodoo,3,0.0,5.53,0.0,2.12
2026-08-15,Gold Coast,R7 1050m Hcap,7,261066283,81848214,10,Shapin Power,4,0.0,19.5,1.0,4.7
2026-08-15,Gold Coast,R7 1050m Hcap,7,261066283,96146286,9,Twoexcel,5,0.0,19.33,0.0,4.39
2026-08-15,Katherine,R2 1100m Hcap,2,261067939,6366502,2,Miami Vice,4,0.0,12.0,0.0,3.05
2026-08-15,Katherine,R2 1100m Hcap,2,261067939,46675625,1,Galaxy General,1,1.0,3.91,1.0,1.63
2026-08-15,Katherine,R2 1100m Hcap,2,261067939,51576926,5,Field Of Praise,2,0.0,7.8,1.0,2.38
2026-08-15,Katherine,R2 1100m Hcap,2,261067939,100232876,6,Buades,3,0.0,7.46,0.0,2.62
2026-08-15,Katherine,R2 1100m Hcap,2,261067939,101610314,10,Arrogant Miss,5,0.0,36.0,1.0,7.0
2026-08-15,Katherine,R3 1000m Mdn,3,261067942,93206734,7,Natalie Joy,4,0.0,5.6,1.0,2.08
2026-08-15,Katherine,R3 1000m Mdn,3,261067942,94136930,6,Milk Foam,5,0.0,13.5,1.0,3.0
2026-08-15,Katherine,R3 1000m Mdn,3,261067942,95344077,4,Opulent Oscar,2,0.0,6.4,0.0,2.24
2026-08-15,Katherine,R3 1000m Mdn,3,261067942,101610316,5,Flash Kermy,3,1.0,3.33,1.0,1.51
2026-08-15,Katherine,R3 1000m Mdn,3,261067942,101610317,8,Zoutara,1,0.0,6.5,0.0,2.29
2026-08-15,Katherine,R4 1300m Hcap,4,261067945,64832951,4,Yaki Ishi,3,0.0,6.21,1.0,1.85
2026-08-15,Katherine,R4 1300m Hcap,4,261067945,79803734,1,Frawley,2,0.0,4.2,0.0,1.66
2026-08-15,Katherine,R4 1300m Hcap,4,261067945,80362451,7,Press Express,1,0.0,13.5,1.0,3.5
2026-08-15,Katherine,R4 1300m Hcap,4,261067945,86820507,2,Anecdotal,5,1.0,4.0,1.0,1.92
2026-08-15,Katherine,R4 1300m Hcap,4,261067945,88069513,5,Lavender Glory,4,0.0,10.74,0.0,2.78
2026-08-15,Katherine,R5 1300m Hcap,5,261067948,381669,4,Bryce,5,0.0,12.5,0.0,3.05
2026-08-15,Katherine,R5 1300m Hcap,5,261067948,3452312,1,Kessler,3,0.0,4.8,0.0,1.94
2026-08-15,Katherine,R5 1300m Hcap,5,261067948,58570280,8,Ariarne,4,0.0,8.6,1.0,2.4
2026-08-15,Katherine,R5 1300m Hcap,5,261067948,74572022,5,Miami Baby,1,0.0,6.65,1.0,2.07
2026-08-15,Katherine,R5 1300m Hcap,5,261067948,90180600,2,I Loverain,2,0.0,3.4,0.0,1.49
2026-08-15,Katherine,R6 1700m Hcap,6,261067951,155775,5,Aggressive,5,0.0,10.82,0.0,2.8
2026-08-15,Katherine,R6 1700m Hcap,6,261067951,2139963,6,Able Seaman,2,0.0,29.0,0.0,5.9
2026-08-15,Katherine,R6 1700m Hcap,6,261067951,61557548,2,Unquestionably,4,0.0,3.8,1.0,1.5
2026-08-15,Katherine,R6 1700m Hcap,6,261067951,61861422,3,Villa Seventynine,1,0.0,7.0,0.0,2.16
2026-08-15,Katherine,R6 1700m Hcap,6,261067951,93536877,1,Rock Revolution,3,0.0,9.83,0.0,3.0
2026-08-15,Katherine,R7 1700m Hcap,7,261067954,42483317,7,Princess Pancakes,5,0.0,29.0,0.0,7.12
2026-08-15,Katherine,R7 1700m Hcap,7,261067954,43504117,1,Venting,3,0.0,3.85,1.0,1.52
2026-08-15,Katherine,R7 1700m Hcap,7,261067954,54109390,3,The Girls Boy,2,0.0,13.5,0.0,3.04
2026-08-15,Katherine,R7 1700m Hcap,7,261067954,72168211,2,Vega Magnifico,1,0.0,6.6,1.0,2.46
2026-08-15,Katherine,R7 1700m Hcap,7,261067954,91807695,6,Hotim English,4,0.0,6.0,0.0,1.96
2026-08-15,Kembla Grange,R5 1400m Mdn,5,261064707,84659228,7,Dame Dividend,4,0.0,90.0,0.0,10.99
2026-08-15,Kembla Grange,R5 1400m Mdn,5,261064707,89265343,4,Cool Rupert,3,0.0,43.48,0.0,5.3
2026-08-15,Kembla Grange,R5 1400m Mdn,5,261064707,101639304,10,Stitzer,1,0.0,3.32,0.0,1.32
2026-08-15,Kembla Grange,R5 1400m Mdn,5,261064707,101639305,11,Hitch,2,1.0,2.57,1.0,1.26
2026-08-15,Kembla Grange,R5 1400m Mdn,5,261064707,101639307,14,Cool Ledger,5,0.0,26.0,0.0,4.2
2026-08-15,Kembla Grange,R6 1200m Hcap,6,261064715,990510,9,Seven Days,1,0.0,4.5,1.0,1.89
2026-08-15,Kembla Grange,R6 1200m Hcap,6,261064715,11848880,6,Denial,4,0.0,13.5,0.0,3.3
2026-08-15,Kembla Grange,R6 1200m Hcap,6,261064715,51784254,3,Powder Man,2,0.0,46.0,0.0,4.91
2026-08-15,Kembla Grange,R6 1200m Hcap,6,261064715,67324820,8,Monte Maximus,5,0.0,27.0,0.0,5.28
2026-08-15,Kembla Grange,R6 1200m Hcap,6,261064715,96965568,10,Me Me,3,1.0,3.29,1.0,1.71
2026-08-15,Kembla Grange,R7 1600m Hcap,7,261064723,64738343,3,Etched In Time,2,0.0,12.65,0.0,4.5
2026-08-15,Kembla Grange,R7 1600m Hcap,7,261064723,69865852,7,Cant Recall One,4,0.0,18.0,0.0,4.9
2026-08-15,Kembla Grange,R7 1600m Hcap,7,261064723,76389951,4,Brazil,5,0.0,10.39,0.0,3.14
2026-08-15,Kembla Grange,R7 1600m Hcap,7,261064723,89060700,1,Natural Ruler,1,1.0,4.8,1.0,2.46
2026-08-15,Kembla Grange,R7 1600m Hcap,7,261064723,92783972,2,Southerly Buster,3,0.0,4.8,1.0,2.14
2026-08-15,Kembla Grange,R8 1000m Hcap,8,261064731,41920781,6,Big Day Out,3,0.0,13.5,0.0,3.8
2026-08-15,Kembla Grange,R8 1000m Hcap,8,261064731,63859166,4,Tai Lung,2,0.0,11.4,0.0,3.1
2026-08-15,Kembla Grange,R8 1000m Hcap,8,261064731,91115307,8,Misty Veil,1,0.0,7.06,0.0,2.18
2026-08-15,Kembla Grange,R8 1000m Hcap,8,261064731,91354363,1,Fuadee,5,1.0,7.4,1.0,2.96
2026-08-15,Kembla Grange,R8 1000m Hcap,8,261064731,93574185,5,At Her Mercy,4,0.0,3.82,0.0,1.69
2026-08-15,Morphettville,R5 1569m Hcap,5,261037535,4237636,12,Geetee Forty,5,0.0,25.79,0.0,5.13
2026-08-15,Morphettville,R5 1569m Hcap,5,261037535,4691457,5,Extinguish,1,0.0,4.2,0.0,1.83
2026-08-15,Morphettville,R5 1569m Hcap,5,261037535,12484265,9,Rogue Warrior,2,0.0,4.07,0.0,1.9
2026-08-15,Morphettville,R5 1569m Hcap,5,261037535,92966034,10,Tyusix,4,0.0,7.69,1.0,2.09
2026-08-15,Morphettville,R5 1569m Hcap,5,261037535,101163354,1,Nicish,3,1.0,7.4,1.0,2.27
2026-08-15,Morphettville,R6 1000m Hcap,6,261037544,562912,6,Squad,5,0.0,21.0,0.0,4.8
2026-08-15,Morphettville,R6 1000m Hcap,6,261037544,81221278,4,Up The Den,2,0.0,11.5,1.0,3.79
2026-08-15,Morphettville,R6 1000m Hcap,6,261037544,85712812,1,From The Block,1,0.0,5.27,0.0,2.32
2026-08-15,Morphettville,R6 1000m Hcap,6,261037544,87093995,12,Zoutrail,3,0.0,4.9,0.0,2.19
2026-08-15,Morphettville,R6 1000m Hcap,6,261037544,101609884,7,Sassy Little Miss,4,0.0,6.6,1.0,2.82
2026-08-15,Morphettville,R7 1250m Hcap,7,261037553,2022826,4,Autumn Frost,2,0.0,3.64,0.0,1.85
2026-08-15,Morphettville,R7 1250m Hcap,7,261037553,2259978,1,The Stalker,4,0.0,16.5,0.0,4.35
2026-08-15,Morphettville,R7 1250m Hcap,7,261037553,42711130,7,Cool Magnum,5,0.0,8.4,0.0,2.3
2026-08-15,Morphettville,R7 1250m Hcap,7,261037553,66790062,2,Dancing Storm,1,0.0,4.4,0.0,1.83
2026-08-15,Morphettville,R7 1250m Hcap,7,261037553,101609886,6,The Cosmic One,3,1.0,8.2,1.0,2.82
2026-08-15,Morphettville,R8 1250m Hcap,8,261037562,69128474,1,Mansiere,4,1.0,4.63,1.0,2.09
2026-08-15,Morphettville,R8 1250m Hcap,8,261037562,83834481,5,Embellisher,3,0.0,15.85,0.0,3.9
2026-08-15,Morphettville,R8 1250m Hcap,8,261037562,95809254,10,Yarrawizardharry,5,0.0,48.99,0.0,13.92
2026-08-15,Morphettville,R8 1250m Hcap,8,261037562,101163359,3,Power Dancer,2,0.0,10.93,0.0,3.8
2026-08-15,Morphettville,R8 1250m Hcap,8,261037562,101609888,2,Pierroplane,1,0.0,5.14,1.0,2.37
2026-08-15,Morphettville,R9 1400m Hcap,9,261037571,45541793,3,Big Sue,3,0.0,10.5,0.0,2.7
2026-08-15,Morphettville,R9 1400m Hcap,9,261037571,68673842,2,Hard Prince,2,0.0,36.0,0.0,7.6
2026-08-15,Morphettville,R9 1400m Hcap,9,261037571,72168133,14,Attain,4,0.0,18.5,0.0,4.7
2026-08-15,Morphettville,R9 1400m Hcap,9,261037571,93826814,7,Cielao,1,0.0,19.31,0.0,5.41
2026-08-15,Morphettville,R9 1400m Hcap,9,261037571,101609892,4,Bold Secret,5,0.0,2.18,0.0,1.32
2026-08-15,Moruya,,2,261096112,4827295,1,Autumn Flyer,1,,,,
2026-08-15,Narrandera,R3 1000m Mdn,3,261064410,98771794,5,Bella Katelyn,1,1.0,1.78,1.0,1.26
2026-08-15,Narrandera,R3 1000m Mdn,3,261064410,101163869,12,Relax The Spirit,2,0.0,8.22,0.0,2.08
2026-08-15,Narrandera,R3 1000m Mdn,3,261064410,101639202,2,Western Edge,5,0.0,63.43,1.0,6.6
2026-08-15,Narrandera,R3 1000m Mdn,3,261064410,101639203,3,Actually Romantic,4,0.0,13.57,0.0,2.81
2026-08-15,Narrandera,R3 1000m Mdn,3,261064410,101639204,4,Alotofsoju,3,0.0,13.17,1.0,2.22
2026-08-15,Narrandera,R4 1000m Hcap,4,261064413,57916706,8,Balgowan,5,0.0,15.66,0.0,2.8
2026-08-15,Narrandera,R4 1000m Hcap,4,261064413,70928315,4,Time Angel,4,0.0,4.21,1.0,1.66
2026-08-15,Narrandera,R4 1000m Hcap,4,261064413,71342523,9,Dollythediva,3,0.0,13.5,0.0,4.0
2026-08-15,Narrandera,R4 1000m Hcap,4,261064413,84732980,2,Justbetryin,2,0.0,2.78,1.0,1.5
2026-08-15,Narrandera,R4 1000m Hcap,4,261064413,101639209,1,See You Then,1,0.0,19.36,0.0,3.3
2026-08-15,Narrandera,R5 1400m Hcap,5,261064416,82376041,11,My Inspiration,5,0.0,7.65,1.0,2.35
2026-08-15,Narrandera,R5 1400m Hcap,5,261064416,83676572,5,Sundrop,4,0.0,7.69,0.0,2.36
2026-08-15,Narrandera,R5 1400m Hcap,5,261064416,88420111,4,Ozzy The Equaliser,2,0.0,6.53,1.0,2.04
2026-08-15,Narrandera,R5 1400m Hcap,5,261064416,94735632,1,Jingu Express,3,0.0,8.68,0.0,3.94
2026-08-15,Narrandera,R5 1400m Hcap,5,261064416,101639211,3,Undercut,1,0.0,3.38,0.0,1.93
2026-08-15,Narrandera,R6 1200m Hcap,6,261064419,65051701,3,Densetsu,2,0.0,6.43,0.0,2.34
2026-08-15,Narrandera,R6 1200m Hcap,6,261064419,77426747,10,Rita Red,3,0.0,19.88,0.0,4.5
2026-08-15,Narrandera,R6 1200m Hcap,6,261064419,101639213,5,Grinzinger Nyx,1,0.0,6.6,0.0,2.17
2026-08-15,Roma,R2 1200m Mdn,2,261065553,622460,2,Sudden Strike,2,0.0,4.08,0.0,2.3
2026-08-15,Roma,R2 1200m Mdn,2,261065553,64796667,1,Nythe,5,1.0,6.33,1.0,2.6
2026-08-15,Roma,R2 1200m Mdn,2,261065553,92504298,7,Barrythebarbaric,3,0.0,7.6,0.0,3.02
2026-08-15,Roma,,2,261065553,96220136,5,Stylish Angel,1,,,,
2026-08-15,Roma,R2 1200m Mdn,2,261065553,101639511,6,Villicon,4,0.0,166.67,0.0,43.81
2026-08-15,Roma,R3 1640m Hcap,3,261065557,42162000,5,Al Ash Lad,2,0.0,15.5,1.0,3.6
2026-08-15,Roma,R3 1640m Hcap,3,261065557,69161987,1,Lip Sip Suk,1,0.0,6.3,0.0,1.95
2026-08-15,Roma,R3 1640m Hcap,3,261065557,70421420,8,Rangi Toa,5,0.0,74.82,0.0,11.0
2026-08-15,Roma,R3 1640m Hcap,3,261065557,74079070,4,Thirteenth Man,4,0.0,4.68,0.0,2.11
2026-08-15,Roma,R3 1640m Hcap,3,261065557,76053652,2,Shoalwater Bay,3,1.0,3.47,1.0,1.49
2026-08-15,Roma,R4 1000m Hcap,4,261065561,27682911,3,Pee Dee,2,1.0,4.5,1.0,1.82
2026-08-15,Roma,R4 1000m Hcap,4,261065561,51052836,7,Savvy Song,4,0.0,7.79,1.0,2.32
2026-08-15,Roma,R4 1000m Hcap,4,261065561,76389161,6,Pontoon Prince,1,0.0,3.1,1.0,1.45
2026-08-15,Roma,R4 1000m Hcap,4,261065561,95579629,5,Stylish Joker,5,0.0,12.55,0.0,3.61
2026-08-15,Roma,R4 1000m Hcap,4,261065561,101639512,8,Sir Occy,3,0.0,33.53,0.0,6.4
2026-08-15,Roma,R5 1200m CL2,5,261065565,71082650,4,Spirit Of Nurai,3,0.0,63.11,0.0,10.0
2026-08-15,Roma,R5 1200m CL2,5,261065565,79523245,2,Talma I Love Her,5,0.0,80.0,0.0,12.39
2026-08-15,Roma,R5 1200m CL2,5,261065565,84222591,1,Revantas,4,0.0,3.55,1.0,1.32
2026-08-15,Roma,R5 1200m CL2,5,261065565,101419518,5,Titahi Bay,2,0.0,48.0,0.0,6.85
2026-08-15,Roma,R5 1200m CL2,5,261065565,101639513,7,For The Brave,1,0.0,17.5,0.0,3.43
2026-08-15,Roma,R6 1200m Hcap,6,261065569,57654804,1,Peshwa,4,1.0,3.84,1.0,1.51
2026-08-15,Roma,R6 1200m Hcap,6,261065569,65557387,3,Lucky Force,3,0.0,7.78,0.0,2.28
2026-08-15,Roma,R6 1200m Hcap,6,261065569,66069629,7,A Lot Of Booty,2,0.0,39.61,0.0,6.41
2026-08-15,Roma,R6 1200m Hcap,6,261065569,67532233,2,Transceltic,5,0.0,6.0,1.0,2.08
2026-08-15,Roma,R6 1200m Hcap,6,261065569,101639515,8,Born Fearless,1,0.0,3.75,1.0,1.57
2026-08-15,Rosehill,R7 1200m Hcap,7,261038064,1270655,4,Barber,2,0.0,19.0,0.0,3.8
2026-08-15,Rosehill,R7 1200m Hcap,7,261038064,2878405,3,Grand Impact,5,0.0,9.6,1.0,2.29
2026-08-15,Rosehill,R7 1200m Hcap,7,261038064,75355126,5,Hawker Hall,3,0.0,2.08,0.0,1.3
2026-08-15,Rosehill,R7 1200m Hcap,7,261038064,78432550,10,Eagle Express,1,1.0,5.52,1.0,1.6
2026-08-15,Rosehill,R7 1200m Hcap,7,261038064,90524485,8,Istolea Merc,4,0.0,9.2,1.0,2.03
2026-08-15,Rosehill,R8 1100m Qlty,8,261038073,7065514,6,Blue Door,1,0.0,3.95,1.0,1.91
2026-08-15,Rosehill,R8 1100m Qlty,8,261038073,101609963,3,Central Europe,2,0.0,7.62,1.0,2.48
2026-08-15,Rosehill,R8 1100m Qlty,8,261038073,101609964,5,Under Focus,4,0.0,9.2,0.0,3.43
2026-08-15,Rosehill,R8 1100m Qlty,8,261038073,101609965,7,Chilly Girl,3,1.0,7.6,1.0,2.68
2026-08-15,Rosehill,R8 1100m Qlty,8,261038073,101609966,9,Eviction Notice,5,0.0,42.0,0.0,11.0
2026-08-15,Rosehill,R9 1400m Hcap,9,261038082,3487540,1,Attica,3,0.0,3.31,1.0,1.59
2026-08-15,Rosehill,R9 1400m Hcap,9,261038082,84181681,3,Fully Lit,2,0.0,7.4,1.0,2.5
2026-08-15,Rosehill,R9 1400m Hcap,9,261038082,85778334,2,Piggyback,4,0.0,42.0,0.0,7.8
2026-08-15,Rosehill,R9 1400m Hcap,9,261038082,101609976,11,Althoff,1,1.0,4.47,1.0,1.68
2026-08-15,Rosehill,R9 1400m Hcap,9,261038082,101609977,12,Rolling Magic,5,0.0,5.91,0.0,2.06
2026-08-15,Rosehill,R10 1400m Hcap,10,261038091,77136924,4,Mr Verse,2,0.0,5.8,0.0,2.48
2026-08-15,Rosehill,R10 1400m Hcap,10,261038091,77136924,4,Mr Verse,5,0.0,5.8,0.0,2.48
2026-08-15,Rosehill,R10 1400m Hcap,10,261038091,98643745,12,Invader Zim,4,0.0,19.98,0.0,4.2
2026-08-15,Rosehill,R10 1400m Hcap,10,261038091,101609978,9,Steel Strike,3,0.0,6.2,0.0,2.1
2026-08-15,Rosehill,R10 1400m Hcap,10,261038091,101609979,10,Tarzing,1,0.0,3.08,1.0,1.6
2026-08-15,Toowoomba,R1 1210m Hcap,1,261064556,53184110,2,Atomic Selfie,2,0.0,14.34,0.0,3.75
2026-08-15,Toowoomba,R1 1210m Hcap,1,261064556,67788334,13,Glitterscript,4,0.0,21.0,0.0,5.9
2026-08-15,Toowoomba,R1 1210m Hcap,1,261064556,71684624,9,Rubaahy,1,0.0,18.5,0.0,4.7
2026-08-15,Toowoomba,R1 1210m Hcap,1,261064556,95621586,6,Taylors Rage,5,0.0,16.5,0.0,4.2
2026-08-15,Toowoomba,R1 1210m Hcap,1,261064556,101639214,1,Upstart Lover,3,0.0,5.5,1.0,2.61
2026-08-15,Toowoomba,R2 1210m Hcap,2,261064560,7329063,9,Everywhere,3,1.0,19.35,1.0,4.09
2026-08-15,Toowoomba,R2 1210m Hcap,2,261064560,42154595,8,Cracker Essgee,4,0.0,35.55,0.0,8.1
2026-08-15,Toowoomba,R2 1210m Hcap,2,261064560,84222603,4,Sir Goldalot,5,0.0,20.0,0.0,4.82
2026-08-15,Toowoomba,R2 1210m Hcap,2,261064560,88376603,2,Rubology,2,0.0,6.62,0.0,2.02
2026-08-15,Toowoomba,R2 1210m Hcap,2,261064560,101639219,12,Azuki,1,0.0,3.7,1.0,1.67
2026-08-15,Toowoomba,R3 1890m Hcap,3,261064564,63084224,4,Ocaldino,2,1.0,7.33,1.0,2.31
2026-08-15,Toowoomba,R3 1890m Hcap,3,261064564,74300662,3,Blumstien,1,0.0,13.0,0.0,3.23
2026-08-15,Toowoomba,R3 1890m Hcap,3,261064564,79562182,5,The Cops,5,0.0,6.51,1.0,2.37
2026-08-15,Toowoomba,R3 1890m Hcap,3,261064564,89348526,7,Shedrivesabentley,3,0.0,3.7,0.0,1.83
2026-08-15,Toowoomba,R3 1890m Hcap,3,261064564,101639220,1,Good Philly,4,0.0,5.8,0.0,2.02
2026-08-15,Toowoomba,R4 1110m Mdn,4,261064568,94985133,2,Do A Little Dance,2,0.0,2.26,0.0,1.51
2026-08-15,Toowoomba,R4 1110m Mdn,4,261064568,96495712,1,Cipher Show,5,0.0,16.39,0.0,4.1
2026-08-15,Toowoomba,R4 1110m Mdn,4,261064568,101639223,4,Tisani James,4,0.0,22.0,0.0,4.1
2026-08-15,Toowoomba,R4 1110m Mdn,4,261064568,101639231,13,In Three Dee,3,0.0,12.04,1.0,3.02
2026-08-15,Toowoomba,R4 1110m Mdn,4,261064568,101639232,14,Tuxedo Torpedo,1,0.0,34.0,1.0,5.66
2026-08-15,Toowoomba,R5 1000m Mdn,5,261064572,9169350,2,Candle In The Wind,4,0.0,19.0,0.0,4.33
2026-08-15,Toowoomba,R5 1000m Mdn,5,261064572,85982123,13,Aliza,3,0.0,12.0,0.0,3.4
2026-08-15,Toowoomba,R5 1000m Mdn,5,261064572,98735243,14,Belle Francais,5,0.0,32.0,0.0,6.29
2026-08-15,Toowoomba,R5 1000m Mdn,5,261064572,101639237,3,Conquer Dat,2,0.0,10.14,1.0,3.01
2026-08-15,Toowoomba,R5 1000m Mdn,5,261064572,101639238,4,Igotmymindonyou,1,0.0,3.4,1.0,1.85
2026-08-15,Toowoomba,R6 1210m Hcap,6,261064576,6150529,4,Centennial Park,5,1.0,22.0,1.0,6.95
2026-08-15,Toowoomba,R6 1210m Hcap,6,261064576,71837473,1,Bews,2,0.0,22.0,0.0,8.38
2026-08-15,Toowoomba,R6 1210m Hcap,6,261064576,75673390,3,Jacka Stands Alone,1,0.0,6.39,0.0,2.85
2026-08-15,Toowoomba,R6 1210m Hcap,6,261064576,79455772,6,Royal Bombadier,3,0.0,2.5,1.0,1.6
2026-08-15,Toowoomba,R6 1210m Hcap,6,261064576,87123883,5,Kingsland,4,0.0,3.92,0.0,2.1
2026-08-15,Toowoomba,R7 870m Hcap,7,261064580,618202,4,Runaround Sue,1,0.0,5.75,1.0,3.06
2026-08-15,Toowoomba,R7 870m Hcap,7,261064580,657477,2,King Of The Jungle,4,0.0,6.45,0.0,3.68
2026-08-15,Toowoomba,R7 870m Hcap,7,261064580,3813237,6,Drums Of War,5,0.0,23.84,0.0,7.56
2026-08-15,Toowoomba,R7 870m Hcap,7,261064580,83409316,3,Thats An Extra,2,0.0,4.74,0.0,2.14
2026-08-15,Toowoomba,R7 870m Hcap,7,261064580,101639246,7,Prucia,3,1.0,2.29,1.0,1.53
2026-08-15,Warracknabeal,R4 1600m Hcap,4,261064529,5706532,8,Thoughtful,5,1.0,10.37,1.0,3.35
2026-08-15,Warracknabeal,R4 1600m Hcap,4,261064529,27385842,7,Little Richie Turf,3,0.0,99.31,0.0,17.6
2026-08-15,Warracknabeal,R4 1600m Hcap,4,261064529,56321926,14,Makusha,4,0.0,17.5,0.0,4.5
2026-08-15,Warracknabeal,R4 1600m Hcap,4,261064529,67819625,12,Vegas On Fire,1,0.0,3.6,0.0,1.82
2026-08-15,Warracknabeal,R4 1600m Hcap,4,261064529,70890757,1,Bruzani,2,0.0,6.2,1.0,2.27
2026-08-15,Warracknabeal,R5 2000m Hcap,5,261064536,28485916,4,Mangione,3,1.0,13.94,1.0,4.15
2026-08-15,Warracknabeal,R5 2000m Hcap,5,261064536,75758919,10,Hide Your Assets,5,0.0,18.69,0.0,5.72
2026-08-15,Warracknabeal,R5 2000m Hcap,5,261064536,80718582,7,Forever Jeune,1,0.0,8.96,0.0,3.19
2026-08-15,Warracknabeal,R5 2000m Hcap,5,261064536,85744624,6,Septimus,4,0.0,65.0,0.0,16.0
2026-08-15,Warracknabeal,R5 2000m Hcap,5,261064536,101639268,2,Mickio,2,0.0,5.22,0.0,2.2
2026-08-15,Warracknabeal,R6 1200m Hcap,6,261064543,36709445,7,Chelsea Toff,4,0.0,51.42,0.0,10.0
2026-08-15,Warracknabeal,R6 1200m Hcap,6,261064543,41385580,10,Adki,2,0.0,4.4,1.0,1.92
2026-08-15,Warracknabeal,R6 1200m Hcap,6,261064543,52900225,1,Decimus,4,0.0,105.52,0.0,18.5
2026-08-15,Warracknabeal,R6 1200m Hcap,6,261064543,52900225,1,Decimus,5,0.0,105.52,0.0,18.5
2026-08-15,Warracknabeal,R6 1200m Hcap,6,261064543,58844558,5,Chosen Venture,3,0.0,15.5,0.0,3.94
2026-08-15,Warracknabeal,R6 1200m Hcap,6,261064543,88111604,6,Tuxedo Miss,1,0.0,3.34,0.0,1.63
2026-08-15,Warracknabeal,R6 1200m Hcap,6,261064543,89436004,3,Sunday Fun Day,5,0.0,12.5,0.0,3.67
2026-08-15,Warracknabeal,R7 1000m Hcap,7,261064550,44508583,3,Raging Monkey,2,0.0,5.83,0.0,2.07
2026-08-15,Warracknabeal,R7 1000m Hcap,7,261064550,46652342,5,Just Like Lisa,4,0.0,6.2,0.0,2.17
2026-08-15,Warracknabeal,R7 1000m Hcap,7,261064550,65052269,4,Nankeen,5,0.0,19.54,0.0,4.14
2026-08-15,Warracknabeal,R7 1000m Hcap,7,261064550,69642886,9,Simply Luscious,3,1.0,14.87,1.0,4.37
2026-08-15,Warracknabeal,R7 1000m Hcap,7,261064550,89591569,1,Magic Field,1,0.0,2.96,0.0,1.5
2026-08-16,Ballarat,R4 3250m Hrd,4,261097262,6166031,3,Untethered,2,0.0,4.21,0.0,
2026-08-16,Ballarat,R4 3250m Hrd,4,261097262,18718618,2,Bitcoin,3,0.0,6.12,0.0,
2026-08-16,Ballarat,R4 3250m Hrd,4,261097262,43154256,1,The Cunning Fox,1,1.0,1.61,0.0,
2026-08-16,Ballarat,R5 3250m Stpl,5,261097270,6614944,6,Goondiwindi,5,0.0,10.73,0.0,4.08
2026-08-16,Ballarat,R5 3250m Stpl,5,261097270,40866311,1,Bazini,2,1.0,4.7,1.0,2.74
2026-08-16,Ballarat,R5 3250m Stpl,5,261097270,42444213,3,Fierce Flight,4,0.0,4.11,1.0,2.04
2026-08-16,Ballarat,R5 3250m Stpl,5,261097270,72167595,5,Benbulben,3,0.0,24.43,0.0,7.25
2026-08-16,Ballarat,,5,261097270,101639109,4,Raise The Note,1,,,,
2026-08-16,Ballarat,R6 4500m Stpl,6,261097278,467262,4,Hit The Road Jack,5,0.0,5.73,0.0,1.95
2026-08-16,Ballarat,R6 4500m Stpl,6,261097278,4816131,8,Christmas,4,0.0,12.0,0.0,2.86
2026-08-16,Ballarat,R6 4500m Stpl,6,261097278,42097667,3,Golden Garden,3,0.0,20.0,0.0,3.55
2026-08-16,Ballarat,R6 4500m Stpl,6,261097278,82603971,1,Sing For Peace,2,0.0,6.8,1.0,2.02
2026-08-16,Ballarat,R6 4500m Stpl,6,261097278,98996160,2,Andy Win,1,1.0,3.5,1.0,1.67
2026-08-16,Carnarvon,R1 1400m Mdn,1,261104648,599565,1,Any Questions,3,0.0,5.8,1.0,1.7
2026-08-16,Carnarvon,R1 1400m Mdn,1,261104648,90568937,5,Black Cilla,5,0.0,46.0,0.0,6.31
2026-08-16,Carnarvon,R1 1400m Mdn,1,261104648,97886387,4,Costa Star,1,1.0,4.0,1.0,1.41
2026-08-16,Carnarvon,R1 1400m Mdn,1,261104648,101610495,2,Placid Rom,4,0.0,2.6,1.0,1.29
2026-08-16,Carnarvon,R1 1400m Mdn,1,261104648,101610497,6,Radio Silence,2,0.0,7.8,0.0,2.06
2026-08-16,Carnarvon,R2 1600m Hcap,2,261104652,43015777,1,Corn Cob,1,0.0,4.04,0.0,1.66
2026-08-16,Carnarvon,R2 1600m Hcap,2,261104652,45168941,8,Hard Questions,3,1.0,14.66,1.0,3.72
2026-08-16,Carnarvon,R2 1600m Hcap,2,261104652,46291605,4,Set The Scene,5,0.0,82.05,0.0,13.0
2026-08-16,Carnarvon,R2 1600m Hcap,2,261104652,63123361,5,Playing Quest,4,0.0,4.85,0.0,1.72
2026-08-16,Carnarvon,R2 1600m Hcap,2,261104652,81747902,2,Lombadina,2,0.0,8.0,0.0,2.73
2026-08-16,Carnarvon,R3 1000m Hcap,3,261104656,2520718,7,Mars Mission,5,0.0,11.15,0.0,2.72
2026-08-16,Carnarvon,R3 1000m Hcap,3,261104656,43800416,3,The Coolakin King,2,0.0,16.19,0.0,4.12
2026-08-16,Carnarvon,R3 1000m Hcap,3,261104656,48198537,2,Kote,1,0.0,5.08,1.0,2.06
2026-08-16,Carnarvon,R3 1000m Hcap,3,261104656,58314329,4,Simply Rosso,4,1.0,5.7,1.0,1.95
2026-08-16,Carnarvon,R3 1000m Hcap,3,261104656,80973826,6,Shooting Kontiki,3,0.0,34.05,0.0,6.4
2026-08-16,Carnarvon,R4 1400m CL3,4,261104660,71652089,6,Forbidden Apple,1,0.0,8.73,0.0,2.83
2026-08-16,Carnarvon,R4 1400m CL3,4,261104660,77302745,11,Line Of Thought,5,0.0,28.74,0.0,7.56
2026-08-16,Carnarvon,R4 1400m CL3,4,261104660,82603835,8,Kunapipi,2,0.0,8.4,0.0,2.58
2026-08-16,Carnarvon,R4 1400m CL3,4,261104660,89670668,2,Blowin Smoke,3,0.0,8.56,0.0,2.68
2026-08-16,Carnarvon,R4 1400m CL3,4,261104660,92087579,4,Yes I Believe,4,0.0,5.2,0.0,2.03
2026-08-16,Carnarvon,R5 1750m Hcap,5,261104664,50114261,2,Tiffs Lad,1,0.0,11.52,0.0,3.44
2026-08-16,Carnarvon,R5 1750m Hcap,5,261104664,60987528,3,Candlelight Sherif,4,0.0,2.99,0.0,1.6
2026-08-16,Carnarvon,R5 1750m Hcap,5,261104664,65732763,4,Dream Illusion,3,0.0,13.59,0.0,3.85
2026-08-16,Carnarvon,R5 1750m Hcap,5,261104664,66993508,9,Fries With That,2,0.0,9.0,1.0,3.35
2026-08-16,Carnarvon,,5,261104664,68416617,1,Only Us,5,,,,
2026-08-16,Carnarvon,R6 1200m Hcap,6,261104668,43815928,1,Our Kiwi Princess,5,0.0,35.39,0.0,11.0
2026-08-16,Carnarvon,R6 1200m Hcap,6,261104668,64123087,5,Sunshine Tafe,3,0.0,18.66,0.0,5.19
2026-08-16,Carnarvon,R6 1200m Hcap,6,261104668,78046826,7,Smart Return,2,0.0,7.6,0.0,2.57
2026-08-16,Carnarvon,R6 1200m Hcap,6,261104668,79220492,6,Lady Coco,1,0.0,21.0,0.0,6.07
2026-08-16,Carnarvon,R6 1200m Hcap,6,261104668,79844703,3,Limahuli,4,0.0,8.95,0.0,2.8
2026-08-16,Moruya,R4 1200m Mdn,4,261096118,90567996,8,This Aint Texas,2,0.0,11.42,0.0,3.15
2026-08-16,Moruya,R4 1200m Mdn,4,261096118,95069376,12,Fulminas Legacy,5,0.0,160.0,0.0,20.46
2026-08-16,Moruya,R4 1200m Mdn,4,261096118,101639166,1,Slaters Boy,1,0.0,6.0,0.0,2.06
2026-08-16,Moruya,R4 1200m Mdn,4,261096118,101639167,2,Remys Bro,4,1.0,4.16,1.0,1.54
2026-08-16,Moruya,R4 1200m Mdn,4,261096118,101639169,5,Overshoot,3,0.0,46.0,0.0,7.38
2026-08-16,Moruya,R5 1650m CL1,5,261096121,81183002,6,Cool As Popeye,4,0.0,17.0,0.0,4.1
2026-08-16,Moruya,R5 1650m CL1,5,261096121,85213502,10,The Arrow,1,0.0,4.42,1.0,1.89
2026-08-16,Moruya,R5 1650m CL1,5,261096121,94447897,9,Star Turn Dancer,5,0.0,9.8,0.0,4.01
2026-08-16,Moruya,R5 1650m CL1,5,261096121,97725374,1,Bella Piazza,3,0.0,20.83,0.0,5.31
2026-08-16,Moruya,R5 1650m CL1,5,261096121,98213826,8,Kindamagic,2,0.0,6.47,0.0,2.33
2026-08-16,Moruya,R6 1650m Hcap,6,261096124,62839329,10,Onya Lional,4,0.0,29.93,0.0,6.8
2026-08-16,Moruya,R6 1650m Hcap,6,261096124,66580190,6,Peruno,2,0.0,8.74,0.0,2.44
2026-08-16,Moruya,R6 1650m Hcap,6,261096124,67116849,3,Vieste,1,0.0,24.0,0.0,5.47
2026-08-16,Moruya,R6 1650m Hcap,6,261096124,88111108,9,Bulla Vinaka,5,0.0,10.34,1.0,3.54
2026-08-16,Moruya,R6 1650m Hcap,6,261096124,96747151,5,Exceed Success,3,0.0,5.84,0.0,2.03
2026-08-16,Moruya,R7 1425m Hcap,7,261096127,10924115,4,Snowy,5,0.0,6.09,0.0,1.75
2026-08-16,Moruya,R7 1425m Hcap,7,261096127,67530977,6,Sacred Mistress,2,0.0,7.88,0.0,2.2
2026-08-16,Moruya,R7 1425m Hcap,7,261096127,86654532,7,Triptolemus,3,1.0,2.6,1.0,1.42
2026-08-16,Moruya,R7 1425m Hcap,7,261096127,88329924,8,Kendalia,1,0.0,4.5,0.0,1.52
2026-08-16,Moruya,,7,261096127,101639182,1,Helluva Soiree,4,,,,
2026-08-16,Moruya,R8 1200m Hcap,8,261096130,69389798,16,Kool Bird,3,0.0,7.27,0.0,2.94
2026-08-16,Moruya,R8 1200m Hcap,8,261096130,80677811,7,Nagadec,2,0.0,11.07,0.0,3.3
2026-08-16,Moruya,R8 1200m Hcap,8,261096130,83154648,10,Selhurst Park,5,0.0,9.95,1.0,3.33
2026-08-16,Moruya,,8,261096130,83940278,11,Callenem Thru,1,,,,
2026-08-16,Moruya,R8 1200m Hcap,8,261096130,101639185,8,Skibidi,4,1.0,8.63,1.0,2.85
2026-08-16,Pakenham,R3 1200m Mdn,3,261097799,5969652,2,Covert Mission,3,0.0,8.05,1.0,2.31
2026-08-16,Pakenham,R3 1200m Mdn,3,261097799,98709221,1,Absent,5,0.0,21.0,0.0,4.6
2026-08-16,Pakenham,R3 1200m Mdn,3,261097799,100293036,6,Cosmic Shower,4,0.0,3.85,1.0,1.72
2026-08-16,Pakenham,R3 1200m Mdn,3,261097799,101639636,10,Phillip Island,1,1.0,3.74,1.0,1.84
2026-08-16,Pakenham,R3 1200m Mdn,3,261097799,101639641,16,Fastoca,2,0.0,6.8,0.0,2.3
2026-08-16,Pakenham,R4 1200m Hcap,4,261097806,77645895,6,Takeko,1,0.0,26.6,0.0,4.08
2026-08-16,Pakenham,R4 1200m Hcap,4,261097806,89018836,4,Lake Forest,3,0.0,2.2,1.0,1.26
2026-08-16,Pakenham,R4 1200m Hcap,4,261097806,93496527,7,Miss Maranda,4,1.0,14.0,1.0,2.66
2026-08-16,Pakenham,R4 1200m Hcap,4,261097806,99983090,1,Steel Move,2,0.0,16.5,0.0,2.84
2026-08-16,Pakenham,R4 1200m Hcap,4,261097806,100749630,9,Prince Of Brooky,5,0.0,3.4,0.0,1.28
2026-08-16,Pakenham,R5 1100m Hcap,5,261097813,3512467,5,Stolen Art,5,0.0,26.8,0.0,5.51
2026-08-16,Pakenham,R5 1100m Hcap,5,261097813,82819038,10,Rosangela,1,1.0,5.07,1.0,1.95
2026-08-16,Pakenham,R5 1100m Hcap,5,261097813,82856728,9,Obucci,4,0.0,5.3,1.0,1.98
2026-08-16,Pakenham,R5 1100m Hcap,5,261097813,94135907,4,Pick N Mix,2,0.0,5.03,0.0,2.02
2026-08-16,Pakenham,R5 1100m Hcap,5,261097813,101639647,14,Duel Venture,3,0.0,5.94,1.0,2.24
2026-08-16,Pakenham,R6 1400m Hcap,6,261097820,28092703,6,Blondeau,2,0.0,20.47,0.0,4.42
2026-08-16,Pakenham,R6 1400m Hcap,6,261097820,53371676,5,Titan Of Choice,3,0.0,5.91,1.0,2.4
2026-08-16,Pakenham,R6 1400m Hcap,6,261097820,87805658,1,Banknote Hustler,1,0.0,6.99,1.0,2.22
2026-08-16,Pakenham,R6 1400m Hcap,6,261097820,98214039,2,Quebeck,5,0.0,23.0,0.0,5.3
2026-08-16,Pakenham,R6 1400m Hcap,6,261097820,101639652,13,Cashout,4,1.0,7.65,1.0,2.91
2026-08-16,Pakenham,R7 1600m Hcap,7,261097827,1232062,3,Kandinsky,3,0.0,6.48,0.0,2.27
2026-08-16,Pakenham,R7 1600m Hcap,7,261097827,63084226,9,Whistle Down,4,0.0,9.05,0.0,3.19
2026-08-16,Pakenham,R7 1600m Hcap,7,261097827,66826337,2,Easy Dun,2,0.0,11.5,0.0,3.25
2026-08-16,Pakenham,R7 1600m Hcap,7,261097827,91807581,5,Zorb,5,1.0,5.3,1.0,2.12
2026-08-16,Pakenham,R7 1600m Hcap,7,261097827,101219372,4,Tolpuddle,1,0.0,3.52,1.0,1.64
2026-08-16,Sunshine Coast,R3 1200m CL4,3,261097841,82857133,10,Carbonara,3,0.0,8.2,1.0,2.63
2026-08-16,Sunshine Coast,R3 1200m CL4,3,261097841,92161699,9,La Rosetta,5,0.0,6.51,0.0,2.3
2026-08-16,Sunshine Coast,R3 1200m CL4,3,261097841,92744029,2,Ten Good Reasons,4,0.0,8.51,0.0,2.62
2026-08-16,Sunshine Coast,R3 1200m CL4,3,261097841,97393428,1,Acapulco Girl,2,0.0,6.88,0.0,2.26
2026-08-16,Sunshine Coast,R3 1200m CL4,3,261097841,101639366,4,Tiz Worthy,1,0.0,3.33,1.0,1.56
2026-08-16,Sunshine Coast,R4 1300m Mdn,4,261097845,77386448,6,Phoenix Legend,4,0.0,15.5,0.0,4.05
2026-08-16,Sunshine Coast,R4 1300m Mdn,4,261097845,101639368,2,Interactive,2,0.0,13.58,0.0,4.4
2026-08-16,Sunshine Coast,R4 1300m Mdn,4,261097845,101639376,14,Swift Storm,1,0.0,18.97,0.0,5.09
2026-08-16,Sunshine Coast,R4 1300m Mdn,4,261097845,101639379,18,Fiery Lass,3,1.0,4.1,1.0,1.93
2026-08-16,Sunshine Coast,R4 1300m Mdn,4,261097845,101639380,19,Bowling Harry,5,0.0,18.6,1.0,4.1
2026-08-16,Sunshine Coast,R5 1000m Hcap,5,261097849,1209687,2,Marty Mcfly,2,0.0,5.6,0.0,2.21
2026-08-16,Sunshine Coast,R5 1000m Hcap,5,261097849,74572072,6,Custo,4,0.0,4.21,1.0,1.67
2026-08-16,Sunshine Coast,R5 1000m Hcap,5,261097849,92460033,7,Andi Dont Care,1,0.0,7.82,0.0,2.75
2026-08-16,Sunshine Coast,R5 1000m Hcap,5,261097849,92966390,9,Caxton Lass,5,0.0,10.32,1.0,2.8
2026-08-16,Sunshine Coast,R5 1000m Hcap,5,261097849,101639386,4,Believe In Angels,3,1.0,7.2,1.0,2.32
2026-08-16,Sunshine Coast,R6 1000m Hcap,6,261097853,7286778,9,Lady Willpower,1,0.0,3.65,0.0,1.44
2026-08-16,Sunshine Coast,R6 1000m Hcap,6,261097853,56644993,10,Riva Damor,3,0.0,11.0,0.0,2.74
2026-08-16,Sunshine Coast,R6 1000m Hcap,6,261097853,71651269,11,Starsarise,4,0.0,9.54,1.0,2.34
2026-08-16,Sunshine Coast,R6 1000m Hcap,6,261097853,95022924,8,Icymiss,5,0.0,7.6,1.0,2.29
2026-08-16,Sunshine Coast,R6 1000m Hcap,6,261097853,101639389,12,Beaus Girl,2,0.0,80.0,0.0,11.9
2026-08-16,Sunshine Coast,R7 1400m Hcap,7,261097857,41198775,3,Mississippi Prince,1,0.0,10.97,0.0,2.82
2026-08-16,Sunshine Coast,R7 1400m Hcap,7,261097857,53751320,5,Little Beginnings,3,0.0,4.54,1.0,1.61
2026-08-16,Sunshine Coast,R7 1400m Hcap,7,261097857,61631070,7,Archers Game,4,1.0,27.0,1.0,4.8
2026-08-16,Sunshine Coast,R7 1400m Hcap,7,261097857,77023018,4,Italian Riviera,5,0.0,8.04,1.0,2.32
2026-08-16,Sunshine Coast,R7 1400m Hcap,7,261097857,85017498,8,Carravilla,2,0.0,2.34,1.0,1.25
2026-08-16,Sunshine Coast,R8 1400m Hcap,8,261097861,46314625,1,Clearly George,4,0.0,9.33,0.0,2.9
2026-08-16,Sunshine Coast,R8 1400m Hcap,8,261097861,78211742,2,Homeric,2,0.0,4.44,0.0,2.03
2026-08-16,Sunshine Coast,R8 1400m Hcap,8,261097861,96218477,9,Galactic Legend,5,0.0,55.0,0.0,13.5
2026-08-16,Sunshine Coast,R8 1400m Hcap,8,261097861,97480229,11,In Great Spirit,3,0.0,12.0,0.0,3.38
2026-08-16,Sunshine Coast,R8 1400m Hcap,8,261097861,99919517,5,Weekend Spirit,1,1.0,11.76,1.0,3.8
2026-08-16,Wyong,R4 1200m 3yo,4,261097221,38838663,11,Movie Star,1,0.0,2.5,1.0,1.63
2026-08-16,Wyong,R4 1200m 3yo,4,261097221,101639344,2,Duloc,2,0.0,9.4,0.0,1.88
2026-08-16,Wyong,R4 1200m 3yo,4,261097221,101639345,3,Harry Lime,3,1.0,3.71,1.0,1.55
2026-08-16,Wyong,R4 1200m 3yo,4,261097221,101639346,6,Reenforce,4,0.0,555.18,0.0,42.0
2026-08-16,Wyong,R4 1200m 3yo,4,261097221,101639352,15,Gone To Gowings,5,0.0,62.71,0.0,6.79
2026-08-16,Wyong,R5 1350m Hcap,5,261097224,2520020,4,Charleroi,1,0.0,2.48,1.0,1.35
2026-08-16,Wyong,R5 1350m Hcap,5,261097224,74900768,5,Stakeholder,4,1.0,6.64,1.0,2.28
2026-08-16,Wyong,R5 1350m Hcap,5,261097224,78781017,1,Debello,5,0.0,6.8,0.0,2.21
2026-08-16,Wyong,R5 1350m Hcap,5,261097224,82344958,7,Lady Pankhurst,2,0.0,10.45,0.0,2.55
2026-08-16,Wyong,R5 1350m Hcap,5,261097224,99951662,8,Broadway Follies,3,0.0,34.0,0.0,4.55
2026-08-16,Wyong,R6 1200m CL6,6,261097227,84107358,4,Titanium Miss,5,0.0,9.2,0.0,1.86
2026-08-16,Wyong,R6 1200m CL6,6,261097227,84696642,1,Monte Kate,3,0.0,16.5,0.0,2.82
2026-08-16,Wyong,R6 1200m CL6,6,261097227,90457572,2,Just Glamourous,1,1.0,2.03,1.0,1.14
2026-08-16,Wyong,R6 1200m CL6,6,261097227,94409225,7,Raskol,4,0.0,18.33,1.0,2.72
2026-08-16,Wyong,R6 1200m CL6,6,261097227,97416831,6,Mrs Maree,2,0.0,4.09,1.0,1.34
2026-08-16,Wyong,R7 2000m CL6,7,261097230,2922307,6,Mo Chroi,3,0.0,3.35,0.0,1.78
2026-08-16,Wyong,R7 2000m CL6,7,261097230,10442135,5,Visualise,5,0.0,16.0,0.0,4.8
2026-08-16,Wyong,R7 2000m CL6,7,261097230,44993968,1,Anythink Goes,2,0.0,4.1,1.0,1.86
2026-08-16,Wyong,R7 2000m CL6,7,261097230,60183600,7,Steel Blaze,4,0.0,24.0,0.0,8.4
2026-08-16,Wyong,R7 2000m CL6,7,261097230,78464229,4,Captain Fenkel,1,1.0,2.94,1.0,1.7
2026-08-16,Wyong,R8 1100m Hcap,8,261097233,49332824,4,Remember Jack,1,0.0,4.4,1.0,1.75
2026-08-16,Wyong,R8 1100m Hcap,8,261097233,52466503,9,Princess Cruizer,2,0.0,28.81,0.0,5.28
2026-08-16,Wyong,R8 1100m Hcap,8,261097233,60987451,5,Life Coach,4,0.0,22.69,0.0,5.58
2026-08-16,Wyong,R8 1100m Hcap,8,261097233,72200168,10,Sneaky Sofia,5,0.0,22.33,1.0,4.2
2026-08-16,Wyong,R8 1100m Hcap,8,261097233,80640040,12,Smiling Prophet,3,0.0,6.6,0.0,1.93
2026-08-17,Bathurst,R1 1200m Mdn,1,261132410,4678257,1,Azucar,5,0.0,34.0,0.0,5.48
2026-08-17,Bathurst,R1 1200m Mdn,1,261132410,83446075,5,Puissance Power,1,0.0,2.92,1.0,1.47
2026-08-17,Bathurst,R1 1200m Mdn,1,261132410,88329893,7,Heeza Steve,3,0.0,7.37,0.0,2.26
2026-08-17,Bathurst,R1 1200m Mdn,1,261132410,96496257,3,Fawlty Affairs,2,1.0,4.7,1.0,1.68
2026-08-17,Bathurst,R1 1200m Mdn,1,261132410,101639142,8,Nortoko,4,0.0,55.0,0.0,7.19
2026-08-17,Bathurst,R2 1200m Mdn,2,261132413,78230892,8,Alideel,1,0.0,24.95,0.0,3.4
2026-08-17,Bathurst,R2 1200m Mdn,2,261132413,100860589,4,La Folle,4,0.0,7.0,1.0,1.8
2026-08-17,Bathurst,R2 1200m Mdn,2,261132413,101639143,2,Celestial Grace,5,1.0,2.18,1.0,1.18
2026-08-17,Bathurst,R2 1200m Mdn,2,261132413,101639145,5,Maysun,2,0.0,6.2,1.0,1.56
2026-08-17,Bathurst,R2 1200m Mdn,2,261132413,101639146,6,Morosini,3,0.0,6.21,0.0,1.5
2026-08-17,Bathurst,R3 1200m CL1,3,261132416,82376399,10,Cool Space,3,0.0,8.0,0.0,2.02
2026-08-17,Bathurst,R3 1200m CL1,3,261132416,82376399,10,Cool Space,4,0.0,8.0,0.0,2.02
2026-08-17,Bathurst,R3 1200m CL1,3,261132416,93021766,5,Brass Monkeys,1,0.0,6.8,0.0,2.02
2026-08-17,Bathurst,R3 1200m CL1,3,261132416,95620880,6,Nafanua,5,0.0,3.56,1.0,1.55
2026-08-17,Bathurst,R3 1200m CL1,3,261132416,100721325,4,Gem Tycoon,2,0.0,5.71,0.0,2.12
2026-08-17,Bathurst,R4 2000m Hcap,4,261132419,76052286,3,It Is To Be,5,0.0,7.6,1.0,2.36
2026-08-17,Bathurst,R4 2000m Hcap,4,261132419,81517346,12,Girly Pop,3,0.0,6.4,1.0,2.0
2026-08-17,Bathurst,R4 2000m Hcap,4,261132419,86099454,14,Torpedo Ted,4,0.0,42.0,0.0,8.68
2026-08-17,Bathurst,R4 2000m Hcap,4,261132419,99206961,4,Italus,2,0.0,6.6,0.0,2.06
2026-08-17,Bathurst,R4 2000m Hcap,4,261132419,100721380,11,Green Pineapple,1,1.0,3.64,1.0,1.61
2026-08-17,Bathurst,R5 1100m Hcap,5,261132422,2127710,1,Street Parade,1,0.0,7.4,1.0,2.48
2026-08-17,Bathurst,R5 1100m Hcap,5,261132422,8395065,6,Hanuman,4,1.0,3.71,1.0,1.81
2026-08-17,Bathurst,R5 1100m Hcap,5,261132422,83940633,2,Miss Capricorn,5,0.0,12.98,0.0,3.45
2026-08-17,Bathurst,R5 1100m Hcap,5,261132422,93871512,10,Splendid Magnus,2,0.0,6.8,0.0,2.68
2026-08-17,Bathurst,R5 1100m Hcap,5,261132422,101639149,9,Rocky Rich,3,0.0,38.0,0.0,8.8
2026-08-17,Bathurst,R6 1400m Mdn,6,261132425,84471360,3,Step Quick,1,0.0,12.5,0.0,3.6
2026-08-17,Bathurst,R6 1400m Mdn,6,261132425,86431375,2,Litlfela,2,0.0,6.0,0.0,2.0
2026-08-17,Bathurst,R6 1400m Mdn,6,261132425,90847445,6,Bindaree Lass,5,0.0,15.54,0.0,3.02
2026-08-17,Bathurst,R6 1400m Mdn,6,261132425,100749463,4,Arwa Miss,4,1.0,22.13,1.0,5.3
2026-08-17,Bathurst,R6 1400m Mdn,6,261132425,101639151,12,Samoan Roman,3,0.0,2.6,1.0,1.32
2026-08-17,Bathurst,R7 1400m Hcap,7,261132428,60694688,3,Zahdi,2,0.0,20.16,0.0,4.26
2026-08-17,Bathurst,R7 1400m Hcap,7,261132428,63893750,7,Mrs Bull,4,0.0,11.66,1.0,2.98
2026-08-17,Bathurst,R7 1400m Hcap,7,261132428,76658897,6,Zielle,3,0.0,11.75,0.0,3.97
2026-08-17,Bathurst,R7 1400m Hcap,7,261132428,83409949,1,Tommy Flyer,1,0.0,5.1,0.0,2.03
2026-08-17,Bathurst,R7 1400m Hcap,7,261132428,88419920,5,Wandaye,5,0.0,8.43,0.0,2.42
2026-08-17,Emerald,R1 1200m Mdn,1,261132206,3655991,5,Coronation Day,3,0.0,25.35,1.0,3.75
2026-08-17,Emerald,R1 1200m Mdn,1,261132206,79524064,2,The Defender,1,1.0,1.73,1.0,1.12
2026-08-17,Emerald,R1 1200m Mdn,1,261132206,99770531,4,Bestov,2,0.0,70.0,0.0,6.95
2026-08-17,Emerald,R1 1200m Mdn,1,261132206,100957050,3,Anthropology,5,0.0,6.02,1.0,1.59
2026-08-17,Emerald,R1 1200m Mdn,1,261132206,100957487,7,Majestic Choice,4,0.0,15.0,0.0,2.89
2026-08-17,Emerald,R2 1630m Hcap,2,261132210,46133322,2,Divine Courage,4,0.0,24.94,0.0,4.65
2026-08-17,Emerald,R2 1630m Hcap,2,261132210,49585139,8,Mr Grey,2,0.0,6.0,0.0,1.79
2026-08-17,Emerald,R2 1630m Hcap,2,261132210,57305833,1,Bitoftheblarney,3,0.0,4.02,1.0,1.74
2026-08-17,Emerald,R2 1630m Hcap,2,261132210,62869660,7,Panda Drum,1,1.0,11.31,1.0,3.02
2026-08-17,Emerald,R2 1630m Hcap,2,261132210,73754422,5,Final Mission,5,0.0,15.78,0.0,4.12
2026-08-17,Emerald,R3 1630m Hcap,3,261132214,4879444,3,The Driller,1,0.0,11.33,1.0,4.95
2026-08-17,Emerald,R3 1630m Hcap,3,261132214,51735742,5,New Level,5,0.0,4.54,0.0,2.44
2026-08-17,Emerald,R3 1630m Hcap,3,261132214,66296141,2,June,2,0.0,4.81,0.0,2.28
2026-08-17,Emerald,R3 1630m Hcap,3,261132214,71403665,6,Tapa Kick,4,0.0,16.5,0.0,7.8
2026-08-17,Emerald,R3 1630m Hcap,3,261132214,81602215,4,Acedrod,3,1.0,5.25,1.0,2.26
2026-08-17,Emerald,R4 1280m CL4,4,261132218,2441038,1,Brasco,4,0.0,55.0,0.0,19.5
2026-08-17,Emerald,R4 1280m CL4,4,261132218,4500949,3,Wolfgang,2,1.0,3.6,1.0,2.1
2026-08-17,Emerald,R4 1280m CL4,4,261132218,66509506,4,Armstrong Bay,5,0.0,36.54,0.0,11.5
2026-08-17,Emerald,R4 1280m CL4,4,261132218,69352366,2,Dark Gleam,3,0.0,8.8,0.0,3.2
2026-08-17,Emerald,R4 1280m CL4,4,261132218,90457167,7,Ellibaby,1,0.0,2.63,1.0,1.57
2026-08-17,Emerald,R5 1000m CL6,5,261132222,828592,1,Contemporary,1,0.0,5.1,1.0,1.85
2026-08-17,Emerald,R5 1000m CL6,5,261132222,51476703,3,Diddley Squat,4,0.0,48.0,0.0,7.33
2026-08-17,Emerald,R5 1000m CL6,5,261132222,54612255,2,Good Lieutenant,3,0.0,3.05,0.0,1.55
2026-08-17,Emerald,R5 1000m CL6,5,261132222,101639498,7,Amberinger,5,0.0,27.52,0.0,4.97
2026-08-17,Emerald,R5 1000m CL6,5,261132222,101639499,8,Astapor,2,0.0,4.3,1.0,1.88
2026-08-17,Emerald,R6 1000m Hcap,6,261132226,61371893,10,Silent Angel,2,0.0,14.0,1.0,3.22
2026-08-17,Emerald,R6 1000m Hcap,6,261132226,77427560,1,Helikedempretty,1,1.0,8.2,1.0,2.36
2026-08-17,Emerald,R6 1000m Hcap,6,261132226,82895941,7,Emerald Joy,4,0.0,31.67,0.0,5.87
2026-08-17,Emerald,R6 1000m Hcap,6,261132226,92743611,4,Just A Cosmic Girl,5,0.0,8.8,1.0,2.6
2026-08-17,Emerald,R6 1000m Hcap,6,261132226,94136414,3,Spitzberg,3,0.0,4.76,0.0,1.65
2026-08-17,Emerald,R7 1200m Hcap,7,261132230,831759,6,Viking Treasure,5,0.0,6.8,0.0,2.04
2026-08-17,Emerald,R7 1200m Hcap,7,261132230,47039600,1,Flying Rupert,2,0.0,49.33,0.0,9.2
2026-08-17,Emerald,R7 1200m Hcap,7,261132230,83904314,5,Tipsy Tiger,4,0.0,9.83,0.0,2.66
2026-08-17,Emerald,R7 1200m Hcap,7,261132230,91115842,4,Billy Boom,1,0.0,3.58,0.0,1.44
2026-08-17,Emerald,R7 1200m Hcap,7,261132230,95621612,3,Yes Larry,3,0.0,3.2,1.0,1.47
2026-08-17,Scone,R1 1100m Mdn,1,261130248,73565887,2,Yeah Buddy,1,0.0,3.35,1.0,1.29
2026-08-17,Scone,R1 1100m Mdn,1,261130248,89060890,5,Little Bubbles,3,0.0,52.62,0.0,8.63
2026-08-17,Scone,R1 1100m Mdn,1,261130248,101163125,3,Dyneema,4,0.0,58.3,0.0,8.2
2026-08-17,Scone,R1 1100m Mdn,1,261130248,101639460,1,Lope De Luna,2,0.0,12.65,0.0,2.69
2026-08-17,Scone,R1 1100m Mdn,1,261130248,101639462,7,Mr Hugo,5,0.0,3.95,0.0,2.1
2026-08-17,Scone,R2 900m Mdn,2,261130251,96965690,6,Love You Anyway,2,0.0,23.0,1.0,2.98
2026-08-17,Scone,R2 900m Mdn,2,261130251,101639466,1,Long Live,1,0.0,16.5,1.0,2.39
2026-08-17,Scone,R2 900m Mdn,2,261130251,101639469,8,Rallet,4,0.0,2.64,0.0,1.3
2026-08-17,Scone,R2 900m Mdn,2,261130251,101639470,9,Sir Boom A Lot,3,1.0,2.47,1.0,1.2
2026-08-17,Scone,R2 900m Mdn,2,261130251,101639472,11,Dorset Lass,5,0.0,8.0,0.0,2.2
2026-08-17,Scone,R3 1700m Hcap,3,261130254,46159241,6,Yorikiri,2,0.0,25.45,1.0,4.7
2026-08-17,Scone,R3 1700m Hcap,3,261130254,83903867,3,Astrogazer,1,0.0,10.39,0.0,2.82
2026-08-17,Scone,R3 1700m Hcap,3,261130254,84943370,4,Shootem Up,5,0.0,36.05,0.0,7.4
2026-08-17,Scone,R3 1700m Hcap,3,261130254,94950145,1,Feazabeel,3,0.0,2.94,1.0,1.33
2026-08-17,Scone,R3 1700m Hcap,3,261130254,101418688,2,Magic Merlin,4,1.0,3.75,1.0,1.7
2026-08-17,Scone,R4 1200m CL1,4,261130257,3202209,9,Bees Knees,4,0.0,16.5,0.0,4.4
2026-08-17,Scone,R4 1200m CL1,4,261130257,86388494,4,Panta Rhei,3,0.0,5.6,1.0,2.28
2026-08-17,Scone,R4 1200m CL1,4,261130257,99274440,1,Iron Fury,1,0.0,7.8,1.0,2.6
2026-08-17,Scone,R4 1200m CL1,4,261130257,100487326,12,Sigsaly,5,0.0,72.35,0.0,13.5
2026-08-17,Scone,R4 1200m CL1,4,261130257,100721327,7,Vittozzi,2,0.0,3.89,0.0,1.7
2026-08-17,Scone,R5 1300m Mdn,5,261130260,67360669,14,Switch On,2,0.0,1.88,1.0,1.16
2026-08-17,Scone,R5 1300m Mdn,5,261130260,101639476,2,Oakfield Iowa,1,1.0,2.48,1.0,1.11
2026-08-17,Scone,R5 1300m Mdn,5,261130260,101639477,3,Van Duke,5,0.0,140.0,0.0,12.5
2026-08-17,Scone,R5 1300m Mdn,5,261130260,101639482,9,Graffi,4,0.0,130.0,0.0,5.7
2026-08-17,Scone,R5 1300m Mdn,5,261130260,101639486,16,Lifes Turns,3,0.0,16.8,1.0,1.76
2026-08-17,Scone,R6 1300m Hcap,6,261130263,59768184,3,Savoca,2,0.0,9.04,0.0,2.21
2026-08-17,Scone,R6 1300m Hcap,6,261130263,69932484,2,Shaggy Rogers,5,0.0,63.45,1.0,8.05
2026-08-17,Scone,,6,261130263,74039570,5,River Pat,4,,,,
2026-08-17,Scone,R6 1300m Hcap,6,261130263,85016824,4,Ready And Lucky,1,0.0,2.82,0.0,1.23
2026-08-17,Scone,R6 1300m Hcap,6,261130263,101639488,6,Varuni,3,1.0,2.5,1.0,1.2
2026-08-17,Scone,R7 1000m Hcap,7,261130266,44389198,2,Manage The Cycle,4,0.0,50.0,0.0,7.6
2026-08-17,Scone,R7 1000m Hcap,7,261130266,83155070,5,Nevermista,3,0.0,3.77,1.0,1.51
2026-08-17,Scone,R7 1000m Hcap,7,261130266,89060979,1,Beaumista,2,0.0,3.78,0.0,1.65
2026-08-17,Scone,R7 1000m Hcap,7,261130266,101219057,4,Star Whisperer,1,0.0,6.4,0.0,1.83
2026-08-17,Scone,R7 1000m Hcap,7,261130266,101639492,3,Nova Centauri,5,1.0,4.05,1.0,1.7
2026-08-17,Wodonga,R1 1400m Mdn,1,261129216,6099557,4,Masakari,5,0.0,5.93,0.0,2.16
2026-08-17,Wodonga,R1 1400m Mdn,1,261129216,93871570,3,Brilliant Bull Ant,1,0.0,3.1,0.0,1.38
2026-08-17,Wodonga,R1 1400m Mdn,1,261129216,101671294,7,Full Potential,3,0.0,46.3,0.0,12.38
2026-08-17,Wodonga,R1 1400m Mdn,1,261129216,101671296,10,Star Royal,4,1.0,6.2,1.0,2.2
2026-08-17,Wodonga,R1 1400m Mdn,1,261129216,101671297,11,Very Famous,2,0.0,10.62,0.0,2.49
2026-08-17,Wodonga,R2 1300m Mdn,2,261129224,81775508,10,Petroula,3,0.0,5.01,0.0,2.08
2026-08-17,Wodonga,R2 1300m Mdn,2,261129224,82895835,4,Galagacisco,1,0.0,10.18,1.0,2.9
2026-08-17,Wodonga,R2 1300m Mdn,2,261129224,90847923,5,Gold Decree,2,0.0,5.94,0.0,2.2
2026-08-17,Wodonga,R2 1300m Mdn,2,261129224,101671299,13,Mysterious Master,4,0.0,14.0,0.0,4.43
2026-08-17,Wodonga,R2 1300m Mdn,2,261129224,101671300,14,Painted Wings,5,0.0,15.92,0.0,3.98
2026-08-17,Wodonga,R3 1100m Mdn,3,261129232,95069644,2,Ironic Fortune,4,1.0,4.93,1.0,1.71
2026-08-17,Wodonga,R3 1100m Mdn,3,261129232,101219555,9,Millionaire Lover,1,0.0,4.52,1.0,1.7
2026-08-17,Wodonga,R3 1100m Mdn,3,261129232,101671307,5,Frosted Amber,2,0.0,12.5,0.0,2.63
2026-08-17,Wodonga,R3 1100m Mdn,3,261129232,101671311,11,Woosh,3,0.0,3.23,1.0,1.43
2026-08-17,Wodonga,R3 1100m Mdn,3,261129232,101671314,15,Luminary Miss,5,0.0,8.2,0.0,2.23
2026-08-17,Wodonga,R4 2050m Mdn,4,261129240,1028858,3,Eclectic,5,0.0,18.13,0.0,3.16
2026-08-17,Wodonga,R4 2050m Mdn,4,261129240,95540828,6,Ashina,1,0.0,1.66,1.0,1.11
2026-08-17,Wodonga,R4 2050m Mdn,4,261129240,100749597,5,Sobine,2,0.0,8.76,1.0,1.7
2026-08-17,Wodonga,R4 2050m Mdn,4,261129240,101184053,8,Elegant Force,4,0.0,38.64,0.0,4.44
2026-08-17,Wodonga,R4 2050m Mdn,4,261129240,101671317,1,Clinch The Deal,3,1.0,6.12,1.0,1.59
2026-08-17,Wodonga,R5 2050m Hcap,5,261129248,4191191,6,Lightning Flash,2,1.0,10.64,1.0,3.35
2026-08-17,Wodonga,R5 2050m Hcap,5,261129248,16931314,5,Dreamstone,4,0.0,9.27,1.0,3.28
2026-08-17,Wodonga,R5 2050m Hcap,5,261129248,39880626,2,Just Landed,3,0.0,12.71,0.0,3.2
2026-08-17,Wodonga,R5 2050m Hcap,5,261129248,81848741,3,Phantoms Chase,1,0.0,2.9,0.0,1.55
2026-08-17,Wodonga,R5 2050m Hcap,5,261129248,92207561,8,Dashing Donkey,5,0.0,14.33,1.0,3.79
2026-08-17,Wodonga,R6 1100m Hcap,6,261129256,42169582,1,Lord Domino,3,0.0,15.31,0.0,3.35
2026-08-17,Wodonga,R6 1100m Hcap,6,261129256,47392991,4,First Division,4,1.0,3.75,1.0,1.56
2026-08-17,Wodonga,R6 1100m Hcap,6,261129256,80399123,7,Apple Cider,5,0.0,12.5,1.0,3.02
2026-08-17,Wodonga,R6 1100m Hcap,6,261129256,83676574,2,Shellys Legacy,2,0.0,6.29,0.0,2.07
2026-08-17,Wodonga,R6 1100m Hcap,6,261129256,101671319,3,My Bonnie Lassie,1,0.0,3.3,0.0,1.52
2026-08-17,Wodonga,R7 1300m Hcap,7,261129264,8675686,6,Designer Style,5,0.0,20.0,0.0,5.1
2026-08-17,Wodonga,R7 1300m Hcap,7,261129264,46133415,1,Gobbos Mate,4,0.0,44.0,0.0,9.0
2026-08-17,Wodonga,R7 1300m Hcap,7,261129264,52735337,2,Hughie,1,1.0,3.35,1.0,1.74
2026-08-17,Wodonga,R7 1300m Hcap,7,261129264,95343961,3,Sir Loyne,2,0.0,7.4,0.0,2.45
2026-08-17,Wodonga,R7 1300m Hcap,7,261129264,96534198,4,Boulder Jack,3,0.0,17.0,0.0,3.99
2026-08-17,Wodonga,R8 1400m Hcap,8,261129272,3030494,9,Teddy Boy,3,0.0,12.0,1.0,2.71
2026-08-17,Wodonga,R8 1400m Hcap,8,261129272,79562413,3,Torn,1,0.0,3.52,0.0,1.49
2026-08-17,Wodonga,R8 1400m Hcap,8,261129272,98018443,4,Blow On The Dice,4,1.0,3.25,1.0,1.47
2026-08-17,Wodonga,R8 1400m Hcap,8,261129272,101671324,6,Savethebesttillast,5,0.0,20.0,1.0,4.05
2026-08-17,Wodonga,R8 1400m Hcap,8,261129272,101671325,7,Nevra Queen,2,0.0,5.2,0.0,2.05
2026-08-18,Albury,R1 1400m CL1,1,261164631,96965572,8,Iconic Rose,3,0.0,9.6,0.0,4.9
2026-08-18,Albury,R1 1400m CL1,1,261164631,96965572,8,Iconic Rose,5,0.0,9.6,0.0,4.9
2026-08-18,Albury,R1 1400m CL1,1,261164631,99769447,3,Siyaasi,2,0.0,2.76,0.0,1.62
2026-08-18,Albury,R1 1400m CL1,1,261164631,101553951,4,Fair Master,4,1.0,9.38,1.0,3.6
2026-08-18,Albury,R1 1400m CL1,1,261164631,101671264,1,Xerxes,1,0.0,4.9,0.0,2.4
2026-08-18,Albury,R2 1600m Mdn,2,261164634,83676637,5,Prized Gesture,4,0.0,7.8,0.0,2.95
2026-08-18,Albury,R2 1600m Mdn,2,261164634,99531177,1,Corays Road,2,0.0,5.4,0.0,1.93
2026-08-18,Albury,R2 1600m Mdn,2,261164634,100721188,4,King Kauffo,1,0.0,3.7,0.0,1.58
2026-08-18,Albury,R2 1600m Mdn,2,261164634,101671268,7,Misil Beauty,3,0.0,7.6,0.0,2.72
2026-08-18,Albury,R2 1600m Mdn,2,261164634,101671269,8,Oaklands Orchid,5,0.0,13.0,1.0,3.5
2026-08-18,Albury,R3 1175m Mdn,3,261164637,83940324,1,Conargo,3,0.0,16.5,0.0,3.75
2026-08-18,Albury,R3 1175m Mdn,3,261164637,95343698,3,Distant Stripes,2,0.0,6.93,0.0,1.87
2026-08-18,Albury,R3 1175m Mdn,3,261164637,100693599,9,Piratess,5,0.0,21.0,0.0,3.3
2026-08-18,Albury,R3 1175m Mdn,3,261164637,101671270,4,Ikon Park,1,1.0,2.1,1.0,1.33
2026-08-18,Albury,R3 1175m Mdn,3,261164637,101671271,6,Western Lights,4,0.0,17.54,1.0,3.3
2026-08-18,Albury,R4 1175m CL1,4,261164640,48907688,10,Monaghans Boy,5,0.0,56.85,0.0,15.0
2026-08-18,Albury,R4 1175m CL1,4,261164640,101218973,7,Iroquai,1,0.0,5.87,0.0,1.8
2026-08-18,Albury,R4 1175m CL1,4,261164640,101671275,2,Pariah Flyer,2,0.0,3.61,0.0,1.52
2026-08-18,Albury,R4 1175m CL1,4,261164640,101671276,3,Bifurcation,3,0.0,8.4,1.0,2.43
2026-08-18,Albury,R4 1175m CL1,4,261164640,101671277,5,Jungle Lights,4,0.0,13.0,1.0,3.05
2026-08-18,Albury,R5 1500m Hcap,5,261164643,4217173,5,Seguro,5,0.0,16.5,1.0,3.65
2026-08-18,Albury,R5 1500m Hcap,5,261164643,6872230,1,Hot Toddy,3,0.0,4.98,0.0,1.85
2026-08-18,Albury,R5 1500m Hcap,5,261164643,26245003,10,Cinephile,4,0.0,7.8,0.0,2.14
2026-08-18,Albury,R5 1500m Hcap,5,261164643,74853187,2,Desert Opal,1,1.0,2.79,1.0,1.5
2026-08-18,Albury,R5 1500m Hcap,5,261164643,97660411,7,Manzobeel,2,0.0,11.0,0.0,2.84
2026-08-18,Albury,R6 900m Mdn,6,261164646,90603732,1,Flying Corsair,2,1.0,10.0,1.0,2.34
2026-08-18,Albury,R6 900m Mdn,6,261164646,96146787,7,Carlow Rose,4,0.0,5.21,1.0,1.6
2026-08-18,Albury,R6 900m Mdn,6,261164646,101671285,10,Snitzel Tycoon,1,0.0,2.1,1.0,1.21
2026-08-18,Albury,R6 900m Mdn,6,261164646,101671287,14,Tenacious Tiger,5,0.0,15.69,0.0,3.16
2026-08-18,Albury,R6 900m Mdn,6,261164646,101671288,15,Girl Scout,3,0.0,106.34,0.0,11.0
2026-08-18,Albury,R7 1000m Hcap,7,261164649,51502114,7,Gold Tracker,2,0.0,30.11,0.0,6.05
2026-08-18,Albury,R7 1000m Hcap,7,261164649,69109922,2,Risky Whisky,1,1.0,2.57,1.0,1.45
2026-08-18,Albury,R7 1000m Hcap,7,261164649,71436343,5,Brial Rose,4,0.0,5.0,0.0,1.73
2026-08-18,Albury,R7 1000m Hcap,7,261164649,78083529,1,Starlight Girl,5,0.0,19.9,1.0,4.6
2026-08-18,Albury,R7 1000m Hcap,7,261164649,88733187,9,Marine Girl,3,0.0,7.6,1.0,2.82
2026-08-18,Ballarat,R1 1000m Mdn,1,261173099,4054458,2,Master Jack,5,1.0,13.63,1.0,2.68
2026-08-18,Ballarat,R1 1000m Mdn,1,261173099,90604278,6,Prince Of Portland,2,0.0,2.37,1.0,1.21
2026-08-18,Ballarat,R1 1000m Mdn,1,261173099,101354414,12,What Once Was,4,0.0,20.0,1.0,3.06
2026-08-18,Ballarat,R1 1000m Mdn,1,261173099,101671496,3,Back Up Barbie,1,0.0,7.84,0.0,1.74
2026-08-18,Ballarat,R1 1000m Mdn,1,261173099,101671503,11,Roja Caliente,3,0.0,3.3,0.0,1.44
2026-08-18,Ballarat,R2 1200m Mdn,2,261173108,854679,10,Satoshi,4,0.0,5.3,1.0,2.16
2026-08-18,Ballarat,R2 1200m Mdn,2,261173108,84374049,2,Catonahotinroof,1,0.0,6.0,0.0,2.13
2026-08-18,Ballarat,R2 1200m Mdn,2,261173108,101671506,1,Bellitsy,3,0.0,19.0,0.0,4.3
2026-08-18,Ballarat,R2 1200m Mdn,2,261173108,101671509,5,Sumaluv,2,0.0,12.5,0.0,3.36
2026-08-18,Ballarat,R2 1200m Mdn,2,261173108,101671514,11,Kung Fu Panda,5,0.0,4.8,0.0,2.22
2026-08-18,Ballarat,R3 1400m Mdn,3,261173117,3423689,1,Alarming,5,0.0,154.84,0.0,15.5
2026-08-18,Ballarat,R3 1400m Mdn,3,261173117,4203155,6,Stuntman,2,1.0,3.33,1.0,1.48
2026-08-18,Ballarat,R3 1400m Mdn,3,261173117,95301438,5,Rich King,3,0.0,3.1,1.0,1.32
2026-08-18,Ballarat,R3 1400m Mdn,3,261173117,101164013,12,Scarole,1,0.0,8.86,1.0,2.12
2026-08-18,Ballarat,R3 1400m Mdn,3,261173117,101671521,10,Aurum Star,4,0.0,5.8,0.0,1.77
2026-08-18,Ballarat,R4 1400m Hcap,4,261173126,5309061,3,Life Sentence,3,0.0,5.4,1.0,1.92
2026-08-18,Ballarat,R4 1400m Hcap,4,261173126,56289327,2,Powerbound,5,0.0,14.5,0.0,3.6
2026-08-18,Ballarat,R4 1400m Hcap,4,261173126,91485582,9,Suze Spritz,2,0.0,27.84,0.0,7.24
2026-08-18,Ballarat,R4 1400m Hcap,4,261173126,97726031,11,Naval Force,4,0.0,46.0,1.0,8.8
2026-08-18,Ballarat,R4 1400m Hcap,4,261173126,101671530,8,Saludar,1,1.0,3.13,1.0,1.59
2026-08-18,Ballarat,R5 1500m Hcap,5,261173135,2263061,1,Validated,2,0.0,18.0,1.0,5.69
2026-08-18,Ballarat,R5 1500m Hcap,5,261173135,97393539,5,Swycho,4,0.0,7.43,0.0,2.81
2026-08-18,Ballarat,R5 1500m Hcap,5,261173135,98517080,7,Newcombe,5,0.0,6.2,0.0,2.44
2026-08-18,Ballarat,R5 1500m Hcap,5,261173135,101671531,8,Outsidethesquare,3,0.0,17.18,0.0,5.2
2026-08-18,Ballarat,R5 1500m Hcap,5,261173135,101671532,9,Pick Wisely,1,0.0,6.6,0.0,2.18
2026-08-18,Ballarat,R6 1200m Hcap,6,261173144,7240331,3,Margin Call,1,0.0,8.6,1.0,2.25
2026-08-18,Ballarat,R6 1200m Hcap,6,261173144,49949025,1,Eamonns Memory,3,0.0,120.0,0.0,16.98
2026-08-18,Ballarat,R6 1200m Hcap,6,261173144,57916559,5,Speedtail,2,1.0,10.24,1.0,2.56
2026-08-18,Ballarat,R6 1200m Hcap,6,261173144,101671534,12,Shes Buoyant,5,0.0,2.58,0.0,1.39
2026-08-18,Ballarat,R6 1200m Hcap,6,261173144,101671537,15,Battle Of The Ice,4,0.0,21.43,0.0,4.83
2026-08-18,Ballarat,R7 1000m Hcap,7,261173153,71223142,9,Whitson,3,0.0,14.89,0.0,3.95
2026-08-18,Ballarat,R7 1000m Hcap,7,261173153,94060392,1,Masked Marauder,2,1.0,6.2,1.0,2.34
2026-08-18,Ballarat,R7 1000m Hcap,7,261173153,101671539,8,Love Symbol,1,0.0,8.38,1.0,2.68
2026-08-18,Ballarat,R7 1000m Hcap,7,261173153,101671540,12,Face The Wild,4,0.0,4.28,0.0,2.12
2026-08-18,Ballarat,R7 1000m Hcap,7,261173153,101671541,13,Pull My Finger,5,0.0,11.0,0.0,2.63
2026-08-18,Grafton,R1 1025m Mdn,1,261165117,92995533,2,Kobi Express,1,0.0,6.54,1.0,2.22
2026-08-18,Grafton,R1 1025m Mdn,1,261165117,101671228,3,Monsieur Wolf,4,0.0,16.0,0.0,3.55
2026-08-18,Grafton,R1 1025m Mdn,1,261165117,101671231,6,Sizzling Suzie,3,0.0,12.39,0.0,3.4
2026-08-18,Grafton,R1 1025m Mdn,1,261165117,101671239,11,Ibetty,2,0.0,4.4,0.0,1.82
2026-08-18,Grafton,R1 1025m Mdn,1,261165117,101671241,12,Musumeci,5,0.0,65.0,0.0,10.5
2026-08-18,Grafton,R2 1025m Hcap,2,261165120,59684772,5,Introducing,1,0.0,136.54,0.0,13.0
2026-08-18,Grafton,R2 1025m Hcap,2,261165120,70421574,7,Kates Tiara,5,0.0,7.8,1.0,2.7
2026-08-18,Grafton,R2 1025m Hcap,2,261165120,78976534,4,Their Finest Hour,4,0.0,8.2,0.0,2.92
2026-08-18,Grafton,R2 1025m Hcap,2,261165120,95919392,2,Dance Gavin Dance,3,1.0,3.95,1.0,1.69
2026-08-18,Grafton,R2 1025m Hcap,2,261165120,98180400,9,Zoucat,2,0.0,10.03,0.0,2.62
2026-08-18,Grafton,R3 1730m Mdn,3,261165123,70633085,5,Turpins Torment,3,0.0,17.5,0.0,5.2
2026-08-18,Grafton,R3 1730m Mdn,3,261165123,99770593,6,Bills Angel,5,0.0,7.1,1.0,2.64
2026-08-18,Grafton,R3 1730m Mdn,3,261165123,101671246,4,Sea Turtle,4,0.0,55.96,0.0,10.5
2026-08-18,Grafton,R3 1730m Mdn,3,261165123,101671247,7,Desert Angel,1,0.0,19.0,0.0,5.29
2026-08-18,Grafton,R3 1730m Mdn,3,261165123,101671248,12,Nukatabe,2,1.0,5.65,1.0,2.78
2026-08-18,Grafton,R4 1430m Mdn,4,261165126,100232437,12,Winning Harlow,2,0.0,16.5,0.0,3.18
2026-08-18,Grafton,R4 1430m Mdn,4,261165126,101183358,6,Latin Lights,1,0.0,3.7,1.0,1.69
2026-08-18,Grafton,R4 1430m Mdn,4,261165126,101671249,1,Divine Mandate,3,0.0,4.61,0.0,1.61
2026-08-18,Grafton,R4 1430m Mdn,4,261165126,101671250,2,Zweigelt,4,0.0,6.3,0.0,1.98
2026-08-18,Grafton,R4 1430m Mdn,4,261165126,101671254,11,Too Mars,5,0.0,18.5,0.0,6.8
2026-08-18,Grafton,R5 1430m CL1,5,261165129,80362846,3,Almanzas,2,1.0,3.35,1.0,1.78
2026-08-18,Grafton,R5 1430m CL1,5,261165129,84982039,7,Lolita,5,0.0,61.09,0.0,9.13
2026-08-18,Grafton,R5 1430m CL1,5,261165129,96747154,12,Turn Left,3,0.0,14.0,0.0,3.75
2026-08-18,Grafton,R5 1430m CL1,5,261165129,99428264,2,You Are Mind,4,0.0,4.4,0.0,1.84
2026-08-18,Grafton,R5 1430m CL1,5,261165129,99770535,1,Torque So Hot,1,0.0,7.41,1.0,2.26
2026-08-18,Grafton,R6 1200m Hcap,6,261165132,55533422,1,Dune And Dusted,5,0.0,22.0,0.0,4.7
2026-08-18,Grafton,R6 1200m Hcap,6,261165132,58711613,10,Spirits Burn Deep,1,0.0,4.7,0.0,1.83
2026-08-18,Grafton,R6 1200m Hcap,6,261165132,97983600,9,Keiko Say,4,0.0,7.0,0.0,2.74
2026-08-18,Grafton,R6 1200m Hcap,6,261165132,101671259,6,Warrior Bae,2,0.0,9.24,0.0,3.04
2026-08-18,Grafton,R6 1200m Hcap,6,261165132,101671260,11,Valouri,3,0.0,8.91,0.0,3.44
2026-08-18,Grafton,R7 1630m Hcap,7,261165135,9443696,5,Zucchero,1,0.0,5.33,1.0,2.26
2026-08-18,Grafton,R7 1630m Hcap,7,261165135,67077216,9,Our Sparky,4,1.0,25.3,1.0,6.29
2026-08-18,Grafton,R7 1630m Hcap,7,261165135,84222508,2,Dark Stratum,5,0.0,12.97,0.0,4.0
2026-08-18,Grafton,R7 1630m Hcap,7,261165135,90285893,4,In The Fine Print,2,0.0,8.0,0.0,2.6
2026-08-18,Grafton,R7 1630m Hcap,7,261165135,99951403,6,Andros,3,0.0,14.87,1.0,3.64
2026-08-18,Townsville,R1 1200m Mdn,1,261172756,1503675,4,Overland,3,0.0,4.78,1.0,1.78
2026-08-18,Townsville,R1 1200m Mdn,1,261172756,96495757,7,Prague Pride,1,0.0,6.6,0.0,2.12
2026-08-18,Townsville,R1 1200m Mdn,1,261172756,99241192,6,Okay Zoomer,5,0.0,16.87,0.0,3.57
2026-08-18,Townsville,R1 1200m Mdn,1,261172756,101671329,3,Dark Fae,2,1.0,2.48,1.0,1.43
2026-08-18,Townsville,R1 1200m Mdn,1,261172756,101671331,8,Stylish Rosie,4,0.0,8.21,1.0,2.18
2026-08-18,Townsville,R2 2000m Hcap,2,261172760,28631661,2,Smart Legend,2,1.0,2.37,1.0,1.55
2026-08-18,Townsville,R2 2000m Hcap,2,261172760,31199491,3,Hopeful,5,0.0,9.4,0.0,4.2
2026-08-18,Townsville,R2 2000m Hcap,2,261172760,42217999,6,Prince Akeem,4,0.0,14.88,1.0,4.9
2026-08-18,Townsville,R2 2000m Hcap,2,261172760,45367233,1,Journalism,3,0.0,3.73,0.0,1.73
2026-08-18,Townsville,R2 2000m Hcap,2,261172760,59620145,4,Kureder,1,0.0,8.0,0.0,3.55
2026-08-18,Townsville,R3 1200m Hcap,3,261172764,946415,2,Hellish,2,0.0,6.39,1.0,3.3
2026-08-18,Townsville,R3 1200m Hcap,3,261172764,38868553,6,Spirit Meister,5,0.0,22.39,0.0,8.8
2026-08-18,Townsville,R3 1200m Hcap,3,261172764,60528976,1,Northern Pride,3,0.0,9.62,0.0,5.03
2026-08-18,Townsville,R3 1200m Hcap,3,261172764,77427278,3,Red Hot Lizzie,4,0.0,3.85,0.0,2.06
2026-08-18,Townsville,R3 1200m Hcap,3,261172764,101671336,5,Lean Eagle,1,0.0,3.79,0.0,1.93
2026-08-18,Townsville,R4 1400m Hcap,4,261172768,74537921,1,Betterlucknexttime,2,0.0,4.41,0.0,2.18
2026-08-18,Townsville,R4 1400m Hcap,4,261172768,83409908,6,Supid Date,4,0.0,3.84,0.0,2.14
2026-08-18,Townsville,R4 1400m Hcap,4,261172768,84471345,5,Carohvic,3,0.0,13.0,1.0,5.38
2026-08-18,Townsville,R4 1400m Hcap,4,261172768,101671337,2,The Kobay Train,5,0.0,5.79,0.0,2.83
2026-08-18,Townsville,R4 1400m Hcap,4,261172768,101671338,3,Faraway Downs,1,1.0,4.1,1.0,2.12
2026-08-18,Townsville,R5 1400m Hcap,5,261172772,27788418,5,Vouchers,1,0.0,5.1,1.0,1.78
2026-08-18,Townsville,R5 1400m Hcap,5,261172772,27788418,5,Vouchers,2,0.0,5.1,1.0,1.78
2026-08-18,Townsville,R5 1400m Hcap,5,261172772,76391234,2,Bubblesnfroth,3,0.0,8.31,1.0,2.3
2026-08-18,Townsville,R5 1400m Hcap,5,261172772,78756298,11,Craicaro,5,0.0,23.0,0.0,4.8
2026-08-18,Townsville,R5 1400m Hcap,5,261172772,90251708,9,British Gem,4,1.0,3.0,1.0,1.37
2026-08-18,Townsville,R6 1609m Hcap,6,261172776,41308100,1,Medal,2,0.0,21.0,0.0,5.1
2026-08-18,Townsville,R6 1609m Hcap,6,261172776,63362469,4,Lone Force,1,0.0,7.02,1.0,2.4
2026-08-18,Townsville,R6 1609m Hcap,6,261172776,78231172,6,Eclipsion,4,0.0,12.78,0.0,3.81
2026-08-18,Townsville,R6 1609m Hcap,6,261172776,91203515,2,Bluebird Bay,3,0.0,4.45,0.0,1.84
2026-08-18,Townsville,R6 1609m Hcap,6,261172776,100262939,7,Banxi,5,0.0,14.5,0.0,4.54
2026-08-18,Townsville,R7 1000m Hcap,7,261172780,64960707,2,Dalt Jaz,4,1.0,7.43,1.0,2.48
2026-08-18,Townsville,R7 1000m Hcap,7,261172780,78534948,9,Singular,3,0.0,35.18,0.0,7.3
2026-08-18,Townsville,R7 1000m Hcap,7,261172780,83641779,3,Bang Stick,5,0.0,7.4,0.0,3.0
2026-08-18,Townsville,R7 1000m Hcap,7,261172780,101671342,8,Dance For Me Randy,2,0.0,21.0,0.0,6.81
2026-08-18,Townsville,R7 1000m Hcap,7,261172780,101671343,12,Fabulean,1,0.0,5.3,0.0,2.24
2026-08-19,Belmont,R1 1200m Mdn,1,261216664,81437227,2,Call Me Invincible,3,0.0,18.5,1.0,3.9
2026-08-19,Belmont,R1 1200m Mdn,1,261216664,90485029,8,Xelcimus,5,0.0,12.77,0.0,3.88
2026-08-19,Belmont,R1 1200m Mdn,1,261216664,100633664,1,Win For Buster,2,0.0,24.69,1.0,4.3
2026-08-19,Belmont,R1 1200m Mdn,1,261216664,100862496,12,Kute As Kan Be,4,0.0,7.43,0.0,2.33
2026-08-19,Belmont,R1 1200m Mdn,1,261216664,101781632,9,Playing Solo,1,0.0,2.78,0.0,1.53
2026-08-19,Belmont,R2 1200m Mdn,2,261216673,3390440,1,Damage Control,4,0.0,15.94,0.0,3.06
2026-08-19,Belmont,R2 1200m Mdn,2,261216673,101781635,3,Wrexham,5,0.0,30.48,1.0,6.42
2026-08-19,Belmont,R2 1200m Mdn,2,261216673,101781638,7,Boutique Belle,1,0.0,2.58,1.0,1.35
2026-08-19,Belmont,R2 1200m Mdn,2,261216673,101781639,10,Blue Sparx,2,1.0,3.29,1.0,1.3
2026-08-19,Belmont,R2 1200m Mdn,2,261216673,101781640,11,Perfume Princess,3,0.0,16.0,0.0,3.8
2026-08-19,Belmont,R3 1000m CL1,3,261216682,3409983,5,Brinson,3,0.0,5.1,0.0,1.96
2026-08-19,Belmont,R3 1000m CL1,3,261216682,4656385,2,Dont Wink,1,0.0,6.4,1.0,2.1
2026-08-19,Belmont,R3 1000m CL1,3,261216682,8314946,4,Guarantor,4,0.0,19.0,1.0,3.95
2026-08-19,Belmont,R3 1000m CL1,3,261216682,80301134,1,Hez Got The Safe,2,0.0,6.62,0.0,1.74
2026-08-19,Belmont,R3 1000m CL1,3,261216682,101781642,7,Gday Bloke,5,0.0,22.26,0.0,4.58
2026-08-19,Belmont,R4 1650m CL1,4,261216691,70325049,12,Rock Dee Jay,5,0.0,75.0,0.0,12.0
2026-08-19,Belmont,R4 1650m CL1,4,261216691,96183106,5,Solo Vega,3,0.0,7.19,0.0,2.11
2026-08-19,Belmont,R4 1650m CL1,4,261216691,101781643,1,Pure Mac,2,0.0,6.89,1.0,2.22
2026-08-19,Belmont,R4 1650m CL1,4,261216691,101781644,2,Back To Bondi,1,1.0,3.34,1.0,1.49
2026-08-19,Belmont,R4 1650m CL1,4,261216691,101781645,3,Point Gibraltar,4,0.0,5.69,0.0,2.1
2026-08-19,Belmont,R5 2100m Hcap,5,261216700,7245737,4,Must Be Nice,1,0.0,5.9,0.0,2.27
2026-08-19,Belmont,R5 2100m Hcap,5,261216700,28025379,5,Sluice Box,3,0.0,60.0,0.0,11.57
2026-08-19,Belmont,R5 2100m Hcap,5,261216700,85778991,1,Granite Rock,4,0.0,12.0,0.0,4.1
2026-08-19,Belmont,R5 2100m Hcap,5,261216700,86820714,2,Hanafubuki,5,0.0,8.8,0.0,2.88
2026-08-19,Belmont,R5 2100m Hcap,5,261216700,101781650,9,Whiskers Harbour,2,0.0,21.0,1.0,5.61
2026-08-19,Belmont,R6 1200m Hcap,6,261216709,9285001,7,Poblano,1,0.0,3.34,0.0,1.44
2026-08-19,Belmont,R6 1200m Hcap,6,261216709,18129792,3,Hurricane Harley,3,1.0,5.6,1.0,2.1
2026-08-19,Belmont,R6 1200m Hcap,6,261216709,71687441,10,Catch The Red Eye,5,0.0,35.46,0.0,10.31
2026-08-19,Belmont,R6 1200m Hcap,6,261216709,83119795,6,Lucky I Am,2,0.0,6.81,1.0,2.42
2026-08-19,Belmont,R6 1200m Hcap,6,261216709,85713269,4,Champagne Crusader,4,0.0,9.0,1.0,3.0
2026-08-19,Belmont,R7 1400m CL3,7,261216718,3400376,1,Acta Non Verba,5,0.0,20.0,0.0,4.9
2026-08-19,Belmont,R7 1400m CL3,7,261216718,83835256,11,Classic Ruler,2,0.0,7.8,0.0,2.0
2026-08-19,Belmont,R7 1400m CL3,7,261216718,84432641,9,Abissi,4,0.0,28.0,0.0,5.22
2026-08-19,Belmont,R7 1400m CL3,7,261216718,85181136,7,The Rocket,1,1.0,1.84,1.0,1.25
2026-08-19,Belmont,R7 1400m CL3,7,261216718,93493249,2,Boussac,3,0.0,34.0,0.0,6.0
2026-08-19,Belmont,R8 1400m CL3,8,261216727,2381337,6,Cosmic Spirit,2,0.0,6.41,1.0,2.66
2026-08-19,Belmont,R8 1400m CL3,8,261216727,65230563,9,Romming Danger,5,0.0,29.0,0.0,6.8
2026-08-19,Belmont,R8 1400m CL3,8,261216727,92088023,13,Rising Fame,4,0.0,25.0,0.0,6.8
2026-08-19,Belmont,R8 1400m CL3,8,261216727,101781658,4,Divine Impact,1,0.0,5.7,0.0,2.51
2026-08-19,Belmont,R8 1400m CL3,8,261216727,101781659,5,Admire The Girl,3,0.0,23.06,0.0,6.4
2026-08-19,Hobart,R1 2100m CL1,1,261216130,57113755,6,Wet N Dry,5,0.0,140.65,0.0,30.0
2026-08-19,Hobart,R1 2100m CL1,1,261216130,82640764,2,Honest Warrior,4,0.0,3.3,1.0,1.81
2026-08-19,Hobart,R1 2100m CL1,1,261216130,88069306,5,Thems The Breaks,2,0.0,3.24,0.0,1.65
2026-08-19,Hobart,R1 2100m CL1,1,261216130,96495307,4,Last Tremble,3,0.0,8.7,0.0,3.32
2026-08-19,Hobart,R1 2100m CL1,1,261216130,99731445,3,Regal Hunter,1,1.0,5.06,1.0,2.53
2026-08-19,Hobart,R2 1100m Mdn,2,261216136,98213976,4,Sorell Eagles,3,0.0,29.82,0.0,6.4
2026-08-19,Hobart,R2 1100m Mdn,2,261216136,101780238,3,Midway Point,4,0.0,13.86,0.0,3.4
2026-08-19,Hobart,R2 1100m Mdn,2,261216136,101780239,6,Lin Thizzy,2,0.0,24.0,1.0,4.8
2026-08-19,Hobart,R2 1100m Mdn,2,261216136,101781706,10,Tsuyoi Kitsune,1,0.0,2.84,0.0,1.54
2026-08-19,Hobart,R2 1100m Mdn,2,261216136,101781708,12,Precious Illusion,5,0.0,6.2,0.0,2.24
2026-08-19,Hobart,R3 1400m CL5,3,261216142,61336427,5,Geegee Strawberry,4,0.0,12.5,0.0,2.5
2026-08-19,Hobart,R3 1400m CL5,3,261216142,66732764,1,Garcon Despoir,3,0.0,2.38,1.0,1.36
2026-08-19,Hobart,R3 1400m CL5,3,261216142,68637004,2,Kakia,1,0.0,10.5,1.0,2.36
2026-08-19,Hobart,R3 1400m CL5,3,261216142,84982609,4,Tassie Power,2,0.0,11.0,0.0,2.61
2026-08-19,Hobart,R3 1400m CL5,3,261216142,101328439,3,Southern Auroras,5,0.0,3.95,0.0,1.47
2026-08-19,Hobart,R4 1400m Mdn,4,261216148,78977574,10,Royal Scene,4,0.0,27.0,0.0,5.77
2026-08-19,Hobart,R4 1400m Mdn,4,261216148,83378912,3,Surf Soul,5,0.0,27.0,0.0,6.1
2026-08-19,Hobart,R4 1400m Mdn,4,261216148,95263488,4,Unfiltered,2,0.0,8.4,0.0,2.48
2026-08-19,Hobart,R4 1400m Mdn,4,261216148,100693227,11,Up To Tori,3,0.0,16.0,0.0,3.3
2026-08-19,Hobart,R4 1400m Mdn,4,261216148,101780246,6,Vinraam,1,1.0,2.04,1.0,1.25
2026-08-19,Hobart,R5 1600m Hcap,5,261216154,37020748,4,Fighting Floyd,3,0.0,8.04,0.0,3.6
2026-08-19,Hobart,R5 1600m Hcap,5,261216154,40364564,6,Flossing,2,0.0,15.7,0.0,5.9
2026-08-19,Hobart,R5 1600m Hcap,5,261216154,41198810,2,Sushi Express,5,0.0,2.44,0.0,1.59
2026-08-19,Hobart,R5 1600m Hcap,5,261216154,51616110,3,Zewinna,4,0.0,10.55,0.0,4.3
2026-08-19,Hobart,R5 1600m Hcap,5,261216154,78916234,1,Blonde Star,1,0.0,10.58,1.0,3.93
2026-08-19,Hobart,R6 2400m Hcap,6,261216160,44364578,2,Happy Clan,2,0.0,3.59,0.0,1.6
2026-08-19,Hobart,R6 2400m Hcap,6,261216160,75480973,5,Alpine Trout,4,0.0,11.5,0.0,3.26
2026-08-19,Hobart,R6 2400m Hcap,6,261216160,87454507,1,Dont Give Up,1,0.0,9.4,0.0,2.79
2026-08-19,Hobart,R6 2400m Hcap,6,261216160,97693959,4,Native Clan,5,0.0,6.01,1.0,2.15
2026-08-19,Hobart,R6 2400m Hcap,6,261216160,98708795,3,Merlin Beach,3,1.0,4.2,1.0,1.48
2026-08-19,Hobart,R7 1100m Hcap,7,261216166,5387458,3,Alpine Thunder,2,1.0,12.0,1.0,2.91
2026-08-19,Hobart,R7 1100m Hcap,7,261216166,6602066,7,Cool Heart,4,0.0,8.8,0.0,2.3
2026-08-19,Hobart,R7 1100m Hcap,7,261216166,23783431,11,Sky Eagle,5,0.0,29.47,0.0,6.0
2026-08-19,Hobart,R7 1100m Hcap,7,261216166,78463756,4,Geegees Missile,1,0.0,2.24,1.0,1.19
2026-08-19,Hobart,R7 1100m Hcap,7,261216166,85778579,5,Sky Land,3,0.0,5.04,0.0,1.67
2026-08-19,Hobart,R8 1400m CL1,8,261216172,6082046,5,Savage River,5,0.0,15.0,0.0,3.46
2026-08-19,Hobart,R8 1400m CL1,8,261216172,80438375,7,Snowdonia,1,0.0,12.5,0.0,3.35
2026-08-19,Hobart,R8 1400m CL1,8,261216172,99731439,3,Fierce N Fabulous,3,0.0,11.94,0.0,3.03
2026-08-19,Hobart,R8 1400m CL1,8,261216172,100232412,1,Fuel On The Fire,2,0.0,2.8,1.0,1.5
2026-08-19,Hobart,R8 1400m CL1,8,261216172,101780247,8,The Little Bay,4,0.0,14.57,0.0,3.62
2026-08-19,Hobart,R9 1200m CL1,9,261216190,3647429,9,South Georgia,2,0.0,9.0,1.0,2.78
2026-08-19,Hobart,R9 1200m CL1,9,261216190,69129121,8,Geegeeschaser,3,0.0,5.32,0.0,1.93
2026-08-19,Hobart,R9 1200m CL1,9,261216190,95263512,5,Miss Lyra,5,0.0,3.8,0.0,1.88
2026-08-19,Hobart,R9 1200m CL1,9,261216190,101780249,4,Geegees Mercedes,1,0.0,5.73,0.0,2.28
2026-08-19,Hobart,R9 1200m CL1,9,261216190,101781710,10,Celestial Glow,4,0.0,12.84,0.0,3.4
2026-08-19,Hobart,R10 1600m Hcap,10,261216220,48843837,8,Thisismyturf,5,0.0,6.44,0.0,2.32
2026-08-19,Hobart,R10 1600m Hcap,10,261216220,52670221,2,Just A Needs,1,0.0,8.29,0.0,2.58
2026-08-19,Hobart,R10 1600m Hcap,10,261216220,69641726,6,Henley Extreme,3,0.0,4.02,1.0,1.71
2026-08-19,Hobart,R10 1600m Hcap,10,261216220,78977552,5,Stardarmus,2,0.0,11.0,1.0,3.05
2026-08-19,Hobart,R10 1600m Hcap,10,261216220,83868155,1,Coal River,4,1.0,6.0,1.0,2.59
2026-08-19,Ipswich,R1 1680m Mdn,1,261217198,36673065,1,Moscow Mule,1,0.0,1.56,1.0,1.1
2026-08-19,Ipswich,R1 1680m Mdn,1,261217198,91873210,8,Wingeandwin,4,0.0,13.5,0.0,2.62
2026-08-19,Ipswich,R1 1680m Mdn,1,261217198,92504376,2,Lottery Link,2,0.0,16.36,1.0,2.55
2026-08-19,Ipswich,R1 1680m Mdn,1,261217198,101781595,3,Isla Delilah,3,1.0,8.85,1.0,1.87
2026-08-19,Ipswich,R1 1680m Mdn,1,261217198,101781599,10,Chance De Lune,5,0.0,17.5,0.0,2.92
2026-08-19,Ipswich,R2 1350m 3yo,2,261217207,39868365,6,Ted Lasso,3,0.0,7.2,1.0,1.94
2026-08-19,Ipswich,R2 1350m 3yo,2,261217207,96721544,9,Pirouette Girl,5,0.0,9.17,0.0,2.16
2026-08-19,Ipswich,R2 1350m 3yo,2,261217207,100660792,4,My Chevalier,4,0.0,32.12,1.0,6.2
2026-08-19,Ipswich,R2 1350m 3yo,2,261217207,101781604,8,Hit A Lick,2,0.0,8.8,0.0,2.08
2026-08-19,Ipswich,R2 1350m 3yo,2,261217207,101781605,10,Raging Raider,1,1.0,2.42,1.0,1.3
2026-08-19,Ipswich,R3 2170m Hcap,3,261217216,1342963,5,San Gabriel,2,0.0,3.39,0.0,1.35
2026-08-19,Ipswich,R3 2170m Hcap,3,261217216,51070895,1,I Am The Empire,1,0.0,3.3,1.0,1.36
2026-08-19,Ipswich,R3 2170m Hcap,3,261217216,70137422,4,Farwest,3,0.0,4.84,0.0,1.66
2026-08-19,Ipswich,R3 2170m Hcap,3,261217216,70930117,7,Whatjeudoin,5,1.0,25.0,1.0,3.95
2026-08-19,Ipswich,R3 2170m Hcap,3,261217216,101781606,3,Jemoma Alpilage,4,0.0,10.46,1.0,2.41
2026-08-19,Ipswich,R4 1100m Mdn,4,261217225,91354842,13,Major Hot,3,0.0,11.0,1.0,2.46
2026-08-19,Ipswich,R4 1100m Mdn,4,261217225,93918193,4,Veomas,1,0.0,2.79,0.0,1.41
2026-08-19,Ipswich,R4 1100m Mdn,4,261217225,100396478,6,Machtig Havanagila,2,0.0,11.5,0.0,3.27
2026-08-19,Ipswich,R4 1100m Mdn,4,261217225,101781615,14,Rocking Frocks,5,0.0,38.23,0.0,6.4
2026-08-19,Ipswich,R4 1100m Mdn,4,261217225,101781616,16,City Bound,4,0.0,16.41,0.0,3.65
2026-08-19,Ipswich,R5 1350m CL1,5,261217234,10855823,2,Buckeye,4,0.0,3.87,0.0,1.68
2026-08-19,Ipswich,R5 1350m CL1,5,261217234,76706637,6,Adranos,1,0.0,16.0,0.0,3.78
2026-08-19,Ipswich,R5 1350m CL1,5,261217234,84374229,4,Cambridge Bay,3,0.0,26.07,0.0,5.03
2026-08-19,Ipswich,R5 1350m CL1,5,261217234,84943373,5,Kadesky,5,0.0,28.0,1.0,6.6
2026-08-19,Ipswich,R5 1350m CL1,5,261217234,92784269,1,Rochedale Hero,2,1.0,4.0,1.0,1.83
2026-08-19,Ipswich,R6 1350m CL1,6,261217243,7415320,1,Had It All,3,0.0,36.54,0.0,8.0
2026-08-19,Ipswich,R6 1350m CL1,6,261217243,77729331,13,Katie Aine,4,0.0,9.4,0.0,3.25
2026-08-19,Ipswich,R6 1350m CL1,6,261217243,92504379,7,Saturdays Girl,1,0.0,29.0,0.0,6.2
2026-08-19,Ipswich,R6 1350m CL1,6,261217243,101781621,2,Ready For Aimee,2,1.0,5.6,1.0,2.28
2026-08-19,Ipswich,R6 1350m CL1,6,261217243,101781623,4,Lebanese,5,0.0,19.0,1.0,4.8
2026-08-19,Ipswich,R7 1680m CL2,7,261217252,398982,2,Possibilities,1,0.0,5.4,0.0,1.68
2026-08-19,Ipswich,R7 1680m CL2,7,261217252,1135585,1,Precise Star,3,1.0,2.16,1.0,1.32
2026-08-19,Ipswich,R7 1680m CL2,7,261217252,69161381,10,Gagnante Enchere,5,0.0,12.28,0.0,3.25
2026-08-19,Ipswich,R7 1680m CL2,7,261217252,78230193,11,Mosamour,4,0.0,30.0,0.0,5.8
2026-08-19,Ipswich,R7 1680m CL2,7,261217252,89591724,7,Wounder,2,0.0,7.11,1.0,2.04
2026-08-19,Sandown,R1 1600m Hcap,1,261217082,4802968,8,Baywatch,3,0.0,5.9,0.0,2.07
2026-08-19,Sandown,R1 1600m Hcap,1,261217082,82376305,6,Tempranillo,1,0.0,4.74,0.0,1.93
2026-08-19,Sandown,R1 1600m Hcap,1,261217082,94226359,9,Licentious,5,0.0,5.77,0.0,2.14
2026-08-19,Sandown,R1 1600m Hcap,1,261217082,99731491,1,Eleanor Dumont,4,0.0,14.12,1.0,3.15
2026-08-19,Sandown,R1 1600m Hcap,1,261217082,100164899,3,Meh Keffi,2,0.0,10.85,0.0,2.78
2026-08-19,Sandown,R2 1200m 3yo,2,261217091,563460,4,Legality,2,0.0,17.31,0.0,3.54
2026-08-19,Sandown,R2 1200m 3yo,2,261217091,95263229,9,Zambales,1,0.0,1.79,1.0,1.18
2026-08-19,Sandown,R2 1200m 3yo,2,261217091,101781664,1,Boys Bounce,4,0.0,18.5,1.0,3.69
2026-08-19,Sandown,R2 1200m 3yo,2,261217091,101781666,3,Inner Gold,3,0.0,16.4,0.0,2.88
2026-08-19,Sandown,R2 1200m 3yo,2,261217091,101781671,10,Zoehrer,5,0.0,5.83,0.0,1.74
2026-08-19,Sandown,R3 1200m 3yo,3,261217100,5653678,12,Saintly Dancer,2,1.0,6.56,1.0,2.06
2026-08-19,Sandown,R3 1200m 3yo,3,261217100,6714577,3,All That And More,5,0.0,24.0,0.0,4.88
2026-08-19,Sandown,R3 1200m 3yo,3,261217100,8925787,11,Resolutely,3,0.0,4.4,0.0,1.62
2026-08-19,Sandown,R3 1200m 3yo,3,261217100,101781674,5,Fiery Fun,4,0.0,18.07,0.0,4.55
2026-08-19,Sandown,R3 1200m 3yo,3,261217100,101781675,6,Ghanas Akan,1,0.0,2.84,1.0,1.4
2026-08-19,Sandown,R4 2100m Hcap,4,261217109,52405707,10,Shes A Con,5,0.0,11.0,0.0,3.11
2026-08-19,Sandown,R4 2100m Hcap,4,261217109,72850652,1,The Devil In Her,2,0.0,11.63,0.0,3.6
2026-08-19,Sandown,R4 2100m Hcap,4,261217109,85587209,12,Almago,4,0.0,7.22,0.0,2.47
2026-08-19,Sandown,R4 2100m Hcap,4,261217109,92504166,8,Big Sister Ava,3,0.0,11.01,0.0,3.15
2026-08-19,Sandown,R4 2100m Hcap,4,261217109,101781680,2,Giggenbach,1,0.0,3.5,1.0,1.54
2026-08-19,Sandown,R5 2400m Hcap,5,261217118,1026630,12,Chihuly,1,0.0,9.99,1.0,3.19
2026-08-19,Sandown,R5 2400m Hcap,5,261217118,26801253,6,Empress Of The Sun,2,0.0,4.48,0.0,2.06
2026-08-19,Sandown,,5,261217118,49088618,1,Flash Feeling,3,,,,
2026-08-19,Sandown,R5 2400m Hcap,5,261217118,54901407,7,Parvati Party,5,0.0,7.75,0.0,2.55
2026-08-19,Sandown,R5 2400m Hcap,5,261217118,83903503,3,Jaykayann,4,0.0,14.69,0.0,4.1
2026-08-19,Sandown,R6 1600m Hcap,6,261217127,78432911,1,One Long Day,3,0.0,14.5,0.0,4.25
2026-08-19,Sandown,R6 1600m Hcap,6,261217127,99809338,7,Emperor Tzu,2,0.0,9.27,1.0,2.9
2026-08-19,Sandown,R6 1600m Hcap,6,261217127,100486994,6,Komito,1,0.0,13.61,0.0,3.7
2026-08-19,Sandown,R6 1600m Hcap,6,261217127,101781691,12,Terrortorian,5,0.0,18.01,0.0,4.7
2026-08-19,Sandown,R6 1600m Hcap,6,261217127,101781693,14,Gold Chariot,4,1.0,2.22,1.0,1.34
2026-08-19,Sandown,R7 1200m Hcap,7,261217136,54084852,6,Ivans Hero,4,0.0,30.72,1.0,5.51
2026-08-19,Sandown,R7 1200m Hcap,7,261217136,60816369,5,Wolfy,1,0.0,10.43,0.0,2.67
2026-08-19,Sandown,R7 1200m Hcap,7,261217136,90324472,9,Queen Christine,5,1.0,3.69,1.0,1.61
2026-08-19,Sandown,R7 1200m Hcap,7,261217136,101781695,1,Farcited,2,0.0,5.82,0.0,2.16
2026-08-19,Sandown,R7 1200m Hcap,7,261217136,101781698,11,Star Trip,3,0.0,4.0,0.0,1.8
2026-08-19,Sandown,R8 1400m Hcap,8,261217145,52272723,10,Vienna Vixen,2,0.0,36.14,0.0,8.47
2026-08-19,Sandown,R8 1400m Hcap,8,261217145,76659736,6,Stay Humble,3,0.0,10.0,1.0,3.45
2026-08-19,Sandown,R8 1400m Hcap,8,261217145,101781702,13,Proven Soul,1,0.0,5.18,0.0,2.06
2026-08-19,Sandown,R8 1400m Hcap,8,261217145,101781704,15,Tan Tat Delight,4,0.0,22.0,0.0,4.7
2026-08-19,Sandown,R8 1400m Hcap,8,261217145,101781705,17,Viva Mauricio,5,0.0,30.0,0.0,8.25
2026-08-19,Strathalbyn,R1 1350m Mdn,1,261263104,98386585,6,Winning All Round,3,1.0,4.9,1.0,1.88
2026-08-19,Strathalbyn,R1 1350m Mdn,1,261263104,98386585,6,Winning All Round,4,1.0,4.9,1.0,1.88
2026-08-19,Strathalbyn,R1 1350m Mdn,1,261263104,101780250,1,Blazing Red,5,0.0,8.0,1.0,2.23
2026-08-19,Strathalbyn,R1 1350m Mdn,1,261263104,101780251,4,Fomenter,1,0.0,4.42,0.0,2.03
2026-08-19,Strathalbyn,R1 1350m Mdn,1,261263104,101780251,4,Fomenter,2,0.0,4.42,0.0,2.03
2026-08-19,Strathalbyn,R2 1600m Mdn,2,261263113,93612797,8,Or Am I,3,0.0,23.01,0.0,8.0
2026-08-19,Strathalbyn,R2 1600m Mdn,2,261263113,93612797,8,Or Am I,4,0.0,23.01,0.0,8.0
2026-08-19,Strathalbyn,R2 1600m Mdn,2,261263113,93826797,4,Impending Fury,5,0.0,13.5,0.0,5.1
2026-08-19,Strathalbyn,R2 1600m Mdn,2,261263113,98882866,6,Winstons Pride,1,0.0,3.67,1.0,1.66
2026-08-19,Strathalbyn,R2 1600m Mdn,2,261263113,98882866,6,Winstons Pride,2,0.0,3.67,1.0,1.66
2026-08-19,Strathalbyn,R3 1200m Mdn,3,261263122,82602449,10,Pretty Morsel,5,0.0,13.77,1.0,2.74
2026-08-19,Strathalbyn,R3 1200m Mdn,3,261263122,101780260,7,Zerealm,1,0.0,3.68,1.0,1.41
2026-08-19,Strathalbyn,R3 1200m Mdn,3,261263122,101780260,7,Zerealm,2,0.0,3.68,1.0,1.41
2026-08-19,Strathalbyn,R3 1200m Mdn,3,261263122,101780261,11,Secret Owl,3,0.0,19.5,0.0,3.6
2026-08-19,Strathalbyn,R3 1200m Mdn,3,261263122,101780261,11,Secret Owl,4,0.0,19.5,0.0,3.6
2026-08-19,Strathalbyn,R4 1100m CL1,4,261263131,86017831,5,Charka,3,0.0,11.0,1.0,2.12
2026-08-19,Strathalbyn,R4 1100m CL1,4,261263131,92459698,9,Reoffer,1,0.0,6.4,0.0,1.62
2026-08-19,Strathalbyn,R4 1100m CL1,4,261263131,92459698,9,Reoffer,2,0.0,6.4,0.0,1.62
2026-08-19,Strathalbyn,R4 1100m CL1,4,261263131,101780263,1,Whiskey Tumbler,5,1.0,2.1,1.0,1.2
2026-08-19,Strathalbyn,,5,261263140,45737052,3,Eaglelou,3,,,,
2026-08-19,Strathalbyn,,5,261263140,45737052,3,Eaglelou,4,,,,
2026-08-19,Strathalbyn,,5,261263140,72850444,5,Divine Fire,1,,,,
2026-08-19,Strathalbyn,,5,261263140,72850444,5,Divine Fire,4,,,,
2026-08-19,Strathalbyn,,5,261263140,72850444,5,Divine Fire,5,,,,
2026-08-19,Strathalbyn,,5,261263140,90603947,12,I Love This Song,5,,,,
2026-08-19,Strathalbyn,,5,261263140,101780270,2,Empirestateofmind,2,,,,
2026-08-19,Strathalbyn,,5,261263140,101780274,16,Shadow Hawk,3,,,,
2026-08-19,Strathalbyn,R6 1600m Hcap,6,261263149,28224166,5,Yorokobi,5,0.0,5.27,0.0,2.44
2026-08-19,Strathalbyn,R6 1600m Hcap,6,261263149,99242099,6,Goodlookin Guru,1,0.0,26.28,0.0,6.09
2026-08-19,Strathalbyn,R6 1600m Hcap,6,261263149,99242099,6,Goodlookin Guru,3,0.0,26.28,0.0,6.09
2026-08-19,Strathalbyn,R6 1600m Hcap,6,261263149,101780276,2,Darci Lane,1,0.0,5.1,0.0,2.16
2026-08-19,Strathalbyn,R6 1600m Hcap,6,261263149,101780276,2,Darci Lane,2,0.0,5.1,0.0,2.16
2026-08-19,Strathalbyn,R6 1600m Hcap,6,261263149,101780276,2,Darci Lane,3,0.0,5.1,0.0,2.16
2026-08-19,Strathalbyn,R6 1600m Hcap,6,261263149,101780277,8,Cosmic Spy,4,0.0,30.0,0.0,8.0
2026-08-19,Strathalbyn,R6 1600m Hcap,6,261263149,101780277,8,Cosmic Spy,5,0.0,30.0,0.0,8.0
2026-08-19,Strathalbyn,R6 1600m Hcap,6,261263149,101780279,10,Flyway,4,0.0,5.9,0.0,2.46
2026-08-19,Strathalbyn,R7 1350m Hcap,7,261263158,26101514,5,Outpost,3,0.0,21.45,0.0,7.46
2026-08-19,Strathalbyn,R7 1350m Hcap,7,261263158,26101514,5,Outpost,4,0.0,21.45,0.0,7.46
2026-08-19,Strathalbyn,R7 1350m Hcap,7,261263158,75965282,14,Shalhavmusik,5,0.0,16.0,0.0,5.5
2026-08-19,Strathalbyn,R7 1350m Hcap,7,261263158,97953976,6,Dreams Fulfilled,1,0.0,9.2,1.0,3.2
2026-08-19,Strathalbyn,R7 1350m Hcap,7,261263158,97953976,6,Dreams Fulfilled,2,0.0,9.2,1.0,3.2
2026-08-19,Warwick Farm,R1 1100m 3yo,1,261215507,3281592,4,Watsons Bay,3,0.0,10.12,0.0,3.35
2026-08-19,Warwick Farm,R1 1100m 3yo,1,261215507,101781727,1,Blessed Eagle,4,1.0,3.9,1.0,1.45
2026-08-19,Warwick Farm,R1 1100m 3yo,1,261215507,101781730,6,Artemex,2,0.0,9.6,0.0,2.5
2026-08-19,Warwick Farm,R1 1100m 3yo,1,261215507,101781731,7,Profitabelle,1,0.0,3.97,1.0,1.51
2026-08-19,Warwick Farm,R1 1100m 3yo,1,261215507,101781734,10,Saffron Veil,5,0.0,9.6,1.0,2.57
2026-08-19,Warwick Farm,R2 1300m 3yo,2,261215516,101781739,8,Stateroom,4,0.0,32.75,0.0,3.9
2026-08-19,Warwick Farm,R2 1300m 3yo,2,261215516,101781742,13,Queens Gamble,2,1.0,10.5,1.0,1.75
2026-08-19,Warwick Farm,R2 1300m 3yo,2,261215516,101781743,14,Satin Serenade,1,0.0,1.41,1.0,1.17
2026-08-19,Warwick Farm,R2 1300m 3yo,2,261215516,101781748,19,Whitehall,3,0.0,25.0,0.0,3.25
2026-08-19,Warwick Farm,R2 1300m 3yo,2,261215516,101781748,19,Whitehall,5,0.0,25.0,0.0,3.25
2026-08-19,Warwick Farm,R3 1600m Hcap,3,261215525,4428309,6,Namaste,4,0.0,8.03,0.0,2.17
2026-08-19,Warwick Farm,R3 1600m Hcap,3,261215525,99398610,4,Deep Pleasure,1,1.0,3.25,1.0,1.6
2026-08-19,Warwick Farm,R3 1600m Hcap,3,261215525,101163968,5,John Dory,5,0.0,6.56,0.0,1.87
2026-08-19,Warwick Farm,R3 1600m Hcap,3,261215525,101781750,2,United Kingdom,3,0.0,19.4,0.0,4.6
2026-08-19,Warwick Farm,R3 1600m Hcap,3,261215525,101781751,3,Belle Detelle,2,0.0,11.0,0.0,3.16
2026-08-19,Warwick Farm,R4 1100m Hcap,4,261215534,77338686,9,Bubbles Up,3,0.0,9.42,0.0,2.17
2026-08-19,Warwick Farm,,4,261215534,87165045,4,Scenic Point,2,,,,
2026-08-19,Warwick Farm,R4 1100m Hcap,4,261215534,101781754,2,Tequila Baby,5,0.0,10.17,1.0,2.7
2026-08-19,Warwick Farm,R4 1100m Hcap,4,261215534,101781755,3,Lull,4,0.0,6.17,1.0,1.68
2026-08-19,Warwick Farm,R4 1100m Hcap,4,261215534,101781756,13,Uncertain Glory,1,0.0,2.68,0.0,1.33
2026-08-19,Warwick Farm,R5 1400m Hcap,5,261215543,23585429,7,Sociable,1,0.0,13.0,1.0,1.91
2026-08-19,Warwick Farm,R5 1400m Hcap,5,261215543,88927559,2,Island Dream,3,0.0,14.92,0.0,2.36
2026-08-19,Warwick Farm,R5 1400m Hcap,5,261215543,93536713,4,Hallowed Halls,5,0.0,190.0,0.0,11.5
2026-08-19,Warwick Farm,R5 1400m Hcap,5,261215543,101781757,3,Mr Miller,2,1.0,1.3,1.0,1.09
2026-08-19,Warwick Farm,R5 1400m Hcap,5,261215543,101781758,8,Think Itz You,4,0.0,88.2,0.0,6.4
2026-08-19,Warwick Farm,R6 1000m Hcap,6,261215552,85778332,5,Rantan,2,0.0,9.55,1.0,3.12
2026-08-19,Warwick Farm,R6 1000m Hcap,6,261215552,94181391,7,Spartus,3,0.0,36.05,1.0,6.4
2026-08-19,Warwick Farm,R6 1000m Hcap,6,261215552,101781760,6,Scillato,4,0.0,15.98,0.0,4.6
2026-08-19,Warwick Farm,R6 1000m Hcap,6,261215552,101781761,8,Manukau,1,0.0,11.83,0.0,2.79
2026-08-19,Warwick Farm,R6 1000m Hcap,6,261215552,101781763,12,Gambler,5,0.0,42.0,0.0,7.18
2026-08-19,Warwick Farm,R7 1200m Hcap,7,261215561,2160995,8,Royal Air Force,1,0.0,17.89,0.0,4.87
2026-08-19,Warwick Farm,R7 1200m Hcap,7,261215561,2983376,6,Kirribilli,4,0.0,11.5,0.0,3.7
2026-08-19,Warwick Farm,R7 1200m Hcap,7,261215561,68638302,2,Diddle Dumpling,3,0.0,7.6,1.0,2.5
2026-08-19,Warwick Farm,R7 1200m Hcap,7,261215561,101781765,7,The Little General,2,0.0,7.24,0.0,2.36
2026-08-19,Warwick Farm,R7 1200m Hcap,7,261215561,101781767,13,Olivia Twist,5,0.0,14.0,0.0,3.45
2026-08-20,Hawkesbury,R1 1500m Mdn,1,261262033,6265554,4,Fletcher,5,0.0,47.68,0.0,6.0
2026-08-20,Hawkesbury,R1 1500m Mdn,1,261262033,99656745,6,Cape Douglas,1,0.0,5.0,0.0,1.54
2026-08-20,Hawkesbury,R1 1500m Mdn,1,261262033,100660622,3,Copartner Pegasus,2,1.0,2.5,1.0,1.12
2026-08-20,Hawkesbury,R1 1500m Mdn,1,261262033,101418680,2,Mr Reiby,4,0.0,16.29,0.0,3.85
2026-08-20,Hawkesbury,R1 1500m Mdn,1,261262033,101809869,1,Coral Cove,3,0.0,3.65,1.0,1.6
2026-08-20,Hawkesbury,R2 1100m CL1,2,261262036,655005,6,Parthenon,1,0.0,3.55,1.0,1.84
2026-08-20,Hawkesbury,R2 1100m CL1,2,261262036,83446062,5,Master Zous,4,0.0,16.5,0.0,5.2
2026-08-20,Hawkesbury,R2 1100m CL1,2,261262036,95918965,2,Royal Corporal,2,1.0,11.93,1.0,4.2
2026-08-20,Hawkesbury,R2 1100m CL1,2,261262036,101809871,3,Turf Fever,5,0.0,3.56,0.0,1.85
2026-08-20,Hawkesbury,R2 1100m CL1,2,261262036,101809872,4,Classic Pocket,3,0.0,4.41,0.0,2.32
2026-08-20,Hawkesbury,R3 1800m Hcap,3,261262039,57450949,3,Highborn Harry,1,0.0,2.58,0.0,1.26
2026-08-20,Hawkesbury,R3 1800m Hcap,3,261262039,87495896,6,Johnny Smash,4,0.0,22.44,0.0,3.65
2026-08-20,Hawkesbury,R3 1800m Hcap,3,261262039,97448942,1,The Stars Align,5,0.0,14.0,0.0,3.5
2026-08-20,Hawkesbury,R3 1800m Hcap,3,261262039,101809873,2,My Charm,2,1.0,6.2,1.0,1.75
2026-08-20,Hawkesbury,R3 1800m Hcap,3,261262039,101809874,4,Ivy Legend,3,0.0,7.59,1.0,1.92
2026-08-20,Hawkesbury,R4 1300m Mdn,4,261262042,2352584,8,Esquire,2,0.0,4.45,0.0,1.4
2026-08-20,Hawkesbury,R4 1300m Mdn,4,261262042,6310413,2,The Agent,4,0.0,26.0,0.0,3.73
2026-08-20,Hawkesbury,R4 1300m Mdn,4,261262042,92417666,7,Tahurangi,3,0.0,14.61,0.0,2.39
2026-08-20,Hawkesbury,R4 1300m Mdn,4,261262042,101639475,1,Sparkling Fire,1,1.0,1.98,1.0,1.16
2026-08-20,Hawkesbury,R4 1300m Mdn,4,261262042,101809879,11,Triple Seven,5,0.0,25.0,0.0,3.63
2026-08-20,Hawkesbury,R5 1000m 3yo,5,261262045,1049820,4,Lava Flow,1,0.0,2.74,1.0,1.35
2026-08-20,Hawkesbury,R5 1000m 3yo,5,261262045,8434789,8,Living On A Prayer,4,0.0,100.0,0.0,12.52
2026-08-20,Hawkesbury,R5 1000m 3yo,5,261262045,100721315,10,Bascilica Babe,3,0.0,16.74,0.0,2.71
2026-08-20,Hawkesbury,R5 1000m 3yo,5,261262045,101809881,2,Rattle The Stars,5,0.0,9.0,1.0,2.62
2026-08-20,Hawkesbury,R5 1000m 3yo,5,261262045,101809885,7,Kiowa,2,0.0,16.0,0.0,3.29
2026-08-20,Hawkesbury,R6 1100m Mdn,6,261262048,6019871,3,Tempestuous,1,0.0,5.6,0.0,1.79
2026-08-20,Hawkesbury,R6 1100m Mdn,6,261262048,56685555,10,Quaver,5,0.0,130.0,0.0,16.0
2026-08-20,Hawkesbury,R6 1100m Mdn,6,261262048,96413998,4,Written Doll,3,0.0,4.1,1.0,1.49
2026-08-20,Hawkesbury,R6 1100m Mdn,6,261262048,101809887,1,Pharland,2,0.0,13.63,0.0,2.75
2026-08-20,Hawkesbury,R6 1100m Mdn,6,261262048,101809890,8,Harrybegood,4,1.0,3.15,1.0,1.43
2026-08-20,Hawkesbury,R7 1600m Listed,7,261262051,55206268,7,Democracy Manifest,4,0.0,49.75,0.0,10.0
2026-08-20,Hawkesbury,R7 1600m Listed,7,261262051,55533883,2,Punch Lane,1,0.0,2.8,1.0,1.62
2026-08-20,Hawkesbury,R7 1600m Listed,7,261262051,94688176,5,Juja Kibo,5,0.0,14.0,1.0,3.85
2026-08-20,Hawkesbury,R7 1600m Listed,7,261262051,101809898,1,Soul Of Spain,2,0.0,8.0,0.0,2.4
2026-08-20,Hawkesbury,R7 1600m Listed,7,261262051,101809899,4,Nellie Leylax,3,0.0,9.79,0.0,2.56
2026-08-20,Hawkesbury,R8 1300m Hcap,8,261262054,5546123,5,Serpico,5,0.0,24.0,0.0,4.9
2026-08-20,Hawkesbury,R8 1300m Hcap,8,261262054,82115964,1,Dashing Rupert,1,0.0,9.0,0.0,2.76
2026-08-20,Hawkesbury,R8 1300m Hcap,8,261262054,101354202,3,Gus The Great,2,1.0,3.4,1.0,1.48
2026-08-20,Hawkesbury,R8 1300m Hcap,8,261262054,101809900,7,Ausbred Hedntail,3,0.0,6.6,1.0,2.08
2026-08-20,Hawkesbury,R8 1300m Hcap,8,261262054,101809904,18,Kwirky Smile,4,0.0,4.0,1.0,1.66
2026-08-20,Mackay,R1 1800m Hcap,1,261262010,1085378,2,Twin Turbo,3,0.0,6.59,0.0,2.62
2026-08-20,Mackay,R1 1800m Hcap,1,261262010,5979743,6,Chance,2,0.0,42.0,0.0,10.69
2026-08-20,Mackay,R1 1800m Hcap,1,261262010,39317573,7,Seeress,4,0.0,7.33,0.0,3.14
2026-08-20,Mackay,R1 1800m Hcap,1,261262010,70705266,1,Eagle Warrior,1,0.0,7.85,1.0,3.86
2026-08-20,Mackay,R1 1800m Hcap,1,261262010,96938316,5,Kayleens Profit,5,0.0,14.5,0.0,4.9
2026-08-20,Mackay,R2 1560m CL3,2,261262014,12118492,5,Dwayne,5,0.0,7.55,0.0,3.35
2026-08-20,Mackay,R2 1560m CL3,2,261262014,75118122,3,Intrepid Lad,2,1.0,2.4,1.0,1.67
2026-08-20,Mackay,R2 1560m CL3,2,261262014,75118122,3,Intrepid Lad,3,1.0,2.4,1.0,1.67
2026-08-20,Mackay,R2 1560m CL3,2,261262014,86057044,4,Maravillas,4,0.0,10.5,0.0,3.72
2026-08-20,Mackay,R2 1560m CL3,2,261262014,96565921,1,Hou Long Gwai,1,0.0,8.2,0.0,3.7
2026-08-20,Mackay,R3 1100m 3yo,3,261262018,3085884,1,Davos,5,0.0,36.0,0.0,4.9
2026-08-20,Mackay,R3 1100m 3yo,3,261262018,100200467,4,Stormybob,4,0.0,12.5,1.0,2.44
2026-08-20,Mackay,R3 1100m 3yo,3,261262018,101809040,2,Jonker Rocket,3,0.0,28.46,0.0,5.5
2026-08-20,Mackay,R3 1100m 3yo,3,261262018,101809042,6,Reves Time,2,0.0,8.6,1.0,1.69
2026-08-20,Mackay,R3 1100m 3yo,3,261262018,101809043,7,Cinchicated,1,0.0,1.57,0.0,1.14
2026-08-20,Mackay,R4 1300m Mdn,4,261262022,77999834,7,Hot Luci,4,0.0,18.19,0.0,4.55
2026-08-20,Mackay,R4 1300m Mdn,4,261262022,94645270,4,Mo Spirit,3,0.0,7.81,0.0,2.53
2026-08-20,Mackay,R4 1300m Mdn,4,261262022,99731328,8,Balkan Melody,2,0.0,3.09,1.0,1.69
2026-08-20,Mackay,R4 1300m Mdn,4,261262022,99809169,6,Bestov,1,0.0,5.25,1.0,1.75
2026-08-20,Mackay,R4 1300m Mdn,4,261262022,101579007,1,Manoftheland,5,0.0,21.0,0.0,4.5
2026-08-20,Mackay,R5 1100m Hcap,5,261262026,28386073,4,Me Time,4,0.0,11.0,0.0,2.44
2026-08-20,Mackay,R5 1100m Hcap,5,261262026,68157231,1,Five Star King,2,1.0,2.16,1.0,1.22
2026-08-20,Mackay,R5 1100m Hcap,5,261262026,76753634,3,Whatta Mission,5,0.0,57.81,0.0,11.5
2026-08-20,Mackay,R5 1100m Hcap,5,261262026,78231585,5,Breeches,3,0.0,7.44,0.0,1.85
2026-08-20,Mackay,R5 1100m Hcap,5,261262026,88027814,2,Melo Melo Kava,1,0.0,4.83,1.0,1.66
2026-08-20,Mackay,R6 1200m Hcap,6,261262030,615479,4,Determination,3,0.0,4.5,1.0,1.85
2026-08-20,Mackay,R6 1200m Hcap,6,261262030,54138928,3,The Extreme Cat,2,0.0,17.45,0.0,4.7
2026-08-20,Mackay,R6 1200m Hcap,6,261262030,76335107,5,Our Missile,4,1.0,4.0,1.0,1.77
2026-08-20,Mackay,R6 1200m Hcap,6,261262030,82603966,2,Hot Digity Boom,1,0.0,8.0,0.0,2.84
2026-08-20,Mackay,R6 1200m Hcap,6,261262030,101809049,11,Zaya,5,0.0,6.99,0.0,2.19
2026-08-20,Pinjarra,R1 2013m Mdn,1,261263555,581943,5,Suparoo,4,0.0,8.0,0.0,2.44
2026-08-20,Pinjarra,R1 2013m Mdn,1,261263555,80641253,1,Pembeton,1,0.0,11.77,0.0,3.11
2026-08-20,Pinjarra,R1 2013m Mdn,1,261263555,99657271,6,Hesnotallthere,5,0.0,6.09,1.0,2.35
2026-08-20,Pinjarra,R1 2013m Mdn,1,261263555,101808330,2,Sin City Boy,3,0.0,4.76,0.0,1.89
2026-08-20,Pinjarra,R1 2013m Mdn,1,261263555,101808332,10,By God He Is,2,0.0,4.96,0.0,2.21
2026-08-20,Pinjarra,R2 1300m 3yo,2,261263559,6422233,4,Rocky Beach,3,0.0,9.4,0.0,2.44
2026-08-20,Pinjarra,R2 1300m 3yo,2,261263559,99848619,7,Cassandra,1,1.0,2.58,1.0,1.52
2026-08-20,Pinjarra,R2 1300m 3yo,2,261263559,101808333,1,Rocktex,2,0.0,3.83,1.0,1.44
2026-08-20,Pinjarra,R2 1300m 3yo,2,261263559,101808334,3,Biscuits,5,0.0,34.0,0.0,5.34
2026-08-20,Pinjarra,R2 1300m 3yo,2,261263559,101808335,5,Aura Magna,4,0.0,12.0,0.0,2.83
2026-08-20,Pinjarra,R3 1400m Mdn,3,261263563,5171718,3,About Turn,1,1.0,2.52,1.0,1.44
2026-08-20,Pinjarra,R3 1400m Mdn,3,261263563,6145053,4,Zero To Sixty,2,0.0,4.8,1.0,1.6
2026-08-20,Pinjarra,R3 1400m Mdn,3,261263563,94985832,9,Pure N Simple,3,0.0,16.5,0.0,3.97
2026-08-20,Pinjarra,R3 1400m Mdn,3,261263563,96141369,7,Diamond Choux,5,0.0,9.8,0.0,2.72
2026-08-20,Pinjarra,R3 1400m Mdn,3,261263563,101808340,11,Fortgang,4,0.0,36.0,0.0,10.0
2026-08-20,Pinjarra,R4 1600m Mdn,4,261263567,46292478,2,Energetic,2,0.0,12.0,0.0,2.37
2026-08-20,Pinjarra,R4 1600m Mdn,4,261263567,101329855,5,History Supreme,3,0.0,13.33,0.0,2.7
2026-08-20,Pinjarra,R4 1600m Mdn,4,261263567,101808343,1,Sylva Jack,5,0.0,20.85,0.0,3.5
2026-08-20,Pinjarra,R4 1600m Mdn,4,261263567,101808346,9,Trickster,1,1.0,2.96,1.0,1.29
2026-08-20,Pinjarra,R4 1600m Mdn,4,261263567,101808348,11,Atsui Haru,4,0.0,2.44,1.0,1.21
2026-08-20,Pinjarra,R5 1600m CL5,5,261263571,5272446,1,Late Arrival,3,0.0,5.48,0.0,1.56
2026-08-20,Pinjarra,R5 1600m CL5,5,261263571,40579274,9,Wheres My Lunch,5,0.0,31.07,0.0,5.96
2026-08-20,Pinjarra,R5 1600m CL5,5,261263571,58072860,5,Chantel,2,0.0,9.34,1.0,2.59
2026-08-20,Pinjarra,R5 1600m CL5,5,261263571,85779338,4,Rosie Can Run,1,0.0,4.4,1.0,1.48
2026-08-20,Pinjarra,R5 1600m CL5,5,261263571,101808351,3,Publicise,4,1.0,2.56,1.0,1.3
2026-08-20,Pinjarra,R6 1500m Hcap,6,261263575,67223242,11,Who Saz Yes,4,0.0,15.84,0.0,5.1
2026-08-20,Pinjarra,R6 1500m Hcap,6,261263575,73918516,2,Miss Wall Street,2,0.0,7.64,0.0,2.49
2026-08-20,Pinjarra,R6 1500m Hcap,6,261263575,80569858,6,Military Jane,5,1.0,11.26,1.0,3.85
2026-08-20,Pinjarra,R6 1500m Hcap,6,261263575,101808352,1,Kelora,1,0.0,7.08,1.0,2.68
2026-08-20,Pinjarra,R6 1500m Hcap,6,261263575,101808353,12,Ah Kum,3,0.0,32.0,1.0,8.4
2026-08-20,Pinjarra,R7 1300m CL1,7,261263579,80363819,10,Cawarra,4,0.0,23.68,0.0,4.88
2026-08-20,Pinjarra,R7 1300m CL1,7,261263579,87094160,4,Come On Emma,1,0.0,9.0,1.0,2.28
2026-08-20,Pinjarra,R7 1300m CL1,7,261263579,94921422,11,Cable Rock,3,1.0,4.15,1.0,1.6
2026-08-20,Pinjarra,R7 1300m CL1,7,261263579,101808354,5,Radiant Light,2,0.0,2.95,1.0,1.56
2026-08-20,Pinjarra,R7 1300m CL1,7,261263579,101808355,6,Another Chant,5,0.0,84.32,0.0,11.38
2026-08-20,Warrnambool,R1 2000m Mdn,1,261262711,44562605,3,Grinding Away,4,0.0,15.36,1.0,3.05
2026-08-20,Warrnambool,R1 2000m Mdn,1,261262711,91873053,4,Helter Peltzer,3,0.0,24.73,0.0,4.3
2026-08-20,Warrnambool,R1 2000m Mdn,1,261262711,100993272,1,Bouchereign,5,0.0,46.0,0.0,7.75
2026-08-20,Warrnambool,R1 2000m Mdn,1,261262711,101163851,8,Mission Taichi,1,1.0,2.24,1.0,1.2
2026-08-20,Warrnambool,R1 2000m Mdn,1,261262711,101809054,5,Hemi Two Barrell,2,0.0,9.2,1.0,2.51
2026-08-20,Warrnambool,R2 3100m Hcap,2,261262720,50168074,2,Reddivo,3,1.0,2.07,1.0,1.38
2026-08-20,Warrnambool,R2 3100m Hcap,2,261262720,53486502,3,Matthew Mark,4,0.0,8.0,1.0,3.1
2026-08-20,Warrnambool,R2 3100m Hcap,2,261262720,65052282,5,Smokin Rohie,5,0.0,8.0,0.0,3.25
2026-08-20,Warrnambool,R2 3100m Hcap,2,261262720,88069824,4,Red Aces,1,0.0,14.18,0.0,5.25
2026-08-20,Warrnambool,R2 3100m Hcap,2,261262720,101809058,1,Kicking King,2,0.0,21.15,0.0,7.8
2026-08-20,Warrnambool,R3 1700m Mdn,3,261262729,5265298,3,The Noble Steed,4,0.0,375.28,0.0,29.0
2026-08-20,Warrnambool,R3 1700m Mdn,3,261262729,94181933,4,Hill Cry,2,1.0,4.3,1.0,1.43
2026-08-20,Warrnambool,R3 1700m Mdn,3,261262729,100885647,2,Fiorowngood,1,0.0,2.89,1.0,1.25
2026-08-20,Warrnambool,R3 1700m Mdn,3,261262729,101184051,8,Winter Arc,3,0.0,5.5,0.0,1.84
2026-08-20,Warrnambool,R3 1700m Mdn,3,261262729,101809060,6,Staff Writer,5,0.0,26.0,0.0,3.95
2026-08-20,Warrnambool,R4 1400m Mdn,4,261262738,92504152,8,Just My Lot,3,0.0,8.2,1.0,1.65
2026-08-20,Warrnambool,R4 1400m Mdn,4,261262738,101809063,3,Mr Sioux,1,1.0,1.55,1.0,1.12
2026-08-20,Warrnambool,R4 1400m Mdn,4,261262738,101809065,6,Tempered Edge,5,0.0,26.92,0.0,3.55
2026-08-20,Warrnambool,R4 1400m Mdn,4,261262738,101809066,7,All Moonlite,2,0.0,28.12,0.0,3.81
2026-08-20,Warrnambool,R4 1400m Mdn,4,261262738,101809067,9,Lune Lumineuse,4,0.0,8.0,1.0,1.61
2026-08-20,Warrnambool,R5 1100m Mdn,5,261262747,94688356,1,Hineys Bar,2,0.0,8.0,0.0,2.02
2026-08-20,Warrnambool,R5 1100m Mdn,5,261262747,101579235,6,Pipoli Diva,5,0.0,14.5,0.0,2.82
2026-08-20,Warrnambool,R5 1100m Mdn,5,261262747,101809070,3,Empress Rossa,1,1.0,1.8,1.0,1.17
2026-08-20,Warrnambool,R5 1100m Mdn,5,261262747,101809071,4,Mai,4,0.0,42.0,0.0,6.39
2026-08-20,Warrnambool,R5 1100m Mdn,5,261262747,101809074,9,Louella Fly,3,0.0,6.28,1.0,1.93
2026-08-20,Warrnambool,R6 1100m Hcap,6,261262756,1224413,6,Dynamite Dancer,5,0.0,11.0,1.0,3.09
2026-08-20,Warrnambool,R6 1100m Hcap,6,261262756,28401403,2,Moonraker,4,0.0,3.9,1.0,1.72
2026-08-20,Warrnambool,R6 1100m Hcap,6,261262756,85712853,1,Tango Jewel,3,0.0,13.5,0.0,3.75
2026-08-20,Warrnambool,R6 1100m Hcap,6,261262756,93168018,9,Cinnamon Kiss,1,1.0,4.4,1.0,1.84
2026-08-20,Warrnambool,R6 1100m Hcap,6,261262756,99398749,5,Princess Mess,2,0.0,17.79,0.0,4.3
2026-08-20,Warrnambool,R7 1400m Hcap,7,261262765,2060038,3,Kingsford,5,0.0,8.97,0.0,3.2
2026-08-20,Warrnambool,R7 1400m Hcap,7,261262765,76611621,5,Side Piece,3,0.0,10.95,0.0,3.51
2026-08-20,Warrnambool,R7 1400m Hcap,7,261262765,90485490,2,Big Rooster,2,1.0,5.84,1.0,2.42
2026-08-20,Warrnambool,R7 1400m Hcap,7,261262765,95384948,4,King Camelot,4,0.0,6.12,1.0,2.67
2026-08-20,Warrnambool,R7 1400m Hcap,7,261262765,101809077,1,Heed The Omens,1,0.0,12.5,0.0,4.02
2026-08-20,Warrnambool,R8 2000m Hcap,8,261262778,5362672,9,First Day,3,0.0,19.97,0.0,4.9
2026-08-20,Warrnambool,R8 2000m Hcap,8,261262778,54440081,1,Astradeel,1,0.0,7.94,1.0,2.6
2026-08-20,Warrnambool,R8 2000m Hcap,8,261262778,63665551,12,Highland Glory,5,0.0,25.09,0.0,4.8
2026-08-20,Warrnambool,R8 2000m Hcap,8,261262778,68825626,2,Bellonado,2,0.0,5.39,1.0,2.1
2026-08-20,Warrnambool,R8 2000m Hcap,8,261262778,101809084,6,Sir Rockford,4,0.0,9.6,0.0,2.8
2026-08-21,Beaudesert,R1 2450m Hcap,1,261304502,619894,3,Sunny Disposition,2,1.0,3.49,1.0,1.38
2026-08-21,Beaudesert,R1 2450m Hcap,1,261304502,44781964,10,Papal Miss,4,0.0,13.0,1.0,2.52
2026-08-21,Beaudesert,R1 2450m Hcap,1,261304502,66487770,1,Demarcay,1,0.0,2.92,1.0,1.27
2026-08-21,Beaudesert,R1 2450m Hcap,1,261304502,83154865,6,Aboveforty,3,0.0,9.91,0.0,2.26
2026-08-21,Beaudesert,R1 2450m Hcap,1,261304502,92241717,8,Flaming Genesis,5,0.0,6.0,0.0,2.0
2026-08-21,Beaudesert,R2 1200m Mdn,2,261304506,358572,12,Magritte,1,0.0,2.68,1.0,1.42
2026-08-21,Beaudesert,R2 1200m Mdn,2,261304506,99770939,2,Fawunderpar,4,0.0,12.0,0.0,2.98
2026-08-21,Beaudesert,R2 1200m Mdn,2,261304506,99770939,2,Fawunderpar,5,0.0,12.0,0.0,2.98
2026-08-21,Beaudesert,R2 1200m Mdn,2,261304506,101848345,1,Elnajeeb,3,0.0,6.8,1.0,2.25
2026-08-21,Beaudesert,R2 1200m Mdn,2,261304506,101848353,17,Flying Return,2,0.0,11.0,0.0,2.93
2026-08-21,Beaudesert,R3 1100m Hcap,3,261304510,94688601,4,Financially Famous,4,0.0,28.0,0.0,4.9
2026-08-21,Beaudesert,R3 1100m Hcap,3,261304510,95022829,5,The Grand Duchy,5,0.0,4.95,0.0,1.66
2026-08-21,Beaudesert,R3 1100m Hcap,3,261304510,101848358,3,Swift Duke,1,1.0,2.27,1.0,1.23
2026-08-21,Beaudesert,R3 1100m Hcap,3,261304510,101848358,3,Swift Duke,2,1.0,2.27,1.0,1.23
2026-08-21,Beaudesert,R3 1100m Hcap,3,261304510,101848359,12,Zavega,3,0.0,12.5,0.0,3.1
2026-08-21,Beaudesert,R4 1650m CL3,4,261304514,4169451,1,Detrimental,1,1.0,2.16,1.0,1.19
2026-08-21,Beaudesert,R4 1650m CL3,4,261304514,69902559,11,Whisky Train,4,0.0,32.0,0.0,4.2
2026-08-21,Beaudesert,R4 1650m CL3,4,261304514,90567662,9,Naughty Nurse,2,0.0,10.2,0.0,2.08
2026-08-21,Beaudesert,R4 1650m CL3,4,261304514,90568206,4,Romantic Bubble,3,0.0,17.1,0.0,3.0
2026-08-21,Beaudesert,R4 1650m CL3,4,261304514,99770946,3,Divil A Bit,5,0.0,2.58,1.0,1.3
2026-08-21,Beaudesert,R5 1200m CL2,5,261304518,28203651,8,Sequel,2,1.0,3.05,1.0,1.35
2026-08-21,Beaudesert,R5 1200m CL2,5,261304518,72641743,3,Chicago King,1,0.0,16.0,1.0,3.08
2026-08-21,Beaudesert,R5 1200m CL2,5,261304518,76390685,1,Barrelling,3,0.0,5.8,1.0,1.81
2026-08-21,Beaudesert,R5 1200m CL2,5,261304518,85713014,5,Kilonova,4,0.0,9.54,0.0,2.3
2026-08-21,Beaudesert,R5 1200m CL2,5,261304518,93168094,6,Straight Blast,5,0.0,3.33,0.0,1.33
2026-08-21,Beaudesert,R6 1400m Hcap,6,261304522,1258700,6,Southoftheborder,3,0.0,13.17,1.0,2.9
2026-08-21,Beaudesert,R6 1400m Hcap,6,261304522,68157388,2,Water Lad,5,0.0,5.6,1.0,1.99
2026-08-21,Beaudesert,R6 1400m Hcap,6,261304522,69931848,9,Peach Galantes,4,0.0,15.35,0.0,3.12
2026-08-21,Beaudesert,R6 1400m Hcap,6,261304522,80091108,11,Darling Take Care,2,0.0,24.0,0.0,4.7
2026-08-21,Beaudesert,R6 1400m Hcap,6,261304522,90605063,1,Standlee,1,1.0,2.2,1.0,1.24
2026-08-21,Beaudesert,R7 1400m Hcap,7,261304526,5943710,3,Lane Changer,2,0.0,11.1,1.0,2.96
2026-08-21,Beaudesert,R7 1400m Hcap,7,261304526,83940994,7,Invisible Target,4,0.0,10.83,1.0,2.55
2026-08-21,Beaudesert,R7 1400m Hcap,7,261304526,93207325,4,Escape Beach,3,0.0,7.48,0.0,2.2
2026-08-21,Beaudesert,R7 1400m Hcap,7,261304526,93207325,4,Escape Beach,5,0.0,7.48,0.0,2.2
2026-08-21,Beaudesert,R7 1400m Hcap,7,261304526,101848364,1,Exceed Perfection,1,1.0,2.19,1.0,1.32
2026-08-21,Beaudesert,R8 1400m Hcap,8,261304530,28356213,5,Mister Selfie,1,0.0,11.47,0.0,3.16
2026-08-21,Beaudesert,R8 1400m Hcap,8,261304530,47268454,1,Speed Map,2,0.0,6.12,1.0,2.36
2026-08-21,Beaudesert,R8 1400m Hcap,8,261304530,82565936,10,Family Of League,5,0.0,7.27,0.0,2.8
2026-08-21,Beaudesert,R8 1400m Hcap,8,261304530,101848368,14,Snugg,3,1.0,5.0,1.0,2.34
2026-08-21,Beaudesert,R8 1400m Hcap,8,261304530,101848369,16,Fierce Luva,4,0.0,13.01,0.0,4.0
2026-08-21,Canberra,R1 1750m CL1,1,261299862,59186993,2,Bulla Vinaka,1,0.0,3.29,1.0,1.43
2026-08-21,Canberra,R1 1750m CL1,1,261299862,81746469,3,Malinga Missile,4,1.0,5.6,1.0,1.77
2026-08-21,Canberra,R1 1750m CL1,1,261299862,97725374,1,Bella Piazza,2,0.0,8.44,0.0,2.35
2026-08-21,Canberra,R1 1750m CL1,1,261299862,100721189,5,Rockabye Roxy,3,0.0,3.83,1.0,1.4
2026-08-21,Canberra,R1 1750m CL1,1,261299862,101848135,6,Empire Time,5,0.0,46.25,0.0,7.4
2026-08-21,Canberra,R2 1280m Hcap,2,261299865,63362463,8,Soho Sushi,1,0.0,33.37,0.0,10.5
2026-08-21,Canberra,R2 1280m Hcap,2,261299865,80971934,11,Beau Rock,5,0.0,18.64,0.0,5.0
2026-08-21,Canberra,R2 1280m Hcap,2,261299865,82376421,10,Sanzeno,2,0.0,13.0,1.0,3.39
2026-08-21,Canberra,R2 1280m Hcap,2,261299865,89707791,3,Wolf Island,3,0.0,4.75,1.0,1.84
2026-08-21,Canberra,R2 1280m Hcap,2,261299865,96747136,1,Merchant Reign,4,0.0,6.33,0.0,2.16
2026-08-21,Canberra,R3 1280m Mdn,3,261299868,81016185,2,Son Of Rubick,2,0.0,5.62,0.0,1.94
2026-08-21,Canberra,R3 1280m Mdn,3,261299868,91115421,4,Rose Diamond,4,0.0,14.18,1.0,3.3
2026-08-21,Canberra,R3 1280m Mdn,3,261299868,93239515,6,Deeply,1,1.0,2.43,1.0,1.34
2026-08-21,Canberra,R3 1280m Mdn,3,261299868,100486251,3,Thirsty For More,3,0.0,16.51,0.0,4.0
2026-08-21,Canberra,R3 1280m Mdn,3,261299868,101384853,5,Avalon Lady,5,0.0,5.9,1.0,1.81
2026-08-21,Canberra,R4 1080m Mdn,4,261299871,5074488,8,Three Wishes,2,0.0,5.56,1.0,1.52
2026-08-21,Canberra,R4 1080m Mdn,4,261299871,75915335,3,No Remorse,1,0.0,2.17,0.0,1.3
2026-08-21,Canberra,,4,261299871,86306774,1,Eighteen Months,4,,,,
2026-08-21,Canberra,R4 1080m Mdn,4,261299871,101848141,4,Nothing Special,5,0.0,7.0,1.0,2.03
2026-08-21,Canberra,R4 1080m Mdn,4,261299871,101848142,7,Shes Xee,3,0.0,19.36,0.0,4.02
2026-08-21,Canberra,R5 1900m Hcap,5,261299874,40586566,5,Tip Top Timing,4,0.0,26.0,1.0,5.65
2026-08-21,Canberra,R5 1900m Hcap,5,261299874,60779637,4,Marsabit,2,0.0,4.5,1.0,1.79
2026-08-21,Canberra,R5 1900m Hcap,5,261299874,62432512,1,County Kilkenny,3,0.0,8.0,0.0,2.64
2026-08-21,Canberra,R5 1900m Hcap,5,261299874,80329722,8,Sunburnt Country,5,1.0,4.93,1.0,1.73
2026-08-21,Canberra,R5 1900m Hcap,5,261299874,82818858,2,Bombelleistic,1,0.0,4.89,0.0,1.94
2026-08-21,Canberra,R6 1206m Hcap,6,261299877,537246,6,Master Of Disguise,4,0.0,9.97,0.0,2.87
2026-08-21,Canberra,R6 1206m Hcap,6,261299877,49738773,3,Atmospheric Rock,1,0.0,7.0,1.0,2.42
2026-08-21,Canberra,R6 1206m Hcap,6,261299877,55206275,4,Ravalli,3,0.0,4.0,0.0,1.79
2026-08-21,Canberra,R6 1206m Hcap,6,261299877,56053513,2,Craving Magic,2,0.0,12.01,0.0,3.09
2026-08-21,Canberra,R6 1206m Hcap,6,261299877,75718194,8,Lambay,5,0.0,4.72,0.0,2.06
2026-08-21,Canberra,R7 1080m CL2,7,261299880,818821,1,Famoso,1,0.0,2.73,1.0,1.32
2026-08-21,Canberra,R7 1080m CL2,7,261299880,74935409,8,Super Infinity,2,1.0,10.31,1.0,2.58
2026-08-21,Canberra,R7 1080m CL2,7,261299880,98240763,2,Must Be Sain,4,0.0,7.87,0.0,2.19
2026-08-21,Canberra,R7 1080m CL2,7,261299880,101848143,3,Tarpaulin,3,0.0,3.92,0.0,1.61
2026-08-21,Canberra,R7 1080m CL2,7,261299880,101848144,10,Calais Bliss,5,0.0,15.5,1.0,3.33
2026-08-21,Murtoa,R1 2050m Mdn,1,261333819,2182466,5,Sitar,3,0.0,8.31,0.0,2.94
2026-08-21,Murtoa,R1 2050m Mdn,1,261333819,92504159,4,Sea Danger,4,1.0,2.82,1.0,1.71
2026-08-21,Murtoa,R1 2050m Mdn,1,261333819,92504159,4,Sea Danger,5,1.0,2.82,1.0,1.71
2026-08-21,Murtoa,R1 2050m Mdn,1,261333819,100454565,9,Talavera,1,0.0,4.77,0.0,2.6
2026-08-21,Murtoa,R1 2050m Mdn,1,261333819,100454565,9,Talavera,2,0.0,4.77,0.0,2.6
2026-08-21,Murtoa,R2 1600m Mdn,2,261333826,96772949,9,Ideas Galore,5,0.0,30.7,0.0,5.6
2026-08-21,Murtoa,R2 1600m Mdn,2,261333826,99809335,4,Numbersneverseen,1,0.0,2.39,0.0,1.33
2026-08-21,Murtoa,R2 1600m Mdn,2,261333826,99809335,4,Numbersneverseen,2,0.0,2.39,0.0,1.33
2026-08-21,Murtoa,R2 1600m Mdn,2,261333826,101848588,3,La Reel Deal,3,0.0,21.54,0.0,4.7
2026-08-21,Murtoa,R3 1200m Mdn,3,261333833,4646269,1,Bold Jester,1,0.0,4.58,1.0,1.86
2026-08-21,Murtoa,R3 1200m Mdn,3,261333833,4646269,1,Bold Jester,2,0.0,4.58,1.0,1.86
2026-08-21,Murtoa,R3 1200m Mdn,3,261333833,101848595,7,Shujinko,5,0.0,17.74,0.0,4.67
2026-08-21,Murtoa,R3 1200m Mdn,3,261333833,101848598,14,Whimsy Smile,3,1.0,1.73,1.0,1.27
2026-08-21,Murtoa,R3 1200m Mdn,3,261333833,101848598,14,Whimsy Smile,4,1.0,1.73,1.0,1.27
2026-08-21,Murtoa,R4 1100m Mdn,4,261333840,74538310,8,Shes Loaded,1,0.0,4.0,1.0,1.67
2026-08-21,Murtoa,R4 1100m Mdn,4,261333840,74538310,8,Shes Loaded,2,0.0,4.0,1.0,1.67
2026-08-21,Murtoa,R4 1100m Mdn,4,261333840,101848607,9,Zukuro,5,0.0,13.41,0.0,3.71
2026-08-21,Murtoa,R4 1100m Mdn,4,261333840,101848608,10,Rhyme Dust,3,1.0,1.88,1.0,1.69
2026-08-21,Murtoa,R4 1100m Mdn,4,261333840,101848608,10,Rhyme Dust,4,1.0,1.88,1.0,1.69
2026-08-21,Murtoa,R5 1100m Hcap,5,261333847,83677210,1,Les Garcons,1,0.0,4.34,0.0,1.84
2026-08-21,Murtoa,R5 1100m Hcap,5,261333847,83677210,1,Les Garcons,2,0.0,4.34,0.0,1.84
2026-08-21,Murtoa,R5 1100m Hcap,5,261333847,91158754,3,Shamateur,5,0.0,2.32,1.0,1.57
2026-08-21,Murtoa,R5 1100m Hcap,5,261333847,101848611,6,Meet Me Halfway,3,1.0,3.97,1.0,1.98
2026-08-21,Murtoa,R5 1100m Hcap,5,261333847,101848611,6,Meet Me Halfway,4,1.0,3.97,1.0,1.98
2026-08-21,Murtoa,R6 2050m Hcap,6,261333854,90604483,3,Fonn Power,1,0.0,4.9,0.0,1.96
2026-08-21,Murtoa,R6 2050m Hcap,6,261333854,90604483,3,Fonn Power,5,0.0,4.9,0.0,1.96
2026-08-21,Murtoa,R6 2050m Hcap,6,261333854,100860813,10,Motiver,2,0.0,12.2,0.0,3.42
2026-08-21,Murtoa,R6 2050m Hcap,6,261333854,101848615,11,Digari,4,0.0,18.24,0.0,4.3
2026-08-21,Murtoa,R7 1600m Hcap,7,261333861,62177496,8,Eishaa,3,1.0,10.5,1.0,2.98
2026-08-21,Murtoa,R7 1600m Hcap,7,261333861,94953378,1,Wazza,1,0.0,4.57,0.0,1.81
2026-08-21,Murtoa,R7 1600m Hcap,7,261333861,94953378,1,Wazza,2,0.0,4.57,0.0,1.81
2026-08-21,Murtoa,R7 1600m Hcap,7,261333861,101848621,6,Isalot,5,0.0,9.79,0.0,2.51
2026-08-21,Murtoa,R8 1200m Hcap,8,261333868,79293004,9,Cosmic Charger,1,0.0,8.02,0.0,2.66
2026-08-21,Murtoa,R8 1200m Hcap,8,261333868,79293004,9,Cosmic Charger,4,0.0,8.02,0.0,2.66
2026-08-21,Murtoa,R8 1200m Hcap,8,261333868,83940945,10,Miss Ellaneous,2,0.0,5.32,1.0,2.05
2026-08-21,Murtoa,R8 1200m Hcap,8,261333868,83940945,10,Miss Ellaneous,5,0.0,5.32,1.0,2.05
2026-08-21,Murtoa,R8 1200m Hcap,8,261333868,101848629,5,Bakersbend,3,0.0,6.0,0.0,2.08
2026-08-21,Murwillumbah,R1 1550m Mdn,1,261299836,72679045,9,So Sain,2,0.0,15.0,1.0,1.8
2026-08-21,Murwillumbah,R1 1550m Mdn,1,261299836,100632238,8,Lunar Glory,5,0.0,420.0,0.0,18.21
2026-08-21,Murwillumbah,R1 1550m Mdn,1,261299836,101183357,5,Didies Meadow,4,0.0,2.8,1.0,1.09
2026-08-21,Murwillumbah,R1 1550m Mdn,1,261299836,101848083,2,Occupation,1,1.0,1.96,1.0,1.06
2026-08-21,Murwillumbah,R1 1550m Mdn,1,261299836,101848085,4,Grafting,3,0.0,16.17,0.0,1.88
2026-08-21,Murwillumbah,R2 2020m Hcap,2,261299839,1034804,5,Triple Time,4,0.0,14.0,0.0,2.44
2026-08-21,Murwillumbah,R2 2020m Hcap,2,261299839,1034804,5,Triple Time,5,0.0,14.0,0.0,2.44
2026-08-21,Murwillumbah,R2 2020m Hcap,2,261299839,4670239,2,Amplify,1,1.0,4.07,1.0,1.3
2026-08-21,Murwillumbah,R2 2020m Hcap,2,261299839,67259538,3,Our Turn Now,3,0.0,4.11,1.0,1.43
2026-08-21,Murwillumbah,R2 2020m Hcap,2,261299839,69931575,1,Barazin,2,0.0,2.58,1.0,1.25
2026-08-21,Murwillumbah,R3 1550m CL2,3,261299842,62064486,2,Captain Eagle,2,0.0,3.71,1.0,1.49
2026-08-21,Murwillumbah,R3 1550m CL2,3,261299842,85250485,1,Think Like Paddy,1,1.0,2.8,1.0,1.35
2026-08-21,Murwillumbah,R3 1550m CL2,3,261299842,90047873,8,Solidude,5,0.0,15.37,0.0,4.7
2026-08-21,Murwillumbah,R3 1550m CL2,3,261299842,101848088,5,Vanzadee,3,0.0,5.11,0.0,1.71
2026-08-21,Murwillumbah,R3 1550m CL2,3,261299842,101848089,6,Whiskey Miss,4,0.0,7.44,1.0,1.97
2026-08-21,Murwillumbah,R4 1200m Hcap,4,261299845,839203,2,Oakfield Duke,2,0.0,4.2,1.0,1.57
2026-08-21,Murwillumbah,R4 1200m Hcap,4,261299845,20297771,1,At Witz End,3,0.0,48.63,1.0,7.6
2026-08-21,Murwillumbah,R4 1200m Hcap,4,261299845,58069232,5,Lady Wardell,1,0.0,6.02,0.0,1.75
2026-08-21,Murwillumbah,R4 1200m Hcap,4,261299845,58177078,3,Sir Carter,5,0.0,9.41,0.0,2.59
2026-08-21,Murwillumbah,R4 1200m Hcap,4,261299845,70169767,6,Krakarib,4,1.0,4.1,1.0,1.82
2026-08-21,Murwillumbah,R5 1100m Hcap,5,261299848,6286224,2,Permission Granted,1,0.0,5.23,0.0,1.96
2026-08-21,Murwillumbah,R5 1100m Hcap,5,261299848,46314842,4,Stoinka,4,0.0,173.61,0.0,17.54
2026-08-21,Murwillumbah,R5 1100m Hcap,5,261299848,86346596,6,Hayleys Rocket,5,0.0,9.8,1.0,2.5
2026-08-21,Murwillumbah,R5 1100m Hcap,5,261299848,87206567,7,Got The Smarts,3,0.0,56.36,0.0,7.0
2026-08-21,Murwillumbah,R5 1100m Hcap,5,261299848,94486216,3,Referees,2,0.0,3.94,0.0,1.92
2026-08-21,Murwillumbah,R6 1200m Mdn,6,261299851,95384739,2,Checksnbalances,4,0.0,50.96,0.0,4.84
2026-08-21,Murwillumbah,R6 1200m Mdn,6,261299851,101183188,7,French Melody,3,1.0,2.66,1.0,1.23
2026-08-21,Murwillumbah,R6 1200m Mdn,6,261299851,101848097,9,Zoubuca Shots,1,0.0,2.74,1.0,1.29
2026-08-21,Murwillumbah,R6 1200m Mdn,6,261299851,101848097,9,Zoubuca Shots,2,0.0,2.74,1.0,1.29
2026-08-21,Murwillumbah,R6 1200m Mdn,6,261299851,101848103,15,Tempting Conza,5,0.0,55.0,1.0,5.73
2026-08-21,Murwillumbah,R7 1550m Hcap,7,261299854,7050034,2,Tenzing,2,0.0,75.0,0.0,9.8
2026-08-21,Murwillumbah,R7 1550m Hcap,7,261299854,41499850,1,Loch Eagle,4,0.0,19.5,0.0,4.22
2026-08-21,Murwillumbah,R7 1550m Hcap,7,261299854,47240779,6,Castillian,3,0.0,11.01,0.0,2.84
2026-08-21,Murwillumbah,R7 1550m Hcap,7,261299854,75084729,5,Boom Torque,5,0.0,27.0,0.0,4.7
2026-08-21,Murwillumbah,R7 1550m Hcap,7,261299854,101848106,4,Rock Empire,1,0.0,2.2,0.0,1.33
2026-08-21,Murwillumbah,R8 1200m CL1,8,261299857,94447796,6,Spicy Wings,5,1.0,16.19,1.0,5.0
2026-08-21,Murwillumbah,R8 1200m CL1,8,261299857,99141695,2,Teelg,2,0.0,8.6,0.0,2.4
2026-08-21,Murwillumbah,R8 1200m CL1,8,261299857,101848112,3,Till Dusk,1,0.0,3.19,1.0,1.68
2026-08-21,Murwillumbah,R8 1200m CL1,8,261299857,101848116,11,Bellarata,4,0.0,4.2,1.0,1.77
2026-08-21,Murwillumbah,R8 1200m CL1,8,261299857,101848117,13,Cosmic Coco,3,0.0,36.0,0.0,7.29
2026-08-21,Sale,R1 1717m Mdn,1,261303381,80569538,3,Bolshie,5,0.0,14.99,0.0,3.78
2026-08-21,Sale,R1 1717m Mdn,1,261303381,101848466,8,Wolves Den,4,0.0,5.06,0.0,1.99
2026-08-21,Sale,R1 1717m Mdn,1,261303381,101848469,12,Hakusan,1,0.0,5.2,1.0,1.93
2026-08-21,Sale,R1 1717m Mdn,1,261303381,101848471,14,Lady Puissance,3,0.0,3.75,0.0,1.7
2026-08-21,Sale,R1 1717m Mdn,1,261303381,101848472,15,Fantastic Beast,2,0.0,60.17,0.0,9.0
2026-08-21,Sale,R2 1400m Mdn,2,261303389,92418019,6,Zoudeadly,3,0.0,8.6,0.0,2.07
2026-08-21,Sale,R2 1400m Mdn,2,261303389,101848478,10,Cignetti,1,1.0,2.08,1.0,1.25
2026-08-21,Sale,R2 1400m Mdn,2,261303389,101848479,11,Obsidian Stone,5,0.0,12.28,0.0,3.11
2026-08-21,Sale,R2 1400m Mdn,2,261303389,101848480,12,Passio,2,0.0,9.0,1.0,2.64
2026-08-21,Sale,R2 1400m Mdn,2,261303389,101848481,13,Abaya,4,0.0,7.8,1.0,2.28
2026-08-21,Sale,R3 1100m Mdn,3,261303397,10479535,9,Masochistic,4,0.0,3.7,0.0,1.99
2026-08-21,Sale,R3 1100m Mdn,3,261303397,53218807,4,Hes Regal,2,0.0,2.8,1.0,1.39
2026-08-21,Sale,R3 1100m Mdn,3,261303397,96116317,7,Ektifire,3,0.0,13.24,0.0,3.4
2026-08-21,Sale,R3 1100m Mdn,3,261303397,101848491,10,Mystical Realm,5,1.0,12.48,1.0,2.98
2026-08-21,Sale,R3 1100m Mdn,3,261303397,101848494,14,Turbo Babaa,1,0.0,20.0,0.0,4.0
2026-08-21,Sale,R4 1100m Mdn,4,261303405,23490723,3,Commandeur,5,0.0,11.0,0.0,3.3
2026-08-21,Sale,R4 1100m Mdn,4,261303405,101848495,2,Boss Bundle,2,0.0,6.28,1.0,2.56
2026-08-21,Sale,R4 1100m Mdn,4,261303405,101848499,8,Ilovediamonds,4,0.0,28.89,0.0,7.5
2026-08-21,Sale,R4 1100m Mdn,4,261303405,101848504,13,Sealand,3,0.0,10.95,1.0,3.08
2026-08-21,Sale,R4 1100m Mdn,4,261303405,101848505,14,Shiny Diamond,1,0.0,5.41,0.0,2.35
2026-08-21,Sale,R5 1100m Hcap,5,261303413,20712304,1,Bring The Thunder,5,0.0,3.11,0.0,1.46
2026-08-21,Sale,R5 1100m Hcap,5,261303413,44011781,6,Think Im Divine,2,0.0,7.65,1.0,2.47
2026-08-21,Sale,R5 1100m Hcap,5,261303413,63609299,2,Mont Saint Michel,3,0.0,8.71,0.0,2.69
2026-08-21,Sale,R5 1100m Hcap,5,261303413,66579865,7,Elly Dee,1,0.0,11.66,0.0,3.23
2026-08-21,Sale,R5 1100m Hcap,5,261303413,101848511,3,Ranakye,4,0.0,11.73,0.0,3.45
2026-08-21,Sale,R6 1000m Hcap,6,261303421,1402359,9,Pure Passion,4,0.0,10.33,1.0,2.9
2026-08-21,Sale,R6 1000m Hcap,6,261303421,3625784,5,Tower Bridge,2,0.0,13.5,0.0,3.5
2026-08-21,Sale,R6 1000m Hcap,6,261303421,4288353,10,Soju,5,0.0,40.59,0.0,5.82
2026-08-21,Sale,R6 1000m Hcap,6,261303421,95621449,1,Mainmankash,3,1.0,2.56,1.0,1.36
2026-08-21,Sale,R6 1000m Hcap,6,261303421,101848512,7,Royal Rendezvous,1,0.0,4.87,0.0,1.88
2026-08-21,Sale,R7 1200m Hcap,7,261303429,892326,6,Crypt,5,0.0,16.16,0.0,4.2
2026-08-21,Sale,R7 1200m Hcap,7,261303429,5579985,4,Crocodile,1,0.0,3.19,1.0,1.8
2026-08-21,Sale,R7 1200m Hcap,7,261303429,43035125,2,Superset,4,0.0,21.82,0.0,5.1
2026-08-21,Sale,R7 1200m Hcap,7,261303429,43326955,9,Smart Little Miss,2,0.0,25.0,0.0,5.12
2026-08-21,Sale,R7 1200m Hcap,7,261303429,101848517,16,Russian Front,3,0.0,6.03,0.0,2.3
2026-08-21,Sale,R8 1400m Hcap,8,261303437,98451926,9,The Mansman,3,0.0,32.43,0.0,5.69
2026-08-21,Sale,R8 1400m Hcap,8,261303437,99459360,2,Lofty Thoughts,2,1.0,2.79,1.0,1.33
2026-08-21,Sale,R8 1400m Hcap,8,261303437,101100985,6,Godtfred Kirk,1,0.0,11.03,1.0,2.72
2026-08-21,Sale,R8 1400m Hcap,8,261303437,101219339,4,Earthing,4,0.0,5.99,1.0,2.1
2026-08-21,Sale,R8 1400m Hcap,8,261303437,101848519,3,Coronationhercules,5,0.0,13.86,0.0,3.36
2026-08-21,Sale,R9 1717m Hcap,9,261303445,1320290,10,Left Hook,2,0.0,8.08,1.0,2.93
2026-08-21,Sale,R9 1717m Hcap,9,261303445,6080606,3,Placentia Bay,3,0.0,5.77,0.0,2.4
2026-08-21,Sale,R9 1717m Hcap,9,261303445,60151626,1,Jewel Bay,1,0.0,6.36,0.0,2.23
2026-08-21,Sale,R9 1717m Hcap,9,261303445,75638379,6,Foix,5,0.0,26.27,0.0,6.85
2026-08-21,Sale,R9 1717m Hcap,9,261303445,92784100,8,Razanne,4,0.0,7.2,1.0,2.66
2026-08-22,Belmont,R1 1000m Hcap,1,261304937,2950456,7,Spanish Armada,5,0.0,4.91,0.0,1.95
2026-08-22,Belmont,R1 1000m Hcap,1,261304937,68568831,1,Kings Honour,2,1.0,10.0,1.0,2.68
2026-08-22,Belmont,R1 1000m Hcap,1,261304937,82018923,2,Sesh,4,0.0,21.0,0.0,3.82
2026-08-22,Belmont,R1 1000m Hcap,1,261304937,92744608,3,Sunset Session,3,0.0,4.5,1.0,1.57
2026-08-22,Belmont,R1 1000m Hcap,1,261304937,101850088,6,So Si God,1,0.0,3.32,0.0,1.46
2026-08-22,Belmont,R2 1000m Hcap,2,261304946,6007151,3,Excess Baggage,4,0.0,9.63,0.0,2.42
2026-08-22,Belmont,R2 1000m Hcap,2,261304946,54974310,5,Under Influence,5,0.0,60.0,0.0,9.08
2026-08-22,Belmont,R2 1000m Hcap,2,261304946,94921403,6,Eternal Wine,1,0.0,3.68,1.0,1.4
2026-08-22,Belmont,R2 1000m Hcap,2,261304946,96415001,1,Niccimota,3,0.0,3.2,1.0,1.41
2026-08-22,Belmont,R2 1000m Hcap,2,261304946,101850090,7,Go Go Grommet,2,0.0,72.42,0.0,10.5
2026-08-22,Belmont,R3 2200m Hcap,3,261304955,76707763,4,Rommeo,5,0.0,16.0,0.0,3.21
2026-08-22,Belmont,R3 2200m Hcap,3,261304955,80973819,2,With Discretion,1,1.0,2.32,1.0,1.29
2026-08-22,Belmont,R3 2200m Hcap,3,261304955,84697151,3,Chollima,3,0.0,11.67,0.0,2.62
2026-08-22,Belmont,R3 2200m Hcap,3,261304955,92676898,6,Sweet Surrender,2,0.0,5.87,0.0,1.91
2026-08-22,Belmont,R3 2200m Hcap,3,261304955,101850091,1,Be Bardot,4,0.0,26.0,0.0,4.7
2026-08-22,Belmont,R4 1600m Hcap,4,261304964,919664,2,Cinque Stelle,2,1.0,1.75,1.0,1.2
2026-08-22,Belmont,R4 1600m Hcap,4,261304964,94137521,6,Triple The Chant,5,0.0,27.58,0.0,4.3
2026-08-22,Belmont,R4 1600m Hcap,4,261304964,101102542,1,Our Mate Archie,4,0.0,46.0,0.0,5.4
2026-08-22,Belmont,R4 1600m Hcap,4,261304964,101850093,3,Heaven Specified,1,0.0,6.6,1.0,1.73
2026-08-22,Belmont,R4 1600m Hcap,4,261304964,101850094,5,Supido Express,3,0.0,20.49,0.0,3.69
2026-08-22,Belmont,R5 1200m 3yo,5,261304973,658646,4,Burning Bridges,4,0.0,39.39,0.0,5.12
2026-08-22,Belmont,R5 1200m 3yo,5,261304973,94137505,9,Manhattan Squeeze,3,0.0,8.88,0.0,2.13
2026-08-22,Belmont,R5 1200m 3yo,5,261304973,94410209,2,Properata,2,0.0,7.04,1.0,1.61
2026-08-22,Belmont,R5 1200m 3yo,5,261304973,95581765,10,Gaintree,1,1.0,1.89,1.0,1.24
2026-08-22,Belmont,R5 1200m 3yo,5,261304973,101850098,5,Rogue Ruler,5,0.0,10.46,1.0,2.64
2026-08-22,Belmont,R6 1200m Hcap,6,261304982,2240990,5,Asif,1,0.0,3.56,1.0,1.35
2026-08-22,Belmont,R6 1200m Hcap,6,261304982,9206370,3,Lord Shiva,3,1.0,2.76,1.0,1.35
2026-08-22,Belmont,R6 1200m Hcap,6,261304982,52936664,1,Ice Pick Nick,4,0.0,50.0,0.0,9.1
2026-08-22,Belmont,R6 1200m Hcap,6,261304982,71837559,6,King Adviso,2,0.0,9.57,0.0,2.46
2026-08-22,Belmont,R6 1200m Hcap,6,261304982,86276152,7,Hey Pino,5,0.0,10.0,0.0,2.28
2026-08-22,Belmont,R7 1300m Listed,7,261304991,4466891,9,King Of Light,1,1.0,1.71,1.0,1.13
2026-08-22,Belmont,R7 1300m Listed,7,261304991,41729803,1,Man Crush,3,0.0,55.0,0.0,4.9
2026-08-22,Belmont,R7 1300m Listed,7,261304991,44187239,2,Snowdome,2,0.0,3.85,1.0,1.28
2026-08-22,Belmont,R7 1300m Listed,7,261304991,49089171,5,Rokanori,4,0.0,173.31,0.0,14.5
2026-08-22,Belmont,R7 1300m Listed,7,261304991,49949991,3,Ginger Baker,5,0.0,52.8,1.0,4.86
2026-08-22,Belmont,R8 1300m Hcap,8,261305000,1132629,5,Allentown,5,0.0,13.5,1.0,4.77
2026-08-22,Belmont,R8 1300m Hcap,8,261305000,81747890,6,Refemme No Angel,1,0.0,3.3,0.0,1.48
2026-08-22,Belmont,R8 1300m Hcap,8,261305000,101850104,2,Searchin Times,4,0.0,5.4,0.0,2.05
2026-08-22,Belmont,R8 1300m Hcap,8,261305000,101850105,3,Deel Her In,3,0.0,21.0,1.0,4.5
2026-08-22,Belmont,R8 1300m Hcap,8,261305000,101850107,10,Cleanemup,2,0.0,12.73,0.0,3.54
2026-08-22,Cairns,R3 1250m CL1,3,261327004,4532663,7,Avenue Montaigne,1,1.0,2.13,1.0,1.26
2026-08-22,Cairns,R3 1250m CL1,3,261327004,4532663,7,Avenue Montaigne,2,1.0,2.13,1.0,1.26
2026-08-22,Cairns,R3 1250m CL1,3,261327004,59385958,5,Time Power,5,0.0,43.06,0.0,8.2
2026-08-22,Cairns,R3 1250m CL1,3,261327004,81848871,2,Khals,3,0.0,36.72,1.0,7.02
2026-08-22,Cairns,R3 1250m CL1,3,261327004,86099396,8,Desarae Doll,4,0.0,17.97,0.0,3.29
2026-08-22,Cairns,R4 1400m Hcap,4,261327008,66069612,7,Fly Fifer,5,0.0,21.41,1.0,4.62
2026-08-22,Cairns,R4 1400m Hcap,4,261327008,74853889,2,Superstitions,2,1.0,4.0,1.0,1.76
2026-08-22,Cairns,R4 1400m Hcap,4,261327008,81564310,8,La Mano,4,0.0,22.32,0.0,5.42
2026-08-22,Cairns,R4 1400m Hcap,4,261327008,85016752,10,Sharman Pete,3,0.0,17.29,0.0,4.3
2026-08-22,Cairns,R4 1400m Hcap,4,261327008,98996131,5,Shes A Beauty,1,0.0,13.97,0.0,3.79
2026-08-22,Cairns,R5 1450m Hcap,5,261327012,73259059,1,Colours Of Autumn,2,0.0,7.4,0.0,2.18
2026-08-22,Cairns,R5 1450m Hcap,5,261327012,76389489,4,Tigon Princess,3,0.0,6.3,0.0,2.27
2026-08-22,Cairns,R5 1450m Hcap,5,261327012,85982004,2,Bollinger Miss,1,0.0,4.99,1.0,1.84
2026-08-22,Cairns,R5 1450m Hcap,5,261327012,101883222,7,Miss Moneypenny,4,1.0,4.0,1.0,1.68
2026-08-22,Cairns,R5 1450m Hcap,5,261327012,101883222,7,Miss Moneypenny,5,1.0,4.0,1.0,1.68
2026-08-22,Cairns,R6 950m Hcap,6,261327016,47038907,6,Cochrane,3,1.0,36.0,1.0,4.93
2026-08-22,Cairns,R6 950m Hcap,6,261327016,62432671,4,Blue Stratum,2,0.0,2.0,1.0,1.21
2026-08-22,Cairns,R6 950m Hcap,6,261327016,80678535,3,Almighty Jab,1,0.0,6.01,0.0,1.7
2026-08-22,Cairns,R6 950m Hcap,6,261327016,101883223,7,Mind Over Matter,4,0.0,6.23,0.0,2.01
2026-08-22,Cairns,R6 950m Hcap,6,261327016,101883224,8,Hartshorn,5,0.0,24.53,0.0,4.96
2026-08-22,Cairns,R7 1900m Hcap,7,261327020,4014043,4,The Driller,3,1.0,4.58,1.0,1.94
2026-08-22,Cairns,R7 1900m Hcap,7,261327020,75018892,1,Canberra Legend,2,0.0,9.2,0.0,2.92
2026-08-22,Cairns,R7 1900m Hcap,7,261327020,78755980,2,Sigiriya Rock,1,0.0,3.45,1.0,1.66
2026-08-22,Cairns,R7 1900m Hcap,7,261327020,79891365,10,Convo,4,0.0,29.0,0.0,5.7
2026-08-22,Cairns,R7 1900m Hcap,7,261327020,101883225,9,Bluebird Bay,5,0.0,6.89,0.0,2.31
2026-08-22,Cairns,R8 1250m Hcap,8,261327024,145543,7,Chartwell,1,0.0,7.24,1.0,2.62
2026-08-22,Cairns,R8 1250m Hcap,8,261327024,40950399,6,Buffet Buster,5,0.0,8.35,0.0,3.24
2026-08-22,Cairns,R8 1250m Hcap,8,261327024,60987450,4,Kirikan,2,0.0,10.1,0.0,3.34
2026-08-22,Cairns,R8 1250m Hcap,8,261327024,79022183,2,Nolan,3,1.0,12.58,1.0,3.79
2026-08-22,Cairns,R8 1250m Hcap,8,261327024,101883226,8,Irresistible Force,4,0.0,17.34,0.0,4.87
2026-08-22,Doomben,R6 1110m CL6,6,261299928,4836177,1,Fleetwood,1,0.0,6.42,0.0,1.9
2026-08-22,Doomben,R6 1110m CL6,6,261299928,72414226,2,Mister Bianco,4,0.0,43.88,0.0,6.88
2026-08-22,Doomben,R6 1110m CL6,6,261299928,73918121,11,Zoubaby,2,0.0,9.0,1.0,2.01
2026-08-22,Doomben,R6 1110m CL6,6,261299928,78433107,9,Moulin Miss,5,0.0,8.54,0.0,2.14
2026-08-22,Doomben,R6 1110m CL6,6,261299928,84182734,6,Letsfacethemusic,3,1.0,2.1,1.0,1.23
2026-08-22,Doomben,R7 1600m Hcap,7,261299937,2197659,2,Capital Asset,3,0.0,24.81,1.0,6.39
2026-08-22,Doomben,R7 1600m Hcap,7,261299937,46675627,4,Larrikin Rogue,1,1.0,11.5,1.0,3.71
2026-08-22,Doomben,R7 1600m Hcap,7,261299937,61027184,7,Cape Byron,5,0.0,14.55,0.0,4.7
2026-08-22,Doomben,R7 1600m Hcap,7,261299937,72583573,3,Luton Hoo,2,0.0,5.5,0.0,1.9
2026-08-22,Doomben,R7 1600m Hcap,7,261299937,92161288,5,Mirra Impact,4,0.0,17.0,0.0,3.64
2026-08-22,Doomben,R8 1200m 3yo,8,261299946,89670077,6,Run Like A Girl,2,0.0,9.29,0.0,2.74
2026-08-22,Doomben,R8 1200m 3yo,8,261299946,94136982,1,Star Of Jamaica,1,0.0,3.88,0.0,1.74
2026-08-22,Doomben,R8 1200m 3yo,8,261299946,100019209,8,Maria Clara,3,1.0,7.7,1.0,2.64
2026-08-22,Doomben,R8 1200m 3yo,8,261299946,101848954,5,Touch Base,4,0.0,26.0,0.0,6.2
2026-08-22,Doomben,R8 1200m 3yo,8,261299946,101848958,11,Huggie,5,0.0,8.2,1.0,2.68
2026-08-22,Doomben,R9 1350m Hcap,9,261299955,56807264,5,Blazen Boots,2,0.0,8.84,0.0,2.68
2026-08-22,Doomben,R9 1350m Hcap,9,261299955,57883791,12,Acappella Sun,5,0.0,5.38,0.0,1.85
2026-08-22,Doomben,R9 1350m Hcap,9,261299955,74814488,3,Nails Murphy,3,0.0,17.09,0.0,3.99
2026-08-22,Doomben,R9 1350m Hcap,9,261299955,86820563,9,Make A Call,4,0.0,8.98,0.0,2.85
2026-08-22,Doomben,R9 1350m Hcap,9,261299955,101848962,4,Brindavan,1,1.0,6.14,1.0,2.06
2026-08-22,Doomben,R10 1600m Hcap,10,261299964,51526647,4,Rising Pacific,5,0.0,9.74,0.0,2.74
2026-08-22,Doomben,R10 1600m Hcap,10,261299964,60490493,5,Yet He Moves,4,0.0,18.88,0.0,4.2
2026-08-22,Doomben,R10 1600m Hcap,10,261299964,60816218,1,Anemacore,1,0.0,5.85,0.0,1.78
2026-08-22,Doomben,R10 1600m Hcap,10,261299964,78781803,7,Express Payment,2,1.0,3.26,1.0,1.44
2026-08-22,Doomben,R10 1600m Hcap,10,261299964,78978459,10,Cunnamulla Fella,3,0.0,4.13,1.0,1.6
2026-08-22,Gympie,R1 850m Hcap,1,261327308,19180203,4,Nine Cigars,5,0.0,12.27,0.0,3.0
2026-08-22,Gympie,R1 850m Hcap,1,261327308,38187607,1,Amphawa,2,0.0,9.0,1.0,2.54
2026-08-22,Gympie,R1 850m Hcap,1,261327308,67325459,8,Daintree Dreaming,1,0.0,8.0,0.0,2.34
2026-08-22,Gympie,R1 850m Hcap,1,261327308,91485837,7,Power Maiden,3,0.0,5.61,1.0,2.13
2026-08-22,Gympie,R1 850m Hcap,1,261327308,92996519,6,Late Night Talking,4,0.0,9.6,0.0,2.55
2026-08-22,Gympie,R2 1030m Mdn,2,261327312,872978,7,Not Happening,3,0.0,11.0,0.0,2.59
2026-08-22,Gympie,R2 1030m Mdn,2,261327312,81222059,2,Joyful Conquest,4,0.0,28.0,1.0,4.8
2026-08-22,Gympie,R2 1030m Mdn,2,261327312,90287162,3,Mud N Blood,1,1.0,4.34,1.0,1.64
2026-08-22,Gympie,R2 1030m Mdn,2,261327312,97416762,6,Mishpat,5,0.0,4.83,0.0,1.67
2026-08-22,Gympie,R2 1030m Mdn,2,261327312,101883564,5,Hydrating,2,0.0,3.43,1.0,1.39
2026-08-22,Gympie,R3 1030m Hcap,3,261327316,35910382,4,Mamaragan,1,0.0,24.9,1.0,4.74
2026-08-22,Gympie,R3 1030m Hcap,3,261327316,43035554,1,Holiday Dreams,2,0.0,5.86,1.0,2.18
2026-08-22,Gympie,R3 1030m Hcap,3,261327316,57654824,2,I Am Voodoo,3,1.0,4.38,1.0,1.82
2026-08-22,Gympie,R3 1030m Hcap,3,261327316,66614288,7,Dont Tell Leeanne,5,0.0,89.09,0.0,14.82
2026-08-22,Gympie,R3 1030m Hcap,3,261327316,79330935,8,Torvecchio,4,0.0,7.0,0.0,2.35
2026-08-22,Gympie,R4 1470m Hcap,4,261327320,962068,1,Aces Up,1,0.0,7.12,0.0,2.18
2026-08-22,Gympie,R4 1470m Hcap,4,261327320,4594336,7,Devil Rider,4,0.0,38.0,0.0,9.2
2026-08-22,Gympie,R4 1470m Hcap,4,261327320,42098153,2,I See You Coming,2,0.0,13.28,0.0,3.2
2026-08-22,Gympie,R4 1470m Hcap,4,261327320,78265650,8,Galactic Legend,3,0.0,7.35,0.0,2.26
2026-08-22,Gympie,R4 1470m Hcap,4,261327320,84696389,4,Rumbling Away,5,1.0,4.6,1.0,1.95
2026-08-22,Gympie,R5 1170m Hcap,5,261327324,42729867,9,Grandeur Rose,1,0.0,7.6,0.0,2.84
2026-08-22,Gympie,R5 1170m Hcap,5,261327324,69421460,3,Paballo,5,0.0,7.29,0.0,2.32
2026-08-22,Gympie,R5 1170m Hcap,5,261327324,87249237,6,Outdoor Cat,4,0.0,18.0,0.0,4.85
2026-08-22,Gympie,R5 1170m Hcap,5,261327324,94409427,11,Costa Catori,3,0.0,6.69,0.0,2.35
2026-08-22,Gympie,R5 1170m Hcap,5,261327324,101883568,12,Reebar,2,1.0,6.77,1.0,2.68
2026-08-22,Kununurra,R1 1350m Hcap,1,261327332,53946777,3,Dummy Spit,5,0.0,4.32,1.0,2.02
2026-08-22,Kununurra,R1 1350m Hcap,1,261327332,67790966,5,Percussion Prince,3,1.0,15.94,1.0,6.0
2026-08-22,Kununurra,R1 1350m Hcap,1,261327332,73154008,4,Entrapment,1,0.0,2.37,0.0,1.69
2026-08-22,Kununurra,R1 1350m Hcap,1,261327332,76959984,1,Our Couver,2,0.0,4.36,0.0,2.1
2026-08-22,Kununurra,R1 1350m Hcap,1,261327332,101849804,2,Shasfa,4,0.0,13.5,0.0,5.65
2026-08-22,Kununurra,R2 1600m Hcap,2,261327336,62949865,5,Oscar Winner,4,0.0,8.0,0.0,3.47
2026-08-22,Kununurra,R2 1600m Hcap,2,261327336,68063969,3,Magarten,1,0.0,3.39,1.0,1.92
2026-08-22,Kununurra,R2 1600m Hcap,2,261327336,68712933,2,Bons Your Back,2,0.0,6.69,0.0,3.22
2026-08-22,Kununurra,R2 1600m Hcap,2,261327336,96967215,1,Leveraged Buyout,3,0.0,3.6,0.0,1.94
2026-08-22,Kununurra,R2 1600m Hcap,2,261327336,101640181,4,Alotta Dane,5,1.0,7.02,1.0,3.12
2026-08-22,Kununurra,R3 1600m Hcap,3,261327340,39308779,3,Miracoli,1,0.0,8.2,0.0,3.98
2026-08-22,Kununurra,R3 1600m Hcap,3,261327340,44711908,4,Anphina,2,0.0,4.98,0.0,2.36
2026-08-22,Kununurra,R3 1600m Hcap,3,261327340,46426784,1,Magnaburma,5,1.0,5.73,1.0,3.26
2026-08-22,Kununurra,R3 1600m Hcap,3,261327340,68931221,2,Faberge Tzar,3,0.0,2.83,0.0,1.65
2026-08-22,Kununurra,R3 1600m Hcap,3,261327340,74039722,5,Mummsie,4,0.0,9.36,0.0,4.4
2026-08-22,Kununurra,R4 1200m Hcap,4,261327344,1425815,3,The Final Word,4,0.0,3.89,0.0,2.27
2026-08-22,Kununurra,R4 1200m Hcap,4,261327344,42424934,1,Cable Boy,1,0.0,5.07,0.0,2.46
2026-08-22,Kununurra,R4 1200m Hcap,4,261327344,47078128,2,Throw At Da Stumps,3,0.0,5.8,0.0,2.69
2026-08-22,Kununurra,R4 1200m Hcap,4,261327344,64343973,5,If I Din Havadime,5,0.0,19.88,1.0,8.0
2026-08-22,Kununurra,R4 1200m Hcap,4,261327344,99531715,4,Flying Gentry,2,1.0,5.23,1.0,2.84
2026-08-22,Kununurra,R5 1100m Hcap,5,261327348,11669774,7,Im A Dreamer,1,1.0,18.07,1.0,3.94
2026-08-22,Kununurra,R5 1100m Hcap,5,261327348,36297755,8,Arrogant Miss,4,0.0,7.09,0.0,1.91
2026-08-22,Kununurra,R5 1100m Hcap,5,261327348,81264198,2,Black Coal,3,0.0,15.93,0.0,3.5
2026-08-22,Kununurra,R5 1100m Hcap,5,261327348,100232876,6,Buades,5,0.0,2.77,0.0,1.36
2026-08-22,Kununurra,R5 1100m Hcap,5,261327348,101849805,1,Warrego,2,0.0,3.95,1.0,1.72
2026-08-22,Kununurra,R6 1350m Hcap,6,261327352,39457091,7,Envenomate,1,0.0,3.0,1.0,1.39
2026-08-22,Kununurra,R6 1350m Hcap,6,261327352,50354459,2,Oceans Jen,5,1.0,3.88,1.0,1.46
2026-08-22,Kununurra,,6,261327352,78212649,5,Ezelove,3,,,,
2026-08-22,Kununurra,R6 1350m Hcap,6,261327352,90252643,1,Matron Samsing,4,0.0,17.06,1.0,3.55
2026-08-22,Kununurra,R6 1350m Hcap,6,261327352,101419697,6,Working Class Girl,2,0.0,19.2,0.0,5.2
2026-08-22,Kununurra,,7,261327356,7094221,2,Verbosity,4,,,,
2026-08-22,Kununurra,,7,261327356,51454854,6,Chief White Sock,5,,,,
2026-08-22,Kununurra,,7,261327356,57883518,1,Convincebility,1,,,,
2026-08-22,Kununurra,,7,261327356,66294523,4,Tellez,3,,,,
2026-08-22,Kununurra,,7,261327356,101164224,3,Texture,2,,,,
2026-08-22,Morphettville,R3 1579m Hcap,3,261300170,11224741,5,Aquaholic,5,0.0,25.35,0.0,4.88
2026-08-22,Morphettville,R3 1579m Hcap,3,261300170,36120824,7,Crown Mint,2,0.0,40.0,0.0,6.2
2026-08-22,Morphettville,R3 1579m Hcap,3,261300170,79524095,2,Tower Of Tuscany,3,0.0,14.32,0.0,3.18
2026-08-22,Morphettville,R3 1579m Hcap,3,261300170,80856207,1,Maxildo,4,1.0,4.22,1.0,1.76
2026-08-22,Morphettville,R3 1579m Hcap,3,261300170,89966787,8,Tottori,1,0.0,9.0,0.0,2.25
2026-08-22,Morphettville,R4 1400m Hcap,4,261300179,87767009,1,Everlasting Kiss,4,0.0,55.0,0.0,7.8
2026-08-22,Morphettville,R4 1400m Hcap,4,261300179,99690567,6,You Sexy Thing,2,0.0,6.0,1.0,1.87
2026-08-22,Morphettville,R4 1400m Hcap,4,261300179,99983320,5,Packers Journey,3,0.0,27.0,0.0,4.1
2026-08-22,Morphettville,R4 1400m Hcap,4,261300179,101848217,2,Australia Forever,5,1.0,26.0,1.0,3.96
2026-08-22,Morphettville,R4 1400m Hcap,4,261300179,101848218,3,Amalfi Dreamer,1,0.0,1.73,1.0,1.17
2026-08-22,Morphettville,R5 1400m Hcap,5,261300188,91807095,1,His Finest Hour,2,0.0,26.0,0.0,5.8
2026-08-22,Morphettville,R5 1400m Hcap,5,261300188,101848220,2,Nicajon,5,0.0,12.0,0.0,3.25
2026-08-22,Morphettville,R5 1400m Hcap,5,261300188,101848221,3,Regal Might,1,0.0,15.22,0.0,4.93
2026-08-22,Morphettville,R5 1400m Hcap,5,261300188,101848222,7,Pierroplane,3,0.0,4.5,1.0,1.81
2026-08-22,Morphettville,R5 1400m Hcap,5,261300188,101848223,8,Polunin,4,0.0,5.8,0.0,2.4
2026-08-22,Morphettville,R6 1000m Hcap,6,261300197,46108846,11,Grand Host,3,0.0,8.14,1.0,2.22
2026-08-22,Morphettville,R6 1000m Hcap,6,261300197,62788607,7,Vintage Star,1,0.0,8.0,0.0,2.42
2026-08-22,Morphettville,R6 1000m Hcap,6,261300197,63084172,4,Bristler,4,0.0,5.53,0.0,2.1
2026-08-22,Morphettville,R6 1000m Hcap,6,261300197,81812255,3,Riche Damour,5,0.0,3.63,1.0,1.7
2026-08-22,Morphettville,R6 1000m Hcap,6,261300197,101848224,8,Mr Assertive,2,0.0,16.44,0.0,5.8
2026-08-22,Morphettville,R7 1994m Hcap,7,261300206,741338,2,Royal Mile,4,0.0,48.54,0.0,10.42
2026-08-22,Morphettville,R7 1994m Hcap,7,261300206,46291714,1,Test The Law,3,0.0,35.1,1.0,7.09
2026-08-22,Morphettville,R7 1994m Hcap,7,261300206,63122443,5,My Roca Fella,5,0.0,26.0,0.0,6.44
2026-08-22,Morphettville,R7 1994m Hcap,7,261300206,84222825,8,Almairac,2,0.0,10.76,0.0,3.34
2026-08-22,Morphettville,R7 1994m Hcap,7,261300206,95580049,6,Officiate,1,0.0,10.5,0.0,3.15
2026-08-22,Morphettville,R8 1400m Listed,8,261300215,2966583,5,Williamsburg,3,0.0,19.96,0.0,4.7
2026-08-22,Morphettville,R8 1400m Listed,8,261300215,3700113,6,Sir Kingsford,5,0.0,110.0,0.0,13.5
2026-08-22,Morphettville,R8 1400m Listed,8,261300215,44011360,4,Pudding,2,0.0,16.54,0.0,3.7
2026-08-22,Morphettville,R8 1400m Listed,8,261300215,97211416,2,Cote Atlantique,1,0.0,3.61,1.0,1.62
2026-08-22,Morphettville,R8 1400m Listed,8,261300215,101848226,9,Guru Warrior,4,0.0,34.0,0.0,6.6
2026-08-22,Morphettville,R9 1250m Hcap,9,261300224,931478,7,Halliwell,4,0.0,11.5,0.0,3.73
2026-08-22,Morphettville,R9 1250m Hcap,9,261300224,43526858,1,Jacks On Ice,1,1.0,7.57,1.0,2.51
2026-08-22,Morphettville,R9 1250m Hcap,9,261300224,72354470,4,Bouncing Beyond,2,0.0,13.38,0.0,3.3
2026-08-22,Morphettville,R9 1250m Hcap,9,261300224,101848231,10,Tahnee Territory,5,0.0,21.9,0.0,5.1
2026-08-22,Morphettville,R9 1250m Hcap,9,261300224,101848232,15,Sensational Secret,3,0.0,5.18,1.0,2.25
2026-08-22,Narromine,,1,261339647,100749196,1,Dream Invader,1,,,,
2026-08-22,Newcastle,R3 1250m Mdn,3,261327143,1534684,2,Wallace Station,3,1.0,4.6,1.0,1.99
2026-08-22,Newcastle,R3 1250m Mdn,3,261327143,101883754,1,Dallas Duke,1,0.0,8.4,0.0,1.77
2026-08-22,Newcastle,R3 1250m Mdn,3,261327143,101883755,3,Zensen,5,0.0,22.0,0.0,4.3
2026-08-22,Newcastle,R3 1250m Mdn,3,261327143,101883758,6,Ballet Noir,4,0.0,5.5,1.0,1.86
2026-08-22,Newcastle,R3 1250m Mdn,3,261327143,101883760,8,Mobilise,2,0.0,9.2,1.0,2.23
2026-08-22,Newcastle,R4 1900m Mdn,4,261327146,28551760,5,Royal Princess,1,0.0,5.0,1.0,1.86
2026-08-22,Newcastle,R4 1900m Mdn,4,261327146,77769012,2,Courting Emily,3,0.0,21.0,0.0,3.95
2026-08-22,Newcastle,R4 1900m Mdn,4,261327146,90251723,9,Liyahs Girl,4,1.0,2.45,1.0,1.46
2026-08-22,Newcastle,R4 1900m Mdn,4,261327146,91530645,10,Elite Delight,5,0.0,38.0,0.0,6.26
2026-08-22,Newcastle,R4 1900m Mdn,4,261327146,101883764,7,Quirky Princess,2,0.0,70.0,1.0,9.37
2026-08-22,Newcastle,R5 1600m Mdn,5,261327149,85064194,8,Nambi Ghima,1,0.0,3.8,0.0,1.63
2026-08-22,Newcastle,R5 1600m Mdn,5,261327149,97184532,2,Going By Train,5,0.0,22.0,0.0,4.55
2026-08-22,Newcastle,R5 1600m Mdn,5,261327149,100720582,10,Tamieka Warrior,4,0.0,83.97,0.0,13.5
2026-08-22,Newcastle,R5 1600m Mdn,5,261327149,101883769,7,Maremoto,2,0.0,4.5,1.0,1.97
2026-08-22,Newcastle,R5 1600m Mdn,5,261327149,101883769,7,Maremoto,3,0.0,4.5,1.0,1.97
2026-08-22,Newcastle,R6 900m Hcap,6,261327152,3126489,11,Super Sioux,2,0.0,17.36,1.0,3.89
2026-08-22,Newcastle,R6 900m Hcap,6,261327152,41920781,6,Big Day Out,3,0.0,13.08,0.0,3.25
2026-08-22,Newcastle,R6 900m Hcap,6,261327152,67289470,8,Soho Artist,5,0.0,100.0,0.0,29.28
2026-08-22,Newcastle,R6 900m Hcap,6,261327152,73404209,4,Close To Midnight,4,0.0,6.58,0.0,2.42
2026-08-22,Newcastle,R6 900m Hcap,6,261327152,90568389,9,Misty Veil,1,0.0,4.53,0.0,1.69
2026-08-22,Newcastle,R7 1500m Hcap,7,261327155,64575042,1,Leica Storm,4,0.0,4.0,1.0,1.87
2026-08-22,Newcastle,R7 1500m Hcap,7,261327155,72850493,3,Glounthaune,3,0.0,14.67,0.0,4.1
2026-08-22,Newcastle,R7 1500m Hcap,7,261327155,101883772,2,Waku Waku,5,0.0,7.6,0.0,2.42
2026-08-22,Newcastle,R7 1500m Hcap,7,261327155,101883774,8,Zamborghini,1,1.0,17.97,1.0,4.61
2026-08-22,Newcastle,R7 1500m Hcap,7,261327155,101883775,12,Oenology,2,0.0,100.0,0.0,16.0
2026-08-22,Newcastle,R8 1400m Mdn,8,261327158,508574,4,Divine Heights,5,0.0,27.13,0.0,4.6
2026-08-22,Newcastle,R8 1400m Mdn,8,261327158,11059053,5,Endeavour,1,0.0,2.46,0.0,1.41
2026-08-22,Newcastle,R8 1400m Mdn,8,261327158,84911013,2,Caviar,4,0.0,7.6,1.0,2.34
2026-08-22,Newcastle,R8 1400m Mdn,8,261327158,101883778,3,Barr Turn,3,0.0,11.4,1.0,2.62
2026-08-22,Newcastle,R8 1400m Mdn,8,261327158,101883782,12,Over The Mountain,2,0.0,9.22,0.0,2.42
2026-08-22,Newman,R1 1550m Hcap,1,261333874,1284434,5,Moment In The Sun,2,0.0,2.49,0.0,1.64
2026-08-22,Newman,R1 1550m Hcap,1,261333874,40447543,1,Mystical Man,1,1.0,9.4,1.0,3.95
2026-08-22,Newman,R1 1550m Hcap,1,261333874,68637383,4,Magic Shot,3,0.0,11.5,0.0,3.95
2026-08-22,Newman,R1 1550m Hcap,1,261333874,82896169,2,Torqued Up,5,0.0,7.4,1.0,3.5
2026-08-22,Newman,R1 1550m Hcap,1,261333874,83345040,3,Hundred Yards,4,0.0,4.0,0.0,2.05
2026-08-22,Newman,R2 1400m Hcap,2,261333878,52206613,2,Leading Taddy,1,0.0,4.5,1.0,2.22
2026-08-22,Newman,R2 1400m Hcap,2,261333878,54869073,1,Topaz,4,0.0,3.9,0.0,2.2
2026-08-22,Newman,R2 1400m Hcap,2,261333878,67560833,6,Shoulder Patch,3,0.0,5.11,0.0,2.45
2026-08-22,Newman,R2 1400m Hcap,2,261333878,85251085,3,Mrs Kangaroo,5,0.0,22.57,0.0,8.88
2026-08-22,Newman,R2 1400m Hcap,2,261333878,99207246,4,Chantilly Girl,2,0.0,8.04,0.0,4.1
2026-08-22,Newman,R3 1300m Hcap,3,261333882,56645014,1,Fameux,5,0.0,16.51,0.0,3.65
2026-08-22,Newman,R3 1300m Hcap,3,261333882,58314371,4,Imperialize,1,0.0,8.2,1.0,2.5
2026-08-22,Newman,R3 1300m Hcap,3,261333882,70580493,2,Delicate Ruler,4,0.0,9.55,1.0,3.18
2026-08-22,Newman,R3 1300m Hcap,3,261333882,78441109,6,Rulesque,2,0.0,3.68,0.0,1.55
2026-08-22,Newman,R3 1300m Hcap,3,261333882,92391497,5,Calathinite,3,0.0,14.02,0.0,3.55
2026-08-22,Newman,R4 1200m Hcap,4,261333886,7144779,3,Esquel,4,0.0,7.0,0.0,2.44
2026-08-22,Newman,R4 1200m Hcap,4,261333886,63403557,9,Kia Ora Tatou,5,0.0,12.0,1.0,3.45
2026-08-22,Newman,R4 1200m Hcap,4,261333886,74299308,4,La Signora Dane,3,0.0,5.0,0.0,2.15
2026-08-22,Newman,R4 1200m Hcap,4,261333886,75639072,1,Close Talker,1,0.0,7.64,0.0,2.43
2026-08-22,Newman,R4 1200m Hcap,4,261333886,92676894,6,Tousled Crown,2,0.0,21.0,1.0,4.2
2026-08-22,Newman,R5 1200m Hcap,5,261333890,2814609,10,Ocean Outlaw,3,0.0,8.87,1.0,2.98
2026-08-22,Newman,R5 1200m Hcap,5,261333890,39880265,5,Royalzel,2,0.0,7.01,0.0,2.3
2026-08-22,Newman,R5 1200m Hcap,5,261333890,42343767,1,Galaxy Affair,1,0.0,9.4,0.0,3.3
2026-08-22,Newman,R5 1200m Hcap,5,261333890,42901772,9,Catalpa,4,0.0,5.92,1.0,2.26
2026-08-22,Newman,R5 1200m Hcap,5,261333890,59148066,8,Hit The Jackpot,5,0.0,6.91,0.0,2.27
2026-08-22,Newman,R6 2100m Cup,6,261333894,2754462,4,Lucky Landing,1,0.0,6.62,0.0,2.02
2026-08-22,Newman,R6 2100m Cup,6,261333894,29069442,6,Do It Right,3,0.0,28.0,0.0,7.19
2026-08-22,Newman,R6 2100m Cup,6,261333894,42424931,2,Letsdeal,2,0.0,2.86,1.0,1.57
2026-08-22,Newman,R6 2100m Cup,6,261333894,59917684,1,Dynamic One,4,1.0,5.19,1.0,1.66
2026-08-22,Newman,,6,261333894,70385878,8,Star Testymony,5,,,,
2026-08-22,Port Macquarie,R2 1110m Mdn,2,261326774,82601882,2,Musumeci,2,0.0,5.5,0.0,3.0
2026-08-22,Port Macquarie,R2 1110m Mdn,2,261326774,97480390,4,The Michael,5,0.0,16.99,0.0,4.97
2026-08-22,Port Macquarie,R2 1110m Mdn,2,261326774,97918884,3,Rosenblum,3,1.0,4.1,1.0,1.98
2026-08-22,Port Macquarie,R2 1110m Mdn,2,261326774,101883369,6,Zous Apollo,1,0.0,3.05,1.0,1.61
2026-08-22,Port Macquarie,R2 1110m Mdn,2,261326774,101883370,7,Hot Fizz,4,0.0,120.0,0.0,45.87
2026-08-22,Port Macquarie,R3 1010m Hcap,3,261326777,3652595,3,Our Emily,4,0.0,8.49,0.0,2.94
2026-08-22,Port Macquarie,R3 1010m Hcap,3,261326777,43328940,2,West Germany,3,0.0,46.61,0.0,9.97
2026-08-22,Port Macquarie,R3 1010m Hcap,3,261326777,54973717,1,Take The Jackpot,1,1.0,4.32,1.0,1.72
2026-08-22,Port Macquarie,R3 1010m Hcap,3,261326777,86099288,6,Felasuvi,2,0.0,8.69,1.0,2.8
2026-08-22,Port Macquarie,R4 1512m Hcap,4,261326780,66068924,2,Farraige,5,1.0,13.0,1.0,3.75
2026-08-22,Port Macquarie,R4 1512m Hcap,4,261326780,81263628,8,Releasethewolves,2,0.0,11.85,0.0,2.92
2026-08-22,Port Macquarie,R4 1512m Hcap,4,261326780,82857036,4,Tawfiq Tom,1,0.0,24.0,0.0,8.2
2026-08-22,Port Macquarie,R4 1512m Hcap,4,261326780,101883372,1,Smokey Saint,3,0.0,4.4,1.0,2.1
2026-08-22,Port Macquarie,R4 1512m Hcap,4,261326780,101883373,9,Enzoni,4,0.0,5.4,0.0,2.04
2026-08-22,Port Macquarie,R5 1210m Hcap,5,261326783,865814,6,Just One Look,5,0.0,11.83,1.0,4.1
2026-08-22,Port Macquarie,R5 1210m Hcap,5,261326783,1331340,8,Poised,1,0.0,20.0,0.0,4.31
2026-08-22,Port Macquarie,R5 1210m Hcap,5,261326783,1331340,8,Poised,2,0.0,20.0,0.0,4.31
2026-08-22,Port Macquarie,R5 1210m Hcap,5,261326783,60304902,1,Kenker,3,0.0,18.63,1.0,3.87
2026-08-22,Port Macquarie,R5 1210m Hcap,5,261326783,62176992,5,Little Prophet,4,0.0,5.7,0.0,2.01
2026-08-22,Port Macquarie,R5 1210m Hcap,5,261326783,68598631,7,Typhoon Neta,2,0.0,13.0,0.0,3.65
2026-08-22,Port Macquarie,R5 1210m Hcap,5,261326783,78535695,2,Aerofoil,1,1.0,2.95,1.0,1.78
2026-08-22,Randwick,R5 2000m Grp3,5,261299597,2334221,10,Elliptical,3,0.0,11.64,0.0,2.49
2026-08-22,Randwick,R5 2000m Grp3,5,261299597,5359135,5,Boniface,1,1.0,2.64,1.0,1.24
2026-08-22,Randwick,R5 2000m Grp3,5,261299597,55414708,7,Matusalem,4,0.0,10.56,1.0,2.7
2026-08-22,Randwick,R5 2000m Grp3,5,261299597,66069227,8,Belvedere Boys,2,0.0,40.0,0.0,6.0
2026-08-22,Randwick,R5 2000m Grp3,5,261299597,90798434,2,Thebudgiesmugla,5,0.0,7.4,0.0,2.04
2026-08-22,Randwick,R6 1100m Grp3,6,261299606,3338419,8,Stardom,4,0.0,20.0,1.0,3.9
2026-08-22,Randwick,R6 1100m Grp3,6,261299606,5867176,7,Karinska,5,0.0,28.08,0.0,4.54
2026-08-22,Randwick,R6 1100m Grp3,6,261299606,85064209,6,Prima Bella,1,1.0,7.4,1.0,2.06
2026-08-22,Randwick,R6 1100m Grp3,6,261299606,95579134,2,Apocalyptic,2,0.0,3.37,1.0,1.38
2026-08-22,Randwick,R6 1100m Grp3,6,261299606,99398734,9,Gatwick,3,0.0,10.0,0.0,3.05
2026-08-22,Randwick,R7 1200m Grp2,7,261299615,101849114,1,Cherry Bomshell,4,0.0,4.6,0.0,1.79
2026-08-22,Randwick,R7 1200m Grp2,7,261299615,101849115,2,Pembrey,2,1.0,5.09,1.0,2.23
2026-08-22,Randwick,R7 1200m Grp2,7,261299615,101849116,3,Agrarian Girl,1,0.0,7.0,0.0,2.44
2026-08-22,Randwick,R7 1200m Grp2,7,261299615,101849117,5,Bangkok Hottie,3,0.0,6.8,1.0,2.26
2026-08-22,Randwick,R7 1200m Grp2,7,261299615,101849119,8,Reachin Out,5,0.0,30.93,0.0,5.9
2026-08-22,Randwick,R8 1200m Grp3,8,261299624,4225398,3,Enriched,1,0.0,4.4,0.0,1.9
2026-08-22,Randwick,R8 1200m Grp3,8,261299624,52901256,2,Disneck,2,0.0,18.5,0.0,4.69
2026-08-22,Randwick,R8 1200m Grp3,8,261299624,84696731,7,Matcha Latte,3,0.0,8.8,1.0,2.81
2026-08-22,Randwick,R8 1200m Grp3,8,261299624,100233000,9,Soothsayer,5,0.0,3.61,1.0,1.56
2026-08-22,Randwick,R8 1200m Grp3,8,261299624,101849123,8,Campione Ditalia,4,0.0,8.78,0.0,3.2
2026-08-22,Randwick,R9 1400m Grp1,9,261299633,293135,8,Autumn Glow,1,1.0,1.7,1.0,1.12
2026-08-22,Randwick,R9 1400m Grp1,9,261299633,39722697,10,Fangirl,2,0.0,49.01,0.0,5.42
2026-08-22,Randwick,R9 1400m Grp1,9,261299633,53680418,3,Lindermann,3,0.0,90.0,0.0,8.94
2026-08-22,Randwick,R9 1400m Grp1,9,261299633,69642473,12,Lady Shenandoah,5,0.0,30.0,0.0,3.48
2026-08-22,Randwick,R9 1400m Grp1,9,261299633,80091834,1,Ceolwulf,4,0.0,108.11,0.0,11.5
2026-08-22,Randwick,R10 1200m Hcap,10,261299642,52901251,4,Mogo Magic,4,0.0,21.23,0.0,6.59
2026-08-22,Randwick,R10 1200m Hcap,10,261299642,78688888,5,Bartolf,2,0.0,20.19,0.0,6.36
2026-08-22,Randwick,R10 1200m Hcap,10,261299642,79379543,7,Call Me Gorgeous,1,0.0,7.85,0.0,2.5
2026-08-22,Randwick,R10 1200m Hcap,10,261299642,83984560,1,Columbia Blue,5,0.0,3.95,0.0,1.79
2026-08-22,Randwick,R10 1200m Hcap,10,261299642,101849129,11,Hidrix,3,0.0,12.89,0.0,3.7
2026-08-22,Sandown,R3 2400m Hcap,3,261299754,29256423,1,Smokin Romans,2,0.0,10.62,0.0,2.44
2026-08-22,Sandown,R3 2400m Hcap,3,261299754,66826028,2,Brayden Star,4,0.0,34.63,0.0,6.0
2026-08-22,Sandown,R3 2400m Hcap,3,261299754,101848902,5,Go Daddy,5,0.0,18.54,1.0,4.41
2026-08-22,Sandown,R3 2400m Hcap,3,261299754,101848903,6,Nearco Frod,1,1.0,2.49,1.0,1.28
2026-08-22,Sandown,R3 2400m Hcap,3,261299754,101848905,9,Think Giant,3,0.0,5.7,0.0,1.81
2026-08-22,Sandown,R4 1500m Hcap,4,261299763,50294546,4,Freedom Rally,1,1.0,15.5,1.0,2.74
2026-08-22,Sandown,R4 1500m Hcap,4,261299763,69642504,8,St Lawrence,4,0.0,9.8,1.0,2.12
2026-08-22,Sandown,R4 1500m Hcap,4,261299763,84511770,5,First Chorus,3,0.0,2.38,1.0,1.19
2026-08-22,Sandown,R4 1500m Hcap,4,261299763,89669694,1,Regal Zeus,2,0.0,10.08,0.0,2.3
2026-08-22,Sandown,R4 1500m Hcap,4,261299763,96747117,6,Justadeel,5,0.0,3.71,0.0,1.37
2026-08-22,Sandown,R5 1000m 3yo,5,261299772,834545,2,Incognito,1,0.0,4.33,0.0,1.66
2026-08-22,Sandown,R5 1000m 3yo,5,261299772,92460262,7,One Day At A Time,5,0.0,15.0,0.0,3.7
2026-08-22,Sandown,R5 1000m 3yo,5,261299772,101848906,3,Divine Dot,4,0.0,7.2,0.0,2.03
2026-08-22,Sandown,R5 1000m 3yo,5,261299772,101848909,9,Shooting Brake,3,0.0,14.5,0.0,3.59
2026-08-22,Sandown,R5 1000m 3yo,5,261299772,101848911,12,Buggsy,2,1.0,3.52,1.0,1.74
2026-08-22,Sandown,R6 1000m Hcap,6,261299781,1423487,2,Per Sempre,4,0.0,15.8,0.0,3.55
2026-08-22,Sandown,R6 1000m Hcap,6,261299781,86275897,1,Saluted,2,0.0,5.23,1.0,2.01
2026-08-22,Sandown,R6 1000m Hcap,6,261299781,99275249,15,Final Moment,3,1.0,8.2,1.0,2.7
2026-08-22,Sandown,R6 1000m Hcap,6,261299781,101848914,11,Set Me Loose,5,0.0,6.06,1.0,2.12
2026-08-22,Sandown,R6 1000m Hcap,6,261299781,101848916,14,Conscience,1,0.0,5.01,0.0,1.79
2026-08-22,Sandown,R7 1000m Grp3,7,261299790,50141079,3,Klabel,5,0.0,85.0,0.0,11.26
2026-08-22,Sandown,R7 1000m Grp3,7,261299790,60694982,1,Hedged,4,0.0,5.46,0.0,1.78
2026-08-22,Sandown,R7 1000m Grp3,7,261299790,87165050,4,Losesomewinmore,2,0.0,9.45,1.0,2.67
2026-08-22,Sandown,R7 1000m Grp3,7,261299790,101848919,7,Cavalry Girl,3,1.0,2.66,1.0,1.27
2026-08-22,Sandown,R7 1000m Grp3,7,261299790,101848920,11,Signature Scent,1,0.0,14.95,0.0,3.48
2026-08-22,Sandown,R8 1300m Hcap,8,261299799,56729490,8,Rhapsody Chic,5,0.0,22.8,0.0,4.3
2026-08-22,Sandown,R8 1300m Hcap,8,261299799,67259560,6,Moby Dick,2,0.0,15.05,1.0,3.18
2026-08-22,Sandown,R8 1300m Hcap,8,261299799,70822025,4,Piastri,3,0.0,14.5,0.0,2.98
2026-08-22,Sandown,R8 1300m Hcap,8,261299799,96116218,7,Gold Coast Belle,4,1.0,2.39,1.0,1.26
2026-08-22,Sandown,R8 1300m Hcap,8,261299799,101848921,2,Tennessee Bound,1,0.0,3.62,1.0,1.48
2026-08-22,Sandown,R9 1600m Hcap,9,261299808,8635064,9,Stay Silent,3,1.0,5.67,1.0,2.3
2026-08-22,Sandown,R9 1600m Hcap,9,261299808,91807558,4,Ziryab,5,0.0,48.65,0.0,9.92
2026-08-22,Sandown,R9 1600m Hcap,9,261299808,94409636,12,Supernima,2,0.0,10.3,0.0,3.44
2026-08-22,Sandown,R9 1600m Hcap,9,261299808,98960268,5,Makdane,1,0.0,6.13,0.0,2.14
2026-08-22,Sandown,R9 1600m Hcap,9,261299808,101848926,15,Lovelycut,4,0.0,6.65,0.0,2.33
2026-08-22,Toowoomba,R1 1300m Hcap,1,261327460,44160666,5,Brechen,5,0.0,55.0,0.0,11.5
2026-08-22,Toowoomba,R1 1300m Hcap,1,261327460,70599780,2,Thunder Award,2,0.0,14.97,0.0,3.42
2026-08-22,Toowoomba,R1 1300m Hcap,1,261327460,97242354,11,Knowitall Frank,3,0.0,11.0,1.0,3.0
2026-08-22,Toowoomba,R1 1300m Hcap,1,261327460,100721540,1,Dracena,1,0.0,3.35,0.0,1.44
2026-08-22,Toowoomba,R1 1300m Hcap,1,261327460,100721540,1,Dracena,4,0.0,3.35,0.0,1.44
2026-08-22,Toowoomba,R2 1000m Hcap,2,261327464,40364515,2,Jack Be Lucky,3,0.0,28.0,0.0,5.0
2026-08-22,Toowoomba,R2 1000m Hcap,2,261327464,44562441,5,Jemeldi,1,0.0,5.0,1.0,1.89
2026-08-22,Toowoomba,R2 1000m Hcap,2,261327464,66826061,9,Thats An Extra,4,0.0,27.52,0.0,5.2
2026-08-22,Toowoomba,R2 1000m Hcap,2,261327464,77728471,4,Shows A Sign,2,1.0,6.8,1.0,2.33
2026-08-22,Toowoomba,R2 1000m Hcap,2,261327464,96496566,12,Better Sweet,5,0.0,2.54,0.0,1.34
2026-08-22,Toowoomba,R3 1625m Hcap,3,261327468,1465375,2,Cardiologist,2,0.0,5.6,0.0,2.21
2026-08-22,Toowoomba,R3 1625m Hcap,3,261327468,2741342,8,Loch Awe,4,0.0,12.05,0.0,3.2
2026-08-22,Toowoomba,R3 1625m Hcap,3,261327468,91485541,3,Forty Times,3,0.0,9.32,0.0,3.05
2026-08-22,Toowoomba,R3 1625m Hcap,3,261327468,97242356,1,Madalsa,1,0.0,5.2,1.0,2.15
2026-08-22,Toowoomba,R3 1625m Hcap,3,261327468,101883382,15,Slugworth,5,0.0,15.18,0.0,4.2
2026-08-22,Toowoomba,R4 1000m Hcap,4,261327472,4588100,2,Fagin,2,0.0,138.24,0.0,15.5
2026-08-22,Toowoomba,R4 1000m Hcap,4,261327472,45191194,1,Flying Birds,5,0.0,82.41,0.0,9.4
2026-08-22,Toowoomba,R4 1000m Hcap,4,261327472,78534679,5,Ludik,4,0.0,12.5,0.0,2.28
2026-08-22,Toowoomba,R4 1000m Hcap,4,261327472,87805228,3,Jimmyinthejungle,1,1.0,1.81,1.0,1.1
2026-08-22,Toowoomba,R4 1000m Hcap,4,261327472,101883385,7,Im Lucky Two,3,0.0,5.2,1.0,1.51
2026-08-22,Toowoomba,R5 1300m Mdn,5,261327476,82788136,4,Mahmoa,3,0.0,8.66,1.0,2.63
2026-08-22,Toowoomba,R5 1300m Mdn,5,261327476,100957105,2,Lyrical Gangster,2,1.0,10.68,1.0,2.64
2026-08-22,Toowoomba,R5 1300m Mdn,5,261327476,101183201,12,Pippie Pomar,1,0.0,3.05,0.0,1.29
2026-08-22,Toowoomba,R5 1300m Mdn,5,261327476,101883388,7,Langdown Legacy,4,0.0,8.83,1.0,2.22
2026-08-22,Toowoomba,R5 1300m Mdn,5,261327476,101883390,11,Lustful Belle,5,0.0,32.0,0.0,5.7
2026-08-22,Toowoomba,R6 2160m CL3,6,261327480,633673,7,Vega Sicilia,4,0.0,5.8,0.0,1.35
2026-08-22,Toowoomba,R6 2160m CL3,6,261327480,2124985,1,Cigar Man,1,1.0,4.0,1.0,1.3
2026-08-22,Toowoomba,R6 2160m CL3,6,261327480,78464483,9,Thundering Falcon,3,0.0,12.5,1.0,1.86
2026-08-22,Toowoomba,R6 2160m CL3,6,261327480,101418784,2,Empress Aspen,2,0.0,2.05,1.0,1.08
2026-08-22,Toowoomba,R7 2010m Mdn,7,261327484,5193147,12,Spring Rain,4,0.0,12.27,0.0,3.35
2026-08-22,Toowoomba,R7 2010m Mdn,7,261327484,61861439,6,Turpins Torment,1,0.0,23.0,1.0,5.99
2026-08-22,Toowoomba,R7 2010m Mdn,7,261327484,85778133,7,Durness,3,1.0,5.58,1.0,1.89
2026-08-22,Toowoomba,R7 2010m Mdn,7,261327484,98240472,9,Josephine Of Tuffy,5,0.0,3.85,1.0,1.65
2026-08-22,Toowoomba,R7 2010m Mdn,7,261327484,101883397,8,Flirting With Fire,2,0.0,10.24,0.0,2.82
2026-08-23,Goulburn,R3 1300m CL3,3,261339743,70350502,7,Maz Kanata,2,0.0,10.57,0.0,3.81
2026-08-23,Goulburn,R3 1300m CL3,3,261339743,70350502,7,Maz Kanata,4,0.0,10.57,0.0,3.81
2026-08-23,Goulburn,R3 1300m CL3,3,261339743,93206504,8,Oui Flourish,3,0.0,2.66,1.0,1.92
2026-08-23,Goulburn,R3 1300m CL3,3,261339743,93206504,8,Oui Flourish,5,0.0,2.66,1.0,1.92
2026-08-23,Goulburn,R3 1300m CL3,3,261339743,101883321,2,Peace Bird,1,1.0,4.35,1.0,2.08
2026-08-23,Goulburn,R5 1200m Hcap,5,261339749,25024783,4,Stormbringer,4,0.0,8.8,1.0,2.5
2026-08-23,Goulburn,R5 1200m Hcap,5,261339749,74227018,6,Winning Emotions,1,0.0,2.8,0.0,1.43
2026-08-23,Goulburn,R5 1200m Hcap,5,261339749,84431217,9,Dubbo Boy,2,1.0,8.4,1.0,2.2
2026-08-23,Goulburn,R5 1200m Hcap,5,261339749,88375769,5,Spread The Love,3,0.0,7.2,0.0,2.42
2026-08-23,Goulburn,R5 1200m Hcap,5,261339749,100019696,8,One Run Won,5,0.0,6.4,0.0,2.28
2026-08-23,Goulburn,R6 1600m Hcap,6,261339752,5917575,12,Win The Day,3,0.0,10.1,0.0,3.55
2026-08-23,Goulburn,R6 1600m Hcap,6,261339752,55494146,1,Philadelphia Storm,2,0.0,35.54,0.0,8.15
2026-08-23,Goulburn,R6 1600m Hcap,6,261339752,68383136,13,Own Them,4,0.0,30.54,0.0,7.61
2026-08-23,Goulburn,R6 1600m Hcap,6,261339752,75083973,2,Miss Stalwart,5,0.0,17.5,0.0,5.9
2026-08-23,Goulburn,R6 1600m Hcap,6,261339752,101883324,3,Think I Do,1,0.0,6.51,1.0,2.4
2026-08-23,Goulburn,R7 1400m Hcap,7,261339755,74538057,5,Declichy Boulevard,2,0.0,8.6,1.0,2.43
2026-08-23,Goulburn,R7 1400m Hcap,7,261339755,84911370,7,Knobelas,3,0.0,11.35,0.0,3.6
2026-08-23,Goulburn,R7 1400m Hcap,7,261339755,101883326,11,Aberlour,4,0.0,47.9,0.0,12.0
2026-08-23,Goulburn,R7 1400m Hcap,7,261339755,101883328,14,Cross Tasman,1,0.0,2.92,1.0,1.46
2026-08-23,Goulburn,R7 1400m Hcap,7,261339755,101883329,16,Just Party,5,1.0,16.0,1.0,4.3
2026-08-23,Goulburn,R8 1400m CL1,8,261339758,2415966,5,Skirmish,1,1.0,21.26,1.0,4.65
2026-08-23,Goulburn,R8 1400m CL1,8,261339758,91485040,11,Shuttering,5,0.0,52.36,0.0,6.12
2026-08-23,Goulburn,R8 1400m CL1,8,261339758,101883336,3,Overshadow,2,0.0,6.67,1.0,2.19
2026-08-23,Goulburn,R8 1400m CL1,8,261339758,101883337,6,Brucey,3,0.0,10.5,0.0,3.15
2026-08-23,Goulburn,R8 1400m CL1,8,261339758,101883338,8,Glenns Legacy,4,0.0,3.67,1.0,1.58
2026-08-23,Goulburn,R4 1600m CL2,4,261389867,78756109,8,Simply Nutbush,2,0.0,5.8,0.0,
2026-08-23,Goulburn,R4 1600m CL2,4,261389867,78756109,8,Simply Nutbush,2,0.0,5.8,0.0,2.54
2026-08-23,Goulburn,R4 1600m CL2,4,261389867,90210219,1,Silver Tempest,5,0.0,11.18,0.0,3.4
2026-08-23,Goulburn,R4 1600m CL2,4,261389867,90210219,1,Silver Tempest,5,0.0,11.18,0.0,
2026-08-23,Goulburn,R4 1600m CL2,4,261389867,92783765,3,Guys Last Prize,4,1.0,4.66,1.0,1.69
2026-08-23,Goulburn,R4 1600m CL2,4,261389867,92783765,3,Guys Last Prize,4,1.0,4.66,0.0,
2026-08-23,Goulburn,R4 1600m CL2,4,261389867,94447902,2,Brazen Crime,3,0.0,18.5,0.0,4.4
2026-08-23,Goulburn,R4 1600m CL2,4,261389867,94447902,2,Brazen Crime,3,0.0,18.5,0.0,
2026-08-23,Goulburn,R4 1600m CL2,4,261389867,98481586,4,Costabit,1,0.0,5.67,0.0,
2026-08-23,Goulburn,R4 1600m CL2,4,261389867,98481586,4,Costabit,1,0.0,5.67,1.0,2.84
2026-08-23,Kalgoorlie,R1 1200m Mdn,1,261338788,81263857,8,Gold Lilly,4,1.0,6.78,1.0,2.08
2026-08-23,Kalgoorlie,R1 1200m Mdn,1,261338788,101419854,2,Billy The Boss,5,0.0,11.84,0.0,2.88
2026-08-23,Kalgoorlie,R1 1200m Mdn,1,261338788,101419855,3,Cobar Sky,2,0.0,34.0,0.0,6.0
2026-08-23,Kalgoorlie,R1 1200m Mdn,1,261338788,101884015,7,Vivalda,1,0.0,2.53,0.0,1.5
2026-08-23,Kalgoorlie,R1 1200m Mdn,1,261338788,101884017,12,Miss Bickmore,3,0.0,8.75,1.0,2.55
2026-08-23,Kalgoorlie,R2 1100m Hcap,2,261338792,1037974,1,Art Session,1,0.0,4.12,0.0,1.49
2026-08-23,Kalgoorlie,R2 1100m Hcap,2,261338792,69932981,8,Sunlit Fresco,2,0.0,18.5,0.0,3.69
2026-08-23,Kalgoorlie,R2 1100m Hcap,2,261338792,85283433,2,Lavish Charm,3,0.0,14.13,0.0,2.72
2026-08-23,Kalgoorlie,R2 1100m Hcap,2,261338792,89060835,4,Dancewithme,5,0.0,12.66,1.0,2.89
2026-08-23,Kalgoorlie,R2 1100m Hcap,2,261338792,97694894,3,Stylin,4,0.0,2.03,1.0,1.16
2026-08-23,Kalgoorlie,R3 1100m CL2,3,261338796,6991587,9,Offshore,4,1.0,11.5,1.0,3.45
2026-08-23,Kalgoorlie,R3 1100m CL2,3,261338796,100262923,2,Alebrije,2,0.0,6.82,0.0,2.52
2026-08-23,Kalgoorlie,R3 1100m CL2,3,261338796,100957756,1,Morf,5,0.0,4.89,0.0,2.02
2026-08-23,Kalgoorlie,R3 1100m CL2,3,261338796,101884019,4,Dance Version,3,0.0,14.0,0.0,4.5
2026-08-23,Kalgoorlie,R3 1100m CL2,3,261338796,101884020,5,White Hot,1,0.0,6.11,0.0,2.43
2026-08-23,Kalgoorlie,R4 1300m Hcap,4,261338800,63610269,3,Celebrity Prince,1,0.0,11.27,0.0,3.44
2026-08-23,Kalgoorlie,R4 1300m Hcap,4,261338800,74460240,1,Dreamers Never Die,4,0.0,12.45,0.0,3.23
2026-08-23,Kalgoorlie,R4 1300m Hcap,4,261338800,75046394,2,More Likely,5,1.0,16.5,1.0,4.4
2026-08-23,Kalgoorlie,R4 1300m Hcap,4,261338800,85813994,7,Gibraltar Gold,3,0.0,2.93,0.0,1.71
2026-08-23,Kalgoorlie,R4 1300m Hcap,4,261338800,98240700,5,Spangledstar,2,0.0,10.75,1.0,3.22
2026-08-23,Kalgoorlie,R5 1400m CL1,5,261338804,83941036,6,Alotta Fighting,2,0.0,8.79,1.0,3.05
2026-08-23,Kalgoorlie,R5 1400m CL1,5,261338804,88420138,9,Acoustic Bubbles,4,0.0,19.87,0.0,5.72
2026-08-23,Kalgoorlie,R5 1400m CL1,5,261338804,100019750,1,Eightyseven Lad,1,0.0,5.2,0.0,2.21
2026-08-23,Kalgoorlie,R5 1400m CL1,5,261338804,101419865,8,Viresha,5,0.0,21.93,0.0,5.7
2026-08-23,Kalgoorlie,R5 1400m CL1,5,261338804,101884023,10,Buon Amici,3,0.0,34.0,0.0,8.85
2026-08-23,Kalgoorlie,R6 1200m Hcap,6,261338808,2875194,7,Tacito,2,0.0,8.4,0.0,2.83
2026-08-23,Kalgoorlie,R6 1200m Hcap,6,261338808,65230562,1,Close At Hand,5,0.0,27.21,0.0,6.26
2026-08-23,Kalgoorlie,R6 1200m Hcap,6,261338808,71941251,2,Dont Wait For Luck,4,1.0,8.2,1.0,2.52
2026-08-23,Kalgoorlie,R6 1200m Hcap,6,261338808,74462057,10,Queen Of Hawks,1,0.0,9.0,0.0,3.25
2026-08-23,Kalgoorlie,R6 1200m Hcap,6,261338808,85814016,5,Science Degree,3,0.0,4.7,1.0,1.96
2026-08-23,Kalgoorlie,R7 1600m Hcap,7,261338812,28708290,1,Sowar,2,0.0,77.87,0.0,12.5
2026-08-23,Kalgoorlie,R7 1600m Hcap,7,261338812,58817089,4,Prophet And Power,5,0.0,10.6,0.0,3.09
2026-08-23,Kalgoorlie,R7 1600m Hcap,7,261338812,69352546,2,The Jesters Son,1,1.0,5.6,1.0,2.08
2026-08-23,Kalgoorlie,R7 1600m Hcap,7,261338812,69932973,3,Monty Zoomer,4,0.0,5.48,1.0,1.96
2026-08-23,Kalgoorlie,R7 1600m Hcap,7,261338812,98643924,9,Friars Legacy,3,0.0,3.8,0.0,1.65
2026-08-23,Kalgoorlie,R8 1600m CL2,8,261387947,81182687,1,Sainty Cullity,5,0.0,9.29,1.0,2.96
2026-08-23,Kalgoorlie,R8 1600m CL2,8,261387947,94615836,6,Moonshine Queen,4,0.0,12.34,0.0,4.1
2026-08-23,Kalgoorlie,R8 1600m CL2,8,261387947,99657290,5,Miss Defies Me,1,0.0,9.02,1.0,3.23
2026-08-23,Kalgoorlie,R8 1600m CL2,8,261387947,101419862,2,Gold Enigma,3,1.0,11.29,1.0,3.6
2026-08-23,Kalgoorlie,R8 1600m CL2,8,261387947,101884029,3,Just Sublime,2,0.0,4.25,0.0,1.96
2026-08-23,Kilcoy,R4 1900m Hcap,4,261339325,73370873,4,Cheerful Cat,1,0.0,6.4,0.0,2.28
2026-08-23,Kilcoy,R4 1900m Hcap,4,261339325,73370873,4,Cheerful Cat,2,0.0,6.4,0.0,2.28
2026-08-23,Kilcoy,R4 1900m Hcap,4,261339325,79845333,6,The Cops,5,1.0,4.3,1.0,1.95
2026-08-23,Kilcoy,R4 1900m Hcap,4,261339325,82818793,1,Ocaldino,4,0.0,6.6,0.0,2.2
2026-08-23,Kilcoy,R4 1900m Hcap,4,261339325,97242321,7,Ucelle,3,0.0,16.0,0.0,3.79
2026-08-23,Kilcoy,R5 1200m Mdn,5,261339329,72478677,4,Akku,2,0.0,8.7,1.0,2.61
2026-08-23,Kilcoy,R5 1200m Mdn,5,261339329,88733633,5,Alvitar,4,0.0,75.83,0.0,16.5
2026-08-23,Kilcoy,R5 1200m Mdn,5,261339329,96965688,2,Moonlight Odyssey,3,0.0,22.0,1.0,4.86
2026-08-23,Kilcoy,R5 1200m Mdn,5,261339329,99242248,3,Savasteel,1,1.0,2.52,1.0,1.4
2026-08-23,Kilcoy,R5 1200m Mdn,5,261339329,101883859,13,Pier Angel,5,0.0,13.14,0.0,3.38
2026-08-23,Kilcoy,R6 1200m Hcap,6,261339333,36228729,2,Xerri,3,0.0,22.86,0.0,4.2
2026-08-23,Kilcoy,R6 1200m Hcap,6,261339333,54404702,3,Cressbrook,2,0.0,15.0,1.0,3.05
2026-08-23,Kilcoy,R6 1200m Hcap,6,261339333,75313763,5,Esprit Du Jour,1,1.0,2.2,1.0,1.41
2026-08-23,Kilcoy,R6 1200m Hcap,6,261339333,94060481,4,The Hamo,5,0.0,8.0,0.0,2.6
2026-08-23,Kilcoy,R6 1200m Hcap,6,261339333,101883866,6,Russian Ripper,4,0.0,5.06,1.0,1.77
2026-08-23,Kilcoy,R7 1200m Hcap,7,261339337,53447625,3,Mighty Judd,5,0.0,14.5,0.0,3.35
2026-08-23,Kilcoy,R7 1200m Hcap,7,261339337,75084904,10,Resolute Lady,1,0.0,13.94,0.0,3.84
2026-08-23,Kilcoy,R7 1200m Hcap,7,261339337,84107514,1,Champonnet,3,0.0,15.53,1.0,3.27
2026-08-23,Kilcoy,R7 1200m Hcap,7,261339337,84107514,1,Champonnet,4,0.0,15.53,1.0,3.27
2026-08-23,Kilcoy,R7 1200m Hcap,7,261339337,90286586,11,Spiritof The Ocean,2,0.0,5.04,0.0,1.74
2026-08-23,Kilcoy,R8 1200m Hcap,8,261339341,2848228,1,Copper Star,2,0.0,4.06,1.0,1.76
2026-08-23,Kilcoy,R8 1200m Hcap,8,261339341,58453928,2,Je Reve,5,0.0,7.39,0.0,1.97
2026-08-23,Kilcoy,R8 1200m Hcap,8,261339341,80399543,10,Final Voyage,1,1.0,2.56,1.0,1.3
2026-08-23,Kilcoy,R8 1200m Hcap,8,261339341,81264559,13,Roaring Success,3,0.0,10.5,0.0,2.29
2026-08-23,Kilcoy,R8 1200m Hcap,8,261339341,97480890,15,Koga Ninja,4,0.0,17.5,0.0,3.58
2026-08-23,Kilcoy,R9 1500m Hcap,9,261339345,59383376,1,Drialle,1,0.0,9.19,1.0,2.78
2026-08-23,Kilcoy,R9 1500m Hcap,9,261339345,63436364,10,Ezeiza,3,0.0,4.9,0.0,2.0
2026-08-23,Kilcoy,R9 1500m Hcap,9,261339345,70855397,8,Privalova,4,1.0,3.14,1.0,1.59
2026-08-23,Kilcoy,R9 1500m Hcap,9,261339345,96773003,16,Lord Danilo,5,0.0,6.4,1.0,2.02
2026-08-23,Kilcoy,R9 1500m Hcap,9,261339345,98735808,2,Uluwatu,2,0.0,7.4,0.0,2.46
2026-08-23,Narromine,R3 1100m Mdn,3,261339653,70927897,12,Tampa Bay,3,0.0,4.6,1.0,1.51
2026-08-23,Narromine,R3 1100m Mdn,3,261339653,99770883,3,Eclair Coming,4,0.0,401.01,0.0,52.41
2026-08-23,Narromine,R3 1100m Mdn,3,261339653,101883986,5,Meldirer,2,0.0,5.9,0.0,2.54
2026-08-23,Narromine,R3 1100m Mdn,3,261339653,101883989,8,Harry,1,0.0,9.6,0.0,2.52
2026-08-23,Narromine,R3 1100m Mdn,3,261339653,101883991,10,Flo Jo The Eskimo,5,0.0,13.77,0.0,3.2
2026-08-23,Narromine,R4 800m Hcap,4,261339656,39679116,1,Beauchamp,5,0.0,110.0,0.0,13.19
2026-08-23,Narromine,R4 800m Hcap,4,261339656,42169740,6,Obsessive Nature,3,0.0,32.65,0.0,7.54
2026-08-23,Narromine,R4 800m Hcap,4,261339656,53612257,2,Capital Mac,1,0.0,18.56,0.0,4.5
2026-08-23,Narromine,R4 800m Hcap,4,261339656,59453527,5,Violet And Blue,2,0.0,11.5,1.0,3.39
2026-08-23,Narromine,R4 800m Hcap,4,261339656,94448373,7,Beauty Edge,4,0.0,19.37,0.0,4.8
2026-08-23,Narromine,R5 1300m Mdn,5,261339659,93788948,2,Easy Trapezee,2,1.0,12.97,1.0,3.0
2026-08-23,Narromine,R5 1300m Mdn,5,261339659,101884000,4,Poetic Way,3,0.0,2.12,0.0,1.49
2026-08-23,Narromine,R5 1300m Mdn,5,261339659,101884001,6,Spectacular Star,5,0.0,42.0,0.0,5.27
2026-08-23,Narromine,R5 1300m Mdn,5,261339659,101884002,10,Cool Nanczye,1,0.0,95.0,0.0,11.5
2026-08-23,Narromine,R5 1300m Mdn,5,261339659,101884004,14,Argyle Springs,4,0.0,26.53,1.0,4.45
2026-08-23,Narromine,R6 1200m CL1,6,261339662,81563815,1,Written Gold,3,0.0,29.54,0.0,6.01
2026-08-23,Narromine,R6 1200m CL1,6,261339662,83940755,16,Box Of Crackers,4,0.0,212.84,0.0,27.0
2026-08-23,Narromine,R6 1200m CL1,6,261339662,100487328,2,Quasimoto,5,0.0,9.2,0.0,2.48
2026-08-23,Narromine,R6 1200m CL1,6,261339662,101418927,5,Sellicks Beach,1,1.0,4.8,1.0,2.0
2026-08-23,Narromine,R6 1200m CL1,6,261339662,101884009,8,Tiye,2,0.0,14.73,1.0,3.95
2026-08-23,Narromine,R7 1300m Hcap,7,261339665,65292419,7,Kelilah,3,0.0,19.0,0.0,7.0
2026-08-23,Narromine,R7 1300m Hcap,7,261339665,74538112,11,Ms Reeves,5,0.0,42.79,0.0,10.5
2026-08-23,Narromine,R7 1300m Hcap,7,261339665,82857020,8,Miss Karis,1,0.0,6.92,0.0,2.56
2026-08-23,Narromine,R7 1300m Hcap,7,261339665,86654145,12,Powderfinger,2,0.0,44.0,0.0,9.0
2026-08-23,Narromine,R7 1300m Hcap,7,261339665,101884012,1,Yiasou,4,0.0,9.8,1.0,2.86
2026-08-23,Narromine,,8,261339668,49765689,1,Lockdown Gamble,2,,,,
2026-08-23,Narromine,R8 1600m Hcap,8,261339668,56289004,6,Shadow Dane,4,1.0,7.2,1.0,2.08
2026-08-23,Narromine,R8 1600m Hcap,8,261339668,63122402,3,Stockholm,3,0.0,8.6,0.0,3.16
2026-08-23,Narromine,R8 1600m Hcap,8,261339668,76052416,2,Prince Of Sorts,1,0.0,4.19,1.0,2.2
2026-08-23,Narromine,R8 1600m Hcap,8,261339668,86275567,8,Delrico,5,0.0,16.5,0.0,4.2
2026-08-23,Narromine,R9 1300m Hcap,9,261339671,4150471,7,Invasive,3,0.0,17.5,0.0,3.95
2026-08-23,Narromine,R9 1300m Hcap,9,261339671,62685433,1,Lady Tino,5,0.0,109.85,0.0,12.89
2026-08-23,Narromine,R9 1300m Hcap,9,261339671,75118166,9,Jade Division,2,0.0,29.81,0.0,5.79
2026-08-23,Narromine,R9 1300m Hcap,9,261339671,83940940,2,Demarcate,4,0.0,5.15,1.0,1.68
2026-08-23,Narromine,R9 1300m Hcap,9,261339671,88733251,13,Firestorm Boy,1,0.0,40.78,0.0,9.8
2026-08-23,Port Augusta,R1 1100m Mdn,1,261339270,2706298,6,Vasilias,5,0.0,5.26,0.0,1.99
2026-08-23,Port Augusta,R1 1100m Mdn,1,261339270,7689619,4,Defy Gravity,3,0.0,2.86,0.0,1.47
2026-08-23,Port Augusta,R1 1100m Mdn,1,261339270,8403874,5,Mouse In The House,2,0.0,11.0,1.0,3.35
2026-08-23,Port Augusta,R1 1100m Mdn,1,261339270,101883188,7,Alsace Gem,4,1.0,9.1,1.0,3.0
2026-08-23,Port Augusta,R1 1100m Mdn,1,261339270,101883191,10,Share The Fizz,1,0.0,32.0,0.0,6.2
2026-08-23,Port Augusta,R2 1498m Mdn,2,261339276,2019179,9,Karma Queen,1,0.0,5.86,1.0,2.5
2026-08-23,Port Augusta,R2 1498m Mdn,2,261339276,101553671,2,Black Shellac,5,0.0,23.18,0.0,6.6
2026-08-23,Port Augusta,R2 1498m Mdn,2,261339276,101553683,4,If You Dont Mind,3,0.0,4.12,0.0,1.84
2026-08-23,Port Augusta,R2 1498m Mdn,2,261339276,101883193,7,Road To The City,4,0.0,5.09,1.0,1.85
2026-08-23,Port Augusta,R2 1498m Mdn,2,261339276,101883195,11,Vametta,2,0.0,126.8,0.0,20.68
2026-08-23,Port Augusta,R3 1100m Hcap,3,261339282,45787621,7,The Hass,2,0.0,11.5,0.0,5.06
2026-08-23,Port Augusta,R3 1100m Hcap,3,261339282,63859097,3,Our Divinyl,3,1.0,2.48,1.0,1.44
2026-08-23,Port Augusta,R3 1100m Hcap,3,261339282,76004734,2,Uncle Barry,1,0.0,3.03,0.0,1.66
2026-08-23,Port Augusta,R3 1100m Hcap,3,261339282,101883196,4,Finnbar Mccool,4,0.0,22.27,0.0,8.2
2026-08-23,Port Augusta,R3 1100m Hcap,3,261339282,101883197,5,Vamore,5,0.0,51.71,0.0,14.5
2026-08-23,Port Augusta,R4 1396m Hcap,4,261339288,39307621,1,Star Casino,1,0.0,1.76,0.0,1.19
2026-08-23,Port Augusta,R4 1396m Hcap,4,261339288,45737207,8,Lady Tucan,5,0.0,115.75,0.0,23.0
2026-08-23,Port Augusta,R4 1396m Hcap,4,261339288,75796129,3,Je City,4,0.0,9.48,1.0,2.35
2026-08-23,Port Augusta,R4 1396m Hcap,4,261339288,100721154,4,The Grump,2,0.0,12.79,1.0,2.28
2026-08-23,Port Augusta,R4 1396m Hcap,4,261339288,101883198,5,Hubristic,3,0.0,6.8,0.0,1.56
2026-08-23,Port Augusta,R5 1867m Hcap,5,261339294,38629824,4,Lettemgo,2,0.0,13.0,0.0,3.6
2026-08-23,Port Augusta,R5 1867m Hcap,5,261339294,70666396,6,Carashan Chloe,4,0.0,8.86,1.0,3.05
2026-08-23,Port Augusta,R5 1867m Hcap,5,261339294,73642874,9,Star Decorum,5,0.0,6.4,1.0,2.54
2026-08-23,Port Augusta,R5 1867m Hcap,5,261339294,82538266,2,Moanas Fortune,3,0.0,8.11,0.0,2.67
2026-08-23,Port Augusta,R5 1867m Hcap,5,261339294,99242935,1,Ghemme,1,0.0,11.92,0.0,3.8
2026-08-23,Port Augusta,R6 1100m Hcap,6,261339300,51333014,7,Sports Choice,1,0.0,40.35,1.0,6.8
2026-08-23,Port Augusta,R6 1100m Hcap,6,261339300,63266032,10,Inner Sanctum,4,0.0,42.0,0.0,7.4
2026-08-23,Port Augusta,R6 1100m Hcap,6,261339300,75118976,9,The Mariner,5,1.0,22.29,1.0,4.5
2026-08-23,Port Augusta,R6 1100m Hcap,6,261339300,80569219,1,Sacred Chord,3,0.0,2.06,0.0,1.24
2026-08-23,Port Augusta,R6 1100m Hcap,6,261339300,81562173,2,Wendouree,2,0.0,7.56,0.0,2.0
2026-08-23,Port Augusta,R7 1498m Hcap,7,261339306,36771534,3,Im Kenny,3,0.0,6.51,0.0,2.44
2026-08-23,Port Augusta,R7 1498m Hcap,7,261339306,66294646,2,Galloping Guru,2,0.0,30.0,0.0,6.5
2026-08-23,Port Augusta,R7 1498m Hcap,7,261339306,78265661,10,Hamilton Brown,5,0.0,30.0,0.0,6.2
2026-08-23,Port Augusta,R7 1498m Hcap,7,261339306,86933622,1,Exonumia,1,0.0,6.41,1.0,2.37
2026-08-23,Port Augusta,R7 1498m Hcap,7,261339306,101883199,8,Urbanise,4,0.0,24.0,0.0,6.61
2026-08-23,Wangaratta,R3 1000m Mdn,3,261339547,75481101,3,Kensington City,4,0.0,11.45,0.0,2.46
2026-08-23,Wangaratta,R3 1000m Mdn,3,261339547,101420315,5,Bourdeto,5,0.0,17.0,1.0,3.4
2026-08-23,Wangaratta,R3 1000m Mdn,3,261339547,101883468,7,Miss Navratilova,2,0.0,22.0,0.0,3.93
2026-08-23,Wangaratta,R3 1000m Mdn,3,261339547,101883469,8,Naughty Jamie,3,0.0,12.5,0.0,2.78
2026-08-23,Wangaratta,R3 1000m Mdn,3,261339547,101883471,10,Cha Ching King,1,1.0,1.82,1.0,1.23
2026-08-23,Wangaratta,R4 1170m Mdn,4,261339556,92703317,10,Shows No Shame,4,0.0,16.0,0.0,4.23
2026-08-23,Wangaratta,R4 1170m Mdn,4,261339556,93021721,7,Frosted Amber,1,0.0,6.8,0.0,2.18
2026-08-23,Wangaratta,R4 1170m Mdn,4,261339556,100721715,2,Cries And Whispers,2,0.0,3.98,1.0,1.82
2026-08-23,Wangaratta,R4 1170m Mdn,4,261339556,101883475,5,Ying Moon,5,0.0,24.0,0.0,7.09
2026-08-23,Wangaratta,R4 1170m Mdn,4,261339556,101883478,11,Snitchy,3,1.0,7.27,1.0,2.56
2026-08-23,Wangaratta,R5 1100m Hcap,5,261339565,1482464,1,Paparazzo,2,0.0,6.8,0.0,2.4
2026-08-23,Wangaratta,R5 1100m Hcap,5,261339565,43184593,7,Kentahten,4,1.0,29.0,1.0,6.2
2026-08-23,Wangaratta,R5 1100m Hcap,5,261339565,64796401,2,Ravens Silver,3,0.0,5.5,0.0,2.01
2026-08-23,Wangaratta,R5 1100m Hcap,5,261339565,83940318,3,Chicago Blues,1,0.0,3.94,1.0,1.81
2026-08-23,Wangaratta,R5 1100m Hcap,5,261339565,101883485,4,Shellys Legacy,5,0.0,17.03,0.0,4.41
2026-08-23,Wangaratta,R6 1300m Hcap,6,261339574,3552338,4,Jumpinmycar,4,0.0,6.69,0.0,2.1
2026-08-23,Wangaratta,R6 1300m Hcap,6,261339574,82115967,6,Hells Itch,5,0.0,22.76,0.0,5.06
2026-08-23,Wangaratta,R6 1300m Hcap,6,261339574,82601802,10,Jingu Express,3,0.0,23.0,0.0,5.1
2026-08-23,Wangaratta,R6 1300m Hcap,6,261339574,86555048,14,Friendzoned,1,1.0,3.76,1.0,1.61
2026-08-23,Wangaratta,R6 1300m Hcap,6,261339574,92784030,9,Brutify,2,0.0,4.0,1.0,1.62
2026-08-23,Wangaratta,R7 1590m Hcap,7,261339583,79490232,9,Jenni Intiba,5,0.0,5.5,0.0,2.14
2026-08-23,Wangaratta,R7 1590m Hcap,7,261339583,80399634,13,Queen Amanjena,2,0.0,7.8,0.0,2.74
2026-08-23,Wangaratta,R7 1590m Hcap,7,261339583,82819032,2,Immortalised,3,0.0,24.62,0.0,6.32
2026-08-23,Wangaratta,R7 1590m Hcap,7,261339583,101883492,4,The Quiet Immortal,1,0.0,4.58,1.0,2.08
2026-08-23,Wangaratta,R7 1590m Hcap,7,261339583,101883494,10,King Incanto,4,0.0,6.53,1.0,2.24
2026-08-23,Wangaratta,R8 2000m Hcap,8,261339592,2729980,2,Lightning Flash,5,0.0,4.4,1.0,1.91
2026-08-23,Wangaratta,R8 2000m Hcap,8,261339592,68751965,7,Zeaction,4,0.0,7.55,0.0,2.86
2026-08-23,Wangaratta,R8 2000m Hcap,8,261339592,83941390,12,Proven Record,3,0.0,7.0,1.0,2.81
2026-08-23,Wangaratta,R8 2000m Hcap,8,261339592,89391969,11,Mozzoni,2,0.0,11.59,0.0,3.48
2026-08-23,Wangaratta,R8 2000m Hcap,8,261339592,90524344,1,Compressing,1,0.0,7.8,0.0,2.94
2026-08-24,Pakenham,R1 1600m Mdn,1,261372094,813696,3,Dr Well,3,0.0,2.87,1.0,1.32
2026-08-24,Pakenham,R1 1600m Mdn,1,261372094,2341126,7,Vespasian,5,0.0,11.5,1.0,2.72
2026-08-24,Pakenham,R1 1600m Mdn,1,261372094,6879602,4,Hit Squad,1,1.0,5.15,1.0,1.79
2026-08-24,Pakenham,R1 1600m Mdn,1,261372094,81812305,2,Doublet,2,0.0,4.3,0.0,1.48
2026-08-24,Pakenham,R1 1600m Mdn,1,261372094,101917059,8,Miss Shiino,4,0.0,17.67,0.0,3.65
2026-08-24,Pakenham,R2 1400m Mdn,2,261372102,95514758,4,Lollies Galore,2,0.0,5.74,0.0,1.79
2026-08-24,Pakenham,R2 1400m Mdn,2,261372102,99275229,12,Tears Of Happiness,3,0.0,6.59,0.0,2.07
2026-08-24,Pakenham,R2 1400m Mdn,2,261372102,100749605,2,Duperouzel,4,0.0,145.91,0.0,17.87
2026-08-24,Pakenham,R2 1400m Mdn,2,261372102,101219338,1,Aubaine,1,0.0,3.91,1.0,1.6
2026-08-24,Pakenham,R2 1400m Mdn,2,261372102,101917063,6,Pete The Prophet,5,0.0,46.92,0.0,8.27
2026-08-24,Pakenham,R3 1200m Mdn,3,261372110,85064342,13,Gemofsixteencarats,5,0.0,201.23,1.0,19.75
2026-08-24,Pakenham,R3 1200m Mdn,3,261372110,101354413,11,Pragmatic Lady,3,0.0,10.01,0.0,2.58
2026-08-24,Pakenham,R3 1200m Mdn,3,261372110,101671512,8,Independant Lad,1,0.0,3.45,1.0,1.44
2026-08-24,Pakenham,R3 1200m Mdn,3,261372110,101917071,1,No Ombrays,4,0.0,24.56,0.0,4.59
2026-08-24,Pakenham,R3 1200m Mdn,3,261372110,101917077,10,Aryna,2,0.0,17.06,0.0,4.51
2026-08-24,Pakenham,R4 1200m Mdn,4,261372118,6058291,1,Covert Mission,1,0.0,1.46,0.0,1.07
2026-08-24,Pakenham,R4 1200m Mdn,4,261372118,10936814,4,Spiderman,3,0.0,54.74,0.0,5.68
2026-08-24,Pakenham,R4 1200m Mdn,4,261372118,58813900,2,Planet Mars,4,0.0,48.0,0.0,4.2
2026-08-24,Pakenham,R4 1200m Mdn,4,261372118,87416480,15,Cowboykickedfive,5,0.0,60.0,1.0,6.4
2026-08-24,Pakenham,R4 1200m Mdn,4,261372118,101917086,12,Tag The Bride,2,1.0,5.2,1.0,1.31
2026-08-24,Pakenham,R5 1000m Mdn,5,261372126,100993203,1,Deputy John Stone,5,0.0,21.0,0.0,5.0
2026-08-24,Pakenham,R5 1000m Mdn,5,261372126,101917090,5,Seaticflash,2,0.0,19.5,1.0,5.28
2026-08-24,Pakenham,R5 1000m Mdn,5,261372126,101917091,6,The Troubleshooter,1,0.0,2.53,1.0,1.36
2026-08-24,Pakenham,R5 1000m Mdn,5,261372126,101917093,9,Hopeful Champion,3,0.0,14.22,0.0,3.15
2026-08-24,Pakenham,R5 1000m Mdn,5,261372126,101917099,16,Sheer Panic,4,0.0,39.76,0.0,8.8
2026-08-24,Pakenham,R6 1000m Hcap,6,261372134,1487217,1,Bold Print,2,1.0,2.75,1.0,1.3
2026-08-24,Pakenham,R6 1000m Hcap,6,261372134,82414539,5,Asmita,1,0.0,5.66,1.0,1.74
2026-08-24,Pakenham,R6 1000m Hcap,6,261372134,92996270,6,Eternal Joy,5,0.0,5.2,0.0,2.0
2026-08-24,Pakenham,R6 1000m Hcap,6,261372134,101917101,2,Watten Assett,3,0.0,6.4,1.0,1.87
2026-08-24,Pakenham,R6 1000m Hcap,6,261372134,101917102,4,Elonia,4,0.0,15.5,0.0,3.95
2026-08-24,Pakenham,R7 1200m Hcap,7,261372142,815460,2,Kings Coronation,4,1.0,4.4,1.0,1.53
2026-08-24,Pakenham,R7 1200m Hcap,7,261372142,57883762,6,Starmae,1,0.0,13.41,0.0,2.94
2026-08-24,Pakenham,R7 1200m Hcap,7,261372142,62908030,5,Flying Mean,3,0.0,9.6,0.0,2.1
2026-08-24,Pakenham,R7 1200m Hcap,7,261372142,76336624,7,Magic Money,5,0.0,16.5,1.0,3.35
2026-08-24,Pakenham,R7 1200m Hcap,7,261372142,99983317,1,Magnardo,2,0.0,2.38,0.0,1.26
2026-08-24,Pakenham,R8 1400m Hcap,8,261372150,43378558,12,Dane On Tour,4,0.0,50.0,0.0,7.02
2026-08-24,Pakenham,R8 1400m Hcap,8,261372150,48458055,8,Lulu Darling,2,0.0,11.76,1.0,3.2
2026-08-24,Pakenham,R8 1400m Hcap,8,261372150,51476794,1,Titan Of Choice,3,0.0,2.79,0.0,1.37
2026-08-24,Pakenham,R8 1400m Hcap,8,261372150,85854836,6,You Never Can Tell,1,0.0,3.06,0.0,1.37
2026-08-24,Pakenham,R8 1400m Hcap,8,261372150,88780069,5,Octane Reign,5,1.0,60.0,1.0,9.4
2026-08-24,Pakenham,R9 2200m Hcap,9,261372158,454818,4,Dragoon,5,1.0,10.42,1.0,3.3
2026-08-24,Pakenham,R9 2200m Hcap,9,261372158,24404469,5,Euphoric,1,0.0,11.0,0.0,3.85
2026-08-24,Pakenham,R9 2200m Hcap,9,261372158,48933830,9,Saveadateforme,4,0.0,6.68,0.0,2.92
2026-08-24,Pakenham,R9 2200m Hcap,9,261372158,68890871,8,Hot Too Go,2,0.0,5.92,1.0,2.2
2026-08-24,Pakenham,R9 2200m Hcap,9,261372158,101917110,12,Wolfoffitroystreet,3,0.0,20.48,0.0,5.3
2026-08-24,Tuncurry,R1 1600m CL1,1,261371978,76934229,2,Creative Righteous,5,1.0,6.03,1.0,1.61
2026-08-24,Tuncurry,R1 1600m CL1,1,261371978,81563453,6,Pelosa,1,0.0,4.12,1.0,1.52
2026-08-24,Tuncurry,R1 1600m CL1,1,261371978,95069356,1,Cannystep,4,0.0,15.0,0.0,2.54
2026-08-24,Tuncurry,R1 1600m CL1,1,261371978,99493166,8,Follow That Dream,2,0.0,9.07,0.0,2.94
2026-08-24,Tuncurry,R1 1600m CL1,1,261371978,100019109,4,The Comanche,3,0.0,2.44,0.0,1.18
2026-08-24,Tuncurry,R2 1200m Mdn,2,261371981,734473,2,Elton,3,0.0,12.41,0.0,2.08
2026-08-24,Tuncurry,R2 1200m Mdn,2,261371981,70322987,3,Fratianno,1,0.0,1.65,1.0,1.08
2026-08-24,Tuncurry,R2 1200m Mdn,2,261371981,77081540,7,Jeunetos,5,1.0,46.0,1.0,4.67
2026-08-24,Tuncurry,R2 1200m Mdn,2,261371981,92995534,4,In Bocca Al Lupe,2,0.0,5.0,0.0,1.44
2026-08-24,Tuncurry,R2 1200m Mdn,2,261371981,93320594,9,Na Hamah,4,0.0,41.48,0.0,4.58
2026-08-24,Tuncurry,R3 1400m Mdn,3,261371984,6113162,2,Bobby,3,0.0,19.0,0.0,3.4
2026-08-24,Tuncurry,R3 1400m Mdn,3,261371984,62326742,8,Luna Cruiser,5,0.0,44.91,0.0,5.9
2026-08-24,Tuncurry,R3 1400m Mdn,3,261371984,93021999,7,Kiss Of Gold,1,0.0,1.77,0.0,1.13
2026-08-24,Tuncurry,R3 1400m Mdn,3,261371984,101883415,6,Fashion Spree,4,0.0,23.9,1.0,4.14
2026-08-24,Tuncurry,R3 1400m Mdn,3,261371984,101883416,10,Strasbelle,2,0.0,8.0,0.0,2.37
2026-08-24,Tuncurry,R4 1000m Mdn,4,261371987,2068310,12,Dynamic Diva,2,0.0,36.0,0.0,4.51
2026-08-24,Tuncurry,R4 1000m Mdn,4,261371987,82857019,6,Qui Rouge,3,0.0,13.48,1.0,3.48
2026-08-24,Tuncurry,R4 1000m Mdn,4,261371987,88376058,5,Love You Anyway,4,1.0,12.0,1.0,2.48
2026-08-24,Tuncurry,R4 1000m Mdn,4,261371987,101883420,7,Songbird Yessiree,5,0.0,60.0,0.0,8.6
2026-08-24,Tuncurry,R4 1000m Mdn,4,261371987,101883424,14,Pomelo Chamomile,1,0.0,3.25,1.0,1.45
2026-08-24,Tuncurry,R5 1000m CL1,5,261371990,2810846,3,The Warrior,3,0.0,4.74,1.0,1.66
2026-08-24,Tuncurry,R5 1000m CL1,5,261371990,92160834,2,Dont,4,0.0,24.0,0.0,12.36
2026-08-24,Tuncurry,R5 1000m CL1,5,261371990,94135797,8,Dirty Does It,2,0.0,5.6,0.0,1.7
2026-08-24,Tuncurry,R5 1000m CL1,5,261371990,101883425,1,Issys Star,1,1.0,3.22,1.0,1.49
2026-08-24,Tuncurry,R5 1000m CL1,5,261371990,101883426,4,Triple Yes,5,0.0,8.2,1.0,2.6
2026-08-24,Tuncurry,R6 1400m Hcap,6,261371993,65823503,1,Damascus Gate,2,0.0,3.67,0.0,1.67
2026-08-24,Tuncurry,,6,261371993,69201778,3,Bjorn Ironside,5,,,,
2026-08-24,Tuncurry,R6 1400m Hcap,6,261371993,72239661,8,Smart Jazz,1,0.0,7.96,0.0,2.44
2026-08-24,Tuncurry,R6 1400m Hcap,6,261371993,92206912,12,Nulkaba Star,3,0.0,38.61,1.0,6.9
2026-08-24,Tuncurry,R6 1400m Hcap,6,261371993,101883428,10,Mosgiel Crystal,4,1.0,3.76,1.0,1.62
2026-08-24,Tuncurry,R7 1500m Hcap,7,261371996,1455423,8,Tact,5,0.0,7.75,0.0,3.5
2026-08-24,Tuncurry,R7 1500m Hcap,7,261371996,9122687,3,House Of Cards,1,1.0,5.45,1.0,2.0
2026-08-24,Tuncurry,R7 1500m Hcap,7,261371996,39428457,1,Danish Fortune,4,0.0,7.6,0.0,2.64
2026-08-24,Tuncurry,R7 1500m Hcap,7,261371996,69161503,5,Hibiki Harmony,3,0.0,5.7,1.0,2.12
2026-08-24,Tuncurry,R7 1500m Hcap,7,261371996,92460126,6,Navy Steel,2,0.0,3.5,0.0,1.63
2026-08-24,Tuncurry,R8 1000m Hcap,8,261371999,1167876,6,Cresta Run,1,0.0,4.2,0.0,1.56
2026-08-24,Tuncurry,R8 1000m Hcap,8,261371999,1371803,3,Debussy,5,0.0,15.75,0.0,3.82
2026-08-24,Tuncurry,R8 1000m Hcap,8,261371999,2288733,9,Altercation,2,0.0,13.0,0.0,3.75
2026-08-24,Tuncurry,R8 1000m Hcap,8,261371999,59115078,7,Cool Fizz,4,0.0,6.1,0.0,2.26
2026-08-24,Tuncurry,R8 1000m Hcap,8,261371999,68931239,10,Grassburn,3,1.0,7.9,1.0,2.42
2026-08-25,Ballarat,R1 2100m Mdn,1,261426534,83191492,4,Smart Moves,3,0.0,9.0,0.0,2.74
2026-08-25,Ballarat,R1 2100m Mdn,1,261426534,88111612,1,Convaaya,2,0.0,8.2,1.0,2.34
2026-08-25,Ballarat,R1 2100m Mdn,1,261426534,95660043,3,Le Plus Rapide,4,0.0,12.98,0.0,3.0
2026-08-25,Ballarat,R1 2100m Mdn,1,261426534,98214015,10,Just Swift,5,1.0,3.25,1.0,1.64
2026-08-25,Ballarat,R1 2100m Mdn,1,261426534,101917133,11,Only Opera,1,0.0,4.7,1.0,1.94
2026-08-25,Ballarat,R2 1200m Mdn,2,261426542,12581095,3,Havana Moon,2,0.0,2.64,0.0,1.34
2026-08-25,Ballarat,R2 1200m Mdn,2,261426542,100993213,8,Peace Seeker,1,0.0,5.33,1.0,1.82
2026-08-25,Ballarat,R2 1200m Mdn,2,261426542,101917135,1,Mr Nipper,5,0.0,100.0,0.0,15.21
2026-08-25,Ballarat,R2 1200m Mdn,2,261426542,101917141,11,Double Dodger,4,1.0,7.87,1.0,2.28
2026-08-25,Ballarat,R2 1200m Mdn,2,261426542,101917142,12,Fire In Your Heart,3,0.0,8.8,1.0,2.45
2026-08-25,Ballarat,R3 1500m Mdn,3,261426550,662318,2,Bradford,2,0.0,8.0,1.0,2.39
2026-08-25,Ballarat,R3 1500m Mdn,3,261426550,83378700,3,Dont Say No Mikki,4,0.0,4.1,0.0,1.64
2026-08-25,Ballarat,R3 1500m Mdn,3,261426550,90210124,10,Pride Of Mandy,5,0.0,32.12,0.0,5.82
2026-08-25,Ballarat,R3 1500m Mdn,3,261426550,101917148,8,Lancetta,1,1.0,4.6,1.0,1.68
2026-08-25,Ballarat,R3 1500m Mdn,3,261426550,101917150,11,Corretto,3,0.0,6.94,0.0,2.42
2026-08-25,Ballarat,R4 1500m Hcap,4,261426558,23910091,7,Bronte Beach,1,0.0,9.26,0.0,3.06
2026-08-25,Ballarat,R4 1500m Hcap,4,261426558,54109372,4,Le Ferrari,5,0.0,18.14,0.0,4.4
2026-08-25,Ballarat,R4 1500m Hcap,4,261426558,72679874,3,Surreal I Am,2,0.0,4.63,1.0,1.99
2026-08-25,Ballarat,R4 1500m Hcap,4,261426558,81747444,1,Reset The Jazz,4,0.0,12.0,1.0,3.5
2026-08-25,Ballarat,R4 1500m Hcap,4,261426558,101917155,9,Banknote Hustler,3,0.0,7.74,0.0,2.49
2026-08-25,Ballarat,R5 1200m Hcap,5,261426566,79330750,1,Antalian,2,1.0,4.6,1.0,1.46
2026-08-25,Ballarat,R5 1200m Hcap,5,261426566,83346037,4,Noble Style,1,0.0,6.07,0.0,1.95
2026-08-25,Ballarat,R5 1200m Hcap,5,261426566,99983322,11,Banjette,5,0.0,153.44,0.0,20.0
2026-08-25,Ballarat,R5 1200m Hcap,5,261426566,101917157,2,Chillcuz,3,0.0,6.91,1.0,1.97
2026-08-25,Ballarat,R5 1200m Hcap,5,261426566,101917158,6,Hidden Witness,4,0.0,3.09,1.0,1.41
2026-08-25,Ballarat,R6 1200m Hcap,6,261426574,3630333,3,Shooter Mcgavin,2,1.0,5.32,1.0,1.89
2026-08-25,Ballarat,R6 1200m Hcap,6,261426574,27789850,9,Manchego,1,0.0,2.83,1.0,1.44
2026-08-25,Ballarat,R6 1200m Hcap,6,261426574,97480966,5,Stormbourg,3,0.0,6.91,0.0,2.08
2026-08-25,Ballarat,R6 1200m Hcap,6,261426574,100200700,7,Blacklip,4,0.0,10.17,0.0,2.56
2026-08-25,Ballarat,R6 1200m Hcap,6,261426574,101917159,4,Sonic Surge,5,0.0,7.4,1.0,2.46
2026-08-25,Ballarat,R7 1000m Hcap,7,261426582,1001669,1,Margin Call,1,0.0,2.3,1.0,1.2
2026-08-25,Ballarat,R7 1000m Hcap,7,261426582,4746714,5,Starburst,3,1.0,3.75,1.0,1.5
2026-08-25,Ballarat,R7 1000m Hcap,7,261426582,42269163,7,Frose,5,0.0,234.44,0.0,28.0
2026-08-25,Ballarat,R7 1000m Hcap,7,261426582,63859334,8,Sistine Tunnel,4,0.0,25.18,0.0,4.13
2026-08-25,Ballarat,R7 1000m Hcap,7,261426582,72478647,2,Toronado Boom,2,0.0,6.96,1.0,1.9
2026-08-25,Newcastle,R1 1250m Mdn,1,261429520,2994639,11,Latest Flame,4,0.0,9.0,1.0,2.14
2026-08-25,Newcastle,R1 1250m Mdn,1,261429520,95879597,4,Odins Eye,5,0.0,28.0,0.0,3.94
2026-08-25,Newcastle,R1 1250m Mdn,1,261429520,101916952,3,In Circles,2,0.0,6.45,1.0,1.71
2026-08-25,Newcastle,R1 1250m Mdn,1,261429520,101916955,7,Montresor,3,1.0,2.99,1.0,1.81
2026-08-25,Newcastle,R1 1250m Mdn,1,261429520,101916958,12,Private Liaison,1,0.0,3.31,0.0,1.37
2026-08-25,Newcastle,R2 1350m Mdn,2,261429523,86820694,1,Algorithmic,2,0.0,6.77,1.0,2.01
2026-08-25,Newcastle,R2 1350m Mdn,2,261429523,94779867,7,Zousari,4,0.0,11.01,1.0,1.94
2026-08-25,Newcastle,R2 1350m Mdn,2,261429523,94779867,7,Zousari,5,0.0,11.01,1.0,1.94
2026-08-25,Newcastle,R2 1350m Mdn,2,261429523,100487013,11,Yvonnes Joy,1,1.0,1.87,1.0,1.18
2026-08-25,Newcastle,R2 1350m Mdn,2,261429523,101916961,8,Grand Carousel,3,0.0,11.5,0.0,2.62
2026-08-25,Newcastle,R3 1150m Mdn,3,261429526,3751617,5,Mayweather,3,0.0,6.8,1.0,1.83
2026-08-25,Newcastle,R3 1150m Mdn,3,261429526,94735666,9,Magatama,5,0.0,75.0,0.0,8.06
2026-08-25,Newcastle,R3 1150m Mdn,3,261429526,95301259,1,Wan Lost,1,0.0,21.0,0.0,3.68
2026-08-25,Newcastle,R3 1150m Mdn,3,261429526,95540672,2,Force March,4,0.0,5.91,1.0,2.08
2026-08-25,Newcastle,R3 1150m Mdn,3,261429526,99241405,6,Elska,2,0.0,11.5,0.0,2.52
2026-08-25,Newcastle,R4 1150m CL1,4,261429529,6532049,4,Lady Of The Castle,3,0.0,5.12,0.0,1.66
2026-08-25,Newcastle,R4 1150m CL1,4,261429529,76246324,1,Canal,1,1.0,2.55,1.0,1.25
2026-08-25,Newcastle,R4 1150m CL1,4,261429529,94921099,6,Perfect Force,2,0.0,10.0,0.0,2.71
2026-08-25,Newcastle,R4 1150m CL1,4,261429529,95343953,7,Stubborn Emmelie,4,0.0,9.62,0.0,2.28
2026-08-25,Newcastle,R4 1150m CL1,4,261429529,101183337,14,On Her Word,5,0.0,540.0,0.0,49.47
2026-08-25,Newcastle,R5 1350m Hcap,5,261429532,4366789,2,Stallone,1,0.0,5.6,1.0,1.94
2026-08-25,Newcastle,R5 1350m Hcap,5,261429532,5372712,4,Sizzler,5,0.0,8.21,0.0,2.7
2026-08-25,Newcastle,R5 1350m Hcap,5,261429532,73443742,1,Sharp Shock,2,0.0,10.0,1.0,3.06
2026-08-25,Newcastle,R5 1350m Hcap,5,261429532,92459880,5,Onmalone,4,0.0,9.64,0.0,3.02
2026-08-25,Newcastle,R5 1350m Hcap,5,261429532,101354217,3,Extra Heights,3,1.0,4.11,1.0,2.15
2026-08-25,Newcastle,R6 1350m Hcap,6,261429535,48105416,10,Diamond Model,4,0.0,10.17,0.0,3.0
2026-08-25,Newcastle,R6 1350m Hcap,6,261429535,81812248,6,Pelevecchio,5,0.0,32.17,0.0,5.72
2026-08-25,Newcastle,R6 1350m Hcap,6,261429535,90009134,9,Beverly Hills,3,0.0,9.76,1.0,2.4
2026-08-25,Newcastle,R6 1350m Hcap,6,261429535,96533964,3,Divine Secrets,1,0.0,2.4,0.0,1.44
2026-08-25,Newcastle,R6 1350m Hcap,6,261429535,101916967,2,Blenheim Girl,2,0.0,5.3,0.0,1.68
2026-08-25,Newcastle,R7 1200m Hcap,7,261429538,49088650,2,Heuristic,2,0.0,5.98,0.0,2.8
2026-08-25,Newcastle,R7 1200m Hcap,7,261429538,69201851,1,Cryptonic,5,0.0,11.7,0.0,2.4
2026-08-25,Newcastle,R7 1200m Hcap,7,261429538,83119167,4,Grinzinger Pod,3,0.0,2.9,1.0,1.4
2026-08-25,Newcastle,R7 1200m Hcap,7,261429538,91158016,7,Brown Sugar,4,0.0,6.57,1.0,2.02
2026-08-25,Newcastle,R7 1200m Hcap,7,261429538,96146308,6,Better Late,1,1.0,4.29,1.0,1.91
2026-08-25,Rockhampton,R1 1050m 3yo,1,261427933,95385646,3,Another Champers,1,1.0,1.58,0.0,
2026-08-25,Rockhampton,R1 1050m 3yo,1,261427933,101916868,2,La Premiere,2,0.0,5.3,0.0,
2026-08-25,Rockhampton,R1 1050m 3yo,1,261427933,101916869,4,Barbarian King,3,0.0,5.15,0.0,
2026-08-25,Rockhampton,R2 1100m Mdn,2,261427937,5276429,6,Next Exit,3,0.0,5.46,1.0,1.47
2026-08-25,Rockhampton,R2 1100m Mdn,2,261427937,93574027,2,British Navy,2,0.0,19.5,0.0,2.9
2026-08-25,Rockhampton,R2 1100m Mdn,2,261427937,101916873,3,Enterprise Valour,5,0.0,150.0,0.0,17.0
2026-08-25,Rockhampton,R2 1100m Mdn,2,261427937,101916875,5,Moonspell,4,0.0,37.26,0.0,5.66
2026-08-25,Rockhampton,R2 1100m Mdn,2,261427937,101916878,10,Red Scentsation,1,1.0,1.67,1.0,1.15
2026-08-25,Rockhampton,R3 1200m CL5,3,261427941,1379487,7,Outwitted,5,1.0,30.0,1.0,10.5
2026-08-25,Rockhampton,R3 1200m CL5,3,261427941,4500949,3,Wolfgang,2,0.0,5.73,0.0,2.59
2026-08-25,Rockhampton,R3 1200m CL5,3,261427941,63640629,1,Kings Duty,4,0.0,13.5,0.0,6.13
2026-08-25,Rockhampton,R3 1200m CL5,3,261427941,65460108,4,Seneschal,1,0.0,2.62,0.0,1.83
2026-08-25,Rockhampton,R3 1200m CL5,3,261427941,72200859,6,Limero,3,0.0,8.0,0.0,3.71
2026-08-25,Rockhampton,R4 1050m Hcap,4,261427945,58343765,7,Gilberts Gold,3,0.0,122.36,0.0,11.83
2026-08-25,Rockhampton,R4 1050m Hcap,4,261427945,77729053,4,Idhana,1,0.0,48.0,1.0,5.4
2026-08-25,Rockhampton,R4 1050m Hcap,4,261427945,78133722,3,Metalcraft,5,1.0,3.0,1.0,1.39
2026-08-25,Rockhampton,R4 1050m Hcap,4,261427945,78464187,2,Cryoseisms,4,0.0,15.0,0.0,2.9
2026-08-25,Rockhampton,R4 1050m Hcap,4,261427945,82018506,1,Thee Creek,2,0.0,5.05,0.0,1.57
2026-08-25,Rockhampton,R5 1100m Hcap,5,261427949,306241,6,Belvedere Miss,2,0.0,3.15,1.0,1.56
2026-08-25,Rockhampton,R5 1100m Hcap,5,261427949,50739992,7,Bottom Bar,4,0.0,26.53,0.0,4.92
2026-08-25,Rockhampton,R5 1100m Hcap,5,261427949,68348155,4,Gotta Hero,5,0.0,17.0,0.0,4.76
2026-08-25,Rockhampton,R5 1100m Hcap,5,261427949,83409683,1,Future Soldier,3,0.0,7.46,0.0,2.3
2026-08-25,Rockhampton,R5 1100m Hcap,5,261427949,101579009,5,Next Stop Jupiter,1,1.0,3.81,1.0,1.58
2026-08-25,Rockhampton,R6 1050m Hcap,6,261427953,38298261,3,Master Montaro,5,0.0,9.19,0.0,2.23
2026-08-25,Rockhampton,R6 1050m Hcap,6,261427953,39297243,5,Dehorned Unicorn,1,0.0,14.0,0.0,3.64
2026-08-25,Rockhampton,R6 1050m Hcap,6,261427953,39670499,1,Maximum Output,4,1.0,2.95,1.0,1.46
2026-08-25,Rockhampton,R6 1050m Hcap,6,261427953,54174281,4,Track Tale,2,0.0,4.7,1.0,1.55
2026-08-25,Rockhampton,R6 1050m Hcap,6,261427953,101916885,10,Saraqael,3,0.0,5.5,1.0,1.78
2026-08-25,Rockhampton,R7 1400m Hcap,7,261427957,2570357,5,Nitrogen,5,0.0,60.0,0.0,8.08
2026-08-25,Rockhampton,R7 1400m Hcap,7,261427957,73526920,11,Red Feathers,3,0.0,2.94,1.0,1.66
2026-08-25,Rockhampton,R7 1400m Hcap,7,261427957,77963839,3,Remember The Boys,4,1.0,3.85,1.0,1.51
2026-08-25,Rockhampton,R7 1400m Hcap,7,261427957,84629626,1,Aloysius,2,0.0,24.91,0.0,5.88
2026-08-25,Rockhampton,R7 1400m Hcap,7,261427957,101916886,2,Autumn Gale,1,0.0,7.02,1.0,2.3
2026-08-25,Tamworth,R1 1600m CL2,1,261429253,51454251,2,Proper Twelve,3,0.0,21.0,0.0,5.62
2026-08-25,Tamworth,R1 1600m CL2,1,261429253,80362846,3,Almanzas,5,0.0,6.4,1.0,1.95
2026-08-25,Tamworth,R1 1600m CL2,1,261429253,97693770,5,Grande Diablo,2,0.0,6.8,0.0,2.26
2026-08-25,Tamworth,R1 1600m CL2,1,261429253,99493321,1,Boncapo,1,1.0,4.0,1.0,1.59
2026-08-25,Tamworth,R1 1600m CL2,1,261429253,101916698,7,Sanbina,4,0.0,4.2,1.0,1.66
2026-08-25,Tamworth,R2 2100m Hcap,2,261429256,74853264,2,Coto De Caza,1,0.0,13.5,0.0,4.3
2026-08-25,Tamworth,R2 2100m Hcap,2,261429256,84147452,4,Bonfidelity,3,0.0,12.5,0.0,3.69
2026-08-25,Tamworth,R2 2100m Hcap,2,261429256,92207025,1,Fulmen Filou,5,0.0,15.5,1.0,4.73
2026-08-25,Tamworth,R2 2100m Hcap,2,261429256,99025319,6,Calzino,4,1.0,7.77,1.0,2.44
2026-08-25,Tamworth,R2 2100m Hcap,2,261429256,100263187,9,Lone Star Dream,2,0.0,6.17,1.0,1.88
2026-08-25,Tamworth,R3 1200m Mdn,3,261429259,3958355,8,Highland Dancer,1,0.0,8.8,0.0,2.97
2026-08-25,Tamworth,R3 1200m Mdn,3,261429259,100487324,13,Miners Mate,4,0.0,6.37,1.0,1.77
2026-08-25,Tamworth,R3 1200m Mdn,3,261429259,101916700,4,Mongolian Master,2,0.0,5.0,1.0,1.83
2026-08-25,Tamworth,R3 1200m Mdn,3,261429259,101916705,12,Fioggia,5,1.0,3.95,1.0,1.78
2026-08-25,Tamworth,R3 1200m Mdn,3,261429259,101916706,14,Dorset Girl,3,0.0,14.5,0.0,4.5
2026-08-25,Tamworth,R4 1400m Mdn,4,261429262,407900,6,Takethemoneyandrun,5,0.0,32.0,0.0,6.0
2026-08-25,Tamworth,R4 1400m Mdn,4,261429262,5758018,13,Tralee,3,0.0,4.79,0.0,1.66
2026-08-25,Tamworth,R4 1400m Mdn,4,261429262,62098100,4,Puissance Power,4,1.0,4.6,1.0,1.78
2026-08-25,Tamworth,R4 1400m Mdn,4,261429262,82566401,10,Redaluca Girl,1,0.0,24.0,0.0,3.96
2026-08-25,Tamworth,R4 1400m Mdn,4,261429262,99241169,12,Side Quest,2,0.0,4.61,0.0,1.71
2026-08-25,Tamworth,R5 1400m CL1,5,261429265,1130372,2,Always A Rainbow,2,1.0,3.92,1.0,1.77
2026-08-25,Tamworth,R5 1400m CL1,5,261429265,5953346,9,Maximum Ride,3,0.0,30.0,1.0,8.2
2026-08-25,Tamworth,R5 1400m CL1,5,261429265,89101702,5,Jenni La Rock,1,0.0,4.96,0.0,1.98
2026-08-25,Tamworth,R5 1400m CL1,5,261429265,97983164,6,Vendor,4,0.0,53.92,0.0,9.4
2026-08-25,Tamworth,R5 1400m CL1,5,261429265,101916711,14,Bit Of A Step,5,0.0,45.86,0.0,8.0
2026-08-25,Tamworth,R6 1200m Hcap,6,261429268,2477974,5,Tough Guy,2,1.0,2.79,1.0,1.23
2026-08-25,Tamworth,R6 1200m Hcap,6,261429268,40446691,1,Mystery Lad,5,0.0,50.0,0.0,6.4
2026-08-25,Tamworth,R6 1200m Hcap,6,261429268,83445674,2,Micro Mikki,3,0.0,10.3,1.0,2.44
2026-08-25,Tamworth,R6 1200m Hcap,6,261429268,89707926,3,Wherestheprofit,1,0.0,2.55,1.0,1.32
2026-08-25,Tamworth,R6 1200m Hcap,6,261429268,101916713,10,Hes My Warrior,4,0.0,14.69,0.0,2.88
2026-08-25,Tamworth,R7 1000m CL3,7,261429271,72134455,2,Enniroc,1,1.0,3.3,1.0,1.97
2026-08-25,Tamworth,R7 1000m CL3,7,261429271,83710036,5,Maxandus,4,0.0,5.0,0.0,1.98
2026-08-25,Tamworth,R7 1000m CL3,7,261429271,96289328,6,Snatchreilly,3,0.0,14.5,0.0,3.35
2026-08-25,Tamworth,R7 1000m CL3,7,261429271,97242731,9,Marinera,2,0.0,14.5,0.0,3.21
2026-08-25,Tamworth,R7 1000m CL3,7,261429271,101916715,10,Angies Sister,5,0.0,20.0,1.0,4.1
2026-08-26,Belmont,R1 1400m Hcap,1,261483307,4024489,4,Lucky Eighty Eight,2,0.0,4.96,0.0,2.26
2026-08-26,Belmont,R1 1400m Hcap,1,261483307,97157382,6,Axopar,1,0.0,6.47,0.0,2.42
2026-08-26,Belmont,R1 1400m Hcap,1,261483307,102030375,1,Raw Umber,3,1.0,2.13,1.0,1.58
2026-08-26,Belmont,R1 1400m Hcap,1,261483307,102030376,2,Chix Obsession,5,0.0,19.0,0.0,5.75
2026-08-26,Belmont,R1 1400m Hcap,1,261483307,102030378,5,Rocktex,4,0.0,9.05,1.0,3.19
2026-08-26,Belmont,R2 1000m CL3,2,261483316,870418,7,Mantua,4,0.0,59.94,1.0,17.87
2026-08-26,Belmont,R2 1000m CL3,2,261483316,94945434,1,Earth God,1,0.0,5.2,0.0,2.75
2026-08-26,Belmont,R2 1000m CL3,2,261483316,99919907,2,Great Promise,3,0.0,5.9,0.0,2.56
2026-08-26,Belmont,R2 1000m CL3,2,261483316,102030380,3,Something Royal,2,0.0,3.23,0.0,1.94
2026-08-26,Belmont,R2 1000m CL3,2,261483316,102030381,5,Snip Of Romance,5,0.0,4.54,0.0,2.2
2026-08-26,Belmont,R3 1200m Mdn,3,261483325,68490042,8,Admire Belle,5,0.0,90.0,0.0,14.64
2026-08-26,Belmont,R3 1200m Mdn,3,261483325,94182448,4,Hot Chix Lane,3,1.0,5.9,1.0,1.75
2026-08-26,Belmont,R3 1200m Mdn,3,261483325,102030383,3,Zalis Gift,2,0.0,10.5,0.0,2.42
2026-08-26,Belmont,R3 1200m Mdn,3,261483325,102030384,5,Jemconi,1,0.0,1.98,0.0,1.18
2026-08-26,Belmont,R3 1200m Mdn,3,261483325,102030387,9,Budino,4,0.0,55.27,0.0,8.72
2026-08-26,Belmont,R4 1200m Mdn,4,261483334,644132,11,Strut Your Stuff,4,0.0,70.0,0.0,8.95
2026-08-26,Belmont,R4 1200m Mdn,4,261483334,90181589,1,Call Me Invincible,2,0.0,8.21,0.0,2.02
2026-08-26,Belmont,R4 1200m Mdn,4,261483334,102030389,4,Truly Loyal,1,1.0,2.01,1.0,1.25
2026-08-26,Belmont,R4 1200m Mdn,4,261483334,102030390,5,Rocky Two,5,0.0,25.0,0.0,6.2
2026-08-26,Belmont,R4 1200m Mdn,4,261483334,102030391,7,Sweet Issy,3,0.0,57.6,0.0,7.4
2026-08-26,Belmont,R5 1200m CL1,5,261483343,9342124,3,Marcos,1,0.0,2.06,1.0,1.17
2026-08-26,Belmont,R5 1200m CL1,5,261483343,79456574,7,Star Supreme,3,0.0,32.0,0.0,5.0
2026-08-26,Belmont,R5 1200m CL1,5,261483343,99399096,2,Tiger Tank,4,0.0,16.26,1.0,2.93
2026-08-26,Belmont,R5 1200m CL1,5,261483343,102030396,1,Espresso Time,5,1.0,25.0,1.0,4.6
2026-08-26,Belmont,R5 1200m CL1,5,261483343,102030397,8,Vienna Calling,2,0.0,4.15,0.0,1.4
2026-08-26,Belmont,R6 1400m CL1,6,261483352,77639994,2,Abissi,1,0.0,8.44,0.0,2.44
2026-08-26,Belmont,R6 1400m CL1,6,261483352,78689389,9,Rising Fame,3,0.0,5.5,0.0,1.97
2026-08-26,Belmont,R6 1400m CL1,6,261483352,100632751,4,Cosmo Ruler,2,0.0,3.56,1.0,1.58
2026-08-26,Belmont,R6 1400m CL1,6,261483352,100957758,5,Silent Amarda,4,0.0,39.13,1.0,7.71
2026-08-26,Belmont,R6 1400m CL1,6,261483352,102030399,3,Cosmic Gem,5,1.0,4.98,1.0,1.85
2026-08-26,Belmont,R7 1400m Hcap,7,261483361,43204003,9,Kelora,4,0.0,16.45,0.0,4.65
2026-08-26,Belmont,R7 1400m Hcap,7,261483361,59416037,4,Our Rocky Bay,3,0.0,6.25,1.0,2.01
2026-08-26,Belmont,R7 1400m Hcap,7,261483361,78916846,5,Choux Shoe,2,0.0,8.79,0.0,2.8
2026-08-26,Belmont,R7 1400m Hcap,7,261483361,83410198,3,Jazalot,5,0.0,14.0,1.0,3.57
2026-08-26,Belmont,R7 1400m Hcap,7,261483361,101101369,1,Rainline,1,0.0,3.61,0.0,1.59
2026-08-26,Belmont,R8 1650m CL3,8,261483370,53228220,7,Slick,4,0.0,24.0,0.0,6.34
2026-08-26,Belmont,R8 1650m CL3,8,261483370,93537904,4,Impressive Jewel,5,0.0,9.31,1.0,2.8
2026-08-26,Belmont,R8 1650m CL3,8,261483370,102030402,1,Back To Bondi,3,0.0,3.03,0.0,1.62
2026-08-26,Belmont,R8 1650m CL3,8,261483370,102030403,3,The Nun,1,0.0,10.59,0.0,2.58
2026-08-26,Belmont,R8 1650m CL3,8,261483370,102030404,6,Streak Of God,2,1.0,9.22,1.0,2.68
2026-08-26,Bendigo,R1 1000m Mdn,1,261482088,102029963,2,Brenin,1,0.0,4.03,0.0,
2026-08-26,Bendigo,R1 1000m Mdn,1,261482088,102029964,3,Just Released,3,0.0,12.66,0.0,
2026-08-26,Bendigo,R1 1000m Mdn,1,261482088,102029965,4,Salamanca Six,2,1.0,1.47,0.0,
2026-08-26,Bendigo,R2 1000m Mdn,2,261482097,8339411,4,Lady Molly,4,0.0,17.56,0.0,2.12
2026-08-26,Bendigo,R2 1000m Mdn,2,261482097,102029971,5,London Fields,1,1.0,2.5,1.0,1.13
2026-08-26,Bendigo,R2 1000m Mdn,2,261482097,102029972,6,Madame Adelaide,3,0.0,8.52,1.0,1.61
2026-08-26,Bendigo,R2 1000m Mdn,2,261482097,102029974,8,Secret Crossing,2,0.0,2.45,1.0,1.07
2026-08-26,Bendigo,R3 1600m Mdn,3,261482106,3133731,6,Classic Cracker,5,0.0,19.67,0.0,3.09
2026-08-26,Bendigo,R3 1600m Mdn,3,261482106,100993216,11,Tiger Fox,3,1.0,11.08,1.0,2.53
2026-08-26,Bendigo,R3 1600m Mdn,3,261482106,102029975,3,New Prospect,1,0.0,4.4,0.0,1.4
2026-08-26,Bendigo,R3 1600m Mdn,3,261482106,102029976,4,Zhou Shu,4,0.0,7.06,1.0,1.69
2026-08-26,Bendigo,R3 1600m Mdn,3,261482106,102029978,8,Sheistheboss,2,0.0,2.24,1.0,1.25
2026-08-26,Bendigo,R4 1400m Mdn,4,261482115,5866972,1,Allumeuse,5,0.0,38.0,0.0,4.1
2026-08-26,Bendigo,R4 1400m Mdn,4,261482115,19133046,6,Just Like Jagger,4,0.0,4.5,1.0,1.42
2026-08-26,Bendigo,R4 1400m Mdn,4,261482115,77963814,8,Clux Star,3,0.0,9.2,1.0,2.12
2026-08-26,Bendigo,R4 1400m Mdn,4,261482115,101164012,11,Saint Fox,1,0.0,1.95,0.0,1.2
2026-08-26,Bendigo,R4 1400m Mdn,4,261482115,102029981,5,Farside,2,1.0,14.0,1.0,2.65
2026-08-26,Bendigo,R5 1400m Hcap,5,261482124,63084992,12,Cindy Falls,3,0.0,13.28,0.0,2.12
2026-08-26,Bendigo,R5 1400m Hcap,5,261482124,75638315,2,Electric Elvis,1,0.0,1.56,1.0,1.07
2026-08-26,Bendigo,R5 1400m Hcap,5,261482124,83834552,6,Master Of The Air,4,0.0,7.61,0.0,1.92
2026-08-26,Bendigo,R5 1400m Hcap,5,261482124,98146930,11,Shalailed,5,0.0,224.75,0.0,12.5
2026-08-26,Bendigo,R5 1400m Hcap,5,261482124,102029988,15,Invisible Magic,2,1.0,8.96,1.0,1.73
2026-08-26,Bendigo,R6 1100m CL1,6,261482133,90603887,13,Pacific Glamour,5,0.0,12.95,1.0,3.25
2026-08-26,Bendigo,R6 1100m CL1,6,261482133,97211654,1,Col Klink,2,1.0,4.04,1.0,1.55
2026-08-26,Bendigo,R6 1100m CL1,6,261482133,98214044,12,Naughty Sort,4,0.0,17.0,0.0,3.79
2026-08-26,Bendigo,R6 1100m CL1,6,261482133,98709234,10,Ginas A Star,1,0.0,5.2,1.0,2.04
2026-08-26,Bendigo,R6 1100m CL1,6,261482133,102029995,6,Shapenapit,3,0.0,18.5,0.0,3.91
2026-08-26,Bendigo,R7 1000m Hcap,7,261482142,68959132,2,Call To Glory,1,0.0,5.96,0.0,2.1
2026-08-26,Bendigo,R7 1000m Hcap,7,261482142,72379780,1,Dreamzel,3,0.0,5.88,0.0,1.89
2026-08-26,Bendigo,R7 1000m Hcap,7,261482142,74079241,8,Weapon Clear,5,1.0,3.6,1.0,1.83
2026-08-26,Bendigo,R7 1000m Hcap,7,261482142,75914470,5,Jennyanydots,2,0.0,6.2,1.0,2.06
2026-08-26,Bendigo,R7 1000m Hcap,7,261482142,102030000,3,Always Enuff,4,0.0,8.45,0.0,2.42
2026-08-26,Bendigo,R8 1600m Hcap,8,261482151,5075357,1,Raging Bull,4,0.0,20.68,0.0,3.31
2026-08-26,Bendigo,R8 1600m Hcap,8,261482151,42562108,4,Oriental Smoke,5,0.0,26.6,0.0,4.57
2026-08-26,Bendigo,R8 1600m Hcap,8,261482151,75914633,10,Lake Vostok,2,0.0,3.74,0.0,1.42
2026-08-26,Bendigo,R8 1600m Hcap,8,261482151,76934213,7,Zorros Flight,3,0.0,3.39,1.0,1.47
2026-08-26,Bendigo,R8 1600m Hcap,8,261482151,83119291,8,Zebra Finch,1,1.0,3.76,1.0,1.41
2026-08-26,Canterbury,R1 1200m 3yo,1,261479081,4804705,4,Unhinged,4,0.0,5.68,0.0,3.2
2026-08-26,Canterbury,R1 1200m 3yo,1,261479081,95809328,8,Leonessa,3,0.0,11.66,0.0,3.89
2026-08-26,Canterbury,R1 1200m 3yo,1,261479081,95809328,8,Leonessa,5,0.0,11.66,0.0,3.89
2026-08-26,Canterbury,R1 1200m 3yo,1,261479081,101183810,7,Yangzi River,1,0.0,12.47,1.0,4.35
2026-08-26,Canterbury,R1 1200m 3yo,1,261479081,102029759,6,Sprightly Affair,2,0.0,3.75,0.0,1.98
2026-08-26,Canterbury,R2 1250m Mdn,2,261479090,97694194,10,Affari,1,0.0,2.69,1.0,1.22
2026-08-26,Canterbury,R2 1250m Mdn,2,261479090,99656731,1,Defensemen,3,0.0,7.0,0.0,1.62
2026-08-26,Canterbury,R2 1250m Mdn,2,261479090,99656731,1,Defensemen,4,0.0,7.0,0.0,1.62
2026-08-26,Canterbury,R2 1250m Mdn,2,261479090,102029760,2,Cantero,5,0.0,3.31,0.0,1.29
2026-08-26,Canterbury,R2 1250m Mdn,2,261479090,102029765,13,Piedmont,2,1.0,7.4,1.0,2.23
2026-08-26,Canterbury,R3 1900m Hcap,3,261479099,4038747,2,Dubai Warrior,5,0.0,20.0,0.0,4.1
2026-08-26,Canterbury,R3 1900m Hcap,3,261479099,63640623,7,Fioprospero,3,1.0,7.74,1.0,2.48
2026-08-26,Canterbury,R3 1900m Hcap,3,261479099,92417671,3,Cheval De Bois,1,0.0,4.72,0.0,1.66
2026-08-26,Canterbury,R3 1900m Hcap,3,261479099,102029766,1,Champagne Hero,2,0.0,3.85,0.0,1.59
2026-08-26,Canterbury,R3 1900m Hcap,3,261479099,102029767,6,Standard Deviation,4,0.0,6.3,1.0,2.09
2026-08-26,Canterbury,R4 1250m Hcap,4,261479108,1332975,4,Cafe Au Lait,1,0.0,2.29,1.0,1.38
2026-08-26,Canterbury,R4 1250m Hcap,4,261479108,58138294,12,Jenni The Jet,3,1.0,7.93,1.0,2.28
2026-08-26,Canterbury,R4 1250m Hcap,4,261479108,86655054,11,Youre The Choice,5,0.0,7.55,0.0,2.13
2026-08-26,Canterbury,R4 1250m Hcap,4,261479108,99919437,10,Farfetched,2,0.0,9.44,0.0,3.05
2026-08-26,Canterbury,R4 1250m Hcap,4,261479108,100519723,9,Sphere,4,0.0,17.5,1.0,3.52
2026-08-26,Canterbury,R5 1250m Hcap,5,261479117,72168199,4,Unstopabull,3,0.0,29.93,0.0,5.3
2026-08-26,Canterbury,R5 1250m Hcap,5,261479117,72379117,7,Komodo Dragon,1,0.0,5.6,1.0,1.99
2026-08-26,Canterbury,R5 1250m Hcap,5,261479117,102029769,5,Castlejohn,2,1.0,3.35,1.0,1.47
2026-08-26,Canterbury,R5 1250m Hcap,5,261479117,102029771,8,Phantom Major,4,0.0,4.66,1.0,1.75
2026-08-26,Canterbury,R5 1250m Hcap,5,261479117,102029772,9,The Little General,5,0.0,8.16,0.0,2.9
2026-08-26,Canterbury,R6 1100m Hcap,6,261479126,38338032,1,Ruination,2,1.0,2.58,1.0,1.44
2026-08-26,Canterbury,R6 1100m Hcap,6,261479126,39611261,5,Melanite,3,0.0,5.1,1.0,1.68
2026-08-26,Canterbury,R6 1100m Hcap,6,261479126,72354251,9,Fangela,4,0.0,76.19,0.0,16.5
2026-08-26,Canterbury,R6 1100m Hcap,6,261479126,102029773,7,Miss Trentino,5,0.0,8.0,0.0,2.64
2026-08-26,Canterbury,R6 1100m Hcap,6,261479126,102029775,12,Taxation,1,0.0,5.88,1.0,1.53
2026-08-26,Canterbury,R7 1550m Hcap,7,261479135,23954940,1,Substantial,5,0.0,55.0,0.0,9.6
2026-08-26,Canterbury,R7 1550m Hcap,7,261479135,88111478,4,Cobra Club,3,0.0,4.74,0.0,1.78
2026-08-26,Canterbury,R7 1550m Hcap,7,261479135,94409338,7,Tenderize,4,0.0,34.0,0.0,4.9
2026-08-26,Canterbury,R7 1550m Hcap,7,261479135,100487073,5,Three Arrows,2,0.0,4.47,0.0,2.04
2026-08-26,Canterbury,R7 1550m Hcap,7,261479135,102029777,8,Pieratas Gem,1,0.0,4.21,1.0,1.65
2026-08-26,Devonport,R1 1350m Mdn,1,261482885,70385607,3,Gee Gees Brother,3,0.0,12.0,0.0,2.3
2026-08-26,Devonport,R1 1350m Mdn,1,261482885,80616755,1,Chefs Kiss,1,1.0,1.86,1.0,1.21
2026-08-26,Devonport,R1 1350m Mdn,1,261482885,85507406,4,Guber,4,0.0,16.62,1.0,2.62
2026-08-26,Devonport,R1 1350m Mdn,1,261482885,93168129,5,Nicalbi,5,0.0,32.0,0.0,3.69
2026-08-26,Devonport,R1 1350m Mdn,1,261482885,95384842,7,Unfiltered,2,0.0,6.2,0.0,1.58
2026-08-26,Devonport,R2 1150m Mdn,2,261482893,83346071,1,Harrata,1,0.0,14.0,1.0,2.68
2026-08-26,Devonport,R2 1150m Mdn,2,261482893,88069299,3,Awesome Orphan,5,0.0,14.93,0.0,3.25
2026-08-26,Devonport,R2 1150m Mdn,2,261482893,96181511,4,Equivaster,2,1.0,3.77,1.0,1.49
2026-08-26,Devonport,R2 1150m Mdn,2,261482893,100454561,5,Lyrebird Lady,3,0.0,26.77,1.0,5.1
2026-08-26,Devonport,R2 1150m Mdn,2,261482893,102029933,7,Peninsula Rose,4,0.0,34.0,0.0,6.0
2026-08-26,Devonport,R3 1150m Hcap,3,261482902,51177792,2,Cherokee Dancer,4,0.0,7.97,0.0,2.92
2026-08-26,Devonport,R3 1150m Hcap,3,261482902,51454546,1,Thoros Of Myr,3,0.0,14.12,1.0,4.4
2026-08-26,Devonport,R3 1150m Hcap,3,261482902,55979227,4,Hartman,5,1.0,3.0,1.0,1.85
2026-08-26,Devonport,R3 1150m Hcap,3,261482902,64546164,3,Furneaux,1,0.0,26.0,0.0,7.2
2026-08-26,Devonport,R3 1150m Hcap,3,261482902,86346755,6,Geegees Missile,2,0.0,2.33,0.0,1.51
2026-08-26,Devonport,R4 1009m CL1,4,261482910,924837,4,Party Day,2,0.0,3.1,1.0,1.38
2026-08-26,Devonport,R4 1009m CL1,4,261482910,85507407,8,Mels Street Above,5,0.0,34.0,0.0,5.32
2026-08-26,Devonport,R4 1009m CL1,4,261482910,93168135,6,Super Snippy,4,0.0,12.0,0.0,3.32
2026-08-26,Devonport,R4 1009m CL1,4,261482910,102029935,2,Houlihan,1,1.0,2.72,1.0,1.25
2026-08-26,Devonport,R4 1009m CL1,4,261482910,102029937,5,Geegees Mercedes,3,0.0,11.0,1.0,2.64
2026-08-26,Devonport,R5 1350m Hcap,5,261482919,46291695,6,Alpine Blast,5,0.0,38.0,0.0,10.0
2026-08-26,Devonport,R5 1350m Hcap,5,261482919,61336425,3,Stardarmus,1,1.0,1.9,1.0,1.37
2026-08-26,Devonport,R5 1350m Hcap,5,261482919,68383567,5,Kireina Marubrah,4,0.0,12.5,0.0,3.5
2026-08-26,Devonport,R5 1350m Hcap,5,261482919,80091403,4,Wolf Junior,2,0.0,3.45,1.0,1.68
2026-08-26,Devonport,R5 1350m Hcap,5,261482919,88376668,1,Quicken Up,3,0.0,38.0,0.0,9.2
2026-08-26,Devonport,R6 1350m Hcap,6,261482928,1165694,6,Tuskegee,5,1.0,4.67,1.0,2.12
2026-08-26,Devonport,R6 1350m Hcap,6,261482928,49297133,2,Nicco The Greek,1,0.0,34.0,0.0,11.5
2026-08-26,Devonport,R6 1350m Hcap,6,261482928,62097600,4,Stone Cold Stunner,2,0.0,16.0,0.0,6.2
2026-08-26,Devonport,R6 1350m Hcap,6,261482928,92390198,5,The Longest Yard,4,0.0,10.73,0.0,3.55
2026-08-26,Devonport,R6 1350m Hcap,6,261482928,102029938,7,Simply Deep,3,0.0,2.0,1.0,1.6
2026-08-26,Devonport,R7 1350m CL1,7,261482937,3021022,3,Little El,4,0.0,8.53,0.0,2.1
2026-08-26,Devonport,R7 1350m CL1,7,261482937,73991307,9,Corsa Veloce,2,0.0,28.0,0.0,4.4
2026-08-26,Devonport,R7 1350m CL1,7,261482937,84431524,7,Bella Chinkara,1,0.0,36.0,1.0,4.5
2026-08-26,Devonport,R7 1350m CL1,7,261482937,90210111,1,City Wok,5,1.0,2.38,1.0,1.33
2026-08-26,Devonport,R7 1350m CL1,7,261482937,92459818,2,Colonel Bogey,3,0.0,3.48,1.0,1.4
2026-08-26,Devonport,R8 1150m Hcap,8,261482945,51217914,8,Volkanovski,3,0.0,24.0,0.0,3.02
2026-08-26,Devonport,R8 1150m Hcap,8,261482945,62632621,4,Gee Gees Me Boy,2,0.0,52.7,1.0,5.61
2026-08-26,Devonport,R8 1150m Hcap,8,261482945,75796251,5,Wild Nights,4,0.0,23.47,0.0,3.1
2026-08-26,Devonport,R8 1150m Hcap,8,261482945,93320641,2,Ozonica,5,1.0,1.84,1.0,1.16
2026-08-26,Devonport,R8 1150m Hcap,8,261482945,102029940,1,The Real Man,1,0.0,3.74,0.0,1.3
2026-08-26,Devonport,R9 1650m CL3,9,261482954,919331,2,Coastal Strike,2,0.0,7.52,1.0,2.12
2026-08-26,Devonport,R9 1650m CL3,9,261482954,3213955,8,Who Can It Be Now,5,0.0,32.0,0.0,5.0
2026-08-26,Devonport,R9 1650m CL3,9,261482954,68567795,5,Ozturk,4,0.0,150.0,0.0,18.5
2026-08-26,Devonport,R9 1650m CL3,9,261482954,83119038,4,Al Maximus,3,1.0,6.2,1.0,2.22
2026-08-26,Devonport,R9 1650m CL3,9,261482954,87163993,1,Azonto,1,0.0,2.37,1.0,1.4
2026-08-26,Doomben,R1 1350m Mdn,1,261482767,6400764,7,St Andrews,1,0.0,18.69,0.0,4.6
2026-08-26,Doomben,R1 1350m Mdn,1,261482767,61558080,13,Spirit Of St Louis,4,0.0,9.2,0.0,3.18
2026-08-26,Doomben,R1 1350m Mdn,1,261482767,96772973,8,Emphatique,3,0.0,4.9,0.0,2.08
2026-08-26,Doomben,R1 1350m Mdn,1,261482767,101131048,4,Konigstein,5,0.0,36.0,0.0,9.43
2026-08-26,Doomben,R1 1350m Mdn,1,261482767,102030194,3,Indamouse,2,0.0,4.3,1.0,1.78
2026-08-26,Doomben,R2 1350m Mdn,2,261482776,69576755,4,Indigo Star,3,0.0,2.48,1.0,1.21
2026-08-26,Doomben,R2 1350m Mdn,2,261482776,94060390,12,Zephyr Song,4,0.0,7.8,1.0,2.5
2026-08-26,Doomben,R2 1350m Mdn,2,261482776,96181845,1,Bad Boss,5,1.0,4.37,1.0,1.6
2026-08-26,Doomben,,2,261482776,102030199,8,Agadoo,1,,,,
2026-08-26,Doomben,R2 1350m Mdn,2,261482776,102030200,9,Bevs Special,2,0.0,5.6,0.0,1.87
2026-08-26,Doomben,R3 1200m 3yo,3,261482785,2926327,5,Metric,4,0.0,4.45,1.0,1.59
2026-08-26,Doomben,R3 1200m 3yo,3,261482785,94409577,2,Compel,2,1.0,8.0,1.0,2.98
2026-08-26,Doomben,R3 1200m 3yo,3,261482785,101553587,12,Win Star,3,0.0,5.44,1.0,1.61
2026-08-26,Doomben,R3 1200m 3yo,3,261482785,102030207,8,Moet Lisa,5,0.0,42.11,0.0,7.51
2026-08-26,Doomben,R3 1200m 3yo,3,261482785,102030210,11,Summer Sensation,1,0.0,2.7,0.0,1.35
2026-08-26,Doomben,R4 1200m 3yo,4,261482794,802091,6,Red Point,4,1.0,9.2,1.0,2.24
2026-08-26,Doomben,R4 1200m 3yo,4,261482794,5827720,3,Captain Blood,3,0.0,14.03,0.0,3.1
2026-08-26,Doomben,R4 1200m 3yo,4,261482794,101553583,7,Threeeyedwitch,2,0.0,28.73,1.0,5.3
2026-08-26,Doomben,R4 1200m 3yo,4,261482794,102030220,11,Weownachevy,1,0.0,2.12,0.0,1.39
2026-08-26,Doomben,R4 1200m 3yo,4,261482794,102030222,14,Lunanic,5,0.0,68.27,0.0,9.4
2026-08-26,Doomben,R5 1110m CL1,5,261482803,70078391,11,Vanessi,1,0.0,9.22,1.0,2.48
2026-08-26,Doomben,R5 1110m CL1,5,261482803,84374054,1,Dyami,3,0.0,5.9,1.0,2.0
2026-08-26,Doomben,R5 1110m CL1,5,261482803,94448987,13,Cryptic Beauty,2,0.0,3.2,0.0,1.69
2026-08-26,Doomben,R5 1110m CL1,5,261482803,101328061,5,Capital Chord,5,0.0,60.8,0.0,10.5
2026-08-26,Doomben,R5 1110m CL1,5,261482803,102030231,14,La Profecia,4,0.0,32.0,0.0,5.97
2026-08-26,Doomben,R6 1660m CL5,6,261482812,3183285,6,Lovey Dovey,5,0.0,8.62,0.0,2.23
2026-08-26,Doomben,R6 1660m CL5,6,261482812,12456040,2,Gorbachev,4,0.0,2.98,0.0,1.52
2026-08-26,Doomben,R6 1660m CL5,6,261482812,56606377,1,Battleton,3,0.0,34.0,0.0,5.9
2026-08-26,Doomben,R6 1660m CL5,6,261482812,76336390,5,Bluepinot,2,0.0,5.71,1.0,1.89
2026-08-26,Doomben,R6 1660m CL5,6,261482812,102030237,3,Rock Hard Love,1,1.0,9.4,1.0,2.71
2026-08-26,Doomben,R7 1200m CL3,7,261482821,5321574,2,Dark Arts,4,0.0,2.79,1.0,1.34
2026-08-26,Doomben,R7 1200m CL3,7,261482821,76246573,3,Ready For The Trip,3,0.0,55.0,0.0,8.73
2026-08-26,Doomben,R7 1200m CL3,7,261482821,79257631,6,Cutepi,5,0.0,28.74,0.0,4.8
2026-08-26,Doomben,R7 1200m CL3,7,261482821,96966841,4,Amuseantes,1,1.0,4.8,1.0,1.65
2026-08-26,Doomben,R7 1200m CL3,7,261482821,102030240,14,Its Raining Again,2,0.0,24.0,0.0,6.4
2026-08-26,Doomben,R8 1350m Hcap,8,261482830,1163993,4,Headhunter,2,0.0,9.4,0.0,2.73
2026-08-26,Doomben,R8 1350m Hcap,8,261482830,71180541,2,Rimbaud,5,0.0,4.64,1.0,1.91
2026-08-26,Doomben,R8 1350m Hcap,8,261482830,89265356,13,Flaxlands,4,0.0,12.12,1.0,2.72
2026-08-26,Doomben,R8 1350m Hcap,8,261482830,97242993,8,Hurricane Lu,1,1.0,3.43,1.0,1.66
2026-08-26,Doomben,R8 1350m Hcap,8,261482830,102030251,16,Kundabung,3,0.0,35.47,0.0,5.98
2026-08-27,Ipswich,R2 800m Hcap,2,261530355,1011117,5,Runaround Sue,2,0.0,3.85,1.0,1.71
2026-08-27,Ipswich,R2 800m Hcap,2,261530355,38677352,2,Heroic Chief,5,0.0,32.68,0.0,5.91
2026-08-27,Ipswich,R2 800m Hcap,2,261530355,55533185,6,Mr Wandji,3,0.0,29.0,0.0,6.0
2026-08-27,Ipswich,R2 800m Hcap,2,261530355,71435976,1,Medals,1,1.0,4.81,1.0,1.89
2026-08-27,Ipswich,R2 800m Hcap,2,261530355,102061354,9,Taras Reward,4,0.0,9.0,0.0,2.86
2026-08-27,Ipswich,R3 1350m Mdn,3,261530359,7901795,2,I Am Louie,4,0.0,3.75,0.0,1.55
2026-08-27,Ipswich,R3 1350m Mdn,3,261530359,94136768,5,Prophet Of Destiny,2,0.0,6.9,1.0,1.9
2026-08-27,Ipswich,R3 1350m Mdn,3,261530359,102061356,1,Essessbee,1,0.0,11.48,0.0,2.87
2026-08-27,Ipswich,R3 1350m Mdn,3,261530359,102061357,8,Bate,3,1.0,5.9,1.0,2.35
2026-08-27,Ipswich,R3 1350m Mdn,3,261530359,102061359,11,Cautionary Tail,5,0.0,5.78,0.0,1.89
2026-08-27,Ipswich,R4 1350m Hcap,4,261530363,57655217,7,Constant Cafe,2,1.0,13.28,1.0,3.95
2026-08-27,Ipswich,R4 1350m Hcap,4,261530363,70927896,11,Rare Moon,5,0.0,16.0,1.0,4.4
2026-08-27,Ipswich,R4 1350m Hcap,4,261530363,84471477,2,Fiery Lass,4,0.0,4.62,0.0,1.79
2026-08-27,Ipswich,R4 1350m Hcap,4,261530363,101131016,6,Brutal Lass,1,0.0,4.16,0.0,1.79
2026-08-27,Ipswich,R4 1350m Hcap,4,261530363,102061364,3,Heart N Power,3,0.0,5.66,1.0,2.37
2026-08-27,Ipswich,R5 1100m Mdn,5,261530367,101419491,9,Snitzstream,2,1.0,5.33,1.0,1.83
2026-08-27,Ipswich,R5 1100m Mdn,5,261530367,102061366,2,Written Reality,4,0.0,19.0,1.0,3.91
2026-08-27,Ipswich,R5 1100m Mdn,5,261530367,102061370,6,Castella Magic,5,0.0,7.36,0.0,2.26
2026-08-27,Ipswich,R5 1100m Mdn,5,261530367,102061372,8,Reconciliate,1,0.0,4.3,0.0,1.64
2026-08-27,Ipswich,R5 1100m Mdn,5,261530367,102061375,14,Bay Of The South,3,0.0,13.29,0.0,3.85
2026-08-27,Ipswich,R6 1100m Hcap,6,261530371,39396341,6,Purosangue,1,0.0,6.6,0.0,4.2
2026-08-27,Ipswich,R6 1100m Hcap,6,261530371,84146756,2,City Gold Field,4,0.0,5.72,0.0,2.54
2026-08-27,Ipswich,R6 1100m Hcap,6,261530371,102061381,8,Sum Invictus,2,0.0,9.15,1.0,3.25
2026-08-27,Ipswich,R6 1100m Hcap,6,261530371,102061382,10,Flying Vento,5,1.0,11.23,1.0,4.55
2026-08-27,Ipswich,R6 1100m Hcap,6,261530371,102061384,13,Nine Mill,3,0.0,2.68,0.0,1.69
2026-08-27,Ipswich,R7 1100m Hcap,7,261530375,49332767,9,Top Bird,5,0.0,98.55,0.0,21.0
2026-08-27,Ipswich,R7 1100m Hcap,7,261530375,56605999,6,Miss Zermatt,3,0.0,9.6,0.0,2.46
2026-08-27,Ipswich,R7 1100m Hcap,7,261530375,84471179,15,Champagne Problems,4,0.0,6.8,1.0,2.04
2026-08-27,Ipswich,R7 1100m Hcap,7,261530375,99770940,3,Lady Milan,2,0.0,6.67,1.0,2.53
2026-08-27,Ipswich,R7 1100m Hcap,7,261530375,102061386,4,Mercatello,1,1.0,3.82,1.0,1.8
2026-08-27,Ipswich,R8 1350m Hcap,8,261530379,2315727,7,Switchblade,4,0.0,19.0,0.0,5.1
2026-08-27,Ipswich,R8 1350m Hcap,8,261530379,59082768,3,Bee Exact,2,0.0,4.79,0.0,2.14
2026-08-27,Ipswich,R8 1350m Hcap,8,261530379,62356017,5,Change The Deel,3,0.0,14.0,0.0,3.7
2026-08-27,Ipswich,R8 1350m Hcap,8,261530379,102061389,1,The Torque Xpress,1,1.0,10.7,1.0,3.3
2026-08-27,Ipswich,R8 1350m Hcap,8,261530379,102061390,2,Tsunuki,5,0.0,7.2,0.0,2.54
2026-08-27,Ipswich,R1 1980m CL2,1,261573905,85064204,4,Empire Of Art,1,0.0,5.5,0.0,1.63
2026-08-27,Ipswich,R1 1980m CL2,1,261573905,85064204,4,Empire Of Art,1,0.0,5.5,0.0,
2026-08-27,Ipswich,R1 1980m CL2,1,261573905,89348526,7,Shedrivesabentley,5,0.0,22.51,0.0,
2026-08-27,Ipswich,R1 1980m CL2,1,261573905,89348526,7,Shedrivesabentley,5,0.0,22.51,0.0,4.04
2026-08-27,Ipswich,R1 1980m CL2,1,261573905,91432853,1,Thinking Gold,2,0.0,3.75,0.0,
2026-08-27,Ipswich,R1 1980m CL2,1,261573905,91432853,1,Thinking Gold,2,0.0,3.75,0.0,1.45
2026-08-27,Ipswich,R1 1980m CL2,1,261573905,102061350,2,Rosso Levanto,3,1.0,2.66,0.0,
2026-08-27,Ipswich,R1 1980m CL2,1,261573905,102061350,2,Rosso Levanto,3,1.0,2.66,1.0,1.3
2026-08-27,Ipswich,R1 1980m CL2,1,261573905,102061351,3,Empress Aspen,4,0.0,10.87,0.0,
2026-08-27,Ipswich,R1 1980m CL2,1,261573905,102061351,3,Empress Aspen,4,0.0,10.87,0.0,2.32
2026-08-27,Northam,R1 1000m Mdn,1,261530490,2602077,7,Gunning For Gold,5,0.0,10.0,1.0,2.66
2026-08-27,Northam,R1 1000m Mdn,1,261530490,102031680,3,Salve Regina,4,0.0,14.0,0.0,2.44
2026-08-27,Northam,R1 1000m Mdn,1,261530490,102031682,6,Official Business,1,0.0,1.97,1.0,1.16
2026-08-27,Northam,R1 1000m Mdn,1,261530490,102031683,8,Kute As Kan Be,3,0.0,12.0,0.0,2.12
2026-08-27,Northam,R1 1000m Mdn,1,261530490,102031684,9,Star Martini,2,1.0,4.88,1.0,1.54
2026-08-27,Northam,R2 1000m 3yo,2,261530494,17775000,8,Juniper,1,1.0,6.62,1.0,2.02
2026-08-27,Northam,R2 1000m 3yo,2,261530494,94886304,1,Sovereign Rock,3,0.0,7.45,0.0,2.1
2026-08-27,Northam,R2 1000m 3yo,2,261530494,102031687,6,Rebels Luck,4,0.0,5.21,1.0,1.88
2026-08-27,Northam,R2 1000m 3yo,2,261530494,102031688,7,Amalies Rule,2,0.0,19.5,0.0,3.8
2026-08-27,Northam,R2 1000m 3yo,2,261530494,102031689,9,Keppel Gate,5,0.0,4.71,1.0,1.94
2026-08-27,Northam,R3 1100m CL5,3,261530498,3867841,1,Flash Dancer,2,1.0,2.29,1.0,1.14
2026-08-27,Northam,R3 1100m CL5,3,261530498,77387234,8,Swim Through,5,0.0,50.78,0.0,4.21
2026-08-27,Northam,,3,261530498,84629743,5,Return Of The Mach,1,,,,
2026-08-27,Northam,R3 1100m CL5,3,261530498,86555027,3,Yamashitas Gold,4,0.0,2.2,1.0,1.15
2026-08-27,Northam,R3 1100m CL5,3,261530498,89392705,4,Gold Vancouver,3,0.0,12.87,0.0,2.03
2026-08-27,Northam,R4 1600m Mdn,4,261530502,95621874,6,Daisiesfortheladys,3,0.0,46.0,0.0,6.8
2026-08-27,Northam,R4 1600m Mdn,4,261530502,101555021,8,Secretchino,5,1.0,5.3,1.0,1.75
2026-08-27,Northam,R4 1600m Mdn,4,261530502,102031690,2,Saisoku,1,0.0,1.87,1.0,1.2
2026-08-27,Northam,R4 1600m Mdn,4,261530502,102031692,5,Super Show,4,0.0,13.0,0.0,2.7
2026-08-27,Northam,R4 1600m Mdn,4,261530502,102031693,9,Momotaro,2,0.0,14.5,1.0,2.77
2026-08-27,Northam,R5 1300m Mdn,5,261530506,92744600,1,Long Laugh,2,0.0,5.93,0.0,2.0
2026-08-27,Northam,R5 1300m Mdn,5,261530506,102031696,6,Just Petty Cash,5,0.0,12.18,1.0,3.18
2026-08-27,Northam,R5 1300m Mdn,5,261530506,102031697,8,Unanswered,3,0.0,5.19,0.0,1.79
2026-08-27,Northam,R5 1300m Mdn,5,261530506,102031698,9,Secret Planet,1,1.0,2.93,1.0,1.6
2026-08-27,Northam,R5 1300m Mdn,5,261530506,102031699,10,My Malena,4,0.0,12.63,0.0,3.36
2026-08-27,Northam,R6 1300m Mdn,6,261530510,4531928,9,Free Ride,4,0.0,25.0,0.0,4.6
2026-08-27,Northam,R6 1300m Mdn,6,261530510,94985827,3,Lets Go Jarpo,3,0.0,13.0,0.0,2.96
2026-08-27,Northam,R6 1300m Mdn,6,261530510,100862509,2,Tag Time,1,1.0,1.77,1.0,1.2
2026-08-27,Northam,R6 1300m Mdn,6,261530510,102031701,4,Mystic Empress,5,0.0,40.09,1.0,7.73
2026-08-27,Northam,R6 1300m Mdn,6,261530510,102031705,10,Back In The Fold,2,0.0,23.81,1.0,4.22
2026-08-27,Northam,R7 2200m CL1,7,261530514,66983961,7,Al Unique,2,0.0,26.0,0.0,5.99
2026-08-27,Northam,R7 2200m CL1,7,261530514,85185536,6,Saucisson,4,0.0,70.0,0.0,9.23
2026-08-27,Northam,R7 2200m CL1,7,261530514,88928356,5,Miss Veuve,1,0.0,2.49,0.0,1.35
2026-08-27,Northam,R7 2200m CL1,7,261530514,101328705,2,Luka Magic,3,0.0,10.76,0.0,3.1
2026-08-27,Northam,R7 2200m CL1,7,261530514,102031709,4,History Supreme,5,0.0,19.57,0.0,4.61
2026-08-27,Northam,R8 1300m CL3,8,261530518,2710961,5,Ocean Goddess,2,1.0,8.89,1.0,2.81
2026-08-27,Northam,R8 1300m CL3,8,261530518,62634773,8,Run Pattie Run,4,0.0,16.2,0.0,4.19
2026-08-27,Northam,R8 1300m CL3,8,261530518,74189698,1,Catch Carter,3,0.0,8.6,0.0,2.66
2026-08-27,Northam,R8 1300m CL3,8,261530518,102031710,4,Surround Me,1,0.0,3.73,0.0,1.83
2026-08-27,Northam,R8 1300m CL3,8,261530518,102031711,7,Hyperreal,5,0.0,41.99,1.0,6.8
2026-08-27,Seymour,R1 1414m Mdn,1,261530078,93536701,4,Good Feel,5,0.0,85.11,0.0,6.6
2026-08-27,Seymour,R1 1414m Mdn,1,261530078,102061489,5,Keen Observer,2,0.0,2.16,1.0,1.1
2026-08-27,Seymour,R1 1414m Mdn,1,261530078,102061490,6,Autumn In Grinzing,4,1.0,15.03,1.0,2.22
2026-08-27,Seymour,R1 1414m Mdn,1,261530078,102061491,7,La Reina Vega,1,0.0,2.93,0.0,1.17
2026-08-27,Seymour,R1 1414m Mdn,1,261530078,102061493,9,Tommys Lass,3,0.0,9.42,1.0,1.86
2026-08-27,Seymour,R2 1000m Mdn,2,261530086,28309994,5,Angelotti,3,0.0,8.6,0.0,1.92
2026-08-27,Seymour,R2 1000m Mdn,2,261530086,102061494,1,Damoiseau,5,0.0,19.64,0.0,3.55
2026-08-27,Seymour,R2 1000m Mdn,2,261530086,102061495,4,Amorlight,4,0.0,2.55,1.0,1.37
2026-08-27,Seymour,R2 1000m Mdn,2,261530086,102061497,7,Piccina,1,0.0,16.18,0.0,2.9
2026-08-27,Seymour,R2 1000m Mdn,2,261530086,102061499,10,Dark Monarch,2,1.0,2.77,1.0,1.37
2026-08-27,Seymour,R3 1200m Mdn,3,261530094,10087587,9,Enea,4,0.0,8.65,1.0,2.56
2026-08-27,Seymour,R3 1200m Mdn,3,261530094,68491429,12,Purgatorio,1,0.0,3.79,0.0,1.7
2026-08-27,Seymour,R3 1200m Mdn,3,261530094,102061505,7,Cliff Runner,3,1.0,18.63,1.0,3.8
2026-08-27,Seymour,R3 1200m Mdn,3,261530094,102061506,10,Faster Link,5,0.0,6.2,0.0,2.0
2026-08-27,Seymour,R3 1200m Mdn,3,261530094,102061508,14,Tan Tat Vixen,2,0.0,8.15,0.0,2.15
2026-08-27,Seymour,R4 2021m Mdn,4,261530102,67077165,2,Bolshie,5,0.0,15.36,0.0,3.9
2026-08-27,Seymour,R4 2021m Mdn,4,261530102,99025405,3,Fierce Fiasco,4,1.0,9.39,1.0,2.6
2026-08-27,Seymour,R4 2021m Mdn,4,261530102,100920798,6,Knights Emperor,3,0.0,7.82,0.0,2.47
2026-08-27,Seymour,R4 2021m Mdn,4,261530102,101451719,10,Rock Catcher,1,0.0,3.35,0.0,1.66
2026-08-27,Seymour,R4 2021m Mdn,4,261530102,102061510,7,Knucklehead,2,0.0,9.6,1.0,2.94
2026-08-27,Seymour,R5 2021m Hcap,5,261530110,51053065,6,Amphactor,2,0.0,12.97,0.0,3.48
2026-08-27,Seymour,R5 2021m Hcap,5,261530110,56606256,15,Verifier,4,0.0,9.4,0.0,3.2
2026-08-27,Seymour,R5 2021m Hcap,5,261530110,58672099,4,Margies Boy,3,0.0,24.0,0.0,5.9
2026-08-27,Seymour,R5 2021m Hcap,5,261530110,101386298,5,A Long Story Short,5,0.0,3.6,1.0,1.75
2026-08-27,Seymour,R5 2021m Hcap,5,261530110,102061514,13,Staphani,1,0.0,6.6,0.0,2.51
2026-08-27,Seymour,R6 1200m Hcap,6,261530118,78432461,3,Zourain,4,0.0,7.03,0.0,2.26
2026-08-27,Seymour,R6 1200m Hcap,6,261530118,87806595,10,Lathlain,2,1.0,4.52,1.0,1.85
2026-08-27,Seymour,R6 1200m Hcap,6,261530118,89624002,9,Castellito,1,0.0,6.2,1.0,2.18
2026-08-27,Seymour,R6 1200m Hcap,6,261530118,100721769,12,Bardias Dream,5,0.0,4.6,1.0,1.88
2026-08-27,Seymour,R6 1200m Hcap,6,261530118,102061515,6,Allinthetiming,3,0.0,14.39,0.0,3.6
2026-08-27,Seymour,R7 1414m Hcap,7,261530126,60490450,6,Corona Lad,1,0.0,12.86,0.0,4.0
2026-08-27,Seymour,R7 1414m Hcap,7,261530126,81221543,10,Valedictorian,3,0.0,6.23,1.0,2.48
2026-08-27,Seymour,R7 1414m Hcap,7,261530126,84511167,12,Ataegina,5,0.0,8.0,1.0,2.83
2026-08-27,Seymour,R7 1414m Hcap,7,261530126,95301925,5,Wonderdownunder,4,0.0,14.03,0.0,4.13
2026-08-27,Seymour,R7 1414m Hcap,7,261530126,98709495,2,Night Guard,2,0.0,33.01,0.0,7.57
2026-08-27,Seymour,R8 1600m Hcap,8,261530134,73404610,9,Reina Isabella,3,0.0,13.0,0.0,4.1
2026-08-27,Seymour,R8 1600m Hcap,8,261530134,80934181,10,Shanoni,1,0.0,8.2,0.0,3.14
2026-08-27,Seymour,R8 1600m Hcap,8,261530134,87379623,8,Miss Trustful,4,0.0,15.5,0.0,4.0
2026-08-27,Seymour,R8 1600m Hcap,8,261530134,95621467,2,Hotei Senshi,2,0.0,6.2,0.0,2.21
2026-08-27,Seymour,R8 1600m Hcap,8,261530134,102061527,4,Talkin Stern,5,1.0,11.5,1.0,3.5
2026-08-27,Wagga,R1 1000m Mdn,1,261527370,1209136,8,Ultrasonic,2,0.0,8.86,1.0,2.48
2026-08-27,Wagga,R1 1000m Mdn,1,261527370,83940324,1,Conargo,4,0.0,15.5,0.0,2.79
2026-08-27,Wagga,R1 1000m Mdn,1,261527370,94645295,2,Phenomenorm,5,0.0,9.91,0.0,2.0
2026-08-27,Wagga,R1 1000m Mdn,1,261527370,102060675,6,Reds Express,1,1.0,2.84,1.0,1.26
2026-08-27,Wagga,R1 1000m Mdn,1,261527370,102060676,7,Boann,3,0.0,21.21,0.0,5.4
2026-08-27,Wagga,R2 2000m Hcap,2,261527373,52670327,7,Sorry Sunshine,5,0.0,18.39,1.0,2.68
2026-08-27,Wagga,R2 2000m Hcap,2,261527373,78229892,5,It Is To Be,4,0.0,4.19,1.0,1.49
2026-08-27,Wagga,R2 2000m Hcap,2,261527373,88419552,2,Winning Point,3,0.0,3.95,0.0,1.69
2026-08-27,Wagga,R2 2000m Hcap,2,261527373,90523767,3,Valentine John,2,0.0,7.2,0.0,1.87
2026-08-27,Wagga,R2 2000m Hcap,2,261527373,95919722,1,Mr Tadashi,1,1.0,3.15,1.0,1.29
2026-08-27,Wagga,R3 1400m Mdn,3,261527376,78916276,14,Sensesational Star,5,0.0,16.92,0.0,3.92
2026-08-27,Wagga,R3 1400m Mdn,3,261527376,93574266,7,Brilliant Bull Ant,2,0.0,3.25,0.0,1.97
2026-08-27,Wagga,R3 1400m Mdn,3,261527376,94687908,8,Nikita Zou,3,1.0,4.54,1.0,1.99
2026-08-27,Wagga,R3 1400m Mdn,3,261527376,96747089,3,Hellfighter,1,0.0,5.17,1.0,1.89
2026-08-27,Wagga,R3 1400m Mdn,3,261527376,102060678,5,Canola Way,4,0.0,169.65,0.0,12.78
2026-08-27,Wagga,R4 1200m Mdn,4,261527379,68637097,8,Rubilace,3,0.0,4.7,0.0,2.12
2026-08-27,Wagga,R4 1200m Mdn,4,261527379,80130829,14,Petroula,2,0.0,9.2,0.0,2.17
2026-08-27,Wagga,R4 1200m Mdn,4,261527379,99493155,3,Final Spirit,5,0.0,26.47,0.0,5.4
2026-08-27,Wagga,R4 1200m Mdn,4,261527379,102060691,5,Certain Eclipse,4,1.0,3.99,1.0,1.91
2026-08-27,Wagga,R4 1200m Mdn,4,261527379,102060692,6,Snitzel Tycoon,1,0.0,3.55,1.0,1.65
2026-08-27,Wagga,R5 1200m Hcap,5,261527382,38455223,2,King Gutho,5,0.0,32.0,0.0,4.3
2026-08-27,Wagga,R5 1200m Hcap,5,261527382,40041123,5,Eamonns Memory,3,0.0,17.39,1.0,3.6
2026-08-27,Wagga,R5 1200m Hcap,5,261527382,51178122,6,Rubi Air,4,0.0,13.5,0.0,3.55
2026-08-27,Wagga,R5 1200m Hcap,5,261527382,64545571,1,Laurel Hill,1,0.0,8.17,0.0,2.26
2026-08-27,Wagga,R5 1200m Hcap,5,261527382,67289313,3,Canny Hell,2,0.0,2.46,1.0,1.46
2026-08-27,Wagga,R6 1600m Hcap,6,261527385,74853187,2,Desert Opal,3,0.0,8.8,0.0,2.25
2026-08-27,Wagga,R6 1600m Hcap,6,261527385,78432286,1,Sacred Mistress,5,0.0,25.0,0.0,6.2
2026-08-27,Wagga,R6 1600m Hcap,6,261527385,93022310,9,Ferrari Man,4,0.0,11.0,1.0,3.3
2026-08-27,Wagga,R6 1600m Hcap,6,261527385,95578789,4,Royaltown,1,0.0,6.91,0.0,2.75
2026-08-27,Wagga,R6 1600m Hcap,6,261527385,101639298,7,Velia,2,0.0,11.41,0.0,3.35
2026-08-27,Wagga,R7 1200m CL2,7,261527388,6111426,7,Hot Toddy,5,0.0,8.4,0.0,1.94
2026-08-27,Wagga,R7 1200m CL2,7,261527388,83641815,5,Riverbend Unicorn,3,0.0,13.5,0.0,2.52
2026-08-27,Wagga,R7 1200m CL2,7,261527388,84777652,10,Kool Kade,4,1.0,3.6,1.0,1.71
2026-08-27,Wagga,R7 1200m CL2,7,261527388,90009095,6,Curly Bend,2,0.0,13.5,0.0,2.51
2026-08-27,Wagga,R7 1200m CL2,7,261527388,102060700,2,Judiths Revenge,1,0.0,2.38,1.0,1.3
2026-08-27,Wagga,R8 1000m Hcap,8,261527391,3029770,1,Serenading,1,0.0,3.35,0.0,1.48
2026-08-27,Wagga,R8 1000m Hcap,8,261527391,72878371,3,Drama Dodger,2,0.0,20.62,0.0,3.8
2026-08-27,Wagga,R8 1000m Hcap,8,261527391,80170596,7,Shes The Key,3,1.0,9.6,1.0,2.56
2026-08-27,Wagga,R8 1000m Hcap,8,261527391,83940753,11,Witch Of November,5,0.0,10.0,0.0,2.4
2026-08-27,Wagga,R8 1000m Hcap,8,261527391,99171722,10,Iroquai,4,0.0,10.42,1.0,2.62
2026-08-28,Alice Springs,R1 1600m Hcap,1,261562811,41749666,2,Valley Prince,2,0.0,3.21,0.0,1.67
2026-08-28,Alice Springs,R1 1600m Hcap,1,261562811,51360651,3,Cours Vite,3,0.0,2.48,1.0,1.48
2026-08-28,Alice Springs,R1 1600m Hcap,1,261562811,66032724,4,Nasha,1,1.0,4.36,1.0,1.73
2026-08-28,Alice Springs,R1 1600m Hcap,1,261562811,82856556,5,Denuto,4,0.0,30.16,0.0,8.4
2026-08-28,Alice Springs,R2 1200m Hcap,2,261562814,3276228,1,Brat,2,1.0,4.5,1.0,1.93
2026-08-28,Alice Springs,R2 1200m Hcap,2,261562814,10059254,2,River Frost,4,0.0,3.84,1.0,1.76
2026-08-28,Alice Springs,R2 1200m Hcap,2,261562814,27682935,5,Tango Stepz,1,0.0,32.0,0.0,5.7
2026-08-28,Alice Springs,R2 1200m Hcap,2,261562814,71342215,4,Scissor Me Timbers,5,0.0,7.72,0.0,2.1
2026-08-28,Alice Springs,R2 1200m Hcap,2,261562814,83118849,6,Stella Bystarlight,3,0.0,4.1,1.0,1.6
2026-08-28,Alice Springs,R3 1100m Hcap,3,261562817,431861,5,Snick,1,0.0,19.18,0.0,6.4
2026-08-28,Alice Springs,R3 1100m Hcap,3,261562817,50739965,4,Boss Shelby,3,0.0,9.8,0.0,4.2
2026-08-28,Alice Springs,R3 1100m Hcap,3,261562817,78688831,3,Bonny Impact,4,0.0,3.07,0.0,1.97
2026-08-28,Alice Springs,R3 1100m Hcap,3,261562817,80935146,6,Lean On Me,5,1.0,9.37,1.0,3.61
2026-08-28,Alice Springs,R3 1100m Hcap,3,261562817,85854820,1,High Ambitions,2,0.0,6.63,0.0,3.21
2026-08-28,Alice Springs,R4 1400m Hcap,4,261562820,1459023,1,Highstrung,3,0.0,8.0,0.0,3.15
2026-08-28,Alice Springs,R4 1400m Hcap,4,261562820,57047265,2,The Big Freeze,2,0.0,6.04,0.0,2.4
2026-08-28,Alice Springs,R4 1400m Hcap,4,261562820,57305834,4,Kieffer,1,1.0,2.47,1.0,1.83
2026-08-28,Alice Springs,R4 1400m Hcap,4,261562820,78231721,3,Brazen Sailor,4,0.0,5.1,0.0,2.23
2026-08-28,Alice Springs,R4 1400m Hcap,4,261562820,97763512,5,Mapleton Hill,5,0.0,18.22,0.0,6.2
2026-08-28,Alice Springs,R5 1400m Hcap,5,261562823,41308166,2,Delago Lad,4,0.0,9.56,0.0,4.7
2026-08-28,Alice Springs,R5 1400m Hcap,5,261562823,43837780,3,Flying Start,3,0.0,3.39,1.0,1.56
2026-08-28,Alice Springs,R5 1400m Hcap,5,261562823,50195082,1,Bahama Bay,1,1.0,2.95,1.0,1.64
2026-08-28,Alice Springs,R5 1400m Hcap,5,261562823,69675019,4,Grinzinger Lass,2,0.0,3.97,0.0,1.89
2026-08-28,Alice Springs,R5 1400m Hcap,5,261562823,102098347,5,Iz Shaft,5,0.0,190.0,0.0,50.0
2026-08-28,Cairns,R1 950m Mdn,1,261563224,95343780,7,Foxy Cheval,5,0.0,7.55,0.0,2.24
2026-08-28,Cairns,R1 950m Mdn,1,261563224,95920508,4,Booming Belief,2,0.0,3.68,1.0,1.83
2026-08-28,Cairns,R1 950m Mdn,1,261563224,100885137,9,Wategos Bay,4,0.0,7.86,0.0,2.22
2026-08-28,Cairns,R1 950m Mdn,1,261563224,102097575,1,Nicco Nota Fighter,3,0.0,15.5,1.0,3.63
2026-08-28,Cairns,R1 950m Mdn,1,261563224,102097578,6,Formal Affair,1,1.0,4.1,1.0,1.87
2026-08-28,Cairns,R2 950m CL1,2,261563228,6720780,1,Winchester,1,0.0,5.0,0.0,1.82
2026-08-28,Cairns,R2 950m CL1,2,261563228,44562607,7,Middle Child,4,0.0,82.16,0.0,10.02
2026-08-28,Cairns,R2 950m CL1,2,261563228,87453836,3,Babushka Miss,2,0.0,5.3,1.0,1.84
2026-08-28,Cairns,R2 950m CL1,2,261563228,90568717,8,Silverturn,5,0.0,15.41,0.0,3.3
2026-08-28,Cairns,R2 950m CL1,2,261563228,102097580,2,Unifies,3,1.0,3.74,1.0,1.44
2026-08-28,Cairns,R3 950m Hcap,3,261563232,2068148,3,New Hampshire,4,0.0,14.0,0.0,5.4
2026-08-28,Cairns,R3 950m Hcap,3,261563232,50141230,2,Hartshorn,1,0.0,5.93,0.0,3.3
2026-08-28,Cairns,R3 950m Hcap,3,261563232,61861600,1,Admitted,3,0.0,6.58,0.0,3.62
2026-08-28,Cairns,R3 950m Hcap,3,261563232,85282976,6,Lowlands,2,1.0,8.74,1.0,3.9
2026-08-28,Cairns,R3 950m Hcap,3,261563232,85542012,4,Sowilo Siren,5,0.0,3.84,0.0,2.25
2026-08-28,Cairns,R4 1450m Mdn,4,261563236,2936313,5,Overland,2,0.0,4.27,1.0,1.73
2026-08-28,Cairns,R4 1450m Mdn,4,261563236,87805304,12,Lady Barbarossa,3,0.0,3.9,0.0,1.86
2026-08-28,Cairns,R4 1450m Mdn,4,261563236,98214146,3,Bush Etiquette,4,0.0,49.15,0.0,10.5
2026-08-28,Cairns,R4 1450m Mdn,4,261563236,98735546,11,Bestov,1,1.0,8.81,1.0,2.61
2026-08-28,Cairns,R4 1450m Mdn,4,261563236,100749367,2,All Banged Up,5,0.0,6.38,0.0,2.08
2026-08-28,Cairns,R5 1450m CL3,5,261563240,6159868,3,Indefinite,3,0.0,2.88,1.0,1.34
2026-08-28,Cairns,R5 1450m CL3,5,261563240,28373647,5,Blackthorn,1,0.0,5.1,0.0,1.65
2026-08-28,Cairns,R5 1450m CL3,5,261563240,67531680,4,Fistsoffury,5,0.0,9.6,1.0,2.33
2026-08-28,Cairns,R5 1450m CL3,5,261563240,90568723,1,Khabalov,4,0.0,17.98,0.0,3.94
2026-08-28,Cairns,R5 1450m CL3,5,261563240,94736204,7,Muskito,2,1.0,5.62,1.0,2.58
2026-08-28,Cairns,R6 1400m Hcap,6,261563244,66069181,6,Fools Play,2,0.0,4.38,1.0,1.89
2026-08-28,Cairns,R6 1400m Hcap,6,261563244,66069181,6,Fools Play,3,0.0,4.38,1.0,1.89
2026-08-28,Cairns,R6 1400m Hcap,6,261563244,73755135,2,The Impeckable,1,1.0,5.3,1.0,2.0
2026-08-28,Cairns,R6 1400m Hcap,6,261563244,77082689,3,Better Breakout,4,0.0,7.76,0.0,2.64
2026-08-28,Cairns,R6 1400m Hcap,6,261563244,77082689,3,Better Breakout,5,0.0,7.76,0.0,2.64
2026-08-28,Cairns,R7 1400m CL1,7,261563248,1002683,3,Contemporary,1,0.0,25.09,0.0,6.4
2026-08-28,Cairns,R7 1400m CL1,7,261563248,46240149,4,Northern Pride,2,0.0,102.84,0.0,18.0
2026-08-28,Cairns,R7 1400m CL1,7,261563248,61337084,1,Speed Legend,4,0.0,21.24,0.0,4.81
2026-08-28,Cairns,R7 1400m CL1,7,261563248,101183603,5,Tambos Justice,3,0.0,3.95,0.0,1.65
2026-08-28,Cairns,R7 1400m CL1,7,261563248,101419000,8,Free Carry,5,0.0,42.02,0.0,10.1
2026-08-28,Cairns,R8 1250m CL1,8,261563252,800047,5,Tsunami,5,0.0,9.93,1.0,2.64
2026-08-28,Cairns,,8,261563252,802079,3,Lucky Duck,2,,,,
2026-08-28,Cairns,R8 1250m CL1,8,261563252,22953056,6,Shes A Beauty,3,0.0,9.18,0.0,2.63
2026-08-28,Cairns,R8 1250m CL1,8,261563252,79845322,4,Secret Cypher,4,0.0,17.91,0.0,4.25
2026-08-28,Cairns,R8 1250m CL1,8,261563252,80892292,1,Lazenby,1,0.0,4.54,0.0,1.71
2026-08-28,Geelong,R2 1547m Mdn,2,261562903,87454227,1,Diesel Desmond,4,0.0,4.2,1.0,1.93
2026-08-28,Geelong,R2 1547m Mdn,2,261562903,101328458,8,Arashi Flash,5,1.0,12.82,1.0,3.65
2026-08-28,Geelong,R2 1547m Mdn,2,261562903,101553790,7,Rockzino,2,0.0,5.6,1.0,2.07
2026-08-28,Geelong,R2 1547m Mdn,2,261562903,102029977,5,Carry Trade,3,0.0,11.62,0.0,3.22
2026-08-28,Geelong,R2 1547m Mdn,2,261562903,102098256,9,Melbourne Boy,1,0.0,5.0,0.0,2.34
2026-08-28,Geelong,R3 1147m 3yo,3,261562911,85995232,10,Pain Au Chocolat,1,0.0,9.8,0.0,2.59
2026-08-28,Geelong,R3 1147m 3yo,3,261562911,102029968,1,Blue Catchu,4,0.0,18.5,0.0,4.8
2026-08-28,Geelong,R3 1147m 3yo,3,261562911,102098262,4,Icelady,2,0.0,3.35,1.0,1.52
2026-08-28,Geelong,R3 1147m 3yo,3,261562911,102098263,5,Jool Of The Bool,5,0.0,32.0,0.0,7.7
2026-08-28,Geelong,R3 1147m 3yo,3,261562911,102098267,9,Over Excited,3,1.0,4.07,1.0,2.02
2026-08-28,Geelong,R4 1347m Mdn,4,261562919,97954199,8,Hydrothermal,3,1.0,4.5,1.0,1.98
2026-08-28,Geelong,R4 1347m Mdn,4,261562919,102029983,9,Jean Georges,2,0.0,32.0,0.0,6.7
2026-08-28,Geelong,R4 1347m Mdn,4,261562919,102098273,2,Zendarina,1,0.0,7.77,1.0,2.56
2026-08-28,Geelong,R4 1347m Mdn,4,261562919,102098274,3,Al Jadith,4,0.0,32.0,0.0,7.0
2026-08-28,Geelong,R4 1347m Mdn,4,261562919,102098278,7,Escadec,5,0.0,4.83,0.0,1.96
2026-08-28,Geelong,R5 1247m Hcap,5,261562927,4846372,6,Simply Sassy,2,0.0,2.36,0.0,1.3
2026-08-28,Geelong,R5 1247m Hcap,5,261562927,52467035,10,Ellmaknifico,5,0.0,42.0,0.0,6.6
2026-08-28,Geelong,R5 1247m Hcap,5,261562927,68091501,3,Think Im Divine,4,0.0,6.2,0.0,1.76
2026-08-28,Geelong,R5 1247m Hcap,5,261562927,102098284,1,Ranakye,1,1.0,5.8,1.0,2.05
2026-08-28,Geelong,,5,261562927,102098285,5,Mordialloc Beach,3,,,,
2026-08-28,Geelong,R6 1147m Hcap,6,261562935,60415303,2,Talkin Italian,5,0.0,3.89,0.0,1.58
2026-08-28,Geelong,,6,261562935,83940335,3,Insain Harry,2,,,,
2026-08-28,Geelong,R6 1147m Hcap,6,261562935,85814610,4,Nordic Strike,1,0.0,4.58,1.0,1.59
2026-08-28,Geelong,R6 1147m Hcap,6,261562935,102098287,10,Eeteedee,3,0.0,7.6,0.0,2.21
2026-08-28,Geelong,R6 1147m Hcap,6,261562935,102098288,11,Vella Longa,4,0.0,5.66,0.0,1.97
2026-08-28,Geelong,R7 1347m Hcap,7,261562943,82018076,1,Katsumi Orochi,2,0.0,8.75,0.0,2.6
2026-08-28,Geelong,R7 1347m Hcap,7,261562943,82788482,2,Prevailed,4,0.0,15.0,1.0,3.2
2026-08-28,Geelong,R7 1347m Hcap,7,261562943,99242905,4,Magnetic Chess,5,0.0,6.54,0.0,2.1
2026-08-28,Geelong,R7 1347m Hcap,7,261562943,101328484,12,Paris Winds,3,0.0,13.63,0.0,4.2
2026-08-28,Geelong,R7 1347m Hcap,7,261562943,102098289,5,Inkantosstar,1,1.0,2.68,1.0,1.35
2026-08-28,Geelong,R8 1547m Hcap,8,261562951,8245557,5,Ocean Bay,4,1.0,6.73,1.0,1.97
2026-08-28,Geelong,R8 1547m Hcap,8,261562951,61670765,9,Trinitys Doro,5,0.0,55.0,0.0,10.91
2026-08-28,Geelong,R8 1547m Hcap,8,261562951,81489877,1,Stay Humble,1,0.0,2.73,1.0,1.36
2026-08-28,Geelong,R8 1547m Hcap,8,261562951,92460068,3,Trangoojahray,2,0.0,6.8,1.0,1.9
2026-08-28,Geelong,R8 1547m Hcap,8,261562951,95660063,6,Sakakibara,3,0.0,23.83,0.0,4.7
2026-08-28,Geelong,,9,261562959,1301777,5,Is That All,3,,,,
2026-08-28,Geelong,R9 1765m Hcap,9,261562959,86099907,2,Omnic,1,0.0,1.93,1.0,1.17
2026-08-28,Geelong,R9 1765m Hcap,9,261562959,91115316,1,Hawk Power,2,0.0,7.31,0.0,1.96
2026-08-28,Geelong,,9,261562959,92504163,12,Princess Sakiko,5,,,,
2026-08-28,Geelong,R9 1765m Hcap,9,261562959,98676004,7,Kiwi Jenni,4,0.0,8.34,0.0,1.95
2026-08-28,Gold Coast,R1 1800m Mdn,1,261565967,847875,7,Rafa,5,0.0,11.8,0.0,3.38
2026-08-28,Gold Coast,R1 1800m Mdn,1,261565967,89265276,6,I Say I Say,1,0.0,4.8,0.0,2.03
2026-08-28,Gold Coast,R1 1800m Mdn,1,261565967,95022925,12,Five Of Us,4,0.0,3.98,1.0,1.68
2026-08-28,Gold Coast,R1 1800m Mdn,1,261565967,102097596,3,Bobbys My Mate,2,0.0,28.0,0.0,6.6
2026-08-28,Gold Coast,R1 1800m Mdn,1,261565967,102097597,4,Bartle Frere,3,0.0,13.97,0.0,3.45
2026-08-28,Gold Coast,R2 1000m Mdn,2,261565971,2059061,1,Drinkwater,4,1.0,4.68,1.0,1.38
2026-08-28,Gold Coast,R2 1000m Mdn,2,261565971,83313137,5,Poised Tycoon,3,0.0,16.0,1.0,2.3
2026-08-28,Gold Coast,R2 1000m Mdn,2,261565971,95920333,2,Magic Invader,2,0.0,12.82,1.0,1.73
2026-08-28,Gold Coast,R2 1000m Mdn,2,261565971,98146412,3,Pieratas Spirit,1,0.0,1.63,0.0,1.12
2026-08-28,Gold Coast,R2 1000m Mdn,2,261565971,102097606,7,Gancedo,5,0.0,75.0,0.0,5.9
2026-08-28,Gold Coast,R3 1000m 3yo,3,261565975,101163013,2,Boom Chika Wow,5,0.0,30.0,0.0,4.82
2026-08-28,Gold Coast,R3 1000m 3yo,3,261565975,101639230,12,Xplain This,3,0.0,12.94,0.0,3.6
2026-08-28,Gold Coast,R3 1000m 3yo,3,261565975,102097609,3,Bound For Moscow,2,0.0,49.15,0.0,8.0
2026-08-28,Gold Coast,R3 1000m 3yo,3,261565975,102097613,7,Brave Etoile,1,0.0,2.38,0.0,1.53
2026-08-28,Gold Coast,R3 1000m 3yo,3,261565975,102097615,9,Rebel Boom,4,0.0,29.0,1.0,6.24
2026-08-28,Gold Coast,R4 1400m Hcap,4,261565979,53184038,4,Archers Game,2,0.0,7.72,0.0,2.14
2026-08-28,Gold Coast,R4 1400m Hcap,4,261565979,68157306,5,Maximum Vortex,5,0.0,6.18,0.0,2.12
2026-08-28,Gold Coast,R4 1400m Hcap,4,261565979,69674822,9,Nails And Pride,3,0.0,49.96,0.0,8.46
2026-08-28,Gold Coast,R4 1400m Hcap,4,261565979,78465898,3,Deep Respect,4,1.0,6.76,1.0,2.27
2026-08-28,Gold Coast,R4 1400m Hcap,4,261565979,81562046,7,Count Nicholas,1,0.0,5.2,0.0,1.91
2026-08-28,Gold Coast,R5 1800m CL4,5,261565983,1354419,3,Cardiologist,3,0.0,5.7,0.0,1.97
2026-08-28,Gold Coast,R5 1800m CL4,5,261565983,47441066,11,Contreras,5,0.0,119.1,0.0,13.5
2026-08-28,Gold Coast,R5 1800m CL4,5,261565983,70666423,1,Roguery,1,1.0,2.46,1.0,1.38
2026-08-28,Gold Coast,R5 1800m CL4,5,261565983,85319985,6,Shape Of Water,4,0.0,35.19,1.0,6.67
2026-08-28,Gold Coast,R5 1800m CL4,5,261565983,100957722,4,Old Song,2,0.0,7.6,0.0,2.1
2026-08-28,Gold Coast,R6 1200m Hcap,6,261565987,80362971,9,Mr Bubbaluski,2,0.0,8.19,0.0,2.7
2026-08-28,Gold Coast,R6 1200m Hcap,6,261565987,85250595,4,Berezka,1,1.0,4.22,1.0,1.79
2026-08-28,Gold Coast,R6 1200m Hcap,6,261565987,91748107,12,Our Huntress,4,0.0,6.76,0.0,2.6
2026-08-28,Gold Coast,R6 1200m Hcap,6,261565987,102097625,11,Battle Of Vienna,5,0.0,11.2,0.0,3.96
2026-08-28,Gold Coast,R6 1200m Hcap,6,261565987,102097630,18,Maquisa,3,0.0,7.83,0.0,2.68
2026-08-28,Gold Coast,R7 1400m CL1,7,261565991,430290,3,Chatterley,3,0.0,25.91,0.0,6.29
2026-08-28,Gold Coast,R7 1400m CL1,7,261565991,10855823,2,Buckeye,4,0.0,2.97,0.0,1.65
2026-08-28,Gold Coast,R7 1400m CL1,7,261565991,24131841,12,Divine Justice,1,0.0,19.0,0.0,4.2
2026-08-28,Gold Coast,R7 1400m CL1,7,261565991,77927988,10,Autumngirl,5,0.0,5.92,0.0,1.8
2026-08-28,Gold Coast,R7 1400m CL1,7,261565991,90848379,4,Artistic Endeavour,2,0.0,25.55,1.0,5.31
2026-08-28,Gold Coast,R8 2200m CL1,8,261565995,562841,3,Explosive Power,3,0.0,8.21,1.0,1.95
2026-08-28,Gold Coast,R8 2200m CL1,8,261565995,1021883,9,Triple Time,4,1.0,12.0,1.0,2.76
2026-08-28,Gold Coast,R8 2200m CL1,8,261565995,79844679,1,Argentum Rock,2,0.0,2.79,0.0,1.4
2026-08-28,Gold Coast,R8 2200m CL1,8,261565995,92504382,12,Rainbow Glitter,5,0.0,28.13,0.0,4.44
2026-08-28,Gold Coast,R8 2200m CL1,8,261565995,102097644,13,Nukatabe,1,0.0,6.12,0.0,2.06
2026-08-28,Gosford,R1 1000m Mdn,1,261567584,13578189,3,Shimano,3,1.0,2.12,1.0,1.12
2026-08-28,Gosford,R1 1000m Mdn,1,261567584,100487023,7,Final Gift,4,0.0,85.0,0.0,5.67
2026-08-28,Gosford,R1 1000m Mdn,1,261567584,102097475,2,Star Of Indigo,2,0.0,3.67,1.0,1.34
2026-08-28,Gosford,R1 1000m Mdn,1,261567584,102097478,6,Colheitas,1,0.0,5.7,1.0,1.47
2026-08-28,Gosford,R1 1000m Mdn,1,261567584,102097481,12,Spanish Dancer,5,0.0,34.0,0.0,5.8
2026-08-28,Gosford,R2 1100m Mdn,2,261567587,806880,8,Not On My Watch,4,0.0,4.71,1.0,1.49
2026-08-28,Gosford,R2 1100m Mdn,2,261567587,6564201,9,Peyton,1,1.0,2.74,1.0,1.08
2026-08-28,Gosford,R2 1100m Mdn,2,261567587,95301629,6,Eviction Notice,2,0.0,2.94,1.0,1.17
2026-08-28,Gosford,R2 1100m Mdn,2,261567587,102097482,5,Bold Bucks,3,0.0,27.87,0.0,2.22
2026-08-28,Gosford,R3 1100m Mdn,3,261567590,3226838,9,Piaffe,4,0.0,5.57,0.0,1.72
2026-08-28,Gosford,R3 1100m Mdn,3,261567590,38913004,10,Temptation,1,1.0,1.58,1.0,1.07
2026-08-28,Gosford,R3 1100m Mdn,3,261567590,102097485,1,Loreal Belle,3,0.0,8.89,1.0,1.66
2026-08-28,Gosford,R3 1100m Mdn,3,261567590,102097487,3,Syzygy Earthlight,5,0.0,400.0,0.0,29.0
2026-08-28,Gosford,R3 1100m Mdn,3,261567590,102097489,6,Esnaad,2,0.0,20.52,1.0,1.69
2026-08-28,Gosford,R4 1200m Mdn,4,261567593,452168,10,Plume,5,0.0,9.41,0.0,2.33
2026-08-28,Gosford,R4 1200m Mdn,4,261567593,7056099,4,Stratford,2,0.0,2.56,1.0,1.61
2026-08-28,Gosford,R4 1200m Mdn,4,261567593,88111470,8,Ho Aloha,1,0.0,5.9,0.0,2.06
2026-08-28,Gosford,R4 1200m Mdn,4,261567593,100860584,2,Argansort,4,0.0,10.0,0.0,2.66
2026-08-28,Gosford,R4 1200m Mdn,4,261567593,102097493,7,Crash Bang Wallop,3,1.0,6.98,1.0,1.9
2026-08-28,Gosford,R5 1600m Hcap,5,261567596,5594299,3,Serpico,3,0.0,6.0,0.0,1.85
2026-08-28,Gosford,R5 1600m Hcap,5,261567596,7764407,4,Rush Attack,1,0.0,3.19,1.0,1.42
2026-08-28,Gosford,R5 1600m Hcap,5,261567596,83834546,2,Fiftyfivechevy,2,1.0,4.03,1.0,2.1
2026-08-28,Gosford,R5 1600m Hcap,5,261567596,86654776,6,Smart Cry,4,0.0,8.53,1.0,2.26
2026-08-28,Gosford,R5 1600m Hcap,5,261567596,91157758,5,Invasive Dreams,5,0.0,8.6,0.0,2.38
2026-08-28,Gosford,R6 2070m Hcap,6,261567599,42392716,7,Mediaro,1,0.0,12.22,0.0,4.3
2026-08-28,Gosford,R6 2070m Hcap,6,261567599,70666692,1,Majorian,3,0.0,14.87,0.0,4.93
2026-08-28,Gosford,R6 2070m Hcap,6,261567599,80718186,6,Longinus,2,1.0,2.86,1.0,1.9
2026-08-28,Gosford,R6 2070m Hcap,6,261567599,85319944,10,Sir Tua,5,0.0,10.82,0.0,2.74
2026-08-28,Gosford,R6 2070m Hcap,6,261567599,102097495,3,Tacitly,4,0.0,4.06,0.0,1.56
2026-08-28,Gosford,R7 1200m Hcap,7,261567602,84431182,6,Regal Problem,2,1.0,3.6,1.0,1.57
2026-08-28,Gosford,R7 1200m Hcap,7,261567602,102097498,1,Glastonbury Girl,3,0.0,12.06,1.0,2.54
2026-08-28,Gosford,R7 1200m Hcap,7,261567602,102097499,5,Fleet Flyer,5,0.0,3.87,0.0,2.1
2026-08-28,Gosford,R7 1200m Hcap,7,261567602,102097500,7,Wandas Spark,1,0.0,2.63,1.0,1.24
2026-08-28,Gosford,R7 1200m Hcap,7,261567602,102097501,8,Zou Royal,4,0.0,25.6,0.0,3.96
2026-08-28,Gosford,R8 1200m Hcap,8,261567605,54109664,1,Florino,3,0.0,13.79,0.0,2.98
2026-08-28,Gosford,R8 1200m Hcap,8,261567605,68638325,2,Remember Jack,1,0.0,3.84,0.0,1.66
2026-08-28,Gosford,R8 1200m Hcap,8,261567605,102097503,4,Starry Jack,4,0.0,224.3,0.0,20.49
2026-08-28,Gosford,R8 1200m Hcap,8,261567605,102097504,5,Expido,5,0.0,5.5,1.0,1.98
2026-08-28,Gosford,R8 1200m Hcap,8,261567605,102097505,7,Tannin,2,0.0,2.87,0.0,1.43
2026-08-28,Moruya,R1 1020m Mdn,1,261564550,81519041,7,Jenni Moo Moo,1,0.0,4.86,1.0,1.74
2026-08-28,Moruya,R1 1020m Mdn,1,261564550,82154016,10,Stormy Reign,4,0.0,13.42,0.0,2.24
2026-08-28,Moruya,R1 1020m Mdn,1,261564550,102098164,2,Time For Snow,2,1.0,2.45,1.0,1.36
2026-08-28,Moruya,R1 1020m Mdn,1,261564550,102098165,4,Iconic Prestige,5,0.0,838.45,0.0,17.7
2026-08-28,Moruya,,1,261564550,102098169,12,Entirely Oak,3,,,,
2026-08-28,Moruya,R2 1660m Mdn,2,261564553,975665,6,Magic Mountain,2,1.0,10.5,1.0,2.6
2026-08-28,Moruya,R2 1660m Mdn,2,261564553,41931592,4,Hard Yards,4,0.0,10.22,0.0,4.0
2026-08-28,Moruya,R2 1660m Mdn,2,261564553,102098171,7,Rouladen,3,0.0,3.43,1.0,1.58
2026-08-28,Moruya,R2 1660m Mdn,2,261564553,102098173,10,Heliconia,1,0.0,3.73,0.0,1.52
2026-08-28,Moruya,R2 1660m Mdn,2,261564553,102098175,13,Solar Orbit,5,0.0,40.0,0.0,9.0
2026-08-28,Moruya,R3 1020m CL1,3,261564556,84470983,9,Commandoro,1,0.0,8.87,0.0,2.5
2026-08-28,Moruya,R3 1020m CL1,3,261564556,86654138,10,Media Coverage,5,0.0,100.0,0.0,9.8
2026-08-28,Moruya,R3 1020m CL1,3,261564556,95919719,4,Tassalina,4,0.0,5.9,0.0,2.12
2026-08-28,Moruya,R3 1020m CL1,3,261564556,97724895,8,Minks Written,2,0.0,6.6,1.0,2.3
2026-08-28,Moruya,R3 1020m CL1,3,261564556,102098179,2,Mrs Flanders,3,1.0,2.64,1.0,1.31
2026-08-28,Moruya,R4 1310m Mdn,4,261564559,28498296,2,Colorado Sun,2,0.0,6.0,0.0,1.97
2026-08-28,Moruya,R4 1310m Mdn,4,261564559,82046782,1,Cold Mist,5,0.0,5.4,1.0,1.78
2026-08-28,Moruya,R4 1310m Mdn,4,261564559,90603731,9,Zippy Lion,1,0.0,13.04,0.0,3.55
2026-08-28,Moruya,R4 1310m Mdn,4,261564559,96533948,11,Perchance,4,1.0,2.98,1.0,1.49
2026-08-28,Moruya,R4 1310m Mdn,4,261564559,100956982,5,Mr Reiby,3,0.0,6.63,0.0,1.96
2026-08-28,Moruya,R5 2010m Hcap,5,261564562,7308298,5,Flashy Icon,2,0.0,5.15,0.0,1.87
2026-08-28,Moruya,R5 2010m Hcap,5,261564562,60490472,7,Vieste,3,0.0,23.83,0.0,8.4
2026-08-28,Moruya,R5 2010m Hcap,5,261564562,73954824,8,Unmatched,5,0.0,12.5,0.0,3.25
2026-08-28,Moruya,R5 2010m Hcap,5,261564562,79292033,9,Miss Defy,4,0.0,12.0,0.0,4.3
2026-08-28,Moruya,R5 2010m Hcap,5,261564562,100262340,2,Devine Outcast,1,0.0,11.0,0.0,3.2
2026-08-28,Moruya,R6 1020m Hcap,6,261564565,12766032,13,You Wish,4,0.0,23.0,0.0,5.67
2026-08-28,Moruya,R6 1020m Hcap,6,261564565,49891576,8,Abstruse,1,0.0,9.4,0.0,2.94
2026-08-28,Moruya,R6 1020m Hcap,6,261564565,86387872,4,Commanding Belle,3,0.0,13.0,0.0,3.62
2026-08-28,Moruya,R6 1020m Hcap,6,261564565,90285902,2,Cani Cancan,5,1.0,15.73,1.0,4.4
2026-08-28,Moruya,R6 1020m Hcap,6,261564565,102098190,1,Tai Lung,2,0.0,14.28,1.0,4.05
2026-08-28,Moruya,R7 1435m Hcap,7,261564568,28255806,3,Epaullo Creed,1,0.0,7.36,0.0,2.84
2026-08-28,Moruya,R7 1435m Hcap,7,261564568,69674982,7,Mighty Myrtle,3,0.0,3.75,0.0,1.83
2026-08-28,Moruya,R7 1435m Hcap,7,261564568,92207377,8,Tavolo,4,1.0,11.09,1.0,3.28
2026-08-28,Moruya,R7 1435m Hcap,7,261564568,102098197,11,Rocco Lini,2,0.0,3.7,1.0,1.55
2026-08-28,Moruya,R7 1435m Hcap,7,261564568,102098198,12,Snowy,5,0.0,16.7,0.0,3.5
2026-08-28,Moruya,R8 1210m Hcap,8,261564571,37711576,6,Selhurst Park,5,1.0,14.0,1.0,3.95
2026-08-28,Moruya,R8 1210m Hcap,8,261564571,80055767,5,Nagadec,4,0.0,20.59,0.0,4.57
2026-08-28,Moruya,R8 1210m Hcap,8,261564571,93239828,8,Vereeva,2,0.0,12.86,0.0,3.76
2026-08-28,Moruya,R8 1210m Hcap,8,261564571,93239828,8,Vereeva,3,0.0,12.86,0.0,3.76
2026-08-28,Moruya,R8 1210m Hcap,8,261564571,94182168,7,Sir Lunchalots,1,0.0,11.5,0.0,3.55
2026-08-28,Naracoorte,R1 1430m Mdn,1,261567386,90456889,7,Pretty Morsel,2,0.0,4.2,1.0,1.67
2026-08-28,Naracoorte,R1 1430m Mdn,1,261567386,95343662,1,Chilly Bro,4,0.0,28.0,0.0,5.3
2026-08-28,Naracoorte,R1 1430m Mdn,1,261567386,102097693,2,Fomenter,1,0.0,3.15,1.0,1.58
2026-08-28,Naracoorte,R1 1430m Mdn,1,261567386,102097694,4,Okeah,3,1.0,9.42,1.0,2.52
2026-08-28,Naracoorte,R1 1430m Mdn,1,261567386,102097696,6,Peyton Jane,5,0.0,11.42,0.0,3.31
2026-08-28,Naracoorte,R2 1200m Mdn,2,261567392,5271366,9,Settle Petal,1,0.0,3.65,0.0,1.76
2026-08-28,Naracoorte,R2 1200m Mdn,2,261567392,68414276,2,Gingerbread Boy,5,0.0,58.35,0.0,10.5
2026-08-28,Naracoorte,R2 1200m Mdn,2,261567392,84471731,1,Calm The Press,4,0.0,7.5,0.0,2.46
2026-08-28,Naracoorte,R2 1200m Mdn,2,261567392,101328182,8,Secret Owl,3,0.0,5.34,0.0,1.8
2026-08-28,Naracoorte,R2 1200m Mdn,2,261567392,102097698,3,Nic The Cash,2,0.0,12.5,1.0,3.4
2026-08-28,Naracoorte,R3 1100m Hcap,3,261567398,7613624,2,Forever Waiting,1,1.0,6.66,1.0,2.32
2026-08-28,Naracoorte,R3 1100m Hcap,3,261567398,27551280,8,Melissa Kate,3,0.0,7.2,1.0,2.12
2026-08-28,Naracoorte,R3 1100m Hcap,3,261567398,38597961,5,Immediate Response,4,0.0,17.0,0.0,4.08
2026-08-28,Naracoorte,R3 1100m Hcap,3,261567398,39465539,6,Just Like Lisa,2,0.0,3.08,0.0,1.49
2026-08-28,Naracoorte,R3 1100m Hcap,3,261567398,72720213,7,Shooting For Stars,5,0.0,8.14,1.0,2.52
2026-08-28,Naracoorte,R4 1430m CL1,4,261567404,63363613,11,Lady Of Savoy,5,0.0,24.72,0.0,4.6
2026-08-28,Naracoorte,R4 1430m CL1,4,261567404,74571800,4,Rhinestone Rory,3,1.0,10.42,1.0,3.18
2026-08-28,Naracoorte,R4 1430m CL1,4,261567404,102097706,1,Winning All Round,4,0.0,4.89,1.0,1.67
2026-08-28,Naracoorte,R4 1430m CL1,4,261567404,102097707,2,Cute Girl,1,0.0,2.61,1.0,1.42
2026-08-28,Naracoorte,R4 1430m CL1,4,261567404,102097708,3,Mrs Harris,2,0.0,11.99,0.0,3.5
2026-08-28,Naracoorte,R5 2000m Hcap,5,261567410,41573877,12,Vivacious Award,2,0.0,44.0,0.0,10.0
2026-08-28,Naracoorte,R5 2000m Hcap,5,261567410,61896053,7,Badonkidonk,4,1.0,11.5,1.0,3.7
2026-08-28,Naracoorte,R5 2000m Hcap,5,261567410,69390125,1,Akitu,3,0.0,14.05,0.0,4.4
2026-08-28,Naracoorte,R5 2000m Hcap,5,261567410,90286179,6,I Love This Song,1,0.0,4.43,1.0,2.28
2026-08-28,Naracoorte,R5 2000m Hcap,5,261567410,100486529,9,Dodgy Element,5,0.0,16.41,0.0,5.29
2026-08-28,Naracoorte,R6 1100m Hcap,6,261567416,1498482,4,Howl,2,0.0,5.8,0.0,1.81
2026-08-28,Naracoorte,R6 1100m Hcap,6,261567416,66294505,7,Gusty Way,4,0.0,6.2,1.0,2.02
2026-08-28,Naracoorte,R6 1100m Hcap,6,261567416,79803721,9,Cool The Jets,5,0.0,34.0,0.0,6.86
2026-08-28,Naracoorte,R6 1100m Hcap,6,261567416,91807112,5,Naralinga,3,1.0,2.99,1.0,1.46
2026-08-28,Naracoorte,R6 1100m Hcap,6,261567416,99982927,3,Halliwell,1,0.0,6.44,1.0,2.07
2026-08-28,Naracoorte,R7 1430m Hcap,7,261567422,11139773,6,Aquaholic,2,0.0,3.45,0.0,1.77
2026-08-28,Naracoorte,R7 1430m Hcap,7,261567422,40835787,8,Loose Lip Lloyd,5,0.0,26.2,0.0,7.8
2026-08-28,Naracoorte,R7 1430m Hcap,7,261567422,64206045,3,Tannenburg,1,0.0,6.2,0.0,2.38
2026-08-28,Naracoorte,R7 1430m Hcap,7,261567422,100262914,4,Stargust,4,0.0,22.0,1.0,4.99
2026-08-28,Naracoorte,R7 1430m Hcap,7,261567422,102097710,10,Kalosyni,3,0.0,7.45,0.0,2.78
2026-08-29,Belmont,R1 1000m 3yo,1,261566116,93537905,1,Dawn Dancer,3,0.0,1.95,1.0,1.17
2026-08-29,Belmont,R1 1000m 3yo,1,261566116,102099533,2,Boy Crush,2,1.0,5.9,1.0,1.83
2026-08-29,Belmont,R1 1000m 3yo,1,261566116,102099534,3,Farnova,1,0.0,11.5,1.0,2.32
2026-08-29,Belmont,R1 1000m 3yo,1,261566116,102099535,4,Ruthless Angel,4,0.0,18.33,0.0,2.74
2026-08-29,Belmont,R1 1000m 3yo,1,261566116,102099536,5,Run Rupert Run,5,0.0,15.5,0.0,3.05
2026-08-29,Belmont,R2 1000m Hcap,2,261566125,571204,3,Multinational,5,0.0,130.0,0.0,26.82
2026-08-29,Belmont,R2 1000m Hcap,2,261566125,55782311,6,Pin Deep,4,0.0,3.86,0.0,2.07
2026-08-29,Belmont,R2 1000m Hcap,2,261566125,59416036,2,Ginnivan,3,0.0,7.22,1.0,2.56
2026-08-29,Belmont,R2 1000m Hcap,2,261566125,75046342,5,Haida Gwaii,1,1.0,6.97,1.0,2.9
2026-08-29,Belmont,R2 1000m Hcap,2,261566125,102099539,7,September Born,2,0.0,2.83,0.0,1.64
2026-08-29,Belmont,R3 1000m Hcap,3,261566134,68568831,1,Kings Honour,5,1.0,3.9,1.0,1.7
2026-08-29,Belmont,R3 1000m Hcap,3,261566134,68639033,8,Gold Flakes,3,0.0,16.0,0.0,3.67
2026-08-29,Belmont,R3 1000m Hcap,3,261566134,98960860,4,Eternal Wine,1,0.0,3.78,1.0,1.46
2026-08-29,Belmont,R3 1000m Hcap,3,261566134,102099540,2,Too Darn Stormy,2,0.0,10.89,0.0,3.09
2026-08-29,Belmont,R3 1000m Hcap,3,261566134,102099541,6,Ripper Rupert,4,0.0,56.15,0.0,9.6
2026-08-29,Belmont,R4 1200m Hcap,4,261566143,4420100,4,Six Shooter,4,1.0,14.68,1.0,3.59
2026-08-29,Belmont,R4 1200m Hcap,4,261566143,19451971,5,Hurricane Harley,2,0.0,3.9,1.0,1.48
2026-08-29,Belmont,R4 1200m Hcap,4,261566143,57378647,1,Sunny Honey,3,0.0,17.0,0.0,3.4
2026-08-29,Belmont,R4 1200m Hcap,4,261566143,73918524,3,Prospectors Pick,5,0.0,17.87,0.0,4.12
2026-08-29,Belmont,R4 1200m Hcap,4,261566143,102099542,6,Country God,1,0.0,4.29,0.0,1.71
2026-08-29,Belmont,R5 1300m Hcap,5,261566152,9078749,6,Diamond Warrior,5,0.0,20.92,0.0,4.78
2026-08-29,Belmont,R5 1300m Hcap,5,261566152,64123110,12,Village Girl,3,0.0,29.23,0.0,4.6
2026-08-29,Belmont,R5 1300m Hcap,5,261566152,75639049,1,Gods Gate,1,0.0,2.52,1.0,1.35
2026-08-29,Belmont,R5 1300m Hcap,5,261566152,94449070,7,Dirty Habits,4,0.0,6.8,0.0,2.24
2026-08-29,Belmont,R5 1300m Hcap,5,261566152,102099544,2,Gods Cross,2,0.0,8.65,0.0,2.3
2026-08-29,Belmont,R6 1600m Hcap,6,261566161,46345068,3,Musgrave,2,0.0,13.6,0.0,3.45
2026-08-29,Belmont,R6 1600m Hcap,6,261566161,61250598,2,Romantic Ruler,4,0.0,21.82,0.0,3.73
2026-08-29,Belmont,R6 1600m Hcap,6,261566161,80605063,9,Chantel,3,0.0,3.5,1.0,1.66
2026-08-29,Belmont,R6 1600m Hcap,6,261566161,85507966,7,Phat Chaps,1,0.0,5.54,1.0,2.42
2026-08-29,Belmont,R6 1600m Hcap,6,261566161,101781655,6,Olaf The Snowman,5,1.0,6.73,1.0,1.83
2026-08-29,Belmont,R7 1400m Hcap,7,261566170,2555438,3,Allentown,4,0.0,14.84,0.0,3.7
2026-08-29,Belmont,R7 1400m Hcap,7,261566170,81563896,1,Dont Trust Judas,5,0.0,65.0,0.0,9.0
2026-08-29,Belmont,R7 1400m Hcap,7,261566170,84182956,2,Silent Diva,3,1.0,3.1,1.0,1.26
2026-08-29,Belmont,R7 1400m Hcap,7,261566170,97631747,4,Belaura Star,1,0.0,12.29,0.0,2.9
2026-08-29,Belmont,R7 1400m Hcap,7,261566170,102099545,8,Cosmic Waltz,2,0.0,3.15,1.0,1.39
2026-08-29,Belmont,R8 1600m Hcap,8,261566179,43528246,6,Supernatural,3,0.0,12.5,1.0,3.23
2026-08-29,Belmont,R8 1600m Hcap,8,261566179,82080793,4,Memory Parade,2,0.0,42.0,0.0,6.07
2026-08-29,Belmont,R8 1600m Hcap,8,261566179,85982319,7,The Crimson Pirate,5,1.0,2.34,1.0,1.23
2026-08-29,Belmont,R8 1600m Hcap,8,261566179,102099546,8,All Grunt,1,0.0,9.0,0.0,2.18
2026-08-29,Belmont,R8 1600m Hcap,8,261566179,102099547,11,Yes I Know,4,0.0,4.44,1.0,1.72
2026-08-29,Cairns,R3 1250m CL6,3,261607436,42537234,4,Nolan,3,0.0,11.35,0.0,2.6
2026-08-29,Cairns,R3 1250m CL6,3,261607436,57626023,2,Line Em Up Loui,2,0.0,5.23,0.0,1.97
2026-08-29,Cairns,R3 1250m CL6,3,261607436,64084400,1,The Extreme Cat,1,0.0,14.88,1.0,3.91
2026-08-29,Cairns,R3 1250m CL6,3,261607436,77082498,9,Miss Moneypenny,5,1.0,3.25,1.0,1.41
2026-08-29,Cairns,R3 1250m CL6,3,261607436,87205459,7,Novela,4,0.0,9.1,0.0,2.73
2026-08-29,Cairns,R4 950m Hcap,4,261607440,2290475,4,Singular,5,0.0,26.97,0.0,5.93
2026-08-29,Cairns,R4 950m Hcap,4,261607440,55205923,10,Willingale,1,0.0,18.0,0.0,3.95
2026-08-29,Cairns,R4 950m Hcap,4,261607440,58917993,2,Lucky Rolla,4,0.0,66.53,0.0,12.0
2026-08-29,Cairns,R4 950m Hcap,4,261607440,83569108,1,Guac On,3,1.0,4.6,1.0,2.04
2026-08-29,Cairns,R4 950m Hcap,4,261607440,88069496,6,Shes Speedy,2,0.0,3.19,0.0,1.66
2026-08-29,Cairns,R5 1400m Hcap,5,261607444,66509487,6,El Pensador,5,0.0,3.64,1.0,1.63
2026-08-29,Cairns,R5 1400m Hcap,5,261607444,74264479,3,Canberra Legend,2,0.0,7.6,1.0,2.43
2026-08-29,Cairns,R5 1400m Hcap,5,261607444,82018540,10,Colleano,1,1.0,4.49,1.0,1.86
2026-08-29,Cairns,R5 1400m Hcap,5,261607444,85505556,7,Got Gumption,3,0.0,6.6,0.0,1.85
2026-08-29,Cairns,R5 1400m Hcap,5,261607444,86306422,2,Moegreen,4,0.0,8.1,0.0,2.24
2026-08-29,Cairns,R6 1450m Qlty,6,261607448,3419764,3,Avenue Montaigne,1,0.0,4.79,0.0,1.74
2026-08-29,Cairns,,6,261607448,100262929,5,Faraway Downs,3,,,,
2026-08-29,Cairns,R6 1450m Qlty,6,261607448,102134821,2,Bianca Mia,2,1.0,2.26,1.0,1.37
2026-08-29,Cairns,R6 1450m Qlty,6,261607448,102134822,6,British Gem,4,0.0,8.89,0.0,2.13
2026-08-29,Cairns,R6 1450m Qlty,6,261607448,102134824,8,Carohvic,5,0.0,39.45,0.0,5.82
2026-08-29,Cairns,R7 2100m Qlty,7,261607452,27945060,1,Zoology,3,0.0,9.42,1.0,3.2
2026-08-29,Cairns,R7 2100m Qlty,7,261607452,28631661,2,Smart Legend,2,0.0,6.43,0.0,2.64
2026-08-29,Cairns,R7 2100m Qlty,7,261607452,41006161,3,Journalism,4,0.0,8.6,1.0,2.87
2026-08-29,Cairns,R7 2100m Qlty,7,261607452,51576983,7,Kureder,5,0.0,45.1,0.0,10.5
2026-08-29,Cairns,R7 2100m Qlty,7,261607452,81183485,8,Sigiriya Rock,1,0.0,4.4,0.0,1.91
2026-08-29,Cairns,R8 1250m CL3,8,261607456,68674053,1,Bancory Bay,5,0.0,9.8,0.0,2.5
2026-08-29,Cairns,R8 1250m CL3,8,261607456,76390688,5,Hot Digity Boom,1,0.0,1.81,1.0,1.24
2026-08-29,Cairns,R8 1250m CL3,8,261607456,76390688,5,Hot Digity Boom,2,0.0,1.81,1.0,1.24
2026-08-29,Cairns,R8 1250m CL3,8,261607456,83050433,6,Insta Worthy,4,0.0,32.89,0.0,5.97
2026-08-29,Cairns,R8 1250m CL3,8,261607456,102134828,7,Kirikan,3,1.0,5.4,1.0,1.75
2026-08-29,Caulfield,R4 1400m Hcap,4,261564751,144629,4,Stylish,3,0.0,7.0,1.0,2.59
2026-08-29,Caulfield,R4 1400m Hcap,4,261564751,70892265,3,Elouyou,4,0.0,20.32,0.0,5.85
2026-08-29,Caulfield,R4 1400m Hcap,4,261564751,92996257,15,Watersports,5,0.0,16.5,0.0,4.58
2026-08-29,Caulfield,R4 1400m Hcap,4,261564751,102098409,8,Asakura,2,0.0,18.0,0.0,4.5
2026-08-29,Caulfield,R4 1400m Hcap,4,261564751,102098414,18,Victorious Spirit,1,0.0,5.51,0.0,2.5
2026-08-29,Caulfield,R5 1200m Grp3,5,261564760,60987389,9,Pondalowie,3,0.0,27.0,0.0,5.7
2026-08-29,Caulfield,R5 1200m Grp3,5,261564760,80362851,11,Custom,5,1.0,10.0,1.0,2.49
2026-08-29,Caulfield,R5 1200m Grp3,5,261564760,80935014,3,Wrote To Arataki,1,0.0,30.0,0.0,6.32
2026-08-29,Caulfield,R5 1200m Grp3,5,261564760,86347402,6,Shadhavar,4,0.0,2.2,0.0,1.43
2026-08-29,Caulfield,R5 1200m Grp3,5,261564760,93918692,1,Belle Cheval,2,0.0,29.0,0.0,5.78
2026-08-29,Caulfield,R6 1100m Grp3,6,261564769,13184290,1,War Machine,5,0.0,7.62,1.0,2.4
2026-08-29,Caulfield,R6 1100m Grp3,6,261564769,75313871,6,De Bergerac,4,0.0,31.27,0.0,4.38
2026-08-29,Caulfield,R6 1100m Grp3,6,261564769,86347408,9,Bridal Waltz,2,0.0,4.01,1.0,1.59
2026-08-29,Caulfield,R6 1100m Grp3,6,261564769,102098419,4,Recommendation,1,0.0,6.92,0.0,2.2
2026-08-29,Caulfield,R6 1100m Grp3,6,261564769,102098420,8,Inkaruna,3,0.0,25.87,0.0,4.76
2026-08-29,Caulfield,R7 1200m Grp3,7,261564778,1410488,5,Confederation,5,0.0,14.57,0.0,3.75
2026-08-29,Caulfield,R7 1200m Grp3,7,261564778,5607616,9,American Eagle,1,1.0,3.27,1.0,1.81
2026-08-29,Caulfield,R7 1200m Grp3,7,261564778,102098421,2,Unit Five,2,0.0,7.0,1.0,2.26
2026-08-29,Caulfield,R7 1200m Grp3,7,261564778,102098423,4,Obambulate,4,0.0,11.0,0.0,2.67
2026-08-29,Caulfield,R7 1200m Grp3,7,261564778,102098426,10,Aethera,3,0.0,7.6,0.0,2.65
2026-08-29,Caulfield,R8 1400m Grp1,8,261564787,1259449,3,Tom Kitten,5,0.0,42.0,0.0,6.2
2026-08-29,Caulfield,R8 1400m Grp1,8,261564787,2424221,1,Mr Brightside,4,0.0,33.7,1.0,5.53
2026-08-29,Caulfield,R8 1400m Grp1,8,261564787,6061614,6,Birdman,3,0.0,77.93,0.0,10.19
2026-08-29,Caulfield,R8 1400m Grp1,8,261564787,82057569,2,Jimmysstar,1,0.0,3.89,0.0,1.54
2026-08-29,Caulfield,R8 1400m Grp1,8,261564787,82856741,8,Sabaj,2,0.0,200.0,0.0,23.0
2026-08-29,Caulfield,R9 1700m Listed,9,261564796,19870501,3,Kingswood,4,1.0,30.38,1.0,6.6
2026-08-29,Caulfield,R9 1700m Listed,9,261564796,36423474,9,Just Folk,3,0.0,12.0,1.0,2.78
2026-08-29,Caulfield,R9 1700m Listed,9,261564796,61862680,8,Soulcombe,1,0.0,82.89,0.0,13.0
2026-08-29,Caulfield,R9 1700m Listed,9,261564796,90524493,6,Wootton Verni,5,0.0,52.57,0.0,7.87
2026-08-29,Caulfield,R9 1700m Listed,9,261564796,102098434,14,Zahrann,2,0.0,12.71,0.0,3.6
2026-08-29,Caulfield,R10 1400m Hcap,10,261564805,1468718,12,Ten Commandments,4,0.0,6.4,1.0,1.91
2026-08-29,Caulfield,R10 1400m Hcap,10,261564805,57847385,1,Another Wil,1,0.0,7.98,0.0,2.78
2026-08-29,Caulfield,R10 1400m Hcap,10,261564805,70600725,14,Fancify,5,1.0,20.0,1.0,3.7
2026-08-29,Caulfield,R10 1400m Hcap,10,261564805,81155986,4,Al Duca,2,0.0,29.26,0.0,4.93
2026-08-29,Caulfield,R10 1400m Hcap,10,261564805,102098437,11,Sass Appeal,3,0.0,2.59,0.0,1.54
2026-08-29,Darwin,R1 1300m Hcap,1,261611268,4123148,1,Merimbula,1,0.0,5.08,0.0,1.93
2026-08-29,Darwin,R1 1300m Hcap,1,261611268,4625072,8,Sass,3,1.0,6.5,1.0,2.04
2026-08-29,Darwin,R1 1300m Hcap,1,261611268,46889706,2,Funnyifitwon,2,0.0,23.0,1.0,5.0
2026-08-29,Darwin,R1 1300m Hcap,1,261611268,92161605,3,Tee Galleria,4,0.0,6.2,1.0,1.89
2026-08-29,Darwin,R1 1300m Hcap,1,261611268,102098301,6,Lavender Glory,5,0.0,9.09,0.0,2.46
2026-08-29,Darwin,R2 1200m Hcap,2,261611271,1374247,6,Debating,3,0.0,9.4,1.0,2.73
2026-08-29,Darwin,R2 1200m Hcap,2,261611271,2255524,3,Romantic Love,1,0.0,2.79,0.0,1.6
2026-08-29,Darwin,R2 1200m Hcap,2,261611271,66732818,1,Biden Time,4,0.0,5.29,0.0,1.91
2026-08-29,Darwin,R2 1200m Hcap,2,261611271,78464654,5,I Loverain,2,1.0,7.2,1.0,2.04
2026-08-29,Darwin,R2 1200m Hcap,2,261611271,92459947,2,Southampton Flare,5,0.0,17.5,0.0,3.85
2026-08-29,Darwin,R3 1100m Hcap,3,261611274,53486876,2,Patriotic King,3,1.0,7.0,1.0,2.8
2026-08-29,Darwin,R3 1100m Hcap,3,261611274,72915928,3,If I Was You,1,0.0,2.14,0.0,1.38
2026-08-29,Darwin,R3 1100m Hcap,3,261611274,77728040,1,Mr Marrakech,2,0.0,4.31,1.0,2.06
2026-08-29,Darwin,R3 1100m Hcap,3,261611274,90604452,4,Time To Baca,4,0.0,7.0,0.0,2.24
2026-08-29,Darwin,R4 1000m CL2,4,261611277,78046377,5,Charlie Magic,3,0.0,22.21,0.0,6.6
2026-08-29,Darwin,R4 1000m CL2,4,261611277,80329718,3,Pafitis,4,0.0,6.7,0.0,2.87
2026-08-29,Darwin,R4 1000m CL2,4,261611277,102098303,1,Order Online,1,0.0,3.65,1.0,1.77
2026-08-29,Darwin,R4 1000m CL2,4,261611277,102098304,2,Tears Are Flowing,2,1.0,2.22,1.0,1.4
2026-08-29,Darwin,R4 1000m CL2,4,261611277,102098305,4,Sassy Abbey,5,0.0,19.48,0.0,4.98
2026-08-29,Darwin,R5 1000m Hcap,5,261611280,40187858,5,Shirshov,1,0.0,11.14,0.0,2.91
2026-08-29,Darwin,R5 1000m Hcap,5,261611280,53751245,1,Arizona Activist,2,0.0,7.29,0.0,1.9
2026-08-29,Darwin,R5 1000m Hcap,5,261611280,61522811,6,Zing To Win,5,0.0,38.0,0.0,6.4
2026-08-29,Darwin,R5 1000m Hcap,5,261611280,66791481,4,Lims Bighorn,3,0.0,13.5,0.0,3.2
2026-08-29,Darwin,R5 1000m Hcap,5,261611280,71403693,2,Wild Beau,4,1.0,1.97,1.0,1.21
2026-08-29,Eagle Farm,R5 1200m Hcap,5,261564145,3070577,4,Enforceable,3,0.0,4.29,1.0,1.66
2026-08-29,Eagle Farm,R5 1200m Hcap,5,261564145,3070577,4,Enforceable,4,0.0,4.29,1.0,1.66
2026-08-29,Eagle Farm,R5 1200m Hcap,5,261564145,82078917,5,Stormland,2,0.0,8.94,1.0,2.59
2026-08-29,Eagle Farm,R5 1200m Hcap,5,261564145,84696736,7,Midnight Spirit,1,0.0,3.31,0.0,1.6
2026-08-29,Eagle Farm,R5 1200m Hcap,5,261564145,102098594,15,Nepravda,5,0.0,23.92,0.0,4.21
2026-08-29,Eagle Farm,R6 1000m Hcap,6,261564154,8998343,6,The Fixer,1,0.0,6.6,0.0,2.2
2026-08-29,Eagle Farm,R6 1000m Hcap,6,261564154,85445478,2,Moonhaven,5,0.0,20.0,0.0,4.4
2026-08-29,Eagle Farm,R6 1000m Hcap,6,261564154,102098605,10,Miss Personality,3,0.0,21.0,0.0,4.8
2026-08-29,Eagle Farm,R6 1000m Hcap,6,261564154,102098607,12,Get Ready Lass,2,0.0,7.23,1.0,2.56
2026-08-29,Eagle Farm,R6 1000m Hcap,6,261564154,102098607,12,Get Ready Lass,4,0.0,7.23,1.0,2.56
2026-08-29,Eagle Farm,R7 1400m Hcap,7,261564163,40797223,18,Starman,4,0.0,20.57,1.0,5.0
2026-08-29,Eagle Farm,R7 1400m Hcap,7,261564163,62633275,3,Larrikin Rogue,2,1.0,14.5,1.0,3.92
2026-08-29,Eagle Farm,R7 1400m Hcap,7,261564163,72948355,7,Pipistrelle,3,0.0,18.0,0.0,5.1
2026-08-29,Eagle Farm,R7 1400m Hcap,7,261564163,72948355,7,Pipistrelle,5,0.0,18.0,0.0,5.1
2026-08-29,Eagle Farm,R7 1400m Hcap,7,261564163,82566393,2,Zouper Fund,1,0.0,10.07,1.0,2.78
2026-08-29,Eagle Farm,R8 1000m Hcap,8,261564172,758171,6,Town Crier,3,1.0,14.5,1.0,3.48
2026-08-29,Eagle Farm,R8 1000m Hcap,8,261564172,54866986,1,Cifrado,4,0.0,5.4,1.0,1.88
2026-08-29,Eagle Farm,R8 1000m Hcap,8,261564172,73642709,10,Tiger Tie,5,0.0,13.0,0.0,3.25
2026-08-29,Eagle Farm,R8 1000m Hcap,8,261564172,78977067,5,Polyglot,1,0.0,2.53,1.0,1.44
2026-08-29,Eagle Farm,R8 1000m Hcap,8,261564172,92996804,2,Taltarni Fields,2,0.0,5.51,0.0,1.84
2026-08-29,Eagle Farm,R9 1600m 3yo,9,261564181,1021117,6,Naval Seal,1,0.0,44.51,0.0,8.0
2026-08-29,Eagle Farm,R9 1600m 3yo,9,261564181,2035024,3,Last Command,5,0.0,18.5,0.0,3.91
2026-08-29,Eagle Farm,R9 1600m 3yo,9,261564181,4315126,7,Perfect Play,2,0.0,15.28,0.0,3.31
2026-08-29,Eagle Farm,R9 1600m 3yo,9,261564181,42170299,2,North Pole,4,0.0,9.04,1.0,2.51
2026-08-29,Eagle Farm,R9 1600m 3yo,9,261564181,69829623,1,Cunnamulla Fella,3,0.0,6.0,0.0,2.02
2026-08-29,Eagle Farm,R10 1200m Hcap,10,261564190,2499682,6,Braveheart,3,0.0,3.9,0.0,1.73
2026-08-29,Eagle Farm,R10 1200m Hcap,10,261564190,77023002,12,Surprise Honey,4,1.0,4.04,1.0,1.62
2026-08-29,Eagle Farm,R10 1200m Hcap,10,261564190,78471883,5,Ouroboros,2,0.0,9.63,0.0,2.72
2026-08-29,Eagle Farm,R10 1200m Hcap,10,261564190,83569124,2,Give Giggles,5,0.0,21.13,0.0,4.7
2026-08-29,Eagle Farm,R10 1200m Hcap,10,261564190,85507180,7,Caspernova,1,0.0,20.7,1.0,4.4
2026-08-29,Grafton,R2 1410m Mdn,2,261607228,72679045,9,So Sain,2,0.0,4.63,1.0,1.68
2026-08-29,Grafton,R2 1410m Mdn,2,261607228,84181774,4,Savanna Golden Boy,3,0.0,11.0,0.0,3.0
2026-08-29,Grafton,R2 1410m Mdn,2,261607228,86389072,8,Pearl Of Sicily,5,0.0,11.38,0.0,3.75
2026-08-29,Grafton,R2 1410m Mdn,2,261607228,101671249,1,Divine Mandate,1,1.0,2.92,1.0,1.33
2026-08-29,Grafton,R2 1410m Mdn,2,261607228,102134714,5,Wind Blast,4,0.0,10.59,0.0,2.38
2026-08-29,Grafton,R3 1181m CL1,3,261607231,92241708,2,Gold Puma,2,0.0,61.6,0.0,5.6
2026-08-29,Grafton,R3 1181m CL1,3,261607231,100262550,1,Mongolian Spring,1,1.0,2.29,1.0,1.29
2026-08-29,Grafton,R3 1181m CL1,3,261607231,100262550,1,Mongolian Spring,5,1.0,2.29,1.0,1.29
2026-08-29,Grafton,R3 1181m CL1,3,261607231,102134716,6,Sinfull,3,0.0,3.05,1.0,1.4
2026-08-29,Grafton,R3 1181m CL1,3,261607231,102134717,9,Legin,4,0.0,32.0,0.0,4.02
2026-08-29,Grafton,R4 1106m Hcap,4,261607234,66110251,9,Piplup,4,0.0,65.0,0.0,15.5
2026-08-29,Grafton,R4 1106m Hcap,4,261607234,68673759,6,Archers Reign,1,0.0,25.0,0.0,3.29
2026-08-29,Grafton,R4 1106m Hcap,4,261607234,84471817,5,Monaco Flyer,3,1.0,1.61,1.0,1.18
2026-08-29,Grafton,R4 1106m Hcap,4,261607234,85541516,1,Set To Prophet,5,0.0,14.65,0.0,2.78
2026-08-29,Grafton,R4 1106m Hcap,4,261607234,96771710,2,Under The Collar,2,0.0,24.0,0.0,14.02
2026-08-29,Grafton,R5 2220m CL1,5,261607237,2375193,3,Righteous,1,0.0,4.0,1.0,1.67
2026-08-29,Grafton,R5 2220m CL1,5,261607237,71684821,6,Griffinstown Girl,2,0.0,34.0,0.0,7.0
2026-08-29,Grafton,R5 2220m CL1,5,261607237,80974122,8,Manhattan Dress,4,0.0,30.01,0.0,7.0
2026-08-29,Grafton,R5 2220m CL1,5,261607237,83903901,1,Ayasaki,5,0.0,4.2,1.0,1.88
2026-08-29,Grafton,R5 2220m CL1,5,261607237,91432066,12,Pressipitating,3,0.0,17.0,0.0,3.46
2026-08-29,Grafton,R6 1410m Hcap,6,261607240,57688570,3,Monte Outlander,4,0.0,12.98,0.0,2.92
2026-08-29,Grafton,R6 1410m Hcap,6,261607240,68712280,2,Picupstixx,3,0.0,6.1,0.0,2.1
2026-08-29,Grafton,R6 1410m Hcap,6,261607240,80170587,5,Thiem,1,0.0,4.9,1.0,1.65
2026-08-29,Grafton,R6 1410m Hcap,6,261607240,80170587,5,Thiem,2,0.0,4.9,1.0,1.65
2026-08-29,Grafton,R6 1410m Hcap,6,261607240,84911314,1,Zou Big Boy,5,0.0,7.6,0.0,2.5
2026-08-29,Grafton,R7 1410m Hcap,7,261607243,26323639,11,Righteous Brother,4,0.0,42.53,0.0,8.6
2026-08-29,Grafton,R7 1410m Hcap,7,261607243,73792876,9,La Narradora,1,1.0,9.2,1.0,3.05
2026-08-29,Grafton,R7 1410m Hcap,7,261607243,79803698,1,Rubology,3,0.0,12.88,1.0,3.45
2026-08-29,Grafton,R7 1410m Hcap,7,261607243,79803698,1,Rubology,5,0.0,12.88,1.0,3.45
2026-08-29,Grafton,R7 1410m Hcap,7,261607243,88420036,7,Tara Koda,2,0.0,5.51,1.0,2.4
2026-08-29,Kembla Grange,R3 1200m Mdn,3,261607514,7372955,5,Confucius,2,0.0,6.2,0.0,2.56
2026-08-29,Kembla Grange,R3 1200m Mdn,3,261607514,99656743,1,Creator Of World,1,0.0,18.78,0.0,3.06
2026-08-29,Kembla Grange,R3 1200m Mdn,3,261607514,100632178,8,Maritime Magnate,3,0.0,16.0,0.0,3.25
2026-08-29,Kembla Grange,R3 1200m Mdn,3,261607514,102134845,13,True Tone,5,0.0,24.0,0.0,6.0
2026-08-29,Kembla Grange,R3 1200m Mdn,3,261607514,102134849,18,Sky Deck,4,1.0,8.6,1.0,2.06
2026-08-29,Kembla Grange,R4 1200m Mdn,4,261607517,995647,9,Tatiana,2,0.0,9.5,0.0,3.62
2026-08-29,Kembla Grange,R4 1200m Mdn,4,261607517,4289300,11,Thatsallshewrote,5,0.0,9.8,0.0,2.93
2026-08-29,Kembla Grange,R4 1200m Mdn,4,261607517,96495561,14,Yamashita,3,0.0,5.47,1.0,1.85
2026-08-29,Kembla Grange,R4 1200m Mdn,4,261607517,102134852,1,Avon Calling,1,0.0,7.8,0.0,2.6
2026-08-29,Kembla Grange,R4 1200m Mdn,4,261607517,102134860,15,Give Her Strength,4,0.0,7.8,0.0,2.62
2026-08-29,Kembla Grange,R5 1200m CL1,5,261607520,1082572,4,Seven Days,1,0.0,6.2,1.0,1.71
2026-08-29,Kembla Grange,R5 1200m CL1,5,261607520,83118627,10,Vittozzi,3,0.0,11.5,1.0,3.05
2026-08-29,Kembla Grange,R5 1200m CL1,5,261607520,99493158,8,Zougotme,5,0.0,80.27,0.0,12.63
2026-08-29,Kembla Grange,R5 1200m CL1,5,261607520,102134865,1,Dubai Adventure,4,0.0,17.5,0.0,2.98
2026-08-29,Kembla Grange,R5 1200m CL1,5,261607520,102134866,6,Rhythm Of The Rein,2,1.0,2.92,1.0,1.5
2026-08-29,Kembla Grange,R6 1400m CL1,6,261607523,94181162,6,Lego Master,1,0.0,13.48,0.0,3.93
2026-08-29,Kembla Grange,R6 1400m CL1,6,261607523,95301268,7,Savvy Spy,2,0.0,9.6,1.0,2.92
2026-08-29,Kembla Grange,R6 1400m CL1,6,261607523,96219084,1,Varjak,3,0.0,16.0,1.0,4.58
2026-08-29,Kembla Grange,R6 1400m CL1,6,261607523,97184527,2,Dirty Summer,4,0.0,6.2,0.0,2.95
2026-08-29,Kembla Grange,R6 1400m CL1,6,261607523,102134868,3,Sonic Bender,5,0.0,68.86,0.0,11.66
2026-08-29,Kembla Grange,R7 1400m Hcap,7,261607526,60815815,3,Cmon Mate,2,0.0,32.0,0.0,5.4
2026-08-29,Kembla Grange,R7 1400m Hcap,7,261607526,70705212,1,Satness,1,0.0,26.93,0.0,3.7
2026-08-29,Kembla Grange,R7 1400m Hcap,7,261607526,94735770,9,Kirkuk,4,0.0,7.92,0.0,2.32
2026-08-29,Kembla Grange,R7 1400m Hcap,7,261607526,102134873,2,Oakfield Utah,3,0.0,2.12,0.0,1.31
2026-08-29,Kembla Grange,R7 1400m Hcap,7,261607526,102134874,5,Pappa Blue,5,0.0,10.76,1.0,3.1
2026-08-29,Kembla Grange,R8 1600m Hcap,8,261607529,61593392,15,Mah Ali,3,0.0,12.33,0.0,3.15
2026-08-29,Kembla Grange,R8 1600m Hcap,8,261607529,65557388,4,Etched In Time,5,0.0,22.42,0.0,4.5
2026-08-29,Kembla Grange,R8 1600m Hcap,8,261607529,95809348,9,Dolce Dior,2,1.0,21.25,1.0,5.2
2026-08-29,Kembla Grange,R8 1600m Hcap,8,261607529,102134876,5,Fierceness,4,0.0,4.13,1.0,1.55
2026-08-29,Kembla Grange,R8 1600m Hcap,8,261607529,102134877,11,Magenta Skies,1,0.0,2.36,0.0,1.4
2026-08-29,Kununurra,R1 1100m Hcap,1,261609332,8529335,3,Predicting,2,1.0,6.82,1.0,3.38
2026-08-29,Kununurra,R1 1100m Hcap,1,261609332,72096932,5,Wicked One,5,0.0,22.0,0.0,8.4
2026-08-29,Kununurra,R1 1100m Hcap,1,261609332,80973562,1,Black Coal,1,0.0,10.62,0.0,5.0
2026-08-29,Kununurra,R1 1100m Hcap,1,261609332,99459424,4,One Last Promise,4,0.0,6.11,0.0,3.3
2026-08-29,Kununurra,R1 1100m Hcap,1,261609332,100232876,6,Buades,3,0.0,3.65,1.0,1.85
2026-08-29,Kununurra,R2 1100m Hcap,2,261609336,4374696,2,The Final Word,1,1.0,1.98,1.0,1.32
2026-08-29,Kununurra,R2 1100m Hcap,2,261609336,53641794,3,Throw At Da Stumps,2,0.0,6.25,0.0,2.28
2026-08-29,Kununurra,R2 1100m Hcap,2,261609336,53914155,4,Arrogant Miss,5,0.0,37.33,0.0,7.01
2026-08-29,Kununurra,R2 1100m Hcap,2,261609336,82538470,5,In No Doubt,4,0.0,10.17,1.0,3.63
2026-08-29,Kununurra,R2 1100m Hcap,2,261609336,101419697,6,Working Class Girl,3,0.0,6.23,0.0,2.86
2026-08-29,Kununurra,R3 1200m Hcap,3,261609340,5171229,3,Verbosity,5,0.0,10.31,0.0,4.3
2026-08-29,Kununurra,R3 1200m Hcap,3,261609340,47016526,1,Early Crow,4,1.0,8.93,1.0,3.9
2026-08-29,Kununurra,R3 1200m Hcap,3,261609340,47179108,2,Convincebility,1,0.0,3.6,1.0,2.0
2026-08-29,Kununurra,R3 1200m Hcap,3,261609340,67039757,5,Tellez,3,0.0,3.4,0.0,1.8
2026-08-29,Kununurra,R3 1200m Hcap,3,261609340,92784221,4,Texture,2,0.0,5.56,0.0,3.05
2026-08-29,Kununurra,R4 1350m Hcap,4,261609344,3385642,2,Warrego,3,0.0,7.98,0.0,2.8
2026-08-29,Kununurra,R4 1350m Hcap,4,261609344,11771807,5,Im A Dreamer,2,1.0,5.08,1.0,1.78
2026-08-29,Kununurra,R4 1350m Hcap,4,261609344,39142271,3,Envenomate,1,0.0,5.7,0.0,1.93
2026-08-29,Kununurra,R4 1350m Hcap,4,261609344,62394583,4,Ezelove,4,0.0,28.0,0.0,6.2
2026-08-29,Kununurra,R4 1350m Hcap,4,261609344,101101079,8,Mummsie,5,0.0,8.2,1.0,2.27
2026-08-29,Kununurra,R5 1350m Hcap,5,261609348,2503626,2,Cable Boy,5,0.0,13.1,0.0,3.7
2026-08-29,Kununurra,R5 1350m Hcap,5,261609348,48907989,1,Bons Your Back,1,0.0,6.28,0.0,2.16
2026-08-29,Kununurra,R5 1350m Hcap,5,261609348,66295379,3,Our Couver,3,0.0,20.52,0.0,4.44
2026-08-29,Kununurra,R5 1350m Hcap,5,261609348,92784134,5,Oceans Jen,4,0.0,4.94,1.0,1.78
2026-08-29,Kununurra,R5 1350m Hcap,5,261609348,99531715,4,Flying Gentry,2,0.0,4.2,0.0,1.69
2026-08-29,Kununurra,R6 1600m Hcap,6,261609352,992694,5,Entrapment,2,0.0,4.94,0.0,2.1
2026-08-29,Kununurra,R6 1600m Hcap,6,261609352,2316089,2,Oscar Winner,5,0.0,19.0,0.0,5.1
2026-08-29,Kununurra,R6 1600m Hcap,6,261609352,40364126,7,Miracoli,3,0.0,6.19,0.0,2.31
2026-08-29,Kununurra,R6 1600m Hcap,6,261609352,40364126,7,Miracoli,4,0.0,6.19,0.0,2.31
2026-08-29,Kununurra,R6 1600m Hcap,6,261609352,61861422,3,Villa Seventynine,1,1.0,6.2,1.0,2.24
2026-08-29,Kununurra,R7 1800m Cup,7,261609356,4441214,6,Capitol Hill,2,0.0,12.5,0.0,3.42
2026-08-29,Kununurra,R7 1800m Cup,7,261609356,42162238,8,Princess Pancakes,5,0.0,21.19,1.0,5.05
2026-08-29,Kununurra,R7 1800m Cup,7,261609356,75914650,4,Magarten,1,0.0,4.18,0.0,1.82
2026-08-29,Kununurra,R7 1800m Cup,7,261609356,94136709,5,The Accelator,4,0.0,4.6,0.0,1.89
2026-08-29,Kununurra,R7 1800m Cup,7,261609356,96967215,1,Leveraged Buyout,3,0.0,8.8,1.0,2.53
2026-08-29,Morphettville,R3 1600m Hcap,3,261563275,1270735,7,Shakespeare,2,0.0,40.0,0.0,7.6
2026-08-29,Morphettville,R3 1600m Hcap,3,261563275,48872114,13,Crown Mint,1,0.0,27.0,0.0,6.01
2026-08-29,Morphettville,R3 1600m Hcap,3,261563275,73719738,8,Tyusix,4,1.0,4.57,1.0,2.02
2026-08-29,Morphettville,R3 1600m Hcap,3,261563275,83050175,1,Longer Route,3,0.0,6.76,0.0,2.61
2026-08-29,Morphettville,R3 1600m Hcap,3,261563275,102098077,12,Paganini,5,0.0,8.92,0.0,2.74
2026-08-29,Morphettville,R4 1200m Hcap,4,261563284,3487826,1,Platinum Wolf,4,0.0,41.07,0.0,8.28
2026-08-29,Morphettville,R4 1200m Hcap,4,261563284,61027351,7,Extremely Rowdy,5,0.0,2.58,0.0,1.47
2026-08-29,Morphettville,R4 1200m Hcap,4,261563284,84430940,6,All Too Mysti,2,0.0,9.8,0.0,3.0
2026-08-29,Morphettville,R4 1200m Hcap,4,261563284,87164848,5,From The Block,3,1.0,10.73,1.0,3.04
2026-08-29,Morphettville,,4,261563284,88927575,9,Common Interest,1,,,,
2026-08-29,Morphettville,R5 1100m CL2,5,261563293,2335386,9,Super Choice,4,0.0,50.0,1.0,10.5
2026-08-29,Morphettville,R5 1100m CL2,5,261563293,80398908,3,Purfect Line,1,0.0,5.4,0.0,2.11
2026-08-29,Morphettville,R5 1100m CL2,5,261563293,85982108,5,Leading Impact,5,1.0,14.5,1.0,4.3
2026-08-29,Morphettville,R5 1100m CL2,5,261563293,92995789,13,Anahorish,3,0.0,3.48,0.0,1.65
2026-08-29,Morphettville,R5 1100m CL2,5,261563293,102098080,2,Up The Den,2,0.0,9.2,0.0,3.1
2026-08-29,Morphettville,R6 1600m Hcap,6,261563302,3631165,1,Snow Patrol,2,0.0,27.37,0.0,6.0
2026-08-29,Morphettville,R6 1600m Hcap,6,261563302,60857733,9,Hard Prince,1,0.0,15.29,1.0,4.0
2026-08-29,Morphettville,R6 1600m Hcap,6,261563302,82344610,12,Nicajon,4,1.0,3.55,1.0,1.89
2026-08-29,Morphettville,R6 1600m Hcap,6,261563302,86057106,4,Mystic Wonder,5,0.0,5.88,1.0,2.09
2026-08-29,Morphettville,R6 1600m Hcap,6,261563302,102098091,8,Oxford Blue,3,0.0,9.07,0.0,2.9
2026-08-29,Morphettville,R7 1200m Hcap,7,261563311,11214822,4,Cash,4,0.0,3.34,0.0,1.59
2026-08-29,Morphettville,R7 1200m Hcap,7,261563311,43154286,2,Bamyan Buddha,3,0.0,96.21,0.0,13.88
2026-08-29,Morphettville,R7 1200m Hcap,7,261563311,71651321,3,Snoopy Now,5,0.0,12.91,0.0,3.4
2026-08-29,Morphettville,R7 1200m Hcap,7,261563311,92743471,5,Teardrop Rotation,2,0.0,32.0,0.0,5.3
2026-08-29,Morphettville,R7 1200m Hcap,7,261563311,100454753,10,Dancing Storm,1,0.0,12.5,1.0,2.77
2026-08-29,Morphettville,R8 1800m Hcap,8,261563320,4380730,8,Capulet,1,0.0,48.0,1.0,11.5
2026-08-29,Morphettville,R8 1800m Hcap,8,261563320,73176917,10,Mr Trafficanti,5,1.0,14.15,1.0,3.89
2026-08-29,Morphettville,R8 1800m Hcap,8,261563320,89669651,6,Collated,3,0.0,17.9,0.0,4.62
2026-08-29,Morphettville,R8 1800m Hcap,8,261563320,91354692,2,Moussaka,4,0.0,67.92,0.0,14.47
2026-08-29,Morphettville,R8 1800m Hcap,8,261563320,102098095,15,Lafont,2,0.0,19.0,1.0,5.9
2026-08-29,Morphettville,R9 1050m Hcap,9,261563329,102098099,2,Daisydoo,2,1.0,5.93,1.0,2.22
2026-08-29,Morphettville,R9 1050m Hcap,9,261563329,102098101,8,Sassy Little Miss,4,0.0,20.0,0.0,4.9
2026-08-29,Morphettville,R9 1050m Hcap,9,261563329,102098102,11,Harmonic Dancer,5,0.0,4.4,1.0,1.92
2026-08-29,Morphettville,R9 1050m Hcap,9,261563329,102098104,13,Damelli,3,0.0,36.0,0.0,7.0
2026-08-29,Morphettville,R9 1050m Hcap,9,261563329,102098105,16,Zoutrail,1,0.0,38.98,1.0,7.0
2026-08-29,Rosehill,R5 1500m Hcap,5,261563592,72916026,9,Invader Zim,5,0.0,75.95,1.0,9.79
2026-08-29,Rosehill,R5 1500m Hcap,5,261563592,80972327,4,Silvanito,3,0.0,67.86,1.0,9.52
2026-08-29,Rosehill,R5 1500m Hcap,5,261563592,92087664,5,Steel Strike,2,0.0,17.01,0.0,4.1
2026-08-29,Rosehill,R5 1500m Hcap,5,261563592,100164922,8,Botanical Boy,1,0.0,5.56,0.0,1.9
2026-08-29,Rosehill,R5 1500m Hcap,5,261563592,102098044,2,Mr Miller,4,1.0,2.36,1.0,1.26
2026-08-29,Rosehill,R6 1100m Hcap,6,261563601,39575135,1,Shes An Artist,2,0.0,3.78,1.0,1.57
2026-08-29,Rosehill,R6 1100m Hcap,6,261563601,66732738,6,Confess Our Dreams,3,0.0,24.0,0.0,4.79
2026-08-29,Rosehill,R6 1100m Hcap,6,261563601,67855308,5,Harry Got Styles,4,0.0,18.5,0.0,3.65
2026-08-29,Rosehill,R6 1100m Hcap,6,261563601,85507322,7,Street Artist,1,0.0,3.4,0.0,1.57
2026-08-29,Rosehill,R6 1100m Hcap,6,261563601,93827035,11,Lull,5,0.0,14.01,0.0,3.42
2026-08-29,Rosehill,R7 1300m Grp3,7,261563610,1073433,7,Joint Venture,5,0.0,21.61,0.0,3.95
2026-08-29,Rosehill,R7 1300m Grp3,7,261563610,90798444,6,Plagiarism,4,1.0,11.58,1.0,2.52
2026-08-29,Rosehill,R7 1300m Grp3,7,261563610,102098049,1,Diameter,2,0.0,38.0,0.0,5.74
2026-08-29,Rosehill,R7 1300m Grp3,7,261563610,102098052,8,Hostwin King,1,0.0,24.0,1.0,5.1
2026-08-29,Rosehill,R7 1300m Grp3,7,261563610,102098053,9,Savagram,3,0.0,2.35,0.0,1.45
2026-08-29,Rosehill,R8 1100m Grp3,8,261563619,5389450,1,Guest House,2,1.0,8.2,1.0,2.01
2026-08-29,Rosehill,R8 1100m Grp3,8,261563619,7065514,6,Blue Door,1,0.0,2.19,1.0,1.22
2026-08-29,Rosehill,R8 1100m Grp3,8,261563619,93757735,4,Warwoven,3,0.0,8.2,0.0,2.27
2026-08-29,Rosehill,R8 1100m Grp3,8,261563619,95300988,3,Music Time,5,0.0,14.5,1.0,2.96
2026-08-29,Rosehill,R8 1100m Grp3,8,261563619,102098055,5,Revengeance,4,0.0,18.0,0.0,3.95
2026-08-29,Rosehill,R9 1500m Hcap,9,261563628,50713501,6,Imintowin,3,0.0,25.0,1.0,4.16
2026-08-29,Rosehill,R9 1500m Hcap,9,261563628,80856243,10,Rolling Magic,4,0.0,13.0,1.0,2.44
2026-08-29,Rosehill,R9 1500m Hcap,9,261563628,80856243,10,Rolling Magic,5,0.0,13.0,1.0,2.44
2026-08-29,Rosehill,R9 1500m Hcap,9,261563628,84181681,3,Fully Lit,2,0.0,5.1,0.0,1.39
2026-08-29,Rosehill,R9 1500m Hcap,9,261563628,93537352,7,Althoff,1,1.0,2.0,1.0,1.22
2026-08-29,Rosehill,R10 1200m Hcap,10,261563637,52670055,3,Romeos Choice,4,0.0,40.04,0.0,4.62
2026-08-29,Rosehill,R10 1200m Hcap,10,261563637,54671068,7,Lisztomania,2,1.0,11.08,1.0,2.18
2026-08-29,Rosehill,R10 1200m Hcap,10,261563637,67290099,2,Grand Impact,1,0.0,1.67,1.0,1.14
2026-08-29,Rosehill,R10 1200m Hcap,10,261563637,74814624,11,Monte Kate,5,0.0,9.4,0.0,2.29
2026-08-29,Rosehill,R10 1200m Hcap,10,261563637,102098059,10,Money Team,3,0.0,141.25,0.0,11.78
2026-08-29,Toowoomba,R1 1300m Hcap,1,261611173,70078257,2,I Stole It,5,0.0,11.5,0.0,3.25
2026-08-29,Toowoomba,R1 1300m Hcap,1,261611173,79524069,11,Shes Brutal,4,0.0,6.53,0.0,2.17
2026-08-29,Toowoomba,R1 1300m Hcap,1,261611173,90604976,3,Purezza,1,0.0,9.57,0.0,2.69
2026-08-29,Toowoomba,R1 1300m Hcap,1,261611173,92460051,13,Invisible Target,3,0.0,4.71,1.0,1.78
2026-08-29,Toowoomba,R1 1300m Hcap,1,261611173,102134929,6,Simbas Pride,2,0.0,2.95,0.0,1.65
2026-08-29,Toowoomba,R2 1300m Hcap,2,261611177,39800614,6,Anyway You Want It,4,0.0,37.4,0.0,6.0
2026-08-29,Toowoomba,R2 1300m Hcap,2,261611177,43670165,12,Rowdash,1,0.0,22.0,0.0,4.98
2026-08-29,Toowoomba,R2 1300m Hcap,2,261611177,52176584,11,Rubaahy,3,0.0,35.94,0.0,6.2
2026-08-29,Toowoomba,R2 1300m Hcap,2,261611177,84732710,1,Uluwatu,5,0.0,13.28,1.0,3.95
2026-08-29,Toowoomba,R2 1300m Hcap,2,261611177,102134934,5,Upstart Lover,2,1.0,3.19,1.0,1.58
2026-08-29,Toowoomba,R3 1110m Hcap,3,261611181,78916460,4,Ceekays Choice,2,0.0,34.0,0.0,5.3
2026-08-29,Toowoomba,R3 1110m Hcap,3,261611181,92241906,8,Lady Willpower,1,0.0,2.1,1.0,1.22
2026-08-29,Toowoomba,R3 1110m Hcap,3,261611181,92459709,9,Mondello,5,0.0,4.01,0.0,1.47
2026-08-29,Toowoomba,R3 1110m Hcap,3,261611181,101451432,5,Deep Tiara,3,1.0,23.0,1.0,4.02
2026-08-29,Toowoomba,R3 1110m Hcap,3,261611181,102134936,2,Hell Of A Lad,4,0.0,55.0,0.0,9.59
2026-08-29,Toowoomba,R4 1625m CL2,4,261611185,1071277,1,Abraham,1,1.0,4.65,1.0,1.62
2026-08-29,Toowoomba,R4 1625m CL2,4,261611185,71180176,11,Shot Down By Love,2,0.0,29.55,1.0,4.8
2026-08-29,Toowoomba,R4 1625m CL2,4,261611185,82376779,10,Skieda,1,0.0,39.72,0.0,7.29
2026-08-29,Toowoomba,R4 1625m CL2,4,261611185,82376779,10,Skieda,2,0.0,39.72,0.0,7.29
2026-08-29,Toowoomba,R4 1625m CL2,4,261611185,82376779,10,Skieda,5,0.0,39.72,0.0,7.29
2026-08-29,Toowoomba,R4 1625m CL2,4,261611185,82538467,2,Bole Le,3,0.0,4.59,0.0,1.81
2026-08-29,Toowoomba,R4 1625m CL2,4,261611185,102134940,3,Redcloud,4,0.0,4.15,0.0,1.59
2026-08-29,Toowoomba,R5 1300m Hcap,5,261611189,51735812,7,Dont Diss Around,4,0.0,13.92,0.0,3.68
2026-08-29,Toowoomba,R5 1300m Hcap,5,261611189,51833392,2,Don Pedro,2,0.0,7.0,0.0,2.25
2026-08-29,Toowoomba,R5 1300m Hcap,5,261611189,52466828,4,Galway Hussler,5,0.0,14.69,0.0,4.29
2026-08-29,Toowoomba,R5 1300m Hcap,5,261611189,57625693,1,The Deputy,1,0.0,6.13,0.0,2.3
2026-08-29,Toowoomba,R5 1300m Hcap,5,261611189,78212435,5,Irama,3,0.0,3.35,1.0,1.59
2026-08-29,Toowoomba,R6 1300m 3yo,6,261611193,102134942,1,Beithir,5,0.0,60.0,0.0,12.5
2026-08-29,Toowoomba,R6 1300m 3yo,6,261611193,102134943,3,In Three Dee,1,1.0,1.86,1.0,1.26
2026-08-29,Toowoomba,R6 1300m 3yo,6,261611193,102134946,6,Tisani James,4,0.0,17.33,0.0,3.45
2026-08-29,Toowoomba,R6 1300m 3yo,6,261611193,102134947,7,Tuxedo Torpedo,2,0.0,10.5,1.0,2.56
2026-08-29,Toowoomba,R6 1300m 3yo,6,261611193,102134951,12,All Those Glitters,3,0.0,67.83,0.0,11.5
2026-08-29,Toowoomba,R7 870m Mdn,7,261611197,3076555,5,Excess Capital,5,0.0,22.0,0.0,3.55
2026-08-29,Toowoomba,R7 870m Mdn,7,261611197,90286831,2,Igotmymindonyou,2,1.0,2.89,1.0,1.41
2026-08-29,Toowoomba,R7 870m Mdn,7,261611197,90286831,2,Igotmymindonyou,3,1.0,2.89,1.0,1.41
2026-08-29,Toowoomba,R7 870m Mdn,7,261611197,95343730,3,Brazen Diva,1,0.0,23.0,0.0,4.4
2026-08-29,Toowoomba,R7 870m Mdn,7,261611197,102134954,7,Love And Pain,4,0.0,4.0,1.0,1.3
2026-08-29,Toowoomba,R8 1625m Mdn,8,261611201,5703462,5,Grandstander,1,0.0,7.8,0.0,2.32
2026-08-29,Toowoomba,R8 1625m Mdn,8,261611201,91806994,8,Shrimpton,4,0.0,4.8,1.0,1.87
2026-08-29,Toowoomba,R8 1625m Mdn,8,261611201,95343788,1,Skeldergate,5,1.0,5.76,1.0,2.17
2026-08-29,Toowoomba,R8 1625m Mdn,8,261611201,100232246,6,Amazara,3,0.0,5.79,0.0,2.17
2026-08-29,Toowoomba,R8 1625m Mdn,8,261611201,102134959,3,If You Asked Me To,2,0.0,18.0,1.0,3.6
2026-08-29,Warracknabeal,R2 1200m Mdn,2,261606198,87379608,1,Comradeship,5,0.0,7.8,0.0,2.36
2026-08-29,Warracknabeal,R2 1200m Mdn,2,261606198,102135113,2,Nicaloha,3,0.0,3.99,0.0,1.71
2026-08-29,Warracknabeal,R2 1200m Mdn,2,261606198,102135115,5,Cool Aza Breeze,4,0.0,66.24,1.0,10.69
2026-08-29,Warracknabeal,R2 1200m Mdn,2,261606198,102135116,6,Oceanella,1,1.0,5.9,1.0,2.02
2026-08-29,Warracknabeal,R2 1200m Mdn,2,261606198,102135120,11,Victors Pavilion,2,0.0,13.21,1.0,3.85
2026-08-29,Warracknabeal,R3 1000m Mdn,3,261606205,6771726,7,Stomping Ground,4,0.0,60.0,0.0,5.9
2026-08-29,Warracknabeal,R3 1000m Mdn,3,261606205,96747220,8,Celestaria,5,0.0,6.63,1.0,1.58
2026-08-29,Warracknabeal,R3 1000m Mdn,3,261606205,101354414,12,What Once Was,3,0.0,5.1,1.0,1.43
2026-08-29,Warracknabeal,R3 1000m Mdn,3,261606205,102135127,3,Box Craft,2,0.0,9.05,0.0,2.3
2026-08-29,Warracknabeal,R3 1000m Mdn,3,261606205,102135129,5,Honour The Bassett,1,1.0,1.92,1.0,1.2
2026-08-29,Warracknabeal,R4 1000m Hcap,4,261606213,45168692,9,Charming Di,2,0.0,18.24,0.0,5.91
2026-08-29,Warracknabeal,R4 1000m Hcap,4,261606213,60151680,1,Old Time Rock,1,0.0,2.5,0.0,1.72
2026-08-29,Warracknabeal,R4 1000m Hcap,4,261606213,66294547,8,Flying Straz,5,0.0,9.55,1.0,3.36
2026-08-29,Warracknabeal,R4 1000m Hcap,4,261606213,88651453,4,Simply Luscious,3,1.0,3.96,1.0,1.91
2026-08-29,Warracknabeal,R4 1000m Hcap,4,261606213,98735644,10,The Last Judgement,4,0.0,8.47,0.0,3.4
2026-08-29,Warracknabeal,R5 1200m Hcap,5,261606224,36341434,6,Adki,3,0.0,4.46,0.0,1.72
2026-08-29,Warracknabeal,R5 1200m Hcap,5,261606224,44388901,2,Owl Witness,5,0.0,17.0,1.0,4.58
2026-08-29,Warracknabeal,R5 1200m Hcap,5,261606224,53719963,3,Chosen Venture,1,1.0,8.28,1.0,2.6
2026-08-29,Warracknabeal,R5 1200m Hcap,5,261606224,55746668,7,Nicking Gracie,4,0.0,13.4,0.0,3.87
2026-08-29,Warracknabeal,R5 1200m Hcap,5,261606224,93826864,4,Artpark,2,0.0,4.18,1.0,1.8
2026-08-29,Warracknabeal,R6 2000m Cup,6,261606236,63363236,3,Tikemyson,1,1.0,8.44,1.0,2.54
2026-08-29,Warracknabeal,R6 2000m Cup,6,261606236,64122060,4,Aristonous,2,0.0,3.55,0.0,1.52
2026-08-29,Warracknabeal,R6 2000m Cup,6,261606236,64122060,4,Aristonous,4,0.0,3.55,0.0,1.52
2026-08-29,Warracknabeal,R6 2000m Cup,6,261606236,68091248,1,Black Peppermint,3,0.0,5.34,0.0,1.82
2026-08-29,Warracknabeal,R6 2000m Cup,6,261606236,94615297,8,Verona Rupes,5,0.0,5.3,0.0,1.96
2026-08-29,Warracknabeal,R7 1600m Hcap,7,261606246,60568701,3,Surfy Pete,1,1.0,3.92,1.0,1.8
2026-08-29,Warracknabeal,R7 1600m Hcap,7,261606246,62432129,5,Hydrogen Power,3,0.0,9.73,0.0,3.12
2026-08-29,Warracknabeal,R7 1600m Hcap,7,261606246,89018842,6,Tyndrum Gold,5,0.0,41.29,0.0,7.55
2026-08-29,Warracknabeal,,7,261606246,95621194,2,Solar Mist,2,,,,
2026-08-29,Warracknabeal,R7 1600m Hcap,7,261606246,102135137,8,Dustys Deel,4,0.0,4.1,1.0,1.68
2026-08-30,Carnarvon,R1 1000m Mdn,1,261662298,599565,1,Any Questions,1,0.0,4.97,0.0,1.71
2026-08-30,Carnarvon,R1 1000m Mdn,1,261662298,1362318,4,Lady Mayflower,2,1.0,10.88,1.0,2.42
2026-08-30,Carnarvon,R1 1000m Mdn,1,261662298,90568937,5,Black Cilla,4,0.0,60.0,0.0,11.0
2026-08-30,Carnarvon,R1 1000m Mdn,1,261662298,101610496,3,Winlosewedrinkbooz,5,0.0,33.63,0.0,6.0
2026-08-30,Carnarvon,R1 1000m Mdn,1,261662298,102098707,2,Tedeschi,3,0.0,21.25,1.0,4.2
2026-08-30,Carnarvon,R2 1000m Hcap,2,261662302,42901728,1,Prince Ragnar,2,0.0,10.5,0.0,4.4
2026-08-30,Carnarvon,R2 1000m Hcap,2,261662302,48198537,2,Kote,1,0.0,3.55,0.0,2.1
2026-08-30,Carnarvon,R2 1000m Hcap,2,261662302,57812741,3,Simply Rosso,3,0.0,6.6,0.0,2.54
2026-08-30,Carnarvon,R2 1000m Hcap,2,261662302,73105095,4,Fire The Guard,5,0.0,10.0,1.0,3.7
2026-08-30,Carnarvon,R2 1000m Hcap,2,261662302,88611557,7,Weapons Hot,4,1.0,14.09,1.0,5.11
2026-08-30,Carnarvon,R3 1600m Hcap,3,261662306,161801,7,Forbidden Apple,3,0.0,9.61,0.0,2.87
2026-08-30,Carnarvon,R3 1600m Hcap,3,261662306,41830645,6,Fries With That,1,1.0,5.92,1.0,2.24
2026-08-30,Carnarvon,R3 1600m Hcap,3,261662306,53680775,4,Odin Omen,4,0.0,6.04,1.0,1.85
2026-08-30,Carnarvon,R3 1600m Hcap,3,261662306,60530229,1,Candlelight Sherif,5,0.0,4.95,1.0,1.94
2026-08-30,Carnarvon,R3 1600m Hcap,3,261662306,89886777,9,Lordgivemestrength,2,0.0,35.5,0.0,7.19
2026-08-30,Carnarvon,R4 1200m Hcap,4,261662310,3084145,3,Mars Mission,2,0.0,13.5,0.0,3.85
2026-08-30,Carnarvon,R4 1200m Hcap,4,261662310,43815928,1,Our Kiwi Princess,4,0.0,54.82,0.0,11.5
2026-08-30,Carnarvon,R4 1200m Hcap,4,261662310,62136620,2,Kimberley Currency,3,0.0,4.8,1.0,1.96
2026-08-30,Carnarvon,R4 1200m Hcap,4,261662310,76573593,8,Sunshine Tafe,5,0.0,38.0,0.0,8.6
2026-08-30,Carnarvon,R4 1200m Hcap,4,261662310,92967109,9,Lady Coco,1,0.0,13.11,0.0,3.49
2026-08-30,Carnarvon,R5 1750m Hcap,5,261662314,4888208,4,Lombadina,4,0.0,15.0,1.0,3.72
2026-08-30,Carnarvon,R5 1750m Hcap,5,261662314,44144406,2,Hard Questions,1,0.0,2.27,0.0,1.29
2026-08-30,Carnarvon,R5 1750m Hcap,5,261662314,45348836,5,Tiffs Lad,2,0.0,23.53,0.0,5.35
2026-08-30,Carnarvon,R5 1750m Hcap,5,261662314,89060845,1,Pharoah Show,5,0.0,8.0,0.0,2.38
2026-08-30,Carnarvon,R5 1750m Hcap,5,261662314,102098710,7,Dream Illusion,3,0.0,28.72,0.0,5.92
2026-08-30,Carnarvon,R6 1400m Hcap,6,261662318,3726845,4,Western Impact,1,0.0,10.21,1.0,3.41
2026-08-30,Carnarvon,R6 1400m Hcap,6,261662318,25963189,1,Lacevinsky,2,0.0,25.94,0.0,6.6
2026-08-30,Carnarvon,R6 1400m Hcap,6,261662318,54140134,3,Soaring Solo,3,0.0,7.89,0.0,2.8
2026-08-30,Carnarvon,R6 1400m Hcap,6,261662318,77387227,7,Tango Rhythm,4,1.0,7.4,1.0,2.44
2026-08-30,Carnarvon,R6 1400m Hcap,6,261662318,99690829,6,Blowin Smoke,5,0.0,14.22,0.0,4.34
2026-08-30,Casterton,R3 2000m Mdn,3,261651805,6120224,8,The Noble Steed,5,0.0,47.88,0.0,8.89
2026-08-30,Casterton,R3 2000m Mdn,3,261651805,65823300,3,Cold Train,4,0.0,28.9,1.0,5.69
2026-08-30,Casterton,R3 2000m Mdn,3,261651805,76006084,6,Tamwood,2,0.0,4.51,0.0,1.63
2026-08-30,Casterton,R3 2000m Mdn,3,261651805,80091750,4,Fiorowngood,1,1.0,3.05,1.0,1.37
2026-08-30,Casterton,R3 2000m Mdn,3,261651805,82414284,2,Call Me Francis,3,0.0,23.35,0.0,4.5
2026-08-30,Casterton,R4 1000m Hcap,4,261651812,68959279,7,Shyleah,1,0.0,5.36,1.0,1.58
2026-08-30,Casterton,R4 1000m Hcap,4,261651812,71436493,1,Good Boy Carlo,2,0.0,38.69,0.0,5.38
2026-08-30,Casterton,R4 1000m Hcap,4,261651812,79562928,3,Imacreedytwo,5,0.0,11.46,0.0,2.32
2026-08-30,Casterton,R4 1000m Hcap,4,261651812,85541443,4,Tanna,4,0.0,1.85,0.0,1.18
2026-08-30,Casterton,R4 1000m Hcap,4,261651812,98959985,6,Lauras Gold,3,0.0,16.5,0.0,3.19
2026-08-30,Casterton,R5 1200m Hcap,5,261651819,65052269,4,Nankeen,5,0.0,4.44,1.0,1.73
2026-08-30,Casterton,R5 1200m Hcap,5,261651819,86554734,9,Les Vosges,2,0.0,15.0,0.0,3.22
2026-08-30,Casterton,R5 1200m Hcap,5,261651819,93206771,2,Chartwell House,1,0.0,8.19,0.0,2.72
2026-08-30,Casterton,R5 1200m Hcap,5,261651819,96772937,1,Min Kiata,3,1.0,5.1,1.0,1.73
2026-08-30,Casterton,R5 1200m Hcap,5,261651819,102135236,3,Night Colours,4,0.0,26.0,0.0,4.8
2026-08-30,Casterton,R6 2000m Hcap,6,261651826,2658450,10,El Sordo,1,0.0,3.98,1.0,1.72
2026-08-30,Casterton,R6 2000m Hcap,6,261651826,40688390,11,I Could Do Better,5,0.0,14.63,0.0,3.95
2026-08-30,Casterton,R6 2000m Hcap,6,261651826,86620830,8,Starry Desert,3,0.0,17.85,0.0,4.7
2026-08-30,Casterton,R6 2000m Hcap,6,261651826,98240899,9,Tudaya,2,0.0,7.8,0.0,2.66
2026-08-30,Casterton,R6 2000m Hcap,6,261651826,102135238,2,Black Rutile,4,0.0,8.0,1.0,2.85
2026-08-30,Casterton,R7 1400m Hcap,7,261651833,853524,3,Phoenician,2,0.0,16.5,1.0,4.7
2026-08-30,Casterton,R7 1400m Hcap,7,261651833,70890757,1,Bruzani,1,0.0,3.41,0.0,1.51
2026-08-30,Casterton,R7 1400m Hcap,7,261651833,73793092,2,Glove Artist,4,0.0,22.58,0.0,5.06
2026-08-30,Casterton,R7 1400m Hcap,7,261651833,81812750,4,Alcoshare,3,1.0,4.1,1.0,1.83
2026-08-30,Casterton,R7 1400m Hcap,7,261651833,93757362,5,Crackerjack Hatch,5,0.0,8.6,1.0,2.47
2026-08-30,Echuca,R3 1400m Mdn,3,261651919,3248029,5,Apache Sunrise,1,0.0,9.89,0.0,2.83
2026-08-30,Echuca,R3 1400m Mdn,3,261651919,95263435,9,Skydream,3,0.0,4.03,0.0,1.78
2026-08-30,Echuca,R3 1400m Mdn,3,261651919,101883458,6,Hot Spirit,5,0.0,170.81,0.0,17.0
2026-08-30,Echuca,R3 1400m Mdn,3,261651919,102135084,3,Patchson,2,0.0,4.87,0.0,2.06
2026-08-30,Echuca,R3 1400m Mdn,3,261651919,102135090,13,Joely,4,1.0,12.88,1.0,3.8
2026-08-30,Echuca,R4 1600m Mdn,4,261651927,71473523,6,Specky Boy,5,0.0,8.71,0.0,1.8
2026-08-30,Echuca,R4 1600m Mdn,4,261651927,82895284,2,Fantastic Beast,3,0.0,12.28,0.0,2.04
2026-08-30,Echuca,,4,261651927,102135091,3,Golden Thoughts,2,,,,
2026-08-30,Echuca,R4 1600m Mdn,4,261651927,102135093,5,Smart Eddie,4,0.0,24.15,0.0,3.17
2026-08-30,Echuca,R4 1600m Mdn,4,261651927,102135094,10,Icy You,1,1.0,2.38,1.0,1.16
2026-08-30,Echuca,R5 1600m Hcap,5,261651935,55013364,1,Midnight Glow,1,0.0,4.69,0.0,1.96
2026-08-30,Echuca,R5 1600m Hcap,5,261651935,67324707,11,Ginger Sweet,4,0.0,12.0,0.0,2.64
2026-08-30,Echuca,R5 1600m Hcap,5,261651935,80569552,7,Isalot,5,0.0,10.0,0.0,2.4
2026-08-30,Echuca,R5 1600m Hcap,5,261651935,92207540,6,The Quiet Immortal,3,1.0,3.44,1.0,1.52
2026-08-30,Echuca,R5 1600m Hcap,5,261651935,97449051,10,Catalona,2,0.0,8.2,1.0,2.45
2026-08-30,Echuca,R6 1000m Hcap,6,261651943,46345105,6,Raging Monkey,4,0.0,12.25,0.0,2.57
2026-08-30,Echuca,R6 1000m Hcap,6,261651943,53641550,7,Wind Dreamer,5,0.0,12.5,1.0,2.92
2026-08-30,Echuca,R6 1000m Hcap,6,261651943,55713720,2,Epic Centre,3,0.0,4.34,0.0,1.84
2026-08-30,Echuca,R6 1000m Hcap,6,261651943,91432831,3,Astari,2,1.0,5.48,1.0,1.79
2026-08-30,Echuca,R6 1000m Hcap,6,261651943,100749677,4,Lonstar,1,0.0,3.33,1.0,1.35
2026-08-30,Echuca,R7 1400m Hcap,7,261651951,68890171,1,Eire To The Jungle,5,0.0,15.98,0.0,3.5
2026-08-30,Echuca,,7,261651951,69903418,12,New York Scandal,3,,,,
2026-08-30,Echuca,R7 1400m Hcap,7,261651951,89060983,8,Savethebesttillast,4,0.0,22.0,0.0,3.8
2026-08-30,Echuca,R7 1400m Hcap,7,261651951,100292949,11,Mr Charismatic,1,0.0,4.8,1.0,1.82
2026-08-30,Echuca,R7 1400m Hcap,7,261651951,102135099,7,Of The View,2,0.0,3.0,1.0,1.5
2026-08-30,Echuca,R8 1200m Hcap,8,261651959,79562483,10,Tuxedo Miss,1,0.0,15.44,0.0,3.05
2026-08-30,Echuca,R8 1200m Hcap,8,261651959,93320833,7,Chantra,4,1.0,8.2,1.0,2.34
2026-08-30,Echuca,R8 1200m Hcap,8,261651959,97184679,2,Decanted,2,0.0,2.12,1.0,1.24
2026-08-30,Echuca,R8 1200m Hcap,8,261651959,102135100,3,Forever With Ned,3,0.0,7.86,1.0,1.96
2026-08-30,Echuca,R8 1200m Hcap,8,261651959,102135101,6,Snakeinthegrass,5,0.0,15.0,0.0,2.88
2026-08-30,Mudgee,R2 2000m Hcap,2,261653733,47268439,6,King Cornelius,5,0.0,29.0,0.0,4.6
2026-08-30,Mudgee,R2 2000m Hcap,2,261653733,75435194,4,Wolf Club,4,0.0,10.23,0.0,1.93
2026-08-30,Mudgee,R2 2000m Hcap,2,261653733,87805357,3,My Greek God,3,0.0,4.12,1.0,1.42
2026-08-30,Mudgee,R2 2000m Hcap,2,261653733,89966651,7,Green Pineapple,2,1.0,4.1,1.0,1.37
2026-08-30,Mudgee,R2 2000m Hcap,2,261653733,102135049,5,Vondel,1,0.0,2.76,1.0,1.16
2026-08-30,Mudgee,R3 1100m Mdn,3,261653736,943891,8,Lava Flow,1,0.0,2.64,1.0,1.24
2026-08-30,Mudgee,R3 1100m Mdn,3,261653736,93022321,13,La Chaparron,5,0.0,67.15,0.0,10.07
2026-08-30,Mudgee,R3 1100m Mdn,3,261653736,102135053,10,Cool Art,2,0.0,16.5,0.0,2.27
2026-08-30,Mudgee,R3 1100m Mdn,3,261653736,102135053,10,Cool Art,4,0.0,16.5,0.0,2.27
2026-08-30,Mudgee,R3 1100m Mdn,3,261653736,102135054,12,Strollin By,3,1.0,2.27,1.0,1.26
2026-08-30,Mudgee,R4 1400m Hcap,4,261653739,49765689,1,Lockdown Gamble,2,0.0,9.0,1.0,2.61
2026-08-30,Mudgee,R4 1400m Hcap,4,261653739,56053513,2,Craving Magic,1,0.0,9.8,0.0,2.66
2026-08-30,Mudgee,R4 1400m Hcap,4,261653739,82602214,5,Deion,4,0.0,25.39,0.0,5.5
2026-08-30,Mudgee,R4 1400m Hcap,4,261653739,89347798,4,Fetes Des Meres,3,0.0,8.43,0.0,2.38
2026-08-30,Mudgee,R4 1400m Hcap,4,261653739,102135056,6,Nomorenightshift,5,0.0,3.96,0.0,1.61
2026-08-30,Mudgee,R5 1400m Hcap,5,261653742,71437413,2,Maid In Dubai,1,0.0,12.63,0.0,3.27
2026-08-30,Mudgee,R5 1400m Hcap,5,261653742,74537579,5,Showmara,2,1.0,8.68,1.0,3.05
2026-08-30,Mudgee,R5 1400m Hcap,5,261653742,75435157,9,Miss Karis,4,0.0,9.0,1.0,2.78
2026-08-30,Mudgee,R5 1400m Hcap,5,261653742,83940634,3,Akauwheo,3,0.0,32.0,0.0,6.95
2026-08-30,Mudgee,R5 1400m Hcap,5,261653742,102135059,10,Commando Jack,5,0.0,3.05,0.0,1.8
2026-08-30,Mudgee,R6 1200m CL1,6,261653745,3117284,2,Curie,1,0.0,3.95,0.0,1.6
2026-08-30,Mudgee,R6 1200m CL1,6,261653745,76707164,4,Jagerschnitzel,3,0.0,11.0,1.0,2.98
2026-08-30,Mudgee,R6 1200m CL1,6,261653745,81888746,6,Archaic Force,5,0.0,26.0,0.0,5.4
2026-08-30,Mudgee,R6 1200m CL1,6,261653745,100956941,1,Manoora,2,1.0,3.33,1.0,1.61
2026-08-30,Mudgee,R6 1200m CL1,6,261653745,102135062,9,Spring Prospect,4,0.0,24.0,0.0,5.0
2026-08-30,Mudgee,R7 1200m Hcap,7,261653748,270276,1,Jolly Good Fellow,4,0.0,13.66,0.0,3.3
2026-08-30,Mudgee,R7 1200m Hcap,7,261653748,1451862,5,Street Parade,3,0.0,19.81,0.0,4.3
2026-08-30,Mudgee,R7 1200m Hcap,7,261653748,70891656,6,Reflecting Fame,1,0.0,7.6,0.0,2.3
2026-08-30,Mudgee,R7 1200m Hcap,7,261653748,81221407,7,Zoucratic,5,0.0,7.88,1.0,2.45
2026-08-30,Mudgee,R7 1200m Hcap,7,261653748,102135065,10,Yorkel,2,0.0,14.5,0.0,3.7
2026-08-30,Strathalbyn,R2 1350m Mdn,2,261654081,87988169,10,Khorasan,2,0.0,7.63,1.0,1.84
2026-08-30,Strathalbyn,R2 1350m Mdn,2,261654081,101163200,3,French Detective,5,0.0,50.0,0.0,7.42
2026-08-30,Strathalbyn,R2 1350m Mdn,2,261654081,102029855,1,Dedset Magic,3,0.0,7.0,0.0,2.57
2026-08-30,Strathalbyn,R2 1350m Mdn,2,261654081,102029856,2,Expecto Patronum,4,1.0,3.85,1.0,1.57
2026-08-30,Strathalbyn,R2 1350m Mdn,2,261654081,102029859,6,Strong Minded,1,0.0,2.75,1.0,1.34
2026-08-30,Strathalbyn,R3 1200m CL1,3,261654087,21189561,8,Funny Feeling,5,0.0,245.61,0.0,70.0
2026-08-30,Strathalbyn,R3 1200m CL1,3,261654087,93536486,2,Oie De Toulouse,3,0.0,6.21,1.0,2.8
2026-08-30,Strathalbyn,R3 1200m CL1,3,261654087,95809242,3,Tour De Moon,1,0.0,2.51,0.0,1.52
2026-08-30,Strathalbyn,R3 1200m CL1,3,261654087,102029861,1,Scootathewoota,2,0.0,21.77,0.0,8.61
2026-08-30,Strathalbyn,R3 1200m CL1,3,261654087,102029862,6,Bonfire Girl,4,0.0,40.0,0.0,13.19
2026-08-30,Strathalbyn,R4 2050m CL1,4,261654093,1355708,11,Heat Of The Night,5,0.0,11.8,0.0,3.3
2026-08-30,Strathalbyn,R4 2050m CL1,4,261654093,87093521,3,Heroic Rebel,3,0.0,13.32,0.0,3.9
2026-08-30,Strathalbyn,R4 2050m CL1,4,261654093,88927569,5,Suit Of Wands,2,1.0,3.1,1.0,1.5
2026-08-30,Strathalbyn,R4 2050m CL1,4,261654093,91116069,6,Valued,4,0.0,6.51,1.0,2.32
2026-08-30,Strathalbyn,R4 2050m CL1,4,261654093,101780270,2,Empirestateofmind,1,0.0,6.46,0.0,2.46
2026-08-30,Strathalbyn,R5 1200m Hcap,5,261654099,63859098,6,Aramoso,1,0.0,11.66,0.0,2.64
2026-08-30,Strathalbyn,R5 1200m Hcap,5,261654099,71403416,7,Kushan Khanivale,5,0.0,7.77,0.0,2.42
2026-08-30,Strathalbyn,R5 1200m Hcap,5,261654099,73642854,2,Prodigal Lad,2,0.0,3.85,0.0,1.71
2026-08-30,Strathalbyn,R5 1200m Hcap,5,261654099,75118244,9,Black Bugatti,3,0.0,14.31,0.0,3.55
2026-08-30,Strathalbyn,R5 1200m Hcap,5,261654099,81601518,5,Prince Kuro,4,1.0,5.07,1.0,1.75
2026-08-30,Strathalbyn,R6 1200m Hcap,6,261654105,89392301,4,Lady Zelda,1,0.0,5.54,0.0,2.17
2026-08-30,Strathalbyn,R6 1200m Hcap,6,261654105,89966736,8,Splash Of White,2,0.0,75.87,0.0,14.0
2026-08-30,Strathalbyn,R6 1200m Hcap,6,261654105,102029868,1,Aloha Blue,4,1.0,3.7,1.0,1.57
2026-08-30,Strathalbyn,R6 1200m Hcap,6,261654105,102029870,3,Dazelles,3,0.0,9.8,1.0,3.05
2026-08-30,Strathalbyn,R6 1200m Hcap,6,261654105,102029871,5,Lunarshot,5,0.0,21.7,0.0,4.92
2026-08-30,Strathalbyn,R7 1600m Hcap,7,261654111,537682,12,Shadow Hawk,5,0.0,13.5,0.0,4.3
2026-08-30,Strathalbyn,R7 1600m Hcap,7,261654111,60415299,7,Turned Loose,3,0.0,36.0,1.0,7.19
2026-08-30,Strathalbyn,R7 1600m Hcap,7,261654111,79738290,8,Hamner Springs,4,1.0,3.75,1.0,1.74
2026-08-30,Strathalbyn,R7 1600m Hcap,7,261654111,99531634,14,Geetee Forty,1,0.0,8.5,0.0,2.79
2026-08-30,Strathalbyn,R7 1600m Hcap,7,261654111,102029873,1,Tee Eight,2,0.0,15.91,0.0,4.74
2026-08-30,Strathalbyn,R8 1350m Hcap,8,261654117,373012,5,No Mans Land,5,0.0,24.0,1.0,4.8
2026-08-30,Strathalbyn,R8 1350m Hcap,8,261654117,64206307,6,Trantoro,4,0.0,11.79,0.0,3.12
2026-08-30,Strathalbyn,R8 1350m Hcap,8,261654117,67289741,3,Captain Joolian,2,0.0,17.0,0.0,3.65
2026-08-30,Strathalbyn,R8 1350m Hcap,8,261654117,82277566,1,Chur Nibble,1,0.0,2.4,0.0,1.3
2026-08-30,Strathalbyn,R8 1350m Hcap,8,261654117,97449071,7,Koratora,3,0.0,5.0,0.0,2.0
2026-08-30,Townsville,R2 1000m Hcap,2,261654055,63265741,7,Remember Roy,5,0.0,19.46,0.0,5.06
2026-08-30,Townsville,R2 1000m Hcap,2,261654055,74853507,4,Kickoff,3,0.0,19.0,0.0,5.19
2026-08-30,Townsville,R2 1000m Hcap,2,261654055,101183582,11,Hot Torque Invegas,4,0.0,9.16,0.0,3.1
2026-08-30,Townsville,R2 1000m Hcap,2,261654055,102135357,10,Boom Bunny,1,1.0,12.53,1.0,3.41
2026-08-30,Townsville,R2 1000m Hcap,2,261654055,102135358,12,Tambos Sister,2,0.0,3.79,1.0,1.77
2026-08-30,Townsville,R3 1200m Hcap,3,261654059,946415,2,Hellish,2,0.0,3.88,0.0,1.52
2026-08-30,Townsville,R3 1200m Hcap,3,261654059,21948647,4,Real Key,4,0.0,32.0,0.0,5.75
2026-08-30,Townsville,R3 1200m Hcap,3,261654059,56321718,3,Outback Action,3,0.0,8.94,0.0,2.51
2026-08-30,Townsville,R3 1200m Hcap,3,261654059,64292724,6,Turn Bird,1,1.0,11.66,1.0,2.68
2026-08-30,Townsville,R3 1200m Hcap,3,261654059,66111065,7,Time To Prophet,5,0.0,17.99,0.0,4.68
2026-08-30,Townsville,R4 1609m Hcap,4,261654063,2465385,7,Medal,2,0.0,30.57,0.0,6.6
2026-08-30,Townsville,R4 1609m Hcap,4,261654063,60735044,6,Lone Force,4,0.0,8.4,0.0,2.73
2026-08-30,Townsville,R4 1609m Hcap,4,261654063,78689156,8,Rock The Sunrise,1,0.0,7.0,1.0,2.49
2026-08-30,Townsville,R4 1609m Hcap,4,261654063,79845004,5,Eagle Warrior,5,0.0,11.5,0.0,3.35
2026-08-30,Townsville,R4 1609m Hcap,4,261654063,90048704,1,Ellis Beach,3,0.0,3.85,0.0,1.78
2026-08-30,Townsville,R5 1400m Hcap,5,261654067,24930118,3,Vouchers,1,0.0,4.3,0.0,1.65
2026-08-30,Townsville,R5 1400m Hcap,5,261654067,57883727,6,Looming One,4,0.0,34.0,1.0,6.6
2026-08-30,Townsville,R5 1400m Hcap,5,261654067,60228969,11,Diamond Lucy,3,0.0,7.0,0.0,2.56
2026-08-30,Townsville,R5 1400m Hcap,5,261654067,93466571,8,Dark Fae,5,0.0,3.65,0.0,1.71
2026-08-30,Townsville,R5 1400m Hcap,5,261654067,97917616,9,Shes A Sweet Star,2,0.0,14.0,0.0,4.41
2026-08-30,Townsville,R6 1200m CL4,6,261654071,9117361,3,Carpaccio,4,0.0,6.8,1.0,2.64
2026-08-30,Townsville,R6 1200m CL4,6,261654071,78046056,2,Khumbila,3,0.0,13.89,1.0,3.3
2026-08-30,Townsville,R6 1200m CL4,6,261654071,84777752,8,Russian Summer,1,0.0,16.03,0.0,4.18
2026-08-30,Townsville,R6 1200m CL4,6,261654071,84777752,8,Russian Summer,2,0.0,16.03,0.0,4.18
2026-08-30,Townsville,R6 1200m CL4,6,261654071,101671341,6,Super Freeze,5,0.0,10.9,0.0,3.4
2026-08-30,Wyong,R3 1200m Mdn,3,261653757,4229848,4,Never Know,5,0.0,120.0,1.0,4.6
2026-08-30,Wyong,R3 1200m Mdn,3,261653757,101639344,2,Duloc,3,0.0,75.0,0.0,3.49
2026-08-30,Wyong,R3 1200m Mdn,3,261653757,102134898,3,Im Ya Huckleberry,1,1.0,1.32,1.0,1.05
2026-08-30,Wyong,R3 1200m Mdn,3,261653757,102134899,6,Threads,2,0.0,6.0,1.0,1.17
2026-08-30,Wyong,R3 1200m Mdn,3,261653757,102134903,11,Tharwa,4,0.0,150.0,0.0,9.14
2026-08-30,Wyong,R4 1200m Mdn,4,261653760,2871763,10,Simple Pleasures,5,0.0,26.0,0.0,3.32
2026-08-30,Wyong,R4 1200m Mdn,4,261653760,39297220,9,Movie Star,3,0.0,5.4,1.0,1.35
2026-08-30,Wyong,R4 1200m Mdn,4,261653760,97449968,7,Zynaro,2,0.0,6.42,1.0,1.72
2026-08-30,Wyong,R4 1200m Mdn,4,261653760,97954275,5,The Thorncaster,1,1.0,2.2,1.0,1.24
2026-08-30,Wyong,R4 1200m Mdn,4,261653760,102134906,1,Eterlou,4,0.0,8.6,0.0,2.2
2026-08-30,Wyong,R5 1100m Mdn,5,261653763,102134912,3,Autumn Flyer,4,1.0,8.3,1.0,3.1
2026-08-30,Wyong,R5 1100m Mdn,5,261653763,102134915,6,Laconic Livo,1,0.0,3.41,1.0,1.85
2026-08-30,Wyong,R5 1100m Mdn,5,261653763,102134917,8,Areesea,2,0.0,23.72,1.0,5.4
2026-08-30,Wyong,R5 1100m Mdn,5,261653763,102134918,10,Hard Not Too Like,5,0.0,16.5,0.0,5.8
2026-08-30,Wyong,R5 1100m Mdn,5,261653763,102134920,14,Extreme Courage,3,0.0,3.85,0.0,1.52
2026-08-30,Wyong,R6 1350m Hcap,6,261653766,1330010,8,Ouragan,5,0.0,9.0,0.0,2.41
2026-08-30,Wyong,R6 1350m Hcap,6,261653766,53448005,1,Powder Man,3,0.0,14.0,1.0,3.09
2026-08-30,Wyong,R6 1350m Hcap,6,261653766,61104669,7,Smiling Prophet,4,1.0,5.5,1.0,2.16
2026-08-30,Wyong,R6 1350m Hcap,6,261653766,91115422,6,Alamagan,1,0.0,9.4,0.0,2.48
2026-08-30,Wyong,R6 1350m Hcap,6,261653766,97211326,5,Serinda,2,0.0,7.06,0.0,2.68
2026-08-30,Wyong,R7 1100m Hcap,7,261653769,3424263,2,Royal Air Force,2,0.0,11.3,0.0,3.0
2026-08-30,Wyong,R7 1100m Hcap,7,261653769,3731578,1,Maluku,1,0.0,2.7,1.0,1.56
2026-08-30,Wyong,R7 1100m Hcap,7,261653769,89623779,14,The Biv,5,1.0,11.0,1.0,2.53
2026-08-30,Wyong,R7 1100m Hcap,7,261653769,90885263,3,Borderfall,4,0.0,3.28,0.0,1.47
2026-08-30,Wyong,R7 1100m Hcap,7,261653769,102134925,16,Zoukerino,3,0.0,37.75,0.0,5.66
2026-08-30,Wyong,R8 1625m CL1,8,261653772,93022312,5,Smichov,5,1.0,8.65,1.0,1.94
2026-08-30,Wyong,R8 1625m CL1,8,261653772,93574191,3,Dons Party,1,0.0,2.06,0.0,1.15
2026-08-30,Wyong,R8 1625m CL1,8,261653772,100957001,8,Queen Tavane,3,0.0,110.0,0.0,11.0
2026-08-30,Wyong,R8 1625m CL1,8,261653772,102134926,4,Ribble Lace,4,0.0,6.2,1.0,1.86
2026-08-30,Wyong,R8 1625m CL1,8,261653772,102134927,6,Derry City Felix,2,0.0,12.5,0.0,2.54
2026-08-31,Ballarat,R1 1100m Mdn,1,261688450,1085519,2,Foofaraw,2,0.0,8.4,0.0,1.62
2026-08-31,Ballarat,R1 1100m Mdn,1,261688450,6427890,5,Hurricane Girl,4,0.0,11.5,1.0,1.75
2026-08-31,Ballarat,R1 1100m Mdn,1,261688450,102177627,4,Blue Suede Shoes,3,0.0,23.0,0.0,2.67
2026-08-31,Ballarat,R1 1100m Mdn,1,261688450,102177628,6,Jadzia,1,1.0,1.44,1.0,1.05
2026-08-31,Ballarat,R1 1100m Mdn,1,261688450,102177629,7,Torrid Dancer,5,0.0,103.76,1.0,8.73
2026-08-31,Ballarat,R2 1000m Mdn,2,261688458,77136873,3,Silver Capital,2,0.0,14.19,0.0,2.42
2026-08-31,Ballarat,R2 1000m Mdn,2,261688458,87767428,7,Hello Mistress,3,0.0,5.11,0.0,1.62
2026-08-31,Ballarat,R2 1000m Mdn,2,261688458,101420311,1,Ottalaus,1,0.0,4.69,1.0,1.52
2026-08-31,Ballarat,R2 1000m Mdn,2,261688458,102177631,2,Share The Music,5,1.0,13.81,1.0,2.86
2026-08-31,Ballarat,R2 1000m Mdn,2,261688458,102177632,5,Ziggy Bama,4,1.0,2.18,1.0,1.28
2026-08-31,Ballarat,R3 1500m Mdn,3,261688466,601624,10,Liquid Asset,3,0.0,10.55,0.0,2.33
2026-08-31,Ballarat,R3 1500m Mdn,3,261688466,2558936,12,Expensive Taste,2,0.0,2.86,0.0,1.31
2026-08-31,Ballarat,R3 1500m Mdn,3,261688466,91485436,2,Etched In Blue,4,0.0,100.0,1.0,9.41
2026-08-31,Ballarat,R3 1500m Mdn,3,261688466,94780207,9,Under Control,5,0.0,40.4,0.0,6.72
2026-08-31,Ballarat,R3 1500m Mdn,3,261688466,101219338,1,Aubaine,1,1.0,2.2,1.0,1.19
2026-08-31,Ballarat,R4 1200m Mdn,4,261688474,81517912,1,Cowboykickedfive,4,0.0,13.0,0.0,2.85
2026-08-31,Ballarat,R4 1200m Mdn,4,261688474,94984971,7,Platinum Rush,5,0.0,20.0,1.0,3.8
2026-08-31,Ballarat,R4 1200m Mdn,4,261688474,102177645,9,Core Business,1,0.0,8.4,0.0,2.5
2026-08-31,Ballarat,R4 1200m Mdn,4,261688474,102177647,11,Alabama Dance,2,0.0,2.5,0.0,1.3
2026-08-31,Ballarat,R4 1200m Mdn,4,261688474,102177648,12,Isle Of Mona,3,0.0,8.8,0.0,2.32
2026-08-31,Ballarat,R5 1200m Hcap,5,261688482,83118299,4,Love Symbol,1,1.0,5.8,1.0,1.45
2026-08-31,Ballarat,R5 1200m Hcap,5,261688482,86854807,8,Hidden Witness,5,0.0,6.2,1.0,1.67
2026-08-31,Ballarat,R5 1200m Hcap,5,261688482,101354428,2,Bliss Bomb,3,0.0,15.5,0.0,2.87
2026-08-31,Ballarat,R5 1200m Hcap,5,261688482,102177651,3,Endless Forevers,2,0.0,1.87,0.0,1.19
2026-08-31,Ballarat,R5 1200m Hcap,5,261688482,102177652,6,Chillcuz,4,0.0,35.82,0.0,4.4
2026-08-31,Ballarat,R6 1400m Hcap,6,261688490,1049107,5,Aka Daka,3,0.0,6.57,1.0,2.33
2026-08-31,Ballarat,R6 1400m Hcap,6,261688490,3008987,2,Validated,4,0.0,17.0,0.0,4.4
2026-08-31,Ballarat,R6 1400m Hcap,6,261688490,51149412,3,Isdell,5,0.0,10.2,1.0,2.93
2026-08-31,Ballarat,R6 1400m Hcap,6,261688490,66266927,9,Naval Force,2,0.0,8.05,0.0,2.32
2026-08-31,Ballarat,R6 1400m Hcap,6,261688490,88733735,4,Thinking Sensation,1,0.0,3.49,0.0,1.73
2026-08-31,Ballarat,R7 1400m Hcap,7,261688498,70632626,7,Swycho,2,0.0,8.6,0.0,2.6
2026-08-31,Ballarat,R7 1400m Hcap,7,261688498,74900944,5,Vilnius,1,0.0,16.0,0.0,3.75
2026-08-31,Ballarat,R7 1400m Hcap,7,261688498,92504034,8,Royal Infantry,5,1.0,7.0,1.0,2.2
2026-08-31,Ballarat,R7 1400m Hcap,7,261688498,93536838,3,Maketime,3,0.0,5.9,0.0,2.51
2026-08-31,Ballarat,R7 1400m Hcap,7,261688498,102177655,9,Egerton Reef,4,0.0,13.88,1.0,3.6
2026-08-31,Ballarat,R8 1200m Hcap,8,261688506,4671301,2,Umgawa,3,0.0,171.6,0.0,29.32
2026-08-31,Ballarat,R8 1200m Hcap,8,261688506,77428543,12,Its A Yes,2,0.0,9.92,0.0,2.94
2026-08-31,Ballarat,R8 1200m Hcap,8,261688506,80170586,4,Primal Spirit,1,0.0,11.83,1.0,3.35
2026-08-31,Ballarat,R8 1200m Hcap,8,261688506,80934312,5,Shaalute,5,0.0,7.71,0.0,2.42
2026-08-31,Ballarat,R8 1200m Hcap,8,261688506,82278030,8,Miss Mahjong,4,0.0,8.73,1.0,2.63
2026-08-31,Ballarat,R9 1000m Hcap,9,261688514,1401617,3,Yolo,1,0.0,3.78,1.0,1.78
2026-08-31,Ballarat,R9 1000m Hcap,9,261688514,8094675,7,Three Point Turn,3,0.0,14.6,0.0,3.92
2026-08-31,Ballarat,R9 1000m Hcap,9,261688514,81016173,1,Innocent Enuff,4,0.0,7.01,0.0,2.52
2026-08-31,Ballarat,R9 1000m Hcap,9,261688514,100519514,6,Bonfire Jimmy,5,0.0,10.41,0.0,3.52
2026-08-31,Ballarat,,9,261688514,102177661,2,Victoris,2,,,,
2026-08-31,Corowa,R1 1300m Mdn,1,261686921,5881572,8,Monnie,4,0.0,24.71,0.0,5.3
2026-08-31,Corowa,R1 1300m Mdn,1,261686921,81563795,3,Son Of Rubick,1,0.0,11.5,0.0,3.06
2026-08-31,Corowa,R1 1300m Mdn,1,261686921,91157364,2,Rose Diamond,2,1.0,4.23,1.0,1.51
2026-08-31,Corowa,R1 1300m Mdn,1,261686921,92822324,6,Inzain Baby,3,0.0,20.0,0.0,4.3
2026-08-31,Corowa,R1 1300m Mdn,1,261686921,102134645,9,Western Lights,5,0.0,5.4,0.0,2.42
2026-08-31,Corowa,R2 1600m CL1,2,261686924,8216241,5,Rip Current,3,1.0,11.0,1.0,2.66
2026-08-31,Corowa,R2 1600m CL1,2,261686924,83868414,2,Bearbrassblackfish,4,0.0,55.0,0.0,7.8
2026-08-31,Corowa,R2 1600m CL1,2,261686924,92417657,7,Vasala,1,0.0,2.16,0.0,1.33
2026-08-31,Corowa,R2 1600m CL1,2,261686924,97242449,8,Without Fail,5,0.0,3.79,0.0,1.48
2026-08-31,Corowa,R2 1600m CL1,2,261686924,101163860,1,Barrett Reef,2,0.0,36.89,0.0,5.5
2026-08-31,Corowa,R3 900m Mdn,3,261686927,424345,5,Wild Romeo,2,0.0,2.67,0.0,1.41
2026-08-31,Corowa,R3 900m Mdn,3,261686927,70170299,7,Alotofsoju,4,0.0,95.0,0.0,7.58
2026-08-31,Corowa,R3 900m Mdn,3,261686927,90048839,6,Winsilence,1,1.0,3.21,1.0,1.25
2026-08-31,Corowa,R3 900m Mdn,3,261686927,102134651,8,Carlow Rose,5,0.0,14.0,1.0,3.0
2026-08-31,Corowa,R3 900m Mdn,3,261686927,102134652,9,Charleanor,3,0.0,50.0,0.0,6.58
2026-08-31,Corowa,R4 1000m CL2,4,261686930,83312810,1,Bombay Boom,1,1.0,1.89,1.0,1.16
2026-08-31,Corowa,R4 1000m CL2,4,261686930,85813714,4,Magna Mak,3,0.0,64.45,0.0,5.85
2026-08-31,Corowa,R4 1000m CL2,4,261686930,89748715,5,Winter Hail,4,0.0,3.33,1.0,1.22
2026-08-31,Corowa,R4 1000m CL2,4,261686930,98451492,6,Bargino,2,0.0,17.5,0.0,3.45
2026-08-31,Corowa,R4 1000m CL2,4,261686930,102134658,2,Willingham,5,0.0,21.0,0.0,3.36
2026-08-31,Corowa,R5 1400m Hcap,5,261686933,6214553,9,Chief Of War,5,0.0,5.65,1.0,1.67
2026-08-31,Corowa,R5 1400m Hcap,5,261686933,100957310,1,Triptolemus,1,1.0,2.12,1.0,1.23
2026-08-31,Corowa,R5 1400m Hcap,5,261686933,101183301,7,Roonami,4,0.0,6.2,1.0,1.69
2026-08-31,Corowa,R5 1400m Hcap,5,261686933,102134659,5,Hellberg,2,0.0,10.0,0.0,2.0
2026-08-31,Corowa,R5 1400m Hcap,5,261686933,102134660,8,A Book Of Days,3,0.0,44.0,0.0,5.67
2026-08-31,Corowa,R6 1200m Hcap,6,261686936,64343037,2,Lulu Darling,1,0.0,4.9,0.0,1.67
2026-08-31,Corowa,R6 1200m Hcap,6,261686936,83903970,3,Zetalyn,3,0.0,18.01,0.0,4.26
2026-08-31,Corowa,R6 1200m Hcap,6,261686936,91115444,8,Teresprit,4,0.0,7.01,1.0,2.31
2026-08-31,Corowa,R6 1200m Hcap,6,261686936,98240477,7,Bella Katelyn,5,0.0,8.85,0.0,2.72
2026-08-31,Corowa,R6 1200m Hcap,6,261686936,102134662,4,Bifurcation,2,1.0,8.6,1.0,2.66
2026-08-31,Corowa,R7 1200m Hcap,7,261686939,74338750,2,Black Adam,4,0.0,4.25,1.0,1.78
2026-08-31,Corowa,R7 1200m Hcap,7,261686939,91431971,9,Ozzy The Equaliser,1,1.0,18.53,1.0,5.27
2026-08-31,Corowa,R7 1200m Hcap,7,261686939,102134664,11,Theos Choice,5,0.0,9.8,0.0,5.93
2026-08-31,Corowa,R7 1200m Hcap,7,261686939,102134665,15,Big Opinion,2,0.0,7.0,0.0,2.48
2026-08-31,Taree,R1 1000m Mdn,1,261686335,86933414,9,Kanmuru,3,0.0,7.5,0.0,1.87
2026-08-31,Taree,R1 1000m Mdn,1,261686335,102135002,1,Madame Rebel,2,0.0,38.47,0.0,7.47
2026-08-31,Taree,R1 1000m Mdn,1,261686335,102135003,3,Wild Monarch,1,1.0,2.0,1.0,1.23
2026-08-31,Taree,R1 1000m Mdn,1,261686335,102135005,8,Mr Accurate,5,0.0,77.35,0.0,6.4
2026-08-31,Taree,R1 1000m Mdn,1,261686335,102135006,10,Last Metaphor,4,0.0,4.26,1.0,1.35
2026-08-31,Taree,R2 1600m Hcap,2,261686338,65823503,1,Damascus Gate,3,0.0,3.85,1.0,1.83
2026-08-31,Taree,R2 1600m Hcap,2,261686338,77136140,5,Prince Is Game,4,0.0,8.09,0.0,2.42
2026-08-31,Taree,R2 1600m Hcap,2,261686338,77136140,5,Prince Is Game,5,0.0,8.09,0.0,2.42
2026-08-31,Taree,R2 1600m Hcap,2,261686338,80678319,7,Yorikiri,2,0.0,13.0,0.0,2.98
2026-08-31,Taree,R2 1600m Hcap,2,261686338,100487066,2,Bellevue,1,0.0,3.9,0.0,1.67
2026-08-31,Taree,R3 1600m CL1,3,261686341,86655056,6,Woodrow,1,1.0,3.07,1.0,1.44
2026-08-31,Taree,,3,261686341,87806280,5,The Comanche,5,,,,
2026-08-31,Taree,R3 1600m CL1,3,261686341,88419538,12,What A Gent,3,0.0,13.93,1.0,3.6
2026-08-31,Taree,R3 1600m CL1,3,261686341,88419538,12,What A Gent,4,0.0,13.93,1.0,3.6
2026-08-31,Taree,R3 1600m CL1,3,261686341,100292602,8,Gemtiki,2,0.0,2.59,1.0,1.26
2026-08-31,Taree,R4 1300m Mdn,4,261686344,504603,5,River Jordan,2,0.0,2.8,0.0,1.46
2026-08-31,Taree,R4 1300m Mdn,4,261686344,101609606,11,Sylvan,4,0.0,34.0,0.0,4.0
2026-08-31,Taree,R4 1300m Mdn,4,261686344,102135008,7,Alabama Charm,1,1.0,7.2,1.0,1.7
2026-08-31,Taree,R4 1300m Mdn,4,261686344,102135011,12,Almas Jewel,3,0.0,25.0,0.0,4.9
2026-08-31,Taree,R4 1300m Mdn,4,261686344,102135012,13,Hello Gday,5,0.0,2.69,1.0,1.3
2026-08-31,Taree,R5 2000m Hcap,5,261686347,49087922,4,Cenotes,3,0.0,90.0,0.0,11.75
2026-08-31,Taree,R5 2000m Hcap,5,261686347,58813814,7,Bella Kathleen,5,0.0,8.12,0.0,2.24
2026-08-31,Taree,R5 2000m Hcap,5,261686347,63083935,3,Just Shane,2,0.0,4.51,0.0,2.09
2026-08-31,Taree,R5 2000m Hcap,5,261686347,74226957,1,Coto De Caza,1,0.0,18.52,0.0,4.03
2026-08-31,Taree,R5 2000m Hcap,5,261686347,101219042,6,Exorbitant Miss,4,1.0,2.76,1.0,1.34
2026-08-31,Taree,R6 1250m Hcap,6,261686350,65519741,9,Thedaythemusicdied,3,0.0,32.04,0.0,6.39
2026-08-31,Taree,R6 1250m Hcap,6,261686350,66069594,7,Smart Jazz,4,0.0,10.5,0.0,2.78
2026-08-31,Taree,R6 1250m Hcap,6,261686350,73482861,6,Russian Escape,2,0.0,12.4,1.0,2.96
2026-08-31,Taree,R6 1250m Hcap,6,261686350,102135014,1,Chestime,1,1.0,2.64,1.0,1.53
2026-08-31,Taree,R6 1250m Hcap,6,261686350,102135015,8,Ghayoor,5,0.0,20.12,0.0,4.7
2026-08-31,Taree,R7 1400m CL3,7,261686353,73425,7,Star Prediction,4,0.0,15.44,0.0,5.37
2026-08-31,Taree,R7 1400m CL3,7,261686353,718306,2,Great Idea,2,1.0,5.03,1.0,2.54
2026-08-31,Taree,R7 1400m CL3,7,261686353,82566359,5,Broadway Follies,1,0.0,8.14,1.0,2.75
2026-08-31,Taree,R7 1400m CL3,7,261686353,83868195,3,Purple Rose,3,0.0,4.63,0.0,2.24
2026-08-31,Taree,,7,261686353,90847338,8,Satin And Cash,5,,,,
2026-08-31,Taree,R8 1000m Hcap,8,261686356,72609545,15,Brazen Brando,4,0.0,30.62,0.0,6.6
2026-08-31,Taree,R8 1000m Hcap,8,261686356,90286374,8,Yes Yes Boss,2,0.0,6.78,1.0,2.46
2026-08-31,Taree,R8 1000m Hcap,8,261686356,92504455,4,Difensivo,3,0.0,4.6,0.0,1.81
2026-08-31,Taree,R8 1000m Hcap,8,261686356,102135020,10,City Gold Speed,5,0.0,6.6,0.0,1.96
2026-08-31,Taree,R8 1000m Hcap,8,261686356,102135021,11,Broken Wings,1,0.0,13.27,1.0,4.01
