Date,Track,Race Name,Race,Market,Selection,Number,Horse,Rank,WIN_RESULT,WIN_BSP,PLACE_RESULT,PLACE_BSP
2026-07-01,Belmont,R1 1000m Mdn,1,259574863,43510014,1,Hot Deal,2,0.0,20.0,0.0,5.03
2026-07-01,Belmont,R1 1000m Mdn,1,259574863,100164998,6,The Prancing Pony,4,0.0,65.0,0.0,9.4
2026-07-01,Belmont,R1 1000m Mdn,1,259574863,100164999,7,Go Shawty,5,0.0,10.82,0.0,3.08
2026-07-01,Belmont,R1 1000m Mdn,1,259574863,100165001,9,Heavenly Paradise,3,0.0,3.95,1.0,1.62
2026-07-01,Belmont,R1 1000m Mdn,1,259574863,100165003,11,Rockin Serenity,1,1.0,4.64,1.0,1.9
2026-07-01,Belmont,R2 1000m Mdn,2,259574872,45541581,3,Energetic,5,0.0,18.5,0.0,3.85
2026-07-01,Belmont,R2 1000m Mdn,2,259574872,80973828,2,Gets The Girls,4,0.0,24.0,0.0,4.3
2026-07-01,Belmont,R2 1000m Mdn,2,259574872,92207883,1,Sunset Session,1,0.0,2.57,1.0,1.29
2026-07-01,Belmont,R2 1000m Mdn,2,259574872,100165004,4,Deepest Desire,2,1.0,4.0,1.0,1.52
2026-07-01,Belmont,R2 1000m Mdn,2,259574872,100165007,8,Noneofyourbusiness,3,0.0,29.0,1.0,5.82
2026-07-01,Belmont,R3 1200m Mdn,3,259574881,25990294,3,Call Me Invincible,3,0.0,8.95,0.0,2.29
2026-07-01,Belmont,R3 1200m Mdn,3,259574881,92744600,1,Long Laugh,5,0.0,4.3,0.0,1.57
2026-07-01,Belmont,R3 1200m Mdn,3,259574881,100165012,2,Win For Buster,1,0.0,3.26,0.0,1.56
2026-07-01,Belmont,R3 1200m Mdn,3,259574881,100165013,5,I Love Ya Money,2,0.0,4.8,1.0,1.78
2026-07-01,Belmont,R3 1200m Mdn,3,259574881,100165014,6,Parish Play,4,0.0,143.05,0.0,24.0
2026-07-01,Belmont,R4 1000m CL1,4,259574890,82080785,8,Snip Of Romance,2,0.0,7.85,1.0,2.62
2026-07-01,Belmont,R4 1000m CL1,4,259574890,93022604,1,Dark Avalanche,4,0.0,13.99,1.0,4.1
2026-07-01,Belmont,R4 1000m CL1,4,259574890,100165019,3,Riseanfall,5,0.0,13.49,0.0,3.56
2026-07-01,Belmont,R4 1000m CL1,4,259574890,100165020,4,Tiger Tank,3,0.0,5.81,0.0,2.08
2026-07-01,Belmont,R4 1000m CL1,4,259574890,100165021,5,Earl It Is,1,0.0,16.48,0.0,4.2
2026-07-01,Belmont,R5 1000m CL5,5,259574899,54974310,5,Under Influence,4,1.0,10.5,1.0,3.06
2026-07-01,Belmont,R5 1000m CL5,5,259574899,64343979,3,Go Go Grommet,2,0.0,8.49,0.0,2.56
2026-07-01,Belmont,R5 1000m CL5,5,259574899,80856814,6,Queen Of Hawks,5,0.0,11.96,0.0,3.6
2026-07-01,Belmont,R5 1000m CL5,5,259574899,100165022,1,Empress Of India,3,0.0,12.21,0.0,3.12
2026-07-01,Belmont,R5 1000m CL5,5,259574899,100165023,7,Mai Aloha,1,0.0,3.85,1.0,1.97
2026-07-01,Belmont,R6 1400m CL1,6,259574908,4741342,5,Elegant Ruler,4,0.0,6.29,1.0,2.3
2026-07-01,Belmont,R6 1400m CL1,6,259574908,88612714,7,Conchettas Dream,1,0.0,3.76,0.0,1.71
2026-07-01,Belmont,R6 1400m CL1,6,259574908,98387638,15,Line Of Thought,2,0.0,66.28,0.0,13.0
2026-07-01,Belmont,R6 1400m CL1,6,259574908,98643917,6,Silent Amarda,3,0.0,18.04,0.0,5.2
2026-07-01,Belmont,R6 1400m CL1,6,259574908,100165026,2,Kings Park,5,0.0,25.58,1.0,6.0
2026-07-01,Belmont,R7 1650m Hcap,7,259574917,65023841,12,Tiffs Lad,5,0.0,8.8,0.0,3.0
2026-07-01,Belmont,R7 1650m Hcap,7,259574917,65895239,9,Here For Cheques,3,0.0,29.92,0.0,5.1
2026-07-01,Belmont,R7 1650m Hcap,7,259574917,69391384,1,Chollima,2,0.0,22.0,0.0,5.0
2026-07-01,Belmont,R7 1650m Hcap,7,259574917,80641270,2,Our Mate Archie,4,1.0,13.4,1.0,3.84
2026-07-01,Belmont,R7 1650m Hcap,7,259574917,87989939,8,Esta Mirando,1,0.0,3.3,0.0,1.65
2026-07-01,Eagle Farm,R1 1300m Mdn,1,259573959,88733470,8,Edge Of Infinity,1,0.0,5.28,1.0,1.86
2026-07-01,Eagle Farm,R1 1300m Mdn,1,259573959,98146420,4,Dust Cloud,3,1.0,3.25,1.0,1.44
2026-07-01,Eagle Farm,R1 1300m Mdn,1,259573959,98146420,4,Dust Cloud,5,1.0,3.25,1.0,1.44
2026-07-01,Eagle Farm,R1 1300m Mdn,1,259573959,99242254,7,Love Rebel,2,0.0,6.29,0.0,1.75
2026-07-01,Eagle Farm,R1 1300m Mdn,1,259573959,99242254,7,Love Rebel,4,0.0,6.29,0.0,1.75
2026-07-01,Eagle Farm,R2 1600m Mdn,2,259573968,68322841,9,Saturdays Girl,1,0.0,3.55,0.0,1.28
2026-07-01,Eagle Farm,R2 1600m Mdn,2,259573968,73952405,8,Canya Berich,2,0.0,2.78,1.0,1.32
2026-07-01,Eagle Farm,R2 1600m Mdn,2,259573968,73952405,8,Canya Berich,4,0.0,2.78,1.0,1.32
2026-07-01,Eagle Farm,R2 1600m Mdn,2,259573968,100164663,2,Iconify,3,1.0,12.5,1.0,2.56
2026-07-01,Eagle Farm,R2 1600m Mdn,2,259573968,100164666,11,Tassorati,5,0.0,7.54,1.0,2.14
2026-07-01,Eagle Farm,R3 1600m Hcap,3,259573977,42248646,4,Capo Strada,3,0.0,95.89,0.0,34.0
2026-07-01,Eagle Farm,R3 1600m Hcap,3,259573977,43798250,2,Grinzinger Knight,5,0.0,43.07,0.0,19.04
2026-07-01,Eagle Farm,R3 1600m Hcap,3,259573977,66509364,3,High Dandy,1,0.0,4.25,1.0,2.14
2026-07-01,Eagle Farm,R3 1600m Hcap,3,259573977,83409315,8,June,4,1.0,3.5,1.0,1.88
2026-07-01,Eagle Farm,R3 1600m Hcap,3,259573977,90180941,1,Sosino,2,0.0,4.12,0.0,2.32
2026-07-01,Eagle Farm,R4 1200m 3yo,4,259573986,4776336,1,Grandstander,5,0.0,81.76,0.0,11.75
2026-07-01,Eagle Farm,R4 1200m 3yo,4,259573986,5529031,6,St Andrews,4,0.0,20.0,0.0,4.1
2026-07-01,Eagle Farm,R4 1200m 3yo,4,259573986,87379514,8,Arctic Bright,2,0.0,14.22,1.0,3.2
2026-07-01,Eagle Farm,R4 1200m 3yo,4,259573986,91873139,11,Our Huntress,1,1.0,2.08,1.0,1.25
2026-07-01,Eagle Farm,R4 1200m 3yo,4,259573986,93826773,7,Agadoo,3,0.0,11.0,0.0,2.54
2026-07-01,Eagle Farm,R5 1400m CL3,5,259573995,69161381,10,Gagnante Enchere,5,0.0,11.54,0.0,2.82
2026-07-01,Eagle Farm,R5 1400m CL3,5,259573995,92676520,8,Hermione Prancer,3,0.0,16.1,0.0,3.42
2026-07-01,Eagle Farm,R5 1400m CL3,5,259573995,93466591,5,Diamond Show,4,0.0,9.75,1.0,2.5
2026-07-01,Eagle Farm,R5 1400m CL3,5,259573995,99242268,2,Our Smokeshow,2,0.0,8.0,1.0,2.58
2026-07-01,Eagle Farm,R5 1400m CL3,5,259573995,100164676,1,Damehood,1,0.0,6.6,0.0,2.06
2026-07-01,Eagle Farm,R6 1200m CL1,6,259574004,809667,4,Transgress,4,0.0,14.82,0.0,3.35
2026-07-01,Eagle Farm,R6 1200m CL1,6,259574004,80569599,3,Mehretu,3,0.0,12.26,0.0,2.59
2026-07-01,Eagle Farm,R6 1200m CL1,6,259574004,100164677,6,Siesta,1,1.0,2.64,1.0,1.28
2026-07-01,Eagle Farm,R6 1200m CL1,6,259574004,100164678,7,Stein,2,0.0,2.87,1.0,1.35
2026-07-01,Eagle Farm,R6 1200m CL1,6,259574004,100164680,12,Fitzroy Street,5,0.0,90.43,0.0,11.25
2026-07-01,Eagle Farm,R7 1000m Hcap,7,259574013,55782137,7,Fragile Love,2,0.0,3.18,1.0,1.42
2026-07-01,Eagle Farm,R7 1000m Hcap,7,259574013,60987358,10,I Am Voodoo,3,0.0,170.0,0.0,22.15
2026-07-01,Eagle Farm,R7 1000m Hcap,7,259574013,64796288,1,Mean Approach,1,1.0,4.85,1.0,2.09
2026-07-01,Eagle Farm,R7 1000m Hcap,7,259574013,79561568,4,Speedy One,5,0.0,17.0,0.0,4.5
2026-07-01,Eagle Farm,R7 1000m Hcap,7,259574013,92460055,12,She Ours,4,0.0,17.0,0.0,4.4
2026-07-01,Eagle Farm,R8 1800m Hcap,8,259574022,1115989,3,San Gabriel,2,0.0,11.66,0.0,2.96
2026-07-01,Eagle Farm,R8 1800m Hcap,8,259574022,66826199,1,Divakara,1,0.0,11.01,0.0,3.1
2026-07-01,Eagle Farm,R8 1800m Hcap,8,259574022,79843836,8,Empress Of Japan,4,0.0,12.41,0.0,3.15
2026-07-01,Eagle Farm,R8 1800m Hcap,8,259574022,100164683,11,Power Reece,3,0.0,18.5,0.0,5.15
2026-07-01,Eagle Farm,R8 1800m Hcap,8,259574022,100164684,13,Cansort,5,0.0,8.44,1.0,2.8
2026-07-01,Murray Bridge,R1 900m Mdn,1,259574031,6697055,14,Trillium,2,0.0,15.0,0.0,3.98
2026-07-01,Murray Bridge,R1 900m Mdn,1,259574031,88028156,9,Far More Radiant,1,0.0,14.0,1.0,2.87
2026-07-01,Murray Bridge,R1 900m Mdn,1,259574031,94984522,1,Summertime Madness,3,0.0,9.78,0.0,2.72
2026-07-01,Murray Bridge,R1 900m Mdn,1,259574031,95228253,15,Sneaky Peaky,5,0.0,46.0,0.0,7.4
2026-07-01,Murray Bridge,R1 900m Mdn,1,259574031,99731354,3,Glouf,4,0.0,6.2,0.0,2.08
2026-07-01,Murray Bridge,,2,259574040,787385,10,Bold Starlet,3,,,,
2026-07-01,Murray Bridge,,2,259574040,15815128,12,Patanjali,1,,,,
2026-07-01,Murray Bridge,,2,259574040,95579023,9,Scootathewoota,5,,,,
2026-07-01,Murray Bridge,,2,259574040,100164743,1,A Time To Kill,4,,,,
2026-07-01,Murray Bridge,,2,259574040,100164748,8,Latibulate,2,,,,
2026-07-01,Murray Bridge,,3,259574049,4896113,3,Paganini,3,,,,
2026-07-01,Murray Bridge,,3,259574049,88927583,1,Goldfields Grey,1,,,,
2026-07-01,Murray Bridge,,3,259574049,90048771,10,Love Kaye,5,,,,
2026-07-01,Murray Bridge,,3,259574049,93871477,2,Mr Ribtickler,4,,,,
2026-07-01,Murray Bridge,,3,259574049,100164755,12,Polar Eyes,2,,,,
2026-07-01,Murray Bridge,,4,259574058,23678752,1,Frances Boy,1,,,,
2026-07-01,Murray Bridge,,4,259574058,44590763,2,Robert The Puss,4,,,,
2026-07-01,Murray Bridge,,4,259574058,48615083,10,Archdeacon,2,,,,
2026-07-01,Murray Bridge,,4,259574058,63859088,4,Hallstatt,3,,,,
2026-07-01,Murray Bridge,,4,259574058,67560206,6,Retourne,5,,,,
2026-07-01,Murray Bridge,,5,259574067,537682,12,Shadow Hawk,3,,,,
2026-07-01,Murray Bridge,,5,259574067,50141087,8,Chartin,5,,,,
2026-07-01,Murray Bridge,,5,259574067,80856186,7,Rikki Rikkardo,1,,,,
2026-07-01,Murray Bridge,,5,259574067,86275645,4,United Legend,2,,,,
2026-07-01,Murray Bridge,,5,259574067,100164760,1,Empirestateofmind,4,,,,
2026-07-01,Murray Bridge,,6,259574076,75084424,3,Dreams Fulfilled,1,,,,
2026-07-01,Murray Bridge,,6,259574076,75796490,11,She Rex,4,,,,
2026-07-01,Murray Bridge,,6,259574076,79023089,1,Rideau,5,,,,
2026-07-01,Murray Bridge,,6,259574076,82277590,2,Chur Nibble,2,,,,
2026-07-01,Murray Bridge,,6,259574076,93167954,5,Spangled Sipper,3,,,,
2026-07-01,Murray Bridge,,7,259574085,2790942,10,Intacto,5,,,,
2026-07-01,Murray Bridge,,7,259574085,62660957,4,One Kind,2,,,,
2026-07-01,Murray Bridge,,7,259574085,100164765,2,Oh Lovey No,3,,,,
2026-07-01,Murray Bridge,,7,259574085,100164767,7,Stolen Kiss,4,,,,
2026-07-01,Murray Bridge,,7,259574085,100164768,8,Make Me A Star,1,,,,
2026-07-01,Murray Bridge,,8,259574094,69066730,2,Sioux Warrior,4,,,,
2026-07-01,Murray Bridge,,8,259574094,83118870,12,De Luca,2,,,,
2026-07-01,Murray Bridge,,8,259574094,85181031,5,Koratora,3,,,,
2026-07-01,Murray Bridge,,8,259574094,100164770,3,Steel Tsunami,1,,,,
2026-07-01,Murray Bridge,,8,259574094,100164771,4,Aztec Dancer,5,,,,
2026-07-01,Murray Bridge,,9,259574103,42218394,2,Flying Ace,3,,,,
2026-07-01,Murray Bridge,,9,259574103,72443877,3,Ilovenews,1,,,,
2026-07-01,Murray Bridge,,9,259574103,85777927,4,Over The Edge,4,,,,
2026-07-01,Murray Bridge,,9,259574103,90456907,9,Shalhavmusik,5,,,,
2026-07-01,Murray Bridge,,9,259574103,100164778,11,Kalosyni,2,,,,
2026-07-01,Randwick,R1 1250m 2yo,1,259574112,4470190,3,Consulate,1,1.0,3.05,1.0,1.41
2026-07-01,Randwick,R1 1250m 2yo,1,259574112,99919423,8,Snitzels Girl,4,0.0,6.8,1.0,2.23
2026-07-01,Randwick,R1 1250m 2yo,1,259574112,100164629,1,Adeleke,3,0.0,5.7,0.0,1.87
2026-07-01,Randwick,R1 1250m 2yo,1,259574112,100164632,5,Ironblood Empress,5,0.0,16.59,0.0,4.5
2026-07-01,Randwick,R1 1250m 2yo,1,259574112,100164634,9,Woodenbridge,2,0.0,5.72,0.0,1.9
2026-07-01,Randwick,R2 1150m 3yo,2,259574121,89591713,4,Pierro Lad,3,0.0,6.78,0.0,2.39
2026-07-01,Randwick,R2 1150m 3yo,2,259574121,100019660,5,Rapid Revenue,2,0.0,8.0,0.0,3.1
2026-07-01,Randwick,R2 1150m 3yo,2,259574121,100164636,6,Claudel,1,0.0,5.5,1.0,1.78
2026-07-01,Randwick,R2 1150m 3yo,2,259574121,100164638,8,Glissando,5,0.0,19.87,0.0,4.7
2026-07-01,Randwick,R2 1150m 3yo,2,259574121,100164640,10,Ready Forcocktails,4,1.0,3.35,1.0,1.6
2026-07-01,Randwick,R3 1550m Hcap,3,259574130,77386367,5,Sister Daae,1,0.0,8.53,1.0,2.1
2026-07-01,Randwick,R3 1550m Hcap,3,259574130,82277908,4,Barbray,3,0.0,8.4,0.0,1.96
2026-07-01,Randwick,R3 1550m Hcap,3,259574130,98240990,3,Ballpark,2,1.0,2.5,1.0,1.3
2026-07-01,Randwick,R3 1550m Hcap,3,259574130,100164645,8,Remadosi,5,0.0,89.29,0.0,9.72
2026-07-01,Randwick,R3 1550m Hcap,3,259574130,100164647,11,My Shareena,4,0.0,5.7,0.0,1.94
2026-07-01,Randwick,R4 1550m Hcap,4,259574139,62098120,1,Pier Pressure,4,0.0,19.49,1.0,5.88
2026-07-01,Randwick,R4 1550m Hcap,4,259574139,66110266,7,Scalextrics,1,0.0,10.24,0.0,3.18
2026-07-01,Randwick,R4 1550m Hcap,4,259574139,91873158,2,Kenmare Bay,3,1.0,5.74,1.0,2.08
2026-07-01,Randwick,R4 1550m Hcap,4,259574139,93466593,9,Emballee,5,0.0,9.74,0.0,2.55
2026-07-01,Randwick,R4 1550m Hcap,4,259574139,100164649,6,John Dory,2,0.0,3.43,0.0,1.66
2026-07-01,Randwick,R5 1400m Hcap,5,259574148,6514926,5,Applaud,2,0.0,7.2,1.0,3.4
2026-07-01,Randwick,R5 1400m Hcap,5,259574148,7296602,8,Perfect Picture,4,0.0,21.7,0.0,4.8
2026-07-01,Randwick,R5 1400m Hcap,5,259574148,49512993,6,Bat Out Of Hell,3,0.0,30.73,0.0,5.4
2026-07-01,Randwick,R5 1400m Hcap,5,259574148,80300407,2,Conchiero,1,0.0,3.08,0.0,1.61
2026-07-01,Randwick,R5 1400m Hcap,5,259574148,100164651,4,Winston Hills,5,0.0,28.0,0.0,6.0
2026-07-01,Randwick,R6 1250m Hcap,6,259574157,1184251,4,Infusion,1,0.0,3.64,1.0,1.6
2026-07-01,Randwick,R6 1250m Hcap,6,259574157,63798124,12,Maz Kanata,4,0.0,13.46,0.0,3.33
2026-07-01,Randwick,R6 1250m Hcap,6,259574157,97184550,7,Sapling,5,0.0,6.91,0.0,2.83
2026-07-01,Randwick,R6 1250m Hcap,6,259574157,99398607,2,Lull,3,0.0,6.28,0.0,2.14
2026-07-01,Randwick,R6 1250m Hcap,6,259574157,100164655,5,Invisible Magic,2,0.0,14.36,0.0,3.21
2026-07-01,Randwick,R7 1000m Hcap,7,259574166,1469979,5,Be Quiet,4,0.0,11.88,0.0,3.15
2026-07-01,Randwick,R7 1000m Hcap,7,259574166,56807291,1,Huon,2,1.0,2.98,1.0,1.45
2026-07-01,Randwick,R7 1000m Hcap,7,259574166,64206038,7,Oceans One,5,0.0,15.5,0.0,3.93
2026-07-01,Randwick,R7 1000m Hcap,7,259574166,68123822,6,Massira,3,0.0,9.09,0.0,2.6
2026-07-01,Randwick,R7 1000m Hcap,7,259574166,100164659,9,Dear Jewel,1,0.0,4.34,1.0,1.47
2026-07-01,Sandown,R1 1300m 2yo,1,259574174,96747785,6,Tagabella,2,0.0,11.76,0.0,4.83
2026-07-01,Sandown,R1 1300m 2yo,1,259574174,100164885,1,Signed By A Kiss,1,0.0,3.7,0.0,1.89
2026-07-01,Sandown,R1 1300m 2yo,1,259574174,100164886,2,Anglais,4,0.0,4.8,0.0,2.87
2026-07-01,Sandown,R1 1300m 2yo,1,259574174,100164888,4,Helizangel,3,0.0,8.8,0.0,4.3
2026-07-01,Sandown,R1 1300m 2yo,1,259574174,100164889,5,Delahra,5,0.0,7.93,1.0,3.05
2026-07-01,Sandown,R2 1600m 3yo,2,259574183,158912,5,Himalayan,1,0.0,6.4,0.0,2.06
2026-07-01,Sandown,R2 1600m 3yo,2,259574183,89669667,11,Dont Doubt Dare,5,0.0,20.24,0.0,4.6
2026-07-01,Sandown,R2 1600m 3yo,2,259574183,98882952,3,Beautifully,2,0.0,9.28,1.0,2.53
2026-07-01,Sandown,R2 1600m 3yo,2,259574183,99398723,12,Tisseyre,4,0.0,9.9,0.0,2.68
2026-07-01,Sandown,R2 1600m 3yo,2,259574183,100164890,2,Off Their Perch,3,0.0,2.71,0.0,1.32
2026-07-01,Sandown,R3 1600m Hcap,3,259574192,1068395,4,Perfect Ten,5,0.0,4.17,1.0,1.79
2026-07-01,Sandown,R3 1600m Hcap,3,259574192,2926366,2,Aeolian,4,0.0,10.5,0.0,4.1
2026-07-01,Sandown,R3 1600m Hcap,3,259574192,3737071,8,Stupendous,1,0.0,12.5,0.0,3.65
2026-07-01,Sandown,R3 1600m Hcap,3,259574192,69390326,6,Pariah Pearl,2,0.0,17.48,0.0,3.9
2026-07-01,Sandown,R3 1600m Hcap,3,259574192,99731491,1,Eleanor Dumont,3,0.0,4.02,0.0,1.81
2026-07-01,Sandown,R4 2400m Hcap,4,259574201,27121937,9,Empress Of The Sun,3,0.0,3.5,1.0,1.6
2026-07-01,Sandown,R4 2400m Hcap,4,259574201,68600368,1,Aberfeldie Boy,2,0.0,32.0,0.0,7.6
2026-07-01,Sandown,R4 2400m Hcap,4,259574201,68826211,4,Jaykayann,4,0.0,19.0,0.0,4.8
2026-07-01,Sandown,R4 2400m Hcap,4,259574201,100164897,7,Nearco Frod,1,1.0,4.8,1.0,1.84
2026-07-01,Sandown,R4 2400m Hcap,4,259574201,100164898,11,Omamori,5,0.0,12.5,0.0,3.47
2026-07-01,Sandown,R5 1300m Hcap,5,259574210,81183468,8,Tempranillo,2,0.0,13.48,0.0,4.03
2026-07-01,Sandown,R5 1300m Hcap,5,259574210,83642518,4,Cindy Falls,1,0.0,13.0,0.0,4.0
2026-07-01,Sandown,R5 1300m Hcap,5,259574210,93168069,1,Sea Poem,3,0.0,8.4,1.0,3.04
2026-07-01,Sandown,R5 1300m Hcap,5,259574210,100164903,11,Forever With Ned,5,0.0,4.1,0.0,1.9
2026-07-01,Sandown,R5 1300m Hcap,5,259574210,100164904,15,Proven Soul,4,0.0,6.12,1.0,2.57
2026-07-01,Sandown,R6 1200m Hcap,6,259574219,1510594,17,Regal Secret,5,0.0,25.0,0.0,5.0
2026-07-01,Sandown,R6 1200m Hcap,6,259574219,9095534,14,Mr Exclusive,2,0.0,24.04,0.0,5.26
2026-07-01,Sandown,R6 1200m Hcap,6,259574219,81812899,9,Wolfy,1,0.0,7.0,1.0,2.47
2026-07-01,Sandown,R6 1200m Hcap,6,259574219,100164910,13,Cinturato,4,0.0,5.62,1.0,2.06
2026-07-01,Sandown,R6 1200m Hcap,6,259574219,100164911,15,Bine,3,0.0,17.51,0.0,4.9
2026-07-01,Sandown,R7 1600m Hcap,7,259574228,22344246,14,Cat Noir,5,0.0,9.16,1.0,2.88
2026-07-01,Sandown,R7 1600m Hcap,7,259574228,80640520,4,Prestige Forever,2,1.0,9.4,1.0,3.25
2026-07-01,Sandown,R7 1600m Hcap,7,259574228,91807250,16,Blue Willow,3,0.0,5.73,0.0,2.23
2026-07-01,Sandown,R7 1600m Hcap,7,259574228,100164916,1,Funchal,1,0.0,43.43,0.0,8.67
2026-07-01,Sandown,R7 1600m Hcap,7,259574228,100164919,11,Glenfinnan,4,0.0,14.0,0.0,4.0
2026-07-01,Sandown,R8 1400m Hcap,8,259574237,8635064,9,Stay Silent,4,0.0,12.0,0.0,3.31
2026-07-01,Sandown,R8 1400m Hcap,8,259574237,61630855,3,Emmadella,1,0.0,21.53,0.0,5.69
2026-07-01,Sandown,R8 1400m Hcap,8,259574237,75018548,1,Raikoke,5,0.0,13.12,0.0,4.12
2026-07-01,Sandown,R8 1400m Hcap,8,259574237,76336748,5,Kahhof,2,0.0,9.6,1.0,3.7
2026-07-01,Sandown,R8 1400m Hcap,8,259574237,100164923,11,Dantooine,3,0.0,7.26,0.0,2.64
2026-07-02,Ballarat,R1 1200m 2yo,1,259604480,99770343,3,Pinamilloy,2,0.0,7.4,1.0,1.87
2026-07-02,Ballarat,R1 1200m 2yo,1,259604480,100200671,2,Judas Tree,3,1.0,1.83,1.0,1.19
2026-07-02,Ballarat,R1 1200m 2yo,1,259604480,100200674,6,Caption This,5,0.0,51.53,0.0,8.2
2026-07-02,Ballarat,R1 1200m 2yo,1,259604480,100200675,7,Chestnut Teal,4,0.0,27.37,0.0,4.1
2026-07-02,Ballarat,R1 1200m 2yo,1,259604480,100200676,9,Oman,1,0.0,13.02,1.0,2.69
2026-07-02,Ballarat,R2 1200m Mdn,2,259604488,3923709,1,Aqua Storm,1,0.0,6.75,1.0,1.45
2026-07-02,Ballarat,R2 1200m Mdn,2,259604488,78566590,7,Blazing Brook,2,1.0,16.0,1.0,2.27
2026-07-02,Ballarat,R2 1200m Mdn,2,259604488,100200679,4,Tasmanian Fox,5,0.0,46.28,0.0,5.15
2026-07-02,Ballarat,R2 1200m Mdn,2,259604488,100200680,8,Charlottes Web,4,0.0,17.5,0.0,2.4
2026-07-02,Ballarat,R2 1200m Mdn,2,259604488,100200684,12,Unstirred,3,0.0,1.49,0.0,1.12
2026-07-02,Ballarat,R3 1400m 3yo,3,259604496,91872566,7,Rookery Nook,1,1.0,4.3,1.0,1.65
2026-07-02,Ballarat,R3 1400m 3yo,3,259604496,96116207,8,Skilled Sailor,3,0.0,14.36,0.0,2.96
2026-07-02,Ballarat,R3 1400m 3yo,3,259604496,99398732,5,Prince Of Sparta,2,0.0,2.41,0.0,1.33
2026-07-02,Ballarat,R3 1400m 3yo,3,259604496,99769560,1,Boulderoo,4,0.0,10.5,1.0,2.54
2026-07-02,Ballarat,R3 1400m 3yo,3,259604496,100049448,2,Deltakai,5,0.0,16.41,0.0,3.57
2026-07-02,Ballarat,R4 1400m Mdn,4,259604504,61408410,2,Finnish Girl,2,0.0,9.54,1.0,2.16
2026-07-02,Ballarat,R4 1400m Mdn,4,259604504,90048848,4,Majestic Choice,1,0.0,4.9,0.0,1.75
2026-07-02,Ballarat,R4 1400m Mdn,4,259604504,99531793,6,Rhineglow,5,0.0,10.0,1.0,2.66
2026-07-02,Ballarat,R4 1400m Mdn,4,259604504,100200689,5,Pride Of Mandy,3,0.0,2.74,0.0,1.32
2026-07-02,Ballarat,R4 1400m Mdn,4,259604504,100200691,9,Shes Ann Idea,4,1.0,6.6,1.0,2.6
2026-07-02,Ballarat,R5 2100m Hcap,5,259604512,3014265,2,Eight Under,2,0.0,14.39,0.0,3.78
2026-07-02,Ballarat,R5 2100m Hcap,5,259604512,54339810,8,Tradeworx,5,0.0,11.98,0.0,3.25
2026-07-02,Ballarat,R5 2100m Hcap,5,259604512,81601714,1,Jaz Tycoon,4,0.0,8.12,0.0,2.5
2026-07-02,Ballarat,R5 2100m Hcap,5,259604512,87806609,3,Pharoahs Glory,3,0.0,8.8,0.0,3.2
2026-07-02,Ballarat,R5 2100m Hcap,5,259604512,90603876,5,Good Harmony,1,0.0,3.59,1.0,1.58
2026-07-02,Ballarat,R6 1200m CL1,6,259604520,35760642,10,Summer Night,5,0.0,27.0,1.0,4.5
2026-07-02,Ballarat,R6 1200m CL1,6,259604520,38980343,6,Somersault,3,0.0,2.91,0.0,1.21
2026-07-02,Ballarat,R6 1200m CL1,6,259604520,75638315,2,Electric Elvis,1,0.0,4.7,0.0,1.42
2026-07-02,Ballarat,R6 1200m CL1,6,259604520,98418543,1,Deepseek,4,0.0,15.29,1.0,2.8
2026-07-02,Ballarat,R6 1200m CL1,6,259604520,100200695,7,Tommyess,2,1.0,2.76,1.0,1.2
2026-07-02,Ballarat,R7 1000m Hcap,7,259604528,51149443,3,Orlabent,5,0.0,9.4,0.0,2.8
2026-07-02,Ballarat,R7 1000m Hcap,7,259604528,74744713,1,Martial Music,3,0.0,8.6,0.0,2.95
2026-07-02,Ballarat,R7 1000m Hcap,7,259604528,85814652,2,Jennyanydots,1,1.0,3.5,1.0,1.41
2026-07-02,Ballarat,R7 1000m Hcap,7,259604528,100200698,8,Masked Marauder,2,0.0,11.5,1.0,2.72
2026-07-02,Ballarat,R7 1000m Hcap,7,259604528,100200699,9,Meisho,4,0.0,9.0,0.0,2.62
2026-07-02,Ballarat,R8 1500m Hcap,8,259604536,63859375,12,Queen Beira,2,0.0,16.5,0.0,3.81
2026-07-02,Ballarat,R8 1500m Hcap,8,259604536,84779436,1,Shooter Mcgavin,1,0.0,5.94,0.0,2.24
2026-07-02,Ballarat,R8 1500m Hcap,8,259604536,91027040,4,Falstaffian,5,0.0,13.98,0.0,4.87
2026-07-02,Ballarat,R8 1500m Hcap,8,259604536,99171981,10,Forever Jeune,3,0.0,18.0,1.0,4.0
2026-07-02,Ballarat,R8 1500m Hcap,8,259604536,100200702,14,Brullen,4,1.0,28.13,1.0,7.64
2026-07-02,Hawkesbury,R1 1000m 2yo,1,259601871,6744136,5,Essay,2,0.0,1.91,0.0,1.41
2026-07-02,Hawkesbury,R1 1000m 2yo,1,259601871,9272127,10,Machrihanish,5,0.0,36.0,0.0,5.3
2026-07-02,Hawkesbury,R1 1000m 2yo,1,259601871,99690541,9,Jaipur Maison,1,1.0,6.12,1.0,1.6
2026-07-02,Hawkesbury,R1 1000m 2yo,1,259601871,100200554,3,Viva Macaco,4,0.0,7.6,1.0,1.86
2026-07-02,Hawkesbury,R1 1000m 2yo,1,259601871,100200558,8,Silly Sausage,3,0.0,30.0,0.0,4.2
2026-07-02,Hawkesbury,R2 1000m Mdn,2,259601874,6425752,3,Avalon,5,0.0,17.32,0.0,4.07
2026-07-02,Hawkesbury,R2 1000m Mdn,2,259601874,99025663,7,Terra Lumina,3,0.0,6.6,1.0,1.62
2026-07-02,Hawkesbury,R2 1000m Mdn,2,259601874,99531524,2,Spare,1,1.0,4.12,1.0,1.63
2026-07-02,Hawkesbury,R2 1000m Mdn,2,259601874,100200560,5,I Am Hearts,4,0.0,26.25,0.0,3.67
2026-07-02,Hawkesbury,R2 1000m Mdn,2,259601874,100200561,6,Our Lady Peace,2,0.0,2.18,1.0,1.17
2026-07-02,Hawkesbury,R3 1600m Mdn,3,259601877,8434644,9,Pink Persuasion,1,1.0,1.88,1.0,1.16
2026-07-02,Hawkesbury,R3 1600m Mdn,3,259601877,82857049,6,Wizards Star,4,0.0,44.0,1.0,5.1
2026-07-02,Hawkesbury,R3 1600m Mdn,3,259601877,97885771,1,Cool Rupert,3,0.0,17.34,0.0,3.25
2026-07-02,Hawkesbury,R3 1600m Mdn,3,259601877,99427766,4,Ruskana,5,0.0,9.2,1.0,2.4
2026-07-02,Hawkesbury,R3 1600m Mdn,3,259601877,100200562,3,Master Of War,2,0.0,4.15,0.0,1.47
2026-07-02,Hawkesbury,R4 1300m Mdn,4,259601880,11776815,13,Saloon Passage,1,0.0,2.92,1.0,1.34
2026-07-02,Hawkesbury,R4 1300m Mdn,4,259601880,90251730,8,Che Ole,5,0.0,4.58,1.0,1.7
2026-07-02,Hawkesbury,R4 1300m Mdn,4,259601880,94779883,12,Overshadow,4,0.0,6.76,0.0,2.42
2026-07-02,Hawkesbury,R4 1300m Mdn,4,259601880,99656744,3,Hard Liner,3,0.0,21.93,0.0,4.67
2026-07-02,Hawkesbury,R4 1300m Mdn,4,259601880,100200567,5,Viva Mauricio,2,1.0,5.8,1.0,2.12
2026-07-02,Hawkesbury,R5 1000m CL1,5,259601883,8960158,6,Seven Days,2,0.0,4.03,1.0,1.83
2026-07-02,Hawkesbury,R5 1000m CL1,5,259601883,71109295,3,Firework,3,0.0,60.15,0.0,8.77
2026-07-02,Hawkesbury,R5 1000m CL1,5,259601883,92783911,9,Vittozzi,4,0.0,3.62,0.0,1.56
2026-07-02,Hawkesbury,R5 1000m CL1,5,259601883,93022210,5,Difensivo,5,0.0,20.88,0.0,5.7
2026-07-02,Hawkesbury,R5 1000m CL1,5,259601883,100200576,2,At Her Mercy,1,1.0,7.54,1.0,2.08
2026-07-02,Hawkesbury,R6 1400m CL1,6,259601886,79066131,3,Flying From Above,2,0.0,13.6,0.0,3.0
2026-07-02,Hawkesbury,R6 1400m CL1,6,259601886,88329921,1,Bernen Win,3,0.0,26.0,0.0,4.22
2026-07-02,Hawkesbury,R6 1400m CL1,6,259601886,90885270,5,Yes Siree,5,0.0,23.0,0.0,4.23
2026-07-02,Hawkesbury,R6 1400m CL1,6,259601886,92504546,4,Mind Ya Bizz,1,0.0,2.27,1.0,1.23
2026-07-02,Hawkesbury,R6 1400m CL1,6,259601886,98735000,2,Funshow,4,1.0,4.0,1.0,1.59
2026-07-02,Hawkesbury,R7 1600m Hcap,7,259601889,4089484,2,Lets Fly,2,0.0,11.51,0.0,2.98
2026-07-02,Hawkesbury,R7 1600m Hcap,7,259601889,26149089,1,Dubai Warrior,1,0.0,5.3,1.0,1.93
2026-07-02,Hawkesbury,R7 1600m Hcap,7,259601889,87805694,3,Squeezebox,4,0.0,5.7,1.0,1.82
2026-07-02,Hawkesbury,R7 1600m Hcap,7,259601889,91157759,6,Unreal Expectation,5,0.0,4.8,0.0,1.85
2026-07-02,Hawkesbury,R7 1600m Hcap,7,259601889,98018222,7,Satono Jasmine,3,1.0,4.94,1.0,2.04
2026-07-02,Hawkesbury,R8 1100m Hcap,8,259601892,74459769,5,Apollo Ridge,3,0.0,11.11,0.0,3.57
2026-07-02,Hawkesbury,R8 1100m Hcap,8,259601892,77688146,7,Miss Rebel,5,0.0,19.74,0.0,4.86
2026-07-02,Hawkesbury,R8 1100m Hcap,8,259601892,79767398,6,Honey Perfume,2,0.0,4.65,0.0,1.9
2026-07-02,Hawkesbury,R8 1100m Hcap,8,259601892,91748124,4,Gambler,1,0.0,6.8,0.0,2.47
2026-07-02,Hawkesbury,R8 1100m Hcap,8,259601892,100200585,15,The Little General,4,1.0,4.8,1.0,2.16
2026-07-02,Mackay,R1 1100m 2yo,1,259600811,91432723,5,Anders Kiss,4,0.0,27.74,1.0,2.12
2026-07-02,Mackay,R1 1100m 2yo,1,259600811,92117148,1,Alberta Bound,1,1.0,1.59,1.0,1.04
2026-07-02,Mackay,R1 1100m 2yo,1,259600811,100200466,2,Coal Seam,2,0.0,3.51,0.0,1.08
2026-07-02,Mackay,R1 1100m 2yo,1,259600811,100200467,4,Stormybob,5,0.0,80.97,0.0,5.3
2026-07-02,Mackay,R1 1100m 2yo,1,259600811,100200468,6,Mean Magic,3,0.0,75.0,0.0,4.0
2026-07-02,Mackay,R2 1560m Hcap,2,259600815,4947937,5,The Driller,5,0.0,134.67,0.0,19.0
2026-07-02,Mackay,R2 1560m Hcap,2,259600815,28587768,1,Acrophobic,2,0.0,19.0,0.0,3.35
2026-07-02,Mackay,R2 1560m Hcap,2,259600815,36214496,2,Turbeau,1,0.0,12.0,0.0,2.35
2026-07-02,Mackay,R2 1560m Hcap,2,259600815,41006161,3,Journalism,4,0.0,6.78,1.0,1.91
2026-07-02,Mackay,R2 1560m Hcap,2,259600815,100200471,6,Exodas,3,1.0,2.82,1.0,1.33
2026-07-02,Mackay,R3 1200m 3yo,3,259600819,463754,4,Belvedere Miss,2,1.0,7.8,1.0,2.26
2026-07-02,Mackay,R3 1200m 3yo,3,259600819,80092576,1,Atomic Time,1,0.0,1.76,1.0,1.22
2026-07-02,Mackay,R3 1200m 3yo,3,259600819,87453820,6,Fillydelphia Miss,4,0.0,63.0,0.0,16.27
2026-07-02,Mackay,R3 1200m 3yo,3,259600819,87676752,5,Lilsisterdontcha,3,0.0,3.88,0.0,1.64
2026-07-02,Mackay,R3 1200m 3yo,3,259600819,100200472,2,Bestov,5,0.0,171.26,0.0,28.0
2026-07-02,Mackay,R4 1200m Hcap,4,259600823,19674461,2,Real Key,4,0.0,22.0,0.0,5.7
2026-07-02,Mackay,R4 1200m Hcap,4,259600823,41234081,3,Letmeletgo,2,0.0,5.1,1.0,1.68
2026-07-02,Mackay,R4 1200m Hcap,4,259600823,60304521,1,Track Tale,1,0.0,7.03,0.0,2.39
2026-07-02,Mackay,R4 1200m Hcap,4,259600823,66614245,6,Parade Ground,5,0.0,4.4,1.0,2.04
2026-07-02,Mackay,R4 1200m Hcap,4,259600823,83345341,4,Early Fusion,3,0.0,8.0,0.0,2.52
2026-07-02,Mackay,R5 1300m Hcap,5,259600827,56253653,1,Boom Boom Ray,4,0.0,8.2,0.0,2.69
2026-07-02,Mackay,R5 1300m Hcap,5,259600827,75118478,2,Iconic Prince,5,0.0,19.5,1.0,4.6
2026-07-02,Mackay,R5 1300m Hcap,5,259600827,79257914,9,Chalkley,3,0.0,36.0,0.0,5.85
2026-07-02,Mackay,R5 1300m Hcap,5,259600827,81812863,3,Aye Vee Aitch,1,0.0,2.71,1.0,1.29
2026-07-02,Mackay,R5 1300m Hcap,5,259600827,93054410,7,Whatta Whitt,2,1.0,6.67,1.0,2.22
2026-07-02,Mackay,R6 1100m Hcap,6,259600831,602349,6,Maximum Power,3,1.0,6.2,1.0,1.78
2026-07-02,Mackay,R6 1100m Hcap,6,259600831,902303,5,Singular,1,0.0,11.0,0.0,2.83
2026-07-02,Mackay,R6 1100m Hcap,6,259600831,10456241,4,La Petite Maison,4,0.0,7.38,0.0,2.25
2026-07-02,Mackay,R6 1100m Hcap,6,259600831,38276828,1,Sir Rocket,2,0.0,75.0,0.0,13.0
2026-07-02,Mackay,R6 1100m Hcap,6,259600831,70666923,7,Crown Reach,5,0.0,29.0,0.0,6.15
2026-07-02,Pinjarra,R1 1400m 3yo,1,259600429,80641253,1,Pembeton,2,0.0,10.7,0.0,1.96
2026-07-02,Pinjarra,R1 1400m 3yo,1,259600429,90568972,3,Fortunate Spirit,5,0.0,31.71,0.0,4.2
2026-07-02,Pinjarra,R1 1400m 3yo,1,259600429,100166406,5,Mystic Chaos,3,0.0,7.8,1.0,1.55
2026-07-02,Pinjarra,R1 1400m 3yo,1,259600429,100166407,6,Cosmo Ruler,1,1.0,1.44,1.0,1.11
2026-07-02,Pinjarra,R1 1400m 3yo,1,259600429,100166408,7,Field Mistress,4,0.0,22.32,1.0,2.92
2026-07-02,Pinjarra,R2 1400m Mdn,2,259600433,2884138,7,American Image,1,1.0,1.51,1.0,1.1
2026-07-02,Pinjarra,R2 1400m Mdn,2,259600433,22042993,3,Mr Universe,3,0.0,22.0,0.0,3.02
2026-07-02,Pinjarra,R2 1400m Mdn,2,259600433,91873332,10,Lady Enfield,5,0.0,55.0,0.0,6.8
2026-07-02,Pinjarra,R2 1400m Mdn,2,259600433,99142324,2,Lord Momo,2,0.0,8.2,0.0,1.68
2026-07-02,Pinjarra,R2 1400m Mdn,2,259600433,100166413,9,Gold And Grey,4,0.0,34.23,1.0,3.94
2026-07-02,Pinjarra,R3 1200m CL3,3,259600437,1031965,7,Buderim,5,0.0,6.2,1.0,2.0
2026-07-02,Pinjarra,R3 1200m CL3,3,259600437,47241820,6,Uncle Gerard,4,0.0,9.6,0.0,2.3
2026-07-02,Pinjarra,R3 1200m CL3,3,259600437,67223235,2,Catch Carter,1,0.0,4.2,0.0,1.61
2026-07-02,Pinjarra,R3 1200m CL3,3,259600437,78979270,1,True Fiction,2,0.0,3.3,1.0,1.37
2026-07-02,Pinjarra,R3 1200m CL3,3,259600437,100166415,3,Morf,3,0.0,11.92,0.0,3.15
2026-07-02,Pinjarra,R4 1200m CL3,4,259600441,4407328,7,Offshore,4,0.0,37.28,0.0,6.8
2026-07-02,Pinjarra,R4 1200m CL3,4,259600441,78464948,3,Miss Altair,3,0.0,4.45,1.0,1.6
2026-07-02,Pinjarra,R4 1200m CL3,4,259600441,82117595,2,Soso Lucky,1,0.0,4.66,0.0,1.59
2026-07-02,Pinjarra,R4 1200m CL3,4,259600441,92699313,1,Showlas,2,0.0,4.74,0.0,1.69
2026-07-02,Pinjarra,R4 1200m CL3,4,259600441,100166416,4,Countess Of Kenna,5,0.0,22.0,0.0,4.83
2026-07-02,Pinjarra,R5 1600m Mdn,5,259600445,395482,13,Midnight Deal,2,0.0,6.45,0.0,2.47
2026-07-02,Pinjarra,R5 1600m Mdn,5,259600445,81182700,8,Miss Graphene,5,0.0,67.3,0.0,10.5
2026-07-02,Pinjarra,R5 1600m Mdn,5,259600445,97726421,11,Bangalong,3,0.0,6.4,1.0,2.22
2026-07-02,Pinjarra,R5 1600m Mdn,5,259600445,99207882,10,Valanne Dawn,4,0.0,18.5,0.0,4.8
2026-07-02,Pinjarra,R5 1600m Mdn,5,259600445,99919891,9,Vexatious Rose,1,1.0,3.4,1.0,1.42
2026-07-02,Pinjarra,R6 1300m Hcap,6,259600449,918203,9,Mantua,2,0.0,9.6,0.0,2.96
2026-07-02,Pinjarra,R6 1300m Hcap,6,259600449,3347272,2,Cosmic Eclipse,3,0.0,18.4,0.0,5.5
2026-07-02,Pinjarra,R6 1300m Hcap,6,259600449,4798455,8,Rebels,5,0.0,8.4,1.0,3.0
2026-07-02,Pinjarra,R6 1300m Hcap,6,259600449,36940188,5,Three Grand,4,0.0,6.2,0.0,2.48
2026-07-02,Pinjarra,R6 1300m Hcap,6,259600449,73721038,6,Across Generations,1,0.0,8.0,0.0,2.76
2026-07-02,Pinjarra,R7 1400m CL3,7,259600453,42483753,4,Hang Glider,2,0.0,14.4,0.0,3.92
2026-07-02,Pinjarra,R7 1400m CL3,7,259600453,85779324,7,Five Down,1,0.0,7.25,0.0,2.75
2026-07-02,Pinjarra,R7 1400m CL3,7,259600453,91873335,1,Bannered,5,1.0,5.87,1.0,2.47
2026-07-02,Pinjarra,R7 1400m CL3,7,259600453,99142061,6,Apparatus,3,0.0,4.99,0.0,2.16
2026-07-02,Pinjarra,R7 1400m CL3,7,259600453,100166422,5,Sandfire Rose,4,0.0,12.14,1.0,3.55
2026-07-03,Ballarat,R1 1000m Mdn,1,259636422,88069477,4,Cabaret Queen,4,0.0,12.89,0.0,2.6
2026-07-03,Ballarat,R1 1000m Mdn,1,259636422,97694344,2,Morning Ralph,2,1.0,10.5,1.0,2.1
2026-07-03,Ballarat,R1 1000m Mdn,1,259636422,100232722,3,Nar Nar Goon,3,0.0,14.0,0.0,2.4
2026-07-03,Ballarat,R1 1000m Mdn,1,259636422,100232723,6,Fake Fiction,5,0.0,17.3,1.0,3.02
2026-07-03,Ballarat,R1 1000m Mdn,1,259636422,100232728,12,Heat Map,1,0.0,1.65,1.0,1.15
2026-07-03,Ballarat,R2 1200m Mdn,2,259636429,66240104,4,Renege,2,0.0,5.0,1.0,1.73
2026-07-03,Ballarat,R2 1200m Mdn,2,259636429,75118959,8,Figurante,5,0.0,29.1,1.0,6.2
2026-07-03,Ballarat,R2 1200m Mdn,2,259636429,75797287,3,Flying Shelby,4,0.0,11.47,0.0,2.86
2026-07-03,Ballarat,R2 1200m Mdn,2,259636429,80362712,12,Tennessee Lass,3,0.0,49.14,0.0,10.0
2026-07-03,Ballarat,R2 1200m Mdn,2,259636429,91485574,6,Sweatband,1,1.0,3.1,1.0,1.36
2026-07-03,Ballarat,R3 1500m Mdn,3,259636436,98146517,1,Enzo Charley,1,0.0,3.32,0.0,1.35
2026-07-03,Ballarat,R3 1500m Mdn,3,259636436,98273640,8,Spot The Grey,3,1.0,7.58,1.0,1.77
2026-07-03,Ballarat,R3 1500m Mdn,3,259636436,99493349,5,Koyuga Rip,2,0.0,2.82,0.0,1.33
2026-07-03,Ballarat,R3 1500m Mdn,3,259636436,100232738,9,Star Of Tennyson,4,0.0,15.5,1.0,3.16
2026-07-03,Ballarat,R3 1500m Mdn,3,259636436,100232739,10,Tilzattack,5,0.0,65.0,0.0,12.0
2026-07-03,Ballarat,R4 1500m Hcap,4,259636443,71940090,3,Thoughtful,4,0.0,17.32,0.0,3.35
2026-07-03,Ballarat,R4 1500m Hcap,4,259636443,85283512,13,Sweater Girl,1,0.0,2.92,1.0,1.44
2026-07-03,Ballarat,R4 1500m Hcap,4,259636443,89435829,7,Ruscello,3,0.0,13.5,0.0,3.65
2026-07-03,Ballarat,R4 1500m Hcap,4,259636443,95621194,2,Solar Mist,2,1.0,5.24,1.0,1.84
2026-07-03,Ballarat,R4 1500m Hcap,4,259636443,100232742,14,Flying Jude,5,0.0,7.16,1.0,2.64
2026-07-03,Ballarat,R5 1500m Hcap,5,259636450,49949084,5,Master Polanski,1,1.0,4.4,1.0,1.8
2026-07-03,Ballarat,R5 1500m Hcap,5,259636450,70170368,9,Final Quarter,4,0.0,20.58,0.0,5.98
2026-07-03,Ballarat,R5 1500m Hcap,5,259636450,71223149,8,Lucky Compass,2,0.0,4.9,0.0,1.76
2026-07-03,Ballarat,R5 1500m Hcap,5,259636450,71436469,2,King Alla,5,0.0,8.2,1.0,2.84
2026-07-03,Ballarat,R5 1500m Hcap,5,259636450,82376741,1,Ex Machina,3,0.0,7.4,0.0,2.42
2026-07-03,Ballarat,R6 2100m Hcap,6,259636457,37379474,5,Sandastan,4,0.0,40.0,0.0,8.08
2026-07-03,Ballarat,R6 2100m Hcap,6,259636457,75758485,4,Grunnettan,3,0.0,3.78,1.0,1.72
2026-07-03,Ballarat,R6 2100m Hcap,6,259636457,77338675,2,Side Piece,1,0.0,4.0,0.0,1.69
2026-07-03,Ballarat,R6 2100m Hcap,6,259636457,100232746,3,Brave Eight,5,0.0,22.25,0.0,5.34
2026-07-03,Ballarat,R6 2100m Hcap,6,259636457,100232749,14,Intuitu,2,0.0,9.24,0.0,2.86
2026-07-03,Ballarat,R7 1000m Hcap,7,259636468,28467529,8,Stirrup,5,0.0,43.98,0.0,8.0
2026-07-03,Ballarat,R7 1000m Hcap,7,259636468,44508583,3,Raging Monkey,4,0.0,8.4,0.0,2.26
2026-07-03,Ballarat,R7 1000m Hcap,7,259636468,76052687,5,Sunday Fun Day,2,0.0,7.6,1.0,2.72
2026-07-03,Ballarat,R7 1000m Hcap,7,259636468,100232751,1,Prince Marionette,1,1.0,2.97,1.0,1.42
2026-07-03,Ballarat,R7 1000m Hcap,7,259636468,100232752,9,Albanian Lady,3,0.0,44.0,0.0,7.8
2026-07-03,Ballarat,R8 1200m Hcap,8,259636478,37431009,2,El Salto,3,0.0,6.03,0.0,2.33
2026-07-03,Ballarat,R8 1200m Hcap,8,259636478,75119969,3,Tomanado,4,1.0,4.1,1.0,1.77
2026-07-03,Ballarat,R8 1200m Hcap,8,259636478,92997079,6,Fortyfour Magnum,2,0.0,9.51,0.0,2.93
2026-07-03,Ballarat,R8 1200m Hcap,8,259636478,96772963,13,Dandino Belle,5,0.0,42.7,0.0,9.2
2026-07-03,Ballarat,R8 1200m Hcap,8,259636478,100232754,1,Whatdoya Mean,1,0.0,4.72,1.0,1.81
2026-07-03,Ballarat,R9 1200m Hcap,9,259636488,2980780,1,Gargantuan,4,0.0,6.6,1.0,2.74
2026-07-03,Ballarat,R9 1200m Hcap,9,259636488,37025152,10,Smart Elissim,1,0.0,26.87,0.0,6.8
2026-07-03,Ballarat,R9 1200m Hcap,9,259636488,44388901,2,Owl Witness,2,1.0,4.4,1.0,2.0
2026-07-03,Ballarat,R9 1200m Hcap,9,259636488,54974256,4,Sweet N Spicy,3,0.0,10.72,0.0,3.1
2026-07-03,Ballarat,R9 1200m Hcap,9,259636488,83940955,8,Bubbles Time,5,0.0,15.48,0.0,4.5
2026-07-03,Goulburn,R1 2150m Hcap,1,259636198,66294902,1,Koning,4,0.0,14.97,0.0,3.49
2026-07-03,Goulburn,R1 2150m Hcap,1,259636198,66790021,3,Own Them,3,0.0,19.5,0.0,4.6
2026-07-03,Goulburn,R1 2150m Hcap,1,259636198,79258280,7,Hardazhell,5,0.0,6.78,1.0,2.6
2026-07-03,Goulburn,R1 2150m Hcap,1,259636198,85586913,5,Alnair,2,1.0,3.6,1.0,1.44
2026-07-03,Goulburn,R1 2150m Hcap,1,259636198,86057005,2,Valentine John,1,0.0,48.0,1.0,9.2
2026-07-03,Goulburn,R2 1200m Mdn,2,259636201,78220901,4,Apple Pie,5,0.0,85.0,0.0,7.0
2026-07-03,Goulburn,R2 1200m Mdn,2,259636201,83677279,3,Alotofsoju,2,0.0,31.44,0.0,4.0
2026-07-03,Goulburn,R2 1200m Mdn,2,259636201,94687908,8,Nikita Zou,4,0.0,21.0,0.0,3.02
2026-07-03,Goulburn,R2 1200m Mdn,2,259636201,99493153,9,Red Rocquette,3,0.0,1.66,1.0,1.12
2026-07-03,Goulburn,R2 1200m Mdn,2,259636201,100232283,1,Lookin Suave Harv,1,0.0,6.85,0.0,1.54
2026-07-03,Goulburn,R3 1100m Mdn,3,259636204,93167916,12,Supa Zenardini,4,0.0,47.3,0.0,5.94
2026-07-03,Goulburn,R3 1100m Mdn,3,259636204,100232288,3,Nuns Chorus,1,1.0,2.92,1.0,1.18
2026-07-03,Goulburn,R3 1100m Mdn,3,259636204,100232289,4,Cool Aza Breeze,5,0.0,10.42,1.0,2.32
2026-07-03,Goulburn,R3 1100m Mdn,3,259636204,100232290,6,Renowned,3,0.0,5.69,0.0,2.34
2026-07-03,Goulburn,R3 1100m Mdn,3,259636204,100232291,7,The Diplomat,2,0.0,3.67,1.0,1.35
2026-07-03,Goulburn,R4 1100m Hcap,4,259636207,43058012,11,Jukebox Flyer,1,0.0,20.0,0.0,4.07
2026-07-03,Goulburn,R4 1100m Hcap,4,259636207,67855575,4,The Eyes Have It,2,0.0,10.61,1.0,3.35
2026-07-03,Goulburn,R4 1100m Hcap,4,259636207,84182182,10,Toyz In Zouland,3,0.0,7.8,0.0,2.64
2026-07-03,Goulburn,R4 1100m Hcap,4,259636207,90009095,6,Curly Bend,4,0.0,38.0,1.0,6.61
2026-07-03,Goulburn,R4 1100m Hcap,4,259636207,97724884,8,Tennessee Dolly,5,0.0,3.7,0.0,1.57
2026-07-03,Goulburn,R5 1200m Hcap,5,259636210,29069353,3,Clifton Springs,3,0.0,55.79,0.0,9.0
2026-07-03,Goulburn,R5 1200m Hcap,5,259636210,69420785,10,Ischyros,5,0.0,12.44,0.0,2.78
2026-07-03,Goulburn,R5 1200m Hcap,5,259636210,78000163,7,Anarita,2,0.0,9.4,0.0,2.71
2026-07-03,Goulburn,R5 1200m Hcap,5,259636210,99241987,4,Willingham,1,0.0,5.7,0.0,1.97
2026-07-03,Goulburn,R5 1200m Hcap,5,259636210,100232299,5,Buenos,4,0.0,9.06,1.0,2.71
2026-07-03,Goulburn,R6 1600m Mdn,6,259636213,82601854,11,My Cartouche,4,0.0,8.6,0.0,2.39
2026-07-03,Goulburn,,6,259636213,92417673,6,Rouladen,3,,,,
2026-07-03,Goulburn,R6 1600m Mdn,6,259636213,95879607,2,Feazabeel,1,1.0,3.01,1.0,1.31
2026-07-03,Goulburn,R6 1600m Mdn,6,259636213,98959862,9,Lady Winston,5,0.0,32.27,0.0,6.0
2026-07-03,Goulburn,R6 1600m Mdn,6,259636213,100232306,12,She Can Salsa,2,0.0,3.35,0.0,1.62
2026-07-03,Goulburn,R7 1400m Hcap,7,259636216,59453127,15,Kisses For Jody,5,0.0,10.5,0.0,3.92
2026-07-03,Goulburn,R7 1400m Hcap,7,259636216,87856557,6,Reckless Behaviour,4,0.0,7.2,0.0,2.48
2026-07-03,Goulburn,R7 1400m Hcap,7,259636216,88464659,3,Missile Defence,1,1.0,28.48,1.0,7.0
2026-07-03,Goulburn,R7 1400m Hcap,7,259636216,96747157,2,Olington Lane,2,0.0,5.3,0.0,2.04
2026-07-03,Goulburn,R7 1400m Hcap,7,259636216,100232311,7,Spiritual Star,3,0.0,5.11,0.0,2.22
2026-07-03,Ipswich,R1 1690m 3yo,1,259635702,59332296,1,Swing State,1,1.0,8.79,1.0,1.79
2026-07-03,Ipswich,R1 1690m 3yo,1,259635702,84222585,3,Krumac,2,0.0,3.56,1.0,1.28
2026-07-03,Ipswich,R1 1690m 3yo,1,259635702,100232429,5,Cool Drinks,4,0.0,2.64,1.0,1.19
2026-07-03,Ipswich,R1 1690m 3yo,1,259635702,100232429,5,Cool Drinks,5,0.0,2.64,1.0,1.19
2026-07-03,Ipswich,R1 1690m 3yo,1,259635702,100232430,6,Queen Jeddah,3,0.0,4.66,0.0,1.37
2026-07-03,Ipswich,R2 1100m 2yo,2,259635706,2293755,6,Sir James,4,0.0,23.08,0.0,5.08
2026-07-03,Ipswich,R2 1100m 2yo,2,259635706,93827414,3,Harrys Mode,2,1.0,4.04,1.0,1.58
2026-07-03,Ipswich,R2 1100m 2yo,2,259635706,99770575,10,Portnova,5,0.0,4.5,0.0,1.7
2026-07-03,Ipswich,R2 1100m 2yo,2,259635706,100019215,14,True Intent,1,0.0,3.7,1.0,1.52
2026-07-03,Ipswich,R2 1100m 2yo,2,259635706,100232434,7,Twice Better,3,0.0,22.53,0.0,4.7
2026-07-03,Ipswich,R3 1100m 2yo,3,259635710,2559432,4,Make Me Shine,3,0.0,13.88,0.0,3.39
2026-07-03,Ipswich,R3 1100m 2yo,3,259635710,100232440,2,Grieve Road,2,0.0,8.64,1.0,2.04
2026-07-03,Ipswich,R3 1100m 2yo,3,259635710,100232443,7,Brookes Blooms,5,0.0,17.02,0.0,3.32
2026-07-03,Ipswich,R3 1100m 2yo,3,259635710,100232444,8,My Girl Marley,1,0.0,1.96,1.0,1.17
2026-07-03,Ipswich,,3,259635710,100232448,12,Winning Lady,4,,,,
2026-07-03,Ipswich,R4 2180m CL1,4,259635714,68931015,1,Benzino,4,0.0,5.34,1.0,1.62
2026-07-03,Ipswich,R4 2180m CL1,4,259635714,80131441,4,Montevecchio,5,0.0,46.0,0.0,4.93
2026-07-03,Ipswich,R4 2180m CL1,4,259635714,82603178,2,Firm Agreement,1,1.0,1.89,1.0,1.12
2026-07-03,Ipswich,R4 2180m CL1,4,259635714,89886193,7,Our Brave Lini,2,0.0,4.63,1.0,1.35
2026-07-03,Ipswich,R4 2180m CL1,4,259635714,97983043,6,Classic Shiraz,3,0.0,30.0,0.0,3.96
2026-07-03,Ipswich,R5 1350m Mdn,5,259635718,88419556,3,English Conqueror,3,0.0,3.55,1.0,1.58
2026-07-03,Ipswich,R5 1350m Mdn,5,259635718,100232452,4,I Say I Say,5,0.0,17.99,1.0,4.7
2026-07-03,Ipswich,R5 1350m Mdn,5,259635718,100232454,7,Shrewdness,4,0.0,12.5,0.0,3.35
2026-07-03,Ipswich,R5 1350m Mdn,5,259635718,100232455,10,Captivate Legend,1,0.0,5.7,0.0,2.06
2026-07-03,Ipswich,R5 1350m Mdn,5,259635718,100232458,13,Hell Of A High,2,1.0,5.82,1.0,2.08
2026-07-03,Ipswich,R6 1690m Hcap,6,259635722,2365976,2,Switchblade,3,0.0,6.32,0.0,2.49
2026-07-03,Ipswich,R6 1690m Hcap,6,259635722,3068814,5,Summit,1,0.0,4.7,0.0,1.81
2026-07-03,Ipswich,R6 1690m Hcap,6,259635722,78001460,7,Aima Sun,2,0.0,24.0,1.0,5.4
2026-07-03,Ipswich,R6 1690m Hcap,6,259635722,81848205,3,Chayse N Leisa,5,1.0,7.98,1.0,2.92
2026-07-03,Ipswich,R6 1690m Hcap,6,259635722,91354829,1,Slipsain,4,0.0,4.68,1.0,1.93
2026-07-03,Ipswich,R6 1690m Hcap,6,259635722,99731339,9,Heroic Delaneys,5,0.0,23.31,0.0,4.93
2026-07-03,Ipswich,R7 1100m Hcap,7,259635726,598256,3,Coincide,4,0.0,11.8,1.0,3.25
2026-07-03,Ipswich,,7,259635726,51918403,8,Worthy Essgee,1,,,,
2026-07-03,Ipswich,R7 1100m Hcap,7,259635726,70078257,2,I Stole It,3,1.0,4.5,1.0,1.68
2026-07-03,Ipswich,R7 1100m Hcap,7,259635726,74571727,1,Calmer Karma,2,0.0,4.5,0.0,1.97
2026-07-03,Ipswich,R7 1100m Hcap,7,259635726,75165312,9,Yes Im Ugly,5,0.0,6.14,0.0,2.17
2026-07-03,Ipswich,R8 1100m Hcap,8,259635730,74572702,10,Flitgrove,1,0.0,4.98,0.0,2.34
2026-07-03,Ipswich,R8 1100m Hcap,8,259635730,89921527,8,Upstart Lover,5,1.0,7.6,1.0,2.92
2026-07-03,Ipswich,R8 1100m Hcap,8,259635730,98708751,5,Enchaanted,3,0.0,7.85,0.0,2.94
2026-07-03,Ipswich,R8 1100m Hcap,8,259635730,100232466,1,Miss Zermatt,4,0.0,11.04,1.0,3.55
2026-07-03,Ipswich,R8 1100m Hcap,8,259635730,100232468,4,Riva Damor,2,0.0,6.6,1.0,2.31
2026-07-03,Ipswich,R9 1350m CL1,9,259635734,82895201,1,Tulong,4,0.0,15.5,0.0,2.4
2026-07-03,Ipswich,R9 1350m CL1,9,259635734,90524711,3,Romantic Bubble,5,0.0,24.0,0.0,4.1
2026-07-03,Ipswich,R9 1350m CL1,9,259635734,98995075,2,Ardie Three,1,0.0,2.76,1.0,1.33
2026-07-03,Ipswich,R9 1350m CL1,9,259635734,100232471,4,Devine Squire,3,0.0,38.0,0.0,4.7
2026-07-03,Ipswich,R9 1350m CL1,9,259635734,100232472,9,Tinklejazz,2,1.0,2.62,1.0,1.2
2026-07-03,Moe,R1 2447m Mdn,1,259636225,431995,7,Highland Storm,3,0.0,49.2,0.0,11.02
2026-07-03,Moe,R1 2447m Mdn,1,259636225,4009003,6,Farasi,5,0.0,13.0,0.0,3.05
2026-07-03,Moe,R1 2447m Mdn,1,259636225,57148600,2,Mungerannie,4,0.0,14.43,1.0,2.72
2026-07-03,Moe,R1 2447m Mdn,1,259636225,100232491,1,Mortal Peak,2,0.0,20.45,0.0,4.2
2026-07-03,Moe,R1 2447m Mdn,1,259636225,100232492,4,Poor Ol Johny Ray,1,0.0,1.34,0.0,1.13
2026-07-03,Moe,R2 1217m Mdn,2,259636233,6457580,5,Spiderman,5,0.0,26.0,0.0,4.7
2026-07-03,Moe,R2 1217m Mdn,2,259636233,94181928,8,Red Rabbit,2,0.0,6.8,0.0,1.73
2026-07-03,Moe,R2 1217m Mdn,2,259636233,99025396,2,Eton Affair,1,1.0,2.43,1.0,1.2
2026-07-03,Moe,R2 1217m Mdn,2,259636233,99459665,1,Admire Mercury,4,0.0,9.8,1.0,2.26
2026-07-03,Moe,R2 1217m Mdn,2,259636233,100232493,3,Mighty Mystic,3,0.0,11.16,1.0,2.88
2026-07-03,Moe,R3 1217m Mdn,3,259636241,3462773,8,Come Dancing,2,0.0,6.48,0.0,1.96
2026-07-03,Moe,R3 1217m Mdn,3,259636241,72415633,6,Zwasp,3,0.0,25.48,0.0,3.56
2026-07-03,Moe,R3 1217m Mdn,3,259636241,100232496,1,Diamond Mila,5,0.0,20.96,1.0,3.31
2026-07-03,Moe,R3 1217m Mdn,3,259636241,100232497,2,Divine Provenance,4,0.0,1.88,0.0,1.32
2026-07-03,Moe,R3 1217m Mdn,3,259636241,100232500,5,Typhoon Ali,1,0.0,6.32,0.0,1.93
2026-07-03,Moe,R4 1628m Mdn,4,259636249,3463516,7,Overpriced,1,1.0,3.79,1.0,1.61
2026-07-03,Moe,R4 1628m Mdn,4,259636249,6967978,4,Inside Job,2,0.0,113.1,0.0,20.0
2026-07-03,Moe,R4 1628m Mdn,4,259636249,99769563,6,Ngongotaha,4,0.0,5.61,1.0,1.76
2026-07-03,Moe,R4 1628m Mdn,4,259636249,100232504,8,Sigma Boy,3,0.0,6.59,0.0,2.35
2026-07-03,Moe,R4 1628m Mdn,4,259636249,100232506,10,Ceylon Diamond,5,0.0,21.0,0.0,5.0
2026-07-03,Moe,,5,259636257,72884,13,Left Hook,4,,,,
2026-07-03,Moe,,5,259636257,44389861,3,Midnight Glow,1,,,,
2026-07-03,Moe,,5,259636257,46447848,1,Aseventy Seven,5,,,,
2026-07-03,Moe,,5,259636257,57626209,2,Deadly Press,3,,,,
2026-07-03,Moe,,5,259636257,70705271,4,Real Alliance,2,,,,
2026-07-03,Moe,,6,259636265,1012077,6,Adjudicate,5,,,,
2026-07-03,Moe,,6,259636265,1276670,4,Winston,3,,,,
2026-07-03,Moe,,6,259636265,47441325,8,Parvati Party,4,,,,
2026-07-03,Moe,,6,259636265,64343007,2,Genrichero,1,,,,
2026-07-03,Moe,,6,259636265,72414311,1,Staunch,2,,,,
2026-07-03,Moe,,7,259636273,67359408,11,First Day,1,,,,
2026-07-03,Moe,,7,259636273,97764243,7,Up And Under,4,,,,
2026-07-03,Moe,,7,259636273,99398762,12,Thunder Zeus,3,,,,
2026-07-03,Moe,,7,259636273,100232520,2,Perfuse,5,,,,
2026-07-03,Moe,,7,259636273,100232522,6,Power Pivot,2,,,,
2026-07-03,Moe,,8,259636281,46652798,2,Nasraawy,1,,,,
2026-07-03,Moe,,8,259636281,75436832,1,Helluva Barty,3,,,,
2026-07-03,Moe,,8,259636281,78780948,5,Mrs Archibald,4,,,,
2026-07-03,Moe,,8,259636281,81263858,10,Steamy Mist,2,,,,
2026-07-03,Moe,,8,259636281,100232526,14,Ginas A Star,5,,,,
2026-07-03,Tamworth,R1 2100m Hcap,1,259635537,49364083,3,Hardyo,5,0.0,32.86,0.0,6.2
2026-07-03,Tamworth,R1 2100m Hcap,1,259635537,70927837,8,Bill Peyto,3,0.0,8.6,0.0,2.42
2026-07-03,Tamworth,R1 2100m Hcap,1,259635537,78781024,2,Lots To Love,4,0.0,3.42,1.0,1.44
2026-07-03,Tamworth,R1 2100m Hcap,1,259635537,84911314,1,Zou Big Boy,1,0.0,7.4,1.0,2.42
2026-07-03,Tamworth,R1 2100m Hcap,1,259635537,100018902,5,Calzino,2,0.0,5.26,0.0,2.32
2026-07-03,Tamworth,R2 1000m Mdn,2,259635540,83118771,7,Euphoric Miss,3,0.0,21.8,0.0,3.94
2026-07-03,Tamworth,R2 1000m Mdn,2,259635540,98995155,4,Scathingly,1,1.0,2.72,1.0,1.27
2026-07-03,Tamworth,R2 1000m Mdn,2,259635540,99982805,5,Spellecast,2,0.0,6.31,1.0,1.91
2026-07-03,Tamworth,R2 1000m Mdn,2,259635540,100232104,2,Korekore,5,0.0,85.0,0.0,13.5
2026-07-03,Tamworth,R2 1000m Mdn,2,259635540,100232105,6,Acquisitive Art,4,0.0,9.27,0.0,2.37
2026-07-03,Tamworth,R3 1400m Mdn,3,259635543,80639991,9,Effietrinket,5,0.0,132.43,0.0,15.0
2026-07-03,Tamworth,R3 1400m Mdn,3,259635543,81889983,11,Redaluca Girl,4,0.0,18.28,0.0,2.32
2026-07-03,Tamworth,R3 1400m Mdn,3,259635543,90603620,1,Fined For Speeding,3,0.0,9.2,0.0,1.77
2026-07-03,Tamworth,R3 1400m Mdn,3,259635543,99206962,6,Ordinary Angel,2,0.0,5.2,1.0,1.8
2026-07-03,Tamworth,R3 1400m Mdn,3,259635543,100232109,10,Leovanni,1,1.0,1.82,1.0,1.13
2026-07-03,Tamworth,R4 1200m Mdn,4,259635546,87805682,11,Love You Anyway,1,0.0,3.16,0.0,1.39
2026-07-03,Tamworth,R4 1200m Mdn,4,259635546,88111102,10,Long Time Lovers,4,0.0,32.0,0.0,4.84
2026-07-03,Tamworth,R4 1200m Mdn,4,259635546,90756148,4,Oakfield Mars,3,0.0,11.0,1.0,2.1
2026-07-03,Tamworth,R4 1200m Mdn,4,259635546,100232112,3,Acqua Romane,2,0.0,8.8,1.0,2.32
2026-07-03,Tamworth,R4 1200m Mdn,4,259635546,100232114,6,Zousanity,5,1.0,2.48,1.0,1.29
2026-07-03,Tamworth,R5 1600m Hcap,5,259635549,42400718,1,Macleay,5,0.0,13.5,0.0,3.55
2026-07-03,Tamworth,R5 1600m Hcap,5,259635549,56089752,8,Carribean King,1,0.0,39.22,0.0,8.0
2026-07-03,Tamworth,R5 1600m Hcap,5,259635549,74264150,3,Set To Prophet,2,0.0,5.51,0.0,1.76
2026-07-03,Tamworth,R5 1600m Hcap,5,259635549,98995190,7,Dunstall The Gun,4,1.0,3.65,1.0,1.41
2026-07-03,Tamworth,R5 1600m Hcap,5,259635549,100232121,10,Sanbina,3,0.0,5.9,1.0,2.12
2026-07-03,Tamworth,R6 1200m CL1,6,259635552,5291594,11,Josephine,4,1.0,39.72,1.0,6.95
2026-07-03,Tamworth,,6,259635552,30013812,8,Ephemeral,5,,,,
2026-07-03,Tamworth,R6 1200m CL1,6,259635552,75355078,3,Jagerschnitzel,3,0.0,5.2,0.0,1.83
2026-07-03,Tamworth,R6 1200m CL1,6,259635552,81183470,2,Imperial State,1,0.0,3.11,1.0,1.75
2026-07-03,Tamworth,R6 1200m CL1,6,259635552,95343964,1,Olufsen,2,0.0,21.0,0.0,4.51
2026-07-03,Tamworth,R7 1200m Hcap,7,259635555,5520700,15,Reprisal,4,0.0,14.59,0.0,3.65
2026-07-03,Tamworth,R7 1200m Hcap,7,259635555,51589744,2,Deebo,5,0.0,30.0,1.0,5.1
2026-07-03,Tamworth,R7 1200m Hcap,7,259635555,68638023,4,Winged,3,0.0,50.0,0.0,5.73
2026-07-03,Tamworth,R7 1200m Hcap,7,259635555,83677138,9,Lune Dexcellence,2,0.0,55.0,1.0,7.98
2026-07-03,Tamworth,R7 1200m Hcap,7,259635555,100232132,5,Oakfield Utah,1,1.0,1.88,1.0,1.27
2026-07-03,Tamworth,R8 1000m Hcap,8,259635558,18201066,7,In Spades,4,0.0,27.0,0.0,5.55
2026-07-03,Tamworth,R8 1000m Hcap,8,259635558,52272017,4,Struff,3,0.0,8.02,0.0,2.76
2026-07-03,Tamworth,R8 1000m Hcap,8,259635558,74853300,3,Not Written Off,2,1.0,3.86,1.0,1.57
2026-07-03,Tamworth,R8 1000m Hcap,8,259635558,100232135,1,Speck,1,0.0,6.4,1.0,2.16
2026-07-03,Tamworth,R8 1000m Hcap,8,259635558,100232137,10,Demarcate,5,0.0,5.1,1.0,1.72
2026-07-03,Toowoomba,R1 1050m Mdn,1,259636585,100232222,2,Spirit Of Riverton,4,0.0,3.45,0.0,1.45
2026-07-03,Toowoomba,R1 1050m Mdn,1,259636585,100232223,4,Bodysnatcher,1,0.0,1.95,0.0,1.13
2026-07-03,Toowoomba,R1 1050m Mdn,1,259636585,100232223,4,Bodysnatcher,2,0.0,1.95,0.0,1.13
2026-07-03,Toowoomba,R1 1050m Mdn,1,259636585,100232225,7,Beltone,3,0.0,16.0,0.0,2.79
2026-07-03,Toowoomba,R2 1100m 3yo,2,259636589,98482578,7,Hurkle Durkle,3,0.0,14.5,0.0,4.36
2026-07-03,Toowoomba,R2 1100m 3yo,2,259636589,100232229,3,Langdown Legacy,4,0.0,5.8,0.0,2.03
2026-07-03,Toowoomba,R2 1100m 3yo,2,259636589,100232235,12,Gossamer Glow,1,0.0,3.6,0.0,1.6
2026-07-03,Toowoomba,R2 1100m 3yo,2,259636589,100232237,14,Reign Of Dame,2,0.0,7.73,1.0,2.4
2026-07-03,Toowoomba,R2 1100m 3yo,2,259636589,100232243,21,Tassortium,5,1.0,6.4,1.0,2.1
2026-07-03,Toowoomba,R3 1300m Mdn,3,259636593,87805677,1,Phoenix Legend,2,0.0,5.81,1.0,1.99
2026-07-03,Toowoomba,R3 1300m Mdn,3,259636593,99982879,2,By The Dozen,3,0.0,60.0,0.0,13.51
2026-07-03,Toowoomba,R3 1300m Mdn,3,259636593,99982879,2,By The Dozen,4,0.0,60.0,0.0,13.51
2026-07-03,Toowoomba,R3 1300m Mdn,3,259636593,100232247,7,Esaypeta,5,0.0,320.7,0.0,60.0
2026-07-03,Toowoomba,R3 1300m Mdn,3,259636593,100232248,9,Lady Barbarossa,1,0.0,3.55,0.0,1.71
2026-07-03,Toowoomba,R4 1000m CL4,4,259636597,55533299,2,North Of Eli,3,0.0,44.0,0.0,5.1
2026-07-03,Toowoomba,R4 1000m CL4,4,259636597,64546515,3,Defiant Boom,5,0.0,190.0,0.0,14.5
2026-07-03,Toowoomba,R4 1000m CL4,4,259636597,69161501,1,Thundering Soul,1,0.0,3.75,0.0,1.33
2026-07-03,Toowoomba,R4 1000m CL4,4,259636597,84733279,6,Hidden Nugget,4,1.0,13.0,1.0,2.5
2026-07-03,Toowoomba,R4 1000m CL4,4,259636597,88733649,7,Manpower,2,0.0,1.98,1.0,1.2
2026-07-03,Toowoomba,R5 1300m Hcap,5,259636601,71179743,1,Warilla Gorilla,5,0.0,5.09,1.0,1.96
2026-07-03,Toowoomba,R5 1300m Hcap,5,259636601,77083474,10,Ariat,2,0.0,25.0,0.0,5.52
2026-07-03,Toowoomba,R5 1300m Hcap,5,259636601,83050495,16,Data Leak,3,0.0,36.0,0.0,7.18
2026-07-03,Toowoomba,R5 1300m Hcap,5,259636601,91027028,3,Mirra Impact,4,1.0,8.51,1.0,2.51
2026-07-03,Toowoomba,,5,259636601,95660305,6,Drang A Tang,1,,,,
2026-07-03,Toowoomba,R6 1625m CL1,6,259636605,91061310,6,Sweet Pretender,1,0.0,3.0,1.0,1.38
2026-07-03,Toowoomba,R6 1625m CL1,6,259636605,97983602,1,Zeamaize,3,0.0,6.5,0.0,2.03
2026-07-03,Toowoomba,R6 1625m CL1,6,259636605,100232262,2,Woot Woot,2,0.0,6.2,0.0,2.13
2026-07-03,Toowoomba,R6 1625m CL1,6,259636605,100232262,2,Woot Woot,4,0.0,6.2,0.0,2.13
2026-07-03,Toowoomba,R7 1890m Hcap,7,259636609,47016597,13,Bumpnrun,3,0.0,76.8,1.0,12.39
2026-07-03,Toowoomba,R7 1890m Hcap,7,259636609,54139280,3,Madalsa,1,0.0,18.89,1.0,4.94
2026-07-03,Toowoomba,R7 1890m Hcap,7,259636609,67324521,9,Propose,2,0.0,15.9,0.0,4.87
2026-07-03,Toowoomba,R7 1890m Hcap,7,259636609,100232268,1,Grey Northern,5,0.0,8.89,0.0,2.93
2026-07-03,Toowoomba,R7 1890m Hcap,7,259636609,100232269,7,Blumstien,4,0.0,9.48,0.0,3.41
2026-07-04,Belmont,R1 1300m 2yo,1,259637897,11002544,2,Optimus Prime,1,0.0,5.2,0.0,1.9
2026-07-04,Belmont,R1 1300m 2yo,1,259637897,100233656,3,Harbour Rise,2,1.0,13.58,1.0,3.12
2026-07-04,Belmont,R1 1300m 2yo,1,259637897,100233657,4,Eddietemple,4,0.0,18.54,0.0,3.4
2026-07-04,Belmont,R1 1300m 2yo,1,259637897,100233660,7,Ace Queen Suited,3,0.0,7.7,1.0,2.03
2026-07-04,Belmont,R1 1300m 2yo,1,259637897,100233661,9,Blue Tang,5,0.0,10.47,0.0,2.78
2026-07-04,Belmont,R2 1200m Hcap,2,259637906,677253,4,Desert Dancing,2,0.0,7.15,0.0,2.4
2026-07-04,Belmont,R2 1200m Hcap,2,259637906,2639318,3,Girls Day Out,3,1.0,5.9,1.0,2.3
2026-07-04,Belmont,R2 1200m Hcap,2,259637906,66733704,7,Millstee,5,0.0,10.26,1.0,2.54
2026-07-04,Belmont,R2 1200m Hcap,2,259637906,69067404,2,Go Go Grommet,4,0.0,11.82,0.0,2.94
2026-07-04,Belmont,R2 1200m Hcap,2,259637906,79525320,6,Mai Aloha,1,0.0,5.29,1.0,2.3
2026-07-04,Belmont,R3 1000m Hcap,3,259637915,8651751,4,Lord Shiva,5,0.0,11.12,0.0,3.4
2026-07-04,Belmont,R3 1000m Hcap,3,259637915,71905365,2,Keep Ita Mystery,1,0.0,4.25,0.0,1.61
2026-07-04,Belmont,R3 1000m Hcap,3,259637915,83410186,8,Lucky I Am,3,0.0,24.52,0.0,5.42
2026-07-04,Belmont,R3 1000m Hcap,3,259637915,84182957,3,Baby Pearl,4,0.0,8.21,0.0,2.35
2026-07-04,Belmont,R3 1000m Hcap,3,259637915,93574799,7,Wattos Mark,2,1.0,3.25,1.0,1.63
2026-07-04,Belmont,R4 1600m Hcap,4,259637924,1236541,4,Gold Maker,2,0.0,106.91,0.0,15.84
2026-07-04,Belmont,R4 1600m Hcap,4,259637924,2440381,11,Forever Dreaming,5,0.0,156.08,0.0,23.0
2026-07-04,Belmont,R4 1600m Hcap,4,259637924,82567384,6,Old Mate Henry,3,0.0,18.0,0.0,4.15
2026-07-04,Belmont,R4 1600m Hcap,4,259637924,92461012,7,With Discretion,4,0.0,20.55,1.0,4.6
2026-07-04,Belmont,R4 1600m Hcap,4,259637924,93827974,1,Territory Man,1,0.0,1.9,0.0,1.26
2026-07-04,Belmont,R5 1300m Hcap,5,259637933,12329010,3,Lanfranco,1,0.0,8.48,0.0,2.5
2026-07-04,Belmont,R5 1300m Hcap,5,259637933,81563897,2,Hey Pino,3,0.0,11.5,1.0,2.93
2026-07-04,Belmont,R5 1300m Hcap,5,259637933,100233669,5,Searchin Times,4,0.0,7.32,0.0,2.44
2026-07-04,Belmont,R5 1300m Hcap,5,259637933,100233670,7,Daytona Pete,5,0.0,23.0,1.0,4.75
2026-07-04,Belmont,R5 1300m Hcap,5,259637933,100233673,15,Western Jet,2,0.0,2.48,0.0,1.44
2026-07-04,Belmont,R6 2000m Listed,6,259637942,609188,2,Westbound,1,1.0,2.15,1.0,1.26
2026-07-04,Belmont,R6 2000m Listed,6,259637942,9275097,1,Castle Road,3,0.0,45.94,0.0,9.63
2026-07-04,Belmont,R6 2000m Listed,6,259637942,98452816,4,Spellborn,5,0.0,6.88,0.0,2.0
2026-07-04,Belmont,R6 2000m Listed,6,259637942,99732738,8,Special Counsel,2,0.0,9.37,1.0,2.5
2026-07-04,Belmont,R6 2000m Listed,6,259637942,100233678,3,Fiery Spark,4,0.0,17.29,0.0,3.93
2026-07-04,Belmont,R7 2000m Listed,7,259637951,5282298,3,Like Clockwork,2,0.0,3.46,0.0,1.37
2026-07-04,Belmont,R7 2000m Listed,7,259637951,92390609,7,A Summer Fling,3,0.0,18.54,1.0,3.84
2026-07-04,Belmont,R7 2000m Listed,7,259637951,97695294,1,Ladies Pro,1,1.0,2.39,1.0,1.24
2026-07-04,Belmont,R7 2000m Listed,7,259637951,97726437,2,Pony Up,4,0.0,19.87,1.0,3.8
2026-07-04,Belmont,R7 2000m Listed,7,259637951,100233683,6,Effortlessly,5,0.0,13.45,0.0,3.15
2026-07-04,Belmont,R8 1400m Hcap,8,259637960,336672,6,Noteworthy,5,0.0,13.5,0.0,3.5
2026-07-04,Belmont,R8 1400m Hcap,8,259637960,51931605,4,Supersession,2,0.0,6.15,0.0,2.61
2026-07-04,Belmont,R8 1400m Hcap,8,259637960,74572906,10,The Merryman,3,0.0,17.0,0.0,5.1
2026-07-04,Belmont,R8 1400m Hcap,8,259637960,84374363,11,Auto Cruise,4,0.0,3.8,1.0,1.81
2026-07-04,Belmont,R8 1400m Hcap,8,259637960,100233689,13,Olympic Park,1,1.0,5.7,1.0,2.3
2026-07-04,Darwin,R3 1300m Hcap,3,259669248,37466797,9,Oceans Jen,4,1.0,7.8,1.0,2.22
2026-07-04,Darwin,R3 1300m Hcap,3,259669248,43016109,6,Yaki Ishi,2,0.0,8.4,0.0,2.66
2026-07-04,Darwin,R3 1300m Hcap,3,259669248,64121606,7,Dummy Spit,3,0.0,9.02,1.0,2.6
2026-07-04,Darwin,R3 1300m Hcap,3,259669248,67819621,2,Biden Time,1,0.0,2.72,0.0,2.04
2026-07-04,Darwin,R3 1300m Hcap,3,259669248,84222531,11,Private Tender,5,0.0,32.92,0.0,6.53
2026-07-04,Darwin,R4 1300m Hcap,4,259669251,55286659,6,Villa Seventynine,3,0.0,3.9,0.0,2.55
2026-07-04,Darwin,R4 1300m Hcap,4,259669251,57339005,2,Orion The Hunter,4,0.0,3.46,0.0,1.79
2026-07-04,Darwin,R4 1300m Hcap,4,259669251,63052371,5,Crazy Brave,5,0.0,25.0,0.0,7.4
2026-07-04,Darwin,R4 1300m Hcap,4,259669251,68063969,3,Magarten,1,0.0,12.9,0.0,4.7
2026-07-04,Darwin,R4 1300m Hcap,4,259669251,86655087,1,The Girls Boy,2,1.0,10.43,1.0,4.6
2026-07-04,Darwin,R5 1200m Hcap,5,259669254,47463191,6,Galaxy General,4,1.0,5.9,1.0,2.76
2026-07-04,Darwin,R5 1200m Hcap,5,259669254,71403400,1,Cap Ten,2,0.0,14.5,0.0,4.81
2026-07-04,Darwin,R5 1200m Hcap,5,259669254,76336838,2,Rhesus,3,0.0,9.0,0.0,3.45
2026-07-04,Darwin,R5 1200m Hcap,5,259669254,78781135,4,Itwasonlyakiss,5,0.0,11.44,0.0,4.7
2026-07-04,Darwin,R5 1200m Hcap,5,259669254,85320236,5,Montjuic Magic,1,0.0,2.24,1.0,1.52
2026-07-04,Darwin,R6 1100m Hcap,6,259669257,5181303,5,Frawley,3,0.0,9.2,0.0,3.64
2026-07-04,Darwin,R6 1100m Hcap,6,259669257,38860024,3,Real Valentia,5,0.0,17.5,0.0,5.5
2026-07-04,Darwin,R6 1100m Hcap,6,259669257,77302143,4,Anson Bay,2,0.0,3.75,1.0,1.78
2026-07-04,Darwin,R6 1100m Hcap,6,259669257,78976666,2,Wallenda,1,1.0,4.9,1.0,2.57
2026-07-04,Darwin,R6 1100m Hcap,6,259669257,100232782,1,Bruno Bruno,4,0.0,2.69,0.0,1.63
2026-07-04,Darwin,R7 1100m Hcap,7,259669260,40421802,6,Shirshov,2,0.0,5.4,0.0,2.7
2026-07-04,Darwin,R7 1100m Hcap,7,259669260,41512480,1,Cotehele,1,0.0,27.0,0.0,6.6
2026-07-04,Darwin,R7 1100m Hcap,7,259669260,61826401,2,Zourata,4,0.0,7.43,0.0,2.56
2026-07-04,Darwin,R7 1100m Hcap,7,259669260,76934239,3,Rewards And More,5,0.0,10.0,0.0,3.1
2026-07-04,Darwin,R7 1100m Hcap,7,259669260,100232783,5,Balastier,3,1.0,2.08,1.0,1.81
2026-07-04,Darwin,R8 1600m Hcap,8,259669263,48843836,7,Maxxi Bon,5,1.0,6.0,1.0,2.62
2026-07-04,Darwin,R8 1600m Hcap,8,259669263,51454723,2,Venting,3,0.0,10.0,0.0,3.93
2026-07-04,Darwin,R8 1600m Hcap,8,259669263,55781630,6,Wine Barron,1,0.0,3.95,0.0,2.76
2026-07-04,Darwin,R8 1600m Hcap,8,259669263,67855607,1,Jimi Hendrix,2,0.0,7.32,1.0,3.6
2026-07-04,Darwin,R8 1600m Hcap,8,259669263,78230257,4,Shisuta Bo,4,0.0,7.0,0.0,3.5
2026-07-04,Darwin,R9 1600m 3yo,9,259669266,800379,7,Maldini,2,0.0,3.92,1.0,1.84
2026-07-04,Darwin,R9 1600m 3yo,9,259669266,3637041,5,Hopeless Romantic,3,0.0,9.46,0.0,3.2
2026-07-04,Darwin,R9 1600m 3yo,9,259669266,83050514,11,Morgana,1,0.0,15.0,0.0,3.93
2026-07-04,Darwin,R9 1600m 3yo,9,259669266,88465019,9,Pleasing Smile,5,0.0,55.0,0.0,11.0
2026-07-04,Darwin,R9 1600m 3yo,9,259669266,95621438,2,Crazy Town,4,0.0,30.0,0.0,6.16
2026-07-04,Flemington,R4 2500m Qlty,4,259635766,98709095,13,Sunsprite,3,0.0,15.34,0.0,3.65
2026-07-04,Flemington,R4 2500m Qlty,4,259635766,100232656,3,Rainsun,4,0.0,9.05,0.0,2.93
2026-07-04,Flemington,R4 2500m Qlty,4,259635766,100232658,5,Brillantezza,5,1.0,5.28,1.0,1.89
2026-07-04,Flemington,R4 2500m Qlty,4,259635766,100232661,11,Think Your Amazing,1,0.0,12.65,0.0,3.26
2026-07-04,Flemington,R4 2500m Qlty,4,259635766,100232663,14,Kings Reflection,2,0.0,2.78,1.0,1.4
2026-07-04,Flemington,R5 1200m Listed,5,259635775,3866144,6,Royal Insignia,3,0.0,11.0,0.0,3.0
2026-07-04,Flemington,R5 1200m Listed,5,259635775,65977988,2,De Bergerac,2,0.0,4.5,1.0,1.74
2026-07-04,Flemington,R5 1200m Listed,5,259635775,84182756,8,Moby Dick,5,0.0,6.92,0.0,2.12
2026-07-04,Flemington,R5 1200m Listed,5,259635775,100232670,1,Losesomewinmore,1,0.0,4.54,0.0,1.69
2026-07-04,Flemington,R5 1200m Listed,5,259635775,100232671,7,Vestas,4,0.0,24.0,0.0,5.99
2026-07-04,Flemington,R6 2600m Qlty,6,259635784,1100749,1,Bold Soul,1,0.0,8.6,1.0,2.74
2026-07-04,Flemington,R6 2600m Qlty,6,259635784,42688323,8,Wuddzz,3,0.0,5.0,0.0,2.19
2026-07-04,Flemington,R6 2600m Qlty,6,259635784,47637912,3,Virtuous Circle,2,0.0,21.0,0.0,5.6
2026-07-04,Flemington,R6 2600m Qlty,6,259635784,61336747,10,Highland Blaze,4,1.0,12.11,1.0,3.9
2026-07-04,Flemington,R6 2600m Qlty,6,259635784,69390276,11,Samuel Langhorne,5,0.0,17.0,1.0,4.1
2026-07-04,Flemington,R7 1600m Listed,7,259635793,940041,1,Jimmy The Bear,3,0.0,9.82,0.0,2.92
2026-07-04,Flemington,R7 1600m Listed,7,259635793,58138180,5,Freedom Rally,4,0.0,42.41,1.0,9.6
2026-07-04,Flemington,R7 1600m Listed,7,259635793,69607011,4,Detonator Jack,2,1.0,25.21,1.0,5.52
2026-07-04,Flemington,R7 1600m Listed,7,259635793,79455984,3,Al Duca,1,0.0,3.0,0.0,1.68
2026-07-04,Flemington,R7 1600m Listed,7,259635793,100232672,8,Electric Impulse,5,0.0,7.67,0.0,2.34
2026-07-04,Flemington,R8 1200m Listed,8,259635802,85507320,5,Blethyn,2,0.0,24.02,0.0,5.35
2026-07-04,Flemington,R8 1200m Listed,8,259635802,89670040,12,Barari,5,0.0,6.01,0.0,2.48
2026-07-04,Flemington,R8 1200m Listed,8,259635802,98018903,11,Afterberna,4,0.0,14.5,0.0,3.95
2026-07-04,Flemington,R8 1200m Listed,8,259635802,100232674,2,Wise Inlaw,1,1.0,7.6,1.0,2.45
2026-07-04,Flemington,R8 1200m Listed,8,259635802,100232678,13,Chains Of Love,3,0.0,4.7,1.0,2.34
2026-07-04,Flemington,R9 1600m 3yo,9,259635811,89967524,2,Kaleo,2,0.0,10.99,0.0,3.55
2026-07-04,Flemington,R9 1600m 3yo,9,259635811,91872564,5,Flying Done,4,0.0,16.64,1.0,4.84
2026-07-04,Flemington,R9 1600m 3yo,9,259635811,92418016,1,Clevor Trever,1,1.0,3.54,1.0,1.66
2026-07-04,Flemington,R9 1600m 3yo,9,259635811,100232680,3,Obvious,5,0.0,6.5,0.0,2.42
2026-07-04,Flemington,R9 1600m 3yo,9,259635811,100232682,7,Lucky Lucky Boom,3,0.0,9.8,0.0,2.9
2026-07-04,Gold Coast,R4 1015m CL2,4,259668988,91061311,8,Lovecats,5,0.0,11.19,1.0,3.28
2026-07-04,Gold Coast,R4 1015m CL2,4,259668988,91807710,1,American Conquest,3,1.0,9.36,1.0,2.48
2026-07-04,Gold Coast,R4 1015m CL2,4,259668988,99141650,4,Gram,1,1.0,2.76,1.0,1.38
2026-07-04,Gold Coast,R4 1015m CL2,4,259668988,100262557,2,Kirksville,4,0.0,21.0,0.0,4.91
2026-07-04,Gold Coast,R4 1015m CL2,4,259668988,100262558,7,Cherrabah,2,0.0,10.26,0.0,2.93
2026-07-04,Gold Coast,R5 1800m Hcap,5,259668992,44562334,3,Chayse N Artie,2,0.0,11.0,1.0,2.92
2026-07-04,Gold Coast,R5 1800m Hcap,5,259668992,59452656,1,The Right Way,4,0.0,9.54,0.0,2.74
2026-07-04,Gold Coast,R5 1800m Hcap,5,259668992,70634514,5,October,5,0.0,12.7,0.0,2.8
2026-07-04,Gold Coast,R5 1800m Hcap,5,259668992,75084011,2,Galano,1,0.0,5.07,0.0,1.77
2026-07-04,Gold Coast,R5 1800m Hcap,5,259668992,78231166,4,Leg Drive,3,1.0,2.99,1.0,1.46
2026-07-04,Gold Coast,R6 1800m Hcap,6,259668996,2155129,4,Cigar Man,3,1.0,4.01,1.0,1.72
2026-07-04,Gold Coast,R6 1800m Hcap,6,259668996,9311913,10,Hideout,2,0.0,16.0,1.0,4.33
2026-07-04,Gold Coast,R6 1800m Hcap,6,259668996,65978126,5,Aldeenaary,4,0.0,16.64,0.0,3.65
2026-07-04,Gold Coast,R6 1800m Hcap,6,259668996,78265384,1,Watermelon,1,0.0,4.97,0.0,2.13
2026-07-04,Gold Coast,R6 1800m Hcap,6,259668996,100262562,8,Argentum Rock,5,0.0,5.0,1.0,1.99
2026-07-04,Gold Coast,R7 1400m Hcap,7,259669000,914650,1,Bruckheimer,2,0.0,11.5,0.0,2.95
2026-07-04,Gold Coast,R7 1400m Hcap,7,259669000,914650,1,Bruckheimer,5,0.0,11.5,0.0,2.95
2026-07-04,Gold Coast,R7 1400m Hcap,7,259669000,61248926,2,Cool Music,4,0.0,7.55,0.0,2.55
2026-07-04,Gold Coast,R7 1400m Hcap,7,259669000,72478461,3,Pressalong,3,0.0,28.0,1.0,6.0
2026-07-04,Gold Coast,R7 1400m Hcap,7,259669000,73720453,7,Davikar,1,0.0,4.8,0.0,1.87
2026-07-04,Gold Coast,R8 1400m Hcap,8,259669004,1077731,2,Coney Island Baby,4,0.0,7.8,1.0,2.68
2026-07-04,Gold Coast,R8 1400m Hcap,8,259669004,46291558,11,Badda Boom Baby,5,0.0,20.0,0.0,7.2
2026-07-04,Gold Coast,R8 1400m Hcap,8,259669004,70666909,1,All About Artie,2,0.0,30.0,0.0,6.6
2026-07-04,Gold Coast,R8 1400m Hcap,8,259669004,82538483,12,Hidden Future,1,0.0,11.5,0.0,3.55
2026-07-04,Gold Coast,R8 1400m Hcap,8,259669004,100262569,4,Red Code,3,0.0,4.17,0.0,2.16
2026-07-04,Marble Bar,R1 1400m Hcap,1,259672856,1083935,5,Magic Shot,1,0.0,5.57,0.0,2.42
2026-07-04,Marble Bar,R1 1400m Hcap,1,259672856,52621744,1,Cheddar Bob,2,0.0,4.7,0.0,2.58
2026-07-04,Marble Bar,R1 1400m Hcap,1,259672856,66498643,4,Fries With That,5,0.0,8.47,0.0,4.3
2026-07-04,Marble Bar,R1 1400m Hcap,1,259672856,67231989,2,Percussion Prince,4,0.0,4.42,0.0,2.34
2026-07-04,Marble Bar,R1 1400m Hcap,1,259672856,81221739,3,Missile Girl,3,0.0,6.44,1.0,3.02
2026-07-04,Marble Bar,R2 1200m Hcap,2,259672860,782401,1,Border Control,4,0.0,15.77,0.0,5.3
2026-07-04,Marble Bar,R2 1200m Hcap,2,259672860,3177173,3,Star Power,3,1.0,3.9,1.0,2.22
2026-07-04,Marble Bar,R2 1200m Hcap,2,259672860,68325531,2,Hit The Jackpot,1,0.0,5.8,0.0,2.3
2026-07-04,Marble Bar,R2 1200m Hcap,2,259672860,70079446,5,Heeza Beau,5,0.0,8.6,1.0,3.35
2026-07-04,Marble Bar,R2 1200m Hcap,2,259672860,81563861,4,Favoured Son,2,0.0,2.6,0.0,1.72
2026-07-04,Marble Bar,R3 1200m Mdn,3,259672864,1362318,4,Lady Mayflower,1,0.0,3.6,1.0,1.42
2026-07-04,Marble Bar,R3 1200m Mdn,3,259672864,82046871,1,Rays Sauce,5,1.0,3.4,1.0,1.37
2026-07-04,Marble Bar,R3 1200m Mdn,3,259672864,87381121,5,Leafice,4,0.0,6.4,0.0,2.48
2026-07-04,Marble Bar,R3 1200m Mdn,3,259672864,93574805,9,Likes To Chant,2,0.0,11.25,0.0,2.41
2026-07-04,Marble Bar,R3 1200m Mdn,3,259672864,100233087,6,Watershed Wisdom,3,0.0,14.25,1.0,3.05
2026-07-04,Marble Bar,R4 1200m Hcap,4,259672868,65895202,6,If I Din Havadime,3,0.0,12.0,0.0,3.15
2026-07-04,Marble Bar,R4 1200m Hcap,4,259672868,78689390,3,Kia Ora Tatou,4,0.0,9.0,1.0,2.8
2026-07-04,Marble Bar,R4 1200m Hcap,4,259672868,82046883,8,She Is God,5,0.0,14.5,0.0,4.04
2026-07-04,Marble Bar,R4 1200m Hcap,4,259672868,86058032,1,Torqued Up,2,0.0,4.34,0.0,1.94
2026-07-04,Marble Bar,R4 1200m Hcap,4,259672868,89622472,2,Adrett,1,1.0,9.81,1.0,3.05
2026-07-04,Marble Bar,R5 1600m Hcap,5,259672872,8068728,1,Reginald,4,0.0,11.65,1.0,3.14
2026-07-04,Marble Bar,R5 1600m Hcap,5,259672872,38924498,2,Magic Mikey,3,0.0,4.61,0.0,1.84
2026-07-04,Marble Bar,R5 1600m Hcap,5,259672872,58314170,7,Mystical Man,2,0.0,7.1,0.0,2.26
2026-07-04,Marble Bar,R5 1600m Hcap,5,259672872,60987253,5,Beautiful Baroque,5,0.0,33.68,0.0,6.4
2026-07-04,Marble Bar,R5 1600m Hcap,5,259672872,87164702,4,Another Nephew,1,1.0,3.42,1.0,1.47
2026-07-04,Marble Bar,R6 1600m CL1,6,259672876,60415796,7,Holdout,3,1.0,3.34,1.0,1.41
2026-07-04,Marble Bar,,6,259672876,68825787,8,Pavliani,2,,,,
2026-07-04,Marble Bar,,6,259672876,79472317,6,Cocoon Girl,5,,,,
2026-07-04,Marble Bar,R6 1600m CL1,6,259672876,98214540,3,Reel Serenity,1,0.0,9.64,0.0,2.48
2026-07-04,Marble Bar,R6 1600m CL1,6,259672876,100233091,1,Kermelia,4,0.0,6.22,0.0,1.97
2026-07-04,Murray Bridge,R4 1800m Hcap,4,259636701,49087668,2,Miracle Spin,2,0.0,8.11,1.0,2.82
2026-07-04,Murray Bridge,R4 1800m Hcap,4,259636701,69389917,5,Longer Route,5,0.0,11.0,0.0,3.2
2026-07-04,Murray Bridge,R4 1800m Hcap,4,259636701,69389938,1,Maracourt,1,0.0,6.8,0.0,2.47
2026-07-04,Murray Bridge,R4 1800m Hcap,4,259636701,73642851,7,Petas Heart,3,0.0,8.2,0.0,2.88
2026-07-04,Murray Bridge,R4 1800m Hcap,4,259636701,87454083,3,Placo,4,1.0,6.0,1.0,2.02
2026-07-04,Murray Bridge,R5 1800m Hcap,5,259636710,40092002,4,Scenic Host,4,0.0,26.0,0.0,6.6
2026-07-04,Murray Bridge,R5 1800m Hcap,5,259636710,41034327,5,Crown Mint,2,0.0,24.72,0.0,5.86
2026-07-04,Murray Bridge,R5 1800m Hcap,5,259636710,56053669,2,Bolted In,1,0.0,25.43,0.0,6.11
2026-07-04,Murray Bridge,R5 1800m Hcap,5,259636710,68826194,6,Our Sassy Lady,3,0.0,4.75,1.0,2.17
2026-07-04,Murray Bridge,R5 1800m Hcap,5,259636710,78534736,8,Early Warning,5,0.0,19.39,0.0,4.6
2026-07-04,Murray Bridge,R6 1600m Hcap,6,259636719,7151469,1,Brave Star,1,1.0,10.0,1.0,2.98
2026-07-04,Murray Bridge,R6 1600m Hcap,6,259636719,62788620,5,Imposing Suspect,4,0.0,61.5,0.0,10.76
2026-07-04,Murray Bridge,R6 1600m Hcap,6,259636719,80361972,3,Showrunner,3,0.0,14.91,0.0,4.53
2026-07-04,Murray Bridge,R6 1600m Hcap,6,259636719,83050178,9,Maxildo,2,0.0,3.2,1.0,1.61
2026-07-04,Murray Bridge,R6 1600m Hcap,6,259636719,100232335,4,Big Rooster,5,0.0,4.72,0.0,2.12
2026-07-04,Murray Bridge,R7 1200m Hcap,7,259636728,3631165,1,Snow Patrol,4,0.0,150.0,0.0,20.0
2026-07-04,Murray Bridge,R7 1200m Hcap,7,259636728,44758204,2,Winning Revolution,2,0.0,60.0,0.0,6.99
2026-07-04,Murray Bridge,R7 1200m Hcap,7,259636728,50997977,12,Miso,3,0.0,9.99,1.0,2.08
2026-07-04,Murray Bridge,R7 1200m Hcap,7,259636728,81263155,4,Ginger Sinner,5,0.0,19.0,0.0,3.13
2026-07-04,Murray Bridge,R7 1200m Hcap,7,259636728,99731367,5,Jacks On Ice,1,0.0,8.6,0.0,1.84
2026-07-04,Murray Bridge,R8 1100m Hcap,8,259636737,2576422,7,Restless Wind,2,1.0,4.84,1.0,1.85
2026-07-04,Murray Bridge,R8 1100m Hcap,8,259636737,85181027,1,Halliwell,1,0.0,4.96,0.0,1.8
2026-07-04,Murray Bridge,R8 1100m Hcap,8,259636737,88611148,4,Brimarvi Rosemarie,4,0.0,6.88,1.0,2.34
2026-07-04,Murray Bridge,R8 1100m Hcap,8,259636737,91432438,13,Refreshing,5,0.0,30.0,0.0,5.87
2026-07-04,Murray Bridge,R8 1100m Hcap,8,259636737,100232346,3,Bohemian Angel,3,0.0,5.4,1.0,1.9
2026-07-04,Murray Bridge,R9 1100m Hcap,9,259636746,46108846,11,Grand Host,4,0.0,13.38,1.0,4.91
2026-07-04,Murray Bridge,R9 1100m Hcap,9,259636746,57411562,8,Mansiere,5,0.0,34.58,0.0,7.64
2026-07-04,Murray Bridge,R9 1100m Hcap,9,259636746,71403423,6,Riche Damour,1,1.0,5.36,1.0,2.12
2026-07-04,Murray Bridge,R9 1100m Hcap,9,259636746,84982478,17,The Guava,2,0.0,54.77,0.0,10.5
2026-07-04,Murray Bridge,R9 1100m Hcap,9,259636746,100232348,12,Tannenburg,3,0.0,90.14,0.0,16.94
2026-07-04,Port Macquarie,R2 1204m Mdn,2,259669157,95023731,5,Airburst,1,0.0,4.3,1.0,1.5
2026-07-04,Port Macquarie,R2 1204m Mdn,2,259669157,99493388,2,Habib Albi,5,0.0,5.2,1.0,1.59
2026-07-04,Port Macquarie,R2 1204m Mdn,2,259669157,100262190,4,Rips Law,4,0.0,75.0,0.0,8.0
2026-07-04,Port Macquarie,R2 1204m Mdn,2,259669157,100262191,8,Bound For Kos,2,1.0,5.62,1.0,1.51
2026-07-04,Port Macquarie,R2 1204m Mdn,2,259669157,100262192,9,Womensworld,3,0.0,3.03,0.0,1.25
2026-07-04,Port Macquarie,R3 1808m Hcap,3,259669160,43815914,1,Strobing,3,0.0,7.8,0.0,2.54
2026-07-04,Port Macquarie,R3 1808m Hcap,3,259669160,57809813,7,Flash Prince,4,0.0,7.14,0.0,2.46
2026-07-04,Port Macquarie,R3 1808m Hcap,3,259669160,65051781,3,Seething Chuck,1,0.0,6.0,0.0,2.6
2026-07-04,Port Macquarie,R3 1808m Hcap,3,259669160,82602311,5,Highland Hustle,5,0.0,12.5,0.0,3.3
2026-07-04,Port Macquarie,R3 1808m Hcap,3,259669160,100262193,6,Mr Villa,2,0.0,18.5,1.0,4.04
2026-07-04,Port Macquarie,R4 1004m Hcap,4,259669163,26777989,2,Brazen Brando,1,0.0,4.2,1.0,1.66
2026-07-04,Port Macquarie,R4 1004m Hcap,4,259669163,49268450,6,Typhoon Neta,2,0.0,42.06,0.0,6.86
2026-07-04,Port Macquarie,R4 1004m Hcap,4,259669163,59996249,8,Stiorra,4,0.0,3.87,1.0,1.67
2026-07-04,Port Macquarie,R4 1004m Hcap,4,259669163,63402559,9,Skates On,3,0.0,10.53,0.0,3.07
2026-07-04,Port Macquarie,R4 1004m Hcap,4,259669163,95343580,5,Lika Remi,5,1.0,9.2,1.0,3.17
2026-07-04,Port Macquarie,R5 1506m Hcap,5,259669166,86388958,11,Think Im Irish,5,0.0,25.87,0.0,5.3
2026-07-04,Port Macquarie,R5 1506m Hcap,5,259669166,100262198,3,Venom Wolf,1,0.0,4.23,0.0,1.73
2026-07-04,Port Macquarie,R5 1506m Hcap,5,259669166,100262199,5,Deep Drive,4,0.0,45.85,0.0,6.88
2026-07-04,Port Macquarie,R5 1506m Hcap,5,259669166,100262200,10,Percolate,3,0.0,18.5,0.0,3.9
2026-07-04,Port Macquarie,R5 1506m Hcap,5,259669166,100262201,12,Grand Voile,2,0.0,7.8,1.0,2.28
2026-07-04,Port Macquarie,R6 1204m Hcap,6,259669169,42279137,4,Little Prophet,1,0.0,8.8,0.0,2.88
2026-07-04,Port Macquarie,R6 1204m Hcap,6,259669169,53184110,2,Atomic Selfie,2,0.0,5.7,0.0,2.32
2026-07-04,Port Macquarie,R6 1204m Hcap,6,259669169,53184110,2,Atomic Selfie,4,0.0,5.7,0.0,2.32
2026-07-04,Port Macquarie,R6 1204m Hcap,6,259669169,59683965,8,Rivoli Star,5,0.0,17.0,0.0,4.1
2026-07-04,Port Macquarie,R6 1204m Hcap,6,259669169,90798200,13,Enzoni,3,0.0,32.5,0.0,6.87
2026-07-04,Rosehill,R6 1100m Hcap,6,259636847,33687698,8,Aleppo Pine,3,0.0,9.6,0.0,2.72
2026-07-04,Rosehill,R6 1100m Hcap,6,259636847,48672366,1,Tristate,5,0.0,100.34,0.0,17.03
2026-07-04,Rosehill,R6 1100m Hcap,6,259636847,78977067,5,Polyglot,1,1.0,2.93,1.0,1.5
2026-07-04,Rosehill,R6 1100m Hcap,6,259636847,100232609,2,Just Too Fly,2,0.0,32.0,0.0,6.4
2026-07-04,Rosehill,R6 1100m Hcap,6,259636847,100232609,2,Just Too Fly,4,0.0,32.0,0.0,6.4
2026-07-04,Rosehill,R7 2000m Hcap,7,259636856,1438957,3,Golden Century,5,0.0,16.51,0.0,4.59
2026-07-04,Rosehill,R7 2000m Hcap,7,259636856,80091220,1,Lincoln Rocks,3,0.0,18.94,0.0,4.4
2026-07-04,Rosehill,R7 2000m Hcap,7,259636856,100232613,6,Shangri La Impact,2,0.0,14.5,0.0,4.3
2026-07-04,Rosehill,R7 2000m Hcap,7,259636856,100232614,12,Nasebah,1,0.0,5.5,0.0,2.4
2026-07-04,Rosehill,R7 2000m Hcap,7,259636856,100232615,13,Engine Of War,4,0.0,7.64,0.0,2.96
2026-07-04,Rosehill,R8 1200m Hcap,8,259636865,46675600,2,Romeos Choice,4,0.0,24.45,0.0,5.9
2026-07-04,Rosehill,R8 1200m Hcap,8,259636865,67324193,5,Eye Of The Fire,2,0.0,6.31,0.0,2.26
2026-07-04,Rosehill,R8 1200m Hcap,8,259636865,72916011,9,Bandis Boy,3,0.0,24.0,0.0,5.1
2026-07-04,Rosehill,R8 1200m Hcap,8,259636865,100232621,6,Gatsbys,5,0.0,6.8,0.0,2.5
2026-07-04,Rosehill,R8 1200m Hcap,8,259636865,100232622,7,Midnight Opal,1,0.0,10.5,1.0,2.59
2026-07-04,Rosehill,R9 1400m Qlty,9,259636874,49914864,7,Whinchat,5,0.0,23.0,0.0,5.07
2026-07-04,Rosehill,R9 1400m Qlty,9,259636874,89886064,4,Midnight Dynamite,2,0.0,5.8,1.0,2.1
2026-07-04,Rosehill,R9 1400m Qlty,9,259636874,89886064,4,Midnight Dynamite,3,0.0,5.8,1.0,2.1
2026-07-04,Rosehill,R9 1400m Qlty,9,259636874,100232626,1,General Salute,1,1.0,10.96,1.0,2.65
2026-07-04,Rosehill,R9 1400m Qlty,9,259636874,100232627,5,Cool Jakey,4,0.0,9.8,0.0,3.05
2026-07-04,Rosehill,R10 1400m Hcap,10,259636883,49914852,2,Felix Majestic,3,0.0,57.94,0.0,13.0
2026-07-04,Rosehill,R10 1400m Hcap,10,259636883,70386341,15,Silvanito,5,1.0,10.35,1.0,2.83
2026-07-04,Rosehill,R10 1400m Hcap,10,259636883,73177153,7,High Blue Sea,4,0.0,20.0,0.0,4.6
2026-07-04,Rosehill,R10 1400m Hcap,10,259636883,78756403,13,Invader Zim,2,0.0,7.2,0.0,2.3
2026-07-04,Rosehill,R10 1400m Hcap,10,259636883,92161272,5,Supermassive,1,0.0,3.15,1.0,1.55
2026-07-04,Sunshine Coast,R4 1000m Qlty,4,259638189,82344553,2,Get Ready Lass,3,0.0,14.31,0.0,4.37
2026-07-04,Sunshine Coast,R4 1000m Qlty,4,259638189,93021762,4,All Adore,4,0.0,10.0,0.0,3.26
2026-07-04,Sunshine Coast,R4 1000m Qlty,4,259638189,97694203,15,Spirit Of Barty,5,0.0,93.89,1.0,15.27
2026-07-04,Sunshine Coast,R4 1000m Qlty,4,259638189,100232979,1,Foreign Press,1,0.0,9.0,1.0,2.52
2026-07-04,Sunshine Coast,R4 1000m Qlty,4,259638189,100232980,5,Dragonne Rouge,2,0.0,15.0,0.0,4.1
2026-07-04,Sunshine Coast,R5 1000m Hcap,5,259638198,53680477,2,Steady Ready,1,1.0,4.76,1.0,2.05
2026-07-04,Sunshine Coast,R5 1000m Hcap,5,259638198,57883758,1,Epic Proportions,4,0.0,24.08,0.0,7.33
2026-07-04,Sunshine Coast,R5 1000m Hcap,5,259638198,63026438,3,Storm The Ramparts,3,0.0,9.43,0.0,3.22
2026-07-04,Sunshine Coast,R5 1000m Hcap,5,259638198,71403720,11,Pre Eminence,5,0.0,34.08,1.0,8.84
2026-07-04,Sunshine Coast,R5 1000m Hcap,5,259638198,100232991,14,Wanda Rox,2,0.0,5.1,0.0,2.32
2026-07-04,Sunshine Coast,R6 1600m Grp3,6,259638207,5569566,5,Cellarmaster,2,1.0,6.2,1.0,2.41
2026-07-04,Sunshine Coast,R6 1600m Grp3,6,259638207,35170031,7,Lyneham,3,0.0,50.0,0.0,9.05
2026-07-04,Sunshine Coast,R6 1600m Grp3,6,259638207,85506848,3,Hillier,4,0.0,13.14,0.0,3.24
2026-07-04,Sunshine Coast,R6 1600m Grp3,6,259638207,99459835,10,Within The Law,1,0.0,3.1,0.0,1.46
2026-07-04,Sunshine Coast,R6 1600m Grp3,6,259638207,99459836,11,Tupakara,5,0.0,31.39,0.0,7.88
2026-07-04,Sunshine Coast,R7 2400m Qlty,7,259638216,41197697,6,Caboche,3,0.0,7.48,1.0,2.69
2026-07-04,Sunshine Coast,R7 2400m Qlty,7,259638216,55818554,1,Fawkner Park,2,0.0,18.0,0.0,4.5
2026-07-04,Sunshine Coast,R7 2400m Qlty,7,259638216,68091530,8,Bestower,5,0.0,24.28,0.0,4.67
2026-07-04,Sunshine Coast,R7 2400m Qlty,7,259638216,83903090,5,Thebudgiesmugla,1,1.0,2.72,1.0,1.39
2026-07-04,Sunshine Coast,R7 2400m Qlty,7,259638216,100232999,7,So You Are,4,0.0,6.82,1.0,2.19
2026-07-04,Sunshine Coast,R8 1400m Qlty,8,259638225,39395915,7,Rockribbed,5,0.0,85.0,0.0,15.44
2026-07-04,Sunshine Coast,R8 1400m Qlty,8,259638225,82079446,5,Anemacore,2,0.0,11.02,1.0,4.2
2026-07-04,Sunshine Coast,R8 1400m Qlty,8,259638225,83642474,8,Gerringong,3,0.0,4.99,0.0,2.03
2026-07-04,Sunshine Coast,R8 1400m Qlty,8,259638225,90524782,13,King Zephyr,1,0.0,6.27,0.0,2.5
2026-07-04,Sunshine Coast,R8 1400m Qlty,8,259638225,100233001,18,John Rambo,4,0.0,15.83,0.0,4.18
2026-07-04,Sunshine Coast,R9 1400m Hcap,9,259638234,829831,11,North Pole,4,0.0,7.92,0.0,3.19
2026-07-04,Sunshine Coast,R9 1400m Hcap,9,259638234,56606332,7,Pocket Full,5,0.0,38.76,0.0,8.4
2026-07-04,Sunshine Coast,R9 1400m Hcap,9,259638234,98709264,6,Express Payment,2,1.0,7.56,1.0,2.66
2026-07-04,Sunshine Coast,R9 1400m Hcap,9,259638234,100233008,13,Naval Trader,3,0.0,16.98,0.0,5.25
2026-07-04,Sunshine Coast,R9 1400m Hcap,9,259638234,100233009,14,Eclair Awesome,1,0.0,12.31,0.0,4.2
2026-07-04,Wyong,R4 1350m Mdn,4,259667181,70169891,3,Indigo Star,4,0.0,6.46,1.0,2.36
2026-07-04,Wyong,R4 1350m Mdn,4,259667181,85472229,2,Flying Artisam,5,1.0,12.0,1.0,3.35
2026-07-04,Wyong,R4 1350m Mdn,4,259667181,92459878,1,Snitzel Miss,1,0.0,2.62,0.0,1.37
2026-07-04,Wyong,R4 1350m Mdn,4,259667181,98925220,4,Merini,2,0.0,14.0,0.0,2.68
2026-07-04,Wyong,R4 1350m Mdn,4,259667181,100263158,5,Kumbaya,3,0.0,9.4,0.0,3.0
2026-07-04,Wyong,R5 1350m Hcap,5,259667184,3590775,5,Castagnola,2,0.0,11.26,0.0,3.14
2026-07-04,Wyong,R5 1350m Hcap,5,259667184,9687560,3,Rimbaud,1,1.0,6.85,1.0,2.14
2026-07-04,Wyong,R5 1350m Hcap,5,259667184,71837451,7,Alabama Blitz,5,0.0,46.0,0.0,7.4
2026-07-04,Wyong,R5 1350m Hcap,5,259667184,78916155,2,Koios,4,0.0,9.65,1.0,2.74
2026-07-04,Wyong,R5 1350m Hcap,5,259667184,100263170,19,Spiv,3,0.0,7.41,0.0,2.74
2026-07-04,Wyong,R6 1200m Hcap,6,259667187,465683,3,Cool Lad,3,0.0,26.0,0.0,5.8
2026-07-04,Wyong,R6 1200m Hcap,6,259667187,55244151,4,Divine Vicky,4,0.0,14.0,0.0,4.2
2026-07-04,Wyong,R6 1200m Hcap,6,259667187,60415254,9,Prinzerro,2,0.0,15.66,0.0,3.6
2026-07-04,Wyong,R6 1200m Hcap,6,259667187,100263174,6,Written Scandal,1,1.0,4.16,1.0,1.95
2026-07-04,Wyong,R6 1200m Hcap,6,259667187,100263175,11,Cuesta,5,0.0,5.33,0.0,2.17
2026-07-04,Wyong,R7 1000m Hcap,7,259667190,6571710,1,Indecisive,4,0.0,5.8,0.0,1.93
2026-07-04,Wyong,R7 1000m Hcap,7,259667190,68157268,5,Sneaky Sofia,5,0.0,9.8,0.0,2.72
2026-07-04,Wyong,R7 1000m Hcap,7,259667190,78464197,10,Zoukerino,1,0.0,11.0,0.0,3.0
2026-07-04,Wyong,R7 1000m Hcap,7,259667190,81519104,3,Spartus,2,1.0,4.9,1.0,2.02
2026-07-04,Wyong,R7 1000m Hcap,7,259667190,100263180,9,Gogmagog,3,0.0,75.0,0.0,12.84
2026-07-04,Wyong,R8 1600m CL1,8,259667193,77386356,1,Call Me Mojo,1,0.0,6.06,0.0,2.06
2026-07-04,Wyong,R8 1600m CL1,8,259667193,80170619,11,Jason Darren,2,0.0,10.71,1.0,3.15
2026-07-04,Wyong,R8 1600m CL1,8,259667193,89921206,2,Jonson,3,1.0,3.6,1.0,1.84
2026-07-04,Wyong,R8 1600m CL1,8,259667193,99690565,7,Queen Tavane,4,0.0,65.0,0.0,11.5
2026-07-04,Wyong,R8 1600m CL1,8,259667193,100263186,8,Aranese,5,0.0,7.42,0.0,2.5
2026-07-05,Bendigo,R5 1100m Hcap,5,259691694,491901,2,National Code,3,0.0,5.9,1.0,2.29
2026-07-05,Bendigo,R5 1100m Hcap,5,259691694,88330215,13,Ginas A Star,5,0.0,5.59,1.0,2.24
2026-07-05,Bendigo,R5 1100m Hcap,5,259691694,100262751,4,Wicked Storm,1,0.0,12.93,0.0,3.8
2026-07-05,Bendigo,R5 1100m Hcap,5,259691694,100262755,12,Dismantle,2,0.0,10.16,0.0,3.75
2026-07-05,Bendigo,R5 1100m Hcap,5,259691694,100262759,18,Poetic Storm,4,0.0,70.0,0.0,17.09
2026-07-05,Bendigo,R6 1000m Hcap,6,259691702,68959132,2,Call To Glory,1,0.0,3.38,0.0,1.88
2026-07-05,Bendigo,R6 1000m Hcap,6,259691702,71436900,1,Blazing Sword,5,0.0,33.89,0.0,6.97
2026-07-05,Bendigo,R6 1000m Hcap,6,259691702,85017208,10,Bazzar,4,0.0,6.4,0.0,2.62
2026-07-05,Bendigo,R6 1000m Hcap,6,259691702,86388888,6,Tapo,3,0.0,25.0,0.0,6.51
2026-07-05,Bendigo,R6 1000m Hcap,6,259691702,100262762,5,Hollywoodboulevard,2,0.0,13.01,0.0,3.88
2026-07-05,Bendigo,R7 1300m Hcap,7,259691710,2578393,5,Cobblestone Way,2,1.0,7.55,1.0,2.62
2026-07-05,Bendigo,R7 1300m Hcap,7,259691710,45942787,3,Gobbos Mate,5,0.0,85.0,0.0,16.29
2026-07-05,Bendigo,R7 1300m Hcap,7,259691710,66266927,9,Naval Force,4,0.0,11.0,0.0,3.03
2026-07-05,Bendigo,R7 1300m Hcap,7,259691710,81016244,13,Of The View,1,0.0,4.31,1.0,1.89
2026-07-05,Bendigo,R7 1300m Hcap,7,259691710,83191579,1,Strike Gold,3,0.0,7.4,0.0,2.58
2026-07-05,Bendigo,R8 1300m Hcap,8,259691718,2863152,2,Tijuana,2,0.0,137.63,0.0,23.6
2026-07-05,Bendigo,R8 1300m Hcap,8,259691718,42049330,3,All Business,4,0.0,9.51,0.0,2.64
2026-07-05,Bendigo,R8 1300m Hcap,8,259691718,48198718,6,Danaustar,1,0.0,21.55,0.0,5.25
2026-07-05,Bendigo,R8 1300m Hcap,8,259691718,65022822,1,Powerbound,3,0.0,4.41,0.0,1.89
2026-07-05,Bendigo,R8 1300m Hcap,8,259691718,100262772,8,Magnetic Chess,5,1.0,6.2,1.0,2.68
2026-07-05,Bendigo,R9 1500m Hcap,9,259691726,24007154,12,Moscow Red,3,0.0,88.63,0.0,12.73
2026-07-05,Bendigo,R9 1500m Hcap,9,259691726,64343029,7,Ataegina,5,0.0,22.4,1.0,4.92
2026-07-05,Bendigo,R9 1500m Hcap,9,259691726,68599395,10,Omnic,1,1.0,2.83,1.0,1.36
2026-07-05,Bendigo,,9,259691726,77386467,8,Charming Deel,2,,,,
2026-07-05,Bendigo,R9 1500m Hcap,9,259691726,85541241,2,Ollandia Beach,4,0.0,4.65,0.0,1.64
2026-07-05,Casterton,R3 3800m Stpl,3,259692925,38999941,1,Not Usual Dream,4,0.0,25.75,0.0,7.5
2026-07-05,Casterton,R3 3800m Stpl,3,259692925,40753005,3,Saint Eustace,3,0.0,2.8,1.0,1.5
2026-07-05,Casterton,R3 3800m Stpl,3,259692925,43988566,4,Nightfall,2,0.0,10.0,0.0,3.75
2026-07-05,Casterton,R3 3800m Stpl,3,259692925,78231264,2,Karburan,1,0.0,2.3,0.0,1.4
2026-07-05,Casterton,R3 3800m Stpl,3,259692925,100262905,5,Charlie Messy Hair,5,1.0,14.5,1.0,4.3
2026-07-05,Casterton,R4 1800m Mdn,4,259692932,82940601,10,Libby Ann,5,0.0,11.23,0.0,2.94
2026-07-05,Casterton,R4 1800m Mdn,4,259692932,98517080,7,Newcombe,1,0.0,6.68,0.0,2.22
2026-07-05,Casterton,R4 1800m Mdn,4,259692932,99493347,3,Darwinian,3,1.0,4.7,1.0,1.67
2026-07-05,Casterton,R4 1800m Mdn,4,259692932,100262908,8,Numbersneverseen,4,0.0,4.7,1.0,1.85
2026-07-05,Casterton,R4 1800m Mdn,4,259692932,100262909,9,Janey Bopper,2,0.0,4.37,1.0,1.65
2026-07-05,Casterton,R5 1400m Hcap,5,259692939,25550077,11,Pardon My French,2,0.0,14.4,0.0,3.86
2026-07-05,Casterton,R5 1400m Hcap,5,259692939,40786494,1,Atomic Gold,5,0.0,11.93,0.0,3.1
2026-07-05,Casterton,R5 1400m Hcap,5,259692939,87767442,12,Matrooshi,1,0.0,7.24,0.0,2.43
2026-07-05,Casterton,R5 1400m Hcap,5,259692939,99242946,2,Dubai Dancer,3,1.0,5.2,1.0,2.4
2026-07-05,Casterton,R5 1400m Hcap,5,259692939,100262913,7,Shades Of Stardom,4,0.0,8.47,0.0,2.66
2026-07-05,Casterton,R6 1100m Hcap,6,259692946,6587158,9,Long Lost Friend,2,0.0,4.24,0.0,1.66
2026-07-05,Casterton,R6 1100m Hcap,6,259692946,81264208,7,Brutify,4,0.0,10.5,1.0,3.13
2026-07-05,Casterton,R6 1100m Hcap,6,259692946,83940691,1,The Kill Club,1,0.0,4.5,0.0,1.96
2026-07-05,Casterton,R6 1100m Hcap,6,259692946,86892959,6,Havilah,5,0.0,20.0,0.0,5.1
2026-07-05,Casterton,R6 1100m Hcap,6,259692946,100262914,4,Stargust,3,0.0,8.23,1.0,2.99
2026-07-05,Casterton,R7 2000m Hcap,7,259692953,2411941,11,Brynner,4,0.0,25.22,0.0,5.1
2026-07-05,Casterton,R7 2000m Hcap,7,259692953,46056004,2,Idontgetit,2,0.0,3.56,0.0,1.53
2026-07-05,Casterton,R7 2000m Hcap,7,259692953,97242950,8,Vieux Riche,1,0.0,5.9,0.0,2.46
2026-07-05,Casterton,R7 2000m Hcap,7,259692953,100232519,1,Split,3,0.0,10.0,1.0,3.24
2026-07-05,Casterton,R7 2000m Hcap,7,259692953,100262917,9,Shamex,5,1.0,4.99,1.0,2.08
2026-07-05,Grafton,R4 1115m CL3,4,259691084,72096646,3,Chilled With Ice,5,0.0,20.0,1.0,4.8
2026-07-05,Grafton,R4 1115m CL3,4,259691084,75119133,7,Barello,1,0.0,34.0,0.0,7.6
2026-07-05,Grafton,R4 1115m CL3,4,259691084,100262472,6,Somerton Smart,4,1.0,2.88,1.0,1.51
2026-07-05,Grafton,R4 1115m CL3,4,259691084,100262474,10,Enniroc,2,0.0,15.0,0.0,3.85
2026-07-05,Grafton,R4 1115m CL3,4,259691084,100262475,14,The Torque Xpress,3,0.0,8.8,0.0,2.66
2026-07-05,Grafton,R5 2230m Qlty,5,259691087,55132175,1,Diablo Bolt,1,0.0,12.5,0.0,2.86
2026-07-05,Grafton,R5 2230m Qlty,5,259691087,68931137,3,Ring Ahoy,3,0.0,10.0,1.0,2.36
2026-07-05,Grafton,R5 2230m Qlty,5,259691087,75757951,10,Bright The Sun,5,0.0,30.57,0.0,5.58
2026-07-05,Grafton,R5 2230m Qlty,5,259691087,82376405,4,Spenzalot,2,0.0,1.9,0.0,1.2
2026-07-05,Grafton,R5 2230m Qlty,5,259691087,100262477,6,Brilliant Knight,4,0.0,7.16,1.0,2.3
2026-07-05,Grafton,R6 1190m Qlty,6,259691090,1279289,2,Voracious,1,0.0,14.0,0.0,2.46
2026-07-05,Grafton,R6 1190m Qlty,6,259691090,51204458,5,The Wolf,5,0.0,19.5,0.0,3.16
2026-07-05,Grafton,R6 1190m Qlty,6,259691090,65089678,3,Tectonic Plate,2,0.0,13.0,1.0,2.24
2026-07-05,Grafton,R6 1190m Qlty,6,259691090,67290023,4,Kaizad,3,0.0,47.33,0.0,7.13
2026-07-05,Grafton,R6 1190m Qlty,6,259691090,75480616,1,My Mums Toyboy,4,1.0,1.53,1.0,1.27
2026-07-05,Grafton,R7 1215m CL1,7,259691093,1090295,10,Whiskey Miss,2,0.0,10.22,1.0,3.6
2026-07-05,Grafton,R7 1215m CL1,7,259691093,6332562,1,Permission Granted,1,0.0,2.63,0.0,1.43
2026-07-05,Grafton,R7 1215m CL1,7,259691093,99241184,4,The Dux Nuts,3,0.0,10.9,1.0,2.6
2026-07-05,Grafton,R7 1215m CL1,7,259691093,100262485,5,Red Chick,1,0.0,5.76,0.0,2.42
2026-07-05,Grafton,R7 1215m CL1,7,259691093,100262485,5,Red Chick,2,0.0,5.76,0.0,2.42
2026-07-05,Grafton,R7 1215m CL1,7,259691093,100262485,5,Red Chick,4,0.0,5.76,0.0,2.42
2026-07-05,Grafton,R7 1215m CL1,7,259691093,100262485,5,Red Chick,5,0.0,5.76,0.0,2.42
2026-07-05,Grafton,R8 1215m CL1,8,259691096,4097773,7,On My Command,3,0.0,9.51,0.0,2.1
2026-07-05,Grafton,R8 1215m CL1,8,259691096,67077216,9,Our Sparky,1,0.0,27.0,0.0,3.84
2026-07-05,Grafton,R8 1215m CL1,8,259691096,82895308,5,Almost Maybe,4,0.0,7.6,1.0,2.42
2026-07-05,Grafton,R8 1215m CL1,8,259691096,88610971,2,Meadowbrook,2,0.0,8.81,1.0,2.38
2026-07-05,Grafton,R8 1215m CL1,8,259691096,100262488,8,Three Red Chooks,5,0.0,57.71,0.0,8.86
2026-07-05,Hobart,R6 1600m Hcap,6,259693850,44186109,8,Reservoir Dog,1,0.0,9.2,1.0,2.88
2026-07-05,Hobart,R6 1600m Hcap,6,259693850,54109373,1,Designer Dreamer,3,0.0,8.37,0.0,3.0
2026-07-05,Hobart,R6 1600m Hcap,6,259693850,61336425,3,Stardarmus,2,0.0,8.0,0.0,2.75
2026-07-05,Hobart,R6 1600m Hcap,6,259693850,67855271,2,Sir Jag,4,0.0,6.81,1.0,2.43
2026-07-05,Hobart,R6 1600m Hcap,6,259693850,100232422,4,Eaglefurther,5,1.0,12.5,1.0,3.97
2026-07-05,Hobart,R7 1200m Hcap,7,259693856,70137648,7,Runaway Statement,5,0.0,24.0,0.0,8.05
2026-07-05,Hobart,R7 1200m Hcap,7,259693856,72413960,4,Eastcoast Miss,3,0.0,16.88,1.0,5.48
2026-07-05,Hobart,R7 1200m Hcap,7,259693856,73526825,6,Stars In The Night,4,0.0,48.0,0.0,12.83
2026-07-05,Hobart,R7 1200m Hcap,7,259693856,85778579,5,Sky Land,2,1.0,7.28,1.0,2.92
2026-07-05,Hobart,R7 1200m Hcap,7,259693856,100232424,8,Snowdonia,1,0.0,4.08,0.0,1.77
2026-07-05,Hobart,R8 1200m Hcap,8,259693862,50997862,5,Sushi Express,3,0.0,32.0,0.0,6.2
2026-07-05,Hobart,R8 1200m Hcap,8,259693862,63084092,4,Alvarinho,5,0.0,6.2,0.0,2.04
2026-07-05,Hobart,R8 1200m Hcap,8,259693862,68384210,1,Perspiration,1,0.0,4.2,0.0,1.76
2026-07-05,Hobart,R8 1200m Hcap,8,259693862,73176880,8,Furneaux,4,0.0,9.54,1.0,2.93
2026-07-05,Hobart,R8 1200m Hcap,8,259693862,78211934,6,Thespian Waters,2,0.0,8.07,0.0,2.44
2026-07-05,Hobart,R9 1410m Hcap,9,259693868,28720320,2,Fighting Floyd,1,0.0,10.1,0.0,3.2
2026-07-05,Hobart,R9 1410m Hcap,9,259693868,40364564,6,Flossing,5,0.0,16.0,0.0,4.24
2026-07-05,Hobart,R9 1410m Hcap,9,259693868,45348234,10,Verbano,2,0.0,6.59,0.0,2.18
2026-07-05,Hobart,R9 1410m Hcap,9,259693868,51454575,1,Nicco The Greek,3,0.0,18.38,0.0,4.83
2026-07-05,Hobart,R9 1410m Hcap,9,259693868,91026892,5,Kakia,4,0.0,5.37,0.0,1.93
2026-07-05,Kalgoorlie,R1 1400m Mdn,1,259694004,81182687,1,Sainty Cullity,4,1.0,9.47,1.0,3.68
2026-07-05,Kalgoorlie,R1 1400m Mdn,1,259694004,96938735,3,Mad Spitfire,3,0.0,12.0,0.0,4.65
2026-07-05,Kalgoorlie,R1 1400m Mdn,1,259694004,100262918,5,Acoustic Bubbles,2,0.0,3.41,0.0,2.06
2026-07-05,Kalgoorlie,R1 1400m Mdn,1,259694004,100262919,6,Graceful Lass,1,0.0,2.51,1.0,1.74
2026-07-05,Kalgoorlie,R1 1400m Mdn,1,259694004,100262920,7,Raylana,5,0.0,11.0,0.0,4.96
2026-07-05,Kalgoorlie,R2 1400m Hcap,2,259694008,38753246,5,Its A Lance,4,0.0,29.52,0.0,10.7
2026-07-05,Kalgoorlie,R2 1400m Hcap,2,259694008,55494739,7,Playing Games,1,0.0,4.2,1.0,2.26
2026-07-05,Kalgoorlie,R2 1400m Hcap,2,259694008,59082933,1,Dont Wait For Luck,3,0.0,5.29,0.0,2.72
2026-07-05,Kalgoorlie,R2 1400m Hcap,2,259694008,61522804,4,Monty Zoomer,2,1.0,3.2,1.0,1.95
2026-07-05,Kalgoorlie,R2 1400m Hcap,2,259694008,63610269,3,Celebrity Prince,5,0.0,9.0,0.0,4.37
2026-07-05,Kalgoorlie,R3 1200m Mdn,3,259694012,4501311,2,Direct Debit,2,0.0,9.6,0.0,1.79
2026-07-05,Kalgoorlie,R3 1200m Mdn,3,259694012,97395418,5,Kentucky Drive,3,0.0,4.44,0.0,1.38
2026-07-05,Kalgoorlie,R3 1200m Mdn,3,259694012,98735753,8,Its Tricky,4,0.0,53.39,0.0,6.4
2026-07-05,Kalgoorlie,R3 1200m Mdn,3,259694012,98996344,6,White Hot,1,1.0,2.03,1.0,1.16
2026-07-05,Kalgoorlie,R3 1200m Mdn,3,259694012,99770459,7,Gold Lilly,5,0.0,40.47,0.0,5.74
2026-07-05,Kalgoorlie,R4 1100m Hcap,4,259694016,1037974,1,Art Session,2,0.0,1.66,0.0,1.2
2026-07-05,Kalgoorlie,R4 1100m Hcap,4,259694016,70139350,7,Favourite Songs,5,0.0,19.47,0.0,3.69
2026-07-05,Kalgoorlie,R4 1100m Hcap,4,259694016,85283433,2,Lavish Charm,3,0.0,12.5,1.0,2.63
2026-07-05,Kalgoorlie,R4 1100m Hcap,4,259694016,89060835,4,Dancewithme,4,0.0,11.81,1.0,2.17
2026-07-05,Kalgoorlie,R4 1100m Hcap,4,259694016,97450589,5,Door Buster,1,1.0,11.5,1.0,2.01
2026-07-05,Kalgoorlie,R5 1200m CL2,5,259694020,76052754,10,Miss Lottie,5,0.0,8.45,0.0,2.68
2026-07-05,Kalgoorlie,R5 1200m CL2,5,259694020,92087983,4,Viresha,1,0.0,8.4,0.0,2.36
2026-07-05,Kalgoorlie,R5 1200m CL2,5,259694020,95344838,6,Im Genevieve,4,0.0,4.2,0.0,1.93
2026-07-05,Kalgoorlie,R5 1200m CL2,5,259694020,96938742,3,Slippery Fish,3,0.0,5.1,0.0,2.4
2026-07-05,Kalgoorlie,R5 1200m CL2,5,259694020,99770461,5,Deeply Rooted,2,0.0,11.5,0.0,3.39
2026-07-05,Kalgoorlie,R6 1300m Hcap,6,259694024,1156424,1,Scottish Laird,1,0.0,2.22,0.0,1.23
2026-07-05,Kalgoorlie,R6 1300m Hcap,6,259694024,41664767,2,High Precision,3,0.0,9.39,1.0,2.51
2026-07-05,Kalgoorlie,R6 1300m Hcap,6,259694024,48489518,5,Magic Will Reign,5,0.0,110.0,0.0,16.0
2026-07-05,Kalgoorlie,R6 1300m Hcap,6,259694024,74189731,3,Bonny Rock,4,1.0,12.2,1.0,3.16
2026-07-05,Kalgoorlie,R6 1300m Hcap,6,259694024,77614208,10,Rivercrest Magic,2,0.0,12.39,1.0,3.15
2026-07-05,Kalgoorlie,R7 1760m CL2,7,259694028,9436260,4,Royal Guardian,5,0.0,6.89,1.0,2.52
2026-07-05,Kalgoorlie,R7 1760m CL2,7,259694028,77082217,7,Electric Bec,2,0.0,8.2,0.0,3.01
2026-07-05,Kalgoorlie,R7 1760m CL2,7,259694028,88612716,3,Age Of Grace,4,1.0,43.01,1.0,11.64
2026-07-05,Kalgoorlie,R7 1760m CL2,7,259694028,98240705,1,Ideally,1,0.0,3.59,0.0,1.56
2026-07-05,Kalgoorlie,R7 1760m CL2,7,259694028,100262924,9,Shoot To Fame,3,0.0,10.5,0.0,3.42
2026-07-05,Kalgoorlie,R8 1400m CL2,8,259694032,483568,2,Eternally Yours,1,0.0,11.53,0.0,4.6
2026-07-05,Kalgoorlie,R8 1400m CL2,8,259694032,4998713,1,Batista,3,0.0,11.0,0.0,3.78
2026-07-05,Kalgoorlie,R8 1400m CL2,8,259694032,76934361,11,Bondis Son,5,0.0,11.0,0.0,3.84
2026-07-05,Kalgoorlie,R8 1400m CL2,8,259694032,82538635,5,Buon Amici,4,0.0,12.46,0.0,3.5
2026-07-05,Kalgoorlie,R8 1400m CL2,8,259694032,84223263,4,Just Sublime,2,0.0,4.38,0.0,1.98
2026-07-05,Port Augusta,R3 1100m Mdn,3,259692814,97953822,7,Copperflange,3,0.0,15.0,1.0,3.17
2026-07-05,Port Augusta,R3 1100m Mdn,3,259692814,100262420,2,Here She Is,1,0.0,5.9,0.0,1.95
2026-07-05,Port Augusta,R3 1100m Mdn,3,259692814,100262424,6,Belle Montagne,4,1.0,1.85,1.0,1.23
2026-07-05,Port Augusta,R3 1100m Mdn,3,259692814,100262425,9,Bishops Choice,2,0.0,11.0,1.0,2.44
2026-07-05,Port Augusta,R3 1100m Mdn,3,259692814,100262427,11,First Feeling,5,0.0,48.96,0.0,6.6
2026-07-05,Port Augusta,R4 1498m Hcap,4,259692820,782961,4,Never Surrender,3,0.0,7.0,1.0,2.1
2026-07-05,Port Augusta,R4 1498m Hcap,4,259692820,38077816,5,Taipan Tommy,1,0.0,30.0,0.0,4.69
2026-07-05,Port Augusta,R4 1498m Hcap,4,259692820,39307621,1,Star Casino,2,1.0,2.22,1.0,1.2
2026-07-05,Port Augusta,R4 1498m Hcap,4,259692820,66789734,3,Dolzino,4,0.0,47.38,0.0,8.2
2026-07-05,Port Augusta,R4 1498m Hcap,4,259692820,100262429,7,Hubristic,5,0.0,7.2,1.0,2.14
2026-07-05,Port Augusta,R5 1396m CL1,5,259692826,70169772,6,Hamilton Brown,1,0.0,10.5,0.0,3.05
2026-07-05,Port Augusta,R5 1396m CL1,5,259692826,78781107,7,Duck Duck Duck,5,0.0,3.0,1.0,1.41
2026-07-05,Port Augusta,R5 1396m CL1,5,259692826,81155844,4,Sea Roads,2,0.0,5.49,1.0,1.88
2026-07-05,Port Augusta,R5 1396m CL1,5,259692826,87164573,5,Sethnique,3,0.0,22.0,0.0,4.22
2026-07-05,Port Augusta,R5 1396m CL1,5,259692826,99241691,8,Elegant Man,4,0.0,110.0,0.0,11.15
2026-07-05,Port Augusta,R6 1600m Hcap,6,259692832,42360886,3,Lumber Dream,5,0.0,10.16,0.0,3.35
2026-07-05,Port Augusta,R6 1600m Hcap,6,259692832,58635353,4,Zilzie Lad,4,0.0,87.22,0.0,18.18
2026-07-05,Port Augusta,R6 1600m Hcap,6,259692832,78001328,11,Unisphere,3,0.0,5.46,1.0,2.1
2026-07-05,Port Augusta,R6 1600m Hcap,6,259692832,84471098,8,Star Decorum,1,0.0,4.59,0.0,1.75
2026-07-05,Port Augusta,R6 1600m Hcap,6,259692832,84733789,6,Poetic Whisper,2,1.0,9.12,1.0,2.7
2026-07-05,Port Augusta,R7 2300m Hcap,7,259692838,48260658,9,Jamrock,4,0.0,44.0,0.0,9.2
2026-07-05,Port Augusta,R7 2300m Hcap,7,259692838,50685805,6,Fox Dunnett,5,0.0,13.5,0.0,4.1
2026-07-05,Port Augusta,R7 2300m Hcap,7,259692838,78432559,4,Ghemme,3,0.0,10.0,0.0,3.0
2026-07-05,Port Augusta,R7 2300m Hcap,7,259692838,78688929,2,Romans Luck,2,1.0,4.0,1.0,2.02
2026-07-05,Port Augusta,R7 2300m Hcap,7,259692838,96694456,1,Savatoff,1,0.0,5.5,0.0,1.98
2026-07-05,Port Augusta,R8 1100m Hcap,8,259692844,41552221,7,Wandering Eye,3,0.0,14.06,1.0,3.94
2026-07-05,Port Augusta,R8 1100m Hcap,8,259692844,51809154,4,Sports Choice,2,0.0,24.0,0.0,7.8
2026-07-05,Port Augusta,R8 1100m Hcap,8,259692844,53148629,13,My Truth,1,0.0,3.69,0.0,1.58
2026-07-05,Port Augusta,R8 1100m Hcap,8,259692844,68931197,11,Emmooki Magic,4,0.0,17.75,0.0,4.62
2026-07-05,Port Augusta,R8 1100m Hcap,8,259692844,87676737,3,Samanth,5,1.0,11.78,1.0,2.99
2026-07-05,Townsville,R3 1609m CL3,3,259693168,73221188,4,Rock The Sunrise,1,0.0,6.75,0.0,2.18
2026-07-05,Townsville,R3 1609m CL3,3,259693168,75046973,3,Bluebird Bay,3,0.0,2.79,1.0,1.45
2026-07-05,Townsville,R3 1609m CL3,3,259693168,80399648,1,Ready Tiger,4,1.0,7.48,1.0,2.42
2026-07-05,Townsville,R3 1609m CL3,3,259693168,99241197,12,Betta Al,5,0.0,13.23,0.0,3.44
2026-07-05,Townsville,R3 1609m CL3,3,259693168,100262939,7,Banxi,2,0.0,28.0,0.0,6.53
2026-07-05,Townsville,R4 1000m Hcap,4,259693172,2850469,2,Laser Beam,5,0.0,46.0,0.0,9.2
2026-07-05,Townsville,R4 1000m Hcap,4,259693172,62393996,8,Willingale,2,0.0,8.0,0.0,2.54
2026-07-05,Townsville,R4 1000m Hcap,4,259693172,72720286,6,Isle Ornsay,4,0.0,13.15,0.0,3.55
2026-07-05,Townsville,R4 1000m Hcap,4,259693172,97509309,3,Breeches,3,0.0,6.78,1.0,2.38
2026-07-05,Townsville,R4 1000m Hcap,4,259693172,100262942,1,Storm Capital,1,0.0,4.12,0.0,1.7
2026-07-05,Townsville,R5 1200m Hcap,5,259693176,61337084,1,Speed Legend,3,0.0,37.42,0.0,6.55
2026-07-05,Townsville,R5 1200m Hcap,5,259693176,62393978,5,Russian Mint,2,0.0,4.8,1.0,1.75
2026-07-05,Townsville,R5 1200m Hcap,5,259693176,74300449,2,Valenki,5,0.0,32.55,0.0,5.45
2026-07-05,Townsville,R5 1200m Hcap,5,259693176,85283264,6,Tambos Justice,1,0.0,3.05,1.0,1.5
2026-07-05,Townsville,R5 1200m Hcap,5,259693176,100262947,8,Moegreen,4,0.0,27.0,0.0,5.24
2026-07-05,Townsville,R6 1200m CL5,6,259693180,2452808,2,New Hampshire,2,0.0,14.94,0.0,4.4
2026-07-05,Townsville,R6 1200m CL5,6,259693180,42537234,4,Nolan,4,0.0,26.74,0.0,6.76
2026-07-05,Townsville,R6 1200m CL5,6,259693180,73259059,1,Colours Of Autumn,3,0.0,40.98,0.0,9.2
2026-07-05,Townsville,R6 1200m CL5,6,259693180,99771003,8,Cifonelli,1,1.0,4.27,1.0,1.96
2026-07-05,Townsville,R6 1200m CL5,6,259693180,100262949,13,Lowlands,5,0.0,7.23,0.0,2.72
2026-07-05,Townsville,R7 2000m Hcap,7,259693184,3459387,3,Central Park,2,0.0,3.47,0.0,1.76
2026-07-05,Townsville,R7 2000m Hcap,7,259693184,7030308,7,John Joseph,3,1.0,6.4,1.0,2.5
2026-07-05,Townsville,R7 2000m Hcap,7,259693184,47441337,5,Stadium Of Light,5,0.0,18.0,0.0,4.26
2026-07-05,Townsville,R7 2000m Hcap,7,259693184,50141022,8,Amalfi Amore,4,0.0,12.0,0.0,3.43
2026-07-05,Townsville,R7 2000m Hcap,7,259693184,68825759,1,Kureder,1,0.0,7.2,0.0,2.48
2026-07-05,Townsville,R8 1300m Hcap,8,259693188,3080707,2,Carpaccio,1,0.0,9.4,1.0,3.05
2026-07-05,Townsville,R8 1300m Hcap,8,259693188,56357411,5,Irresistible Force,3,0.0,12.05,0.0,3.57
2026-07-05,Townsville,R8 1300m Hcap,8,259693188,72240397,3,Eagle Warrior,4,0.0,148.72,0.0,30.0
2026-07-05,Townsville,R8 1300m Hcap,8,259693188,86056993,4,Ellis Beach,2,1.0,5.5,1.0,2.26
2026-07-05,Townsville,R8 1300m Hcap,8,259693188,100262953,13,Skogafoss,5,0.0,12.06,0.0,3.83
2026-07-05,Wagga,R3 1400m Mdn,3,259699850,4217173,5,Seguro,1,0.0,42.0,1.0,10.95
2026-07-06,Barcaldine,R1 1300m Mdn,1,259724354,1261428,1,Circus Maximus,2,0.0,15.25,0.0,4.34
2026-07-06,Barcaldine,R1 1300m Mdn,1,259724354,2397196,2,Day To Remember,3,0.0,2.24,1.0,1.39
2026-07-06,Barcaldine,R1 1300m Mdn,1,259724354,3301752,4,Coronation Day,1,0.0,7.39,0.0,2.7
2026-07-06,Barcaldine,R1 1300m Mdn,1,259724354,97983877,6,Doubtful Angel,5,0.0,9.38,0.0,4.3
2026-07-06,Barcaldine,R1 1300m Mdn,1,259724354,100262980,3,Champagne Queen,4,0.0,14.5,0.0,7.52
2026-07-06,Barcaldine,R2 1200m CL3,2,259724358,72200748,1,Betta Than Presley,3,1.0,2.64,1.0,1.56
2026-07-06,Barcaldine,R2 1200m CL3,2,259724358,73952386,4,You Kay Squeeze,5,0.0,32.27,0.0,9.79
2026-07-06,Barcaldine,R2 1200m CL3,2,259724358,80130888,2,Zouchase,1,0.0,13.72,0.0,4.9
2026-07-06,Barcaldine,R2 1200m CL3,2,259724358,83940936,6,Tell Us Toll,4,0.0,19.59,0.0,6.49
2026-07-06,Barcaldine,R2 1200m CL3,2,259724358,91485846,3,Smashing Rosie,2,0.0,2.8,1.0,1.79
2026-07-06,Barcaldine,R3 1000m CL5,3,259724362,27454037,10,Blanc De Noir,3,0.0,14.5,0.0,2.64
2026-07-06,Barcaldine,R3 1000m CL5,3,259724362,54974328,7,Salt Lake Betty,1,0.0,6.92,1.0,2.12
2026-07-06,Barcaldine,R3 1000m CL5,3,259724362,67855300,8,Ichiberu,5,0.0,12.5,0.0,2.57
2026-07-06,Barcaldine,R3 1000m CL5,3,259724362,70705162,9,Windorah,4,0.0,28.0,0.0,6.16
2026-07-06,Barcaldine,R3 1000m CL5,3,259724362,95385658,2,Sailors Rum,2,1.0,1.9,1.0,1.3
2026-07-06,Barcaldine,R4 1000m Hcap,4,259724366,518019,10,Potestas,5,0.0,9.87,0.0,2.75
2026-07-06,Barcaldine,R4 1000m Hcap,4,259724366,2930570,3,Noble Intent,2,0.0,3.16,0.0,1.6
2026-07-06,Barcaldine,R4 1000m Hcap,4,259724366,41110440,8,Maybe,4,0.0,13.5,0.0,3.45
2026-07-06,Barcaldine,R4 1000m Hcap,4,259724366,50294542,12,Valiant Joan,1,0.0,14.92,1.0,3.95
2026-07-06,Barcaldine,R4 1000m Hcap,4,259724366,98481590,7,Zouphisticate,3,0.0,7.6,1.0,2.7
2026-07-06,Barcaldine,R5 1300m Hcap,5,259724370,38407830,11,Zouly,1,0.0,19.49,0.0,4.9
2026-07-06,Barcaldine,R5 1300m Hcap,5,259724370,39436749,8,Freddie Eddie,2,0.0,7.47,0.0,2.7
2026-07-06,Barcaldine,R5 1300m Hcap,5,259724370,39436749,8,Freddie Eddie,3,0.0,7.47,0.0,2.7
2026-07-06,Barcaldine,R5 1300m Hcap,5,259724370,57654802,6,The Stone Mason,4,0.0,5.9,1.0,2.16
2026-07-06,Barcaldine,R5 1300m Hcap,5,259724370,71403286,5,Monday Choice,5,0.0,4.6,1.0,1.95
2026-07-06,Barcaldine,R6 1200m Hcap,6,259724374,47016540,5,Northumbria,5,0.0,25.6,0.0,5.87
2026-07-06,Barcaldine,R6 1200m Hcap,6,259724374,52205459,8,Tokyo Sins,3,0.0,38.39,0.0,6.28
2026-07-06,Barcaldine,R6 1200m Hcap,6,259724374,58176388,6,Get What You Give,2,0.0,24.83,0.0,5.39
2026-07-06,Barcaldine,R6 1200m Hcap,6,259724374,76659577,9,Im Zac,1,1.0,2.3,1.0,1.37
2026-07-06,Barcaldine,R6 1200m Hcap,6,259724374,100262983,12,Rubunkar,4,0.0,41.0,0.0,7.4
2026-07-06,Barcaldine,R7 1600m Hcap,7,259724378,874343,8,Desert Star,1,0.0,14.39,1.0,3.57
2026-07-06,Barcaldine,R7 1600m Hcap,7,259724378,12955260,7,Dwayne,5,0.0,21.0,0.0,5.4
2026-07-06,Barcaldine,R7 1600m Hcap,7,259724378,53345567,6,Divine Courage,2,0.0,18.32,0.0,3.82
2026-07-06,Barcaldine,R7 1600m Hcap,7,259724378,57113290,4,Sharp Dazzler,4,0.0,18.5,0.0,4.8
2026-07-06,Barcaldine,R7 1600m Hcap,7,259724378,100262985,11,Run Freda Run,3,0.0,6.07,0.0,1.98
2026-07-06,Pakenham,R1 1200m Mdn,1,259722030,613050,1,Bradford,3,0.0,5.0,0.0,2.02
2026-07-06,Pakenham,R1 1200m Mdn,1,259722030,4863187,8,Just Magic,1,1.0,5.79,1.0,2.04
2026-07-06,Pakenham,R1 1200m Mdn,1,259722030,92161693,10,Peace Seeker,4,0.0,18.37,0.0,4.2
2026-07-06,Pakenham,R1 1200m Mdn,1,259722030,98418501,4,Swift Endorsement,2,0.0,5.74,1.0,1.95
2026-07-06,Pakenham,R1 1200m Mdn,1,259722030,100293021,7,Jundah,5,0.0,6.8,1.0,2.35
2026-07-06,Pakenham,R2 1200m Mdn,2,259722038,95263433,5,Vallo,4,0.0,14.0,0.0,3.66
2026-07-06,Pakenham,R2 1200m Mdn,2,259722038,99809311,1,Bailed,5,0.0,80.74,0.0,9.69
2026-07-06,Pakenham,R2 1200m Mdn,2,259722038,100293036,6,Cosmic Shower,1,0.0,5.29,1.0,1.85
2026-07-06,Pakenham,R2 1200m Mdn,2,259722038,100293037,7,Egyptian Crown,2,0.0,15.64,0.0,3.4
2026-07-06,Pakenham,R2 1200m Mdn,2,259722038,100293039,8,Goodello,3,0.0,16.5,0.0,3.1
2026-07-06,Pakenham,R3 1400m Mdn,3,259722046,90009202,9,Jenni Bassett,4,0.0,21.0,0.0,3.71
2026-07-06,Pakenham,R3 1400m Mdn,3,259722046,90886276,5,Bellabama,3,0.0,9.82,1.0,2.21
2026-07-06,Pakenham,R3 1400m Mdn,3,259722046,100293046,3,Rainy Night,5,0.0,27.1,0.0,5.54
2026-07-06,Pakenham,R3 1400m Mdn,3,259722046,100293049,12,Insolence,1,0.0,2.01,0.0,1.3
2026-07-06,Pakenham,R3 1400m Mdn,3,259722046,100293051,14,Top Conti,2,0.0,6.34,0.0,2.11
2026-07-06,Pakenham,R4 1600m Mdn,4,259722054,88069474,1,Fox Peril,3,0.0,4.5,0.0,1.67
2026-07-06,Pakenham,R4 1600m Mdn,4,259722054,88420088,3,Blanche Bass,5,0.0,45.04,1.0,10.88
2026-07-06,Pakenham,R4 1600m Mdn,4,259722054,94921074,8,Shindy,1,1.0,3.45,1.0,1.55
2026-07-06,Pakenham,R4 1600m Mdn,4,259722054,100293059,12,Choice Encounter,4,0.0,21.65,0.0,5.5
2026-07-06,Pakenham,R4 1600m Mdn,4,259722054,100293060,13,Shellfire,2,0.0,12.72,0.0,3.2
2026-07-06,Pakenham,R5 1600m Hcap,5,259722062,52405707,10,Shes A Con,4,0.0,8.74,0.0,2.79
2026-07-06,Pakenham,R5 1600m Hcap,5,259722062,57625642,11,Queen Beira,5,1.0,8.2,1.0,2.76
2026-07-06,Pakenham,R5 1600m Hcap,5,259722062,78756330,2,Iluvcoffee,3,0.0,30.62,1.0,8.23
2026-07-06,Pakenham,R5 1600m Hcap,5,259722062,89967019,7,Duntulm Lass,2,0.0,5.6,1.0,2.07
2026-07-06,Pakenham,R5 1600m Hcap,5,259722062,94352779,6,Two Sigma,1,0.0,11.42,0.0,3.46
2026-07-06,Pakenham,R6 1200m Hcap,6,259722070,73793103,10,Reasonable Point,3,0.0,20.0,0.0,4.7
2026-07-06,Pakenham,R6 1200m Hcap,6,259722070,77385672,1,Schroders Mistake,5,0.0,27.99,0.0,7.0
2026-07-06,Pakenham,R6 1200m Hcap,6,259722070,79330779,5,Affirmative Lad,2,0.0,7.82,1.0,2.63
2026-07-06,Pakenham,R6 1200m Hcap,6,259722070,88927673,6,Bardias Dream,1,0.0,3.54,0.0,1.71
2026-07-06,Pakenham,R6 1200m Hcap,6,259722070,100293070,3,Triple Salute,4,0.0,6.4,0.0,2.64
2026-07-06,Pakenham,R7 1200m Hcap,7,259722078,70965717,4,Flying Mean,2,0.0,7.63,0.0,2.59
2026-07-06,Pakenham,R7 1200m Hcap,7,259722078,75638410,6,Lulu Darling,5,0.0,28.47,0.0,6.46
2026-07-06,Pakenham,R7 1200m Hcap,7,259722078,100293072,1,Godtfred Kirk,1,0.0,3.1,1.0,1.56
2026-07-06,Pakenham,R7 1200m Hcap,7,259722078,100293073,2,Thatsmoneybrother,3,0.0,17.0,0.0,3.92
2026-07-06,Pakenham,R7 1200m Hcap,7,259722078,100293074,5,Angel In Black,4,0.0,11.65,0.0,3.53
2026-07-06,Pakenham,R8 1000m Hcap,8,259722086,1487217,1,Bold Print,5,0.0,9.55,0.0,2.85
2026-07-06,Pakenham,R8 1000m Hcap,8,259722086,56016389,2,Manhattan Thunder,1,0.0,4.98,0.0,2.08
2026-07-06,Pakenham,R8 1000m Hcap,8,259722086,76659734,4,Stormbourg,3,0.0,7.18,1.0,2.35
2026-07-06,Pakenham,R8 1000m Hcap,8,259722086,83119533,12,Titahi Bay,4,0.0,21.71,0.0,5.91
2026-07-06,Pakenham,R8 1000m Hcap,8,259722086,89347601,9,Shocap,2,1.0,7.96,1.0,3.21
2026-07-06,Pakenham,R9 1400m Hcap,9,259722094,53641572,4,Titan Of Choice,4,0.0,9.19,0.0,2.72
2026-07-06,Pakenham,R9 1400m Hcap,9,259722094,57563557,9,Dane On Tour,2,0.0,17.98,0.0,3.93
2026-07-06,Pakenham,R9 1400m Hcap,9,259722094,82603103,11,Phoebe Buffay,1,0.0,6.25,0.0,2.21
2026-07-06,Pakenham,R9 1400m Hcap,9,259722094,85506532,8,Double Pi,5,1.0,7.33,1.0,2.46
2026-07-06,Pakenham,R9 1400m Hcap,9,259722094,91115939,10,Lotta City,3,0.0,4.29,0.0,1.71
2026-07-06,Wagga,R1 2000m Hcap,1,259699844,66983387,2,Star Blazer,5,0.0,23.05,0.0,3.81
2026-07-06,Wagga,R1 2000m Hcap,1,259699844,80971919,1,Quamby,2,0.0,12.68,0.0,3.9
2026-07-06,Wagga,R1 2000m Hcap,1,259699844,84629852,6,Mr Tadashi,3,1.0,3.25,1.0,1.32
2026-07-06,Wagga,R1 2000m Hcap,1,259699844,97918973,3,County Kilkenny,4,0.0,6.4,1.0,2.12
2026-07-06,Wagga,R1 2000m Hcap,1,259699844,99171733,7,Reel Crystal,1,0.0,4.03,0.0,1.51
2026-07-06,Wagga,R2 1200m Mdn,2,259699847,1547811,4,Hot Toddy,2,1.0,4.2,1.0,1.32
2026-07-06,Wagga,R2 1200m Mdn,2,259699847,3760420,3,Hold This,1,0.0,1.9,1.0,1.17
2026-07-06,Wagga,R2 1200m Mdn,2,259699847,7048027,1,Aerial Artist,4,0.0,120.0,0.0,8.36
2026-07-06,Wagga,R2 1200m Mdn,2,259699847,98240474,2,Distant Stripes,3,0.0,11.27,1.0,1.85
2026-07-06,Wagga,R2 1200m Mdn,2,259699847,100262316,7,Rani Velu,5,0.0,50.0,0.0,6.2
2026-07-06,Wagga,R3 1400m Mdn,3,259699850,4217173,5,Seguro,1,0.0,42.0,1.0,10.95
2026-07-06,Wagga,R3 1400m Mdn,3,259699850,4217173,5,Seguro,2,0.0,42.0,1.0,10.95
2026-07-06,Wagga,R3 1400m Mdn,3,259699850,4217173,5,Seguro,5,0.0,42.0,1.0,10.95
2026-07-06,Wagga,R3 1400m Mdn,3,259699850,69161412,11,Sworntomymission,4,0.0,130.0,0.0,12.47
2026-07-06,Wagga,R3 1400m Mdn,3,259699850,94950141,4,My Mate Elvis,1,1.0,2.58,1.0,1.58
2026-07-06,Wagga,R3 1400m Mdn,3,259699850,94950141,4,My Mate Elvis,2,1.0,2.58,1.0,1.58
2026-07-06,Wagga,R3 1400m Mdn,3,259699850,100262320,3,Rockabye Roxy,3,0.0,4.3,1.0,1.7
2026-07-06,Wagga,R4 1000m Mdn,4,259699853,9496273,9,Speed Of Thought,1,0.0,6.03,0.0,2.12
2026-07-06,Wagga,R4 1000m Mdn,4,259699853,91923670,3,Redford River,5,0.0,26.94,0.0,6.2
2026-07-06,Wagga,R4 1000m Mdn,4,259699853,100262324,2,Mount Ogilvie,2,0.0,5.58,0.0,2.2
2026-07-06,Wagga,R4 1000m Mdn,4,259699853,100262327,6,Metro Girl,3,0.0,8.0,0.0,2.34
2026-07-06,Wagga,R4 1000m Mdn,4,259699853,100262329,13,Whos Who,4,1.0,2.91,1.0,1.84
2026-07-06,Wagga,R5 1000m Hcap,5,259699856,2220832,4,Big Day Out,2,1.0,20.69,1.0,3.37
2026-07-06,Wagga,R5 1000m Hcap,5,259699856,3177034,5,Toompine,4,0.0,21.0,0.0,2.96
2026-07-06,Wagga,R5 1000m Hcap,5,259699856,62839325,2,Rocket Tiger,3,0.0,23.0,0.0,4.2
2026-07-06,Wagga,R5 1000m Hcap,5,259699856,97886101,3,One Hard Lady,1,0.0,1.58,1.0,1.12
2026-07-06,Wagga,R5 1000m Hcap,5,259699856,100262333,8,Vinolass,5,0.0,6.0,0.0,1.74
2026-07-06,Wagga,R6 1600m CL1,6,259699859,13321006,3,Lantau Island,5,0.0,32.0,0.0,5.0
2026-07-06,Wagga,R6 1600m CL1,6,259699859,87767504,8,Look Here,1,0.0,3.1,0.0,1.31
2026-07-06,Wagga,R6 1600m CL1,6,259699859,90885168,5,Tis No Man,4,0.0,15.35,0.0,3.4
2026-07-06,Wagga,R6 1600m CL1,6,259699859,99171732,6,Mr Avery,2,1.0,2.96,1.0,1.73
2026-07-06,Wagga,R6 1600m CL1,6,259699859,100232305,10,Manzobeel,3,0.0,19.5,1.0,3.63
2026-07-06,Wagga,R7 1400m Hcap,7,259699862,48907471,6,Sorry Sunshine,1,0.0,27.0,0.0,4.97
2026-07-06,Wagga,R7 1400m Hcap,7,259699862,60304884,14,Theos Choice,3,0.0,6.0,0.0,2.18
2026-07-06,Wagga,R7 1400m Hcap,7,259699862,67039336,1,A Book Of Days,4,0.0,15.91,0.0,4.6
2026-07-06,Wagga,R7 1400m Hcap,7,259699862,75165033,11,Taluk,2,0.0,4.01,1.0,1.75
2026-07-06,Wagga,R7 1400m Hcap,7,259699862,88111108,9,Bulla Vinaka,5,0.0,23.89,0.0,5.0
2026-07-06,Wagga,R8 1000m CL1,8,259699865,12818157,4,Under Wraps,2,0.0,5.29,0.0,2.06
2026-07-06,Wagga,R8 1000m CL1,8,259699865,83940753,11,Witch Of November,1,0.0,6.44,0.0,1.97
2026-07-06,Wagga,R8 1000m CL1,8,259699865,97660398,2,Fire Chat,4,0.0,6.51,0.0,2.11
2026-07-06,Wagga,R8 1000m CL1,8,259699865,99171722,10,Iroquai,3,0.0,5.15,0.0,1.97
2026-07-06,Wagga,R8 1000m CL1,8,259699865,99531185,3,Noteabeel,5,0.0,20.24,1.0,4.84
2026-07-06,Wangaratta,R1 1000m Mdn,1,259723576,78231330,8,Mathletes,3,0.0,30.0,1.0,4.88
2026-07-06,Wangaratta,R1 1000m Mdn,1,259723576,98214022,10,My Bonnie Lassie,2,1.0,3.85,1.0,1.65
2026-07-06,Wangaratta,R1 1000m Mdn,1,259723576,98995231,4,Regal Vanguard,1,0.0,3.87,0.0,1.68
2026-07-06,Wangaratta,R1 1000m Mdn,1,259723576,100292981,2,My Alpha Sonic,5,0.0,39.79,1.0,6.6
2026-07-06,Wangaratta,R1 1000m Mdn,1,259723576,100292986,13,Xuxa Kiss,4,0.0,11.89,0.0,3.3
2026-07-06,Wangaratta,R2 1300m Mdn,2,259723583,3601915,11,Jasmina,2,1.0,27.0,1.0,4.9
2026-07-06,Wangaratta,R2 1300m Mdn,2,259723583,5276912,2,Bold Jester,5,0.0,2.0,1.0,1.25
2026-07-06,Wangaratta,R2 1300m Mdn,2,259723583,100292989,5,Galagacisco,1,0.0,5.09,0.0,1.67
2026-07-06,Wangaratta,R2 1300m Mdn,2,259723583,100292990,6,Harry Caviar,4,0.0,13.28,0.0,2.37
2026-07-06,Wangaratta,R2 1300m Mdn,2,259723583,100292993,10,Hana Woo,3,0.0,22.0,0.0,4.13
2026-07-06,Wangaratta,R3 1590m Mdn,3,259723590,85017908,1,Dandynomite,5,0.0,241.6,0.0,19.41
2026-07-06,Wangaratta,R3 1590m Mdn,3,259723590,93168010,7,The Charlatan,1,1.0,1.52,1.0,1.1
2026-07-06,Wangaratta,R3 1590m Mdn,3,259723590,100292994,4,Prince Of Spirit,2,0.0,10.0,0.0,1.71
2026-07-06,Wangaratta,R3 1590m Mdn,3,259723590,100292995,9,Velvet City,3,0.0,11.0,1.0,2.04
2026-07-06,Wangaratta,R3 1590m Mdn,3,259723590,100292996,10,War No More,4,0.0,8.12,1.0,1.62
2026-07-06,Wangaratta,R4 1590m Hcap,4,259723597,786505,1,Altruist,1,0.0,4.6,0.0,2.38
2026-07-06,Wangaratta,R4 1590m Hcap,4,259723597,2228313,4,El Sordo,4,0.0,6.2,0.0,2.25
2026-07-06,Wangaratta,R4 1590m Hcap,4,259723597,4992627,5,Teddy Boy,3,0.0,16.92,0.0,4.4
2026-07-06,Wangaratta,R4 1590m Hcap,4,259723597,5839518,8,Lightning Flash,2,1.0,7.92,1.0,2.74
2026-07-06,Wangaratta,R4 1590m Hcap,4,259723597,64367586,9,Pendante,5,0.0,9.13,0.0,2.92
2026-07-06,Wangaratta,R5 2000m Hcap,5,259723604,34152702,8,I Could Do Better,2,0.0,7.2,1.0,2.32
2026-07-06,Wangaratta,R5 2000m Hcap,5,259723604,39880626,2,Just Landed,3,0.0,7.2,1.0,2.53
2026-07-06,Wangaratta,R5 2000m Hcap,5,259723604,48908053,3,Makusha,1,0.0,3.83,0.0,1.68
2026-07-06,Wangaratta,R5 2000m Hcap,5,259723604,66266908,7,Cherokee Brave,5,0.0,23.29,0.0,5.56
2026-07-06,Wangaratta,R5 2000m Hcap,5,259723604,100292998,1,Sir Basil,4,1.0,6.27,1.0,2.57
2026-07-06,Wangaratta,R6 1000m Hcap,6,259723611,42711030,9,Adki,2,0.0,5.02,0.0,2.18
2026-07-06,Wangaratta,R6 1000m Hcap,6,259723611,64575060,3,Ravens Silver,1,1.0,4.11,1.0,2.1
2026-07-06,Wangaratta,R6 1000m Hcap,6,259723611,74537775,7,Alpinova,3,0.0,10.96,0.0,2.99
2026-07-06,Wangaratta,R6 1000m Hcap,6,259723611,80971913,5,Densetsu,4,0.0,14.76,1.0,3.84
2026-07-06,Wangaratta,R6 1000m Hcap,6,259723611,100293000,1,Listening Is Doing,5,0.0,37.74,1.0,8.4
2026-07-06,Wangaratta,R7 1300m Hcap,7,259723618,5363428,4,Captain Barbossa,5,0.0,19.49,0.0,3.76
2026-07-06,Wangaratta,R7 1300m Hcap,7,259723618,55205935,10,Hot Chilli Mama,4,0.0,28.62,0.0,5.51
2026-07-06,Wangaratta,R7 1300m Hcap,7,259723618,71904824,3,Boulder Jack,2,1.0,3.34,1.0,1.36
2026-07-06,Wangaratta,R7 1300m Hcap,7,259723618,72444786,11,Mishima,3,0.0,21.48,0.0,2.79
2026-07-06,Wangaratta,R7 1300m Hcap,7,259723618,89059686,1,King Incanto,1,0.0,2.1,1.0,1.25
2026-07-07,Ballarat,R1 1500m Mdn,1,259754586,90603889,2,Egerton Reef,2,0.0,4.0,0.0,1.56
2026-07-07,Ballarat,R1 1500m Mdn,1,259754586,98146889,3,Flying Capital,3,0.0,3.75,1.0,1.44
2026-07-07,Ballarat,R1 1500m Mdn,1,259754586,100292923,4,Always Free,1,0.0,4.82,1.0,1.75
2026-07-07,Ballarat,R1 1500m Mdn,1,259754586,100292924,5,Arbenita,4,0.0,43.08,0.0,7.2
2026-07-07,Ballarat,R1 1500m Mdn,1,259754586,100292925,6,Camegitchee,5,0.0,30.85,0.0,6.13
2026-07-07,Ballarat,R2 2100m Mdn,2,259754594,3856393,14,Sitar,3,0.0,11.5,0.0,2.42
2026-07-07,Ballarat,R2 2100m Mdn,2,259754594,5912492,12,Representative,2,1.0,5.46,1.0,2.21
2026-07-07,Ballarat,R2 2100m Mdn,2,259754594,77465301,7,Le Plus Rapide,5,0.0,21.0,0.0,3.65
2026-07-07,Ballarat,R2 2100m Mdn,2,259754594,83155582,1,Barossa Valley,1,0.0,2.3,1.0,1.2
2026-07-07,Ballarat,R2 2100m Mdn,2,259754594,99275055,4,Gaelic Kiwi,4,0.0,9.2,0.0,2.18
2026-07-07,Ballarat,R3 1000m Mdn,3,259754602,87767428,7,Hello Mistress,2,0.0,8.51,1.0,2.8
2026-07-07,Ballarat,R3 1000m Mdn,3,259754602,89748708,3,Pull My Finger,1,0.0,5.0,1.0,1.84
2026-07-07,Ballarat,R3 1000m Mdn,3,259754602,99983312,6,Filigree Shadow,3,0.0,5.27,0.0,2.14
2026-07-07,Ballarat,R3 1000m Mdn,3,259754602,100292938,4,The Brutalist,5,0.0,8.27,0.0,3.4
2026-07-07,Ballarat,R3 1000m Mdn,3,259754602,100292941,12,Eternal Joy,4,1.0,6.8,1.0,2.26
2026-07-07,Ballarat,R4 1000m Hcap,4,259754610,65758009,7,Spinhof,5,0.0,23.35,0.0,3.6
2026-07-07,Ballarat,R4 1000m Hcap,4,259754610,81812331,3,Octrain,3,1.0,8.6,1.0,1.88
2026-07-07,Ballarat,R4 1000m Hcap,4,259754610,91873059,2,Bring The Thunder,4,0.0,28.0,0.0,4.3
2026-07-07,Ballarat,R4 1000m Hcap,4,259754610,100292942,4,Tennessee Spirit,2,0.0,4.3,0.0,1.65
2026-07-07,Ballarat,R4 1000m Hcap,4,259754610,100292943,6,Del Lirenza,1,0.0,1.98,1.0,1.21
2026-07-07,Ballarat,R5 1200m Hcap,5,259754618,73720372,2,Tessatori,2,0.0,12.33,0.0,3.15
2026-07-07,Ballarat,R5 1200m Hcap,5,259754618,87124067,4,Fierce Dreams,1,1.0,6.67,1.0,2.34
2026-07-07,Ballarat,R5 1200m Hcap,5,259754618,89392640,3,What You Will,5,0.0,12.0,0.0,3.4
2026-07-07,Ballarat,R5 1200m Hcap,5,259754618,100292944,1,Mosquito Award,4,0.0,5.34,0.0,1.87
2026-07-07,Ballarat,R5 1200m Hcap,5,259754618,100292945,5,Gisella,3,0.0,4.06,1.0,1.72
2026-07-07,Ballarat,R6 1200m Hcap,6,259754626,1037117,1,Aka Daka,3,0.0,6.33,1.0,2.37
2026-07-07,Ballarat,R6 1200m Hcap,6,259754626,94615239,8,Ambello,4,0.0,11.0,0.0,3.26
2026-07-07,Ballarat,R6 1200m Hcap,6,259754626,98709527,4,Bark,1,1.0,8.8,1.0,3.05
2026-07-07,Ballarat,R6 1200m Hcap,6,259754626,100292947,5,Docs Nipper,2,0.0,6.0,1.0,2.34
2026-07-07,Ballarat,R6 1200m Hcap,6,259754626,100292949,11,Mr Charismatic,5,0.0,15.0,0.0,3.95
2026-07-07,Ballarat,R7 1400m Hcap,7,259754634,2263061,1,Validated,3,0.0,10.5,1.0,2.56
2026-07-07,Ballarat,R7 1400m Hcap,7,259754634,51576966,7,Dark Harmony,1,0.0,8.0,0.0,2.44
2026-07-07,Ballarat,R7 1400m Hcap,7,259754634,54174068,3,Docinthe,2,0.0,3.5,1.0,1.49
2026-07-07,Ballarat,R7 1400m Hcap,7,259754634,93168140,4,Blacklip,4,0.0,2.94,0.0,1.34
2026-07-07,Ballarat,R7 1400m Hcap,7,259754634,99531806,9,Good Onya Champ,5,0.0,20.01,0.0,4.05
2026-07-07,Beaudesert,R1 1650m 3yo,1,259754422,85017479,2,Weekend Spirit,1,1.0,3.12,1.0,1.36
2026-07-07,Beaudesert,R1 1650m 3yo,1,259754422,96218460,7,Bassetts Choice,2,0.0,6.4,1.0,1.85
2026-07-07,Beaudesert,R1 1650m 3yo,1,259754422,98643617,3,Boomtown Laddie,3,0.0,6.4,0.0,1.94
2026-07-07,Beaudesert,R1 1650m 3yo,1,259754422,100292825,5,Steady On,5,0.0,3.85,0.0,1.63
2026-07-07,Beaudesert,R1 1650m 3yo,1,259754422,100292826,6,Taga Smile,4,0.0,19.48,1.0,3.7
2026-07-07,Beaudesert,R2 1200m 2yo,2,259754426,1209914,2,Catfish,5,0.0,10.5,1.0,2.82
2026-07-07,Beaudesert,R2 1200m 2yo,2,259754426,5120246,1,Dominator,1,0.0,3.51,1.0,1.67
2026-07-07,Beaudesert,,2,259754426,91432920,4,Nozomu,2,,,,
2026-07-07,Beaudesert,R2 1200m 2yo,2,259754426,99656658,3,By Force,4,0.0,6.8,0.0,2.28
2026-07-07,Beaudesert,R2 1200m 2yo,2,259754426,100292827,6,Comical Belle,3,0.0,12.16,0.0,3.36
2026-07-07,Beaudesert,R3 1100m Mdn,3,259754430,91354842,13,Major Hot,5,0.0,5.88,1.0,2.0
2026-07-07,Beaudesert,R3 1100m Mdn,3,259754430,92504377,4,Bay Of The South,2,0.0,4.43,0.0,1.96
2026-07-07,Beaudesert,R3 1100m Mdn,3,259754430,97724979,17,Luminous Girl,4,0.0,23.49,0.0,5.5
2026-07-07,Beaudesert,R3 1100m Mdn,3,259754430,100292835,6,Kings Coin,1,0.0,3.85,0.0,1.58
2026-07-07,Beaudesert,R3 1100m Mdn,3,259754430,100292841,18,Military Legend,3,0.0,8.63,0.0,2.6
2026-07-07,Beaudesert,R4 1200m CL2,4,259754434,28203651,8,Sequel,1,1.0,2.64,1.0,1.33
2026-07-07,Beaudesert,R4 1200m CL2,4,259754434,86820548,10,Shedrivesabentley,3,0.0,26.58,0.0,5.5
2026-07-07,Beaudesert,R4 1200m CL2,4,259754434,89967362,2,Dushenka,2,0.0,14.01,0.0,3.11
2026-07-07,Beaudesert,R4 1200m CL2,4,259754434,100292844,3,Snugg,4,0.0,10.5,0.0,2.6
2026-07-07,Beaudesert,R4 1200m CL2,4,259754434,100292847,6,Lebanese,5,0.0,8.4,1.0,2.46
2026-07-07,Beaudesert,R5 1200m CL2,5,259754438,59995102,4,Mofeed,3,0.0,18.31,1.0,2.2
2026-07-07,Beaudesert,R5 1200m CL2,5,259754438,72989678,8,Zouslayer,5,0.0,11.47,0.0,1.73
2026-07-07,Beaudesert,R5 1200m CL2,5,259754438,84471248,10,Standlee,2,0.0,9.48,1.0,1.6
2026-07-07,Beaudesert,R5 1200m CL2,5,259754438,94688529,3,Statement Of Truth,1,1.0,1.39,1.0,1.04
2026-07-07,Beaudesert,R5 1200m CL2,5,259754438,100292849,6,Smart N Stylish,4,0.0,44.0,0.0,5.7
2026-07-07,Beaudesert,R6 2450m Hcap,6,259754442,42710869,4,Classic Deel,2,0.0,24.67,0.0,5.48
2026-07-07,Beaudesert,R6 2450m Hcap,6,259754442,64206098,2,Demarcay,5,0.0,5.0,1.0,2.06
2026-07-07,Beaudesert,R6 2450m Hcap,6,259754442,79022623,5,Scottish Pearl,1,0.0,5.66,0.0,2.16
2026-07-07,Beaudesert,R6 2450m Hcap,6,259754442,98643601,1,Weona Redwood,4,0.0,8.2,0.0,2.68
2026-07-07,Beaudesert,R6 2450m Hcap,6,259754442,98995113,3,Notabadjackup,3,0.0,9.4,0.0,3.25
2026-07-07,Murray Bridge,R1 1200m 3yo,1,259756110,787385,10,Bold Starlet,1,0.0,20.0,0.0,4.45
2026-07-07,Murray Bridge,R1 1200m 3yo,1,259756110,6094283,3,Defy Gravity,4,0.0,3.36,0.0,1.73
2026-07-07,Murray Bridge,R1 1200m 3yo,1,259756110,95579023,9,Scootathewoota,5,0.0,9.4,1.0,2.6
2026-07-07,Murray Bridge,R1 1200m 3yo,1,259756110,100164744,4,Et Tu Kirkliston,3,1.0,7.11,1.0,2.53
2026-07-07,Murray Bridge,R1 1200m 3yo,1,259756110,100164748,8,Latibulate,2,0.0,5.01,0.0,2.12
2026-07-07,Murray Bridge,R2 1400m Mdn,2,259756116,4896113,3,Paganini,2,0.0,12.5,1.0,2.94
2026-07-07,Murray Bridge,R2 1400m Mdn,2,259756116,88927583,1,Goldfields Grey,1,0.0,8.09,0.0,2.3
2026-07-07,Murray Bridge,R2 1400m Mdn,2,259756116,90048771,10,Love Kaye,3,0.0,4.55,0.0,1.65
2026-07-07,Murray Bridge,R2 1400m Mdn,2,259756116,98386590,8,Took Gardner,4,1.0,4.8,1.0,1.62
2026-07-07,Murray Bridge,R2 1400m Mdn,2,259756116,100164753,9,Hunting Hard,5,0.0,75.0,0.0,11.5
2026-07-07,Murray Bridge,R3 1600m Hcap,3,259756122,23678752,1,Frances Boy,1,0.0,3.15,1.0,1.49
2026-07-07,Murray Bridge,R3 1600m Hcap,3,259756122,44590763,2,Robert The Puss,4,0.0,4.0,0.0,1.76
2026-07-07,Murray Bridge,R3 1600m Hcap,3,259756122,48615083,10,Archdeacon,2,0.0,46.29,1.0,7.0
2026-07-07,Murray Bridge,R3 1600m Hcap,3,259756122,63859088,4,Hallstatt,3,0.0,17.15,0.0,4.59
2026-07-07,Murray Bridge,R3 1600m Hcap,3,259756122,67560206,6,Retourne,5,0.0,12.02,0.0,3.25
2026-07-07,Murray Bridge,R4 1800m Hcap,4,259756128,537682,12,Shadow Hawk,3,0.0,29.84,0.0,6.17
2026-07-07,Murray Bridge,R4 1800m Hcap,4,259756128,9406674,2,High Society Girl,5,0.0,10.1,0.0,3.25
2026-07-07,Murray Bridge,R4 1800m Hcap,4,259756128,50141087,8,Chartin,4,0.0,4.8,1.0,1.7
2026-07-07,Murray Bridge,R4 1800m Hcap,4,259756128,80856186,7,Rikki Rikkardo,1,1.0,4.9,1.0,2.08
2026-07-07,Murray Bridge,R4 1800m Hcap,4,259756128,86275645,4,United Legend,2,0.0,4.92,1.0,1.91
2026-07-07,Murray Bridge,R5 1400m Hcap,5,259756134,58371422,4,Ironbar,4,1.0,7.4,1.0,2.85
2026-07-07,Murray Bridge,R5 1400m Hcap,5,259756134,75084424,3,Dreams Fulfilled,2,0.0,7.4,1.0,2.28
2026-07-07,Murray Bridge,R5 1400m Hcap,5,259756134,79023089,1,Rideau,5,0.0,65.0,0.0,11.55
2026-07-07,Murray Bridge,R5 1400m Hcap,5,259756134,82277590,2,Chur Nibble,1,0.0,4.3,0.0,1.79
2026-07-07,Murray Bridge,R5 1400m Hcap,5,259756134,93167954,5,Spangled Sipper,3,0.0,7.54,0.0,2.77
2026-07-07,Murray Bridge,R6 1400m Hcap,6,259756140,2790942,10,Intacto,5,0.0,140.0,0.0,18.5
2026-07-07,Murray Bridge,R6 1400m Hcap,6,259756140,62660957,4,One Kind,2,0.0,20.18,0.0,4.6
2026-07-07,Murray Bridge,R6 1400m Hcap,6,259756140,100164765,2,Oh Lovey No,4,0.0,110.0,0.0,14.86
2026-07-07,Murray Bridge,R6 1400m Hcap,6,259756140,100164767,7,Stolen Kiss,3,0.0,4.29,1.0,1.58
2026-07-07,Murray Bridge,R6 1400m Hcap,6,259756140,100164768,8,Make Me A Star,1,0.0,3.62,0.0,1.73
2026-07-07,Murray Bridge,R7 900m Hcap,7,259756146,691268,1,Squad,4,0.0,8.63,0.0,2.75
2026-07-07,Murray Bridge,R7 900m Hcap,7,259756146,69066730,2,Sioux Warrior,3,1.0,6.66,1.0,2.32
2026-07-07,Murray Bridge,R7 900m Hcap,7,259756146,83118870,12,De Luca,2,0.0,29.75,1.0,7.06
2026-07-07,Murray Bridge,R7 900m Hcap,7,259756146,85181031,5,Koratora,1,0.0,5.0,0.0,2.04
2026-07-07,Murray Bridge,R7 900m Hcap,7,259756146,100164773,9,Tornados Sister,5,0.0,13.54,0.0,3.65
2026-07-07,Murray Bridge,R8 1200m Hcap,8,259756152,42218394,2,Flying Ace,3,0.0,9.51,0.0,3.52
2026-07-07,Murray Bridge,R8 1200m Hcap,8,259756152,72443877,3,Ilovenews,1,0.0,36.3,0.0,9.4
2026-07-07,Murray Bridge,R8 1200m Hcap,8,259756152,90456907,9,Shalhavmusik,4,0.0,10.5,0.0,3.58
2026-07-07,Murray Bridge,R8 1200m Hcap,8,259756152,99531625,6,Fashion Dog,5,0.0,11.56,1.0,3.4
2026-07-07,Murray Bridge,R8 1200m Hcap,8,259756152,100164778,11,Kalosyni,2,1.0,5.48,1.0,2.32
2026-07-07,Muswellbrook,R1 1000m 2yo,1,259754397,92996706,2,Half Pipe,1,1.0,1.28,1.0,1.04
2026-07-07,Muswellbrook,R1 1000m 2yo,1,259754397,100292582,1,Sambuca Sky,2,0.0,6.57,1.0,1.11
2026-07-07,Muswellbrook,R1 1000m 2yo,1,259754397,100292583,3,Write Me A Letter,3,0.0,17.5,1.0,1.54
2026-07-07,Muswellbrook,R1 1000m 2yo,1,259754397,100292585,5,Cheeky Artist,5,0.0,113.01,0.0,3.71
2026-07-07,Muswellbrook,R1 1000m 2yo,1,259754397,100292589,9,Western Bloom,4,0.0,182.91,0.0,6.6
2026-07-07,Muswellbrook,R2 1280m Mdn,2,259754400,3812461,3,Magic Merlin,1,0.0,9.76,1.0,1.55
2026-07-07,Muswellbrook,R2 1280m Mdn,2,259754400,71939899,6,Tarrant County,5,0.0,34.27,0.0,3.2
2026-07-07,Muswellbrook,R2 1280m Mdn,2,259754400,84696169,4,Nulkaba Star,4,0.0,17.0,1.0,2.69
2026-07-07,Muswellbrook,R2 1280m Mdn,2,259754400,89707859,5,Share Our Secret,3,0.0,36.0,0.0,3.7
2026-07-07,Muswellbrook,R2 1280m Mdn,2,259754400,100292591,7,Valedor,2,1.0,1.32,1.0,1.1
2026-07-07,Muswellbrook,R3 1000m Mdn,3,259754403,87205693,3,Nielsen Park,2,0.0,2.27,1.0,1.33
2026-07-07,Muswellbrook,R3 1000m Mdn,3,259754403,99025660,2,Bumbling Artie,3,0.0,15.5,0.0,3.0
2026-07-07,Muswellbrook,R3 1000m Mdn,3,259754403,100019556,4,Rutley Exceeds,4,0.0,38.26,0.0,4.63
2026-07-07,Muswellbrook,R3 1000m Mdn,3,259754403,100292595,6,Sellicks Beach,5,1.0,9.51,1.0,3.15
2026-07-07,Muswellbrook,R3 1000m Mdn,3,259754403,100292598,10,Three Wishes,1,0.0,4.86,0.0,1.96
2026-07-07,Muswellbrook,R4 1450m Mdn,4,259754406,5617387,7,Flying Giselle,4,0.0,17.58,0.0,3.85
2026-07-07,Muswellbrook,R4 1450m Mdn,4,259754406,75757991,6,What A Gent,1,0.0,4.68,0.0,1.88
2026-07-07,Muswellbrook,R4 1450m Mdn,4,259754406,99206916,4,Kowloon Magnate,2,0.0,7.69,1.0,3.1
2026-07-07,Muswellbrook,R4 1450m Mdn,4,259754406,100292599,2,Fastest Choice,3,0.0,14.0,0.0,4.3
2026-07-07,Muswellbrook,R4 1450m Mdn,4,259754406,100292603,9,Krystina Kerima,5,1.0,7.62,1.0,2.46
2026-07-07,Muswellbrook,R5 1450m CL3,5,259754409,774531,6,Mischievous Molly,5,0.0,7.8,0.0,2.06
2026-07-07,Muswellbrook,R5 1450m CL3,5,259754409,66032374,1,Brazil,1,1.0,5.32,1.0,1.8
2026-07-07,Muswellbrook,R5 1450m CL3,5,259754409,69322899,7,Trumpty Dumpty,4,0.0,10.5,0.0,2.38
2026-07-07,Muswellbrook,R5 1450m CL3,5,259754409,84472003,3,Prince Harrison,3,0.0,3.16,1.0,1.39
2026-07-07,Muswellbrook,R5 1450m CL3,5,259754409,89623540,2,Silver Tempest,2,0.0,4.65,0.0,1.89
2026-07-07,Muswellbrook,R6 1750m CL1,6,259754412,89060354,1,Dunwithya,1,0.0,4.85,0.0,2.24
2026-07-07,Muswellbrook,R6 1750m CL1,6,259754412,91530645,10,Elite Delight,4,0.0,19.0,0.0,3.95
2026-07-07,Muswellbrook,R6 1750m CL1,6,259754412,100292606,3,Boncapo,3,0.0,4.5,0.0,1.77
2026-07-07,Muswellbrook,R6 1750m CL1,6,259754412,100292608,6,Grande Diablo,5,0.0,11.5,0.0,3.1
2026-07-07,Muswellbrook,R6 1750m CL1,6,259754412,100292609,12,Sirius Moss,2,0.0,6.63,1.0,2.34
2026-07-07,Muswellbrook,R7 1000m Hcap,7,259754415,9006780,7,Spring Prospect,4,0.0,4.3,0.0,1.89
2026-07-07,Muswellbrook,R7 1000m Hcap,7,259754415,41589157,10,Ultra White,5,0.0,44.0,0.0,7.29
2026-07-07,Muswellbrook,R7 1000m Hcap,7,259754415,85854720,5,Miss Karis,3,0.0,24.76,1.0,4.15
2026-07-07,Muswellbrook,R7 1000m Hcap,7,259754415,100292612,1,Supido Star,2,0.0,4.6,1.0,1.66
2026-07-07,Muswellbrook,R7 1000m Hcap,7,259754415,100292613,3,Star Whisperer,1,1.0,9.2,1.0,3.17
2026-07-07,Muswellbrook,R8 1280m Hcap,8,259754418,70891656,6,Reflecting Fame,5,0.0,37.28,0.0,7.52
2026-07-07,Muswellbrook,R8 1280m Hcap,8,259754418,89707941,9,Ivy Diva,4,0.0,8.0,0.0,2.4
2026-07-07,Muswellbrook,R8 1280m Hcap,8,259754418,90603995,14,Prorata,3,0.0,13.3,1.0,3.0
2026-07-07,Muswellbrook,R8 1280m Hcap,8,259754418,92996114,11,Wootten It Be Nice,1,0.0,5.26,1.0,1.9
2026-07-07,Muswellbrook,R8 1280m Hcap,8,259754418,100262360,1,Condone,2,0.0,2.94,0.0,1.47
2026-07-08,Belmont,R1 1200m Mdn,1,259783778,99142043,1,Carrigane Boy,3,0.0,44.19,0.0,6.71
2026-07-08,Belmont,R1 1200m Mdn,1,259783778,99984485,5,Wine God,5,0.0,180.0,0.0,23.36
2026-07-08,Belmont,R1 1200m Mdn,1,259783778,100396879,2,Force Field,2,0.0,15.0,0.0,2.96
2026-07-08,Belmont,R1 1200m Mdn,1,259783778,100396882,6,Cryptomania,4,0.0,42.73,0.0,7.2
2026-07-08,Belmont,R1 1200m Mdn,1,259783778,100396891,12,Gentle Touch,1,1.0,2.36,1.0,1.32
2026-07-08,Belmont,R2 1200m Hcap,2,259783787,92390605,1,Brave Wasp,2,0.0,5.27,0.0,1.71
2026-07-08,Belmont,R2 1200m Hcap,2,259783787,96220532,9,Superb Vintage,5,0.0,17.44,0.0,3.44
2026-07-08,Belmont,R2 1200m Hcap,2,259783787,100396904,2,Dance On Son,4,0.0,10.0,0.0,2.56
2026-07-08,Belmont,R2 1200m Hcap,2,259783787,100396905,3,Flash Dancer,3,0.0,10.61,1.0,2.88
2026-07-08,Belmont,R2 1200m Hcap,2,259783787,100396906,5,Refemme No Angel,1,1.0,2.5,1.0,1.29
2026-07-08,Belmont,R3 1700m Mdn,3,259783796,564348,7,Suparoo,2,0.0,9.35,1.0,3.54
2026-07-08,Belmont,R3 1700m Mdn,3,259783796,83837855,1,Rocking In Vegas,1,0.0,6.6,1.0,2.44
2026-07-08,Belmont,R3 1700m Mdn,3,259783796,92699309,11,Flavoursome,5,0.0,6.98,0.0,2.35
2026-07-08,Belmont,R3 1700m Mdn,3,259783796,97726423,6,Hanselle,3,1.0,17.29,1.0,4.4
2026-07-08,Belmont,R3 1700m Mdn,3,259783796,99207882,10,Valanne Dawn,4,0.0,5.68,0.0,2.14
2026-07-08,Belmont,R4 1200m CL1,4,259783805,70386822,8,Ginger And Tonic,3,0.0,33.42,0.0,5.8
2026-07-08,Belmont,R4 1200m CL1,4,259783805,100396910,1,Great Promise,2,0.0,2.22,1.0,1.24
2026-07-08,Belmont,R4 1200m CL1,4,259783805,100396911,2,Acquired Taste,5,0.0,10.5,0.0,2.52
2026-07-08,Belmont,R4 1200m CL1,4,259783805,100396912,3,Ajicito,4,0.0,22.2,0.0,5.18
2026-07-08,Belmont,R4 1200m CL1,4,259783805,100396913,4,Bookends,1,1.0,3.95,1.0,1.57
2026-07-08,Belmont,R5 1200m CL1,5,259783814,70892048,2,Supido Express,1,0.0,11.0,0.0,2.66
2026-07-08,Belmont,R5 1200m CL1,5,259783814,84983477,6,Radiant Light,3,0.0,3.3,1.0,1.47
2026-07-08,Belmont,R5 1200m CL1,5,259783814,87094143,1,Friars Legacy,2,0.0,4.57,1.0,1.54
2026-07-08,Belmont,R5 1200m CL1,5,259783814,93240429,3,Articole,5,1.0,4.58,1.0,1.81
2026-07-08,Belmont,R5 1200m CL1,5,259783814,100396916,4,Mysterious Fortune,4,0.0,14.0,0.0,3.21
2026-07-08,Belmont,R6 1000m CL3,6,259783823,78433879,1,Gold Flakes,3,0.0,25.25,1.0,4.1
2026-07-08,Belmont,R6 1000m CL3,6,259783823,84182956,2,Silent Diva,5,0.0,10.9,0.0,2.86
2026-07-08,Belmont,R6 1000m CL3,6,259783823,85251261,6,Written Words,2,0.0,21.0,0.0,4.28
2026-07-08,Belmont,R6 1000m CL3,6,259783823,94921397,7,Cinque Stelle,1,0.0,2.18,0.0,1.3
2026-07-08,Belmont,R6 1000m CL3,6,259783823,100396920,3,New Target,4,0.0,9.0,0.0,2.34
2026-07-08,Belmont,R7 1700m CL3,7,259783832,59627728,1,Romantic Ruler,5,0.0,8.06,0.0,1.94
2026-07-08,Belmont,R7 1700m CL3,7,259783832,85779324,7,Five Down,4,0.0,27.0,0.0,5.27
2026-07-08,Belmont,R7 1700m CL3,7,259783832,85779337,2,Showlas,2,0.0,23.0,0.0,4.35
2026-07-08,Belmont,R7 1700m CL3,7,259783832,92967288,3,Partay,1,0.0,1.8,1.0,1.25
2026-07-08,Belmont,R7 1700m CL3,7,259783832,100396923,4,Shimonoseki,3,1.0,6.0,1.0,1.67
2026-07-08,Belmont,R8 1700m CL3,8,259783841,76205,7,Western Miss,1,1.0,1.95,1.0,1.32
2026-07-08,Belmont,R8 1700m CL3,8,259783841,98146747,1,Exquisite Taste,5,0.0,19.44,0.0,4.4
2026-07-08,Belmont,R8 1700m CL3,8,259783841,99688957,2,Bird On A Wire,4,0.0,15.0,0.0,3.1
2026-07-08,Belmont,R8 1700m CL3,8,259783841,100396924,5,Myzoom,3,0.0,18.0,0.0,3.96
2026-07-08,Belmont,R8 1700m CL3,8,259783841,100396925,6,Conchettas Dream,2,0.0,8.65,1.0,2.58
2026-07-08,Canberra,R1 1080m Hcap,1,259784974,5010179,5,Golden Warrior,3,0.0,18.61,0.0,4.79
2026-07-08,Canberra,R1 1080m Hcap,1,259784974,18721718,2,Vainstream,1,0.0,5.74,0.0,2.28
2026-07-08,Canberra,R1 1080m Hcap,1,259784974,37584676,3,Geostorm,2,1.0,5.94,1.0,2.26
2026-07-08,Canberra,R1 1080m Hcap,1,259784974,39879862,1,Onya Lional,5,0.0,16.76,0.0,4.7
2026-07-08,Canberra,R1 1080m Hcap,1,259784974,98451478,10,Dantains Prize,4,0.0,5.26,1.0,1.94
2026-07-08,Canberra,R2 1080m Mdn,2,259784977,4766843,3,Trofeo,4,0.0,32.0,0.0,6.63
2026-07-08,Canberra,R2 1080m Mdn,2,259784977,97724905,8,Entirely Oak,3,0.0,15.0,0.0,3.8
2026-07-08,Canberra,R2 1080m Mdn,2,259784977,100396455,2,Xtrascent,2,0.0,6.86,0.0,2.26
2026-07-08,Canberra,R2 1080m Mdn,2,259784977,100396456,4,Jenni Moo Moo,1,0.0,2.59,1.0,1.47
2026-07-08,Canberra,R2 1080m Mdn,2,259784977,100396459,9,Justwatchher,5,0.0,13.2,0.0,3.35
2026-07-08,Canberra,R3 1900m CL1,3,259784980,756829,8,Ridgeback,5,0.0,18.06,0.0,4.5
2026-07-08,Canberra,R3 1900m CL1,3,259784980,4212902,12,Unmatched,3,0.0,5.9,0.0,2.23
2026-07-08,Canberra,R3 1900m CL1,3,259784980,79292462,3,Bo Cougar,4,0.0,11.0,1.0,2.82
2026-07-08,Canberra,R3 1900m CL1,3,259784980,80971924,4,Turn Left,2,0.0,3.1,0.0,1.51
2026-07-08,Canberra,R3 1900m CL1,3,259784980,88693899,6,Webejamin,1,0.0,13.8,1.0,4.58
2026-07-08,Canberra,R4 1280m Mdn,4,259784983,81307653,6,Step Quick,2,0.0,13.2,0.0,2.6
2026-07-08,Canberra,R4 1280m Mdn,4,259784983,86346650,1,Cmon Wicksy,5,0.0,17.0,0.0,3.8
2026-07-08,Canberra,R4 1280m Mdn,4,259784983,86933208,7,Texan Star,3,0.0,10.5,0.0,2.82
2026-07-08,Canberra,R4 1280m Mdn,4,259784983,91485035,4,Skibidi,4,0.0,3.1,1.0,1.39
2026-07-08,Canberra,R4 1280m Mdn,4,259784983,100396468,13,Hard Liner,1,1.0,3.4,1.0,1.53
2026-07-08,Canberra,,5,259784986,82602314,2,She Conquers,1,,,,
2026-07-08,Canberra,R5 1280m CL2,5,259784986,85744642,4,Tessy Tee,4,0.0,7.52,0.0,2.37
2026-07-08,Canberra,R5 1280m CL2,5,259784986,94950159,3,Midnight Moose,3,1.0,7.21,1.0,2.24
2026-07-08,Canberra,R5 1280m CL2,5,259784986,100396470,6,London Boy,2,0.0,9.38,1.0,2.58
2026-07-08,Canberra,R5 1280m CL2,5,259784986,100396471,8,Olivia Mia,5,0.0,2.18,1.0,1.44
2026-07-08,Canberra,R6 1206m Hcap,6,259784989,41675030,1,Who But Roo,3,1.0,11.0,1.0,3.0
2026-07-08,Canberra,R6 1206m Hcap,6,259784989,55206275,4,Ravalli,4,0.0,3.0,1.0,1.55
2026-07-08,Canberra,R6 1206m Hcap,6,259784989,69389781,3,Craving Magic,2,0.0,6.14,0.0,2.06
2026-07-08,Canberra,R6 1206m Hcap,6,259784989,86933938,6,Missile Leader,5,0.0,13.8,0.0,3.35
2026-07-08,Canberra,R6 1206m Hcap,6,259784989,100396473,5,Atmospheric Rock,1,0.0,8.42,1.0,2.8
2026-07-08,Canberra,R7 1750m Hcap,7,259784992,7625303,2,Rico Suave,3,0.0,40.0,0.0,5.1
2026-07-08,Canberra,R7 1750m Hcap,7,259784992,67855559,5,Taytay Bay,2,0.0,9.38,0.0,1.95
2026-07-08,Canberra,R7 1750m Hcap,7,259784992,80329722,8,Sunburnt Country,4,0.0,2.0,1.0,1.19
2026-07-08,Canberra,R7 1750m Hcap,7,259784992,84181788,3,Bombelleistic,1,1.0,4.54,1.0,1.54
2026-07-08,Canberra,R7 1750m Hcap,7,259784992,88150092,4,That A Boy,5,0.0,19.39,0.0,3.15
2026-07-08,Canterbury,R1 1100m Mdn,1,259785403,93757271,6,Farfetched,2,0.0,3.5,0.0,1.37
2026-07-08,Canterbury,R1 1100m Mdn,1,259785403,100396568,2,Isawyou,4,0.0,12.0,1.0,4.1
2026-07-08,Canterbury,R1 1100m Mdn,1,259785403,100396570,5,Crossways,1,0.0,3.28,0.0,1.43
2026-07-08,Canterbury,R1 1100m Mdn,1,259785403,100396572,8,Photoshop,5,0.0,48.3,0.0,7.06
2026-07-08,Canterbury,R1 1100m Mdn,1,259785403,100396574,10,Ballet Encore,3,0.0,14.0,0.0,2.36
2026-07-08,Canterbury,R2 1200m Hcap,2,259785412,4214786,4,Sanctum,1,0.0,2.74,0.0,1.35
2026-07-08,Canterbury,R2 1200m Hcap,2,259785412,99770384,2,Hostwin King,4,1.0,12.87,1.0,3.25
2026-07-08,Canterbury,R2 1200m Hcap,2,259785412,100396577,3,Horologist,2,0.0,9.8,1.0,2.14
2026-07-08,Canterbury,R2 1200m Hcap,2,259785412,100396579,7,Elio,5,0.0,9.46,1.0,3.35
2026-07-08,Canterbury,R2 1200m Hcap,2,259785412,100396580,8,Helldeeva,3,0.0,5.09,0.0,1.92
2026-07-08,Canterbury,R3 1200m Hcap,3,259785421,3424263,2,Royal Air Force,2,0.0,10.95,0.0,3.35
2026-07-08,Canterbury,R3 1200m Hcap,3,259785421,5423671,3,Gatwick,3,0.0,3.15,1.0,1.33
2026-07-08,Canterbury,R3 1200m Hcap,3,259785421,90180929,6,Onmalone,5,0.0,17.04,0.0,3.95
2026-07-08,Canterbury,R3 1200m Hcap,3,259785421,100396587,4,Lady Invictus,1,1.0,2.8,1.0,1.28
2026-07-08,Canterbury,R3 1200m Hcap,3,259785421,100396588,5,Raskol,4,0.0,9.74,0.0,2.6
2026-07-08,Canterbury,R4 1100m Hcap,4,259785430,61287771,4,Sharp Shock,5,0.0,24.0,0.0,4.83
2026-07-08,Canterbury,R4 1100m Hcap,4,259785430,76052408,5,Inoue,1,1.0,6.98,1.0,1.49
2026-07-08,Canterbury,R4 1100m Hcap,4,259785430,88651296,2,Madrina,2,0.0,4.12,0.0,1.83
2026-07-08,Canterbury,R4 1100m Hcap,4,259785430,95621219,1,Shall Be,4,0.0,7.4,1.0,2.56
2026-07-08,Canterbury,R4 1100m Hcap,4,259785430,100396590,6,Tarpaulin,3,0.0,10.5,0.0,3.35
2026-07-08,Canterbury,R5 1550m Hcap,5,259785439,3933568,9,Lipstick,5,0.0,5.6,1.0,2.12
2026-07-08,Canterbury,,5,259785439,84374055,8,Sister Daae,1,,,,
2026-07-08,Canterbury,R5 1550m Hcap,5,259785439,92744058,2,John Dory,2,0.0,9.0,1.0,2.46
2026-07-08,Canterbury,R5 1550m Hcap,5,259785439,100396591,1,Covert Thinking,3,0.0,16.0,0.0,3.9
2026-07-08,Canterbury,R5 1550m Hcap,5,259785439,100396594,12,Agraffe Rocket,4,0.0,4.5,0.0,1.57
2026-07-08,Canterbury,R6 1900m Hcap,6,259785448,52435728,3,Kapakiri,2,0.0,10.0,0.0,3.9
2026-07-08,Canterbury,R6 1900m Hcap,6,259785448,75718479,17,War Ribbon,3,0.0,11.55,1.0,2.9
2026-07-08,Canterbury,R6 1900m Hcap,6,259785448,84222149,4,Skycatcher,5,0.0,6.8,0.0,2.58
2026-07-08,Canterbury,R6 1900m Hcap,6,259785448,85445484,6,Trapalanda,1,0.0,5.8,0.0,1.99
2026-07-08,Canterbury,R6 1900m Hcap,6,259785448,100396602,15,Fioprospero,4,0.0,15.0,0.0,3.6
2026-07-08,Canterbury,R7 1250m Hcap,7,259785457,49807620,1,Little Beginnings,5,0.0,19.0,0.0,3.96
2026-07-08,Canterbury,R7 1250m Hcap,7,259785457,66266895,2,Barbaric Lad,4,0.0,8.0,0.0,2.12
2026-07-08,Canterbury,R7 1250m Hcap,7,259785457,83642464,9,Unstopabull,2,0.0,7.06,0.0,2.14
2026-07-08,Canterbury,R7 1250m Hcap,7,259785457,100396605,15,Astronomix,1,1.0,2.72,1.0,1.38
2026-07-08,Canterbury,R7 1250m Hcap,7,259785457,100396605,15,Astronomix,3,1.0,2.72,1.0,1.38
2026-07-08,Darwin,R1 1100m Hcap,1,259783758,1411321,9,La Boqueria,4,0.0,11.0,0.0,3.15
2026-07-08,Darwin,,1,259783758,65052305,5,Jumping Power Two,5,,,,
2026-07-08,Darwin,R1 1100m Hcap,1,259783758,72239723,8,Littlebourkestreet,2,0.0,4.34,1.0,1.69
2026-07-08,Darwin,R1 1100m Hcap,1,259783758,87496276,1,Auxiliary,1,1.0,3.78,1.0,1.65
2026-07-08,Darwin,R1 1100m Hcap,1,259783758,99983538,4,Dad Bod,3,0.0,7.98,0.0,2.75
2026-07-08,Darwin,R2 1100m Hcap,2,259783761,41511138,1,Cinque Torri,1,0.0,7.0,0.0,2.59
2026-07-08,Darwin,R2 1100m Hcap,2,259783761,42729397,6,Flying Annie,5,0.0,75.0,0.0,21.0
2026-07-08,Darwin,R2 1100m Hcap,2,259783761,48489183,2,Field Of Flutes,3,0.0,9.7,1.0,3.75
2026-07-08,Darwin,R2 1100m Hcap,2,259783761,62659921,5,Wild Beau,4,1.0,3.95,1.0,2.4
2026-07-08,Darwin,R2 1100m Hcap,2,259783761,70078438,3,Arizona Activist,2,0.0,2.69,0.0,1.57
2026-07-08,Darwin,R3 1300m Hcap,3,259783764,4374696,2,The Final Word,5,0.0,7.61,0.0,2.98
2026-07-08,Darwin,R3 1300m Hcap,3,259783764,11013676,5,Stompem,4,0.0,12.0,1.0,4.12
2026-07-08,Darwin,R3 1300m Hcap,3,259783764,77386247,10,No Im Not,3,0.0,21.12,0.0,6.0
2026-07-08,Darwin,R3 1300m Hcap,3,259783764,79294055,7,Miami Baby,2,0.0,9.34,1.0,3.15
2026-07-08,Darwin,R3 1300m Hcap,3,259783764,80399023,4,Rampazetto,1,0.0,6.06,0.0,2.1
2026-07-08,Darwin,R4 1300m Hcap,4,259783767,5851830,1,Juice Box,3,0.0,34.64,0.0,9.4
2026-07-08,Darwin,R4 1300m Hcap,4,259783767,42536818,10,Oceans Jen,5,0.0,6.8,0.0,2.42
2026-07-08,Darwin,R4 1300m Hcap,4,259783767,51178229,5,Lucky Fortuna,2,0.0,3.89,0.0,1.99
2026-07-08,Darwin,R4 1300m Hcap,4,259783767,95540817,7,Data Scramble,1,0.0,17.0,0.0,4.5
2026-07-08,Darwin,R4 1300m Hcap,4,259783767,100396708,4,Self Serve,4,0.0,9.38,1.0,3.3
2026-07-08,Darwin,R5 1600m CL2,5,259783770,3782932,2,Fury,2,0.0,6.6,1.0,2.78
2026-07-08,Darwin,R5 1600m CL2,5,259783770,63085145,3,Unquestionably,3,0.0,2.47,0.0,1.59
2026-07-08,Darwin,R5 1600m CL2,5,259783770,79293014,6,Hello Mary,4,0.0,46.32,0.0,13.29
2026-07-08,Darwin,R5 1600m CL2,5,259783770,99459814,4,The Accelator,5,0.0,10.73,0.0,4.1
2026-07-08,Darwin,R5 1600m CL2,5,259783770,100396712,1,Fields Of Courage,1,1.0,3.07,1.0,1.74
2026-07-08,Darwin,R6 1600m Hcap,6,259783773,45787558,3,Hettinger,3,0.0,5.6,0.0,2.06
2026-07-08,Darwin,R6 1600m Hcap,6,259783773,62840264,2,Rematch,2,1.0,26.59,1.0,6.09
2026-07-08,Darwin,R6 1600m Hcap,6,259783773,63859341,6,Our Couver,1,0.0,19.51,0.0,4.24
2026-07-08,Darwin,R6 1600m Hcap,6,259783773,65978100,4,Vanguard Legend,4,0.0,6.2,0.0,2.08
2026-07-08,Darwin,R6 1600m Hcap,6,259783773,82278033,5,Rock Revolution,5,0.0,5.72,0.0,2.17
2026-07-08,Ipswich,R1 1200m Mdn,1,259783670,93466715,3,Cautionary Tail,5,0.0,12.5,0.0,2.75
2026-07-08,Ipswich,R1 1200m Mdn,1,259783670,94736428,5,Cominhometoyou,2,0.0,5.22,1.0,1.96
2026-07-08,Ipswich,R1 1200m Mdn,1,259783670,98482189,2,Savasteel,1,0.0,5.2,0.0,1.85
2026-07-08,Ipswich,R1 1200m Mdn,1,259783670,100396481,9,Silent Thinker,3,1.0,3.75,1.0,1.62
2026-07-08,Ipswich,R1 1200m Mdn,1,259783670,100396482,10,Zous A Chance,4,0.0,10.88,0.0,2.95
2026-07-08,Ipswich,R2 1200m Mdn,2,259783679,99398685,8,Listen Jani,3,0.0,5.0,0.0,2.04
2026-07-08,Ipswich,R2 1200m Mdn,2,259783679,99493859,5,Arctic Bright,2,0.0,3.75,1.0,1.5
2026-07-08,Ipswich,R2 1200m Mdn,2,259783679,100396483,2,Extreme Taste,1,0.0,3.55,0.0,1.34
2026-07-08,Ipswich,R2 1200m Mdn,2,259783679,100396486,6,Assumed,4,1.0,12.93,1.0,2.9
2026-07-08,Ipswich,R2 1200m Mdn,2,259783679,100396489,12,Stylish Edition,5,0.0,26.0,1.0,4.59
2026-07-08,Ipswich,R3 800m 2yo,3,259783688,1121445,2,Laurels,3,1.0,3.57,1.0,1.81
2026-07-08,Ipswich,R3 800m 2yo,3,259783688,91873207,6,Illtellyouanytime,2,0.0,5.5,0.0,1.9
2026-07-08,Ipswich,R3 800m 2yo,3,259783688,95580078,5,Sun Sister,1,0.0,7.8,0.0,2.5
2026-07-08,Ipswich,R3 800m 2yo,3,259783688,100396491,3,Worthy Shot,5,0.0,440.0,0.0,60.0
2026-07-08,Ipswich,R3 800m 2yo,3,259783688,100396497,12,Tassy Devil,4,0.0,8.0,0.0,2.66
2026-07-08,Ipswich,R4 2000m Hcap,4,259783697,2070890,1,Stranglehold,1,1.0,3.7,1.0,1.44
2026-07-08,Ipswich,R4 2000m Hcap,4,259783697,4397041,4,Power Pack,5,0.0,23.0,0.0,3.95
2026-07-08,Ipswich,R4 2000m Hcap,4,259783697,53680033,2,Yukanuma,4,0.0,14.56,0.0,2.88
2026-07-08,Ipswich,R4 2000m Hcap,4,259783697,77020818,5,Southby,2,0.0,30.0,0.0,4.85
2026-07-08,Ipswich,R4 2000m Hcap,4,259783697,95879615,6,Golden Smile,3,0.0,12.63,1.0,3.2
2026-07-08,Ipswich,R5 1700m CL1,5,259783706,976443,2,Kundabung,1,0.0,2.68,0.0,1.26
2026-07-08,Ipswich,R5 1700m CL1,5,259783706,16479294,8,Barcelo,3,0.0,21.0,1.0,4.31
2026-07-08,Ipswich,R5 1700m CL1,5,259783706,98882828,11,Riez Souvent,4,1.0,3.3,1.0,1.31
2026-07-08,Ipswich,R5 1700m CL1,5,259783706,98960018,1,Caishen,2,0.0,10.39,0.0,2.48
2026-07-08,Ipswich,R5 1700m CL1,5,259783706,100396507,10,Hard As Brok,5,0.0,13.0,1.0,2.76
2026-07-08,Ipswich,R6 1200m Hcap,6,259783715,75435178,5,Satisfied Mugs,4,0.0,11.5,0.0,4.11
2026-07-08,Ipswich,R6 1200m Hcap,6,259783715,82857133,10,Carbonara,3,0.0,16.67,0.0,5.6
2026-07-08,Ipswich,R6 1200m Hcap,6,259783715,98995090,8,Warrior Bae,5,0.0,61.07,1.0,15.5
2026-07-08,Ipswich,R6 1200m Hcap,6,259783715,100396509,6,Moshulu Spirit,2,1.0,2.12,1.0,1.48
2026-07-08,Ipswich,R6 1200m Hcap,6,259783715,100396511,9,Whispering Rogue,1,0.0,2.94,0.0,1.66
2026-07-08,Ipswich,R7 1200m Hcap,7,259783724,15256610,12,Chantilly,2,0.0,7.68,0.0,2.62
2026-07-08,Ipswich,R7 1200m Hcap,7,259783724,67477553,1,No Name Frank,5,0.0,6.0,0.0,2.15
2026-07-08,Ipswich,R7 1200m Hcap,7,259783724,73103514,7,Thunder Award,3,0.0,24.05,0.0,5.34
2026-07-08,Ipswich,R7 1200m Hcap,7,259783724,80170664,4,Grand Crusader,1,0.0,23.63,1.0,5.0
2026-07-08,Ipswich,R7 1200m Hcap,7,259783724,89265356,13,Flaxlands,4,0.0,5.7,1.0,2.2
2026-07-08,Ipswich,R8 1350m CL4,8,259783733,2096455,9,Robrick,1,1.0,7.59,1.0,1.98
2026-07-08,Ipswich,R8 1350m CL4,8,259783733,60229206,12,Chica Mojito,2,0.0,2.78,1.0,1.45
2026-07-08,Ipswich,R8 1350m CL4,8,259783733,67856698,7,Heman,5,0.0,38.0,0.0,6.72
2026-07-08,Ipswich,R8 1350m CL4,8,259783733,68890661,4,Pareto,4,0.0,5.0,0.0,1.77
2026-07-08,Ipswich,R8 1350m CL4,8,259783733,74264555,5,Aldolfito,3,0.0,12.19,1.0,2.63
2026-07-08,Morphettville,R1 1050m 2yo,1,259784869,98882853,3,Morlock,1,0.0,3.7,0.0,1.67
2026-07-08,Morphettville,R1 1050m 2yo,1,259784869,100396520,1,Chix Diggus,4,0.0,4.03,0.0,1.68
2026-07-08,Morphettville,R1 1050m 2yo,1,259784869,100396522,4,Pure Crown,2,0.0,11.5,1.0,3.25
2026-07-08,Morphettville,R1 1050m 2yo,1,259784869,100396524,6,Doorway,3,0.0,191.91,0.0,26.0
2026-07-08,Morphettville,R1 1050m 2yo,1,259784869,100396528,10,Shes Iconnic,5,0.0,13.83,1.0,3.65
2026-07-08,Morphettville,R2 1600m Mdn,2,259784878,4422334,14,Contrary,2,0.0,6.07,1.0,2.45
2026-07-08,Morphettville,R2 1600m Mdn,2,259784878,82538265,1,Eagle Moon,1,0.0,16.0,0.0,4.4
2026-07-08,Morphettville,R2 1600m Mdn,2,259784878,93239917,3,Mr Ribtickler,3,0.0,20.0,0.0,5.7
2026-07-08,Morphettville,R2 1600m Mdn,2,259784878,100396532,5,Winstons Pride,4,0.0,5.41,1.0,2.42
2026-07-08,Morphettville,R2 1600m Mdn,2,259784878,100396536,11,Oops I Peltzed,5,0.0,44.0,0.0,8.85
2026-07-08,Morphettville,R3 1050m Mdn,3,259784887,12668165,11,Patanjali,1,0.0,30.0,0.0,6.2
2026-07-08,Morphettville,R3 1050m Mdn,3,259784887,39369024,14,Settle Petal,4,0.0,9.62,0.0,2.62
2026-07-08,Morphettville,R3 1050m Mdn,3,259784887,80130696,15,Nic The Cash,5,0.0,65.0,0.0,9.54
2026-07-08,Morphettville,R3 1050m Mdn,3,259784887,100396538,5,Scooped,3,0.0,2.58,1.0,1.42
2026-07-08,Morphettville,R3 1050m Mdn,3,259784887,100396540,8,Amalfi Dreamer,2,0.0,4.4,1.0,1.82
2026-07-08,Morphettville,R4 2028m CL1,4,259784896,8340676,4,Master Of Ceremony,5,0.0,16.77,0.0,3.1
2026-07-08,Morphettville,R4 2028m CL1,4,259784896,56807387,11,Star Studded Belle,2,0.0,54.9,0.0,9.4
2026-07-08,Morphettville,R4 2028m CL1,4,259784896,83568998,5,Moussaka,3,1.0,2.41,1.0,1.4
2026-07-08,Morphettville,R4 2028m CL1,4,259784896,90524316,7,Valued,4,0.0,8.2,1.0,2.4
2026-07-08,Morphettville,R4 2028m CL1,4,259784896,100164760,1,Empirestateofmind,1,0.0,7.8,0.0,2.44
2026-07-08,Morphettville,R5 1200m CL1,5,259784905,85586665,1,Heroic Rebel,2,0.0,28.0,0.0,6.6
2026-07-08,Morphettville,R5 1200m CL1,5,259784905,90603938,11,Kiss And Kaboom,4,0.0,40.61,0.0,6.94
2026-07-08,Morphettville,R5 1200m CL1,5,259784905,99531622,13,Mondello,1,0.0,15.0,0.0,4.1
2026-07-08,Morphettville,R5 1200m CL1,5,259784905,100396549,3,Justacclaim,3,1.0,2.54,1.0,1.42
2026-07-08,Morphettville,R5 1200m CL1,5,259784905,100396550,5,Pico Bella,5,0.0,12.5,0.0,3.5
2026-07-08,Morphettville,R6 1050m Hcap,6,259784914,43350605,3,The Magistrate,2,0.0,8.83,0.0,3.64
2026-07-08,Morphettville,R6 1050m Hcap,6,259784914,51502160,8,Refreshing,3,0.0,13.69,0.0,4.1
2026-07-08,Morphettville,R6 1050m Hcap,6,259784914,59956803,2,Outpost,4,0.0,16.67,0.0,4.68
2026-07-08,Morphettville,R6 1050m Hcap,6,259784914,95301021,11,Zoutrail,1,0.0,5.71,0.0,2.47
2026-07-08,Morphettville,R6 1050m Hcap,6,259784914,100396556,16,Whoops A Daisy,5,0.0,15.5,0.0,4.0
2026-07-08,Morphettville,R7 1600m Hcap,7,259784923,1214706,4,Chance Taken,5,0.0,5.1,1.0,2.32
2026-07-08,Morphettville,R7 1600m Hcap,7,259784923,55713782,6,Flyway,4,0.0,23.24,0.0,6.0
2026-07-08,Morphettville,R7 1600m Hcap,7,259784923,72850444,5,Divine Fire,3,0.0,10.38,0.0,3.45
2026-07-08,Morphettville,R7 1600m Hcap,7,259784923,85445107,8,Affaire Vue,1,0.0,4.9,0.0,2.24
2026-07-08,Morphettville,R7 1600m Hcap,7,259784923,99531624,1,Tottori,2,0.0,8.04,0.0,2.88
2026-07-08,Morphettville,R8 1200m Hcap,8,259784932,661254,4,Brave Action,1,0.0,11.5,0.0,3.76
2026-07-08,Morphettville,R8 1200m Hcap,8,259784932,61104981,8,Justicas Bonus,5,0.0,10.67,1.0,3.05
2026-07-08,Morphettville,R8 1200m Hcap,8,259784932,71145671,14,Magic Island,2,0.0,12.6,1.0,3.71
2026-07-08,Morphettville,R8 1200m Hcap,8,259784932,72444294,2,Collated,3,0.0,10.5,0.0,3.09
2026-07-08,Morphettville,R8 1200m Hcap,8,259784932,75084433,5,The Journo,4,0.0,5.42,0.0,2.3
2026-07-08,Sandown,R1 1200m Mdn,1,259784249,98418509,6,Monolithic,2,0.0,22.0,0.0,4.35
2026-07-08,Sandown,R1 1200m Mdn,1,259784249,99275231,2,Blue Shield,1,0.0,1.78,1.0,1.14
2026-07-08,Sandown,R1 1200m Mdn,1,259784249,100396648,4,Duke Of Oman,5,0.0,30.0,0.0,5.27
2026-07-08,Sandown,R1 1200m Mdn,1,259784249,100396649,5,Marron,4,0.0,22.0,0.0,4.23
2026-07-08,Sandown,R1 1200m Mdn,1,259784249,100396651,9,Diamond Eye,3,0.0,25.0,0.0,3.87
2026-07-08,Sandown,R2 2125m Hcap,2,259784258,72850652,1,The Devil In Her,2,0.0,6.4,0.0,2.16
2026-07-08,Sandown,R2 2125m Hcap,2,259784258,82603776,6,Timeonlees,3,0.0,6.2,0.0,2.21
2026-07-08,Sandown,R2 2125m Hcap,2,259784258,91061208,5,Parvati Party,5,1.0,7.25,1.0,2.48
2026-07-08,Sandown,R2 2125m Hcap,2,259784258,99141855,4,Realika,4,0.0,19.5,0.0,3.93
2026-07-08,Sandown,R2 2125m Hcap,2,259784258,100396654,2,Harsh,1,0.0,4.32,1.0,1.68
2026-07-08,Sandown,R3 2125m Hcap,3,259784267,68638396,9,Chihuly,3,0.0,42.19,0.0,10.5
2026-07-08,Sandown,R3 2125m Hcap,3,259784267,71374458,2,Bluestone,1,0.0,9.74,0.0,3.42
2026-07-08,Sandown,R3 2125m Hcap,3,259784267,74572179,1,Sunsets,5,0.0,16.51,1.0,4.5
2026-07-08,Sandown,R3 2125m Hcap,3,259784267,92996726,10,Ant,4,0.0,5.78,0.0,2.21
2026-07-08,Sandown,R3 2125m Hcap,3,259784267,100396659,16,Salt Spray,2,0.0,6.67,0.0,2.88
2026-07-08,Sandown,R4 1500m Hcap,4,259784276,6963393,12,Masterful,3,0.0,9.81,0.0,3.27
2026-07-08,Sandown,R4 1500m Hcap,4,259784276,48073758,6,Sweet Jasmine,2,1.0,9.54,1.0,2.74
2026-07-08,Sandown,R4 1500m Hcap,4,259784276,82154157,5,From A Distance,1,0.0,16.5,0.0,5.14
2026-07-08,Sandown,R4 1500m Hcap,4,259784276,98643895,4,Nearing Liberty,5,0.0,9.81,0.0,3.34
2026-07-08,Sandown,R4 1500m Hcap,4,259784276,100396662,8,Shoma,4,0.0,23.0,0.0,5.7
2026-07-08,Sandown,R5 1400m Hcap,5,259784285,1498941,7,Rogue Warrior,3,0.0,15.08,1.0,4.3
2026-07-08,Sandown,R5 1400m Hcap,5,259784285,2354338,2,Materazzi,4,0.0,13.2,0.0,3.53
2026-07-08,Sandown,R5 1400m Hcap,5,259784285,99731370,1,Zentorno,2,0.0,9.0,0.0,3.0
2026-07-08,Sandown,R5 1400m Hcap,5,259784285,100396671,11,Tan Tat Delight,1,0.0,14.5,0.0,4.71
2026-07-08,Sandown,R5 1400m Hcap,5,259784285,100396672,12,Baltic Blizzard,5,0.0,7.44,0.0,2.9
2026-07-08,Sandown,R6 1200m Hcap,6,259784294,922122,6,Dirty Diana,5,0.0,29.0,0.0,4.5
2026-07-08,Sandown,R6 1200m Hcap,6,259784294,20939112,4,Tennessee Song,1,0.0,8.91,0.0,2.14
2026-07-08,Sandown,R6 1200m Hcap,6,259784294,78944526,9,Gliding Lightening,3,0.0,19.5,0.0,3.45
2026-07-08,Sandown,R6 1200m Hcap,6,259784294,92996986,7,Beautiful Bevy,4,0.0,14.63,1.0,3.95
2026-07-08,Sandown,R6 1200m Hcap,6,259784294,100396676,5,Queen Peta,2,1.0,1.67,1.0,1.21
2026-07-08,Sandown,R7 1200m Hcap,7,259784303,52272723,10,Vienna Vixen,5,0.0,26.45,0.0,5.97
2026-07-08,Sandown,R7 1200m Hcap,7,259784303,71082604,5,Extremely Hardys,1,0.0,13.0,0.0,4.2
2026-07-08,Sandown,R7 1200m Hcap,7,259784303,83409810,8,Sun Setting,4,0.0,19.63,0.0,4.2
2026-07-08,Sandown,R7 1200m Hcap,7,259784303,90798546,6,Zunna,3,0.0,12.69,1.0,3.3
2026-07-08,Sandown,R7 1200m Hcap,7,259784303,100396679,1,Tennessee Bound,2,1.0,2.38,1.0,1.53
2026-07-08,Sandown,R8 1200m Hcap,8,259784312,62355511,4,Prevailed,3,0.0,6.27,0.0,2.19
2026-07-08,Sandown,R8 1200m Hcap,8,259784312,74572147,3,Stay Humble,2,0.0,5.95,1.0,2.18
2026-07-08,Sandown,,8,259784312,84943438,2,Electric Tommy,1,,,,
2026-07-08,Sandown,R8 1200m Hcap,8,259784312,100396683,6,Mongolian Gobi,5,0.0,8.17,0.0,2.66
2026-07-08,Sandown,R8 1200m Hcap,8,259784312,100396689,17,Mahershala,4,1.0,3.96,1.0,1.84
2026-07-09,Gosford,R1 1600m Mdn,1,259818107,5143163,6,Landmark Lady,5,0.0,29.0,0.0,3.56
2026-07-09,Gosford,R1 1600m Mdn,1,259818107,5162424,2,In And Away,4,0.0,44.3,0.0,3.77
2026-07-09,Gosford,R1 1600m Mdn,1,259818107,98517146,8,Mr Bohemian,2,1.0,3.3,1.0,1.17
2026-07-09,Gosford,R1 1600m Mdn,1,259818107,100424532,4,Rouladen,3,0.0,3.46,1.0,1.17
2026-07-09,Gosford,R1 1600m Mdn,1,259818107,100424533,5,Royal And Ready,1,0.0,2.9,1.0,1.28
2026-07-09,Gosford,R2 1100m Mdn,2,259818110,4845459,5,World Wide,2,0.0,8.8,1.0,2.16
2026-07-09,Gosford,R2 1100m Mdn,2,259818110,100424535,3,Noble Pride,3,1.0,5.09,1.0,2.02
2026-07-09,Gosford,R2 1100m Mdn,2,259818110,100424536,4,Touching Hans,5,0.0,27.04,0.0,4.31
2026-07-09,Gosford,R2 1100m Mdn,2,259818110,100424537,6,Buccaneering,4,0.0,15.0,0.0,4.3
2026-07-09,Gosford,R2 1100m Mdn,2,259818110,100424538,7,King Of The Top,1,0.0,3.6,1.0,1.55
2026-07-09,Gosford,R3 1100m Hcap,3,259818113,74572056,1,Tartaglia,2,1.0,4.32,1.0,2.15
2026-07-09,Gosford,R3 1100m Hcap,3,259818113,75118302,6,The Piccolino,4,0.0,5.18,0.0,2.05
2026-07-09,Gosford,R3 1100m Hcap,3,259818113,80170630,7,Senshi,5,0.0,7.82,1.0,2.49
2026-07-09,Gosford,,3,259818113,82376313,5,Remember Jack,3,,,,
2026-07-09,Gosford,R3 1100m Hcap,3,259818113,91530649,2,Herman Said,1,0.0,2.71,0.0,1.57
2026-07-09,Gosford,R4 1000m Mdn,4,259818116,1490573,5,No Limits,3,1.0,2.62,1.0,1.35
2026-07-09,Gosford,R4 1000m Mdn,4,259818116,10589013,8,Sammy The Bull,4,0.0,34.0,0.0,4.4
2026-07-09,Gosford,R4 1000m Mdn,4,259818116,19530614,1,Gold Earth,1,0.0,14.5,0.0,3.61
2026-07-09,Gosford,R4 1000m Mdn,4,259818116,100424546,11,Eastern Beauty,2,0.0,9.0,1.0,2.8
2026-07-09,Gosford,R4 1000m Mdn,4,259818116,100424546,11,Eastern Beauty,5,0.0,9.0,1.0,2.8
2026-07-09,Gosford,R5 1100m Mdn,5,259818119,94779869,3,Avon Calling,3,0.0,19.5,1.0,3.1
2026-07-09,Gosford,R5 1100m Mdn,5,259818119,94779869,3,Avon Calling,4,0.0,19.5,1.0,3.1
2026-07-09,Gosford,R5 1100m Mdn,5,259818119,99172202,7,Rising Revolution,2,0.0,7.4,0.0,1.37
2026-07-09,Gosford,R5 1100m Mdn,5,259818119,100424550,6,Pure Sin,5,0.0,200.0,0.0,17.0
2026-07-09,Gosford,R5 1100m Mdn,5,259818119,100424553,12,Tigroni,1,1.0,1.46,1.0,1.1
2026-07-09,Gosford,R6 1100m Hcap,6,259818122,2581132,6,Altercation,1,0.0,4.9,0.0,2.19
2026-07-09,Gosford,R6 1100m Hcap,6,259818122,58407047,2,Rockin Millie,3,0.0,28.0,0.0,8.93
2026-07-09,Gosford,R6 1100m Hcap,6,259818122,77645886,1,Grinzinger Pod,4,0.0,4.09,0.0,2.34
2026-07-09,Gosford,R6 1100m Hcap,6,259818122,96219078,4,Issys Star,2,0.0,4.0,1.0,2.23
2026-07-09,Gosford,R6 1100m Hcap,6,259818122,100424555,3,Pazyryk,5,0.0,4.99,0.0,2.54
2026-07-09,Gosford,R7 1200m CL1,7,259818125,91158010,4,I Am Brave,1,0.0,2.85,0.0,1.3
2026-07-09,Gosford,R7 1200m CL1,7,259818125,97211326,5,Serinda,3,1.0,9.58,1.0,2.26
2026-07-09,Gosford,R7 1200m CL1,7,259818125,97211326,5,Serinda,4,1.0,9.58,1.0,2.26
2026-07-09,Gosford,R7 1200m CL1,7,259818125,99274440,1,Iron Fury,2,0.0,3.45,1.0,1.3
2026-07-09,Gosford,R7 1200m CL1,7,259818125,100424559,6,Gaelic Gem,5,0.0,7.0,1.0,1.95
2026-07-09,Northam,R1 2200m Mdn,1,259818076,70892049,3,Rockin Robin,5,0.0,32.0,0.0,4.26
2026-07-09,Northam,R1 2200m Mdn,1,259818076,85185519,1,Yalda Night,3,0.0,19.0,1.0,2.65
2026-07-09,Northam,R1 2200m Mdn,1,259818076,99142325,4,Big Man Zor,2,0.0,4.27,1.0,1.4
2026-07-09,Northam,R1 2200m Mdn,1,259818076,100019762,5,My Monster,4,0.0,21.23,0.0,3.6
2026-07-09,Northam,R1 2200m Mdn,1,259818076,100415049,8,Savienne,1,1.0,1.73,1.0,1.12
2026-07-09,Northam,R2 1000m Mdn,2,259818080,5233399,7,Penny Pincher,4,1.0,2.17,1.0,1.28
2026-07-09,Northam,R2 1000m Mdn,2,259818080,93240410,3,Hellbent For Glory,1,0.0,5.1,1.0,1.74
2026-07-09,Northam,R2 1000m Mdn,2,259818080,93466969,4,Dreamlord,3,0.0,25.0,0.0,4.54
2026-07-09,Northam,R2 1000m Mdn,2,259818080,100415051,8,Lady Enfield,2,0.0,10.57,0.0,2.46
2026-07-09,Northam,R2 1000m Mdn,2,259818080,100415052,10,Invincible Sin,5,0.0,22.0,0.0,5.1
2026-07-09,Northam,R3 1100m Mdn,3,259818084,9181803,1,Peanut Butter,5,0.0,10.78,1.0,3.17
2026-07-09,Northam,R3 1100m Mdn,3,259818084,89592603,9,Tabba Tabba Boom,1,0.0,44.0,0.0,8.0
2026-07-09,Northam,R3 1100m Mdn,3,259818084,100415053,2,Che Figata,2,0.0,13.5,0.0,3.38
2026-07-09,Northam,R3 1100m Mdn,3,259818084,100415054,4,Wrexham,3,0.0,6.4,0.0,2.48
2026-07-09,Northam,R3 1100m Mdn,3,259818084,100415055,5,On The Fence,4,0.0,85.71,0.0,16.0
2026-07-09,Northam,R4 1300m Mdn,4,259818088,433669,1,On Cue,5,1.0,14.09,1.0,2.78
2026-07-09,Northam,R4 1300m Mdn,4,259818088,99688917,2,Olaf The Snowman,2,0.0,8.6,0.0,2.05
2026-07-09,Northam,R4 1300m Mdn,4,259818088,100415058,3,Phat Chaps,1,0.0,10.0,0.0,2.56
2026-07-09,Northam,R4 1300m Mdn,4,259818088,100415059,4,Dirty Habits,4,0.0,1.84,1.0,1.2
2026-07-09,Northam,R4 1300m Mdn,4,259818088,100415062,10,Our Enchantress,3,0.0,95.0,0.0,10.5
2026-07-09,Northam,R5 1300m Mdn,5,259818092,83569245,1,Diamond Warrior,3,0.0,3.98,0.0,1.77
2026-07-09,Northam,R5 1300m Mdn,5,259818092,88420127,3,Off Grid,5,0.0,30.73,0.0,6.4
2026-07-09,Northam,R5 1300m Mdn,5,259818092,89592597,2,Wattos Warrior,1,0.0,15.57,0.0,3.15
2026-07-09,Northam,R5 1300m Mdn,5,259818092,100415063,4,I Love Ya Money,2,1.0,2.44,1.0,1.32
2026-07-09,Northam,R5 1300m Mdn,5,259818092,100415066,9,Mystic Empress,4,0.0,15.13,0.0,4.2
2026-07-09,Northam,R6 1600m CL1,6,259818096,3630724,6,Stolen,2,0.0,12.18,0.0,3.26
2026-07-09,Northam,R6 1600m CL1,6,259818096,4640427,4,Enchanted Miss,1,0.0,4.52,0.0,1.96
2026-07-09,Northam,R6 1600m CL1,6,259818096,65260413,9,Wheres Brittany,5,0.0,11.08,0.0,2.9
2026-07-09,Northam,R6 1600m CL1,6,259818096,83410190,2,Whiskers Harbour,4,0.0,56.87,0.0,9.91
2026-07-09,Northam,R6 1600m CL1,6,259818096,100415069,3,Lady Money Talk,3,0.0,4.0,1.0,1.77
2026-07-09,Northam,R7 2200m Hcap,7,259818100,73918509,5,Royal Trooper,3,0.0,25.55,0.0,6.43
2026-07-09,Northam,R7 2200m Hcap,7,259818100,76949350,10,Miss Santa Corrs,2,0.0,9.31,0.0,2.95
2026-07-09,Northam,R7 2200m Hcap,7,259818100,85185554,1,Rock In Wonder,5,0.0,5.02,0.0,2.25
2026-07-09,Northam,R7 2200m Hcap,7,259818100,99657282,2,Sweet Surrender,1,0.0,11.16,1.0,3.26
2026-07-09,Northam,R7 2200m Hcap,7,259818100,100415074,14,Fioreyes,4,0.0,10.0,0.0,3.1
2026-07-09,Northam,R8 1300m CL3,8,259818104,2269831,7,Cosmic Spirit,1,0.0,5.56,1.0,2.27
2026-07-09,Northam,R8 1300m CL3,8,259818104,48908367,3,Too Much Talk,2,0.0,13.5,0.0,3.1
2026-07-09,Northam,R8 1300m CL3,8,259818104,67788240,10,Smart Return,5,0.0,71.47,0.0,16.98
2026-07-09,Northam,R8 1300m CL3,8,259818104,75436669,1,Ton Of Grunt,3,0.0,36.55,0.0,5.7
2026-07-09,Northam,R8 1300m CL3,8,259818104,83080278,2,Sisu Spirit,4,0.0,7.77,0.0,2.7
2026-07-09,Rockhampton,R1 1050m Mdn,1,259813468,75047039,3,Blue Toes,2,0.0,10.5,1.0,2.36
2026-07-09,Rockhampton,R1 1050m Mdn,1,259813468,95838619,4,British Navy,5,0.0,39.44,0.0,5.0
2026-07-09,Rockhampton,R1 1050m Mdn,1,259813468,95879893,7,Icymiss,1,1.0,2.1,1.0,1.16
2026-07-09,Rockhampton,R1 1050m Mdn,1,259813468,98675954,5,Musee Du Louvre,3,0.0,5.8,0.0,1.82
2026-07-09,Rockhampton,R1 1050m Mdn,1,259813468,100424296,2,Jungle Wonder,4,0.0,7.29,0.0,2.03
2026-07-09,Rockhampton,R2 1200m 2yo,2,259813472,19727939,11,Royal Diamond,2,0.0,13.14,0.0,3.23
2026-07-09,Rockhampton,R2 1200m 2yo,2,259813472,100424300,1,Nojonkmail,4,0.0,7.6,0.0,1.98
2026-07-09,Rockhampton,R2 1200m 2yo,2,259813472,100424301,2,Bold Envoy,1,0.0,7.98,1.0,2.26
2026-07-09,Rockhampton,R2 1200m 2yo,2,259813472,100424302,3,Brilliant Disguise,5,0.0,44.0,0.0,8.6
2026-07-09,Rockhampton,R2 1200m 2yo,2,259813472,100424307,9,Cosmopolitan Lady,3,0.0,50.0,0.0,7.49
2026-07-09,Rockhampton,R3 1600m Hcap,3,259813476,1041942,10,Latin Love,1,0.0,65.0,0.0,9.32
2026-07-09,Rockhampton,R3 1600m Hcap,3,259813476,79562542,1,Batemans Bay,2,0.0,11.5,0.0,2.42
2026-07-09,Rockhampton,R3 1600m Hcap,3,259813476,98483115,5,General Gordon,4,0.0,49.84,0.0,6.63
2026-07-09,Rockhampton,R3 1600m Hcap,3,259813476,99206460,4,Cryptology,3,0.0,8.96,1.0,2.13
2026-07-09,Rockhampton,R3 1600m Hcap,3,259813476,100424316,8,Shiny Love,5,0.0,2.55,1.0,1.35
2026-07-09,Rockhampton,R4 1300m Hcap,4,259813480,360338,1,Humble Hero,5,1.0,3.42,1.0,1.56
2026-07-09,Rockhampton,R4 1300m Hcap,4,259813480,63402895,5,Itza Motza,4,0.0,19.5,1.0,4.0
2026-07-09,Rockhampton,R4 1300m Hcap,4,259813480,81564316,7,Azuki,3,0.0,8.8,0.0,2.42
2026-07-09,Rockhampton,R4 1300m Hcap,4,259813480,91115842,4,Billy Boom,2,0.0,6.6,0.0,2.01
2026-07-09,Rockhampton,R4 1300m Hcap,4,259813480,96455308,6,Ten Carat Lucy,1,0.0,5.3,1.0,2.06
2026-07-09,Rockhampton,R5 1200m 3yo,5,259813484,82018506,1,Thee Creek,5,0.0,11.79,0.0,3.0
2026-07-09,Rockhampton,R5 1200m 3yo,5,259813484,94409409,8,Evareadymiss,1,0.0,3.73,0.0,1.72
2026-07-09,Rockhampton,R5 1200m 3yo,5,259813484,94985120,2,Neverenoughlego,2,1.0,2.71,1.0,1.37
2026-07-09,Rockhampton,R5 1200m 3yo,5,259813484,94985120,2,Neverenoughlego,3,1.0,2.71,1.0,1.37
2026-07-09,Rockhampton,R5 1200m 3yo,5,259813484,100424320,4,Pontevico,4,0.0,34.0,0.0,5.68
2026-07-09,Rockhampton,R6 1400m Hcap,6,259813488,70633083,6,Tigon Princess,4,0.0,12.0,0.0,2.62
2026-07-09,Rockhampton,R6 1400m Hcap,6,259813488,79022418,7,Black Eyed Blonde,5,1.0,2.28,1.0,1.28
2026-07-09,Rockhampton,R6 1400m Hcap,6,259813488,91485859,3,Jam Packed,2,0.0,14.5,0.0,3.15
2026-07-09,Rockhampton,R6 1400m Hcap,6,259813488,97242969,2,Calyx Rose,3,0.0,16.5,0.0,3.36
2026-07-09,Rockhampton,R6 1400m Hcap,6,259813488,100424325,4,Trapedo,1,0.0,4.76,1.0,1.73
2026-07-09,Rockhampton,R7 1300m Qlty,7,259813492,50880745,2,Ouroboros,1,0.0,2.71,1.0,1.6
2026-07-09,Rockhampton,R7 1300m Qlty,7,259813492,51432809,14,Glass Of Rose,3,0.0,9.05,0.0,3.24
2026-07-09,Rockhampton,R7 1300m Qlty,7,259813492,52237979,1,Sha Of Gomer,2,0.0,13.5,0.0,3.64
2026-07-09,Rockhampton,R7 1300m Qlty,7,259813492,76336625,8,Presocratics,5,0.0,25.54,0.0,5.45
2026-07-09,Rockhampton,R7 1300m Qlty,7,259813492,99731343,11,Bold Comic,4,0.0,9.24,0.0,2.82
2026-07-09,Rockhampton,R8 1100m Hcap,8,259813496,3616734,4,Wolfgang,3,0.0,30.0,0.0,4.9
2026-07-09,Rockhampton,R8 1100m Hcap,8,259813496,80091666,2,Krackacan,4,0.0,7.99,0.0,2.31
2026-07-09,Rockhampton,R8 1100m Hcap,8,259813496,85507241,6,Over Draft,1,0.0,3.9,1.0,1.67
2026-07-09,Rockhampton,R8 1100m Hcap,8,259813496,85507241,6,Over Draft,2,0.0,3.9,1.0,1.67
2026-07-09,Rockhampton,R8 1100m Hcap,8,259813496,100424331,9,Dont Touch,5,0.0,3.8,0.0,1.61
2026-07-09,Sale,R1 1213m 2yo,1,259816063,100019346,10,Lady Puissance,4,0.0,48.0,0.0,9.55
2026-07-09,Sale,R1 1213m 2yo,1,259816063,100424473,1,Arashi Flash,5,0.0,18.16,0.0,5.08
2026-07-09,Sale,R1 1213m 2yo,1,259816063,100424474,2,Cybersecurity,3,0.0,3.35,0.0,1.47
2026-07-09,Sale,R1 1213m 2yo,1,259816063,100424476,4,Kosei Top,2,1.0,14.5,1.0,3.95
2026-07-09,Sale,R1 1213m 2yo,1,259816063,100424481,9,Contarini,1,0.0,7.9,0.0,2.35
2026-07-09,Sale,R2 1013m 3yo,2,259816071,6612824,12,My Destiny,4,0.0,71.69,0.0,9.39
2026-07-09,Sale,R2 1013m 3yo,2,259816071,100019353,2,Bemm River,5,0.0,5.5,1.0,1.8
2026-07-09,Sale,R2 1013m 3yo,2,259816071,100424490,6,Master Taj,1,1.0,3.79,1.0,1.56
2026-07-09,Sale,R2 1013m 3yo,2,259816071,100424492,8,Winsilence,2,0.0,13.0,1.0,3.12
2026-07-09,Sale,R2 1013m 3yo,2,259816071,100424494,10,Divine Bellini,3,0.0,5.4,0.0,1.98
2026-07-09,Sale,R3 1429m Mdn,3,259816079,4318621,3,French Gift,5,0.0,8.04,0.0,1.7
2026-07-09,Sale,R3 1429m Mdn,3,259816079,28759761,7,New Prospect,4,0.0,10.97,0.0,2.3
2026-07-09,Sale,R3 1429m Mdn,3,259816079,80892308,1,Dont Doubt Tigga,3,0.0,34.0,0.0,4.47
2026-07-09,Sale,R3 1429m Mdn,3,259816079,94779958,5,Jimmy Beans,1,1.0,1.51,1.0,1.07
2026-07-09,Sale,R3 1429m Mdn,3,259816079,100424495,2,Flying Gentry,2,0.0,21.58,1.0,2.94
2026-07-09,Sale,R4 1746m Mdn,4,259816087,85472268,1,Angels Gathering,4,0.0,5.1,0.0,1.7
2026-07-09,Sale,R4 1746m Mdn,4,259816087,100424497,3,Knights Emperor,3,0.0,6.0,1.0,2.2
2026-07-09,Sale,R4 1746m Mdn,4,259816087,100424498,5,No Doubt Coral,1,0.0,4.5,1.0,2.03
2026-07-09,Sale,R4 1746m Mdn,4,259816087,100424499,6,Polar Perspective,2,1.0,3.9,1.0,1.66
2026-07-09,Sale,R4 1746m Mdn,4,259816087,100424501,8,Steal Away,5,0.0,26.85,0.0,5.1
2026-07-09,Sale,R5 1746m Hcap,5,259816095,2536668,9,Tel Aviv,2,0.0,5.29,0.0,2.1
2026-07-09,Sale,R5 1746m Hcap,5,259816095,40508846,7,Korobeiniki,3,0.0,15.42,1.0,4.13
2026-07-09,Sale,R5 1746m Hcap,5,259816095,73992256,1,Shahzad,4,0.0,17.8,0.0,4.75
2026-07-09,Sale,R5 1746m Hcap,5,259816095,78977416,6,Garnacho,1,1.0,3.81,1.0,1.89
2026-07-09,Sale,R5 1746m Hcap,5,259816095,100424506,8,Lots Of Time,5,0.0,10.26,0.0,3.12
2026-07-09,Sale,R6 1013m Hcap,6,259816103,11146432,4,Untapped,3,1.0,6.36,1.0,2.55
2026-07-09,Sale,R6 1013m Hcap,6,259816103,40049717,9,Starburst,1,0.0,5.6,0.0,2.88
2026-07-09,Sale,R6 1013m Hcap,6,259816103,41818458,3,Nasraawy,4,0.0,4.74,0.0,1.85
2026-07-09,Sale,R6 1013m Hcap,6,259816103,42162460,5,Bifrost,2,0.0,20.0,0.0,5.31
2026-07-09,Sale,R6 1013m Hcap,6,259816103,75436832,1,Helluva Barty,5,0.0,23.14,0.0,5.8
2026-07-09,Sale,R7 1213m Hcap,7,259816111,835490,5,Too Tough,3,0.0,3.05,0.0,1.51
2026-07-09,Sale,R7 1213m Hcap,7,259816111,62098165,2,Gallant Prince,2,0.0,13.4,0.0,3.0
2026-07-09,Sale,R7 1213m Hcap,7,259816111,78464922,3,Lofty Thoughts,1,0.0,3.38,1.0,1.7
2026-07-09,Sale,R7 1213m Hcap,7,259816111,99493490,8,Asiatic,5,0.0,16.5,0.0,3.8
2026-07-09,Sale,R7 1213m Hcap,7,259816111,100424514,1,Mongolian City,4,1.0,12.8,1.0,3.25
2026-07-09,Sale,R8 1429m Hcap,8,259816119,1200127,10,Game Plan,4,0.0,8.8,1.0,2.6
2026-07-09,Sale,R8 1429m Hcap,8,259816119,46447848,1,Aseventy Seven,5,0.0,42.0,0.0,7.6
2026-07-09,Sale,R8 1429m Hcap,8,259816119,88780086,2,Blue Bandit,3,0.0,3.47,1.0,1.62
2026-07-09,Sale,R8 1429m Hcap,8,259816119,91748139,4,Princing,1,0.0,7.0,0.0,2.3
2026-07-09,Sale,R8 1429m Hcap,8,259816119,100424519,5,Centu Cavaddi,2,1.0,5.93,1.0,2.21
2026-07-09,Taree,R1 1007m Mdn,1,259816038,1331340,8,Poised,1,0.0,3.31,0.0,1.43
2026-07-09,Taree,R1 1007m Mdn,1,259816038,84982020,5,Outoftheoffice,4,1.0,5.4,1.0,1.69
2026-07-09,Taree,R1 1007m Mdn,1,259816038,99206910,4,Mr Accurate,5,0.0,23.0,1.0,3.67
2026-07-09,Taree,R1 1007m Mdn,1,259816038,100049322,1,Arakoola,3,0.0,18.95,0.0,3.48
2026-07-09,Taree,R1 1007m Mdn,1,259816038,100424254,6,Stage Presence,2,0.0,3.4,0.0,1.92
2026-07-09,Taree,R2 1262m Mdn,2,259816041,64367547,3,Clever Illusion,5,0.0,30.01,0.0,5.2
2026-07-09,Taree,R2 1262m Mdn,2,259816041,99731294,1,Be Someone,1,1.0,4.5,1.0,1.87
2026-07-09,Taree,R2 1262m Mdn,2,259816041,99731294,1,Be Someone,2,1.0,4.5,1.0,1.87
2026-07-09,Taree,R2 1262m Mdn,2,259816041,100424257,7,Be Scene,3,0.0,70.0,0.0,12.5
2026-07-09,Taree,R2 1262m Mdn,2,259816041,100424258,9,Sunny Quarters,4,0.0,3.6,1.0,1.61
2026-07-09,Taree,R3 1007m Hcap,3,259816044,40508878,4,Cupids Kiss,1,0.0,12.53,0.0,2.2
2026-07-09,Taree,R3 1007m Hcap,3,259816044,52466831,7,Miss De Blaas,5,1.0,15.0,1.0,3.59
2026-07-09,Taree,R3 1007m Hcap,3,259816044,100424259,1,Sapphire Kiss,3,0.0,2.44,1.0,1.31
2026-07-09,Taree,R3 1007m Hcap,3,259816044,100424259,1,Sapphire Kiss,4,0.0,2.44,1.0,1.31
2026-07-09,Taree,R3 1007m Hcap,3,259816044,100424260,2,Zouking,2,0.0,4.42,0.0,1.9
2026-07-09,Taree,R4 1412m CL2,4,259816047,69161502,3,Phoenix Power,4,0.0,7.4,0.0,1.48
2026-07-09,Taree,R4 1412m CL2,4,259816047,74813968,7,King Soleil,2,0.0,12.78,0.0,1.83
2026-07-09,Taree,R4 1412m CL2,4,259816047,84267321,5,Darn Deadly,3,0.0,12.71,1.0,2.52
2026-07-09,Taree,R4 1412m CL2,4,259816047,98273506,1,Mortlake,5,0.0,29.0,0.0,4.12
2026-07-09,Taree,R4 1412m CL2,4,259816047,100292605,4,Antilopini,1,1.0,1.56,1.0,1.13
2026-07-09,Taree,R5 1614m CL1,5,259816050,81563161,4,Send A Telegram,1,0.0,13.0,0.0,2.74
2026-07-09,Taree,R5 1614m CL1,5,259816050,93871062,5,Winters Ending,4,0.0,18.5,0.0,4.2
2026-07-09,Taree,R5 1614m CL1,5,259816050,100424262,8,Dam Impact,3,0.0,6.0,1.0,2.16
2026-07-09,Taree,R5 1614m CL1,5,259816050,100424263,9,Hillbilly Hippie,5,0.0,4.1,0.0,1.55
2026-07-09,Taree,R5 1614m CL1,5,259816050,100424264,11,Bonjour Bill,2,1.0,3.51,1.0,1.64
2026-07-09,Taree,,6,259816053,60528026,1,Mindspace,2,,,,
2026-07-09,Taree,R6 1614m Hcap,6,259816053,63665518,2,Hes Godspeed,1,0.0,10.5,1.0,2.0
2026-07-09,Taree,R6 1614m Hcap,6,259816053,87988217,9,Argerich,4,0.0,8.26,0.0,1.62
2026-07-09,Taree,R6 1614m Hcap,6,259816053,87988217,9,Argerich,5,0.0,8.26,0.0,1.62
2026-07-09,Taree,R6 1614m Hcap,6,259816053,100424268,4,Rose Water,3,1.0,1.65,1.0,1.15
2026-07-09,Taree,,7,259816056,73220186,1,Capzinzi,5,,,,
2026-07-09,Taree,R7 1262m Hcap,7,259816056,77136149,2,Mosgiel Daisy,2,0.0,6.96,1.0,1.58
2026-07-09,Taree,R7 1262m Hcap,7,259816056,83378782,6,Miss Bugatti,3,0.0,17.73,0.0,2.98
2026-07-09,Taree,R7 1262m Hcap,7,259816056,86620067,12,Nikodys Binks,4,0.0,2.08,0.0,1.25
2026-07-09,Taree,R7 1262m Hcap,7,259816056,88419513,5,City Gold Speed,1,0.0,3.2,1.0,1.29
2026-07-10,Carnarvon,R1 1600m Mdn,1,259840130,63403527,8,Danea Rock,5,0.0,12.57,1.0,2.91
2026-07-10,Carnarvon,R1 1600m Mdn,1,259840130,70386825,11,Choice Attraction,2,0.0,12.9,0.0,3.47
2026-07-10,Carnarvon,R1 1600m Mdn,1,259840130,81437226,1,Swishgobango,4,1.0,4.37,1.0,1.63
2026-07-10,Carnarvon,R1 1600m Mdn,1,259840130,85471666,7,Costa Star,1,0.0,4.46,1.0,1.8
2026-07-10,Carnarvon,R1 1600m Mdn,1,259840130,92504792,10,Gigi Gogo,3,0.0,53.98,0.0,12.0
2026-07-10,Carnarvon,R2 1000m CL1,2,259840134,829576,5,Intoxicating,1,0.0,31.87,0.0,8.6
2026-07-10,Carnarvon,R2 1000m CL1,2,259840134,65558598,10,Hot Nova,5,0.0,32.0,0.0,6.94
2026-07-10,Carnarvon,R2 1000m CL1,2,259840134,72585545,2,Hells Citi,2,1.0,3.35,1.0,1.57
2026-07-10,Carnarvon,R2 1000m CL1,2,259840134,78535958,7,Golden Opera,3,0.0,23.0,0.0,5.8
2026-07-10,Carnarvon,R2 1000m CL1,2,259840134,92088008,11,Kimberley Currency,4,0.0,10.01,1.0,2.86
2026-07-10,Carnarvon,R3 1000m Hcap,3,259840138,2657435,1,Aardvark,3,1.0,2.46,1.0,1.22
2026-07-10,Carnarvon,R3 1000m Hcap,3,259840138,48198537,2,Kote,2,0.0,23.07,0.0,4.82
2026-07-10,Carnarvon,R3 1000m Hcap,3,259840138,64959708,7,Devils I,5,0.0,3.48,1.0,1.43
2026-07-10,Carnarvon,R3 1000m Hcap,3,259840138,82567373,8,Busters Girl,1,0.0,22.41,0.0,5.31
2026-07-10,Carnarvon,R3 1000m Hcap,3,259840138,90717073,5,Weapons Hot,4,0.0,22.0,0.0,4.2
2026-07-10,Carnarvon,R4 1400m CL3,4,259840142,44011716,14,Precast,4,0.0,42.0,0.0,10.0
2026-07-10,Carnarvon,R4 1400m CL3,4,259840142,85251084,5,Blowin Smoke,3,0.0,32.43,0.0,6.8
2026-07-10,Carnarvon,R4 1400m CL3,4,259840142,95810809,4,Tassort We Want,1,0.0,3.85,0.0,1.96
2026-07-10,Carnarvon,R4 1400m CL3,4,259840142,99428285,6,Le Troy,5,0.0,4.57,0.0,2.06
2026-07-10,Carnarvon,R4 1400m CL3,4,259840142,99952345,1,Cheeky Charlotte,2,0.0,12.5,0.0,4.0
2026-07-10,Carnarvon,R5 1200m Hcap,5,259840146,43166276,1,The Coolakin King,2,0.0,16.0,0.0,4.33
2026-07-10,Carnarvon,R5 1200m Hcap,5,259840146,60415787,5,Casino Royale,5,0.0,5.11,0.0,1.84
2026-07-10,Carnarvon,R5 1200m Hcap,5,259840146,64083590,4,Playing Quest,4,0.0,16.45,0.0,5.0
2026-07-10,Carnarvon,R5 1200m Hcap,5,259840146,79844703,3,Limahuli,3,0.0,15.96,1.0,4.3
2026-07-10,Carnarvon,R5 1200m Hcap,5,259840146,94353051,6,Denver Affair,1,0.0,5.42,1.0,2.06
2026-07-10,Carnarvon,R6 1600m Hcap,6,259840150,1215246,9,Urban Warrior,4,0.0,118.7,0.0,21.0
2026-07-10,Carnarvon,R6 1600m Hcap,6,259840150,56253702,1,Manavendra,3,0.0,9.99,0.0,3.2
2026-07-10,Carnarvon,R6 1600m Hcap,6,259840150,94061783,4,Lets Sea,5,0.0,14.22,0.0,4.6
2026-07-10,Carnarvon,R6 1600m Hcap,6,259840150,100425098,8,Deal Obtained,2,0.0,9.07,0.0,3.3
2026-07-10,Carnarvon,R6 1600m Hcap,6,259840150,100425099,10,Hundred Yards,1,0.0,9.81,1.0,3.6
2026-07-10,Gatton,R1 1600m Mdn,1,259838556,4364072,8,Talleyrand,1,1.0,3.67,1.0,1.71
2026-07-10,Gatton,R1 1600m Mdn,1,259838556,74572535,3,Brass Band,3,0.0,5.7,1.0,1.99
2026-07-10,Gatton,R1 1600m Mdn,1,259838556,84659247,4,Future Hero,4,0.0,12.25,0.0,3.96
2026-07-10,Gatton,R1 1600m Mdn,1,259838556,88927618,5,Something Shiny,2,0.0,7.57,0.0,2.33
2026-07-10,Gatton,R1 1600m Mdn,1,259838556,100454152,13,Waiting For Graham,5,0.0,27.0,0.0,5.3
2026-07-10,Gatton,R2 860m Mdn,2,259838560,85982123,13,Aliza,3,0.0,15.51,0.0,3.1
2026-07-10,Gatton,R2 860m Mdn,2,259838560,92537818,1,Jack The Boss,5,0.0,134.47,0.0,16.0
2026-07-10,Gatton,R2 860m Mdn,2,259838560,99171925,5,Bottles Of Shells,1,1.0,2.22,1.0,1.39
2026-07-10,Gatton,R2 860m Mdn,2,259838560,100454160,6,Dont Doubt Sophie,2,0.0,8.79,1.0,2.28
2026-07-10,Gatton,R2 860m Mdn,2,259838560,100454161,7,Epic Rose,4,0.0,11.45,0.0,2.82
2026-07-10,Gatton,R3 860m Hcap,3,259838564,65558445,2,Gypsy Tricks,2,0.0,10.0,1.0,2.62
2026-07-10,Gatton,R3 860m Hcap,3,259838564,71435975,11,Mr Evans,5,0.0,11.5,0.0,2.46
2026-07-10,Gatton,R3 860m Hcap,3,259838564,97984691,3,Switch The Stars,3,0.0,2.69,0.0,1.37
2026-07-10,Gatton,R3 860m Hcap,3,259838564,100454167,1,Diamantina Rose,1,1.0,3.99,1.0,1.57
2026-07-10,Gatton,R3 860m Hcap,3,259838564,100454168,5,Betterindanude,4,0.0,43.71,0.0,8.2
2026-07-10,Gatton,R4 1400m Hcap,4,259838568,1350658,8,Treasurer,3,1.0,4.2,1.0,1.71
2026-07-10,Gatton,R4 1400m Hcap,4,259838568,71651616,9,Il Cubo,2,0.0,16.72,0.0,4.82
2026-07-10,Gatton,R4 1400m Hcap,4,259838568,82895706,7,Best Coffee,1,0.0,4.4,0.0,1.67
2026-07-10,Gatton,R4 1400m Hcap,4,259838568,83118786,3,Zheng You,4,0.0,8.44,1.0,2.7
2026-07-10,Gatton,R4 1400m Hcap,4,259838568,100454173,4,Halfachance,5,0.0,6.64,1.0,2.45
2026-07-10,Gatton,R5 1400m Mdn,5,259838572,2799683,9,Loch Awe,3,0.0,6.08,0.0,1.7
2026-07-10,Gatton,,5,259838572,4139792,4,Scoundrel,1,,,,
2026-07-10,Gatton,R5 1400m Mdn,5,259838572,58600672,2,Drialle,4,0.0,7.2,1.0,2.26
2026-07-10,Gatton,R5 1400m Mdn,5,259838572,63609234,1,Nails And Pride,2,1.0,6.57,1.0,2.08
2026-07-10,Gatton,R5 1400m Mdn,5,259838572,91806903,5,Buckenara,5,0.0,7.28,1.0,2.18
2026-07-10,Gatton,R6 1100m Hcap,6,259838576,35453415,3,Xerri,5,0.0,8.31,0.0,2.52
2026-07-10,Gatton,R6 1100m Hcap,6,259838576,44967224,7,Jemeldi,2,0.0,4.37,1.0,1.67
2026-07-10,Gatton,R6 1100m Hcap,6,259838576,51809245,8,Surreal Ascot,4,1.0,18.85,1.0,4.5
2026-07-10,Gatton,R6 1100m Hcap,6,259838576,83903448,1,The Louvre,1,0.0,8.65,0.0,2.76
2026-07-10,Gatton,R6 1100m Hcap,6,259838576,100454175,4,Apollo Ten,3,0.0,3.55,1.0,1.52
2026-07-10,Gatton,R7 1100m Hcap,7,259838580,42413228,10,Missys Ready,4,0.0,9.24,0.0,2.74
2026-07-10,Gatton,R7 1100m Hcap,7,259838580,47591114,4,Mighty Judd,5,0.0,44.0,0.0,8.8
2026-07-10,Gatton,R7 1100m Hcap,7,259838580,74615674,7,Flitgrove,1,1.0,3.2,1.0,1.47
2026-07-10,Gatton,R7 1100m Hcap,7,259838580,80678434,6,Rare Moon,3,0.0,28.89,0.0,6.94
2026-07-10,Gatton,R7 1100m Hcap,7,259838580,95621531,2,Thunderous,2,0.0,11.32,1.0,2.71
2026-07-10,Gatton,R8 1100m Hcap,8,259838584,19456016,2,Siglo De Oro,3,1.0,3.7,1.0,2.04
2026-07-10,Gatton,R8 1100m Hcap,8,259838584,67222651,4,Bold As Brass,1,0.0,7.0,0.0,2.4
2026-07-10,Gatton,R8 1100m Hcap,8,259838584,67222651,4,Bold As Brass,2,0.0,7.0,0.0,2.4
2026-07-10,Gatton,R8 1100m Hcap,8,259838584,72167411,10,Rocky Blonde,4,0.0,18.5,0.0,5.0
2026-07-10,Gatton,R8 1100m Hcap,8,259838584,87206336,6,Zarippa,5,0.0,5.0,1.0,2.22
2026-07-10,Gatton,R9 1400m Hcap,9,259838588,50560557,4,Takunai,1,0.0,14.52,0.0,4.0
2026-07-10,Gatton,R9 1400m Hcap,9,259838588,63436364,10,Ezeiza,4,1.0,8.37,1.0,3.4
2026-07-10,Gatton,R9 1400m Hcap,9,259838588,87767328,2,Jacks And Soda,2,0.0,3.55,0.0,1.7
2026-07-10,Gatton,R9 1400m Hcap,9,259838588,89967003,12,Shes Brutal,3,0.0,8.15,1.0,3.0
2026-07-10,Gatton,R9 1400m Hcap,9,259838588,98708766,9,Do What I Say,5,0.0,17.5,0.0,4.8
2026-07-10,Geelong,R1 1443m 3yo,1,259843741,100454559,3,Gasoline Rainbow,3,0.0,9.1,0.0,2.32
2026-07-10,Geelong,R1 1443m 3yo,1,259843741,100454560,4,Ice Quake,1,1.0,6.77,1.0,1.91
2026-07-10,Geelong,R1 1443m 3yo,1,259843741,100454561,5,Lyrebird Lady,5,0.0,32.0,0.0,6.4
2026-07-10,Geelong,R1 1443m 3yo,1,259843741,100454564,8,Only Opera,2,0.0,13.85,1.0,3.08
2026-07-10,Geelong,R1 1443m 3yo,1,259843741,100454565,9,Talavera,4,0.0,11.53,0.0,3.59
2026-07-10,Geelong,R2 1443m Mdn,2,259843749,80091750,4,Fiorowngood,5,0.0,48.0,1.0,8.87
2026-07-10,Geelong,R2 1443m Mdn,2,259843749,98925343,8,Atella Miss,2,0.0,5.3,0.0,1.91
2026-07-10,Geelong,R2 1443m Mdn,2,259843749,100454567,2,Bjorson,3,0.0,6.47,0.0,2.21
2026-07-10,Geelong,R2 1443m Mdn,2,259843749,100454570,9,Razanne,1,1.0,3.3,1.0,1.49
2026-07-10,Geelong,R2 1443m Mdn,2,259843749,100454571,11,Zaac,4,0.0,15.44,0.0,4.2
2026-07-10,Geelong,R3 1243m Mdn,3,259843757,397559,2,Crypt,2,1.0,5.3,1.0,1.83
2026-07-10,Geelong,R3 1243m Mdn,3,259843757,994396,6,Kandinsky,1,0.0,2.3,0.0,1.23
2026-07-10,Geelong,R3 1243m Mdn,3,259843757,97211433,4,Ilustrious Warrior,5,0.0,27.0,0.0,4.99
2026-07-10,Geelong,R3 1243m Mdn,3,259843757,99951936,7,French Accord,4,0.0,14.29,1.0,3.39
2026-07-10,Geelong,R3 1243m Mdn,3,259843757,100454578,8,His Lady Bay,3,0.0,23.0,0.0,4.4
2026-07-10,Geelong,R4 1243m 3yo,4,259843765,1224413,6,Dynamite Dancer,4,0.0,4.2,0.0,1.68
2026-07-10,Geelong,R4 1243m 3yo,4,259843765,4176060,5,Yuki,3,0.0,4.1,1.0,1.81
2026-07-10,Geelong,R4 1243m 3yo,4,259843765,45430776,4,Poker,2,0.0,7.6,0.0,2.42
2026-07-10,Geelong,R4 1243m 3yo,4,259843765,87806358,10,Nightime Star,1,1.0,20.91,1.0,4.1
2026-07-10,Geelong,R4 1243m 3yo,4,259843765,100454586,2,Sea Trader,5,0.0,10.77,0.0,3.05
2026-07-10,Geelong,R5 2465m Hcap,5,259843773,54738737,2,Matthew Mark,5,0.0,12.04,0.0,3.47
2026-07-10,Geelong,R5 2465m Hcap,5,259843773,69675118,7,What A Cross,1,0.0,9.32,0.0,3.08
2026-07-10,Geelong,R5 2465m Hcap,5,259843773,88111651,3,Thurmond,2,0.0,11.0,0.0,3.93
2026-07-10,Geelong,R5 2465m Hcap,5,259843773,91061145,1,Furtherest Point,3,0.0,4.88,0.0,2.18
2026-07-10,Geelong,R5 2465m Hcap,5,259843773,100454592,8,Motiver,4,0.0,8.2,1.0,2.65
2026-07-10,Geelong,R6 1760m Hcap,6,259843781,3253286,2,Contours,1,0.0,9.47,1.0,3.35
2026-07-10,Geelong,R6 1760m Hcap,6,259843781,35981381,11,Makalu,3,0.0,29.98,0.0,7.9
2026-07-10,Geelong,R6 1760m Hcap,6,259843781,45541775,3,Jackand,4,0.0,4.3,1.0,1.71
2026-07-10,Geelong,R6 1760m Hcap,6,259843781,85587205,4,No Greater Vue,2,0.0,6.77,0.0,2.34
2026-07-10,Geelong,R6 1760m Hcap,6,259843781,88464826,9,Catalona,5,0.0,16.0,0.0,4.72
2026-07-10,Geelong,R7 1760m Hcap,7,259843789,10215074,9,Cool Star,4,0.0,9.72,0.0,3.05
2026-07-10,Geelong,R7 1760m Hcap,7,259843789,67324684,2,Albanian I Am,1,0.0,3.2,1.0,1.54
2026-07-10,Geelong,R7 1760m Hcap,7,259843789,86142923,4,Tee Eight,3,0.0,15.1,0.0,3.48
2026-07-10,Geelong,R7 1760m Hcap,7,259843789,87379623,8,Miss Trustful,2,1.0,13.82,1.0,3.6
2026-07-10,Geelong,R7 1760m Hcap,7,259843789,100454598,10,Mozzoni,5,0.0,16.63,1.0,3.82
2026-07-10,Geelong,R8 1243m Hcap,8,259843797,40198856,6,Always Hapi,4,0.0,20.21,0.0,3.55
2026-07-10,Geelong,R8 1243m Hcap,8,259843797,50353562,5,Talkin Italian,3,1.0,14.0,1.0,2.76
2026-07-10,Geelong,R8 1243m Hcap,8,259843797,76246325,3,Kagemusha,5,0.0,11.8,0.0,2.95
2026-07-10,Geelong,R8 1243m Hcap,8,259843797,100454600,2,Prestar,1,0.0,1.8,0.0,1.24
2026-07-10,Geelong,R8 1243m Hcap,8,259843797,100454601,7,Golden Magnate,2,0.0,4.93,1.0,1.69
2026-07-10,Geelong,R9 1443m Hcap,9,259843805,906728,5,Steadfast,3,0.0,14.34,0.0,4.01
2026-07-10,Geelong,R9 1443m Hcap,9,259843805,74227064,9,Sephia,2,0.0,5.82,1.0,1.96
2026-07-10,Geelong,R9 1443m Hcap,9,259843805,90847936,11,Angelos,4,0.0,17.5,0.0,4.05
2026-07-10,Geelong,R9 1443m Hcap,9,259843805,97184732,4,Finchaven,5,0.0,6.6,0.0,2.3
2026-07-10,Geelong,R9 1443m Hcap,9,259843805,100454608,2,Miss Castelvecchio,1,1.0,2.87,1.0,1.57
2026-07-10,Moruya,R1 1020m Mdn,1,259844005,21944529,1,Aquilino,2,0.0,16.19,0.0,2.5
2026-07-10,Moruya,R1 1020m Mdn,1,259844005,83676720,2,Cable King,3,0.0,121.68,0.0,8.35
2026-07-10,Moruya,R1 1020m Mdn,1,259844005,100454661,4,Remys Bro,1,0.0,2.14,1.0,1.22
2026-07-10,Moruya,R1 1020m Mdn,1,259844005,100454663,9,This Aint Texas,5,0.0,13.26,1.0,2.94
2026-07-10,Moruya,R1 1020m Mdn,1,259844005,100454664,11,Carricaz,4,1.0,8.6,1.0,2.1
2026-07-10,Moruya,R2 1210m CL1,2,259844008,78781015,6,Winnie Fortune,3,0.0,6.86,0.0,1.94
2026-07-10,Moruya,R2 1210m CL1,2,259844008,88150076,8,One More Bout,5,0.0,9.89,0.0,3.15
2026-07-10,Moruya,R2 1210m CL1,2,259844008,100262343,1,Dee Dee Express,4,1.0,3.45,1.0,1.74
2026-07-10,Moruya,R2 1210m CL1,2,259844008,100454678,2,Foreign Encounter,1,0.0,6.4,1.0,1.99
2026-07-10,Moruya,R2 1210m CL1,2,259844008,100454681,5,Shuttering,2,0.0,9.43,1.0,2.38
2026-07-10,Moruya,R3 1210m Mdn,3,259844011,2997544,2,Beyond Reach,4,0.0,31.9,0.0,6.03
2026-07-10,Moruya,R3 1210m Mdn,3,259844011,100454689,5,Zougotme,1,1.0,2.82,1.0,1.29
2026-07-10,Moruya,R3 1210m Mdn,3,259844011,100454690,6,Mandy Canrun,3,0.0,35.66,1.0,5.71
2026-07-10,Moruya,,3,259844011,100454691,7,Yes Thankyou,5,,,,
2026-07-10,Moruya,R3 1210m Mdn,3,259844011,100454693,9,Denises Gal,2,0.0,3.25,0.0,1.51
2026-07-10,Moruya,R4 930m Hcap,4,259844014,66757888,2,Abstruse,2,0.0,6.93,0.0,1.78
2026-07-10,Moruya,R4 930m Hcap,4,259844014,66757888,2,Abstruse,3,0.0,6.93,0.0,1.78
2026-07-10,Moruya,R4 930m Hcap,4,259844014,77081784,9,Santolini,5,0.0,45.89,0.0,7.0
2026-07-10,Moruya,R4 930m Hcap,4,259844014,78289872,6,Merchant Reign,4,0.0,10.5,0.0,3.0
2026-07-10,Moruya,R4 930m Hcap,4,259844014,89392341,8,Nabha,1,1.0,3.03,1.0,1.41
2026-07-10,Moruya,R5 1435m Mdn,5,259844017,68157194,5,Monte Braveheart,1,0.0,5.1,1.0,2.92
2026-07-10,Moruya,R5 1435m Mdn,5,259844017,98995865,6,Pacific Mick,2,0.0,6.4,0.0,2.04
2026-07-10,Moruya,R5 1435m Mdn,5,259844017,99025678,4,Master Johnny,3,0.0,4.67,1.0,2.25
2026-07-10,Moruya,R5 1435m Mdn,5,259844017,99493148,1,Glenns Legacy,4,1.0,7.72,1.0,2.51
2026-07-10,Moruya,R5 1435m Mdn,5,259844017,100454721,15,Iconic Promise,5,0.0,590.0,0.0,47.62
2026-07-10,Moruya,R6 1020m Hcap,6,259844020,730487,4,Big Opinion,3,0.0,8.6,0.0,4.11
2026-07-10,Moruya,R6 1020m Hcap,6,259844020,2136302,1,Denial,1,0.0,13.0,0.0,2.74
2026-07-10,Moruya,R6 1020m Hcap,6,259844020,7068017,8,Sunrise Ridge,4,1.0,2.9,1.0,1.48
2026-07-10,Moruya,R6 1020m Hcap,6,259844020,94950137,3,Winning Emotions,2,0.0,9.23,1.0,2.79
2026-07-10,Moruya,R6 1020m Hcap,6,259844020,100454723,2,Sparklenglitter,5,0.0,8.8,0.0,3.15
2026-07-10,Moruya,R7 1660m Hcap,7,259844023,40950143,6,Jalmari,1,0.0,14.0,0.0,4.29
2026-07-10,Moruya,R7 1660m Hcap,7,259844023,42997834,3,Ferrari Man,3,0.0,26.41,0.0,8.35
2026-07-10,Moruya,R7 1660m Hcap,7,259844023,92207371,2,Alamagan,2,0.0,5.44,1.0,2.03
2026-07-10,Moruya,R7 1660m Hcap,7,259844023,100454725,5,The Arrow,4,0.0,92.48,1.0,22.0
2026-07-10,Moruya,R7 1660m Hcap,7,259844023,100454729,11,Beauer,5,0.0,19.8,0.0,6.2
2026-07-10,Moruya,R8 1435m Hcap,8,259844026,4299288,1,Miss Jennifer,4,0.0,32.0,0.0,7.4
2026-07-10,Moruya,R8 1435m Hcap,8,259844026,45942975,2,San Marino,3,0.0,54.08,0.0,12.74
2026-07-10,Moruya,R8 1435m Hcap,8,259844026,91873155,9,Butterfly Style,5,0.0,7.47,0.0,3.83
2026-07-10,Moruya,R8 1435m Hcap,8,259844026,100454733,4,Fiftyfivechevy,1,0.0,4.06,1.0,1.87
2026-07-10,Moruya,R8 1435m Hcap,8,259844026,100454735,12,Miss Hvar,2,0.0,24.2,1.0,5.47
2026-07-10,Scone,R1 1600m Mdn,1,259844110,3420188,10,Royal Princess,2,0.0,3.59,1.0,1.47
2026-07-10,Scone,R1 1600m Mdn,1,259844110,91806567,9,Joika,1,1.0,3.05,1.0,1.45
2026-07-10,Scone,R1 1600m Mdn,1,259844110,99769729,2,Caribbean Thunder,5,0.0,22.18,0.0,4.35
2026-07-10,Scone,R1 1600m Mdn,1,259844110,100454054,3,Fined For Speeding,3,0.0,6.79,0.0,1.71
2026-07-10,Scone,R1 1600m Mdn,1,259844110,100454055,5,King Of Many,4,0.0,14.17,0.0,2.86
2026-07-10,Scone,R2 1200m Mdn,2,259844113,4751305,2,Heathcliff,2,0.0,4.39,1.0,1.66
2026-07-10,Scone,R2 1200m Mdn,2,259844113,46315373,12,Poiema,3,0.0,50.02,0.0,6.11
2026-07-10,Scone,R2 1200m Mdn,2,259844113,46315373,12,Poiema,5,0.0,50.02,0.0,6.11
2026-07-10,Scone,R2 1200m Mdn,2,259844113,100454057,3,Home Missile,1,1.0,3.0,1.0,1.2
2026-07-10,Scone,R2 1200m Mdn,2,259844113,100454060,7,Moncel,4,0.0,46.0,0.0,7.45
2026-07-10,Scone,R3 900m CL1,3,259844116,45711611,7,Hanuman,3,0.0,18.22,1.0,3.6
2026-07-10,Scone,R3 900m CL1,3,259844116,72878665,1,Close To Midnight,1,0.0,6.04,0.0,2.21
2026-07-10,Scone,R3 900m CL1,3,259844116,89347815,8,Nevermista,5,1.0,7.6,1.0,2.2
2026-07-10,Scone,R3 900m CL1,3,259844116,99982832,5,Beyond The Sky,2,0.0,4.1,0.0,2.1
2026-07-10,Scone,R3 900m CL1,3,259844116,100454065,6,Angies Sister,4,0.0,10.5,0.0,2.67
2026-07-10,Scone,R4 1000m Mdn,4,259844119,5189336,13,Flaunter,1,0.0,7.5,1.0,1.8
2026-07-10,Scone,R4 1000m Mdn,4,259844119,93871161,3,Mr Cacciatore,3,0.0,14.0,0.0,2.28
2026-07-10,Scone,R4 1000m Mdn,4,259844119,100454066,5,Thirty Degrees,5,0.0,130.0,0.0,7.32
2026-07-10,Scone,R4 1000m Mdn,4,259844119,100454067,6,Yes To Infinity,2,1.0,1.86,1.0,1.23
2026-07-10,Scone,R4 1000m Mdn,4,259844119,100454069,9,Greyt Remlap,4,0.0,4.87,1.0,1.56
2026-07-10,Scone,R5 1700m Hcap,5,259844122,44389109,8,Yorikiri,4,0.0,45.74,0.0,7.64
2026-07-10,Scone,R5 1700m Hcap,5,259844122,100454078,1,Ocean Tsunami,2,0.0,3.15,0.0,1.35
2026-07-10,Scone,R5 1700m Hcap,5,259844122,100454079,3,The Cristal,3,0.0,24.0,1.0,4.2
2026-07-10,Scone,R5 1700m Hcap,5,259844122,100454079,3,The Cristal,5,0.0,24.0,1.0,4.2
2026-07-10,Scone,R5 1700m Hcap,5,259844122,100454080,4,Maples,1,1.0,2.56,1.0,1.54
2026-07-10,Scone,R6 1100m CL3,6,259844125,602019,2,Occult,5,1.0,3.07,1.0,1.81
2026-07-10,Scone,R6 1100m CL3,6,259844125,63893338,7,Wasted Days,1,0.0,17.0,0.0,4.18
2026-07-10,Scone,R6 1100m CL3,6,259844125,82376422,11,Wandjad,2,0.0,13.82,0.0,4.15
2026-07-10,Scone,R6 1100m CL3,6,259844125,85505624,8,Capsity,3,0.0,31.75,0.0,6.6
2026-07-10,Scone,R6 1100m CL3,6,259844125,100454085,9,Coella,4,0.0,16.5,0.0,4.57
2026-07-10,Scone,R7 1400m Hcap,7,259844128,6621952,4,Inception,3,0.0,17.5,0.0,3.8
2026-07-10,Scone,R7 1400m Hcap,7,259844128,90251687,3,Arapawa,5,1.0,4.19,1.0,1.65
2026-07-10,Scone,R7 1400m Hcap,7,259844128,97693784,11,Proclivity,4,0.0,24.09,0.0,5.8
2026-07-10,Scone,R7 1400m Hcap,7,259844128,100454088,8,Splash Of Steel,2,0.0,5.6,1.0,1.96
2026-07-10,Scone,R7 1400m Hcap,7,259844128,100454089,9,Tacitly,1,0.0,3.45,1.0,1.88
2026-07-10,Scone,R8 1300m CL1,8,259844131,6465305,1,Gravel Road,5,0.0,18.28,1.0,3.23
2026-07-10,Scone,R8 1300m CL1,8,259844131,99274435,4,Rockthevelio,3,0.0,4.59,1.0,1.58
2026-07-10,Scone,R8 1300m CL1,8,259844131,100454093,8,Avista,1,1.0,1.87,1.0,1.26
2026-07-10,Scone,R8 1300m CL1,8,259844131,100454094,10,Jenni La Rock,2,0.0,33.99,0.0,5.01
2026-07-10,Scone,R8 1300m CL1,8,259844131,100454097,14,Hailstones,4,0.0,11.51,0.0,2.38
2026-07-11,Belmont,R1 1000m 2yo,1,259846138,9078312,1,Morning Thunder,3,0.0,3.15,1.0,1.55
2026-07-11,Belmont,R1 1000m 2yo,1,259846138,99984490,10,Spinarella,4,0.0,46.0,1.0,8.8
2026-07-11,Belmont,R1 1000m 2yo,1,259846138,100455543,2,Farnova,2,0.0,9.2,0.0,2.67
2026-07-11,Belmont,R1 1000m 2yo,1,259846138,100455547,7,Rockin Serenity,1,0.0,3.45,0.0,1.7
2026-07-11,Belmont,R1 1000m 2yo,1,259846138,100455548,8,Heavenly Paradise,5,0.0,15.51,0.0,3.85
2026-07-11,Belmont,R2 1400m Hcap,2,259846147,10786995,6,Flinders Lane,4,0.0,55.0,0.0,9.7
2026-07-11,Belmont,R2 1400m Hcap,2,259846147,42155280,1,Ginger Green,2,0.0,25.1,1.0,5.12
2026-07-11,Belmont,R2 1400m Hcap,2,259846147,51616629,2,Ruler Rocket,1,0.0,10.5,0.0,3.35
2026-07-11,Belmont,R2 1400m Hcap,2,259846147,52594595,7,Mia Gusto,3,0.0,13.0,0.0,4.08
2026-07-11,Belmont,R2 1400m Hcap,2,259846147,86555395,8,Talkaway,5,0.0,5.7,0.0,2.13
2026-07-11,Belmont,R3 1200m 3yo,3,259846156,83050654,1,Deltason,4,0.0,12.35,0.0,3.06
2026-07-11,Belmont,R3 1200m 3yo,3,259846156,84374345,2,Mardusa,1,0.0,24.0,0.0,5.2
2026-07-11,Belmont,R3 1200m 3yo,3,259846156,88290405,4,Jimmy Angel,5,0.0,29.97,0.0,3.27
2026-07-11,Belmont,R3 1200m 3yo,3,259846156,100455555,7,Elite Beau,3,0.0,24.0,0.0,4.4
2026-07-11,Belmont,R3 1200m 3yo,3,259846156,100455556,10,Deep Lyric,2,0.0,3.59,1.0,1.73
2026-07-11,Belmont,R4 1000m Hcap,4,259846165,1215166,4,Allentown,3,0.0,14.16,0.0,3.55
2026-07-11,Belmont,R4 1000m Hcap,4,259846165,4398662,6,Overdrive,4,0.0,34.46,0.0,10.44
2026-07-11,Belmont,R4 1000m Hcap,4,259846165,81848531,3,Last Stylebender,2,0.0,7.2,1.0,2.46
2026-07-11,Belmont,R4 1000m Hcap,4,259846165,100455558,7,Brazen Butcher,1,0.0,2.57,0.0,1.53
2026-07-11,Belmont,R4 1000m Hcap,4,259846165,100455561,13,Excess Baggage,5,0.0,17.0,1.0,4.7
2026-07-11,Belmont,R5 2200m Hcap,5,259846174,932697,2,First Encounter,1,0.0,7.38,0.0,2.77
2026-07-11,Belmont,R5 2200m Hcap,5,259846174,48702114,3,Citino,2,1.0,6.93,1.0,2.64
2026-07-11,Belmont,R5 2200m Hcap,5,259846174,58817089,4,Prophet And Power,4,0.0,17.58,0.0,5.0
2026-07-11,Belmont,R5 2200m Hcap,5,259846174,100455562,6,Kimberley Rose,5,0.0,30.0,0.0,8.87
2026-07-11,Belmont,R5 2200m Hcap,5,259846174,100455563,10,Duchees Demerit,3,0.0,8.57,0.0,2.93
2026-07-11,Belmont,R6 1200m Hcap,6,259846183,46259845,2,King Adviso,4,0.0,6.94,0.0,2.46
2026-07-11,Belmont,R6 1200m Hcap,6,259846183,66757927,3,Atlantic Spirit,5,0.0,28.0,1.0,7.2
2026-07-11,Belmont,R6 1200m Hcap,6,259846183,84942493,8,Magical Sequence,1,1.0,4.41,1.0,1.78
2026-07-11,Belmont,R6 1200m Hcap,6,259846183,85982321,9,Zourun Run,2,0.0,3.56,1.0,1.5
2026-07-11,Belmont,R6 1200m Hcap,6,259846183,98710579,5,Shmoov Moova,3,0.0,11.56,0.0,3.08
2026-07-11,Belmont,R7 1000m Hcap,7,259846192,413095,5,Repossession,3,0.0,5.3,1.0,2.12
2026-07-11,Belmont,R7 1000m Hcap,7,259846192,62356818,1,Oscars Fortune,2,0.0,9.6,0.0,3.0
2026-07-11,Belmont,R7 1000m Hcap,7,259846192,71342757,11,Jaz Session,4,0.0,17.0,0.0,4.92
2026-07-11,Belmont,R7 1000m Hcap,7,259846192,75394520,13,Madhi Girl,1,0.0,5.84,0.0,2.22
2026-07-11,Belmont,R7 1000m Hcap,7,259846192,100455570,12,Luana Miss,5,0.0,13.5,0.0,4.1
2026-07-11,Belmont,R8 1400m Hcap,8,259846201,7543993,6,Moonwalk,2,0.0,10.49,1.0,3.05
2026-07-11,Belmont,R8 1400m Hcap,8,259846201,92676888,7,Rock The Market,3,0.0,6.2,1.0,2.38
2026-07-11,Belmont,R8 1400m Hcap,8,259846201,100455577,5,Triple The Chant,5,0.0,14.0,0.0,4.3
2026-07-11,Belmont,R8 1400m Hcap,8,259846201,100455578,9,Diamondsnrubies,4,1.0,8.4,1.0,2.8
2026-07-11,Belmont,R8 1400m Hcap,8,259846201,100455579,10,Reminiscence,1,0.0,2.87,0.0,1.55
2026-07-11,Broome,R1 1435m Mdn,1,259848925,1362318,4,Lady Mayflower,4,0.0,8.4,0.0,2.08
2026-07-11,Broome,R1 1435m Mdn,1,259848925,47413460,3,Glyda,5,0.0,32.76,0.0,6.15
2026-07-11,Broome,R1 1435m Mdn,1,259848925,83050662,8,Angel Like You,3,0.0,18.54,1.0,3.81
2026-07-11,Broome,R1 1435m Mdn,1,259848925,90286883,10,Bondi Queen,1,1.0,2.02,1.0,1.21
2026-07-11,Broome,R1 1435m Mdn,1,259848925,92391490,1,Viva Marconi,2,0.0,7.23,1.0,1.93
2026-07-11,Broome,R2 1100m CL2,2,259848929,66826583,5,Sanctions,4,0.0,80.0,0.0,7.05
2026-07-11,Broome,R2 1100m CL2,2,259848929,78212903,4,Whats The Point,1,1.0,10.0,1.0,2.5
2026-07-11,Broome,R2 1100m CL2,2,259848929,89968150,7,Ole Grande,5,0.0,40.0,0.0,4.65
2026-07-11,Broome,R2 1100m CL2,2,259848929,93757877,3,Dust Aside,2,0.0,2.09,1.0,1.14
2026-07-11,Broome,R2 1100m CL2,2,259848929,99460384,6,Demetrious,3,0.0,42.0,0.0,4.86
2026-07-11,Broome,R3 1600m Hcap,3,259848933,8575003,3,Kings Call,4,0.0,4.33,0.0,1.36
2026-07-11,Broome,R3 1600m Hcap,3,259848933,10763863,7,Why Me,1,0.0,3.18,1.0,1.32
2026-07-11,Broome,R3 1600m Hcap,3,259848933,51983400,1,Letsdeal,2,0.0,3.49,1.0,1.43
2026-07-11,Broome,R3 1600m Hcap,3,259848933,65261219,6,Vevinsky,5,1.0,17.5,1.0,2.92
2026-07-11,Broome,,3,259848933,75964811,5,Housewife,3,,,,
2026-07-11,Broome,R4 1200m Hcap,4,259848937,42070102,2,Hell I Am,4,0.0,10.92,0.0,2.34
2026-07-11,Broome,R4 1200m Hcap,4,259848937,51918634,5,Mocha Dream,1,0.0,23.61,0.0,5.4
2026-07-11,Broome,R4 1200m Hcap,4,259848937,51983364,1,Cruise To Victory,3,0.0,4.22,1.0,1.6
2026-07-11,Broome,R4 1200m Hcap,4,259848937,62099294,4,Climb On Top,5,0.0,7.02,1.0,2.47
2026-07-11,Broome,R4 1200m Hcap,4,259848937,69643247,3,King Cartel,2,0.0,17.32,0.0,3.56
2026-07-11,Broome,R5 1435m Hcap,5,259848941,24975098,8,Wakan Tanka,5,0.0,270.0,0.0,34.0
2026-07-11,Broome,R5 1435m Hcap,5,259848941,38276718,1,Success Play,3,0.0,21.26,0.0,5.2
2026-07-11,Broome,R5 1435m Hcap,5,259848941,72356076,9,Ima Wild Girl,4,0.0,55.68,0.0,9.33
2026-07-11,Broome,R5 1435m Hcap,5,259848941,80569860,2,Rommels Goddess,2,0.0,2.7,0.0,1.44
2026-07-11,Broome,R5 1435m Hcap,5,259848941,84911532,4,Zorbrist,1,1.0,4.1,1.0,1.47
2026-07-11,Broome,R6 1780m Hcap,6,259848945,1003781,5,Civvy Street,4,0.0,22.73,0.0,6.03
2026-07-11,Broome,R6 1780m Hcap,6,259848945,42676969,3,Lucky Landing,3,0.0,6.0,0.0,2.22
2026-07-11,Broome,R6 1780m Hcap,6,259848945,47591282,7,Fortunes Luck,5,0.0,9.19,0.0,3.44
2026-07-11,Broome,R6 1780m Hcap,6,259848945,81157214,2,Pharoah Show,2,1.0,10.5,1.0,3.7
2026-07-11,Broome,R6 1780m Hcap,6,259848945,100455377,6,Leaving Las Vegas,1,0.0,4.94,0.0,2.14
2026-07-11,Broome,R7 1300m Hcap,7,259848949,4047405,2,Ocean Outlaw,4,0.0,9.03,0.0,2.96
2026-07-11,Broome,R7 1300m Hcap,7,259848949,46652740,12,Schuhbeck,5,0.0,9.02,0.0,2.88
2026-07-11,Broome,R7 1300m Hcap,7,259848949,61105085,4,Seeyouatthesession,1,0.0,30.0,0.0,6.47
2026-07-11,Broome,R7 1300m Hcap,7,259848949,85778987,8,Canggu,2,0.0,13.69,0.0,4.82
2026-07-11,Broome,R7 1300m Hcap,7,259848949,88073886,6,Solar System,3,0.0,11.5,0.0,3.55
2026-07-11,Caulfield,R4 1100m Hcap,4,259844057,5086670,10,Miss Lola,3,0.0,5.49,0.0,1.97
2026-07-11,Caulfield,R4 1100m Hcap,4,259844057,65860550,2,Signature Scent,1,1.0,6.93,1.0,2.3
2026-07-11,Caulfield,R4 1100m Hcap,4,259844057,83904237,4,Wintery,4,0.0,11.96,0.0,3.1
2026-07-11,Caulfield,R4 1100m Hcap,4,259844057,91806990,3,Jenni The Ninja,5,0.0,34.36,0.0,7.85
2026-07-11,Caulfield,R4 1100m Hcap,4,259844057,100454763,1,Cavalry Girl,2,0.0,7.16,1.0,2.77
2026-07-11,Caulfield,R5 2000m Hcap,5,259844066,5306603,9,Prince Eric,5,1.0,9.6,1.0,2.6
2026-07-11,Caulfield,R5 2000m Hcap,5,259844066,55781946,2,Sir Atlas,3,0.0,8.6,0.0,2.62
2026-07-11,Caulfield,R5 2000m Hcap,5,259844066,66032746,10,Belle Savoir,1,0.0,6.19,0.0,2.11
2026-07-11,Caulfield,R5 2000m Hcap,5,259844066,100454767,8,A Samurai Mind,4,0.0,29.11,0.0,6.0
2026-07-11,Caulfield,R5 2000m Hcap,5,259844066,100454768,12,Amleto,2,0.0,2.69,1.0,1.51
2026-07-11,Caulfield,R6 2000m Hcap,6,259844075,1288307,4,Harbour Town,5,0.0,15.92,0.0,3.4
2026-07-11,Caulfield,R6 2000m Hcap,6,259844075,3889908,3,Our Chief,3,0.0,7.2,1.0,1.97
2026-07-11,Caulfield,R6 2000m Hcap,6,259844075,76572721,2,Dirnaseer,1,0.0,13.05,1.0,3.05
2026-07-11,Caulfield,R6 2000m Hcap,6,259844075,95514261,1,Decalogue,2,0.0,2.66,0.0,1.35
2026-07-11,Caulfield,R6 2000m Hcap,6,259844075,100454770,7,Paddypie,4,0.0,8.2,0.0,2.62
2026-07-11,Caulfield,R7 1100m Grp3,7,259844084,46291560,1,Recommendation,3,0.0,6.2,0.0,2.1
2026-07-11,Caulfield,R7 1100m Grp3,7,259844084,50141079,3,Klabel,4,0.0,27.6,0.0,6.93
2026-07-11,Caulfield,R7 1100m Grp3,7,259844084,74814521,9,Bellatrix Star,1,0.0,13.71,1.0,5.02
2026-07-11,Caulfield,R7 1100m Grp3,7,259844084,82344622,6,Watchme Win,2,0.0,5.7,0.0,2.11
2026-07-11,Caulfield,R7 1100m Grp3,7,259844084,100454774,10,Miraval Rose,5,0.0,13.84,0.0,5.0
2026-07-11,Caulfield,R8 1400m Hcap,8,259844093,1434305,10,Ten Commandments,2,0.0,2.5,1.0,1.38
2026-07-11,Caulfield,R8 1400m Hcap,8,259844093,68383247,9,Roadcone,4,0.0,15.4,0.0,3.24
2026-07-11,Caulfield,R8 1400m Hcap,8,259844093,68383247,9,Roadcone,5,0.0,15.4,0.0,3.24
2026-07-11,Caulfield,R8 1400m Hcap,8,259844093,69642504,8,St Lawrence,3,0.0,24.0,0.0,4.1
2026-07-11,Caulfield,R8 1400m Hcap,8,259844093,82311082,6,Big Swinger,1,0.0,6.51,0.0,2.12
2026-07-11,Caulfield,R9 1700m Hcap,9,259844102,67531626,4,Makdane,1,0.0,4.19,1.0,1.72
2026-07-11,Caulfield,R9 1700m Hcap,9,259844102,84982329,9,First Chorus,3,1.0,2.95,1.0,1.47
2026-07-11,Caulfield,R9 1700m Hcap,9,259844102,100454778,12,Mometz,4,0.0,8.33,0.0,2.47
2026-07-11,Cowra,R2 950m Mdn,2,259866053,4678257,1,Azucar,3,0.0,14.0,1.0,2.1
2026-07-11,Cowra,R2 950m Mdn,2,259866053,5650043,4,Kingdom Heart,2,0.0,3.28,0.0,1.29
2026-07-11,Cowra,R2 950m Mdn,2,259866053,100486493,5,Lady Giovanna,1,1.0,2.51,1.0,1.18
2026-07-11,Cowra,R2 950m Mdn,2,259866053,100486494,6,Final Coast,5,0.0,26.9,0.0,4.8
2026-07-11,Cowra,R2 950m Mdn,2,259866053,100486496,8,Eighteen Months,4,0.0,40.0,1.0,5.91
2026-07-11,Cowra,R3 950m CL1,3,259866056,13048681,5,Wellspring,1,0.0,9.8,0.0,3.0
2026-07-11,Cowra,R3 950m CL1,3,259866056,89060763,4,Russian Ember,3,0.0,6.3,0.0,1.9
2026-07-11,Cowra,R3 950m CL1,3,259866056,90568012,1,Kevin,2,1.0,2.04,1.0,1.43
2026-07-11,Cowra,R3 950m CL1,3,259866056,99493228,11,Notabadchassis,5,0.0,144.69,0.0,17.5
2026-07-11,Cowra,R3 950m CL1,3,259866056,100486501,3,Chappolicious,4,0.0,9.4,0.0,4.1
2026-07-11,Cowra,R4 1100m Hcap,4,259866059,10929504,5,Our Celebrity,5,0.0,18.08,0.0,3.39
2026-07-11,Cowra,R4 1100m Hcap,4,259866059,58176935,1,Champ De Mars,1,0.0,3.19,1.0,1.29
2026-07-11,Cowra,R4 1100m Hcap,4,259866059,69641486,7,Roman Miss,4,0.0,6.25,0.0,1.59
2026-07-11,Cowra,R4 1100m Hcap,4,259866059,72948975,8,The Git Up,3,0.0,11.5,0.0,2.32
2026-07-11,Cowra,,4,259866059,100486505,9,Kapolei,2,,,,
2026-07-11,Cowra,R5 1100m Hcap,5,259866062,45119977,4,Cassimir,5,0.0,30.0,0.0,4.9
2026-07-11,Cowra,R5 1100m Hcap,5,259866062,70205144,3,Pattera,2,0.0,4.11,0.0,1.64
2026-07-11,Cowra,R5 1100m Hcap,5,259866062,74538136,11,Calmundi,3,0.0,27.58,0.0,5.9
2026-07-11,Cowra,R5 1100m Hcap,5,259866062,74538136,11,Calmundi,4,0.0,27.58,0.0,5.9
2026-07-11,Cowra,R5 1100m Hcap,5,259866062,100486506,5,Cool Space,1,0.0,3.55,1.0,1.57
2026-07-11,Cowra,R6 1375m Hcap,6,259866065,41233667,10,Danish Hussar,2,0.0,14.0,0.0,4.25
2026-07-11,Cowra,R6 1375m Hcap,6,259866065,51312265,3,Jade Division,4,0.0,35.89,1.0,25.0
2026-07-11,Cowra,R6 1375m Hcap,6,259866065,51312265,3,Jade Division,5,0.0,35.89,1.0,25.0
2026-07-11,Cowra,R6 1375m Hcap,6,259866065,66580130,11,Himeros,3,0.0,9.05,0.0,2.7
2026-07-11,Cowra,R6 1375m Hcap,6,259866065,70205146,6,Giovanna Star,1,0.0,7.39,0.0,2.37
2026-07-11,Darwin,R1 1300m Hcap,1,259899463,46790383,3,Starzam,1,0.0,16.88,0.0,5.9
2026-07-11,Darwin,R1 1300m Hcap,1,259899463,48843844,7,Yaki Ishi,4,0.0,14.97,0.0,5.1
2026-07-11,Darwin,R1 1300m Hcap,1,259899463,70821823,1,Anson Bay,2,1.0,2.81,1.0,1.72
2026-07-11,Darwin,R1 1300m Hcap,1,259899463,79258258,4,Hotim English,5,0.0,9.94,0.0,3.85
2026-07-11,Darwin,R1 1300m Hcap,1,259899463,84470977,6,Your Not The Boss,3,0.0,5.15,0.0,2.84
2026-07-11,Darwin,R2 1200m Mdn,2,259899466,83984774,1,Dynasty Reward,4,1.0,5.1,1.0,1.99
2026-07-11,Darwin,R2 1200m Mdn,2,259899466,92161188,5,Opulent Oscar,5,0.0,9.0,0.0,2.66
2026-07-11,Darwin,R2 1200m Mdn,2,259899466,92822478,6,Pafitis,1,0.0,3.6,0.0,1.73
2026-07-11,Darwin,R2 1200m Mdn,2,259899466,94645474,11,Milk Foam,3,0.0,12.18,0.0,4.2
2026-07-11,Darwin,R2 1200m Mdn,2,259899466,97243022,4,Meet Me At The Bar,2,0.0,7.92,1.0,2.58
2026-07-11,Darwin,R3 1100m 3yo,3,259899469,5632128,5,Si Senora,5,0.0,13.97,1.0,2.8
2026-07-11,Darwin,R3 1100m 3yo,3,259899469,90251860,10,Forever A Diamond,4,0.0,55.0,0.0,7.4
2026-07-11,Darwin,R3 1100m 3yo,3,259899469,92744158,7,Our Squamosa,3,0.0,41.6,0.0,5.3
2026-07-11,Darwin,R3 1100m 3yo,3,259899469,100454508,4,Yule Point,1,1.0,2.62,1.0,1.25
2026-07-11,Darwin,R3 1100m 3yo,3,259899469,100454509,8,Flash Kermy,2,0.0,36.0,0.0,7.0
2026-07-11,Darwin,R4 1000m Hcap,4,259899472,64959062,2,Luna Field,2,1.0,2.86,1.0,1.56
2026-07-11,Darwin,R4 1000m Hcap,4,259899472,80973562,1,Black Coal,5,0.0,13.0,0.0,3.75
2026-07-11,Darwin,R4 1000m Hcap,4,259899472,85320234,3,Miss Boom,4,0.0,12.0,0.0,3.0
2026-07-11,Darwin,R4 1000m Hcap,4,259899472,100454511,4,Press Express,1,0.0,8.64,1.0,2.42
2026-07-11,Darwin,R4 1000m Hcap,4,259899472,100454512,8,Starspangledancer,3,0.0,5.7,0.0,2.46
2026-07-11,Darwin,R5 1600m Hcap,5,259899475,39800313,1,Beau Factor,1,0.0,11.5,0.0,2.84
2026-07-11,Darwin,R5 1600m Hcap,5,259899475,71145621,6,Hes Maverick,4,0.0,9.2,0.0,2.51
2026-07-11,Darwin,R5 1600m Hcap,5,259899475,80934552,2,Bollon,2,1.0,4.0,1.0,2.22
2026-07-11,Darwin,R5 1600m Hcap,5,259899475,100454513,9,Anphina,3,0.0,21.0,0.0,5.0
2026-07-11,Darwin,R5 1600m Hcap,5,259899475,100454514,10,Machine Man,5,0.0,61.8,0.0,13.34
2026-07-11,Darwin,R6 1600m Hcap,6,259899478,4843948,3,Komachi,5,0.0,23.0,0.0,5.32
2026-07-11,Darwin,R6 1600m Hcap,6,259899478,38765207,1,Casino Seventeen,1,0.0,9.67,1.0,3.03
2026-07-11,Darwin,R6 1600m Hcap,6,259899478,38849774,11,Dakota Lee,2,0.0,2.76,1.0,1.59
2026-07-11,Darwin,R6 1600m Hcap,6,259899478,59620373,7,Watadeel,4,0.0,19.82,0.0,5.14
2026-07-11,Darwin,R6 1600m Hcap,6,259899478,100454515,5,Vega Magnifico,3,0.0,60.0,0.0,11.0
2026-07-11,Donald,R3 2218m Mdn,3,259866769,83155586,7,Baudin,4,0.0,5.2,0.0,2.19
2026-07-11,Donald,R3 2218m Mdn,3,259866769,94688375,3,Hes On Song,2,0.0,5.73,0.0,1.99
2026-07-11,Donald,R3 2218m Mdn,3,259866769,98517188,6,The Victorious,5,0.0,11.57,1.0,2.9
2026-07-11,Donald,R3 2218m Mdn,3,259866769,99690501,5,Nottolook,1,1.0,3.42,1.0,2.0
2026-07-11,Donald,R3 2218m Mdn,3,259866769,100486854,1,Gaelic Kiwi,3,0.0,11.89,1.0,3.05
2026-07-11,Donald,R4 2218m Hcap,4,259866776,653804,1,Adjudicate,1,1.0,3.93,1.0,1.7
2026-07-11,Donald,R4 2218m Hcap,4,259866776,884674,10,Way Up High,4,0.0,19.33,0.0,4.42
2026-07-11,Donald,R4 2218m Hcap,4,259866776,45823314,3,Iffycould,3,0.0,11.0,0.0,3.21
2026-07-11,Donald,R4 2218m Hcap,4,259866776,46652789,4,Verifier,2,0.0,3.07,1.0,1.53
2026-07-11,Donald,R4 2218m Hcap,4,259866776,100486859,2,Starry Desert,5,0.0,27.0,0.0,5.1
2026-07-11,Donald,R5 1628m Hcap,5,259866783,1253272,5,Friday At Five,2,0.0,8.8,0.0,2.9
2026-07-11,Donald,R5 1628m Hcap,5,259866783,50880641,1,Dark Harmony,1,0.0,7.29,0.0,2.66
2026-07-11,Donald,R5 1628m Hcap,5,259866783,80130002,9,Ruscello,4,0.0,11.23,0.0,2.96
2026-07-11,Donald,R5 1628m Hcap,5,259866783,83409715,2,Dontcallmechamp,5,0.0,23.0,0.0,6.0
2026-07-11,Donald,R5 1628m Hcap,5,259866783,98995257,3,Tudaya,3,0.0,4.9,1.0,1.98
2026-07-11,Donald,R6 1006m Hcap,6,259866790,5161862,7,Redemption Time,1,0.0,7.49,0.0,2.54
2026-07-11,Donald,R6 1006m Hcap,6,259866790,15469667,1,Cool The Jets,3,1.0,3.87,1.0,1.79
2026-07-11,Donald,R6 1006m Hcap,6,259866790,38534415,2,Rockcliff,2,0.0,9.8,1.0,2.6
2026-07-11,Donald,R6 1006m Hcap,6,259866790,44508583,3,Raging Monkey,5,0.0,9.2,0.0,3.08
2026-07-11,Donald,R6 1006m Hcap,6,259866790,71723454,8,Cortain,4,0.0,16.46,0.0,4.4
2026-07-11,Donald,R7 1206m Hcap,7,259866797,54368874,2,Frederick,1,0.0,6.8,0.0,2.46
2026-07-11,Donald,R7 1206m Hcap,7,259866797,72354317,10,Artpark,2,0.0,13.59,0.0,3.61
2026-07-11,Donald,R7 1206m Hcap,7,259866797,83710454,7,Please Me Do,4,0.0,9.05,1.0,3.49
2026-07-11,Donald,R7 1206m Hcap,7,259866797,88150883,11,Miss Himalaya,5,0.0,8.42,1.0,2.87
2026-07-11,Donald,R7 1206m Hcap,7,259866797,91390777,1,Colt Forty Five,3,1.0,5.36,1.0,2.34
2026-07-11,Doomben,R4 1600m Hcap,4,259843066,51032646,3,Viminele,4,0.0,25.0,1.0,6.6
2026-07-11,Doomben,R4 1600m Hcap,4,259843066,58406989,8,Koruto,1,0.0,55.0,0.0,10.5
2026-07-11,Doomben,R4 1600m Hcap,4,259843066,69641994,4,Mississippi Prince,2,0.0,10.31,0.0,3.54
2026-07-11,Doomben,R4 1600m Hcap,4,259843066,77385587,14,Natoya,5,0.0,4.55,0.0,2.04
2026-07-11,Doomben,R4 1600m Hcap,4,259843066,84107542,10,Dianas Affair,3,0.0,6.4,0.0,2.58
2026-07-11,Doomben,R5 1110m CL3,5,259843079,1314310,1,Braveheart,4,0.0,6.4,1.0,1.68
2026-07-11,Doomben,R5 1110m CL3,5,259843079,71374418,4,Letsfacethemusic,1,1.0,2.27,1.0,1.22
2026-07-11,Doomben,R5 1110m CL3,5,259843079,75392958,3,Larado,3,0.0,5.1,1.0,1.82
2026-07-11,Doomben,R5 1110m CL3,5,259843079,81518913,7,Ramp It Up,2,0.0,26.24,0.0,4.07
2026-07-11,Doomben,R5 1110m CL3,5,259843079,100454532,8,Sydney Bowler,5,0.0,25.0,0.0,4.33
2026-07-11,Doomben,R6 1110m CL6,6,259843093,3232921,3,Pre Eminence,2,0.0,6.4,1.0,1.8
2026-07-11,Doomben,R6 1110m CL6,6,259843093,63123416,5,Bossed Up,1,0.0,2.3,1.0,1.19
2026-07-11,Doomben,R6 1110m CL6,6,259843093,73443664,2,Chinqui,3,0.0,9.8,0.0,2.7
2026-07-11,Doomben,R6 1110m CL6,6,259843093,73918121,11,Zoubaby,4,1.0,8.43,1.0,2.08
2026-07-11,Doomben,R6 1110m CL6,6,259843093,80603976,8,Galpin,5,0.0,38.14,0.0,4.8
2026-07-11,Doomben,R7 1350m Hcap,7,259843107,2973155,9,Headhunter,2,0.0,10.5,1.0,2.86
2026-07-11,Doomben,R7 1350m Hcap,7,259843107,72680304,4,Luton Hoo,4,0.0,33.96,0.0,5.7
2026-07-11,Doomben,R7 1350m Hcap,7,259843107,75435256,6,Prince Of Sorts,3,0.0,11.5,0.0,3.47
2026-07-11,Doomben,R7 1350m Hcap,7,259843107,91116402,1,Larrikin Rogue,1,0.0,4.42,1.0,1.97
2026-07-11,Doomben,R7 1350m Hcap,7,259843107,91390718,5,Hellova Nature,5,1.0,12.42,1.0,3.34
2026-07-11,Doomben,R8 1350m 3yo,8,259843120,2979960,1,Navy Pilot,1,1.0,6.2,1.0,2.27
2026-07-11,Doomben,R8 1350m 3yo,8,259843120,83834832,2,Call Da Vinci,2,0.0,6.6,0.0,2.44
2026-07-11,Doomben,R8 1350m 3yo,8,259843120,83834832,2,Call Da Vinci,3,0.0,6.6,0.0,2.44
2026-07-11,Doomben,R8 1350m 3yo,8,259843120,83834832,2,Call Da Vinci,4,0.0,6.6,0.0,2.44
2026-07-11,Doomben,R8 1350m 3yo,8,259843120,97211399,3,Smexy,5,0.0,9.6,1.0,3.52
2026-07-11,Doomben,R9 1200m Hcap,9,259843129,54139175,2,Hatchet,1,0.0,7.98,1.0,2.43
2026-07-11,Doomben,R9 1200m Hcap,9,259843129,63363864,9,Town Crier,4,0.0,3.39,0.0,1.53
2026-07-11,Doomben,R9 1200m Hcap,9,259843129,63402934,5,Restonica,2,1.0,6.4,1.0,2.28
2026-07-11,Doomben,R9 1200m Hcap,9,259843129,70138563,4,King Kapa,3,0.0,13.0,0.0,3.59
2026-07-11,Doomben,R9 1200m Hcap,9,259843129,92744446,6,Give Giggles,5,0.0,21.0,0.0,5.57
2026-07-11,Gold Coast,R1 1400m CL2,1,259866835,1497672,4,Gambino,4,1.0,4.85,1.0,1.5
2026-07-11,Gold Coast,R1 1400m CL2,1,259866835,100486768,3,Wrigley Field,3,0.0,3.05,1.0,1.48
2026-07-11,Gold Coast,R1 1400m CL2,1,259866835,100486768,3,Wrigley Field,5,0.0,3.05,1.0,1.48
2026-07-11,Gold Coast,R1 1400m CL2,1,259866835,100486769,5,Bollinger Miss,1,0.0,3.2,1.0,1.26
2026-07-11,Gold Coast,R1 1400m CL2,1,259866835,100486769,5,Bollinger Miss,2,0.0,3.2,1.0,1.26
2026-07-11,Gold Coast,R2 1200m Mdn,2,259866839,92995545,14,Secret Rose,2,0.0,3.8,0.0,1.5
2026-07-11,Gold Coast,R2 1200m Mdn,2,259866839,99770535,1,Torque So Hot,5,0.0,6.0,0.0,2.17
2026-07-11,Gold Coast,R2 1200m Mdn,2,259866839,100486773,4,Prophet Of Destiny,4,0.0,34.4,0.0,6.2
2026-07-11,Gold Coast,R2 1200m Mdn,2,259866839,100486778,10,Dancin In Moonlite,3,0.0,8.89,0.0,2.56
2026-07-11,Gold Coast,R2 1200m Mdn,2,259866839,100486781,13,Yattazou,1,0.0,2.94,1.0,1.51
2026-07-11,Gold Coast,R2 1200m Mdn,2,259866839,100486783,17,Akku,1,0.0,55.0,0.0,6.8
2026-07-11,Gold Coast,R2 1200m Mdn,2,259866839,100486783,17,Akku,2,0.0,55.0,0.0,6.8
2026-07-11,Gold Coast,R2 1200m Mdn,2,259866839,100486783,17,Akku,3,0.0,55.0,0.0,6.8
2026-07-11,Gold Coast,R3 1800m Hcap,3,259866843,63084224,4,Ocaldino,1,0.0,11.73,0.0,3.74
2026-07-11,Gold Coast,R3 1800m Hcap,3,259866843,63084224,4,Ocaldino,2,0.0,11.73,0.0,3.74
2026-07-11,Gold Coast,R3 1800m Hcap,3,259866843,63123421,5,Old Song,2,1.0,7.47,1.0,2.38
2026-07-11,Gold Coast,R3 1800m Hcap,3,259866843,63123421,5,Old Song,4,1.0,7.47,1.0,2.38
2026-07-11,Gold Coast,R3 1800m Hcap,3,259866843,78001460,7,Aima Sun,5,0.0,11.69,0.0,2.7
2026-07-11,Gold Coast,R3 1800m Hcap,3,259866843,78265384,1,Watermelon,1,0.0,6.0,0.0,2.12
2026-07-11,Gold Coast,R3 1800m Hcap,3,259866843,98960394,3,Vacillation,3,0.0,10.05,0.0,3.07
2026-07-11,Gold Coast,R4 1400m Hcap,4,259866847,11213717,2,Living Free,2,1.0,5.57,1.0,1.81
2026-07-11,Gold Coast,R4 1400m Hcap,4,259866847,54174094,1,Edited By,1,0.0,2.58,0.0,1.28
2026-07-11,Gold Coast,R4 1400m Hcap,4,259866847,68890893,5,Zambezi Khan,3,0.0,27.29,0.0,4.99
2026-07-11,Gold Coast,R4 1400m Hcap,4,259866847,68890893,5,Zambezi Khan,5,0.0,27.29,0.0,4.99
2026-07-11,Gold Coast,R4 1400m Hcap,4,259866847,74264489,6,Ikasara,4,0.0,5.81,1.0,2.15
2026-07-11,Gold Coast,R5 1000m Hcap,5,259866851,409683,2,Coincide,2,0.0,8.8,0.0,2.34
2026-07-11,Gold Coast,R5 1000m Hcap,5,259866851,74744840,1,Hes A Saint,4,0.0,75.0,0.0,12.11
2026-07-11,Gold Coast,R5 1000m Hcap,5,259866851,92207679,12,Thrash A Bully,5,1.0,3.35,1.0,1.48
2026-07-11,Gold Coast,R5 1000m Hcap,5,259866851,100486787,4,Sort Cha Mess,1,0.0,3.61,1.0,1.65
2026-07-11,Gold Coast,R5 1000m Hcap,5,259866851,100486788,8,Jeans,3,0.0,15.26,1.0,3.8
2026-07-11,Gold Coast,R6 1000m Hcap,6,259866855,50140296,7,I Am Voodoo,3,0.0,25.26,0.0,5.09
2026-07-11,Gold Coast,R6 1000m Hcap,6,259866855,58138156,1,Spirit Of Brodie,4,1.0,5.67,1.0,1.86
2026-07-11,Gold Coast,R6 1000m Hcap,6,259866855,62432138,2,Count Nicholas,2,0.0,6.2,1.0,1.88
2026-07-11,Gold Coast,R6 1000m Hcap,6,259866855,88927661,9,Exuberance,1,0.0,3.05,0.0,1.49
2026-07-11,Gold Coast,R6 1000m Hcap,6,259866855,100486790,10,Miss Force,5,0.0,9.4,1.0,2.93
2026-07-11,Gold Coast,R7 1000m Hcap,7,259866859,76337191,3,Mishani Extreme,5,0.0,9.0,1.0,3.04
2026-07-11,Gold Coast,R7 1000m Hcap,7,259866859,93496881,2,American Conquest,4,0.0,4.87,0.0,1.8
2026-07-11,Gold Coast,R7 1000m Hcap,7,259866859,97726092,1,Seams Logical,1,0.0,5.05,0.0,2.02
2026-07-11,Gold Coast,R7 1000m Hcap,7,259866859,100486791,4,Zousains Choice,2,0.0,8.0,0.0,2.8
2026-07-11,Gold Coast,R7 1000m Hcap,7,259866859,100486793,9,Swift Duke,3,0.0,10.8,0.0,3.71
2026-07-11,Gold Coast,R8 1200m CL4,8,259866863,4180650,3,Stanislaus,3,1.0,11.21,1.0,3.15
2026-07-11,Gold Coast,R8 1200m CL4,8,259866863,74039576,2,Rock Hard Love,2,0.0,3.7,0.0,1.68
2026-07-11,Gold Coast,R8 1200m CL4,8,259866863,76336169,4,Winchman,4,0.0,6.17,1.0,1.98
2026-07-11,Gold Coast,R8 1200m CL4,8,259866863,79738262,8,Araletta,1,0.0,9.8,0.0,2.8
2026-07-11,Morphettville,R4 1550m Hcap,4,259843861,2371935,8,Falaise,5,0.0,13.13,0.0,2.84
2026-07-11,Morphettville,R4 1550m Hcap,4,259843861,46889707,4,Miso,2,0.0,3.64,1.0,1.47
2026-07-11,Morphettville,R4 1550m Hcap,4,259843861,53914046,6,Nasho,4,0.0,44.0,0.0,9.2
2026-07-11,Morphettville,R4 1550m Hcap,4,259843861,100454264,1,Crimson Vine,3,0.0,46.03,0.0,7.8
2026-07-11,Morphettville,R4 1550m Hcap,4,259843861,100454265,2,Mystic Wonder,1,0.0,3.2,1.0,1.41
2026-07-11,Morphettville,R5 1550m Hcap,5,259843870,1481858,7,Royal Fox,1,0.0,20.0,0.0,4.2
2026-07-11,Morphettville,R5 1550m Hcap,5,259843870,26432961,6,Magnetic Edge,3,0.0,8.63,0.0,2.46
2026-07-11,Morphettville,R5 1550m Hcap,5,259843870,69902226,5,Serinite Illusion,5,0.0,15.79,0.0,3.01
2026-07-11,Morphettville,R5 1550m Hcap,5,259843870,100454267,4,Pierroplane,2,0.0,2.98,1.0,1.63
2026-07-11,Morphettville,R5 1550m Hcap,5,259843870,100454268,9,Tottori,4,0.0,5.42,0.0,1.87
2026-07-11,Morphettville,R6 1000m 3yo,6,259843879,544230,2,Boyd,3,0.0,11.38,0.0,3.05
2026-07-11,Morphettville,R6 1000m 3yo,6,259843879,98708982,5,Tobikko,1,0.0,2.15,1.0,1.25
2026-07-11,Morphettville,R6 1000m 3yo,6,259843879,99459363,6,Stylish Flipper,5,0.0,17.53,0.0,3.12
2026-07-11,Morphettville,R6 1000m 3yo,6,259843879,100262753,9,Paris Winds,4,0.0,12.5,0.0,3.05
2026-07-11,Morphettville,R6 1000m 3yo,6,259843879,100454271,1,Bardigrub,2,1.0,4.93,1.0,1.65
2026-07-11,Morphettville,R7 2294m Hcap,7,259843888,4036523,5,Reciprocal,2,0.0,8.2,1.0,3.15
2026-07-11,Morphettville,R7 2294m Hcap,7,259843888,46472297,4,Eaglelou,3,0.0,10.03,0.0,3.2
2026-07-11,Morphettville,R7 2294m Hcap,7,259843888,47016583,10,Deficit,4,0.0,21.28,0.0,5.4
2026-07-11,Morphettville,R7 2294m Hcap,7,259843888,100454275,9,Lafont,5,0.0,4.47,0.0,2.39
2026-07-11,Morphettville,R7 2294m Hcap,7,259843888,100454276,15,Rikki Rikkardo,1,0.0,6.2,0.0,2.45
2026-07-11,Morphettville,R8 1250m Hcap,8,259843897,90798540,1,Wild Winner,2,0.0,23.68,0.0,4.5
2026-07-11,Morphettville,R8 1250m Hcap,8,259843897,99982925,11,Skadoosh,1,0.0,4.47,0.0,1.96
2026-07-11,Morphettville,R8 1250m Hcap,8,259843897,99982934,9,So Polite,3,0.0,16.5,0.0,4.2
2026-07-11,Morphettville,R8 1250m Hcap,8,259843897,100454277,2,Tahnee Territory,4,0.0,8.04,1.0,2.63
2026-07-11,Morphettville,R8 1250m Hcap,8,259843897,100454278,3,Australia Forever,5,0.0,3.1,1.0,1.58
2026-07-11,Morphettville,R9 1250m Hcap,9,259843906,38607850,6,Cool Magnum,2,1.0,6.8,1.0,2.83
2026-07-11,Morphettville,R9 1250m Hcap,9,259843906,41161540,5,Major Rumble,4,0.0,9.61,0.0,2.57
2026-07-11,Morphettville,R9 1250m Hcap,9,259843906,85712812,1,From The Block,1,0.0,5.11,0.0,2.09
2026-07-11,Morphettville,R9 1250m Hcap,9,259843906,100454281,2,Officiate,3,0.0,32.0,1.0,7.27
2026-07-11,Morphettville,R9 1250m Hcap,9,259843906,100454282,4,The Cosmic One,5,0.0,16.79,0.0,4.11
2026-07-11,Newcastle,R5 1200m 2yo,5,259866521,497359,2,Oceanic,2,0.0,26.99,0.0,6.14
2026-07-11,Newcastle,R5 1200m 2yo,5,259866521,100487040,3,Ozzbourne,3,0.0,4.9,0.0,2.25
2026-07-11,Newcastle,R5 1200m 2yo,5,259866521,100487042,5,Solid Heart,1,0.0,11.48,0.0,4.3
2026-07-11,Newcastle,R5 1200m 2yo,5,259866521,100487043,6,Im Relevant,4,0.0,12.5,1.0,2.38
2026-07-11,Newcastle,R5 1200m 2yo,5,259866521,100487050,13,Touch Of Charm,5,0.0,11.46,0.0,2.98
2026-07-11,Newcastle,R6 900m Hcap,6,259866524,768881,1,Who Goes There,2,0.0,17.5,0.0,3.5
2026-07-11,Newcastle,R6 900m Hcap,6,259866524,59415267,8,Ces Soirees La,4,0.0,4.21,0.0,1.89
2026-07-11,Newcastle,R6 900m Hcap,6,259866524,62660207,4,Princess Cruizer,5,0.0,15.23,0.0,2.96
2026-07-11,Newcastle,R6 900m Hcap,6,259866524,85541468,7,The Way Ahead,3,0.0,12.37,1.0,2.78
2026-07-11,Newcastle,R6 900m Hcap,6,259866524,100487054,5,Cool Waters,1,0.0,4.5,1.0,1.78
2026-07-11,Newcastle,R7 1600m Hcap,7,259866527,3186921,3,Roussillon,2,0.0,22.0,0.0,5.0
2026-07-11,Newcastle,R7 1600m Hcap,7,259866527,56528438,6,Highborn Harry,1,0.0,8.34,1.0,2.94
2026-07-11,Newcastle,R7 1600m Hcap,7,259866527,56528438,6,Highborn Harry,3,0.0,8.34,1.0,2.94
2026-07-11,Newcastle,R7 1600m Hcap,7,259866527,81517352,12,Ballinderry Sal,5,0.0,27.0,0.0,4.73
2026-07-11,Newcastle,R7 1600m Hcap,7,259866527,100487061,17,Naughty Nurse,4,0.0,17.81,0.0,4.49
2026-07-11,Newcastle,R8 1300m Hcap,8,259866530,66068956,8,Nosey Parker,1,0.0,2.85,1.0,1.55
2026-07-11,Newcastle,R8 1300m Hcap,8,259866530,69967629,11,Turning Circle,2,1.0,2.81,1.0,1.46
2026-07-11,Newcastle,R8 1300m Hcap,8,259866530,99206911,9,Poshys Girl,3,0.0,13.99,0.0,3.17
2026-07-11,Newcastle,R8 1300m Hcap,8,259866530,100487065,1,Up The Front,4,0.0,8.75,0.0,3.34
2026-07-11,Newcastle,R8 1300m Hcap,8,259866530,100487067,4,Broadway Follies,5,0.0,15.42,0.0,2.96
2026-07-11,Newcastle,R9 1400m Hcap,9,259866533,1056729,4,Supreme Command,3,0.0,13.22,1.0,2.64
2026-07-11,Newcastle,R9 1400m Hcap,9,259866533,58671164,1,Crop Duster,2,0.0,22.0,0.0,4.46
2026-07-11,Newcastle,R9 1400m Hcap,9,259866533,79293124,3,Cosy Corner,1,0.0,3.95,0.0,2.08
2026-07-11,Newcastle,R9 1400m Hcap,9,259866533,84471386,14,Super Sugoi,5,0.0,7.96,1.0,2.28
2026-07-11,Newcastle,R9 1400m Hcap,9,259866533,100487074,12,Spiv,4,1.0,5.09,1.0,1.79
2026-07-11,Randwick,R6 1000m Hcap,6,259843962,1299434,9,Sociable,5,0.0,8.86,0.0,2.14
2026-07-11,Randwick,R6 1000m Hcap,6,259843962,9341568,3,Petticoat,2,0.0,3.05,1.0,1.46
2026-07-11,Randwick,R6 1000m Hcap,6,259843962,79524579,7,Zouripper,3,1.0,5.5,1.0,1.54
2026-07-11,Randwick,R6 1000m Hcap,6,259843962,80025835,1,Power Of The Brave,4,0.0,11.08,0.0,2.85
2026-07-11,Randwick,R6 1000m Hcap,6,259843962,87379526,4,Prima Bella,1,0.0,4.14,1.0,1.53
2026-07-11,Randwick,R7 1800m Hcap,7,259843971,1160455,3,Elliptical,4,0.0,24.99,0.0,4.62
2026-07-11,Randwick,R7 1800m Hcap,7,259843971,5267994,9,Boniface,2,0.0,7.04,1.0,2.28
2026-07-11,Randwick,R7 1800m Hcap,7,259843971,81477835,6,Rotagilla,1,0.0,14.0,0.0,4.2
2026-07-11,Randwick,R7 1800m Hcap,7,259843971,88376282,4,Tazima,3,1.0,4.6,1.0,1.82
2026-07-11,Randwick,R7 1800m Hcap,7,259843971,93827489,11,Sly Boots,5,0.0,5.07,1.0,1.99
2026-07-11,Randwick,R8 1600m Hcap,8,259843980,3285536,8,Sevens,1,0.0,4.5,1.0,1.82
2026-07-11,Randwick,R8 1600m Hcap,8,259843980,69201870,1,Until Valhalla,4,0.0,14.14,0.0,4.07
2026-07-11,Randwick,R8 1600m Hcap,8,259843980,74189329,11,Concordia Wind,5,0.0,7.16,0.0,2.38
2026-07-11,Randwick,R8 1600m Hcap,8,259843980,95809352,9,Conchiero,3,0.0,10.5,0.0,3.0
2026-07-11,Randwick,R8 1600m Hcap,8,259843980,100454867,7,Zouna,2,0.0,34.31,0.0,6.55
2026-07-11,Randwick,R9 1400m Hcap,9,259843989,55206211,3,Thunderlips,3,0.0,13.49,0.0,2.92
2026-07-11,Randwick,R9 1400m Hcap,9,259843989,100454870,2,Lugh,4,0.0,3.22,0.0,1.53
2026-07-11,Randwick,R9 1400m Hcap,9,259843989,100454873,13,Narbold,2,0.0,6.3,1.0,2.04
2026-07-11,Randwick,R9 1400m Hcap,9,259843989,100454873,13,Narbold,5,0.0,6.3,1.0,2.04
2026-07-11,Randwick,R9 1400m Hcap,9,259843989,100454874,14,Its A Knockout,1,0.0,5.92,1.0,2.24
2026-07-11,Randwick,R10 1400m Hcap,10,259843998,38262850,3,Aye Aye Captain,2,0.0,4.2,0.0,1.84
2026-07-11,Randwick,R10 1400m Hcap,10,259843998,82538616,11,Miss Kim Kar,4,0.0,10.57,1.0,3.35
2026-07-11,Randwick,R10 1400m Hcap,10,259843998,84982411,12,Pieratas Gem,1,0.0,16.0,0.0,3.26
2026-07-11,Randwick,R10 1400m Hcap,10,259843998,99459654,6,Aroha Stone,5,1.0,13.93,1.0,3.43
2026-07-11,Randwick,R10 1400m Hcap,10,259843998,100454876,14,Nandina,3,0.0,3.95,0.0,1.79
2026-07-11,Rockhampton,R4 1050m Hcap,4,259866815,5112084,9,Making History,3,0.0,24.0,0.0,4.4
2026-07-11,Rockhampton,R4 1050m Hcap,4,259866815,5112084,9,Making History,4,0.0,24.0,0.0,4.4
2026-07-11,Rockhampton,R4 1050m Hcap,4,259866815,74537543,8,Spitzberg,5,0.0,15.0,1.0,3.6
2026-07-11,Rockhampton,R4 1050m Hcap,4,259866815,77729064,1,King Of The Vibe,2,0.0,6.26,0.0,1.94
2026-07-11,Rockhampton,R4 1050m Hcap,4,259866815,100486760,2,Beaus Girl,1,0.0,5.01,0.0,1.92
2026-07-11,Rockhampton,R5 1200m CL1,5,259866819,3739952,5,Southern Money,3,0.0,9.62,0.0,2.54
2026-07-11,Rockhampton,R5 1200m CL1,5,259866819,29472646,4,El Centro,4,0.0,6.49,1.0,1.79
2026-07-11,Rockhampton,R5 1200m CL1,5,259866819,79561610,6,Hou Long Gwai,2,0.0,7.8,0.0,2.1
2026-07-11,Rockhampton,R5 1200m CL1,5,259866819,90604599,2,Romantic Bubble,5,1.0,9.8,1.0,2.55
2026-07-11,Rockhampton,R5 1200m CL1,5,259866819,100486762,3,Dialidae,1,0.0,2.42,1.0,1.33
2026-07-11,Rockhampton,R6 1500m 3yo,6,259866823,2745131,2,Enforceable,1,0.0,4.14,1.0,1.42
2026-07-11,Rockhampton,R6 1500m 3yo,6,259866823,2745131,2,Enforceable,3,0.0,4.14,1.0,1.42
2026-07-11,Rockhampton,R6 1500m 3yo,6,259866823,87767551,10,Exodas,5,0.0,4.06,0.0,1.5
2026-07-11,Rockhampton,R6 1500m 3yo,6,259866823,95621001,4,Illegal Justice,2,1.0,2.57,1.0,1.47
2026-07-11,Rockhampton,R6 1500m 3yo,6,259866823,99427722,11,Scialla,4,0.0,26.0,0.0,4.19
2026-07-11,Rockhampton,R7 1600m Qlty,7,259866827,16457134,4,Zoology,4,0.0,18.5,1.0,4.7
2026-07-11,Rockhampton,R7 1600m Qlty,7,259866827,65230001,1,Keitel,1,1.0,4.18,1.0,2.29
2026-07-11,Rockhampton,R7 1600m Qlty,7,259866827,65788420,2,Quothquan,3,0.0,6.51,1.0,2.18
2026-07-11,Rockhampton,R7 1600m Qlty,7,259866827,69096464,10,Pipistrelle,5,0.0,35.37,0.0,7.05
2026-07-11,Rockhampton,R7 1600m Qlty,7,259866827,75313753,3,Give Me Space,2,0.0,6.4,0.0,2.29
2026-07-11,Rockhampton,R8 1200m Hcap,8,259866831,213953,8,Certified Copy,1,1.0,9.6,1.0,2.75
2026-07-11,Rockhampton,R8 1200m Hcap,8,259866831,213953,8,Certified Copy,2,1.0,9.6,1.0,2.75
2026-07-11,Rockhampton,R8 1200m Hcap,8,259866831,213953,8,Certified Copy,4,1.0,9.6,1.0,2.75
2026-07-11,Rockhampton,R8 1200m Hcap,8,259866831,213953,8,Certified Copy,5,1.0,9.6,1.0,2.75
2026-07-11,Rockhampton,R8 1200m Hcap,8,259866831,67897488,6,Oriente,5,0.0,13.74,0.0,3.62
2026-07-11,Rockhampton,R8 1200m Hcap,8,259866831,100486767,10,Presszora,3,0.0,9.8,0.0,3.65
2026-07-12,Alice Springs,R4 1100m Hcap,4,259900440,38338361,5,Arrogant Miss,2,0.0,6.69,0.0,3.45
2026-07-12,Alice Springs,R4 1100m Hcap,4,259900440,50739965,4,Boss Shelby,4,0.0,4.05,0.0,2.31
2026-07-12,Alice Springs,R4 1100m Hcap,4,259900440,78688831,3,Bonny Impact,3,0.0,4.56,1.0,2.32
2026-07-12,Alice Springs,R4 1100m Hcap,4,259900440,81222735,1,Chief White Sock,5,1.0,4.11,1.0,2.08
2026-07-12,Alice Springs,,4,259900440,82154753,2,Zuetoro,1,,,,
2026-07-12,Alice Springs,R5 1100m Hcap,5,259900443,696361,6,Brat,4,0.0,2.14,0.0,1.42
2026-07-12,Alice Springs,R5 1100m Hcap,5,259900443,26896648,5,Altar Boy,2,1.0,22.0,1.0,5.59
2026-07-12,Alice Springs,R5 1100m Hcap,5,259900443,28527914,3,Luskin Hero,3,0.0,4.0,1.0,2.11
2026-07-12,Alice Springs,R5 1100m Hcap,5,259900443,41308166,2,Delago Lad,5,0.0,15.13,0.0,4.5
2026-07-12,Alice Springs,R5 1100m Hcap,5,259900443,57654871,1,Otycoon,1,0.0,12.5,0.0,4.09
2026-07-12,Alice Springs,R6 1400m CL2,6,259900446,1187626,4,King Bling,5,0.0,26.49,0.0,9.2
2026-07-12,Alice Springs,R6 1400m CL2,6,259900446,70137832,3,Capistan,3,0.0,3.71,0.0,1.95
2026-07-12,Alice Springs,R6 1400m CL2,6,259900446,76659559,2,Brazen Sailor,4,0.0,5.3,1.0,2.26
2026-07-12,Alice Springs,R6 1400m CL2,6,259900446,78000847,5,Splish Splash,2,0.0,8.3,0.0,3.3
2026-07-12,Alice Springs,R6 1400m CL2,6,259900446,79455961,1,Highlands,1,1.0,2.57,1.0,1.58
2026-07-12,Alice Springs,R7 1400m Hcap,7,259900449,67290321,5,The Big Freeze,4,0.0,6.2,0.0,2.88
2026-07-12,Alice Springs,R7 1400m Hcap,7,259900449,69675019,4,Grinzinger Lass,2,1.0,11.0,1.0,3.8
2026-07-12,Alice Springs,R7 1400m Hcap,7,259900449,70599771,6,Okesutora,5,0.0,15.15,0.0,5.8
2026-07-12,Alice Springs,R7 1400m Hcap,7,259900449,71651605,1,Zestiman,1,0.0,4.82,0.0,2.2
2026-07-12,Alice Springs,R7 1400m Hcap,7,259900449,100454824,2,Rosebud Lass,3,0.0,2.29,1.0,1.57
2026-07-12,Alice Springs,R8 1600m Hcap,8,259900452,2052178,4,Becquerel,5,0.0,18.07,0.0,5.1
2026-07-12,Alice Springs,R8 1600m Hcap,8,259900452,41749666,2,Valley Prince,2,0.0,2.1,1.0,1.35
2026-07-12,Alice Springs,R8 1600m Hcap,8,259900452,56606536,1,Kickatorp,1,0.0,6.8,0.0,2.49
2026-07-12,Alice Springs,R8 1600m Hcap,8,259900452,57377200,3,Nasha,4,0.0,4.2,0.0,1.93
2026-07-12,Alice Springs,R8 1600m Hcap,8,259900452,57411401,5,Sheer Reward,3,1.0,12.5,1.0,5.5
2026-07-12,Ballarat,R4 1600m Hcap,4,259893621,49977420,5,Amphactor,5,0.0,7.5,1.0,1.49
2026-07-12,Ballarat,R4 1600m Hcap,4,259893621,71723380,1,Autumnheat,5,0.0,4.31,0.0,1.29
2026-07-12,Ballarat,R4 1600m Hcap,4,259893621,86347313,8,Zeshadow,1,0.0,3.06,1.0,1.19
2026-07-12,Ballarat,R4 1600m Hcap,4,259893621,86347313,8,Zeshadow,2,0.0,3.06,1.0,1.19
2026-07-12,Ballarat,R4 1600m Hcap,4,259893621,93496543,4,Savvie Blanc,3,1.0,3.36,1.0,1.33
2026-07-12,Ballarat,R4 1600m Hcap,4,259893621,93496543,4,Savvie Blanc,4,1.0,3.36,1.0,1.33
2026-07-12,Ballarat,R5 1600m Mdn,5,259893629,2785255,9,Vespasian,1,0.0,5.88,0.0,1.92
2026-07-12,Ballarat,R5 1600m Mdn,5,259893629,5532859,8,Newcombe,5,1.0,11.71,1.0,2.49
2026-07-12,Ballarat,R5 1600m Mdn,5,259893629,93573806,12,Elegant Force,3,0.0,65.58,0.0,9.8
2026-07-12,Ballarat,R5 1600m Mdn,5,259893629,95264916,10,Wazza,5,0.0,2.9,1.0,1.48
2026-07-12,Ballarat,R6 1400m Hcap,6,259893637,64762747,6,Vianarra,1,0.0,5.0,1.0,1.8
2026-07-12,Ballarat,R6 1400m Hcap,6,259893637,64762747,6,Vianarra,5,0.0,5.0,1.0,1.8
2026-07-12,Ballarat,R6 1400m Hcap,6,259893637,80399501,10,Rose Of Shalaa,1,0.0,9.15,0.0,2.4
2026-07-12,Ballarat,R6 1400m Hcap,6,259893637,80399501,10,Rose Of Shalaa,5,0.0,9.15,0.0,2.4
2026-07-12,Ballarat,R6 1400m Hcap,6,259893637,83050520,7,Champagne Jenni,3,0.0,9.82,0.0,2.69
2026-07-12,Ballarat,R7 1200m CL1,7,259893645,75018898,4,The Opportunist,3,0.0,6.48,0.0,1.66
2026-07-12,Ballarat,R7 1200m CL1,7,259893645,75018898,4,The Opportunist,5,0.0,6.48,0.0,1.66
2026-07-12,Ballarat,R7 1200m CL1,7,259893645,90048850,6,Princess Sakiko,3,0.0,8.23,1.0,1.74
2026-07-12,Ballarat,R7 1200m CL1,7,259893645,90048850,6,Princess Sakiko,5,0.0,8.23,1.0,1.74
2026-07-12,Ballarat,R7 1200m CL1,7,259893645,100487005,7,Salizou,1,1.0,2.4,1.0,1.16
2026-07-12,Ballarat,R7 1200m CL1,7,259893645,100487005,7,Salizou,2,1.0,2.4,1.0,1.16
2026-07-12,Ballarat,R8 1000m Hcap,8,259893653,7683285,6,Wheres Poppy,5,0.0,5.88,1.0,1.81
2026-07-12,Ballarat,R8 1000m Hcap,8,259893653,40187881,8,Chelsea Toff,1,0.0,32.13,0.0,5.47
2026-07-12,Ballarat,R8 1000m Hcap,8,259893653,56576481,1,Orlabent,3,0.0,3.76,1.0,1.53
2026-07-12,Devonport,R6 1009m Hcap,6,259874718,1532066,8,Fluffys Girl,5,0.0,5.05,0.0,1.97
2026-07-12,Devonport,R6 1009m Hcap,6,259874718,42268753,1,Bold Instinct,3,0.0,52.65,0.0,11.5
2026-07-12,Devonport,R6 1009m Hcap,6,259874718,50880547,6,Cool Heart,1,0.0,9.2,1.0,2.7
2026-07-12,Devonport,R6 1009m Hcap,6,259874718,58371385,10,Ozturk,4,0.0,158.82,0.0,32.16
2026-07-12,Devonport,R6 1009m Hcap,6,259874718,100454447,9,Houlihan,2,0.0,3.32,0.0,1.59
2026-07-12,Devonport,R7 1650m CL2,7,259874724,78046805,2,Tikken,3,1.0,4.1,1.0,1.9
2026-07-12,Devonport,R7 1650m CL2,7,259874724,79293787,10,Tizsa Nice Drop,4,0.0,24.0,0.0,5.4
2026-07-12,Devonport,R7 1650m CL2,7,259874724,89921569,4,Regal Hunter,5,0.0,5.62,1.0,2.2
2026-07-12,Devonport,R7 1650m CL2,7,259874724,96938971,3,Azonto,1,0.0,4.56,0.0,2.11
2026-07-12,Devonport,R7 1650m CL2,7,259874724,100454450,5,Al Maximus,2,0.0,117.43,0.0,28.0
2026-07-12,Devonport,R8 1880m Hcap,8,259874730,38246506,8,Gee Gee Can Win,2,0.0,11.72,0.0,3.09
2026-07-12,Devonport,R8 1880m Hcap,8,259874730,78916239,4,Alpine Trout,5,0.0,11.11,1.0,3.25
2026-07-12,Devonport,R8 1880m Hcap,8,259874730,81477881,6,The Tazwegian,4,0.0,12.5,0.0,3.7
2026-07-12,Devonport,R8 1880m Hcap,8,259874730,87454507,1,Dont Give Up,1,1.0,3.45,1.0,1.43
2026-07-12,Devonport,R8 1880m Hcap,8,259874730,97693969,2,Merlin Beach,3,0.0,4.9,1.0,1.97
2026-07-12,Grafton,R3 1006m CL1,3,259895418,82376419,11,On Her Word,4,0.0,68.99,0.0,11.5
2026-07-12,Grafton,R3 1006m CL1,3,259895418,82857184,14,Monaco Flyer,3,0.0,12.42,1.0,3.07
2026-07-12,Grafton,R3 1006m CL1,3,259895418,97693363,9,Hayleys Rocket,5,0.0,14.23,0.0,3.04
2026-07-12,Grafton,R3 1006m CL1,3,259895418,100486092,4,Steffi Electrica,1,1.0,2.0,1.0,1.29
2026-07-12,Grafton,R3 1006m CL1,3,259895418,100486092,4,Steffi Electrica,2,1.0,2.0,1.0,1.29
2026-07-12,Grafton,R4 1410m Mdn,4,259895421,5167262,1,Bucket List,5,0.0,60.0,0.0,10.88
2026-07-12,Grafton,R4 1410m Mdn,4,259895421,81016606,12,Miss Midas Touch,1,0.0,7.56,1.0,2.28
2026-07-12,Grafton,R4 1410m Mdn,4,259895421,98960218,2,Goodonya Ausbred,2,0.0,6.97,0.0,2.86
2026-07-12,Grafton,R4 1410m Mdn,4,259895421,100486095,3,Habib Albi,3,0.0,10.59,0.0,3.4
2026-07-12,Grafton,R4 1410m Mdn,4,259895421,100486101,16,You Are Mind,4,1.0,22.0,1.0,4.3
2026-07-12,Grafton,R5 1410m CL3,5,259895424,85250485,1,Think Like Paddy,3,0.0,11.0,1.0,3.24
2026-07-12,Grafton,R5 1410m CL3,5,259895424,89669364,6,Chica Del Mar,1,0.0,5.6,0.0,1.93
2026-07-12,Grafton,R5 1410m CL3,5,259895424,98995083,2,Prestige Gundy,4,1.0,2.46,1.0,1.38
2026-07-12,Grafton,R5 1410m CL3,5,259895424,100486106,3,Jukebox In Siberia,2,0.0,15.97,0.0,3.95
2026-07-12,Grafton,R5 1410m CL3,5,259895424,100486107,14,The Lupercal,5,0.0,20.0,0.0,3.76
2026-07-12,Grafton,R6 1610m Qlty,6,259895427,45319531,3,Kronenbourg,4,0.0,8.98,1.0,2.22
2026-07-12,Grafton,R6 1610m Qlty,6,259895427,60230055,7,Hollywood Hero,2,0.0,4.2,0.0,1.48
2026-07-12,Grafton,R6 1610m Qlty,6,259895427,66365202,4,Know Thyself,1,0.0,4.7,0.0,1.63
2026-07-12,Grafton,R6 1610m Qlty,6,259895427,81519055,9,Fortune,5,0.0,25.0,1.0,4.3
2026-07-12,Grafton,R6 1610m Qlty,6,259895427,99983099,10,Mr Chaplin,3,1.0,2.56,1.0,1.3
2026-07-12,Grafton,R7 1610m Hcap,7,259895430,1038976,10,Bails,2,0.0,6.8,1.0,2.29
2026-07-12,Grafton,R7 1610m Hcap,7,259895430,71723458,14,Queen Of Tayrona,3,0.0,16.5,0.0,4.8
2026-07-12,Grafton,R7 1610m Hcap,7,259895430,77081734,2,Spills,1,0.0,4.63,0.0,1.84
2026-07-12,Grafton,R7 1610m Hcap,7,259895430,77999432,13,Monarch Express,4,0.0,7.49,0.0,2.72
2026-07-12,Grafton,R7 1610m Hcap,7,259895430,96533564,4,Lady Alabama,5,0.0,9.0,0.0,2.96
2026-07-12,Hamilton,R2 3400m Hcap,2,259893875,43154256,1,The Cunning Fox,2,1.0,2.75,0.0,
2026-07-12,Hamilton,R2 3400m Hcap,2,259893875,68712841,4,Gambu,3,0.0,34.1,0.0,
2026-07-12,Hamilton,R2 3400m Hcap,2,259893875,84431626,3,Ardakan,1,0.0,4.6,0.0,
2026-07-12,Hamilton,R2 3400m Hcap,2,259893875,98996160,2,Andy Win,4,0.0,2.59,0.0,
2026-07-12,Hamilton,R3 3400m Mdn,3,259893882,42200960,9,Nassak Diamond,1,0.0,4.57,0.0,1.71
2026-07-12,Hamilton,R3 3400m Mdn,3,259893882,42878834,2,Fierce Flight,4,0.0,21.69,1.0,3.6
2026-07-12,Hamilton,R3 3400m Mdn,3,259893882,63859704,4,Mana Combat,3,0.0,42.26,0.0,6.8
2026-07-12,Hamilton,R3 3400m Mdn,3,259893882,71436473,10,Raise The Note,5,0.0,39.64,0.0,5.05
2026-07-12,Hamilton,R3 3400m Mdn,3,259893882,96496149,8,Ongatiti,2,1.0,2.71,1.0,1.4
2026-07-12,Hamilton,R4 1600m Mdn,4,259893889,5484607,6,Coalesce,5,0.0,12.5,0.0,2.78
2026-07-12,Hamilton,R4 1600m Mdn,4,259893889,76006183,2,Just Explosive,1,0.0,5.39,1.0,1.92
2026-07-12,Hamilton,R4 1600m Mdn,4,259893889,77023740,1,Flying Shelby,3,0.0,6.0,0.0,1.72
2026-07-12,Hamilton,R4 1600m Mdn,4,259893889,88420220,5,War No More,2,0.0,3.59,1.0,1.45
2026-07-12,Hamilton,R4 1600m Mdn,4,259893889,100487147,7,Miss Delightful,4,0.0,18.5,0.0,3.42
2026-07-12,Hamilton,R5 1600m Hcap,5,259893896,23315120,1,Mangione,3,0.0,8.22,0.0,2.48
2026-07-12,Hamilton,R5 1600m Hcap,5,259893896,70323091,11,Radstar,4,0.0,37.48,1.0,6.52
2026-07-12,Hamilton,R5 1600m Hcap,5,259893896,71436496,7,Digari,5,0.0,4.46,1.0,1.66
2026-07-12,Hamilton,R5 1600m Hcap,5,259893896,87206388,5,Sensational Ruler,1,0.0,6.34,0.0,2.21
2026-07-12,Hamilton,R5 1600m Hcap,5,259893896,89348149,8,Lisa Lass,2,0.0,4.2,0.0,1.63
2026-07-12,Hamilton,R6 1200m Hcap,6,259893903,47241158,1,Port Louis,4,1.0,6.71,1.0,2.73
2026-07-12,Hamilton,R6 1200m Hcap,6,259893903,66862695,2,Prince Sonic,2,0.0,11.57,0.0,3.9
2026-07-12,Hamilton,R6 1200m Hcap,6,259893903,100487150,4,Break The Taboo,1,0.0,1.98,0.0,1.5
2026-07-12,Kalgoorlie,R1 1621m Mdn,1,259894950,441778,5,Midnight Deal,2,0.0,8.39,0.0,2.42
2026-07-12,Kalgoorlie,R1 1621m Mdn,1,259894950,4628399,1,Racy Rascal,5,0.0,14.72,0.0,3.7
2026-07-12,Kalgoorlie,R1 1621m Mdn,1,259894950,100019742,2,Universal Duke,3,0.0,12.0,1.0,3.23
2026-07-12,Kalgoorlie,R1 1621m Mdn,1,259894950,100487354,4,Graceful Lass,1,1.0,1.46,1.0,1.18
2026-07-12,Kalgoorlie,R1 1621m Mdn,1,259894950,100487357,6,Mensesh,4,0.0,28.0,0.0,5.95
2026-07-12,Kalgoorlie,R2 1200m Mdn,2,259894954,12895935,8,Optimus Prime,1,1.0,2.54,1.0,1.29
2026-07-12,Kalgoorlie,R2 1200m Mdn,2,259894954,81517910,6,Gold Lilly,5,0.0,59.22,0.0,9.77
2026-07-12,Kalgoorlie,R2 1200m Mdn,2,259894954,90568990,1,Gets The Girls,3,0.0,10.16,1.0,2.99
2026-07-12,Kalgoorlie,R2 1200m Mdn,2,259894954,92744518,2,Mad Spitfire,2,0.0,5.23,1.0,1.78
2026-07-12,Kalgoorlie,R2 1200m Mdn,2,259894954,99493431,5,Lovesexy,4,0.0,10.0,0.0,2.65
2026-07-12,Kalgoorlie,R3 1100m CL2,3,259894958,75481103,8,Miss Lottie,4,0.0,13.99,0.0,3.35
2026-07-12,Kalgoorlie,R3 1100m CL2,3,259894958,92117487,6,Alotofbanter,5,0.0,26.0,1.0,5.0
2026-07-12,Kalgoorlie,R3 1100m CL2,3,259894958,92460590,4,Simply Royalty,1,0.0,14.88,0.0,4.55
2026-07-12,Kalgoorlie,R3 1100m CL2,3,259894958,98883335,5,Favourite Songs,3,0.0,8.8,0.0,2.82
2026-07-12,Kalgoorlie,R3 1100m CL2,3,259894958,100487378,1,Dancewithme,2,0.0,3.52,1.0,1.54
2026-07-12,Kalgoorlie,R4 1100m Hcap,4,259894962,51204009,3,Boab Boy,4,0.0,5.0,1.0,1.68
2026-07-12,Kalgoorlie,R4 1100m Hcap,4,259894962,58313073,1,Prawns Eleven,1,0.0,4.25,1.0,1.75
2026-07-12,Kalgoorlie,R4 1100m Hcap,4,259894962,69932987,2,Pearly Nuggett,5,0.0,40.39,0.0,7.2
2026-07-12,Kalgoorlie,R4 1100m Hcap,4,259894962,77387234,8,Swim Through,3,0.0,40.0,0.0,8.0
2026-07-12,Kalgoorlie,R4 1100m Hcap,4,259894962,79562899,4,Saturday Sesh,2,1.0,4.8,1.0,1.96
2026-07-12,Kalgoorlie,R5 1300m CL2,5,259894966,4998713,1,Batista,2,0.0,3.71,0.0,1.73
2026-07-12,Kalgoorlie,R5 1300m CL2,5,259894966,91432854,5,Subtle Power,3,0.0,11.56,0.0,4.1
2026-07-12,Kalgoorlie,R5 1300m CL2,5,259894966,96938739,4,Deeply Rooted,4,1.0,17.06,1.0,4.2
2026-07-12,Kalgoorlie,R5 1300m CL2,5,259894966,97242791,3,Buon Amici,5,0.0,9.36,1.0,2.84
2026-07-12,Kalgoorlie,R5 1300m CL2,5,259894966,100487387,2,Viresha,1,0.0,14.0,0.0,3.89
2026-07-12,Kalgoorlie,R6 1760m Hcap,6,259894970,22695100,3,Sluice Box,5,0.0,210.0,0.0,28.0
2026-07-12,Kalgoorlie,R6 1760m Hcap,6,259894970,40658692,4,Feuding,3,0.0,22.0,0.0,5.1
2026-07-12,Kalgoorlie,R6 1760m Hcap,6,259894970,71145079,1,Monty Zoomer,2,1.0,4.3,1.0,1.78
2026-07-12,Kalgoorlie,R6 1760m Hcap,6,259894970,78432361,6,Jayashree,4,0.0,2.78,0.0,1.57
2026-07-12,Kalgoorlie,R6 1760m Hcap,6,259894970,81747902,2,Lombadina,1,0.0,8.0,1.0,2.48
2026-07-12,Kalgoorlie,R7 1200m Hcap,7,259894974,41664767,2,High Precision,2,0.0,7.2,0.0,2.22
2026-07-12,Kalgoorlie,R7 1200m Hcap,7,259894974,74460240,1,Dreamers Never Die,1,0.0,3.65,1.0,1.5
2026-07-12,Kalgoorlie,R7 1200m Hcap,7,259894974,75719002,3,The Lions Gate,4,0.0,6.2,0.0,2.1
2026-07-12,Kalgoorlie,R7 1200m Hcap,7,259894974,78212653,4,Eevalina,5,0.0,58.45,0.0,9.63
2026-07-12,Kalgoorlie,R7 1200m Hcap,7,259894974,100487392,7,Pats Last Bang,3,1.0,4.2,1.0,1.73
2026-07-12,Mount Gambier,R3 1400m Hcap,3,259896001,28507897,4,Loose Lip Lloyd,2,1.0,5.76,1.0,2.06
2026-07-12,Mount Gambier,R3 1400m Hcap,3,259896001,37231681,3,Detnaw,3,0.0,69.53,0.0,9.0
2026-07-12,Mount Gambier,R3 1400m Hcap,3,259896001,42571687,2,Badonkidonk,5,0.0,60.0,0.0,10.5
2026-07-12,Mount Gambier,R3 1400m Hcap,3,259896001,44186093,7,Full Of Dash,4,0.0,75.0,0.0,11.0
2026-07-12,Mount Gambier,R3 1400m Hcap,3,259896001,81812256,6,Astrodean,1,0.0,5.0,1.0,2.06
2026-07-12,Mount Gambier,R4 2400m Hcap,4,259896007,892258,9,Jackson Run,5,0.0,5.5,0.0,2.04
2026-07-12,Mount Gambier,R4 2400m Hcap,4,259896007,12239147,3,Smiling Assassin,1,0.0,6.17,0.0,2.11
2026-07-12,Mount Gambier,R4 2400m Hcap,4,259896007,49739584,1,Idontgetit,4,1.0,7.44,1.0,2.38
2026-07-12,Mount Gambier,R4 2400m Hcap,4,259896007,68123864,7,Eyes To Me,3,0.0,7.0,1.0,2.35
2026-07-12,Mount Gambier,R4 2400m Hcap,4,259896007,78432563,4,Mawhera,2,0.0,21.0,0.0,5.6
2026-07-12,Mount Gambier,R5 1200m Hcap,5,259896013,26624052,11,Melissa Kate,5,0.0,7.6,0.0,2.26
2026-07-12,Mount Gambier,R5 1200m Hcap,5,259896013,66294660,1,Alcoshare,3,0.0,20.12,0.0,5.7
2026-07-12,Mount Gambier,R5 1200m Hcap,5,259896013,85017272,5,Lonely One,4,0.0,15.5,0.0,4.5
2026-07-12,Mount Gambier,R5 1200m Hcap,5,259896013,92390217,3,Gusty Way,2,1.0,6.4,1.0,2.6
2026-07-12,Mount Gambier,R5 1200m Hcap,5,259896013,96534087,8,Symphonite,1,0.0,4.79,1.0,1.95
2026-07-12,Mount Gambier,R6 1200m Hcap,6,259896019,4256479,2,Free Beer,4,0.0,6.6,0.0,2.06
2026-07-12,Mount Gambier,R6 1200m Hcap,6,259896019,40719640,1,Come Along Jeffrey,2,0.0,14.38,1.0,4.5
2026-07-12,Mount Gambier,R6 1200m Hcap,6,259896019,100486530,6,The Kill Club,3,0.0,9.29,0.0,3.14
2026-07-12,Mount Gambier,R6 1200m Hcap,6,259896019,100486531,10,Atomova,1,0.0,12.91,0.0,2.81
2026-07-12,Mount Gambier,R6 1200m Hcap,6,259896019,100486531,10,Atomova,3,0.0,12.91,0.0,2.81
2026-07-12,Mount Gambier,R6 1200m Hcap,6,259896019,100486531,10,Atomova,5,0.0,12.91,0.0,2.81
2026-07-12,Mount Gambier,R7 1550m Hcap,7,259896025,39133425,10,Spanish Snitzel,1,0.0,14.41,0.0,4.3
2026-07-12,Mount Gambier,R7 1550m Hcap,7,259896025,44590763,2,Robert The Puss,5,1.0,5.36,1.0,1.99
2026-07-12,Mount Gambier,R7 1550m Hcap,7,259896025,70890757,1,Bruzani,2,0.0,7.2,1.0,2.36
2026-07-12,Mount Gambier,R7 1550m Hcap,7,259896025,74744607,9,Elsie Girl,3,0.0,4.8,0.0,2.02
2026-07-12,Mount Gambier,R7 1550m Hcap,7,259896025,81848406,6,Black Bugatti,4,0.0,21.0,0.0,5.4
2026-07-12,Narrandera,R4 1000m Hcap,4,259895829,1409149,1,Big Day Out,1,1.0,4.1,1.0,1.8
2026-07-12,Narrandera,R4 1000m Hcap,4,259895829,14048677,6,Narcissist,5,0.0,7.31,1.0,2.68
2026-07-12,Narrandera,R4 1000m Hcap,4,259895829,43203592,3,Eamonns Memory,4,0.0,13.9,0.0,3.49
2026-07-12,Narrandera,R4 1000m Hcap,4,259895829,60228958,7,Destructive Diva,3,0.0,13.85,0.0,3.55
2026-07-12,Narrandera,R4 1000m Hcap,4,259895829,100486250,8,Danceenuff,2,0.0,14.76,0.0,3.64
2026-07-12,Narrandera,R5 1000m Mdn,5,259895832,100019149,2,Inzain Baby,3,0.0,50.0,0.0,4.41
2026-07-12,Narrandera,R5 1000m Mdn,5,259895832,100486251,3,Thirsty For More,4,0.0,6.36,0.0,2.31
2026-07-12,Narrandera,R5 1000m Mdn,5,259895832,100486252,4,Winter Hail,1,1.0,1.46,1.0,1.12
2026-07-12,Narrandera,R5 1000m Mdn,5,259895832,100486253,6,Coachella Lass,2,0.0,19.5,0.0,3.1
2026-07-12,Narrandera,R5 1000m Mdn,5,259895832,100486255,10,Ive Forgotten,5,0.0,50.0,0.0,4.37
2026-07-12,Narrandera,R6 1200m CL2,6,259895835,95300982,3,Triptolemus,4,0.0,3.15,0.0,1.48
2026-07-12,Narrandera,R6 1200m CL2,6,259895835,97480255,6,Andres Girl,3,0.0,3.62,0.0,1.53
2026-07-12,Narrandera,R6 1200m CL2,6,259895835,99769459,1,Made Easy,2,0.0,6.2,1.0,2.01
2026-07-12,Narrandera,R6 1200m CL2,6,259895835,99769460,8,Seasmoke,5,0.0,9.94,1.0,2.24
2026-07-12,Narrandera,R6 1200m CL2,6,259895835,100486263,2,Rocket Rudee,1,1.0,10.64,1.0,2.62
2026-07-12,Narrandera,R7 1600m Cup,7,259895838,8618685,2,Indispensable,2,0.0,10.38,0.0,3.05
2026-07-12,Narrandera,R7 1600m Cup,7,259895838,61370951,5,Yam,4,1.0,4.82,1.0,1.81
2026-07-12,Narrandera,R7 1600m Cup,7,259895838,65823212,4,Boltsaver,1,0.0,3.99,1.0,1.71
2026-07-12,Narrandera,R7 1600m Cup,7,259895838,86893366,8,Make It Sweet,3,0.0,5.33,0.0,1.94
2026-07-12,Narrandera,R7 1600m Cup,7,259895838,88611374,3,Blazing Sword,5,0.0,17.24,0.0,4.01
2026-07-12,Narrandera,R8 1400m Hcap,8,259895841,72915307,5,King Incanto,3,0.0,3.52,1.0,1.74
2026-07-12,Narrandera,R8 1400m Hcap,8,259895841,76389949,1,Missile Defence,2,0.0,6.56,0.0,2.54
2026-07-12,Narrandera,R8 1400m Hcap,8,259895841,79330428,3,Ischyros,1,0.0,18.53,0.0,4.28
2026-07-12,Narrandera,R8 1400m Hcap,8,259895841,93167900,2,Vasala,5,0.0,17.9,0.0,5.47
2026-07-12,Narrandera,R8 1400m Hcap,8,259895841,100486274,11,Malinga Missile,4,0.0,26.86,1.0,8.0
2026-07-12,Port Hedland,R1 1400m Mdn,1,259897674,361559,2,Excavation,3,0.0,63.11,0.0,11.0
2026-07-12,Port Hedland,R1 1400m Mdn,1,259897674,86820793,1,Take The Field,1,0.0,3.1,1.0,1.43
2026-07-12,Port Hedland,R1 1400m Mdn,1,259897674,98214530,4,Eight Ounces,4,0.0,23.0,0.0,5.36
2026-07-12,Port Hedland,R1 1400m Mdn,1,259897674,98960361,8,Maritime Dream,2,0.0,4.85,1.0,1.76
2026-07-12,Port Hedland,R1 1400m Mdn,1,259897674,100455465,9,Ziolite,5,0.0,32.0,0.0,5.93
2026-07-12,Port Hedland,R2 1200m CL1,2,259897678,77729346,2,My Tea,3,0.0,7.24,0.0,2.32
2026-07-12,Port Hedland,R2 1200m CL1,2,259897678,83052799,8,Dark Opal,1,0.0,11.61,0.0,3.6
2026-07-12,Port Hedland,R2 1200m CL1,2,259897678,91486082,5,Chantilly Girl,4,0.0,14.39,0.0,4.6
2026-07-12,Port Hedland,R2 1200m CL1,2,259897678,98960364,1,Calathinite,2,1.0,4.4,1.0,1.71
2026-07-12,Port Hedland,R2 1200m CL1,2,259897678,100455467,7,Big Karri,5,0.0,15.68,0.0,4.6
2026-07-12,Port Hedland,R3 1600m Hcap,3,259897682,58454091,4,Warby Ranges,4,0.0,3.76,1.0,1.58
2026-07-12,Port Hedland,R3 1600m Hcap,3,259897682,62949865,5,Oscar Winner,5,1.0,7.77,1.0,2.62
2026-07-12,Port Hedland,R3 1600m Hcap,3,259897682,83940960,2,Renovation Show,2,0.0,9.85,0.0,2.92
2026-07-12,Port Hedland,R3 1600m Hcap,3,259897682,92967308,3,Tousled Crown,1,0.0,7.0,0.0,2.16
2026-07-12,Port Hedland,R3 1600m Hcap,3,259897682,100455470,7,My De Grece,3,0.0,10.5,0.0,3.06
2026-07-12,Port Hedland,R4 2050m Hcap,4,259897686,1449126,3,Reginald,3,0.0,5.4,0.0,1.77
2026-07-12,Port Hedland,R4 2050m Hcap,4,259897686,58314170,7,Mystical Man,1,0.0,10.91,0.0,2.48
2026-07-12,Port Hedland,R4 2050m Hcap,4,259897686,59917684,1,Dynamic One,4,0.0,3.89,1.0,1.66
2026-07-12,Port Hedland,R4 2050m Hcap,4,259897686,70323085,9,Whispering Pharaoh,5,0.0,19.74,0.0,5.01
2026-07-12,Port Hedland,R4 2050m Hcap,4,259897686,87164702,4,Another Nephew,2,0.0,4.4,1.0,1.58
2026-07-12,Port Hedland,R5 1300m Hcap,5,259897690,39369313,3,Royalzel,5,0.0,5.54,1.0,1.98
2026-07-12,Port Hedland,R5 1300m Hcap,5,259897690,41553195,4,Catalpa,3,0.0,7.13,0.0,2.23
2026-07-12,Port Hedland,R5 1300m Hcap,5,259897690,42343767,1,Galaxy Affair,4,1.0,7.6,1.0,2.71
2026-07-12,Port Hedland,R5 1300m Hcap,5,259897690,74265552,5,Fameux,2,0.0,6.9,0.0,2.29
2026-07-12,Port Hedland,R5 1300m Hcap,5,259897690,85779321,7,Bartime,1,0.0,6.8,0.0,2.58
2026-07-12,Port Hedland,R6 1300m Hcap,6,259897694,55132643,1,Imperialize,1,0.0,4.09,0.0,1.96
2026-07-12,Port Hedland,R6 1300m Hcap,6,259897694,62296204,7,Kia Ora Tatou,5,0.0,16.2,1.0,3.7
2026-07-12,Port Hedland,R6 1300m Hcap,6,259897694,71940502,6,Immortal Shield,2,1.0,6.24,1.0,1.98
2026-07-12,Port Hedland,R6 1300m Hcap,6,259897694,80892310,5,Missile Girl,3,0.0,6.4,0.0,2.32
2026-07-12,Port Hedland,R6 1300m Hcap,6,259897694,89622472,2,Adrett,4,0.0,5.9,1.0,2.33
2026-07-12,Port Hedland,R7 1300m Hcap,7,259897698,2010864,1,Hit The Jackpot,2,1.0,8.17,1.0,2.93
2026-07-12,Port Hedland,R7 1300m Hcap,7,259897698,52206613,2,Leading Taddy,3,0.0,3.84,0.0,1.56
2026-07-12,Port Hedland,,7,259897698,75672703,7,Cassenite,5,,,,
2026-07-12,Port Hedland,R7 1300m Hcap,7,259897698,82601848,3,La Signora Dane,4,0.0,7.5,0.0,2.47
2026-07-12,Port Hedland,R7 1300m Hcap,7,259897698,100455475,4,Esquel,1,0.0,6.41,1.0,2.47
2026-07-12,Sunshine Coast,R4 1400m Mdn,4,259894818,84911299,1,Cambridge Bay,1,1.0,3.81,1.0,1.71
2026-07-12,Sunshine Coast,R4 1400m Mdn,4,259894818,89265276,6,I Say I Say,5,0.0,6.49,0.0,2.36
2026-07-12,Sunshine Coast,R4 1400m Mdn,4,259894818,90286379,2,Phoenix Legend,3,0.0,11.16,0.0,3.45
2026-07-12,Sunshine Coast,R4 1400m Mdn,4,259894818,100487205,8,Amelioration,2,0.0,8.0,0.0,2.6
2026-07-12,Sunshine Coast,R4 1400m Mdn,4,259894818,100487209,16,Wingeandwin,4,0.0,17.59,0.0,3.75
2026-07-12,Sunshine Coast,R5 1400m Hcap,5,259894822,693627,1,Italian Riviera,5,1.0,4.7,1.0,1.79
2026-07-12,Sunshine Coast,R5 1400m Hcap,5,259894822,3335024,6,Centennial Park,3,0.0,40.0,0.0,8.77
2026-07-12,Sunshine Coast,R5 1400m Hcap,5,259894822,51455360,3,Billionair Baby,2,0.0,19.0,0.0,4.6
2026-07-12,Sunshine Coast,R5 1400m Hcap,5,259894822,92504648,10,Royal Gladiator,4,0.0,9.48,0.0,2.83
2026-07-12,Sunshine Coast,R5 1400m Hcap,5,259894822,100487213,7,Crusader Voyage,1,0.0,3.93,0.0,1.63
2026-07-12,Sunshine Coast,R6 1600m Hcap,6,259894826,3659126,6,Summit,1,0.0,3.73,0.0,1.52
2026-07-12,Sunshine Coast,R6 1600m Hcap,6,259894826,51032699,8,Yes To Excess,3,0.0,23.0,0.0,5.5
2026-07-12,Sunshine Coast,R6 1600m Hcap,6,259894826,80091088,1,Rubydoo,2,0.0,6.8,0.0,2.11
2026-07-12,Sunshine Coast,R6 1600m Hcap,6,259894826,88111189,9,Supairo,4,0.0,64.07,0.0,12.0
2026-07-12,Sunshine Coast,R6 1600m Hcap,6,259894826,100487215,5,Makamae,5,0.0,5.8,1.0,2.13
2026-07-12,Sunshine Coast,R7 1000m CL1,7,259894830,766031,11,Dazzling Diamond,4,0.0,14.96,0.0,3.5
2026-07-12,Sunshine Coast,R7 1000m CL1,7,259894830,80399863,1,River Ribble,3,0.0,25.37,0.0,5.5
2026-07-12,Sunshine Coast,R7 1000m CL1,7,259894830,84911030,2,Dyami,1,0.0,10.73,1.0,2.4
2026-07-12,Sunshine Coast,R7 1000m CL1,7,259894830,99171945,12,Fortysecondstreet,5,0.0,29.63,0.0,5.01
2026-07-12,Sunshine Coast,R7 1000m CL1,7,259894830,100487218,9,Kiwi Raider,2,1.0,2.08,1.0,1.33
2026-07-12,Sunshine Coast,R8 1200m Hcap,8,259894834,39340384,6,Encouraged,3,0.0,22.0,0.0,5.24
2026-07-12,Sunshine Coast,,8,259894834,69127760,4,Rustic Tzar,5,,,,
2026-07-12,Sunshine Coast,R8 1200m Hcap,8,259894834,99171943,10,Seismic Boom,1,1.0,5.57,1.0,2.3
2026-07-12,Sunshine Coast,R8 1200m Hcap,8,259894834,100487225,9,Moroccan Wind,2,0.0,6.2,0.0,2.32
2026-07-12,Sunshine Coast,R8 1200m Hcap,8,259894834,100487225,9,Moroccan Wind,4,0.0,6.2,0.0,2.32
2026-07-13,Bairnsdale,R1 2200m Mdn,1,259928926,43858363,1,Clydebank Robber,2,0.0,6.42,1.0,1.97
2026-07-13,Bairnsdale,R1 2200m Mdn,1,259928926,87206443,4,Bon Aurelia,3,0.0,42.0,0.0,11.0
2026-07-13,Bairnsdale,R1 2200m Mdn,1,259928926,95620898,6,Now Perform,5,0.0,12.34,0.0,3.55
2026-07-13,Bairnsdale,R1 2200m Mdn,1,259928926,100519743,2,Crystal Jade,1,1.0,1.57,1.0,1.18
2026-07-13,Bairnsdale,R1 2200m Mdn,1,259928926,100519744,5,Highland Dash,4,0.0,10.87,0.0,3.55
2026-07-13,Bairnsdale,R2 1000m Mdn,2,259928934,620252,14,Blue Parrot,4,0.0,7.0,0.0,2.0
2026-07-13,Bairnsdale,R2 1000m Mdn,2,259928934,7326035,5,Designer Style,3,0.0,30.0,0.0,4.7
2026-07-13,Bairnsdale,R2 1000m Mdn,2,259928934,100519746,6,Captive Rock,5,0.0,11.81,1.0,2.18
2026-07-13,Bairnsdale,R2 1000m Mdn,2,259928934,100519747,7,Hoi Village,1,0.0,11.0,0.0,2.72
2026-07-13,Bairnsdale,R2 1000m Mdn,2,259928934,100519753,13,Princess Of Flight,2,0.0,9.6,1.0,2.52
2026-07-13,Bairnsdale,R3 1200m Mdn,3,259928942,6646025,8,Dear Heart,5,0.0,50.0,0.0,9.0
2026-07-13,Bairnsdale,R3 1200m Mdn,3,259928942,99459665,1,Admire Mercury,3,0.0,8.2,0.0,2.44
2026-07-13,Bairnsdale,R3 1200m Mdn,3,259928942,100519757,3,Imperial Award,2,1.0,3.56,1.0,1.84
2026-07-13,Bairnsdale,R3 1200m Mdn,3,259928942,100519767,16,Gazillion,4,0.0,21.0,0.0,4.3
2026-07-13,Bairnsdale,R3 1200m Mdn,3,259928942,100519768,17,Earthing,1,0.0,4.76,1.0,1.79
2026-07-13,Bairnsdale,R4 1600m Mdn,4,259928950,2155128,3,Churchill Lane,3,0.0,8.06,0.0,2.5
2026-07-13,Bairnsdale,R4 1600m Mdn,4,259928950,4224754,12,Jonquil,5,0.0,25.96,0.0,4.2
2026-07-13,Bairnsdale,R4 1600m Mdn,4,259928950,5164002,2,Bank Heist,4,1.0,15.0,1.0,2.9
2026-07-13,Bairnsdale,R4 1600m Mdn,4,259928950,100519772,4,Colour Circle,1,0.0,2.06,1.0,1.25
2026-07-13,Bairnsdale,R4 1600m Mdn,4,259928950,100519773,5,Determinato,2,0.0,6.8,0.0,1.86
2026-07-13,Bairnsdale,R5 1600m Hcap,5,259928958,883268,7,Left Hook,2,0.0,28.7,1.0,8.2
2026-07-13,Bairnsdale,R5 1600m Hcap,5,259928958,66613936,15,Ex Machina,5,0.0,18.0,0.0,4.3
2026-07-13,Bairnsdale,R5 1600m Hcap,5,259928958,92207065,12,Give Some Lip,1,0.0,3.45,0.0,1.69
2026-07-13,Bairnsdale,R5 1600m Hcap,5,259928958,93207216,11,Proven Record,4,0.0,8.42,0.0,2.56
2026-07-13,Bairnsdale,R5 1600m Hcap,5,259928958,93239968,3,Admire Fluke,3,0.0,4.01,0.0,1.9
2026-07-13,Bairnsdale,R6 2200m Hcap,6,259928966,63859239,9,Avonview,4,0.0,7.95,1.0,2.44
2026-07-13,Bairnsdale,R6 2200m Hcap,6,259928966,68959174,1,Djockovic,1,0.0,6.8,0.0,2.36
2026-07-13,Bairnsdale,R6 2200m Hcap,6,259928966,74189525,11,Thunder Zeus,5,0.0,11.04,0.0,3.34
2026-07-13,Bairnsdale,R6 2200m Hcap,6,259928966,93022141,8,Winter Grace,2,1.0,3.88,1.0,1.65
2026-07-13,Bairnsdale,R6 2200m Hcap,6,259928966,100519786,12,Chateau Vega,3,0.0,7.74,1.0,2.71
2026-07-13,Bairnsdale,R7 1000m Hcap,7,259928974,407666,3,The Gov,1,0.0,8.25,0.0,3.0
2026-07-13,Bairnsdale,R7 1000m Hcap,7,259928974,41901966,1,Risky Whisky,5,1.0,8.9,1.0,3.42
2026-07-13,Bairnsdale,R7 1000m Hcap,7,259928974,44208832,6,Auckland,4,0.0,14.15,0.0,3.95
2026-07-13,Bairnsdale,R7 1000m Hcap,7,259928974,74079242,10,Lauras Gold,3,0.0,5.07,0.0,2.14
2026-07-13,Bairnsdale,R7 1000m Hcap,7,259928974,75392994,4,Pantoja,2,0.0,5.48,0.0,2.3
2026-07-13,Bairnsdale,R8 1200m Hcap,8,259928982,2335018,7,Prevention,3,0.0,14.72,0.0,4.21
2026-07-13,Bairnsdale,R8 1200m Hcap,8,259928982,45191185,2,Headstock,2,0.0,6.6,0.0,2.18
2026-07-13,Bairnsdale,R8 1200m Hcap,8,259928982,82603954,1,Electric Elvis,1,1.0,3.95,1.0,1.87
2026-07-13,Bairnsdale,R8 1200m Hcap,8,259928982,91061213,14,Ginger Sweet,5,0.0,26.0,0.0,5.9
2026-07-13,Bairnsdale,R8 1200m Hcap,8,259928982,100519792,10,Adiuro,4,0.0,42.67,0.0,8.6
2026-07-13,Bairnsdale,R9 1200m Hcap,9,259928990,52205376,11,Soobooma,1,0.0,12.35,0.0,3.37
2026-07-13,Bairnsdale,R9 1200m Hcap,9,259928990,67258524,7,Scholl Deep,4,0.0,8.31,1.0,3.18
2026-07-13,Bairnsdale,R9 1200m Hcap,9,259928990,70456826,13,Ellmaknifico,3,0.0,27.0,0.0,6.6
2026-07-13,Bairnsdale,R9 1200m Hcap,9,259928990,90009777,3,Sub Gauge,2,1.0,6.03,1.0,2.66
2026-07-13,Bairnsdale,R9 1200m Hcap,9,259928990,100519795,4,Racetothebottom,5,0.0,5.09,1.0,2.03
2026-07-13,Dubbo,R1 2200m Hcap,1,259927656,59683978,3,Charlotting,2,0.0,4.61,0.0,1.57
2026-07-13,Dubbo,R1 2200m Hcap,1,259927656,64161671,7,Bill Peyto,4,0.0,3.82,0.0,1.9
2026-07-13,Dubbo,R1 2200m Hcap,1,259927656,69902316,1,King Cornelius,5,0.0,15.95,0.0,3.1
2026-07-13,Dubbo,R1 2200m Hcap,1,259927656,77728508,4,Farraige,3,0.0,3.76,1.0,1.53
2026-07-13,Dubbo,R1 2200m Hcap,1,259927656,88150874,5,Think Im Irish,1,0.0,8.6,1.0,2.3
2026-07-13,Dubbo,R2 1600m Mdn,2,259927659,4476512,4,Daytimer,5,0.0,462.12,0.0,27.0
2026-07-13,Dubbo,R2 1600m Mdn,2,259927659,51526598,10,Sonnig,2,0.0,5.57,1.0,1.72
2026-07-13,Dubbo,R2 1600m Mdn,2,259927659,98996186,5,Good Time,4,0.0,27.5,0.0,6.6
2026-07-13,Dubbo,R2 1600m Mdn,2,259927659,100487306,2,Adamana,1,0.0,2.02,1.0,1.12
2026-07-13,Dubbo,R2 1600m Mdn,2,259927659,100487307,6,Lady Lilibet,3,1.0,5.4,1.0,1.61
2026-07-13,Dubbo,R3 1300m Mdn,3,259927662,73259250,11,Chrislyn,4,0.0,80.29,0.0,8.69
2026-07-13,Dubbo,R3 1300m Mdn,3,259927662,86446848,9,Nothing Finer,3,0.0,29.22,1.0,4.16
2026-07-13,Dubbo,R3 1300m Mdn,3,259927662,86976057,2,Panelli,2,1.0,1.6,1.0,1.17
2026-07-13,Dubbo,R3 1300m Mdn,3,259927662,100487310,3,Regalade,1,0.0,6.68,0.0,2.09
2026-07-13,Dubbo,R3 1300m Mdn,3,259927662,100487311,4,Setta Icon,5,0.0,20.27,0.0,3.48
2026-07-13,Dubbo,R4 1000m Mdn,4,259927665,85016874,6,Culgoa Kate,4,0.0,220.0,0.0,14.86
2026-07-13,Dubbo,R4 1000m Mdn,4,259927665,97211250,1,Harry,2,0.0,11.65,1.0,2.11
2026-07-13,Dubbo,R4 1000m Mdn,4,259927665,97211250,1,Harry,3,0.0,11.65,1.0,2.11
2026-07-13,Dubbo,R4 1000m Mdn,4,259927665,100487322,9,Manoora,1,1.0,2.63,1.0,1.31
2026-07-13,Dubbo,R4 1000m Mdn,4,259927665,100487323,12,Tassorts Pride,5,0.0,2.92,1.0,1.3
2026-07-13,Dubbo,R5 1100m Hcap,5,259927668,2127710,1,Street Parade,1,0.0,5.2,1.0,2.34
2026-07-13,Dubbo,R5 1100m Hcap,5,259927668,42162045,3,Adviser,2,0.0,38.29,0.0,8.0
2026-07-13,Dubbo,R5 1100m Hcap,5,259927668,54936008,8,Brogans Creek,3,0.0,16.57,0.0,3.65
2026-07-13,Dubbo,R5 1100m Hcap,5,259927668,97448967,2,Sorrento Palace,5,0.0,3.41,0.0,1.42
2026-07-13,Dubbo,R5 1100m Hcap,5,259927668,100487326,12,Sigsaly,4,0.0,8.0,0.0,2.32
2026-07-13,Dubbo,R6 1100m Hcap,6,259927671,69420814,7,Gidgee Guy,2,0.0,25.27,0.0,7.0
2026-07-13,Dubbo,R6 1100m Hcap,6,259927671,73918140,11,Narrative,1,0.0,260.0,0.0,36.0
2026-07-13,Dubbo,R6 1100m Hcap,6,259927671,87206165,1,Glowing Rapids,3,0.0,12.5,1.0,2.94
2026-07-13,Dubbo,R6 1100m Hcap,6,259927671,100487328,2,Quasimoto,4,0.0,7.91,0.0,2.99
2026-07-13,Dubbo,R6 1100m Hcap,6,259927671,100487330,4,De Joker,5,0.0,4.3,1.0,2.24
2026-07-13,Dubbo,R7 1000m Hcap,7,259927674,63640245,3,Prince Of Sepang,2,0.0,9.0,0.0,2.68
2026-07-13,Dubbo,R7 1000m Hcap,7,259927674,70138900,10,Singing Star,4,0.0,4.16,0.0,2.18
2026-07-13,Dubbo,R7 1000m Hcap,7,259927674,70666508,8,Cumnock,1,0.0,34.07,0.0,7.2
2026-07-13,Dubbo,R7 1000m Hcap,7,259927674,73138261,7,Rothgate,3,0.0,30.0,1.0,5.24
2026-07-13,Dubbo,R7 1000m Hcap,7,259927674,100487335,6,Gail Jeanette,5,1.0,4.48,1.0,1.96
2026-07-13,Dubbo,R8 1400m Hcap,8,259927677,829583,3,Strassman,5,0.0,23.86,0.0,3.99
2026-07-13,Dubbo,R8 1400m Hcap,8,259927677,51033107,5,Cheap Shot,2,0.0,3.59,1.0,1.42
2026-07-13,Dubbo,R8 1400m Hcap,8,259927677,65557382,10,Ciao Bella Mia,3,1.0,2.08,1.0,1.23
2026-07-13,Dubbo,R8 1400m Hcap,8,259927677,87805409,12,Stolen Show,4,0.0,52.29,0.0,8.0
2026-07-13,Dubbo,R8 1400m Hcap,8,259927677,98273551,4,Invincible Salex,1,0.0,18.5,0.0,3.75
2026-07-13,Dubbo,R9 1400m Hcap,9,259927680,58211969,18,Ready For Lift Off,1,0.0,14.04,0.0,3.42
2026-07-13,Dubbo,R9 1400m Hcap,9,259927680,58671820,4,Extreme Merger,3,0.0,7.6,0.0,2.4
2026-07-13,Dubbo,R9 1400m Hcap,9,259927680,100487343,2,Quick Sharp,2,0.0,5.0,0.0,1.8
2026-07-13,Dubbo,R9 1400m Hcap,9,259927680,100487344,7,Fierce Luva,5,0.0,48.0,1.0,10.07
2026-07-13,Dubbo,R9 1400m Hcap,9,259927680,100487346,15,Im Kenough,4,0.0,86.57,0.0,16.9
2026-07-13,Mount Isa,R1 1200m Mdn,1,259933589,92742900,6,Instigate,3,0.0,9.0,1.0,1.88
2026-07-13,Mount Isa,R1 1200m Mdn,1,259933589,96965620,9,Peninhand,4,0.0,8.2,0.0,1.89
2026-07-13,Mount Isa,R1 1200m Mdn,1,259933589,97243069,1,Are Ya There,1,0.0,3.13,0.0,1.27
2026-07-13,Mount Isa,R1 1200m Mdn,1,259933589,100487153,2,Ken Dylan,5,0.0,244.99,0.0,28.55
2026-07-13,Mount Isa,R1 1200m Mdn,1,259933589,100487156,8,Lilii Borea,2,0.0,11.0,1.0,2.68
2026-07-13,Mount Isa,R2 900m CL1,2,259933593,69352520,2,Groove Jet,2,1.0,1.63,1.0,1.07
2026-07-13,Mount Isa,R2 900m CL1,2,259933593,76705952,6,Wholelottalove,4,0.0,3.8,0.0,1.26
2026-07-13,Mount Isa,R2 900m CL1,2,259933593,76706057,5,Up To Us,3,0.0,75.0,0.0,8.0
2026-07-13,Mount Isa,R2 900m CL1,2,259933593,79561920,7,Leucaena,5,0.0,15.92,1.0,2.02
2026-07-13,Mount Isa,R2 900m CL1,2,259933593,85016881,8,Outcast Soldier,1,0.0,22.0,1.0,2.24
2026-07-13,Mount Isa,R3 1450m Hcap,3,259933597,42413108,4,The Tyler,1,1.0,3.87,1.0,2.04
2026-07-13,Mount Isa,R3 1450m Hcap,3,259933597,59186403,7,Wolf Point,2,0.0,5.95,0.0,2.53
2026-07-13,Mount Isa,R3 1450m Hcap,3,259933597,78534717,5,Sources Link,4,0.0,6.02,0.0,2.93
2026-07-13,Mount Isa,R3 1450m Hcap,3,259933597,80130094,2,Lucy Lulu,5,0.0,6.32,1.0,3.35
2026-07-13,Mount Isa,R3 1450m Hcap,3,259933597,94181149,1,Sweetpea Moochi,3,0.0,24.37,0.0,7.89
2026-07-13,Mount Isa,R4 1450m Hcap,4,259933601,42860614,7,Meghan,4,0.0,13.87,0.0,3.05
2026-07-13,Mount Isa,R4 1450m Hcap,4,259933601,53946572,2,Zouhope,3,0.0,6.13,0.0,1.87
2026-07-13,Mount Isa,R4 1450m Hcap,4,259933601,55533618,5,Summer Sizzling,5,0.0,12.99,1.0,3.75
2026-07-13,Mount Isa,R4 1450m Hcap,4,259933601,58099844,3,Yalla,1,0.0,5.98,1.0,2.04
2026-07-13,Mount Isa,R4 1450m Hcap,4,259933601,86554839,4,Melaten,2,0.0,10.0,0.0,2.52
2026-07-13,Mount Isa,R5 1000m CL3,5,259933605,6348333,2,Head Honcho,1,0.0,14.1,0.0,2.5
2026-07-13,Mount Isa,R5 1000m CL3,5,259933605,62432104,1,Bigcat,2,0.0,2.13,0.0,1.12
2026-07-13,Mount Isa,R5 1000m CL3,5,259933605,89670196,9,Whiskey River,3,1.0,6.2,1.0,1.63
2026-07-13,Mount Isa,R5 1000m CL3,5,259933605,92504187,3,Miss The Music,5,0.0,6.34,0.0,1.67
2026-07-13,Mount Isa,R5 1000m CL3,5,259933605,100487157,6,Sandy Grip,4,0.0,44.3,1.0,7.2
2026-07-13,Mount Isa,R6 1200m Hcap,6,259933609,2410750,7,Bitterblue,5,0.0,30.89,1.0,5.7
2026-07-13,Mount Isa,R6 1200m Hcap,6,259933609,47463389,6,Makanui,3,0.0,5.1,0.0,1.69
2026-07-13,Mount Isa,R6 1200m Hcap,6,259933609,73103701,4,Xingxing,1,0.0,4.43,0.0,1.81
2026-07-13,Mount Isa,R6 1200m Hcap,6,259933609,73103701,4,Xingxing,2,0.0,4.43,0.0,1.81
2026-07-13,Mount Isa,R6 1200m Hcap,6,259933609,98735563,1,Viking Valour,4,1.0,2.98,1.0,1.43
2026-07-13,Mount Isa,R7 1000m Hcap,7,259933613,35727613,1,Viburnum,2,0.0,5.38,1.0,1.77
2026-07-13,Mount Isa,R7 1000m Hcap,7,259933613,61104834,2,Magical Slipper,5,0.0,3.93,0.0,1.52
2026-07-13,Mount Isa,R7 1000m Hcap,7,259933613,62098135,3,Media Empire,3,0.0,29.27,0.0,5.5
2026-07-13,Mount Isa,R7 1000m Hcap,7,259933613,71904893,6,She Smashes,1,1.0,3.33,1.0,1.56
2026-07-13,Mount Isa,R7 1000m Hcap,7,259933613,89670201,9,Ferrari Girl,4,0.0,17.5,1.0,3.46
2026-07-13,Quirindi,R1 1450m Mdn,1,259927683,61139843,3,Turpins Torment,2,0.0,51.81,0.0,9.2
2026-07-13,Quirindi,R1 1450m Mdn,1,259927683,72134453,8,Redaluca Girl,3,0.0,3.38,0.0,1.45
2026-07-13,Quirindi,R1 1450m Mdn,1,259927683,90251689,5,Dont Say Do,1,0.0,4.79,0.0,1.84
2026-07-13,Quirindi,R1 1450m Mdn,1,259927683,100486062,2,Tarrant County,5,0.0,4.7,1.0,1.9
2026-07-13,Quirindi,R1 1450m Mdn,1,259927683,100486064,6,Immortal Rose,4,1.0,3.12,1.0,1.73
2026-07-13,Quirindi,R2 2000m CL1,2,259927686,78781024,2,Lots To Love,1,0.0,3.83,1.0,1.14
2026-07-13,Quirindi,R2 2000m CL1,2,259927686,81562197,5,Flee With Me,4,0.0,66.96,0.0,3.63
2026-07-13,Quirindi,R2 2000m CL1,2,259927686,92537240,3,Calzino,3,1.0,3.38,1.0,1.51
2026-07-13,Quirindi,R2 2000m CL1,2,259927686,99172196,4,Microgravity,2,0.0,2.41,0.0,1.14
2026-07-13,Quirindi,,2,259927686,100486067,10,Think Im In,5,,,,
2026-07-13,Quirindi,R3 1000m Mdn,3,259927689,1042064,10,Miners Mate,5,0.0,4.5,1.0,1.61
2026-07-13,Quirindi,R3 1000m Mdn,3,259927689,4918556,6,Bees Knees,2,1.0,4.55,1.0,1.49
2026-07-13,Quirindi,R3 1000m Mdn,3,259927689,4918556,6,Bees Knees,3,1.0,4.55,1.0,1.49
2026-07-13,Quirindi,R3 1000m Mdn,3,259927689,86099441,3,Not So Wrong,4,0.0,11.0,0.0,1.97
2026-07-13,Quirindi,R3 1000m Mdn,3,259927689,96534319,2,Long Live,1,0.0,2.58,0.0,1.4
2026-07-13,Quirindi,R4 1200m Mdn,4,259927692,5890458,9,Kasumi,4,0.0,62.24,0.0,5.97
2026-07-13,Quirindi,R4 1200m Mdn,4,259927692,5890458,9,Kasumi,5,0.0,62.24,0.0,5.97
2026-07-13,Quirindi,R4 1200m Mdn,4,259927692,80362846,3,Almanzas,1,0.0,2.36,1.0,1.43
2026-07-13,Quirindi,R4 1200m Mdn,4,259927692,88733357,5,Alberts Pick,3,0.0,7.8,0.0,1.6
2026-07-13,Quirindi,R4 1200m Mdn,4,259927692,100486075,10,Luke Skywalker,2,0.0,19.59,0.0,2.98
2026-07-13,Quirindi,R5 1600m Hcap,5,259927695,50685459,6,Akauwheo,2,1.0,17.64,1.0,4.4
2026-07-13,Quirindi,R5 1600m Hcap,5,259927695,81221120,9,Dreymon,5,0.0,9.45,0.0,2.86
2026-07-13,Quirindi,R5 1600m Hcap,5,259927695,83409481,11,Major Lightning,4,0.0,15.5,0.0,3.56
2026-07-13,Quirindi,R5 1600m Hcap,5,259927695,97242099,7,Twice Az Cool,3,0.0,13.92,0.0,4.7
2026-07-13,Quirindi,R5 1600m Hcap,5,259927695,100232131,1,Athenas Treasure,1,0.0,4.07,0.0,1.83
2026-07-13,Quirindi,R6 1200m Hcap,6,259927698,5925299,2,Irish Jig,3,0.0,3.94,1.0,1.65
2026-07-13,Quirindi,R6 1200m Hcap,6,259927698,45690731,3,Manage The Cycle,4,0.0,28.0,0.0,7.27
2026-07-13,Quirindi,R6 1200m Hcap,6,259927698,70666189,1,Hes My Warrior,2,0.0,5.46,0.0,1.99
2026-07-13,Quirindi,R6 1200m Hcap,6,259927698,72380270,8,Big Short,5,0.0,43.47,0.0,7.37
2026-07-13,Quirindi,R6 1200m Hcap,6,259927698,89018363,7,Fan Harder,1,1.0,3.35,1.0,1.81
2026-07-13,Quirindi,R7 1000m Hcap,7,259927701,47871312,11,Simply Better,3,1.0,12.5,1.0,3.25
2026-07-13,Quirindi,R7 1000m Hcap,7,259927701,75118310,1,Snatchreilly,4,0.0,7.49,0.0,2.4
2026-07-13,Quirindi,R7 1000m Hcap,7,259927701,79258824,3,Octavian Treasure,2,0.0,9.8,0.0,2.84
2026-07-13,Quirindi,R7 1000m Hcap,7,259927701,79330780,6,Brighella,1,0.0,7.6,0.0,2.3
2026-07-13,Quirindi,R7 1000m Hcap,7,259927701,81562091,7,Scathingly,5,0.0,5.0,0.0,1.86
2026-07-14,Ballarat,R1 1000m Mdn,1,259962308,99809318,10,Boridi,1,0.0,3.85,1.0,1.5
2026-07-14,Ballarat,R1 1000m Mdn,1,259962308,100519480,1,Cacchione,2,0.0,5.44,1.0,1.69
2026-07-14,Ballarat,R1 1000m Mdn,1,259962308,100519481,3,Pump The Pedals,3,1.0,22.58,1.0,4.18
2026-07-14,Ballarat,R1 1000m Mdn,1,259962308,100519482,4,Sonic Bolt,5,0.0,5.51,0.0,2.08
2026-07-14,Ballarat,R1 1000m Mdn,1,259962308,100519486,11,Tag The Bride,4,0.0,3.77,0.0,1.67
2026-07-14,Ballarat,R2 1200m Mdn,2,259962316,100519487,1,Adrastos,3,0.0,19.04,0.0,5.8
2026-07-14,Ballarat,R2 1200m Mdn,2,259962316,100519488,2,Bohemian Star,2,0.0,12.83,1.0,3.2
2026-07-14,Ballarat,R2 1200m Mdn,2,259962316,100519490,5,Commandeur,4,0.0,4.5,0.0,1.56
2026-07-14,Ballarat,R2 1200m Mdn,2,259962316,100519492,9,Vegas Missile,1,1.0,2.95,1.0,1.43
2026-07-14,Ballarat,R2 1200m Mdn,2,259962316,100519494,11,Diamond Dawn,5,0.0,64.37,0.0,12.51
2026-07-14,Ballarat,R3 1400m Mdn,3,259962325,3713407,12,Apache Sunrise,3,0.0,4.0,1.0,1.42
2026-07-14,Ballarat,R3 1400m Mdn,3,259962325,98709241,10,Testy Nic,1,0.0,5.95,0.0,1.76
2026-07-14,Ballarat,R3 1400m Mdn,3,259962325,98925340,3,Duke Of Zhou,4,0.0,15.46,1.0,3.38
2026-07-14,Ballarat,R3 1400m Mdn,3,259962325,99242904,2,Done My Job,2,1.0,2.24,1.0,1.27
2026-07-14,Ballarat,R3 1400m Mdn,3,259962325,100232738,9,Star Of Tennyson,5,0.0,21.85,0.0,3.3
2026-07-14,Ballarat,R4 1500m Mdn,4,259962333,90286936,12,Very Famous,3,0.0,8.99,0.0,2.58
2026-07-14,Ballarat,R4 1500m Mdn,4,259962333,100519505,1,Ashina,1,0.0,5.0,0.0,1.79
2026-07-14,Ballarat,R4 1500m Mdn,4,259962333,100519506,2,Crafty Queen,2,0.0,3.5,1.0,1.64
2026-07-14,Ballarat,R4 1500m Mdn,4,259962333,100519508,5,Julep,4,0.0,14.5,0.0,3.55
2026-07-14,Ballarat,R4 1500m Mdn,4,259962333,100519509,7,Outsidethesquare,5,1.0,5.81,1.0,2.14
2026-07-14,Ballarat,R5 1500m Hcap,5,259962341,66403388,9,Swycho,4,0.0,51.03,0.0,8.71
2026-07-14,Ballarat,R5 1500m Hcap,5,259962341,72947927,2,Surreal I Am,2,1.0,2.8,1.0,1.39
2026-07-14,Ballarat,R5 1500m Hcap,5,259962341,77927821,6,Savamoon,3,0.0,13.79,0.0,2.81
2026-07-14,Ballarat,R5 1500m Hcap,5,259962341,89018830,1,Dramaticus,1,0.0,2.93,0.0,1.38
2026-07-14,Ballarat,R5 1500m Hcap,5,259962341,100519513,4,Brave Mission,5,0.0,8.48,1.0,2.19
2026-07-14,Ballarat,R6 2100m Hcap,6,259962349,3281303,3,Winston,3,0.0,5.23,1.0,2.12
2026-07-14,Ballarat,R6 2100m Hcap,6,259962349,7300466,2,Gates,2,0.0,6.63,0.0,2.46
2026-07-14,Ballarat,R6 2100m Hcap,6,259962349,65230074,1,Quite The Lass,4,0.0,11.13,0.0,2.82
2026-07-14,Ballarat,R6 2100m Hcap,6,259962349,68638113,5,Ahab,5,0.0,9.8,1.0,2.82
2026-07-14,Ballarat,R6 2100m Hcap,6,259962349,100262916,7,Morisu Ojo,1,0.0,16.62,0.0,4.5
2026-07-14,Ballarat,R7 1000m Hcap,7,259962357,2570051,4,Bold Print,5,0.0,9.51,0.0,2.72
2026-07-14,Ballarat,R7 1000m Hcap,7,259962357,7240331,3,Margin Call,2,0.0,9.4,1.0,3.15
2026-07-14,Ballarat,R7 1000m Hcap,7,259962357,79021843,2,Mafee,1,0.0,6.2,0.0,2.18
2026-07-14,Ballarat,R7 1000m Hcap,7,259962357,93757384,9,Brave Carol,3,0.0,5.34,0.0,2.44
2026-07-14,Ballarat,R7 1000m Hcap,7,259962357,100519516,11,Fast N Inzaine,4,0.0,27.0,0.0,7.0
2026-07-14,Ballarat,R8 1200m Hcap,8,259962365,55494158,1,Superset,3,0.0,14.5,0.0,3.31
2026-07-14,Ballarat,R8 1200m Hcap,8,259962365,68889983,4,Miss Mahjong,4,0.0,15.43,1.0,3.9
2026-07-14,Ballarat,R8 1200m Hcap,8,259962365,100519517,2,Audio Pop Cam,2,1.0,3.28,1.0,1.79
2026-07-14,Ballarat,R8 1200m Hcap,8,259962365,100519519,9,Tommyess,5,0.0,4.57,1.0,1.94
2026-07-14,Ballarat,R8 1200m Hcap,8,259962365,100519521,11,Hyper Ballad,1,0.0,7.6,0.0,2.67
2026-07-14,Newcastle,R1 1250m Mdn,1,259963397,262519,7,State Secret,4,0.0,7.87,0.0,2.29
2026-07-14,Newcastle,R1 1250m Mdn,1,259963397,86820694,1,Algorithmic,2,0.0,3.62,0.0,1.28
2026-07-14,Newcastle,R1 1250m Mdn,1,259963397,86820694,1,Algorithmic,3,0.0,3.62,0.0,1.28
2026-07-14,Newcastle,R1 1250m Mdn,1,259963397,100519713,6,Phantom Major,5,0.0,5.46,1.0,2.12
2026-07-14,Newcastle,R1 1250m Mdn,1,259963397,100519714,8,Tellurium,1,1.0,3.61,1.0,1.35
2026-07-14,Newcastle,R2 1400m Mdn,2,259963400,46291556,7,Enviable,1,1.0,1.18,1.0,1.05
2026-07-14,Newcastle,R2 1400m Mdn,2,259963400,46291556,7,Enviable,2,1.0,1.18,1.0,1.05
2026-07-14,Newcastle,R2 1400m Mdn,2,259963400,96747089,3,Hellfighter,3,0.0,12.5,1.0,1.53
2026-07-14,Newcastle,R2 1400m Mdn,2,259963400,97885771,1,Cool Rupert,4,0.0,69.35,1.0,2.55
2026-07-14,Newcastle,R2 1400m Mdn,2,259963400,99241960,2,Fimiston,5,0.0,29.13,0.0,2.12
2026-07-14,Newcastle,R3 1400m Mdn,3,259963403,3564614,3,Gondorff,3,0.0,12.0,1.0,1.85
2026-07-14,Newcastle,R3 1400m Mdn,3,259963403,8478571,8,Movie Night,2,1.0,3.35,1.0,1.12
2026-07-14,Newcastle,R3 1400m Mdn,3,259963403,83050253,6,All Too Clever,5,0.0,41.23,0.0,4.5
2026-07-14,Newcastle,R3 1400m Mdn,3,259963403,91806895,7,Artgirl,1,0.0,1.64,1.0,1.04
2026-07-14,Newcastle,R3 1400m Mdn,3,259963403,100519718,10,Da Vinci Rose,4,0.0,20.26,0.0,2.46
2026-07-14,Newcastle,R4 1250m Mdn,4,259963406,93871144,8,Savoonga,3,0.0,25.0,1.0,3.45
2026-07-14,Newcastle,R4 1250m Mdn,4,259963406,94181123,6,Mark Of Glory,2,0.0,10.0,0.0,2.15
2026-07-14,Newcastle,R4 1250m Mdn,4,259963406,100519721,2,Blixen,5,0.0,54.0,0.0,7.8
2026-07-14,Newcastle,R4 1250m Mdn,4,259963406,100519722,3,Dame Dividend,4,0.0,33.7,1.0,4.31
2026-07-14,Newcastle,R4 1250m Mdn,4,259963406,100519723,9,Sphere,1,1.0,1.57,1.0,1.2
2026-07-14,Newcastle,R5 1250m CL1,5,259963409,805389,9,Ouragan,4,0.0,11.5,0.0,2.57
2026-07-14,Newcastle,R5 1250m CL1,5,259963409,100519725,1,Hinzel,2,0.0,6.24,1.0,2.12
2026-07-14,Newcastle,R5 1250m CL1,5,259963409,100519727,4,One Run Won,5,0.0,11.5,1.0,2.8
2026-07-14,Newcastle,R5 1250m CL1,5,259963409,100519729,7,Vexxy,3,0.0,4.43,0.0,1.73
2026-07-14,Newcastle,R5 1250m CL1,5,259963409,100519730,8,Nuns Chorus,1,1.0,4.7,1.0,1.7
2026-07-14,Newcastle,R6 2200m Hcap,6,259963412,67662122,4,Elle Hudson,1,1.0,2.98,1.0,1.42
2026-07-14,Newcastle,R6 2200m Hcap,6,259963412,85854725,5,Jaspers Way,4,0.0,5.0,0.0,2.2
2026-07-14,Newcastle,R6 2200m Hcap,6,259963412,96180606,8,Sablonneuse,5,0.0,17.04,0.0,3.7
2026-07-14,Newcastle,R6 2200m Hcap,6,259963412,97480333,12,My Greek God,3,0.0,12.27,0.0,3.31
2026-07-14,Newcastle,R6 2200m Hcap,6,259963412,100519732,2,Bellini Spritz,2,0.0,3.67,0.0,1.56
2026-07-14,Newcastle,R7 1400m Hcap,7,259963415,68931132,10,Bakerloo,2,0.0,19.0,0.0,4.0
2026-07-14,Newcastle,R7 1400m Hcap,7,259963415,83641897,1,Cheval Chic,3,1.0,19.53,1.0,3.92
2026-07-14,Newcastle,R7 1400m Hcap,7,259963415,86306507,5,Celtic Sin,1,0.0,5.86,1.0,2.42
2026-07-14,Newcastle,R7 1400m Hcap,7,259963415,94376247,4,You Sexy Thing,4,0.0,2.89,0.0,1.42
2026-07-14,Newcastle,R7 1400m Hcap,7,259963415,100519739,9,Peschiera,5,0.0,13.0,1.0,3.45
2026-07-14,Newcastle,R8 1400m Hcap,8,259963418,2298674,10,Surpasser,4,0.0,90.85,0.0,6.19
2026-07-14,Newcastle,R8 1400m Hcap,8,259963418,7977943,4,Columbus,3,1.0,1.59,1.0,1.14
2026-07-14,Newcastle,R8 1400m Hcap,8,259963418,86389077,9,Turbulent,5,0.0,24.0,1.0,2.87
2026-07-14,Newcastle,R8 1400m Hcap,8,259963418,99241585,7,Roma Green,1,0.0,5.16,1.0,1.64
2026-07-14,Newcastle,R8 1400m Hcap,8,259963418,100519742,14,Felis Chaus,2,0.0,10.5,0.0,2.22
2026-07-14,Townsville,R1 1200m Mdn,1,259961851,4843612,2,Overland,2,0.0,11.88,0.0,2.45
2026-07-14,Townsville,R1 1200m Mdn,1,259961851,99241191,1,Prince Pier,1,1.0,2.43,1.0,1.26
2026-07-14,Townsville,R1 1200m Mdn,1,259961851,100519282,4,Stylish Rosie,4,0.0,9.0,1.0,1.96
2026-07-14,Townsville,R1 1200m Mdn,1,259961851,100519283,5,Dark Fae,3,0.0,3.3,1.0,1.3
2026-07-14,Townsville,R1 1200m Mdn,1,259961851,100519286,8,Babushka Doll,5,0.0,60.53,0.0,8.27
2026-07-14,Townsville,R2 1000m Hcap,2,259961855,2396323,8,Gold Classic,3,0.0,11.62,0.0,2.93
2026-07-14,Townsville,R2 1000m Hcap,2,259961855,5384534,2,Avenue Montaigne,1,0.0,4.3,0.0,1.87
2026-07-14,Townsville,R2 1000m Hcap,2,259961855,81222798,9,Penrod,4,0.0,32.6,0.0,5.7
2026-07-14,Townsville,R2 1000m Hcap,2,259961855,81222798,9,Penrod,5,0.0,32.6,0.0,5.7
2026-07-14,Townsville,R2 1000m Hcap,2,259961855,100519288,4,Alberta Bound,2,0.0,2.86,1.0,1.41
2026-07-14,Townsville,R3 1200m CL1,3,259961859,76390349,10,Miss Moneypenny,1,0.0,36.57,1.0,4.3
2026-07-14,Townsville,R3 1200m CL1,3,259961859,81812863,3,Aye Vee Aitch,4,0.0,2.0,1.0,1.16
2026-07-14,Townsville,R3 1200m CL1,3,259961859,81812863,3,Aye Vee Aitch,5,0.0,2.0,1.0,1.16
2026-07-14,Townsville,R3 1200m CL1,3,259961859,82414540,8,Cincincity,2,0.0,30.66,0.0,4.1
2026-07-14,Townsville,R3 1200m CL1,3,259961859,100519289,5,Muskito,3,0.0,3.41,0.0,1.57
2026-07-14,Townsville,R4 1000m Hcap,4,259961863,65023460,10,Savee,3,0.0,26.0,0.0,5.1
2026-07-14,Townsville,R4 1000m Hcap,4,259961863,80055792,1,The Kamikaze,4,1.0,25.0,1.0,6.0
2026-07-14,Townsville,R4 1000m Hcap,4,259961863,100519290,5,Dragon Tales,1,0.0,8.8,0.0,2.84
2026-07-14,Townsville,R4 1000m Hcap,4,259961863,100519292,7,Canny Prospect,5,0.0,13.18,1.0,3.4
2026-07-14,Townsville,R4 1000m Hcap,4,259961863,100519293,9,Shes Speedy,2,0.0,5.28,0.0,2.06
2026-07-14,Townsville,R5 1400m 3yo,5,259961867,74537921,1,Betterlucknexttime,3,0.0,5.29,0.0,1.67
2026-07-14,Townsville,R5 1400m 3yo,5,259961867,95069387,5,Bianca Mia,1,0.0,2.62,1.0,1.32
2026-07-14,Townsville,R5 1400m 3yo,5,259961867,95069387,5,Bianca Mia,4,0.0,2.62,1.0,1.32
2026-07-14,Townsville,R5 1400m 3yo,5,259961867,95069387,5,Bianca Mia,5,0.0,2.62,1.0,1.32
2026-07-14,Townsville,R5 1400m 3yo,5,259961867,100519298,8,Faraway Downs,2,0.0,3.0,1.0,1.33
2026-07-14,Townsville,R6 1400m Hcap,6,259961871,28763639,1,Smart Legend,2,0.0,7.6,0.0,2.8
2026-07-14,Townsville,R6 1400m Hcap,6,259961871,54704620,4,Thats Molly,3,0.0,26.03,0.0,6.86
2026-07-14,Townsville,R6 1400m Hcap,6,259961871,63026775,3,Free Carry,1,1.0,4.1,1.0,1.85
2026-07-14,Townsville,R6 1400m Hcap,6,259961871,92417684,11,Cifonelli,5,0.0,3.77,1.0,1.7
2026-07-14,Townsville,R6 1400m Hcap,6,259961871,97280035,9,Swatow,4,0.0,13.4,0.0,3.15
2026-07-14,Townsville,R7 1300m CL6,7,259961875,56053760,14,Miss Shu,5,0.0,115.47,0.0,17.43
2026-07-14,Townsville,R7 1300m CL6,7,259961875,60265287,2,Ruby Chicks,2,0.0,25.5,0.0,6.52
2026-07-14,Townsville,R7 1300m CL6,7,259961875,73259059,1,Colours Of Autumn,1,0.0,5.26,1.0,2.26
2026-07-14,Townsville,R7 1300m CL6,7,259961875,81563684,3,Upstart Legend,4,1.0,4.62,1.0,1.93
2026-07-14,Townsville,R7 1300m CL6,7,259961875,100519301,4,Lowlands,3,0.0,4.53,0.0,1.82
2026-07-15,Balaklava,R1 2212m Mdn,1,259996654,4052274,2,Kohala,3,0.0,11.71,0.0,2.3
2026-07-15,Balaklava,R1 2212m Mdn,1,259996654,68673843,4,Orchard Thief,4,0.0,24.0,0.0,3.1
2026-07-15,Balaklava,R1 2212m Mdn,1,259996654,78230248,1,Dexter Dream,5,0.0,6.81,1.0,1.74
2026-07-15,Balaklava,R1 2212m Mdn,1,259996654,97725372,7,Celeman Zor,2,1.0,6.6,1.0,1.89
2026-07-15,Balaklava,R1 2212m Mdn,1,259996654,100631955,8,Swan Dance,1,0.0,2.05,1.0,1.14
2026-07-15,Balaklava,R2 1400m Mdn,2,259996663,8054491,6,Regimented,4,0.0,4.85,1.0,1.64
2026-07-15,Balaklava,R2 1400m Mdn,2,259996663,99206645,5,Healthandhappiness,2,1.0,4.67,1.0,1.82
2026-07-15,Balaklava,R2 1400m Mdn,2,259996663,99919587,3,A Time To Kill,1,0.0,5.1,0.0,1.82
2026-07-15,Balaklava,R2 1400m Mdn,2,259996663,99919591,7,Mandarin,3,0.0,5.8,0.0,2.0
2026-07-15,Balaklava,R2 1400m Mdn,2,259996663,100396535,9,Majestic Glow,5,0.0,38.0,0.0,6.8
2026-07-15,Balaklava,R3 1200m Mdn,3,259996672,4743645,2,Little Billie,5,0.0,8.25,0.0,2.9
2026-07-15,Balaklava,R3 1200m Mdn,3,259996672,71082559,4,Strong Minded,1,0.0,5.47,1.0,2.05
2026-07-15,Balaklava,R3 1200m Mdn,3,259996672,71192181,11,Twilight Tango,3,0.0,22.41,0.0,5.21
2026-07-15,Balaklava,R3 1200m Mdn,3,259996672,87805405,1,Another Bee,4,0.0,44.02,0.0,10.73
2026-07-15,Balaklava,R3 1200m Mdn,3,259996672,100631961,7,Extra Chill,2,0.0,3.98,0.0,1.88
2026-07-15,Balaklava,R4 1050m CL1,4,259996681,4752348,5,Funny Feeling,5,0.0,75.0,0.0,9.8
2026-07-15,Balaklava,R4 1050m CL1,4,259996681,63859734,9,Valabing,3,0.0,198.58,0.0,16.19
2026-07-15,Balaklava,R4 1050m CL1,4,259996681,92966032,7,Justadexter,4,0.0,3.13,0.0,1.51
2026-07-15,Balaklava,R4 1050m CL1,4,259996681,99531607,6,Finnbar Mccool,2,0.0,14.0,1.0,3.44
2026-07-15,Balaklava,R4 1050m CL1,4,259996681,100631963,1,Trade Game,1,0.0,2.51,0.0,1.38
2026-07-15,Balaklava,R5 1200m Hcap,5,259996690,41988785,3,Impending Diamond,2,0.0,3.55,0.0,1.37
2026-07-15,Balaklava,R5 1200m Hcap,5,259996690,43567103,5,The Hass,4,0.0,11.75,1.0,3.34
2026-07-15,Balaklava,R5 1200m Hcap,5,259996690,47413986,1,Costless,3,1.0,8.4,1.0,2.58
2026-07-15,Balaklava,R5 1200m Hcap,5,259996690,61895242,9,Razella,5,0.0,210.0,0.0,30.0
2026-07-15,Balaklava,R5 1200m Hcap,5,259996690,73642854,2,Prodigal Lad,1,0.0,10.87,0.0,2.87
2026-07-15,Balaklava,R6 2212m Hcap,6,259996699,668099,10,Shadow Hawk,3,0.0,19.0,0.0,4.54
2026-07-15,Balaklava,R6 2212m Hcap,6,259996699,954781,7,Jackson Run,5,0.0,5.7,0.0,2.03
2026-07-15,Balaklava,R6 2212m Hcap,6,259996699,28306714,8,Laybuy,4,0.0,84.11,1.0,13.09
2026-07-15,Balaklava,R6 2212m Hcap,6,259996699,74813704,2,Whatsanamegeorge,2,0.0,5.0,0.0,2.04
2026-07-15,Balaklava,R6 2212m Hcap,6,259996699,77301795,3,Kailees Boy,1,0.0,14.4,0.0,4.4
2026-07-15,Balaklava,R7 1400m Hcap,7,259996708,38214205,11,Limbering,2,1.0,5.65,1.0,2.42
2026-07-15,Balaklava,R7 1400m Hcap,7,259996708,43350613,8,Spelman,3,0.0,12.52,0.0,4.47
2026-07-15,Balaklava,R7 1400m Hcap,7,259996708,43858010,13,Grandellie,5,0.0,18.12,0.0,4.8
2026-07-15,Balaklava,R7 1400m Hcap,7,259996708,68091240,3,Galloping Guru,1,0.0,7.2,0.0,2.31
2026-07-15,Balaklava,R7 1400m Hcap,7,259996708,74189359,16,Archdeacon,4,0.0,11.94,1.0,3.62
2026-07-15,Bunbury,R1 1100m 2yo,1,260001018,100632725,2,Magnificent Malcom,3,0.0,8.4,0.0,2.42
2026-07-15,Bunbury,R1 1100m 2yo,1,260001018,100632727,4,God Of Texas,2,0.0,3.72,0.0,1.63
2026-07-15,Bunbury,R1 1100m 2yo,1,260001018,100632729,6,Rastafari,5,0.0,28.21,0.0,6.27
2026-07-15,Bunbury,R1 1100m 2yo,1,260001018,100632731,8,Crocs,1,0.0,21.0,0.0,5.0
2026-07-15,Bunbury,R1 1100m 2yo,1,260001018,100632733,10,Miss Bradley,4,0.0,46.0,0.0,7.77
2026-07-15,Bunbury,R2 1000m Mdn,2,260001027,92207883,1,Sunset Session,1,1.0,3.83,1.0,1.49
2026-07-15,Bunbury,R2 1000m Mdn,2,260001027,93466969,4,Dreamlord,5,0.0,80.0,0.0,10.64
2026-07-15,Bunbury,R2 1000m Mdn,2,260001027,100632737,2,Oscars No Grouch,3,0.0,3.24,1.0,1.43
2026-07-15,Bunbury,R2 1000m Mdn,2,260001027,100632738,5,Bubbles In Rio,2,0.0,7.81,0.0,1.96
2026-07-15,Bunbury,R2 1000m Mdn,2,260001027,100632739,7,Hit The Sesh,4,0.0,138.74,0.0,18.0
2026-07-15,Bunbury,R3 1000m CL1,3,260001036,9301287,5,Tiger Tank,3,0.0,10.86,0.0,2.75
2026-07-15,Bunbury,R3 1000m CL1,3,260001036,82538634,3,Unfortunate Lad,5,0.0,6.97,0.0,2.0
2026-07-15,Bunbury,R3 1000m CL1,3,260001036,87381127,7,Snip Of Romance,1,0.0,3.51,1.0,1.71
2026-07-15,Bunbury,R3 1000m CL1,3,260001036,94182439,2,Deepest Desire,2,1.0,11.32,1.0,2.78
2026-07-15,Bunbury,R3 1000m CL1,3,260001036,96939523,4,Earl It Is,4,0.0,38.0,0.0,6.4
2026-07-15,Bunbury,R4 1400m 3yo,4,260001045,1321943,3,Double The Fun,2,0.0,8.97,0.0,2.43
2026-07-15,Bunbury,R4 1400m 3yo,4,260001045,85982317,5,Playing Free,5,0.0,27.02,0.0,5.82
2026-07-15,Bunbury,R4 1400m 3yo,4,260001045,86555417,6,Cosmic Waltz,3,0.0,9.4,1.0,2.73
2026-07-15,Bunbury,R4 1400m 3yo,4,260001045,100632744,2,Desert Ora,1,1.0,2.3,1.0,1.29
2026-07-15,Bunbury,R4 1400m 3yo,4,260001045,100632745,7,Acquired Taste,4,0.0,14.5,0.0,3.31
2026-07-15,Bunbury,R5 1400m CL1,5,260001054,3663363,3,Awesome Force,3,0.0,11.56,0.0,2.28
2026-07-15,Bunbury,R5 1400m CL1,5,260001054,4865707,9,Rebels,4,0.0,16.44,0.0,3.16
2026-07-15,Bunbury,R5 1400m CL1,5,260001054,57056347,10,One Target,5,0.0,34.0,1.0,4.49
2026-07-15,Bunbury,R5 1400m CL1,5,260001054,100632746,1,Partay,1,1.0,1.72,1.0,1.15
2026-07-15,Bunbury,R5 1400m CL1,5,260001054,100632747,5,Mysterious Fortune,2,0.0,8.44,0.0,2.14
2026-07-15,Bunbury,R6 1400m CL1,6,260001063,4367232,8,Offshore,2,0.0,31.03,0.0,6.6
2026-07-15,Bunbury,R6 1400m CL1,6,260001063,99142337,1,Saigon Dancer,1,0.0,4.54,0.0,1.79
2026-07-15,Bunbury,R6 1400m CL1,6,260001063,99142342,7,Luna Ascending,4,0.0,36.0,0.0,7.04
2026-07-15,Bunbury,R6 1400m CL1,6,260001063,100632749,2,American Image,5,0.0,4.08,1.0,1.66
2026-07-15,Bunbury,R6 1400m CL1,6,260001063,100632752,9,Take A Leaf,3,1.0,13.79,1.0,3.19
2026-07-15,Bunbury,R7 1705m Hcap,7,260001072,47241820,6,Uncle Gerard,5,0.0,14.84,0.0,4.62
2026-07-15,Bunbury,R7 1705m Hcap,7,260001072,52638112,5,Here For Cheques,2,0.0,6.05,1.0,1.9
2026-07-15,Bunbury,R7 1705m Hcap,7,260001072,69391384,1,Chollima,1,0.0,10.22,0.0,3.14
2026-07-15,Bunbury,R7 1705m Hcap,7,260001072,73105101,3,Omerta Grace,4,0.0,34.0,0.0,6.8
2026-07-15,Bunbury,R7 1705m Hcap,7,260001072,100233681,4,Esta Mirando,3,1.0,4.21,1.0,1.89
2026-07-15,Eagle Farm,R1 1000m 2yo,1,259996582,3011627,13,Sir James,2,0.0,27.87,0.0,5.4
2026-07-15,Eagle Farm,R1 1000m 2yo,1,259996582,95301707,8,Sniper Boom,4,0.0,36.0,0.0,5.7
2026-07-15,Eagle Farm,R1 1000m 2yo,1,259996582,100632103,7,Profit In Paradise,3,1.0,16.48,1.0,3.63
2026-07-15,Eagle Farm,R1 1000m 2yo,1,259996582,100632104,9,Threeeyedwitch,1,0.0,16.5,0.0,3.93
2026-07-15,Eagle Farm,R1 1000m 2yo,1,259996582,100632105,10,Xtravagant Johnny,5,0.0,3.83,1.0,1.77
2026-07-15,Eagle Farm,R2 1000m 2yo,2,259996591,100632108,1,Boonie Boom,5,1.0,5.08,1.0,2.35
2026-07-15,Eagle Farm,R2 1000m 2yo,2,259996591,100632110,3,Crypto Chick,2,0.0,15.95,0.0,3.56
2026-07-15,Eagle Farm,R2 1000m 2yo,2,259996591,100632111,4,Exceed The Sale,4,0.0,8.2,1.0,2.54
2026-07-15,Eagle Farm,R2 1000m 2yo,2,259996591,100632112,5,Iskenderun,3,0.0,19.06,0.0,4.3
2026-07-15,Eagle Farm,R2 1000m 2yo,2,259996591,100632117,11,Iransofar,1,0.0,4.58,0.0,1.68
2026-07-15,Eagle Farm,R3 1600m CL3,3,259996600,80130993,2,Vacillation,5,0.0,45.71,0.0,5.1
2026-07-15,Eagle Farm,R3 1600m CL3,3,259996600,100632124,3,Special Artist,4,0.0,9.0,0.0,2.06
2026-07-15,Eagle Farm,R3 1600m CL3,3,259996600,100632125,5,Our Smokeshow,2,0.0,6.6,0.0,1.81
2026-07-15,Eagle Farm,R3 1600m CL3,3,259996600,100632125,5,Our Smokeshow,3,0.0,6.6,0.0,1.81
2026-07-15,Eagle Farm,R3 1600m CL3,3,259996600,100632126,7,Margots Deel,1,1.0,1.8,1.0,1.16
2026-07-15,Eagle Farm,R4 1800m CL1,4,259996609,96720564,2,The Big Blue,2,0.0,4.4,0.0,1.46
2026-07-15,Eagle Farm,R4 1800m CL1,4,259996609,98146452,1,Cast Party,4,0.0,16.06,1.0,3.65
2026-07-15,Eagle Farm,R4 1800m CL1,4,259996609,99493265,6,Cool Drinks,3,0.0,2.68,0.0,1.24
2026-07-15,Eagle Farm,R4 1800m CL1,4,259996609,99770627,7,Jotopeli,5,0.0,48.72,0.0,8.11
2026-07-15,Eagle Farm,R4 1800m CL1,4,259996609,100632128,3,Cansort,1,1.0,4.65,1.0,1.62
2026-07-15,Eagle Farm,R5 1400m 3yo,5,259996618,92460022,12,Tassorati,5,0.0,12.56,0.0,2.92
2026-07-15,Eagle Farm,R5 1400m 3yo,5,259996618,98709138,10,Love Rebel,2,1.0,8.28,1.0,2.38
2026-07-15,Eagle Farm,R5 1400m 3yo,5,259996618,100164673,13,Toobloos,4,0.0,2.6,1.0,1.43
2026-07-15,Eagle Farm,R5 1400m 3yo,5,259996618,100632132,5,Under Arrest,1,0.0,9.32,0.0,2.8
2026-07-15,Eagle Farm,R5 1400m 3yo,5,259996618,100632133,11,Red Samovar,3,0.0,7.6,0.0,2.64
2026-07-15,Eagle Farm,R6 1000m Hcap,6,259996627,4168702,6,Action King,1,0.0,6.69,1.0,2.0
2026-07-15,Eagle Farm,R6 1000m Hcap,6,259996627,50560903,3,Invahir,4,0.0,11.5,0.0,2.58
2026-07-15,Eagle Farm,R6 1000m Hcap,6,259996627,54404767,8,Ralphie,3,0.0,10.0,0.0,2.48
2026-07-15,Eagle Farm,R6 1000m Hcap,6,259996627,56645016,5,Shako,5,0.0,12.57,0.0,2.78
2026-07-15,Eagle Farm,R6 1000m Hcap,6,259996627,90604393,7,Moulin Miss,2,1.0,1.95,1.0,1.19
2026-07-15,Eagle Farm,R7 1400m CL1,7,259996636,842540,6,Transgress,5,0.0,6.8,0.0,2.2
2026-07-15,Eagle Farm,R7 1400m CL1,7,259996636,5520165,3,Dust Cloud,4,0.0,2.35,1.0,1.25
2026-07-15,Eagle Farm,R7 1400m CL1,7,259996636,81848884,1,Teelg,2,0.0,6.08,0.0,2.09
2026-07-15,Eagle Farm,R7 1400m CL1,7,259996636,99770963,5,Love To Torque,3,0.0,110.0,0.0,15.5
2026-07-15,Eagle Farm,R7 1400m CL1,7,259996636,100487226,12,Iced Chocolate,1,0.0,22.0,0.0,5.5
2026-07-15,Eagle Farm,R8 1200m Hcap,8,259996645,8665216,2,Metaphorically,2,0.0,11.87,0.0,3.59
2026-07-15,Eagle Farm,R8 1200m Hcap,8,259996645,67532955,5,Fragile Love,1,1.0,5.98,1.0,2.2
2026-07-15,Eagle Farm,R8 1200m Hcap,8,259996645,71904896,9,Berezka,4,0.0,5.72,1.0,2.15
2026-07-15,Eagle Farm,R8 1200m Hcap,8,259996645,85778152,7,Nepravda,3,0.0,17.47,0.0,5.05
2026-07-15,Eagle Farm,R8 1200m Hcap,8,259996645,89670080,6,Shelstein,5,0.0,5.62,0.0,2.15
2026-07-15,Grafton,R1 1000m Mdn,1,259996556,92087647,1,Farnished,1,1.0,5.11,1.0,2.99
2026-07-15,Grafton,R1 1000m Mdn,1,259996556,98018277,2,Funky Cold Medina,3,0.0,5.9,0.0,2.02
2026-07-15,Grafton,R1 1000m Mdn,1,259996556,100632235,5,Prestige Prince,2,0.0,32.83,0.0,6.79
2026-07-15,Grafton,R1 1000m Mdn,1,259996556,100632236,6,Birdy Girl,4,0.0,15.0,0.0,4.3
2026-07-15,Grafton,R1 1000m Mdn,1,259996556,100632245,15,Sweet September,5,0.0,34.0,0.0,6.44
2026-07-15,Grafton,R2 1700m Mdn,2,259996559,93826643,10,Bassetts Choice,1,0.0,27.0,0.0,5.32
2026-07-15,Grafton,R2 1700m Mdn,2,259996559,99493072,11,Edge Of Infinity,2,0.0,5.01,0.0,2.42
2026-07-15,Grafton,R2 1700m Mdn,2,259996559,99493072,11,Edge Of Infinity,3,0.0,5.01,0.0,2.42
2026-07-15,Grafton,R2 1700m Mdn,2,259996559,99770406,1,Audaciously Frank,5,0.0,2.62,1.0,1.69
2026-07-15,Grafton,R2 1700m Mdn,2,259996559,100632248,4,Firey Truth,4,0.0,9.56,0.0,2.12
2026-07-15,Grafton,R3 2200m CL6,3,259996562,49244363,12,Winning Point,3,0.0,15.98,0.0,2.26
2026-07-15,Grafton,R3 2200m CL6,3,259996562,72200157,2,Barazin,1,1.0,6.19,1.0,1.56
2026-07-15,Grafton,R3 2200m CL6,3,259996562,80130045,5,Brilliant Knight,5,0.0,17.82,0.0,2.74
2026-07-15,Grafton,R3 2200m CL6,3,259996562,80362821,7,Firm Agreement,2,0.0,1.54,1.0,1.1
2026-07-15,Grafton,R3 2200m CL6,3,259996562,83155342,4,Rock The Machine,4,0.0,33.75,1.0,3.2
2026-07-15,Grafton,R4 1100m CL2,4,259996565,97693362,8,Deep Stealth,2,0.0,15.94,0.0,3.44
2026-07-15,Grafton,R4 1100m CL2,4,259996565,98735040,2,Youwroteuponit,1,0.0,18.0,0.0,3.9
2026-07-15,Grafton,R4 1100m CL2,4,259996565,99241630,1,Storm Merchant,4,0.0,2.07,1.0,1.25
2026-07-15,Grafton,R4 1100m CL2,4,259996565,99809835,4,Immortal Storm,3,0.0,6.4,1.0,2.61
2026-07-15,Grafton,R4 1100m CL2,4,259996565,100632251,13,Zoucat,5,0.0,150.0,0.0,15.5
2026-07-15,Grafton,R5 1600m CL2,5,259996568,76336128,5,Vixenette,1,0.0,2.61,1.0,1.32
2026-07-15,Grafton,R5 1600m CL2,5,259996568,81263802,6,Jason Darren,2,1.0,6.77,1.0,2.08
2026-07-15,Grafton,R5 1600m CL2,5,259996568,87805209,8,Launcher,5,0.0,14.22,0.0,3.36
2026-07-15,Grafton,R5 1600m CL2,5,259996568,88651174,4,Captain Eagle,3,0.0,6.23,1.0,2.38
2026-07-15,Grafton,R5 1600m CL2,5,259996568,100632257,15,Tara Koda,4,0.0,48.0,0.0,6.39
2026-07-15,Grafton,R6 1600m Qlty,6,259996571,12203924,7,Swing State,3,0.0,18.9,1.0,2.58
2026-07-15,Grafton,R6 1600m Qlty,6,259996571,81847937,3,Rustemo,2,1.0,1.74,1.0,1.17
2026-07-15,Grafton,R6 1600m Qlty,6,259996571,85713000,1,Hillier,1,0.0,4.9,1.0,1.38
2026-07-15,Grafton,R6 1600m Qlty,6,259996571,87164976,2,Blitzburg,5,0.0,39.22,0.0,5.43
2026-07-15,Grafton,R7 1200m Qlty,7,259996574,45874987,2,Brudenell,2,0.0,15.16,0.0,3.79
2026-07-15,Grafton,R7 1200m Qlty,7,259996574,58813853,5,Fire Star,4,0.0,11.31,0.0,3.53
2026-07-15,Grafton,R7 1200m Qlty,7,259996574,66543892,4,Pereille,1,0.0,11.07,1.0,3.08
2026-07-15,Grafton,R7 1200m Qlty,7,259996574,80091824,3,Givemethebeatboys,3,0.0,6.83,1.0,2.61
2026-07-15,Grafton,R7 1200m Qlty,7,259996574,100632266,14,World Alliance,5,0.0,16.14,0.0,4.11
2026-07-15,Grafton,R8 1400m Hcap,8,259996577,365034,10,Critical Time,1,1.0,7.62,1.0,3.0
2026-07-15,Grafton,R8 1400m Hcap,8,259996577,2232324,11,Vetoed,4,0.0,25.17,0.0,5.27
2026-07-15,Grafton,R8 1400m Hcap,8,259996577,2641296,3,Autumn Miss,2,0.0,2.94,0.0,1.39
2026-07-15,Grafton,R8 1400m Hcap,8,259996577,60528163,4,Barcelona Express,3,0.0,8.2,0.0,2.88
2026-07-15,Grafton,R8 1400m Hcap,8,259996577,100632273,15,Aureate,5,0.0,13.1,1.0,3.04
2026-07-15,Sandown,R1 1200m 2yo,1,259996751,3553448,1,Commit,2,0.0,6.22,1.0,1.68
2026-07-15,Sandown,R1 1200m 2yo,1,259996751,18974897,4,American Eagle,5,1.0,3.56,1.0,1.81
2026-07-15,Sandown,R1 1200m 2yo,1,259996751,100632348,3,Judas Tree,1,0.0,3.25,1.0,1.41
2026-07-15,Sandown,R1 1200m 2yo,1,259996751,100632350,6,Civic Square,4,0.0,14.0,0.0,3.06
2026-07-15,Sandown,R1 1200m 2yo,1,259996751,100632355,11,Crown Of Fire,3,0.0,8.4,0.0,2.5
2026-07-15,Sandown,R2 1600m Mdn,2,259996760,85814351,5,The Quiet Immortal,2,0.0,5.12,1.0,1.49
2026-07-15,Sandown,R2 1600m Mdn,2,259996760,99459532,3,Everymomentcounts,5,0.0,120.0,0.0,12.5
2026-07-15,Sandown,R2 1600m Mdn,2,259996760,100632357,2,De Ascot,4,1.0,8.68,1.0,2.7
2026-07-15,Sandown,R2 1600m Mdn,2,259996760,100632358,4,Gold Chariot,3,0.0,2.36,0.0,1.23
2026-07-15,Sandown,R2 1600m Mdn,2,259996760,100632360,9,Next Tuesday,1,0.0,7.0,1.0,1.79
2026-07-15,Sandown,R3 1400m Hcap,3,259996769,82376305,6,Tempranillo,1,0.0,10.32,1.0,3.0
2026-07-15,Sandown,R3 1400m Hcap,3,259996769,85712863,3,Brutalina,5,0.0,11.5,0.0,2.94
2026-07-15,Sandown,R3 1400m Hcap,3,259996769,86976348,4,Sea Poem,3,0.0,4.68,0.0,1.8
2026-07-15,Sandown,R3 1400m Hcap,3,259996769,88611378,2,Delicate Lady,2,0.0,9.08,0.0,2.79
2026-07-15,Sandown,R3 1400m Hcap,3,259996769,100632361,1,Silent Shares,4,1.0,3.58,1.0,1.5
2026-07-15,Sandown,R4 1000m Hcap,4,259996778,2314778,1,Ravenclaw,4,0.0,17.5,0.0,5.25
2026-07-15,Sandown,R4 1000m Hcap,4,259996778,57883760,3,Misty Legend,3,0.0,19.5,0.0,4.67
2026-07-15,Sandown,R4 1000m Hcap,4,259996778,69675533,2,Dreamzel,1,1.0,4.2,1.0,1.57
2026-07-15,Sandown,R4 1000m Hcap,4,259996778,73991768,10,Walter Spur,5,0.0,16.02,1.0,3.32
2026-07-15,Sandown,R4 1000m Hcap,4,259996778,100632362,7,Faraway Dream,2,0.0,4.3,0.0,1.71
2026-07-15,Sandown,R5 1000m 3yo,5,259996787,86275897,1,Saluted,1,0.0,9.75,1.0,3.45
2026-07-15,Sandown,R5 1000m 3yo,5,259996787,93022153,2,Nordic Strike,2,0.0,7.94,0.0,2.88
2026-07-15,Sandown,R5 1000m 3yo,5,259996787,96965976,4,Logam,4,0.0,22.08,0.0,5.47
2026-07-15,Sandown,R5 1000m 3yo,5,259996787,100632363,3,Blue Humma,5,0.0,5.73,1.0,2.4
2026-07-15,Sandown,R5 1000m 3yo,5,259996787,100632364,5,Satin Diva,3,0.0,6.59,0.0,2.54
2026-07-15,Sandown,R6 1800m Hcap,6,259996796,57078152,6,Saveadateforme,3,0.0,83.16,0.0,17.61
2026-07-15,Sandown,R6 1800m Hcap,6,259996796,84222825,8,Almairac,2,0.0,12.36,0.0,3.37
2026-07-15,Sandown,R6 1800m Hcap,6,259996796,86893304,7,Dubai Watch,5,0.0,11.0,0.0,3.61
2026-07-15,Sandown,R6 1800m Hcap,6,259996796,100632370,12,Komito,4,1.0,5.4,1.0,2.18
2026-07-15,Sandown,R6 1800m Hcap,6,259996796,100632372,14,Blue Willow,1,0.0,3.8,1.0,1.72
2026-07-15,Sandown,R7 2400m Hcap,7,259996805,27121937,9,Empress Of The Sun,3,0.0,2.96,0.0,1.36
2026-07-15,Sandown,R7 2400m Hcap,7,259996805,45367955,5,Sing For Peace,5,0.0,50.0,0.0,8.0
2026-07-15,Sandown,R7 2400m Hcap,7,259996805,71374458,2,Bluestone,2,0.0,9.43,0.0,2.09
2026-07-15,Sandown,R7 2400m Hcap,7,259996805,83378965,6,Jaykayann,4,0.0,25.69,1.0,4.7
2026-07-15,Sandown,R7 2400m Hcap,7,259996805,98959906,1,Nearco Frod,1,1.0,3.31,1.0,1.53
2026-07-15,Sandown,R8 1400m Hcap,8,259996814,8150714,9,Touchdown,5,0.0,4.0,1.0,1.77
2026-07-15,Sandown,R8 1400m Hcap,8,259996814,69576798,10,Supernima,1,0.0,11.54,0.0,3.3
2026-07-15,Sandown,R8 1400m Hcap,8,259996814,73221141,1,Hell Rip,2,0.0,9.15,1.0,2.94
2026-07-15,Sandown,R8 1400m Hcap,8,259996814,100632378,8,Outta Compton,3,0.0,120.0,0.0,18.04
2026-07-15,Sandown,R8 1400m Hcap,8,259996814,100632381,18,Kahhof,4,1.0,5.0,1.0,2.06
2026-07-15,Warwick Farm,R1 1100m 2yo,1,259996495,95301629,6,Eviction Notice,1,0.0,2.76,1.0,1.22
2026-07-15,Warwick Farm,R1 1100m 2yo,1,259996495,100487029,2,Aurora Boom,5,0.0,23.15,0.0,4.6
2026-07-15,Warwick Farm,R1 1100m 2yo,1,259996495,100632174,3,Castillo King,3,1.0,2.4,1.0,1.21
2026-07-15,Warwick Farm,R1 1100m 2yo,1,259996495,100632177,7,Gerroa,2,0.0,55.0,0.0,7.31
2026-07-15,Warwick Farm,R1 1100m 2yo,1,259996495,100632179,9,Milele,4,0.0,217.44,0.0,23.97
2026-07-15,Warwick Farm,R2 1100m 2yo,2,259996504,4408442,11,Promenade,2,0.0,40.57,0.0,5.28
2026-07-15,Warwick Farm,R2 1100m 2yo,2,259996504,5325663,12,Rocket Girl,3,0.0,10.0,0.0,2.44
2026-07-15,Warwick Farm,R2 1100m 2yo,2,259996504,100632181,1,Bonvoy,5,0.0,31.16,0.0,7.13
2026-07-15,Warwick Farm,R2 1100m 2yo,2,259996504,100632183,3,Chanterelle,4,0.0,1.88,1.0,1.2
2026-07-15,Warwick Farm,R2 1100m 2yo,2,259996504,100632184,4,Coco Affair,1,0.0,5.27,1.0,1.67
2026-07-15,Warwick Farm,R3 1400m Mdn,3,259996513,7645496,11,Saloon Passage,5,1.0,2.37,1.0,1.17
2026-07-15,Warwick Farm,R3 1400m Mdn,3,259996513,73991341,9,Indigo Star,2,0.0,8.83,1.0,1.99
2026-07-15,Warwick Farm,R3 1400m Mdn,3,259996513,73991341,9,Indigo Star,4,0.0,8.83,1.0,1.99
2026-07-15,Warwick Farm,R3 1400m Mdn,3,259996513,100632192,2,Snitzel Miss,3,0.0,13.5,0.0,2.48
2026-07-15,Warwick Farm,R3 1400m Mdn,3,259996513,100632193,3,Claudel,1,0.0,3.5,1.0,1.51
2026-07-15,Warwick Farm,R4 1600m Hcap,4,259996522,4027591,6,Charleroi,4,0.0,5.8,0.0,2.08
2026-07-15,Warwick Farm,R4 1600m Hcap,4,259996522,4042430,1,Iceman,3,1.0,15.23,1.0,3.23
2026-07-15,Warwick Farm,R4 1600m Hcap,4,259996522,36136495,2,Danish Fortune,5,0.0,41.37,0.0,8.07
2026-07-15,Warwick Farm,R4 1600m Hcap,4,259996522,84471472,4,Champagne Hero,1,0.0,3.68,1.0,1.65
2026-07-15,Warwick Farm,R4 1600m Hcap,4,259996522,84471472,4,Champagne Hero,2,0.0,3.68,1.0,1.65
2026-07-15,Warwick Farm,R5 1600m Hcap,5,259996531,73443269,8,Emballee,5,0.0,48.73,0.0,7.67
2026-07-15,Warwick Farm,R5 1600m Hcap,5,259996531,75796487,7,Sister Daae,3,0.0,15.2,1.0,3.55
2026-07-15,Warwick Farm,R5 1600m Hcap,5,259996531,92743810,1,Full Hao,1,0.0,10.91,0.0,3.88
2026-07-15,Warwick Farm,R5 1600m Hcap,5,259996531,99919444,2,Deep Pleasure,2,0.0,5.85,1.0,1.89
2026-07-15,Warwick Farm,R5 1600m Hcap,5,259996531,100632198,9,Wootton Way,4,0.0,5.88,0.0,1.81
2026-07-15,Warwick Farm,R6 1100m Hcap,6,259996540,9579765,10,Capture Me,4,0.0,2.52,1.0,1.21
2026-07-15,Warwick Farm,R6 1100m Hcap,6,259996540,39529677,5,Fangela,3,0.0,148.51,0.0,15.55
2026-07-15,Warwick Farm,R6 1100m Hcap,6,259996540,87676891,1,Stormland,1,0.0,23.0,1.0,3.4
2026-07-15,Warwick Farm,R6 1100m Hcap,6,259996540,91748122,8,Jarrito,2,1.0,2.68,1.0,1.21
2026-07-15,Warwick Farm,R6 1100m Hcap,6,259996540,95620683,4,Everido,5,0.0,55.0,0.0,5.3
2026-07-15,Warwick Farm,R7 1400m Hcap,7,259996549,42248732,11,The Replicant,4,0.0,29.09,0.0,5.87
2026-07-15,Warwick Farm,R7 1400m Hcap,7,259996549,51312081,3,Bat Out Of Hell,3,0.0,14.65,0.0,3.62
2026-07-15,Warwick Farm,R7 1400m Hcap,7,259996549,81747548,2,Interjection,1,0.0,6.8,1.0,2.48
2026-07-15,Warwick Farm,R7 1400m Hcap,7,259996549,87495788,6,Mamushka,2,0.0,5.79,0.0,2.38
2026-07-15,Warwick Farm,R7 1400m Hcap,7,259996549,89669991,9,Dusty Bay,5,1.0,3.53,1.0,1.58
2026-07-16,Cranbourne,R1 1400m 3yo,1,260034509,84431119,6,Bellabama,4,0.0,8.6,1.0,2.04
2026-07-16,Cranbourne,R1 1400m 3yo,1,260034509,93320823,4,Zoudeadly,5,0.0,7.8,0.0,1.93
2026-07-16,Cranbourne,R1 1400m 3yo,1,260034509,99920696,3,Thinkyahot,1,0.0,2.27,1.0,1.33
2026-07-16,Cranbourne,R1 1400m 3yo,1,260034509,100632359,8,Luminaza,3,0.0,14.88,0.0,3.65
2026-07-16,Cranbourne,R1 1400m 3yo,1,260034509,100660943,2,Tagamate,2,0.0,13.71,0.0,2.81
2026-07-16,Cranbourne,R2 1000m Mdn,2,260034517,38802842,7,La Velocita,2,0.0,56.41,0.0,7.4
2026-07-16,Cranbourne,R2 1000m Mdn,2,260034517,100049425,12,Bossy Babe,3,0.0,8.21,0.0,1.76
2026-07-16,Cranbourne,R2 1000m Mdn,2,260034517,100660949,4,Bourdeto,5,0.0,9.6,0.0,2.15
2026-07-16,Cranbourne,R2 1000m Mdn,2,260034517,100660951,6,Koko,1,0.0,5.73,1.0,1.68
2026-07-16,Cranbourne,,2,260034517,100660952,8,Reina Del Rio,4,,,,
2026-07-16,Cranbourne,R3 1300m Mdn,3,260034525,9441238,6,Rayyan,5,0.0,3.93,0.0,1.86
2026-07-16,Cranbourne,R3 1300m Mdn,3,260034525,100232496,1,Diamond Mila,4,0.0,23.8,0.0,4.6
2026-07-16,Cranbourne,R3 1300m Mdn,3,260034525,100232499,4,Marine Grade,3,0.0,6.74,1.0,2.2
2026-07-16,Cranbourne,R3 1300m Mdn,3,260034525,100660957,5,Night Guard,1,0.0,7.18,1.0,2.2
2026-07-16,Cranbourne,R3 1300m Mdn,3,260034525,100660959,9,Alien Angel,2,1.0,3.25,1.0,1.63
2026-07-16,Cranbourne,R4 1500m Mdn,4,260034533,10726265,6,Royal Storm,1,0.0,11.0,0.0,2.6
2026-07-16,Cranbourne,R4 1500m Mdn,4,260034533,84146894,3,Deny Entry,3,1.0,10.5,1.0,3.02
2026-07-16,Cranbourne,R4 1500m Mdn,4,260034533,87768155,8,Smart Moves,4,0.0,9.1,0.0,2.5
2026-07-16,Cranbourne,R4 1500m Mdn,4,260034533,98925330,14,From Yesterday,2,0.0,3.1,0.0,1.66
2026-07-16,Cranbourne,R4 1500m Mdn,4,260034533,100660967,10,Wolves Den,5,0.0,4.0,1.0,1.62
2026-07-16,Cranbourne,R5 1600m Hcap,5,260034541,58138022,1,Deadly Press,1,0.0,5.2,1.0,1.72
2026-07-16,Cranbourne,R5 1600m Hcap,5,260034541,75118956,3,Cash Converter,5,0.0,12.0,1.0,2.85
2026-07-16,Cranbourne,R5 1600m Hcap,5,260034541,82895863,6,Real Alliance,3,0.0,17.88,0.0,3.82
2026-07-16,Cranbourne,R5 1600m Hcap,5,260034541,99731513,5,Fyreline,4,0.0,4.1,0.0,1.91
2026-07-16,Cranbourne,R5 1600m Hcap,5,260034541,100660977,13,Kiwi Jenni,2,0.0,4.3,0.0,1.91
2026-07-16,Cranbourne,R6 1000m Hcap,6,260034549,40041229,1,Nasraawy,2,0.0,5.14,0.0,2.08
2026-07-16,Cranbourne,R6 1000m Hcap,6,260034549,47637925,7,Manhattan Thunder,1,0.0,17.1,0.0,3.9
2026-07-16,Cranbourne,R6 1000m Hcap,6,260034549,49144997,3,Mr Tickles,4,1.0,9.46,1.0,2.83
2026-07-16,Cranbourne,R6 1000m Hcap,6,260034549,83118866,10,Magic Field,3,0.0,23.24,0.0,6.52
2026-07-16,Cranbourne,R6 1000m Hcap,6,260034549,100660980,8,Miss Cotoletta,5,0.0,3.76,0.0,1.73
2026-07-16,Cranbourne,R7 1200m Hcap,7,260034557,54139275,14,Stellar Mofeed,5,0.0,9.49,0.0,3.03
2026-07-16,Cranbourne,R7 1200m Hcap,7,260034557,73178490,2,Strike Gold,4,0.0,15.02,0.0,3.6
2026-07-16,Cranbourne,R7 1200m Hcap,7,260034557,100660986,7,Godtfred Kirk,1,0.0,6.86,1.0,2.42
2026-07-16,Cranbourne,R7 1200m Hcap,7,260034557,100660987,8,Semelle Rouge,2,0.0,40.0,0.0,8.49
2026-07-16,Cranbourne,R7 1200m Hcap,7,260034557,100660989,11,Illuminance,3,0.0,12.19,1.0,3.1
2026-07-16,Cranbourne,R8 1400m Hcap,8,260034565,2578243,3,British Columbia,2,0.0,11.08,0.0,3.62
2026-07-16,Cranbourne,R8 1400m Hcap,8,260034565,80934196,7,Reina Isabella,5,0.0,15.5,0.0,4.4
2026-07-16,Cranbourne,R8 1400m Hcap,8,260034565,89019088,6,Prestige Snitzel,3,0.0,23.8,0.0,6.13
2026-07-16,Cranbourne,R8 1400m Hcap,8,260034565,99172022,11,Russian Duchess,1,0.0,14.0,1.0,4.34
2026-07-16,Cranbourne,R8 1400m Hcap,8,260034565,100660994,9,Decanted,4,0.0,9.67,0.0,3.2
2026-07-16,Grafton,R1 1400m Hcap,1,260009982,68064095,7,Hellcibell,5,0.0,5.83,1.0,2.34
2026-07-16,Grafton,R1 1400m Hcap,1,260009982,69096511,5,Ocean Alps,3,0.0,10.5,0.0,3.5
2026-07-16,Grafton,R1 1400m Hcap,1,260009982,71685181,2,Lady Lucifer,1,1.0,4.3,1.0,1.75
2026-07-16,Grafton,R1 1400m Hcap,1,260009982,72443506,8,Pressalong,4,0.0,9.55,0.0,2.82
2026-07-16,Grafton,R1 1400m Hcap,1,260009982,72988460,3,Hulu,2,0.0,8.06,0.0,2.57
2026-07-16,Grafton,R2 1400m CL1,2,260009985,2150942,1,Righteous,5,0.0,55.0,0.0,8.2
2026-07-16,Grafton,R2 1400m CL1,2,260009985,84222525,11,Our Sparky,4,0.0,32.0,0.0,5.79
2026-07-16,Grafton,R2 1400m CL1,2,260009985,97724883,7,Satin And Cash,3,1.0,3.61,1.0,1.68
2026-07-16,Grafton,R2 1400m CL1,2,260009985,98708706,2,Comic Culture,2,0.0,3.81,1.0,1.68
2026-07-16,Grafton,R2 1400m CL1,2,260009985,100632559,4,Herald Angel,1,0.0,6.7,0.0,2.53
2026-07-16,Grafton,R3 1000m Hcap,3,260009988,1462687,1,Debussy,1,0.0,36.0,0.0,5.6
2026-07-16,Grafton,R3 1000m Hcap,3,260009988,60528533,2,Cool Fizz,5,0.0,38.87,0.0,6.77
2026-07-16,Grafton,R3 1000m Hcap,3,260009988,63052218,7,Soobooco,2,0.0,12.5,0.0,2.98
2026-07-16,Grafton,R3 1000m Hcap,3,260009988,82154396,8,Hey Daisy,3,0.0,3.1,1.0,1.43
2026-07-16,Grafton,R3 1000m Hcap,3,260009988,82154396,8,Hey Daisy,4,0.0,3.1,1.0,1.43
2026-07-16,Grafton,R4 1175m 2yo,4,260009991,6179386,9,Slippin Away,5,0.0,19.97,1.0,2.25
2026-07-16,Grafton,R4 1175m 2yo,4,260009991,98735762,2,Airborne Affair,2,0.0,3.85,1.0,1.22
2026-07-16,Grafton,R4 1175m 2yo,4,260009991,98960202,1,Acqua Romane,3,0.0,250.0,0.0,15.54
2026-07-16,Grafton,R4 1175m 2yo,4,260009991,100632570,8,Royal Exile,1,1.0,1.63,1.0,1.07
2026-07-16,Grafton,R4 1175m 2yo,4,260009991,100632571,10,Triple Seven,4,0.0,13.62,0.0,2.31
2026-07-16,Grafton,R5 1175m Mdn,5,260009994,3756451,5,By The Way,4,0.0,7.03,0.0,1.83
2026-07-16,Grafton,R5 1175m Mdn,5,260009994,5282382,6,Desert Angel,5,0.0,65.0,0.0,6.2
2026-07-16,Grafton,R5 1175m Mdn,5,260009994,85064199,7,Fiery Lass,1,0.0,8.68,1.0,2.57
2026-07-16,Grafton,R5 1175m Mdn,5,260009994,96534040,13,Shes A Dame,2,0.0,25.0,0.0,3.31
2026-07-16,Grafton,R5 1175m Mdn,5,260009994,100632579,16,Zalique,3,1.0,1.59,1.0,1.15
2026-07-16,Grafton,R6 1175m CL6,6,260009997,481601,4,Night Fighter,4,0.0,27.86,0.0,7.06
2026-07-16,Grafton,R6 1175m CL6,6,260009997,1369585,11,Tough Guy,3,1.0,3.91,1.0,1.76
2026-07-16,Grafton,R6 1175m CL6,6,260009997,9320723,8,House Of Cards,2,0.0,8.63,0.0,2.76
2026-07-16,Grafton,R6 1175m CL6,6,260009997,89669378,16,Tartaglia,1,0.0,6.13,0.0,2.36
2026-07-16,Grafton,R6 1175m CL6,6,260009997,100632582,13,Pleasurize,5,0.0,9.95,1.0,3.15
2026-07-16,Grafton,R7 2350m Listed,7,260010000,164435,2,Pounding,1,0.0,5.84,0.0,1.92
2026-07-16,Grafton,R7 2350m Listed,7,260010000,41197697,6,Caboche,4,0.0,18.96,0.0,4.33
2026-07-16,Grafton,R7 2350m Listed,7,260010000,61861669,1,Encoder,5,0.0,20.0,0.0,5.01
2026-07-16,Grafton,R7 2350m Listed,7,260010000,71905196,3,Etna Rosso,3,0.0,22.0,1.0,5.0
2026-07-16,Grafton,R7 2350m Listed,7,260010000,98213935,11,King Pedro,2,1.0,2.51,1.0,1.34
2026-07-16,Grafton,R8 1000m Qlty,8,260010003,1012104,3,Emperor,1,0.0,4.21,1.0,1.81
2026-07-16,Grafton,R8 1000m Qlty,8,260010003,62838788,9,Tectonic Plate,4,0.0,5.2,1.0,1.96
2026-07-16,Grafton,R8 1000m Qlty,8,260010003,83155708,6,Mister Bianco,2,0.0,3.81,0.0,1.81
2026-07-16,Grafton,R8 1000m Qlty,8,260010003,86654547,10,Zoutastic,5,0.0,15.8,0.0,3.9
2026-07-16,Grafton,R8 1000m Qlty,8,260010003,100632593,7,Durova,3,1.0,5.1,1.0,1.75
2026-07-16,Ipswich,R1 800m Mdn,1,260034214,92966373,1,Almond Gold,2,0.0,39.61,0.0,3.07
2026-07-16,Ipswich,R1 800m Mdn,1,260034214,99982882,6,Lady Milan,1,1.0,1.27,1.0,1.01
2026-07-16,Ipswich,R1 800m Mdn,1,260034214,100660788,2,The Foundling,4,0.0,129.55,0.0,7.6
2026-07-16,Ipswich,R1 800m Mdn,1,260034214,100660789,3,Cause To Be Xcited,5,0.0,22.0,0.0,2.08
2026-07-16,Ipswich,R1 800m Mdn,1,260034214,100660790,5,Kvas,3,0.0,15.52,1.0,1.67
2026-07-16,Ipswich,R2 1350m 2yo,2,260034218,100232440,2,Grieve Road,1,0.0,3.4,0.0,1.54
2026-07-16,Ipswich,R2 1350m 2yo,2,260034218,100660795,7,Nozomu,2,0.0,6.56,1.0,2.16
2026-07-16,Ipswich,R2 1350m 2yo,2,260034218,100660795,7,Nozomu,3,0.0,6.56,1.0,2.16
2026-07-16,Ipswich,R2 1350m 2yo,2,260034218,100660797,11,Pretty Smashing,5,0.0,8.93,0.0,2.29
2026-07-16,Ipswich,R2 1350m 2yo,2,260034218,100660798,12,Master In Motion,4,0.0,3.5,1.0,1.68
2026-07-16,Ipswich,R3 1700m Mdn,3,260034222,73952405,8,Canya Berich,1,0.0,2.28,1.0,1.25
2026-07-16,Ipswich,R3 1700m Mdn,3,260034222,84733270,2,Kalamia King,3,0.0,5.77,1.0,1.74
2026-07-16,Ipswich,R3 1700m Mdn,3,260034222,90457142,1,Divil A Bit,2,1.0,4.2,1.0,1.45
2026-07-16,Ipswich,R3 1700m Mdn,3,260034222,100164665,10,Speegle,5,0.0,20.0,0.0,3.8
2026-07-16,Ipswich,R3 1700m Mdn,3,260034222,100660799,4,Pure Audacity,4,0.0,29.88,0.0,4.8
2026-07-16,Ipswich,R4 1200m CL2,4,260034226,12523570,9,Immediate,4,1.0,7.09,1.0,2.18
2026-07-16,Ipswich,R4 1200m CL2,4,260034226,20576170,6,Divine Justice,2,0.0,4.37,0.0,1.48
2026-07-16,Ipswich,R4 1200m CL2,4,260034226,75313763,5,Esprit Du Jour,1,0.0,2.96,1.0,1.14
2026-07-16,Ipswich,R4 1200m CL2,4,260034226,79292088,10,Star Venture,5,0.0,40.11,0.0,6.45
2026-07-16,Ipswich,R4 1200m CL2,4,260034226,87858208,3,Land Bank,3,0.0,3.84,1.0,1.3
2026-07-16,Ipswich,R5 1100m CL4,5,260034230,1002396,4,Immortality,3,0.0,8.18,0.0,2.29
2026-07-16,Ipswich,R5 1100m CL4,5,260034230,55533299,2,North Of Eli,5,0.0,46.14,0.0,7.09
2026-07-16,Ipswich,R5 1100m CL4,5,260034230,62788844,1,Everybody Rise,2,1.0,2.2,1.0,1.3
2026-07-16,Ipswich,R5 1100m CL4,5,260034230,70821827,5,Vorkuta,1,0.0,5.0,1.0,1.61
2026-07-16,Ipswich,R5 1100m CL4,5,260034230,71837522,8,Bad Forest,4,0.0,17.41,0.0,3.55
2026-07-16,Ipswich,R6 1350m Hcap,6,260034234,18987277,5,Tango Queen,5,0.0,15.5,0.0,3.85
2026-07-16,Ipswich,,6,260034234,76053742,12,Shedrivesabentley,3,,,,
2026-07-16,Ipswich,R6 1350m Hcap,6,260034234,93789241,13,Lukey Blue,4,1.0,11.5,1.0,3.3
2026-07-16,Ipswich,R6 1350m Hcap,6,260034234,99493271,10,Hidden Future,1,0.0,3.32,1.0,1.83
2026-07-16,Ipswich,R6 1350m Hcap,6,260034234,100660806,3,Stromboli Delight,2,0.0,11.0,0.0,2.9
2026-07-16,Ipswich,R7 1350m Hcap,7,260034238,52148016,1,Clubhouse,3,0.0,20.0,0.0,5.2
2026-07-16,Ipswich,R7 1350m Hcap,7,260034238,86654303,13,Besiege,5,0.0,59.68,0.0,12.5
2026-07-16,Ipswich,R7 1350m Hcap,7,260034238,97393425,9,King Cobama,4,0.0,10.0,0.0,3.34
2026-07-16,Ipswich,R7 1350m Hcap,7,260034238,100660812,6,La Profecia,1,0.0,5.2,0.0,2.0
2026-07-16,Ipswich,R7 1350m Hcap,7,260034238,100660814,11,Rosa Kiss,2,1.0,3.76,1.0,1.6
2026-07-16,Kembla Grange,R1 1000m 2yo,1,260034189,6190820,4,Union,1,0.0,5.9,1.0,2.03
2026-07-16,Kembla Grange,R1 1000m 2yo,1,260034189,100660605,6,Zensen,4,0.0,9.09,0.0,2.6
2026-07-16,Kembla Grange,R1 1000m 2yo,1,260034189,100660609,10,Hammertime,5,0.0,8.23,0.0,2.27
2026-07-16,Kembla Grange,R1 1000m 2yo,1,260034189,100660610,11,Hearts Affair,3,1.0,4.4,1.0,1.71
2026-07-16,Kembla Grange,R1 1000m 2yo,1,260034189,100660611,12,Monte Shell,2,0.0,12.34,0.0,3.03
2026-07-16,Kembla Grange,R2 1300m Mdn,2,260034192,100660615,3,Rapid Revenue,3,0.0,4.16,1.0,1.72
2026-07-16,Kembla Grange,R2 1300m Mdn,2,260034192,100660616,4,Glissando,1,1.0,2.24,1.0,1.18
2026-07-16,Kembla Grange,R2 1300m Mdn,2,260034192,100660617,5,Heart Reset,5,0.0,46.0,0.0,5.5
2026-07-16,Kembla Grange,R2 1300m Mdn,2,260034192,100660618,6,Swift Delivery,2,0.0,10.0,0.0,2.61
2026-07-16,Kembla Grange,R2 1300m Mdn,2,260034192,100660621,11,Quadria,4,0.0,13.5,0.0,2.41
2026-07-16,Kembla Grange,R3 1600m Mdn,3,260034195,88289818,2,Clanwilliam,1,0.0,2.11,1.0,1.19
2026-07-16,Kembla Grange,R3 1600m Mdn,3,260034195,91158003,7,Leon Ruben,5,0.0,42.49,0.0,6.32
2026-07-16,Kembla Grange,R3 1600m Mdn,3,260034195,91692694,4,Courting Emily,2,0.0,16.61,0.0,4.1
2026-07-16,Kembla Grange,R3 1600m Mdn,3,260034195,94409218,5,Equinox Legend,3,1.0,3.43,1.0,1.33
2026-07-16,Kembla Grange,R3 1600m Mdn,3,260034195,99770408,11,Wee Winn,4,0.0,16.5,0.0,2.7
2026-07-16,Kembla Grange,R4 1200m 3yo,4,260034198,74900768,5,Stakeholder,5,1.0,18.2,1.0,4.1
2026-07-16,Kembla Grange,R4 1200m 3yo,4,260034198,93021768,7,Creator Of World,1,0.0,3.39,1.0,1.44
2026-07-16,Kembla Grange,R4 1200m 3yo,4,260034198,93021768,7,Creator Of World,2,0.0,3.39,1.0,1.44
2026-07-16,Kembla Grange,R4 1200m 3yo,4,260034198,100660628,3,Pariah Time,4,0.0,7.93,0.0,2.32
2026-07-16,Kembla Grange,R4 1200m 3yo,4,260034198,100660631,8,Written Doll,3,0.0,3.65,1.0,1.87
2026-07-16,Kembla Grange,R5 1300m CL1,5,260034201,2515810,2,Skirmish,4,0.0,16.61,0.0,3.66
2026-07-16,Kembla Grange,R5 1300m CL1,5,260034201,54901477,5,Call Me Sassy,2,0.0,5.8,1.0,1.98
2026-07-16,Kembla Grange,R5 1300m CL1,5,260034201,83155106,3,Cuesta,1,1.0,2.91,1.0,1.32
2026-07-16,Kembla Grange,R5 1300m CL1,5,260034201,92417665,6,Rose Of Fenway,5,0.0,4.2,1.0,1.92
2026-07-16,Kembla Grange,R5 1300m CL1,5,260034201,100660637,1,Onmalone,3,0.0,7.4,0.0,1.97
2026-07-16,Kembla Grange,R6 1600m CL1,6,260034204,3582845,9,Wheres My Halo,4,0.0,22.0,0.0,3.3
2026-07-16,Kembla Grange,R6 1600m CL1,6,260034204,71588414,4,Call Me Mojo,3,0.0,12.45,0.0,2.46
2026-07-16,Kembla Grange,R6 1600m CL1,6,260034204,88732889,7,Fierceness,5,0.0,46.0,1.0,4.6
2026-07-16,Kembla Grange,R6 1600m CL1,6,260034204,99241417,1,Aethelwulf,2,1.0,1.59,1.0,1.15
2026-07-16,Kembla Grange,R6 1600m CL1,6,260034204,100660640,3,Yachiyo,1,0.0,10.7,0.0,2.54
2026-07-16,Kembla Grange,R7 1000m Hcap,7,260034207,37205497,7,Still Alice,4,0.0,26.0,1.0,4.01
2026-07-16,Kembla Grange,R7 1000m Hcap,7,260034207,79843837,1,Century Song,1,1.0,2.63,1.0,1.26
2026-07-16,Kembla Grange,R7 1000m Hcap,7,260034207,86275556,2,Shalaa Gold,3,0.0,3.89,1.0,1.74
2026-07-16,Kembla Grange,R7 1000m Hcap,7,260034207,100660645,9,Vingt Neuf Noir,5,0.0,5.8,0.0,1.74
2026-07-16,Kembla Grange,R7 1000m Hcap,7,260034207,100660646,12,Written Redemption,2,0.0,12.11,0.0,2.76
2026-07-16,Kembla Grange,R8 1200m Hcap,8,260034210,108353,4,Lets Go Again,2,1.0,3.5,1.0,1.76
2026-07-16,Kembla Grange,R8 1200m Hcap,8,260034210,6821981,2,Zaragoza,1,0.0,3.95,1.0,1.6
2026-07-16,Kembla Grange,R8 1200m Hcap,8,260034210,50529395,3,Heuristic,3,0.0,5.6,1.0,1.97
2026-07-16,Kembla Grange,R8 1200m Hcap,8,260034210,50529395,3,Heuristic,4,0.0,5.6,1.0,1.97
2026-07-16,Kembla Grange,R8 1200m Hcap,8,260034210,100660647,6,Donwon,5,0.0,21.42,0.0,4.8
2026-07-16,Pinjarra,R1 1200m Mdn,1,260011352,98996345,7,Noneofyourbusiness,3,0.0,6.2,0.0,2.37
2026-07-16,Pinjarra,R1 1200m Mdn,1,260011352,99688930,10,Mystic Empress,4,0.0,14.32,1.0,3.56
2026-07-16,Pinjarra,R1 1200m Mdn,1,260011352,100633664,1,Win For Buster,2,0.0,5.22,0.0,2.04
2026-07-16,Pinjarra,R1 1200m Mdn,1,260011352,100633665,5,Champagne Cathay,5,0.0,17.73,0.0,3.96
2026-07-16,Pinjarra,R1 1200m Mdn,1,260011352,100633666,8,Unwanted News,1,1.0,3.59,1.0,1.74
2026-07-16,Pinjarra,R2 1200m Mdn,2,260011356,6162860,1,You Can Call Me Al,1,1.0,4.7,1.0,1.92
2026-07-16,Pinjarra,R2 1200m Mdn,2,260011356,46292478,2,Energetic,3,0.0,3.05,0.0,1.56
2026-07-16,Pinjarra,R2 1200m Mdn,2,260011356,89920006,3,Tigeroriley,4,0.0,15.31,0.0,4.13
2026-07-16,Pinjarra,R2 1200m Mdn,2,260011356,94945421,8,Diamond Choux,2,0.0,16.05,0.0,3.5
2026-07-16,Pinjarra,R2 1200m Mdn,2,260011356,100633674,13,Paul Party,5,0.0,60.0,0.0,11.0
2026-07-16,Pinjarra,R3 1200m 3yo,3,260011360,5245963,4,Aussie Reactor,4,0.0,70.0,0.0,8.8
2026-07-16,Pinjarra,R3 1200m 3yo,3,260011360,80641253,1,Pembeton,1,0.0,25.5,0.0,3.07
2026-07-16,Pinjarra,R3 1200m 3yo,3,260011360,94945399,2,Eightyseven Lad,2,0.0,1.8,1.0,1.11
2026-07-16,Pinjarra,R3 1200m 3yo,3,260011360,100633675,6,Costas Spirit,5,0.0,260.0,0.0,25.0
2026-07-16,Pinjarra,R3 1200m 3yo,3,260011360,100633677,11,Lemmor Filou,3,1.0,5.8,1.0,1.64
2026-07-16,Pinjarra,R4 1400m Mdn,4,260011364,1023796,4,Ocean Reef,3,0.0,7.2,0.0,2.18
2026-07-16,Pinjarra,R4 1400m Mdn,4,260011364,2316930,2,Spanish Armada,1,0.0,3.25,0.0,1.8
2026-07-16,Pinjarra,R4 1400m Mdn,4,260011364,6072228,5,Zero To Sixty,2,0.0,24.4,0.0,5.3
2026-07-16,Pinjarra,R4 1400m Mdn,4,260011364,85181141,12,Field Mistress,5,0.0,22.0,1.0,5.2
2026-07-16,Pinjarra,R4 1400m Mdn,4,260011364,100633684,13,Leg Godt,4,0.0,30.74,0.0,6.15
2026-07-16,Pinjarra,R5 1600m Mdn,5,260011368,4374350,5,Adroit,3,0.0,20.0,0.0,6.14
2026-07-16,Pinjarra,R5 1600m Mdn,5,260011368,83837855,1,Rocking In Vegas,1,0.0,5.1,1.0,2.22
2026-07-16,Pinjarra,R5 1600m Mdn,5,260011368,93240443,13,Flavoursome,5,0.0,19.5,1.0,5.03
2026-07-16,Pinjarra,R5 1600m Mdn,5,260011368,99919889,6,Sin City Boy,4,0.0,20.25,0.0,4.88
2026-07-16,Pinjarra,R5 1600m Mdn,5,260011368,100633693,12,Valanne Dawn,2,1.0,8.72,1.0,2.82
2026-07-16,Pinjarra,R6 1200m Hcap,6,260011372,51414277,4,Village Girl,1,0.0,20.39,0.0,5.0
2026-07-16,Pinjarra,R6 1200m Hcap,6,260011372,69323499,8,Only Eyes For Him,5,0.0,13.39,0.0,3.94
2026-07-16,Pinjarra,R6 1200m Hcap,6,260011372,72096930,1,Hyperreal,4,0.0,17.0,1.0,4.81
2026-07-16,Pinjarra,R6 1200m Hcap,6,260011372,86276145,3,Silent Amarda,2,0.0,6.89,0.0,2.46
2026-07-16,Pinjarra,R6 1200m Hcap,6,260011372,93022609,10,Superb Vintage,3,1.0,5.98,1.0,2.68
2026-07-16,Pinjarra,R7 1200m CL3,7,260011376,3463905,2,Chop Suey,4,0.0,37.97,0.0,8.4
2026-07-16,Pinjarra,R7 1200m CL3,7,260011376,78979270,1,True Fiction,5,0.0,5.32,1.0,2.1
2026-07-16,Pinjarra,R7 1200m CL3,7,260011376,82018941,6,Mighty Hosanna,3,0.0,14.4,0.0,4.09
2026-07-16,Pinjarra,R7 1200m CL3,7,260011376,100633703,11,Vandoula Jet,1,0.0,9.0,0.0,3.25
2026-07-16,Pinjarra,R7 1200m CL3,7,260011376,100633705,15,Hang Glider,2,0.0,28.43,0.0,7.0
2026-07-16,Pinjarra,R8 1400m CL3,8,260011380,55206863,4,Ancient Guidance,5,0.0,17.5,0.0,3.62
2026-07-16,Pinjarra,R8 1400m CL3,8,260011380,82018926,6,Jazalot,4,0.0,10.72,0.0,3.2
2026-07-16,Pinjarra,R8 1400m CL3,8,260011380,94985846,5,Back To Bondi,2,0.0,17.19,0.0,4.33
2026-07-16,Pinjarra,,8,260011380,100633706,1,Rubens Ceiling,1,,,,
2026-07-16,Pinjarra,R8 1400m CL3,8,260011380,100633709,14,Who Saz Yes,3,0.0,13.93,0.0,3.7
2026-07-17,Goulburn,R1 1300m Mdn,1,260071812,85064194,8,Nambi Ghima,5,0.0,20.55,0.0,6.4
2026-07-17,Goulburn,R1 1300m Mdn,1,260071812,97725686,5,Last Tour,4,0.0,9.2,0.0,3.65
2026-07-17,Goulburn,R1 1300m Mdn,1,260071812,100632175,4,Courthezon,2,0.0,2.1,1.0,1.32
2026-07-17,Goulburn,R1 1300m Mdn,1,260071812,100660614,1,Peace Bird,1,1.0,3.25,1.0,1.68
2026-07-17,Goulburn,R1 1300m Mdn,1,260071812,100693578,7,Bella Manda,3,0.0,29.04,0.0,7.79
2026-07-17,Goulburn,R2 2130m CL1,2,260071815,72383553,9,Unmatched,4,1.0,5.4,1.0,1.6
2026-07-17,Goulburn,R2 2130m CL1,2,260071815,79292462,3,Bo Cougar,3,0.0,20.4,0.0,2.47
2026-07-17,Goulburn,R2 2130m CL1,2,260071815,90485444,4,Queen Tavane,2,0.0,17.89,1.0,2.8
2026-07-17,Goulburn,R2 2130m CL1,2,260071815,99656750,2,Portsmouth,1,0.0,1.71,1.0,1.1
2026-07-17,Goulburn,R2 2130m CL1,2,260071815,100693579,1,Pontiac,5,0.0,300.0,0.0,16.0
2026-07-17,Goulburn,R3 1400m CL1,3,260071818,935195,2,Axiom,3,0.0,28.0,0.0,6.6
2026-07-17,Goulburn,R3 1400m CL1,3,260071818,79195728,1,King Of Dragons,1,1.0,3.5,1.0,1.69
2026-07-17,Goulburn,R3 1400m CL1,3,260071818,100693582,4,Royal Chic,2,0.0,3.35,1.0,1.51
2026-07-17,Goulburn,R3 1400m CL1,3,260071818,100693583,5,Italus,5,0.0,15.31,0.0,3.55
2026-07-17,Goulburn,R3 1400m CL1,3,260071818,100693584,6,Gong Girl,4,0.0,5.14,0.0,1.66
2026-07-17,Goulburn,R4 1600m Hcap,4,260071821,12420536,4,Polo,2,0.0,17.06,0.0,3.15
2026-07-17,Goulburn,R4 1600m Hcap,4,260071821,25645963,8,Chairmans List,4,0.0,22.0,1.0,3.85
2026-07-17,Goulburn,R4 1600m Hcap,4,260071821,57655008,9,Kisses For Jody,5,0.0,65.0,0.0,7.4
2026-07-17,Goulburn,R4 1600m Hcap,4,260071821,73676924,1,Highborn Harry,1,0.0,5.03,1.0,1.51
2026-07-17,Goulburn,R4 1600m Hcap,4,260071821,100660641,6,Feazabeel,3,1.0,1.88,1.0,1.28
2026-07-17,Goulburn,R5 1500m Mdn,5,260071824,90523764,8,Miss Leeway,5,0.0,23.28,0.0,3.28
2026-07-17,Goulburn,R5 1500m Mdn,5,260071824,94352236,3,Torpedo Ted,4,0.0,176.66,0.0,13.89
2026-07-17,Goulburn,R5 1500m Mdn,5,260071824,100693588,6,Fastest Choice,3,0.0,11.5,0.0,2.4
2026-07-17,Goulburn,R5 1500m Mdn,5,260071824,100693591,10,Proxima Centauri,2,1.0,2.2,1.0,1.27
2026-07-17,Goulburn,R5 1500m Mdn,5,260071824,100693592,11,What Shes Having,1,0.0,3.5,0.0,1.43
2026-07-17,Goulburn,,6,260071827,78211750,3,Avalon Lady,5,,,,
2026-07-17,Goulburn,R6 1100m Mdn,6,260071827,100232283,1,Lookin Suave Harv,4,0.0,27.08,1.0,4.41
2026-07-17,Goulburn,R6 1100m Mdn,6,260071827,100693593,2,Alotofsoju,2,0.0,20.43,0.0,4.08
2026-07-17,Goulburn,R6 1100m Mdn,6,260071827,100693595,5,Stormy Reign,1,0.0,6.11,0.0,1.95
2026-07-17,Goulburn,R6 1100m Mdn,6,260071827,100693599,9,Piratess,3,0.0,4.4,0.0,1.57
2026-07-17,Goulburn,R7 1100m CL3,7,260071830,85778391,8,Molteuno,2,0.0,7.08,0.0,2.34
2026-07-17,Goulburn,R7 1100m CL3,7,260071830,85778391,8,Molteuno,3,0.0,7.08,0.0,2.34
2026-07-17,Goulburn,R7 1100m CL3,7,260071830,87805367,6,Tessy Tee,4,0.0,10.19,1.0,3.35
2026-07-17,Goulburn,R7 1100m CL3,7,260071830,100693602,1,Extrio,1,1.0,3.9,1.0,1.65
2026-07-17,Goulburn,R7 1100m CL3,7,260071830,100693603,2,Helluva Teen,5,0.0,20.55,0.0,4.34
2026-07-17,Goulburn,R8 1200m Hcap,8,260071833,45566022,4,Smarter Than You,4,0.0,60.42,0.0,11.42
2026-07-17,Goulburn,R8 1200m Hcap,8,260071833,62135852,6,Ace Of Lace,5,0.0,50.0,0.0,8.4
2026-07-17,Goulburn,R8 1200m Hcap,8,260071833,88069034,5,The Eyes Have It,2,1.0,3.22,1.0,1.71
2026-07-17,Goulburn,R8 1200m Hcap,8,260071833,91115468,15,Too Darn Sassy,3,0.0,16.83,0.0,4.19
2026-07-17,Goulburn,R8 1200m Hcap,8,260071833,99983033,10,Callenem Thru,1,0.0,18.09,0.0,4.3
2026-07-17,Mackay,R1 1100m Mdn,1,260069770,1030172,1,Chatsworth,4,0.0,9.2,0.0,3.3
2026-07-17,Mackay,R1 1100m Mdn,1,260069770,78047584,11,Insain Lady,2,0.0,5.56,0.0,2.39
2026-07-17,Mackay,R1 1100m Mdn,1,260069770,79196042,7,Murmurs,5,0.0,110.0,0.0,15.05
2026-07-17,Mackay,R1 1100m Mdn,1,260069770,99770993,6,Sensei Girl,3,0.0,12.41,0.0,3.32
2026-07-17,Mackay,R1 1100m Mdn,1,260069770,100693160,5,British Navy,1,0.0,9.26,1.0,2.86
2026-07-17,Mackay,R2 1300m 3yo,2,260069774,5563501,2,Lucky Lass,1,0.0,5.15,1.0,2.41
2026-07-17,Mackay,R2 1300m 3yo,2,260069774,92504277,3,Aspen Cowboy,5,1.0,9.52,1.0,3.25
2026-07-17,Mackay,R2 1300m 3yo,2,260069774,99531434,1,Mind Over Matter,2,0.0,3.55,0.0,2.09
2026-07-17,Mackay,R2 1300m 3yo,2,260069774,100693163,4,Chloe First,3,0.0,33.35,0.0,11.0
2026-07-17,Mackay,R2 1300m 3yo,2,260069774,100693164,6,Innovader,4,0.0,3.15,0.0,1.9
2026-07-17,Mackay,R3 1200m Hcap,3,260069778,802079,3,Lucky Duck,3,0.0,27.16,0.0,6.2
2026-07-17,Mackay,R3 1200m Hcap,3,260069778,5456278,2,Magic In Me,2,0.0,61.02,0.0,10.86
2026-07-17,Mackay,R3 1200m Hcap,3,260069778,71684889,8,Ravenite,4,0.0,6.24,0.0,1.97
2026-07-17,Mackay,R3 1200m Hcap,3,260069778,73259070,5,Emilia Jane,1,1.0,4.42,1.0,1.66
2026-07-17,Mackay,R3 1200m Hcap,3,260069778,83569108,1,Guac On,5,0.0,6.67,1.0,2.46
2026-07-17,Mackay,R4 1560m Hcap,4,260069782,70705266,1,Eagle Warrior,2,0.0,12.33,0.0,2.78
2026-07-17,Mackay,R4 1560m Hcap,4,260069782,82153888,4,Got Gumption,1,1.0,2.68,1.0,1.5
2026-07-17,Mackay,R4 1560m Hcap,4,260069782,84471839,6,Kickagoal Kenny,5,0.0,6.0,0.0,2.06
2026-07-17,Mackay,R4 1560m Hcap,4,260069782,100262939,7,Banxi,3,0.0,7.8,1.0,2.36
2026-07-17,Mackay,R4 1560m Hcap,4,260069782,100262939,7,Banxi,4,0.0,7.8,1.0,2.36
2026-07-17,Mackay,R5 1800m Hcap,5,260069786,4036799,8,The Driller,3,0.0,39.5,0.0,7.2
2026-07-17,Mackay,R5 1800m Hcap,5,260069786,24552175,1,Caffrey,4,0.0,46.0,0.0,9.0
2026-07-17,Mackay,R5 1800m Hcap,5,260069786,73443757,5,Canberra Legend,2,0.0,7.29,0.0,2.4
2026-07-17,Mackay,R5 1800m Hcap,5,260069786,86387970,4,Odegaard,1,0.0,3.2,1.0,1.39
2026-07-17,Mackay,R5 1800m Hcap,5,260069786,100693169,11,Misterkipchoge,5,0.0,36.0,0.0,6.91
2026-07-17,Mackay,R6 1800m Hcap,6,260069790,79803374,2,Batemans Bay,2,0.0,3.4,0.0,1.69
2026-07-17,Mackay,R6 1800m Hcap,6,260069790,93827250,8,Savvy Thinker,5,0.0,22.92,0.0,5.29
2026-07-17,Mackay,R6 1800m Hcap,6,260069790,97953744,9,Jetpack Verdi,4,0.0,11.0,0.0,3.39
2026-07-17,Mackay,R6 1800m Hcap,6,260069790,99770881,5,Eclipsion,1,0.0,8.6,1.0,2.68
2026-07-17,Mackay,R6 1800m Hcap,6,260069790,99771000,6,Convo,3,0.0,45.28,0.0,9.9
2026-07-17,Mackay,R7 1300m Qlty,7,260069794,44186003,2,Yes Dream,2,0.0,14.5,0.0,4.4
2026-07-17,Mackay,R7 1300m Qlty,7,260069794,60568418,6,Track Tale,3,0.0,30.0,0.0,7.35
2026-07-17,Mackay,R7 1300m Qlty,7,260069794,61337084,1,Speed Legend,4,0.0,20.96,0.0,5.7
2026-07-17,Mackay,R7 1300m Qlty,7,260069794,66365005,3,Northern Pride,1,0.0,31.18,0.0,7.81
2026-07-17,Mackay,R7 1300m Qlty,7,260069794,70420983,7,Letmeletgo,5,0.0,15.0,0.0,4.21
2026-07-17,Mackay,R8 1300m Hcap,8,260069798,70821871,6,Inca Trail,5,0.0,3.55,0.0,1.45
2026-07-17,Mackay,R8 1300m Hcap,8,260069798,74459788,13,Carpaccio,3,0.0,16.23,0.0,4.85
2026-07-17,Mackay,R8 1300m Hcap,8,260069798,74459788,13,Carpaccio,4,0.0,16.23,0.0,4.85
2026-07-17,Mackay,R8 1300m Hcap,8,260069798,78755980,2,Sigiriya Rock,2,0.0,12.95,0.0,3.71
2026-07-17,Mackay,R8 1300m Hcap,8,260069798,100693179,12,Line Em Up Loui,1,1.0,2.95,1.0,1.53
2026-07-17,Mildura,R1 1400m Mdn,1,260070520,92418006,3,Immortalised,1,0.0,6.62,1.0,1.45
2026-07-17,Mildura,R1 1400m Mdn,1,260070520,93496786,5,Mikes Hope,2,1.0,1.6,1.0,1.05
2026-07-17,Mildura,R1 1400m Mdn,1,260070520,100693866,7,Sibun,3,0.0,6.6,1.0,1.46
2026-07-17,Mildura,R1 1400m Mdn,1,260070520,100693868,9,Rubiboo,4,0.0,54.77,0.0,8.14
2026-07-17,Mildura,R1 1400m Mdn,1,260070520,100693869,10,Written By Betsy,5,0.0,38.0,0.0,4.9
2026-07-17,Mildura,R2 2000m Mdn,2,260070528,67117275,2,Barossa Valley,2,0.0,9.73,0.0,2.76
2026-07-17,Mildura,R2 2000m Mdn,2,260070528,83605138,1,All The Moves,5,0.0,16.12,0.0,4.4
2026-07-17,Mildura,R2 2000m Mdn,2,260070528,100292931,5,Kings Anchor,1,0.0,5.05,0.0,1.82
2026-07-17,Mildura,R2 2000m Mdn,2,260070528,100693871,4,Gainsmont,4,0.0,19.74,0.0,4.7
2026-07-17,Mildura,R2 2000m Mdn,2,260070528,100693872,7,Mission Taichi,3,0.0,3.44,1.0,1.64
2026-07-17,Mildura,R3 1200m Mdn,3,260070537,9497906,6,Havana Moon,3,0.0,9.55,1.0,1.94
2026-07-17,Mildura,R3 1200m Mdn,3,260070537,19769709,2,Just Like Jagger,1,0.0,1.66,1.0,1.13
2026-07-17,Mildura,R3 1200m Mdn,3,260070537,38607753,5,Shujinko,2,0.0,10.0,0.0,1.91
2026-07-17,Mildura,R3 1200m Mdn,3,260070537,100049798,4,Royal Heritage,4,1.0,9.69,1.0,1.99
2026-07-17,Mildura,R3 1200m Mdn,3,260070537,100693878,10,Unstirred,5,0.0,18.96,0.0,2.82
2026-07-17,Mildura,R4 1200m Hcap,4,260070545,685262,6,Chicago Blues,4,0.0,28.8,0.0,5.0
2026-07-17,Mildura,R4 1200m Hcap,4,260070545,5030426,2,Hollywoodboulevard,5,0.0,8.48,0.0,2.39
2026-07-17,Mildura,R4 1200m Hcap,4,260070545,85320170,4,Vilnius,2,0.0,17.32,0.0,3.29
2026-07-17,Mildura,R4 1200m Hcap,4,260070545,97243020,1,Bad Blood,3,0.0,2.01,1.0,1.22
2026-07-17,Mildura,R4 1200m Hcap,4,260070545,100693881,8,Wicked Storm,1,1.0,9.49,1.0,2.22
2026-07-17,Mildura,R5 1000m Hcap,5,260070554,28485870,7,Grand Host,5,0.0,12.0,0.0,2.68
2026-07-17,Mildura,R5 1000m Hcap,5,260070554,65022887,5,Bine,1,0.0,7.12,0.0,2.18
2026-07-17,Mildura,R5 1000m Hcap,5,260070554,89436002,1,Demojo,2,0.0,3.0,1.0,1.46
2026-07-17,Mildura,R5 1000m Hcap,5,260070554,90604726,3,Surprisatic,3,0.0,5.1,0.0,1.81
2026-07-17,Mildura,R5 1000m Hcap,5,260070554,100693882,9,Moaksun,4,0.0,14.21,0.0,3.23
2026-07-17,Mildura,R6 2000m Hcap,6,260070562,51149405,8,Midnight Glow,3,0.0,20.0,0.0,5.2
2026-07-17,Mildura,R6 2000m Hcap,6,260070562,56939602,2,Haaland,4,0.0,18.5,0.0,4.8
2026-07-17,Mildura,R6 2000m Hcap,6,260070562,59453441,7,Pariah Pearl,1,0.0,6.6,0.0,2.26
2026-07-17,Mildura,R6 2000m Hcap,6,260070562,68383243,4,Male Model,5,1.0,5.59,1.0,2.07
2026-07-17,Mildura,R6 2000m Hcap,6,260070562,73370923,6,Longer Route,2,0.0,4.2,1.0,1.8
2026-07-17,Mildura,R7 1400m Hcap,7,260070571,1088680,7,Black Storm,4,0.0,4.26,1.0,1.71
2026-07-17,Mildura,R7 1400m Hcap,7,260070571,67855237,4,Fine Future,1,0.0,10.5,0.0,2.94
2026-07-17,Mildura,R7 1400m Hcap,7,260070571,72679668,9,Flying Valley,2,0.0,8.37,1.0,2.84
2026-07-17,Mildura,R7 1400m Hcap,7,260070571,99731746,11,Sought After,3,0.0,18.0,0.0,4.6
2026-07-17,Mildura,R7 1400m Hcap,7,260070571,100693885,13,Surprise Coming,5,0.0,9.6,0.0,3.01
2026-07-17,Mildura,R8 1400m Hcap,8,260070579,80569550,4,El Tercero,2,1.0,3.93,1.0,1.59
2026-07-17,Mildura,R8 1400m Hcap,8,260070579,81222244,10,In Her Stride,4,0.0,11.06,0.0,2.86
2026-07-17,Mildura,R8 1400m Hcap,8,260070579,86057898,3,Zorros Flight,1,0.0,2.98,1.0,1.6
2026-07-17,Mildura,R8 1400m Hcap,8,260070579,91116263,14,Alzaro,3,0.0,6.45,0.0,2.13
2026-07-17,Mildura,R8 1400m Hcap,8,260070579,100693886,12,Stole Him,5,0.0,17.0,0.0,4.14
2026-07-17,Murray Bridge,R1 1200m 2yo,1,260071837,100693608,1,Pure Crown,1,0.0,2.22,1.0,1.43
2026-07-17,Murray Bridge,R1 1200m 2yo,1,260071837,100693609,2,Victorium,3,0.0,6.87,0.0,2.43
2026-07-17,Murray Bridge,R1 1200m 2yo,1,260071837,100693611,4,Morlock,2,1.0,3.25,1.0,2.08
2026-07-17,Murray Bridge,R1 1200m 2yo,1,260071837,100693612,5,Glitzy Golden Girl,4,0.0,9.6,0.0,3.15
2026-07-17,Murray Bridge,R1 1200m 2yo,1,260071837,100693613,6,Thunder Empress,5,0.0,105.75,0.0,19.78
2026-07-17,Murray Bridge,R2 1100m Mdn,2,260071843,75392012,6,On Tik,5,0.0,15.0,1.0,3.4
2026-07-17,Murray Bridge,,2,260071843,99731358,10,Habondia,2,,,,
2026-07-17,Murray Bridge,R2 1100m Mdn,2,260071843,100693615,3,Elrond,4,0.0,3.76,0.0,1.57
2026-07-17,Murray Bridge,R2 1100m Mdn,2,260071843,100693616,8,Summertime Madness,1,1.0,2.94,1.0,1.41
2026-07-17,Murray Bridge,R2 1100m Mdn,2,260071843,100693617,11,Karma Queen,3,0.0,12.0,1.0,3.1
2026-07-17,Murray Bridge,R3 1100m 3yo,3,260071849,100693619,5,Mr Vexatious,3,0.0,3.45,0.0,1.49
2026-07-17,Murray Bridge,R3 1100m 3yo,3,260071849,100693621,7,Electric Beel,1,0.0,14.0,0.0,4.0
2026-07-17,Murray Bridge,R3 1100m 3yo,3,260071849,100693622,9,Naughty Jamie,5,0.0,13.0,0.0,3.65
2026-07-17,Murray Bridge,R3 1100m 3yo,3,260071849,100693623,10,Rondouillet,4,0.0,38.0,0.0,7.8
2026-07-17,Murray Bridge,R3 1100m 3yo,3,260071849,100693624,14,Bold Starlet,2,0.0,10.0,1.0,2.68
2026-07-17,Murray Bridge,R4 1600m Mdn,4,260071855,12490703,7,Durham,1,1.0,7.94,1.0,2.09
2026-07-17,Murray Bridge,R4 1600m Mdn,4,260071855,92504159,4,Sea Danger,5,0.0,73.97,0.0,13.0
2026-07-17,Murray Bridge,R4 1600m Mdn,4,260071855,100693627,9,Navy Rok,4,0.0,2.03,1.0,1.25
2026-07-17,Murray Bridge,R4 1600m Mdn,4,260071855,100693628,10,No Bail,3,0.0,11.0,0.0,2.72
2026-07-17,Murray Bridge,R4 1600m Mdn,4,260071855,100693630,12,Winstons Pride,2,0.0,7.84,1.0,2.38
2026-07-17,Murray Bridge,R5 1600m Hcap,5,260071861,49513692,7,Hallstatt,5,0.0,32.0,1.0,8.4
2026-07-17,Murray Bridge,R5 1600m Hcap,5,260071861,84696707,8,Harleynrose,1,0.0,8.72,0.0,3.5
2026-07-17,Murray Bridge,R5 1600m Hcap,5,260071861,88927573,2,I Am Ralph,2,0.0,6.81,0.0,2.96
2026-07-17,Murray Bridge,R5 1600m Hcap,5,260071861,89347653,3,Frontpoint,3,0.0,4.7,0.0,2.16
2026-07-17,Murray Bridge,R5 1600m Hcap,5,260071861,100693634,11,Black Bugatti,4,0.0,18.5,0.0,6.2
2026-07-17,Murray Bridge,R6 1800m Hcap,6,260071867,78432320,9,Suit Of Wands,3,0.0,5.7,0.0,2.36
2026-07-17,Murray Bridge,R6 1800m Hcap,6,260071867,88968542,2,Wimmera Star,1,0.0,16.47,1.0,4.6
2026-07-17,Murray Bridge,R6 1800m Hcap,6,260071867,100693641,6,United Legend,2,0.0,9.58,0.0,2.96
2026-07-17,Murray Bridge,R6 1800m Hcap,6,260071867,100693643,10,Celtic Maley,4,0.0,60.0,0.0,13.0
2026-07-17,Murray Bridge,R6 1800m Hcap,6,260071867,100693644,17,I Love This Song,5,0.0,55.0,0.0,12.0
2026-07-17,Murray Bridge,R7 1100m Hcap,7,260071873,4084803,11,Mine All Mine,5,0.0,21.65,0.0,5.72
2026-07-17,Murray Bridge,R7 1100m Hcap,7,260071873,47841773,3,Welcome Gypsy,3,0.0,40.85,0.0,11.96
2026-07-17,Murray Bridge,R7 1100m Hcap,7,260071873,59917430,9,Xtramagic,1,0.0,7.56,1.0,2.43
2026-07-17,Murray Bridge,R7 1100m Hcap,7,260071873,78756244,6,Steel Tsunami,2,1.0,6.36,1.0,2.59
2026-07-17,Murray Bridge,R7 1100m Hcap,7,260071873,88376206,1,Warparty,4,0.0,6.24,0.0,2.06
2026-07-17,Tamworth,R1 2100m Hcap,1,260072600,28338943,3,Macleay,4,0.0,20.0,0.0,11.8
2026-07-17,Tamworth,R1 2100m Hcap,1,260072600,62868649,4,Egyptologist,5,0.0,15.0,1.0,5.9
2026-07-17,Tamworth,R1 2100m Hcap,1,260072600,67559424,5,Rhinestone Lad,2,0.0,13.02,0.0,5.3
2026-07-17,Tamworth,R1 2100m Hcap,1,260072600,72878366,1,Ring Ahoy,3,0.0,5.58,0.0,2.2
2026-07-17,Tamworth,R1 2100m Hcap,1,260072600,93871155,2,Spenzalot,1,1.0,2.01,1.0,1.28
2026-07-17,Tamworth,R2 1000m Mdn,2,260072603,2899647,7,Staccato,3,0.0,22.0,0.0,2.48
2026-07-17,Tamworth,R2 1000m Mdn,2,260072603,3606737,2,Im Flexible,2,0.0,117.78,0.0,12.13
2026-07-17,Tamworth,R2 1000m Mdn,2,260072603,69354861,10,Quick Dip,4,0.0,3.75,0.0,1.39
2026-07-17,Tamworth,R2 1000m Mdn,2,260072603,100693183,8,Big Lon,1,1.0,1.84,1.0,1.14
2026-07-17,Tamworth,R2 1000m Mdn,2,260072603,100693184,9,Fioggia,5,0.0,15.68,0.0,3.25
2026-07-17,Tamworth,R3 1200m Mdn,3,260072606,89708541,6,Tamieka Warrior,2,0.0,27.0,1.0,5.9
2026-07-17,Tamworth,R3 1200m Mdn,3,260072606,93239439,2,Alberts Pick,4,0.0,5.7,0.0,1.52
2026-07-17,Tamworth,R3 1200m Mdn,3,260072606,100693188,4,Not Mee,1,1.0,8.8,1.0,2.03
2026-07-17,Tamworth,R3 1200m Mdn,3,260072606,100693192,10,Tiger Tiers,5,0.0,9.83,0.0,2.19
2026-07-17,Tamworth,R3 1200m Mdn,3,260072606,100693193,11,Trapeazy,3,0.0,1.81,0.0,1.2
2026-07-17,Tamworth,R4 1600m Hcap,4,260072609,9306866,3,Visualise,4,0.0,2.92,1.0,1.25
2026-07-17,Tamworth,R4 1600m Hcap,4,260072609,50529423,7,Zamborghini,1,0.0,4.93,1.0,1.59
2026-07-17,Tamworth,R4 1600m Hcap,4,260072609,70965889,5,Delrico,5,0.0,22.0,0.0,3.6
2026-07-17,Tamworth,R4 1600m Hcap,4,260072609,75392479,4,Like Lukey,3,0.0,20.51,0.0,3.2
2026-07-17,Tamworth,R4 1600m Hcap,4,260072609,91530662,9,Southerly Buster,2,1.0,3.15,1.0,1.37
2026-07-17,Tamworth,R5 1400m Mdn,5,260072612,33114908,6,Northern Eagle,2,1.0,4.97,1.0,1.91
2026-07-17,Tamworth,R5 1400m Mdn,5,260072612,80639991,9,Effietrinket,5,0.0,95.0,0.0,11.5
2026-07-17,Tamworth,R5 1400m Mdn,5,260072612,83940579,8,Czech Her Out,1,0.0,6.2,0.0,1.93
2026-07-17,Tamworth,R5 1400m Mdn,5,260072612,97983173,10,Moon Treaty,3,0.0,8.2,0.0,2.02
2026-07-17,Tamworth,R5 1400m Mdn,5,260072612,100693194,7,Strasbelle,4,0.0,3.5,1.0,1.36
2026-07-17,Tamworth,R6 1400m Hcap,6,260072615,72988458,1,Oenology,1,0.0,4.38,0.0,1.75
2026-07-17,Tamworth,R6 1400m Hcap,6,260072615,85777874,7,Smart Buy,4,0.0,14.88,1.0,4.3
2026-07-17,Tamworth,R6 1400m Hcap,6,260072615,86854765,12,Freedom To Roam,5,0.0,10.0,0.0,2.64
2026-07-17,Tamworth,R6 1400m Hcap,6,260072615,87206442,3,Yiasou,3,0.0,16.5,1.0,4.24
2026-07-17,Tamworth,R6 1400m Hcap,6,260072615,92822326,9,Atlantic Diva,2,0.0,36.0,0.0,5.8
2026-07-17,Tamworth,R7 1200m Hcap,7,260072618,3618547,10,Reprisal,4,0.0,9.82,0.0,2.82
2026-07-17,Tamworth,R7 1200m Hcap,7,260072618,6305453,4,On Hold,3,0.0,308.12,0.0,48.46
2026-07-17,Tamworth,R7 1200m Hcap,7,260072618,51032645,2,Master Gee,1,0.0,19.45,1.0,5.1
2026-07-17,Tamworth,R7 1200m Hcap,7,260072618,77426769,3,Winged,2,0.0,19.36,0.0,6.0
2026-07-17,Tamworth,R7 1200m Hcap,7,260072618,95540834,6,The Dux Nuts,5,0.0,3.7,0.0,1.65
2026-07-17,Tamworth,R8 1000m Hcap,8,260072621,2904666,9,Super Sioux,4,0.0,13.74,1.0,3.4
2026-07-17,Tamworth,R8 1000m Hcap,8,260072621,4823902,4,Speck,1,0.0,3.28,1.0,1.46
2026-07-17,Tamworth,R8 1000m Hcap,8,260072621,46495551,3,Enterprise Legend,5,0.0,4.2,0.0,1.97
2026-07-17,Tamworth,R8 1000m Hcap,8,260072621,74300759,5,Not Written Off,2,1.0,4.5,1.0,1.8
2026-07-17,Tamworth,R8 1000m Hcap,8,260072621,100693203,10,My Name Is,3,0.0,22.81,0.0,5.3
2026-07-18,Belmont,R1 1200m 2yo,1,260076892,100695129,1,Theyreallsisters,1,1.0,7.07,1.0,2.29
2026-07-18,Belmont,R1 1200m 2yo,1,260076892,100695130,4,Crypto Conqueror,5,0.0,36.96,0.0,7.83
2026-07-18,Belmont,R1 1200m 2yo,1,260076892,100695131,5,Diggers Shout,2,0.0,5.1,0.0,2.34
2026-07-18,Belmont,R1 1200m 2yo,1,260076892,100695136,12,Axopar,3,0.0,12.0,0.0,3.1
2026-07-18,Belmont,R1 1200m 2yo,1,260076892,100695138,14,Da Hinchi Belle,4,0.0,34.0,0.0,6.31
2026-07-18,Belmont,R2 1000m Hcap,2,260076901,56872634,5,Desert Dancing,2,0.0,8.0,0.0,2.51
2026-07-18,Belmont,R2 1000m Hcap,2,260076901,66993509,3,Wicked Venom,4,0.0,6.74,1.0,2.72
2026-07-18,Belmont,R2 1000m Hcap,2,260076901,77024528,8,Mai Aloha,1,0.0,3.73,1.0,1.75
2026-07-18,Belmont,R2 1000m Hcap,2,260076901,97886264,10,Sesh,5,0.0,11.8,0.0,2.97
2026-07-18,Belmont,R2 1000m Hcap,2,260076901,100695142,11,Divine Impact,3,0.0,27.0,0.0,6.64
2026-07-18,Belmont,R3 2200m 3yo,3,260076910,93757894,4,Pony Up,4,0.0,31.75,0.0,6.6
2026-07-18,Belmont,R3 2200m 3yo,3,260076910,99207895,1,Westbound,2,0.0,3.15,1.0,1.37
2026-07-18,Belmont,R3 2200m 3yo,3,260076910,100695143,2,Special Counsel,3,0.0,25.0,0.0,5.0
2026-07-18,Belmont,R3 2200m 3yo,3,260076910,100695144,3,Ladies Pro,1,1.0,1.65,1.0,1.14
2026-07-18,Belmont,R3 2200m 3yo,3,260076910,100695145,6,Autumn Gem,5,0.0,110.0,0.0,17.0
2026-07-18,Belmont,R4 1650m Hcap,4,260076919,808407,4,Noteworthy,5,0.0,17.2,0.0,4.1
2026-07-18,Belmont,R4 1650m Hcap,4,260076919,64721463,1,Snippy Which,1,0.0,8.84,1.0,2.7
2026-07-18,Belmont,R4 1650m Hcap,4,260076919,84697152,5,Simply Thinkin,3,0.0,15.5,0.0,4.17
2026-07-18,Belmont,R4 1650m Hcap,4,260076919,97954954,8,Auto Cruise,4,1.0,2.93,1.0,1.38
2026-07-18,Belmont,R4 1650m Hcap,4,260076919,100695147,10,Our Mate Archie,2,0.0,5.3,0.0,1.9
2026-07-18,Belmont,R5 1650m Hcap,5,260076928,2416275,4,Linchpin,2,0.0,23.0,0.0,4.7
2026-07-18,Belmont,R5 1650m Hcap,5,260076928,77689434,12,Kelora,4,0.0,100.69,0.0,12.0
2026-07-18,Belmont,R5 1650m Hcap,5,260076928,84399697,8,Shimonoseki,3,0.0,16.48,1.0,2.93
2026-07-18,Belmont,R5 1650m Hcap,5,260076928,97984854,3,Two Time Charlie,5,0.0,6.75,0.0,1.8
2026-07-18,Belmont,R5 1650m Hcap,5,260076928,99207876,14,Western Miss,1,1.0,1.66,1.0,1.19
2026-07-18,Belmont,R6 1400m Hcap,6,260076937,19476690,5,Too Soon,1,0.0,6.2,0.0,2.8
2026-07-18,Belmont,R6 1400m Hcap,6,260076937,84697153,8,Mt Shirataku,3,1.0,9.62,1.0,3.1
2026-07-18,Belmont,R6 1400m Hcap,6,260076937,87379979,6,Hey Pino,4,0.0,11.39,0.0,3.55
2026-07-18,Belmont,R6 1400m Hcap,6,260076937,90525904,11,Hedawood,5,0.0,25.92,0.0,6.29
2026-07-18,Belmont,R6 1400m Hcap,6,260076937,100695150,2,The Merryman,2,0.0,64.81,0.0,11.5
2026-07-18,Belmont,R7 1200m Hcap,7,260076946,6827869,12,Girls Day Out,3,0.0,6.2,0.0,2.4
2026-07-18,Belmont,R7 1200m Hcap,7,260076946,61139870,10,Atlantic Spirit,5,0.0,10.0,0.0,2.96
2026-07-18,Belmont,R7 1200m Hcap,7,260076946,65732753,1,Angel Undercover,2,0.0,20.0,1.0,4.61
2026-07-18,Belmont,R7 1200m Hcap,7,260076946,86347933,9,Want A Winner,1,0.0,2.7,0.0,1.49
2026-07-18,Belmont,R7 1200m Hcap,7,260076946,89020389,7,Too Dardy,4,0.0,36.0,1.0,8.2
2026-07-18,Belmont,R8 1200m Hcap,8,260076955,2068204,2,Lets Talk,3,0.0,15.91,0.0,4.66
2026-07-18,Belmont,R8 1200m Hcap,8,260076955,85713269,4,Champagne Crusader,5,0.0,14.9,0.0,4.42
2026-07-18,Belmont,R8 1200m Hcap,8,260076955,100695157,8,Great Emotion,4,0.0,19.2,0.0,6.0
2026-07-18,Belmont,R8 1200m Hcap,8,260076955,100695159,12,Riva Aquarama,2,0.0,19.33,0.0,4.3
2026-07-18,Belmont,R8 1200m Hcap,8,260076955,100695163,16,Bookends,1,0.0,12.31,0.0,4.2
2026-07-18,Darwin,R2 1300m Hcap,2,260094767,12381487,6,Stompem,4,1.0,4.47,1.0,1.93
2026-07-18,Darwin,R2 1300m Hcap,2,260094767,16857641,1,Pirate,1,0.0,30.9,0.0,8.24
2026-07-18,Darwin,R2 1300m Hcap,2,260094767,47039142,2,Galaxy General,2,0.0,4.61,1.0,1.79
2026-07-18,Darwin,R2 1300m Hcap,2,260094767,80399023,4,Rampazetto,3,0.0,9.95,1.0,2.68
2026-07-18,Darwin,R2 1300m Hcap,2,260094767,95540817,7,Data Scramble,5,0.0,26.55,0.0,6.4
2026-07-18,Darwin,R3 1300m Hcap,3,260094770,915108,1,Romantic Love,1,0.0,3.43,0.0,1.82
2026-07-18,Darwin,R3 1300m Hcap,3,260094770,67477347,4,Biden Time,2,0.0,7.28,1.0,2.82
2026-07-18,Darwin,R3 1300m Hcap,3,260094770,71374421,8,Dolce Damour,4,0.0,15.5,0.0,3.68
2026-07-18,Darwin,R3 1300m Hcap,3,260094770,83191584,7,Kalimna Views,5,1.0,12.82,1.0,2.9
2026-07-18,Darwin,R3 1300m Hcap,3,260094770,84470977,6,Your Not The Boss,3,0.0,10.5,0.0,2.68
2026-07-18,Darwin,R4 1200m Hcap,4,260094773,50195082,1,Bahama Bay,3,0.0,16.5,0.0,6.2
2026-07-18,Darwin,R4 1200m Hcap,4,260094773,63363564,2,Bons Pride,5,0.0,6.51,0.0,2.51
2026-07-18,Darwin,R4 1200m Hcap,4,260094773,75914650,4,Magarten,2,0.0,15.0,0.0,5.8
2026-07-18,Darwin,R4 1200m Hcap,4,260094773,81812303,6,Montjuic Magic,4,1.0,6.12,1.0,3.23
2026-07-18,Darwin,R4 1200m Hcap,4,260094773,100694388,3,Auxiliary,1,0.0,2.27,1.0,1.47
2026-07-18,Darwin,R5 1200m Hcap,5,260094776,39057174,3,Cinque Torri,4,0.0,6.2,1.0,1.77
2026-07-18,Darwin,R5 1200m Hcap,5,260094776,41046517,5,Cotehele,5,0.0,55.0,0.0,8.6
2026-07-18,Darwin,R5 1200m Hcap,5,260094776,42010718,2,Boldinho,1,0.0,3.76,1.0,1.5
2026-07-18,Darwin,R5 1200m Hcap,5,260094776,55571863,11,Wallenda,3,0.0,8.94,0.0,2.28
2026-07-18,Darwin,R5 1200m Hcap,5,260094776,64762770,1,Balastier,2,1.0,2.67,1.0,1.43
2026-07-18,Darwin,R6 1100m Hcap,6,260094779,51053146,5,Cripps Tonite,5,0.0,50.0,0.0,12.22
2026-07-18,Darwin,R6 1100m Hcap,6,260094779,64520229,2,If I Was You,1,0.0,4.41,1.0,1.64
2026-07-18,Darwin,R6 1100m Hcap,6,260094779,76051789,3,In No Doubt,4,0.0,9.4,0.0,3.07
2026-07-18,Darwin,R6 1100m Hcap,6,260094779,76934399,1,Dynamic Theory,2,0.0,3.43,1.0,1.45
2026-07-18,Darwin,R6 1100m Hcap,6,260094779,94921093,7,Oceans Jen,3,0.0,5.54,0.0,1.81
2026-07-18,Darwin,R7 1100m Hcap,7,260094782,1392837,1,Rivkin,1,0.0,30.37,0.0,5.53
2026-07-18,Darwin,R7 1100m Hcap,7,260094782,39317905,5,Real Valentia,3,0.0,40.0,0.0,5.2
2026-07-18,Darwin,R7 1100m Hcap,7,260094782,49364432,3,Bons Your Back,5,0.0,18.89,0.0,2.96
2026-07-18,Darwin,R7 1100m Hcap,7,260094782,77963471,4,Bruno Bruno,4,0.0,10.37,1.0,2.17
2026-07-18,Darwin,R7 1100m Hcap,7,260094782,92996655,2,Runaway Tycoon,2,1.0,1.66,1.0,1.13
2026-07-18,Darwin,R8 2050m Hcap,8,260094785,6543276,8,Tennessee Whiskey,4,0.0,7.4,0.0,2.11
2026-07-18,Darwin,R8 2050m Hcap,8,260094785,12356859,2,Ichiban,1,0.0,2.68,0.0,1.43
2026-07-18,Darwin,R8 2050m Hcap,8,260094785,52643615,4,Maxxi Bon,2,1.0,6.45,1.0,2.02
2026-07-18,Darwin,R8 2050m Hcap,8,260094785,72444367,5,Vanguard Legend,3,0.0,7.95,1.0,2.32
2026-07-18,Darwin,R8 2050m Hcap,8,260094785,81222137,9,Hotim English,5,0.0,21.52,0.0,4.83
2026-07-18,Darwin,R9 2050m 3yo,9,260094788,503159,8,Maldini,1,0.0,4.56,0.0,1.69
2026-07-18,Darwin,R9 2050m 3yo,9,260094788,937999,1,Aggressive,4,0.0,80.0,0.0,10.0
2026-07-18,Darwin,R9 2050m 3yo,9,260094788,83903985,7,Leveraged Buyout,3,1.0,2.02,1.0,1.19
2026-07-18,Darwin,R9 2050m 3yo,9,260094788,88330200,5,Grinzinger Tundra,5,0.0,50.0,0.0,7.0
2026-07-18,Darwin,R9 2050m 3yo,9,260094788,96534172,3,Crazy Town,2,0.0,29.51,1.0,4.67
2026-07-18,Derby,R1 1400m Hcap,1,260092530,643855,5,Power To Rule,4,1.0,3.25,1.0,1.81
2026-07-18,Derby,R1 1400m Hcap,1,260092530,7335328,1,Moment In The Sun,2,0.0,3.45,1.0,2.0
2026-07-18,Derby,R1 1400m Hcap,1,260092530,69352659,4,Matsoka,3,0.0,7.58,0.0,2.9
2026-07-18,Derby,R1 1400m Hcap,1,260092530,100695197,3,Angel Like You,1,0.0,7.08,0.0,3.2
2026-07-18,Derby,R1 1400m Hcap,1,260092530,100695198,6,Principal Dealer,5,0.0,23.56,0.0,7.01
2026-07-18,Derby,R2 1120m Mdn,2,260092534,981299,5,Belle Belle,2,0.0,8.6,0.0,2.57
2026-07-18,Derby,R2 1120m Mdn,2,260092534,63894485,2,Glyda,3,0.0,19.37,1.0,3.82
2026-07-18,Derby,R2 1120m Mdn,2,260092534,92391490,1,Viva Marconi,1,1.0,2.28,1.0,1.23
2026-07-18,Derby,R2 1120m Mdn,2,260092534,100695199,3,Hard To Top,4,0.0,8.08,0.0,2.08
2026-07-18,Derby,R2 1120m Mdn,2,260092534,100695200,4,Prove Me Wrong,5,0.0,48.0,0.0,8.4
2026-07-18,Derby,R3 1120m Hcap,3,260092538,47413921,1,Bayezid,2,0.0,4.07,0.0,1.58
2026-07-18,Derby,R3 1120m Hcap,3,260092538,55978935,2,Climb On Top,1,0.0,1.85,0.0,1.22
2026-07-18,Derby,R3 1120m Hcap,3,260092538,77614202,4,Lost Gravity,4,0.0,28.06,1.0,7.4
2026-07-18,Derby,R3 1120m Hcap,3,260092538,82896173,3,Gift Of The Heart,3,1.0,7.91,1.0,2.5
2026-07-18,Derby,R4 1120m Hcap,4,260092542,1439807,2,Berry Berry Good,3,0.0,7.2,0.0,2.32
2026-07-18,Derby,R4 1120m Hcap,4,260092542,85814008,3,Purple Circle,2,0.0,23.95,0.0,5.53
2026-07-18,Derby,R4 1120m Hcap,4,260092542,91355392,4,Outlaw Music,1,1.0,2.97,1.0,1.65
2026-07-18,Derby,R4 1120m Hcap,4,260092542,95536073,6,Magnasonic,4,0.0,17.52,0.0,4.1
2026-07-18,Derby,R4 1120m Hcap,4,260092542,96748729,1,Mrs Kangaroo,5,0.0,7.13,1.0,2.34
2026-07-18,Derby,R5 1400m Hcap,5,260092546,51589757,1,Bin Shalaa,4,0.0,31.14,1.0,5.72
2026-07-18,Derby,R5 1400m Hcap,5,260092546,63572076,7,Topaz,5,0.0,3.25,1.0,1.76
2026-07-18,Derby,R5 1400m Hcap,5,260092546,76573595,2,Close Talker,1,0.0,6.92,0.0,2.26
2026-07-18,Derby,R5 1400m Hcap,5,260092546,100019784,8,Hobelar,3,0.0,65.54,0.0,10.0
2026-07-18,Derby,R5 1400m Hcap,5,260092546,100695202,9,Karsavina,2,0.0,12.96,0.0,3.5
2026-07-18,Derby,R6 1800m Hcap,6,260092550,4209363,7,Civvy Street,4,0.0,11.01,0.0,3.31
2026-07-18,Derby,R6 1800m Hcap,6,260092550,50998200,5,Magic Whistle,3,0.0,15.95,0.0,4.3
2026-07-18,Derby,R6 1800m Hcap,6,260092550,69323487,2,Striking Fella,5,0.0,7.58,0.0,2.94
2026-07-18,Derby,R6 1800m Hcap,6,260092550,70139354,3,Capricorn Man,1,0.0,6.8,0.0,2.74
2026-07-18,Derby,R6 1800m Hcap,6,260092550,100695204,12,Do It Right,2,0.0,6.59,0.0,2.4
2026-07-18,Doomben,R4 2020m Hcap,4,260071907,8483318,8,Blacklist,5,0.0,19.04,0.0,5.8
2026-07-18,Doomben,R4 2020m Hcap,4,260071907,73482590,4,Enterprise Private,1,0.0,25.77,0.0,8.17
2026-07-18,Doomben,R4 2020m Hcap,4,260071907,74264413,15,Artful Girl,3,0.0,10.49,1.0,3.71
2026-07-18,Doomben,R4 2020m Hcap,4,260071907,74814646,12,San Gabriel,4,0.0,6.43,1.0,2.7
2026-07-18,Doomben,R4 2020m Hcap,4,260071907,97480669,7,Stranglehold,2,0.0,12.3,0.0,3.7
2026-07-18,Doomben,R5 1200m 3yo,5,260071916,84374210,12,Ready For Aimee,3,0.0,9.21,0.0,3.1
2026-07-18,Doomben,R5 1200m 3yo,5,260071916,100694629,2,Dragonne Rouge,1,0.0,5.56,0.0,2.04
2026-07-18,Doomben,R5 1200m 3yo,5,260071916,100694631,5,Spirit Of Barty,2,0.0,7.2,1.0,2.46
2026-07-18,Doomben,R5 1200m 3yo,5,260071916,100694632,6,Grinzinger Champ,4,1.0,4.33,1.0,1.96
2026-07-18,Doomben,R5 1200m 3yo,5,260071916,100694633,13,Sequel,5,0.0,18.93,0.0,5.5
2026-07-18,Doomben,R6 1350m CL6,6,260071925,813830,5,Set To Shine,3,0.0,31.46,0.0,6.18
2026-07-18,Doomben,R6 1350m CL6,6,260071925,2452818,10,Robrick,1,0.0,4.69,0.0,1.7
2026-07-18,Doomben,R6 1350m CL6,6,260071925,12240521,1,John Rambo,2,0.0,2.96,0.0,1.31
2026-07-18,Doomben,R6 1350m CL6,6,260071925,83834833,3,North Pole,4,0.0,4.73,1.0,1.66
2026-07-18,Doomben,R6 1350m CL6,6,260071925,87454375,11,Winston Hills,5,0.0,18.5,0.0,4.63
2026-07-18,Doomben,R7 1200m Hcap,7,260071934,2793607,11,Break Free,1,0.0,8.4,0.0,2.79
2026-07-18,Doomben,R7 1200m Hcap,7,260071934,61408431,13,Sultry Siren,4,0.0,12.32,0.0,2.82
2026-07-18,Doomben,R7 1200m Hcap,7,260071934,68323021,1,Taltarni Fields,5,1.0,7.56,1.0,2.37
2026-07-18,Doomben,R7 1200m Hcap,7,260071934,73991586,5,Shes Exotic,2,0.0,4.3,1.0,1.77
2026-07-18,Doomben,R7 1200m Hcap,7,260071934,78978451,14,Surprise Honey,3,0.0,4.7,0.0,1.95
2026-07-18,Doomben,R8 1615m Hcap,8,260071943,53641658,4,Yet He Moves,3,0.0,21.84,0.0,4.7
2026-07-18,Doomben,R8 1615m Hcap,8,260071943,61105216,10,Galano,2,0.0,19.86,1.0,5.3
2026-07-18,Doomben,R8 1615m Hcap,8,260071943,65558432,1,The Inflictor,4,0.0,7.04,0.0,2.28
2026-07-18,Doomben,R8 1615m Hcap,8,260071943,67222666,2,Rising Pacific,5,0.0,18.02,0.0,4.33
2026-07-18,Doomben,R8 1615m Hcap,8,260071943,98709264,6,Express Payment,1,0.0,6.49,1.0,2.2
2026-07-18,Doomben,R9 1615m CL6,9,260071952,53089361,9,Naval Trader,4,0.0,24.52,0.0,5.7
2026-07-18,Doomben,R9 1615m CL6,9,260071952,74264575,4,Daggers,2,1.0,2.92,1.0,1.41
2026-07-18,Doomben,R9 1615m CL6,9,260071952,74264575,4,Daggers,3,1.0,2.92,1.0,1.41
2026-07-18,Doomben,R9 1615m CL6,9,260071952,82277974,12,Pocketmoney,5,0.0,9.94,0.0,2.83
2026-07-18,Doomben,R9 1615m CL6,9,260071952,100694638,10,Eclair Awesome,1,0.0,32.12,0.0,7.2
2026-07-18,Flemington,R4 1400m 3yo,4,260072783,950684,2,Cherish Me,1,0.0,12.88,1.0,4.1
2026-07-18,Flemington,R4 1400m 3yo,4,260072783,12645810,3,Davida,3,0.0,7.0,0.0,2.46
2026-07-18,Flemington,R4 1400m 3yo,4,260072783,88376634,1,Palm Angel,2,0.0,18.5,0.0,5.4
2026-07-18,Flemington,R4 1400m 3yo,4,260072783,93496528,8,Missapprehend,4,0.0,5.1,1.0,1.92
2026-07-18,Flemington,R4 1400m 3yo,4,260072783,100694821,14,Laura Eliza,5,0.0,4.62,0.0,2.18
2026-07-18,Flemington,R5 1700m 3yo,5,260072792,84431116,3,Flying Done,2,0.0,8.94,0.0,3.25
2026-07-18,Flemington,R5 1700m 3yo,5,260072792,89967524,2,Kaleo,1,1.0,12.5,1.0,4.7
2026-07-18,Flemington,R5 1700m 3yo,5,260072792,100694824,6,Chowdown,4,0.0,13.98,0.0,4.4
2026-07-18,Flemington,R5 1700m 3yo,5,260072792,100694828,13,Zebra Finch,3,0.0,9.6,0.0,3.05
2026-07-18,Flemington,R5 1700m 3yo,5,260072792,100694829,14,The Mean Fiddler,5,0.0,9.4,0.0,3.17
2026-07-18,Flemington,R6 2800m Hcap,6,260072801,1100749,1,Bold Soul,2,1.0,6.31,1.0,1.98
2026-07-18,Flemington,R6 2800m Hcap,6,260072801,35546173,3,Black Run,4,0.0,9.33,0.0,3.08
2026-07-18,Flemington,R6 2800m Hcap,6,260072801,43016108,5,Virtuous Circle,1,0.0,17.89,0.0,4.0
2026-07-18,Flemington,R6 2800m Hcap,6,260072801,54901407,7,Parvati Party,3,0.0,11.09,0.0,3.0
2026-07-18,Flemington,R6 2800m Hcap,6,260072801,54901407,7,Parvati Party,5,0.0,11.09,0.0,3.0
2026-07-18,Flemington,R7 1200m Hcap,7,260072810,4719977,2,Home Rule,3,0.0,24.0,0.0,6.58
2026-07-18,Flemington,R7 1200m Hcap,7,260072810,71651325,1,Great Maximus,5,0.0,14.14,0.0,4.0
2026-07-18,Flemington,R7 1200m Hcap,7,260072810,84181682,4,Moby Dick,2,0.0,8.18,0.0,2.86
2026-07-18,Flemington,R7 1200m Hcap,7,260072810,97211676,11,Barari,1,0.0,3.22,0.0,1.7
2026-07-18,Flemington,R7 1200m Hcap,7,260072810,100694835,12,Piastri,4,1.0,16.0,1.0,4.5
2026-07-18,Flemington,R8 2000m Hcap,8,260072819,1215793,8,Star Of India,5,0.0,18.38,1.0,5.74
2026-07-18,Flemington,R8 2000m Hcap,8,260072819,7379756,2,Saint George,2,1.0,5.0,1.0,2.08
2026-07-18,Flemington,R8 2000m Hcap,8,260072819,35608773,3,Smokin Romans,4,0.0,18.89,1.0,5.08
2026-07-18,Flemington,R8 2000m Hcap,8,260072819,58138180,5,Freedom Rally,1,0.0,25.88,0.0,7.2
2026-07-18,Flemington,R8 2000m Hcap,8,260072819,87454377,7,Nellie Leylax,3,0.0,8.8,0.0,2.74
2026-07-18,Flemington,R9 1000m Hcap,9,260072828,1255409,9,Landmark,1,0.0,15.5,0.0,4.0
2026-07-18,Flemington,R9 1000m Hcap,9,260072828,39722843,1,Along The River,5,1.0,56.7,1.0,7.89
2026-07-18,Flemington,R9 1000m Hcap,9,260072828,87379526,4,Prima Bella,4,1.0,8.8,1.0,2.6
2026-07-18,Flemington,R9 1000m Hcap,9,260072828,88069483,11,Street Artist,2,0.0,2.83,0.0,1.55
2026-07-18,Flemington,R9 1000m Hcap,9,260072828,100694841,13,Next Step Iowa,3,0.0,5.1,1.0,2.02
2026-07-18,Gold Coast,R4 1000m Mdn,4,260094169,8646801,3,Lipizzaner,4,0.0,3.66,0.0,1.65
2026-07-18,Gold Coast,R4 1000m Mdn,4,260094169,82344558,7,Geitz,1,1.0,5.52,1.0,1.97
2026-07-18,Gold Coast,R4 1000m Mdn,4,260094169,98995124,11,Reign Of Dame,5,0.0,12.03,0.0,2.53
2026-07-18,Gold Coast,R4 1000m Mdn,4,260094169,99770939,2,Fawunderpar,2,0.0,10.21,0.0,2.64
2026-07-18,Gold Coast,R4 1000m Mdn,4,260094169,100720888,10,Keen To Begin,3,0.0,28.78,0.0,6.11
2026-07-18,Gold Coast,R5 1400m CL3,5,260094173,72168112,2,Scoundrel,5,0.0,36.0,0.0,5.6
2026-07-18,Gold Coast,R5 1400m CL3,5,260094173,88069258,1,Chicago King,3,0.0,4.7,1.0,1.84
2026-07-18,Gold Coast,R5 1400m CL3,5,260094173,94181121,4,Hermione Prancer,2,0.0,16.5,0.0,4.0
2026-07-18,Gold Coast,R5 1400m CL3,5,260094173,99770622,7,Dushenka,4,0.0,13.41,0.0,2.9
2026-07-18,Gold Coast,R5 1400m CL3,5,260094173,100720893,3,Davikar,1,0.0,2.88,0.0,1.44
2026-07-18,Gold Coast,R6 1800m Hcap,6,260094177,4617974,10,Notes,2,1.0,5.55,1.0,2.21
2026-07-18,Gold Coast,R6 1800m Hcap,6,260094177,4617974,10,Notes,3,1.0,5.55,1.0,2.21
2026-07-18,Gold Coast,R6 1800m Hcap,6,260094177,76959652,1,Carnegie Hill,4,0.0,14.89,0.0,4.93
2026-07-18,Gold Coast,R6 1800m Hcap,6,260094177,82857164,3,Watermelon,1,0.0,5.7,0.0,2.19
2026-07-18,Gold Coast,R6 1800m Hcap,6,260094177,100396503,11,Ocaldino,5,0.0,5.86,0.0,2.18
2026-07-18,Gold Coast,R7 1200m Hcap,7,260094181,49513502,1,Count Nicholas,4,1.0,3.29,1.0,1.55
2026-07-18,Gold Coast,R7 1200m Hcap,7,260094181,59354739,7,Baltray,2,0.0,6.72,0.0,2.04
2026-07-18,Gold Coast,R7 1200m Hcap,7,260094181,75797305,6,I Stole It,5,0.0,3.86,0.0,1.59
2026-07-18,Gold Coast,R7 1200m Hcap,7,260094181,76572745,3,Boondocks,3,0.0,14.69,1.0,3.7
2026-07-18,Gold Coast,R7 1200m Hcap,7,260094181,79523831,2,Surfers Royale,1,0.0,8.85,0.0,2.35
2026-07-18,Gold Coast,R8 1000m Hcap,8,260094185,57563378,10,Thelwell,3,1.0,5.48,1.0,1.74
2026-07-18,Gold Coast,R8 1000m Hcap,8,260094185,63084228,3,Holy Racket,1,0.0,15.82,0.0,4.4
2026-07-18,Gold Coast,R8 1000m Hcap,8,260094185,67290567,9,Bring Me Kash,4,0.0,21.75,1.0,4.88
2026-07-18,Gold Coast,R8 1000m Hcap,8,260094185,70421273,1,Chakra Boy,5,0.0,6.0,1.0,2.19
2026-07-18,Gold Coast,R8 1000m Hcap,8,260094185,80026574,5,State In Texas,2,0.0,14.0,0.0,2.94
2026-07-18,Gosford,R3 1200m Mdn,3,260097248,87861012,6,Bobby,5,0.0,11.0,1.0,2.38
2026-07-18,Gosford,R3 1200m Mdn,3,260097248,100721316,1,Acharnee,2,0.0,4.08,1.0,1.36
2026-07-18,Gosford,R3 1200m Mdn,3,260097248,100721317,2,Caddys Steps,3,0.0,6.6,0.0,2.01
2026-07-18,Gosford,R3 1200m Mdn,3,260097248,100721319,5,Lady Of The Castle,1,0.0,2.31,0.0,1.14
2026-07-18,Gosford,R3 1200m Mdn,3,260097248,100721320,7,Frida Kay,4,1.0,36.02,1.0,4.3
2026-07-18,Gosford,R4 1600m Hcap,4,260097251,5052564,3,Dollars,5,1.0,18.5,1.0,3.49
2026-07-18,Gosford,R4 1600m Hcap,4,260097251,69829527,4,Darn Cute,4,0.0,5.97,0.0,2.04
2026-07-18,Gosford,R4 1600m Hcap,4,260097251,75434983,2,Squeezebox,2,0.0,2.47,0.0,1.23
2026-07-18,Gosford,R4 1600m Hcap,4,260097251,89101013,5,Tillstrom,3,0.0,15.24,0.0,3.0
2026-07-18,Gosford,R4 1600m Hcap,4,260097251,100721324,7,Kirkuk,1,0.0,3.29,1.0,1.5
2026-07-18,Gosford,R5 1000m CL1,5,260097254,8641821,3,Aeternum,1,0.0,5.6,0.0,1.7
2026-07-18,Gosford,R5 1000m CL1,5,260097254,94409111,6,Difensivo,5,1.0,9.2,1.0,2.6
2026-07-18,Gosford,R5 1000m CL1,5,260097254,94779887,1,Melanite,3,0.0,3.0,1.0,1.46
2026-07-18,Gosford,R5 1000m CL1,5,260097254,100721326,5,Cosmic Order,4,0.0,11.76,0.0,3.02
2026-07-18,Gosford,R5 1000m CL1,5,260097254,100721327,7,Vittozzi,2,0.0,8.0,0.0,2.2
2026-07-18,Gosford,R6 1200m CL1,6,260097257,1293715,1,Johnny,1,0.0,2.15,1.0,1.25
2026-07-18,Gosford,R6 1200m CL1,6,260097257,3200049,3,Stability,4,1.0,11.0,1.0,1.85
2026-07-18,Gosford,R6 1200m CL1,6,260097257,24894701,7,Firework,5,0.0,25.0,1.0,3.74
2026-07-18,Gosford,R6 1200m CL1,6,260097257,77688437,2,Cobra Club,2,0.0,3.95,0.0,1.35
2026-07-18,Gosford,R6 1200m CL1,6,260097257,100721330,4,October Star,3,0.0,7.0,0.0,1.66
2026-07-18,Gosford,R7 1200m CL1,7,260097260,91806887,11,Tennessee Dolly,4,0.0,5.0,1.0,1.71
2026-07-18,Gosford,R7 1200m CL1,7,260097260,93573809,3,Fire N Stone,5,0.0,8.6,0.0,2.32
2026-07-18,Gosford,R7 1200m CL1,7,260097260,99241980,9,Gaelic Gem,2,0.0,9.13,0.0,2.15
2026-07-18,Gosford,R7 1200m CL1,7,260097260,100721336,5,Celestial Deal,1,0.0,5.06,0.0,2.14
2026-07-18,Gosford,R7 1200m CL1,7,260097260,100721338,7,Kwirky Smile,3,1.0,3.2,1.0,1.88
2026-07-18,Inverell,R2 1050m Mdn,2,260097227,86854753,12,Pride Of Nations,5,0.0,200.0,0.0,38.0
2026-07-18,Inverell,R2 1050m Mdn,2,260097227,98735593,5,Beltone,4,0.0,11.9,0.0,3.5
2026-07-18,Inverell,R2 1050m Mdn,2,260097227,100720603,4,Money On My Mind,1,0.0,5.16,0.0,1.62
2026-07-18,Inverell,R2 1050m Mdn,2,260097227,100720604,7,Kid Mckinlay,2,0.0,19.0,0.0,3.53
2026-07-18,Inverell,R2 1050m Mdn,2,260097227,100720606,10,Musumeci,3,0.0,9.82,1.0,3.1
2026-07-18,Inverell,R3 1600m Hcap,3,260097230,49949149,2,Carribean King,1,0.0,23.68,0.0,11.2
2026-07-18,Inverell,R3 1600m Hcap,3,260097230,58176944,11,Griffinstown Girl,4,0.0,10.0,0.0,3.35
2026-07-18,Inverell,R3 1600m Hcap,3,260097230,80091103,5,Captain Insano,3,0.0,3.9,0.0,1.91
2026-07-18,Inverell,R3 1600m Hcap,3,260097230,99241186,1,Magic Flyer,5,0.0,17.5,0.0,3.68
2026-07-18,Inverell,R3 1600m Hcap,3,260097230,100720607,3,Advance To Jaffa,2,0.0,16.5,0.0,4.3
2026-07-18,Inverell,R4 1200m Hcap,4,260097233,12870088,4,Sky Blue,1,0.0,6.8,0.0,2.24
2026-07-18,Inverell,R4 1200m Hcap,4,260097233,79023090,10,Risk Assessment,2,0.0,3.75,0.0,1.71
2026-07-18,Inverell,R4 1200m Hcap,4,260097233,86388039,3,Celestial Bell,5,0.0,10.0,0.0,2.78
2026-07-18,Inverell,R4 1200m Hcap,4,260097233,90523868,1,Evocator,4,0.0,22.0,1.0,5.2
2026-07-18,Inverell,R4 1200m Hcap,4,260097233,100720610,12,Glitterscript,3,1.0,17.15,1.0,5.4
2026-07-18,Inverell,R5 1400m Hcap,5,260097236,51957987,12,Master Of Rewards,5,0.0,28.28,0.0,7.8
2026-07-18,Inverell,R5 1400m Hcap,5,260097236,68598614,3,Thief By Night,2,0.0,7.8,1.0,2.66
2026-07-18,Inverell,R5 1400m Hcap,5,260097236,73754237,11,Bianco Nero,4,1.0,9.32,1.0,3.25
2026-07-18,Inverell,R5 1400m Hcap,5,260097236,82375954,2,Ezeiza,3,0.0,4.9,0.0,2.12
2026-07-18,Inverell,R5 1400m Hcap,5,260097236,84182172,7,Shes Brutal,1,0.0,4.3,0.0,1.69
2026-07-18,Inverell,R6 1050m Hcap,6,260097239,41749085,9,Powerstone,2,0.0,22.4,0.0,6.2
2026-07-18,Inverell,R6 1050m Hcap,6,260097239,61631177,12,Kipyegon,4,0.0,260.0,0.0,144.23
2026-07-18,Inverell,R6 1050m Hcap,6,260097239,80438219,7,Shes A Wild One,5,0.0,15.58,0.0,3.91
2026-07-18,Inverell,R6 1050m Hcap,6,260097239,83940985,2,Snitzond,1,0.0,2.36,0.0,1.41
2026-07-18,Inverell,R6 1050m Hcap,6,260097239,85587335,6,La Narradora,3,0.0,13.74,0.0,3.73
2026-07-18,Mildura,R3 1400m Mdn,3,260094123,73753951,10,Saraya,3,0.0,70.0,0.0,12.08
2026-07-18,Mildura,R3 1400m Mdn,3,260094123,82344201,9,Miss Trombari,5,1.0,57.07,1.0,12.5
2026-07-18,Mildura,R3 1400m Mdn,3,260094123,100721235,6,French Palace,4,0.0,10.85,0.0,3.42
2026-07-18,Mildura,R3 1400m Mdn,3,260094123,100721236,7,Full Display,1,0.0,1.66,1.0,1.2
2026-07-18,Mildura,R3 1400m Mdn,3,260094123,100721237,8,Magic Machine,2,0.0,3.94,0.0,1.61
2026-07-18,Mildura,R4 1000m Hcap,4,260094130,67008056,7,Tornados Sister,1,0.0,8.8,1.0,2.72
2026-07-18,Mildura,R4 1000m Hcap,4,260094130,68157219,3,Listening Is Doing,4,0.0,13.36,0.0,3.2
2026-07-18,Mildura,R4 1000m Hcap,4,260094130,86099520,1,Grande Terre,2,1.0,3.26,1.0,1.49
2026-07-18,Mildura,R4 1000m Hcap,4,260094130,88376194,2,Girls Night,3,0.0,8.14,1.0,2.52
2026-07-18,Mildura,R4 1000m Hcap,4,260094130,100721238,5,Night Colours,5,0.0,103.24,0.0,25.0
2026-07-18,Mildura,R5 1900m Hcap,5,260094137,3740390,8,Eight Under,3,0.0,21.0,0.0,4.56
2026-07-18,Mildura,R5 1900m Hcap,5,260094137,78755979,1,Verona Rupes,1,1.0,5.06,1.0,2.02
2026-07-18,Mildura,R5 1900m Hcap,5,260094137,83868432,3,Eau De Cologne,4,0.0,4.54,0.0,1.97
2026-07-18,Mildura,R5 1900m Hcap,5,260094137,91115359,10,Divine Fire,2,0.0,3.7,1.0,1.6
2026-07-18,Mildura,R5 1900m Hcap,5,260094137,100721239,7,Black Rutile,5,0.0,17.88,0.0,4.5
2026-07-18,Mildura,R6 1200m Hcap,6,260094144,47463306,12,Sweet N Spicy,4,0.0,14.25,0.0,3.64
2026-07-18,Mildura,R6 1200m Hcap,6,260094144,49297180,4,Kings Taj,2,0.0,16.5,0.0,4.17
2026-07-18,Mildura,R6 1200m Hcap,6,260094144,77769017,2,Mr Markle,1,0.0,2.98,1.0,1.68
2026-07-18,Mildura,R6 1200m Hcap,6,260094144,84471758,5,Surfy Pete,5,0.0,15.36,0.0,4.23
2026-07-18,Mildura,R6 1200m Hcap,6,260094144,91692521,1,Formidable Force,3,0.0,5.49,0.0,2.3
2026-07-18,Mildura,R7 1400m Hcap,7,260094151,511055,9,Pacific Jewel,3,0.0,8.85,1.0,3.1
2026-07-18,Mildura,R7 1400m Hcap,7,260094151,76246839,1,Sacred Fort,5,1.0,5.4,1.0,2.04
2026-07-18,Mildura,R7 1400m Hcap,7,260094151,85586602,5,Pick A Symphony,4,0.0,3.9,0.0,1.75
2026-07-18,Mildura,R7 1400m Hcap,7,260094151,100721250,2,Callistemon,1,0.0,8.0,0.0,2.58
2026-07-18,Mildura,R7 1400m Hcap,7,260094151,100721251,7,Phoebe Buffay,2,0.0,10.0,0.0,3.05
2026-07-18,Morphettville,R4 1250m Hcap,4,260072865,42248670,1,Big Sue,2,1.0,16.0,1.0,3.9
2026-07-18,Morphettville,R4 1250m Hcap,4,260072865,62097626,2,Tapinforpar,1,0.0,8.15,0.0,2.7
2026-07-18,Morphettville,R4 1250m Hcap,4,260072865,71403417,10,Percidian,4,0.0,12.27,0.0,3.35
2026-07-18,Morphettville,R4 1250m Hcap,4,260072865,89018027,7,Grinzinger Halo,5,0.0,5.3,0.0,1.93
2026-07-18,Morphettville,R4 1250m Hcap,4,260072865,100019307,9,Koratora,3,0.0,17.04,0.0,4.8
2026-07-18,Morphettville,R5 1250m Hcap,5,260072874,5749747,6,Metrical,5,0.0,9.66,1.0,2.47
2026-07-18,Morphettville,R5 1250m Hcap,5,260072874,39447923,1,Karacasu,4,0.0,22.46,0.0,5.1
2026-07-18,Morphettville,R5 1250m Hcap,5,260072874,67531782,8,Wolfy,1,0.0,2.7,0.0,1.44
2026-07-18,Morphettville,R5 1250m Hcap,5,260072874,67531782,8,Wolfy,2,0.0,2.7,0.0,1.44
2026-07-18,Morphettville,R5 1250m Hcap,5,260072874,82277807,11,Cielao,3,0.0,5.47,0.0,2.04
2026-07-18,Morphettville,R6 1400m Grp3,6,260072883,846166,7,Brevitas,5,0.0,2.87,0.0,1.46
2026-07-18,Morphettville,R6 1400m Grp3,6,260072883,100232642,2,Put To The Sword,4,0.0,20.0,0.0,4.36
2026-07-18,Morphettville,R6 1400m Grp3,6,260072883,100693731,6,Mountain Devil,3,0.0,150.0,0.0,22.82
2026-07-18,Morphettville,R6 1400m Grp3,6,260072883,100693732,8,Expensive Taste,1,0.0,12.64,0.0,3.05
2026-07-18,Morphettville,R6 1400m Grp3,6,260072883,100693733,9,Burning Heartz,2,0.0,8.17,0.0,2.36
2026-07-18,Morphettville,R7 1550m Hcap,7,260072892,4214680,5,Capulet,1,0.0,14.11,0.0,4.0
2026-07-18,Morphettville,R7 1550m Hcap,7,260072892,36120824,7,Crown Mint,2,0.0,11.57,0.0,3.0
2026-07-18,Morphettville,R7 1550m Hcap,7,260072892,45367890,1,Just A Brother,4,0.0,29.55,0.0,6.05
2026-07-18,Morphettville,R7 1550m Hcap,7,260072892,46108841,12,Frances Boy,3,0.0,18.0,0.0,4.27
2026-07-18,Morphettville,R7 1550m Hcap,7,260072892,80361972,3,Showrunner,5,0.0,14.0,0.0,4.62
2026-07-18,Morphettville,R8 1400m CL2,8,260072901,67896474,11,Full Commitment,4,0.0,25.34,1.0,4.7
2026-07-18,Morphettville,R8 1400m CL2,8,260072901,67896474,11,Full Commitment,5,0.0,25.34,1.0,4.7
2026-07-18,Morphettville,R8 1400m CL2,8,260072901,92161117,6,Regal Ripper,3,0.0,10.93,0.0,3.35
2026-07-18,Morphettville,R8 1400m CL2,8,260072901,98451904,1,Bold Secret,2,0.0,2.35,1.0,1.42
2026-07-18,Morphettville,R8 1400m CL2,8,260072901,100693741,9,Dreams Fulfilled,1,0.0,17.83,0.0,4.07
2026-07-18,Morphettville,R9 1000m Hcap,9,260072910,56321522,10,Vintage Star,4,0.0,24.0,0.0,5.6
2026-07-18,Morphettville,R9 1000m Hcap,9,260072910,62632839,6,Bristler,2,0.0,24.0,0.0,6.0
2026-07-18,Morphettville,R9 1000m Hcap,9,260072910,77021673,5,Vexatious Dancer,5,0.0,19.44,1.0,4.3
2026-07-18,Morphettville,R9 1000m Hcap,9,260072910,87165038,2,Shining Smile,1,0.0,12.19,0.0,3.79
2026-07-18,Morphettville,R9 1000m Hcap,9,260072910,87165038,2,Shining Smile,3,0.0,12.19,0.0,3.79
2026-07-18,Rosehill,R5 2400m Hcap,5,260070850,10191690,7,Golden Century,5,0.0,7.08,1.0,2.68
2026-07-18,Rosehill,R5 2400m Hcap,5,260070850,77386873,9,Cormac T,3,0.0,6.13,0.0,2.3
2026-07-18,Rosehill,R5 2400m Hcap,5,260070850,77386873,9,Cormac T,4,0.0,6.13,0.0,2.3
2026-07-18,Rosehill,R5 2400m Hcap,5,260070850,78432348,2,Sounds Unusual,1,0.0,11.5,0.0,3.4
2026-07-18,Rosehill,R5 2400m Hcap,5,260070850,100694188,14,Le Troisir,2,1.0,4.96,1.0,1.79
2026-07-18,Rosehill,R6 1200m Hcap,6,260070859,54174101,10,West Of Dalby,2,0.0,13.89,0.0,3.55
2026-07-18,Rosehill,R6 1200m Hcap,6,260070859,76335502,7,Tequila Baby,5,0.0,26.13,0.0,5.95
2026-07-18,Rosehill,R6 1200m Hcap,6,260070859,100694189,3,Sword Of Legacy,3,1.0,2.23,1.0,1.37
2026-07-18,Rosehill,R6 1200m Hcap,6,260070859,100694189,3,Sword Of Legacy,4,1.0,2.23,1.0,1.37
2026-07-18,Rosehill,R6 1200m Hcap,6,260070859,100694190,5,Jellicious,1,0.0,11.44,1.0,2.75
2026-07-18,Rosehill,R7 1100m Hcap,7,260070868,475105,3,Aviatress,3,0.0,17.58,0.0,3.85
2026-07-18,Rosehill,R7 1100m Hcap,7,260070868,7667123,1,Dragonstone,2,0.0,10.02,0.0,2.26
2026-07-18,Rosehill,R7 1100m Hcap,7,260070868,59146507,5,Cigar Flick,5,0.0,5.7,1.0,1.62
2026-07-18,Rosehill,R7 1100m Hcap,7,260070868,67856686,4,Roselyns Star,1,1.0,2.12,1.0,1.27
2026-07-18,Rosehill,R7 1100m Hcap,7,260070868,83378753,9,Storm The Ramparts,4,0.0,11.06,0.0,2.94
2026-07-18,Rosehill,R8 1300m Hcap,8,260070877,64206346,7,Elouyou,1,0.0,5.41,1.0,2.22
2026-07-18,Rosehill,R8 1300m Hcap,8,260070877,68891032,10,Midnight Opal,2,0.0,8.55,1.0,2.47
2026-07-18,Rosehill,R8 1300m Hcap,8,260070877,100694194,9,Gatsbys,5,0.0,13.33,0.0,3.28
2026-07-18,Rosehill,R8 1300m Hcap,8,260070877,100694198,20,Ready To Shine,3,0.0,4.24,0.0,1.89
2026-07-18,Rosehill,R8 1300m Hcap,8,260070877,100694198,20,Ready To Shine,4,0.0,4.24,0.0,1.89
2026-07-18,Rosehill,R9 1500m Qlty,9,260070886,41398039,3,War Eternal,4,0.0,11.4,0.0,2.63
2026-07-18,Rosehill,R9 1500m Qlty,9,260070886,42483346,4,Just Folk,2,0.0,15.91,1.0,4.06
2026-07-18,Rosehill,R9 1500m Qlty,9,260070886,54404296,9,Cool Jakey,3,0.0,13.5,0.0,3.57
2026-07-18,Rosehill,R9 1500m Qlty,9,260070886,76572607,8,Midnight Dynamite,1,1.0,3.57,1.0,1.77
2026-07-18,Rosehill,R9 1500m Qlty,9,260070886,82603209,6,Punch Lane,5,0.0,27.45,0.0,6.2
2026-07-18,Rosehill,R10 1200m Hcap,10,260070895,99731702,6,Stardeel,5,0.0,8.0,0.0,2.24
2026-07-18,Rosehill,R10 1200m Hcap,10,260070895,100694203,9,Shropshire Lad,4,0.0,18.65,0.0,3.75
2026-07-18,Rosehill,R10 1200m Hcap,10,260070895,100694205,12,Columbia Blue,2,1.0,2.49,1.0,1.42
2026-07-18,Rosehill,R10 1200m Hcap,10,260070895,100694206,13,Snack Bar,1,0.0,5.71,1.0,1.78
2026-07-18,Rosehill,R10 1200m Hcap,10,260070895,100694208,16,Silencio Porfavor,3,0.0,16.45,0.0,4.42
2026-07-18,Toowoomba,R1 870m Hcap,1,260094189,100720967,1,Touch Base,1,1.0,1.78,1.0,1.16
2026-07-18,Toowoomba,R1 870m Hcap,1,260094189,100720969,4,Kanna Kamui,4,0.0,34.0,0.0,4.74
2026-07-18,Toowoomba,R1 870m Hcap,1,260094189,100720970,5,Lady Estelle,2,0.0,5.17,1.0,1.6
2026-07-18,Toowoomba,R1 870m Hcap,1,260094189,100720971,6,On The Cusp,3,0.0,9.38,1.0,2.14
2026-07-18,Toowoomba,R1 870m Hcap,1,260094189,100720973,8,Zhivago Bella,5,0.0,26.0,0.0,3.35
2026-07-18,Toowoomba,R2 1200m Hcap,2,260094193,68123555,1,Royal Bombadier,2,0.0,4.46,0.0,1.7
2026-07-18,Toowoomba,R2 1200m Hcap,2,260094193,94136764,14,Skieda,1,0.0,60.0,0.0,10.5
2026-07-18,Toowoomba,R2 1200m Hcap,2,260094193,95621179,6,Lowestoft,4,0.0,5.22,0.0,1.95
2026-07-18,Toowoomba,R2 1200m Hcap,2,260094193,100262996,13,Merchant Lady,3,0.0,166.59,0.0,23.0
2026-07-18,Toowoomba,R2 1200m Hcap,2,260094193,100720976,10,Anyway You Want It,5,0.0,146.1,0.0,22.0
2026-07-18,Toowoomba,R3 1050m Hcap,3,260094197,39218935,3,King Jester,4,0.0,22.11,0.0,4.2
2026-07-18,Toowoomba,R3 1050m Hcap,3,260094197,65052118,4,Thundering Soul,1,1.0,2.32,1.0,1.3
2026-07-18,Toowoomba,R3 1050m Hcap,3,260094197,82856377,2,Enterprise Lucia,2,0.0,9.21,0.0,2.75
2026-07-18,Toowoomba,R3 1050m Hcap,3,260094197,84733279,6,Hidden Nugget,5,0.0,6.8,0.0,2.14
2026-07-18,Toowoomba,R3 1050m Hcap,3,260094197,91872803,5,Jacka Stands Alone,3,0.0,11.81,0.0,3.5
2026-07-18,Toowoomba,R4 1000m Hcap,4,260094201,86347338,4,Im Lucky Two,4,0.0,13.0,0.0,2.64
2026-07-18,Toowoomba,R4 1000m Hcap,4,260094201,87805187,2,Jeans,5,0.0,7.01,0.0,2.18
2026-07-18,Toowoomba,R4 1000m Hcap,4,260094201,100720979,1,I Can Help,3,0.0,3.08,1.0,1.53
2026-07-18,Toowoomba,R4 1000m Hcap,4,260094201,100720982,7,Stout Hearted,2,0.0,28.95,0.0,5.4
2026-07-18,Toowoomba,R4 1000m Hcap,4,260094201,100720985,11,Lady Willpower,1,1.0,4.1,1.0,1.65
2026-07-18,Toowoomba,R5 1640m Hcap,5,260094205,2800781,5,Switchblade,5,0.0,10.5,0.0,2.5
2026-07-18,Toowoomba,R5 1640m Hcap,5,260094205,65823546,1,Great Aspirations,3,0.0,14.62,0.0,3.6
2026-07-18,Toowoomba,R5 1640m Hcap,5,260094205,78535232,2,Data Leak,1,1.0,6.0,1.0,2.12
2026-07-18,Toowoomba,R5 1640m Hcap,5,260094205,83154978,3,Power Of Success,4,0.0,5.2,0.0,2.08
2026-07-18,Toowoomba,R5 1640m Hcap,5,260094205,89019296,8,Sweet Pretender,2,0.0,2.98,1.0,1.52
2026-07-18,Toowoomba,R6 1640m Hcap,6,260094209,28584183,2,Mister Selfie,4,0.0,13.06,0.0,3.95
2026-07-18,Toowoomba,R6 1640m Hcap,6,260094209,55244353,3,Coney Island Baby,2,0.0,4.07,1.0,1.75
2026-07-18,Toowoomba,R6 1640m Hcap,6,260094209,86017922,4,Blumstien,3,0.0,8.2,0.0,2.36
2026-07-18,Toowoomba,R6 1640m Hcap,6,260094209,90287317,6,Good Philly,5,1.0,6.0,1.0,2.12
2026-07-18,Toowoomba,R6 1640m Hcap,6,260094209,97242356,1,Madalsa,1,0.0,4.31,0.0,1.72
2026-07-18,Toowoomba,R7 1100m Mdn,7,260094213,92784180,12,Shes A Belle,4,0.0,17.5,0.0,3.56
2026-07-18,Toowoomba,R7 1100m Mdn,7,260094213,100720987,1,Spirit Of Riverton,1,0.0,3.04,0.0,1.35
2026-07-18,Toowoomba,R7 1100m Mdn,7,260094213,100720989,4,Mandriana,2,1.0,3.45,1.0,1.62
2026-07-18,Toowoomba,R7 1100m Mdn,7,260094213,100720990,5,Enterprise Aloisia,5,0.0,46.0,0.0,10.66
2026-07-18,Toowoomba,R7 1100m Mdn,7,260094213,100720991,6,Flirtatious Lass,3,0.0,9.39,0.0,2.6
2026-07-18,Toowoomba,R8 1920m Mdn,8,260094217,2190170,9,Its Ok,2,0.0,14.0,0.0,4.3
2026-07-18,Toowoomba,R8 1920m Mdn,8,260094217,88927619,6,Flirting With Fire,4,0.0,4.48,0.0,1.91
2026-07-18,Toowoomba,R8 1920m Mdn,8,260094217,92784173,3,Bon Ichi,3,0.0,12.17,0.0,3.6
2026-07-18,Toowoomba,R8 1920m Mdn,8,260094217,94736293,4,Mr Racing,1,0.0,10.65,0.0,3.85
2026-07-18,Toowoomba,R8 1920m Mdn,8,260094217,100721000,12,Champagne Queen,5,0.0,12.0,0.0,4.02
2026-07-19,Carnarvon,R1 1000m Mdn,1,260121606,84374628,9,Black Cilla,5,0.0,33.0,0.0,7.06
2026-07-19,Carnarvon,R1 1000m Mdn,1,260121606,85471666,7,Costa Star,4,0.0,5.01,1.0,1.63
2026-07-19,Carnarvon,R1 1000m Mdn,1,260121606,93022598,1,Magic Carats,1,1.0,3.5,1.0,1.7
2026-07-19,Carnarvon,R1 1000m Mdn,1,260121606,96535409,3,The Sessione,3,0.0,4.37,0.0,1.6
2026-07-19,Carnarvon,R1 1000m Mdn,1,260121606,100695094,8,Tango Rhythm,2,0.0,6.8,1.0,2.17
2026-07-19,Carnarvon,R2 1400m CL1,2,260121610,513476,7,Blitz,3,0.0,18.5,1.0,5.28
2026-07-19,Carnarvon,R2 1400m CL1,2,260121610,2974641,6,Space Ace,2,0.0,7.09,0.0,2.32
2026-07-19,Carnarvon,R2 1400m CL1,2,260121610,65558598,10,Hot Nova,4,0.0,7.32,0.0,2.42
2026-07-19,Carnarvon,R2 1400m CL1,2,260121610,100695095,1,Daiyamondo,5,1.0,3.75,1.0,1.58
2026-07-19,Carnarvon,R2 1400m CL1,2,260121610,100695097,8,Fuzzybox,1,0.0,11.03,1.0,3.11
2026-07-19,Carnarvon,R3 1600m Hcap,3,260121614,526199,5,Urban Warrior,3,0.0,21.0,0.0,3.64
2026-07-19,Carnarvon,R3 1600m Hcap,3,260121614,49040286,1,Tiffs Lad,2,0.0,3.61,0.0,1.89
2026-07-19,Carnarvon,R3 1600m Hcap,3,260121614,60987528,3,Candlelight Sherif,4,0.0,2.97,1.0,1.24
2026-07-19,Carnarvon,R3 1600m Hcap,3,260121614,75354490,8,Odin Omen,5,0.0,9.08,1.0,2.0
2026-07-19,Carnarvon,,3,260121614,84659918,2,Dream Illusion,1,,,,
2026-07-19,Carnarvon,R4 1000m Hcap,4,260121618,1276547,8,Intoxicating,2,0.0,28.0,0.0,5.3
2026-07-19,Carnarvon,R4 1000m Hcap,4,260121618,3084145,3,Mars Mission,1,0.0,13.0,1.0,2.51
2026-07-19,Carnarvon,R4 1000m Hcap,4,260121618,57411511,10,She Is All Magic,4,0.0,13.5,0.0,3.31
2026-07-19,Carnarvon,R4 1000m Hcap,4,260121618,86586664,2,Cheeky Charlotte,5,0.0,26.0,0.0,5.24
2026-07-19,Carnarvon,R4 1000m Hcap,4,260121618,88733960,6,Addictive Dream,3,0.0,18.0,0.0,2.94
2026-07-19,Carnarvon,R5 1200m Hcap,5,260121622,3103570,2,Aardvark,3,0.0,2.38,1.0,1.23
2026-07-19,Carnarvon,R5 1200m Hcap,5,260121622,43015777,1,Corn Cob,4,0.0,14.0,0.0,2.46
2026-07-19,Carnarvon,,5,260121622,52385389,7,Simply Rosso,1,,,,
2026-07-19,Carnarvon,R5 1200m Hcap,5,260121622,53680421,4,Kote,2,0.0,11.62,1.0,2.59
2026-07-19,Carnarvon,R5 1200m Hcap,5,260121622,100695099,9,Gold Spy,5,0.0,33.43,0.0,4.14
2026-07-19,Carnarvon,R6 1400m Hcap,6,260121626,5137802,10,Western Impact,3,1.0,2.84,1.0,1.35
2026-07-19,Carnarvon,,6,260121626,80935513,5,Hard Questions,1,,,,
2026-07-19,Carnarvon,R6 1400m Hcap,6,260121626,90567946,2,Limahuli,2,0.0,3.64,0.0,1.55
2026-07-19,Carnarvon,,6,260121626,100695100,3,On Just Terms,5,,,,
2026-07-19,Carnarvon,R6 1400m Hcap,6,260121626,100695101,7,Blowin Smoke,4,0.0,11.21,1.0,2.4
2026-07-19,Coleraine,R3 3600m Stpl,3,260121838,40753005,3,Saint Eustace,2,0.0,6.2,1.0,1.66
2026-07-19,Coleraine,R3 3600m Stpl,3,260121838,40866311,1,Bazini,5,0.0,28.0,0.0,4.94
2026-07-19,Coleraine,R3 3600m Stpl,3,260121838,71903865,5,Nightfall,4,0.0,42.0,0.0,5.47
2026-07-19,Coleraine,R3 3600m Stpl,3,260121838,78000121,6,Raise The Note,3,0.0,12.0,1.0,2.11
2026-07-19,Coleraine,R3 3600m Stpl,3,260121838,78231264,2,Karburan,1,0.0,1.94,0.0,1.23
2026-07-19,Coleraine,R4 1600m Mdn,4,260121845,127854,5,Knucklehead,2,0.0,8.4,1.0,2.26
2026-07-19,Coleraine,R4 1600m Mdn,4,260121845,98735490,7,War No More,3,0.0,8.2,0.0,2.18
2026-07-19,Coleraine,R4 1600m Mdn,4,260121845,99171988,3,Helter Peltzer,4,0.0,27.0,0.0,5.48
2026-07-19,Coleraine,R4 1600m Mdn,4,260121845,100721468,4,Hemi Two Barrell,5,0.0,3.16,0.0,1.89
2026-07-19,Coleraine,R4 1600m Mdn,4,260121845,100721469,9,Gasoline Rainbow,1,0.0,4.71,1.0,1.85
2026-07-19,Coleraine,R5 1300m Mdn,5,260121852,3923709,1,Aqua Storm,1,1.0,1.87,1.0,1.16
2026-07-19,Coleraine,R5 1300m Mdn,5,260121852,74264524,9,Tamwood,4,0.0,21.0,1.0,3.4
2026-07-19,Coleraine,R5 1300m Mdn,5,260121852,100721470,3,Back Of The Boat,2,0.0,7.9,0.0,1.82
2026-07-19,Coleraine,R5 1300m Mdn,5,260121852,100721471,4,Chercovers Award,5,0.0,65.0,0.0,11.79
2026-07-19,Coleraine,R5 1300m Mdn,5,260121852,100721472,5,Daniel Boone,3,0.0,10.55,1.0,2.68
2026-07-19,Coleraine,R6 1300m Hcap,6,260121859,66004803,2,Darts Daly,1,0.0,7.14,1.0,1.97
2026-07-19,Coleraine,R6 1300m Hcap,6,260121859,76099027,6,Matrooshi,2,0.0,5.2,0.0,2.0
2026-07-19,Coleraine,R6 1300m Hcap,6,260121859,89348173,10,Coastal Whispers,5,0.0,36.83,0.0,7.29
2026-07-19,Coleraine,R6 1300m Hcap,6,260121859,100721475,4,Mosquito Award,3,0.0,4.5,0.0,1.91
2026-07-19,Coleraine,R6 1300m Hcap,6,260121859,100721476,5,Thinking Sensation,4,1.0,5.76,1.0,2.38
2026-07-19,Coleraine,R7 2250m Hcap,7,260121866,45712259,1,Hula Beat,5,0.0,29.78,0.0,7.55
2026-07-19,Coleraine,R7 2250m Hcap,7,260121866,65052282,5,Smokin Rohie,4,0.0,3.85,1.0,1.79
2026-07-19,Coleraine,R7 2250m Hcap,7,260121866,69576837,3,Chartwell House,3,0.0,6.7,0.0,2.67
2026-07-19,Coleraine,R7 2250m Hcap,7,260121866,81184234,7,Brave Eight,2,0.0,31.43,0.0,7.41
2026-07-19,Coleraine,R7 2250m Hcap,7,260121866,97660756,4,Initial Moment,1,0.0,14.0,0.0,3.85
2026-07-19,Grafton,R3 1100m Hcap,3,260119877,10442757,3,Zucchero,2,0.0,19.5,0.0,5.8
2026-07-19,Grafton,R3 1100m Hcap,3,260119877,64367317,8,The Lupercal,5,0.0,7.73,0.0,2.37
2026-07-19,Grafton,R3 1100m Hcap,3,260119877,73259318,9,Vendemmia,4,0.0,27.11,0.0,5.95
2026-07-19,Grafton,R3 1100m Hcap,3,260119877,97448949,4,Beer Baron,3,1.0,3.58,1.0,1.7
2026-07-19,Grafton,R3 1100m Hcap,3,260119877,100720868,13,Lord Seymour,1,0.0,29.0,0.0,5.51
2026-07-19,Grafton,R4 1100m Hcap,4,260119880,68450239,7,Parana River,1,0.0,19.5,0.0,3.9
2026-07-19,Grafton,R4 1100m Hcap,4,260119880,72947732,5,Desert Cougar,3,0.0,436.26,0.0,38.0
2026-07-19,Grafton,R4 1100m Hcap,4,260119880,76707894,16,Diamondsaremio,5,0.0,32.65,1.0,5.26
2026-07-19,Grafton,R4 1100m Hcap,4,260119880,90008732,6,Gold Puma,4,0.0,29.0,0.0,6.61
2026-07-19,Grafton,R4 1100m Hcap,4,260119880,98735038,9,Red Chick,2,0.0,3.0,0.0,1.48
2026-07-19,Grafton,R5 3120m Hcap,5,260119883,5285278,9,You Think So,5,0.0,25.43,0.0,5.4
2026-07-19,Grafton,R5 3120m Hcap,5,260119883,7611997,2,Final Chapter,4,0.0,33.9,0.0,7.48
2026-07-19,Grafton,R5 3120m Hcap,5,260119883,44208860,8,Papal Miss,1,0.0,8.56,0.0,2.76
2026-07-19,Grafton,R5 3120m Hcap,5,260119883,99241383,4,Bright The Sun,2,0.0,5.6,1.0,2.03
2026-07-19,Grafton,R5 3120m Hcap,5,260119883,99459164,11,Smelter,3,0.0,4.2,0.0,2.14
2026-07-19,Grafton,R6 1400m Hcap,6,260119886,42248646,4,Capo Strada,2,0.0,65.0,0.0,9.4
2026-07-19,Grafton,R6 1400m Hcap,6,260119886,45348553,1,Badgers Nuts,5,0.0,7.74,1.0,2.12
2026-07-19,Grafton,R6 1400m Hcap,6,260119886,49683776,5,Northern Decree,3,0.0,10.35,0.0,2.42
2026-07-19,Grafton,R6 1400m Hcap,6,260119886,74299633,3,Shamedy,4,0.0,14.0,1.0,4.02
2026-07-19,Grafton,R6 1400m Hcap,6,260119886,100720874,2,Bodhi Boy,1,1.0,2.5,1.0,1.43
2026-07-19,Grafton,R7 1700m Hcap,7,260119889,5755003,2,Sinatra,2,0.0,14.5,0.0,4.3
2026-07-19,Grafton,R7 1700m Hcap,7,260119889,42752026,6,Queen Of Tayrona,1,0.0,15.07,0.0,3.65
2026-07-19,Grafton,R7 1700m Hcap,7,260119889,64546221,7,Venom Wolf,4,1.0,6.6,1.0,2.26
2026-07-19,Grafton,R7 1700m Hcap,7,260119889,78230461,4,Gavin,3,0.0,10.0,1.0,2.87
2026-07-19,Grafton,R7 1700m Hcap,7,260119889,92241717,8,Flaming Genesis,5,0.0,10.5,0.0,2.9
2026-07-19,Hawkesbury,R4 2000m CL1,4,260120304,45967279,1,Airliner,2,0.0,40.0,0.0,3.13
2026-07-19,Hawkesbury,R4 2000m CL1,4,260120304,72379114,3,Longinus,5,1.0,18.5,1.0,2.28
2026-07-19,Hawkesbury,R4 2000m CL1,4,260120304,82857049,6,Wizards Star,4,0.0,19.5,1.0,2.15
2026-07-19,Hawkesbury,R4 2000m CL1,4,260120304,92504448,7,My Shareena,1,0.0,1.43,0.0,1.08
2026-07-19,Hawkesbury,R4 2000m CL1,4,260120304,100721369,10,Ruskana,3,0.0,5.9,1.0,1.49
2026-07-19,Hawkesbury,R5 1300m Mdn,5,260120307,6506224,11,Share The Joy,4,1.0,21.35,1.0,4.25
2026-07-19,Hawkesbury,R5 1300m Mdn,5,260120307,81155811,6,Cosmora,2,0.0,13.0,0.0,2.94
2026-07-19,Hawkesbury,R5 1300m Mdn,5,260120307,95263268,2,Mission Wise,5,0.0,42.0,0.0,7.0
2026-07-19,Hawkesbury,R5 1300m Mdn,5,260120307,100721372,4,Ironblood Empress,1,0.0,3.72,0.0,1.54
2026-07-19,Hawkesbury,R5 1300m Mdn,5,260120307,100721373,5,Cape Douglas,3,0.0,3.2,1.0,1.58
2026-07-19,Hawkesbury,R6 1500m Hcap,6,260120310,46314932,2,The Replicant,1,0.0,2.64,0.0,1.45
2026-07-19,Hawkesbury,R6 1500m Hcap,6,260120310,75795663,9,Girly Pop,5,0.0,5.92,0.0,1.85
2026-07-19,Hawkesbury,R6 1500m Hcap,6,260120310,78432354,4,Flying From Above,3,1.0,4.26,1.0,1.74
2026-07-19,Hawkesbury,R6 1500m Hcap,6,260120310,92996109,1,Castagnola,2,0.0,4.37,0.0,2.15
2026-07-19,Hawkesbury,R6 1500m Hcap,6,260120310,100721378,6,Silver Tempest,4,0.0,19.25,1.0,6.28
2026-07-19,Hawkesbury,R7 1300m Hcap,7,260120313,2350398,10,Spiritualistic,4,0.0,6.85,1.0,2.1
2026-07-19,Hawkesbury,R7 1300m Hcap,7,260120313,49807632,12,Killer Kerr,2,0.0,8.8,0.0,2.28
2026-07-19,Hawkesbury,R7 1300m Hcap,7,260120313,100721381,3,Last Druid,3,1.0,2.52,1.0,1.29
2026-07-19,Hawkesbury,R7 1300m Hcap,7,260120313,100721382,6,Philatelic,1,0.0,3.7,1.0,1.58
2026-07-19,Hawkesbury,R7 1300m Hcap,7,260120313,100721384,11,Astrogazer,5,0.0,34.0,0.0,5.7
2026-07-19,Hawkesbury,R8 1100m Hcap,8,260120316,74226941,1,Apollo Ridge,1,0.0,38.41,0.0,7.02
2026-07-19,Hawkesbury,R8 1100m Hcap,8,260120316,74538028,2,Gambler,5,0.0,18.5,0.0,4.56
2026-07-19,Hawkesbury,R8 1100m Hcap,8,260120316,76612329,7,Light Infantry,3,0.0,14.5,0.0,3.2
2026-07-19,Hawkesbury,R8 1100m Hcap,8,260120316,83080267,14,Boambee Beach,4,0.0,46.62,0.0,8.8
2026-07-19,Hawkesbury,R8 1100m Hcap,8,260120316,100721385,6,Gilette,2,0.0,7.8,0.0,3.1
2026-07-19,Hobart,R5 1200m Hcap,5,260122017,5387458,3,Alpine Thunder,4,0.0,9.42,0.0,2.9
2026-07-19,Hobart,R5 1200m Hcap,5,260122017,56686518,2,Captain Cam,2,1.0,29.22,1.0,5.9
2026-07-19,Hobart,R5 1200m Hcap,5,260122017,63798094,1,Furneaux,5,0.0,7.07,1.0,2.13
2026-07-19,Hobart,R5 1200m Hcap,5,260122017,71903753,7,Eastcoast Miss,3,0.0,9.28,0.0,2.48
2026-07-19,Hobart,R5 1200m Hcap,5,260122017,78463756,4,Geegees Missile,1,0.0,3.58,0.0,1.56
2026-07-19,Hobart,R6 1380m 2yo,6,260122023,22360876,1,Valley Star,3,1.0,3.09,1.0,1.29
2026-07-19,Hobart,R6 1380m 2yo,6,260122023,40284871,6,Momentslikethese,2,0.0,5.1,1.0,1.39
2026-07-19,Hobart,R6 1380m 2yo,6,260122023,95263516,7,All Intrique,4,0.0,29.42,1.0,3.85
2026-07-19,Hobart,R6 1380m 2yo,6,260122023,98451940,5,Buzzoffski,1,0.0,2.21,0.0,1.26
2026-07-19,Hobart,R6 1380m 2yo,6,260122023,100232416,3,Onyx Charm,5,0.0,54.89,0.0,6.6
2026-07-19,Hobart,R7 1380m Hcap,7,260122029,24427995,2,Wineglass Bay,3,0.0,13.2,1.0,3.72
2026-07-19,Hobart,R7 1380m Hcap,7,260122029,53088579,4,Sushi Express,2,0.0,7.6,1.0,2.74
2026-07-19,Hobart,R7 1380m Hcap,7,260122029,58371391,3,Alvarinho,5,0.0,6.0,0.0,2.38
2026-07-19,Hobart,R7 1380m Hcap,7,260122029,80856600,6,Shbourne Midnight,1,0.0,5.17,0.0,2.1
2026-07-19,Hobart,R7 1380m Hcap,7,260122029,91390518,8,Stone Cold Stunner,4,0.0,15.49,0.0,4.6
2026-07-19,Hobart,R8 1600m Hcap,8,260122035,42333126,1,Flossing,1,0.0,11.77,0.0,4.4
2026-07-19,Hobart,R8 1600m Hcap,8,260122035,48198699,9,Thisismyturf,3,0.0,9.8,1.0,3.33
2026-07-19,Hobart,R8 1600m Hcap,8,260122035,48260885,11,Reservoir Dog,4,0.0,12.79,0.0,3.7
2026-07-19,Hobart,R8 1600m Hcap,8,260122035,51735825,2,Johnnie Pinch,2,0.0,6.25,0.0,2.3
2026-07-19,Hobart,R8 1600m Hcap,8,260122035,90523873,5,Eaglefurther,5,0.0,9.37,0.0,3.55
2026-07-19,Pakenham,,2,260136602,100749581,17,Mirador,1,,,,
2026-07-19,Port Augusta,R2 1498m Mdn,2,260116881,64205537,5,Sir Aali,4,0.0,9.2,0.0,3.7
2026-07-19,Port Augusta,R2 1498m Mdn,2,260116881,67819613,8,Kung Fu Kisses,5,0.0,71.92,0.0,19.0
2026-07-19,Port Augusta,R2 1498m Mdn,2,260116881,92207541,7,Aqua Riva,3,0.0,179.97,0.0,46.0
2026-07-19,Port Augusta,R2 1498m Mdn,2,260116881,98882872,6,Sweet Kick,1,1.0,4.92,1.0,2.48
2026-07-19,Port Augusta,R2 1498m Mdn,2,260116881,100721154,4,The Grump,2,0.0,6.01,0.0,2.75
2026-07-19,Port Augusta,R3 1498m Hcap,3,260116887,27271279,3,Our Destrier,4,0.0,18.0,0.0,5.55
2026-07-19,Port Augusta,R3 1498m Hcap,3,260116887,39307621,1,Star Casino,1,0.0,1.82,0.0,1.31
2026-07-19,Port Augusta,R3 1498m Hcap,3,260116887,74459624,6,Star Decorum,5,0.0,14.18,0.0,4.36
2026-07-19,Port Augusta,R3 1498m Hcap,3,260116887,76572480,4,Kikorangi,3,1.0,4.78,1.0,2.04
2026-07-19,Port Augusta,R3 1498m Hcap,3,260116887,100721155,2,Ghemme,2,0.0,30.36,0.0,8.2
2026-07-19,Port Augusta,R4 1200m Hcap,4,260116893,77613193,3,Uncle Barry,3,0.0,15.0,0.0,4.72
2026-07-19,Port Augusta,R4 1200m Hcap,4,260116893,78813220,4,Samanth,4,1.0,3.55,1.0,1.85
2026-07-19,Port Augusta,R4 1200m Hcap,4,260116893,86933900,1,Zatanna,2,0.0,2.07,1.0,1.43
2026-07-19,Port Augusta,R4 1200m Hcap,4,260116893,91432070,2,Kahlua Girl,1,0.0,8.2,0.0,3.84
2026-07-19,Port Augusta,R4 1200m Hcap,4,260116893,100721156,5,Scandalist,5,0.0,22.64,0.0,6.6
2026-07-19,Port Augusta,R5 1498m Hcap,5,260116899,40050597,1,Im Kenny,1,0.0,4.24,1.0,1.61
2026-07-19,Port Augusta,R5 1498m Hcap,5,260116899,55534104,7,Zilzie Lad,3,0.0,36.0,0.0,5.73
2026-07-19,Port Augusta,R5 1498m Hcap,5,260116899,72679642,4,Sengoki,5,0.0,11.98,0.0,2.74
2026-07-19,Port Augusta,R5 1498m Hcap,5,260116899,98735199,5,Hamilton Brown,4,0.0,9.6,1.0,2.26
2026-07-19,Port Augusta,R5 1498m Hcap,5,260116899,100721157,6,Hubristic,2,1.0,3.17,1.0,1.46
2026-07-19,Port Augusta,R6 1867m Hcap,6,260116905,38077816,5,Taipan Tommy,2,0.0,32.0,1.0,6.0
2026-07-19,Port Augusta,R6 1867m Hcap,6,260116905,42422216,7,Lettemgo,5,0.0,18.93,0.0,3.96
2026-07-19,Port Augusta,R6 1867m Hcap,6,260116905,44619385,2,Fox Dunnett,3,0.0,6.6,0.0,2.32
2026-07-19,Port Augusta,R6 1867m Hcap,6,260116905,47841815,1,Ichibansan,1,0.0,5.0,1.0,1.97
2026-07-19,Port Augusta,R6 1867m Hcap,6,260116905,54935787,4,Overloaded,4,1.0,3.82,1.0,1.62
2026-07-19,Port Augusta,R7 1100m Hcap,7,260116911,42343224,3,Exonumia,1,0.0,3.86,1.0,1.64
2026-07-19,Port Augusta,R7 1100m Hcap,7,260116911,49332821,1,Shikanic,2,0.0,3.0,0.0,1.44
2026-07-19,Port Augusta,R7 1100m Hcap,7,260116911,74299325,9,River Clyde,5,0.0,19.07,0.0,4.95
2026-07-19,Port Augusta,R7 1100m Hcap,7,260116911,95919114,7,Alpha Street,3,0.0,11.0,0.0,2.89
2026-07-19,Port Augusta,R7 1100m Hcap,7,260116911,100721158,4,Born To Shine,4,0.0,15.14,0.0,3.57
2026-07-19,Seymour,R5 1600m Mdn,5,260121038,11156588,6,Long Shot,5,0.0,27.67,0.0,5.84
2026-07-19,Seymour,R5 1600m Mdn,5,260121038,80973563,2,Boss Boy,1,0.0,3.25,1.0,1.57
2026-07-19,Seymour,R5 1600m Mdn,5,260121038,98925325,1,A Long Story Short,3,1.0,4.7,1.0,2.04
2026-07-19,Seymour,R5 1600m Mdn,5,260121038,100721742,7,Maranoa Boy,4,0.0,28.63,0.0,5.5
2026-07-19,Seymour,R5 1600m Mdn,5,260121038,100721743,8,Rainy Night,2,0.0,6.59,0.0,2.4
2026-07-19,Seymour,R6 1600m Hcap,6,260121046,2983861,3,Kiss My Rock,5,0.0,23.32,0.0,6.8
2026-07-19,Seymour,R6 1600m Hcap,6,260121046,78432911,1,One Long Day,1,1.0,6.03,1.0,2.7
2026-07-19,Seymour,R6 1600m Hcap,6,260121046,91061157,13,Queen Of The Surf,4,0.0,20.44,0.0,4.6
2026-07-19,Seymour,R6 1600m Hcap,6,260121046,95579694,11,Princess Painton,3,0.0,10.47,0.0,3.4
2026-07-19,Seymour,R6 1600m Hcap,6,260121046,100721746,6,Annotate,2,0.0,9.0,1.0,2.88
2026-07-19,Seymour,R7 2040m Hcap,7,260121054,67531354,11,Timeonlees,4,0.0,8.2,0.0,3.01
2026-07-19,Seymour,R7 2040m Hcap,7,260121054,71374487,8,Governor King,3,1.0,11.5,1.0,3.45
2026-07-19,Seymour,R7 2040m Hcap,7,260121054,84374234,2,Durban Harbour,2,0.0,14.59,1.0,4.3
2026-07-19,Seymour,R7 2040m Hcap,7,260121054,100721751,4,High Tempo,5,0.0,5.7,1.0,2.14
2026-07-19,Seymour,R7 2040m Hcap,7,260121054,100721754,10,Salt Spray,1,0.0,4.4,0.0,2.14
2026-07-19,Seymour,R8 1000m Hcap,8,260121062,56576481,1,Orlabent,5,0.0,26.0,0.0,5.92
2026-07-19,Seymour,R8 1000m Hcap,8,260121062,79330902,8,Forever With Ned,1,0.0,5.8,0.0,2.06
2026-07-19,Seymour,R8 1000m Hcap,8,260121062,90524861,3,Frosted In Time,2,0.0,4.94,0.0,1.84
2026-07-19,Seymour,R8 1000m Hcap,8,260121062,98273747,4,Meisho,4,0.0,14.31,0.0,3.5
2026-07-19,Seymour,R8 1000m Hcap,8,260121062,100721762,10,Lonstar,3,0.0,20.0,1.0,6.0
2026-07-19,Seymour,,9,260121070,927987,9,Cashout,5,,,,
2026-07-19,Seymour,R9 1300m Hcap,9,260121070,93827291,10,Our Justify,1,0.0,2.11,1.0,1.29
2026-07-19,Seymour,R9 1300m Hcap,9,260121070,98482449,5,Hawk Power,2,0.0,26.17,0.0,5.52
2026-07-19,Seymour,R9 1300m Hcap,9,260121070,100721766,3,Capricorn Star,3,0.0,7.07,0.0,1.93
2026-07-19,Seymour,R9 1300m Hcap,9,260121070,100721767,7,Best Of The Best,4,0.0,9.93,0.0,2.93
2026-07-19,Sunshine Coast,R2 1000m Mdn,2,260127157,779204,4,Carpet Ride,2,0.0,4.6,1.0,1.79
2026-07-19,Sunshine Coast,R2 1000m Mdn,2,260127157,100721531,1,Magnetic Island,4,0.0,25.0,0.0,6.4
2026-07-19,Sunshine Coast,R2 1000m Mdn,2,260127157,100721532,2,Tasman Bay,1,1.0,1.53,1.0,1.18
2026-07-19,Sunshine Coast,R2 1000m Mdn,2,260127157,100721533,3,Brave Face,3,0.0,10.81,0.0,3.5
2026-07-19,Sunshine Coast,R2 1000m Mdn,2,260127157,100721534,5,Epic Rose,5,0.0,240.0,0.0,47.51
2026-07-19,Sunshine Coast,R3 1200m CL1,3,260127161,1071277,1,Abraham,5,0.0,9.0,0.0,2.84
2026-07-19,Sunshine Coast,R3 1200m CL1,3,260127161,7724878,2,Cantankerous,3,0.0,12.79,0.0,3.74
2026-07-19,Sunshine Coast,R3 1200m CL1,3,260127161,85445077,4,Kilonova,1,1.0,8.6,1.0,3.15
2026-07-19,Sunshine Coast,R3 1200m CL1,3,260127161,99770945,9,Katie Aine,4,0.0,3.9,1.0,1.82
2026-07-19,Sunshine Coast,R3 1200m CL1,3,260127161,100721537,3,Miss Funny Honey,2,0.0,4.95,0.0,2.12
2026-07-19,Sunshine Coast,R4 2240m Hcap,4,260127165,8433937,1,Trump Card,2,0.0,10.57,0.0,3.05
2026-07-19,Sunshine Coast,R4 2240m Hcap,4,260127165,8782980,5,Double Whammy,4,0.0,19.43,0.0,5.97
2026-07-19,Sunshine Coast,R4 2240m Hcap,4,260127165,60735008,3,Big Ticket Boy,3,0.0,24.18,0.0,6.4
2026-07-19,Sunshine Coast,R4 2240m Hcap,4,260127165,64546266,8,Kerkorian,5,1.0,9.18,1.0,3.4
2026-07-19,Sunshine Coast,R4 2240m Hcap,4,260127165,84223319,4,Southby,1,0.0,5.97,1.0,2.73
2026-07-19,Sunshine Coast,R5 1000m Hcap,5,260127169,2521820,7,Odessa,1,0.0,3.12,0.0,1.8
2026-07-19,Sunshine Coast,R5 1000m Hcap,5,260127169,69641439,5,Thankyou Henry,3,0.0,11.52,0.0,5.2
2026-07-19,Sunshine Coast,R5 1000m Hcap,5,260127169,77023720,1,Air We Go,4,1.0,5.03,1.0,2.24
2026-07-19,Sunshine Coast,R5 1000m Hcap,5,260127169,81562942,9,Cherrabah,2,0.0,4.1,1.0,2.48
2026-07-19,Sunshine Coast,R5 1000m Hcap,5,260127169,91115839,12,A Touch From Fayt,5,0.0,14.6,0.0,4.9
2026-07-19,Sunshine Coast,R6 1600m CL2,6,260127173,77645923,4,Iconify,4,0.0,17.5,0.0,4.21
2026-07-19,Sunshine Coast,R6 1600m CL2,6,260127173,99398700,10,Jam Packed,3,0.0,15.0,0.0,3.31
2026-07-19,Sunshine Coast,R6 1600m CL2,6,260127173,100721540,1,Dracena,1,0.0,6.9,1.0,2.17
2026-07-19,Sunshine Coast,R6 1600m CL2,6,260127173,100721541,2,Thinking Gold,2,0.0,11.35,1.0,2.9
2026-07-19,Sunshine Coast,R6 1600m CL2,6,260127173,100721544,9,Clives Glory,5,1.0,7.05,1.0,1.95
2026-07-19,Sunshine Coast,R7 1400m Hcap,7,260127177,66004894,1,Jungle Fever,4,0.0,18.03,0.0,5.3
2026-07-19,Sunshine Coast,R7 1400m Hcap,7,260127177,74493914,13,Supairo,3,0.0,10.67,1.0,3.25
2026-07-19,Sunshine Coast,R7 1400m Hcap,7,260127177,78781777,9,Vredefort,5,0.0,18.41,0.0,5.72
2026-07-19,Sunshine Coast,R7 1400m Hcap,7,260127177,79489550,6,Kaffir Lily,2,0.0,11.84,0.0,3.74
2026-07-19,Sunshine Coast,R7 1400m Hcap,7,260127177,100721546,2,Ninjask,1,0.0,4.47,0.0,2.15
2026-07-20,Blackall,R1 1200m Mdn,1,260136565,1261428,1,Circus Maximus,1,0.0,9.6,0.0,2.42
2026-07-20,Blackall,R1 1200m Mdn,1,260136565,3581830,8,Coronation Day,2,0.0,4.51,0.0,1.96
2026-07-20,Blackall,R1 1200m Mdn,1,260136565,63403075,3,Nythe,5,0.0,7.48,0.0,2.24
2026-07-20,Blackall,R1 1200m Mdn,1,260136565,81264207,6,Bella Russian,4,0.0,5.0,0.0,2.18
2026-07-20,Blackall,R1 1200m Mdn,1,260136565,100721517,10,Just A Cosmic Girl,3,1.0,8.36,1.0,2.72
2026-07-20,Blackall,R2 1200m CL5,2,260136569,511123,1,Cold One,2,0.0,14.5,0.0,5.6
2026-07-20,Blackall,R2 1200m CL5,2,260136569,49807654,3,Little Cointreau,4,0.0,2.7,0.0,1.76
2026-07-20,Blackall,R2 1200m CL5,2,260136569,51203147,5,Pocket Picker,1,0.0,20.77,0.0,8.99
2026-07-20,Blackall,R2 1200m CL5,2,260136569,65557210,2,Heavenly Legend,5,1.0,4.6,1.0,2.24
2026-07-20,Blackall,R2 1200m CL5,2,260136569,70456395,6,Inquisitive Legend,3,0.0,5.09,0.0,2.17
2026-07-20,Blackall,R3 1400m Hcap,3,260136573,31082970,4,Heyington Station,2,0.0,14.53,0.0,2.92
2026-07-20,Blackall,R3 1400m Hcap,3,260136573,44364829,7,Moorabinda Mick,3,0.0,34.0,1.0,5.7
2026-07-20,Blackall,R3 1400m Hcap,3,260136573,53183617,1,Testator Silens,1,0.0,3.65,0.0,1.45
2026-07-20,Blackall,R3 1400m Hcap,3,260136573,59887191,3,Deciduous,5,0.0,9.81,0.0,2.33
2026-07-20,Blackall,R3 1400m Hcap,3,260136573,79490135,6,Acedrod,4,1.0,3.8,1.0,1.57
2026-07-20,Blackall,R4 1050m CL1,4,260136577,44145196,7,Maybe,3,0.0,10.0,0.0,3.09
2026-07-20,Blackall,R4 1050m CL1,4,260136577,74039910,3,Claw Machine,5,0.0,6.45,0.0,2.62
2026-07-20,Blackall,R4 1050m CL1,4,260136577,83409811,9,Tell Us Toll,1,0.0,11.53,1.0,3.35
2026-07-20,Blackall,R4 1050m CL1,4,260136577,100721519,2,Boulevard Boy,4,0.0,19.3,0.0,4.13
2026-07-20,Blackall,R4 1050m CL1,4,260136577,100721520,6,Galath,2,0.0,20.96,0.0,4.6
2026-07-20,Blackall,R5 1050m Hcap,5,260136581,47841867,7,Rubunkar,4,0.0,8.47,1.0,3.0
2026-07-20,Blackall,,5,260136581,63608968,10,Arden Green,2,,,,
2026-07-20,Blackall,R5 1050m Hcap,5,260136581,64343864,5,Tokyo Sins,5,1.0,9.1,1.0,2.7
2026-07-20,Blackall,R5 1050m Hcap,5,260136581,68415439,3,Transceltic,3,0.0,6.79,0.0,2.14
2026-07-20,Blackall,R5 1050m Hcap,5,260136581,100721522,2,Yukan Rose,1,0.0,28.08,0.0,7.0
2026-07-20,Blackall,R6 1200m Hcap,6,260136585,11406205,12,Blue Roman,4,0.0,11.24,0.0,3.53
2026-07-20,Blackall,R6 1200m Hcap,6,260136585,44781192,1,Crown Reach,1,0.0,11.5,0.0,2.92
2026-07-20,Blackall,R6 1200m Hcap,6,260136585,51432500,11,Valiant Joan,5,0.0,12.0,1.0,2.81
2026-07-20,Blackall,R6 1200m Hcap,6,260136585,54671131,7,Final Mission,2,0.0,4.2,1.0,1.73
2026-07-20,Blackall,R6 1200m Hcap,6,260136585,100721523,5,Toy Story,3,1.0,5.5,1.0,2.14
2026-07-20,Blackall,R7 1400m Hcap,7,260136589,309962,2,Desert Star,4,0.0,6.17,0.0,2.09
2026-07-20,Blackall,R7 1400m Hcap,7,260136589,309962,2,Desert Star,5,0.0,6.17,0.0,2.09
2026-07-20,Blackall,R7 1400m Hcap,7,260136589,38407830,11,Zouly,3,0.0,12.21,0.0,3.51
2026-07-20,Blackall,R7 1400m Hcap,7,260136589,41749902,1,Divine Courage,2,0.0,9.5,0.0,2.54
2026-07-20,Blackall,R7 1400m Hcap,7,260136589,82602855,5,Shez Lethal,1,0.0,38.0,0.0,6.8
2026-07-20,Gunnedah,R1 2150m CL1,1,260137356,38753257,7,Royal Princess,1,0.0,3.5,0.0,1.44
2026-07-20,Gunnedah,R1 2150m CL1,1,260137356,100720568,1,Grande Diablo,2,1.0,2.83,1.0,1.36
2026-07-20,Gunnedah,R1 2150m CL1,1,260137356,100720569,2,Heapys Legacy,3,0.0,7.95,1.0,2.22
2026-07-20,Gunnedah,R1 2150m CL1,1,260137356,100720570,3,Annanda,5,0.0,73.81,0.0,10.68
2026-07-20,Gunnedah,R1 2150m CL1,1,260137356,100720572,8,Think Im In,4,0.0,44.0,0.0,6.71
2026-07-20,Gunnedah,R2 1400m Mdn,2,260137359,3812461,3,Magic Merlin,1,0.0,3.05,1.0,1.22
2026-07-20,Gunnedah,R2 1400m Mdn,2,260137359,75119991,6,Share Our Secret,5,0.0,9.6,0.0,2.23
2026-07-20,Gunnedah,R2 1400m Mdn,2,260137359,86306488,9,Redaluca Girl,4,0.0,20.93,0.0,2.64
2026-07-20,Gunnedah,R2 1400m Mdn,2,260137359,95621243,2,Luke Skywalker,3,0.0,60.0,1.0,6.2
2026-07-20,Gunnedah,R2 1400m Mdn,2,260137359,100720573,5,Ordinary Angel,2,1.0,2.02,1.0,1.11
2026-07-20,Gunnedah,R3 1000m CL2,3,260137362,4389789,8,Our Emily,5,0.0,22.97,1.0,3.23
2026-07-20,Gunnedah,R3 1000m CL2,3,260137362,69421344,2,Snatchreilly,2,0.0,19.08,0.0,2.26
2026-07-20,Gunnedah,R3 1000m CL2,3,260137362,84147449,5,Brighella,3,0.0,18.63,0.0,2.67
2026-07-20,Gunnedah,R3 1000m CL2,3,260137362,93870985,4,Frankies Shout,4,0.0,8.19,1.0,1.8
2026-07-20,Gunnedah,R3 1000m CL2,3,260137362,99206943,1,Zubba Storm,1,1.0,1.44,1.0,1.12
2026-07-20,Gunnedah,R4 1000m Mdn,4,260137365,94735636,8,Russian Words,5,0.0,11.69,0.0,2.98
2026-07-20,Gunnedah,R4 1000m Mdn,4,260137365,100019554,1,Life Is A Shiraz,2,0.0,8.6,0.0,1.98
2026-07-20,Gunnedah,R4 1000m Mdn,4,260137365,100720575,4,Bellerata,1,1.0,3.45,1.0,1.36
2026-07-20,Gunnedah,R4 1000m Mdn,4,260137365,100720576,11,Colly Blue,3,0.0,2.97,1.0,2.06
2026-07-20,Gunnedah,R4 1000m Mdn,4,260137365,100720577,12,Manderley Express,4,0.0,10.5,0.0,2.74
2026-07-20,Gunnedah,R5 1250m Mdn,5,260137368,77963474,7,Luna Cruiser,2,0.0,58.55,1.0,5.3
2026-07-20,Gunnedah,R5 1250m Mdn,5,260137368,87205693,3,Nielsen Park,1,1.0,1.59,1.0,1.11
2026-07-20,Gunnedah,R5 1250m Mdn,5,260137368,94098684,8,Rufus Atticus,5,0.0,14.12,0.0,2.21
2026-07-20,Gunnedah,R5 1250m Mdn,5,260137368,96720575,5,Side Quest,4,0.0,6.45,1.0,1.68
2026-07-20,Gunnedah,R5 1250m Mdn,5,260137368,100720584,12,Thirty Degrees,3,0.0,32.5,0.0,5.7
2026-07-20,Gunnedah,R6 1400m Hcap,6,260137371,63640291,9,Hit Song,3,0.0,17.5,1.0,4.0
2026-07-20,Gunnedah,R6 1400m Hcap,6,260137371,73220495,14,Gold Smiles,4,0.0,28.0,0.0,3.45
2026-07-20,Gunnedah,R6 1400m Hcap,6,260137371,89707936,5,Vendor,5,0.0,14.0,1.0,2.64
2026-07-20,Gunnedah,R6 1400m Hcap,6,260137371,100720585,3,Valedor,1,0.0,1.64,0.0,1.17
2026-07-20,Gunnedah,R6 1400m Hcap,6,260137371,100720586,6,Meddlesome,2,1.0,8.25,1.0,2.07
2026-07-20,Gunnedah,,7,260137374,25417481,9,Ephemeral,4,,,,
2026-07-20,Gunnedah,R7 1250m Hcap,7,260137374,68064063,6,Miss Karis,3,0.0,55.42,1.0,6.61
2026-07-20,Gunnedah,R7 1250m Hcap,7,260137374,82788200,13,All Too Sneaky,5,0.0,20.89,0.0,3.76
2026-07-20,Gunnedah,R7 1250m Hcap,7,260137374,99274452,7,City Gold Speed,1,0.0,2.97,1.0,1.37
2026-07-20,Gunnedah,R7 1250m Hcap,7,260137374,100720598,20,Just One Look,2,0.0,74.9,0.0,10.03
2026-07-20,Pakenham,R1 1000m 2yo,1,260136594,8972016,8,Pocketfullofcash,3,1.0,2.58,1.0,1.37
2026-07-20,Pakenham,R1 1000m 2yo,1,260136594,100749554,5,Guv,2,0.0,105.22,0.0,11.5
2026-07-20,Pakenham,R1 1000m 2yo,1,260136594,100749556,7,Phillip Island,1,0.0,3.89,0.0,1.34
2026-07-20,Pakenham,R1 1000m 2yo,1,260136594,100749558,10,Blue Spanish Sky,5,0.0,40.17,0.0,5.2
2026-07-20,Pakenham,R1 1000m 2yo,1,260136594,100749560,13,Tommys Lass,4,0.0,5.11,0.0,1.73
2026-07-20,Pakenham,R2 1100m Mdn,2,260136602,4433020,1,Alphabet,3,0.0,9.0,0.0,2.6
2026-07-20,Pakenham,R2 1100m Mdn,2,260136602,100749566,2,Crime Of Passion,2,0.0,7.74,1.0,2.22
2026-07-20,Pakenham,R2 1100m Mdn,2,260136602,100749571,7,Praise Her,4,1.0,3.25,1.0,1.5
2026-07-20,Pakenham,R2 1100m Mdn,2,260136602,100749572,8,Shows No Shame,5,0.0,30.0,0.0,5.44
2026-07-20,Pakenham,R2 1100m Mdn,2,260136602,100749577,12,Scorching Beauty,1,0.0,4.06,0.0,1.61
2026-07-20,Pakenham,R3 1100m Mdn,3,260136610,8924109,12,Liquid Asset,2,0.0,7.89,0.0,2.56
2026-07-20,Pakenham,R3 1100m Mdn,3,260136610,100293036,6,Cosmic Shower,1,0.0,4.8,1.0,1.55
2026-07-20,Pakenham,R3 1100m Mdn,3,260136610,100749587,9,Jundah,4,1.0,2.96,1.0,1.39
2026-07-20,Pakenham,R3 1100m Mdn,3,260136610,100749588,10,Sealand,5,0.0,6.6,0.0,2.28
2026-07-20,Pakenham,R3 1100m Mdn,3,260136610,100749589,11,Alpine Point,3,0.0,12.31,0.0,3.1
2026-07-20,Pakenham,R4 1600m Mdn,4,260136618,87496272,6,Blanche Bass,4,0.0,24.0,0.0,4.16
2026-07-20,Pakenham,R4 1600m Mdn,4,260136618,92743883,8,Jenni Bassett,1,0.0,6.8,0.0,2.41
2026-07-20,Pakenham,R4 1600m Mdn,4,260136618,100749596,3,Oshima,3,1.0,6.63,1.0,2.23
2026-07-20,Pakenham,R4 1600m Mdn,4,260136618,100749597,5,Sobine,5,0.0,17.22,0.0,4.3
2026-07-20,Pakenham,R4 1600m Mdn,4,260136618,100749599,10,Soul Mistress,2,0.0,3.97,1.0,1.71
2026-07-20,Pakenham,R5 1400m Mdn,5,260136626,354668,3,Ominous,5,0.0,6.8,0.0,2.75
2026-07-20,Pakenham,R5 1400m Mdn,5,260136626,5008882,4,Soundwave,4,0.0,13.0,1.0,3.36
2026-07-20,Pakenham,R5 1400m Mdn,5,260136626,9041483,7,Butterscotch,1,1.0,9.8,1.0,2.92
2026-07-20,Pakenham,R5 1400m Mdn,5,260136626,81812304,1,Casual Ghai,3,0.0,40.0,0.0,8.8
2026-07-20,Pakenham,R5 1400m Mdn,5,260136626,100749606,11,Thommo,2,0.0,5.4,0.0,2.48
2026-07-20,Pakenham,R6 1400m Hcap,6,260136634,27341788,4,Blondeau,2,0.0,25.0,1.0,5.77
2026-07-20,Pakenham,R6 1400m Hcap,6,260136634,52176497,11,Queen Of Tuscany,3,0.0,115.08,0.0,19.81
2026-07-20,Pakenham,R6 1400m Hcap,6,260136634,87805658,1,Banknote Hustler,1,0.0,8.12,0.0,2.91
2026-07-20,Pakenham,R6 1400m Hcap,6,260136634,92996280,2,Impending War,4,0.0,4.3,0.0,1.79
2026-07-20,Pakenham,R6 1400m Hcap,6,260136634,100749613,10,King Maywin,5,0.0,4.05,0.0,1.91
2026-07-20,Pakenham,R7 1400m Hcap,7,260136642,3648350,3,Aloisi,3,0.0,46.24,0.0,11.0
2026-07-20,Pakenham,R7 1400m Hcap,7,260136642,77427602,1,Quebeck,4,0.0,37.81,0.0,8.06
2026-07-20,Pakenham,R7 1400m Hcap,7,260136642,79648698,2,Shooter Mcgavin,2,0.0,10.49,0.0,3.2
2026-07-20,Pakenham,R7 1400m Hcap,7,260136642,98386839,13,Swift Circle,1,0.0,8.39,1.0,2.68
2026-07-20,Pakenham,R7 1400m Hcap,7,260136642,100424520,6,Paramount Plus,5,1.0,11.0,1.0,3.45
2026-07-20,Pakenham,R8 1600m Hcap,8,260136650,64121949,10,Fearless Writer,3,0.0,14.77,0.0,3.95
2026-07-20,Pakenham,R8 1600m Hcap,8,260136650,99398748,2,Bronte Beach,2,1.0,3.23,1.0,1.61
2026-07-20,Pakenham,R8 1600m Hcap,8,260136650,99809337,3,Easy Dun,4,0.0,8.29,0.0,2.49
2026-07-20,Pakenham,R8 1600m Hcap,8,260136650,100660973,8,Caleana,5,0.0,11.03,0.0,2.98
2026-07-20,Pakenham,R8 1600m Hcap,8,260136650,100749622,4,Hulkster,1,0.0,6.2,1.0,2.37
2026-07-20,Pakenham,R9 1200m Hcap,9,260136658,5547183,7,Lake Forest,2,1.0,1.98,1.0,1.34
2026-07-20,Pakenham,R9 1200m Hcap,9,260136658,6690508,4,Just For Show,1,0.0,36.78,0.0,5.97
2026-07-20,Pakenham,R9 1200m Hcap,9,260136658,79455963,3,Spirited Defence,5,0.0,7.79,0.0,2.06
2026-07-20,Pakenham,R9 1200m Hcap,9,260136658,98996178,8,Humble Trader,4,0.0,18.0,0.0,3.93
2026-07-20,Pakenham,R9 1200m Hcap,9,260136658,100749630,9,Prince Of Brooky,3,0.0,8.74,1.0,2.16
2026-07-20,Pakenham,R10 2200m Hcap,10,260136666,74901081,2,Cyclone Harmony,3,0.0,9.48,0.0,2.78
2026-07-20,Pakenham,R10 2200m Hcap,10,260136666,89669672,9,Good Harmony,2,0.0,8.77,0.0,2.76
2026-07-20,Pakenham,R10 2200m Hcap,10,260136666,91807545,8,Burlington Gate,5,0.0,7.4,0.0,2.16
2026-07-20,Pakenham,R10 2200m Hcap,10,260136666,100749631,1,Chihuly,1,0.0,11.78,0.0,3.21
2026-07-20,Pakenham,R10 2200m Hcap,10,260136666,100749632,5,Papal Army,4,0.0,19.5,0.0,4.9
2026-07-20,Wagga,R1 2000m Hcap,1,260136782,42343229,3,Philadelphia Storm,1,0.0,5.02,0.0,2.13
2026-07-20,Wagga,R1 2000m Hcap,1,260136782,43837427,5,Jessandi,3,0.0,75.0,0.0,12.5
2026-07-20,Wagga,R1 2000m Hcap,1,260136782,63608735,4,Miss Stalwart,5,0.0,24.06,0.0,4.4
2026-07-20,Wagga,R1 2000m Hcap,1,260136782,75118730,2,Quamby,4,0.0,15.0,1.0,3.2
2026-07-20,Wagga,R1 2000m Hcap,1,260136782,84629852,6,Mr Tadashi,2,0.0,2.76,0.0,1.31
2026-07-20,Wagga,R2 1400m Mdn,2,260136785,4664282,6,Seguro,2,1.0,13.29,1.0,2.67
2026-07-20,Wagga,R2 1400m Mdn,2,260136785,76335504,9,Broken Image,5,0.0,7.08,0.0,1.89
2026-07-20,Wagga,R2 1400m Mdn,2,260136785,100721189,5,Rockabye Roxy,1,0.0,1.84,1.0,1.13
2026-07-20,Wagga,R2 1400m Mdn,2,260136785,100721192,11,Krasavitsa,4,0.0,33.62,0.0,5.9
2026-07-20,Wagga,R2 1400m Mdn,2,260136785,100721193,14,Star Royal,3,0.0,6.49,0.0,1.75
2026-07-20,Wagga,R3 1200m Mdn,3,260136788,1038613,14,Ultrasonic,2,0.0,39.36,0.0,7.8
2026-07-20,Wagga,R3 1200m Mdn,3,260136788,2777566,6,Hold This,1,0.0,1.76,0.0,1.28
2026-07-20,Wagga,R3 1200m Mdn,3,260136788,86654132,10,Lull Us Away,4,0.0,77.29,0.0,9.08
2026-07-20,Wagga,R3 1200m Mdn,3,260136788,100721197,5,Distant Stripes,5,0.0,14.54,0.0,2.94
2026-07-20,Wagga,R3 1200m Mdn,3,260136788,100721198,7,Ikon Park,3,0.0,13.0,1.0,3.0
2026-07-20,Wagga,R4 1300m Hcap,4,260136791,39142274,14,Magic Merv,2,0.0,21.94,0.0,6.37
2026-07-20,Wagga,R4 1300m Hcap,4,260136791,73754099,2,Liquor Talk,1,0.0,8.6,0.0,3.26
2026-07-20,Wagga,R4 1300m Hcap,4,260136791,75797201,4,Majestic Deel,5,0.0,29.0,0.0,10.0
2026-07-20,Wagga,R4 1300m Hcap,4,260136791,84181768,11,Wild Annie,3,0.0,13.19,0.0,3.74
2026-07-20,Wagga,R4 1300m Hcap,4,260136791,100721209,16,Kotaishi,4,0.0,21.76,0.0,7.2
2026-07-20,Wagga,R5 1300m Hcap,5,260136794,6872230,1,Hot Toddy,2,1.0,9.2,1.0,2.77
2026-07-20,Wagga,R5 1300m Hcap,5,260136794,50758168,7,East Harlem,3,0.0,23.09,0.0,5.67
2026-07-20,Wagga,R5 1300m Hcap,5,260136794,59186993,2,Bulla Vinaka,5,0.0,18.0,0.0,5.9
2026-07-20,Wagga,R5 1300m Hcap,5,260136794,73404224,6,Theos Choice,1,0.0,3.63,1.0,1.76
2026-07-20,Wagga,R5 1300m Hcap,5,260136794,80055769,8,Jenni Divine,4,0.0,5.95,0.0,2.3
2026-07-20,Wagga,R6 1400m Hcap,6,260136797,35728631,8,Mathrin,5,0.0,21.4,1.0,4.2
2026-07-20,Wagga,R6 1400m Hcap,6,260136797,38534870,3,Rocket Tiger,3,0.0,38.86,0.0,5.09
2026-07-20,Wagga,R6 1400m Hcap,6,260136797,60230048,10,Missile Leader,4,1.0,3.2,1.0,1.7
2026-07-20,Wagga,R6 1400m Hcap,6,260136797,68958979,9,Starlight Girl,2,0.0,65.0,0.0,7.31
2026-07-20,Wagga,R6 1400m Hcap,6,260136797,69352349,1,Presides,1,0.0,4.98,0.0,1.67
2026-07-20,Wagga,R7 1600m Hcap,7,260136800,48821148,3,Dreamstone,5,0.0,18.11,0.0,5.2
2026-07-20,Wagga,R7 1600m Hcap,7,260136800,63402232,13,Midnight Affair,4,1.0,6.14,1.0,2.13
2026-07-20,Wagga,R7 1600m Hcap,7,260136800,94950141,4,My Mate Elvis,1,0.0,10.5,0.0,3.2
2026-07-20,Wagga,R7 1600m Hcap,7,260136800,100721214,1,Wings Of Carmen,3,0.0,5.66,1.0,2.16
2026-07-20,Wagga,R7 1600m Hcap,7,260136800,100721216,12,Tod,2,0.0,18.0,0.0,5.4
2026-07-20,Wagga,R8 1000m Hcap,8,260136803,57883707,1,Arctic Desert,4,0.0,98.4,0.0,12.79
2026-07-20,Wagga,R8 1000m Hcap,8,260136803,77728021,14,Witch Of November,1,0.0,8.88,1.0,1.99
2026-07-20,Wagga,R8 1000m Hcap,8,260136803,94448588,6,Postwar,2,0.0,3.35,0.0,1.61
2026-07-20,Wagga,R8 1000m Hcap,8,260136803,99171722,10,Iroquai,5,0.0,24.0,0.0,3.35
2026-07-20,Wagga,R8 1000m Hcap,8,260136803,100721218,2,Brial Rose,3,1.0,9.4,1.0,2.22
2026-07-21,Menangle,,2,260196701,87127659,7,Nothing Finer,3,,,,
2026-07-21,Moe,R1 1217m Mdn,1,260192350,100019244,5,Nedhammer Hen,3,0.0,4.7,0.0,1.73
2026-07-21,Moe,R1 1217m Mdn,1,260192350,100749635,2,Bivvy,2,0.0,3.69,1.0,1.64
2026-07-21,Moe,R1 1217m Mdn,1,260192350,100749636,3,Duke Of Oman,1,0.0,4.3,1.0,1.54
2026-07-21,Moe,R1 1217m Mdn,1,260192350,100749637,4,Heavy Haulage,4,1.0,13.5,1.0,3.93
2026-07-21,Moe,R1 1217m Mdn,1,260192350,100749641,10,Zoumania,5,0.0,7.57,0.0,2.21
2026-07-21,Moe,R2 1217m 3yo,2,260192358,2584919,7,Kadesh,3,0.0,3.14,1.0,1.42
2026-07-21,Moe,R2 1217m 3yo,2,260192358,98240745,6,Highaboveme,5,0.0,17.19,0.0,4.18
2026-07-21,Moe,R2 1217m 3yo,2,260192358,100749643,1,Mighty Mystic,2,1.0,5.97,1.0,1.71
2026-07-21,Moe,R2 1217m 3yo,2,260192358,100749644,2,Proffer,4,0.0,27.71,0.0,5.06
2026-07-21,Moe,R2 1217m 3yo,2,260192358,100749647,5,Galactic Girl,1,0.0,3.01,0.0,1.31
2026-07-21,Moe,R3 1017m Mdn,3,260192366,891146,11,Delavega,3,0.0,17.0,0.0,4.2
2026-07-21,Moe,R3 1017m Mdn,3,260192366,100749653,1,Code,4,0.0,9.2,0.0,2.62
2026-07-21,Moe,R3 1017m Mdn,3,260192366,100749657,7,Azzurri Queen,5,0.0,13.06,1.0,3.1
2026-07-21,Moe,R3 1017m Mdn,3,260192366,100749660,10,Seven Day Rebels,1,0.0,4.4,0.0,1.65
2026-07-21,Moe,R3 1017m Mdn,3,260192366,100749661,12,Regal Vanguard,2,1.0,7.47,1.0,2.16
2026-07-21,Moe,R4 1628m Mdn,4,260192374,83155467,3,Builtthiscity,5,0.0,43.26,0.0,4.93
2026-07-21,Moe,R4 1628m Mdn,4,260192374,98214016,11,Steal Away,3,0.0,46.8,1.0,5.84
2026-07-21,Moe,R4 1628m Mdn,4,260192374,99459674,7,Ngongotaha,1,1.0,1.77,1.0,1.11
2026-07-21,Moe,R4 1628m Mdn,4,260192374,99770358,8,The Decembrist,2,0.0,4.9,1.0,1.49
2026-07-21,Moe,R4 1628m Mdn,4,260192374,100749670,12,Wings Of Love,4,0.0,7.6,0.0,1.76
2026-07-21,Moe,R5 1628m Hcap,5,260192382,1452625,8,Game Plan,5,0.0,12.0,0.0,3.07
2026-07-21,Moe,R5 1628m Hcap,5,260192382,41408574,1,Red On Red,4,1.0,5.34,1.0,2.02
2026-07-21,Moe,R5 1628m Hcap,5,260192382,83119535,4,Queensbury,3,0.0,5.17,1.0,1.83
2026-07-21,Moe,R5 1628m Hcap,5,260192382,87453558,2,Shoma,1,0.0,9.41,0.0,3.06
2026-07-21,Moe,R5 1628m Hcap,5,260192382,92460068,3,Trangoojahray,2,0.0,4.12,0.0,2.06
2026-07-21,Moe,R6 2447m Hcap,6,260192390,63642305,5,Larryoctane,4,0.0,40.0,0.0,5.7
2026-07-21,Moe,R6 2447m Hcap,6,260192390,64796380,6,Mawhera,2,0.0,4.74,0.0,1.63
2026-07-21,Moe,R6 2447m Hcap,6,260192390,88376593,9,Three Reel Roses,3,1.0,5.4,1.0,1.62
2026-07-21,Moe,R6 2447m Hcap,6,260192390,100749675,1,Silver Pledge,1,0.0,2.73,1.0,1.29
2026-07-21,Moe,R6 2447m Hcap,6,260192390,100749676,4,Amaram,5,0.0,57.55,0.0,8.6
2026-07-21,Moe,R7 1017m Hcap,7,260192398,52621500,2,Mr Tickles,4,0.0,2.86,0.0,1.5
2026-07-21,Moe,R7 1017m Hcap,7,260192398,75436832,1,Helluva Barty,2,0.0,11.43,1.0,3.28
2026-07-21,Moe,R7 1017m Hcap,7,260192398,96965978,8,Blondies Award,5,1.0,7.0,1.0,2.12
2026-07-21,Moe,R7 1017m Hcap,7,260192398,98214022,10,My Bonnie Lassie,1,0.0,6.18,1.0,1.8
2026-07-21,Moe,R7 1017m Hcap,7,260192398,100749678,6,Faceoff,3,0.0,19.73,0.0,4.1
2026-07-21,Moe,R8 1217m Hcap,8,260192406,46291822,8,Russian Benefits,2,0.0,26.0,0.0,5.5
2026-07-21,Moe,R8 1217m Hcap,8,260192406,68189728,5,Struggle Street,4,1.0,5.0,1.0,2.04
2026-07-21,Moe,R8 1217m Hcap,8,260192406,100749679,1,Mrs Archibald,3,0.0,5.62,0.0,1.96
2026-07-21,Moe,R8 1217m Hcap,8,260192406,100749680,7,Ranakye,5,0.0,16.46,0.0,4.12
2026-07-21,Moe,R8 1217m Hcap,8,260192406,100749681,9,Of The View,1,0.0,2.86,0.0,1.35
2026-07-21,Rockhampton,R1 1200m Mdn,1,260191972,46249538,11,Three Rivers,5,0.0,36.23,0.0,6.14
2026-07-21,Rockhampton,R1 1200m Mdn,1,260191972,99809410,9,Bonnie Bouquet,1,1.0,2.18,1.0,1.21
2026-07-21,Rockhampton,R1 1200m Mdn,1,260191972,99982878,1,All Banged Up,2,0.0,4.8,1.0,1.38
2026-07-21,Rockhampton,R1 1200m Mdn,1,260191972,99982878,1,All Banged Up,3,0.0,4.8,1.0,1.38
2026-07-21,Rockhampton,R1 1200m Mdn,1,260191972,100424296,2,Jungle Wonder,4,0.0,10.5,1.0,2.3
2026-07-21,Rockhampton,R2 1400m Mdn,2,260191976,6425816,8,Jethro,4,0.0,8.02,0.0,2.54
2026-07-21,Rockhampton,R2 1400m Mdn,2,260191976,77082223,7,Check One Two,5,0.0,13.5,0.0,2.6
2026-07-21,Rockhampton,R2 1400m Mdn,2,260191976,82376769,6,Turbo Torque,2,0.0,3.09,0.0,1.39
2026-07-21,Rockhampton,R2 1400m Mdn,2,260191976,100749368,3,Deejaywip,3,0.0,13.27,1.0,3.09
2026-07-21,Rockhampton,R2 1400m Mdn,2,260191976,100749370,5,Navy Kiss,1,1.0,3.0,1.0,1.41
2026-07-21,Rockhampton,R3 1600m CL4,3,260191980,43035550,6,General Wolffe,3,0.0,4.4,1.0,2.31
2026-07-21,Rockhampton,R3 1600m CL4,3,260191980,64318539,5,Settat,4,1.0,5.9,1.0,2.92
2026-07-21,Rockhampton,R3 1600m CL4,3,260191980,68958850,2,Smart Mission,1,0.0,3.84,0.0,2.26
2026-07-21,Rockhampton,R3 1600m CL4,3,260191980,72167495,1,Tapa Kick,5,0.0,28.0,0.0,10.0
2026-07-21,Rockhampton,R3 1600m CL4,3,260191980,93574155,3,Bitoftheblarney,2,0.0,10.01,0.0,4.04
2026-07-21,Rockhampton,R4 1050m Hcap,4,260191984,41997779,3,Cochrane,3,0.0,14.27,0.0,4.1
2026-07-21,Rockhampton,R4 1050m Hcap,4,260191984,46652484,2,Dehorned Unicorn,1,0.0,15.78,0.0,5.0
2026-07-21,Rockhampton,R4 1050m Hcap,4,260191984,50141229,1,Doubting Eye,4,0.0,11.75,0.0,3.4
2026-07-21,Rockhampton,R4 1050m Hcap,4,260191984,50879928,6,I Am Voodoo,5,1.0,11.72,1.0,4.11
2026-07-21,Rockhampton,R4 1050m Hcap,4,260191984,80091686,4,Kai Mondo,2,0.0,1.52,0.0,1.2
2026-07-21,Rockhampton,R5 1200m Hcap,5,260191988,1379487,7,Outwitted,2,0.0,6.06,0.0,1.56
2026-07-21,Rockhampton,R5 1200m Hcap,5,260191988,4500949,3,Wolfgang,1,1.0,8.64,1.0,2.34
2026-07-21,Rockhampton,,5,260191988,57411770,5,Kings Duty,3,,,,
2026-07-21,Rockhampton,R5 1200m Hcap,5,260191988,60415244,6,Ichiberu,5,0.0,41.54,0.0,5.18
2026-07-21,Rockhampton,R5 1200m Hcap,5,260191988,89059884,2,Underrated,4,0.0,1.77,1.0,1.19
2026-07-21,Rockhampton,R6 1050m Hcap,6,260191992,3328811,1,Noble Intent,1,1.0,3.24,1.0,1.58
2026-07-21,Rockhampton,R6 1050m Hcap,6,260191992,5112084,9,Making History,4,0.0,13.65,0.0,3.26
2026-07-21,Rockhampton,R6 1050m Hcap,6,260191992,20454873,3,Hot Torque Invegas,2,0.0,15.93,0.0,3.82
2026-07-21,Rockhampton,R6 1050m Hcap,6,260191992,66295432,5,Time To Cry,3,0.0,9.2,1.0,2.4
2026-07-21,Rockhampton,R6 1050m Hcap,6,260191992,100749375,6,Viking Sun,5,0.0,3.2,1.0,1.46
2026-07-21,Rockhampton,R7 1400m Hcap,7,260191996,54086429,5,Scruffy,1,0.0,6.9,1.0,2.86
2026-07-21,Rockhampton,R7 1400m Hcap,7,260191996,81263606,2,Hou Long Gwai,4,1.0,5.63,1.0,2.5
2026-07-21,Rockhampton,R7 1400m Hcap,7,260191996,81564316,7,Azuki,3,0.0,11.5,0.0,3.52
2026-07-21,Rockhampton,R7 1400m Hcap,7,260191996,90886246,3,Next Legacy,5,0.0,6.97,0.0,2.35
2026-07-21,Rockhampton,R7 1400m Hcap,7,260191996,100749376,1,Dialidae,2,0.0,5.66,0.0,2.26
2026-07-21,Taree,R1 2018m CL1,1,260192628,76934429,8,Elite Delight,5,0.0,5.73,0.0,1.88
2026-07-21,Taree,R1 2018m CL1,1,260192628,81563161,4,Send A Telegram,2,0.0,19.5,1.0,2.73
2026-07-21,Taree,R1 2018m CL1,1,260192628,85542170,5,Smokey Saint,4,1.0,4.7,1.0,1.49
2026-07-21,Taree,R1 2018m CL1,1,260192628,94098681,2,Lone Star Dream,3,0.0,13.0,0.0,2.58
2026-07-21,Taree,R1 2018m CL1,1,260192628,100749194,6,Autafinna,1,0.0,2.08,1.0,1.23
2026-07-21,Taree,R2 1007m Mdn,2,260192631,67896705,7,Hard Rattle,2,0.0,69.41,0.0,6.17
2026-07-21,Taree,R2 1007m Mdn,2,260192631,91432059,10,Na Hamah,3,0.0,3.8,0.0,1.18
2026-07-21,Taree,R2 1007m Mdn,2,260192631,92160834,2,Dont,1,1.0,1.9,1.0,1.2
2026-07-21,Taree,R2 1007m Mdn,2,260192631,100749197,4,The Crusher,4,0.0,32.81,1.0,4.46
2026-07-21,Taree,R2 1007m Mdn,2,260192631,100749198,5,Raining Luck,5,0.0,17.5,0.0,2.2
2026-07-21,Taree,R3 1412m CL3,3,260192634,2304183,1,Tact,1,0.0,3.37,1.0,1.36
2026-07-21,Taree,R3 1412m CL3,3,260192634,67855576,5,Incantress,3,0.0,5.1,0.0,1.83
2026-07-21,Taree,R3 1412m CL3,3,260192634,81016194,3,Dark Stratum,4,1.0,7.16,1.0,1.97
2026-07-21,Taree,R3 1412m CL3,3,260192634,84222490,4,Darn Deadly,5,0.0,7.55,0.0,1.9
2026-07-21,Taree,R3 1412m CL3,3,260192634,93167868,6,Kenker,2,0.0,10.57,0.0,3.0
2026-07-21,Taree,R4 1412m Mdn,4,260192637,84659240,10,Irish Accolade,4,0.0,20.03,0.0,3.18
2026-07-21,Taree,R4 1412m Mdn,4,260192637,89707952,9,Gallant Rush,5,0.0,60.0,0.0,6.24
2026-07-21,Taree,R4 1412m Mdn,4,260192637,95343586,8,Fashion Spree,1,0.0,4.7,1.0,1.46
2026-07-21,Taree,R4 1412m Mdn,4,260192637,100749201,2,Sunny Quarters,3,0.0,7.4,0.0,2.0
2026-07-21,Taree,R4 1412m Mdn,4,260192637,100749202,4,Airburst,2,0.0,1.94,1.0,1.38
2026-07-21,Taree,R5 1614m Hcap,5,260192640,40522185,4,Yorikiri,1,0.0,11.5,1.0,3.25
2026-07-21,Taree,R5 1614m Hcap,5,260192640,42208641,11,Seething Chuck,2,0.0,22.12,0.0,5.3
2026-07-21,Taree,R5 1614m Hcap,5,260192640,73221090,1,Hes Godspeed,4,0.0,23.0,0.0,5.7
2026-07-21,Taree,R5 1614m Hcap,5,260192640,88733365,5,Nikodys Binks,3,0.0,3.22,0.0,2.04
2026-07-21,Taree,R5 1614m Hcap,5,260192640,100424262,8,Dam Impact,5,0.0,4.37,0.0,1.84
2026-07-21,Taree,R6 1262m CL3,6,260192643,75355151,4,River Pat,5,0.0,19.5,0.0,3.41
2026-07-21,Taree,R6 1262m CL3,6,260192643,81848576,1,Kyle,4,0.0,10.44,0.0,2.62
2026-07-21,Taree,R6 1262m CL3,6,260192643,92995539,2,Calypso Rocket,1,0.0,4.41,1.0,1.65
2026-07-21,Taree,R6 1262m CL3,6,260192643,100749209,12,Red Spector,2,0.0,2.4,0.0,1.39
2026-07-21,Taree,R6 1262m CL3,6,260192643,100749209,12,Red Spector,3,0.0,2.4,0.0,1.39
2026-07-21,Taree,R7 1007m Hcap,7,260192646,39379485,4,Brazen Brando,2,0.0,5.97,0.0,2.16
2026-07-21,Taree,R7 1007m Hcap,7,260192646,50739679,2,Cupids Kiss,3,0.0,10.0,0.0,2.69
2026-07-21,Taree,R7 1007m Hcap,7,260192646,52842044,6,Miss De Blaas,4,0.0,2.89,0.0,1.43
2026-07-21,Taree,R7 1007m Hcap,7,260192646,85064069,3,Exceed Me,1,0.0,3.5,1.0,1.4
2026-07-21,Taree,,7,260192646,91432057,5,Dirty Does It,5,,,,
2026-07-21,Warren,R1 1000m Mdn,1,260192412,84733060,7,Tucklan,2,0.0,34.0,0.0,3.94
2026-07-21,Warren,R1 1000m Mdn,1,260192412,92702882,4,Badgers Bridge,5,0.0,30.0,1.0,4.47
2026-07-21,Warren,R1 1000m Mdn,1,260192412,97211250,1,Harry,3,0.0,6.73,0.0,1.39
2026-07-21,Warren,R1 1000m Mdn,1,260192412,98417850,2,Mega Pixel,4,0.0,10.5,1.0,1.71
2026-07-21,Warren,R1 1000m Mdn,1,260192412,100749454,5,Marinera,1,1.0,1.73,1.0,1.06
2026-07-21,Warren,R2 1400m Mdn,2,260192415,86017845,6,Miss Peony,5,0.0,4.58,0.0,1.83
2026-07-21,Warren,R2 1400m Mdn,2,260192415,99181985,2,Nothing Finer,3,1.0,3.22,1.0,1.38
2026-07-21,Warren,R2 1400m Mdn,2,260192415,100487310,3,Regalade,1,0.0,4.09,1.0,2.01
2026-07-21,Warren,,2,260192415,100749460,7,Odaka,2,,,,
2026-07-21,Warren,R3 1200m Mdn,3,260192418,93320753,1,Media Spin,3,0.0,1.59,1.0,1.09
2026-07-21,Warren,R3 1200m Mdn,3,260192418,96534034,5,Final Coast,4,0.0,60.0,0.0,7.6
2026-07-21,Warren,R3 1200m Mdn,3,260192418,99770205,7,Cool Nanczye,1,0.0,51.23,0.0,4.84
2026-07-21,Warren,R3 1200m Mdn,3,260192418,100749463,4,Arwa Miss,5,0.0,29.7,0.0,4.9
2026-07-21,Warren,R3 1200m Mdn,3,260192418,100749464,6,Baulkham Hills,2,0.0,7.0,0.0,1.92
2026-07-21,Warren,R4 1000m CL1,4,260192421,77427227,10,Calmundi,3,0.0,87.98,0.0,11.0
2026-07-21,Warren,R4 1000m CL1,4,260192421,90848039,7,Wellspring,5,0.0,10.5,1.0,2.66
2026-07-21,Warren,R4 1000m CL1,4,260192421,98273553,6,Chappolicious,1,0.0,4.6,0.0,1.61
2026-07-21,Warren,R4 1000m CL1,4,260192421,100749466,2,Panta Rhei,2,0.0,2.38,1.0,1.29
2026-07-21,Warren,R4 1000m CL1,4,260192421,100749469,5,Blue Biddy,4,0.0,12.04,0.0,2.74
2026-07-21,Warren,R5 1600m CL1,5,260192424,90847739,4,Boncapo,1,1.0,2.22,1.0,1.25
2026-07-21,Warren,R5 1600m CL1,5,260192424,93537170,5,Fierce Luva,2,0.0,4.8,1.0,1.5
2026-07-21,Warren,R5 1600m CL1,5,260192424,95022293,2,Silver Agent,3,0.0,53.99,0.0,8.17
2026-07-21,Warren,R5 1600m CL1,5,260192424,97417151,7,The Mailer,4,0.0,7.0,0.0,1.73
2026-07-21,Warren,R5 1600m CL1,5,260192424,100749471,1,Northern Exposure,5,0.0,12.5,1.0,3.15
2026-07-21,Warren,R6 1400m Hcap,6,260192427,50528478,8,Im Scarlett,1,0.0,25.27,0.0,7.87
2026-07-21,Warren,R6 1400m Hcap,6,260192427,57339006,4,The Great Armada,3,0.0,7.6,0.0,2.48
2026-07-21,Warren,R6 1400m Hcap,6,260192427,79022354,2,Zahdi,4,0.0,28.97,0.0,7.1
2026-07-21,Warren,R6 1400m Hcap,6,260192427,82601791,3,Mrs Bull,5,0.0,34.2,0.0,7.09
2026-07-21,Warren,R6 1400m Hcap,6,260192427,100749472,12,Cool Space,2,0.0,20.0,0.0,6.0
2026-07-21,Warren,R7 1200m Hcap,7,260192430,6207710,7,Shipshape,3,0.0,60.0,0.0,9.8
2026-07-21,Warren,R7 1200m Hcap,7,260192430,49807127,12,Mean Girls,2,0.0,93.99,0.0,14.91
2026-07-21,Warren,R7 1200m Hcap,7,260192430,56872499,3,Rothgate,1,0.0,7.8,0.0,2.58
2026-07-21,Warren,R7 1200m Hcap,7,260192430,83940940,2,Demarcate,4,0.0,3.44,0.0,1.51
2026-07-21,Warren,R7 1200m Hcap,7,260192430,87206165,1,Glowing Rapids,5,0.0,9.32,1.0,2.71
2026-07-22,Canterbury,R1 1100m Hcap,1,260226116,3424263,2,Royal Air Force,1,0.0,11.74,1.0,3.43
2026-07-22,Canterbury,R1 1100m Hcap,1,260226116,3424263,2,Royal Air Force,3,0.0,11.74,1.0,3.43
2026-07-22,Canterbury,R1 1100m Hcap,1,260226116,91872958,4,Lull,4,1.0,9.8,1.0,2.93
2026-07-22,Canterbury,R1 1100m Hcap,1,260226116,93206505,9,Pazyryk,5,0.0,10.02,0.0,3.95
2026-07-22,Canterbury,R1 1100m Hcap,1,260226116,100396588,5,Raskol,2,0.0,6.4,0.0,2.52
2026-07-22,Canterbury,R2 1200m Mdn,2,260226125,44536561,3,Yoshida,5,0.0,5.3,1.0,1.9
2026-07-22,Canterbury,R2 1200m Mdn,2,260226125,99025664,8,Touching Hans,3,0.0,44.0,0.0,5.9
2026-07-22,Canterbury,R2 1200m Mdn,2,260226125,100860583,1,Persian Wonder,1,1.0,3.52,1.0,1.35
2026-07-22,Canterbury,R2 1200m Mdn,2,260226125,100860584,2,Argansort,2,0.0,3.75,0.0,1.61
2026-07-22,Canterbury,R2 1200m Mdn,2,260226125,100860586,7,Stateroom,4,0.0,9.15,1.0,2.48
2026-07-22,Canterbury,R3 1200m Mdn,3,260226134,1101745,3,Golden Goddess,4,0.0,46.0,0.0,7.4
2026-07-22,Canterbury,R3 1200m Mdn,3,260226134,100860587,1,Farfetched,2,0.0,4.7,1.0,1.44
2026-07-22,Canterbury,R3 1200m Mdn,3,260226134,100860588,2,Krasina,1,1.0,2.12,1.0,1.14
2026-07-22,Canterbury,R3 1200m Mdn,3,260226134,100860590,5,Queens Gamble,3,0.0,6.14,1.0,2.1
2026-07-22,Canterbury,R3 1200m Mdn,3,260226134,100860591,6,Adeleke,5,0.0,14.58,0.0,2.64
2026-07-22,Canterbury,R4 1900m Hcap,4,260226143,60151599,1,Kapakiri,1,0.0,7.51,0.0,2.12
2026-07-22,Canterbury,R4 1900m Hcap,4,260226143,75084020,4,Fays Angels,5,0.0,7.82,0.0,2.38
2026-07-22,Canterbury,R4 1900m Hcap,4,260226143,78534510,3,I Park,3,0.0,14.88,1.0,3.15
2026-07-22,Canterbury,R4 1900m Hcap,4,260226143,100860594,5,Covert Thinking,4,0.0,6.23,1.0,1.9
2026-07-22,Canterbury,R4 1900m Hcap,4,260226143,100860595,6,Velaris,2,1.0,2.75,1.0,1.34
2026-07-22,Canterbury,R5 1200m Hcap,5,260226152,985058,2,Infusion,1,0.0,3.09,0.0,1.55
2026-07-22,Canterbury,R5 1200m Hcap,5,260226152,985058,2,Infusion,3,0.0,3.09,0.0,1.55
2026-07-22,Canterbury,R5 1200m Hcap,5,260226152,57883937,7,Jenni The Jet,2,0.0,12.77,0.0,3.42
2026-07-22,Canterbury,R5 1200m Hcap,5,260226152,72948541,11,Maz Kanata,5,0.0,22.12,0.0,3.91
2026-07-22,Canterbury,R5 1200m Hcap,5,260226152,92460035,10,Blenheim Girl,4,1.0,7.67,1.0,2.22
2026-07-22,Canterbury,R6 1200m Hcap,6,260226161,5091961,2,Watson,3,1.0,2.96,1.0,1.76
2026-07-22,Canterbury,R6 1200m Hcap,6,260226161,68598676,1,Verbil,4,0.0,6.41,0.0,2.4
2026-07-22,Canterbury,R6 1200m Hcap,6,260226161,81263612,5,Useapin,2,0.0,20.0,0.0,4.0
2026-07-22,Canterbury,R6 1200m Hcap,6,260226161,83642464,9,Unstopabull,1,0.0,4.92,1.0,2.2
2026-07-22,Canterbury,R6 1200m Hcap,6,260226161,89886073,8,Written Scandal,5,0.0,8.17,0.0,2.5
2026-07-22,Canterbury,R7 1580m Hcap,7,260226170,51312081,3,Bat Out Of Hell,1,0.0,6.44,0.0,2.28
2026-07-22,Canterbury,R7 1580m Hcap,7,260226170,62098120,1,Pier Pressure,4,0.0,10.96,0.0,3.25
2026-07-22,Canterbury,R7 1580m Hcap,7,260226170,85319947,7,Graphic Sight,3,0.0,5.1,0.0,1.97
2026-07-22,Canterbury,R7 1580m Hcap,7,260226170,91873158,2,Kenmare Bay,2,0.0,3.9,0.0,2.05
2026-07-22,Canterbury,R7 1580m Hcap,7,260226170,100860602,8,Prince Charge,5,0.0,25.75,0.0,6.29
2026-07-22,Doomben,R1 1350m Mdn,1,260224858,123546,4,Had It All,3,0.0,2.01,1.0,1.21
2026-07-22,Doomben,R1 1350m Mdn,1,260224858,59917736,5,Major Hot,5,0.0,11.5,0.0,2.52
2026-07-22,Doomben,R1 1350m Mdn,1,260224858,100860553,1,Highland Kitty,4,0.0,36.0,1.0,5.9
2026-07-22,Doomben,R1 1350m Mdn,1,260224858,100860554,2,Saturdays Girl,1,1.0,5.02,1.0,1.56
2026-07-22,Doomben,R1 1350m Mdn,1,260224858,100860557,9,Stylish Edition,2,0.0,7.51,0.0,1.92
2026-07-22,Doomben,R2 1350m Mdn,2,260224867,8671916,10,St Andrews,3,0.0,13.0,1.0,2.52
2026-07-22,Doomben,R2 1350m Mdn,2,260224867,42650137,7,Moscow Mule,1,0.0,1.96,1.0,1.22
2026-07-22,Doomben,,2,260224867,89886203,11,Strenuous,2,,,,
2026-07-22,Doomben,R2 1350m Mdn,2,260224867,100860560,4,Cominhometoyou,5,1.0,3.64,1.0,1.39
2026-07-22,Doomben,R2 1350m Mdn,2,260224867,100860562,6,Lottery Link,4,0.0,19.58,0.0,3.04
2026-07-22,Doomben,R3 1200m 3yo,3,260224876,95022956,6,Arctic Bright,3,0.0,8.6,0.0,2.7
2026-07-22,Doomben,R3 1200m 3yo,3,260224876,96772973,8,Emphatique,4,0.0,5.1,1.0,1.82
2026-07-22,Doomben,R3 1200m 3yo,3,260224876,100860567,5,Agadoo,1,0.0,5.03,0.0,2.18
2026-07-22,Doomben,R3 1200m 3yo,3,260224876,100860568,9,Gossamer Glow,5,0.0,17.0,0.0,4.5
2026-07-22,Doomben,R3 1200m 3yo,3,260224876,100860570,12,Mediterra,2,0.0,5.31,0.0,2.52
2026-07-22,Doomben,R4 1200m CL3,4,260224885,72096750,5,Extreme Diamond,4,0.0,3.05,1.0,1.3
2026-07-22,Doomben,R4 1200m CL3,4,260224885,78978432,6,No Name Frank,5,0.0,5.03,0.0,1.67
2026-07-22,Doomben,R4 1200m CL3,4,260224885,84267162,8,Blue Allure,2,0.0,18.5,0.0,3.86
2026-07-22,Doomben,R4 1200m CL3,4,260224885,86934177,7,Acapulco Girl,3,1.0,15.15,1.0,3.57
2026-07-22,Doomben,R4 1200m CL3,4,260224885,94921217,3,Ruins Of Rome,1,0.0,3.69,0.0,1.55
2026-07-22,Doomben,R5 1350m Hcap,5,260224894,4670406,1,Siesta,2,0.0,2.53,1.0,1.27
2026-07-22,Doomben,R5 1350m Hcap,5,260224894,4670406,1,Siesta,4,0.0,2.53,1.0,1.27
2026-07-22,Doomben,R5 1350m Hcap,5,260224894,70078387,3,Anarita,5,0.0,21.12,0.0,3.99
2026-07-22,Doomben,R5 1350m Hcap,5,260224894,85814104,4,Gagnante Enchere,3,0.0,15.67,1.0,2.86
2026-07-22,Doomben,R5 1350m Hcap,5,260224894,89392130,8,Flaxlands,1,1.0,2.5,1.0,1.19
2026-07-22,Doomben,R6 1350m Hcap,6,260224903,7016681,2,Artful Persuasion,1,0.0,3.22,1.0,1.66
2026-07-22,Doomben,R6 1350m Hcap,6,260224903,55164397,3,Grand Crusader,3,0.0,7.77,0.0,2.42
2026-07-22,Doomben,,6,260224903,63609234,1,Nails And Pride,2,,,,
2026-07-22,Doomben,R6 1350m Hcap,6,260224903,68415762,4,Holy Flash,5,0.0,5.24,1.0,1.69
2026-07-22,Doomben,R6 1350m Hcap,6,260224903,100396514,9,Artistic Endeavour,4,0.0,13.5,0.0,2.99
2026-07-22,Doomben,R7 1110m CL5,7,260224912,2962880,1,Facundo,1,1.0,2.46,1.0,1.47
2026-07-22,Doomben,R7 1110m CL5,7,260224912,74227756,4,Carravilla,2,0.0,5.97,0.0,2.28
2026-07-22,Doomben,R7 1110m CL5,7,260224912,83710192,9,Becamo,3,0.0,12.44,0.0,2.8
2026-07-22,Doomben,R7 1110m CL5,7,260224912,83710192,9,Becamo,5,0.0,12.44,0.0,2.8
2026-07-22,Doomben,R7 1110m CL5,7,260224912,85017493,8,Apollo Ten,4,0.0,70.0,0.0,9.6
2026-07-22,Doomben,R8 1650m Hcap,8,260224921,40119980,3,The Catch,5,0.0,61.9,0.0,16.77
2026-07-22,Doomben,R8 1650m Hcap,8,260224921,63823986,2,Smart As Smart,3,0.0,11.16,0.0,3.82
2026-07-22,Doomben,R8 1650m Hcap,8,260224921,87676787,9,Ready To Ignite,4,0.0,3.4,1.0,2.22
2026-07-22,Doomben,R8 1650m Hcap,8,260224921,100860577,1,Luton Hoo,2,1.0,7.11,1.0,2.84
2026-07-22,Doomben,R8 1650m Hcap,8,260224921,100860579,7,Kundabung,1,0.0,4.44,0.0,2.58
2026-07-22,Murray Bridge,R1 1200m Mdn,1,260224930,1456075,7,Karma Queen,1,0.0,5.1,0.0,1.88
2026-07-22,Murray Bridge,R1 1200m Mdn,1,260224930,40040826,10,Settle Petal,3,0.0,3.51,0.0,1.66
2026-07-22,Murray Bridge,R1 1200m Mdn,1,260224930,92784215,9,My Cherie Amor,4,0.0,20.19,0.0,5.6
2026-07-22,Murray Bridge,R1 1200m Mdn,1,260224930,97393533,5,Scootathewoota,2,1.0,4.33,1.0,1.67
2026-07-22,Murray Bridge,R1 1200m Mdn,1,260224930,100860657,2,Rich Melody,5,0.0,10.77,0.0,3.0
2026-07-22,Murray Bridge,R2 1400m Mdn,2,260224939,5063693,1,Paganini,1,1.0,2.5,1.0,1.33
2026-07-22,Murray Bridge,R2 1400m Mdn,2,260224939,99531604,14,Or Am I,2,0.0,19.51,0.0,4.46
2026-07-22,Murray Bridge,R2 1400m Mdn,2,260224939,100019275,3,Tassoro,3,0.0,10.5,1.0,2.74
2026-07-22,Murray Bridge,R2 1400m Mdn,2,260224939,100860663,5,Iamthedevilselbow,5,0.0,20.34,0.0,5.26
2026-07-22,Murray Bridge,R2 1400m Mdn,2,260224939,100860666,11,Goodlookin Guru,4,0.0,4.43,0.0,1.76
2026-07-22,Murray Bridge,R3 1200m Hcap,3,260224948,820603,2,Megs Magic,3,1.0,3.64,1.0,1.63
2026-07-22,Murray Bridge,R3 1200m Hcap,3,260224948,75018949,3,Magic Island,1,0.0,4.6,0.0,1.87
2026-07-22,Murray Bridge,R3 1200m Hcap,3,260224948,87094027,10,Lunarshot,5,0.0,32.13,0.0,7.33
2026-07-22,Murray Bridge,R3 1200m Hcap,3,260224948,93278721,5,Shalhavmusik,2,0.0,8.6,0.0,2.32
2026-07-22,Murray Bridge,R3 1200m Hcap,3,260224948,100860668,1,Lapilli,4,0.0,21.0,0.0,4.8
2026-07-22,Murray Bridge,R4 1200m Hcap,4,260224957,50528334,2,Justicas Bonus,2,1.0,10.23,1.0,3.03
2026-07-22,Murray Bridge,R4 1200m Hcap,4,260224957,62135323,8,Fashion Dog,4,0.0,9.42,0.0,3.19
2026-07-22,Murray Bridge,R4 1200m Hcap,4,260224957,75796146,3,The Journo,1,0.0,5.51,1.0,2.1
2026-07-22,Murray Bridge,R4 1200m Hcap,4,260224957,85712803,6,Territorian,3,0.0,5.41,1.0,1.96
2026-07-22,Murray Bridge,R4 1200m Hcap,4,260224957,100860670,1,Cosmic Spy,5,0.0,50.0,0.0,11.0
2026-07-22,Murray Bridge,R5 2000m Hcap,5,260224966,2785676,11,Deficit,5,0.0,22.0,1.0,5.03
2026-07-22,Murray Bridge,R5 2000m Hcap,5,260224966,3091688,7,Geetee Forty,1,0.0,7.2,0.0,2.83
2026-07-22,Murray Bridge,R5 2000m Hcap,5,260224966,62788596,1,Back Me Up Benny,2,0.0,16.0,0.0,4.5
2026-07-22,Murray Bridge,R5 2000m Hcap,5,260224966,67289626,3,Reciprocal,4,1.0,4.31,1.0,1.98
2026-07-22,Murray Bridge,R5 2000m Hcap,5,260224966,69420902,6,Kailees Boy,3,0.0,9.8,0.0,3.48
2026-07-22,Murray Bridge,R6 1100m CL1,6,260224975,79803691,2,Dampen,1,0.0,12.0,1.0,3.7
2026-07-22,Murray Bridge,R6 1100m CL1,6,260224975,87676724,7,Reoffer,5,0.0,21.08,1.0,5.56
2026-07-22,Murray Bridge,R6 1100m CL1,6,260224975,99770337,8,Taino Rocket,3,0.0,28.4,0.0,6.4
2026-07-22,Murray Bridge,R6 1100m CL1,6,260224975,100860672,6,Sassy Little Miss,4,0.0,14.0,0.0,4.37
2026-07-22,Murray Bridge,R6 1100m CL1,6,260224975,100860674,10,De Luca,2,0.0,55.0,0.0,9.8
2026-07-22,Murray Bridge,R7 1600m Hcap,7,260224984,39575587,10,Vivacious Award,3,0.0,44.0,0.0,7.0
2026-07-22,Murray Bridge,R7 1600m Hcap,7,260224984,71903715,1,Collated,1,0.0,4.09,0.0,1.8
2026-07-22,Murray Bridge,R7 1600m Hcap,7,260224984,90009293,8,On Any Tuesday,5,0.0,5.16,1.0,2.16
2026-07-22,Murray Bridge,R7 1600m Hcap,7,260224984,90251985,5,Stolen Kiss,2,1.0,6.57,1.0,2.09
2026-07-22,Murray Bridge,R7 1600m Hcap,7,260224984,100860675,3,Spangled Sipper,4,0.0,3.8,1.0,1.78
2026-07-22,Pinjarra,R1 2200m Mdn,1,260225971,85185519,1,Yalda Night,5,0.0,9.4,0.0,2.46
2026-07-22,Pinjarra,R1 2200m Mdn,1,260225971,99400025,8,Luka Magic,2,1.0,8.2,1.0,2.42
2026-07-22,Pinjarra,R1 2200m Mdn,1,260225971,99657269,3,Big Man Zor,1,0.0,3.65,0.0,1.52
2026-07-22,Pinjarra,R1 2200m Mdn,1,260225971,99919889,6,Sin City Boy,3,0.0,3.02,1.0,1.46
2026-07-22,Pinjarra,R1 2200m Mdn,1,260225971,100860848,7,Hesnotallthere,4,0.0,12.22,1.0,3.5
2026-07-22,Pinjarra,R2 1700m Mdn,2,260225980,551882,3,Suparoo,3,0.0,9.6,0.0,2.36
2026-07-22,Pinjarra,R2 1700m Mdn,2,260225980,4342852,9,Flavoursome,2,0.0,13.2,0.0,2.62
2026-07-22,Pinjarra,R2 1700m Mdn,2,260225980,85982322,10,Bangalong,4,0.0,14.23,0.0,2.96
2026-07-22,Pinjarra,R2 1700m Mdn,2,260225980,100415059,4,Dirty Habits,1,1.0,1.78,1.0,1.19
2026-07-22,Pinjarra,R2 1700m Mdn,2,260225980,100860861,7,Parish Play,5,0.0,270.0,0.0,33.32
2026-07-22,Pinjarra,,3,260225989,833912,6,Strut Your Stuff,5,,,,
2026-07-22,Pinjarra,R3 1300m Mdn,3,260225989,99920795,2,Carrigane Boy,4,0.0,28.03,0.0,6.26
2026-07-22,Pinjarra,R3 1300m Mdn,3,260225989,100860872,1,Countersunk,2,1.0,9.07,1.0,2.46
2026-07-22,Pinjarra,R3 1300m Mdn,3,260225989,100860873,5,Magnificent Malcom,3,0.0,10.63,0.0,2.87
2026-07-22,Pinjarra,R3 1300m Mdn,3,260225989,100860882,12,Trickster,1,0.0,3.1,1.0,1.63
2026-07-22,Pinjarra,R4 1300m CL1,4,260225998,69904667,12,Ginger And Tonic,2,0.0,62.92,0.0,9.21
2026-07-22,Pinjarra,R4 1300m CL1,4,260225998,90286877,1,Radiant Light,3,0.0,6.4,0.0,2.15
2026-07-22,Pinjarra,R4 1300m CL1,4,260225998,92088023,13,Rising Fame,4,0.0,119.46,0.0,16.64
2026-07-22,Pinjarra,R4 1300m CL1,4,260225998,100860888,10,Hello Veneta,5,0.0,34.0,0.0,6.45
2026-07-22,Pinjarra,R4 1300m CL1,4,260225998,100860890,14,Optimus Prime,1,1.0,3.8,1.0,1.63
2026-07-22,Pinjarra,R5 1800m CL1,5,260226007,3874636,3,Cape Leeuwin,4,0.0,16.84,0.0,4.6
2026-07-22,Pinjarra,R5 1800m CL1,5,260226007,4149547,10,Stolen,1,0.0,18.16,0.0,6.12
2026-07-22,Pinjarra,R5 1800m CL1,5,260226007,4776434,5,Enchanted Miss,2,0.0,9.77,0.0,3.95
2026-07-22,Pinjarra,R5 1800m CL1,5,260226007,70580523,14,Hot Like Chili,5,0.0,27.87,1.0,5.91
2026-07-22,Pinjarra,R5 1800m CL1,5,260226007,100860896,11,Ah Kum,3,0.0,107.51,0.0,15.77
2026-07-22,Pinjarra,R6 1600m CL3,6,260226016,72585529,9,Ilgiro Delmondo,4,0.0,95.0,0.0,16.71
2026-07-22,Pinjarra,R6 1600m CL3,6,260226016,92699313,1,Showlas,1,0.0,4.66,0.0,2.05
2026-07-22,Pinjarra,R6 1600m CL3,6,260226016,93240449,3,Azabelle,5,0.0,53.25,0.0,13.18
2026-07-22,Pinjarra,R6 1600m CL3,6,260226016,99142347,4,Im Nipote,2,0.0,12.85,0.0,3.09
2026-07-22,Pinjarra,R6 1600m CL3,6,260226016,100860902,12,Cosmic Eclipse,3,0.0,68.45,0.0,11.71
2026-07-22,Pinjarra,R7 1300m CL5,7,260226025,8031367,3,Late Arrival,5,0.0,18.7,1.0,4.55
2026-07-22,Pinjarra,R7 1300m CL5,7,260226025,62634799,5,Celebrity Prince,4,0.0,18.5,0.0,5.0
2026-07-22,Pinjarra,R7 1300m CL5,7,260226025,75019598,11,Millstee,3,1.0,7.76,1.0,2.53
2026-07-22,Pinjarra,R7 1300m CL5,7,260226025,79804385,7,Soso Lucky,2,0.0,21.13,0.0,5.1
2026-07-22,Pinjarra,R7 1300m CL5,7,260226025,100860906,4,Monte Tremezzo,1,0.0,2.65,0.0,1.57
2026-07-22,Pinjarra,R8 1300m CL5,8,260226034,9285001,7,Poblano,1,0.0,2.71,1.0,1.42
2026-07-22,Pinjarra,,8,260226034,69904660,2,Rainline,2,,,,
2026-07-22,Pinjarra,R8 1300m CL5,8,260226034,77024527,5,Catch Carter,3,0.0,7.35,0.0,2.42
2026-07-22,Pinjarra,R8 1300m CL5,8,260226034,87456422,9,Gods Gate,5,1.0,12.17,1.0,2.89
2026-07-22,Pinjarra,R8 1300m CL5,8,260226034,100860912,11,Cosmic Spirit,4,0.0,5.71,0.0,1.87
2026-07-22,Sandown,R1 1200m 3yo,1,260226043,7559856,10,Siduri,5,0.0,28.96,0.0,5.84
2026-07-22,Sandown,R1 1200m 3yo,1,260226043,100860797,2,Flashheart,4,0.0,45.87,0.0,7.71
2026-07-22,Sandown,R1 1200m 3yo,1,260226043,100860800,5,Saludar,1,0.0,2.52,0.0,1.24
2026-07-22,Sandown,R1 1200m 3yo,1,260226043,100860803,8,French Accord,2,1.0,5.03,1.0,1.89
2026-07-22,Sandown,R1 1200m 3yo,1,260226043,100860804,9,Luscombe,3,0.0,5.9,1.0,2.02
2026-07-22,Sandown,R2 1000m 2yo,2,260226052,92822468,3,Fontalicious,5,0.0,5.05,1.0,1.84
2026-07-22,Sandown,R2 1000m 2yo,2,260226052,94409627,5,Mirador,4,0.0,8.81,0.0,2.26
2026-07-22,Sandown,R2 1000m 2yo,2,260226052,100860807,1,Lady Moscato,2,0.0,2.73,0.0,1.29
2026-07-22,Sandown,R2 1000m 2yo,2,260226052,100860808,2,One Day At A Time,3,1.0,10.4,1.0,2.33
2026-07-22,Sandown,R2 1000m 2yo,2,260226052,100860809,4,Egyptian Dancer,1,0.0,3.67,1.0,1.38
2026-07-22,Sandown,R3 2400m Hcap,3,260226061,43058125,1,Shultzy,5,1.0,4.58,1.0,1.79
2026-07-22,Sandown,R3 2400m Hcap,3,260226061,48426527,6,Staunch,3,0.0,12.0,0.0,3.47
2026-07-22,Sandown,R3 2400m Hcap,3,260226061,65520154,5,Genrichero,4,0.0,11.44,0.0,3.2
2026-07-22,Sandown,R3 2400m Hcap,3,260226061,86586371,4,Omamori,1,0.0,4.39,0.0,1.81
2026-07-22,Sandown,R3 2400m Hcap,3,260226061,99493475,8,Batoka Chief,2,0.0,7.59,1.0,2.46
2026-07-22,Sandown,R4 1400m 3yo,4,260226070,2367541,1,Lantana,4,0.0,9.4,0.0,2.69
2026-07-22,Sandown,R4 1400m 3yo,4,260226070,92743965,5,Hi Val,1,1.0,3.91,1.0,1.63
2026-07-22,Sandown,R4 1400m 3yo,4,260226070,99141865,6,Tan Tat Delight,2,0.0,7.07,0.0,2.42
2026-07-22,Sandown,R4 1400m 3yo,4,260226070,100860815,3,Jenni Agogo,3,0.0,5.42,0.0,2.12
2026-07-22,Sandown,R4 1400m 3yo,4,260226070,100860818,9,Arizona Luck,5,0.0,18.0,0.0,4.32
2026-07-22,Sandown,R5 1000m Hcap,5,260226079,2583413,7,Soju,2,0.0,8.17,0.0,2.65
2026-07-22,Sandown,R5 1000m Hcap,5,260226079,5908374,3,Mystic Reign,4,0.0,9.84,0.0,3.09
2026-07-22,Sandown,R5 1000m Hcap,5,260226079,57563539,6,Smart Little Miss,5,0.0,13.5,0.0,3.6
2026-07-22,Sandown,R5 1000m Hcap,5,260226079,82857600,4,Saluted,1,1.0,3.11,1.0,1.53
2026-07-22,Sandown,R5 1000m Hcap,5,260226079,100860819,2,Escarpa,3,0.0,6.27,0.0,2.02
2026-07-22,Sandown,R6 1600m Hcap,6,260226088,3324423,3,Federer,1,0.0,6.66,1.0,2.58
2026-07-22,Sandown,R6 1600m Hcap,6,260226088,83642532,2,Somewhere,4,0.0,6.95,0.0,2.49
2026-07-22,Sandown,R6 1600m Hcap,6,260226088,84943410,11,Perfect Ten,2,1.0,2.72,1.0,1.47
2026-07-22,Sandown,R6 1600m Hcap,6,260226088,100860820,6,Ruakaka Raider,5,0.0,23.36,0.0,5.3
2026-07-22,Sandown,R6 1600m Hcap,6,260226088,100860823,9,From A Distance,3,0.0,12.9,0.0,3.69
2026-07-22,Sandown,R7 1300m Hcap,7,260226097,76052306,9,Proven Soul,5,0.0,7.9,1.0,2.92
2026-07-22,Sandown,R7 1300m Hcap,7,260226097,81477571,5,Drone Attack,2,0.0,19.0,0.0,4.39
2026-07-22,Sandown,R7 1300m Hcap,7,260226097,88611379,4,Happy Tiers,1,1.0,4.44,1.0,2.18
2026-07-22,Sandown,R7 1300m Hcap,7,260226097,100396675,1,Audio Pop Cam,4,0.0,4.81,1.0,2.53
2026-07-22,Sandown,R7 1300m Hcap,7,260226097,100860826,3,Suze Spritz,3,0.0,13.5,0.0,4.3
2026-07-22,Sandown,R8 1400m Hcap,8,260226106,60415273,6,Georgie Get Mad,5,0.0,30.0,0.0,6.0
2026-07-22,Sandown,R8 1400m Hcap,8,260226106,76572738,5,Stay Humble,4,0.0,8.8,0.0,2.73
2026-07-22,Sandown,R8 1400m Hcap,8,260226106,89966799,11,Zunna,1,0.0,7.2,0.0,2.4
2026-07-22,Sandown,R8 1400m Hcap,8,260226106,92743946,8,Naina,2,0.0,26.0,0.0,7.19
2026-07-22,Sandown,R8 1400m Hcap,8,260226106,100860831,13,Silver Magnate,3,0.0,9.14,0.0,3.31
2026-07-23,Cairns,R1 950m Mdn,1,260314095,3174626,2,Its Showtime,1,0.0,8.99,1.0,2.12
2026-07-23,Cairns,R1 950m Mdn,1,260314095,84777649,1,Any News,5,0.0,7.2,0.0,1.83
2026-07-23,Cairns,R1 950m Mdn,1,260314095,100233748,5,Lilsisterdontcha,3,0.0,3.27,0.0,1.43
2026-07-23,Cairns,R1 950m Mdn,1,260314095,100885134,4,Smart N Loud,4,1.0,5.3,1.0,1.77
2026-07-23,Cairns,R1 950m Mdn,1,260314095,100885135,7,Just A Duchess,2,0.0,5.4,0.0,1.71
2026-07-23,Cairns,R2 1250m Mdn,2,260314099,98214150,4,Monday Close,2,1.0,2.88,1.0,1.27
2026-07-23,Cairns,R2 1250m Mdn,2,260314099,98214150,4,Monday Close,3,1.0,2.88,1.0,1.27
2026-07-23,Cairns,R2 1250m Mdn,2,260314099,99171924,3,Rossa Vista,4,0.0,2.77,1.0,1.28
2026-07-23,Cairns,R2 1250m Mdn,2,260314099,100885138,1,Bush Etiquette,1,0.0,23.81,0.0,4.2
2026-07-23,Cairns,R2 1250m Mdn,2,260314099,100885142,9,Zig Zag Torque,5,0.0,14.97,0.0,3.25
2026-07-23,Cairns,R3 1250m Hcap,3,260314103,2966788,1,Hot Pursuit,4,0.0,18.47,0.0,3.54
2026-07-23,Cairns,R3 1250m Hcap,3,260314103,57883727,6,Looming One,1,0.0,14.0,0.0,2.68
2026-07-23,Cairns,R3 1250m Hcap,3,260314103,74853889,2,Superstitions,3,0.0,10.5,1.0,2.74
2026-07-23,Cairns,R3 1250m Hcap,3,260314103,77082689,3,Better Breakout,5,1.0,6.72,1.0,1.83
2026-07-23,Cairns,R3 1250m Hcap,3,260314103,79845322,4,Secret Cypher,2,0.0,7.47,0.0,2.32
2026-07-23,Cairns,R4 1250m Hcap,4,260314107,24930118,3,Vouchers,2,0.0,6.67,0.0,2.6
2026-07-23,Cairns,R4 1250m Hcap,4,260314107,68890721,1,Ellies Dream,1,0.0,3.59,1.0,1.47
2026-07-23,Cairns,R4 1250m Hcap,4,260314107,91203885,5,Cincincity,3,0.0,20.06,1.0,4.63
2026-07-23,Cairns,R4 1250m Hcap,4,260314107,95344917,6,La Mano,4,0.0,12.42,0.0,3.25
2026-07-23,Cairns,R4 1250m Hcap,4,260314107,100885145,4,Savee,5,0.0,11.5,0.0,3.2
2026-07-23,Cairns,R5 1400m CL2,5,260314111,2182829,6,Intruder,5,0.0,6.0,1.0,2.78
2026-07-23,Cairns,R5 1400m CL2,5,260314111,6159868,3,Indefinite,3,1.0,5.68,1.0,2.9
2026-07-23,Cairns,R5 1400m CL2,5,260314111,73221188,4,Rock The Sunrise,1,0.0,4.61,0.0,2.62
2026-07-23,Cairns,R5 1400m CL2,5,260314111,87856733,1,Kirikan,2,0.0,4.3,0.0,2.12
2026-07-23,Cairns,R5 1400m CL2,5,260314111,91203515,2,Bluebird Bay,4,0.0,5.17,0.0,2.54
2026-07-23,Cairns,R6 1900m Hcap,6,260314115,1367829,4,Choir Boy,5,1.0,9.21,1.0,3.96
2026-07-23,Cairns,R6 1900m Hcap,6,260314115,43815915,2,Ella Te Ama,2,0.0,7.95,1.0,3.6
2026-07-23,Cairns,R6 1900m Hcap,6,260314115,60304822,7,Ready Tiger,4,0.0,2.5,0.0,1.47
2026-07-23,Cairns,R6 1900m Hcap,6,260314115,61371796,5,Perovic,3,0.0,4.7,0.0,2.38
2026-07-23,Cairns,R6 1900m Hcap,6,260314115,68825759,1,Kureder,1,0.0,6.8,0.0,2.8
2026-07-23,Cairns,R7 2100m Hcap,7,260314119,3238053,3,Acclimatise,1,0.0,6.05,0.0,2.44
2026-07-23,Cairns,R7 2100m Hcap,7,260314119,43351137,5,Amalfi Amore,2,0.0,9.4,0.0,2.45
2026-07-23,Cairns,R7 2100m Hcap,7,260314119,46494958,4,Heir Jordan,3,0.0,3.58,0.0,1.64
2026-07-23,Cairns,R7 2100m Hcap,7,260314119,62869227,2,Stadium Of Light,4,0.0,10.0,0.0,2.68
2026-07-23,Cairns,R7 2100m Hcap,7,260314119,62869227,2,Stadium Of Light,5,0.0,10.0,0.0,2.68
2026-07-23,Cairns,R8 1450m Hcap,8,260314123,38607853,2,Buffet Buster,3,0.0,7.4,0.0,2.67
2026-07-23,Cairns,R8 1450m Hcap,8,260314123,43309799,3,Nippas Nightcap,2,0.0,45.42,1.0,8.03
2026-07-23,Cairns,R8 1450m Hcap,8,260314123,68674053,1,Bancory Bay,1,0.0,4.97,0.0,1.99
2026-07-23,Cairns,R8 1450m Hcap,8,260314123,96146857,9,Skogafoss,4,0.0,18.0,0.0,3.9
2026-07-23,Cairns,R8 1450m Hcap,8,260314123,99770870,8,Miss Shu,5,0.0,28.0,1.0,5.5
2026-07-23,Cairns,R9 950m Hcap,9,260314127,65260414,1,Blue Stratum,2,0.0,2.37,1.0,1.36
2026-07-23,Cairns,R9 950m Hcap,9,260314127,68712133,3,Blue Steel,3,0.0,55.0,0.0,10.0
2026-07-23,Cairns,R9 950m Hcap,9,260314127,74853245,2,Admitted,5,1.0,8.82,1.0,2.8
2026-07-23,Cairns,R9 950m Hcap,9,260314127,83641787,6,Time To Prophet,1,0.0,19.67,0.0,4.24
2026-07-23,Cairns,R9 950m Hcap,9,260314127,100885149,9,Irresistible Force,4,0.0,19.29,1.0,3.95
2026-07-23,Cairns,R10 1250m Hcap,10,260314131,71617349,2,Lean Eagle,1,0.0,6.03,1.0,1.99
2026-07-23,Cairns,R10 1250m Hcap,10,260314131,77688824,1,Valenki,5,0.0,10.08,0.0,3.5
2026-07-23,Cairns,R10 1250m Hcap,10,260314131,81222118,9,New Hampshire,2,0.0,7.79,0.0,2.56
2026-07-23,Cairns,R10 1250m Hcap,10,260314131,81848811,8,Desert Grit,4,0.0,10.5,0.0,3.42
2026-07-23,Cairns,R10 1250m Hcap,10,260314131,100885150,5,Moegreen,3,0.0,5.34,0.0,2.2
2026-07-23,Northam,R1 1000m 3yo,1,260260814,86894707,2,Slip The Jab,2,0.0,4.2,0.0,2.02
2026-07-23,Northam,R1 1000m 3yo,1,260260814,100396920,3,New Target,3,0.0,9.0,0.0,2.73
2026-07-23,Northam,R1 1000m 3yo,1,260260814,100862479,1,Brazen Butcher,1,0.0,1.91,0.0,1.38
2026-07-23,Northam,R1 1000m 3yo,1,260260814,100862480,4,Sharpassa,4,0.0,8.2,1.0,2.57
2026-07-23,Northam,R1 1000m 3yo,1,260260814,100862481,5,Bricini,5,1.0,113.44,1.0,34.23
2026-07-23,Northam,R2 1000m CL3,2,260260818,50168577,5,Hang Glider,2,0.0,13.24,0.0,4.5
2026-07-23,Northam,R2 1000m CL3,2,260260818,85185558,3,Amarlime,3,0.0,11.75,0.0,4.76
2026-07-23,Northam,R2 1000m CL3,2,260260818,86388840,1,Snipers Son,5,0.0,3.26,1.0,1.91
2026-07-23,Northam,R2 1000m CL3,2,260260818,91746954,4,Brave Wasp,1,0.0,3.65,0.0,2.03
2026-07-23,Northam,R2 1000m CL3,2,260260818,100862482,2,Paint It Red,4,0.0,11.92,0.0,5.6
2026-07-23,Northam,R3 1100m Mdn,3,260260822,91355383,7,Joe Be Cool,5,0.0,110.0,0.0,13.5
2026-07-23,Northam,R3 1100m Mdn,3,260260822,94886313,12,Perfume Princess,4,0.0,12.67,0.0,3.9
2026-07-23,Northam,R3 1100m Mdn,3,260260822,100862483,1,Lets Go Jarpo,3,0.0,63.3,0.0,10.5
2026-07-23,Northam,R3 1100m Mdn,3,260260822,100862485,3,Two Up Boom,2,0.0,2.34,0.0,1.25
2026-07-23,Northam,R3 1100m Mdn,3,260260822,100862486,5,Super Sentai,1,1.0,4.6,1.0,1.71
2026-07-23,Northam,R4 1100m Mdn,4,260260826,2725764,11,Kutenai,2,0.0,16.0,0.0,3.9
2026-07-23,Northam,R4 1100m Mdn,4,260260826,100862490,2,The Rocket,1,0.0,7.52,1.0,2.6
2026-07-23,Northam,R4 1100m Mdn,4,260260826,100862492,4,Hellbent For Glory,5,0.0,48.0,0.0,7.15
2026-07-23,Northam,R4 1100m Mdn,4,260260826,100862493,5,Delzee,4,1.0,2.64,1.0,1.45
2026-07-23,Northam,R4 1100m Mdn,4,260260826,100862496,12,Kute As Kan Be,3,0.0,6.2,0.0,2.28
2026-07-23,Northam,R5 1100m CL1,5,260260830,84911518,2,Flash Dancer,3,1.0,2.85,1.0,1.74
2026-07-23,Northam,R5 1100m CL1,5,260260830,92822489,7,Arties Storm,5,0.0,13.84,0.0,6.05
2026-07-23,Northam,R5 1100m CL1,5,260260830,97984852,1,Belaura Star,2,0.0,4.33,0.0,2.13
2026-07-23,Northam,R5 1100m CL1,5,260260830,100862498,3,Flying Frankie,4,0.0,8.87,0.0,3.83
2026-07-23,Northam,R5 1100m CL1,5,260260830,100862499,4,Great Promise,1,0.0,4.52,1.0,2.38
2026-07-23,Northam,R6 1300m 3yo,6,260260834,6072228,5,Zero To Sixty,3,0.0,9.88,0.0,2.75
2026-07-23,Northam,R6 1300m 3yo,6,260260834,83569245,1,Diamond Warrior,4,1.0,5.68,1.0,2.12
2026-07-23,Northam,R6 1300m 3yo,6,260260834,93240426,10,Celestial Boom,2,0.0,6.38,1.0,2.72
2026-07-23,Northam,R6 1300m 3yo,6,260260834,100862503,4,Phat Chaps,1,0.0,8.35,1.0,3.05
2026-07-23,Northam,R6 1300m 3yo,6,260260834,100862504,6,Badger Bob,5,0.0,9.54,0.0,3.05
2026-07-23,Northam,R7 1300m Mdn,7,260260838,90181589,1,Call Me Invincible,2,0.0,6.2,0.0,1.83
2026-07-23,Northam,R7 1300m Mdn,7,260260838,92162091,7,Latorio,4,0.0,24.72,0.0,4.5
2026-07-23,Northam,R7 1300m Mdn,7,260260838,100862509,2,Tag Time,1,0.0,2.24,1.0,1.41
2026-07-23,Northam,R7 1300m Mdn,7,260260838,100862510,4,Flying Maradona,5,1.0,13.34,1.0,3.35
2026-07-23,Northam,R7 1300m Mdn,7,260260838,100862517,13,Magic Blue Point,3,0.0,15.12,0.0,4.02
2026-07-23,Northam,R8 2200m Hcap,8,260260842,52842497,1,Duchees Demerit,4,0.0,22.43,0.0,5.3
2026-07-23,Northam,R8 2200m Hcap,8,260260842,66544890,12,Dandys Gem,3,0.0,21.64,0.0,5.13
2026-07-23,Northam,R8 2200m Hcap,8,260260842,89886772,10,Shaula,5,0.0,22.0,0.0,5.4
2026-07-23,Northam,R8 2200m Hcap,8,260260842,97480987,3,Prince Epaulette,2,0.0,5.4,0.0,2.3
2026-07-23,Northam,R8 2200m Hcap,8,260260842,100862520,4,Sweet Surrender,1,0.0,5.95,1.0,2.45
2026-07-23,Warrnambool,R1 1100m Mdn,1,260260734,93757364,2,Dont Say No Mikki,4,0.0,32.0,0.0,7.39
2026-07-23,Warrnambool,R1 1100m Mdn,1,260260734,95621450,4,Ottalaus,1,0.0,3.7,0.0,1.78
2026-07-23,Warrnambool,R1 1100m Mdn,1,260260734,100885637,5,Prince Prestigious,5,0.0,12.0,0.0,3.14
2026-07-23,Warrnambool,R1 1100m Mdn,1,260260734,100885639,8,Vintell,3,1.0,10.52,1.0,2.78
2026-07-23,Warrnambool,R1 1100m Mdn,1,260260734,100885644,13,Social Pages,2,0.0,15.5,0.0,4.57
2026-07-23,Warrnambool,R2 1600m Mdn,2,260260742,76572733,4,Le Plus Rapide,4,0.0,24.0,1.0,3.2
2026-07-23,Warrnambool,R2 1600m Mdn,2,260260742,97184667,7,Justibella,2,0.0,2.85,1.0,1.21
2026-07-23,Warrnambool,R2 1600m Mdn,2,260260742,99206828,1,Cattlemans Bar,5,0.0,25.37,0.0,3.45
2026-07-23,Warrnambool,R2 1600m Mdn,2,260260742,99770302,8,Needlestick,3,1.0,7.2,1.0,1.65
2026-07-23,Warrnambool,R2 1600m Mdn,2,260260742,100885647,2,Fiorowngood,1,0.0,2.38,0.0,1.13
2026-07-23,Warrnambool,R3 2000m Mdn,3,260260750,72134485,6,Bologna Baby,5,0.0,330.0,0.0,40.0
2026-07-23,Warrnambool,R3 2000m Mdn,3,260260750,86654722,3,Specky Boy,4,0.0,9.82,0.0,2.7
2026-07-23,Warrnambool,R3 2000m Mdn,3,260260750,87768153,7,Camegitchee,3,0.0,17.55,0.0,4.11
2026-07-23,Warrnambool,R3 2000m Mdn,3,260260750,99242925,8,Janey Bopper,2,0.0,4.3,0.0,1.72
2026-07-23,Warrnambool,R3 2000m Mdn,3,260260750,100885651,5,Always Free,1,1.0,3.17,1.0,1.54
2026-07-23,Warrnambool,R4 2000m Hcap,4,260260758,718830,2,Epoch,3,0.0,2.88,0.0,1.41
2026-07-23,Warrnambool,R4 2000m Hcap,4,260260758,62660958,1,Bellonado,2,1.0,5.88,1.0,2.41
2026-07-23,Warrnambool,R4 2000m Hcap,4,260260758,66032744,6,Up And Under,5,0.0,12.05,0.0,3.1
2026-07-23,Warrnambool,R4 2000m Hcap,4,260260758,88779522,7,Tee Eight,4,0.0,7.34,0.0,2.16
2026-07-23,Warrnambool,R4 2000m Hcap,4,260260758,100885653,10,Adira River,1,0.0,6.58,0.0,2.7
2026-07-23,Warrnambool,R5 1700m Hcap,5,260260766,54440081,1,Astradeel,1,0.0,9.8,0.0,3.3
2026-07-23,Warrnambool,R5 1700m Hcap,5,260260766,93207390,7,Charming Deel,2,0.0,3.45,1.0,1.79
2026-07-23,Warrnambool,R5 1700m Hcap,5,260260766,98146510,11,Vieux Riche,5,0.0,19.0,0.0,4.95
2026-07-23,Warrnambool,R5 1700m Hcap,5,260260766,99242936,10,Side Piece,4,1.0,9.4,1.0,2.89
2026-07-23,Warrnambool,R5 1700m Hcap,5,260260766,100885655,8,Dreck,3,0.0,6.81,0.0,2.45
2026-07-23,Warrnambool,R6 1300m Hcap,6,260260774,19388097,1,The Narrator,4,0.0,5.2,0.0,2.38
2026-07-23,Warrnambool,R6 1300m Hcap,6,260260774,74227064,9,Sephia,3,0.0,9.2,0.0,3.25
2026-07-23,Warrnambool,R6 1300m Hcap,6,260260774,78566605,16,Tallapoosa,5,0.0,12.5,1.0,4.15
2026-07-23,Warrnambool,R6 1300m Hcap,6,260260774,79292448,6,Miss Top Gun,1,0.0,10.8,0.0,3.15
2026-07-23,Warrnambool,R6 1300m Hcap,6,260260774,85744949,3,Gunado,2,0.0,6.0,0.0,2.31
2026-07-23,Warrnambool,R7 1100m Hcap,7,260260782,1224413,6,Dynamite Dancer,3,0.0,4.1,0.0,2.12
2026-07-23,Warrnambool,R7 1100m Hcap,7,260260782,28401403,2,Moonraker,5,0.0,7.24,1.0,2.42
2026-07-23,Warrnambool,R7 1100m Hcap,7,260260782,88694265,11,Queen Christine,1,1.0,4.46,1.0,1.78
2026-07-23,Warrnambool,R7 1100m Hcap,7,260260782,91872571,5,Bazzar,4,0.0,13.0,1.0,3.47
2026-07-23,Warrnambool,R7 1100m Hcap,7,260260782,100885663,9,Hughie,2,0.0,15.0,0.0,3.96
2026-07-23,Warrnambool,R8 3172m Hcap,8,260260790,43526809,8,Golden Garden,4,0.0,6.6,1.0,1.96
2026-07-23,Warrnambool,R8 3172m Hcap,8,260260790,48725283,3,Reddivo,3,1.0,3.11,1.0,1.58
2026-07-23,Warrnambool,R8 3172m Hcap,8,260260790,64318062,2,Zoom,5,0.0,11.0,0.0,2.9
2026-07-23,Warrnambool,R8 3172m Hcap,8,260260790,77020829,1,Lodbrok,1,0.0,9.76,1.0,2.63
2026-07-23,Warrnambool,R8 3172m Hcap,8,260260790,79845020,6,Motiver,2,0.0,5.3,0.0,1.74
2026-07-23,Wyong,R1 1600m Mdn,1,260259418,92459874,5,My Cartouche,4,0.0,6.03,1.0,1.57
2026-07-23,Wyong,R1 1600m Mdn,1,260259418,99206916,4,Kowloon Magnate,2,0.0,4.8,1.0,1.56
2026-07-23,Wyong,R1 1600m Mdn,1,260259418,100884930,1,Royal And Ready,3,0.0,9.4,0.0,2.08
2026-07-23,Wyong,R1 1600m Mdn,1,260259418,100884931,3,Kumbaya,1,1.0,2.34,1.0,1.23
2026-07-23,Wyong,R1 1600m Mdn,1,260259418,100884932,6,Quadria,5,0.0,14.42,0.0,2.5
2026-07-23,Wyong,R2 1350m CL1,2,260259421,6465305,1,Gravel Road,3,0.0,1.99,0.0,1.42
2026-07-23,Wyong,R2 1350m CL1,2,260259421,81307843,2,Iron Fury,1,0.0,17.5,0.0,4.0
2026-07-23,Wyong,R2 1350m CL1,2,260259421,92504546,4,Mind Ya Bizz,2,1.0,2.95,1.0,1.49
2026-07-23,Wyong,R2 1350m CL1,2,260259421,95540685,6,The Warrior,4,0.0,13.48,0.0,3.4
2026-07-23,Wyong,R2 1350m CL1,2,260259421,100519726,3,Galactic Force,5,0.0,70.0,1.0,14.5
2026-07-23,Wyong,R3 1300m Mdn,3,260259424,91432316,8,What A Gent,2,0.0,4.73,1.0,1.71
2026-07-23,Wyong,R3 1300m Mdn,3,260259424,91432316,8,What A Gent,3,0.0,4.73,1.0,1.71
2026-07-23,Wyong,R3 1300m Mdn,3,260259424,99690553,3,Classic Two,1,0.0,8.4,0.0,1.81
2026-07-23,Wyong,R3 1300m Mdn,3,260259424,100884933,1,Dons Party,5,1.0,2.08,1.0,1.21
2026-07-23,Wyong,R3 1300m Mdn,3,260259424,100884934,2,Moonlite Fire,4,0.0,150.0,0.0,13.0
2026-07-23,Wyong,R4 1300m 2yo,4,260259427,4926847,9,Japan,5,0.0,36.28,0.0,5.96
2026-07-23,Wyong,R4 1300m 2yo,4,260259427,100884936,2,Dux Proximus,4,0.0,44.0,0.0,6.64
2026-07-23,Wyong,R4 1300m 2yo,4,260259427,100884937,4,Sardar,2,0.0,2.79,0.0,1.6
2026-07-23,Wyong,R4 1300m 2yo,4,260259427,100884938,5,St Peters Basilica,3,0.0,17.84,0.0,4.27
2026-07-23,Wyong,R4 1300m 2yo,4,260259427,100884939,6,Concrete Storm,1,0.0,4.96,1.0,1.77
2026-07-23,Wyong,R5 1000m Mdn,5,260259430,3664350,6,Majestic Legend,4,0.0,7.6,0.0,2.45
2026-07-23,Wyong,R5 1000m Mdn,5,260259430,87544255,3,Ballet Encore,3,1.0,27.63,1.0,6.41
2026-07-23,Wyong,R5 1000m Mdn,5,260259430,99172202,7,Rising Revolution,2,0.0,7.2,0.0,2.5
2026-07-23,Wyong,R5 1000m Mdn,5,260259430,100884944,4,Capdiva,1,0.0,3.52,0.0,1.47
2026-07-23,Wyong,R5 1000m Mdn,5,260259430,100884947,9,Dallas Duke,5,0.0,8.84,1.0,2.76
2026-07-23,Wyong,R6 1350m Hcap,6,260259433,1044074,3,Supreme Command,5,0.0,19.51,0.0,5.95
2026-07-23,Wyong,R6 1350m Hcap,6,260259433,73754227,5,Lugarno,2,0.0,20.0,0.0,4.7
2026-07-23,Wyong,R6 1350m Hcap,6,260259433,76052416,2,Prince Of Sorts,4,0.0,12.61,1.0,2.99
2026-07-23,Wyong,R6 1350m Hcap,6,260259433,100884951,9,Sponars,1,1.0,5.64,1.0,2.3
2026-07-23,Wyong,R6 1350m Hcap,6,260259433,100884952,10,Purple Rose,3,0.0,8.1,0.0,2.82
2026-07-23,Wyong,R7 1200m Hcap,7,260259436,465683,3,Cool Lad,2,0.0,48.0,0.0,6.4
2026-07-23,Wyong,R7 1200m Hcap,7,260259436,5100623,2,President,4,0.0,24.0,0.0,6.8
2026-07-23,Wyong,R7 1200m Hcap,7,260259436,89669383,8,Edge Of Midnight,5,0.0,151.69,0.0,13.33
2026-07-23,Wyong,R7 1200m Hcap,7,260259436,93757739,13,Tigroni,1,0.0,2.91,1.0,1.36
2026-07-23,Wyong,R7 1200m Hcap,7,260259436,100884953,6,Waerea,3,0.0,2.77,1.0,1.36
2026-07-23,Wyong,R8 1600m Hcap,8,260259439,6926563,5,Inception,2,0.0,9.66,1.0,3.46
2026-07-23,Wyong,R8 1600m Hcap,8,260259439,26149089,1,Dubai Warrior,1,1.0,3.3,1.0,1.47
2026-07-23,Wyong,R8 1600m Hcap,8,260259439,62135966,6,Bakerloo,5,0.0,14.35,0.0,3.37
2026-07-23,Wyong,R8 1600m Hcap,8,260259439,83080371,4,Bombelleistic,4,0.0,8.48,0.0,2.52
2026-07-23,Wyong,R8 1600m Hcap,8,260259439,100884958,2,Whack Attack,3,0.0,3.97,1.0,1.87
2026-07-24,Broome,R1 1435m Hcap,1,260299758,64343352,6,Canggu,1,0.0,17.0,1.0,7.2
2026-07-24,Broome,R1 1435m Hcap,1,260299758,73178759,2,The Top Bar,5,0.0,6.69,0.0,3.34
2026-07-24,Broome,R1 1435m Hcap,1,260299758,75639072,1,Close Talker,2,0.0,9.41,0.0,4.0
2026-07-24,Broome,R1 1435m Hcap,1,260299758,84431813,3,Rulesque,3,0.0,3.76,0.0,2.2
2026-07-24,Broome,R1 1435m Hcap,1,260299758,85745110,4,Shasfa,4,1.0,7.25,1.0,3.1
2026-07-24,Broome,R2 1615m Hcap,2,260299762,2754462,4,Lucky Landing,3,1.0,4.54,1.0,1.59
2026-07-24,Broome,R2 1615m Hcap,2,260299762,41575520,5,Roey Clam,5,0.0,9.4,0.0,2.96
2026-07-24,Broome,R2 1615m Hcap,2,260299762,41750627,3,Success Play,1,0.0,5.5,0.0,1.97
2026-07-24,Broome,R2 1615m Hcap,2,260299762,43352471,2,Capricorn Man,2,0.0,8.07,1.0,2.54
2026-07-24,Broome,R2 1615m Hcap,2,260299762,91873329,7,Bondi Queen,4,0.0,3.59,0.0,1.65
2026-07-24,Broome,R3 2070m Hcap,3,260299766,58883433,4,Fortunes Luck,3,1.0,9.8,1.0,3.4
2026-07-24,Broome,R3 2070m Hcap,3,260299766,66733950,7,Street Maschino,5,0.0,9.4,1.0,2.76
2026-07-24,Broome,R3 2070m Hcap,3,260299766,68825791,5,Rubick Lass,1,0.0,14.0,0.0,4.03
2026-07-24,Broome,R3 2070m Hcap,3,260299766,70138615,3,Alotta Dane,2,0.0,4.76,0.0,1.81
2026-07-24,Broome,R3 2070m Hcap,3,260299766,79330747,1,Star Testymony,4,0.0,5.49,1.0,2.06
2026-07-24,Broome,R4 1780m Hcap,4,260299770,1343380,7,Wolfman,3,0.0,9.4,1.0,3.6
2026-07-24,Broome,R4 1780m Hcap,4,260299770,11037184,4,Why Me,2,0.0,5.47,0.0,2.98
2026-07-24,Broome,R4 1780m Hcap,4,260299770,42023448,2,Vevinsky,5,0.0,2.85,0.0,1.82
2026-07-24,Broome,R4 1780m Hcap,4,260299770,47268561,3,Hafey,4,0.0,69.25,0.0,19.17
2026-07-24,Broome,R4 1780m Hcap,4,260299770,62034678,5,Lova Session,1,1.0,6.92,1.0,3.74
2026-07-24,Broome,R5 1200m CL2,5,260299774,66791412,5,Seeyouatthesession,4,0.0,12.23,0.0,2.78
2026-07-24,Broome,R5 1200m CL2,5,260299774,71941253,8,Demetrious,3,0.0,27.0,0.0,4.9
2026-07-24,Broome,R5 1200m CL2,5,260299774,80399823,7,Sanctions,5,0.0,21.99,0.0,4.2
2026-07-24,Broome,R5 1200m CL2,5,260299774,85982341,3,Whats The Point,1,1.0,2.54,1.0,1.38
2026-07-24,Broome,R5 1200m CL2,5,260299774,100886390,1,Mohegan Ruler,2,0.0,12.45,1.0,4.37
2026-07-24,Broome,R6 1100m Hcap,6,260299778,3238027,8,Ocean Outlaw,3,1.0,6.4,1.0,2.12
2026-07-24,Broome,R6 1100m Hcap,6,260299778,73105095,4,Fire The Guard,1,0.0,4.8,0.0,1.94
2026-07-24,Broome,R6 1100m Hcap,6,260299778,92744533,7,Outlaw Music,2,0.0,5.33,1.0,2.16
2026-07-24,Broome,R6 1100m Hcap,6,260299778,100886392,3,Delicate Ruler,4,0.0,5.6,1.0,1.9
2026-07-24,Broome,R6 1100m Hcap,6,260299778,100886393,9,Ole Grande,5,0.0,16.5,0.0,3.95
2026-07-24,Broome,,7,260299782,3860047,6,Now You See Me,2,,,,
2026-07-24,Broome,R7 1300m Hcap,7,260299782,42070102,2,Hell I Am,3,0.0,8.91,0.0,2.45
2026-07-24,Broome,R7 1300m Hcap,7,260299782,51918634,5,Mocha Dream,1,0.0,24.77,0.0,4.16
2026-07-24,Broome,R7 1300m Hcap,7,260299782,51983364,1,Cruise To Victory,4,1.0,1.82,1.0,1.29
2026-07-24,Broome,R7 1300m Hcap,7,260299782,100886395,10,Zorbrist,5,0.0,11.51,0.0,2.43
2026-07-24,Canberra,R1 1206m Hcap,1,260297495,887139,7,Simones Choice,5,0.0,17.5,0.0,5.6
2026-07-24,Canberra,R1 1206m Hcap,1,260297495,49765624,1,Geostorm,1,0.0,7.24,1.0,2.45
2026-07-24,Canberra,R1 1206m Hcap,1,260297495,76095891,2,Hell Of A Show,4,0.0,10.5,1.0,2.9
2026-07-24,Canberra,R1 1206m Hcap,1,260297495,79196038,9,Miss Graysea,3,0.0,4.99,0.0,1.98
2026-07-24,Canberra,R1 1206m Hcap,1,260297495,100919813,13,Dantains Prize,2,0.0,5.71,0.0,2.13
2026-07-24,Canberra,R2 1080m Mdn,2,260297498,813266,6,Wild Romeo,2,0.0,5.0,0.0,2.01
2026-07-24,Canberra,R2 1080m Mdn,2,260297498,4963817,5,Trofeo,3,0.0,38.49,0.0,6.4
2026-07-24,Canberra,R2 1080m Mdn,2,260297498,76389532,2,Entirely Oak,5,0.0,40.0,0.0,6.96
2026-07-24,Canberra,R2 1080m Mdn,2,260297498,87123847,9,Ho Aloha,1,0.0,2.82,1.0,1.34
2026-07-24,Canberra,R2 1080m Mdn,2,260297498,100292598,10,Three Wishes,4,0.0,20.0,1.0,4.38
2026-07-24,Canberra,R3 1280m Mdn,3,260297501,4774066,10,Monnie,2,0.0,8.4,0.0,2.64
2026-07-24,Canberra,R3 1280m Mdn,3,260297501,88150086,6,Aquilino,5,0.0,4.8,0.0,1.89
2026-07-24,Canberra,R3 1280m Mdn,3,260297501,100919843,1,Skibidi,1,1.0,3.63,1.0,1.64
2026-07-24,Canberra,R3 1280m Mdn,3,260297501,100919846,4,Belleistic Bonny,3,0.0,9.0,0.0,2.68
2026-07-24,Canberra,R3 1280m Mdn,3,260297501,100919851,13,Steffiewah,4,0.0,33.02,0.0,7.22
2026-07-24,Canberra,R4 1080m Hcap,4,260297504,20723919,15,Vainstream,4,0.0,32.62,0.0,7.01
2026-07-24,Canberra,R4 1080m Hcap,4,260297504,20723919,15,Vainstream,5,0.0,32.62,0.0,7.01
2026-07-24,Canberra,R4 1080m Hcap,4,260297504,33024908,13,Into The Fire,2,0.0,18.5,1.0,4.3
2026-07-24,Canberra,R4 1080m Hcap,4,260297504,70705612,4,Abstruse,1,0.0,27.78,0.0,6.4
2026-07-24,Canberra,R4 1080m Hcap,4,260297504,83984487,2,Magna Mak,3,0.0,26.0,0.0,4.64
2026-07-24,Canberra,R5 1280m CL2,5,260297507,818821,1,Famoso,2,0.0,2.89,1.0,1.51
2026-07-24,Canberra,R5 1280m CL2,5,260297507,73176853,6,Prinzerro,1,0.0,9.2,0.0,2.36
2026-07-24,Canberra,R5 1280m CL2,5,260297507,99458790,8,London Boy,4,0.0,7.53,1.0,2.11
2026-07-24,Canberra,R5 1280m CL2,5,260297507,100232310,5,Platinum Ridge,5,0.0,14.02,0.0,3.43
2026-07-24,Canberra,R5 1280m CL2,5,260297507,100919856,10,Royaltown,3,0.0,5.5,0.0,1.83
2026-07-24,Canberra,R6 1280m Hcap,6,260297510,37549642,5,San Marino,4,0.0,33.36,0.0,7.6
2026-07-24,Canberra,R6 1280m Hcap,6,260297510,56053513,2,Craving Magic,3,0.0,5.61,0.0,2.24
2026-07-24,Canberra,R6 1280m Hcap,6,260297510,60779609,6,Atmospheric Rock,1,0.0,5.3,1.0,2.16
2026-07-24,Canberra,R6 1280m Hcap,6,260297510,68855168,9,Oneforian,5,0.0,6.01,1.0,2.07
2026-07-24,Canberra,R6 1280m Hcap,6,260297510,100919858,10,Sacred Mistress,2,0.0,60.0,0.0,12.0
2026-07-24,Canberra,R7 1750m Hcap,7,260297513,90603727,6,Flashy Icon,1,0.0,10.5,1.0,2.33
2026-07-24,Canberra,R7 1750m Hcap,7,260297513,100919859,3,Remadosi,5,0.0,10.25,1.0,2.68
2026-07-24,Canberra,R7 1750m Hcap,7,260297513,100919860,5,Webejamin,4,0.0,9.99,0.0,3.0
2026-07-24,Canberra,R7 1750m Hcap,7,260297513,100919861,14,Olivia Mia,2,0.0,2.12,0.0,1.3
2026-07-24,Canberra,R7 1750m Hcap,7,260297513,100919861,14,Olivia Mia,3,0.0,2.12,0.0,1.3
2026-07-24,Echuca,R1 2100m Mdn,1,260297094,70599763,7,Lyttelton,4,1.0,18.45,1.0,5.75
2026-07-24,Echuca,R1 2100m Mdn,1,260297094,98959971,3,Gaelic Kiwi,3,0.0,3.15,0.0,1.68
2026-07-24,Echuca,R1 2100m Mdn,1,260297094,100920796,2,Ate Iron,2,0.0,4.23,0.0,1.79
2026-07-24,Echuca,R1 2100m Mdn,1,260297094,100920798,6,Knights Emperor,1,0.0,2.29,1.0,1.52
2026-07-24,Echuca,R2 1000m Mdn,2,260297102,5226204,1,Dirty Harry,3,0.0,6.23,0.0,1.78
2026-07-24,Echuca,R2 1000m Mdn,2,260297102,100920799,2,Divine Nurture,5,0.0,30.0,0.0,4.5
2026-07-24,Echuca,R2 1000m Mdn,2,260297102,100920800,3,Good Feel,1,0.0,10.5,1.0,2.15
2026-07-24,Echuca,R2 1000m Mdn,2,260297102,100920801,4,Imperial Valley,4,0.0,31.72,1.0,4.1
2026-07-24,Echuca,R2 1000m Mdn,2,260297102,100920803,6,Myhros Ruler,2,1.0,1.94,1.0,1.18
2026-07-24,Echuca,,3,260297110,2370492,1,Churchill Lane,3,,,,
2026-07-24,Echuca,R3 1600m Mdn,3,260297110,82601793,3,Harry Caviar,4,0.0,10.63,1.0,1.74
2026-07-24,Echuca,R3 1600m Mdn,3,260297110,85542461,2,Colour Circle,1,1.0,1.85,1.0,1.1
2026-07-24,Echuca,R3 1600m Mdn,3,260297110,99983291,8,Embodiment,5,0.0,29.56,0.0,3.04
2026-07-24,Echuca,R3 1600m Mdn,3,260297110,100920807,4,Master Fox,2,0.0,3.39,0.0,1.33
2026-07-24,Echuca,R4 1400m Mdn,4,260297118,90009205,12,Valda Warrior,4,0.0,48.0,0.0,8.4
2026-07-24,Echuca,R4 1400m Mdn,4,260297118,90324661,3,Iberian Lynx,3,1.0,3.59,1.0,1.66
2026-07-24,Echuca,R4 1400m Mdn,4,260297118,92537804,2,Ilberidinshotgun,2,0.0,3.5,1.0,1.53
2026-07-24,Echuca,R4 1400m Mdn,4,260297118,100920811,9,Auroras Belt,1,0.0,7.8,0.0,2.72
2026-07-24,Echuca,R4 1400m Mdn,4,260297118,100920812,13,You Said What,5,0.0,12.0,1.0,2.94
2026-07-24,Echuca,R5 1400m Hcap,5,260297126,2744912,7,Square Deal,3,1.0,7.93,1.0,2.62
2026-07-24,Echuca,R5 1400m Hcap,5,260297126,22740807,1,Forrest Gump,2,0.0,4.94,0.0,1.96
2026-07-24,Echuca,R5 1400m Hcap,5,260297126,82566324,8,Pharoahs Glory,1,0.0,4.84,1.0,1.94
2026-07-24,Echuca,R5 1400m Hcap,5,260297126,100920816,9,Aloysius,4,0.0,63.58,0.0,13.26
2026-07-24,Echuca,R5 1400m Hcap,5,260297126,100920819,14,Everett,5,0.0,17.71,0.0,4.3
2026-07-24,Echuca,R6 1600m Hcap,6,260297134,23482167,5,Tel Aviv,2,0.0,3.07,1.0,1.45
2026-07-24,Echuca,R6 1600m Hcap,6,260297134,73793118,9,Azeola,5,0.0,11.34,1.0,3.04
2026-07-24,Echuca,R6 1600m Hcap,6,260297134,78464488,6,Pick Wisely,1,0.0,6.69,0.0,2.28
2026-07-24,Echuca,R6 1600m Hcap,6,260297134,82154181,10,Ziggy Starcraft,4,0.0,14.3,0.0,3.15
2026-07-24,Echuca,R6 1600m Hcap,6,260297134,98959991,3,Mickio,3,0.0,5.49,0.0,1.82
2026-07-24,Echuca,R7 1000m Hcap,7,260297142,40786498,7,Raging Monkey,3,0.0,6.0,1.0,2.25
2026-07-24,Echuca,R7 1000m Hcap,7,260297142,69463006,8,Redemption Time,4,0.0,6.7,1.0,2.11
2026-07-24,Echuca,R7 1000m Hcap,7,260297142,76958700,6,Needawinna,5,0.0,7.65,0.0,2.82
2026-07-24,Echuca,,7,260297142,89435841,2,Ginas A Star,1,,,,
2026-07-24,Echuca,R7 1000m Hcap,7,260297142,99809512,1,Per Ivy,2,0.0,5.17,0.0,2.14
2026-07-24,Echuca,R8 1200m Hcap,8,260297150,65022822,1,Powerbound,1,0.0,9.26,0.0,2.99
2026-07-24,Echuca,R8 1200m Hcap,8,260297150,86620782,15,Friendzoned,3,0.0,7.96,0.0,2.51
2026-07-24,Echuca,R8 1200m Hcap,8,260297150,89018837,6,Shellys Legacy,4,0.0,8.34,0.0,2.84
2026-07-24,Echuca,R8 1200m Hcap,8,260297150,90009777,3,Sub Gauge,5,0.0,8.08,0.0,2.74
2026-07-24,Echuca,R8 1200m Hcap,8,260297150,100920823,2,Tapo,2,0.0,5.91,1.0,2.11
2026-07-24,Grafton,R1 1630m Mdn,1,260296351,90714893,12,Junostar,4,0.0,7.39,0.0,1.89
2026-07-24,Grafton,R1 1630m Mdn,1,260296351,93757376,9,Zayyano,3,0.0,11.22,0.0,2.76
2026-07-24,Grafton,R1 1630m Mdn,1,260296351,94688521,8,Trango Towers,5,0.0,48.0,0.0,10.03
2026-07-24,Grafton,R1 1630m Mdn,1,260296351,100920065,2,Fabulous Fiano,2,0.0,18.95,0.0,6.4
2026-07-24,Grafton,R1 1630m Mdn,1,260296351,100920066,5,No Woman No Cry,1,1.0,1.98,1.0,1.23
2026-07-24,Grafton,R2 1200m Mdn,2,260296354,91807066,10,Hey Bluey,3,0.0,10.74,0.0,2.0
2026-07-24,Grafton,R2 1200m Mdn,2,260296354,93573790,5,In Bocca Al Lupe,2,0.0,10.5,1.0,1.67
2026-07-24,Grafton,R2 1200m Mdn,2,260296354,98482150,9,Halloween Holly,5,0.0,170.89,0.0,10.66
2026-07-24,Grafton,R2 1200m Mdn,2,260296354,99770535,1,Torque So Hot,1,1.0,1.31,1.0,1.1
2026-07-24,Grafton,R2 1200m Mdn,2,260296354,100486097,8,Cosmic Fun,4,0.0,23.0,1.0,2.53
2026-07-24,Grafton,R3 1200m Hcap,3,260296357,6314648,4,Wildspitze,5,0.0,24.0,0.0,4.5
2026-07-24,Grafton,R3 1200m Hcap,3,260296357,84659246,1,Enhance,4,1.0,3.88,1.0,1.85
2026-07-24,Grafton,R3 1200m Hcap,3,260296357,87676785,6,Minor Key,3,0.0,2.84,0.0,1.43
2026-07-24,Grafton,R3 1200m Hcap,3,260296357,94099105,9,Thiem,1,0.0,13.0,0.0,2.98
2026-07-24,Grafton,R3 1200m Hcap,3,260296357,100920070,3,The Torque Factor,2,0.0,8.2,1.0,2.76
2026-07-24,Grafton,R4 1200m Hcap,4,260296360,53679670,5,Spirits Burn Deep,4,0.0,2.96,1.0,1.34
2026-07-24,Grafton,R4 1200m Hcap,4,260296360,56321403,4,Miss Zermatt,2,0.0,14.5,0.0,3.3
2026-07-24,Grafton,,4,260296360,56321623,3,Gerety,3,,,,
2026-07-24,Grafton,R4 1200m Hcap,4,260296360,88610971,2,Meadowbrook,5,0.0,6.6,0.0,1.81
2026-07-24,Grafton,R4 1200m Hcap,4,260296360,93167892,7,Too Darn Finesse,1,1.0,3.52,1.0,1.35
2026-07-24,Grafton,R5 1125m Mdn,5,260296363,5167262,1,Bucket List,3,0.0,95.0,0.0,10.0
2026-07-24,Grafton,R5 1125m Mdn,5,260296363,100920073,2,Poised Tycoon,2,0.0,11.0,0.0,3.5
2026-07-24,Grafton,R5 1125m Mdn,5,260296363,100920074,3,Sorrenti,1,0.0,2.73,1.0,1.38
2026-07-24,Grafton,R5 1125m Mdn,5,260296363,100920076,5,Dont Doubt Sophie,5,0.0,34.7,0.0,4.0
2026-07-24,Grafton,R5 1125m Mdn,5,260296363,100920078,7,I Am Steffi,4,1.0,2.48,1.0,1.41
2026-07-24,Grafton,R6 1125m CL1,6,260296366,4711669,1,Woodrow,1,0.0,4.45,1.0,1.68
2026-07-24,Grafton,R6 1125m CL1,6,260296366,75758918,9,Evil Lover,4,1.0,30.0,1.0,3.98
2026-07-24,Grafton,R6 1125m CL1,6,260296366,83940323,8,Artie Lady,5,0.0,37.51,0.0,5.56
2026-07-24,Grafton,R6 1125m CL1,6,260296366,99241384,2,Rentessis,3,0.0,8.86,0.0,2.15
2026-07-24,Grafton,R6 1125m CL1,6,260296366,100920084,3,Twoexcel,2,0.0,18.56,0.0,2.76
2026-07-24,Grafton,R7 1125m CL1,7,260296369,7070842,3,Constellation,2,1.0,3.4,1.0,1.22
2026-07-24,Grafton,R7 1125m CL1,7,260296369,51141433,11,Maggie Rose,5,0.0,212.88,0.0,11.7
2026-07-24,Grafton,R7 1125m CL1,7,260296369,100920087,1,Pelosa,3,0.0,30.56,0.0,3.95
2026-07-24,Grafton,R7 1125m CL1,7,260296369,100920087,1,Pelosa,4,0.0,30.56,0.0,3.95
2026-07-24,Grafton,R7 1125m CL1,7,260296369,100920088,4,Brutal Miss,1,0.0,1.79,1.0,1.09
2026-07-24,Grafton,R8 1430m Hcap,8,260296372,6286224,2,Permission Granted,2,0.0,3.25,0.0,1.7
2026-07-24,Grafton,R8 1430m Hcap,8,260296372,60528163,4,Barcelona Express,4,0.0,4.84,1.0,1.9
2026-07-24,Grafton,R8 1430m Hcap,8,260296372,66757899,5,Cat Empire,1,0.0,20.0,0.0,5.86
2026-07-24,Grafton,R8 1430m Hcap,8,260296372,74338582,8,Picupstixx,5,0.0,9.0,0.0,2.22
2026-07-24,Grafton,R8 1430m Hcap,8,260296372,100920092,1,Lady Alabama,3,0.0,10.0,0.0,3.35
2026-07-24,Grafton,R9 1630m CL1,9,260296375,68157300,10,Our Sparky,2,0.0,10.16,1.0,3.0
2026-07-24,Grafton,R9 1630m CL1,9,260296375,79456049,1,Hang Out,1,0.0,22.0,0.0,6.2
2026-07-24,Grafton,R9 1630m CL1,9,260296375,94736215,4,Sea Warning,3,0.0,5.72,0.0,2.73
2026-07-24,Grafton,R9 1630m CL1,9,260296375,97242249,7,He Is The Kiss,4,1.0,28.18,1.0,5.9
2026-07-24,Grafton,R9 1630m CL1,9,260296375,100920097,2,Prestige Ice,5,0.0,3.72,1.0,1.89
2026-07-24,Ipswich,R1 1950m Mdn,1,260296789,8453960,9,Vega Sicilia,4,0.0,8.4,0.0,2.28
2026-07-24,Ipswich,R1 1950m Mdn,1,260296789,84374220,7,Ship Happens,3,0.0,9.0,1.0,2.41
2026-07-24,Ipswich,R1 1950m Mdn,1,260296789,92208010,3,Clench,2,1.0,8.72,1.0,2.11
2026-07-24,Ipswich,R1 1950m Mdn,1,260296789,92459995,1,Kojak,1,0.0,3.36,1.0,1.4
2026-07-24,Ipswich,R1 1950m Mdn,1,260296789,100919991,2,Trust In The Rock,5,0.0,3.08,0.0,1.45
2026-07-24,Ipswich,R2 800m 3yo,2,260296793,8988172,1,Candle In The Wind,5,0.0,18.29,0.0,3.23
2026-07-24,Ipswich,R2 800m 3yo,2,260296793,86017833,9,Mashean,1,0.0,1.55,1.0,1.13
2026-07-24,Ipswich,R2 800m 3yo,2,260296793,99493860,6,Gancedo,4,0.0,26.0,0.0,4.35
2026-07-24,Ipswich,R2 800m 3yo,2,260296793,100660791,8,Luminous Girl,2,0.0,44.97,1.0,6.2
2026-07-24,Ipswich,R2 800m 3yo,2,260296793,100919998,7,Itzajungleoutthere,3,0.0,12.5,0.0,2.27
2026-07-24,Ipswich,R3 1200m Mdn,3,260296797,1173972,5,Kings Coin,3,0.0,39.57,0.0,6.93
2026-07-24,Ipswich,R3 1200m Mdn,3,260296797,99690625,11,Bodysnatcher,4,0.0,13.13,0.0,3.07
2026-07-24,Ipswich,R3 1200m Mdn,3,260296797,99919506,6,Listen Jani,1,1.0,4.13,1.0,1.57
2026-07-24,Ipswich,R3 1200m Mdn,3,260296797,100920000,2,Prince Of Hardship,5,0.0,272.19,0.0,49.77
2026-07-24,Ipswich,R3 1200m Mdn,3,260296797,100920005,10,Kiavela,2,0.0,7.55,0.0,1.95
2026-07-24,Ipswich,R4 1100m 2yo,4,260296801,3720148,2,True Intent,1,0.0,10.5,1.0,2.34
2026-07-24,Ipswich,R4 1100m 2yo,4,260296801,94985393,4,Another Champers,4,0.0,3.43,1.0,1.5
2026-07-24,Ipswich,R4 1100m 2yo,4,260296801,95580078,5,Sun Sister,5,0.0,97.47,0.0,12.5
2026-07-24,Ipswich,R4 1100m 2yo,4,260296801,100396495,10,Too Darn Quick,3,1.0,2.99,1.0,1.28
2026-07-24,Ipswich,R4 1100m 2yo,4,260296801,100920011,8,Sheza Boom,2,0.0,4.2,0.0,1.49
2026-07-24,Ipswich,R5 1350m CL1,5,260296805,90568177,7,Heroic Delaneys,2,0.0,30.0,0.0,2.7
2026-07-24,Ipswich,R5 1350m CL1,5,260296805,98417838,1,Our Huntress,1,1.0,1.43,1.0,1.11
2026-07-24,Ipswich,R5 1350m CL1,5,260296805,100920018,2,El Centro,5,0.0,5.28,1.0,1.32
2026-07-24,Ipswich,R5 1350m CL1,5,260296805,100920019,3,Social Pariah,4,0.0,140.0,0.0,7.5
2026-07-24,Ipswich,R5 1350m CL1,5,260296805,100920020,4,Woot Woot,3,0.0,36.0,0.0,3.1
2026-07-24,Ipswich,R6 1350m CL1,6,260296809,1471446,9,Transgress,3,0.0,11.56,0.0,3.5
2026-07-24,Ipswich,R6 1350m CL1,6,260296809,68323022,3,Adranos,1,0.0,3.9,1.0,1.85
2026-07-24,Ipswich,R6 1350m CL1,6,260296809,77302139,4,Loch Awe,4,0.0,22.0,0.0,4.63
2026-07-24,Ipswich,R6 1350m CL1,6,260296809,89669670,7,October Manifesto,2,0.0,4.1,0.0,1.79
2026-07-24,Ipswich,R6 1350m CL1,6,260296809,93239581,6,Homeric,5,0.0,11.55,1.0,3.45
2026-07-24,Ipswich,R7 1710m Hcap,7,260296813,2365976,2,Switchblade,5,0.0,6.54,1.0,2.45
2026-07-24,Ipswich,R7 1710m Hcap,7,260296813,48872019,8,Classique Gal,4,1.0,6.13,1.0,2.06
2026-07-24,Ipswich,R7 1710m Hcap,7,260296813,78001460,7,Aima Sun,3,0.0,9.65,0.0,2.98
2026-07-24,Ipswich,R7 1710m Hcap,7,260296813,98482335,12,Zousain Girl,2,0.0,5.13,0.0,2.34
2026-07-24,Ipswich,R7 1710m Hcap,7,260296813,99398683,4,Weekend Spirit,1,0.0,7.59,0.0,2.24
2026-07-24,Ipswich,R8 1100m Hcap,8,260296817,71941115,7,Lady Zaydi,5,0.0,7.08,0.0,2.42
2026-07-24,Ipswich,R8 1100m Hcap,8,260296817,73220333,13,Yes Im Ugly,4,0.0,12.9,0.0,3.56
2026-07-24,Ipswich,R8 1100m Hcap,8,260296817,74571727,1,Calmer Karma,3,0.0,9.4,0.0,3.1
2026-07-24,Ipswich,R8 1100m Hcap,8,260296817,90008738,2,Eagles Fire,2,0.0,5.86,1.0,2.09
2026-07-24,Ipswich,R8 1100m Hcap,8,260296817,92784379,5,Starsarise,1,0.0,4.1,0.0,1.7
2026-07-24,Naracoorte,R1 1100m Mdn,1,260297407,84471731,1,Calm The Press,3,0.0,11.93,1.0,3.49
2026-07-24,Naracoorte,R1 1100m Mdn,1,260297407,100920032,4,Lots Of Torque,1,1.0,4.7,1.0,1.72
2026-07-24,Naracoorte,R1 1100m Mdn,1,260297407,100920034,8,Alsace Gem,2,0.0,11.09,0.0,3.55
2026-07-24,Naracoorte,R1 1100m Mdn,1,260297407,100920035,9,Ballroom Blast,4,0.0,18.26,0.0,5.7
2026-07-24,Naracoorte,R1 1100m Mdn,1,260297407,100920037,11,Youremywonderwall,5,0.0,3.25,0.0,1.47
2026-07-24,Naracoorte,R2 1430m Mdn,2,260297413,60265092,1,Cold Train,3,0.0,34.8,0.0,4.6
2026-07-24,Naracoorte,R2 1430m Mdn,2,260297413,100860664,6,Latibulate,4,0.0,8.25,0.0,2.37
2026-07-24,Naracoorte,R2 1430m Mdn,2,260297413,100920042,7,Shamastar,2,1.0,8.6,1.0,2.58
2026-07-24,Naracoorte,R2 1430m Mdn,2,260297413,100920043,8,Unoyaself,5,0.0,10.5,1.0,2.62
2026-07-24,Naracoorte,R2 1430m Mdn,2,260297413,100920045,10,His Lady Bay,1,0.0,2.08,0.0,1.22
2026-07-24,Naracoorte,R3 1100m Hcap,3,260297419,51052899,3,Lord Porchester,4,1.0,9.37,1.0,3.37
2026-07-24,Naracoorte,R3 1100m Hcap,3,260297419,65052269,4,Nankeen,2,0.0,6.65,0.0,2.12
2026-07-24,Naracoorte,R3 1100m Hcap,3,260297419,66294660,1,Alcoshare,3,0.0,12.52,0.0,4.06
2026-07-24,Naracoorte,R3 1100m Hcap,3,260297419,77688203,9,Star Fortian,5,0.0,9.03,0.0,3.15
2026-07-24,Naracoorte,R3 1100m Hcap,3,260297419,80718603,2,Belmasai,1,0.0,21.0,1.0,6.0
2026-07-24,Naracoorte,R4 1430m Hcap,4,260297425,1056668,10,Hidden Bounty,4,1.0,5.02,1.0,2.05
2026-07-24,Naracoorte,R4 1430m Hcap,4,260297425,11170093,4,Aquaholic,2,0.0,5.23,1.0,2.1
2026-07-24,Naracoorte,R4 1430m Hcap,4,260297425,28597942,5,Loose Lip Lloyd,5,0.0,23.84,0.0,6.49
2026-07-24,Naracoorte,R4 1430m Hcap,4,260297425,53858031,1,Bit Of A Rebel,3,0.0,11.0,1.0,3.2
2026-07-24,Naracoorte,,4,260297425,100920049,8,Impact Storm,1,,,,
2026-07-24,Naracoorte,R5 2000m Hcap,5,260297431,31388272,13,I Could Do Better,2,0.0,10.16,0.0,3.17
2026-07-24,Naracoorte,R5 2000m Hcap,5,260297431,62135319,5,Badonkidonk,1,0.0,7.2,0.0,2.76
2026-07-24,Naracoorte,R5 2000m Hcap,5,260297431,91115354,7,Irlandais,4,0.0,9.24,1.0,2.92
2026-07-24,Naracoorte,R5 2000m Hcap,5,260297431,91807048,9,Hasta La Amnesty,5,1.0,17.0,1.0,5.2
2026-07-24,Naracoorte,R5 2000m Hcap,5,260297431,100920050,3,Hotinherre,3,0.0,7.59,0.0,3.29
2026-07-24,Naracoorte,R6 1200m Hcap,6,260297438,44913286,5,The Guava,1,0.0,19.0,0.0,4.6
2026-07-24,Naracoorte,R6 1200m Hcap,6,260297438,56905202,1,Captain Joolian,3,0.0,36.43,0.0,8.0
2026-07-24,Naracoorte,R6 1200m Hcap,6,260297438,64206045,3,Tannenburg,4,0.0,17.88,1.0,4.76
2026-07-24,Naracoorte,R6 1200m Hcap,6,260297438,65823314,6,Gusty Way,5,1.0,3.95,1.0,1.7
2026-07-24,Naracoorte,R6 1200m Hcap,6,260297438,94688063,4,Testing One Two,2,0.0,12.18,0.0,4.2
2026-07-24,Naracoorte,R7 1430m Hcap,7,260297444,46108452,1,Dougal Mckeen,1,0.0,26.0,0.0,6.0
2026-07-24,Naracoorte,R7 1430m Hcap,7,260297444,65558401,6,Discobay,5,0.0,16.0,1.0,4.12
2026-07-24,Naracoorte,R7 1430m Hcap,7,260297444,68890281,4,Astrodean,2,1.0,4.67,1.0,2.03
2026-07-24,Naracoorte,R7 1430m Hcap,7,260297444,68959154,3,Marbastion,3,0.0,17.0,0.0,4.75
2026-07-24,Naracoorte,R7 1430m Hcap,7,260297444,87767653,2,Toes In First,4,0.0,5.05,0.0,2.34
2026-07-24,Naracoorte,R8 1430m Hcap,8,260297450,2980780,1,Gargantuan,3,0.0,10.74,0.0,3.17
2026-07-24,Naracoorte,R8 1430m Hcap,8,260297450,45141911,2,Flyway,1,0.0,3.83,0.0,1.75
2026-07-24,Naracoorte,R8 1430m Hcap,8,260297450,46447849,4,Exonumia,4,0.0,6.6,1.0,2.3
2026-07-24,Naracoorte,R8 1430m Hcap,8,260297450,70078497,3,Punchin,5,0.0,26.18,0.0,6.4
2026-07-24,Naracoorte,R8 1430m Hcap,8,260297450,100920052,6,Rivazza,2,0.0,8.68,0.0,2.73
2026-07-25,Belmont,R1 1000m 2yo,1,260299944,641289,2,Burning Bridges,5,0.0,19.68,0.0,5.16
2026-07-25,Belmont,R1 1000m 2yo,1,260299944,4372652,4,Rifleman,4,1.0,5.43,1.0,1.94
2026-07-25,Belmont,R1 1000m 2yo,1,260299944,100921516,1,Farnova,2,0.0,12.0,0.0,3.0
2026-07-25,Belmont,R1 1000m 2yo,1,260299944,100921518,5,Superrific,1,0.0,7.85,0.0,2.62
2026-07-25,Belmont,R1 1000m 2yo,1,260299944,100921519,8,Quedjinup,3,0.0,3.37,1.0,1.64
2026-07-25,Belmont,R2 1600m Hcap,2,260299953,42155280,1,Ginger Green,1,0.0,9.4,1.0,2.71
2026-07-25,Belmont,R2 1600m Hcap,2,260299953,62634777,4,Here For Cheques,3,0.0,5.24,0.0,2.25
2026-07-25,Belmont,R2 1600m Hcap,2,260299953,68639041,8,Right To Silence,4,0.0,12.0,0.0,3.15
2026-07-25,Belmont,R2 1600m Hcap,2,260299953,91693213,3,Strapping Prophet,2,1.0,6.0,1.0,2.1
2026-07-25,Belmont,R2 1600m Hcap,2,260299953,100921525,9,Rocking In Vegas,5,0.0,6.62,0.0,2.36
2026-07-25,Belmont,R3 1000m Hcap,3,260299962,76949356,6,Kay Tee Why,1,0.0,8.0,0.0,2.11
2026-07-25,Belmont,R3 1000m Hcap,3,260299962,80363825,5,Sinful Living,3,0.0,21.23,1.0,3.37
2026-07-25,Belmont,R3 1000m Hcap,3,260299962,98215128,7,Baby Pearl,5,0.0,10.22,1.0,2.3
2026-07-25,Belmont,R3 1000m Hcap,3,260299962,100921526,8,Pin Deep,4,1.0,4.5,1.0,1.65
2026-07-25,Belmont,R3 1000m Hcap,3,260299962,100921527,9,Long Service Leaf,2,0.0,2.11,0.0,1.17
2026-07-25,Belmont,R4 1400m 3yo,4,260299971,73644815,2,Moonwalk,4,0.0,14.5,0.0,3.05
2026-07-25,Belmont,R4 1400m 3yo,4,260299971,91808581,1,Mardusa,2,0.0,27.0,0.0,5.49
2026-07-25,Belmont,R4 1400m 3yo,4,260299971,92967288,3,Partay,5,0.0,8.66,0.0,2.24
2026-07-25,Belmont,R4 1400m 3yo,4,260299971,100921529,5,Western Miss,1,0.0,2.09,1.0,1.24
2026-07-25,Belmont,R4 1400m 3yo,4,260299971,100921530,7,Heaven Specified,3,0.0,10.39,0.0,2.59
2026-07-25,Belmont,R5 1400m Hcap,5,260299980,53149417,5,Supersession,4,0.0,52.31,0.0,9.6
2026-07-25,Belmont,R5 1400m Hcap,5,260299980,74815245,8,Be Bardot,5,0.0,100.0,0.0,17.0
2026-07-25,Belmont,R5 1400m Hcap,5,260299980,100921532,9,Mt Shirataku,3,0.0,7.4,1.0,2.72
2026-07-25,Belmont,R5 1400m Hcap,5,260299980,100921533,12,Magical Sequence,1,0.0,8.14,0.0,2.84
2026-07-25,Belmont,R5 1400m Hcap,5,260299980,100921536,15,Zourun Run,2,1.0,4.97,1.0,2.08
2026-07-25,Belmont,R6 2100m Hcap,6,260299989,68325562,4,Major Mario,4,0.0,41.63,0.0,7.2
2026-07-25,Belmont,R6 2100m Hcap,6,260299989,69904679,5,Chollima,2,0.0,39.79,1.0,6.84
2026-07-25,Belmont,R6 2100m Hcap,6,260299989,91117427,11,Esta Mirando,5,0.0,4.69,0.0,1.91
2026-07-25,Belmont,R6 2100m Hcap,6,260299989,100695153,15,With Discretion,1,1.0,3.0,1.0,1.54
2026-07-25,Belmont,R6 2100m Hcap,6,260299989,100921537,13,Pony Up,3,0.0,10.51,0.0,3.05
2026-07-25,Belmont,R7 1200m Listed,7,260299998,56053767,1,Spacewalk,2,0.0,100.0,0.0,15.0
2026-07-25,Belmont,R7 1200m Listed,7,260299998,68891156,3,Twains Angel,5,0.0,29.81,0.0,6.2
2026-07-25,Belmont,R7 1200m Listed,7,260299998,78535961,10,Luana Miss,4,0.0,12.5,0.0,2.99
2026-07-25,Belmont,R7 1200m Listed,7,260299998,80856821,9,Jaz Session,3,0.0,22.0,0.0,4.5
2026-07-25,Belmont,R7 1200m Listed,7,260299998,93168733,11,Madhi Girl,1,0.0,9.72,0.0,2.66
2026-07-25,Belmont,R8 1400m Hcap,8,260300007,12329010,3,Lanfranco,5,0.0,11.0,0.0,2.98
2026-07-25,Belmont,R8 1400m Hcap,8,260300007,82604607,2,Deltason,2,0.0,8.05,1.0,2.58
2026-07-25,Belmont,R8 1400m Hcap,8,260300007,91355376,6,Rock The Market,3,0.0,4.0,0.0,1.69
2026-07-25,Belmont,R8 1400m Hcap,8,260300007,92967299,9,Reminiscence,4,0.0,12.5,0.0,3.67
2026-07-25,Belmont,R8 1400m Hcap,8,260300007,100921539,1,Pantile Warrior,1,0.0,4.19,0.0,2.12
2026-07-25,Bundaberg,R2 1090m CL3,2,260319724,73917664,6,Kettlebell,2,0.0,7.2,0.0,2.62
2026-07-25,Bundaberg,R2 1090m CL3,2,260319724,79562481,7,Skellig Rock,4,0.0,15.67,0.0,5.23
2026-07-25,Bundaberg,R2 1090m CL3,2,260319724,90287093,5,Rocky Blonde,5,0.0,9.89,1.0,3.4
2026-07-25,Bundaberg,R2 1090m CL3,2,260319724,99242407,1,Capiana,3,0.0,6.8,0.0,3.07
2026-07-25,Bundaberg,R2 1090m CL3,2,260319724,99770832,3,Triple Spirit,1,1.0,1.8,1.0,1.24
2026-07-25,Bundaberg,R3 1212m Hcap,3,260319728,36105234,3,Mamaragan,4,0.0,3.37,0.0,
2026-07-25,Bundaberg,R3 1212m Hcap,3,260319728,65460141,2,Desiah,2,0.0,4.05,0.0,
2026-07-25,Bundaberg,R3 1212m Hcap,3,260319728,65460141,2,Desiah,3,0.0,4.05,0.0,
2026-07-25,Bundaberg,R3 1212m Hcap,3,260319728,77729184,6,Paper Cowboy,5,1.0,11.0,0.0,
2026-07-25,Bundaberg,R3 1212m Hcap,3,260319728,100957496,5,Darling Clementine,1,0.0,2.98,0.0,
2026-07-25,Bundaberg,R4 1212m Hcap,4,260319732,46259850,9,Paballo,1,1.0,4.7,1.0,2.64
2026-07-25,Bundaberg,R4 1212m Hcap,4,260319732,46259850,9,Paballo,4,1.0,4.7,1.0,2.64
2026-07-25,Bundaberg,R4 1212m Hcap,4,260319732,63026449,5,Duke Of Lancaster,2,0.0,5.45,0.0,3.4
2026-07-25,Bundaberg,R4 1212m Hcap,4,260319732,86389400,6,Blame The Bubbles,3,0.0,6.6,0.0,3.5
2026-07-25,Bundaberg,R4 1212m Hcap,4,260319732,89059536,2,Von Bee,5,0.0,14.0,0.0,6.6
2026-07-25,Bundaberg,R5 1380m Cup,5,260319736,39000327,7,Heat,2,0.0,8.0,1.0,2.65
2026-07-25,Bundaberg,R5 1380m Cup,5,260319736,53184055,6,Frosty Bear,5,0.0,7.79,0.0,2.7
2026-07-25,Bundaberg,R5 1380m Cup,5,260319736,59917461,2,Villaden,1,1.0,4.88,1.0,2.02
2026-07-25,Bundaberg,R5 1380m Cup,5,260319736,68599516,12,Boom Boom Bella,4,0.0,15.52,0.0,4.0
2026-07-25,Bundaberg,R5 1380m Cup,5,260319736,86389404,10,Moissanite,3,0.0,4.38,0.0,1.78
2026-07-25,Bundaberg,R6 1380m Hcap,6,260319740,3561520,3,Nitrogen,2,0.0,11.25,1.0,3.15
2026-07-25,Bundaberg,R6 1380m Hcap,6,260319740,59354735,2,Galactic Legend,1,1.0,8.62,1.0,2.32
2026-07-25,Bundaberg,R6 1380m Hcap,6,260319740,65978101,5,Harley Charlie,5,0.0,3.71,0.0,1.57
2026-07-25,Bundaberg,R6 1380m Hcap,6,260319740,76430588,4,Mekanic,4,0.0,4.12,1.0,1.81
2026-07-25,Bundaberg,R6 1380m Hcap,6,260319740,100019492,6,Energia,3,0.0,48.0,0.0,8.6
2026-07-25,Caulfield,R4 1100m Hcap,4,260297725,83903990,2,Prince Tycoon,4,1.0,5.32,1.0,2.31
2026-07-25,Caulfield,R4 1100m Hcap,4,260297725,86555029,5,Express Class,3,0.0,8.0,0.0,3.21
2026-07-25,Caulfield,R4 1100m Hcap,4,260297725,94135898,4,Afterberna,2,0.0,8.8,1.0,2.78
2026-07-25,Caulfield,R4 1100m Hcap,4,260297725,100920475,3,Signature Scent,1,0.0,4.8,0.0,1.85
2026-07-25,Caulfield,R4 1100m Hcap,4,260297725,100920477,7,Jenni The Ninja,5,0.0,22.85,0.0,6.17
2026-07-25,Caulfield,R5 1600m Hcap,5,260297734,940041,1,Jimmy The Bear,2,0.0,10.5,0.0,2.88
2026-07-25,Caulfield,R5 1600m Hcap,5,260297734,43351127,2,Detonator Jack,1,0.0,15.7,0.0,3.73
2026-07-25,Caulfield,R5 1600m Hcap,5,260297734,64720986,5,Seafall,3,0.0,10.26,1.0,3.1
2026-07-25,Caulfield,R5 1600m Hcap,5,260297734,67039938,4,Unlimited,5,0.0,32.54,0.0,5.7
2026-07-25,Caulfield,R5 1600m Hcap,5,260297734,84982329,9,First Chorus,4,1.0,2.34,1.0,1.31
2026-07-25,Caulfield,R6 2400m Hcap,6,260297743,1554878,5,Our Chief,2,1.0,11.0,1.0,2.71
2026-07-25,Caulfield,R6 2400m Hcap,6,260297743,76572721,2,Dirnaseer,4,0.0,12.0,0.0,3.29
2026-07-25,Caulfield,R6 2400m Hcap,6,260297743,95514261,1,Decalogue,1,0.0,4.5,0.0,1.77
2026-07-25,Caulfield,R6 2400m Hcap,6,260297743,100920481,3,Brillantezza,5,0.0,5.91,0.0,2.17
2026-07-25,Caulfield,R6 2400m Hcap,6,260297743,100920483,7,Kings Reflection,3,0.0,3.74,0.0,1.71
2026-07-25,Caulfield,R7 1200m Grp3,7,260297752,47016591,2,Recommendation,1,0.0,7.84,1.0,2.44
2026-07-25,Caulfield,R7 1200m Grp3,7,260297752,82344622,6,Watchme Win,3,0.0,9.6,0.0,2.61
2026-07-25,Caulfield,R7 1200m Grp3,7,260297752,100920485,1,Cosmic Crusader,5,1.0,4.1,1.0,1.77
2026-07-25,Caulfield,R7 1200m Grp3,7,260297752,100920486,7,Winnasedge,2,0.0,4.42,1.0,1.74
2026-07-25,Caulfield,R7 1200m Grp3,7,260297752,100920487,8,Miraval Rose,4,0.0,7.49,0.0,2.6
2026-07-25,Caulfield,R8 2000m Hcap,8,260297761,5332183,3,Prince Eric,4,0.0,10.83,0.0,3.36
2026-07-25,Caulfield,R8 2000m Hcap,8,260297761,82078447,2,Makdane,1,0.0,4.5,0.0,1.85
2026-07-25,Caulfield,R8 2000m Hcap,8,260297761,89670030,11,Amleto,3,1.0,5.17,1.0,2.26
2026-07-25,Caulfield,R8 2000m Hcap,8,260297761,98214186,12,Belle Savoir,2,0.0,18.37,0.0,4.72
2026-07-25,Caulfield,R8 2000m Hcap,8,260297761,99983807,10,Beach Pad,5,0.0,15.0,1.0,3.68
2026-07-25,Caulfield,R9 1400m Hcap,9,260297770,9206308,8,Lauberhorn,4,1.0,58.46,1.0,8.75
2026-07-25,Caulfield,R9 1400m Hcap,9,260297770,94645355,6,Mahershala,3,0.0,5.9,1.0,2.16
2026-07-25,Caulfield,R9 1400m Hcap,9,260297770,95301343,4,Jenni Gone Bonkers,5,0.0,16.35,0.0,3.32
2026-07-25,Caulfield,R9 1400m Hcap,9,260297770,100920489,2,Cruiserweight,1,0.0,1.83,0.0,1.2
2026-07-25,Caulfield,R9 1400m Hcap,9,260297770,100920490,5,Celtics,2,0.0,11.4,1.0,2.26
2026-07-25,Coonabarabran,R2 1600m CL1,2,260327948,2356440,4,Inarticulate,4,1.0,6.95,1.0,2.06
2026-07-25,Coonabarabran,R2 1600m CL1,2,260327948,5890458,9,Kasumi,5,0.0,26.0,0.0,6.4
2026-07-25,Coonabarabran,R2 1600m CL1,2,260327948,65823522,3,Himeros,2,0.0,9.0,1.0,2.4
2026-07-25,Coonabarabran,R2 1600m CL1,2,260327948,73482653,7,Jupiter Hills,1,0.0,2.7,1.0,1.34
2026-07-25,Coonabarabran,R2 1600m CL1,2,260327948,82116559,6,Flee With Me,3,0.0,5.7,0.0,1.65
2026-07-25,Coonabarabran,R3 900m CL3,3,260327951,62432851,3,Here Comes Hogan,4,0.0,4.62,0.0,1.61
2026-07-25,Coonabarabran,R3 900m CL3,3,260327951,73404201,5,Kenker,3,1.0,8.4,1.0,3.2
2026-07-25,Coonabarabran,R3 900m CL3,3,260327951,73404630,6,Johnny Boz,2,0.0,15.11,0.0,2.83
2026-07-25,Coonabarabran,R3 900m CL3,3,260327951,82115816,2,Archaic Force,1,0.0,7.23,0.0,2.44
2026-07-25,Coonabarabran,R3 900m CL3,3,260327951,85064070,4,Midnight Rabble,5,0.0,5.5,1.0,1.71
2026-07-25,Coonabarabran,R4 1600m Hcap,4,260327954,646181,3,Lagoon,4,0.0,13.0,0.0,2.9
2026-07-25,Coonabarabran,R4 1600m Hcap,4,260327954,1494712,8,Aoife,5,0.0,16.25,1.0,3.3
2026-07-25,Coonabarabran,R4 1600m Hcap,4,260327954,50167777,2,Jade Division,1,0.0,7.06,0.0,2.29
2026-07-25,Coonabarabran,R4 1600m Hcap,4,260327954,90009269,4,Bold Tyrant,3,0.0,3.66,0.0,1.62
2026-07-25,Coonabarabran,R4 1600m Hcap,4,260327954,100720790,1,My Angel Shell,2,0.0,6.2,1.0,2.36
2026-07-25,Coonabarabran,R5 1200m Mdn,5,260327957,1118326,4,Prince Of Steel,3,0.0,5.6,0.0,3.15
2026-07-25,Coonabarabran,R5 1200m Mdn,5,260327957,2524242,12,Poised,1,0.0,3.35,1.0,1.68
2026-07-25,Coonabarabran,R5 1200m Mdn,5,260327957,5304403,3,Life Statement,5,0.0,144.85,0.0,18.31
2026-07-25,Coonabarabran,R5 1200m Mdn,5,260327957,80130809,13,Stormy Malice,2,0.0,12.5,1.0,3.3
2026-07-25,Coonabarabran,R5 1200m Mdn,5,260327957,100487319,2,Justos Rocket,4,1.0,5.98,1.0,2.02
2026-07-25,Coonabarabran,R6 1200m Hcap,6,260327960,44160656,4,Sidenay,1,0.0,18.98,1.0,5.5
2026-07-25,Coonabarabran,R6 1200m Hcap,6,260327960,56872506,11,The Git Up,4,0.0,16.15,0.0,3.85
2026-07-25,Coonabarabran,R6 1200m Hcap,6,260327960,70205144,3,Pattera,3,0.0,4.33,0.0,1.73
2026-07-25,Coonabarabran,R6 1200m Hcap,6,260327960,93240003,14,Bobotov,2,0.0,36.0,0.0,7.8
2026-07-25,Coonabarabran,R6 1200m Hcap,6,260327960,100957459,12,Bravalatante,5,0.0,36.0,0.0,6.0
2026-07-25,Darwin,R1 1200m Hcap,1,260321421,79524116,8,Press Express,1,0.0,6.6,0.0,2.45
2026-07-25,Darwin,R1 1200m Hcap,1,260321421,81562196,3,Miami Baby,3,0.0,2.7,0.0,1.31
2026-07-25,Darwin,R1 1200m Hcap,1,260321421,81562902,12,Tipsy Toronado,5,0.0,47.57,0.0,9.04
2026-07-25,Darwin,R1 1200m Hcap,1,260321421,85542451,9,Miss Boom,4,0.0,26.0,0.0,5.76
2026-07-25,Darwin,R1 1200m Hcap,1,260321421,86654475,1,I Loverain,2,0.0,4.69,1.0,1.62
2026-07-25,Darwin,R2 1200m Hcap,2,260321424,4843871,1,Hammurabi,2,0.0,7.6,0.0,3.1
2026-07-25,Darwin,R2 1200m Hcap,2,260321424,5632128,5,Si Senora,5,0.0,4.89,0.0,2.28
2026-07-25,Darwin,R2 1200m Hcap,2,260321424,85896759,6,Texture,4,1.0,9.29,1.0,3.65
2026-07-25,Darwin,R2 1200m Hcap,2,260321424,97984636,2,Voronya,3,0.0,17.49,0.0,6.2
2026-07-25,Darwin,R2 1200m Hcap,2,260321424,99459423,3,Yule Point,1,0.0,2.1,1.0,1.45
2026-07-25,Darwin,R3 1100m Mdn,3,260321427,92997071,5,Pafitis,1,1.0,2.56,1.0,1.41
2026-07-25,Darwin,R3 1100m Mdn,3,260321427,95344077,4,Opulent Oscar,3,0.0,15.36,0.0,4.2
2026-07-25,Darwin,R3 1100m Mdn,3,260321427,95919956,1,Macaverty,2,0.0,8.6,0.0,2.93
2026-07-25,Darwin,R3 1100m Mdn,3,260321427,100454507,13,Brave Heritage,5,0.0,85.97,0.0,16.5
2026-07-25,Darwin,R3 1100m Mdn,3,260321427,100920378,10,Flash Kermy,4,0.0,8.09,1.0,3.44
2026-07-25,Darwin,R4 1100m Hcap,4,260321430,48516530,1,Field Of Flutes,5,0.0,10.75,0.0,2.4
2026-07-25,Darwin,R4 1100m Hcap,4,260321430,61826401,2,Zourata,3,1.0,4.1,1.0,1.68
2026-07-25,Darwin,R4 1100m Hcap,4,260321430,74537599,4,Shirshov,1,0.0,4.25,0.0,1.81
2026-07-25,Darwin,R4 1100m Hcap,4,260321430,100920379,7,Lims Ida,2,0.0,18.52,0.0,3.95
2026-07-25,Darwin,R4 1100m Hcap,4,260321430,100920380,8,Anson Bay,4,0.0,3.55,1.0,1.33
2026-07-25,Darwin,,5,260321433,45367501,3,Kissing Supido,2,,,,
2026-07-25,Darwin,,5,260321433,47078128,2,Throw At Da Stumps,1,,,,
2026-07-25,Darwin,,5,260321433,52237029,1,Jumping Power Two,3,,,,
2026-07-25,Darwin,,5,260321433,65487353,4,Luna Field,4,,,,
2026-07-25,Darwin,R6 1600m Hcap,6,260321436,2914016,3,Fury,3,1.0,1.9,1.0,1.31
2026-07-25,Darwin,R6 1600m Hcap,6,260321436,4490022,5,Capitol Hill,5,0.0,7.0,1.0,2.68
2026-07-25,Darwin,R6 1600m Hcap,6,260321436,7776514,2,Wine Barron,4,0.0,15.5,0.0,6.0
2026-07-25,Darwin,R6 1600m Hcap,6,260321436,46889232,1,Hettinger,1,0.0,6.8,0.0,2.92
2026-07-25,Darwin,R6 1600m Hcap,6,260321436,73720452,4,Rock Revolution,2,0.0,7.75,0.0,3.65
2026-07-25,Darwin,R7 1600m Hcap,7,260321439,3559128,2,Komachi,4,0.0,12.5,0.0,3.8
2026-07-25,Darwin,R7 1600m Hcap,7,260321439,46472400,5,Venting,5,1.0,23.88,1.0,5.88
2026-07-25,Darwin,R7 1600m Hcap,7,260321439,54671165,10,The Girls Boy,3,0.0,7.27,0.0,2.78
2026-07-25,Darwin,R7 1600m Hcap,7,260321439,59620354,7,Zondee,1,0.0,24.89,0.0,6.4
2026-07-25,Darwin,R7 1600m Hcap,7,260321439,63363957,8,Rematch,2,0.0,5.58,1.0,2.16
2026-07-25,Eagle Farm,R5 2200m Hcap,5,260296941,19189434,5,Lennox,5,0.0,4.7,0.0,1.82
2026-07-25,Eagle Farm,R5 2200m Hcap,5,260296941,26433026,4,Chillaxing,4,0.0,6.66,1.0,2.64
2026-07-25,Eagle Farm,R5 2200m Hcap,5,260296941,50354293,3,Tapildoodledo,3,1.0,34.39,1.0,7.73
2026-07-25,Eagle Farm,R5 2200m Hcap,5,260296941,73642660,7,Captain Maverick,1,0.0,7.0,1.0,2.44
2026-07-25,Eagle Farm,R5 2200m Hcap,5,260296941,86057196,10,Fioprospero,2,0.0,6.55,0.0,2.08
2026-07-25,Eagle Farm,R6 1600m Hcap,6,260296950,82895211,1,Call Da Vinci,1,0.0,5.0,0.0,1.8
2026-07-25,Eagle Farm,R6 1600m Hcap,6,260296950,82895211,1,Call Da Vinci,2,0.0,5.0,0.0,1.8
2026-07-25,Eagle Farm,R6 1600m Hcap,6,260296950,84431238,6,Automne Tree,3,0.0,2.79,1.0,1.43
2026-07-25,Eagle Farm,R6 1600m Hcap,6,260296950,84431238,6,Automne Tree,4,0.0,2.79,1.0,1.43
2026-07-25,Eagle Farm,R6 1600m Hcap,6,260296950,90525463,5,Larrikin Rogue,5,0.0,11.5,0.0,2.93
2026-07-25,Eagle Farm,R7 1400m Hcap,7,260296959,9189364,2,Montpellier,1,0.0,3.43,0.0,1.5
2026-07-25,Eagle Farm,R7 1400m Hcap,7,260296959,83903593,10,Smexy,2,0.0,17.5,0.0,3.5
2026-07-25,Eagle Farm,R7 1400m Hcap,7,260296959,90252015,4,Moonan Quartz,5,0.0,4.1,0.0,1.6
2026-07-25,Eagle Farm,R7 1400m Hcap,7,260296959,100454538,15,Ave Cantare,4,0.0,90.0,0.0,10.96
2026-07-25,Eagle Farm,R7 1400m Hcap,7,260296959,100920347,14,Lockyer,3,0.0,4.28,1.0,1.64
2026-07-25,Eagle Farm,R8 1400m Hcap,8,260296968,42879375,7,Castillian,5,0.0,26.39,0.0,5.83
2026-07-25,Eagle Farm,R8 1400m Hcap,8,260296968,60816218,1,Anemacore,3,0.0,12.0,1.0,2.8
2026-07-25,Eagle Farm,R8 1400m Hcap,8,260296968,74572116,3,Restonica,1,0.0,3.42,0.0,1.55
2026-07-25,Eagle Farm,R8 1400m Hcap,8,260296968,86620680,12,Caspernova,2,0.0,14.25,0.0,3.3
2026-07-25,Eagle Farm,R8 1400m Hcap,8,260296968,86620680,12,Caspernova,4,0.0,14.25,0.0,3.3
2026-07-25,Eagle Farm,R9 1200m Hcap,9,260296977,44562338,8,Pocket Full,5,0.0,13.36,0.0,3.2
2026-07-25,Eagle Farm,R9 1200m Hcap,9,260296977,63123416,5,Bossed Up,1,0.0,4.3,0.0,1.61
2026-07-25,Eagle Farm,R9 1200m Hcap,9,260296977,76960705,3,Give Giggles,4,0.0,23.0,0.0,4.3
2026-07-25,Eagle Farm,R9 1200m Hcap,9,260296977,93207260,1,Hell,3,0.0,5.0,1.0,2.16
2026-07-25,Eagle Farm,R9 1200m Hcap,9,260296977,97211413,16,Without Parallel,2,1.0,2.95,1.0,1.53
2026-07-25,Gold Coast,R4 1800m CL5,4,260322167,55415226,7,Notes,4,0.0,12.36,1.0,2.26
2026-07-25,Gold Coast,R4 1800m CL5,4,260322167,55415226,7,Notes,5,0.0,12.36,1.0,2.26
2026-07-25,Gold Coast,R4 1800m CL5,4,260322167,86432295,3,Moonshine Run,3,1.0,4.2,1.0,1.45
2026-07-25,Gold Coast,R4 1800m CL5,4,260322167,92460096,1,Leg Drive,2,0.0,2.13,1.0,1.24
2026-07-25,Gold Coast,R4 1800m CL5,4,260322167,100957722,4,Old Song,1,0.0,10.77,0.0,2.14
2026-07-25,Gold Coast,R5 1000m CL2,5,260322171,62840254,1,Gram,2,1.0,4.0,1.0,1.62
2026-07-25,Gold Coast,R5 1000m CL2,5,260322171,76707769,6,Ceekays Choice,5,0.0,42.04,0.0,6.38
2026-07-25,Gold Coast,R5 1000m CL2,5,260322171,87805223,2,Jimmyinthejungle,1,0.0,7.85,0.0,2.44
2026-07-25,Gold Coast,R5 1000m CL2,5,260322171,99770621,3,Miss Force,4,0.0,5.79,0.0,2.26
2026-07-25,Gold Coast,R5 1000m CL2,5,260322171,100957723,4,Yoweri,3,0.0,9.4,1.0,3.0
2026-07-25,Gold Coast,R6 1200m Hcap,6,260322175,91485542,7,Warrior Bae,5,0.0,8.64,1.0,2.46
2026-07-25,Gold Coast,R6 1200m Hcap,6,260322175,91807722,2,Halfachance,2,0.0,12.99,0.0,3.65
2026-07-25,Gold Coast,R6 1200m Hcap,6,260322175,100957727,6,Seismic Boom,1,0.0,5.4,0.0,1.97
2026-07-25,Gold Coast,R6 1200m Hcap,6,260322175,100957728,10,Swift Duke,3,0.0,4.62,1.0,1.81
2026-07-25,Gold Coast,R6 1200m Hcap,6,260322175,100957729,11,Mishani Moet,4,1.0,6.68,1.0,2.56
2026-07-25,Gold Coast,R7 1400m CL4,7,260322179,23199886,5,Tribbiani,5,0.0,18.0,0.0,3.95
2026-07-25,Gold Coast,R7 1400m CL4,7,260322179,72583649,8,Luconi,3,0.0,23.0,1.0,4.87
2026-07-25,Gold Coast,R7 1400m CL4,7,260322179,74039576,2,Rock Hard Love,2,0.0,7.95,0.0,2.28
2026-07-25,Gold Coast,R7 1400m CL4,7,260322179,89060730,6,Wrigley Field,1,0.0,9.6,0.0,2.32
2026-07-25,Gold Coast,R7 1400m CL4,7,260322179,90047858,3,Prestige Gundy,4,0.0,8.38,0.0,2.28
2026-07-25,Gold Coast,R8 2244m Hcap,8,260322183,73991330,3,Golden Smile,2,0.0,3.54,0.0,1.64
2026-07-25,Gold Coast,R8 2244m Hcap,8,260322183,80892035,4,Kalkanli,4,0.0,10.85,1.0,2.35
2026-07-25,Gold Coast,R8 2244m Hcap,8,260322183,86976062,2,Southby,1,0.0,3.61,1.0,1.4
2026-07-25,Gold Coast,R8 2244m Hcap,8,260322183,93168104,8,Sarahs Sonnets,3,1.0,5.58,1.0,1.98
2026-07-25,Gold Coast,R8 2244m Hcap,8,260322183,100957733,9,Pending List,5,0.0,11.0,0.0,2.86
2026-07-25,Gold Coast,R9 1200m CL1,9,260322187,10760366,5,Buckeye,4,0.0,2.31,0.0,1.33
2026-07-25,Gold Coast,R9 1200m CL1,9,260322187,71651141,8,She Ours,1,0.0,11.22,0.0,2.2
2026-07-25,Gold Coast,R9 1200m CL1,9,260322187,96116281,10,Icymiss,5,0.0,9.76,0.0,2.11
2026-07-25,Gold Coast,R9 1200m CL1,9,260322187,100957735,6,Rough Cause,2,1.0,3.0,1.0,1.44
2026-07-25,Gold Coast,R9 1200m CL1,9,260322187,100957735,6,Rough Cause,3,1.0,3.0,1.0,1.44
2026-07-25,Kembla Grange,R4 1300m Mdn,4,260319966,2549050,10,Somerford,2,1.0,2.35,1.0,1.24
2026-07-25,Kembla Grange,R4 1300m Mdn,4,260319966,5161539,9,Pressure Point,5,0.0,14.5,0.0,4.1
2026-07-25,Kembla Grange,R4 1300m Mdn,4,260319966,90285905,4,Grand Carousel,3,0.0,4.81,1.0,1.8
2026-07-25,Kembla Grange,R4 1300m Mdn,4,260319966,100956998,6,Photoshop,1,0.0,9.59,1.0,2.12
2026-07-25,Kembla Grange,R4 1300m Mdn,4,260319966,100956999,8,Bow Lion,4,0.0,14.73,0.0,2.91
2026-07-25,Kembla Grange,R5 2400m Hcap,5,260319969,54403149,7,California Grass,3,0.0,5.5,0.0,2.04
2026-07-25,Kembla Grange,R5 2400m Hcap,5,260319969,70666692,1,Majorian,2,0.0,8.2,1.0,2.07
2026-07-25,Kembla Grange,R5 2400m Hcap,5,260319969,77688010,6,My Greek God,4,0.0,8.8,0.0,2.46
2026-07-25,Kembla Grange,R5 2400m Hcap,5,260319969,87415983,3,Sablonneuse,5,1.0,3.9,1.0,1.7
2026-07-25,Kembla Grange,R5 2400m Hcap,5,260319969,100957000,2,Laspirit Deeler,1,0.0,7.14,0.0,2.96
2026-07-25,Kembla Grange,R6 1300m CL1,6,260319972,805389,9,Ouragan,3,0.0,29.7,1.0,3.86
2026-07-25,Kembla Grange,R6 1300m CL1,6,260319972,79843762,6,Powerful Prayer,5,0.0,150.0,0.0,10.48
2026-07-25,Kembla Grange,R6 1300m CL1,6,260319972,95918965,2,Royal Corporal,2,0.0,44.0,0.0,5.3
2026-07-25,Kembla Grange,R6 1300m CL1,6,260319972,100519725,1,Hinzel,1,0.0,2.09,1.0,1.47
2026-07-25,Kembla Grange,R6 1300m CL1,6,260319972,100957003,7,Rockthevelio,4,1.0,6.8,1.0,1.83
2026-07-25,Kembla Grange,R7 1500m CL1,7,260319975,85472229,2,Flying Artisam,4,0.0,12.5,0.0,2.7
2026-07-25,Kembla Grange,R7 1500m CL1,7,260319975,91115295,1,Namaste,1,0.0,1.8,0.0,1.23
2026-07-25,Kembla Grange,R7 1500m CL1,7,260319975,91115295,1,Namaste,3,0.0,1.8,0.0,1.23
2026-07-25,Kembla Grange,R7 1500m CL1,7,260319975,92459883,8,Wootten It Be Nice,2,0.0,17.22,0.0,3.05
2026-07-25,Kembla Grange,R7 1500m CL1,7,260319975,100957005,4,Street Vanquisher,5,0.0,6.0,1.0,1.83
2026-07-25,Kembla Grange,R8 1000m Hcap,8,260319978,546599,8,Indefensible,2,1.0,11.0,1.0,2.52
2026-07-25,Kembla Grange,R8 1000m Hcap,8,260319978,46790682,12,Zoukerino,5,0.0,34.0,0.0,5.03
2026-07-25,Kembla Grange,R8 1000m Hcap,8,260319978,63859166,4,Tai Lung,1,0.0,13.0,0.0,3.25
2026-07-25,Kembla Grange,R8 1000m Hcap,8,260319978,80398987,3,Honey Perfume,3,0.0,5.85,0.0,1.85
2026-07-25,Kembla Grange,R8 1000m Hcap,8,260319978,80398987,3,Honey Perfume,4,0.0,5.85,0.0,1.85
2026-07-25,Mackay,R4 1100m Hcap,4,260324414,57338912,2,Hes The One,4,1.0,14.33,1.0,3.4
2026-07-25,Mackay,R4 1100m Hcap,4,260324414,71684889,8,Ravenite,5,0.0,18.09,0.0,3.67
2026-07-25,Mackay,R4 1100m Hcap,4,260324414,81563986,3,Billy Boom,3,0.0,4.7,0.0,1.7
2026-07-25,Mackay,R4 1100m Hcap,4,260324414,87677317,4,Melo Melo Kava,1,0.0,17.12,0.0,3.75
2026-07-25,Mackay,R4 1100m Hcap,4,260324414,94950410,6,Excelboom,2,0.0,22.0,0.0,4.7
2026-07-25,Mackay,R5 1560m Hcap,5,260324418,6101284,4,Lucky Lass,3,0.0,8.44,1.0,2.04
2026-07-25,Mackay,R5 1560m Hcap,5,260324418,58138204,8,Read Em And Weep,5,0.0,25.0,0.0,3.7
2026-07-25,Mackay,R5 1560m Hcap,5,260324418,80091301,6,Engeline,4,0.0,70.0,0.0,6.91
2026-07-25,Mackay,R5 1560m Hcap,5,260324418,100262951,1,From This Moment,2,0.0,5.6,1.0,1.57
2026-07-25,Mackay,R5 1560m Hcap,5,260324418,100957058,3,Black Eyed Blonde,1,1.0,1.9,1.0,1.14
2026-07-25,Mackay,R6 1560m Qlty,6,260324422,97448969,1,Exodas,2,0.0,3.7,1.0,1.16
2026-07-25,Mackay,R6 1560m Qlty,6,260324422,97917613,7,Kajetan,3,0.0,280.0,0.0,14.5
2026-07-25,Mackay,R6 1560m Qlty,6,260324422,100957059,2,Illegal Justice,1,1.0,1.49,1.0,1.04
2026-07-25,Mackay,R6 1560m Qlty,6,260324422,100957061,4,Be Bob Aloola,4,0.0,50.0,0.0,4.4
2026-07-25,Mackay,R6 1560m Qlty,6,260324422,100957063,10,Notforthemoney,5,0.0,118.42,0.0,8.57
2026-07-25,Mackay,R7 2000m Qlty,7,260324426,16722245,3,Zoology,4,0.0,11.5,0.0,3.65
2026-07-25,Mackay,R7 2000m Qlty,7,260324426,51455077,4,Mahagoni,3,0.0,80.0,0.0,15.5
2026-07-25,Mackay,R7 2000m Qlty,7,260324426,65230001,1,Keitel,1,0.0,4.93,0.0,2.01
2026-07-25,Mackay,R7 2000m Qlty,7,260324426,65788420,2,Quothquan,2,0.0,7.68,0.0,2.87
2026-07-25,Mackay,R7 2000m Qlty,7,260324426,100957067,12,Falcon Of Malta,5,0.0,7.32,0.0,2.83
2026-07-25,Mackay,R8 1200m Hcap,8,260324430,602349,6,Maximum Power,5,0.0,19.5,0.0,4.6
2026-07-25,Mackay,R8 1200m Hcap,8,260324430,66004416,5,Khumbila,1,0.0,10.33,0.0,2.7
2026-07-25,Mackay,R8 1200m Hcap,8,260324430,68348152,1,Astra Star,2,0.0,5.9,1.0,2.2
2026-07-25,Mackay,R8 1200m Hcap,8,260324430,81563684,3,Upstart Legend,4,1.0,4.54,1.0,1.86
2026-07-25,Mackay,R8 1200m Hcap,8,260324430,100957072,8,Presszora,3,0.0,5.22,0.0,2.24
2026-07-25,Morphettville,R4 1200m Hcap,4,260297579,38980584,3,Cool Magnum,5,0.0,5.99,0.0,2.14
2026-07-25,Morphettville,R4 1200m Hcap,4,260297579,39969042,9,Victory Lane,3,0.0,44.18,0.0,10.84
2026-07-25,Morphettville,R4 1200m Hcap,4,260297579,55859591,1,Chipson,4,0.0,30.0,0.0,5.9
2026-07-25,Morphettville,R4 1200m Hcap,4,260297579,61592881,7,Anotherhouse,1,0.0,4.75,1.0,2.02
2026-07-25,Morphettville,R4 1200m Hcap,4,260297579,66294931,5,Invertational,2,0.0,12.73,0.0,3.8
2026-07-25,Morphettville,R5 1600m 3yo,5,260297588,4324914,5,Golden Horizon,2,0.0,27.0,0.0,6.02
2026-07-25,Morphettville,R5 1600m 3yo,5,260297588,87544209,6,Olatunde,1,0.0,8.0,0.0,2.79
2026-07-25,Morphettville,R5 1600m 3yo,5,260297588,99982920,1,Oak Park Maddison,4,0.0,6.8,0.0,2.54
2026-07-25,Morphettville,R5 1600m 3yo,5,260297588,100454281,2,Officiate,3,0.0,14.36,1.0,3.79
2026-07-25,Morphettville,R5 1600m 3yo,5,260297588,100920218,3,Centu Cavaddi,5,1.0,5.7,1.0,2.18
2026-07-25,Morphettville,R6 1050m Listed,6,260297597,82538520,6,Yuuki,4,0.0,14.46,1.0,3.55
2026-07-25,Morphettville,R6 1050m Listed,6,260297597,95301031,9,Never Ordinary,5,0.0,4.7,0.0,1.9
2026-07-25,Morphettville,R6 1050m Listed,6,260297597,100920222,1,Sir Myka,3,0.0,14.53,0.0,3.02
2026-07-25,Morphettville,R6 1050m Listed,6,260297597,100920225,4,Cavalry Girl,1,1.0,2.68,1.0,1.41
2026-07-25,Morphettville,R6 1050m Listed,6,260297597,100920226,5,Bardigrub,2,0.0,7.0,1.0,2.14
2026-07-25,Morphettville,R7 1600m Hcap,7,260297606,741338,2,Royal Mile,3,0.0,33.42,0.0,6.2
2026-07-25,Morphettville,R7 1600m Hcap,7,260297606,6844180,5,Brave Star,5,0.0,7.0,1.0,2.34
2026-07-25,Morphettville,R7 1600m Hcap,7,260297606,67855158,1,A Samurai Mind,1,0.0,5.5,0.0,2.26
2026-07-25,Morphettville,R7 1600m Hcap,7,260297606,85505663,11,Petas Heart,2,0.0,10.0,0.0,3.23
2026-07-25,Morphettville,R7 1600m Hcap,7,260297606,88611374,3,Blazing Sword,4,0.0,33.85,0.0,6.81
2026-07-25,Morphettville,R8 1600m Hcap,8,260297615,36120824,7,Crown Mint,1,0.0,17.0,0.0,4.38
2026-07-25,Morphettville,R8 1600m Hcap,8,260297615,58138296,6,Albanian I Am,2,0.0,5.8,1.0,2.88
2026-07-25,Morphettville,R8 1600m Hcap,8,260297615,66757908,5,Tower Of Tuscany,4,0.0,11.18,0.0,3.6
2026-07-25,Morphettville,R8 1600m Hcap,8,260297615,100920231,13,Tottori,3,0.0,10.1,0.0,3.65
2026-07-25,Morphettville,R8 1600m Hcap,8,260297615,100920233,17,New York Scandal,5,0.0,14.0,0.0,4.23
2026-07-25,Morphettville,R9 1100m Hcap,9,260297624,603912,7,Act Natural,5,0.0,22.95,0.0,4.2
2026-07-25,Morphettville,R9 1100m Hcap,9,260297624,55414739,6,Kalasec,2,1.0,21.78,1.0,4.09
2026-07-25,Morphettville,R9 1100m Hcap,9,260297624,68890882,8,Extremely Rowdy,1,0.0,6.8,0.0,2.6
2026-07-25,Morphettville,R9 1100m Hcap,9,260297624,72679845,12,Fill A Promise,3,0.0,58.03,0.0,14.92
2026-07-25,Morphettville,R9 1100m Hcap,9,260297624,99982931,2,Tobikko,4,0.0,3.15,0.0,1.48
2026-07-25,Murtoa,R4 1200m Mdn,4,260320727,82278011,6,Atella Miss,1,1.0,2.42,1.0,1.41
2026-07-25,Murtoa,R4 1200m Mdn,4,260320727,100957363,4,My Alpha Sonic,4,0.0,9.6,0.0,2.46
2026-07-25,Murtoa,R4 1200m Mdn,4,260320727,100957364,5,Terrestrial Light,2,0.0,6.6,1.0,2.01
2026-07-25,Murtoa,R4 1200m Mdn,4,260320727,100957365,7,Lune Lumineuse,5,0.0,7.16,1.0,2.31
2026-07-25,Murtoa,R4 1200m Mdn,4,260320727,100957366,10,Volpe Tigre,3,0.0,42.0,0.0,9.4
2026-07-25,Murtoa,R5 1200m Hcap,5,260320734,42010583,3,Bifrost,5,0.0,9.6,0.0,2.32
2026-07-25,Murtoa,R5 1200m Hcap,5,260320734,60528489,8,Noble Style,4,0.0,8.61,0.0,2.02
2026-07-25,Murtoa,R5 1200m Hcap,5,260320734,100957371,2,Tick Tock Lady,1,0.0,44.0,0.0,6.69
2026-07-25,Murtoa,R5 1200m Hcap,5,260320734,100957372,4,Celestial Zara,3,1.0,3.21,1.0,1.47
2026-07-25,Murtoa,R5 1200m Hcap,5,260320734,100957373,5,Decanted,2,0.0,2.72,1.0,1.29
2026-07-25,Murtoa,R6 2050m Hcap,6,260320741,10940479,5,Cool Star,5,1.0,8.07,1.0,2.96
2026-07-25,Murtoa,R6 2050m Hcap,6,260320741,85250729,4,Tudaya,1,0.0,6.04,0.0,2.4
2026-07-25,Murtoa,R6 2050m Hcap,6,260320741,96219699,6,Triora,4,0.0,4.1,0.0,1.85
2026-07-25,Murtoa,R6 2050m Hcap,6,260320741,100957374,1,Starry Desert,3,0.0,9.22,0.0,3.1
2026-07-25,Murtoa,R6 2050m Hcap,6,260320741,100957375,2,Zeaction,2,0.0,8.51,0.0,3.45
2026-07-25,Murtoa,R7 2050m Hcap,7,260320748,26981849,6,Mangione,5,0.0,15.11,0.0,3.0
2026-07-25,Murtoa,R7 2050m Hcap,7,260320748,62326294,1,Tikemyson,2,0.0,7.4,0.0,2.3
2026-07-25,Murtoa,R7 2050m Hcap,7,260320748,63640243,2,Aristonous,1,0.0,4.04,1.0,1.59
2026-07-25,Murtoa,R7 2050m Hcap,7,260320748,79803281,8,Scalable,4,0.0,30.0,0.0,5.59
2026-07-25,Murtoa,R7 2050m Hcap,7,260320748,85250551,7,Shamex,3,0.0,2.51,1.0,1.34
2026-07-25,Murtoa,R8 1600m Hcap,8,260320755,28659131,8,Teddy Boy,5,0.0,12.04,0.0,3.7
2026-07-25,Murtoa,R8 1600m Hcap,8,260320755,54632271,11,Vegas On Fire,3,0.0,6.2,1.0,2.4
2026-07-25,Murtoa,R8 1600m Hcap,8,260320755,78944530,2,Digari,2,0.0,5.36,0.0,1.86
2026-07-25,Murtoa,R8 1600m Hcap,8,260320755,88733192,1,Fonn Power,1,1.0,5.31,1.0,1.92
2026-07-25,Murtoa,R8 1600m Hcap,8,260320755,100957377,7,Sweater Girl,4,0.0,6.38,0.0,2.49
2026-07-25,Randwick,R5 1800m Hcap,5,260296416,80718293,13,Horizons,3,0.0,4.4,1.0,1.83
2026-07-25,Randwick,R5 1800m Hcap,5,260296416,80718293,13,Horizons,4,0.0,4.4,1.0,1.83
2026-07-25,Randwick,R5 1800m Hcap,5,260296416,92743480,6,Oraqua,5,0.0,18.79,1.0,4.5
2026-07-25,Randwick,R5 1800m Hcap,5,260296416,99206851,5,Make It Sweet,2,0.0,7.95,0.0,2.92
2026-07-25,Randwick,R5 1800m Hcap,5,260296416,100454875,8,Full Hao,1,0.0,9.79,0.0,2.47
2026-07-25,Randwick,R6 1800m Hcap,6,260296425,1017942,8,Perfect Justice,3,0.0,4.75,1.0,1.81
2026-07-25,Randwick,R6 1800m Hcap,6,260296425,6737682,3,Sly Boots,2,1.0,6.36,1.0,1.85
2026-07-25,Randwick,R6 1800m Hcap,6,260296425,68415674,2,Inquiring Minds,4,0.0,19.01,0.0,4.11
2026-07-25,Randwick,R6 1800m Hcap,6,260296425,85712880,11,Trapalanda,1,0.0,3.33,1.0,1.51
2026-07-25,Randwick,R6 1800m Hcap,6,260296425,89670000,10,Tambeloa,5,0.0,7.8,0.0,2.4
2026-07-25,Randwick,R7 1100m Hcap,7,260296434,28376964,4,Aleppo Pine,1,0.0,16.69,0.0,3.55
2026-07-25,Randwick,R7 1100m Hcap,7,260296434,84982562,3,Exit Fee,4,0.0,16.77,0.0,3.0
2026-07-25,Randwick,R7 1100m Hcap,7,260296434,92417679,1,Benevac,2,0.0,2.64,1.0,1.37
2026-07-25,Randwick,R7 1100m Hcap,7,260296434,92417679,1,Benevac,3,0.0,2.64,1.0,1.37
2026-07-25,Randwick,R7 1100m Hcap,7,260296434,100920283,10,Zoufame,5,0.0,5.9,0.0,1.75
2026-07-25,Randwick,R8 1600m Hcap,8,260296443,54174098,6,Thunderlips,4,0.0,65.0,0.0,11.59
2026-07-25,Randwick,R8 1600m Hcap,8,260296443,62032877,7,Electric Impulse,2,0.0,8.86,0.0,2.59
2026-07-25,Randwick,R8 1600m Hcap,8,260296443,68600378,10,Narbold,1,0.0,4.98,1.0,2.0
2026-07-25,Randwick,R8 1600m Hcap,8,260296443,100232623,8,Rock Empire,5,1.0,25.17,1.0,5.84
2026-07-25,Randwick,R8 1600m Hcap,8,260296443,100920288,3,Lugh,3,0.0,6.34,0.0,2.47
2026-07-25,Randwick,R9 1100m Hcap,9,260296452,5659932,14,King Of Pop,4,0.0,60.0,0.0,8.4
2026-07-25,Randwick,R9 1100m Hcap,9,260296452,68124670,3,Celui,5,0.0,86.05,0.0,12.93
2026-07-25,Randwick,R9 1100m Hcap,9,260296452,82602586,6,Hawker Hall,2,1.0,6.47,1.0,2.2
2026-07-25,Randwick,R9 1100m Hcap,9,260296452,93496841,5,Ice Kool,3,0.0,2.47,0.0,1.39
2026-07-25,Randwick,R9 1100m Hcap,9,260296452,100920293,12,Big Red Tequila,1,0.0,3.6,0.0,1.46
2026-07-25,Randwick,R10 1300m Hcap,10,260296461,220546,6,Bandis Boy,4,0.0,54.19,1.0,8.69
2026-07-25,Randwick,R10 1300m Hcap,10,260296461,50902984,9,So You Pence,1,1.0,3.89,1.0,1.93
2026-07-25,Randwick,R10 1300m Hcap,10,260296461,72168222,10,High Blue Sea,5,0.0,39.99,0.0,6.0
2026-07-25,Randwick,R10 1300m Hcap,10,260296461,100920296,5,Zouper Fund,3,0.0,6.48,0.0,2.64
2026-07-25,Randwick,R10 1300m Hcap,10,260296461,100920300,16,Invader Zim,2,0.0,6.03,0.0,2.15
2026-07-25,Roebourne,R1 1406m Mdn,1,260321390,85471666,7,Costa Star,3,0.0,7.8,0.0,2.1
2026-07-25,Roebourne,R1 1406m Mdn,1,260321390,86820793,1,Take The Field,2,0.0,9.47,0.0,2.36
2026-07-25,Roebourne,R1 1406m Mdn,1,260321390,93574800,10,Maritime Dream,4,0.0,5.79,1.0,1.9
2026-07-25,Roebourne,R1 1406m Mdn,1,260321390,99207243,3,Minozza,5,0.0,10.19,0.0,2.56
2026-07-25,Roebourne,R1 1406m Mdn,1,260321390,100921166,4,Blatant Violation,1,1.0,2.61,1.0,1.29
2026-07-25,Roebourne,R2 1205m Hcap,2,260321394,782401,1,Border Control,5,1.0,24.0,1.0,7.77
2026-07-25,Roebourne,R2 1205m Hcap,2,260321394,1365838,5,Bartime,1,0.0,3.93,0.0,2.34
2026-07-25,Roebourne,R2 1205m Hcap,2,260321394,2520718,7,Mars Mission,4,0.0,15.0,0.0,5.4
2026-07-25,Roebourne,R2 1205m Hcap,2,260321394,41046577,2,Catalpa,2,0.0,5.8,0.0,2.52
2026-07-25,Roebourne,R2 1205m Hcap,2,260321394,51454856,3,Fameux,3,0.0,6.91,0.0,3.6
2026-07-25,Roebourne,R3 1103m Hcap,3,260321398,43636835,2,Shooting Kontiki,4,0.0,16.5,1.0,3.7
2026-07-25,Roebourne,R3 1103m Hcap,3,260321398,60264660,4,Adrett,5,0.0,8.31,0.0,2.12
2026-07-25,Roebourne,R3 1103m Hcap,3,260321398,82280329,5,Favoured Son,2,0.0,3.92,1.0,1.66
2026-07-25,Roebourne,R3 1103m Hcap,3,260321398,83410205,3,Busters Girl,3,0.0,21.0,0.0,6.26
2026-07-25,Roebourne,R3 1103m Hcap,3,260321398,94353051,6,Denver Affair,1,0.0,6.6,0.0,2.06
2026-07-25,Roebourne,R4 1406m CL1,4,260321402,48872303,9,Pavliani,3,0.0,10.84,1.0,2.98
2026-07-25,Roebourne,R4 1406m CL1,4,260321402,49710824,8,Puddin N Pie,2,0.0,5.42,0.0,1.97
2026-07-25,Roebourne,R4 1406m CL1,4,260321402,92391484,2,Hope To Admire,5,0.0,10.22,0.0,2.32
2026-07-25,Roebourne,R4 1406m CL1,4,260321402,93240234,1,My Tea,1,0.0,3.51,0.0,1.55
2026-07-25,Roebourne,R4 1406m CL1,4,260321402,100921169,3,Chantilly Girl,4,0.0,7.9,0.0,2.58
2026-07-25,Roebourne,R5 1205m CL3,5,260321406,8776465,2,Esquel,2,0.0,4.4,1.0,1.89
2026-07-25,Roebourne,R5 1205m CL3,5,260321406,79220492,6,Lady Coco,4,0.0,23.0,0.0,6.52
2026-07-25,Roebourne,R5 1205m CL3,5,260321406,84223676,4,Cassenite,1,0.0,11.97,1.0,3.9
2026-07-25,Roebourne,R5 1205m CL3,5,260321406,98960364,1,Calathinite,3,0.0,4.9,0.0,1.94
2026-07-25,Roebourne,R5 1205m CL3,5,260321406,100921171,7,Rays Sauce,5,1.0,11.12,1.0,3.3
2026-07-25,Roebourne,R6 1813m Hcap,6,260321410,2029448,1,Oscar Winner,3,0.0,9.28,0.0,2.84
2026-07-25,Roebourne,R6 1813m Hcap,6,260321410,82603838,11,My De Grece,5,0.0,26.0,1.0,6.2
2026-07-25,Roebourne,R6 1813m Hcap,6,260321410,83345040,3,Hundred Yards,2,0.0,3.55,0.0,1.58
2026-07-25,Roebourne,R6 1813m Hcap,6,260321410,83940960,2,Renovation Show,4,0.0,26.62,0.0,6.4
2026-07-25,Roebourne,R6 1813m Hcap,6,260321410,100921172,5,Tousled Crown,1,0.0,12.07,0.0,3.65
2026-07-25,Roebourne,R7 1406m Hcap,7,260321414,401330,6,Red Rebel,4,0.0,15.59,1.0,3.55
2026-07-25,Roebourne,R7 1406m Hcap,7,260321414,2010864,1,Hit The Jackpot,1,0.0,16.81,0.0,3.81
2026-07-25,Roebourne,R7 1406m Hcap,7,260321414,57305808,2,Imperialize,3,0.0,9.4,1.0,2.86
2026-07-25,Roebourne,R7 1406m Hcap,7,260321414,70079138,3,Playing Quest,2,0.0,7.0,0.0,2.6
2026-07-25,Roebourne,R7 1406m Hcap,7,260321414,81263865,5,Immortal Shield,5,1.0,2.72,1.0,1.49
2026-07-25,Roebourne,R8 2230m Cup,8,260321418,38765934,8,Lets Sea,5,0.0,19.71,0.0,5.6
2026-07-25,Roebourne,R8 2230m Cup,8,260321418,47787158,9,Magic Mikey,3,0.0,11.48,0.0,3.45
2026-07-25,Roebourne,R8 2230m Cup,8,260321418,54612782,3,Manavendra,1,0.0,7.11,1.0,2.48
2026-07-25,Roebourne,R8 2230m Cup,8,260321418,68416629,5,Desert Edge,4,0.0,4.91,0.0,1.91
2026-07-25,Roebourne,R8 2230m Cup,8,260321418,87164702,4,Another Nephew,2,0.0,5.2,0.0,1.88
2026-07-25,Sale,R1 2200m Mdn,1,260356457,100957505,2,King Of Savoy,1,1.0,4.93,1.0,1.77
2026-07-25,Sapphire Coast,,3,260355216,98481771,5,Brannum,1,,,,
2026-07-25,Toowoomba,R1 1625m CL4,1,260321709,1105107,7,Coney Island Baby,2,0.0,1.97,0.0,1.23
2026-07-25,Toowoomba,R1 1625m CL4,1,260321709,1465375,2,Cardiologist,3,0.0,13.69,1.0,2.56
2026-07-25,Toowoomba,R1 1625m CL4,1,260321709,71684624,9,Rubaahy,5,0.0,34.99,0.0,5.3
2026-07-25,Toowoomba,R1 1625m CL4,1,260321709,83118786,3,Zheng You,4,1.0,5.35,1.0,1.66
2026-07-25,Toowoomba,R1 1625m CL4,1,260321709,100957101,8,Il Cubo,1,0.0,16.5,0.0,3.05
2026-07-25,Toowoomba,R2 1200m CL3,2,260321713,62788867,3,The Little Pumper,2,0.0,6.07,1.0,1.95
2026-07-25,Toowoomba,R2 1200m CL3,2,260321713,69967594,9,Uluwatu,3,0.0,7.46,0.0,1.97
2026-07-25,Toowoomba,R2 1200m CL3,2,260321713,69967594,9,Uluwatu,4,0.0,7.46,0.0,1.97
2026-07-25,Toowoomba,R2 1200m CL3,2,260321713,96289321,4,Bole Le,5,0.0,5.32,1.0,2.1
2026-07-25,Toowoomba,R2 1200m CL3,2,260321713,100957102,1,Irama,1,1.0,2.72,1.0,1.49
2026-07-25,Toowoomba,R3 1300m Hcap,3,260321717,5484921,1,Dillinger,5,0.0,17.83,1.0,3.69
2026-07-25,Toowoomba,R3 1300m Hcap,3,260321717,46675466,8,Hoot N Holler,3,0.0,6.44,0.0,2.1
2026-07-25,Toowoomba,R3 1300m Hcap,3,260321717,50560072,6,Sukhbir,4,0.0,26.31,0.0,4.61
2026-07-25,Toowoomba,R3 1300m Hcap,3,260321717,75119334,2,Super Quick,1,1.0,6.24,1.0,2.16
2026-07-25,Toowoomba,R3 1300m Hcap,3,260321717,79844414,3,The Louvre,2,0.0,2.27,1.0,1.33
2026-07-25,Toowoomba,R4 2010m Hcap,4,260321721,47441064,9,Bumpnrun,2,0.0,13.24,0.0,3.95
2026-07-25,Toowoomba,R4 2010m Hcap,4,260321721,66613930,8,Medical Autocrat,4,0.0,6.6,0.0,2.16
2026-07-25,Toowoomba,R4 2010m Hcap,4,260321721,89886193,7,Our Brave Lini,1,0.0,10.51,0.0,3.2
2026-07-25,Toowoomba,R4 2010m Hcap,4,260321721,98925547,2,Whatjeudoin,5,0.0,13.0,0.0,3.96
2026-07-25,Toowoomba,R4 2010m Hcap,4,260321721,100019196,3,Alfa Dundee,3,1.0,4.23,1.0,1.74
2026-07-25,Toowoomba,R5 1300m 3yo,5,260321725,80131538,3,Nasiron,4,0.0,26.63,0.0,2.9
2026-07-25,Toowoomba,R5 1300m 3yo,5,260321725,87767320,7,Hello Dolly Diva,1,1.0,1.44,1.0,1.09
2026-07-25,Toowoomba,R5 1300m 3yo,5,260321725,99493256,8,Kaida Odori,5,0.0,16.26,1.0,2.52
2026-07-25,Toowoomba,R5 1300m 3yo,5,260321725,100957106,6,Enterprise Jamayka,3,0.0,20.0,1.0,2.66
2026-07-25,Toowoomba,R5 1300m 3yo,5,260321725,100957107,9,Reign Of Dame,2,0.0,35.33,0.0,3.75
2026-07-25,Toowoomba,R6 1300m Mdn,6,260321729,61630837,4,Lyrical Gangster,1,0.0,9.1,0.0,2.38
2026-07-25,Toowoomba,R6 1300m Mdn,6,260321729,61630837,4,Lyrical Gangster,2,0.0,9.1,0.0,2.38
2026-07-25,Toowoomba,R6 1300m Mdn,6,260321729,70456331,8,Captivate Legend,3,1.0,3.45,1.0,1.42
2026-07-25,Toowoomba,R6 1300m Mdn,6,260321729,98735240,9,Markham Miss,5,0.0,29.67,0.0,5.38
2026-07-25,Toowoomba,R6 1300m Mdn,6,260321729,100957115,10,Hooked To Conquer,4,0.0,62.51,0.0,9.75
2026-07-25,Toowoomba,R7 870m Mdn,7,260321733,90286831,2,Igotmymindonyou,1,0.0,1.83,0.0,1.25
2026-07-25,Toowoomba,R7 870m Mdn,7,260321733,93536929,1,Conquer Dat,5,0.0,12.0,0.0,2.22
2026-07-25,Toowoomba,R7 870m Mdn,7,260321733,100957120,4,Shakdam,3,0.0,15.28,0.0,3.3
2026-07-25,Toowoomba,R7 870m Mdn,7,260321733,100957121,5,The Foundling,4,0.0,80.0,0.0,9.28
2026-07-25,Toowoomba,R7 870m Mdn,7,260321733,100957122,7,Kiskaboom,2,1.0,5.55,1.0,1.71
2026-07-26,Alice Springs,R3 1100m Mdn,3,260355710,554956,4,Highstrung,1,1.0,2.64,1.0,1.48
2026-07-26,Alice Springs,R3 1100m Mdn,3,260355710,993173,2,Flavius,5,0.0,15.0,0.0,6.22
2026-07-26,Alice Springs,R3 1100m Mdn,3,260355710,47462844,3,Iz Shaft,3,0.0,5.1,0.0,2.0
2026-07-26,Alice Springs,R3 1100m Mdn,3,260355710,80892017,1,Denuto,4,0.0,36.04,0.0,10.0
2026-07-26,Alice Springs,R3 1100m Mdn,3,260355710,93239981,5,Startyourengine,2,0.0,3.1,1.0,1.65
2026-07-26,Alice Springs,R4 1100m Hcap,4,260355713,2044792,5,King Bling,5,0.0,171.23,0.0,55.0
2026-07-26,Alice Springs,R4 1100m Hcap,4,260355713,23303848,3,Altar Boy,3,0.0,3.95,1.0,1.86
2026-07-26,Alice Springs,R4 1100m Hcap,4,260355713,28631218,2,Luskin Hero,2,1.0,3.15,1.0,1.81
2026-07-26,Alice Springs,R4 1100m Hcap,4,260355713,38590180,4,Square Cut,1,0.0,4.6,0.0,2.07
2026-07-26,Alice Springs,R4 1100m Hcap,4,260355713,41989001,1,Delago Lad,4,0.0,4.8,0.0,2.4
2026-07-26,Alice Springs,R5 1100m Hcap,5,260355717,11287170,2,Suits,1,0.0,4.22,0.0,2.2
2026-07-26,Alice Springs,R5 1100m Hcap,5,260355717,43224182,3,River Frost,3,1.0,4.09,1.0,1.97
2026-07-26,Alice Springs,R5 1100m Hcap,5,260355717,72379752,5,Okesutora,5,0.0,14.75,0.0,5.49
2026-07-26,Alice Springs,R5 1100m Hcap,5,260355717,84696938,4,Stella Bystarlight,2,0.0,2.9,1.0,1.49
2026-07-26,Alice Springs,R5 1100m Hcap,5,260355717,94136705,6,Bonny Impact,4,0.0,16.0,0.0,5.7
2026-07-26,Alice Springs,R6 1400m Hcap,6,260355720,44562485,2,Flying Start,3,1.0,5.2,1.0,2.58
2026-07-26,Alice Springs,R6 1400m Hcap,6,260355720,67290321,5,The Big Freeze,4,0.0,6.0,0.0,2.88
2026-07-26,Alice Springs,R6 1400m Hcap,6,260355720,68348076,3,Scissor Me Timbers,2,0.0,3.23,0.0,2.14
2026-07-26,Alice Springs,R6 1400m Hcap,6,260355720,69675019,4,Grinzinger Lass,5,0.0,8.25,0.0,3.18
2026-07-26,Alice Springs,R6 1400m Hcap,6,260355720,79455961,1,Highlands,1,0.0,7.1,1.0,2.83
2026-07-26,Balaklava,R2 1050m 2yo,2,260355984,100957208,2,Favourite Chair,5,0.0,5.3,1.0,1.81
2026-07-26,Balaklava,R2 1050m 2yo,2,260355984,100957210,5,Azytass,2,1.0,3.65,1.0,1.54
2026-07-26,Balaklava,R2 1050m 2yo,2,260355984,100957212,7,Farnace,3,0.0,8.27,0.0,2.5
2026-07-26,Balaklava,,2,260355984,100957213,8,Grecian Jewel,4,,,,
2026-07-26,Balaklava,R2 1050m 2yo,2,260355984,100957214,9,Harmonik,1,0.0,32.0,0.0,5.2
2026-07-26,Balaklava,R3 1050m Mdn,3,260355991,75018903,11,Far More Radiant,1,0.0,10.0,1.0,2.34
2026-07-26,Balaklava,R3 1050m Mdn,3,260355991,94181666,10,Detroit Dreaming,3,0.0,38.94,0.0,7.2
2026-07-26,Balaklava,R3 1050m Mdn,3,260355991,95879852,6,Whiskey Tumbler,2,1.0,1.86,1.0,1.17
2026-07-26,Balaklava,R3 1050m Mdn,3,260355991,99141741,12,Go Ask Alice,4,0.0,32.72,0.0,5.5
2026-07-26,Balaklava,R3 1050m Mdn,3,260355991,100957220,13,Via Niccolina,5,0.0,12.5,1.0,2.72
2026-07-26,Balaklava,R4 1400m Mdn,4,260355997,9112526,4,Regimented,2,1.0,1.68,1.0,1.09
2026-07-26,Balaklava,R4 1400m Mdn,4,260355997,90251862,12,Wings Of Destiny,5,0.0,13.95,1.0,2.45
2026-07-26,Balaklava,R4 1400m Mdn,4,260355997,94136695,11,Star Serpent,3,0.0,39.38,0.0,5.12
2026-07-26,Balaklava,R4 1400m Mdn,4,260355997,100396535,9,Majestic Glow,4,0.0,19.0,0.0,3.03
2026-07-26,Balaklava,R4 1400m Mdn,4,260355997,100957222,5,Sungazer,1,0.0,5.11,1.0,1.36
2026-07-26,Balaklava,R5 2200m CL1,5,260356003,4149803,7,Kohala,4,0.0,95.0,0.0,14.0
2026-07-26,Balaklava,R5 2200m CL1,5,260356003,83312893,10,Son Of Vadamos,5,0.0,84.7,0.0,12.94
2026-07-26,Balaklava,R5 2200m CL1,5,260356003,91116069,6,Valued,2,0.0,11.74,1.0,2.64
2026-07-26,Balaklava,R5 2200m CL1,5,260356003,99919594,11,Contrary,3,1.0,6.45,1.0,2.28
2026-07-26,Balaklava,R5 2200m CL1,5,260356003,100957224,3,Suit Of Wands,1,0.0,3.54,0.0,1.48
2026-07-26,Balaklava,R6 1050m Hcap,6,260356009,894182,2,Squad,3,0.0,8.66,1.0,2.8
2026-07-26,Balaklava,R6 1050m Hcap,6,260356009,47989008,5,The Magistrate,1,0.0,7.2,0.0,2.75
2026-07-26,Balaklava,R6 1050m Hcap,6,260356009,52435650,7,One Kind,2,0.0,55.0,0.0,9.2
2026-07-26,Balaklava,R6 1050m Hcap,6,260356009,84982456,10,Aloha Blue,5,0.0,3.6,1.0,1.61
2026-07-26,Balaklava,R6 1050m Hcap,6,260356009,88069448,3,Sharendipity,4,0.0,5.96,0.0,2.0
2026-07-26,Balaklava,R7 1400m Hcap,7,260356016,55860575,1,Flying Ace,2,0.0,8.2,1.0,3.14
2026-07-26,Balaklava,R7 1400m Hcap,7,260356016,81563160,3,Sangue Rosso,3,0.0,5.69,0.0,2.6
2026-07-26,Balaklava,R7 1400m Hcap,7,260356016,100957226,2,Je City,1,1.0,5.06,1.0,2.32
2026-07-26,Balaklava,R7 1400m Hcap,7,260356016,100957228,9,Hell Of A Gent,4,0.0,60.89,0.0,13.5
2026-07-26,Balaklava,R7 1400m Hcap,7,260356016,100957230,15,Blue Isles,5,0.0,5.03,1.0,1.86
2026-07-26,Devonport,R5 1350m Hcap,5,260355795,41409223,5,Designer Dreamer,3,0.0,14.46,0.0,4.23
2026-07-26,Devonport,R5 1350m Hcap,5,260355795,59414619,9,Stars In The Night,4,0.0,32.0,0.0,7.3
2026-07-26,Devonport,R5 1350m Hcap,5,260355795,63798087,3,Zoetes Rock,2,0.0,5.36,1.0,1.96
2026-07-26,Devonport,R5 1350m Hcap,5,260355795,68637020,8,No Access,1,0.0,5.21,0.0,2.18
2026-07-26,Devonport,R5 1350m Hcap,5,260355795,100919964,6,Stardarmus,5,1.0,5.74,1.0,2.28
2026-07-26,Devonport,R6 1150m CL4,6,260355801,55781408,1,Volkanovski,3,0.0,31.07,0.0,5.9
2026-07-26,Devonport,R6 1150m CL4,6,260355801,63798029,5,Cool Heart,1,0.0,4.4,1.0,1.5
2026-07-26,Devonport,R6 1150m CL4,6,260355801,69866227,7,Only Old Once,5,0.0,40.77,0.0,7.6
2026-07-26,Devonport,R6 1150m CL4,6,260355801,83119030,8,Wild Nights,4,0.0,18.92,0.0,3.43
2026-07-26,Devonport,R6 1150m CL4,6,260355801,94448595,3,The Real Man,2,1.0,2.26,1.0,1.35
2026-07-26,Devonport,R7 1150m CL1,7,260355807,77301839,7,Our Pepmenartie,3,0.0,25.0,0.0,5.8
2026-07-26,Devonport,R7 1150m CL1,7,260355807,99731439,3,Fierce N Fabulous,5,0.0,15.5,1.0,3.93
2026-07-26,Devonport,R7 1150m CL1,7,260355807,100919967,5,Houlihan,1,0.0,3.35,0.0,1.75
2026-07-26,Devonport,R7 1150m CL1,7,260355807,100919970,13,Geegeeschaser,2,0.0,5.0,1.0,1.85
2026-07-26,Devonport,R7 1150m CL1,7,260355807,100919971,14,Golden Sweet Heart,4,0.0,55.0,0.0,10.54
2026-07-26,Devonport,R8 1650m Hcap,8,260355813,49039793,7,Gee Gee Can Win,4,0.0,38.94,0.0,6.2
2026-07-26,Devonport,R8 1650m Hcap,8,260355813,59354807,2,The Longest Yard,3,0.0,5.4,1.0,1.62
2026-07-26,Devonport,R8 1650m Hcap,8,260355813,83868155,1,Coal River,2,0.0,2.78,1.0,1.38
2026-07-26,Devonport,R8 1650m Hcap,8,260355813,85251057,3,Simply Deep,1,1.0,4.1,1.0,1.44
2026-07-26,Devonport,R8 1650m Hcap,8,260355813,85251061,4,Kireina Marubrah,5,0.0,12.83,0.0,2.42
2026-07-26,Kalgoorlie,R1 1400m Mdn,1,260355929,88111784,1,Prince Of Bondi,3,0.0,5.21,0.0,1.71
2026-07-26,Kalgoorlie,R1 1400m Mdn,1,260355929,92744518,2,Mad Spitfire,4,0.0,6.73,0.0,1.78
2026-07-26,Kalgoorlie,R1 1400m Mdn,1,260355929,96444253,7,Acoustic Bubbles,1,1.0,4.9,1.0,1.75
2026-07-26,Kalgoorlie,R1 1400m Mdn,1,260355929,98883312,5,Tedeschi,5,0.0,110.0,0.0,18.0
2026-07-26,Kalgoorlie,R1 1400m Mdn,1,260355929,98996359,3,Lord Momo,2,0.0,3.0,1.0,1.5
2026-07-26,Kalgoorlie,R2 1100m Mdn,2,260355933,9306634,2,Peanut Butter,3,0.0,4.6,0.0,1.41
2026-07-26,Kalgoorlie,R2 1100m Mdn,2,260355933,92117483,5,Cobar Sky,5,0.0,240.0,1.0,36.0
2026-07-26,Kalgoorlie,R2 1100m Mdn,2,260355933,92391477,9,Our Enchantress,2,0.0,11.16,1.0,2.8
2026-07-26,Kalgoorlie,R2 1100m Mdn,2,260355933,99400021,6,Shimari,4,0.0,58.61,0.0,8.6
2026-07-26,Kalgoorlie,R2 1100m Mdn,2,260355933,100019750,1,Eightyseven Lad,1,1.0,1.95,1.0,1.26
2026-07-26,Kalgoorlie,R3 1760m Hcap,3,260355937,28303751,1,Sluice Box,3,0.0,78.86,0.0,9.0
2026-07-26,Kalgoorlie,R3 1760m Hcap,3,260355937,65823452,2,Omerta Grace,2,0.0,8.4,1.0,2.21
2026-07-26,Kalgoorlie,R3 1760m Hcap,3,260355937,83837866,5,Ideally,5,1.0,4.3,1.0,1.58
2026-07-26,Kalgoorlie,R3 1760m Hcap,3,260355937,100957747,3,Gods Grin,1,0.0,2.2,1.0,1.21
2026-07-26,Kalgoorlie,R3 1760m Hcap,3,260355937,100957748,4,Jayashree,4,0.0,8.86,0.0,2.23
2026-07-26,Kalgoorlie,R4 1600m CL2,4,260355941,96220525,5,Gold Enigma,4,0.0,13.09,1.0,3.47
2026-07-26,Kalgoorlie,R4 1600m CL2,4,260355941,100262919,6,Graceful Lass,3,0.0,7.0,0.0,2.25
2026-07-26,Kalgoorlie,R4 1600m CL2,4,260355941,100487388,8,Kleva Conned,5,0.0,13.83,0.0,3.7
2026-07-26,Kalgoorlie,R4 1600m CL2,4,260355941,100957749,1,Myzoom,1,0.0,2.58,0.0,1.41
2026-07-26,Kalgoorlie,R4 1600m CL2,4,260355941,100957750,4,Eternally Yours,2,0.0,47.17,0.0,7.31
2026-07-26,Kalgoorlie,R5 1100m Hcap,5,260355945,48616301,6,Swim Through,3,0.0,65.95,0.0,10.67
2026-07-26,Kalgoorlie,R5 1100m Hcap,5,260355945,73483208,1,Science Degree,5,0.0,7.28,1.0,2.39
2026-07-26,Kalgoorlie,R5 1100m Hcap,5,260355945,91693207,3,Queen Of Hawks,2,1.0,9.8,1.0,3.49
2026-07-26,Kalgoorlie,R5 1100m Hcap,5,260355945,96415004,7,Door Buster,1,0.0,4.23,0.0,2.04
2026-07-26,Kalgoorlie,R5 1100m Hcap,5,260355945,98240703,2,Dreamers Never Die,4,0.0,3.9,0.0,1.61
2026-07-26,Kalgoorlie,R6 1200m Hcap,6,260355949,55494739,7,Playing Games,2,0.0,5.6,1.0,1.78
2026-07-26,Kalgoorlie,R6 1200m Hcap,6,260355949,58313073,1,Prawns Eleven,4,0.0,19.0,0.0,4.76
2026-07-26,Kalgoorlie,R6 1200m Hcap,6,260355949,71342732,8,Cleanemup,1,0.0,8.0,0.0,2.42
2026-07-26,Kalgoorlie,R6 1200m Hcap,6,260355949,74538621,3,Pearly Nuggett,3,0.0,48.0,0.0,7.79
2026-07-26,Kalgoorlie,R6 1200m Hcap,6,260355949,100957755,12,Treble Maker,5,1.0,2.42,1.0,1.36
2026-07-26,Kalgoorlie,R7 1200m CL2,7,260355953,100957756,1,Morf,2,0.0,5.3,0.0,2.4
2026-07-26,Kalgoorlie,R7 1200m CL2,7,260355953,100957757,4,Alebrije,4,1.0,10.36,1.0,3.51
2026-07-26,Kalgoorlie,R7 1200m CL2,7,260355953,100957758,5,Silent Amarda,1,0.0,8.2,0.0,3.0
2026-07-26,Kalgoorlie,R7 1200m CL2,7,260355953,100957759,7,Viresha,5,0.0,24.0,1.0,6.23
2026-07-26,Kalgoorlie,R7 1200m CL2,7,260355953,100957761,11,Favourite Songs,3,0.0,19.98,0.0,5.81
2026-07-26,Kalgoorlie,R8 1400m Hcap,8,260355957,74265548,8,Across Generations,3,0.0,14.56,1.0,3.93
2026-07-26,Kalgoorlie,R8 1400m Hcap,8,260355957,76658798,14,Subtle Power,5,0.0,35.3,0.0,7.4
2026-07-26,Kalgoorlie,R8 1400m Hcap,8,260355957,80131293,5,Miss Wall Street,2,0.0,23.73,0.0,5.84
2026-07-26,Kalgoorlie,R8 1400m Hcap,8,260355957,85779324,7,Five Down,4,0.0,3.89,0.0,1.53
2026-07-26,Kalgoorlie,R8 1400m Hcap,8,260355957,90485047,3,Friars Legacy,1,1.0,2.74,1.0,1.46
2026-07-26,Muswellbrook,R2 1000m CL1,2,260353611,8395065,6,Hanuman,2,0.0,11.11,0.0,2.04
2026-07-26,Muswellbrook,R2 1000m CL1,2,260353611,81263854,4,Watch Capital,5,0.0,27.94,0.0,3.6
2026-07-26,Muswellbrook,R2 1000m CL1,2,260353611,100956941,1,Manoora,4,0.0,2.2,1.0,1.4
2026-07-26,Muswellbrook,R2 1000m CL1,2,260353611,100956942,3,Supido Star,3,0.0,12.0,1.0,1.85
2026-07-26,Muswellbrook,R2 1000m CL1,2,260353611,100956944,7,Write Me A Letter,1,1.0,4.13,1.0,1.83
2026-07-26,Muswellbrook,R3 1500m Hcap,3,260353614,62869318,2,Talkachino,4,0.0,40.15,0.0,2.2
2026-07-26,Muswellbrook,R3 1500m Hcap,3,260353614,71436010,1,Invasive Dreams,3,0.0,51.21,1.0,3.48
2026-07-26,Muswellbrook,R3 1500m Hcap,3,260353614,72641719,5,Jason Darren,2,0.0,11.05,0.0,1.43
2026-07-26,Muswellbrook,R3 1500m Hcap,3,260353614,90009075,3,Zoucratic,5,0.0,42.0,0.0,2.92
2026-07-26,Muswellbrook,R3 1500m Hcap,3,260353614,100956945,4,Avista,1,1.0,1.15,1.0,1.11
2026-07-26,Muswellbrook,R4 1000m Mdn,4,260353617,98735147,6,Honniball Drive,1,0.0,7.45,0.0,2.08
2026-07-26,Muswellbrook,R4 1000m Mdn,4,260353617,100956949,3,Herr Fritz,2,0.0,8.2,0.0,3.05
2026-07-26,Muswellbrook,R4 1000m Mdn,4,260353617,100956951,5,Lonestar Liam,4,0.0,73.23,0.0,9.4
2026-07-26,Muswellbrook,R4 1000m Mdn,4,260353617,100956952,7,Astra Via,3,0.0,28.0,1.0,6.02
2026-07-26,Muswellbrook,R4 1000m Mdn,4,260353617,100956954,10,Eilymac,5,0.0,53.18,0.0,8.14
2026-07-26,Muswellbrook,R5 1280m Mdn,5,260353620,3866680,1,Heathcliff,1,1.0,1.65,1.0,1.1
2026-07-26,Muswellbrook,R5 1280m Mdn,5,260353620,82818905,7,Dont Say Do,3,0.0,45.31,0.0,4.7
2026-07-26,Muswellbrook,R5 1280m Mdn,5,260353620,100956967,6,Flaunter,2,0.0,3.75,1.0,1.29
2026-07-26,Muswellbrook,R5 1280m Mdn,5,260353620,100956968,8,Echo Of A Whisper,5,0.0,20.59,0.0,3.38
2026-07-26,Muswellbrook,R5 1280m Mdn,5,260353620,100956969,9,Leppitsch,4,0.0,65.0,0.0,5.6
2026-07-26,Muswellbrook,R6 1280m Hcap,6,260353623,465112,1,Oakfield Duke,1,0.0,23.0,0.0,6.2
2026-07-26,Muswellbrook,R6 1280m Hcap,6,260353623,39810761,15,Rebels Edge,5,0.0,390.67,0.0,48.22
2026-07-26,Muswellbrook,R6 1280m Hcap,6,260353623,66789746,6,Hellcibell,2,1.0,3.79,1.0,1.65
2026-07-26,Muswellbrook,R6 1280m Hcap,6,260353623,77020716,3,Hibiki Harmony,4,0.0,50.0,0.0,9.87
2026-07-26,Muswellbrook,R6 1280m Hcap,6,260353623,100956970,13,Nomorenightshift,3,0.0,6.48,0.0,2.01
2026-07-26,Muswellbrook,R7 1280m Hcap,7,260353626,61337616,16,Commander Meroo,5,0.0,37.39,0.0,5.1
2026-07-26,Muswellbrook,R7 1280m Hcap,7,260353626,64206058,19,Narrative,4,0.0,464.62,0.0,90.0
2026-07-26,Muswellbrook,R7 1280m Hcap,7,260353626,82310395,9,Jenni La Rock,1,0.0,4.4,1.0,1.57
2026-07-26,Muswellbrook,R7 1280m Hcap,7,260353626,100956973,7,La Potenza,2,0.0,3.22,0.0,1.64
2026-07-26,Muswellbrook,R7 1280m Hcap,7,260353626,100956974,11,Varuni,3,1.0,3.0,1.0,1.46
2026-07-26,Sale,R4 1100m Mdn,4,260356481,85181072,7,Watten Assett,4,0.0,5.42,0.0,2.0
2026-07-26,Sale,R4 1100m Mdn,4,260356481,100019353,2,Bemm River,2,0.0,3.26,1.0,1.51
2026-07-26,Sale,R4 1100m Mdn,4,260356481,100424492,8,Winsilence,1,0.0,6.2,0.0,1.91
2026-07-26,Sale,R4 1100m Mdn,4,260356481,100957537,5,Prestige Star,3,1.0,6.3,1.0,2.46
2026-07-26,Sale,R4 1100m Mdn,4,260356481,100957538,9,Banned Witness,5,0.0,53.15,0.0,8.6
2026-07-26,Sale,R5 1200m Hcap,5,260356489,8832035,7,Mr Exclusive,4,0.0,65.0,0.0,6.73
2026-07-26,Sale,R5 1200m Hcap,5,260356489,79021850,3,Thinxzo,5,1.0,13.29,1.0,2.4
2026-07-26,Sale,R5 1200m Hcap,5,260356489,80300582,4,Dollar Shot,3,0.0,7.76,0.0,1.81
2026-07-26,Sale,R5 1200m Hcap,5,260356489,92087952,6,Untapped,2,0.0,3.97,1.0,1.49
2026-07-26,Sale,R5 1200m Hcap,5,260356489,100957549,2,Humza Bey,1,0.0,2.12,1.0,1.19
2026-07-26,Sale,R6 1000m Hcap,6,260356497,42087902,3,Magic Drum,5,0.0,14.5,0.0,2.38
2026-07-26,Sale,R6 1000m Hcap,6,260356497,49977378,2,Midnight Devil,2,0.0,12.0,1.0,2.56
2026-07-26,Sale,R6 1000m Hcap,6,260356497,82278029,7,Flying Mean,4,0.0,7.59,1.0,1.97
2026-07-26,Sale,R6 1000m Hcap,6,260356497,92784135,6,Ruby Avenue,3,0.0,8.33,0.0,1.97
2026-07-26,Sale,R6 1000m Hcap,6,260356497,95621449,1,Mainmankash,1,1.0,1.78,1.0,1.19
2026-07-26,Sale,R7 1600m Hcap,7,260356505,73643807,2,Nearing Liberty,1,0.0,7.98,1.0,2.59
2026-07-26,Sale,R7 1600m Hcap,7,260356505,83984748,7,Enchanted Jenni,3,0.0,10.5,0.0,3.27
2026-07-26,Sale,R7 1600m Hcap,7,260356505,92160658,3,Yamato Satona,2,0.0,4.59,0.0,1.9
2026-07-26,Sale,R7 1600m Hcap,7,260356505,99171999,1,Rasp,5,0.0,7.43,0.0,2.41
2026-07-26,Sale,R7 1600m Hcap,7,260356505,99172019,4,Zorros Flight,4,1.0,4.41,1.0,1.79
2026-07-26,Sale,R8 1400m Hcap,8,260356513,43548328,10,Dane On Tour,5,0.0,23.2,0.0,5.45
2026-07-26,Sale,R8 1400m Hcap,8,260356513,51808180,1,All Business,3,0.0,8.34,0.0,2.59
2026-07-26,Sale,R8 1400m Hcap,8,260356513,99459360,2,Lofty Thoughts,1,0.0,2.56,1.0,1.45
2026-07-26,Sale,R8 1400m Hcap,8,260356513,100957551,3,Princing,2,1.0,9.13,1.0,2.82
2026-07-26,Sale,R8 1400m Hcap,8,260356513,100957552,11,Two Sigma,4,0.0,19.33,0.0,5.1
2026-07-26,Sapphire Coast,R3 1410m Hcap,3,260355216,316268,3,Lightning Speed,3,1.0,11.33,1.0,3.11
2026-07-26,Sapphire Coast,R3 1410m Hcap,3,260355216,3716245,2,Neeson,1,0.0,1.99,0.0,1.3
2026-07-26,Sapphire Coast,R3 1410m Hcap,3,260355216,3716245,2,Neeson,2,0.0,1.99,0.0,1.3
2026-07-26,Sapphire Coast,R3 1410m Hcap,3,260355216,23630604,7,Gorush Lightning,5,0.0,62.07,0.0,15.0
2026-07-26,Sapphire Coast,R3 1410m Hcap,3,260355216,86654131,6,Triptolemus,4,0.0,9.0,1.0,4.4
2026-07-26,Sapphire Coast,R4 1410m Mdn,4,260355219,86933208,7,Texan Star,3,0.0,17.0,1.0,3.65
2026-07-26,Sapphire Coast,R4 1410m Mdn,4,260355219,88290343,11,Jenni Moo Moo,2,0.0,7.02,0.0,1.74
2026-07-26,Sapphire Coast,R4 1410m Mdn,4,260355219,88290343,11,Jenni Moo Moo,4,0.0,7.02,0.0,1.74
2026-07-26,Sapphire Coast,R4 1410m Mdn,4,260355219,99241949,4,Hellfighter,1,0.0,1.87,0.0,1.24
2026-07-26,Sapphire Coast,R4 1410m Mdn,4,260355219,100957082,12,Reinczech,5,0.0,16.47,0.0,3.36
2026-07-26,Sapphire Coast,R5 1610m CL1,5,260355222,13321006,3,Lantau Island,4,1.0,16.0,1.0,3.96
2026-07-26,Sapphire Coast,R5 1610m CL1,5,260355222,76959978,9,The Arrow,2,0.0,8.35,1.0,3.1
2026-07-26,Sapphire Coast,R5 1610m CL1,5,260355222,82376061,10,Turn Left,5,0.0,14.51,0.0,4.56
2026-07-26,Sapphire Coast,R5 1610m CL1,5,260355222,89060354,1,Dunwithya,3,0.0,6.14,0.0,1.99
2026-07-26,Sapphire Coast,R5 1610m CL1,5,260355222,100957006,7,Alamagan,1,0.0,3.55,0.0,1.6
2026-07-26,Sapphire Coast,R6 1210m Hcap,6,260355225,60490213,9,Jazz All Knight,3,0.0,5.2,0.0,1.81
2026-07-26,Sapphire Coast,R6 1210m Hcap,6,260355225,64121108,5,Rubi Air,1,0.0,5.01,1.0,1.62
2026-07-26,Sapphire Coast,R6 1210m Hcap,6,260355225,66294904,4,Destructive Diva,2,0.0,30.0,0.0,5.1
2026-07-26,Sapphire Coast,R6 1210m Hcap,6,260355225,78781013,1,Hellinda,5,1.0,5.19,1.0,1.82
2026-07-26,Sapphire Coast,R6 1210m Hcap,6,260355225,89708244,11,Ellismayne,4,0.0,4.31,1.0,1.82
2026-07-26,Sapphire Coast,R7 1210m Mdn,7,260355228,10766564,9,Laureata,5,0.0,21.0,0.0,4.1
2026-07-26,Sapphire Coast,R7 1210m Mdn,7,260355228,96747159,5,Cable King,2,1.0,5.1,1.0,1.78
2026-07-26,Sapphire Coast,R7 1210m Mdn,7,260355228,100486251,3,Thirsty For More,1,0.0,5.8,0.0,1.8
2026-07-26,Sapphire Coast,R7 1210m Mdn,7,260355228,100957094,1,Hard Yards,4,0.0,6.53,0.0,2.9
2026-07-26,Sapphire Coast,R7 1210m Mdn,7,260355228,100957097,11,Mogo Rock,3,0.0,15.0,0.0,3.37
2026-07-26,Sunshine Coast,R4 1400m 3yo,4,260356146,92460009,2,Enjector,2,0.0,9.4,1.0,1.79
2026-07-26,Sunshine Coast,R4 1400m 3yo,4,260356146,100164673,13,Toobloos,1,1.0,1.42,1.0,1.06
2026-07-26,Sunshine Coast,R4 1400m 3yo,4,260356146,100957567,5,I Say I Say,4,0.0,15.02,1.0,2.42
2026-07-26,Sunshine Coast,R4 1400m 3yo,4,260356146,100957571,9,Wild Bean,5,0.0,19.5,0.0,2.72
2026-07-26,Sunshine Coast,R4 1400m 3yo,4,260356146,100957572,10,Lontara,3,0.0,60.0,0.0,5.4
2026-07-26,Sunshine Coast,R5 1000m CL4,5,260356150,67896544,6,Oohlalouvre,1,0.0,2.94,1.0,1.41
2026-07-26,Sunshine Coast,R5 1000m CL4,5,260356150,68890253,3,Cutepi,2,0.0,9.13,0.0,2.77
2026-07-26,Sunshine Coast,R5 1000m CL4,5,260356150,82154744,5,Missile One,3,1.0,7.87,1.0,2.41
2026-07-26,Sunshine Coast,R5 1000m CL4,5,260356150,82154744,5,Missile One,4,1.0,7.87,1.0,2.41
2026-07-26,Sunshine Coast,R5 1000m CL4,5,260356150,99241849,1,Rose Noir,5,0.0,8.82,1.0,2.52
2026-07-26,Sunshine Coast,R6 1200m Hcap,6,260356154,4887574,2,Hopper,3,1.0,1.93,1.0,1.12
2026-07-26,Sunshine Coast,R6 1200m Hcap,6,260356154,39810978,3,I See You Coming,5,0.0,75.0,0.0,8.25
2026-07-26,Sunshine Coast,R6 1200m Hcap,6,260356154,73221117,6,Nepravda,1,0.0,4.48,1.0,1.38
2026-07-26,Sunshine Coast,R6 1200m Hcap,6,260356154,73952404,7,Bollinger Miss,2,0.0,7.2,0.0,1.61
2026-07-26,Sunshine Coast,R6 1200m Hcap,6,260356154,100957575,4,Surreal Ascot,4,0.0,9.73,1.0,2.03
2026-07-26,Sunshine Coast,R7 1600m Hcap,7,260356158,52385046,6,Ready Azz Eva,4,0.0,8.66,1.0,2.34
2026-07-26,Sunshine Coast,R7 1600m Hcap,7,260356158,61826537,3,Captain Eagle,5,0.0,5.3,1.0,1.97
2026-07-26,Sunshine Coast,R7 1600m Hcap,7,260356158,84472007,2,Barbray,1,1.0,2.78,1.0,1.37
2026-07-26,Sunshine Coast,R7 1600m Hcap,7,260356158,91806903,5,Buckenara,3,0.0,17.16,0.0,3.66
2026-07-26,Sunshine Coast,R7 1600m Hcap,7,260356158,100957576,8,Love To Torque,2,0.0,9.2,0.0,2.58
2026-07-26,Sunshine Coast,R8 1300m Hcap,8,260356162,59383376,1,Drialle,3,0.0,20.58,0.0,5.9
2026-07-26,Sunshine Coast,R8 1300m Hcap,8,260356162,60451576,10,Exceed Perfection,4,0.0,6.8,0.0,2.23
2026-07-26,Sunshine Coast,R8 1300m Hcap,8,260356162,70599780,2,Thunder Award,1,0.0,10.28,0.0,2.97
2026-07-26,Sunshine Coast,R8 1300m Hcap,8,260356162,80091673,4,Royal Gladiator,5,0.0,10.19,1.0,3.24
2026-07-26,Sunshine Coast,R8 1300m Hcap,8,260356162,100957579,9,Vovo,2,0.0,3.5,0.0,1.84
2026-07-26,Wodonga,R2 1200m Mdn,2,260356195,5653644,2,Masakari,3,0.0,4.01,0.0,1.71
2026-07-26,Wodonga,R2 1200m Mdn,2,260356195,59497796,7,Estival,4,0.0,10.5,1.0,2.91
2026-07-26,Wodonga,R2 1200m Mdn,2,260356195,83940334,1,Galagacisco,1,0.0,6.86,0.0,2.2
2026-07-26,Wodonga,R2 1200m Mdn,2,260356195,100957671,14,Andauto,5,0.0,9.8,0.0,2.96
2026-07-26,Wodonga,R2 1200m Mdn,2,260356195,100957673,16,Meritaten,2,0.0,11.4,1.0,3.2
2026-07-26,Wodonga,R3 1200m 2yo,3,260356202,766027,6,Glide,2,1.0,2.58,1.0,1.38
2026-07-26,Wodonga,R3 1200m 2yo,3,260356202,100957677,3,Frosted On,5,0.0,34.0,0.0,5.9
2026-07-26,Wodonga,R3 1200m 2yo,3,260356202,100957678,5,Vonnfire,4,0.0,140.0,0.0,20.0
2026-07-26,Wodonga,R3 1200m 2yo,3,260356202,100957679,7,Tauto Bar,3,0.0,6.13,1.0,1.71
2026-07-26,Wodonga,R3 1200m 2yo,3,260356202,100957680,8,Andres Girl,1,0.0,7.84,0.0,2.11
2026-07-26,Wodonga,R4 2050m Hcap,4,260356209,2265845,3,El Sordo,2,0.0,3.75,0.0,1.63
2026-07-26,Wodonga,R4 2050m Hcap,4,260356209,39880626,2,Just Landed,3,1.0,5.09,1.0,1.86
2026-07-26,Wodonga,R4 2050m Hcap,4,260356209,49949084,5,Master Polanski,1,0.0,11.39,0.0,3.29
2026-07-26,Wodonga,R4 2050m Hcap,4,260356209,69128389,4,Ideelistic,5,0.0,9.6,1.0,3.1
2026-07-26,Wodonga,R4 2050m Hcap,4,260356209,70170295,1,Dontcallmechamp,4,0.0,13.0,0.0,4.2
2026-07-26,Wodonga,R5 1590m Hcap,5,260356216,4281461,4,Under The Hat,1,0.0,13.0,0.0,3.4
2026-07-26,Wodonga,R5 1590m Hcap,5,260356216,72915980,12,Cortain,2,0.0,12.13,0.0,3.2
2026-07-26,Wodonga,R5 1590m Hcap,5,260356216,84733337,8,Frostration,3,1.0,3.97,1.0,1.77
2026-07-26,Wodonga,R5 1590m Hcap,5,260356216,93022098,5,Ziggy Starcraft,5,0.0,7.44,0.0,2.68
2026-07-26,Wodonga,R5 1590m Hcap,5,260356216,98995256,1,Blow On The Dice,4,0.0,6.88,1.0,2.44
2026-07-26,Wodonga,R6 1300m Hcap,6,260356223,41385580,10,Adki,2,0.0,6.54,0.0,2.4
2026-07-26,Wodonga,R6 1300m Hcap,6,260356223,80678462,6,Brutify,4,1.0,5.3,1.0,2.18
2026-07-26,Wodonga,R6 1300m Hcap,6,260356223,88150883,11,Miss Himalaya,5,0.0,10.0,0.0,3.0
2026-07-26,Wodonga,R6 1300m Hcap,6,260356223,89059686,1,King Incanto,3,0.0,5.0,0.0,1.96
2026-07-26,Wodonga,R6 1300m Hcap,6,260356223,100957686,3,Youarenotalone,1,0.0,5.5,1.0,2.22
2026-07-26,Wodonga,R7 1100m Hcap,7,260356230,47463306,12,Sweet N Spicy,1,0.0,20.92,0.0,4.9
2026-07-26,Wodonga,R7 1100m Hcap,7,260356230,73220725,11,First Division,3,1.0,4.9,1.0,2.08
2026-07-26,Wodonga,R7 1100m Hcap,7,260356230,80971913,5,Densetsu,2,0.0,9.2,1.0,3.21
2026-07-26,Wodonga,R7 1100m Hcap,7,260356230,88111392,8,Shadow Black,4,0.0,11.54,0.0,3.2
2026-07-26,Wodonga,R7 1100m Hcap,7,260356230,94688275,10,Shyleah,5,0.0,9.8,0.0,3.09
2026-07-27,Albury,R1 2000m CL1,1,260398531,36727569,4,Beached As Bro,4,1.0,9.0,1.0,1.86
2026-07-27,Albury,R1 2000m CL1,1,260398531,64832680,9,Sworntomymission,5,0.0,190.0,0.0,23.55
2026-07-27,Albury,R1 2000m CL1,1,260398531,86346655,2,Prophets Promise,1,0.0,4.15,1.0,1.46
2026-07-27,Albury,R1 2000m CL1,1,260398531,97726003,3,Spietata,2,0.0,3.44,1.0,1.37
2026-07-27,Albury,R1 2000m CL1,1,260398531,100957291,5,Untethered Soul,3,0.0,3.01,0.0,1.44
2026-07-27,Albury,R2 1175m Mdn,2,260398534,69161547,2,Brazen Martini,4,0.0,22.0,0.0,3.3
2026-07-27,Albury,R2 1175m Mdn,2,260398534,83446064,7,Wiser,2,0.0,5.93,0.0,1.8
2026-07-27,Albury,R2 1175m Mdn,2,260398534,100424488,4,Chipndale,1,1.0,2.27,1.0,1.47
2026-07-27,Albury,R2 1175m Mdn,2,260398534,100957294,5,Conargo,5,0.0,32.1,1.0,8.8
2026-07-27,Albury,R2 1175m Mdn,2,260398534,100957296,9,Ive Forgotten,3,0.0,7.18,0.0,2.0
2026-07-27,Albury,R3 1175m Mdn,3,260398537,93871487,8,Petroula,1,0.0,2.82,1.0,1.43
2026-07-27,Albury,R3 1175m Mdn,3,260398537,100957298,1,Brilliant Beagle,2,0.0,7.36,1.0,1.94
2026-07-27,Albury,R3 1175m Mdn,3,260398537,100957299,2,Classic Cracker,3,0.0,13.16,0.0,3.8
2026-07-27,Albury,R3 1175m Mdn,3,260398537,100957300,3,Coachella Lass,4,0.0,55.0,0.0,9.58
2026-07-27,Albury,R3 1175m Mdn,3,260398537,100957301,4,Jungle Lights,5,1.0,3.9,1.0,1.74
2026-07-27,Albury,R4 1500m Mdn,4,260398540,82602312,8,Prized Gesture,5,0.0,11.0,0.0,3.45
2026-07-27,Albury,R4 1500m Mdn,4,260398540,93870999,10,Sensesational Star,3,0.0,5.29,0.0,2.18
2026-07-27,Albury,R4 1500m Mdn,4,260398540,96965584,6,Manzobeel,1,1.0,5.7,1.0,3.55
2026-07-27,Albury,R4 1500m Mdn,4,260398540,96965584,6,Manzobeel,4,1.0,5.7,1.0,3.55
2026-07-27,Albury,R4 1500m Mdn,4,260398540,100957308,12,Step Quick,2,0.0,9.2,0.0,3.21
2026-07-27,Albury,R5 1600m Hcap,5,260398543,74038917,4,Sorry Sunshine,4,0.0,10.0,0.0,2.78
2026-07-27,Albury,R5 1600m Hcap,5,260398543,76612230,7,Desert Opal,2,1.0,9.84,1.0,2.84
2026-07-27,Albury,R5 1600m Hcap,5,260398543,81848035,2,Just Like Liam,1,0.0,4.38,0.0,1.83
2026-07-27,Albury,R5 1600m Hcap,5,260398543,83676572,5,Sundrop,3,0.0,9.8,0.0,3.2
2026-07-27,Albury,R5 1600m Hcap,5,260398543,88732846,6,Sunroe,5,0.0,5.6,1.0,2.16
2026-07-27,Albury,R6 1400m CL2,6,260398546,7324970,9,Apple Cider,5,0.0,7.13,1.0,1.83
2026-07-27,Albury,R6 1400m CL2,6,260398546,79767031,11,Ima Guru,1,0.0,4.8,0.0,2.04
2026-07-27,Albury,R6 1400m CL2,6,260398546,82344882,8,Grinzinger Nyx,4,0.0,10.0,0.0,2.28
2026-07-27,Albury,R6 1400m CL2,6,260398546,82602526,6,On Point Pixie,3,0.0,29.0,0.0,4.3
2026-07-27,Albury,R6 1400m CL2,6,260398546,85541268,4,Adasiti,2,0.0,2.79,1.0,1.33
2026-07-27,Albury,R7 1175m Hcap,7,260398549,1060682,6,Big Opinion,1,0.0,11.67,1.0,2.83
2026-07-27,Albury,R7 1175m Hcap,7,260398549,28658339,3,Narcissist,4,0.0,14.27,0.0,4.7
2026-07-27,Albury,R7 1175m Hcap,7,260398549,52148318,2,Toris Dee,2,0.0,9.03,0.0,2.64
2026-07-27,Albury,R7 1175m Hcap,7,260398549,87714730,10,Justenuffsplash,5,1.0,5.7,1.0,2.26
2026-07-27,Albury,R7 1175m Hcap,7,260398549,100957312,13,Hells Son,3,0.0,46.0,0.0,7.23
2026-07-27,Albury,R8 900m Hcap,8,260398552,8462668,2,Induction,3,0.0,4.64,1.0,1.48
2026-07-27,Albury,R8 900m Hcap,8,260398552,38486099,3,I Am Mamwaazel,5,0.0,36.0,0.0,7.99
2026-07-27,Albury,R8 900m Hcap,8,260398552,41901966,1,Risky Whisky,1,1.0,3.0,1.0,1.34
2026-07-27,Albury,R8 900m Hcap,8,260398552,100721220,4,Bargino,2,0.0,4.2,0.0,1.59
2026-07-27,Albury,R8 900m Hcap,8,260398552,100957315,6,Zetalyn,4,0.0,13.32,1.0,2.94
2026-07-27,Ballarat,R1 1000m Mdn,1,260401731,3703923,3,Strum,5,0.0,50.0,0.0,6.54
2026-07-27,Ballarat,R1 1000m Mdn,1,260401731,89101600,2,Pull My Finger,1,1.0,3.25,1.0,1.3
2026-07-27,Ballarat,R1 1000m Mdn,1,260401731,100993207,11,Tous,3,0.0,18.5,0.0,3.24
2026-07-27,Ballarat,R1 1000m Mdn,1,260401731,100993208,12,Daily Reward,2,0.0,2.23,0.0,1.21
2026-07-27,Ballarat,R1 1000m Mdn,1,260401731,100993209,13,Diamond Storm,4,0.0,20.0,0.0,3.85
2026-07-27,Ballarat,R2 1200m Mdn,2,260401739,12766621,3,Spiderman,4,0.0,11.0,0.0,3.1
2026-07-27,Ballarat,R2 1200m Mdn,2,260401739,91157870,5,Fake Fiction,5,0.0,9.39,0.0,2.8
2026-07-27,Ballarat,R2 1200m Mdn,2,260401739,100049789,1,Bohemian Star,1,1.0,2.44,1.0,1.35
2026-07-27,Ballarat,R2 1200m Mdn,2,260401739,100993213,8,Peace Seeker,2,0.0,16.5,1.0,3.85
2026-07-27,Ballarat,R2 1200m Mdn,2,260401739,100993216,11,Tiger Fox,3,0.0,29.74,0.0,5.5
2026-07-27,Ballarat,R3 1500m Mdn,3,260401747,66613943,7,Star Of Tennyson,5,0.0,27.0,0.0,4.59
2026-07-27,Ballarat,R3 1500m Mdn,3,260401747,78290328,11,Just Swift,3,0.0,6.4,1.0,1.79
2026-07-27,Ballarat,R3 1500m Mdn,3,260401747,99493348,4,Etched In Blue,4,0.0,51.58,1.0,7.07
2026-07-27,Ballarat,R3 1500m Mdn,3,260401747,100749605,2,Duperouzel,2,0.0,11.0,0.0,2.98
2026-07-27,Ballarat,R3 1500m Mdn,3,260401747,100993223,5,Flying Capital,1,1.0,1.93,1.0,1.14
2026-07-27,Ballarat,R4 2200m Mdn,4,260401755,5370659,7,Sitar,2,0.0,34.0,0.0,4.86
2026-07-27,Ballarat,R4 2200m Mdn,4,260401755,76052318,6,Rockin Dee Fox,5,0.0,12.01,0.0,2.4
2026-07-27,Ballarat,R4 2200m Mdn,4,260401755,76572733,4,Le Plus Rapide,4,0.0,9.4,1.0,1.96
2026-07-27,Ballarat,R4 2200m Mdn,4,260401755,88111612,1,Convaaya,3,0.0,2.94,1.0,1.3
2026-07-27,Ballarat,R4 2200m Mdn,4,260401755,92087938,8,Wolfoffitroystreet,1,1.0,2.52,1.0,1.26
2026-07-27,Ballarat,R5 2200m Hcap,5,260401763,3361646,5,Eight Under,1,0.0,15.0,1.0,3.42
2026-07-27,Ballarat,R5 2200m Hcap,5,260401763,49547187,9,Tradeworx,4,0.0,22.92,0.0,6.2
2026-07-27,Ballarat,R5 2200m Hcap,5,260401763,65823219,1,Ahab,3,0.0,4.26,1.0,1.83
2026-07-27,Ballarat,R5 2200m Hcap,5,260401763,83051203,7,Shes A Con,2,0.0,12.5,0.0,3.5
2026-07-27,Ballarat,R5 2200m Hcap,5,260401763,100993229,8,Grunnettan,5,0.0,38.0,0.0,7.2
2026-07-27,Ballarat,R6 1000m Hcap,6,260401771,4204401,6,Starburst,3,0.0,4.36,1.0,2.14
2026-07-27,Ballarat,R6 1000m Hcap,6,260401771,56873014,9,El Salto,5,0.0,12.49,0.0,3.7
2026-07-27,Ballarat,R6 1000m Hcap,6,260401771,78944522,3,Prince Marionette,4,0.0,19.0,0.0,4.7
2026-07-27,Ballarat,R6 1000m Hcap,6,260401771,83904238,5,Rosangela,1,1.0,6.2,1.0,2.66
2026-07-27,Ballarat,R6 1000m Hcap,6,260401771,100993231,7,Moaksun,2,0.0,8.16,1.0,2.38
2026-07-27,Ballarat,R7 1200m Hcap,7,260401779,4645610,7,Just Magic,1,0.0,4.48,1.0,1.73
2026-07-27,Ballarat,R7 1200m Hcap,7,260401779,57847308,8,Starmae,4,0.0,38.0,0.0,7.79
2026-07-27,Ballarat,R7 1200m Hcap,7,260401779,90524363,3,Battle Of The Ice,3,0.0,7.8,0.0,2.93
2026-07-27,Ballarat,R7 1200m Hcap,7,260401779,94060392,1,Masked Marauder,5,0.0,9.0,0.0,2.82
2026-07-27,Ballarat,R7 1200m Hcap,7,260401779,100993232,2,Bark,2,1.0,4.82,1.0,1.92
2026-07-27,Ballarat,R8 1200m Hcap,8,260401787,1059138,3,Aka Daka,2,0.0,3.4,0.0,1.78
2026-07-27,Ballarat,R8 1200m Hcap,8,260401787,77020816,2,Hellberg,5,0.0,26.68,1.0,6.28
2026-07-27,Ballarat,R8 1200m Hcap,8,260401787,80399497,11,Charities,3,0.0,45.18,0.0,11.11
2026-07-27,Ballarat,R8 1200m Hcap,8,260401787,100519794,1,Firerated,1,1.0,5.0,1.0,1.94
2026-07-27,Ballarat,R8 1200m Hcap,8,260401787,100993239,7,Faceoff,4,0.0,45.87,0.0,11.0
2026-07-27,Ballarat,R9 1500m Hcap,9,260401795,2263061,1,Validated,3,0.0,18.0,1.0,4.42
2026-07-27,Ballarat,R9 1500m Hcap,9,260401795,8655226,6,It Matters,5,0.0,12.17,0.0,3.6
2026-07-27,Ballarat,R9 1500m Hcap,9,260401795,44011983,3,Russian Roni,4,0.0,18.37,0.0,4.8
2026-07-27,Ballarat,R9 1500m Hcap,9,260401795,99171981,10,Forever Jeune,2,0.0,8.8,0.0,2.84
2026-07-27,Ballarat,R9 1500m Hcap,9,260401795,100993242,13,Give Some Lip,1,0.0,5.17,1.0,2.36
2026-07-27,Ballarat,R10 1500m Hcap,10,260401803,57148202,3,Power Cable,2,0.0,91.32,0.0,16.5
2026-07-27,Ballarat,R10 1500m Hcap,10,260401803,70632626,7,Swycho,1,0.0,13.5,1.0,3.4
2026-07-27,Ballarat,R10 1500m Hcap,10,260401803,82154170,5,Weather Delay,4,0.0,9.75,0.0,3.15
2026-07-27,Ballarat,R10 1500m Hcap,10,260401803,95621463,4,Quello Dorato,5,1.0,6.4,1.0,2.32
2026-07-27,Ballarat,R10 1500m Hcap,10,260401803,98018410,10,Wild Ruby,3,0.0,4.95,0.0,2.1
2026-07-28,Bathurst,R1 1400m Mdn,1,260429451,19530614,1,Gold Earth,3,0.0,8.0,1.0,1.91
2026-07-28,Bathurst,R1 1400m Mdn,1,260429451,76934409,3,Last Tour,1,0.0,6.4,0.0,1.61
2026-07-28,Bathurst,R1 1400m Mdn,1,260429451,80399044,6,Argantorati,5,0.0,24.2,0.0,3.94
2026-07-28,Bathurst,R1 1400m Mdn,1,260429451,91158015,4,The Champion,2,1.0,2.08,1.0,1.29
2026-07-28,Bathurst,R1 1400m Mdn,1,260429451,100992675,7,Disgruntled,4,0.0,24.81,1.0,4.0
2026-07-28,Bathurst,R2 1100m Mdn,2,260429454,75018527,7,Stormy Reign,3,0.0,61.16,0.0,6.28
2026-07-28,Bathurst,R2 1100m Mdn,2,260429454,97763294,5,Daisy Duck,2,0.0,48.47,0.0,5.42
2026-07-28,Bathurst,R2 1100m Mdn,2,260429454,100992678,1,Mr Cacciatore,4,1.0,3.1,1.0,1.3
2026-07-28,Bathurst,R2 1100m Mdn,2,260429454,100992680,6,Sky Goddess,5,0.0,17.97,0.0,3.3
2026-07-28,Bathurst,R2 1100m Mdn,2,260429454,100992681,8,Miners Mate,1,0.0,4.6,0.0,1.66
2026-07-28,Bathurst,R3 1200m Mdn,3,260429457,2901572,2,Silver Summit,3,0.0,28.13,0.0,4.35
2026-07-28,Bathurst,R3 1200m Mdn,3,260429457,99769742,7,Denises Gal,1,0.0,2.03,1.0,1.15
2026-07-28,Bathurst,R3 1200m Mdn,3,260429457,100487008,1,Piacentini,2,0.0,40.0,0.0,4.13
2026-07-28,Bathurst,R3 1200m Mdn,3,260429457,100992683,4,Let Up,5,1.0,4.3,1.0,1.61
2026-07-28,Bathurst,R3 1200m Mdn,3,260429457,100992684,5,Moonlit Timber,4,0.0,44.0,0.0,5.6
2026-07-28,Bathurst,R4 1400m CL1,4,260429460,83868207,1,Yes Siree,4,1.0,3.01,1.0,1.33
2026-07-28,Bathurst,R4 1400m CL1,4,260429460,93021766,5,Brass Monkeys,3,0.0,6.84,0.0,3.55
2026-07-28,Bathurst,R4 1400m CL1,4,260429460,98708706,2,Comic Culture,2,0.0,4.8,0.0,1.49
2026-07-28,Bathurst,R4 1400m CL1,4,260429460,100292595,6,Sellicks Beach,1,0.0,9.16,1.0,2.44
2026-07-28,Bathurst,R4 1400m CL1,4,260429460,100693197,7,Son Of Eureka,5,0.0,17.51,0.0,3.48
2026-07-28,Bathurst,R5 1800m Hcap,5,260429463,59186701,1,Shadow Dane,1,0.0,34.59,0.0,5.3
2026-07-28,Bathurst,R5 1800m Hcap,5,260429463,64997593,6,Devine Outcast,3,0.0,9.94,1.0,2.96
2026-07-28,Bathurst,R5 1800m Hcap,5,260429463,74299321,9,Own Them,5,0.0,10.75,0.0,3.26
2026-07-28,Bathurst,R5 1800m Hcap,5,260429463,93239699,2,Like Lukey,2,0.0,7.8,0.0,2.61
2026-07-28,Bathurst,R5 1800m Hcap,5,260429463,100992687,10,Italus,4,0.0,2.54,1.0,1.35
2026-07-28,Bathurst,R6 1100m Hcap,6,260429466,63572729,8,Pretty Sassy,3,0.0,42.0,0.0,7.84
2026-07-28,Bathurst,R6 1100m Hcap,6,260429466,81746466,7,Noctua,2,0.0,18.5,0.0,5.62
2026-07-28,Bathurst,R6 1100m Hcap,6,260429466,82818860,5,Rileycat,4,1.0,9.26,1.0,2.95
2026-07-28,Bathurst,R6 1100m Hcap,6,260429466,100992689,2,Gail Jeanette,5,0.0,5.01,0.0,2.07
2026-07-28,Bathurst,R6 1100m Hcap,6,260429466,100992690,12,Nabha,1,0.0,7.07,0.0,2.39
2026-07-28,Bathurst,R7 1300m Hcap,7,260429469,67855578,7,Miss Karis,1,0.0,16.63,0.0,3.9
2026-07-28,Bathurst,R7 1300m Hcap,7,260429469,78755410,4,Mrs Bull,3,0.0,14.0,0.0,3.46
2026-07-28,Bathurst,R7 1300m Hcap,7,260429469,79292096,2,Jamacri,2,0.0,24.0,0.0,4.4
2026-07-28,Bathurst,R7 1300m Hcap,7,260429469,100992693,1,De Joker,5,0.0,2.32,1.0,1.36
2026-07-28,Bathurst,R7 1300m Hcap,7,260429469,100992697,17,East Harlem,4,0.0,22.2,0.0,5.5
2026-07-28,Swan Hill,R1 975m 3yo,1,260429474,87767428,7,Hello Mistress,2,0.0,1.72,1.0,1.11
2026-07-28,Swan Hill,R1 975m 3yo,1,260429474,100993248,1,Four On The Floor,4,0.0,18.45,0.0,2.76
2026-07-28,Swan Hill,R1 975m 3yo,1,260429474,100993249,2,Gosling,3,0.0,11.84,0.0,2.9
2026-07-28,Swan Hill,R1 975m 3yo,1,260429474,100993252,5,Cicconi Rain,1,1.0,4.8,1.0,1.39
2026-07-28,Swan Hill,R1 975m 3yo,1,260429474,100993253,6,Divine Reine,5,0.0,47.34,0.0,5.98
2026-07-28,Swan Hill,R2 975m Mdn,2,260429482,76706802,1,Excelaot,1,0.0,16.0,0.0,2.84
2026-07-28,Swan Hill,R2 975m Mdn,2,260429482,79021852,6,Upinthecity,4,0.0,90.92,0.0,8.39
2026-07-28,Swan Hill,R2 975m Mdn,2,260429482,100993258,7,Inside Word,2,0.0,2.5,0.0,1.26
2026-07-28,Swan Hill,R2 975m Mdn,2,260429482,100993259,8,Ride Like Michelle,3,1.0,5.0,1.0,1.59
2026-07-28,Swan Hill,R2 975m Mdn,2,260429482,100993260,9,What Once Was,5,0.0,3.3,1.0,1.27
2026-07-28,Swan Hill,R3 1300m Mdn,3,260429490,2287840,6,Apache Sunrise,1,0.0,6.06,1.0,2.12
2026-07-28,Swan Hill,R3 1300m Mdn,3,260429490,3298041,10,Thinker,2,0.0,14.42,0.0,3.85
2026-07-28,Swan Hill,R3 1300m Mdn,3,260429490,100993261,2,Bozza,5,0.0,9.24,0.0,2.52
2026-07-28,Swan Hill,R3 1300m Mdn,3,260429490,100993262,7,Budjik Queen,3,1.0,2.63,1.0,1.57
2026-07-28,Swan Hill,R3 1300m Mdn,3,260429490,100993267,14,Malastrana,4,0.0,9.87,0.0,3.29
2026-07-28,Swan Hill,R4 1600m Mdn,4,260429498,85756234,9,Wazza,1,1.0,2.26,1.0,1.31
2026-07-28,Swan Hill,R4 1600m Mdn,4,260429498,99025405,3,Fierce Fiasco,4,0.0,8.0,1.0,2.1
2026-07-28,Swan Hill,R4 1600m Mdn,4,260429498,100885648,5,Pappa Ritch,2,0.0,5.92,0.0,1.95
2026-07-28,Swan Hill,R4 1600m Mdn,4,260429498,100993272,1,Bouchereign,3,0.0,13.0,0.0,3.7
2026-07-28,Swan Hill,R4 1600m Mdn,4,260429498,100993278,13,Talavera,5,0.0,29.0,0.0,5.7
2026-07-28,Swan Hill,R5 2400m Hcap,5,260429506,56127217,7,Verifier,1,0.0,3.74,1.0,1.72
2026-07-28,Swan Hill,R5 2400m Hcap,5,260429506,63084235,8,Iffycould,3,0.0,17.04,0.0,4.2
2026-07-28,Swan Hill,R5 2400m Hcap,5,260429506,87424323,1,Haaland,5,0.0,6.6,1.0,2.42
2026-07-28,Swan Hill,R5 2400m Hcap,5,260429506,98996161,6,Intuitu,4,0.0,60.63,0.0,13.5
2026-07-28,Swan Hill,R5 2400m Hcap,5,260429506,100993279,2,Nottolook,2,1.0,5.61,1.0,2.28
2026-07-28,Swan Hill,R6 975m Hcap,6,260429514,6963259,10,Meet Me Halfway,4,0.0,8.04,1.0,2.39
2026-07-28,Swan Hill,R6 975m Hcap,6,260429514,89060737,2,Monix,5,1.0,3.41,1.0,1.51
2026-07-28,Swan Hill,R6 975m Hcap,6,260429514,97242579,6,Morning Ralph,3,0.0,14.19,0.0,3.64
2026-07-28,Swan Hill,R6 975m Hcap,6,260429514,100993283,4,Les Garcons,1,0.0,3.55,0.0,1.55
2026-07-28,Swan Hill,R6 975m Hcap,6,260429514,100993285,9,Tesoro Mio,2,0.0,8.69,0.0,2.61
2026-07-28,Swan Hill,R7 1200m Hcap,7,260429522,638962,3,National Code,4,0.0,2.69,1.0,1.51
2026-07-28,Swan Hill,R7 1200m Hcap,7,260429522,63859334,8,Sistine Tunnel,3,0.0,20.49,0.0,4.86
2026-07-28,Swan Hill,R7 1200m Hcap,7,260429522,66032889,2,Vilnius,2,0.0,7.94,0.0,2.14
2026-07-28,Swan Hill,R7 1200m Hcap,7,260429522,78534741,12,Sunday Fun Day,5,1.0,12.0,1.0,2.98
2026-07-28,Swan Hill,R7 1200m Hcap,7,260429522,100519514,6,Bonfire Jimmy,1,0.0,5.0,1.0,1.85
2026-07-28,Swan Hill,R8 1300m Hcap,8,260429530,3630333,3,Shooter Mcgavin,4,0.0,8.88,0.0,2.89
2026-07-28,Swan Hill,R8 1300m Hcap,8,260429530,65292617,8,Sacramental,2,1.0,5.96,1.0,2.01
2026-07-28,Swan Hill,R8 1300m Hcap,8,260429530,87988314,4,Strike Gold,3,0.0,29.31,0.0,6.8
2026-07-28,Swan Hill,R8 1300m Hcap,8,260429530,97449187,12,Break The Taboo,5,0.0,9.76,0.0,3.1
2026-07-28,Swan Hill,R8 1300m Hcap,8,260429530,98418547,16,Naval Force,1,0.0,13.6,0.0,3.7
2026-07-29,Belmont,R1 1000m Mdn,1,260470610,92162308,7,Properata,3,1.0,2.48,1.0,1.24
2026-07-29,Belmont,R1 1000m Mdn,1,260470610,101101355,2,Dont Doubt Rupert,2,0.0,14.5,0.0,3.4
2026-07-29,Belmont,R1 1000m Mdn,1,260470610,101101356,3,Bubbles In Rio,5,0.0,11.5,0.0,2.58
2026-07-29,Belmont,R1 1000m Mdn,1,260470610,101101357,4,Vienna Calling,1,0.0,7.02,1.0,2.1
2026-07-29,Belmont,R1 1000m Mdn,1,260470610,101101359,6,Chile Gal,4,0.0,14.0,0.0,3.25
2026-07-29,Belmont,R2 1200m 3yo,2,260470619,3867841,1,Flash Dancer,3,1.0,4.8,1.0,1.88
2026-07-29,Belmont,R2 1200m 3yo,2,260470619,86822124,2,Just Walter John,4,0.0,3.5,0.0,1.44
2026-07-29,Belmont,R2 1200m 3yo,2,260470619,89266028,7,Tiger Tank,5,0.0,34.29,0.0,6.0
2026-07-29,Belmont,R2 1200m 3yo,2,260470619,92744608,3,Sunset Session,2,0.0,6.4,1.0,2.12
2026-07-29,Belmont,R2 1200m 3yo,2,260470619,99920802,5,Bookends,1,0.0,3.35,0.0,1.37
2026-07-29,Belmont,R3 1200m 2yo,3,260470628,13412865,1,Marcos,3,1.0,7.53,1.0,2.3
2026-07-29,Belmont,R3 1200m 2yo,3,260470628,101101328,2,Crypto Conqueror,4,0.0,15.6,0.0,4.08
2026-07-29,Belmont,R3 1200m 2yo,3,260470628,101101329,4,Super God,1,0.0,9.41,0.0,3.28
2026-07-29,Belmont,R3 1200m 2yo,3,260470628,101101330,5,Manhattan Squeeze,5,0.0,12.98,1.0,2.79
2026-07-29,Belmont,R3 1200m 2yo,3,260470628,101101332,7,Pucker Up,2,0.0,2.83,1.0,1.44
2026-07-29,Belmont,R4 1200m 2yo,4,260470637,101101341,1,Force Field,2,0.0,28.0,1.0,5.5
2026-07-29,Belmont,R4 1200m 2yo,4,260470637,101101342,3,Wickiup,1,0.0,9.2,0.0,2.72
2026-07-29,Belmont,R4 1200m 2yo,4,260470637,101101343,4,Blue Sparx,5,0.0,3.2,1.0,1.72
2026-07-29,Belmont,R4 1200m 2yo,4,260470637,101101344,5,May The Gods,3,0.0,146.87,0.0,22.0
2026-07-29,Belmont,R4 1200m 2yo,4,260470637,101101347,8,Biscuits,4,0.0,21.0,0.0,4.6
2026-07-29,Belmont,R5 1200m CL1,5,260470646,4830896,2,Western Jet,5,0.0,6.0,0.0,1.94
2026-07-29,Belmont,R5 1200m CL1,5,260470646,92699292,9,White Hot,2,0.0,10.82,0.0,2.91
2026-07-29,Belmont,R5 1200m CL1,5,260470646,101101362,1,Silent Diva,1,0.0,2.92,0.0,1.42
2026-07-29,Belmont,R5 1200m CL1,5,260470646,101101363,5,Star Supreme,3,0.0,25.81,0.0,5.67
2026-07-29,Belmont,R5 1200m CL1,5,260470646,101101364,8,Written Words,4,0.0,42.0,0.0,8.37
2026-07-29,Belmont,R6 1700m CL1,6,260470655,1120134,2,Double The Fun,5,1.0,8.4,1.0,2.4
2026-07-29,Belmont,R6 1700m CL1,6,260470655,2983700,4,American Image,2,0.0,2.77,0.0,1.29
2026-07-29,Belmont,R6 1700m CL1,6,260470655,77083399,11,Ginger And Tonic,4,0.0,35.53,0.0,5.09
2026-07-29,Belmont,R6 1700m CL1,6,260470655,99920825,6,Lady Money Talk,3,0.0,14.76,1.0,3.46
2026-07-29,Belmont,R6 1700m CL1,6,260470655,101101366,5,Conchettas Dream,1,0.0,3.03,1.0,1.36
2026-07-29,Belmont,R7 1000m Hcap,7,260470664,62295319,5,Wicked Venom,4,0.0,11.0,0.0,2.68
2026-07-29,Belmont,R7 1000m Hcap,7,260470664,70386833,2,Kings Honour,5,0.0,29.0,0.0,5.3
2026-07-29,Belmont,R7 1000m Hcap,7,260470664,87166001,11,Mai Aloha,1,1.0,2.16,1.0,1.32
2026-07-29,Belmont,R7 1000m Hcap,7,260470664,87989940,9,Eternal Wine,3,0.0,13.96,1.0,3.35
2026-07-29,Belmont,R7 1000m Hcap,7,260470664,89886760,8,Elite Beau,2,0.0,10.5,0.0,2.89
2026-07-29,Belmont,R8 1400m CL3,8,260470673,61250598,2,Romantic Ruler,3,1.0,12.0,1.0,3.1
2026-07-29,Belmont,R8 1400m CL3,8,260470673,85251262,8,Radiant Light,4,0.0,5.43,0.0,2.1
2026-07-29,Belmont,R8 1400m CL3,8,260470673,101101369,1,Rainline,1,0.0,5.4,1.0,2.06
2026-07-29,Belmont,R8 1400m CL3,8,260470673,101101370,4,Choux Shoe,5,0.0,18.0,0.0,4.6
2026-07-29,Belmont,R8 1400m CL3,8,260470673,101101372,7,Streak Of God,2,0.0,5.11,0.0,2.35
2026-07-29,Belmont,R9 1400m CL3,9,260470682,74745324,4,Main Act,3,0.0,13.0,0.0,3.25
2026-07-29,Belmont,R9 1400m CL3,9,260470682,82018926,6,Jazalot,5,1.0,20.64,1.0,4.3
2026-07-29,Belmont,R9 1400m CL3,9,260470682,92087981,3,Refemme No Angel,1,0.0,1.93,1.0,1.18
2026-07-29,Belmont,R9 1400m CL3,9,260470682,100165025,1,Articole,4,0.0,5.14,1.0,1.6
2026-07-29,Belmont,R9 1400m CL3,9,260470682,101101373,2,Great Emotion,2,0.0,16.52,0.0,3.83
2026-07-29,Darwin,R1 1600m Hcap,1,260506551,497778,4,Mr Jones,4,0.0,34.0,0.0,5.97
2026-07-29,Darwin,R1 1600m Hcap,1,260506551,39800313,1,Beau Factor,1,0.0,9.28,0.0,2.5
2026-07-29,Darwin,R1 1600m Hcap,1,260506551,65052307,6,Anphina,3,0.0,8.76,0.0,2.52
2026-07-29,Darwin,R1 1600m Hcap,1,260506551,66069409,3,Biden Time,2,1.0,2.88,1.0,1.6
2026-07-29,Darwin,R1 1600m Hcap,1,260506551,101101078,2,Garrix,5,0.0,7.8,1.0,2.3
2026-07-29,Darwin,R2 1600m Hcap,2,260506554,1439968,7,Danger Man,5,0.0,130.0,0.0,15.0
2026-07-29,Darwin,R2 1600m Hcap,2,260506554,4494217,2,Hopeless Romantic,2,0.0,5.65,1.0,1.55
2026-07-29,Darwin,R2 1600m Hcap,2,260506554,11161129,1,Stompem,1,1.0,2.9,1.0,1.38
2026-07-29,Darwin,R2 1600m Hcap,2,260506554,58454214,5,Kieffer,3,0.0,15.0,0.0,2.58
2026-07-29,Darwin,R2 1600m Hcap,2,260506554,99459814,4,The Accelator,4,0.0,17.99,0.0,3.0
2026-07-29,Darwin,R3 1200m Hcap,3,260506557,1526327,6,Romantic Love,1,0.0,4.42,0.0,2.84
2026-07-29,Darwin,R3 1200m Hcap,3,260506557,64763297,7,If I Was You,2,0.0,4.81,0.0,2.38
2026-07-29,Darwin,R3 1200m Hcap,3,260506557,73370930,2,Limited Risk,4,0.0,18.71,1.0,6.5
2026-07-29,Darwin,R3 1200m Hcap,3,260506557,79738054,5,Galaxy General,3,0.0,3.94,0.0,2.39
2026-07-29,Darwin,R3 1200m Hcap,3,260506557,95919108,3,Cap Ten,5,0.0,15.55,0.0,6.6
2026-07-29,Darwin,R4 1100m CL2,4,260506560,6388413,1,All Inclusive,3,0.0,2.58,0.0,1.71
2026-07-29,Darwin,R4 1100m CL2,4,260506560,64051790,9,Private Tender,5,0.0,149.78,0.0,13.0
2026-07-29,Darwin,R4 1100m CL2,4,260506560,84374166,4,Southampton Flare,4,1.0,13.0,1.0,2.95
2026-07-29,Darwin,R4 1100m CL2,4,260506560,90181634,2,Order Online,1,0.0,3.75,1.0,1.78
2026-07-29,Darwin,R4 1100m CL2,4,260506560,96965642,8,Charlie Magic,2,0.0,11.6,0.0,3.37
2026-07-29,Darwin,R5 1100m Hcap,5,260506563,1283005,2,Down The Wicket,4,0.0,3.69,1.0,1.7
2026-07-29,Darwin,R5 1100m Hcap,5,260506563,5597305,4,Miami Vice,5,0.0,14.0,0.0,5.5
2026-07-29,Darwin,R5 1100m Hcap,5,260506563,6491892,3,Juice Box,3,0.0,8.95,0.0,3.49
2026-07-29,Darwin,R5 1100m Hcap,5,260506563,42879276,1,Real Valentia,2,0.0,17.46,0.0,4.8
2026-07-29,Darwin,R5 1100m Hcap,5,260506563,101101080,6,Littlebourkestreet,1,1.0,1.97,1.0,1.34
2026-07-29,Darwin,R6 1300m Mdn,6,260506566,1022305,6,Entrapment,1,1.0,3.29,1.0,1.69
2026-07-29,Darwin,R6 1300m Mdn,6,260506566,93612808,1,Brave Heritage,4,0.0,39.55,0.0,6.2
2026-07-29,Darwin,R6 1300m Mdn,6,260506566,95301683,2,Saxon Beach,5,0.0,33.71,1.0,4.88
2026-07-29,Darwin,R6 1300m Mdn,6,260506566,97243022,4,Meet Me At The Bar,2,0.0,7.4,0.0,2.2
2026-07-29,Darwin,R6 1300m Mdn,6,260506566,101101081,8,Forever A Diamond,3,0.0,3.25,1.0,1.5
2026-07-29,Darwin,R7 1300m Hcap,7,260506569,39733436,10,Princess Pancakes,5,0.0,150.03,0.0,19.5
2026-07-29,Darwin,R7 1300m Hcap,7,260506569,66544246,6,Orion The Hunter,4,0.0,18.29,0.0,3.58
2026-07-29,Darwin,R7 1300m Hcap,7,260506569,78976666,2,Wallenda,2,0.0,3.93,0.0,1.61
2026-07-29,Darwin,R7 1300m Hcap,7,260506569,92996816,7,Anson Bay,1,1.0,3.17,1.0,1.71
2026-07-29,Darwin,R7 1300m Hcap,7,260506569,100232784,5,Awash,3,0.0,81.59,0.0,11.5
2026-07-29,Eagle Farm,,1,260468940,5339088,1,Benefit Of Doubt,5,,,,
2026-07-29,Eagle Farm,R1 1200m 2yo,1,260468940,92744457,8,Iransofar,4,1.0,7.79,1.0,2.15
2026-07-29,Eagle Farm,R1 1200m 2yo,1,260468940,101100595,4,Metal Boss,2,0.0,2.62,1.0,1.33
2026-07-29,Eagle Farm,R1 1200m 2yo,1,260468940,101100596,6,Xtravagant Johnny,3,0.0,4.19,0.0,1.51
2026-07-29,Eagle Farm,R1 1200m 2yo,1,260468940,101100598,10,Winning Harlow,1,0.0,27.36,0.0,4.65
2026-07-29,Eagle Farm,R2 1200m 2yo,2,260468949,4504624,10,Sarigan,1,0.0,2.54,0.0,1.34
2026-07-29,Eagle Farm,R2 1200m 2yo,2,260468949,95809428,5,Threeeyedwitch,4,0.0,60.0,0.0,6.41
2026-07-29,Eagle Farm,R2 1200m 2yo,2,260468949,101100599,1,Bauhinian Prayers,2,0.0,8.49,0.0,2.53
2026-07-29,Eagle Farm,R2 1200m 2yo,2,260468949,101100600,3,Flying Return,5,0.0,24.0,0.0,5.0
2026-07-29,Eagle Farm,R2 1200m 2yo,2,260468949,101100604,8,Exceed The Sale,3,1.0,3.61,1.0,1.43
2026-07-29,Eagle Farm,R3 1000m Mdn,3,260468958,5672488,2,Solvent,2,0.0,1.84,1.0,1.23
2026-07-29,Eagle Farm,R3 1000m Mdn,3,260468958,101100607,1,Money Maestro,3,0.0,10.95,0.0,3.54
2026-07-29,Eagle Farm,R3 1000m Mdn,3,260468958,101100610,5,Super Luck Dragon,1,1.0,3.15,1.0,1.59
2026-07-29,Eagle Farm,R3 1000m Mdn,3,260468958,101100611,6,Secret Suspicion,4,0.0,27.0,0.0,7.75
2026-07-29,Eagle Farm,R3 1000m Mdn,3,260468958,101100612,7,Cool Thoughts,5,0.0,250.0,0.0,43.94
2026-07-29,Eagle Farm,R4 1000m 3yo,4,260468967,86389058,5,Ceretti,3,0.0,6.2,0.0,2.26
2026-07-29,Eagle Farm,R4 1000m 3yo,4,260468967,99493858,4,Agadoo,1,0.0,6.79,1.0,1.95
2026-07-29,Eagle Farm,R4 1000m 3yo,4,260468967,101100613,3,Veomas,2,0.0,7.01,0.0,2.85
2026-07-29,Eagle Farm,R4 1000m 3yo,4,260468967,101100616,9,Mimis,5,1.0,11.5,1.0,3.39
2026-07-29,Eagle Farm,R4 1000m 3yo,4,260468967,101100617,10,Snitzstream,4,0.0,9.2,0.0,3.15
2026-07-29,Eagle Farm,R5 1800m Hcap,5,260468976,10933270,2,Mistressofillusion,3,0.0,36.0,0.0,5.99
2026-07-29,Eagle Farm,R5 1800m Hcap,5,260468976,17311401,6,Barcelo,4,0.0,11.5,1.0,2.88
2026-07-29,Eagle Farm,R5 1800m Hcap,5,260468976,17311401,6,Barcelo,5,0.0,11.5,1.0,2.88
2026-07-29,Eagle Farm,R5 1800m Hcap,5,260468976,79257678,1,Zambezi Khan,2,1.0,26.0,1.0,4.75
2026-07-29,Eagle Farm,R5 1800m Hcap,5,260468976,101100618,5,Natoya,1,0.0,2.35,1.0,1.35
2026-07-29,Eagle Farm,R6 1200m Hcap,6,260468985,53946737,5,Oberoi Princess,2,0.0,10.71,1.0,2.88
2026-07-29,Eagle Farm,R6 1200m Hcap,6,260468985,60779534,6,Mishani Ego,5,0.0,48.76,0.0,7.3
2026-07-29,Eagle Farm,R6 1200m Hcap,6,260468985,64796288,1,Mean Approach,1,1.0,2.77,1.0,1.42
2026-07-29,Eagle Farm,R6 1200m Hcap,6,260468985,75118129,4,Freeland,3,0.0,4.44,0.0,1.69
2026-07-29,Eagle Farm,R6 1200m Hcap,6,260468985,88069514,7,Not Surprised,4,0.0,14.25,0.0,3.26
2026-07-29,Eagle Farm,R7 1600m 3yo,7,260468994,81812410,6,Pink Vixen,2,1.0,10.5,1.0,2.98
2026-07-29,Eagle Farm,R7 1600m 3yo,7,260468994,84732669,2,Giapponese,1,0.0,12.12,0.0,2.96
2026-07-29,Eagle Farm,R7 1600m 3yo,7,260468994,89392330,1,Crusader Voyage,5,0.0,3.56,0.0,1.58
2026-07-29,Eagle Farm,R7 1600m 3yo,7,260468994,92161866,7,Vandevelde,3,0.0,2.96,1.0,1.51
2026-07-29,Eagle Farm,R7 1600m 3yo,7,260468994,101100619,5,Voodoo Lass,4,0.0,12.0,0.0,3.35
2026-07-29,Eagle Farm,R8 1400m Hcap,8,260469003,3582390,8,Headhunter,2,0.0,6.44,1.0,2.36
2026-07-29,Eagle Farm,R8 1400m Hcap,8,260469003,60264775,6,Roguery,3,0.0,35.66,0.0,8.15
2026-07-29,Eagle Farm,R8 1400m Hcap,8,260469003,71904890,1,Aldolfito,5,0.0,15.0,0.0,3.97
2026-07-29,Eagle Farm,R8 1400m Hcap,8,260469003,101100623,4,Pure Alpha,1,0.0,13.0,0.0,3.63
2026-07-29,Eagle Farm,R8 1400m Hcap,8,260469003,101100624,7,Our Smokeshow,4,0.0,36.16,0.0,7.2
2026-07-29,Eagle Farm,R9 1600m CL1,9,260469012,88289952,2,Crypto Magic,4,0.0,60.0,0.0,8.4
2026-07-29,Eagle Farm,R9 1600m CL1,9,260469012,90755938,4,Hard As Brok,1,0.0,14.11,0.0,3.63
2026-07-29,Eagle Farm,R9 1600m CL1,9,260469012,92460007,1,Dust Cloud,2,1.0,3.51,1.0,1.66
2026-07-29,Eagle Farm,R9 1600m CL1,9,260469012,98709138,10,Love Rebel,3,0.0,7.7,1.0,2.08
2026-07-29,Eagle Farm,R9 1600m CL1,9,260469012,101100625,3,Iconify,5,0.0,33.6,0.0,6.4
2026-07-29,Randwick,R1 1550m Mdn,1,260470533,90285904,3,Artgirl,3,0.0,4.5,1.0,1.39
2026-07-29,Randwick,R1 1550m Mdn,1,260470533,99141883,2,Claudel,2,0.0,2.96,0.0,1.24
2026-07-29,Randwick,R1 1550m Mdn,1,260470533,101101117,6,Crown Of Fire,1,1.0,3.33,1.0,1.45
2026-07-29,Randwick,R1 1550m Mdn,1,260470533,101101118,7,Gold Globe,4,0.0,85.02,1.0,8.85
2026-07-29,Randwick,R1 1550m Mdn,1,260470533,101101119,8,Ironblood Empress,5,0.0,9.6,0.0,2.62
2026-07-29,Randwick,R2 2400m Hcap,2,260470542,75757931,7,My Greek God,3,0.0,8.78,0.0,2.38
2026-07-29,Randwick,R2 2400m Hcap,2,260470542,78756106,1,Elle Hudson,2,1.0,2.82,1.0,1.27
2026-07-29,Randwick,R2 2400m Hcap,2,260470542,81221402,4,War Ribbon,1,0.0,3.0,1.0,1.35
2026-07-29,Randwick,R2 2400m Hcap,2,260470542,87415983,3,Sablonneuse,5,0.0,11.0,0.0,2.31
2026-07-29,Randwick,R2 2400m Hcap,2,260470542,100519732,2,Bellini Spritz,4,0.0,14.0,0.0,3.5
2026-07-29,Randwick,R3 1100m Mdn,3,260470551,36527756,4,Amazone,4,0.0,46.0,0.0,6.74
2026-07-29,Randwick,R3 1100m Mdn,3,260470551,100632187,13,Sequinned,3,1.0,12.5,1.0,2.34
2026-07-29,Randwick,R3 1100m Mdn,3,260470551,101101124,7,Epic Legend,5,0.0,85.27,0.0,10.24
2026-07-29,Randwick,R3 1100m Mdn,3,260470551,101101125,8,Eviction Notice,1,0.0,2.42,1.0,1.24
2026-07-29,Randwick,R3 1100m Mdn,3,260470551,101101127,12,Threads,2,0.0,12.03,0.0,2.16
2026-07-29,Randwick,R4 1550m Hcap,4,260470560,79195733,7,Emballee,5,0.0,30.61,0.0,4.52
2026-07-29,Randwick,R4 1550m Hcap,4,260470560,92504114,6,Cuesta,4,0.0,5.2,0.0,1.64
2026-07-29,Randwick,R4 1550m Hcap,4,260470560,95301266,1,Concordia Wind,3,1.0,5.7,1.0,1.82
2026-07-29,Randwick,R4 1550m Hcap,4,260470560,99919444,2,Deep Pleasure,1,0.0,2.54,1.0,1.37
2026-07-29,Randwick,R4 1550m Hcap,4,260470560,101101131,3,Miss Kim Kar,2,0.0,7.84,0.0,2.58
2026-07-29,Randwick,R5 1550m Hcap,5,260470569,2569809,7,Charleroi,4,0.0,6.37,0.0,1.95
2026-07-29,Randwick,R5 1550m Hcap,5,260470569,72850453,1,Conchiero,5,0.0,9.2,1.0,3.06
2026-07-29,Randwick,R5 1550m Hcap,5,260470569,81747548,2,Interjection,2,0.0,7.81,0.0,2.04
2026-07-29,Randwick,R5 1550m Hcap,5,260470569,84471472,4,Champagne Hero,1,1.0,2.83,1.0,1.35
2026-07-29,Randwick,R5 1550m Hcap,5,260470569,101101134,9,Roma Green,3,0.0,8.37,0.0,3.29
2026-07-29,Randwick,R6 1000m Hcap,6,260470578,4978264,4,Albany Road,5,0.0,8.21,0.0,3.22
2026-07-29,Randwick,R6 1000m Hcap,6,260470578,79455774,3,Century Song,3,0.0,8.8,0.0,2.52
2026-07-29,Randwick,R6 1000m Hcap,6,260470578,85778332,5,Rantan,1,0.0,3.91,1.0,1.99
2026-07-29,Randwick,R6 1000m Hcap,6,260470578,86975836,9,Speck,4,0.0,42.0,0.0,6.47
2026-07-29,Randwick,R6 1000m Hcap,6,260470578,101101135,10,Navy Steel,2,0.0,55.0,0.0,9.06
2026-07-29,Randwick,R7 1300m Hcap,7,260470587,370654,10,Transcend,2,0.0,4.2,0.0,1.91
2026-07-29,Randwick,R7 1300m Hcap,7,260470587,1197003,3,Engine Room,3,0.0,3.39,0.0,1.73
2026-07-29,Randwick,R7 1300m Hcap,7,260470587,88289836,11,Mamushka,1,0.0,5.02,0.0,1.85
2026-07-29,Randwick,R7 1300m Hcap,7,260470587,89591727,5,Stagnum,5,0.0,11.0,0.0,3.65
2026-07-29,Randwick,R7 1300m Hcap,7,260470587,99241600,2,Balkans,4,0.0,115.29,0.0,18.54
2026-07-29,Sandown,R1 1200m Hcap,1,260468741,5086670,10,Miss Lola,1,1.0,4.44,1.0,1.87
2026-07-29,Sandown,R1 1200m Hcap,1,260468741,42561033,3,Zethus,2,0.0,30.0,0.0,6.33
2026-07-29,Sandown,R1 1200m Hcap,1,260468741,78230321,2,Regal Might,5,0.0,6.97,0.0,2.24
2026-07-29,Sandown,R1 1200m Hcap,1,260468741,88330191,5,Star Trip,3,0.0,8.88,1.0,2.94
2026-07-29,Sandown,R1 1200m Hcap,1,260468741,101100966,6,Satin Diva,4,0.0,9.55,0.0,3.08
2026-07-29,Sandown,R2 1000m Hcap,2,260468750,3625784,5,Tower Bridge,2,0.0,7.6,0.0,2.64
2026-07-29,Sandown,R2 1000m Hcap,2,260468750,4671301,2,Umgawa,5,0.0,88.22,0.0,12.0
2026-07-29,Sandown,R2 1000m Hcap,2,260468750,52697034,8,Walter Spur,4,1.0,5.37,1.0,1.78
2026-07-29,Sandown,R2 1000m Hcap,2,260468750,72379780,1,Dreamzel,3,0.0,7.06,1.0,2.31
2026-07-29,Sandown,R2 1000m Hcap,2,260468750,101100968,7,Nordic Strike,1,0.0,3.96,1.0,1.61
2026-07-29,Sandown,R3 1500m Hcap,3,260468759,783934,9,Killenaule,5,0.0,9.6,1.0,3.35
2026-07-29,Sandown,R3 1500m Hcap,3,260468759,2515780,4,British Columbia,2,0.0,14.0,0.0,3.71
2026-07-29,Sandown,R3 1500m Hcap,3,260468759,6607708,2,Stay Silent,1,1.0,3.87,1.0,1.68
2026-07-29,Sandown,R3 1500m Hcap,3,260468759,64121560,3,Margies Boy,4,0.0,30.38,0.0,6.2
2026-07-29,Sandown,R3 1500m Hcap,3,260468759,95579713,6,Camp Cable,3,0.0,12.08,0.0,3.15
2026-07-29,Sandown,R4 1600m Hcap,4,260468768,6422825,1,Elsie May,4,0.0,40.31,0.0,6.6
2026-07-29,Sandown,R4 1600m Hcap,4,260468768,90252197,2,Eleanor Dumont,5,0.0,6.67,0.0,2.04
2026-07-29,Sandown,R4 1600m Hcap,4,260468768,98481587,7,Blue Willow,1,1.0,2.72,1.0,1.38
2026-07-29,Sandown,R4 1600m Hcap,4,260468768,101100971,4,Tempranillo,2,0.0,7.36,1.0,2.03
2026-07-29,Sandown,R4 1600m Hcap,4,260468768,101100973,6,Zeshadow,3,0.0,18.02,0.0,4.3
2026-07-29,Sandown,,5,260468777,2326621,2,Euphoric,2,,,,
2026-07-29,Sandown,R5 2400m Hcap,5,260468777,77082224,9,Foire De Trone,3,1.0,4.2,1.0,1.58
2026-07-29,Sandown,R5 2400m Hcap,5,260468777,92996726,10,Ant,4,0.0,7.2,0.0,2.38
2026-07-29,Sandown,R5 2400m Hcap,5,260468777,94135922,8,Empress Of The Sun,1,0.0,4.07,1.0,1.63
2026-07-29,Sandown,R5 2400m Hcap,5,260468777,98709520,3,Lightening Mann,5,0.0,7.8,0.0,2.3
2026-07-29,Sandown,R6 1600m Hcap,6,260468786,93206766,8,Licentious,4,0.0,11.02,0.0,2.82
2026-07-29,Sandown,R6 1600m Hcap,6,260468786,101100975,1,Censori,2,1.0,5.29,1.0,1.85
2026-07-29,Sandown,R6 1600m Hcap,6,260468786,101100976,3,Missapprehend,1,0.0,3.19,1.0,1.48
2026-07-29,Sandown,R6 1600m Hcap,6,260468786,101100979,6,Razanne,5,0.0,21.0,0.0,4.05
2026-07-29,Sandown,,6,260468786,101100980,7,Russian Duchess,3,,,,
2026-07-29,Sandown,R7 1400m 3yo,7,260468795,99951986,9,The Mean Fiddler,5,0.0,5.53,0.0,2.05
2026-07-29,Sandown,R7 1400m 3yo,7,260468795,101100983,2,Beechworth,3,0.0,14.5,0.0,3.76
2026-07-29,Sandown,R7 1400m 3yo,7,260468795,101100984,3,Magnetic Chess,4,0.0,19.0,0.0,4.5
2026-07-29,Sandown,R7 1400m 3yo,7,260468795,101100985,6,Godtfred Kirk,2,0.0,28.2,1.0,5.13
2026-07-29,Sandown,R7 1400m 3yo,7,260468795,101100988,14,Heres Matilda,1,1.0,2.36,1.0,1.38
2026-07-29,Sandown,R8 1800m Hcap,8,260468804,772262,9,Midnight Glow,5,0.0,22.0,0.0,4.58
2026-07-29,Sandown,R8 1800m Hcap,8,260468804,56939316,4,My Roca Fella,4,0.0,9.8,0.0,2.59
2026-07-29,Sandown,R8 1800m Hcap,8,260468804,83119181,8,Jenni You Think,1,0.0,4.8,1.0,2.02
2026-07-29,Sandown,R8 1800m Hcap,8,260468804,84659333,7,Tishman,3,0.0,7.25,0.0,2.71
2026-07-29,Sandown,R8 1800m Hcap,8,260468804,94352795,1,Taka Speed,2,0.0,6.0,1.0,1.95
2026-07-29,Strathalbyn,R1 1200m Mdn,1,260467896,96534067,3,Blazing Red,5,0.0,9.31,0.0,2.44
2026-07-29,Strathalbyn,R1 1200m Mdn,1,260467896,100693621,7,Electric Beel,3,0.0,40.84,0.0,9.0
2026-07-29,Strathalbyn,R1 1200m Mdn,1,260467896,101100566,2,Strong Minded,1,0.0,4.72,1.0,1.77
2026-07-29,Strathalbyn,R1 1200m Mdn,1,260467896,101100568,5,Khorasan,2,0.0,6.81,0.0,2.18
2026-07-29,Strathalbyn,R1 1200m Mdn,1,260467896,101100570,9,Mahaler,4,0.0,5.1,1.0,1.59
2026-07-29,Strathalbyn,R2 1600m Mdn,2,260467905,83868412,10,Or Am I,2,0.0,24.0,0.0,3.0
2026-07-29,Strathalbyn,R2 1600m Mdn,2,260467905,98882866,6,Winstons Pride,3,0.0,6.0,1.0,1.45
2026-07-29,Strathalbyn,R2 1600m Mdn,2,260467905,100631961,7,Extra Chill,4,0.0,20.11,0.0,3.12
2026-07-29,Strathalbyn,R2 1600m Mdn,2,260467905,101100573,4,Navy Rok,1,1.0,1.63,1.0,1.09
2026-07-29,Strathalbyn,R2 1600m Mdn,2,260467905,101100574,5,Sneaky Peaky,5,0.0,67.14,0.0,8.32
2026-07-29,Strathalbyn,R3 1350m 3yo,3,260467914,93826797,4,Impending Fury,3,0.0,9.75,0.0,2.78
2026-07-29,Strathalbyn,R3 1350m 3yo,3,260467914,99242091,8,Polar Eyes,1,0.0,2.66,0.0,1.33
2026-07-29,Strathalbyn,R3 1350m 3yo,3,260467914,100693619,5,Mr Vexatious,5,0.0,5.69,0.0,2.06
2026-07-29,Strathalbyn,R3 1350m 3yo,3,260467914,101100575,1,Caesours Tomb,4,0.0,95.0,0.0,15.5
2026-07-29,Strathalbyn,R3 1350m 3yo,3,260467914,101100578,7,Paringa,2,1.0,10.23,1.0,2.82
2026-07-29,Strathalbyn,R4 1100m CL1,4,260467923,87164839,6,Lady Zelda,2,0.0,7.29,1.0,2.4
2026-07-29,Strathalbyn,R4 1100m CL1,4,260467923,92390204,7,Splash Of White,5,0.0,95.0,0.0,23.88
2026-07-29,Strathalbyn,R4 1100m CL1,4,260467923,96912263,5,Dazelles,3,0.0,5.61,0.0,2.21
2026-07-29,Strathalbyn,R4 1100m CL1,4,260467923,101100581,2,Leading Impact,1,1.0,4.12,1.0,1.85
2026-07-29,Strathalbyn,R4 1100m CL1,4,260467923,101100582,4,Hes A Cool Cat,4,0.0,7.8,0.0,3.1
2026-07-29,Strathalbyn,R5 2050m Hcap,5,260467932,35819233,1,Magnetic Edge,2,0.0,11.5,0.0,3.1
2026-07-29,Strathalbyn,R5 2050m Hcap,5,260467932,58882526,2,Taupo Tiger,4,0.0,7.2,0.0,2.62
2026-07-29,Strathalbyn,R5 2050m Hcap,5,260467932,69420901,5,I Love This Song,5,0.0,11.0,0.0,3.35
2026-07-29,Strathalbyn,R5 2050m Hcap,5,260467932,72354487,4,Divine Fire,3,1.0,3.35,1.0,1.54
2026-07-29,Strathalbyn,R5 2050m Hcap,5,260467932,101100583,3,United Legend,1,0.0,12.5,0.0,3.75
2026-07-29,Strathalbyn,R6 1200m Hcap,6,260467941,2566832,11,Zenacity,5,1.0,12.83,1.0,3.45
2026-07-29,Strathalbyn,R6 1200m Hcap,6,260467941,5899552,2,No Mans Land,2,0.0,7.6,0.0,2.52
2026-07-29,Strathalbyn,R6 1200m Hcap,6,260467941,10080259,7,Live Forever,4,0.0,6.28,0.0,2.33
2026-07-29,Strathalbyn,R6 1200m Hcap,6,260467941,93206432,6,Kalosyni,1,0.0,7.4,0.0,2.84
2026-07-29,Strathalbyn,R6 1200m Hcap,6,260467941,99531626,10,Vexatious Choice,3,0.0,6.71,0.0,2.3
2026-07-29,Strathalbyn,R7 1600m Hcap,7,260467950,28101664,9,Easy Beast,5,0.0,11.5,0.0,3.83
2026-07-29,Strathalbyn,R7 1600m Hcap,7,260467950,85586665,1,Heroic Rebel,1,0.0,19.41,0.0,5.65
2026-07-29,Strathalbyn,R7 1600m Hcap,7,260467950,100693634,11,Black Bugatti,2,0.0,32.0,0.0,6.8
2026-07-29,Strathalbyn,R7 1600m Hcap,7,260467950,101100586,3,Full Commitment,4,1.0,4.0,1.0,1.88
2026-07-29,Strathalbyn,R7 1600m Hcap,7,260467950,101100587,12,Dodgy Element,3,0.0,44.0,0.0,9.2
2026-07-30,Bendigo,R1 1300m Mdn,1,260506686,99493448,1,Brilliant Bull Ant,5,0.0,26.0,0.0,5.06
2026-07-30,Bendigo,R1 1300m Mdn,1,260506686,101131072,3,Lollies Galore,2,0.0,7.0,0.0,2.48
2026-07-30,Bendigo,R1 1300m Mdn,1,260506686,101131073,5,Mr Sioux,1,0.0,17.98,1.0,5.74
2026-07-30,Bendigo,R1 1300m Mdn,1,260506686,101131074,8,Top Conti,3,0.0,5.82,0.0,2.18
2026-07-30,Bendigo,R1 1300m Mdn,1,260506686,101131076,12,Rockzino,4,0.0,9.0,1.0,2.72
2026-07-30,Bendigo,R2 1100m Mdn,2,260506694,5750719,2,Eyes Of Blue,3,0.0,2.68,0.0,1.4
2026-07-30,Bendigo,R2 1100m Mdn,2,260506694,90048847,3,He Xiangu,4,0.0,27.0,0.0,5.63
2026-07-30,Bendigo,R2 1100m Mdn,2,260506694,100749572,8,Shows No Shame,5,0.0,47.49,0.0,5.87
2026-07-30,Bendigo,R2 1100m Mdn,2,260506694,101131083,7,Shapenapit,1,1.0,2.72,1.0,1.26
2026-07-30,Bendigo,R2 1100m Mdn,2,260506694,101131084,9,Sumaluv,2,0.0,29.67,1.0,4.94
2026-07-30,Bendigo,R3 1000m Mdn,3,260506702,7011730,2,Challenging,2,0.0,21.02,0.0,4.2
2026-07-30,Bendigo,R3 1000m Mdn,3,260506702,91748101,6,Mysterious Master,3,0.0,9.34,0.0,2.76
2026-07-30,Bendigo,R3 1000m Mdn,3,260506702,93789079,4,Ironic Fortune,4,0.0,22.24,1.0,4.7
2026-07-30,Bendigo,R3 1000m Mdn,3,260506702,101131087,3,Glidingdeel,5,0.0,69.46,0.0,12.12
2026-07-30,Bendigo,R3 1000m Mdn,3,260506702,101131090,9,Shes Loaded,1,0.0,4.2,0.0,1.56
2026-07-30,Bendigo,R4 1400m Mdn,4,260506710,1507866,1,Kandinsky,1,1.0,2.88,1.0,1.46
2026-07-30,Bendigo,R4 1400m Mdn,4,260506710,2799828,10,Chancellor,3,0.0,12.0,0.0,2.98
2026-07-30,Bendigo,R4 1400m Mdn,4,260506710,86057896,8,Valda Warrior,5,0.0,116.83,0.0,18.02
2026-07-30,Bendigo,R4 1400m Mdn,4,260506710,101131095,3,Carry Trade,2,0.0,5.25,0.0,1.95
2026-07-30,Bendigo,R4 1400m Mdn,4,260506710,101131101,12,Quick Finish,4,0.0,6.4,0.0,2.52
2026-07-30,Bendigo,R5 1400m Hcap,5,260506718,88420253,12,Jenni Intiba,2,0.0,6.0,0.0,2.38
2026-07-30,Bendigo,R5 1400m Hcap,5,260506718,99242946,2,Dubai Dancer,5,0.0,17.65,1.0,5.54
2026-07-30,Bendigo,R5 1400m Hcap,5,260506718,101131103,6,Suze Spritz,3,0.0,16.35,0.0,4.0
2026-07-30,Bendigo,R5 1400m Hcap,5,260506718,101131105,9,Our Justify,1,0.0,3.52,1.0,1.58
2026-07-30,Bendigo,R5 1400m Hcap,5,260506718,101131106,11,Setheus,4,0.0,32.0,0.0,6.44
2026-07-30,Bendigo,R6 1000m Hcap,6,260506726,39868282,1,Da Nang Star,5,0.0,16.49,0.0,3.2
2026-07-30,Bendigo,R6 1000m Hcap,6,260506726,90009687,4,Edges Diamond,4,0.0,20.21,0.0,4.9
2026-07-30,Bendigo,R6 1000m Hcap,6,260506726,101131107,2,Scoobartie,2,0.0,2.13,1.0,1.21
2026-07-30,Bendigo,R6 1000m Hcap,6,260506726,101131108,3,Sea Trader,3,0.0,7.25,0.0,2.19
2026-07-30,Bendigo,R6 1000m Hcap,6,260506726,101131109,7,Semelle Rouge,1,1.0,34.0,1.0,5.79
2026-07-30,Bendigo,R7 1300m CL1,7,260506734,239436,3,Crypt,1,0.0,4.45,0.0,1.78
2026-07-30,Bendigo,R7 1300m CL1,7,260506734,71473962,1,Endless Summer,5,0.0,5.64,0.0,2.28
2026-07-30,Bendigo,R7 1300m CL1,7,260506734,99141867,9,Brroosha,4,0.0,92.66,0.0,17.3
2026-07-30,Bendigo,R7 1300m CL1,7,260506734,101131111,2,Is That All,2,0.0,6.4,0.0,2.39
2026-07-30,Bendigo,R7 1300m CL1,7,260506734,101131112,4,Foix,3,0.0,67.87,0.0,13.5
2026-07-30,Bendigo,R8 1600m Hcap,8,260506742,5529477,5,Placentia Bay,4,0.0,12.5,1.0,4.2
2026-07-30,Bendigo,R8 1600m Hcap,8,260506742,58138022,1,Deadly Press,1,0.0,5.1,0.0,1.88
2026-07-30,Bendigo,R8 1600m Hcap,8,260506742,96966085,2,Both Sides Now,2,0.0,4.42,0.0,2.0
2026-07-30,Bendigo,R8 1600m Hcap,8,260506742,99141858,6,Hawk Power,3,1.0,14.0,1.0,3.55
2026-07-30,Bendigo,R8 1600m Hcap,8,260506742,100164894,8,Baltic Blizzard,5,0.0,6.0,1.0,2.29
2026-07-30,Bunbury,R1 1000m Mdn,1,260507434,3615443,5,Modern Girl,3,1.0,2.14,1.0,1.23
2026-07-30,Bunbury,R1 1000m Mdn,1,260507434,78002246,4,Salve Regina,2,0.0,7.6,0.0,1.84
2026-07-30,Bunbury,R1 1000m Mdn,1,260507434,101102496,1,Dreamlord,1,0.0,19.73,0.0,3.7
2026-07-30,Bunbury,R1 1000m Mdn,1,260507434,101102499,6,Dreams Of Diamonds,5,0.0,12.0,1.0,2.6
2026-07-30,Bunbury,R1 1000m Mdn,1,260507434,101102503,11,Zinnie Can Run,4,0.0,13.5,0.0,3.18
2026-07-30,Bunbury,R2 1675m Mdn,2,260507438,81520204,2,Pembeton,1,0.0,29.0,0.0,5.0
2026-07-30,Bunbury,R2 1675m Mdn,2,260507438,91873339,10,Field Mistress,3,0.0,12.63,1.0,2.7
2026-07-30,Bunbury,R2 1675m Mdn,2,260507438,97886254,3,Rocking In Broome,5,0.0,11.15,0.0,2.9
2026-07-30,Bunbury,R2 1675m Mdn,2,260507438,101102505,4,Lets Take A Chance,2,1.0,2.03,1.0,1.24
2026-07-30,Bunbury,R2 1675m Mdn,2,260507438,101102507,8,Red Zed,4,0.0,28.84,0.0,6.6
2026-07-30,Bunbury,R3 1200m Mdn,3,260507442,92744600,1,Long Laugh,4,0.0,5.0,1.0,1.98
2026-07-30,Bunbury,R3 1200m Mdn,3,260507442,100632737,2,Oscars No Grouch,3,0.0,3.87,0.0,1.86
2026-07-30,Bunbury,R3 1200m Mdn,3,260507442,101102512,4,Dance Of Dragons,5,0.0,7.4,0.0,2.23
2026-07-30,Bunbury,R3 1200m Mdn,3,260507442,101102516,9,Sponge Cake,2,0.0,23.77,0.0,4.42
2026-07-30,Bunbury,R3 1200m Mdn,3,260507442,101102520,14,Spinarella,1,0.0,4.21,1.0,1.77
2026-07-30,Bunbury,R4 1400m Mdn,4,260507446,86277126,10,Kentucky Drive,2,0.0,5.13,0.0,2.09
2026-07-30,Bunbury,R4 1400m Mdn,4,260507446,90568972,3,Fortunate Spirit,4,0.0,5.72,0.0,2.13
2026-07-30,Bunbury,R4 1400m Mdn,4,260507446,92418393,11,Noneofyourbusiness,3,0.0,8.2,0.0,2.98
2026-07-30,Bunbury,R4 1400m Mdn,4,260507446,101102526,9,State Of Boom,1,0.0,12.0,0.0,4.2
2026-07-30,Bunbury,R4 1400m Mdn,4,260507446,101102528,15,Kutenai,5,0.0,14.5,0.0,5.7
2026-07-30,Bunbury,R5 1400m Mdn,5,260507450,89592598,3,Olaf The Snowman,3,1.0,10.0,1.0,3.0
2026-07-30,Bunbury,R5 1400m Mdn,5,260507450,100633664,1,Win For Buster,1,0.0,9.2,0.0,2.96
2026-07-30,Bunbury,R5 1400m Mdn,5,260507450,100633671,6,Bazaactly,4,0.0,6.4,1.0,2.22
2026-07-30,Bunbury,R5 1400m Mdn,5,260507450,101102529,4,Energetic,2,0.0,11.5,0.0,3.64
2026-07-30,Bunbury,R5 1400m Mdn,5,260507450,101102534,13,Cape Churchill,5,0.0,3.8,0.0,1.9
2026-07-30,Bunbury,R6 1100m CL3,6,260507454,5146047,4,Reconnaissance,3,0.0,13.39,0.0,3.8
2026-07-30,Bunbury,R6 1100m CL3,6,260507454,74745959,5,Surround Me,4,0.0,13.0,1.0,3.46
2026-07-30,Bunbury,R6 1100m CL3,6,260507454,87095543,7,Run Pattie Run,1,0.0,25.32,0.0,5.5
2026-07-30,Bunbury,R6 1100m CL3,6,260507454,87768997,11,Sunlit Fresco,5,0.0,11.51,0.0,3.3
2026-07-30,Bunbury,R6 1100m CL3,6,260507454,101102540,8,Cinque Stelle,2,1.0,4.8,1.0,2.14
2026-07-30,Bunbury,R7 1675m CL5,7,260507458,57047314,3,Uncle Gerard,5,0.0,8.07,0.0,2.9
2026-07-30,Bunbury,R7 1675m CL5,7,260507458,59085296,5,Bird On A Wire,4,0.0,11.0,0.0,3.5
2026-07-30,Bunbury,R7 1675m CL5,7,260507458,83080278,2,Sisu Spirit,3,1.0,9.97,1.0,3.23
2026-07-30,Bunbury,R7 1675m CL5,7,260507458,101102542,1,Our Mate Archie,2,0.0,5.81,1.0,2.22
2026-07-30,Bunbury,R7 1675m CL5,7,260507458,101102543,4,Acquired Taste,1,0.0,7.55,0.0,2.96
2026-07-30,Bunbury,R8 1400m CL1,8,260507462,6991587,9,Offshore,4,0.0,29.48,0.0,8.14
2026-07-30,Bunbury,R8 1400m CL1,8,260507462,80301158,11,Vergrey,2,0.0,33.25,0.0,10.5
2026-07-30,Bunbury,R8 1400m CL1,8,260507462,86276161,8,All Vital,3,0.0,41.6,0.0,9.2
2026-07-30,Bunbury,R8 1400m CL1,8,260507462,87379961,5,Buderim,5,0.0,5.8,1.0,2.24
2026-07-30,Bunbury,R8 1400m CL1,8,260507462,99207881,7,Miss Defies Me,1,0.0,8.6,0.0,3.22
2026-07-30,Gatton,R1 1100m 2yo,1,260506875,1533305,2,Armand,3,1.0,4.51,1.0,2.07
2026-07-30,Gatton,R1 1100m 2yo,1,260506875,101130982,3,Tuxedo Torpedo,5,0.0,19.49,0.0,4.2
2026-07-30,Gatton,R1 1100m 2yo,1,260506875,101130983,4,Anders Dream,1,0.0,5.7,0.0,1.84
2026-07-30,Gatton,R1 1100m 2yo,1,260506875,101130985,6,Finest,4,0.0,23.5,0.0,5.0
2026-07-30,Gatton,R1 1100m 2yo,1,260506875,101130988,9,Scarlet Woman,2,0.0,34.0,0.0,5.6
2026-07-30,Gatton,R2 860m Mdn,2,260506879,3000887,4,Excess Capital,4,0.0,11.5,0.0,2.32
2026-07-30,Gatton,R2 860m Mdn,2,260506879,73370863,3,Starward,3,1.0,2.78,1.0,1.34
2026-07-30,Gatton,R2 860m Mdn,2,260506879,97763276,1,Funky Cold Medina,2,0.0,5.0,1.0,1.71
2026-07-30,Gatton,,2,260506879,101130994,5,Miss Velcro,5,,,,
2026-07-30,Gatton,R2 860m Mdn,2,260506879,101130998,12,Aliza,1,0.0,6.89,0.0,1.88
2026-07-30,Gatton,R3 860m Hcap,3,260506883,63122452,4,Supidos Choice,1,0.0,32.0,0.0,5.63
2026-07-30,Gatton,R3 860m Hcap,3,260506883,92784381,10,Qickwit,2,0.0,25.0,0.0,3.69
2026-07-30,Gatton,R3 860m Hcap,3,260506883,92784381,10,Qickwit,5,0.0,25.0,0.0,3.69
2026-07-30,Gatton,R3 860m Hcap,3,260506883,100454168,5,Betterindanude,3,0.0,9.8,0.0,2.62
2026-07-30,Gatton,R3 860m Hcap,3,260506883,101131000,11,I Am Gone,4,1.0,3.3,1.0,1.64
2026-07-30,Gatton,R4 1600m Mdn,4,260506887,80640126,1,Brass Band,2,0.0,6.23,1.0,1.81
2026-07-30,Gatton,R4 1600m Mdn,4,260506887,88651173,2,Something Shiny,4,0.0,24.54,0.0,4.57
2026-07-30,Gatton,R4 1600m Mdn,4,260506887,99493010,12,Ready To Boil,3,0.0,28.0,0.0,5.2
2026-07-30,Gatton,R4 1600m Mdn,4,260506887,100164666,11,Tassorati,1,1.0,2.49,1.0,1.36
2026-07-30,Gatton,R4 1600m Mdn,4,260506887,101131002,9,Cirque De La Vie,5,0.0,3.89,0.0,1.4
2026-07-30,Gatton,R5 1100m Hcap,5,260506891,6430184,5,Lane Changer,2,0.0,29.97,0.0,9.32
2026-07-30,Gatton,R5 1100m Hcap,5,260506891,59383866,2,Aureate,1,0.0,5.5,0.0,1.88
2026-07-30,Gatton,R5 1100m Hcap,5,260506891,97242317,3,Zarippa,4,0.0,6.43,0.0,2.28
2026-07-30,Gatton,R5 1100m Hcap,5,260506891,101131005,1,Thunderous,5,1.0,4.27,1.0,1.95
2026-07-30,Gatton,R5 1100m Hcap,5,260506891,101131006,6,Time To Cry,3,0.0,6.81,0.0,2.16
2026-07-30,Gatton,R6 1100m Hcap,6,260506895,78231123,10,Darling Take Care,2,0.0,14.0,0.0,2.84
2026-07-30,Gatton,R6 1100m Hcap,6,260506895,88329847,4,Charlottes Here,1,0.0,4.39,0.0,1.61
2026-07-30,Gatton,R6 1100m Hcap,6,260506895,92784369,11,Quartershare,5,0.0,30.17,0.0,5.75
2026-07-30,Gatton,R6 1100m Hcap,6,260506895,93574140,9,Mishani Steller,3,0.0,29.47,0.0,5.9
2026-07-30,Gatton,R6 1100m Hcap,6,260506895,101131009,2,Russian Ripper,4,1.0,2.05,1.0,1.31
2026-07-30,Gatton,R7 1100m Hcap,7,260506899,36228729,2,Xerri,5,0.0,31.69,1.0,5.0
2026-07-30,Gatton,R7 1100m Hcap,7,260506899,75435184,3,Jemeldi,1,1.0,3.38,1.0,1.35
2026-07-30,Gatton,R7 1100m Hcap,7,260506899,83080263,10,The Rookie,4,0.0,10.0,1.0,2.47
2026-07-30,Gatton,R7 1100m Hcap,7,260506899,95540818,9,Star Venture,3,0.0,9.2,0.0,2.44
2026-07-30,Gatton,R7 1100m Hcap,7,260506899,98709140,1,Speedy One,2,0.0,2.81,0.0,1.47
2026-07-30,Gatton,R8 1400m Hcap,8,260506903,45875847,5,Everywhere,4,0.0,11.62,0.0,3.14
2026-07-30,Gatton,R8 1400m Hcap,8,260506903,51808321,9,Thief By Night,3,0.0,24.0,0.0,4.6
2026-07-30,Gatton,R8 1400m Hcap,8,260506903,95023455,2,Best Coffee,1,0.0,5.73,1.0,2.14
2026-07-30,Gatton,R8 1400m Hcap,8,260506903,96534399,4,King Cobama,5,1.0,7.91,1.0,2.91
2026-07-30,Gatton,R8 1400m Hcap,8,260506903,101131016,6,Brutal Lass,2,0.0,4.52,1.0,1.76
2026-07-30,Gatton,R9 1400m Hcap,9,260506907,72213684,4,Scruffy,4,0.0,4.0,1.0,1.69
2026-07-30,Gatton,R9 1400m Hcap,9,260506907,89748179,3,Picassos Dream,2,0.0,10.75,0.0,3.12
2026-07-30,Gatton,R9 1400m Hcap,9,260506907,95660304,10,Brave Emma,5,0.0,48.0,0.0,9.4
2026-07-30,Gatton,R9 1400m Hcap,9,260506907,101131017,1,Vacillation,1,1.0,3.47,1.0,1.66
2026-07-30,Gatton,R9 1400m Hcap,9,260506907,101131020,11,Invisible Target,3,0.0,6.01,1.0,2.63
2026-07-30,Illawarra Grange,R1 1200m Mdn,1,260546002,93022311,4,Lego Master,4,1.0,7.29,1.0,2.75
2026-07-30,Illawarra Grange,R1 1200m Mdn,1,260546002,93022311,4,Lego Master,5,1.0,7.29,1.0,2.75
2026-07-30,Illawarra Grange,R1 1200m Mdn,1,260546002,101131039,1,Written Doll,3,0.0,2.44,1.0,1.61
2026-07-30,Illawarra Grange,R1 1200m Mdn,1,260546002,101131040,2,Anthropoid,2,0.0,11.38,0.0,3.95
2026-07-30,Illawarra Grange,R1 1200m Mdn,1,260546002,101131042,6,Albert Palais,1,0.0,4.0,0.0,2.34
2026-07-30,Illawarra Grange,R2 1300m Mdn,2,260546005,6243374,5,The Agent,4,0.0,30.15,1.0,3.33
2026-07-30,Illawarra Grange,R2 1300m Mdn,2,260546005,94352250,8,Celestial Grace,3,0.0,7.48,0.0,1.46
2026-07-30,Illawarra Grange,R2 1300m Mdn,2,260546005,98517191,1,Clanwilliam,1,1.0,1.4,1.0,1.07
2026-07-30,Illawarra Grange,R2 1300m Mdn,2,260546005,100660627,2,Coral Cove,5,0.0,16.32,1.0,2.06
2026-07-30,Illawarra Grange,R2 1300m Mdn,2,260546005,101131045,9,Cool Ledger,2,0.0,20.51,0.0,2.49
2026-07-30,Illawarra Grange,R3 1150m 3yo,3,260546008,99919432,3,Isawyou,1,1.0,1.56,1.0,1.12
2026-07-30,Illawarra Grange,R3 1150m 3yo,3,260546008,99919435,8,Appin Opal,5,0.0,11.14,1.0,2.08
2026-07-30,Illawarra Grange,R3 1150m 3yo,3,260546008,101131048,4,Konigstein,2,0.0,44.0,0.0,7.82
2026-07-30,Illawarra Grange,R3 1150m 3yo,3,260546008,101131048,4,Konigstein,4,0.0,44.0,0.0,7.82
2026-07-30,Illawarra Grange,R3 1150m 3yo,3,260546008,101131051,9,Avon Calling,3,0.0,8.4,1.0,1.76
2026-07-30,Illawarra Grange,R4 1450m Mdn,4,260546011,94060310,8,Overshadow,5,1.0,3.45,1.0,1.5
2026-07-30,Illawarra Grange,R4 1450m Mdn,4,260546011,101131043,3,Creator Of World,1,0.0,2.46,1.0,1.21
2026-07-30,Illawarra Grange,R4 1450m Mdn,4,260546011,101131043,3,Creator Of World,2,0.0,2.46,1.0,1.21
2026-07-30,Illawarra Grange,R4 1450m Mdn,4,260546011,101131057,9,She Can Salsa,3,0.0,12.39,0.0,2.74
2026-07-30,Illawarra Grange,R4 1450m Mdn,4,260546011,101131058,11,Divine Heights,4,0.0,4.73,0.0,1.44
2026-07-30,Illawarra Grange,R5 1450m CL1,5,260546014,3638163,4,Skirmish,5,0.0,28.79,0.0,4.4
2026-07-30,Illawarra Grange,R5 1450m CL1,5,260546014,77688437,2,Cobra Club,1,1.0,3.35,1.0,1.82
2026-07-30,Illawarra Grange,R5 1450m CL1,5,260546014,84471374,7,Procean,3,0.0,14.87,0.0,4.1
2026-07-30,Illawarra Grange,R5 1450m CL1,5,260546014,84471374,7,Procean,4,0.0,14.87,0.0,4.1
2026-07-30,Illawarra Grange,R5 1450m CL1,5,260546014,95514250,6,Ouragan,2,0.0,6.6,1.0,1.8
2026-07-30,Illawarra Grange,R6 1150m CL1,6,260546017,13185351,1,Capture Me,1,1.0,1.48,1.0,1.08
2026-07-30,Illawarra Grange,R6 1150m CL1,6,260546017,87805680,5,Hard Jakka,4,0.0,25.76,0.0,2.24
2026-07-30,Illawarra Grange,R6 1150m CL1,6,260546017,94645471,7,Nafanua,2,0.0,16.59,1.0,2.08
2026-07-30,Illawarra Grange,R6 1150m CL1,6,260546017,101131063,2,Dubai Adventure,3,0.0,23.98,0.0,2.38
2026-07-30,Illawarra Grange,R6 1150m CL1,6,260546017,101131065,12,Piedi Veloci,5,0.0,104.77,0.0,11.84
2026-07-30,Illawarra Grange,R7 1200m Hcap,7,260546020,54138936,4,Heuristic,3,1.0,3.76,1.0,1.6
2026-07-30,Illawarra Grange,R7 1200m Hcap,7,260546020,59354747,5,Powder Man,2,0.0,22.58,0.0,5.16
2026-07-30,Illawarra Grange,R7 1200m Hcap,7,260546020,69201851,1,Cryptonic,5,0.0,10.72,1.0,3.46
2026-07-30,Illawarra Grange,R7 1200m Hcap,7,260546020,86854672,6,Sneaky Choice,1,0.0,6.27,0.0,2.45
2026-07-30,Illawarra Grange,R7 1200m Hcap,7,260546020,101131066,7,Denial,4,0.0,18.48,0.0,5.3
2026-07-30,Illawarra Grange,R8 1400m Hcap,8,260546023,6275423,6,Stallone,3,1.0,7.11,1.0,2.02
2026-07-30,Illawarra Grange,R8 1400m Hcap,8,260546023,43527741,9,All Machiavellian,4,0.0,12.09,0.0,4.1
2026-07-30,Illawarra Grange,R8 1400m Hcap,8,260546023,76612322,10,Channelling,5,0.0,73.09,0.0,14.0
2026-07-30,Illawarra Grange,R8 1400m Hcap,8,260546023,98517221,3,Three Arrows,1,0.0,4.0,1.0,1.6
2026-07-30,Illawarra Grange,R8 1400m Hcap,8,260546023,100454733,4,Fiftyfivechevy,2,0.0,4.2,0.0,1.63
2026-07-31,Carnarvon,R1 1200m Mdn,1,260543264,599565,1,Any Questions,2,0.0,10.75,0.0,2.64
2026-07-31,Carnarvon,R1 1200m Mdn,1,260543264,3325904,3,Ginger Fizz,4,0.0,44.66,0.0,5.8
2026-07-31,Carnarvon,R1 1200m Mdn,1,260543264,70323460,6,Costa Star,3,0.0,4.37,1.0,1.48
2026-07-31,Carnarvon,R1 1200m Mdn,1,260543264,77387227,7,Tango Rhythm,1,1.0,2.21,1.0,1.25
2026-07-31,Carnarvon,R1 1200m Mdn,1,260543264,99428276,2,The Sessione,5,0.0,11.48,0.0,2.24
2026-07-31,Carnarvon,R2 1400m Hcap,2,260543268,401330,6,Red Rebel,4,1.0,4.34,1.0,1.87
2026-07-31,Carnarvon,R2 1400m Hcap,2,260543268,35910787,2,Lacevinsky,3,0.0,13.5,0.0,4.4
2026-07-31,Carnarvon,R2 1400m Hcap,2,260543268,43015777,1,Corn Cob,1,0.0,6.49,1.0,2.52
2026-07-31,Carnarvon,R2 1400m Hcap,2,260543268,69097618,3,Devils I,2,0.0,2.08,0.0,1.43
2026-07-31,Carnarvon,R2 1400m Hcap,2,260543268,72444692,5,Passion Prince,5,0.0,262.97,0.0,75.0
2026-07-31,Carnarvon,R3 1600m CL1,3,260543272,534113,6,Blitz,5,0.0,32.0,0.0,4.9
2026-07-31,Carnarvon,R3 1600m CL1,3,260543272,2930958,8,Space Ace,2,0.0,15.0,1.0,3.15
2026-07-31,Carnarvon,R3 1600m CL1,3,260543272,59085298,7,Hot Nova,3,0.0,20.11,0.0,4.03
2026-07-31,Carnarvon,R3 1600m CL1,3,260543272,76660351,2,Swishgobango,4,0.0,14.64,0.0,3.4
2026-07-31,Carnarvon,R3 1600m CL1,3,260543272,93022598,1,Magic Carats,1,0.0,2.05,1.0,1.23
2026-07-31,Carnarvon,R4 1200m Hcap,4,260543276,43815928,1,Our Kiwi Princess,5,0.0,3.48,0.0,1.68
2026-07-31,Carnarvon,R4 1200m Hcap,4,260543276,52148677,3,Shooting Kontiki,1,0.0,2.46,1.0,1.53
2026-07-31,Carnarvon,R4 1200m Hcap,4,260543276,67788240,10,Smart Return,3,1.0,9.41,1.0,3.42
2026-07-31,Carnarvon,R4 1200m Hcap,4,260543276,71616818,6,Champeze,2,0.0,16.5,0.0,5.22
2026-07-31,Carnarvon,R4 1200m Hcap,4,260543276,74189714,2,Weapons Hot,4,0.0,9.41,0.0,2.93
2026-07-31,Carnarvon,R5 1200m Hcap,5,260543280,44389627,3,Keytrade,3,0.0,28.22,1.0,5.91
2026-07-31,Carnarvon,R5 1200m Hcap,5,260543280,71905367,4,Sunshine Tafe,1,0.0,15.12,0.0,5.09
2026-07-31,Carnarvon,R5 1200m Hcap,5,260543280,80678998,8,Hot Puddin,4,0.0,22.38,0.0,5.83
2026-07-31,Carnarvon,R5 1200m Hcap,5,260543280,81157210,1,Simply Rosso,2,0.0,7.12,1.0,2.22
2026-07-31,Carnarvon,R5 1200m Hcap,5,260543280,101131548,2,Mystery Minute,5,0.0,2.62,0.0,1.46
2026-07-31,Carnarvon,R6 1750m Hcap,6,260543284,1215246,9,Urban Warrior,4,0.0,90.0,0.0,13.5
2026-07-31,Carnarvon,R6 1750m Hcap,6,260543284,49040286,1,Tiffs Lad,2,0.0,22.62,0.0,5.38
2026-07-31,Carnarvon,R6 1750m Hcap,6,260543284,65732763,4,Dream Illusion,1,0.0,6.13,0.0,2.12
2026-07-31,Carnarvon,R6 1750m Hcap,6,260543284,69067964,2,Only Us,5,1.0,2.25,1.0,1.32
2026-07-31,Carnarvon,R6 1750m Hcap,6,260543284,74460236,10,Lordgivemestrength,3,0.0,49.45,0.0,9.2
2026-07-31,Carnarvon,R7 1400m Hcap,7,260543288,3761075,5,Western Impact,4,0.0,4.9,0.0,1.86
2026-07-31,Carnarvon,R7 1400m Hcap,7,260543288,44144406,2,Hard Questions,1,1.0,30.64,1.0,8.0
2026-07-31,Carnarvon,R7 1400m Hcap,7,260543288,72134154,10,Forbidden Apple,2,0.0,71.45,0.0,17.0
2026-07-31,Carnarvon,R7 1400m Hcap,7,260543288,82080437,4,Blowin Smoke,5,0.0,8.22,0.0,2.82
2026-07-31,Carnarvon,R7 1400m Hcap,7,260543288,85505671,8,Yes I Believe,3,0.0,5.79,1.0,2.37
2026-07-31,Geelong,R1 2400m Mdn,1,260542640,6260170,3,Inside Job,3,0.0,5.08,0.0,1.93
2026-07-31,Geelong,R1 2400m Mdn,1,260542640,74227058,1,Charlie Messy Hair,2,0.0,21.16,1.0,4.1
2026-07-31,Geelong,R1 2400m Mdn,1,260542640,89591564,6,Zikron,1,0.0,4.83,0.0,1.8
2026-07-31,Geelong,R1 2400m Mdn,1,260542640,97694318,9,Explain,4,0.0,6.4,0.0,2.16
2026-07-31,Geelong,R1 2400m Mdn,1,260542640,101163987,5,The Victorious,5,1.0,4.2,1.0,1.73
2026-07-31,Geelong,R2 1100m 2yo,2,260542648,3947456,4,Shah Jahan,1,1.0,5.4,1.0,1.92
2026-07-31,Geelong,R2 1100m 2yo,2,260542648,101163989,3,Mesley,5,0.0,19.23,0.0,4.3
2026-07-31,Geelong,R2 1100m 2yo,2,260542648,101163994,9,Fire In Your Heart,4,0.0,17.27,0.0,4.4
2026-07-31,Geelong,R2 1100m 2yo,2,260542648,101163995,13,Saintly Dancer,2,0.0,2.98,1.0,1.53
2026-07-31,Geelong,R2 1100m 2yo,2,260542648,101163996,14,Scorching Beauty,3,0.0,7.6,0.0,2.37
2026-07-31,Geelong,R3 1100m 2yo,3,260542656,218773,8,Flying Fury,2,1.0,26.43,1.0,5.1
2026-07-31,Geelong,R3 1100m 2yo,3,260542656,3085711,9,Isnt She Gorgeous,4,0.0,6.8,1.0,2.18
2026-07-31,Geelong,R3 1100m 2yo,3,260542656,95343833,5,Alabama Dance,3,0.0,9.6,1.0,2.66
2026-07-31,Geelong,R3 1100m 2yo,3,260542656,101164002,7,Eclair Blossom,5,0.0,21.0,0.0,4.7
2026-07-31,Geelong,R3 1100m 2yo,3,260542656,101164004,11,On Her Own,1,0.0,18.0,0.0,4.3
2026-07-31,Geelong,R4 1200m Mdn,4,260542664,95880055,5,Swift Statement,4,0.0,38.72,0.0,6.0
2026-07-31,Geelong,R4 1200m Mdn,4,260542664,101164010,8,Royal Duck,2,1.0,2.37,1.0,1.45
2026-07-31,Geelong,R4 1200m Mdn,4,260542664,101164012,11,Saint Fox,3,0.0,4.39,1.0,1.69
2026-07-31,Geelong,R4 1200m Mdn,4,260542664,101164013,12,Scarole,1,0.0,13.88,0.0,3.6
2026-07-31,Geelong,R4 1200m Mdn,4,260542664,101164017,16,Prince Iadora,5,0.0,12.92,0.0,3.79
2026-07-31,Geelong,R5 1700m Mdn,5,260542672,127854,5,Knucklehead,2,0.0,7.59,0.0,2.64
2026-07-31,Geelong,R5 1700m Mdn,5,260542672,87454220,7,Velvet City,5,0.0,38.0,0.0,9.4
2026-07-31,Geelong,R5 1700m Mdn,5,260542672,92996759,10,Ashina,1,0.0,12.5,0.0,3.99
2026-07-31,Geelong,,5,260542672,100993277,12,Only Opera,3,,,,
2026-07-31,Geelong,R5 1700m Mdn,5,260542672,101164022,15,La Reel Deal,4,0.0,17.23,0.0,5.0
2026-07-31,Geelong,R6 1700m Hcap,6,260542680,50740498,4,Amphactor,5,0.0,11.5,0.0,2.92
2026-07-31,Geelong,R6 1700m Hcap,6,260542680,51203424,9,Jackand,4,0.0,21.0,1.0,4.2
2026-07-31,Geelong,R6 1700m Hcap,6,260542680,68599397,12,Miss Trustful,3,0.0,9.45,0.0,2.84
2026-07-31,Geelong,R6 1700m Hcap,6,260542680,86099907,2,Omnic,1,0.0,3.52,1.0,1.58
2026-07-31,Geelong,R6 1700m Hcap,6,260542680,93207390,7,Charming Deel,2,1.0,2.76,1.0,1.39
2026-07-31,Geelong,R7 2400m Hcap,7,260542688,3281303,3,Winston,2,0.0,6.4,1.0,2.47
2026-07-31,Geelong,R7 2400m Hcap,7,260542688,48426527,6,Staunch,1,0.0,4.91,0.0,1.87
2026-07-31,Geelong,R7 2400m Hcap,7,260542688,54174952,5,Matthew Mark,4,0.0,12.12,0.0,3.4
2026-07-31,Geelong,R7 2400m Hcap,7,260542688,97984969,9,Thunderbolt Way,5,1.0,30.0,1.0,6.58
2026-07-31,Geelong,R7 2400m Hcap,7,260542688,98959990,2,Silver Pledge,3,0.0,3.72,0.0,1.49
2026-07-31,Geelong,R8 1200m Hcap,8,260542696,5855292,12,The Opportunist,1,0.0,6.9,0.0,2.19
2026-07-31,Geelong,R8 1200m Hcap,8,260542696,6846495,4,Colt Forty Five,5,0.0,2.88,1.0,1.52
2026-07-31,Geelong,R8 1200m Hcap,8,260542696,49117544,5,Headstock,3,0.0,11.1,0.0,2.52
2026-07-31,Geelong,R8 1200m Hcap,8,260542696,91748158,11,Ranakye,2,0.0,25.18,0.0,5.41
2026-07-31,Geelong,R8 1200m Hcap,8,260542696,99172008,8,Immortal Triumph,4,1.0,4.5,1.0,1.9
2026-07-31,Geelong,R9 1200m Hcap,9,260542704,28410498,4,Somersault,1,0.0,2.82,0.0,1.5
2026-07-31,Geelong,R9 1200m Hcap,9,260542704,73221213,13,Thats All Good,5,1.0,17.28,1.0,3.88
2026-07-31,Geelong,R9 1200m Hcap,9,260542704,78535705,12,Tuxedo Miss,3,0.0,22.54,1.0,4.5
2026-07-31,Geelong,R9 1200m Hcap,9,260542704,95228140,5,Cosmic Grace,4,0.0,5.29,0.0,2.18
2026-07-31,Geelong,R9 1200m Hcap,9,260542704,98771982,1,Ania,2,0.0,9.0,0.0,2.61
2026-07-31,Port Macquarie,R1 1006m Mdn,1,260541786,71145463,7,Fratianno,1,0.0,9.63,1.0,2.18
2026-07-31,Port Macquarie,R1 1006m Mdn,1,260541786,101163264,1,Cubis Gold,3,0.0,170.0,0.0,19.5
2026-07-31,Port Macquarie,R1 1006m Mdn,1,260541786,101163265,2,Cheating Lilibet,4,0.0,6.4,0.0,2.12
2026-07-31,Port Macquarie,R1 1006m Mdn,1,260541786,101163269,8,Atadcheeky,5,0.0,60.05,0.0,8.0
2026-07-31,Port Macquarie,R1 1006m Mdn,1,260541786,101163272,11,Miss Trump,2,1.0,2.22,1.0,1.59
2026-07-31,Port Macquarie,R2 1812m CL1,2,260541789,2368920,5,Dark Justice,1,0.0,3.63,1.0,1.73
2026-07-31,Port Macquarie,R2 1812m CL1,2,260541789,46627034,9,Mamma Mia,5,1.0,9.42,1.0,2.26
2026-07-31,Port Macquarie,R2 1812m CL1,2,260541789,97480401,8,Grand Voile,4,0.0,14.0,0.0,2.63
2026-07-31,Port Macquarie,R2 1812m CL1,2,260541789,100292607,4,Bridego,3,0.0,3.81,1.0,1.5
2026-07-31,Port Macquarie,R2 1812m CL1,2,260541789,101163274,3,Bonjour Bill,2,0.0,4.6,0.0,1.7
2026-07-31,Port Macquarie,R3 1509m Mdn,3,260541792,97918642,11,What A Gent,2,0.0,4.64,1.0,1.78
2026-07-31,Port Macquarie,R3 1509m Mdn,3,260541792,100019112,4,Antonucci,5,0.0,12.66,1.0,2.48
2026-07-31,Port Macquarie,R3 1509m Mdn,3,260541792,100486095,3,Habib Albi,4,0.0,10.21,0.0,2.82
2026-07-31,Port Macquarie,R3 1509m Mdn,3,260541792,101163277,1,Kharif,1,1.0,2.38,1.0,1.31
2026-07-31,Port Macquarie,R3 1509m Mdn,3,260541792,101163280,7,Kiwi Harmony,3,0.0,6.96,0.0,1.95
2026-07-31,Port Macquarie,R4 1206m Mdn,4,260541795,6232205,1,Bobby,2,0.0,15.04,1.0,2.41
2026-07-31,Port Macquarie,R4 1206m Mdn,4,260541795,96413997,2,Canal,1,1.0,1.51,1.0,1.1
2026-07-31,Port Macquarie,,4,260541795,101163284,8,Jwala,4,,,,
2026-07-31,Port Macquarie,R4 1206m Mdn,4,260541795,101163285,10,Parkers Paradise,3,0.0,10.08,0.0,1.67
2026-07-31,Port Macquarie,R4 1206m Mdn,4,260541795,101163286,11,Truly Graphic,5,0.0,15.18,1.0,2.33
2026-07-31,Port Macquarie,R5 1206m CL1,5,260541798,1495875,1,Sculptor,1,0.0,54.2,0.0,6.72
2026-07-31,Port Macquarie,R5 1206m CL1,5,260541798,85542182,8,I Am Steffi,4,1.0,2.28,1.0,1.41
2026-07-31,Port Macquarie,R5 1206m CL1,5,260541798,91872194,6,Dirty Does It,3,0.0,7.44,1.0,1.92
2026-07-31,Port Macquarie,R5 1206m CL1,5,260541798,92207707,4,Explosive Tycoon,5,0.0,32.0,0.0,4.38
2026-07-31,Port Macquarie,R5 1206m CL1,5,260541798,101163290,2,Farnished,2,0.0,5.19,1.0,2.0
2026-07-31,Port Macquarie,R6 1006m Hcap,6,260541801,68673908,13,Typhoon Neta,3,0.0,72.52,0.0,8.76
2026-07-31,Port Macquarie,R6 1006m Hcap,6,260541801,69389956,6,Octavian Treasure,2,0.0,42.0,0.0,6.2
2026-07-31,Port Macquarie,R6 1006m Hcap,6,260541801,76052400,7,Magnolia Jewel,5,0.0,34.0,0.0,5.84
2026-07-31,Port Macquarie,R6 1006m Hcap,6,260541801,101163295,2,Aeternum,1,0.0,3.5,0.0,1.92
2026-07-31,Port Macquarie,R7 1206m Hcap,7,260541804,52936254,2,Bjorn Ironside,2,0.0,16.5,0.0,4.13
2026-07-31,Port Macquarie,R7 1206m Hcap,7,260541804,64367317,8,The Lupercal,1,0.0,10.92,1.0,3.2
2026-07-31,Port Macquarie,R7 1206m Hcap,7,260541804,89669372,11,Take The Jackpot,5,0.0,13.71,0.0,3.45
2026-07-31,Port Macquarie,R7 1206m Hcap,7,260541804,101163300,6,Tryanza,3,0.0,9.8,0.0,3.23
2026-07-31,Port Macquarie,R7 1206m Hcap,7,260541804,101163301,13,Fancy Shoulder,4,1.0,4.75,1.0,1.98
2026-07-31,Port Macquarie,R8 1509m Hcap,8,260541807,4805170,4,Surpasser,1,0.0,20.0,1.0,4.8
2026-07-31,Port Macquarie,R8 1509m Hcap,8,260541807,4805170,4,Surpasser,4,0.0,20.0,1.0,4.8
2026-07-31,Port Macquarie,R8 1509m Hcap,8,260541807,42010719,3,Bonus Tempus,3,0.0,14.0,0.0,3.25
2026-07-31,Port Macquarie,R8 1509m Hcap,8,260541807,66331410,9,Yorikiri,2,0.0,15.5,0.0,3.58
2026-07-31,Port Macquarie,R8 1509m Hcap,8,260541807,79562613,10,Moana Gold,5,1.0,2.17,1.0,1.54
2026-07-31,Rockhampton,R1 1200m 2yo,1,260544765,5252837,4,Avgas,2,0.0,3.0,0.0,
2026-07-31,Rockhampton,R1 1200m 2yo,1,260544765,5252837,4,Avgas,4,0.0,3.0,0.0,
2026-07-31,Rockhampton,R1 1200m 2yo,1,260544765,101163009,2,Jungle Rhythm,1,1.0,3.5,0.0,
2026-07-31,Rockhampton,R1 1200m 2yo,1,260544765,101163010,3,Doubtwilly,3,0.0,3.25,0.0,
2026-07-31,Rockhampton,R2 1050m 2yo,2,260544769,99731330,11,Power Of Angeline,5,0.0,40.0,1.0,4.8
2026-07-31,Rockhampton,R2 1050m 2yo,2,260544769,100693161,10,Balkan Melody,4,0.0,6.4,0.0,1.61
2026-07-31,Rockhampton,R2 1050m 2yo,2,260544769,101163014,4,In Three Dee,1,0.0,2.14,0.0,1.36
2026-07-31,Rockhampton,R2 1050m 2yo,2,260544769,101163017,7,Glens Hen,3,0.0,110.0,0.0,11.5
2026-07-31,Rockhampton,R2 1050m 2yo,2,260544769,101163020,12,Anders Kiss,2,1.0,28.0,1.0,3.75
2026-07-31,Rockhampton,R3 1400m Mdn,3,260544773,91748014,5,Cash Pit,5,0.0,14.72,0.0,3.35
2026-07-31,Rockhampton,R3 1400m Mdn,3,260544773,91807742,7,Mr Democrat,3,1.0,5.23,1.0,1.95
2026-07-31,Rockhampton,R3 1400m Mdn,3,260544773,99770531,4,Bestov,4,0.0,55.0,0.0,7.32
2026-07-31,Rockhampton,R3 1400m Mdn,3,260544773,99982878,1,All Banged Up,1,0.0,3.08,1.0,1.39
2026-07-31,Rockhampton,R3 1400m Mdn,3,260544773,101163021,6,Check One Two,2,0.0,8.67,0.0,2.28
2026-07-31,Rockhampton,R4 1050m Hcap,4,260544777,4225009,2,Italian Dancer,5,1.0,4.7,1.0,2.29
2026-07-31,Rockhampton,R4 1050m Hcap,4,260544777,84471659,6,Idhana,1,0.0,10.89,1.0,4.0
2026-07-31,Rockhampton,R4 1050m Hcap,4,260544777,87856734,3,Krackacan,3,0.0,3.78,0.0,2.28
2026-07-31,Rockhampton,R4 1050m Hcap,4,260544777,97448971,4,Cryoseisms,4,0.0,3.29,0.0,1.67
2026-07-31,Rockhampton,R4 1050m Hcap,4,260544777,100019322,5,Guac On,2,0.0,8.34,0.0,3.75
2026-07-31,Rockhampton,R5 1200m Hcap,5,260544781,908188,1,Bold As Brass,1,0.0,4.02,0.0,1.65
2026-07-31,Rockhampton,R5 1200m Hcap,5,260544781,84982106,9,Spitzberg,2,1.0,6.6,1.0,1.83
2026-07-31,Rockhampton,R5 1200m Hcap,5,260544781,92390310,4,Resolute Lady,3,0.0,10.56,0.0,2.74
2026-07-31,Rockhampton,R5 1200m Hcap,5,260544781,101163022,6,Luxor Prince,4,0.0,3.6,1.0,1.41
2026-07-31,Rockhampton,R5 1200m Hcap,5,260544781,101163022,6,Luxor Prince,5,0.0,3.6,1.0,1.41
2026-07-31,Rockhampton,R6 1200m 3yo,6,260544785,81602204,2,Bitter Spirit,3,0.0,15.67,0.0,3.37
2026-07-31,Rockhampton,R6 1200m 3yo,6,260544785,82018506,1,Thee Creek,4,0.0,11.5,1.0,3.31
2026-07-31,Rockhampton,R6 1200m 3yo,6,260544785,88419299,4,I Can Help,1,0.0,3.3,0.0,1.72
2026-07-31,Rockhampton,R6 1200m 3yo,6,260544785,90009265,6,Next Legacy,5,0.0,55.0,0.0,9.0
2026-07-31,Rockhampton,R6 1200m 3yo,6,260544785,100721537,3,Miss Funny Honey,2,1.0,7.2,1.0,2.1
2026-07-31,Rockhampton,R7 1200m Hcap,7,260544789,37290508,3,Roll Up,3,0.0,20.04,0.0,5.27
2026-07-31,Rockhampton,R7 1200m Hcap,7,260544789,42351643,9,Heroic Miss,4,0.0,17.5,0.0,4.68
2026-07-31,Rockhampton,R7 1200m Hcap,7,260544789,53184066,1,Heartoni,1,1.0,2.83,1.0,1.56
2026-07-31,Rockhampton,R7 1200m Hcap,7,260544789,54174281,4,Track Tale,2,0.0,11.46,1.0,3.15
2026-07-31,Rockhampton,R7 1200m Hcap,7,260544789,78230201,2,Red Hot Lizzie,5,0.0,4.37,0.0,1.69
2026-07-31,Rockhampton,R8 1400m Hcap,8,260544793,4517653,6,All Business,5,0.0,320.0,0.0,34.0
2026-07-31,Rockhampton,R8 1400m Hcap,8,260544793,45119872,1,Nightstick,1,0.0,14.0,0.0,3.2
2026-07-31,Rockhampton,R8 1400m Hcap,8,260544793,82153888,4,Got Gumption,4,1.0,15.54,1.0,3.38
2026-07-31,Rockhampton,R8 1400m Hcap,8,260544793,84982105,3,Ask Me Mate,2,0.0,1.74,1.0,1.22
2026-07-31,Rockhampton,R8 1400m Hcap,8,260544793,101163023,8,Hou Long Gwai,3,0.0,9.5,0.0,2.52
2026-07-31,Scone,R1 1100m Mdn,1,260545978,82818906,9,Puffin,2,0.0,28.06,0.0,3.9
2026-07-31,Scone,R1 1100m Mdn,1,260545978,95879595,2,Foolish Notion,5,0.0,12.28,0.0,2.22
2026-07-31,Scone,R1 1100m Mdn,1,260545978,98735036,4,Lifes Turns,3,0.0,60.0,1.0,5.0
2026-07-31,Scone,R1 1100m Mdn,1,260545978,101163122,7,Sedduke,4,0.0,50.14,1.0,7.48
2026-07-31,Scone,R1 1100m Mdn,1,260545978,101163123,8,First Embrace,1,0.0,1.79,0.0,1.35
2026-07-31,Scone,R2 900m Mdn,2,260545981,472981,1,Excels,1,0.0,2.2,0.0,1.18
2026-07-31,Scone,R2 900m Mdn,2,260545981,6897185,2,On Report,3,0.0,237.37,0.0,13.0
2026-07-31,Scone,R2 900m Mdn,2,260545981,101163129,7,Public Safety,2,0.0,5.42,1.0,1.49
2026-07-31,Scone,R2 900m Mdn,2,260545981,101163132,10,Already Blue,5,0.0,154.92,0.0,14.5
2026-07-31,Scone,R2 900m Mdn,2,260545981,101163133,11,Cyclone Jaz,4,1.0,18.65,1.0,2.7
2026-07-31,Scone,R3 1000m Hcap,3,260545984,63859393,9,Sir Freddie,4,0.0,330.37,0.0,32.0
2026-07-31,Scone,R3 1000m Hcap,3,260545984,69675400,1,Nevermista,3,0.0,6.2,1.0,1.65
2026-07-31,Scone,R3 1000m Hcap,3,260545984,78781266,4,Sapphire Kiss,2,0.0,43.25,0.0,5.59
2026-07-31,Scone,R3 1000m Hcap,3,260545984,100454067,6,Yes To Infinity,1,1.0,1.76,1.0,1.27
2026-07-31,Scone,R3 1000m Hcap,3,260545984,101163134,5,Perfect Force,5,0.0,6.74,0.0,1.64
2026-07-31,Scone,R4 1300m Mdn,4,260545987,49739348,8,Courthezon,1,1.0,2.57,1.0,1.25
2026-07-31,Scone,R4 1300m Mdn,4,260545987,101163135,2,High Grade,2,0.0,13.0,0.0,4.1
2026-07-31,Scone,R4 1300m Mdn,4,260545987,101163137,9,Fawlty Affairs,4,0.0,22.0,0.0,3.12
2026-07-31,Scone,R4 1300m Mdn,4,260545987,101163138,10,Feuron,3,0.0,3.65,0.0,1.57
2026-07-31,Scone,R4 1300m Mdn,4,260545987,101163141,13,Lawless Belle,5,0.0,80.0,1.0,8.37
2026-07-31,Scone,R5 1200m Hcap,5,260545990,51032645,2,Master Gee,1,0.0,24.0,0.0,4.76
2026-07-31,Scone,R5 1200m Hcap,5,260545990,55165254,5,Need A Miracle,4,1.0,11.14,1.0,3.56
2026-07-31,Scone,R5 1200m Hcap,5,260545990,63083967,6,Simply Better,5,0.0,21.0,0.0,5.0
2026-07-31,Scone,R5 1200m Hcap,5,260545990,69932107,1,Ensign Parker,3,0.0,16.5,1.0,4.36
2026-07-31,Scone,R5 1200m Hcap,5,260545990,95620760,7,Oakfield Universe,2,0.0,11.69,0.0,3.86
2026-07-31,Scone,R6 1600m CL1,6,260545993,4020006,14,Magic Merlin,5,0.0,22.0,0.0,2.82
2026-07-31,Scone,R6 1600m CL1,6,260545993,4662084,7,Tsarevich,4,0.0,30.44,0.0,4.22
2026-07-31,Scone,R6 1600m CL1,6,260545993,93827424,6,Tacitly,1,0.0,1.58,1.0,1.08
2026-07-31,Scone,R6 1600m CL1,6,260545993,101163158,8,Valedor,2,1.0,5.0,1.0,1.44
2026-07-31,Scone,R6 1600m CL1,6,260545993,101163159,11,Kowloon Magnate,3,0.0,38.5,1.0,7.2
2026-07-31,Scone,R7 1700m Hcap,7,260545996,63893748,4,Sebilla,5,0.0,9.0,1.0,1.83
2026-07-31,Scone,R7 1700m Hcap,7,260545996,65022974,5,Wolf Club,1,0.0,22.0,1.0,4.4
2026-07-31,Scone,R7 1700m Hcap,7,260545996,83118635,2,Ballinderry Sal,3,0.0,26.0,0.0,3.82
2026-07-31,Scone,R7 1700m Hcap,7,260545996,86854657,3,Feazabeel,2,0.0,2.83,1.0,1.23
2026-07-31,Scone,R7 1700m Hcap,7,260545996,101163162,6,Ocean Tsunami,4,1.0,2.58,1.0,1.28
2026-07-31,Scone,R8 1300m CL2,8,260545999,2379731,12,Reprisal,2,0.0,33.21,0.0,6.43
2026-07-31,Scone,R8 1300m CL2,8,260545999,64642378,5,Lyon,5,0.0,3.43,1.0,1.43
2026-07-31,Scone,R8 1300m CL2,8,260545999,76430797,6,Quick Sharp,4,0.0,14.71,0.0,3.24
2026-07-31,Scone,R8 1300m CL2,8,260545999,82376396,2,Bolt Away Now,1,0.0,9.2,0.0,3.05
2026-07-31,Scone,R8 1300m CL2,8,260545999,86933927,1,King Jerry,3,1.0,2.7,1.0,1.53
2026-07-31,Wangaratta,R1 2000m Mdn,1,260542712,83605148,4,Harry Caviar,4,1.0,13.27,1.0,2.04
2026-07-31,Wangaratta,R1 2000m Mdn,1,260542712,99493460,11,Shezous,5,0.0,34.2,0.0,5.3
2026-07-31,Wangaratta,R1 2000m Mdn,1,260542712,101163849,6,Maranoa Boy,2,0.0,15.93,0.0,3.0
2026-07-31,Wangaratta,R1 2000m Mdn,1,260542712,101163850,7,Meka Vibe,3,0.0,9.07,0.0,1.89
2026-07-31,Wangaratta,R1 2000m Mdn,1,260542712,101163851,8,Mission Taichi,1,0.0,1.58,1.0,1.09
2026-07-31,Wangaratta,R2 1170m Mdn,2,260542719,99531777,6,The Archer,3,0.0,15.5,0.0,3.05
2026-07-31,Wangaratta,R2 1170m Mdn,2,260542719,100721715,2,Cries And Whispers,2,0.0,2.7,1.0,1.34
2026-07-31,Wangaratta,,2,260542719,101163852,3,Duel Missile,4,,,,
2026-07-31,Wangaratta,R2 1170m Mdn,2,260542719,101163853,5,Rakiynn,5,0.0,11.33,0.0,2.54
2026-07-31,Wangaratta,R2 1170m Mdn,2,260542719,101163858,13,Independant Lad,1,0.0,3.63,1.0,1.49
2026-07-31,Wangaratta,R3 1000m Mdn,3,260542726,101163862,3,Frosted Amber,1,0.0,17.5,0.0,3.65
2026-07-31,Wangaratta,R3 1000m Mdn,3,260542726,101163871,14,Woosh,4,0.0,7.8,0.0,2.44
2026-07-31,Wangaratta,R3 1000m Mdn,3,260542726,101163873,17,Lightwatch,3,0.0,2.86,0.0,1.59
2026-07-31,Wangaratta,R3 1000m Mdn,3,260542726,101163874,18,Russian Sky,2,1.0,14.0,1.0,3.35
2026-07-31,Wangaratta,R3 1000m Mdn,3,260542726,101163875,19,Kensington City,5,0.0,34.0,0.0,5.66
2026-07-31,Wangaratta,R4 1400m Mdn,4,260542733,3462773,8,Come Dancing,3,0.0,19.0,0.0,3.53
2026-07-31,Wangaratta,R4 1400m Mdn,4,260542733,90048731,12,Ravens Glow,1,0.0,2.36,1.0,1.24
2026-07-31,Wangaratta,R4 1400m Mdn,4,260542733,101163877,1,All Too Swift,2,0.0,21.0,0.0,3.58
2026-07-31,Wangaratta,R4 1400m Mdn,4,260542733,101163879,3,Narilao,5,1.0,2.9,1.0,1.32
2026-07-31,Wangaratta,R4 1400m Mdn,4,260542733,101163884,14,Lady Of Kildare,4,0.0,12.0,0.0,2.98
2026-07-31,Wangaratta,R5 1400m Hcap,5,260542740,1085729,2,Torn,2,0.0,6.24,1.0,2.12
2026-07-31,Wangaratta,R5 1400m Hcap,5,260542740,75434945,6,True Prophet,5,0.0,10.0,1.0,2.66
2026-07-31,Wangaratta,R5 1400m Hcap,5,260542740,79767639,3,Clinger,4,0.0,12.95,0.0,3.62
2026-07-31,Wangaratta,R5 1400m Hcap,5,260542740,101163887,4,Pick A Symphony,1,0.0,2.19,0.0,1.29
2026-07-31,Wangaratta,R5 1400m Hcap,5,260542740,101163888,5,Kings Taj,3,0.0,34.21,0.0,5.9
2026-07-31,Wangaratta,R6 1590m Hcap,6,260542747,702146,5,Lightning Flash,3,0.0,3.72,0.0,1.79
2026-07-31,Wangaratta,R6 1590m Hcap,6,260542747,2058958,1,Star Blazer,5,0.0,16.0,0.0,4.1
2026-07-31,Wangaratta,R6 1590m Hcap,6,260542747,10886277,2,Forrest Gump,2,0.0,3.92,0.0,1.63
2026-07-31,Wangaratta,R6 1590m Hcap,6,260542747,15934932,9,Moscow Red,4,0.0,27.96,0.0,6.4
2026-07-31,Wangaratta,R6 1590m Hcap,6,260542747,69902299,3,Great Prosperity,1,0.0,6.6,1.0,2.04
2026-07-31,Wangaratta,R7 1000m Hcap,7,260542754,57411337,5,Sheila,4,0.0,29.0,0.0,5.52
2026-07-31,Wangaratta,R7 1000m Hcap,7,260542754,64575060,3,Ravens Silver,1,0.0,2.04,1.0,1.29
2026-07-31,Wangaratta,R7 1000m Hcap,7,260542754,72680041,7,Diamond Indaruf,2,0.0,13.5,1.0,3.51
2026-07-31,Wangaratta,R7 1000m Hcap,7,260542754,87496318,12,Lauras Gold,5,0.0,15.98,0.0,3.39
2026-07-31,Wangaratta,R7 1000m Hcap,7,260542754,92703314,6,Smash Blue,3,0.0,14.88,0.0,3.25
2026-07-31,Wangaratta,R8 1170m Hcap,8,260542761,44758449,1,Mojo Music,1,0.0,14.76,0.0,4.41
2026-07-31,Wangaratta,R8 1170m Hcap,8,260542761,60038125,8,Stellar Mofeed,2,0.0,4.31,0.0,1.93
2026-07-31,Wangaratta,R8 1170m Hcap,8,260542761,66032740,12,Reasonable Point,4,0.0,11.96,0.0,4.0
2026-07-31,Wangaratta,R8 1170m Hcap,8,260542761,101163895,4,Forever With Ned,3,0.0,7.52,0.0,3.35
2026-07-31,Wangaratta,R8 1170m Hcap,8,260542761,101163896,5,Shellys Legacy,5,0.0,6.98,1.0,2.81
